also_appears_in,asin,batch_number,category,disponibilidad_mx,disponibilidad_usa,error_verificacion_mx,error_verificacion_usa,extracted_at,fecha_verificacion_mx,fecha_verificacion_usa,precio_actual_mx,precio_actual_usd,price,title,url_mx,url_usa,vendedor_actual_mx,vendedor_actual_usa
,B0B1WH111Q,5,Hogar y Cocina,disponible,no disponible,,,2025-10-19T03:19:00.399Z,2025-10-21T02:38:17.374Z,2025-10-28T04:24:58.275Z,537.11,,$515.13,"Bloques de cedro para almacenamiento de ropa, paquete de 50, anillos y bolas de cedro aromáticos 100% naturales para armarios y cajones ambientador (30 anillos y 20 bolas)",https://www.amazon.com.mx/dp/B0B1WH111Q,https://www.amazon.com/dp/B0B1WH111Q,BİLGİ LTD,
,B0D2QYPFW1,5,Hogar y Cocina,disponible,disponible,,,2025-10-19T03:19:00.400Z,2025-10-21T02:38:29.030Z,2025-10-28T04:25:05.442Z,2199,69.99,"$2,446.51","PETKABOO - Zapatero con cojín, Zapatero para Entrada de Puerta Delantera, Banco de Zapatos con Almacenamiento para Entrada, Pasillo, recámara, Sala de Estar",https://www.amazon.com.mx/dp/B0D2QYPFW1,https://www.amazon.com/dp/B0D2QYPFW1,Planeta Verde,Point Sourcing-US
,B0CQR2653W,5,Hogar y Cocina,disponible,no disponible,,,2025-10-19T03:19:00.400Z,2025-10-21T02:38:36.488Z,2025-10-28T04:25:13.520Z,1622.39,,"$1,650.26","2 cubos de soporte de registro, estante de almacenamiento para muebles, apilable, 80-110 vinilo, caja de almacenamiento, cubeta organizador de madera natural",https://www.amazon.com.mx/dp/B0CQR2653W,https://www.amazon.com/dp/B0CQR2653W,HNEN,
,B0BTT5F14N,5,Hogar y Cocina,disponible,no disponible,,,2025-10-19T03:19:00.400Z,2025-10-21T02:38:45.512Z,2025-10-28T04:25:20.639Z,741.87,,$741.87,"Cosy Family - Paquete de 4 bolsas de mudanza extra grandes resistentes con correas para mochila, asas fuertes y cremalleras, bolsas de almacenamiento para ahorrar espacio, plegables, alternativas a la",https://www.amazon.com.mx/dp/B0BTT5F14N,https://www.amazon.com/dp/B0BTT5F14N,SRKSB LLC,
,B0CQJYF6SB,5,Hogar y Cocina,disponible,no disponible,,,2025-10-19T03:19:00.400Z,2025-10-21T02:38:52.455Z,2025-10-28T04:25:28.279Z,1372.07,,"$1,379.56","Cozivolife - Perchero para niños con caja de almacenamiento, soporte de vestir, soporte para ropa infantil con varillas colgantes, pequeño y plegable, bambú (natural)",https://www.amazon.com.mx/dp/B0CQJYF6SB,https://www.amazon.com/dp/B0CQJYF6SB,SRKSB LLC,
,B0B9S4TS5C,5,Hogar y Cocina,disponible,no disponible,,,2025-10-19T03:19:00.400Z,2025-10-21T02:39:00.985Z,2025-10-28T04:25:36.632Z,1599,,"$1,689.92","Organizador de almacenamiento de baño montado en la pared, estante de toallas de baño de 3 niveles con cajón de almacenamiento, barras de toallas dobles y ganchos, estantes industriales de baño sobre",https://www.amazon.com.mx/dp/B0B9S4TS5C,https://www.amazon.com/dp/B0B9S4TS5C,Planeta Verde,
,B0DBLPFRVS,5,Hogar y Cocina,disponible,no disponible,,,2025-10-19T03:19:00.400Z,2025-10-21T02:39:09.134Z,2025-10-28T04:25:43.862Z,1463.13,,"$1,458.32","Juego de estantes flotantes para pared de 4 estantes de 24 pulgadas, estantes de madera maciza de roble para habitación, pared y almacenamiento, fotos, vinilo, juguete, especias, perfume, libros, etc.",https://www.amazon.com.mx/dp/B0DBLPFRVS,https://www.amazon.com/dp/B0DBLPFRVS,SRKSB LLC,
,B09Q1XQ9T1,5,Hogar y Cocina,disponible,no disponible,,,2025-10-19T03:19:00.400Z,2025-10-21T02:39:17.609Z,2025-10-28T04:25:52.000Z,1090.44,,"$1,068.17","Cosy Family - Paquete de 8 bolsas de mudanza extra grandes resistentes con correas para mochila, asas fuertes y cremalleras, bolsas de almacenamiento para ahorrar espacio, plegables, alternativas a la",https://www.amazon.com.mx/dp/B09Q1XQ9T1,https://www.amazon.com/dp/B09Q1XQ9T1,SRKSB LLC,
,B0B4VB5X1J,5,Hogar y Cocina,disponible,disponible,,,2025-10-19T03:19:00.401Z,2025-10-21T02:39:25.952Z,2025-10-28T04:25:59.579Z,554.67,9.99,$564.44,"Umriox Bolsa de documentos de malla con cremallera, 6 tamaños surtidos (negro, 18 paquetes), bolsas transparentes con cremallera, bolsa de viaje impermeable para suministros escolares, rompecabezas, juegos de mesa y proyectos de manualidades",https://www.amazon.com.mx/dp/B0B4VB5X1J,https://www.amazon.com/dp/B0B4VB5X1J,SRKSB LLC,Umriox LLC
,B0C7GJ5CT4,5,Hogar y Cocina,disponible,no disponible,,,2025-10-19T03:19:00.401Z,2025-10-21T02:39:34.691Z,2025-10-28T04:26:07.849Z,1352.54,,"$1,330.87","PERCAO Organizador de cinturón, soporte para cinturón de 7 compartimentos, clóset y organizador de cinturón para cajones, estante de cinturón, organizador de almacenamiento de cinturón, perchas para",https://www.amazon.com.mx/dp/B0C7GJ5CT4,https://www.amazon.com/dp/B0C7GJ5CT4,SRKSB LLC,
,B09T5WXRN6,5,Hogar y Cocina,disponible,no disponible,,,2025-10-19T03:19:00.401Z,2025-10-21T02:39:43.820Z,2025-10-28T04:26:16.294Z,2079.03,,"$2,068.62","QEEIG - Estantes de baño flotante para pared de 91.4 x 23 cm, juego de 2, café rústico (008-90BN)",https://www.amazon.com.mx/dp/B09T5WXRN6,https://www.amazon.com/dp/B09T5WXRN6,Boon Shopping,
,B0BPW42PGX,5,Hogar y Cocina,disponible,no disponible,,,2025-10-19T03:19:00.401Z,2025-10-21T02:39:52.814Z,2025-10-28T04:26:24.650Z,726.8,,$726.80,"Ganchos de hierro fundido para ferrocarril, 10 unidades, herrero hecho a mano, ganchos decorativos de granja montados en la pared, recubiertos de polvo para uso interior o exterior, a prueba de óxido",https://www.amazon.com.mx/dp/B0BPW42PGX,https://www.amazon.com/dp/B0BPW42PGX,SRKSB LLC,
,B09CGSJHGL,5,Hogar y Cocina,disponible,no disponible,,,2025-10-19T03:19:00.401Z,2025-10-21T02:40:00.079Z,2025-10-28T04:26:33.142Z,408.46,,$434.13,"Paquete de 3 clips y anillos de metal para playera de 1.9 pulgadas, anillo grande para bufanda para niñas y mujeres, Una talla, aleación, Circonia cúbica",https://www.amazon.com.mx/dp/B09CGSJHGL,https://www.amazon.com/dp/B09CGSJHGL,SRKSB LLC,
,B0DLKNDQ7D,5,Hogar y Cocina,disponible,no disponible,,,2025-10-19T03:19:00.401Z,2025-10-21T02:40:09.065Z,2025-10-28T04:26:39.783Z,698.19,,$686.78,"SpaceHacks - Juego de 25 cajones de plástico, 4 bandejas organizadoras versátiles y contenedores de almacenamiento para maquillaje, joyas y accesorios en el baño, recámara y oficina, color negro",https://www.amazon.com.mx/dp/B0DLKNDQ7D,https://www.amazon.com/dp/B0DLKNDQ7D,Boon Shopping,
,B0C55MZ1S3,5,Hogar y Cocina,disponible,no disponible,,,2025-10-19T03:19:00.401Z,2025-10-21T02:40:16.393Z,2025-10-28T04:26:47.221Z,1266.69,,"$1,250.62","Geetery - 150 bloques de cedro para almacenamiento de ropa, bolas de cedro y patatas fritas, anillos de cedro, bolsitas de cedro, bolas de madera para cajón y clóset, regalo",https://www.amazon.com.mx/dp/B0C55MZ1S3,https://www.amazon.com/dp/B0C55MZ1S3,SRKSB LLC,
,B0DB9CBV3K,5,Hogar y Cocina,disponible,no disponible,,,2025-10-19T03:19:00.401Z,2025-10-21T02:40:25.289Z,2025-10-28T04:26:54.391Z,1388.1,,"$1,391.05","Relquorax - Perchero para niños con almacenamiento, estante para vestir, ropa infantil, ropa pequeña, para disfraz, bambú (rosa)",https://www.amazon.com.mx/dp/B0DB9CBV3K,https://www.amazon.com/dp/B0DB9CBV3K,SRKSB LLC,
,B0DBKW3LWH,5,Hogar y Cocina,disponible,disponible,,,2025-10-19T03:19:11.201Z,2025-10-21T02:40:33.913Z,2025-10-28T04:27:02.090Z,1054.16,27.99,"$1,068.78","mirolam - Perchero de ropa para niños, almacenamiento de vestir, estante de vestir para niñas pequeñas, clóset de disfraces para niños pequeños con 2 estantes de tela, decoración de habitación de",https://www.amazon.com.mx/dp/B0DBKW3LWH,https://www.amazon.com/dp/B0DBKW3LWH,SRKSB LLC,Mirolam Vita
,B0C69TWZVC,5,Hogar y Cocina,disponible,disponible,,,2025-10-19T03:19:11.201Z,2025-10-21T02:40:41.766Z,2025-10-28T04:27:09.820Z,777.06,17.99,$751.35,"HSFTEC Organizador de ropa de cama plegable, contenedores de almacenamiento de tela para sábanas, fundas de edredón y fundas de almohada, organizador de clóset, cajas de almacenamiento para mantas,",https://www.amazon.com.mx/dp/B0C69TWZVC,https://www.amazon.com/dp/B0C69TWZVC,Rimecebuy,HSFTEC
,B0BYT671JH,5,Hogar y Cocina,disponible,no disponible,,,2025-10-19T03:19:11.201Z,2025-10-21T02:40:50.506Z,2025-10-28T04:27:18.270Z,807.18,,$807.18,"Estante de secado de pasta, estante grande para pasta de madera plegable para pasta fresca, fideos, espaguetis, soporte para colgar",https://www.amazon.com.mx/dp/B0BYT671JH,https://www.amazon.com/dp/B0BYT671JH,SRKSB LLC,
,B094FR56M6,5,Hogar y Cocina,disponible,no disponible,,,2025-10-19T03:19:11.202Z,2025-10-21T02:40:59.067Z,2025-10-28T04:27:26.210Z,973.9,,$970.05,"Estantes de baño flotantes para pared, sobre el inodoro, pequeña decoración de granja montada en la pared, 41 cm, juego de 2, negro (008-40B)",https://www.amazon.com.mx/dp/B094FR56M6,https://www.amazon.com/dp/B094FR56M6,SRKSB LLC,
,B0DCVLRZ2Q,5,Hogar y Cocina,disponible,no disponible,,,2025-10-19T03:19:11.202Z,2025-10-21T02:41:14.138Z,2025-10-28T04:27:41.322Z,402,,$573.59,"Dntorx - Ganchos plegables de pared, 2 ganchos plegables de color negro, gancho plegable de alta resistencia, ganchos para toallas de baño, ganchos para colgar abrigos, toallas, ropa, sombreros,",https://www.amazon.com.mx/dp/B0DCVLRZ2Q,https://www.amazon.com/dp/B0DCVLRZ2Q,Sunny3-HQ,
,B0BQBWNLJY,5,Hogar y Cocina,disponible,no disponible,,,2025-10-19T03:19:11.202Z,2025-10-21T02:41:22.239Z,2025-10-28T04:27:48.640Z,1072.33,,"$1,057.54","Bandeja para Tina de Alta Calidad, Bandeja expandible, Bandeja para Tina de bambú, Mesa para Tina Ajustable, Regalos únicos para Calentar la casa, Nuevo hogar, Color Negro",https://www.amazon.com.mx/dp/B0BQBWNLJY,https://www.amazon.com/dp/B0BQBWNLJY,SRKSB LLC,
,B0CCJD3VHN,5,Hogar y Cocina,disponible,no disponible,,,2025-10-19T03:19:11.202Z,2025-10-21T02:41:29.629Z,2025-10-28T04:27:56.983Z,1013.54,,"$1,006.93","Juego de 2 soportes flotantes para tazas de café montado en la pared con 12 ganchos, organizador de tazas para cocina, decoración de bar de café de granja",https://www.amazon.com.mx/dp/B0CCJD3VHN,https://www.amazon.com/dp/B0CCJD3VHN,SRKSB LLC,
,B0CTMN8NK3,5,Hogar y Cocina,disponible,no disponible,,,2025-10-19T03:19:11.202Z,2025-10-21T02:41:38.039Z,2025-10-28T04:28:05.029Z,998.21,,"$1,021.83","FNYDOX - Estantes flotantes de madera de hongos, estante de exhibición de vidrio para pared, bonita decoración de pared de hongos, organizador de almacenamiento de piedra de gema de roca, soporte de",https://www.amazon.com.mx/dp/B0CTMN8NK3,https://www.amazon.com/dp/B0CTMN8NK3,Novayu,
,B0CDVXRKZY,5,Hogar y Cocina,disponible,no disponible,,,2025-10-19T03:19:11.202Z,2025-10-21T02:41:45.939Z,2025-10-28T04:28:13.645Z,962.14,,$959.14,"QEEIG - Estantes de baño sobre el inodoro, almacenamiento de papel, montaje en la pared, decoración de granja, decoración estética, letrero pequeño, estante flotante 2+1 juego de 16 pulgadas, café",https://www.amazon.com.mx/dp/B0CDVXRKZY,https://www.amazon.com/dp/B0CDVXRKZY,SRKSB LLC,
,B07MDVLB3S,5,Hogar y Cocina,disponible,no disponible,,,2025-10-19T03:19:11.202Z,2025-10-21T02:41:55.579Z,2025-10-28T04:28:21.566Z,1378.39,,"$1,409.97","Estanterías flotantes de Hierro para tuberías de Agua, 4 Niveles, Estilo Retro, para Montar en la Pared, estantes de Almacenamiento, librerías, estantes de Bricolaje, estantes de Cocina, estantes d",https://www.amazon.com.mx/dp/B07MDVLB3S,https://www.amazon.com/dp/B07MDVLB3S,HNEN,
,B09CT5FD28,5,Hogar y Cocina,disponible,no disponible,,,2025-10-19T03:19:11.202Z,2025-10-21T02:42:05.303Z,2025-10-28T04:28:29.135Z,1954.7,,"$1,985.18","Ganchos dorados ZUONAI 12 unidades de ganchos de pared de oro cepillado para colgar abrigos y sombreros ganchos de pared para baño, ropa de dormitorio, ganchos dobles",https://www.amazon.com.mx/dp/B09CT5FD28,https://www.amazon.com/dp/B09CT5FD28,SRKSB LLC,
,B01N21KKYN,5,Hogar y Cocina,disponible,no disponible,,,2025-10-19T03:19:11.202Z,2025-10-21T02:42:13.180Z,2025-10-28T04:28:37.758Z,679.97,,$679.97,"Bolsas para zapatos de muselina 100% algodón, paquete de 6 para almacenamiento de despensa, sin blanquear (14 x 17, beige), Beige, 14 x 17 inch - 6 pack, Rectangular clásico",https://www.amazon.com.mx/dp/B01N21KKYN,https://www.amazon.com/dp/B01N21KKYN,SRKSB LLC,
,B0D4KDQWK7,5,Hogar y Cocina,disponible,no disponible,,,2025-10-19T03:19:11.203Z,2025-10-21T02:42:22.018Z,2025-10-28T04:28:46.464Z,1113.54,,"$1,079.45","Escaleras de manta para la sala de estar, 5.4 pies, escalera de madera, escalera de edredón, escalera decorativa, soporte de manta de escalera, escalera de granja, escalera de baño, natural",https://www.amazon.com.mx/dp/B0D4KDQWK7,https://www.amazon.com/dp/B0D4KDQWK7,HNEN,
,B096VTSKWN,5,Hogar y Cocina,disponible,disponible,,,2025-10-19T03:19:11.203Z,2025-10-21T02:42:29.486Z,2025-10-28T04:28:54.308Z,696.53,14.89,$696.53,"PJJXMY - percha de ropa de metal de contorno sin golpes, para traje, chamarra y suéter (blanco, 10)",https://www.amazon.com.mx/dp/B096VTSKWN,https://www.amazon.com/dp/B096VTSKWN,SRKSB LLC,jing xin mao yi
,B0CPPVH7KF,5,Hogar y Cocina,disponible,no disponible,,,2025-10-19T03:19:11.203Z,2025-10-21T02:42:37.113Z,2025-10-28T04:29:02.960Z,758.67,,$933.10,"NESOMI - Organizador de ducha calcomanía para ducha, paquete de 7, estantes de baño de acero inoxidable a prueba de óxido, accesorios de almacenamiento sin taladros, con jabonera, soporte para cepillo",https://www.amazon.com.mx/dp/B0CPPVH7KF,https://www.amazon.com/dp/B0CPPVH7KF,SRKSB LLC,
,B0B6H58VSP,5,Hogar y Cocina,disponible,no disponible,,,2025-10-19T03:19:11.203Z,2025-10-21T02:42:43.797Z,2025-10-28T04:29:11.687Z,772.85,,$754.30,"Useekoo Caja de almacenamiento de madera vintage con tapa deslizante, 7.8 x 3.9 x 3.1 pulgadas, caja de recuerdos de madera rústica para pasatiempos de arte, amantes del bricolaje, organizadores de escritorio y decoración del hogar",https://www.amazon.com.mx/dp/B0B6H58VSP,https://www.amazon.com/dp/B0B6H58VSP,SRKSB LLC,
,B0CDZCFLLB,5,Hogar y Cocina,disponible,no disponible,,,2025-10-19T03:19:21.043Z,2025-10-21T02:42:50.619Z,2025-10-28T04:29:18.702Z,1078.93,,"$1,078.93","Yaocom - Contenedor de 2 unidades para lavandería con soporte para sábanas de secadora, decoración de habitación de granja, caja de almacenamiento y detergente con mango de tapa, dispensador de hojas",https://www.amazon.com.mx/dp/B0CDZCFLLB,https://www.amazon.com/dp/B0CDZCFLLB,SRKSB LLC,
,B0CSF969M9,5,Hogar y Cocina,disponible,no disponible,,,2025-10-19T03:19:21.043Z,2025-10-21T02:42:58.852Z,2025-10-28T04:29:25.660Z,1157.89,,"$1,156.64","CEFLITECO - Estante de ataúd de telaraña - Decoración clásico Haloowen para baño y cocina, muebles góticos para soporte de encimera, accesorios góticos para decoración de pared espeluznante - Regalos",https://www.amazon.com.mx/dp/B0CSF969M9,https://www.amazon.com/dp/B0CSF969M9,SRKSB LLC,
,B0C1ZXMTY8,5,Hogar y Cocina,disponible,no disponible,,,2025-10-19T03:19:21.043Z,2025-10-21T02:43:06.171Z,2025-10-28T04:29:32.628Z,1004.01,,$986.33,"Pracaniz - Estante de pared con 4 ganchos, estantes de pared de cocina o estantes flotantes para baño. Estante de vidrio para decoración de habitación bruja. Estante flotante negro como regalo brujo",https://www.amazon.com.mx/dp/B0C1ZXMTY8,https://www.amazon.com/dp/B0C1ZXMTY8,SRKSB LLC,
,B0CJJ4HSYC,5,Hogar y Cocina,disponible,no disponible,,,2025-10-19T03:19:21.043Z,2025-10-21T02:43:14.309Z,2025-10-28T04:29:39.956Z,1747.83,,"$2,010.25","Estantes de lavandería montados en la pared con cestas de alambre, estante sobre la lavadora y secadora con estante de secado de ropa, estantes de alambre para organización y almacenamiento de ropa, madera y metal, negro",https://www.amazon.com.mx/dp/B0CJJ4HSYC,https://www.amazon.com/dp/B0CJJ4HSYC,SRKSB LLC,
,B0F3CWP4GZ,5,Hogar y Cocina,disponible,disponible,,,2025-10-19T03:19:21.043Z,2025-10-21T02:43:22.442Z,2025-10-28T04:29:46.563Z,419.4,4.99,$419.40,"KULOLO - Ganchos para asiento de coche y soporte para cartera, paquete de 4 unidades, 55 libras, resistentes, ganchos ecológicos de PP para bolso, equipo de bebé, bolsa de gimnasio, comestibles, taza",https://www.amazon.com.mx/dp/B0F3CWP4GZ,https://www.amazon.com/dp/B0F3CWP4GZ,SRKSB LLC,KULOLO-US
,B0CNP3P8HZ,5,Hogar y Cocina,disponible,no disponible,,,2025-10-19T03:19:21.044Z,2025-10-21T02:43:30.788Z,2025-10-28T04:29:54.273Z,947.6,,$951.85,"JOPSTDI - Estanterías flotantes, decoración de Pared de recámara, Estante de macramé, instalación sin Perforaciones, Hojas Decorativas y Tira de luz, Juego de 2 estantes de Plantas.(Blanco)",https://www.amazon.com.mx/dp/B0CNP3P8HZ,https://www.amazon.com/dp/B0CNP3P8HZ,SRKSB LLC,
,B0CZQY32YD,5,Hogar y Cocina,disponible,no disponible,,,2025-10-19T03:19:21.044Z,2025-10-21T02:43:38.779Z,2025-10-28T04:30:02.528Z,631,,$744.76,"Ganchos decorativos de latón macizo, ganchos decorativos para pared, para mochila, para colgar en la pared, ganchos dorados champaña (rosa flor, paquete de 4)",https://www.amazon.com.mx/dp/B0CZQY32YD,https://www.amazon.com/dp/B0CZQY32YD,XTT518HA,
,B08HHGKBL1,5,Hogar y Cocina,disponible,disponible,,,2025-10-19T03:19:21.044Z,2025-10-21T02:43:46.474Z,2025-10-28T04:30:10.386Z,912.26,19.99,$932.63,"Bolsas grandes y resistentes para almacenamiento, bolsas de mudanza XL para dormitorio universitario, paquete de 4, color azul",https://www.amazon.com.mx/dp/B08HHGKBL1,https://www.amazon.com/dp/B08HHGKBL1,SRKSB LLC,Xinyi Direct
,B0DNS9KSK7,5,Hogar y Cocina,disponible,no disponible,,,2025-10-19T03:19:21.044Z,2025-10-21T02:44:03.037Z,2025-10-28T04:30:24.390Z,1307.42,,"$1,624.49","Taburete de ducha de esquina de bambú, taburete de ducha impermeable de 2 niveles para el interior de la ducha, piernas de afeitado, espacios pequeños, reposapiés de ducha con estante de",https://www.amazon.com.mx/dp/B0DNS9KSK7,https://www.amazon.com/dp/B0DNS9KSK7,SEONGSAN,
,B08YH1NDGG,5,Hogar y Cocina,disponible,disponible,,,2025-10-19T03:19:21.044Z,2025-10-21T02:44:11.961Z,2025-10-28T04:30:31.937Z,916.29,19.89,$921.28,"HOMIOR Organizador de papel de regalo de Navidad (6 colores) Contenedor de almacenamiento debajo de la cama con bolsillos interiores, se adapta a 24 rollos",https://www.amazon.com.mx/dp/B08YH1NDGG,https://www.amazon.com/dp/B08YH1NDGG,SRKSB LLC,Alpine Home-Goods
,B0DG8S1QRV,5,Hogar y Cocina,disponible,no disponible,,,2025-10-19T03:19:21.044Z,2025-10-21T02:44:20.575Z,2025-10-28T04:30:41.382Z,1432.3,,"$1,432.30","Cesta de lavandería con tapa, cesta extragrande de 160 l, cesta de ropa sucia de 3 secciones para ropa sucia para lavandería, cesta de lavandería dividida para recámara, cuarto de lavado, cesta de",https://www.amazon.com.mx/dp/B0DG8S1QRV,https://www.amazon.com/dp/B0DG8S1QRV,SRKSB LLC,
,B0CYZW6NZJ,5,Hogar y Cocina,disponible,no disponible,,,2025-10-19T03:19:21.044Z,2025-10-21T02:44:28.596Z,2025-10-28T04:30:48.398Z,2473.89,,"$2,503.03","Kalrin Estante de almacenamiento sobre el inodoro, estante organizador de baño de 4 niveles sobre el inodoro con estante y cesta ajustables, estantes de baño independientes para ahorrar espacio sobre",https://www.amazon.com.mx/dp/B0CYZW6NZJ,https://www.amazon.com/dp/B0CYZW6NZJ,SRKSB LLC,
,B0DGKX2RV3,5,Hogar y Cocina,disponible,no disponible,,,2025-10-19T03:19:21.044Z,2025-10-21T02:44:37.459Z,2025-10-28T04:30:56.554Z,1089.43,,"$1,201.85","QEEIG - Estantes de baño sobre el inodoro, almacenamiento de papel, montaje en la pared, decoración de granja, decoración estética, letrero pequeño, estante flotante de pared 2+1 juego de 16 pulgadas",https://www.amazon.com.mx/dp/B0DGKX2RV3,https://www.amazon.com/dp/B0DGKX2RV3,Binglu,
,B086V7MNX8,5,Hogar y Cocina,disponible,no disponible,,,2025-10-19T03:19:21.044Z,2025-10-21T02:44:45.359Z,2025-10-28T04:31:04.398Z,1489.48,,"$1,489.48","SKOLOO - Perchero de pared rústico, 2 unidades, 5 ganchos para colgar ropa, batas, toallas y abrigos",https://www.amazon.com.mx/dp/B086V7MNX8,https://www.amazon.com/dp/B086V7MNX8,SRKSB LLC,
,B09PDYZD6M,5,Hogar y Cocina,disponible,no disponible,,,2025-10-19T03:19:21.045Z,2025-10-21T02:44:52.561Z,2025-10-28T04:31:12.469Z,600.73,,$600.73,"EARTHLY HOME - Soporte para llaves de madera – Organizador decorativo para llaves de elefante montado en la pared con 6 ganchos – Estante para llaves para cocina, ofiice y decoración de entrada (15 x",https://www.amazon.com.mx/dp/B09PDYZD6M,https://www.amazon.com/dp/B09PDYZD6M,SRKSB LLC,
,B0CDF83N9H,5,Hogar y Cocina,disponible,no disponible,,,2025-10-19T03:19:21.045Z,2025-10-21T02:45:00.248Z,2025-10-28T04:31:20.928Z,1159.61,,"$1,176.93","VERSAINSECT Mushroom Shelf: Whimsical Wall Decor for Nursery, Bedroom, Living Room, Kitchen & Bathroom, Cottage Core Room Decor, Perfect for Christmas Decor",https://www.amazon.com.mx/dp/B0CDF83N9H,https://www.amazon.com/dp/B0CDF83N9H,SRKSB LLC,
,B0DFPYJ98R,5,Hogar y Cocina,disponible,no disponible,,,2025-10-19T03:19:31.831Z,2025-10-21T02:45:07.959Z,2025-10-28T04:31:28.928Z,907.37,,$907.37,"Lixple - Cesta de papel higiénico, bandeja de metal para baño, bandeja de baño de madera para artículos de cambiador, organizador de almacenamiento en la parte posterior del inodoro para mostrador,",https://www.amazon.com.mx/dp/B0DFPYJ98R,https://www.amazon.com/dp/B0DFPYJ98R,SRKSB LLC,
,B0D9NRR17S,5,Hogar y Cocina,disponible,disponible,,,2025-10-19T03:19:31.831Z,2025-10-21T02:45:16.096Z,2025-10-28T04:31:35.733Z,1368.72,39.99,"$1,379.69","Contenedores de almacenamiento para debajo de la cama, de perfil bajo bajo con paredes laterales/parte inferior resistentes de 4.5 pulgadas para ropa, mantas, almohadas y zapatos, organizador de",https://www.amazon.com.mx/dp/B0D9NRR17S,https://www.amazon.com/dp/B0D9NRR17S,CATTLESIV,YearningStorage
,B0D7C7CKQV,5,Hogar y Cocina,disponible,no disponible,,,2025-10-19T03:19:31.831Z,2025-10-21T02:45:24.343Z,2025-10-28T04:31:44.774Z,2786.5,,"$2,786.50","Kit de soporte de banco de trabajo resistente, 8 soportes de esquina de ángulo recto de acero de 3 vías para bricolaje banco de trabajo personalizado, estanterías, mesa de trabajo, se adapta a madera",https://www.amazon.com.mx/dp/B0D7C7CKQV,https://www.amazon.com/dp/B0D7C7CKQV,SRKSB LLC,
,B0B81LSL6Q,5,Hogar y Cocina,disponible,no disponible,,,2025-10-19T03:19:31.832Z,2025-10-21T02:45:31.516Z,2025-10-28T04:31:52.067Z,734.94,,$737.11,"AKTECKE - Juego de 2 estantes organizadores de esquina de ducha adhesivos, sin taladrar, estante de almacenamiento de ducha de acero inoxidable con ganchos y soporte de pasta dental para baño,",https://www.amazon.com.mx/dp/B0B81LSL6Q,https://www.amazon.com/dp/B0B81LSL6Q,Marca: AKTECKE,
,B0B2R417PH,5,Hogar y Cocina,disponible,no disponible,,,2025-10-19T03:19:31.832Z,2025-10-21T02:45:39.125Z,2025-10-28T04:32:00.892Z,754.85,,$755.79,"Ganchos de doble pared para colgar, paquete de 2 ganchos de granja montados en la pared, ganchos rústicos de madera resistente para baño, dormitorio, cocina, entrada decorativa (marrón desgastado)",https://www.amazon.com.mx/dp/B0B2R417PH,https://www.amazon.com/dp/B0B2R417PH,SRKSB LLC,
,B0CNYCKWBD,5,Hogar y Cocina,disponible,no disponible,,,2025-10-19T03:19:31.832Z,2025-10-21T02:45:45.527Z,2025-10-28T04:32:08.356Z,1297.87,,"$1,298.83","PHPH - Estantes flotantes de madera para pared, estantes de pared de madera para dormitorio, juego de 6 unidades, color marrón claro de 17 pulgadas",https://www.amazon.com.mx/dp/B0CNYCKWBD,https://www.amazon.com/dp/B0CNYCKWBD,SRKSB LLC,
,B0DBVFW9D4,5,Hogar y Cocina,disponible,no disponible,,,2025-10-19T03:19:31.832Z,2025-10-21T02:45:53.456Z,2025-10-28T04:32:14.996Z,1233.01,,"$1,268.02","Perchero con estante montado en la pared, ganchos de pared de madera de roble con almacenamiento, estante de entrada con 4 perchas para baño, sala de estar, recámara (natural, 19 pulgadas)",https://www.amazon.com.mx/dp/B0DBVFW9D4,https://www.amazon.com/dp/B0DBVFW9D4,CATTLESIV,
,B0B6YVL37F,5,Hogar y Cocina,disponible,no disponible,,,2025-10-19T03:19:31.832Z,2025-10-21T02:46:02.023Z,2025-10-28T04:32:23.014Z,725.28,,$719.99,"HONJIN Soporte para llaves de pared: 7 ganchos resistentes mejorados para llaves, fácil instalación, organizador de correo para colgar en la pared, estante para llaves para cocina y decoración de entrada",https://www.amazon.com.mx/dp/B0B6YVL37F,https://www.amazon.com/dp/B0B6YVL37F,SRKSB LLC,
,B0D7S35DLD,5,Hogar y Cocina,disponible,disponible,,,2025-10-19T03:19:31.832Z,2025-10-21T02:46:10.519Z,2025-10-28T04:32:31.470Z,1053.4,16.99,"$1,104.75","AINIYNM - Papelera de reciclaje para cocina de 26 galones y 100 litros con tapa, bolsa extraíble grande de reciclaje con tapa para botella, lata de cocina, cubeta de reciclaje (gris oscuro)",https://www.amazon.com.mx/dp/B0D7S35DLD,https://www.amazon.com/dp/B0D7S35DLD,SEONGSAN,qianhu us
,B0CZRQS36G,5,Hogar y Cocina,disponible,disponible,,PRICE_AND_SELLER_NOT_FOUND,2025-10-19T03:19:31.832Z,2025-10-21T02:46:17.440Z,2025-10-28T04:32:39.047Z,390,,$388.62,"IJIFLY - Colgador de cinturón para 2 unidades de organizadores y almacenamiento, estante de madera resistente giratorio de 360° con 16 ganchos, brasier colgante, playera sin mangas, corbata, bufanda,",https://www.amazon.com.mx/dp/B0CZRQS36G,https://www.amazon.com/dp/B0CZRQS36G,INTERSHOPMX,
,B0D28CY98W,5,Hogar y Cocina,disponible,no disponible,,,2025-10-19T03:19:31.832Z,2025-10-21T02:46:24.779Z,2025-10-28T04:32:46.248Z,741.65,,$735.66,"ESEHGS - Soporte para control remoto, soporte para control remoto de TV de madera, soporte para control remoto con 2 compartimentos, caja de control remoto para mesita de noche, mesita de noche, color",https://www.amazon.com.mx/dp/B0D28CY98W,https://www.amazon.com/dp/B0D28CY98W,SRKSB LLC,
,B0DBHFCYLC,5,Hogar y Cocina,disponible,disponible,,,2025-10-19T03:19:31.832Z,2025-10-21T02:46:31.819Z,2025-10-28T04:32:53.799Z,1420.21,39.99,"$1,418.83","HEVEL - Barra de tensión de esquina para ducha, organizador de ducha ajustable de 4 niveles, esquina de 62-115 pulgadas, estantes de ducha de esquina de baño a prueba de óxido para almacenamiento de",https://www.amazon.com.mx/dp/B0DBHFCYLC,https://www.amazon.com/dp/B0DBHFCYLC,SHOPHOLİC,Laituo US
,B0CVXKSLC6,5,Hogar y Cocina,disponible,disponible,,,2025-10-19T03:19:31.832Z,2025-10-21T02:46:46.812Z,2025-10-28T04:33:07.356Z,914.06,29.99,$897.66,"Bolsas de almacenamiento de equipaje al aspiradora con bomba eléctrica portátil con cable, doble cierre sellada para ahorrar espacio, compresión para ropa, ropa de cama y artículos esenciales de viaje",https://www.amazon.com.mx/dp/B0CVXKSLC6,https://www.amazon.com/dp/B0CVXKSLC6,SRKSB LLC,JULYSEVEN
,B09ZKXWZVR,5,Hogar y Cocina,disponible,no disponible,,,2025-10-19T03:19:31.833Z,2025-10-21T02:46:56.416Z,2025-10-28T04:33:16.713Z,700.62,,$712.75,"Soporte para sábanas de secadora con tapa con bisagras para organización de lavadero. Dispensador de hojas de metal para secadora, decoración de cuarto de lavandería y accesorios para soporte de",https://www.amazon.com.mx/dp/B09ZKXWZVR,https://www.amazon.com/dp/B09ZKXWZVR,SRKSB LLC,
,B0DB666WDK,5,Hogar y Cocina,disponible,disponible,,,2025-10-19T03:19:31.833Z,2025-10-21T02:47:04.022Z,2025-10-28T04:33:23.909Z,470.29,12.99,$573.59,"Ganchos adhesivos de techo para decoración colgante: paquete de 20 tiras pequeñas para colgar en el techo para decoraciones, clips decorativos transparentes para aula, recámara, habitación, fiesta,",https://www.amazon.com.mx/dp/B0DB666WDK,https://www.amazon.com/dp/B0DB666WDK,Amazon Estados Unidos,yhmall
,B0D9S9TBF3,5,Hogar y Cocina,disponible,no disponible,,,2025-10-19T03:19:31.833Z,2025-10-21T02:47:11.080Z,2025-10-28T04:33:32.092Z,662.93,,$657.56,"Toalleros para baño, toallero de pared de 2 niveles con estante de madera, toallero de metal montado en la pared organizadores y almacenamiento, negro",https://www.amazon.com.mx/dp/B0D9S9TBF3,https://www.amazon.com/dp/B0D9S9TBF3,bakmadangecme,
,B0D7S28K71,5,Hogar y Cocina,disponible,no disponible,,,2025-10-19T03:19:45.215Z,2025-10-21T02:47:17.849Z,2025-10-28T04:33:41.210Z,712.43,,$715.80,"Gracenal - Organizador de sombreros de acrílico, 2 unidades, para 16 soportes para sombreros, toallas de baño, ganchos de pared resistentes, autoadhesivos, para instalación de gorras de béisbol, para",https://www.amazon.com.mx/dp/B0D7S28K71,https://www.amazon.com/dp/B0D7S28K71,SRKSB LLC,
,B0D76X7235,5,Hogar y Cocina,disponible,no disponible,,,2025-10-19T03:19:45.215Z,2025-10-21T02:47:24.661Z,2025-10-28T04:33:48.578Z,998.24,,"$1,003.89","Hoffeins - Organizador de baño con 2 cajones, color ámbar",https://www.amazon.com.mx/dp/B0D76X7235,https://www.amazon.com/dp/B0D76X7235,SRKSB LLC,
,B0D69XDPNM,5,Hogar y Cocina,disponible,no disponible,,,2025-10-19T03:19:45.215Z,2025-10-21T02:47:32.906Z,2025-10-28T04:33:55.752Z,2403.44,,"$2,365.82","Uinicor - Juego de 60 perchas de madera, perchas de madera, resistentes y cortadas con precisión, con gancho giratorio de metal, perchas para abrigos, chaquetas, pantalones y vestidos (natural)",https://www.amazon.com.mx/dp/B0D69XDPNM,https://www.amazon.com/dp/B0D69XDPNM,Binglu,
,B0D5LMQK2C,5,Hogar y Cocina,disponible,no disponible,,,2025-10-19T03:19:45.215Z,2025-10-21T02:47:40.655Z,2025-10-28T04:34:04.517Z,2182.62,,"$2,182.62","QSN SILK LU - Organizador de bambú de 3 niveles sobre el inodoro, estante de almacenamiento no empotrado para baño, ahorro de espacio y fácil de instalar, pies ajustables, barra inferior ajustable",https://www.amazon.com.mx/dp/B0D5LMQK2C,https://www.amazon.com/dp/B0D5LMQK2C,SRKSB LLC,
,B0D4QYHMRB,5,Hogar y Cocina,disponible,no disponible,,,2025-10-19T03:19:45.216Z,2025-10-21T02:47:47.528Z,2025-10-28T04:34:11.804Z,1514.07,,"$1,445.22",Koozuuyk Organizador de 3 niveles con ganchos laterales y cestas,https://www.amazon.com.mx/dp/B0D4QYHMRB,https://www.amazon.com/dp/B0D4QYHMRB,SRKSB LLC,
,B0D4J3N1GN,5,Hogar y Cocina,disponible,disponible,,,2025-10-19T03:19:45.216Z,2025-10-21T02:47:55.540Z,2025-10-28T04:34:20.126Z,985.38,18.99,$985.38,"Jollygleam Bolsas de ropa transparentes con refuerzo de 10 cm, bolsas de traje de 40 pulgadas, para guardar ropa, camisas, abrigos, vestidos, 4 paquetes",https://www.amazon.com.mx/dp/B0D4J3N1GN,https://www.amazon.com/dp/B0D4J3N1GN,SRKSB LLC,MeiRuiSin Store
,B0D2CG9YJD,5,Hogar y Cocina,disponible,no disponible,,,2025-10-19T03:19:45.216Z,2025-10-21T02:48:01.713Z,2025-10-28T04:34:27.791Z,793.18,,$794.32,"Lineshading 3 piezas de tabla de surf de madera para decoración de tabla de surf con estante, decoración de playa, hogar, tablas de surf decorativas para pared, habitación, fiesta, decoración tropical",https://www.amazon.com.mx/dp/B0D2CG9YJD,https://www.amazon.com/dp/B0D2CG9YJD,CATTLESIV,
,B09PHDB1PC,5,Hogar y Cocina,disponible,no disponible,,,2025-10-19T03:19:45.216Z,2025-10-21T02:48:09.203Z,2025-10-28T04:34:34.906Z,1320.19,,"$1,320.19","Edergoo Perchas de madera, paquete de 30 perchas de madera antideslizantes con gancho giratorio de 360° y muescas, perchas delgadas para camisas, trajes, chaquetas, vestidos, color blanco",https://www.amazon.com.mx/dp/B09PHDB1PC,https://www.amazon.com/dp/B09PHDB1PC,SRKSB LLC,
,B09BLMS5GC,5,Hogar y Cocina,disponible,no disponible,,,2025-10-19T03:19:45.216Z,2025-10-21T02:48:16.707Z,2025-10-28T04:34:43.223Z,996.13,,$996.13,"Dorhors - Organizador de encimera de baño de 3 niveles, estante de almacenamiento de baño, bandeja de encimera y organizador de cambiador (café)",https://www.amazon.com.mx/dp/B09BLMS5GC,https://www.amazon.com/dp/B09BLMS5GC,SRKSB LLC,
,B07KJ6PT1M,5,Hogar y Cocina,disponible,disponible,,,2025-10-19T03:19:45.216Z,2025-10-21T02:48:23.768Z,2025-10-28T04:34:49.837Z,896.56,23.49,$869.21,"Bolsas de malla para ropa delicada, 3 medias duraderas con cierre, bolsas de lavado seguras y organizador para lavadora, lencería, calcetines, pantalones de yoga, brasier, ropa interior, suéter",https://www.amazon.com.mx/dp/B07KJ6PT1M,https://www.amazon.com/dp/B07KJ6PT1M,SRKSB LLC,AURFLO
,B0D5J7C438,5,Hogar y Cocina,disponible,disponible,,,2025-10-19T03:19:45.216Z,2025-10-21T02:48:30.774Z,2025-10-28T04:34:56.514Z,324.18,6.99,$426.77,"Paquete de 2 soportes para gorras de béisbol, organizador de sombreros, soporte de pared, soporte de acero inoxidable para sombreros autoadhesivo o perforación, para puerta, clóset y pared",https://www.amazon.com.mx/dp/B0D5J7C438,https://www.amazon.com/dp/B0D5J7C438,Amazon Estados Unidos,HUILAIYU
,B0C2XWKKTM,5,Hogar y Cocina,disponible,no disponible,,,2025-10-19T03:19:45.216Z,2025-10-21T02:48:38.584Z,2025-10-28T04:35:03.257Z,530.58,,$515.31,"FINDAMAZE Organizador de anteojos de Sol de Madera para Almacenamiento de anteojos de Sol montado en la Pared, Soporte para anteojos de Sol, decoración del hogar, (2 Unidades, Color Madera, Soporte",https://www.amazon.com.mx/dp/B0C2XWKKTM,https://www.amazon.com/dp/B0C2XWKKTM,SRKSB LLC,
,B096N6GH64,5,Hogar y Cocina,disponible,no disponible,,,2025-10-19T03:19:45.216Z,2025-10-21T02:48:47.149Z,2025-10-28T04:35:10.410Z,5135.53,,"$5,293.79",International Concepts Shaker Estantería - 30 Pulgadas de Alto,https://www.amazon.com.mx/dp/B096N6GH64,https://www.amazon.com/dp/B096N6GH64,SRKSB LLC,
,B08XVWNSB9,5,Hogar y Cocina,disponible,disponible,,,2025-10-19T03:19:45.217Z,2025-10-21T02:48:54.114Z,2025-10-28T04:35:17.909Z,2152.73,59.99,"$1,901.95","FifthStart Cesta de limpieza portátil pequeña y grande con asa organizador para suministros de limpieza con correas de hombro y cintura, seis bolsillos interiores y cuatro exteriores:",https://www.amazon.com.mx/dp/B08XVWNSB9,https://www.amazon.com/dp/B08XVWNSB9,SRKSB LLC,Fifth Start
,B089QJ1PJL,5,Hogar y Cocina,disponible,no disponible,,,2025-10-19T03:19:45.217Z,2025-10-21T02:49:02.456Z,2025-10-28T04:35:26.202Z,835.59,,$843.71,"ZUONAI - Ganchos de Pared Colgadores para Colgar Abrigos y Sombreros, 4 Unidades, Ganchos de Metal Macizo, para Colgar en la Pared, para Baño, Ropa, para Recámara, Perchas, Color Dorado",https://www.amazon.com.mx/dp/B089QJ1PJL,https://www.amazon.com/dp/B089QJ1PJL,Boon Shopping,
,B0BN197833,5,Hogar y Cocina,disponible,disponible,,,2025-10-19T03:19:45.217Z,2025-10-21T02:49:11.448Z,2025-10-28T04:35:34.368Z,2845.89,94,"$2,869.90","Qeke - Nicho de ducha de acero inoxidable de 24 x 8 pulgadas, estantes dobles de nicho de pared sin tejado, almacenamiento de ducha empotrado, negro mate",https://www.amazon.com.mx/dp/B0BN197833,https://www.amazon.com/dp/B0BN197833,HNEN,Qeke-USA
,B0BXKMLWGC,5,Hogar y Cocina,disponible,no disponible,,,2025-10-19T03:20:00.044Z,2025-10-21T02:49:27.421Z,2025-10-28T04:35:49.269Z,1030.33,,$999.08,"P-ALADIN - Soporte para sombreros de vaquero, estante para sombreros de vaquero, almacenamiento para sombreros de vaquero, 6 piezas de montaje en pared con tablero de madera, mantiene la forma del",https://www.amazon.com.mx/dp/B0BXKMLWGC,https://www.amazon.com/dp/B0BXKMLWGC,SURE_FIRE,
,B0CWTH6Z2Q,5,Hogar y Cocina,disponible,no disponible,,,2025-10-19T03:20:00.044Z,2025-10-21T02:49:36.444Z,2025-10-28T04:35:57.559Z,1357.99,,"$1,342.04","Mazjoaru - Juego de 2 estantes flotantes de ratán de 40,6 cm, hechos a mano, color blanco, decoración de pared, diseño bohemio, de madera rústica, bonitos estantes de almacenamiento para sala de",https://www.amazon.com.mx/dp/B0CWTH6Z2Q,https://www.amazon.com/dp/B0CWTH6Z2Q,SRKSB LLC,
,B09X1BKMR4,5,Hogar y Cocina,disponible,no disponible,,,2025-10-19T03:20:00.044Z,2025-10-21T02:49:43.425Z,2025-10-28T04:36:04.685Z,723.25,,$723.25,"Soporte de exhibición de péndulo de madera, estante de exhibición de vidrio negro para piedras, rocas, soporte de péndulo de vidrio con 3 piezas colgantes, soporte de adorno de bruja para el hogar, mesa, collar, estante de piedra curativa",https://www.amazon.com.mx/dp/B09X1BKMR4,https://www.amazon.com/dp/B09X1BKMR4,SRKSB LLC,
,B08XWL55P4,5,Hogar y Cocina,disponible,disponible,,,2025-10-19T03:20:00.044Z,2025-10-21T02:49:51.411Z,2025-10-28T04:36:12.560Z,1704.62,59.99,"$1,789.42","FifthStart Cesta de limpieza portátil pequeña y grande con asa organizador para suministros de limpieza con correas de hombro y cintura, seis bolsillos interiores y cuatro exteriores:",https://www.amazon.com.mx/dp/B08XWL55P4,https://www.amazon.com/dp/B08XWL55P4,KODA STORE,Fifth Start
,B09MSNSJ3B,5,Hogar y Cocina,disponible,disponible,,,2025-10-19T03:20:00.045Z,2025-10-21T02:49:58.762Z,2025-10-28T04:36:19.371Z,925.05,22.99,$925.05,"Organizador de papel de regalo, bolsa de almacenamiento de Navidad con bolsillos útiles para accesorios de Navidad, se adapta a hasta 24 rollos, almacenamiento debajo de la cama para decoraciones de",https://www.amazon.com.mx/dp/B09MSNSJ3B,https://www.amazon.com/dp/B09MSNSJ3B,SRKSB LLC,Alpine Home-Goods
,B0CZ728875,5,Hogar y Cocina,disponible,disponible,,,2025-10-19T03:20:00.045Z,2025-10-21T02:50:06.647Z,2025-10-28T04:36:27.377Z,1021,25.99,"$1,029.35","Epesoware - Juego de 2 fundas rígidas para gorras de béisbol, organizador de almacenamiento de sombreros favorable con asa de transporte, correa de hombro y correa de equipaje, protege hasta 10",https://www.amazon.com.mx/dp/B0CZ728875,https://www.amazon.com/dp/B0CZ728875,SRKSB LLC,Seater Tone
,B0CY2Q65GM,5,Hogar y Cocina,disponible,no disponible,,,2025-10-19T03:20:00.045Z,2025-10-21T02:50:14.245Z,2025-10-28T04:36:35.137Z,722.39,,$702.85,"Soporte de pared para escobas, organizador de escobas y fregona de madera con 5 ranuras y 4 ganchos, resistente colgador de herramientas de jardín para lavandería, clóset, cocina, almacenamiento y",https://www.amazon.com.mx/dp/B0CY2Q65GM,https://www.amazon.com/dp/B0CY2Q65GM,SRKSB LLC,
,B0CRDSHWQ5,5,Hogar y Cocina,disponible,disponible,,,2025-10-19T03:20:00.045Z,2025-10-21T02:50:20.667Z,2025-10-28T04:36:42.723Z,639.07,12.34,$639.07,"DAOYA - Organizador de ducha para colgar con soporte de jabón lateral, barra de toallas, ganchos multifuncionales, organizador de ducha sobre cabezal de ducha, sostiene maquinilla de afeitar y",https://www.amazon.com.mx/dp/B0CRDSHWQ5,https://www.amazon.com/dp/B0CRDSHWQ5,SRKSB LLC,DAOYA-US
,B088D4XNYW,5,Hogar y Cocina,disponible,no disponible,,,2025-10-19T03:20:00.045Z,2025-10-21T02:50:28.721Z,2025-10-28T04:36:51.533Z,1332.76,,"$1,332.76","OIAHOMY - Cesta de lavandería tejida, de cuerda grande, plegable, de 65.02 cm de altura, con asas extendidas, para almacenar ropa o juguetes, para recámara o baño (gris oscuro)",https://www.amazon.com.mx/dp/B088D4XNYW,https://www.amazon.com/dp/B088D4XNYW,SRKSB LLC,
,B0957GV9JQ,5,Hogar y Cocina,disponible,disponible,,,2025-10-19T03:20:00.045Z,2025-10-21T02:50:36.539Z,2025-10-28T04:36:59.605Z,733.67,16.99,$726.60,"PetLike - Bandeja para maletero para entrada en interior, bandeja de comida para mascotas, 16.7 x 12.8 pulgadas, 2 unidades, alfombrilla de goma impermeable para botas, zapatos, mascotas, jardín",https://www.amazon.com.mx/dp/B0957GV9JQ,https://www.amazon.com/dp/B0957GV9JQ,SRKSB LLC,PETLIKE
,B094Q8CY4P,5,Hogar y Cocina,disponible,no disponible,,,2025-10-19T03:20:00.045Z,2025-10-21T02:50:44.895Z,2025-10-28T04:37:08.470Z,2218.54,,"$2,255.74",Large Macrame Wall Hanging Shelf (63 in. H x 24 in. W)-5 Tier Staggered Macrame -Boho Home Decor-Tall Ladder Floating Shelves Handwoven Rope/ Plant Shelf Display Rack Wall Organizer,https://www.amazon.com.mx/dp/B094Q8CY4P,https://www.amazon.com/dp/B094Q8CY4P,SRKSB LLC,
,B083FPRP17,5,Hogar y Cocina,disponible,disponible,,,2025-10-19T03:20:00.046Z,2025-10-21T02:50:52.292Z,2025-10-28T04:37:15.268Z,730.38,14.99,$735.10,"14 bandejas organizadoras de cajones de plástico transparente para maquillaje, utensilios de cocina, joyas y accesorios",https://www.amazon.com.mx/dp/B083FPRP17,https://www.amazon.com/dp/B083FPRP17,KODA STORE,DCA-STORE
,B0BC16RWKR,5,Hogar y Cocina,disponible,no disponible,,,2025-10-19T03:20:00.046Z,2025-10-21T02:51:00.328Z,2025-10-28T04:37:21.923Z,1099.62,,"$1,074.90","Kiusatig - Estantería de vidrio para luna creciente, estantes negros para decoración gótica, bohemia para habitación, mesa, decoración wicca, decoración lunar",https://www.amazon.com.mx/dp/B0BC16RWKR,https://www.amazon.com/dp/B0BC16RWKR,Boon Shopping,
,B0CRH7CXFC,5,Hogar y Cocina,disponible,disponible,,,2025-10-19T03:20:00.046Z,2025-10-21T02:51:08.600Z,2025-10-28T04:37:28.563Z,1078.29,24.99,"$1,078.29","Allgawise - Juego de 2 fundas de viaje para gorras de béisbol, organizador de sombrero con asa, correa para el hombro y manga de carro, protege hasta 10 sombreros para almacenamiento en exteriores y",https://www.amazon.com.mx/dp/B0CRH7CXFC,https://www.amazon.com/dp/B0CRH7CXFC,SRKSB LLC,Youhuatt
,B0CPLD2DZD,5,Hogar y Cocina,disponible,no disponible,,,2025-10-19T03:20:00.046Z,2025-10-21T02:51:15.887Z,2025-10-28T04:37:37.027Z,599.82,,$589.76,"Ganchos para luces de cadena de luces para exteriores: paquete de 25 tiras adhesivas cuadradas transparentes grandes, resistentes al agua, para colgar en el exterior",https://www.amazon.com.mx/dp/B0CPLD2DZD,https://www.amazon.com/dp/B0CPLD2DZD,SRKSB LLC,
,B0C4TRXBCW,5,Hogar y Cocina,disponible,no disponible,,,2025-10-19T03:20:00.046Z,2025-10-21T02:51:24.142Z,2025-10-28T04:37:43.643Z,1117.67,,"$1,116.29","Geetery - 3 estantes flotantes ondulados, bonitos estantes de nubes, decoración de habitación pastel Kawaii, estante de pared para libros preparados para pared, recámara, baño",https://www.amazon.com.mx/dp/B0C4TRXBCW,https://www.amazon.com/dp/B0C4TRXBCW,Boon Shopping,
,B0CLTQ6MVB,5,Hogar y Cocina,disponible,no disponible,,,2025-10-19T03:20:11.729Z,2025-10-21T02:51:31.099Z,2025-10-28T04:37:52.057Z,1009.24,,"$1,004.85","Estantes de hongos rojas, 5 estantes flotantes para exhibición Goblincore, estante de pared pequeño para recámara, muebles estéticos de casa de campo, decoración del bosque, reptil, accesorios de",https://www.amazon.com.mx/dp/B0CLTQ6MVB,https://www.amazon.com/dp/B0CLTQ6MVB,SRKSB LLC,
,B0CW5X5FJ3,5,Hogar y Cocina,disponible,no disponible,,,2025-10-19T03:20:11.729Z,2025-10-21T02:51:39.493Z,2025-10-28T04:38:00.100Z,923.88,,$925.99,"Storage Master - Bolsa de almacenamiento al aspiradora para colchón Queen tamaño matrimonial, ideal para espuma viscoelástica y látex de hasta 14 pulgadas, diseñada para fácil movimiento, envío y",https://www.amazon.com.mx/dp/B0CW5X5FJ3,https://www.amazon.com/dp/B0CW5X5FJ3,SRKSB LLC,
,B0CJHZH49W,5,Hogar y Cocina,disponible,disponible,,,2025-10-19T03:20:11.729Z,2025-10-21T02:51:46.886Z,2025-10-28T04:38:08.047Z,1995.91,59.84,"$2,014.29","15 bolsas de yute de arpillera, para viajes, día festivo, bodas, damas de honor, fiestas, día festivo, regalos de mujer, ropa hecha a mano, reutilizable, para playa, 15 x 12 x 6 pulgadas",https://www.amazon.com.mx/dp/B0CJHZH49W,https://www.amazon.com/dp/B0CJHZH49W,SRKSB LLC,beidouxing
,B0CFXY7XRP,5,Hogar y Cocina,disponible,no disponible,,,2025-10-19T03:20:11.730Z,2025-10-21T02:51:53.937Z,2025-10-28T04:38:16.559Z,2043.49,,"$2,151.29","Habudda - Estantes flotantes, estante de pared de madera, decoración del hogar de madera natural para baño, cocina, recámara, soporte invisible montado para colgar, extra largo, 35.5 pulgadas, juego de 2",https://www.amazon.com.mx/dp/B0CFXY7XRP,https://www.amazon.com/dp/B0CFXY7XRP,SRKSB LLC,
,B0CBWVVDQS,5,Hogar y Cocina,disponible,no disponible,,,2025-10-19T03:20:11.730Z,2025-10-21T02:52:09.886Z,2025-10-28T04:38:30.426Z,1028.13,,$999.48,"Regalo de 10 segundos | 38 bolsas de regalo con cordón de Navidad de varios tamaños pequeños, medianos y grandes, bolsas de regalo de día festivo con cordones coloridos para regalos de fiesta de Navidad, bolsas de aluminio para regalos de Navidad",https://www.amazon.com.mx/dp/B0CBWVVDQS,https://www.amazon.com/dp/B0CBWVVDQS,SRKSB LLC,
,B0C9QHK4HS,5,Hogar y Cocina,disponible,no disponible,,,2025-10-19T03:20:11.730Z,2025-10-21T02:52:17.042Z,2025-10-28T04:38:39.942Z,993.39,,"$1,084.78","ROMGUAR CRAFT - Juego de 4 estantes flotantes de esquina, para decoración del hogar, baño, cocina, recámara, sala de estar, oficina (negro)",https://www.amazon.com.mx/dp/B0C9QHK4HS,https://www.amazon.com/dp/B0C9QHK4HS,NOTUSSTORE,
,B09JNZQX4S,5,Hogar y Cocina,disponible,disponible,,,2025-10-19T03:20:11.730Z,2025-10-21T02:52:25.157Z,2025-10-28T04:38:48.349Z,417.21,8.99,$475.71,"Ganchos de revestimiento de vinilo (paquete de 20), ganchos de revestimiento de acero inoxidable resistentes para colgar coronas, carteles de bienvenida, cadena de luces para exteriores",https://www.amazon.com.mx/dp/B09JNZQX4S,https://www.amazon.com/dp/B09JNZQX4S,Amazon Estados Unidos,Honest Tom
,B09MTLV8H6,5,Hogar y Cocina,disponible,disponible,,,2025-10-19T03:20:11.730Z,2025-10-21T02:52:33.205Z,2025-10-28T04:38:56.273Z,2062.34,61.99,"$2,062.35","Doxbom Carrito clasificador de ropa con ruedas resistentes, organizador delgado, cestas de almacenamiento de 3 niveles con 1 bolsa para ropa",https://www.amazon.com.mx/dp/B09MTLV8H6,https://www.amazon.com/dp/B09MTLV8H6,Boon Shopping,Doxbom--USA
,B0C281QVGZ,5,Hogar y Cocina,disponible,no disponible,,,2025-10-19T03:20:11.730Z,2025-10-21T02:52:40.050Z,2025-10-28T04:39:03.946Z,1491,,"$1,552.38","YATINEY - Zapatero de 5 niveles, almacenamiento de zapatos para entrada y clóset, organizador de zapatos de pie con estantes de malla metálica, 16-20 pares de zapatos, color café rústico y negro",https://www.amazon.com.mx/dp/B0C281QVGZ,https://www.amazon.com/dp/B0C281QVGZ,NutriBien,
,B0C1C5QTV9,5,Hogar y Cocina,disponible,no disponible,,,2025-10-19T03:20:11.730Z,2025-10-21T02:52:48.811Z,2025-10-28T04:39:12.993Z,825.4,,$722.92,"Geetery - Juego de 5 estantes flotantes de resina con forma de hongos, estilo rústico, estantes adhesivos para decoración de pared, hogar, cocina, recámara, baño",https://www.amazon.com.mx/dp/B0C1C5QTV9,https://www.amazon.com/dp/B0C1C5QTV9,SRKSB LLC,
,B0C4LH4838,5,Hogar y Cocina,disponible,no disponible,,,2025-10-19T03:20:11.730Z,2025-10-21T02:52:55.646Z,2025-10-28T04:39:20.949Z,2011.28,,"$1,979.81",4 Soportes de metal para estante 11 x 7.5 pulgadas de hierro fundido negro estantes (28 x 19 cm),https://www.amazon.com.mx/dp/B0C4LH4838,https://www.amazon.com/dp/B0C4LH4838,SRKSB LLC,
,B0C1N1NP3N,5,Hogar y Cocina,disponible,no disponible,,,2025-10-19T03:20:11.730Z,2025-10-21T02:53:02.616Z,2025-10-28T04:39:28.594Z,1390.81,,"$1,389.43","Tinpin - Estante de esquina para pared de 5 niveles, decoración de pared para el hogar, sala de estar, recámara, estantes de esquina de pared, estantes rústicos de tubería industrial, día de Acción de",https://www.amazon.com.mx/dp/B0C1N1NP3N,https://www.amazon.com/dp/B0C1N1NP3N,Aldashop,
,B0BZR73H99,5,Hogar y Cocina,disponible,no disponible,,,2025-10-19T03:20:11.731Z,2025-10-21T02:53:10.089Z,2025-10-28T04:39:36.908Z,856.16,,$844.84,"4 separadores de cajones, 43 a 55 cm, separadores de cajones ajustables de bambú para cocina, ropa, aparadores, hogar, oficina",https://www.amazon.com.mx/dp/B0BZR73H99,https://www.amazon.com/dp/B0BZR73H99,SRKSB LLC,
,B0B5D5H627,5,Hogar y Cocina,disponible,no disponible,,,2025-10-19T03:20:11.731Z,2025-10-21T02:53:18.337Z,2025-10-28T04:39:43.835Z,800.73,,$806.14,"Organizador y almacenamiento de mostrador de baño, organizador de encimera de cocina para fregadero de baño y barra de café, estante de bandeja de cambiador de 2 niveles para decoración de baño",https://www.amazon.com.mx/dp/B0B5D5H627,https://www.amazon.com/dp/B0B5D5H627,SRKSB LLC,
,B0BRHW1RLR,5,Hogar y Cocina,disponible,no disponible,,,2025-10-19T03:20:11.731Z,2025-10-21T02:53:26.414Z,2025-10-28T04:39:50.838Z,520.64,,$515.85,"VERTORGAN - Ganchos para colgar en la pared, para sombreros de madera con 4 ganchos para entrada, baño, recámara (café)",https://www.amazon.com.mx/dp/B0BRHW1RLR,https://www.amazon.com/dp/B0BRHW1RLR,SRKSB LLC,
,B0BB6HQ9HC,5,Hogar y Cocina,disponible,no disponible,,,2025-10-19T03:20:11.731Z,2025-10-21T02:53:34.327Z,2025-10-28T04:39:59.235Z,1225.74,,"$1,210.90","DGWJSU Organizador de arete, organizador de 5 capas con soporte para collar, organizador de joyas de madera rústica para arete, pulsera, collar, anillos, relojes",https://www.amazon.com.mx/dp/B0BB6HQ9HC,https://www.amazon.com/dp/B0BB6HQ9HC,SRKSB LLC,
,B0B697ZZKR,5,Hogar y Cocina,disponible,no disponible,,,2025-10-19T03:20:24.148Z,2025-10-21T02:53:42.676Z,2025-10-28T04:40:06.569Z,541.7,,$543.08,"HRONRAD - Soporte de llaves rústico para pared, estante de madera con 4 ganchos, organizador de correo con ganchos para entrada (café)",https://www.amazon.com.mx/dp/B0B697ZZKR,https://www.amazon.com/dp/B0B697ZZKR,SRKSB LLC,
,B096G87DWG,5,Hogar y Cocina,disponible,no disponible,,,2025-10-19T03:20:24.148Z,2025-10-21T02:53:49.517Z,2025-10-28T04:40:14.237Z,692.79,,$691.41,"MITIME - Estantes colgantes para pared y ventana para plantas en interiores, estantes flotantes de pared para recámara, baño, sala de estar, estante colgante de pared de macramé, decoración de pared",https://www.amazon.com.mx/dp/B096G87DWG,https://www.amazon.com/dp/B096G87DWG,Boon Shopping,
,B0B3VJ11SJ,5,Hogar y Cocina,disponible,no disponible,,,2025-10-19T03:20:24.148Z,2025-10-21T02:53:56.196Z,2025-10-28T04:40:22.757Z,695.76,,$683.00,"ELITAPRO - Soporte de sábanas para secadora para lavadero, caja de sábanas para secadora de granja con tapa, decoración y accesorios para lavadero, contenedor de hojas de metal para organización y",https://www.amazon.com.mx/dp/B0B3VJ11SJ,https://www.amazon.com/dp/B0B3VJ11SJ,Aldashop,
,B09YLPSC8P,5,Hogar y Cocina,disponible,disponible,,,2025-10-19T03:20:24.148Z,2025-10-21T02:54:04.416Z,2025-10-28T04:40:31.486Z,941.45,23.99,$946.77,"UNITEDPOWER Estante de almacenamiento de taladro eléctrico, capacidad para 4 taladros, organizador de herramientas eléctricas de montaje en pared mejorado 2022 para taller, cobertizo, cochera, hogar",https://www.amazon.com.mx/dp/B09YLPSC8P,https://www.amazon.com/dp/B09YLPSC8P,SRKSB LLC,Lamber Craft Innovations
,B09XXL7B9Y,5,Hogar y Cocina,disponible,disponible,,,2025-10-19T03:20:24.148Z,2025-10-21T02:54:12.429Z,2025-10-28T04:40:40.055Z,525.57,9.99,$525.57,"Weronique Paquete de 2 estantes de pared pequeños adhesivos flotantes, estantes colgantes de acrílico con 2 tipos de instalación, transparentes",https://www.amazon.com.mx/dp/B09XXL7B9Y,https://www.amazon.com/dp/B09XXL7B9Y,SRKSB LLC,We-ronique
,B09Q5BNKRV,5,Hogar y Cocina,disponible,disponible,,,2025-10-19T03:20:24.148Z,2025-10-21T02:54:20.598Z,2025-10-28T04:40:47.546Z,578.07,16.99,$688.63,"Umriox Bolsa de malla con cremallera, 13 x 9 pulgadas (6 colores, 18 paquetes), bolsas transparentes con cremallera, bolsa de viaje impermeable para suministros escolares, rompecabezas, juegos de mesa y proyectos de manualidades",https://www.amazon.com.mx/dp/B09Q5BNKRV,https://www.amazon.com/dp/B09Q5BNKRV,IntelliFind,Umriox LLC
,B09258M314,5,Hogar y Cocina,disponible,no disponible,,,2025-10-19T03:20:24.149Z,2025-10-21T02:54:28.115Z,2025-10-28T04:40:55.992Z,968.09,,$957.87,"SKOLOO - Perchero para pared con 14 ganchos, madera maciza, moderno, ampliable, soporte de pared para abrigos, sombreros, bolsos, gorras de béisbol, color nogal",https://www.amazon.com.mx/dp/B09258M314,https://www.amazon.com/dp/B09258M314,SRKSB LLC,
,B09Y2TB4TN,5,Hogar y Cocina,disponible,no disponible,,,2025-10-19T03:20:24.149Z,2025-10-21T02:54:35.948Z,2025-10-28T04:41:03.950Z,1299.79,,"$1,307.38","Paquete de 20 perchas antideslizantes de terciopelo para traje con gancho giratorio de 360°, perchas de ropa color beige, resistentes para adultos",https://www.amazon.com.mx/dp/B09Y2TB4TN,https://www.amazon.com/dp/B09Y2TB4TN,SRKSB LLC,
,B09SSZ5QFW,5,Hogar y Cocina,disponible,no disponible,,,2025-10-19T03:20:24.149Z,2025-10-21T02:54:52.238Z,2025-10-28T04:41:18.520Z,819.96,,$819.96,"RLAVBL Juego de 2 estantes flotantes montados en la pared, estante de pared de madera de almacenamiento rústico para dormitorio, sala de estar, baño, cocina, casa de campo",https://www.amazon.com.mx/dp/B09SSZ5QFW,https://www.amazon.com/dp/B09SSZ5QFW,SRKSB LLC,
,B09Q5G5XH1,5,Hogar y Cocina,disponible,disponible,,,2025-10-19T03:20:24.149Z,2025-10-21T02:54:59.399Z,2025-10-28T04:41:26.838Z,793.09,15.99,$793.09,"Umriox - Bolsa de malla con cierre, 9.5 x 7.1 pulgadas (6 colores, 18 paquetes), bolsas transparentes con cierre, bolsas impermeables con cierre para suministros de oficina, cosméticos, almacenamiento de viaje",https://www.amazon.com.mx/dp/B09Q5G5XH1,https://www.amazon.com/dp/B09Q5G5XH1,SRKSB LLC,Umriox LLC
,B0BJBBYCQV,5,Hogar y Cocina,disponible,no disponible,,,2025-10-19T03:20:24.149Z,2025-10-21T02:55:06.366Z,2025-10-28T04:41:34.988Z,600,,$712.52,"Organizador de esquina de baño, organizador de estante de mostrador de baño, estante de especias de cocina, bandejas de cambiador para baño",https://www.amazon.com.mx/dp/B0BJBBYCQV,https://www.amazon.com/dp/B0BJBBYCQV,ZHANGSHUBIN123,
,B097ST3L12,5,Hogar y Cocina,disponible,disponible,,,2025-10-19T03:20:24.149Z,2025-10-21T02:55:14.141Z,2025-10-28T04:41:42.175Z,1345.55,37.99,"$1,345.56","FENTEC - Paquete de 2 organizadores de zapatos para colgar en la puerta, estante organizador de zapatos, 24 bolsillos grandes y 4 compartimentos más grandes, varios compartimentos con 6 ganchos,",https://www.amazon.com.mx/dp/B097ST3L12,https://www.amazon.com/dp/B097ST3L12,Boon Shopping,Fentec
,B07DV5N4P4,5,Hogar y Cocina,disponible,disponible,,PRICE_AND_SELLER_NOT_FOUND,2025-10-19T03:20:24.149Z,2025-10-21T02:55:21.891Z,2025-10-28T04:41:50.678Z,1534.95,,"$1,837.67","SANSREPONSE - Joyero de lujo, accesorio de almacenamiento, caja de accesorios con cerradura de espejo, arete, collar, anillo de regalo para mujeres (rosa intenso-L)",https://www.amazon.com.mx/dp/B07DV5N4P4,https://www.amazon.com/dp/B07DV5N4P4,Amazon Estados Unidos,
,B07VQT6VFG,5,Hogar y Cocina,disponible,disponible,,,2025-10-19T03:20:24.149Z,2025-10-21T02:55:28.804Z,2025-10-28T04:41:58.860Z,1022.67,26.99,"$1,040.43","Ultrawall Soporte para pala de pared, ganchos de cochera resistentes para pared, ganchos de herramientas para pared de cochera",https://www.amazon.com.mx/dp/B07VQT6VFG,https://www.amazon.com/dp/B07VQT6VFG,Boon Shopping,Ultrawall
,B097R5MJ8Z,5,Hogar y Cocina,disponible,no disponible,,,2025-10-19T03:20:24.149Z,2025-10-21T02:55:36.575Z,2025-10-28T04:42:07.338Z,618.62,,$618.62,"ZUONAI - Ganchos para chamarra de níquel cepillado, paquete de 2 ganchos de baño para colgar abrigos y sombreros, ganchos de toalla para baño, gancho de doble pared",https://www.amazon.com.mx/dp/B097R5MJ8Z,https://www.amazon.com/dp/B097R5MJ8Z,SRKSB LLC,
,B0973483SP,5,Hogar y Cocina,disponible,disponible,,,2025-10-19T03:20:24.150Z,2025-10-21T02:55:44.234Z,2025-10-28T04:42:15.067Z,806.28,15.99,$806.28,"WYZHDQ Organizador de mesita de noche para colgar como litera, accesorios de almacenamiento, pasamanos con múltiples bolsillos para dormitorio o litera",https://www.amazon.com.mx/dp/B0973483SP,https://www.amazon.com/dp/B0973483SP,SRKSB LLC,WYZHDQ-US
,B095J1VWWS,5,Hogar y Cocina,disponible,disponible,,,2025-10-19T03:20:34.626Z,2025-10-21T02:55:52.145Z,2025-10-28T04:42:22.721Z,533.74,9.89,$530.85,"GUANJUNE - Paquete de 10 perchas para pantalones de ropa con ganchos giratorios de 360 °, clips ajustables, chamarra de pantalones, ropa de mezclilla, color negro",https://www.amazon.com.mx/dp/B095J1VWWS,https://www.amazon.com/dp/B095J1VWWS,SRKSB LLC,GUANJUNE-US
,B09324YMC2,5,Hogar y Cocina,disponible,no disponible,,,2025-10-19T03:20:34.626Z,2025-10-21T02:56:00.358Z,2025-10-28T04:42:31.578Z,581.5,,$568.73,"XVZ Ganchos de pastor ajustables, paquete de 2 ganchos de pastor ajustables, 91,5 cm, ganchos de pastor de metal superfuertes para colgar pajareras, macetas, faroles, decoración de bodas, color negro",https://www.amazon.com.mx/dp/B09324YMC2,https://www.amazon.com/dp/B09324YMC2,SRKSB LLC,
,B08YYJJVPZ,5,Hogar y Cocina,disponible,no disponible,,,2025-10-19T03:20:34.627Z,2025-10-21T02:56:07.001Z,2025-10-28T04:42:39.974Z,1504.1,,"$1,504.10","YMYNY - Soporte de estante de tubería industrial, estante flotante de 2 niveles retro montado en la pared, estantería de almacenamiento de aspecto de madera, estantería de almacenamiento para bricolaje, UHRF-TM014",https://www.amazon.com.mx/dp/B08YYJJVPZ,https://www.amazon.com/dp/B08YYJJVPZ,SRKSB LLC,
,B08P7CZG1Z,5,Hogar y Cocina,disponible,no disponible,,,2025-10-19T03:20:34.627Z,2025-10-21T02:56:14.327Z,2025-10-28T04:42:47.368Z,1192.18,,"$1,201.22","Paquete de 20 soportes de estante de 12 pulgadas, soporte flotante de metal de hierro negro resistente, soportes decorativos de granja rústica para estantes, soporte de esquina de montaje en pared para tablas de madera",https://www.amazon.com.mx/dp/B08P7CZG1Z,https://www.amazon.com/dp/B08P7CZG1Z,SRKSB LLC,
,B08GYBD8SP,5,Hogar y Cocina,disponible,no disponible,,,2025-10-19T03:20:34.627Z,2025-10-21T02:56:21.338Z,2025-10-28T04:42:55.333Z,1797.62,,"$1,797.62","YMYNY UHRF-TM004 - Estantería flotante para pared de tuberías industriales con tablero de madera de 2 niveles, color café",https://www.amazon.com.mx/dp/B08GYBD8SP,https://www.amazon.com/dp/B08GYBD8SP,SRKSB LLC,
,B08B3TY9N4,5,Hogar y Cocina,disponible,no disponible,,,2025-10-19T03:20:34.627Z,2025-10-21T02:56:29.342Z,2025-10-28T04:43:03.400Z,855,,$855.00,"SKOLOO Perchero de pared de madera, 16 pulgadas de agujero a agujero, 5 clavijas de bambú para colgar ropa, batas, toallas, sombreros, negro",https://www.amazon.com.mx/dp/B08B3TY9N4,https://www.amazon.com/dp/B08B3TY9N4,SRKSB LLC,
,B08Y8SM15T,5,Hogar y Cocina,disponible,disponible,,,2025-10-19T03:20:34.627Z,2025-10-21T02:56:37.398Z,2025-10-28T04:43:10.575Z,1034.4,25.98,"$1,081.77","Juego de 3 cestas de almacenamiento de tela, caja de almacenamiento plegable de lino para guardería y hogar, cesta plegable de lona para clóset o recámara, gris",https://www.amazon.com.mx/dp/B08Y8SM15T,https://www.amazon.com/dp/B08Y8SM15T,SRKSB LLC,CREADARD
,B08P6HYFGL,5,Hogar y Cocina,disponible,no disponible,,,2025-10-19T03:20:34.627Z,2025-10-21T02:56:45.378Z,2025-10-28T04:43:18.119Z,1004.11,,$986.14,"AKKO Estantes flotantes para pared, juego de 2 estantes de madera rústica montados en la pared, decoración perfecta del hogar para baño, granja, cocina, dormitorio y sala de estar",https://www.amazon.com.mx/dp/B08P6HYFGL,https://www.amazon.com/dp/B08P6HYFGL,SRKSB LLC,
,B089D3H9MN,5,Hogar y Cocina,disponible,disponible,,,2025-10-19T03:20:34.627Z,2025-10-21T02:56:53.763Z,2025-10-28T04:43:25.499Z,441.9,13.09,$580.78,"Paquete de 15 ganchos en forma de S resistentes de acero inoxidable para cocina, taller, cuarto de baño (4,3"", diámetro de 4 mm), 18pcs",https://www.amazon.com.mx/dp/B089D3H9MN,https://www.amazon.com/dp/B089D3H9MN,Amazon Estados Unidos,qihuadadianzi
,B085WL847B,5,Hogar y Cocina,disponible,disponible,,,2025-10-19T03:20:34.627Z,2025-10-21T02:57:00.950Z,2025-10-28T04:43:32.788Z,1121.05,21.99,"$1,129.20","Hinwo - Cesta de almacenamiento de 70 L de gran capacidad, plegable, con asas de piel sintética y cierre de cordón, 55,88 x 38,10 cm, capa interior impermeable, rayas negras",https://www.amazon.com.mx/dp/B085WL847B,https://www.amazon.com/dp/B085WL847B,SRKSB LLC,Sea Team
,B07Z5XXRS8,5,Hogar y Cocina,disponible,no disponible,,,2025-10-19T03:20:34.627Z,2025-10-21T02:57:08.270Z,2025-10-28T04:43:39.912Z,982.63,,$987.86,"ELONG HOME - Juego de 20 perchas de madera maciza con acabado extra suave, muescas de corte preciso y gancho giratorio chapado en cromo, perchas de ropa para camisa, chamarra, chamarra, vestido, natural",https://www.amazon.com.mx/dp/B07Z5XXRS8,https://www.amazon.com/dp/B07Z5XXRS8,SRKSB LLC,
,B07VBLKZV4,5,Hogar y Cocina,disponible,disponible,,,2025-10-19T03:20:34.627Z,2025-10-21T02:57:16.978Z,2025-10-28T04:43:47.499Z,683.92,13.99,$678.01,"Hinwo - Cesta de almacenamiento de gran capacidad de 31 L, de lona, plegable, con asas de piel sintética y cierre de cordón, 42 x 30 cm, capa interior impermeable, diseño de rayas rosas",https://www.amazon.com.mx/dp/B07VBLKZV4,https://www.amazon.com/dp/B07VBLKZV4,SRKSB LLC,Sea Team
,B08KDPBQFL,5,Hogar y Cocina,disponible,no disponible,,,2025-10-19T03:20:34.628Z,2025-10-21T02:57:32.380Z,2025-10-28T04:44:02.055Z,2379.66,,"$2,768.16","Lucalda Carrito clasificador de lavandería, organizador de baño, canastas de almacenamiento de ropa sucia con ruedas giratorias resistentes, estantes de almacenamiento de 3 niveles con 1 bolsa para ropa",https://www.amazon.com.mx/dp/B08KDPBQFL,https://www.amazon.com/dp/B08KDPBQFL,SRKSB LLC,
,B095XT33T8,5,Hogar y Cocina,disponible,disponible,,,2025-10-19T03:20:34.628Z,2025-10-21T02:57:39.027Z,2025-10-28T04:44:09.732Z,832.79,19.99,$884.39,"Mochila de lavandería de 115 l, mochila de lavandería extragrande, bolsa de ropa sucia con correas para los hombros, bolsa de lavandería con cierre de cordón para recámara universitario, departamento,",https://www.amazon.com.mx/dp/B095XT33T8,https://www.amazon.com/dp/B095XT33T8,REYNA STORE,WW stroe
,B08RD9VYK7,5,Hogar y Cocina,disponible,no disponible,,,2025-10-19T03:20:34.628Z,2025-10-21T02:57:48.363Z,2025-10-28T04:44:19.574Z,1963.61,,"$1,963.61","TUMUCUTE cubos de almacenamiento de alambre, 12 estantes de almacenamiento de metal, estantería apilable, organizador modular para dormitorio, sala de estar, oficina, color negro",https://www.amazon.com.mx/dp/B08RD9VYK7,https://www.amazon.com/dp/B08RD9VYK7,SRKSB LLC,
,B0DJVB7RHW,5,Hogar y Cocina,disponible,disponible,,,2025-10-19T03:20:34.628Z,2025-10-21T02:57:55.260Z,2025-10-28T04:44:27.886Z,372.65,4.39,$407.56,"Paquete de 2 adhesivos para reemplazo de regadera, resistentes ganchos adhesivos para estantes de baño, tiras adhesivas impermeables para ducha, almohadillas para orejas adhesivas sin perforación,",https://www.amazon.com.mx/dp/B0DJVB7RHW,https://www.amazon.com/dp/B0DJVB7RHW,SRKSB LLC,Zhuxi US
,B0DHTH47W6,5,Hogar y Cocina,disponible,no disponible,,,2025-10-19T03:20:47.303Z,2025-10-21T02:58:01.665Z,2025-10-28T04:44:35.049Z,1477.03,,"$1,477.03","APRTAT - Perchas de bambú – Paquete de 30 perchas delgadas y duraderas con gancho giratorio de 360 grados, para ropa, chamarra, camisa, playera sin mangas, pantalón (natural)",https://www.amazon.com.mx/dp/B0DHTH47W6,https://www.amazon.com/dp/B0DHTH47W6,SRKSB LLC,
,B0DHKFVW47,5,Hogar y Cocina,disponible,no disponible,,,2025-10-19T03:20:47.303Z,2025-10-21T02:58:08.632Z,2025-10-28T04:44:42.746Z,2078.86,,"$2,078.86","RICHFOCUS - Estantes flotantes de roble macizo para baño, estantes de madera para habitación, pared, cocina, más grueso, moderno, con soporte resistente para montaje en pared, 24 pulgadas de ancho x 9",https://www.amazon.com.mx/dp/B0DHKFVW47,https://www.amazon.com/dp/B0DHKFVW47,SRKSB LLC,
,B0DB21QZV7,5,Hogar y Cocina,disponible,no disponible,,,2025-10-19T03:20:47.303Z,2025-10-21T02:58:15.695Z,2025-10-28T04:44:51.175Z,1847.62,,"$1,897.62","MITREL - Estantería de sombra de 17.7 x 15.7 pulgadas, estantes flotantes rústicos de 9 ranuras, estante grande montado en la pared, estante de exhibición ligero de madera maciza (juego de 2,9",https://www.amazon.com.mx/dp/B0DB21QZV7,https://www.amazon.com/dp/B0DB21QZV7,SRKSB LLC,
,B08XXR7263,5,Hogar y Cocina,disponible,disponible,,,2025-10-19T03:20:47.303Z,2025-10-21T02:58:23.378Z,2025-10-28T04:44:59.053Z,911.76,20.31,$911.76,"Mochila de lavandería, bolsa de lavandería extragrande de 115 l con correas, mochila de lavandería resistente, mochila portátil para recámara universitario, departamento, lavandería, bolsa de lavandería universitaria",https://www.amazon.com.mx/dp/B08XXR7263,https://www.amazon.com/dp/B08XXR7263,SRKSB LLC,WW stroe
,B07TT2GFB2,5,Hogar y Cocina,disponible,disponible,,,2025-10-19T03:20:47.304Z,2025-10-21T02:58:31.331Z,2025-10-28T04:45:06.561Z,1154.37,31.99,"$1,177.43","SKOLOO - Gancho para puertas de hasta 1-3/4 pulgadas de grosor, paquete de 2, colgador de puerta de metal con 5 ganchos triples, colgador negro sobre la puerta para abrigos, sombreros, toallas,",https://www.amazon.com.mx/dp/B07TT2GFB2,https://www.amazon.com/dp/B07TT2GFB2,SRKSB LLC,Skoloo
,B07SPXX915,5,Hogar y Cocina,disponible,disponible,,,2025-10-19T03:20:47.304Z,2025-10-21T02:58:38.453Z,2025-10-28T04:45:15.014Z,583.53,9.99,$583.53,"Topfinder Bolsas de cosméticos transparentes con cremallera, bolsa de malla para maquillaje, estuche para lápices, neceser de viaje, estuche de almacenamiento ((6A+5A)3 (negro)",https://www.amazon.com.mx/dp/B07SPXX915,https://www.amazon.com/dp/B07SPXX915,SRKSB LLC,lightsome store
,B07SDB6H4V,5,Hogar y Cocina,disponible,no disponible,,,2025-10-19T03:20:47.304Z,2025-10-21T02:58:46.196Z,2025-10-28T04:45:23.400Z,923.82,,$931.47,"Titan Mall - Perchas para pantalones (30 unidades, 25,4 cm, plástico, con ganchos grandes antideslizantes y gancho giratorio 360º), percha de ropa de plástico resistente y duradera, elegante y económica para colgar pantalones",https://www.amazon.com.mx/dp/B07SDB6H4V,https://www.amazon.com/dp/B07SDB6H4V,SRKSB LLC,
,B0872652LJ,5,Hogar y Cocina,disponible,disponible,,,2025-10-19T03:20:47.304Z,2025-10-21T02:58:54.425Z,2025-10-28T04:45:30.467Z,3363.74,80.99,"$3,586.30","YUBELLES 2 Level Clothes Drying Rack (Dark Grey, 13.78"" D x 38.98"" W x 26.77"" H)",https://www.amazon.com.mx/dp/B0872652LJ,https://www.amazon.com/dp/B0872652LJ,SRKSB LLC,YUBELLES
,B085DJTS9T,5,Hogar y Cocina,disponible,no disponible,,,2025-10-19T03:20:47.304Z,2025-10-21T02:59:01.965Z,2025-10-28T04:45:39.206Z,1048.37,,"$1,048.37","Elong Home Perchas de plástico para ropa, perchas de goma mejoradas antideslizantes, duraderas y delgadas para ropa de mujer, Negro, 20",https://www.amazon.com.mx/dp/B085DJTS9T,https://www.amazon.com/dp/B085DJTS9T,SRKSB LLC,
,B085WLDTDH,5,Hogar y Cocina,disponible,disponible,,,2025-10-19T03:20:47.304Z,2025-10-21T02:59:08.019Z,2025-10-28T04:45:46.690Z,832.95,19.99,$843.33,"Hinwo 70L - Cesta de almacenamiento plegable de tela de gran capacidad, con asas de piel sintética y cierre de cordón, 22 x 15 pulgadas, capa interior impermeable, diseño de rayas moradas",https://www.amazon.com.mx/dp/B085WLDTDH,https://www.amazon.com/dp/B085WLDTDH,SRKSB LLC,Sea Team
,B08B6BF3SN,5,Hogar y Cocina,disponible,disponible,,,2025-10-19T03:20:47.304Z,2025-10-21T02:59:15.024Z,2025-10-28T04:45:54.616Z,726.6,17.99,$726.60,"Cesto de ropa sucia grande, cesto de ropa sucia alto con asas resistentes, cestos para ropa sucia, cesto de ropa sucia rectangular para baño, dormitorio, cesto de ropa sucia extra grande para juguetes de ropa (bolsa no incluida)",https://www.amazon.com.mx/dp/B08B6BF3SN,https://www.amazon.com/dp/B08B6BF3SN,SRKSB LLC,Luckyystarr
,B085DJVMSB,5,Hogar y Cocina,disponible,no disponible,,,2025-10-19T03:20:47.304Z,2025-10-21T02:59:24.095Z,2025-10-28T04:46:02.363Z,1241.7,,"$1,241.70","Elong Home Perchas de plástico para ropa, perchas de goma mejoradas antideslizantes, duraderas y delgadas para ropa de mujer, gris, 30",https://www.amazon.com.mx/dp/B085DJVMSB,https://www.amazon.com/dp/B085DJVMSB,SRKSB LLC,
,B085C6Q8Q9,5,Hogar y Cocina,disponible,no disponible,,,2025-10-19T03:20:47.304Z,2025-10-21T02:59:31.063Z,2025-10-28T04:46:10.815Z,1046,,"$1,060.03","ELONG HOME Perchas finas de plástico negro para ropa, paquete de 20 perchas de goma mejoradas antideslizantes, perchas de muescas delgadas duraderas, 17.7 pulgadas de ancho para ropa de adultos",https://www.amazon.com.mx/dp/B085C6Q8Q9,https://www.amazon.com/dp/B085C6Q8Q9,SRKSB LLC,
,B07V6C5B4R,5,Hogar y Cocina,disponible,disponible,,,2025-10-19T03:20:47.305Z,2025-10-21T02:59:39.165Z,2025-10-28T04:46:17.837Z,1575.72,42.99,"$1,575.72","Lazy Susan Cesta organizadora de alambre con asa de metal organizadora, organizador de almacenamiento para clóset de cocina, organizador de latas de 1/4 de cuña, color negro, 4)",https://www.amazon.com.mx/dp/B07V6C5B4R,https://www.amazon.com/dp/B07V6C5B4R,SRKSB LLC,LEEDEN
,B0D65KSMBN,5,Hogar y Cocina,disponible,no disponible,,,2025-10-19T03:20:47.305Z,2025-10-21T02:59:46.554Z,2025-10-28T04:46:26.517Z,991.56,,$991.56,"Lucundm - Soporte para llaves y correos para montaje en pared, soporte para correo de entrada con 2 ranuras, soporte para llaves con 3 ganchos resistentes para chamarra, correa para perro, llavero",https://www.amazon.com.mx/dp/B0D65KSMBN,https://www.amazon.com/dp/B0D65KSMBN,SRKSB LLC,
,B0D59XL9Z9,5,Hogar y Cocina,disponible,no disponible,,,2025-10-19T03:20:47.305Z,2025-10-21T02:59:54.064Z,2025-10-28T04:46:33.676Z,399.33,,$400.74,"Spiglamm - Paquete de 2 ganchos adhesivos para ducha, transparente, plástico, montaje en pared, 2 ganchos, rectangulares, 10 kg/22 libras, resistente al óxido",https://www.amazon.com.mx/dp/B0D59XL9Z9,https://www.amazon.com/dp/B0D59XL9Z9,SRKSB LLC,
,B0CRV7V9BR,5,Hogar y Cocina,disponible,no disponible,,,2025-10-19T03:20:59.679Z,2025-10-21T03:00:09.325Z,2025-10-28T04:46:48.617Z,1268.75,,"$1,268.75",OriCre Estanterías flotantes,https://www.amazon.com.mx/dp/B0CRV7V9BR,https://www.amazon.com/dp/B0CRV7V9BR,SRKSB LLC,
,B09HPDQT7X,5,Hogar y Cocina,disponible,no disponible,,,2025-10-19T03:20:59.679Z,2025-10-21T03:00:17.129Z,2025-10-28T04:46:55.567Z,2878.55,,"$2,877.17","ROOREVO Estantes flotantes de pared, estante de pared de madera rústica hecho a mano, estantes de madera para baño, cocina, sala de estar (nogal claro, 36 pulgadas, 2 unidades)",https://www.amazon.com.mx/dp/B09HPDQT7X,https://www.amazon.com/dp/B09HPDQT7X,Boon Shopping,
,B000KM4Z5O,5,Hogar y Cocina,disponible,no disponible,,,2025-10-19T03:20:59.679Z,2025-10-21T03:00:23.758Z,2025-10-28T04:47:02.894Z,1470.98,,"$1,488.77","QuikCLOSET The Original - Organizador de armario plegable, soporte para ropa",https://www.amazon.com.mx/dp/B000KM4Z5O,https://www.amazon.com/dp/B000KM4Z5O,SRKSB LLC,
,B07QK8RMJ9,5,Hogar y Cocina,disponible,disponible,,,2025-10-19T03:20:59.679Z,2025-10-21T03:00:32.657Z,2025-10-28T04:47:10.939Z,721.84,17.99,$721.84,"Bolsa para pinzas de ropa XL, correa doble para hombro y cintura y clips de doble línea La bolsa de pinzas para tendedero al aire libre tiene capacidad para 300 pines. Soporte de malla para alfileres de ropa (resistente al agua y a la abrasión)",https://www.amazon.com.mx/dp/B07QK8RMJ9,https://www.amazon.com/dp/B07QK8RMJ9,SRKSB LLC,Fifth Start
,B07GZ9GNFQ,5,Hogar y Cocina,disponible,no disponible,,,2025-10-19T03:20:59.679Z,2025-10-21T03:00:40.995Z,2025-10-28T04:47:18.982Z,1348.55,,"$1,268.94","Ultrawall Organizador de herramientas de jardín, organizador de herramientas de cochera de 48 pulgadas, soporte de pared de acero resistente para herramientas, capacidad de peso de 400 libras",https://www.amazon.com.mx/dp/B07GZ9GNFQ,https://www.amazon.com/dp/B07GZ9GNFQ,Boon Shopping,
,B0DB1Y2Q23,5,Hogar y Cocina,disponible,no disponible,,,2025-10-19T03:20:59.679Z,2025-10-21T03:00:49.064Z,2025-10-28T04:47:26.337Z,802.89,,$802.89,"BEGULF - Toalla de baño para baño pequeño montado en la pared, estante de toallas de 2 niveles, toallero de pared para toallas enrolladas, soporte de toallas con estante de metal, organizador de",https://www.amazon.com.mx/dp/B0DB1Y2Q23,https://www.amazon.com/dp/B0DB1Y2Q23,SRKSB LLC,
,B0797SQHWV,5,Hogar y Cocina,disponible,no disponible,,,2025-10-19T03:20:59.679Z,2025-10-21T03:00:56.850Z,2025-10-28T04:47:34.752Z,636.14,,$630.99,106 Pack perchas de imagen para oficina en casa Hardwall colgar marcos gancho yeso arte pintura soporte reloj boda fotos espejo montantes de pared (22.7 kilogram ganchos),https://www.amazon.com.mx/dp/B0797SQHWV,https://www.amazon.com/dp/B0797SQHWV,SRKSB LLC,
,B0CTLMCNNS,5,Hogar y Cocina,disponible,no disponible,,,2025-10-19T03:20:59.680Z,2025-10-21T03:01:04.578Z,2025-10-28T04:47:42.943Z,3002.95,,"$3,031.75",Vrietina - Soporte de exhibición industrial para sombreros,https://www.amazon.com.mx/dp/B0CTLMCNNS,https://www.amazon.com/dp/B0CTLMCNNS,CATTLESIV,
,B0936ZMWPV,5,Hogar y Cocina,disponible,no disponible,,,2025-10-19T03:20:59.680Z,2025-10-21T03:01:11.755Z,2025-10-28T04:47:51.857Z,728.41,,$731.95,"SOLIMINTR - Organizador de joyería colgante con estante de madera rústico, caja de exhibición de anillo, soporte para arete, organizador giratorio para collar",https://www.amazon.com.mx/dp/B0936ZMWPV,https://www.amazon.com/dp/B0936ZMWPV,DERYA KANPOLAT,
,B07PVDWHG5,5,Hogar y Cocina,disponible,no disponible,,,2025-10-19T03:20:59.680Z,2025-10-21T03:01:19.591Z,2025-10-28T04:47:59.280Z,778.61,,$781.27,"KWLET Cesta pequeña de almacenamiento poco profunda, cesta de almacenamiento de fieltro, cesta larga y estrecha para toallas, juguetes para perros, gatos, suministros de oficina, juguetes para bebés,",https://www.amazon.com.mx/dp/B07PVDWHG5,https://www.amazon.com/dp/B07PVDWHG5,SRKSB LLC,
,B0C581P612,5,Hogar y Cocina,disponible,disponible,,,2025-10-19T03:20:59.680Z,2025-10-21T03:01:28.405Z,2025-10-28T04:48:07.588Z,1296.8,35.96,"$1,296.80","Divisores de estantes acrílicos para organización de clóset, organizador de clóset para recámara, divisores de clóset para estantes de acrílico transparente, divisor de ropa (transparente, paquete de",https://www.amazon.com.mx/dp/B0C581P612,https://www.amazon.com/dp/B0C581P612,SRKSB LLC,XYH Store
,B0BWMLZPJ7,5,Hogar y Cocina,disponible,no disponible,,,2025-10-19T03:20:59.680Z,2025-10-21T03:01:35.511Z,2025-10-28T04:48:16.108Z,1114.55,,"$1,344.10","QEEIG - Estantes de baño blancos sobre inodoro, estantes flotantes montados en la pared, estante de papel higiénico, pequeño juego de 2 unidades (019-W2)",https://www.amazon.com.mx/dp/B0BWMLZPJ7,https://www.amazon.com/dp/B0BWMLZPJ7,Passes,
,B09WVCLZNS,5,Hogar y Cocina,disponible,no disponible,,,2025-10-19T03:20:59.680Z,2025-10-21T03:01:42.560Z,2025-10-28T04:48:22.968Z,463.68,,$475.06,"Paquete de 12 organizadores de clóset y almacenamiento, organizador de clóset para ropa pesada, organizador de clóset resistente, organizador y almacenamiento de clóset, ahorro de espacio para clóset, artículos esenciales para estudiantes universitarios y niñas",https://www.amazon.com.mx/dp/B09WVCLZNS,https://www.amazon.com/dp/B09WVCLZNS,SRKSB LLC,
,B0BYDF29DC,5,Hogar y Cocina,disponible,no disponible,,,2025-10-19T03:20:59.680Z,2025-10-21T03:01:49.625Z,2025-10-28T04:48:31.053Z,947.09,,$952.15,"SANRETAHO Estantes flotantes para decoración de pared, juego de 1, estantes de almacenamiento de madera montados en la pared, estante flotante de granja para decoración de baño, recámara, sala de estar, cocina, café rústico",https://www.amazon.com.mx/dp/B0BYDF29DC,https://www.amazon.com/dp/B0BYDF29DC,SRKSB LLC,
,B07QJ25XZ4,5,Hogar y Cocina,disponible,no disponible,,,2025-10-19T03:20:59.681Z,2025-10-21T03:01:56.213Z,2025-10-28T04:48:38.336Z,4783.88,,"$4,875.63","Fox Hollow Furnishings - Nicho de pared empotrable de 14 x 24 pulgadas, estante de pared para almacenamiento y decoración del hogar, 3 estantes (blanco con respaldo liso)",https://www.amazon.com.mx/dp/B07QJ25XZ4,https://www.amazon.com/dp/B07QJ25XZ4,SRKSB LLC,
,B09DYFRQKR,5,Hogar y Cocina,disponible,disponible,,,2025-10-19T03:20:59.681Z,2025-10-21T03:02:04.653Z,2025-10-28T04:48:46.346Z,473.62,8.99,$475.71,"Temede - Bolsa de ducha de malla, cesta grande de ducha, portátil, bolsa de aseo colgante de secado rápido, 8 bolsillos de almacenamiento, organizador de baño para recámara universitario, gimnasio, campamento, viajes",https://www.amazon.com.mx/dp/B09DYFRQKR,https://www.amazon.com/dp/B09DYFRQKR,SRKSB LLC,Temede-US
,B08K4CJW8T,5,Hogar y Cocina,disponible,no disponible,,,2025-10-19T03:21:12.285Z,2025-10-21T03:02:12.698Z,2025-10-28T04:48:54.059Z,2076.47,,"$2,076.47","LoftPaipes Estante de baño Industrial de tubería, Estante de Pared de Madera rústica con Barra de Toallas, Color Negro Mate de 61 cm, 2 estantes flotantes de Metal con Soporte para Toallas de Hierro",https://www.amazon.com.mx/dp/B08K4CJW8T,https://www.amazon.com/dp/B08K4CJW8T,SRKSB LLC,
,B0BBXKZC4C,5,Hogar y Cocina,disponible,no disponible,,,2025-10-19T03:21:12.285Z,2025-10-21T03:02:19.796Z,2025-10-28T04:49:01.923Z,930.47,,$808.26,"Paquete de 4 ganchos de ventosa para ducha, ganchos de corona para puerta delantera, soporta hasta 12 libras, multiusos solo para superficies lisas de vidrio, baño, cocina (transparente)",https://www.amazon.com.mx/dp/B0BBXKZC4C,https://www.amazon.com/dp/B0BBXKZC4C,SRKSB LLC,
,B0B2QWYWD1,5,Hogar y Cocina,disponible,no disponible,,,2025-10-19T03:21:12.285Z,2025-10-21T03:02:26.521Z,2025-10-28T04:49:10.122Z,683.45,,$682.07,"Lomuke Ganchos de toalla para baño montados en la pared, paquete de 2 ganchos de pared rústicos de granja para colgar abrigos, sombreros, llaves, ganchos negros de madera resistentes para decoración de entrada, cocina, recámara (blanco desgastado)",https://www.amazon.com.mx/dp/B0B2QWYWD1,https://www.amazon.com/dp/B0B2QWYWD1,Boon Shopping,
,B09TMQWZF2,5,Hogar y Cocina,disponible,disponible,,,2025-10-19T03:21:12.285Z,2025-10-21T03:02:34.066Z,2025-10-28T04:49:17.422Z,442.07,4.5,$443.19,"LaCasa USA Gancho para toalla, acabado negro, gancho para colgar ropa, para baño, entrada, vestíbulo, oficina, hotel (negro mate)",https://www.amazon.com.mx/dp/B09TMQWZF2,https://www.amazon.com/dp/B09TMQWZF2,SRKSB LLC,LaCasa USA
,B09Q61LDYZ,5,Hogar y Cocina,disponible,disponible,,,2025-10-19T03:21:12.285Z,2025-10-21T03:02:50.094Z,2025-10-28T04:49:32.332Z,970.98,19.79,$976.04,"PFFVRP Contenedores de almacenamiento grandes de tela, cestas de almacenamiento plegables de tela para estantes, cajas de almacenamiento resistentes con asas de poliuretano para organizar armario, hogar, dormitorio, oficina (26 L, 3 paquetes, gris y blanco)",https://www.amazon.com.mx/dp/B09Q61LDYZ,https://www.amazon.com/dp/B09Q61LDYZ,SRKSB LLC,PFFVRP-US
,B09MHK7H5T,5,Hogar y Cocina,disponible,no disponible,,,2025-10-19T03:21:12.286Z,2025-10-21T03:02:57.887Z,2025-10-28T04:49:41.622Z,689.06,,$632.95,"Estantes colgantes para pared y ventana, estante de plantas para interiores, estantes flotantes de pared para dormitorio, baño, sala de estar, estante colgante de pared de macramé, decoración de pared bohemia para el hogar (cuerda de hojas verdes, color claro, grande*2)",https://www.amazon.com.mx/dp/B09MHK7H5T,https://www.amazon.com/dp/B09MHK7H5T,SRKSB LLC,
,B09953W8G6,5,Hogar y Cocina,disponible,no disponible,,,2025-10-19T03:21:12.286Z,2025-10-21T03:03:05.938Z,2025-10-28T04:49:50.697Z,1526.17,,"$1,201.63","SOLIMINTR - Organizador de joyería colgante con estante de madera rústica, caja de exhibición de anillo, soporte para arete, collar giratorio para accesorios góticos",https://www.amazon.com.mx/dp/B09953W8G6,https://www.amazon.com/dp/B09953W8G6,SRKSB LLC,
,B091B1RYYT,5,Hogar y Cocina,disponible,disponible,,,2025-10-19T03:21:12.286Z,2025-10-21T03:03:12.989Z,2025-10-28T04:49:58.491Z,788.62,19.99,$788.62,"SKOLOO - Perchero de pared de metal moderno con 5 ganchos, paquete de 2, gancho de pared resistente para colgar abrigos, chamarra, ropa, sombrero, blanco",https://www.amazon.com.mx/dp/B091B1RYYT,https://www.amazon.com/dp/B091B1RYYT,SRKSB LLC,Skoloo
,B09GPDZYZD,5,Hogar y Cocina,disponible,disponible,,,2025-10-19T03:21:12.286Z,2025-10-21T03:03:19.742Z,2025-10-28T04:50:06.772Z,744.05,16.14,$730.07,"Epicano - Organizador de ducha colgante anticolumpio, resistente al óxido con ganchos para toallas, esponja y más, color negro metálico",https://www.amazon.com.mx/dp/B09GPDZYZD,https://www.amazon.com/dp/B09GPDZYZD,SRKSB LLC,Husdom US
,B095BXY8FB,5,Hogar y Cocina,disponible,no disponible,,,2025-10-19T03:21:12.286Z,2025-10-21T03:03:26.836Z,2025-10-28T04:50:14.676Z,774.25,,$757.67,"HoreZer - Juego de 2 estantes de madera blanca rústica con 4 ganchos y cuerdas, estilo moderno para cocina, baño, sala de estar",https://www.amazon.com.mx/dp/B095BXY8FB,https://www.amazon.com/dp/B095BXY8FB,SRKSB LLC,
,B08VDDXNP7,5,Hogar y Cocina,disponible,disponible,,,2025-10-19T03:21:12.286Z,2025-10-21T03:03:35.660Z,2025-10-28T04:50:21.644Z,796.5,19.99,$796.50,Budget&Good - Ventosa para ducha,https://www.amazon.com.mx/dp/B08VDDXNP7,https://www.amazon.com/dp/B08VDDXNP7,SRKSB LLC,Elegear Inc
,B08T82GT6D,5,Hogar y Cocina,disponible,no disponible,,,2025-10-19T03:21:12.286Z,2025-10-21T03:03:43.500Z,2025-10-28T04:50:30.588Z,768.96,,$757.65,"Clips de virutas, clips de lavandería, clavijas de línea de lavado, a prueba de viento, clips para colgar ropa planos y delgados, clips multiusos para paquete de alimentos de cocina, pinzas de ropa",https://www.amazon.com.mx/dp/B08T82GT6D,https://www.amazon.com/dp/B08T82GT6D,SRKSB LLC,
,B08RDBP7F9,5,Hogar y Cocina,disponible,no disponible,,,2025-10-19T03:21:12.286Z,2025-10-21T03:03:51.833Z,2025-10-28T04:50:39.026Z,1905.98,,"$1,945.61","TUMUCUTE - Organizador de almacenamiento en cubo, 9 cubos, de plástico, estantería modular, estantes de almacenamiento para dormitorio, sala de estar, oficina, color negro",https://www.amazon.com.mx/dp/B08RDBP7F9,https://www.amazon.com/dp/B08RDBP7F9,SRKSB LLC,
,B08NK71YLL,5,Hogar y Cocina,disponible,no disponible,,,2025-10-19T03:21:12.286Z,2025-10-21T03:04:00.663Z,2025-10-28T04:50:46.492Z,1019.97,,"$1,019.97","HXSWY Estantes flotantes de madera rústica para pared, estante de pared de madera para baño, cocina, recámara, sala de estar, juego de 4 unidades, color café oscuro",https://www.amazon.com.mx/dp/B08NK71YLL,https://www.amazon.com/dp/B08NK71YLL,SRKSB LLC,
,B08JCTBFM2,5,Hogar y Cocina,disponible,no disponible,,,2025-10-19T03:21:12.287Z,2025-10-21T03:04:08.078Z,2025-10-28T04:50:53.375Z,1855.45,,"$1,855.45","Estante colgante de pared de macramé de nivel 3 para colgar en la pared, estante bohemio, decoración de pared, estante para plantas, estante colgante blanco bohemio, cuerda tejida para dormitorio, estantería",https://www.amazon.com.mx/dp/B08JCTBFM2,https://www.amazon.com/dp/B08JCTBFM2,SRKSB LLC,
,B07FNHCYJW,5,Hogar y Cocina,disponible,disponible,,,2025-10-19T03:21:12.287Z,2025-10-21T03:04:16.906Z,2025-10-28T04:51:00.960Z,1003.7,19.98,"$1,008.58","OIKA 40 Unidades Ganchos de Alambre, Plateado, 40",https://www.amazon.com.mx/dp/B07FNHCYJW,https://www.amazon.com/dp/B07FNHCYJW,SRKSB LLC,ALi HengHao
,B0D56PGS6F,5,Hogar y Cocina,disponible,disponible,,,2025-10-19T03:21:24.279Z,2025-10-21T03:04:24.632Z,2025-10-28T04:51:08.548Z,468.74,11.98,$565.94,"KISREL Resina UV con luz – Kit de resina UV de curado ultravioleta de 200 g, 8 abalorio de lámpara de luz UV, kit de resina con luz para manualidades",https://www.amazon.com.mx/dp/B0D56PGS6F,https://www.amazon.com/dp/B0D56PGS6F,Amazon Estados Unidos,NJMAOJIE
,B0D3BR2HPM,5,Hogar y Cocina,disponible,no disponible,,,2025-10-19T03:21:24.280Z,2025-10-21T03:04:33.586Z,2025-10-28T04:51:16.978Z,563,,$566.29,"Libros para colorear para adultos, libro de colorear para mujeres, en espiral, diseño de una cara, regalos de arte y manualidades para mujeres para relajarse, ansiedad y depresión, 30 coloridas",https://www.amazon.com.mx/dp/B0D3BR2HPM,https://www.amazon.com/dp/B0D3BR2HPM,SRKSB LLC,
,B0D1BYTYWD,5,Hogar y Cocina,disponible,disponible,,,2025-10-19T03:21:24.280Z,2025-10-21T03:04:42.249Z,2025-10-28T04:51:24.146Z,130.47,5.99,$402.19,"Joez Wonderful - 6 hojas cuadradas adhesivas de espuma, 990 piezas de círculos autoadhesivos de doble cara, tiras cuadradas precortadas, cinta de espuma para manualidades y manualidades, 2 tamaños (12",https://www.amazon.com.mx/dp/B0D1BYTYWD,https://www.amazon.com/dp/B0D1BYTYWD,Amazon Estados Unidos,Joez Wonderful
,B0CH55JWTJ,5,Hogar y Cocina,disponible,no disponible,,,2025-10-19T03:21:24.280Z,2025-10-21T03:04:49.879Z,2025-10-28T04:51:32.562Z,877.06,,$877.06,"PLEARTY Kintsugi - Kit de reparación de 50 ml de resina de linaza apta para alimentos, a prueba de lavaplatos, 60 g, polvo metálico de mica dorada en polvo de 15 páginas, el kit de Kintsugi más",https://www.amazon.com.mx/dp/B0CH55JWTJ,https://www.amazon.com/dp/B0CH55JWTJ,SRKSB LLC,
,B0CX57S4HF,5,Hogar y Cocina,disponible,no disponible,,,2025-10-19T03:21:24.280Z,2025-10-21T03:04:58.486Z,2025-10-28T04:51:39.928Z,518,,$530.07,"ADEVIAN Coloring Books for Adult Coloring Book for Women Spiral Bound Page One Sided Design Gifts Arts and Crafts for Women to Relax, Anxiety and Depression 30 Colorful Coloring Pages of DREAM GARDEN",https://www.amazon.com.mx/dp/B0CX57S4HF,https://www.amazon.com/dp/B0CX57S4HF,SOCIALBOOSTI LLC,
,B0DCYCHL32,5,Hogar y Cocina,disponible,no disponible,,,2025-10-19T03:21:24.280Z,2025-10-21T03:05:05.457Z,2025-10-28T04:51:46.693Z,521.17,,$507.06,"MAOFENG - 270 unidades, 9 estilos, plumas naturales a granel, surtido de plumas para manualidades, atrapasueños, bodas, sombreros, decoración de sombreros de gallina de Guinea",https://www.amazon.com.mx/dp/B0DCYCHL32,https://www.amazon.com/dp/B0DCYCHL32,SRKSB LLC,
,B0CW1QG1JB,5,Hogar y Cocina,disponible,no disponible,,,2025-10-19T03:21:24.280Z,2025-10-21T03:05:14.584Z,2025-10-28T04:51:54.403Z,540,,$590.75,"Copkim 4 hojas de cuña magnética de 6 x 8.9 pulgadas con rejilla de tamaño de tarjeta, accesorio para máquina de corte de 0,8 mm de grosor, color negro para troqueladora",https://www.amazon.com.mx/dp/B0CW1QG1JB,https://www.amazon.com/dp/B0CW1QG1JB,Oujiamei77-W,
,B09WF3D5X8,5,Hogar y Cocina,disponible,no disponible,,,2025-10-19T03:21:24.280Z,2025-10-21T03:05:23.214Z,2025-10-28T04:52:02.573Z,538.15,,$538.15,"Soarer - Plumas de avestruz negras a granel, 30 piezas de 8 a 10 pulgadas para centros de mesa, decoraciones del hogar y manualidades de bricolaje (negro)",https://www.amazon.com.mx/dp/B09WF3D5X8,https://www.amazon.com/dp/B09WF3D5X8,SRKSB LLC,
,B0CNPTMSHH,5,Hogar y Cocina,disponible,disponible,,,2025-10-19T03:21:24.280Z,2025-10-21T03:05:38.505Z,2025-10-28T04:52:17.665Z,683,26.99,"$1,054.40","Zhanmai - Paquete de 5 250 hojas de libros de columna de análisis, 3 agujeros, libro contable, libro mayor, bloc de papel para negocios, 50 hojas por paquete, formato de una sola página, verde (13",https://www.amazon.com.mx/dp/B0CNPTMSHH,https://www.amazon.com/dp/B0CNPTMSHH,Amazon Estados Unidos,WooXier
,B0CDCMSRM3,5,Hogar y Cocina,disponible,no disponible,,,2025-10-19T03:21:24.281Z,2025-10-21T03:05:46.279Z,2025-10-28T04:52:27.098Z,667.39,,$667.39,"Polvo de teñido anudado de 36 colores, teñido anudado arcoíris, tinte en polvo para teñido anudado, kits de teñido anudado, suministros de fiesta para colorear para niños y adultos (36 colores)",https://www.amazon.com.mx/dp/B0CDCMSRM3,https://www.amazon.com/dp/B0CDCMSRM3,SRKSB LLC,
,B0CNPQZQYQ,5,Hogar y Cocina,disponible,disponible,,,2025-10-19T03:21:24.281Z,2025-10-21T03:05:54.113Z,2025-10-28T04:52:35.196Z,525,20.99,$834.99,"Zhanmai - Paquete de 5 250 hojas de libros de columna de análisis, 3 agujeros, libro contable, libro contable, bloc de papel para negocios, 50 hojas por paquete, formato de una sola página, verde (6",https://www.amazon.com.mx/dp/B0CNPQZQYQ,https://www.amazon.com/dp/B0CNPQZQYQ,Amazon Estados Unidos,WooXier
,B0C7BLTKH1,5,Hogar y Cocina,disponible,disponible,,,2025-10-19T03:21:24.281Z,2025-10-21T03:06:01.478Z,2025-10-28T04:52:42.355Z,399.02,4.99,$390.60,"50 pegatinas de voleibol, pelotas motivacionales para botellas de agua, regalos de equipo de voleibol para amantes de la pelota de voleibol, niños, adolescentes y adultos, regalos de fiesta de",https://www.amazon.com.mx/dp/B0C7BLTKH1,https://www.amazon.com/dp/B0C7BLTKH1,SRKSB LLC,sixorchid
,B0CMTD4ZKL,5,Hogar y Cocina,disponible,no disponible,,,2025-10-19T03:21:24.281Z,2025-10-21T03:06:08.153Z,2025-10-28T04:52:49.869Z,1833,,"$1,829.65","VISCOO - Almohadilla adhesiva para caballete, 25 x 30 pulgadas, papel grande para profesores, 3 almohadillas para orejas de caballete autoadhesivo para tablero blanco, papel de tabla de anclaje",https://www.amazon.com.mx/dp/B0CMTD4ZKL,https://www.amazon.com/dp/B0CMTD4ZKL,XIJIANG,
,B0BYHYJZJF,5,Hogar y Cocina,disponible,no disponible,,,2025-10-19T03:21:24.281Z,2025-10-21T03:06:15.737Z,2025-10-28T04:52:58.133Z,510.75,,$487.59,"ECOTREE - Lápices de colores del arcoíris, para adultos, para colorear, dibujar, libros para colorear, como suministro de arte, regalos para niños, recuerdos y rellenos de calcetines, paquete de 12",https://www.amazon.com.mx/dp/B0BYHYJZJF,https://www.amazon.com/dp/B0BYHYJZJF,SRKSB LLC,
,B0CCYM9X24,5,Hogar y Cocina,disponible,no disponible,,,2025-10-19T03:21:24.281Z,2025-10-21T03:06:23.305Z,2025-10-28T04:53:06.051Z,629,,$626.03,"Qilery 2 Pcs DIY 5d Diamond Painting Cross Notebook Kits Cover Leather Diamond Painting Sketchbook A5 Hardcover Journal Art Diary Book for Festival Birthday Gift, 5.51 x 7.87 Inches",https://www.amazon.com.mx/dp/B0CCYM9X24,https://www.amazon.com/dp/B0CCYM9X24,XIJIANG,
,B0DPGYL5X9,5,Hogar y Cocina,disponible,no disponible,,,2025-10-19T03:21:24.281Z,2025-10-21T03:06:31.200Z,2025-10-28T04:53:14.369Z,598.15,,$589.76,"Daieeparty - Moldura de plumas de gallo azul real de 8 a 10 pulgadas, 2.15 yardas, borde de flecos de plumas de cola de gallo natural para costura, manualidades, ropa de fiesta, mantón de cabo, alas",https://www.amazon.com.mx/dp/B0DPGYL5X9,https://www.amazon.com/dp/B0DPGYL5X9,SRKSB LLC,
,B0C2T43FGS,5,Hogar y Cocina,disponible,no disponible,,,2025-10-19T03:21:33.305Z,2025-10-21T03:06:38.678Z,2025-10-28T04:53:22.458Z,249,,$389.66,"Ykimok 2 Pack College Ruled Notebook, Soft Black Cover Spiral Notebook, Memo Notepad Sketchbook, Students Office Business Diary Spiral Book Journal,100 Pages, 50 Sheets, 7.48 x 5.11 Inches",https://www.amazon.com.mx/dp/B0C2T43FGS,https://www.amazon.com/dp/B0C2T43FGS,Yueloushangmao,
,B08HVLTWVD,5,Hogar y Cocina,disponible,no disponible,,,2025-10-19T03:21:33.306Z,2025-10-21T03:06:46.298Z,2025-10-28T04:53:30.605Z,2155.26,,"$2,205.76","Juego de cinceles de mortaja profesional para carpintería, acero cromo-vanadio con asas para carpintería, carpintería, tallado, artesano, juego de 3, 1/4 pulgadas, 3/8 pulgadas, 1/2 pulgadas",https://www.amazon.com.mx/dp/B08HVLTWVD,https://www.amazon.com/dp/B08HVLTWVD,BROWN LEAVES LLC,
,B0C2Z8DHRL,5,Hogar y Cocina,disponible,no disponible,,,2025-10-19T03:21:33.306Z,2025-10-21T03:06:54.586Z,2025-10-28T04:53:38.438Z,545.73,,$541.35,"NICEME - Cera de vela blanca con perlas para hacer velas, 26 onzas, abalorio de cera rellenables naturales para Halloween, Acción de Gracias, Navidad, fiesta de boda (sin mecha)",https://www.amazon.com.mx/dp/B0C2Z8DHRL,https://www.amazon.com/dp/B0C2Z8DHRL,M&H Customer Friendly Store,
,B006M6PX7Q,5,Hogar y Cocina,disponible,disponible,,,2025-10-19T03:21:33.306Z,2025-10-21T03:07:03.359Z,2025-10-28T04:53:45.452Z,616.3,9.99,$580.77,(Antiqued Rose) - Miyuki Tila 2 Hole Square Beads 5mm 'Opaque Antique Rose Lustre' 7.2 Grammes,https://www.amazon.com.mx/dp/B006M6PX7Q,https://www.amazon.com/dp/B006M6PX7Q,Sky Direct LLC,CraftCreate
,B07N94N55X,5,Hogar y Cocina,disponible,no disponible,,,2025-10-19T03:21:33.306Z,2025-10-21T03:07:11.962Z,2025-10-28T04:53:53.117Z,1208.41,,"$1,552.61","Hoja de plata de ley 925 maciza de 7,62 x 2,54 cm, calibre 16 a 30, suave, fabricada en EE. UU., Blanco, 26 Gauge, 1",https://www.amazon.com.mx/dp/B07N94N55X,https://www.amazon.com/dp/B07N94N55X,AMO LA PELLE,
,B0C8K122JG,5,Hogar y Cocina,disponible,disponible,,,2025-10-19T03:21:33.306Z,2025-10-21T03:07:19.928Z,2025-10-28T04:54:00.330Z,456.93,12.5,$561.53,"KAKIWYHHH Curlicues barrocos - Borde de encaje para alivio de flores, filigrana de encaje, decoración esculpida, fondant, manualidades de azúcar, decoración de pasteles, moldes, silicona de resina epoxi, bricolaje, manualidades, jabón, arcilla polimérica",https://www.amazon.com.mx/dp/B0C8K122JG,https://www.amazon.com/dp/B0C8K122JG,Amazon Estados Unidos,WYHHH
,B0D2ZQDDYB,5,Hogar y Cocina,disponible,no disponible,,,2025-10-19T03:21:33.306Z,2025-10-21T03:07:28.003Z,2025-10-28T04:54:08.268Z,678.99,,$664.05,"Bloques de tallado de tilo, 8 bloques de madera de blanquear kit de tallado de madera con 2 tamaños diferentes, madera de bajo para tallado de madera, fácil de usar, para niños y adultos",https://www.amazon.com.mx/dp/B0D2ZQDDYB,https://www.amazon.com/dp/B0D2ZQDDYB,SRKSB LLC,
,B01N190GB3,5,Hogar y Cocina,disponible,no disponible,,,2025-10-19T03:21:33.307Z,2025-10-21T03:07:36.809Z,2025-10-28T04:54:15.912Z,837.79,,$849.82,"Juki - Aceite original para máquina de coser Defrix (n.º 1), 600 ml de aceite Juki original (importación de Japón)",https://www.amazon.com.mx/dp/B01N190GB3,https://www.amazon.com/dp/B01N190GB3,SRKSB LLC,
,B07D16SZLD,5,Hogar y Cocina,disponible,no disponible,,,2025-10-19T03:21:33.307Z,2025-10-21T03:07:45.233Z,2025-10-28T04:54:23.282Z,723.17,,$727.49,"iNee 100% algodón entrelazado tela de piel de muñeca Waldorf, 1 yarda, carne",https://www.amazon.com.mx/dp/B07D16SZLD,https://www.amazon.com/dp/B07D16SZLD,SRKSB LLC,
,B07WDTV3GX,5,Hogar y Cocina,disponible,disponible,,,2025-10-19T03:21:33.307Z,2025-10-21T03:07:53.176Z,2025-10-28T04:54:30.432Z,453.04,6.99,$453.04,"Agujas de tejer de lana con punta doblada de colores, agujas de tejer de aluminio de gran ojo.",https://www.amazon.com.mx/dp/B07WDTV3GX,https://www.amazon.com/dp/B07WDTV3GX,SRKSB LLC,Kalovin
,B0D72K1484,5,Hogar y Cocina,disponible,no disponible,,,2025-10-19T03:21:33.307Z,2025-10-21T03:08:00.617Z,2025-10-28T04:54:38.181Z,462.81,,$475.71,MASTERART - Lápices de colores neón 12 colores para niños y adultos,https://www.amazon.com.mx/dp/B0D72K1484,https://www.amazon.com/dp/B0D72K1484,SRKSB LLC,
,B0CBTTN3JT,5,Hogar y Cocina,disponible,no disponible,,,2025-10-19T03:21:33.307Z,2025-10-21T03:08:07.648Z,2025-10-28T04:54:46.122Z,753.03,,$810.40,"Beadact - Spinner eléctrico de abalorio con 4620 abalorio de arcilla, kit giratorio de abalorio de arcilla con pilas para pulseras, collares, joyería",https://www.amazon.com.mx/dp/B0CBTTN3JT,https://www.amazon.com/dp/B0CBTTN3JT,QuickMerchant,
,B0CYZQ5H3W,5,Hogar y Cocina,disponible,no disponible,,,2025-10-19T03:21:33.307Z,2025-10-21T03:08:23.234Z,2025-10-28T04:55:00.161Z,1188.71,,$807.56,Paquete de 12 caballetes de madera de 9 pulgadas,https://www.amazon.com.mx/dp/B0CYZQ5H3W,https://www.amazon.com/dp/B0CYZQ5H3W,ProductosTX ⭐ ⭐ ⭐ ⭐ ⭐,
,B0D39178FF,5,Hogar y Cocina,disponible,no disponible,,,2025-10-19T03:21:33.307Z,2025-10-21T03:08:31.034Z,2025-10-28T04:55:07.956Z,605.07,,$609.57,"Namzi Jelly Wax Melts, cera de gel para hacer velas, cera de vela de gel, cera de candelabro, cera transparente para hacer velas, material hecho a mano, velas de gel de vidrio, suministros de velas de",https://www.amazon.com.mx/dp/B0D39178FF,https://www.amazon.com/dp/B0D39178FF,SRKSB LLC,
,B0D7VBQ2C2,5,Hogar y Cocina,disponible,disponible,,,2025-10-19T03:21:33.308Z,2025-10-21T03:08:39.938Z,2025-10-28T04:55:14.942Z,505.58,6.66,$451.59,"Hariendny - 672 puntos de espuma 3D de doble calcomanía con puntos de espuma redondos de 12 mm de diámetro, círculos de espuma de 12 mm de diámetro, soportes de espuma para manualidades, tarjetas,",https://www.amazon.com.mx/dp/B0D7VBQ2C2,https://www.amazon.com/dp/B0D7VBQ2C2,SRKSB LLC,Seeyoulater
,B09MR8GZR9,5,Hogar y Cocina,disponible,no disponible,,,2025-10-19T03:21:33.308Z,2025-10-21T03:08:46.705Z,2025-10-28T04:55:22.313Z,745.7,,$745.12,"Buttoneer Sistema de cierre de botón, nuevo y mejorado. - Coloca botones y más en cuestión de segundos, no necesita costura y funciona en la mayoría de telas",https://www.amazon.com.mx/dp/B09MR8GZR9,https://www.amazon.com/dp/B09MR8GZR9,SRKSB LLC,
,B0C8GQRH9T,5,Hogar y Cocina,disponible,no disponible,,,2025-10-19T03:21:46.200Z,2025-10-21T03:08:54.101Z,2025-10-28T04:55:30.769Z,541.43,,$528.19,"Spray de liberación de molde de silicona (a base de silicona) (16.9 floz/500 ml) – Agente de liberación de resina y epoxi para una eliminación suave del molde con facilidad, uso universal en casi",https://www.amazon.com.mx/dp/B0C8GQRH9T,https://www.amazon.com/dp/B0C8GQRH9T,SRKSB LLC,
,B09P4PTP5Z,5,Hogar y Cocina,disponible,no disponible,,,2025-10-19T03:21:46.201Z,2025-10-21T03:09:02.978Z,2025-10-28T04:55:37.966Z,780.87,,$780.87,"Lighting Labs 12 Pack White Goof Trim Ring for 6 and 8 Inch Recessed Can Lighting Down Light, Outer Diameter 8.6 inches, Inner Diameter 6.2 Inches",https://www.amazon.com.mx/dp/B09P4PTP5Z,https://www.amazon.com/dp/B09P4PTP5Z,SRKSB LLC,
,B08R69BQ2T,5,Hogar y Cocina,disponible,no disponible,,,2025-10-19T03:21:46.201Z,2025-10-21T03:09:11.660Z,2025-10-28T04:55:46.122Z,1100.16,,"$1,107.48","chuckle -Kit 3D de Molde de Manos con Alginato y Yeso, kit Alginato para Moldes de Manos, Kit Escultura de Manos, Alginato para Moldes, Molde Manos Escayola, Regalos de San Valentín, Hand Casting Kit",https://www.amazon.com.mx/dp/B08R69BQ2T,https://www.amazon.com/dp/B08R69BQ2T,SRKSB LLC,
,B0BTCKKGR7,5,Hogar y Cocina,disponible,no disponible,,,2025-10-19T03:21:46.201Z,2025-10-21T03:09:18.696Z,2025-10-28T04:55:52.746Z,515.13,,$515.13,"Sello de cera de abeja en relieve 3D, MEDIEVAL, latón, madera, para invitaciones, regalos y manualidades",https://www.amazon.com.mx/dp/B0BTCKKGR7,https://www.amazon.com/dp/B0BTCKKGR7,SRKSB LLC,
,B09SNPYZVX,5,Hogar y Cocina,disponible,no disponible,,,2025-10-19T03:21:46.201Z,2025-10-21T03:09:26.671Z,2025-10-28T04:56:01.365Z,571.98,,$573.36,"PANDAFLY Juego de dibujo profesional de lápices de color carbón de colores, lápices de colores en tono de piel, lápices de gis pastel para bocetos, sombreado, colorear, capas y mezclar, 24 colores",https://www.amazon.com.mx/dp/B09SNPYZVX,https://www.amazon.com/dp/B09SNPYZVX,SRKSB LLC,
,B0CY5462WM,5,Hogar y Cocina,disponible,no disponible,,,2025-10-19T03:21:46.201Z,2025-10-21T03:09:35.711Z,2025-10-28T04:56:09.504Z,278.02,,$402.19,"BYGFHLYW - Kit de pintura de diamantes 5D de ángel arco iris para adultos principiantes, kit de arte de diamantes de bricolaje con taladro redondo completo, pintura de diamantes de punto, arte y",https://www.amazon.com.mx/dp/B0CY5462WM,https://www.amazon.com/dp/B0CY5462WM,Amazon Estados Unidos,
,B0B4J68RGY,5,Hogar y Cocina,disponible,disponible,,,2025-10-19T03:21:46.201Z,2025-10-21T03:09:42.739Z,2025-10-28T04:56:17.953Z,455.99,14.99,$622.53,"OELFFOW 110 botones de costura mixtos, redondos de 4 agujeros, 5 colores, 3 tamaños (15 mm, 20 mm, 25 mm), de resina, adecuados para costura de ropa variada y manualidades (blanco)",https://www.amazon.com.mx/dp/B0B4J68RGY,https://www.amazon.com/dp/B0B4J68RGY,YICHENCHUHANG MX,Minyu Store
,B0D1R8WKF3,5,Hogar y Cocina,disponible,no disponible,,,2025-10-19T03:21:46.201Z,2025-10-21T03:09:51.567Z,2025-10-28T04:56:25.496Z,615.6,,$632.27,"Tapones de pintura en aerosol, tapa de grasa de Nueva York, boquilla de lata de pray - Boquillas de pintura para latas, puntas de pintura de pray, paquete de 25",https://www.amazon.com.mx/dp/B0D1R8WKF3,https://www.amazon.com/dp/B0D1R8WKF3,CATTLESIV,
,B07C7WJL1W,5,Hogar y Cocina,disponible,disponible,,,2025-10-19T03:21:46.201Z,2025-10-21T03:09:59.917Z,2025-10-28T04:56:33.048Z,977.86,29.51,$977.86,Prima Marketing 584269 Prima Watercolor Confections Watercolor Pans44; Pack of 12-Tropicals,https://www.amazon.com.mx/dp/B07C7WJL1W,https://www.amazon.com/dp/B07C7WJL1W,SRKSB LLC,Roots and Trades
,B0D48G8F83,5,Hogar y Cocina,disponible,disponible,,,2025-10-19T03:21:46.201Z,2025-10-21T03:10:08.059Z,2025-10-28T04:56:40.468Z,442.43,6.99,$444.13,"Woric Cinta amarilla de 1 pulgada 50 yardas Cinta de satén amarilla para decoración de otoño, cestas de regalo, lazos, ramo, manualidades, decoraciones de fiesta",https://www.amazon.com.mx/dp/B0D48G8F83,https://www.amazon.com/dp/B0D48G8F83,SRKSB LLC,zhongyufenk
,B0CJ8TVXBK,5,Hogar y Cocina,disponible,no disponible,,,2025-10-19T03:21:46.202Z,2025-10-21T03:10:15.809Z,2025-10-28T04:56:48.634Z,692.1,,$692.10,"PORXFLY - Juego de 2 sellos de cera con letra G, kit de sellos de cera del alfabeto inicial, caja de regalo clásico, sello de la serie de letras A a Z para invitaciones de boda, sobres, envoltura de",https://www.amazon.com.mx/dp/B0CJ8TVXBK,https://www.amazon.com/dp/B0CJ8TVXBK,SRKSB LLC,
,B01L8QEUE6,5,Hogar y Cocina,disponible,no disponible,,,2025-10-19T03:21:46.202Z,2025-10-21T03:10:22.660Z,2025-10-28T04:56:56.498Z,590.26,,$593.12,"Happlee, Permanent Glass Paint, Watercolors Tubes Artist Paint and Multi-Surface Satin Glass Craft Paint Set, Non-Toxic Tempera Paint Transparent Glass Stain kit, 12 _ 12ml (12 colors)",https://www.amazon.com.mx/dp/B01L8QEUE6,https://www.amazon.com/dp/B01L8QEUE6,SRKSB LLC,
,B09G2BYN3F,5,Hogar y Cocina,disponible,disponible,,,2025-10-19T03:21:46.202Z,2025-10-21T03:10:30.395Z,2025-10-28T04:57:04.006Z,669.69,15.99,$673.02,"Luceinvita - tul de tela de tul de 6 x 200 yardas para decoración de Navidad, faldas de tutú, envoltura de regalo, decoración de fiesta de boda, baby shower (verde)",https://www.amazon.com.mx/dp/B09G2BYN3F,https://www.amazon.com/dp/B09G2BYN3F,SRKSB LLC,iLook
,B01IIJJENS,5,Hogar y Cocina,disponible,no disponible,,,2025-10-19T03:21:46.202Z,2025-10-21T03:10:38.060Z,2025-10-28T04:57:11.989Z,478.26,,$480.40,"Jerry Q Art 12 Pcs Detail Paint Brushes, Golden Synthetic Hair, High Performance for Oil, Acrylic and Watercolor JQ-503",https://www.amazon.com.mx/dp/B01IIJJENS,https://www.amazon.com/dp/B01IIJJENS,SRKSB LLC,
,B0CBYRXR6K,5,Hogar y Cocina,disponible,no disponible,,,2025-10-19T03:21:46.202Z,2025-10-21T03:10:45.870Z,2025-10-28T04:57:18.961Z,442.59,,$442.59,"Banda elástica para costura, 2 x 12 yardas, bandas elásticas de costura de alta elasticidad, para cinturillas, pantalones, ropa y manualidades, color blanco",https://www.amazon.com.mx/dp/B0CBYRXR6K,https://www.amazon.com/dp/B0CBYRXR6K,SRKSB LLC,
,B0BV2FRC1N,5,Hogar y Cocina,disponible,no disponible,,,2025-10-19T03:21:46.202Z,2025-10-21T03:10:52.839Z,2025-10-28T04:57:25.830Z,1006.34,,"$1,005.42",HoneyTolly Álbum de Fotos Grande Autoadhesivo para 4x6 8x10 álbum de Recortes magnético DIY 60 páginas Adhesivas Negras Cubierta de Lino álbum de Fotos (Naranja),https://www.amazon.com.mx/dp/B0BV2FRC1N,https://www.amazon.com/dp/B0BV2FRC1N,SRKSB LLC,
,B0871LQ764,5,Hogar y Cocina,disponible,disponible,,,2025-10-19T03:21:59.764Z,2025-10-21T03:11:09.686Z,2025-10-28T04:57:40.028Z,391.83,4.99,$391.63,"Esquinas de fotos 400 piezas transparentes autoadhesivas de montaje de imagen para álbum de recortes, álbum, diario, 400 unidades por paquete",https://www.amazon.com.mx/dp/B0871LQ764,https://www.amazon.com/dp/B0871LQ764,SRKSB LLC,Charles Herma
,B09MT1HBGQ,5,Hogar y Cocina,disponible,no disponible,,,2025-10-19T03:21:59.765Z,2025-10-21T03:11:17.773Z,2025-10-28T04:57:47.434Z,475.71,,$475.71,"Juinte 100 botones de perlas semiabovedadas de 10 mm con perlas de imitación, botones decorativos de setas medio redondos con vástago de costura para manualidades, costura, ropa, suéter, manualidades, 100 unidades",https://www.amazon.com.mx/dp/B09MT1HBGQ,https://www.amazon.com/dp/B09MT1HBGQ,SRKSB LLC,
,B0CLL5QWBM,5,Hogar y Cocina,disponible,disponible,,,2025-10-19T03:21:59.765Z,2025-10-21T03:11:26.439Z,2025-10-28T04:57:55.906Z,456.11,6.69,$415.55,"MAYJOYDIY - Plantilla de 12 signos del zodiaco de 11.8 x 11.8 pulgadas, 12 constelaciones con pincel de pintura, misteriosa plantilla de horóscopo astrológico para pared de madera, lona para",https://www.amazon.com.mx/dp/B0CLL5QWBM,https://www.amazon.com/dp/B0CLL5QWBM,SRKSB LLC,MAYJOYDIY US
,B0CVXFLDR2,5,Hogar y Cocina,disponible,no disponible,,,2025-10-19T03:21:59.765Z,2025-10-21T03:11:33.518Z,2025-10-28T04:58:03.672Z,2933.83,,"$3,159.03","VENNQD - Carrito de almacenamiento compatible con Cricut Machines Stand para máquina de corte con cajones y soporte para rollo de vinilo, mesa para gabinete de manualidades Cricut para estación de",https://www.amazon.com.mx/dp/B0CVXFLDR2,https://www.amazon.com/dp/B0CVXFLDR2,SRKSB LLC,
,B09W5S4MS2,5,Hogar y Cocina,disponible,disponible,,,2025-10-19T03:21:59.765Z,2025-10-21T03:11:42.123Z,2025-10-28T04:58:10.504Z,506.28,9.99,$506.28,"DZXCYZ Plantillas de símbolo de letras de 2 pulgadas para pintar sobre madera, 65 plantillas de dibujo del alfabeto con caligrafía, fuente grande y letreros de números cursivos, plantillas de plástico reutilizables para manualidades",https://www.amazon.com.mx/dp/B09W5S4MS2,https://www.amazon.com/dp/B09W5S4MS2,SRKSB LLC,DZXCYZ
,B0B671DNNL,5,Hogar y Cocina,disponible,no disponible,,,2025-10-19T03:21:59.765Z,2025-10-21T03:11:50.419Z,2025-10-28T04:58:18.227Z,480.26,,$468.37,"12 barras de cera de sellado de pistola de pegamento para sello de cera, porxfly sellado barras de cera ideales para tarjetas, sobres, envoltura de regalos, invitaciones de boda (violeta perlosa)",https://www.amazon.com.mx/dp/B0B671DNNL,https://www.amazon.com/dp/B0B671DNNL,SRKSB LLC,
,B0BVM721WV,5,Hogar y Cocina,disponible,no disponible,,,2025-10-19T03:21:59.765Z,2025-10-21T03:11:58.537Z,2025-10-28T04:58:27.120Z,1274.17,,"$1,338.81","HoneyTolly - Álbum de fotos grande autoadhesivo de 4 x 6 pulgadas, 8 x 10 pulgadas, 10 x 12 pulgadas, 13 x 12 pulgadas, álbum de recortes de 12.6 x 11 pulgadas, 60 páginas adhesivas negras con un",https://www.amazon.com.mx/dp/B0BVM721WV,https://www.amazon.com/dp/B0BVM721WV,SRKSB LLC,
,B07VZZ7Z9S,5,Hogar y Cocina,disponible,no disponible,,,2025-10-19T03:21:59.765Z,2025-10-21T03:12:06.598Z,2025-10-28T04:58:36.000Z,566.96,,$564.81,"(Leopard Pattern B) - David Angie Leopard Printed Faux Leather Sheet Metallic Burst Crack Synthetic Leather Fabric Assorted 6 PCS 7.9"" x 13.4"" (20 cm x 34 cm) for Hair Accessories DIY Crafts Making (Leopard Pattern B)",https://www.amazon.com.mx/dp/B07VZZ7Z9S,https://www.amazon.com/dp/B07VZZ7Z9S,SRKSB LLC,
,B0CYZPY2FT,5,Hogar y Cocina,disponible,no disponible,,,2025-10-19T03:21:59.765Z,2025-10-21T03:12:14.941Z,2025-10-28T04:58:43.654Z,515.14,,$534.94,Paquete de 6 caballetes de madera de 9 pulgadas,https://www.amazon.com.mx/dp/B0CYZPY2FT,https://www.amazon.com/dp/B0CYZPY2FT,SRKSB LLC,
,B0BBGZYV41,5,Hogar y Cocina,disponible,disponible,,,2025-10-19T03:21:59.766Z,2025-10-21T03:12:21.965Z,2025-10-28T04:58:52.696Z,379.58,4.59,$379.58,"Gancho de ganchillo de 2,5 mm, supers suave, ganchos de ganchillo ergonómicos de 2,5 mm para principiantes, comodidad para artritis, 1 paquete",https://www.amazon.com.mx/dp/B0BBGZYV41,https://www.amazon.com/dp/B0BBGZYV41,SRKSB LLC,YOJOB
,B0D92D4WXQ,5,Hogar y Cocina,disponible,disponible,,,2025-10-19T03:21:59.766Z,2025-10-21T03:12:28.642Z,2025-10-28T04:59:00.111Z,656.94,14.99,$656.94,"Juego de hojas doradas, 2 adhesivos dorados, 100 ml, calcomanía a base de agua y barniz con hoja dorada, 100 piezas para manualidades, pintura, artes y decoración",https://www.amazon.com.mx/dp/B0D92D4WXQ,https://www.amazon.com/dp/B0D92D4WXQ,SRKSB LLC,De Pets
,B08SFZRRWB,5,Hogar y Cocina,disponible,no disponible,,,2025-10-19T03:21:59.766Z,2025-10-21T03:12:36.230Z,2025-10-28T04:59:07.977Z,398,,$500.06,"LEEQE Cinta de satén marfil de doble cara de 1-1/2 pulgadas x 50 yardas, cinta de poliéster marfil para envolver regalos, muy adecuada para bodas, fiestas, decoración de invitaciones y más",https://www.amazon.com.mx/dp/B08SFZRRWB,https://www.amazon.com/dp/B08SFZRRWB,Sunny3-HQ,
,B09FSZ9DJD,5,Hogar y Cocina,disponible,disponible,,,2025-10-19T03:21:59.766Z,2025-10-21T03:12:44.416Z,2025-10-28T04:59:16.713Z,848.35,32.85,"$1,166.20","8 paquetes de cabello pretorcido de ganchillo de 16 pulgadas de ganchillo pretorcido, pretrenzado ombré, trenzas de ganchillo bohemias de ganchillo #4",https://www.amazon.com.mx/dp/B09FSZ9DJD,https://www.amazon.com/dp/B09FSZ9DJD,Amazon Estados Unidos,Beauty Hair Direct
,B0CW3DKXD6,5,Hogar y Cocina,disponible,no disponible,,,2025-10-19T03:21:59.766Z,2025-10-21T03:12:52.171Z,2025-10-28T04:59:24.899Z,1428.49,,"$1,432.15","Wenqik - Paquete de 5 moldes de cerámica de 4.5 pulgadas, 5.5 pulgadas, 6.5 pulgadas, 7.5 pulgadas, 8.5 pulgadas, moldes de yeso con asas para cuencos de bricolaje, platos, prensa, fabricación de arte",https://www.amazon.com.mx/dp/B0CW3DKXD6,https://www.amazon.com/dp/B0CW3DKXD6,SRKSB LLC,
,B0CSZ9RSGX,5,Hogar y Cocina,disponible,no disponible,,,2025-10-19T03:21:59.766Z,2025-10-21T03:12:59.701Z,2025-10-28T04:59:32.321Z,768.57,,$757.62,"Moldes rectangulares de resina de silicona, 3 moldes de resina grandes con soporte de madera, moldes de resina epoxi profunda para preservación de flores",https://www.amazon.com.mx/dp/B0CSZ9RSGX,https://www.amazon.com/dp/B0CSZ9RSGX,SRKSB LLC,
,B0D62Y4J8V,5,Hogar y Cocina,disponible,no disponible,,,2025-10-19T03:21:59.766Z,2025-10-21T03:13:06.977Z,2025-10-28T04:59:41.224Z,1797.93,,"$1,885.91","Olerqzer Kit de tallado de madera, kit de corte de madera 35 en 1 para principiantes, juego de cuchillos de tallado de madera, cuchillos de tallado de madera, herramientas de tallado con bolsa de",https://www.amazon.com.mx/dp/B0D62Y4J8V,https://www.amazon.com/dp/B0D62Y4J8V,BROWN LEAVES LLC,
,B0BC8HR7Q1,5,Hogar y Cocina,disponible,no disponible,,,2025-10-19T03:22:11.364Z,2025-10-21T03:13:14.301Z,2025-10-28T04:59:49.964Z,580.48,,$580.48,"Letrero de árbol de huellas dactilares para fiesta de revelación de género, lona con temática de elefante, libro de invitados para baby shower, libro de invitados para baby shower del bosque",https://www.amazon.com.mx/dp/B0BC8HR7Q1,https://www.amazon.com/dp/B0BC8HR7Q1,SRKSB LLC,
,B07GXJ9HT3,5,Hogar y Cocina,disponible,no disponible,,,2025-10-19T03:22:11.364Z,2025-10-21T03:13:22.253Z,2025-10-28T04:59:57.194Z,1641.94,,"$1,714.97","COLOUR BLOCK - Juego de 100 Pasteles Suaves Pastel - Pasteles de Arte Profesional y Estudiantil, Colores Vibrantes en Caja de Madera para Bocetos",https://www.amazon.com.mx/dp/B07GXJ9HT3,https://www.amazon.com/dp/B07GXJ9HT3,BROWN LEAVES LLC,
,B0CSVJY3XQ,5,Hogar y Cocina,disponible,no disponible,,,2025-10-19T03:22:11.364Z,2025-10-21T03:13:31.326Z,2025-10-28T05:00:04.078Z,915,,$913.62,"Vanwoke Juego de pintura acrílica de 28 colores, listo para rociar, mate, rápido secado, completo, para aficionados, principiantes, artistas, interior/exterior",https://www.amazon.com.mx/dp/B0CSVJY3XQ,https://www.amazon.com/dp/B0CSVJY3XQ,INTERSHOPMX,
,B0CDWWY1SH,5,Hogar y Cocina,disponible,disponible,,,2025-10-19T03:22:11.364Z,2025-10-21T03:13:39.331Z,2025-10-28T05:00:12.482Z,497.98,9.99,$500.06,"Cubist - Plantillas reutilizables para manualidades, 6 x 6 pulgadas, textura mixta, pintura artística de arpillera en madera, lona en capas de ladrillo, patrón de pintura, plantillas de arte para",https://www.amazon.com.mx/dp/B0CDWWY1SH,https://www.amazon.com/dp/B0CDWWY1SH,SRKSB LLC,Yanroom
,B0DFPQ3T28,5,Hogar y Cocina,disponible,disponible,,,2025-10-19T03:22:11.364Z,2025-10-21T03:13:54.887Z,2025-10-28T05:00:28.549Z,217.91,5.99,$402.19,"2 rollos de cinta washi dorada de 0.59 pulgadas x 130 pies (total 40 m) cinta adhesiva de aluminio sólido de baja adhesión, cinta metálica brillante para decoración de pared, espejo, manualidades",https://www.amazon.com.mx/dp/B0DFPQ3T28,https://www.amazon.com/dp/B0DFPQ3T28,Qunxun mx,Fyguard tape
,B0CZNZY2BH,5,Hogar y Cocina,disponible,no disponible,,,2025-10-19T03:22:11.364Z,2025-10-21T03:14:03.148Z,2025-10-28T05:00:36.751Z,442.89,,$442.89,"Yousoontic - Juego de 8 plantillas de plástico Sashiko de 4.7 x 4.7 pulgadas, diseño geométrico de Sashiko, patrón de líneas de dibujo, patrón de bordado para acolchado y bordado a mano, 2.5 mm de",https://www.amazon.com.mx/dp/B0CZNZY2BH,https://www.amazon.com/dp/B0CZNZY2BH,SRKSB LLC,
,B092Z1PYCD,5,Hogar y Cocina,disponible,no disponible,,,2025-10-19T03:22:11.364Z,2025-10-21T03:14:10.568Z,2025-10-28T05:00:44.905Z,944,,$933.10,"Prina Paquete de 76 kits de dibujo, suministros de bocetos de arte profesional con cuaderno de bocetos de 3 colores, incluye tutorial, colorido, grafito, carbón, acuarela y lápiz metálico, para artistas, adultos, adolescentes, principiantes",https://www.amazon.com.mx/dp/B092Z1PYCD,https://www.amazon.com/dp/B092Z1PYCD,SRKSB LLC,
,B0CLZCRPBG,5,Hogar y Cocina,disponible,no disponible,,,2025-10-19T03:22:11.365Z,2025-10-21T03:14:18.126Z,2025-10-28T05:00:51.882Z,521.67,,$521.67,"MCTRHG - Barniz brillante para pintura acrílica, barniz acrílico de artista, no amarillento, no tóxico, antiarañazos, acabado de alto brillo, para obras de arte, pintura acrílica, adecuado para",https://www.amazon.com.mx/dp/B0CLZCRPBG,https://www.amazon.com/dp/B0CLZCRPBG,SRKSB LLC,
,B0CVM6M3Z4,5,Hogar y Cocina,disponible,no disponible,,,2025-10-19T03:22:11.365Z,2025-10-21T03:14:25.132Z,2025-10-28T05:01:00.135Z,1777.01,,"$1,790.68","Decozayn 3 juegos de molduras de pared precortadas, paneles de wainscoting prefabricados, molduras de marco de fotos, kits de paneles de molduras de pared y puerta, paneles de pared Wainscot cebados",https://www.amazon.com.mx/dp/B0CVM6M3Z4,https://www.amazon.com/dp/B0CVM6M3Z4,SRKSB LLC,
,B09L4DDH98,5,Hogar y Cocina,disponible,no disponible,,,2025-10-19T03:22:11.365Z,2025-10-21T03:14:32.950Z,2025-10-28T05:01:07.124Z,581.46,,$671.47,"Aptkin - 1000 piezas de diamantes de imitación para coser grandes y grandes cristales para coser joyas de acrílico con formas mixtas de diamantes de imitación con agujeros de costura para ropa,",https://www.amazon.com.mx/dp/B09L4DDH98,https://www.amazon.com/dp/B09L4DDH98,Amazon Estados Unidos,
,B007PULSRM,5,Hogar y Cocina,disponible,no disponible,,,2025-10-19T03:22:11.365Z,2025-10-21T03:14:40.089Z,2025-10-28T05:01:15.712Z,757.75,,$761.93,1lb (454g) Create-A-Mould Alginate Moulding Powder by,https://www.amazon.com.mx/dp/B007PULSRM,https://www.amazon.com/dp/B007PULSRM,SRKSB LLC,
,B08VDR2C1P,5,Hogar y Cocina,disponible,no disponible,,,2025-10-19T03:22:11.365Z,2025-10-21T03:14:49.290Z,2025-10-28T05:01:22.787Z,728.33,,$731.73,"Royal Kraft - Sellos de madera de latón floral (juego de 5) para impresión de bloques en arcilla, cerámica, tela BHtag0041",https://www.amazon.com.mx/dp/B08VDR2C1P,https://www.amazon.com/dp/B08VDR2C1P,SRKSB LLC,
,B0BW891FLL,5,Hogar y Cocina,disponible,no disponible,,,2025-10-19T03:22:11.365Z,2025-10-21T03:14:55.699Z,2025-10-28T05:01:30.606Z,616.36,,$624.49,"Barras de pintura de 12 pulgadas, paquete de 50 barras de revolver de pintura, agitadores de pintura de madera, barra de pintura para mezclar epoxi y resina",https://www.amazon.com.mx/dp/B0BW891FLL,https://www.amazon.com/dp/B0BW891FLL,SRKSB LLC,
,B0036AYXLI,5,Hogar y Cocina,disponible,no disponible,,,2025-10-19T03:22:11.365Z,2025-10-21T03:15:02.777Z,2025-10-28T05:01:39.419Z,514.57,,$514.57,"Mixol Universal Tints, Black (01) 20ml",https://www.amazon.com.mx/dp/B0036AYXLI,https://www.amazon.com/dp/B0036AYXLI,SRKSB LLC,
,B0DHXH5LXQ,5,Hogar y Cocina,disponible,no disponible,,,2025-10-19T03:22:11.365Z,2025-10-21T03:15:11.221Z,2025-10-28T05:01:47.574Z,932.56,,$932.30,"Fedonak - Rueda de cerámica para niños, kit completo para principiantes con 6 paquetes de modelado de calys artes y manualidades para niños de 8 a 12 años",https://www.amazon.com.mx/dp/B0DHXH5LXQ,https://www.amazon.com/dp/B0DHXH5LXQ,SRKSB LLC,
,B0DCNNLX54,5,Hogar y Cocina,disponible,no disponible,,,2025-10-19T03:22:11.366Z,2025-10-21T03:15:18.064Z,2025-10-28T05:01:54.842Z,712.95,,$712.95,"AnoleAir Kit de pasadores de bloqueo de punto, 25 peines de bloqueo de punto de color rosa, peines de bloqueo de punto para bloquear proyectos de punto, ganchillo, encaje o costura, herramienta de",https://www.amazon.com.mx/dp/B0DCNNLX54,https://www.amazon.com/dp/B0DCNNLX54,SRKSB LLC,
,B0DBLS83HM,5,Hogar y Cocina,disponible,disponible,,PRICE_AND_SELLER_NOT_FOUND,2025-10-19T03:22:18.839Z,2025-10-21T03:15:25.606Z,2025-10-28T05:02:03.797Z,942.65,,$941.73,"OFUN Kit de fabricación de velas, cera de soja para hacer velas",https://www.amazon.com.mx/dp/B0DBLS83HM,https://www.amazon.com/dp/B0DBLS83HM,SRKSB LLC,
,B0D8J5DDM6,5,Hogar y Cocina,disponible,no disponible,,,2025-10-19T03:22:18.839Z,2025-10-21T03:15:32.919Z,2025-10-28T05:02:12.440Z,1035.34,,"$1,145.67","OEHPICC Kit de fieltro de aguja, paquete de 5 unidades de plantas colgantes de fieltro de aguja para principiantes, incluye herramientas básicas de fieltro de aguja, instrucciones, kit de manualidades",https://www.amazon.com.mx/dp/B0D8J5DDM6,https://www.amazon.com/dp/B0D8J5DDM6,SRKSB LLC,
,B0DHKWC6XC,5,Hogar y Cocina,disponible,no disponible,,,2025-10-19T03:22:18.839Z,2025-10-21T03:15:40.094Z,2025-10-28T05:02:21.036Z,703.71,,$707.48,"DoubleFill - 9 aros redondos pequeños de Navidad para bordar, tamaños de 3.5 a 5.3 pulgadas, marco de aro de goma, anillo de punto de cruz, adornos clásico de madera imitada, kits de marcos para",https://www.amazon.com.mx/dp/B0DHKWC6XC,https://www.amazon.com/dp/B0DHKWC6XC,SRKSB LLC,
,B0DGTDQ666,5,Hogar y Cocina,disponible,no disponible,,,2025-10-19T03:22:18.840Z,2025-10-21T03:15:47.695Z,2025-10-28T05:02:27.588Z,589.22,,$591.38,"120 pegatinas de Navidad de 1.6 pulgadas para tarjetas, manualidades, sellos de sobre, calcomanías redondas grandes, diseño de corona dorada, etiquetas autoadhesivas para caja de regalo",https://www.amazon.com.mx/dp/B0DGTDQ666,https://www.amazon.com/dp/B0DGTDQ666,SRKSB LLC,
,B07WJTPJBV,5,Hogar y Cocina,disponible,no disponible,,,2025-10-19T03:22:18.840Z,2025-10-21T03:15:54.830Z,2025-10-28T05:02:36.349Z,1129.28,,"$1,131.94","Cuchillo de gancho para tallar madera. Herramienta redonda para tallar radios de 1 pulgada para cucharas, cuencos y tazas, de Stamesky",https://www.amazon.com.mx/dp/B07WJTPJBV,https://www.amazon.com/dp/B07WJTPJBV,SRKSB LLC,
,B0CVTS2YBM,5,Hogar y Cocina,disponible,disponible,,,2025-10-19T03:22:18.840Z,2025-10-21T03:16:03.413Z,2025-10-28T05:02:43.710Z,670.36,13.99,$676.84,"Hanbaak - Tira de luz LED para máquina de coser, tira de luz LED adhesiva con atenuador táctil, tira de luz de costura de 11.8 pulgadas y cable USB de 6.5 pies, blanco frío, 6500 K",https://www.amazon.com.mx/dp/B0CVTS2YBM,https://www.amazon.com/dp/B0CVTS2YBM,Amazon Estados Unidos,ruishi power
,B0BXLC28GK,5,Hogar y Cocina,disponible,no disponible,,,2025-10-19T03:22:18.840Z,2025-10-21T03:16:10.270Z,2025-10-28T05:02:52.194Z,688.3,,$821.16,"WEYSTOM - Bálsamo recolorante de cuero - Colorante restaurador negro esmerilado para muebles, bolsas e interiores de automóviles | Repara arañazos, decoloración y grietas mientras que el cuero",https://www.amazon.com.mx/dp/B0BXLC28GK,https://www.amazon.com/dp/B0BXLC28GK,SRKSB LLC,
,B09J228BSF,5,Hogar y Cocina,disponible,no disponible,,,2025-10-19T03:22:18.840Z,2025-10-21T03:16:18.524Z,2025-10-28T05:02:59.000Z,579.13,,$580.51,"Tinte de vela - 18 colores tina a base de aceite líquido para la cera de la vela, el Color de la vela viva para la fabricación de velas de bricolaje, el Color de la vela Natural altamente concentrado",https://www.amazon.com.mx/dp/B09J228BSF,https://www.amazon.com/dp/B09J228BSF,SRKSB LLC,
,B0BFKNRMP1,5,Hogar y Cocina,disponible,no disponible,,,2025-10-19T03:22:18.840Z,2025-10-21T03:16:34.553Z,2025-10-28T05:03:13.675Z,947.84,,$978.68,"MUBYOK abalorio de aroma premium sin aroma de 5 libras para moldes de frescura de coche, sin fragancia, abalorio de EVA a granel para hacer ambientadores, suministros de frescura de coche",https://www.amazon.com.mx/dp/B0BFKNRMP1,https://www.amazon.com/dp/B0BFKNRMP1,SRKSB LLC,
,B0BPNY4JQR,5,Hogar y Cocina,disponible,disponible,,,2025-10-19T03:22:18.841Z,2025-10-21T03:16:41.950Z,2025-10-28T05:03:22.486Z,691.63,12.99,$695.00,"Plantillas de hibisco, plantillas de flores tropicales de 6 pulgadas, plantillas de dibujo de flores hawaianas, plantillas de pintura para pared de madera, lona, muebles, porche, decoración del hogar",https://www.amazon.com.mx/dp/B0BPNY4JQR,https://www.amazon.com/dp/B0BPNY4JQR,SRKSB LLC,CHUHAN SHOP
,B0DD6Q1P5F,5,Hogar y Cocina,disponible,disponible,,,2025-10-19T03:22:18.841Z,2025-10-21T03:16:49.323Z,2025-10-28T05:03:31.375Z,418.46,6.99,$418.46,"Cinta de Navidad dorada, cinta de satén rojo dorado de 1 pulgada y 50 yardas para decoración de fiestas de Navidad, envoltura de regalos, adornos de árboles, ramos, coronas de puerta, lazos y",https://www.amazon.com.mx/dp/B0DD6Q1P5F,https://www.amazon.com/dp/B0DD6Q1P5F,SRKSB LLC,chengxiaotrade
,B08TSZKVXK,5,Hogar y Cocina,disponible,disponible,,,2025-10-19T03:22:18.841Z,2025-10-21T03:16:58.205Z,2025-10-28T05:03:38.854Z,586.29,15.99,$687.94,"Ratukall - Juego de 183 almohadillas para orejas de luz de pintura de diamante A4, tablero de luz para accesorios de pintura de diamantes, caja de luz de trazado con herramientas de pintura 5D para",https://www.amazon.com.mx/dp/B08TSZKVXK,https://www.amazon.com/dp/B08TSZKVXK,Amazon Estados Unidos,Ratukall
,B0DDXY6WYD,5,Hogar y Cocina,disponible,disponible,,,2025-10-19T03:22:18.841Z,2025-10-21T03:17:05.860Z,2025-10-28T05:03:46.467Z,529.42,25.99,$712.75,"Dinifee - Hoja magnética flexible no adhesiva, 30, 5 x 7 pulgadas, para manualidades, hoja magnética lisa para manualidades y manualidades, álbumes de recortes, fotografías, fácil de organizar y",https://www.amazon.com.mx/dp/B0DDXY6WYD,https://www.amazon.com/dp/B0DDXY6WYD,Amazon Estados Unidos,Wnehmuble
,B0DD3F326X,5,Hogar y Cocina,disponible,disponible,,,2025-10-19T03:22:18.841Z,2025-10-21T03:17:14.052Z,2025-10-28T05:03:53.673Z,393.18,4.99,$393.18,"Formulen - arete de plástico para deportes, 200 arete transparentes para deportes, arete de plástico transparente para deportes, arete de silicona planos para bricolaje",https://www.amazon.com.mx/dp/B0DD3F326X,https://www.amazon.com/dp/B0DD3F326X,SRKSB LLC,SONDONDS
,B0DCZP4RT7,5,Hogar y Cocina,disponible,no disponible,,,2025-10-19T03:22:18.841Z,2025-10-21T03:17:22.790Z,2025-10-28T05:04:01.262Z,498.12,,$501.50,"Hilo de tapicería, kit de costura resistente de nailon",https://www.amazon.com.mx/dp/B0DCZP4RT7,https://www.amazon.com/dp/B0DCZP4RT7,SRKSB LLC,
,B08RLTNC5F,5,Hogar y Cocina,disponible,no disponible,,,2025-10-19T03:22:18.841Z,2025-10-21T03:17:30.049Z,2025-10-28T05:04:09.211Z,1125.38,,"$1,210.04","Etienne Alair - Suministros para hacer manualidades (100, 2 mechas de velas, cera de 10 kg + accesorios",https://www.amazon.com.mx/dp/B08RLTNC5F,https://www.amazon.com/dp/B08RLTNC5F,Marca: Etienne Alair,
,B09G2979JS,5,Hogar y Cocina,disponible,no disponible,,,2025-10-19T03:22:35.208Z,2025-10-21T03:17:37.999Z,2025-10-28T05:04:17.713Z,494.47,,$469.99,"Gionlion 6000 abalorio de arcilla para hacer pulseras, abalorio redondas planas de arcilla polimérica de 24 colores, abalorio Heishi espaciadoras de 6 mm con kit de dijes y cuerdas elásticas para kit de fabricación de joyas, pulseras, collares",https://www.amazon.com.mx/dp/B09G2979JS,https://www.amazon.com/dp/B09G2979JS,SRKSB LLC,
,B0DC192JYH,5,Hogar y Cocina,disponible,no disponible,,,2025-10-19T03:22:35.208Z,2025-10-21T03:17:46.580Z,2025-10-28T05:04:26.075Z,441.46,,$443.39,"Pepy Charcoal Soft, caja de 6 lápices",https://www.amazon.com.mx/dp/B0DC192JYH,https://www.amazon.com/dp/B0DC192JYH,SRKSB LLC,
,B0DB5L1JQG,5,Hogar y Cocina,disponible,disponible,,,2025-10-19T03:22:35.208Z,2025-10-21T03:17:53.111Z,2025-10-28T05:04:33.774Z,401.42,3.67,$401.42,"Adhoklop - 300 puntos autoadhesivos (150 pares) de 2 cm de diámetro, cierre de gancho y bucle, autoadhesivo, círculo, redondo, calcomanía para artes y manualidades, aula escolar (blanco)",https://www.amazon.com.mx/dp/B0DB5L1JQG,https://www.amazon.com/dp/B0DB5L1JQG,SRKSB LLC,KNICE
,B0D9446Q2V,5,Hogar y Cocina,disponible,disponible,,,2025-10-19T03:22:35.208Z,2025-10-21T03:17:59.804Z,2025-10-28T05:04:41.917Z,381.02,11.99,$590.29,"Dinifee - Juego de 2 lienzos predibujados para pintar sorbos y pintura para parejas, 8 x 10 pulgadas, lona preimpresa para parejas, citas, noche, fiesta de arte para adultos, aniversario, boda, pareja",https://www.amazon.com.mx/dp/B0D9446Q2V,https://www.amazon.com/dp/B0D9446Q2V,Amazon Estados Unidos,Wnehmuble
,B0D7VSZX7H,5,Hogar y Cocina,disponible,disponible,,,2025-10-19T03:22:35.208Z,2025-10-21T03:18:07.430Z,2025-10-28T05:04:49.082Z,4517.11,139.99,"$4,967.71","OcePor Resina epoxi de 4 galones, kit de resina de arte transparente, sin amarilleo, sin burbujas, autonivelante, bajo olor, no tóxico, antiespumante, nivelación, 2 galones x 2",https://www.amazon.com.mx/dp/B0D7VSZX7H,https://www.amazon.com/dp/B0D7VSZX7H,CATTLESIV,NJDAIWEI
,B0D6GHRM64,5,Hogar y Cocina,disponible,disponible,,,2025-10-19T03:22:35.208Z,2025-10-21T03:18:14.540Z,2025-10-28T05:04:57.244Z,755.18,29.99,"$1,030.98","Engrowtic - 60 tableros magnéticos de lona para pintar, de diferentes formas, paneles magnéticos de lona de varios tamaños, para pintar, pinturas, manualidades, marcadores de pintura acrílica",https://www.amazon.com.mx/dp/B0D6GHRM64,https://www.amazon.com/dp/B0D6GHRM64,Amazon Estados Unidos,Oceanoufeed
,B0D58FKSDD,5,Hogar y Cocina,disponible,no disponible,,,2025-10-19T03:22:35.209Z,2025-10-21T03:18:21.994Z,2025-10-28T05:05:05.672Z,393.18,,$393.18,"Viemior - 4 cuchillos Exacto, cuchillos para manualidades con 40 cuchillas de repuesto Exacto (#11), cuchillos profesionales Exacto, cuchillo de precisión para manualidades, artes, modelado, álbumes",https://www.amazon.com.mx/dp/B0D58FKSDD,https://www.amazon.com/dp/B0D58FKSDD,SRKSB LLC,
,B0D4V2C911,5,Hogar y Cocina,disponible,disponible,,,2025-10-19T03:22:35.209Z,2025-10-21T03:18:30.349Z,2025-10-28T05:05:12.331Z,441.91,5.99,$441.91,"Juego de 112 pares de ganchos de costura y cierre de ojos, 3 estilos de ganchos para falda de costura, broches de costura y cierres de gancho para pantalones, falda, vestido, brasier, costura,",https://www.amazon.com.mx/dp/B0D4V2C911,https://www.amazon.com/dp/B0D4V2C911,SRKSB LLC,Dasinro-US
,B0D3X1DJG2,5,Hogar y Cocina,disponible,no disponible,,,2025-10-19T03:22:35.209Z,2025-10-21T03:18:39.022Z,2025-10-28T05:05:19.368Z,2406.05,,"$2,432.11","KISREL Resina epoxi de 2 galones – Kit de resina epoxi transparente – Sin amarillear sin burbujas de resina de fundición de resina para manualidades, fabricación de joyas, moldes de madera y resina (1",https://www.amazon.com.mx/dp/B0D3X1DJG2,https://www.amazon.com/dp/B0D3X1DJG2,SRKSB LLC,
,B0D3PXNG4R,5,Hogar y Cocina,disponible,no disponible,,,2025-10-19T03:22:35.209Z,2025-10-21T03:18:46.305Z,2025-10-28T05:05:27.288Z,1691.54,,"$1,691.54","Kit de aerógrafo de 55 PSI con compresor de aire, 7 equipos, bajo ruido, pistola de cepillo para polvo de aire de doble acción para uñas, decoración de pasteles, peluquería, maquillaje y manualidades",https://www.amazon.com.mx/dp/B0D3PXNG4R,https://www.amazon.com/dp/B0D3PXNG4R,SRKSB LLC,
,B0D3PQXG2G,5,Hogar y Cocina,disponible,disponible,,,2025-10-19T03:22:35.209Z,2025-10-21T03:18:53.942Z,2025-10-28T05:05:34.606Z,588.08,11.99,$588.08,"woric - 6 bolsas de regalo de celofán extragrandes de 40 x 50 pulgadas, bolsas de almacenamiento de celofán transparentes para cestas de regalo, regalo de bebé, novia, boda, fiesta, cumpleaños",https://www.amazon.com.mx/dp/B0D3PQXG2G,https://www.amazon.com/dp/B0D3PQXG2G,SRKSB LLC,zhongyufenk
,B0CXTGCZFM,5,Hogar y Cocina,disponible,disponible,,,2025-10-19T03:22:35.209Z,2025-10-21T03:19:02.614Z,2025-10-28T05:05:41.317Z,2190.93,59.99,"$2,196.88","Resina epoxi de vertido profundo, kit de resina epoxi de 1.5 galones de 2-4 pulgadas de profundidad de vertido de 2 a 4 pulgadas, transparente de alto brillo, sin burbujas, autonivelante para moldes",https://www.amazon.com.mx/dp/B0CXTGCZFM,https://www.amazon.com/dp/B0CXTGCZFM,SRKSB LLC,Homeprint
,B0CNYV3JDH,5,Hogar y Cocina,disponible,no disponible,,,2025-10-19T03:22:35.209Z,2025-10-21T03:19:18.294Z,2025-10-28T05:05:55.492Z,3776.68,,"$3,861.81","KISREL Resina epoxi de vertido profundo, kit de resina epoxi de 3 galones (2:1) para profundidades de vertido de 2-4 pulgadas, sin burbujas, bajo olor, resina de fundición transparente para encimeras",https://www.amazon.com.mx/dp/B0CNYV3JDH,https://www.amazon.com/dp/B0CNYV3JDH,SRKSB LLC,
,B0C2H8F8FZ,5,Hogar y Cocina,disponible,disponible,,,2025-10-19T03:22:35.209Z,2025-10-21T03:19:25.903Z,2025-10-28T05:06:03.286Z,522.96,8.97,$522.96,"50 juegos de baby shower para niñas, baby shower, juego de palabras con temática floral, cartulina gruesa, divertido y fácil de jugar, divertidos juegos de baby shower (con respuesta)",https://www.amazon.com.mx/dp/B0C2H8F8FZ,https://www.amazon.com/dp/B0C2H8F8FZ,SRKSB LLC,Eirlys
,B0CDX4SS76,5,Hogar y Cocina,disponible,disponible,,,2025-10-19T03:22:35.210Z,2025-10-21T03:19:34.673Z,2025-10-28T05:06:10.522Z,750.62,17.99,$753.38,"Chuangdi 10 lienzos predibujados para pintar pintura preimpresa y suministros de fiesta para sorbos de 8 x 10 pulgadas, kit de pintura de tablero de contorno estirado para adultos, principiante y",https://www.amazon.com.mx/dp/B0CDX4SS76,https://www.amazon.com/dp/B0CDX4SS76,SRKSB LLC,Ranhappyoya
,B0DBQWFWSY,5,Hogar y Cocina,disponible,disponible,,,2025-10-19T03:22:35.210Z,2025-10-21T03:19:41.797Z,2025-10-28T05:06:18.932Z,503.77,9.99,$503.77,"NUKAYAI - abalorio de ojo de tigres amarillos naturales, 100 abalorio de vidrio de 8 mm, abalorio redondas sueltas para hacer pulseras, collares, aretes",https://www.amazon.com.mx/dp/B0DBQWFWSY,https://www.amazon.com/dp/B0DBQWFWSY,SRKSB LLC,XIHAIDIANZI
,B0CTQMCYV5,5,Hogar y Cocina,disponible,no disponible,,,2025-10-19T03:22:52.251Z,2025-10-21T03:19:49.382Z,2025-10-28T05:06:26.664Z,1174.79,,"$1,181.85","Moinchore - 100 paneles de lona de pintura artística para pintura artística, paneles de algodón en blanco, lona pequeño, sin ácidos, para pintar para niños, acuarela, pintura al óleo acrílica (4 x 4",https://www.amazon.com.mx/dp/B0CTQMCYV5,https://www.amazon.com/dp/B0CTQMCYV5,SRKSB LLC,
,B0D4Z2YN6L,5,Hogar y Cocina,disponible,disponible,,,2025-10-19T03:22:52.251Z,2025-10-21T03:19:56.418Z,2025-10-28T05:06:33.840Z,443.47,4.55,$444.60,"Juego de agujas para máquina de coser, aguja estándar universal, agujas para máquinas de coser en casa, tamaños HAX1 65/9, 75/11, 90/14, 100/16, 110/18, WOILLIO compatible con Singer, Brother, Janome,",https://www.amazon.com.mx/dp/B0D4Z2YN6L,https://www.amazon.com/dp/B0D4Z2YN6L,SRKSB LLC,Natural Environment Home
,B0CX1L7GVG,5,Hogar y Cocina,disponible,no disponible,,,2025-10-19T03:22:52.251Z,2025-10-21T03:20:04.713Z,2025-10-28T05:06:42.767Z,1079.91,,"$1,079.91","Ahakito Arcilla seca al aire para adultos, kits de arcilla de cerámica para adultos incluye: arcilla de aire, herramientas de escultura de arcilla, pintura de arcilla, pinceles, barniz brillante para",https://www.amazon.com.mx/dp/B0CX1L7GVG,https://www.amazon.com/dp/B0CX1L7GVG,SRKSB LLC,
,B0D3TDZ2XY,5,Hogar y Cocina,disponible,no disponible,,,2025-10-19T03:22:52.251Z,2025-10-21T03:20:12.410Z,2025-10-28T05:06:51.496Z,1739.36,,"$1,739.36","Resina epoxi de 1 galón, kit de resina epoxi transparente, sin amarillear, sin burbujas, resina de fundición artística para manualidades, fabricación de joyas, moldes de madera y resina (1/2 galón x",https://www.amazon.com.mx/dp/B0D3TDZ2XY,https://www.amazon.com/dp/B0D3TDZ2XY,SRKSB LLC,
,B0CXM7VLXV,5,Hogar y Cocina,disponible,no disponible,,,2025-10-19T03:22:52.251Z,2025-10-21T03:20:19.593Z,2025-10-28T05:06:59.413Z,467.61,,$469.96,"Rotuladores de pintura acrílica, 20 marcadores de pintura de color, puntas dobles finas y de pincel para pintura roca, tela, metal, vidrio, madera, lona, cerámica, plástico, no tóxico y olor,",https://www.amazon.com.mx/dp/B0CXM7VLXV,https://www.amazon.com/dp/B0CXM7VLXV,SRKSB LLC,
,B0D25W2D56,5,Hogar y Cocina,disponible,disponible,,,2025-10-19T03:22:52.252Z,2025-10-21T03:20:27.243Z,2025-10-28T05:07:07.535Z,722.47,17.99,$724.99,"Dispowreath - Juego de 120 hojas de papel de impresión solar de cianottipo, papel de dibujo solar de alta sensibilidad, naturaleza, sol/solar activado, arte de impresión para niños y adultos, proyecto",https://www.amazon.com.mx/dp/B0D25W2D56,https://www.amazon.com/dp/B0D25W2D56,SRKSB LLC,DuiancycGn
,B0D1CFC2BJ,5,Hogar y Cocina,disponible,no disponible,,,2025-10-19T03:22:52.252Z,2025-10-21T03:20:35.129Z,2025-10-28T05:07:15.278Z,437.77,,$437.77,"5 pinceles de silicona para pintura de silicona, para escultura de arcilla de resina, pinceles de silicona, pinceles de goma, 20 cm",https://www.amazon.com.mx/dp/B0D1CFC2BJ,https://www.amazon.com/dp/B0D1CFC2BJ,SRKSB LLC,
,B0CYH3KP73,5,Hogar y Cocina,disponible,disponible,,,2025-10-19T03:22:52.252Z,2025-10-21T03:20:43.654Z,2025-10-28T05:07:22.154Z,399.07,4.29,$402.83,"60 piezas de cera de pintura de diamantes, masilla de pintura de diamantes, calcomanía de pintura de diamantes, pintura de arte, forma cuadrada, tamaño 2 cm x 2 cm (rojo)",https://www.amazon.com.mx/dp/B0CYH3KP73,https://www.amazon.com/dp/B0CYH3KP73,SRKSB LLC,iyline
,B09Q87D5GS,5,Hogar y Cocina,disponible,disponible,,,2025-10-19T03:22:52.252Z,2025-10-21T03:20:51.354Z,2025-10-28T05:07:29.540Z,574.26,9.89,$554.76,"YLY's love 20 pompones de papel de seda, bolas de panal de abeja, decoración de pared, pompones para fiesta de cumpleaños, boda (verde oscuro, 20 unidades-4 pulgadas, 6 pulgadas)",https://www.amazon.com.mx/dp/B09Q87D5GS,https://www.amazon.com/dp/B09Q87D5GS,SRKSB LLC,YLY's love
,B09DSTBFDG,5,Hogar y Cocina,disponible,disponible,,,2025-10-19T03:22:52.252Z,2025-10-21T03:20:57.961Z,2025-10-28T05:07:36.765Z,633.68,13.99,$633.68,"Uniquilling - Kit de papel de quilling para adultos principiantes, letras de 8 x 10 pulgadas, exquisitos kits de pintura de filigrana de papel de bricolaje, herramientas de quilling, decoración de",https://www.amazon.com.mx/dp/B09DSTBFDG,https://www.amazon.com/dp/B09DSTBFDG,SRKSB LLC,LDHRUS
,B0D5TMVZCS,5,Hogar y Cocina,disponible,disponible,,,2025-10-19T03:22:52.252Z,2025-10-21T03:21:06.514Z,2025-10-28T05:07:44.366Z,597.39,12.99,$597.39,100 plantillas para pintar estilo animal,https://www.amazon.com.mx/dp/B0D5TMVZCS,https://www.amazon.com/dp/B0D5TMVZCS,SRKSB LLC,Fortees
,B0CYGQ7RQN,5,Hogar y Cocina,disponible,no disponible,,,2025-10-19T03:22:52.252Z,2025-10-21T03:21:13.951Z,2025-10-28T05:07:52.438Z,416.07,,$426.77,"TINNIVI - Lápices de colores arcoíris para niños y adultos, suministros de arte de lápiz de color arcoíris para niñas y niños, lápices de madera negra multicolor a granel para colorear dibujos,",https://www.amazon.com.mx/dp/B0CYGQ7RQN,https://www.amazon.com/dp/B0CYGQ7RQN,CATTLESIV,
,B0D45T1MB9,5,Hogar y Cocina,disponible,disponible,,,2025-10-19T03:22:52.252Z,2025-10-21T03:21:22.827Z,2025-10-28T05:07:59.889Z,465.23,5.99,$465.23,DIYCYCY - Pintura artística de diamante para adultos-B12050,https://www.amazon.com.mx/dp/B0D45T1MB9,https://www.amazon.com/dp/B0D45T1MB9,SRKSB LLC,TXP&LWH Shop
,B0CYWP8KPK,5,Hogar y Cocina,disponible,disponible,,,2025-10-19T03:22:52.252Z,2025-10-21T03:21:29.239Z,2025-10-28T05:08:07.586Z,387.5,5.39,$387.50,"Bflaae - 764 piezas de ojos brillantes negros autoadhesivos, 4 mm, 6 mm, 8 mm, 10 mm, 12 mm, 15 mm, 20 mm, ojos brillantes grandes y pequeños para manualidades",https://www.amazon.com.mx/dp/B0CYWP8KPK,https://www.amazon.com/dp/B0CYWP8KPK,SRKSB LLC,LIXINLI
,B0CY86L22Y,5,Hogar y Cocina,disponible,no disponible,,,2025-10-19T03:22:52.252Z,2025-10-21T03:21:36.095Z,2025-10-28T05:08:14.726Z,372.46,,$372.46,"XEKIGU, AK0103 - Cuchillo Exacto, cuchillo para manualidades con 30 cuchillas de repuesto (#11), cuchillos de artesanía profesional para manualidades, artes, modelado, álbumes de recortes, plantilla",https://www.amazon.com.mx/dp/B0CY86L22Y,https://www.amazon.com/dp/B0CY86L22Y,SRKSB LLC,
,B0CS7L6FZF,5,Hogar y Cocina,disponible,no disponible,,,2025-10-19T03:23:06.280Z,2025-10-21T03:21:43.652Z,2025-10-28T05:08:22.050Z,1566.22,,"$1,623.87","Golden Wax GW 494 Cera para tarta/votiva, bolsa de 10 libras, AAK/cera dorada",https://www.amazon.com.mx/dp/B0CS7L6FZF,https://www.amazon.com/dp/B0CS7L6FZF,SRKSB LLC,
,B08JS34SFL,5,Hogar y Cocina,disponible,no disponible,,,2025-10-19T03:23:06.281Z,2025-10-21T03:21:58.271Z,2025-10-28T05:08:36.179Z,601.98,,$592.94,Daler-Rowney FW Acrylic Artists' Ink (White),https://www.amazon.com.mx/dp/B08JS34SFL,https://www.amazon.com/dp/B08JS34SFL,SRKSB LLC,
,B08LH63D89,5,Hogar y Cocina,disponible,no disponible,,,2025-10-19T03:23:06.281Z,2025-10-21T03:22:06.622Z,2025-10-28T05:08:44.428Z,380.05,,$382.62,"Detail Paint Brush Set, Fine Miniature Brushes, Detailing Painting Brush for Acrylic, Watercolor, Oil, Face, Nails, Line Drawing, 9PCS (Black)",https://www.amazon.com.mx/dp/B08LH63D89,https://www.amazon.com/dp/B08LH63D89,SRKSB LLC,
,B0DHZKSFTG,5,Hogar y Cocina,disponible,no disponible,,,2025-10-19T03:23:06.281Z,2025-10-21T03:22:15.029Z,2025-10-28T05:08:52.927Z,608.35,,$608.35,"Leilifre - Marcadores de tela, 24 colores, pinturas acrílicas de doble punta, marcadores de tela para niños y adultos, tarjetas de dibujo, pintura roca kit de manualidades, suministros escolares,",https://www.amazon.com.mx/dp/B0DHZKSFTG,https://www.amazon.com/dp/B0DHZKSFTG,SRKSB LLC,
,B0CXXJNP4Q,5,Hogar y Cocina,disponible,no disponible,,,2025-10-19T03:23:06.281Z,2025-10-21T03:22:22.664Z,2025-10-28T05:09:01.247Z,648.48,,$648.48,"Juguetes para niñas de 4 a 5 a 6 años, kits de pintura de diamantes de unicornios para niños hacen tu propio llavero GEM, artes y manualidades para niños de 4 a 12 años, regalos de cumpleaños para",https://www.amazon.com.mx/dp/B0CXXJNP4Q,https://www.amazon.com/dp/B0CXXJNP4Q,SRKSB LLC,
,B09P6L357G,5,Hogar y Cocina,disponible,no disponible,,,2025-10-19T03:23:06.281Z,2025-10-21T03:22:30.406Z,2025-10-28T05:09:08.818Z,550.55,,$607.77,"Juego de 6 sellos de madera redondos de goma de madera para hacer tarjetas, patrón de feliz cumpleaños, sello de goma para manualidades, tarjetas y álbumes de recortes (sellos de feliz cumpleaños)",https://www.amazon.com.mx/dp/B09P6L357G,https://www.amazon.com/dp/B09P6L357G,SRKSB LLC,
,B08V48782P,5,Hogar y Cocina,disponible,disponible,,,2025-10-19T03:23:06.281Z,2025-10-21T03:22:38.167Z,2025-10-28T05:09:16.863Z,637.51,22.99,$883.93,"almohadillas para orejas de acuarela para ojos artísticos de 9 x 12 pulgadas, paquete de 2 (60 hojas), encuadernadas con pegamento, papel sin ácidos, 150 libras (300 g/m²), perfectas para la mayoría",https://www.amazon.com.mx/dp/B08V48782P,https://www.amazon.com/dp/B08V48782P,Amazon Estados Unidos,ARTISTIC EYE
,B00LBHEMAA,5,Hogar y Cocina,disponible,disponible,,,2025-10-19T03:23:06.281Z,2025-10-21T03:22:46.022Z,2025-10-28T05:09:24.707Z,446.97,4.99,$432.32,"Love, Embroidered Hippie Iron on Patches",https://www.amazon.com.mx/dp/B00LBHEMAA,https://www.amazon.com/dp/B00LBHEMAA,SRKSB LLC,Graphic Dust
,B0D58362ZZ,5,Hogar y Cocina,disponible,no disponible,,,2025-10-19T03:23:06.282Z,2025-10-21T03:22:54.296Z,2025-10-28T05:09:33.409Z,1264.78,,"$1,268.27","24 paquetes de tablas en blanco de 11 x 14 pulgadas para pintar niños, lienzos de arte para pintura, paneles de lona 100% algodón sin ácidos para acrílico al óleo acuarela",https://www.amazon.com.mx/dp/B0D58362ZZ,https://www.amazon.com/dp/B0D58362ZZ,SRKSB LLC,
,B09FSWZXDZ,5,Hogar y Cocina,disponible,disponible,,,2025-10-19T03:23:06.282Z,2025-10-21T03:23:02.458Z,2025-10-28T05:09:41.017Z,853.17,27.74,"$1,166.20","8 paquetes de cabello pretorcido de ganchillo de 16 pulgadas de ganchillo pretorcido, pretrenzado ombré, trenzas de ganchillo bohemias de ganchillo T30",https://www.amazon.com.mx/dp/B09FSWZXDZ,https://www.amazon.com/dp/B09FSWZXDZ,Amazon Estados Unidos,Beauty Hair Direct
,B09T9KHKR8,5,Hogar y Cocina,disponible,disponible,,,2025-10-19T03:23:06.283Z,2025-10-21T03:23:09.278Z,2025-10-28T05:09:49.425Z,549.17,7.95,$545.49,"50 papeles de papelería de diseño antiguo vintage de 8.5 x 11 pulgadas, papel de escritura de cartas, papel de impresora decorativo para invitación, carta, currículum, premio, diploma, arte, manualidades, certificado (A)",https://www.amazon.com.mx/dp/B09T9KHKR8,https://www.amazon.com/dp/B09T9KHKR8,Boon Shopping,DUGUTUL Store
,B0D6WKW6Q9,5,Hogar y Cocina,disponible,no disponible,,,2025-10-19T03:23:06.283Z,2025-10-21T03:23:17.658Z,2025-10-28T05:09:58.376Z,966.87,,$959.87,"tazón de hilo ovalado, soporte de hilo de ganchillo con 9 ganchos de tejer, almacenamiento de hilo, tazón de ganchillo para tejer, regalo para ganchillos, tazón de hilo grande de madera de acacia de",https://www.amazon.com.mx/dp/B0D6WKW6Q9,https://www.amazon.com/dp/B0D6WKW6Q9,SRKSB LLC,
,B001NGOGMI,5,Hogar y Cocina,disponible,no disponible,,,2025-10-19T03:23:06.283Z,2025-10-21T03:23:24.635Z,2025-10-28T05:10:05.482Z,647.34,,$647.34,Turner - Juego de gouache acrílico de 12 colores para la escuela,https://www.amazon.com.mx/dp/B001NGOGMI,https://www.amazon.com/dp/B001NGOGMI,SRKSB LLC,
,B0D1FRRDD6,5,Hogar y Cocina,disponible,disponible,,,2025-10-19T03:23:06.283Z,2025-10-21T03:23:32.704Z,2025-10-28T05:10:13.446Z,383.86,5.39,$385.02,"Ymapinc - 2 plantillas circulares para dibujo y dibujo geométrico para pintar círculos, plantillas redondas de plástico transparente para dibujo circular para suministros escolares de oficina",https://www.amazon.com.mx/dp/B0D1FRRDD6,https://www.amazon.com/dp/B0D1FRRDD6,SRKSB LLC,dreampursuer
,B007WDW6WS,5,Hogar y Cocina,disponible,no disponible,,,2025-10-19T03:23:06.284Z,2025-10-21T03:23:39.715Z,2025-10-28T05:10:21.406Z,571.55,,$571.55,THERMOWEB Purpurina en Polvo Aerosol Spray 4.2 Ounces-Gold,https://www.amazon.com.mx/dp/B007WDW6WS,https://www.amazon.com/dp/B007WDW6WS,SRKSB LLC,
,B0CVX92DY9,5,Hogar y Cocina,disponible,disponible,,,2025-10-19T03:23:06.284Z,2025-10-21T03:23:48.735Z,2025-10-28T05:10:27.849Z,384.72,4.5,$375.45,"KEUASDV Kits de pintura de diamantes para adultos, kits de arte de diamante 5D de flores coloridas para hacer bricolaje con lunares de diamante para regalo, decoración de pared y relajación, artes de",https://www.amazon.com.mx/dp/B0CVX92DY9,https://www.amazon.com/dp/B0CVX92DY9,SRKSB LLC,wesson
,B0CMTVYGP5,5,Hogar y Cocina,disponible,no disponible,,,2025-10-19T03:23:20.528Z,2025-10-21T03:23:56.074Z,2025-10-28T05:10:35.740Z,876.27,,$881.69,"Engrowtic - Juego de 120 hojas de papel de cianottipo para impresión solar, papel solar de alta sensibilidad, color blanco, activado, natural, sol, papel de dibujo para niños, adultos, proyectos de",https://www.amazon.com.mx/dp/B0CMTVYGP5,https://www.amazon.com/dp/B0CMTVYGP5,SRKSB LLC,
,B083SBPRTY,5,Hogar y Cocina,disponible,no disponible,,,2025-10-19T03:23:20.528Z,2025-10-21T03:24:03.383Z,2025-10-28T05:10:42.689Z,628.98,,$859.34,"Artisto Juego de libros de bocetos premium de 9 x 12 pulgadas, encuadernado en espiral, paquete de 2, 200 hojas (100 g/m2), papel de dibujo sin ácidos, ideal para niños, adolescentes y adultos.",https://www.amazon.com.mx/dp/B083SBPRTY,https://www.amazon.com/dp/B083SBPRTY,Amazon Estados Unidos,
,B0CR17JH89,5,Hogar y Cocina,disponible,disponible,,,2025-10-19T03:23:20.528Z,2025-10-21T03:24:10.891Z,2025-10-28T05:10:51.137Z,277.81,5.69,$394.76,"Yonuni - Dijes para accesorios de bolsa Bogg, puntas de PVC Bogg para bolsas Simply Southern",https://www.amazon.com.mx/dp/B0CR17JH89,https://www.amazon.com/dp/B0CR17JH89,Amazon Estados Unidos,Yowen
,B07MZR2452,5,Hogar y Cocina,disponible,disponible,,,2025-10-19T03:23:20.529Z,2025-10-21T03:24:18.058Z,2025-10-28T05:10:58.187Z,537.05,9.99,$535.67,"BYUEE 3 rollos de cinta adhesiva de doble cara de 0,3 x 30 yardas, resistente para bricolaje, arte, manualidades, álbumes de recortes, sellos de goma, hacer tarjetas, envolver regalos",https://www.amazon.com.mx/dp/B07MZR2452,https://www.amazon.com/dp/B07MZR2452,Boon Shopping,BOYUE-US
,B0CLLBWJPW,5,Hogar y Cocina,disponible,no disponible,,,2025-10-19T03:23:20.529Z,2025-10-21T03:24:25.187Z,2025-10-28T05:11:06.205Z,1942.35,,"$1,962.38","LET'S RESIN - Resina epoxi de curado rápido para joyas, resina epoxi de secado rápido de 1 galón de resina de secado rápido, 4 horas de demolición, transparente y sin burbujas de fundición epoxi para",https://www.amazon.com.mx/dp/B0CLLBWJPW,https://www.amazon.com/dp/B0CLLBWJPW,SRKSB LLC,
,B0CB6CPK55,5,Hogar y Cocina,disponible,disponible,,,2025-10-19T03:23:20.529Z,2025-10-21T03:24:42.031Z,2025-10-28T05:11:20.513Z,512.61,6.9,$514.30,"GUVSPTI Sello de goma de abeja, mini sello pequeño de abejorro de 3/5 pulgadas para álbumes de recortes, planificador de fabricación de tarjetas",https://www.amazon.com.mx/dp/B0CB6CPK55,https://www.amazon.com/dp/B0CB6CPK55,SRKSB LLC,OOSILK
,B0D56VZQ6H,5,Hogar y Cocina,disponible,disponible,,,2025-10-19T03:23:20.529Z,2025-10-21T03:24:51.353Z,2025-10-28T05:11:28.041Z,1001.24,28.99,"$1,030.75","Majreey - Juego de papel de regalo floral, 80 hojas, papel floral impermeable, 3 rollos de cinta para ramo de flores, 2 rollos de cinta transparente, 100 alfileres de flores, 48 mariposas 3D, 9",https://www.amazon.com.mx/dp/B0D56VZQ6H,https://www.amazon.com/dp/B0D56VZQ6H,SRKSB LLC,DIEAINE
,B0DCZM7KR1,5,Hogar y Cocina,disponible,disponible,,,2025-10-19T03:23:20.529Z,2025-10-21T03:24:58.378Z,2025-10-28T05:11:35.165Z,500.92,19.99,$786.05,"Soporte de caballete para artista de exhibición – trípode instantáneo plegable portátil de 63 pulgadas, fácil de plegar, soporte de metal ajustable para exhibición de boda, pintura, color dorado",https://www.amazon.com.mx/dp/B0DCZM7KR1,https://www.amazon.com/dp/B0DCZM7KR1,Amazon Estados Unidos,ProStand US
,B0B3DX9WKB,5,Hogar y Cocina,disponible,disponible,,,2025-10-19T03:23:20.529Z,2025-10-21T03:25:06.082Z,2025-10-28T05:11:42.622Z,456.4,4.99,$426.43,"Calcomanías para botellas de agua, 50 unidades de vinilo estético para niños, impermeables, decorativas, equipaje, motocicleta, naturaleza, para campistas, niños, adultos, adolescentes y niñas",https://www.amazon.com.mx/dp/B0B3DX9WKB,https://www.amazon.com/dp/B0B3DX9WKB,SRKSB LLC,XUEJUZI
,B075DPKD46,5,Hogar y Cocina,disponible,no disponible,,,2025-10-19T03:23:20.536Z,2025-10-21T03:25:13.109Z,2025-10-28T05:11:49.382Z,733.45,,$732.07,"(8x8) - illo Sketchbook, Large, Square, Sketch Book, (8x8), Premium, 60kg Paper, Hardcover Notebook, Lay Flat, Smooth Paper, Thick Paper, Elastic Enclosure and Ribbon Marker",https://www.amazon.com.mx/dp/B075DPKD46,https://www.amazon.com/dp/B075DPKD46,XIJIANG,
,B0CPPH9WH6,5,Hogar y Cocina,disponible,no disponible,,,2025-10-19T03:23:20.536Z,2025-10-21T03:25:21.341Z,2025-10-28T05:11:56.610Z,324.42,,$426.77,"30 hojas de cartulina azul de 8.5 x 11 pulgadas, 70 libras/180 g/m² de papel de alta calidad para hacer tarjetas, manualidades, decoración de fiestas, suministros escolares para estudiantes (azul)",https://www.amazon.com.mx/dp/B0CPPH9WH6,https://www.amazon.com/dp/B0CPPH9WH6,Amazon Estados Unidos,
,B0CM199K7X,5,Hogar y Cocina,disponible,no disponible,,,2025-10-19T03:23:20.536Z,2025-10-21T03:25:30.027Z,2025-10-28T05:12:04.295Z,566.46,,$564.33,"Brusarth - Juego de pinceles de pintura con detalles de pasatiempos, 6 tamaños, pinceles de pintura acrílica para cabello de cabra y juegos de guerra, pintura al óleo en miniatura, modelo para",https://www.amazon.com.mx/dp/B0CM199K7X,https://www.amazon.com/dp/B0CM199K7X,SRKSB LLC,
,B0CN94T4ST,5,Hogar y Cocina,disponible,disponible,,PRICE_AND_SELLER_NOT_FOUND,2025-10-19T03:23:20.538Z,2025-10-21T03:25:37.746Z,2025-10-28T05:12:11.211Z,820.01,,$807.29,"Vinilo de transferencia de calor blanco HTV de 12 x 25 pies, Amavinyl blanco para planchar para silueta de Cricut, vinilo blanco de prensa de calor para camisetas, telas fáciles de cortar y malezar",https://www.amazon.com.mx/dp/B0CN94T4ST,https://www.amazon.com/dp/B0CN94T4ST,SRKSB LLC,
,B0C9G376HZ,5,Hogar y Cocina,disponible,disponible,,,2025-10-19T03:23:20.538Z,2025-10-21T03:25:45.151Z,2025-10-28T05:12:19.460Z,663.87,23.99,$908.28,"Idea Liftoff - Juego de 12 libros para colorear para adultos, paquete con 12 libros para colorear para adultos, para mujeres, hombres con mandalas y más, libros avanzados para colorear a granel",https://www.amazon.com.mx/dp/B0C9G376HZ,https://www.amazon.com/dp/B0C9G376HZ,Amazon Estados Unidos,Idea Liftoff
,B0BYJPFBSH,5,Hogar y Cocina,disponible,no disponible,,,2025-10-19T03:23:34.354Z,2025-10-21T03:25:52.980Z,2025-10-28T05:12:27.873Z,902.17,,$900.72,"Fiesec - Decoración para despedida de soltera, diseño de limón, con texto en inglés ""She Find Her Main Squeeze Bachelorette, decoración de despedida de soltera, telón de fondo, guirnalda de globos con",https://www.amazon.com.mx/dp/B0BYJPFBSH,https://www.amazon.com/dp/B0BYJPFBSH,SRKSB LLC,
,B0C7QRSYBD,5,Hogar y Cocina,disponible,no disponible,,,2025-10-19T03:23:34.354Z,2025-10-21T03:26:01.404Z,2025-10-28T05:12:34.972Z,791.47,,$782.61,"Qilery - Juego de mini paletas portátiles de acuarela, caja de pintura de madera de 15 colores, almohadilla de papel de acuarela, libro de bocetos, acuarela, bolígrafos con clips para carpetas para pintores, artistas, estudiantes principiantes",https://www.amazon.com.mx/dp/B0C7QRSYBD,https://www.amazon.com/dp/B0C7QRSYBD,SRKSB LLC,
,B07CRC99CT,5,Hogar y Cocina,disponible,disponible,,PRICE_AND_SELLER_NOT_FOUND,2025-10-19T03:23:34.354Z,2025-10-21T03:26:09.043Z,2025-10-28T05:12:42.201Z,955.52,,$961.14,"AIT Art - Juego de 5 pinceles de textura para cabello natural, hecho a mano en Estados Unidos para obtener resultados superiores con acuarelas, acrílico y aceite",https://www.amazon.com.mx/dp/B07CRC99CT,https://www.amazon.com/dp/B07CRC99CT,SRKSB LLC,
,B0C9WH4RN3,5,Hogar y Cocina,disponible,disponible,,,2025-10-19T03:23:34.354Z,2025-10-21T03:26:16.001Z,2025-10-28T05:12:49.777Z,401.83,4.99,$401.83,"Cinta de satén de color morado lavanda de 3/8 pulgadas, 25 yardas, cinta de seda, perfecta para envolver regalos, invitaciones, globos de pelo floral, manualidades, costura, fiesta, boda, decoración del día de San Valentín",https://www.amazon.com.mx/dp/B0C9WH4RN3,https://www.amazon.com/dp/B0C9WH4RN3,SRKSB LLC,ZheQiUS2023
,B0BWN6K5ZY,5,Hogar y Cocina,disponible,disponible,,,2025-10-19T03:23:34.354Z,2025-10-21T03:26:23.216Z,2025-10-28T05:12:57.008Z,650.5,9.99,$641.16,"Luceinvita Rollo de tela de tul rosa polvoriento, 54 x 20 yardas (60 pies) de tul para decoración de boda, bricolaje, tutú, fiesta, telón de fondo de mesa de baby shower, faldas de regalo",https://www.amazon.com.mx/dp/B0BWN6K5ZY,https://www.amazon.com/dp/B0BWN6K5ZY,SRKSB LLC,iLook
,B0BCP9R3RB,5,Hogar y Cocina,disponible,disponible,,,2025-10-19T03:23:34.354Z,2025-10-21T03:26:30.607Z,2025-10-28T05:13:05.908Z,455.63,8.99,$455.63,"Lusofie - Tiras precortadas de tela de piel sintética de felpa lanuda de 2 x 60 pulgadas, piel blanca esponjosa y esponjosa para manualidades de gnomos, barba, Papá Noel, pelo de Papá Noel, disfraz de cosplay, manualidades, decoración de Navidad",https://www.amazon.com.mx/dp/B0BCP9R3RB,https://www.amazon.com/dp/B0BCP9R3RB,SRKSB LLC,Bincang
,B01GOQ5SPK,5,Hogar y Cocina,disponible,no disponible,,,2025-10-19T03:23:34.355Z,2025-10-21T03:26:37.428Z,2025-10-28T05:13:14.169Z,699.53,,$699.53,"5 uPunch - Tarjetas de tiempo para HN3, color verde, 100 Upunch Time Cards",https://www.amazon.com.mx/dp/B01GOQ5SPK,https://www.amazon.com/dp/B01GOQ5SPK,SRKSB LLC,
,B0C1MWZ11T,5,Hogar y Cocina,disponible,disponible,,,2025-10-19T03:23:34.355Z,2025-10-21T03:26:46.141Z,2025-10-28T05:13:21.137Z,254.82,5.49,$389.89,"50 broches de presión, paquete de 4 pines de seguridad, cierre trasero seguro plateado con cierre de barra trasera (50)",https://www.amazon.com.mx/dp/B0C1MWZ11T,https://www.amazon.com/dp/B0C1MWZ11T,Amazon Estados Unidos,FOHOLA US
,B09DLC3HTR,5,Hogar y Cocina,disponible,disponible,,,2025-10-19T03:23:34.355Z,2025-10-21T03:26:54.743Z,2025-10-28T05:13:28.955Z,663.72,9.99,$666.50,"ZHluja Paquete de 10 hojas de plantilla en blanco de 10 mil de 12 pulgadas por 12 pulgadas para corte láser, vinilo PET transparente, plantillas de acetato Mylar herramientas y máquinas material de plantilla",https://www.amazon.com.mx/dp/B09DLC3HTR,https://www.amazon.com/dp/B09DLC3HTR,SRKSB LLC,ZHluja
,B0C36VD4P5,5,Hogar y Cocina,disponible,disponible,,,2025-10-19T03:23:34.355Z,2025-10-21T03:27:03.463Z,2025-10-28T05:13:36.599Z,451.33,6.99,$451.33,"1100 abalorio de pony, abalorio para hacer joyas, abalorio de pulsera de amistad, abalorio para pulseras, abalorio de pelo, abalorio para manualidades, abalorio de pony a granel, abalorio de Kandi,",https://www.amazon.com.mx/dp/B0C36VD4P5,https://www.amazon.com/dp/B0C36VD4P5,SRKSB LLC,LanLongKeJiUS
,B0C6J6KJCC,5,Hogar y Cocina,disponible,no disponible,,,2025-10-19T03:23:34.355Z,2025-10-21T03:27:10.352Z,2025-10-28T05:13:43.685Z,509.52,,$508.14,"12 hojas de transferencia para muebles, manualidades, pegatinas clásico de transferencia de flores, plantas, hongos, mariposas, bayas para muebles de tela de madera, calcomanías para hogar, oficina,",https://www.amazon.com.mx/dp/B0C6J6KJCC,https://www.amazon.com/dp/B0C6J6KJCC,Uğurlu STORE,
,B0BRPJTMY8,5,Hogar y Cocina,disponible,no disponible,,,2025-10-19T03:23:34.355Z,2025-10-21T03:27:25.156Z,2025-10-28T05:13:58.913Z,690.14,,$692.01,"MASTERART Juego de lápices de colores de 36 colores, colección especial para niños y adultos para colorear",https://www.amazon.com.mx/dp/B0BRPJTMY8,https://www.amazon.com/dp/B0BRPJTMY8,SRKSB LLC,
,B0B8TQ42HG,5,Hogar y Cocina,disponible,no disponible,,,2025-10-19T03:23:34.355Z,2025-10-21T03:27:33.956Z,2025-10-28T05:14:06.277Z,967.51,,$968.65,"Pepy Juego de 3 barras de arcilla para modelar seco al aire de alta calidad, 1 libra, 3 libras en total",https://www.amazon.com.mx/dp/B0B8TQ42HG,https://www.amazon.com/dp/B0B8TQ42HG,CATTLESIV,
,B09J8HRVWF,5,Hogar y Cocina,disponible,no disponible,,,2025-10-19T03:23:34.356Z,2025-10-21T03:27:42.147Z,2025-10-28T05:14:14.851Z,686.3,,$684.92,"Cregugua Mini letras del alfabeto de madera de 1/2 pulgadas y números de madera sin terminar con bandeja de almacenamiento rústica para álbumes de recortes, manualidades, regalos caseros (592 piezas)",https://www.amazon.com.mx/dp/B09J8HRVWF,https://www.amazon.com/dp/B09J8HRVWF,Boon Shopping,
,B0879F23C1,5,Hogar y Cocina,disponible,no disponible,,,2025-10-19T03:23:34.356Z,2025-10-21T03:27:49.942Z,2025-10-28T05:14:23.558Z,609.25,,$607.87,"cepillo para polvo de caligrafía china, pinceles de tinta de acuarela para dibujo de escritura Hubi Painting Kanji Sumi Wolf Bamboo Brush Set para principiantes profesionales (blanco)",https://www.amazon.com.mx/dp/B0879F23C1,https://www.amazon.com/dp/B0879F23C1,ProductosTX ⭐ ⭐ ⭐ ⭐ ⭐,
,B097GTJVY2,5,Hogar y Cocina,disponible,no disponible,,,2025-10-19T03:23:34.356Z,2025-10-21T03:27:57.634Z,2025-10-28T05:14:30.885Z,603.38,,$605.91,"Juego de sellos de goma de madera montados en madera, 16 unidades, para manualidades y manualidades, tarjetas, álbumes de recortes",https://www.amazon.com.mx/dp/B097GTJVY2,https://www.amazon.com/dp/B097GTJVY2,SRKSB LLC,
,B09C28NGB7,5,Hogar y Cocina,disponible,no disponible,,,2025-10-19T03:23:52.816Z,2025-10-21T03:28:05.504Z,2025-10-28T05:14:39.980Z,667.29,,$667.29,"Juego de marcadores de doble cara para niños Happido, juego de 24 marcadores no tóxicos a base de agua con estuche, grandes suministros escolares, arte y papelería para volver a la escuela",https://www.amazon.com.mx/dp/B09C28NGB7,https://www.amazon.com/dp/B09C28NGB7,SRKSB LLC,
,B0994FL73T,5,Hogar y Cocina,disponible,disponible,,,2025-10-19T03:23:52.816Z,2025-10-21T03:28:14.138Z,2025-10-28T05:14:47.029Z,730.93,14.99,$738.85,"Herramienta de borde de taza vasos de nivel, marcador de borde para manualidades, quitar los bordes ásperos y hacer línea de nivel",https://www.amazon.com.mx/dp/B0994FL73T,https://www.amazon.com/dp/B0994FL73T,SRKSB LLC,RTSTEC
,B09NR6PR37,5,Hogar y Cocina,disponible,no disponible,,,2025-10-19T03:23:52.816Z,2025-10-21T03:28:22.210Z,2025-10-28T05:14:53.995Z,801.26,,$776.68,"DLUCKY 208 piezas de suministros de arte, kit de arte de dibujo para niños y adultos, juego de arte con caballete triple de doble cara, pasteles al óleo, crayones, lápices de colores, bolígrafos de acuarela, regalo para niñas y niños, artistas, rosa",https://www.amazon.com.mx/dp/B09NR6PR37,https://www.amazon.com/dp/B09NR6PR37,SRKSB LLC,
,B0B46F3GDK,5,Hogar y Cocina,disponible,disponible,,,2025-10-19T03:23:52.816Z,2025-10-21T03:28:30.026Z,2025-10-28T05:15:01.821Z,662.12,11.99,$665.21,"Kit de accesorios de vela 4 en 1, recortador profesional de mecha de vela, amortiguador de velas y mecha de vela con bolsa de terciopelo, tarjeta de dirección, paquete de regalo para amantes de las velas (negro)",https://www.amazon.com.mx/dp/B0B46F3GDK,https://www.amazon.com/dp/B0B46F3GDK,SRKSB LLC,LILANGLI
,B0B38DQL9Y,5,Hogar y Cocina,disponible,disponible,,,2025-10-19T03:23:52.817Z,2025-10-21T03:28:38.902Z,2025-10-28T05:15:10.517Z,1035.62,23.99,"$1,041.80","DZXCYZ Plantillas de letras de 10 pulgadas, plantillas de manualidades con números, 42 plantillas de plástico reutilizables para pintar en madera, pared, tela, roca, pizarra, señalización, porche de puerta, proyectos de arte DIY",https://www.amazon.com.mx/dp/B0B38DQL9Y,https://www.amazon.com/dp/B0B38DQL9Y,SRKSB LLC,DZXCYZ
,B09X6QB5RB,5,Hogar y Cocina,disponible,disponible,,,2025-10-19T03:23:52.817Z,2025-10-21T03:28:47.329Z,2025-10-28T05:15:18.433Z,392.8,4.98,$379.96,"Bxwoum 100 abalorio de letras redondas blancas de acrílico del alfabeto, abalorio de letra W para hacer joyas, pulseras, collares, llaveros, bricolaje, 4 x 7 mm",https://www.amazon.com.mx/dp/B09X6QB5RB,https://www.amazon.com/dp/B09X6QB5RB,SRKSB LLC,Gustave Fred
,B09WR1LD42,5,Hogar y Cocina,disponible,no disponible,,,2025-10-19T03:23:52.817Z,2025-10-21T03:28:55.831Z,2025-10-28T05:15:26.016Z,487.71,,$481.17,"Eitseued Sellador de pintura de diamantes, sellador de pintura de diamantes, 120 ml con cabeza de esponja, pegamento de pintura de diamante 5D, retención permanente y efecto de brillo, conservador de",https://www.amazon.com.mx/dp/B09WR1LD42,https://www.amazon.com/dp/B09WR1LD42,SRKSB LLC,
,B09KMRHW4Q,5,Hogar y Cocina,disponible,disponible,,,2025-10-19T03:23:52.817Z,2025-10-21T03:29:03.078Z,2025-10-28T05:15:33.551Z,450.53,7.69,$450.53,"60 abalorio redondas de malaquita verde de 6 mm, abalorio sueltas de gemas naturales para hacer joyas de 15 pulgadas",https://www.amazon.com.mx/dp/B09KMRHW4Q,https://www.amazon.com/dp/B09KMRHW4Q,SRKSB LLC,JING Beads
,B09DSW8S5W,5,Hogar y Cocina,disponible,disponible,,,2025-10-19T03:23:52.817Z,2025-10-21T03:29:11.740Z,2025-10-28T05:15:42.247Z,788.58,15.99,$797.59,"Uniquilling Kit de papel de filigrana para adultos principiantes, letras de 8 x 10 pulgadas, exquisitos kits de pintura de filigrana de papel, herramientas de filigrana para decoración de pared del hogar, el mejor regalo (básico)",https://www.amazon.com.mx/dp/B09DSW8S5W,https://www.amazon.com/dp/B09DSW8S5W,SRKSB LLC,LDHRUS
,B09BBL2LGN,5,Hogar y Cocina,disponible,disponible,,,2025-10-19T03:23:52.818Z,2025-10-21T03:29:20.275Z,2025-10-28T05:15:50.136Z,441.71,10.99,$524.65,"WellColor - Kits de pintura de diamantes para adultos fútbol, 5D redondos con diamantes de imitación para principiantes, mosaico de vidrio para decoración del hogar, regalo de Navidad, arte de fútbol",https://www.amazon.com.mx/dp/B09BBL2LGN,https://www.amazon.com/dp/B09BBL2LGN,Amazon Estados Unidos,WellColor
,B097JP7ZXZ,5,Hogar y Cocina,disponible,no disponible,,,2025-10-19T03:23:52.818Z,2025-10-21T03:29:27.559Z,2025-10-28T05:15:58.597Z,629.55,,$634.01,"Rocas pintadas en miniatura seleccionadas a mano, guijarros suaves para manualidades, petroglifos, decoración del hogar, actividades de pintura, rocas pequeñas de 0.4-1 pulgadas, adecuadas para",https://www.amazon.com.mx/dp/B097JP7ZXZ,https://www.amazon.com/dp/B097JP7ZXZ,SRKSB LLC,
,B0887W559K,5,Hogar y Cocina,disponible,no disponible,,,2025-10-19T03:23:52.818Z,2025-10-21T03:29:35.182Z,2025-10-28T05:16:06.095Z,711.86,,$715.24,"NEX&CO Glow in The Dark Glue Sticks, Bulk Value Pack 60 Count Hot Glue Gun Sticks with Storage Case, Small Size 4"" 0.27 Diameter Clear, Perfect for Low and High Temp All Purpose Glue Guns",https://www.amazon.com.mx/dp/B0887W559K,https://www.amazon.com/dp/B0887W559K,SRKSB LLC,
,B07YYH33PQ,5,Hogar y Cocina,disponible,no disponible,,,2025-10-19T03:23:52.818Z,2025-10-21T03:29:42.406Z,2025-10-28T05:16:13.267Z,992.54,,$995.76,"Repair Stitch Tool Sewing Awl for Bounce Houses, Inflatables, Tarps, Leather, Thick Fabric, Shoes, Bags, Belt, Upholstery Repair Kit & Crafts Leather Stitching - MADE IN USA - PROFESSIONAL HEAVY DUT",https://www.amazon.com.mx/dp/B07YYH33PQ,https://www.amazon.com/dp/B07YYH33PQ,SRKSB LLC,
,B0B1Q3GJ9C,5,Hogar y Cocina,disponible,no disponible,,,2025-10-19T03:23:52.818Z,2025-10-21T03:29:51.187Z,2025-10-28T05:16:22.028Z,850.41,,$824.89,Juego de tinta de resina para suministros de resina epoxi,https://www.amazon.com.mx/dp/B0B1Q3GJ9C,https://www.amazon.com/dp/B0B1Q3GJ9C,SRKSB LLC,
,B09SLR9P7T,5,Hogar y Cocina,disponible,no disponible,,,2025-10-19T03:23:52.818Z,2025-10-21T03:29:58.169Z,2025-10-28T05:16:29.734Z,544.65,,$546.61,"BENOSPACE 24 colgantes de comida con 50 bucles abiertos y 25 ganchos para las orejas, hechos a mano, simulación, croissant, pan francés, tostadas, decoración para hacer joyas, pulseras, collares, manualidades",https://www.amazon.com.mx/dp/B09SLR9P7T,https://www.amazon.com/dp/B09SLR9P7T,SRKSB LLC,
,B08CXW5G7D,5,Hogar y Cocina,disponible,no disponible,,,2025-10-19T03:23:52.818Z,2025-10-21T03:30:13.142Z,2025-10-28T05:16:44.876Z,776.8,,$784.12,"LANRENWENG - Rotuladores de pintura acrílica, 48 marcadores de pintura de color para Halloween, calabaza y roca con bolsa de lona, piedra, cerámica, vidrio, madera, tela, lona, juego de marcadores de",https://www.amazon.com.mx/dp/B08CXW5G7D,https://www.amazon.com/dp/B08CXW5G7D,SRKSB LLC,
,B07S5ZDVSG,5,Hogar y Cocina,disponible,no disponible,,,2025-10-19T03:24:04.814Z,2025-10-21T03:30:21.232Z,2025-10-28T05:16:52.682Z,652.68,,$647.09,"RPJC Marcos de fotos de madera maciza de 8 x 14 pulgadas, 2 aperturas con pantalla de vidrio de alta definición de 4 x 6 y 5 x 7 pulgadas con paspartú o 8 x 14 pulgadas sin paspartú para montaje en pared, collage, marco de fotos, color negro",https://www.amazon.com.mx/dp/B07S5ZDVSG,https://www.amazon.com/dp/B07S5ZDVSG,SRKSB LLC,
,B0952QH1GS,5,Hogar y Cocina,disponible,disponible,,,2025-10-19T03:24:04.814Z,2025-10-21T03:30:28.024Z,2025-10-28T05:17:00.067Z,537.59,9.99,$523.66,"GPIRAL - Álbum de fotos pequeño de 5 x 7 pulgadas, paquete de 2 unidades, cada 26 páginas transparentes tiene capacidad para 52 imágenes. Álbum para fotos de 5 x 7, obras de arte, dibujos, cubierta de",https://www.amazon.com.mx/dp/B0952QH1GS,https://www.amazon.com/dp/B0952QH1GS,SRKSB LLC,WPFING
,B07L9NNHTL,5,Hogar y Cocina,disponible,no disponible,,,2025-10-19T03:24:04.814Z,2025-10-21T03:30:34.887Z,2025-10-28T05:17:07.425Z,459.15,,$457.77,"Dreadlocks - Juego de 3 ganchos de ganchillo para cabello (1 gancho, 2 ganchos, 3 ganchos), ganchos de rastas de 0,75 mm con mango de madera para agujas de ganchillo para cabello, herramienta de aguja",https://www.amazon.com.mx/dp/B07L9NNHTL,https://www.amazon.com/dp/B07L9NNHTL,Boon Shopping,
,B094HBW8NB,5,Hogar y Cocina,disponible,disponible,,PRICE_AND_SELLER_NOT_FOUND,2025-10-19T03:24:04.815Z,2025-10-21T03:30:41.623Z,2025-10-28T05:17:15.235Z,632.16,,$632.16,"EGOSONG - Juego de dibujo de 41, suministros de bocetos con cuaderno de bocetos, lápices de grafito y carbón, kit de dibujo de arte profesional para adultos, adolescentes, principiantes, niños, ideal para bocetos y sombreado",https://www.amazon.com.mx/dp/B094HBW8NB,https://www.amazon.com/dp/B094HBW8NB,SRKSB LLC,
,B08XQ2S1VQ,5,Hogar y Cocina,disponible,no disponible,,,2025-10-19T03:24:04.815Z,2025-10-21T03:30:49.645Z,2025-10-28T05:17:24.268Z,809.75,,$797.39,"Kit de resina epoxi transparente de 32 onzas de Demorex - Resina epoxi 1:1 fácil mezcla, para joyería, arte, mesas de río y manualidades",https://www.amazon.com.mx/dp/B08XQ2S1VQ,https://www.amazon.com/dp/B08XQ2S1VQ,SRKSB LLC,
,B07T52CFYY,5,Hogar y Cocina,disponible,no disponible,,,2025-10-19T03:24:04.815Z,2025-10-21T03:30:56.751Z,2025-10-28T05:17:31.969Z,1641.58,,"$1,641.58",Arabeska Cross Stitch Scroll Frame Set with Plastic Clamps from Beech Hardwood Different Sizes (S/L) (Large),https://www.amazon.com.mx/dp/B07T52CFYY,https://www.amazon.com/dp/B07T52CFYY,SRKSB LLC,
,B07FRGXS2Y,5,Hogar y Cocina,disponible,no disponible,,,2025-10-19T03:24:04.815Z,2025-10-21T03:31:05.646Z,2025-10-28T05:17:38.873Z,759.93,,$759.94,"Ezing Lot - Broches de vidrio brillante con diamantes de imitación, kit de ramo de boda, 24 piezas",https://www.amazon.com.mx/dp/B07FRGXS2Y,https://www.amazon.com/dp/B07FRGXS2Y,Boon Shopping,
,B08R2WB913,5,Hogar y Cocina,disponible,no disponible,,,2025-10-19T03:24:04.815Z,2025-10-21T03:31:14.147Z,2025-10-28T05:17:47.142Z,529.91,,$529.91,"Juego de rotuladores de caligrafía negra, 6 unidades, 1 fino, 1 medio y 4 pinceles negros, caligrafía universal, contorno de boceto, diseño, dibujo artístico, diseño",https://www.amazon.com.mx/dp/B08R2WB913,https://www.amazon.com/dp/B08R2WB913,SRKSB LLC,
,B08GY1S66W,5,Hogar y Cocina,disponible,no disponible,,,2025-10-19T03:24:04.815Z,2025-10-21T03:31:21.620Z,2025-10-28T05:17:53.938Z,684.34,,$668.23,"JOYLEX Señal de madera para boda, 'Señor y Señora', decorativa, rústico, blanco, 10 x 6.9 x 0.75 pulgadas (Mr), 12.2 x 5.9 x 0.75 pulgadas (Mrs), para bodas y fiestas de aniversario",https://www.amazon.com.mx/dp/B08GY1S66W,https://www.amazon.com/dp/B08GY1S66W,SRKSB LLC,
,B08FQSWLRX,5,Hogar y Cocina,disponible,disponible,,,2025-10-19T03:24:04.815Z,2025-10-21T03:31:28.796Z,2025-10-28T05:18:02.405Z,521.3,8.99,$521.30,"AIRCUT - Tapete de corte para Cricut Maker/Explore Air 2/Air/One (12 x 12 pulgadas, StandardGrip, LightGrip, StrongGrip), varios adhesivos adhesivos adhesivos para cortar Cricket",https://www.amazon.com.mx/dp/B08FQSWLRX,https://www.amazon.com/dp/B08FQSWLRX,SRKSB LLC,Aircut Direct
,B0899M8F5J,5,Hogar y Cocina,disponible,disponible,,,2025-10-19T03:24:04.815Z,2025-10-21T03:31:37.251Z,2025-10-28T05:18:10.764Z,394.02,8.49,$445.33,"Parche para planchar con diseño de estrellas blancas, 10 parches bordados para planchar, tamaño del parche de 4,5 x 4,5 cm, A-65",https://www.amazon.com.mx/dp/B0899M8F5J,https://www.amazon.com/dp/B0899M8F5J,Amazon Estados Unidos,Oli and Alex
,B087LRCZ3F,5,Hogar y Cocina,disponible,no disponible,,,2025-10-19T03:24:04.815Z,2025-10-21T03:31:44.259Z,2025-10-28T05:18:18.601Z,1199.61,,"$1,199.61","Kortes Art Craft suministros para niños, kits de manualidades incluyen limpiadores de tuberías, pompones, bolas de espuma, plumas y fieltro, caja de almacenamiento plegable todo en uno para manualidades para la escuela",https://www.amazon.com.mx/dp/B087LRCZ3F,https://www.amazon.com/dp/B087LRCZ3F,SRKSB LLC,
,B0825VPT23,5,Hogar y Cocina,disponible,no disponible,,,2025-10-19T03:24:04.816Z,2025-10-21T03:31:51.249Z,2025-10-28T05:18:26.671Z,770.02,,$745.91,"Juego de 18 pinceles de pintura al óleo, kit de pinceles acrílicos profesionales para pintura en lona de cerámica, 15 tamaños, 1 organizador de pie, 1 cuchillo mezclador, 1 esponja de acuarela gris",https://www.amazon.com.mx/dp/B0825VPT23,https://www.amazon.com/dp/B0825VPT23,SURE_FIRE,
,B01IDM1CX0,5,Hogar y Cocina,disponible,no disponible,,,2025-10-19T03:24:04.816Z,2025-10-21T03:31:59.772Z,2025-10-28T05:18:34.854Z,573.87,,$574.71,Thornton's Art Supply Premium Colorless Blender Pencils by Thornton's Art Supply,https://www.amazon.com.mx/dp/B01IDM1CX0,https://www.amazon.com/dp/B01IDM1CX0,SRKSB LLC,
,B07TQLHCCD,5,Hogar y Cocina,disponible,no disponible,,,2025-10-19T03:24:04.816Z,2025-10-21T03:32:07.823Z,2025-10-28T05:18:43.282Z,635.68,,$621.89,"Creawoo Álbum de invitados de madera de 11 pulgadas Mr&Mrs, recuerdo para boda, aniversario, cumpleaños, con 80 páginas en blanco, color negro, disponible al menos 160 fotos",https://www.amazon.com.mx/dp/B07TQLHCCD,https://www.amazon.com/dp/B07TQLHCCD,SRKSB LLC,
,B07TNHBYWP,5,Hogar y Cocina,disponible,no disponible,,,2025-10-19T03:24:04.816Z,2025-10-21T03:32:14.641Z,2025-10-28T05:18:51.604Z,522.73,,$522.73,"Creawoo Álbum de invitados de madera de 8.5 pulgadas Mr&Mrs, recuerdo para boda, aniversario, cumpleaños con 80 páginas en blanco negro cartulinas – Love Story Scrapbook",https://www.amazon.com.mx/dp/B07TNHBYWP,https://www.amazon.com/dp/B07TNHBYWP,SRKSB LLC,
,B07L9L8K55,5,Hogar y Cocina,disponible,no disponible,,,2025-10-19T03:24:19.000Z,2025-10-21T03:32:23.690Z,2025-10-28T05:18:59.713Z,420.25,,$428.91,"Juego de agujas de ganchillo de 0,5 mm o 0,75 mm (1 gancho, 2 ganchos, 3 ganchos), agujas de ganchillo para cabello rastas y ganchos, juego de herramientas, 0.5Mm, 1",https://www.amazon.com.mx/dp/B07L9L8K55,https://www.amazon.com/dp/B07L9L8K55,SRKSB LLC,
,B07GY1W4Q3,5,Hogar y Cocina,disponible,disponible,,,2025-10-19T03:24:19.000Z,2025-10-21T03:32:30.852Z,2025-10-28T05:19:06.311Z,703.9,14.99,$694.79,Wedding Boutonniere Bouquet Charm Pin Angel Wing Photo Charm Mother of The Bride Groom w/Photo Resizing Software,https://www.amazon.com.mx/dp/B07GY1W4Q3,https://www.amazon.com/dp/B07GY1W4Q3,SRKSB LLC,MemoriPix
,B093FQ22PG,5,Hogar y Cocina,disponible,no disponible,,,2025-10-19T03:24:19.000Z,2025-10-21T03:32:38.505Z,2025-10-28T05:19:14.140Z,417.06,,$426.77,"Berstuk® - Papel secante para prensa de flores tamaño A4, papel de herbario altamente absorbente y reutilizable, paquete de 10 hojas de papel secante",https://www.amazon.com.mx/dp/B093FQ22PG,https://www.amazon.com/dp/B093FQ22PG,SRKSB LLC,
,B093DFQH7D,5,Hogar y Cocina,disponible,no disponible,,,2025-10-19T03:24:19.000Z,2025-10-21T03:32:55.130Z,2025-10-28T05:19:29.618Z,1121.43,,"$1,130.48","50 kits de arcilla polimérica de color, arcilla modeladora de horno para hornear, arcilla de escultura hecha a mano para niños, 19 tipos de herramientas de escultura, no tóxica, antiadherente, regalo ideal para festivales infantiles.",https://www.amazon.com.mx/dp/B093DFQH7D,https://www.amazon.com/dp/B093DFQH7D,SRKSB LLC,
,B08CSLWSJP,5,Hogar y Cocina,disponible,disponible,,,2025-10-19T03:24:19.000Z,2025-10-21T03:33:02.225Z,2025-10-28T05:19:37.576Z,539.59,7.82,$541.56,"2 rollos de 5/8 pulgadas de ancho metálico con purpurina para fiestas, bodas, cumpleaños, decoración de regalos (jinse 2 unidades)",https://www.amazon.com.mx/dp/B08CSLWSJP,https://www.amazon.com/dp/B08CSLWSJP,SRKSB LLC,DAYEDZ
,B08SCC5JH7,5,Hogar y Cocina,disponible,disponible,,,2025-10-19T03:24:19.001Z,2025-10-21T03:33:10.011Z,2025-10-28T05:19:46.119Z,1789.11,49.99,"$1,801.89","rxmeili Máquina de coser portátil mini máquina de coser eléctrica para principiantes, 12 puntadas integradas de 2 velocidades con pedal de pie, luz, cajón de almacenamiento",https://www.amazon.com.mx/dp/B08SCC5JH7,https://www.amazon.com/dp/B08SCC5JH7,SHOPHOLİC,BenFan
,B08P5XN51V,5,Hogar y Cocina,disponible,no disponible,,,2025-10-19T03:24:19.001Z,2025-10-21T03:33:18.784Z,2025-10-28T05:19:54.198Z,577.66,,$580.51,"LEEQE Cinta de satén marfil de doble cara de 2 pulgadas x 25 yardas, cinta de poliéster marfil para envolver regalos, muy adecuada para bodas, fiestas, decoración de invitaciones y más",https://www.amazon.com.mx/dp/B08P5XN51V,https://www.amazon.com/dp/B08P5XN51V,SRKSB LLC,
,B08H8LVG97,5,Hogar y Cocina,disponible,disponible,,,2025-10-19T03:24:19.001Z,2025-10-21T03:33:25.621Z,2025-10-28T05:20:01.067Z,551.23,8.99,$547.64,"Parche bordado para planchar y coser, símbolo de amor, para mochilas, sombreros, chaquetas, etc. (Negro)",https://www.amazon.com.mx/dp/B08H8LVG97,https://www.amazon.com/dp/B08H8LVG97,SRKSB LLC,KingHobbs
,B07QWZD78M,5,Hogar y Cocina,disponible,disponible,,,2025-10-19T03:24:19.001Z,2025-10-21T03:33:33.831Z,2025-10-28T05:20:08.885Z,521.17,9.99,$523.40,MasterFAB – Tela de popelina de algodón 100% de The Yard para coser DIY manualidades diseño de moda estampado floral lavable de la prenda; 1 pieza de ancho completo de 100 x 140 cm (negro),https://www.amazon.com.mx/dp/B07QWZD78M,https://www.amazon.com/dp/B07QWZD78M,SRKSB LLC,MasterFAB
,B0D6BRRRQG,5,Hogar y Cocina,disponible,disponible,,,2025-10-19T03:24:19.001Z,2025-10-21T03:33:41.499Z,2025-10-28T05:20:16.454Z,1458.65,35.99,"$1,471.66","POSHVIBES 9 alfombrillas de bloqueo extra gruesas para proyectos de punto y ganchillo, paquete de 9 con 200 pasadores en T, bolsa de almacenamiento reutilizable, 12.6 x 12.6 x 0.7 pulgadas, regalo",https://www.amazon.com.mx/dp/B0D6BRRRQG,https://www.amazon.com/dp/B0D6BRRRQG,SHOPHOLİC,Big IT Networks LLC
,B0D62ZMHX8,5,Hogar y Cocina,disponible,no disponible,,,2025-10-19T03:24:19.001Z,2025-10-21T03:33:48.657Z,2025-10-28T05:20:24.785Z,788.47,,$746.15,"Daerthotk - Juego de lápices de colores, kit de boceto, paquete de 42 kits de proveedores de coloración, ideal para dibujar sombra, juego de lápices de colores, regalo para adultos principiantes",https://www.amazon.com.mx/dp/B0D62ZMHX8,https://www.amazon.com/dp/B0D62ZMHX8,SEONGSAN,
,B06XDHV9L1,5,Hogar y Cocina,disponible,no disponible,,,2025-10-19T03:24:19.002Z,2025-10-21T03:33:55.331Z,2025-10-28T05:20:32.233Z,1020.58,,"$1,020.58","ZERRO Professional Self-Healing Cutting Mat Double Sided Thick 5-Ply with Imperial/Metric 18"" x 24"" (A2)",https://www.amazon.com.mx/dp/B06XDHV9L1,https://www.amazon.com/dp/B06XDHV9L1,SRKSB LLC,
,B00HX2JESC,5,Hogar y Cocina,disponible,disponible,,,2025-10-19T03:24:19.002Z,2025-10-21T03:34:02.942Z,2025-10-28T05:20:39.276Z,583.01,10.99,$555.45,Carbon Transfer Tracing Paper for Woodworking Patterns (5 sheets - 26 x 42 per sheet) by CRE,https://www.amazon.com.mx/dp/B00HX2JESC,https://www.amazon.com/dp/B00HX2JESC,SRKSB LLC,Cedar Rock Enterprises
,B00820J3RG,5,Hogar y Cocina,disponible,disponible,,,2025-10-19T03:24:19.002Z,2025-10-21T03:34:10.624Z,2025-10-28T05:20:47.653Z,1099.58,27.56,"$1,099.58","Rapid Fire Hunter's Star Ruler by Studio 180, quilting tool, Trim-down tool for Hunter's Star units by Studio Designs",https://www.amazon.com.mx/dp/B00820J3RG,https://www.amazon.com/dp/B00820J3RG,SRKSB LLC,World Weidner - Machine Embroidery Supplies
,B0044Q5U9C,5,Hogar y Cocina,disponible,no disponible,,,2025-10-19T03:24:19.002Z,2025-10-21T03:34:18.922Z,2025-10-28T05:20:55.677Z,481.88,,$443.73,Tandy Leather 3D Wolf Stamp 88475-00 by Tandy Leather,https://www.amazon.com.mx/dp/B0044Q5U9C,https://www.amazon.com/dp/B0044Q5U9C,Boon Shopping,
,B0767HV4M6,5,Hogar y Cocina,disponible,no disponible,,,2025-10-19T03:24:19.003Z,2025-10-21T03:34:26.618Z,2025-10-28T05:21:03.996Z,1125.96,,"$1,127.34",Hephaestus Alfombrillas de bloqueo para tejer – Paquete de 9 tablas de bloqueo grises con rejillas para punto de aguja o ganchillo. 150 pines en T,https://www.amazon.com.mx/dp/B0767HV4M6,https://www.amazon.com/dp/B0767HV4M6,SRKSB LLC,
,B06Y5MW6G3,5,Hogar y Cocina,disponible,no disponible,,,2025-10-19T03:24:29.873Z,2025-10-21T03:34:34.277Z,2025-10-28T05:21:11.128Z,1395.69,,"$1,395.69","ZERRO Self Healing Cutting Mat 24"" x 36"",Professional Double Sided Durable Non-Slip Rotary Mat for Scrapbooking, Quilting, Sewing-3mm Thick",https://www.amazon.com.mx/dp/B06Y5MW6G3,https://www.amazon.com/dp/B06Y5MW6G3,SRKSB LLC,
,B01LZU1L7T,5,Hogar y Cocina,disponible,no disponible,,,2025-10-19T03:24:29.873Z,2025-10-21T03:34:42.840Z,2025-10-28T05:21:18.409Z,628.87,,$609.63,12 piezas lot chapado en plata crystal rhinestone boda broche,https://www.amazon.com.mx/dp/B01LZU1L7T,https://www.amazon.com/dp/B01LZU1L7T,SRKSB LLC,
,B01HEB3UNQ,5,Hogar y Cocina,disponible,no disponible,,,2025-10-19T03:24:29.874Z,2025-10-21T03:34:50.452Z,2025-10-28T05:21:25.615Z,803.36,,$793.65,"EZ Craft USA Hojas de vinilo con respaldo calcomanía permanente de 12 x 12 pulgadas, 40 hojas de colores surtidos que funcionan con Cricut y otros cortadores",https://www.amazon.com.mx/dp/B01HEB3UNQ,https://www.amazon.com/dp/B01HEB3UNQ,SRKSB LLC,
,B01HC59LB4,5,Hogar y Cocina,disponible,no disponible,,,2025-10-19T03:24:29.874Z,2025-10-21T03:34:58.035Z,2025-10-28T05:21:32.488Z,1048.57,,"$1,018.74","Saral papel de transferencia rollos de 12 pies, Graphite - 2 Pack, 2",https://www.amazon.com.mx/dp/B01HC59LB4,https://www.amazon.com/dp/B01HC59LB4,SRKSB LLC,
,B00HQBBGFO,5,Hogar y Cocina,disponible,no disponible,,,2025-10-19T03:24:29.874Z,2025-10-21T03:35:06.439Z,2025-10-28T05:21:40.159Z,483.33,,$440.65,100pcs Mixed Wooden Buttons in Bulk Buttons for Crafts Button Round Colorful Painting Buttons Bu-91 by Wooden Buttons Craft,https://www.amazon.com.mx/dp/B00HQBBGFO,https://www.amazon.com/dp/B00HQBBGFO,SRKSB LLC,
,B075L4C62C,5,Hogar y Cocina,disponible,disponible,,,2025-10-19T03:24:29.874Z,2025-10-21T03:35:13.407Z,2025-10-28T05:21:49.058Z,734.78,18.99,$732.91,"Plantillas de acero inoxidable para dibujo portátil, regalo para UI UX Designer - Plantilla de Ui - Iconos grandes para una fácil estarcido - Incluye iconos de redes sociales - Webstencil de UI PROGO",https://www.amazon.com.mx/dp/B075L4C62C,https://www.amazon.com/dp/B075L4C62C,SRKSB LLC,UI PROGO
,B0044SAZJA,5,Hogar y Cocina,disponible,no disponible,,,2025-10-19T03:24:29.874Z,2025-10-21T03:35:20.633Z,2025-10-28T05:21:57.766Z,784.38,,$784.38,"Mayco Elements Glaseado, acero bruñido EL-119, 1 pinta",https://www.amazon.com.mx/dp/B0044SAZJA,https://www.amazon.com/dp/B0044SAZJA,SRKSB LLC,
,B07RFRM9XH,5,Hogar y Cocina,disponible,disponible,,,2025-10-19T03:24:29.874Z,2025-10-21T03:35:36.855Z,2025-10-28T05:22:11.590Z,1072.15,25.52,"$1,064.56","Alucy Herramienta Pistola De Fuego, Joyería Antorcha De Joyería, Antorcha De Oxígeno, Equipo De Procesamiento De Joyas, Con 5 Puntas",https://www.amazon.com.mx/dp/B07RFRM9XH,https://www.amazon.com/dp/B07RFRM9XH,SRKSB LLC,Alucy
,B07BK5CGZ7,5,Hogar y Cocina,disponible,disponible,,,2025-10-19T03:24:29.874Z,2025-10-21T03:35:44.763Z,2025-10-28T05:22:20.587Z,393.47,4.74,$378.59,"8 piezas de cortadores de costura, kit de eliminación de roscas para quitar dobladillos y costuras no deseadas (4 grandes y 4 pequeños)",https://www.amazon.com.mx/dp/B07BK5CGZ7,https://www.amazon.com/dp/B07BK5CGZ7,SRKSB LLC,Woling
,B01LYUPKEF,5,Hogar y Cocina,disponible,no disponible,,,2025-10-19T03:24:29.875Z,2025-10-21T03:35:52.633Z,2025-10-28T05:22:29.814Z,560.67,,$562.91,Shopline 12Pcs Vintage Flower Lace Wooden Rubber Stamp for Letters Diary Craft Scrapbooking,https://www.amazon.com.mx/dp/B01LYUPKEF,https://www.amazon.com/dp/B01LYUPKEF,SRKSB LLC,
,B0CZPB92JW,5,Hogar y Cocina,disponible,no disponible,,,2025-10-19T03:24:29.875Z,2025-10-21T03:35:59.489Z,2025-10-28T05:22:36.286Z,1125.35,,"$1,122.81","ARLTR - Marcadores lavables a granel, paquete de 288 en 16 colores vibrantes, marcadores de línea ancha con puntas cónicas, perfectos para aulas y profesores de niños",https://www.amazon.com.mx/dp/B0CZPB92JW,https://www.amazon.com/dp/B0CZPB92JW,SRKSB LLC,
,B0CNCX6G83,5,Hogar y Cocina,disponible,no disponible,,,2025-10-19T03:24:29.875Z,2025-10-21T03:36:08.121Z,2025-10-28T05:22:43.609Z,310.02,,$426.77,"FirstKitchen - Limpiadores de tuberías para manualidades, 100 piezas de limpieza de tuberías verde oscuro para manualidades, 0.23 x 12 pulgadas, limpiador de tuberías a granel, limpieza del día de San",https://www.amazon.com.mx/dp/B0CNCX6G83,https://www.amazon.com/dp/B0CNCX6G83,yun01,
,B0D56QZNV4,5,Hogar y Cocina,disponible,disponible,,,2025-10-19T03:24:29.875Z,2025-10-21T03:36:15.032Z,2025-10-28T05:22:52.334Z,740.2,19.99,$761.93,"XMZCOLA - Kit de bordado para principiantes adultos, 1200 piezas + kit de cuerda de pulsera de amistad con caja de almacenamiento, hilo de bordado de 95 colores y 1000 abalorio de manualidades, hilo",https://www.amazon.com.mx/dp/B0D56QZNV4,https://www.amazon.com/dp/B0D56QZNV4,SRKSB LLC,REN QIN GIFT
,B0D31ML5KP,5,Hogar y Cocina,disponible,disponible,,,2025-10-19T03:24:29.875Z,2025-10-21T03:36:23.548Z,2025-10-28T05:22:59.910Z,438.53,7.99,$451.12,"Ceoighe - Juego de 14 piezas de limpieza de máquinas de coser, herramientas de reparación de máquinas de coser, incluye pinzas, cepillo para polvo de doble cabeza, destornillador, desgarradores de",https://www.amazon.com.mx/dp/B0D31ML5KP,https://www.amazon.com/dp/B0D31ML5KP,SRKSB LLC,LiaoFire
,B0CYCG13S3,5,Hogar y Cocina,disponible,disponible,,,2025-10-19T03:24:29.876Z,2025-10-21T03:36:31.208Z,2025-10-28T05:23:07.720Z,946.06,25.19,$946.06,"LOVERGRASS - Almacenamiento de hilo para colgar con cuatro bolsillos grandes, organizador de tela transparente con cremalleras para amantes del ganchillo, soporte de hilo colgante con ganchos para",https://www.amazon.com.mx/dp/B0CYCG13S3,https://www.amazon.com/dp/B0CYCG13S3,SRKSB LLC,KKUS
,B0CSYR2WBH,5,Hogar y Cocina,disponible,no disponible,,,2025-10-19T03:24:29.876Z,2025-10-21T03:36:38.863Z,2025-10-28T05:23:15.278Z,1005.17,,"$1,005.17","Humyoun - Juego de 144 lápices de dibujo profesional (12B - 4H) lápices de dibujo a granel para artistas, principiantes, artistas profesionales para dibujar arte, bocetos, sombreado",https://www.amazon.com.mx/dp/B0CSYR2WBH,https://www.amazon.com/dp/B0CSYR2WBH,SRKSB LLC,
,B0CR5XV1WW,5,Hogar y Cocina,disponible,disponible,,,2025-10-19T03:24:45.037Z,2025-10-21T03:36:45.101Z,2025-10-28T05:23:24.336Z,491.9,8.99,$484.31,"MAXECHO Cinta de gancho y bucle resistente de 4.4 Pulgadas x 7 pies con calcomanía, accesorios de agarre de cojín de sofá, rollo de tira de doble cara para evitar deslizamientos, color negro",https://www.amazon.com.mx/dp/B0CR5XV1WW,https://www.amazon.com/dp/B0CR5XV1WW,SRKSB LLC,COOZOOM
,B096Z6JRDJ,5,Hogar y Cocina,disponible,disponible,,,2025-10-19T03:24:45.037Z,2025-10-21T03:36:52.097Z,2025-10-28T05:23:31.026Z,509.29,9.39,$510.67,"Oplymio - Papel de vitela translucido grueso, 42 hojas de papel de trazado imprimible de 167 g/m para invitaciones, sobres, relieve de calor, bandas para el vientre (8.5 x 11 pulgadas)",https://www.amazon.com.mx/dp/B096Z6JRDJ,https://www.amazon.com/dp/B096Z6JRDJ,SRKSB LLC,Oplymio® Direct
,B0CZRM33BB,5,Hogar y Cocina,disponible,disponible,,,2025-10-19T03:24:45.037Z,2025-10-21T03:36:59.308Z,2025-10-28T05:23:38.409Z,258.9,5.58,$392.21,"Juego de 10 rollos de cinta Washi, cinta adhesiva de color arcoíris Washi, de 15 mm de ancho, cinta decorativa para diario de balas, libros, planificadores, álbumes de recortes, manualidades de",https://www.amazon.com.mx/dp/B0CZRM33BB,https://www.amazon.com/dp/B0CZRM33BB,Amazon Estados Unidos,XINGOODirect
,B0CZQRPKGW,5,Hogar y Cocina,disponible,disponible,,,2025-10-19T03:24:45.037Z,2025-10-21T03:37:06.654Z,2025-10-28T05:23:46.462Z,900.03,22.99,$895.93,"Cartulina de colores de 8.5 x 11 pulgadas, 56 hojas de papel clásico de índice arcoíris de 300 g/m²/100 libras de peso pesado, juego de 7 colores para cortar manualidades de arte para niños",https://www.amazon.com.mx/dp/B0CZQRPKGW,https://www.amazon.com/dp/B0CZQRPKGW,SRKSB LLC,Three BY
,B07Y82VTPF,5,Hogar y Cocina,disponible,disponible,,,2025-10-19T03:24:45.038Z,2025-10-21T03:37:13.920Z,2025-10-28T05:23:54.060Z,917.58,19.97,$922.64,"VelloStar Kit de costura para adultos con suministros de costura y accesorios, kit de aguja e hilo y 38 hilos de color, kit de costura de viaje pequeño para reparaciones de emergencia, productos básicos de costura para necesidades diarias",https://www.amazon.com.mx/dp/B07Y82VTPF,https://www.amazon.com/dp/B07Y82VTPF,SRKSB LLC,Vellostar LLC
,B0CYH1XRX8,5,Hogar y Cocina,disponible,disponible,,,2025-10-19T03:24:45.038Z,2025-10-21T03:37:20.979Z,2025-10-28T05:24:01.976Z,403.62,4.79,$403.62,"FAVORXTM Limpiadores de pipa para manualidades, tallos de chenilla, 10 colores, 200 piezas para decoración creativa de arte (0.24 x 12 pulgadas)",https://www.amazon.com.mx/dp/B0CYH1XRX8,https://www.amazon.com/dp/B0CYH1XRX8,SRKSB LLC,XITEMA888
,B0CXDY33B8,5,Hogar y Cocina,disponible,disponible,,,2025-10-19T03:24:45.038Z,2025-10-21T03:37:27.962Z,2025-10-28T05:24:10.598Z,1012.09,29.99,$984.08,"ERLYEEN - Hilo grueso de chenilla, súper voluminoso, suave, grueso, esponjoso, gigante, lavable, hilo grande de poliéster para hacer el brazo, manta de punto, cojín de cama, sofá, decoración del",https://www.amazon.com.mx/dp/B0CXDY33B8,https://www.amazon.com/dp/B0CXDY33B8,DONGHANGS,ERLYEEN Direct
,B0CN96XYVZ,5,Hogar y Cocina,disponible,disponible,,,2025-10-19T03:24:45.038Z,2025-10-21T03:37:35.255Z,2025-10-28T05:24:17.933Z,1123.67,32.99,"$1,126.19","Resurhang - Juego de 100 lápices de carbón, lápices de carbón, lápices de sombra a granel, para dibujar, bosquejar, sombrear, mezclar, retratos, principiantes y artistas (negro, súper suave, mediano y",https://www.amazon.com.mx/dp/B0CN96XYVZ,https://www.amazon.com/dp/B0CN96XYVZ,SRKSB LLC,Xihuala
,B0D49JBVFV,5,Hogar y Cocina,disponible,disponible,,,2025-10-19T03:24:45.038Z,2025-10-21T03:37:42.084Z,2025-10-28T05:24:26.335Z,330,5.49,$389.89,"Ymapinc - 100 piezas de sujetadores de papel, redondos, de metal, latón, para manualidades, manualidades, manualidades, manualidades, suministros de bricolaje, 8 x 18 mm (dorado)",https://www.amazon.com.mx/dp/B0D49JBVFV,https://www.amazon.com/dp/B0D49JBVFV,diecanshangma,dreampursuer
,B08Y8WNB7F,5,Hogar y Cocina,disponible,no disponible,,,2025-10-19T03:24:45.038Z,2025-10-21T03:37:48.747Z,2025-10-28T05:24:33.737Z,1616.64,,"$2,208.31","Tapetes de bloqueo para tejer [paquete de 9], tablas de bloqueo extra gruesas con rejillas para proyectos de ganchillo o punto de aguja, tapetes de tejer con 100 pasadores en T y bolsa de",https://www.amazon.com.mx/dp/B08Y8WNB7F,https://www.amazon.com/dp/B08Y8WNB7F,Amazon Estados Unidos,
,B097T7P7SM,5,Hogar y Cocina,disponible,disponible,,,2025-10-19T03:24:45.038Z,2025-10-21T03:37:57.139Z,2025-10-28T05:24:41.985Z,821.26,19.99,$821.26,"Umriox - Bolsa de malla con cierre, 16.9 x 12.4 pulgadas (negro, 18 paquetes), bolsas transparentes con cierre, bolsa de viaje impermeable para suministros de oficina, rompecabezas, juegos de mesa y",https://www.amazon.com.mx/dp/B097T7P7SM,https://www.amazon.com/dp/B097T7P7SM,SRKSB LLC,Umriox LLC
,B0BS1KF6WZ,5,Hogar y Cocina,disponible,disponible,,,2025-10-19T03:24:45.038Z,2025-10-21T03:38:12.827Z,2025-10-28T05:24:57.078Z,425.5,5.99,$416.86,"HEKOOLA - 6 parches grandes de chenilla de 3 pulgadas, letras para planchar para tela y ropa, bordado con purpurina para chamarra Letterman, mochilas, sombreros para coser o planchar",https://www.amazon.com.mx/dp/B0BS1KF6WZ,https://www.amazon.com/dp/B0BS1KF6WZ,SRKSB LLC,Star night Store
,B092DL152Y,5,Hogar y Cocina,disponible,disponible,,,2025-10-19T03:24:45.039Z,2025-10-21T03:38:20.156Z,2025-10-28T05:25:05.149Z,408.72,8.99,$475.71,"ROLEES - Suministros de diario clásico para álbumes de recortes, plantas, animales, mariposas, pájaros, mapa del mundo, carta, periódico, decorativos, clásico, papel, manualidades, suministros de",https://www.amazon.com.mx/dp/B092DL152Y,https://www.amazon.com/dp/B092DL152Y,zhangahildasda,HOMICO
,B0BV6DDYGZ,5,Hogar y Cocina,disponible,no disponible,,,2025-10-19T03:24:45.039Z,2025-10-21T03:38:29.063Z,2025-10-28T05:25:12.643Z,560.47,,$515.13,"Plantillas para pintar – 60 plantillas pequeñas de 3 pulgadas para manualidades reutilizables, incluyendo patrones de flores, plantas y mariposas, grandes plantillas para pintar en madera, tela, pared",https://www.amazon.com.mx/dp/B0BV6DDYGZ,https://www.amazon.com/dp/B0BV6DDYGZ,SRKSB LLC,
,B0B8MGRR6T,5,Hogar y Cocina,disponible,disponible,,,2025-10-19T03:24:45.039Z,2025-10-21T03:38:37.467Z,2025-10-28T05:25:21.598Z,355.41,8.98,$475.48,"200 tarjetas de exhibición de pulseras con calcomanía, collar y llavero, tarjetero de exhibición, gargantilla de papel kraft para colgar etiquetas de joyería para vender collares, pulseras, llaveros",https://www.amazon.com.mx/dp/B0B8MGRR6T,https://www.amazon.com/dp/B0B8MGRR6T,Amazon Estados Unidos,VILLPORT
,B09LHNGZH7,5,Hogar y Cocina,disponible,no disponible,,,2025-10-19T03:24:45.039Z,2025-10-21T03:38:44.744Z,2025-10-28T05:25:30.367Z,671.27,,$651.45,"Sacapuntas negro, resistente con hoja helicoidal más fuerte para afilar rápidamente para niños, escuela, aula, hogar, artistas, ideal para lápices de colores n.º 2",https://www.amazon.com.mx/dp/B09LHNGZH7,https://www.amazon.com/dp/B09LHNGZH7,SRKSB LLC,
,B094FK5DPB,5,Hogar y Cocina,disponible,disponible,,,2025-10-19T03:24:57.809Z,2025-10-21T03:38:53.355Z,2025-10-28T05:25:38.435Z,493.04,8.99,$487.59,"Qililandiy 10 parches de encaje de estilo mixto, color beige, bordado con flores, apliques para manualidades, costura, decoración, coser en parches para reparar y decorar",https://www.amazon.com.mx/dp/B094FK5DPB,https://www.amazon.com/dp/B094FK5DPB,SRKSB LLC,biqin
,B0B1ZS4W6K,5,Hogar y Cocina,disponible,disponible,,,2025-10-19T03:24:57.811Z,2025-10-21T03:39:01.995Z,2025-10-28T05:25:46.690Z,678.22,13.98,$659.26,"DZXCYZ Plantillas de letras del alfabeto de 6 pulgadas, 36 plantillas de números de letras de plástico reutilizables, plantilla de manualidades para pintar en madera, pared, vidrio, tela, roca, pizarra, señalización (6 pulgadas)",https://www.amazon.com.mx/dp/B0B1ZS4W6K,https://www.amazon.com/dp/B0B1ZS4W6K,SRKSB LLC,DZXCYZ
,B09T9Z3YZ4,5,Hogar y Cocina,disponible,disponible,,,2025-10-19T03:24:57.811Z,2025-10-21T03:39:08.164Z,2025-10-28T05:25:54.999Z,522.94,9.99,$510.86,"SHOMKIEE - Rollos de Vinilo HTV Que Brillan en la Oscuridad, 12 Pulgadas x 8 Pies, Luminoso para Planchar - Fácil de Cortar para Silhouette Cameo",https://www.amazon.com.mx/dp/B09T9Z3YZ4,https://www.amazon.com/dp/B09T9Z3YZ4,SRKSB LLC,shangyitech
,B09F5VPN63,5,Hogar y Cocina,disponible,disponible,,,2025-10-19T03:24:57.811Z,2025-10-21T03:39:15.540Z,2025-10-28T05:26:03.306Z,328.4,6.99,$426.77,"Hiswan 1000 cuentas Heishi de arcilla polimérica roja para hacer joyas, pulseras, collares, 6 mm",https://www.amazon.com.mx/dp/B09F5VPN63,https://www.amazon.com/dp/B09F5VPN63,Amazon Estados Unidos,Yever
,B093SVXBZM,5,Hogar y Cocina,disponible,no disponible,,,2025-10-19T03:24:57.812Z,2025-10-21T03:39:22.822Z,2025-10-28T05:26:10.744Z,1556.58,,"$1,556.58","ArtWhale Artists' - Juego de pintura acrílica, 18 colores",https://www.amazon.com.mx/dp/B093SVXBZM,https://www.amazon.com/dp/B093SVXBZM,SRKSB LLC,
,B08GC6N3H7,5,Hogar y Cocina,disponible,no disponible,,,2025-10-19T03:24:57.812Z,2025-10-21T03:39:30.453Z,2025-10-28T05:26:18.809Z,683.48,,$755.23,"Finefrarm - Marco de fotos de 11 x 11 cm, con alfombrilla o 11 x 11 cm, sin estera estilo rústico para montaje en pared",https://www.amazon.com.mx/dp/B08GC6N3H7,https://www.amazon.com/dp/B08GC6N3H7,SRKSB LLC,
,B08WHVW7TN,5,Hogar y Cocina,disponible,disponible,,,2025-10-19T03:24:57.812Z,2025-10-21T03:39:37.614Z,2025-10-28T05:26:27.260Z,781.16,19.99,$758.50,"Photojewelrymaking Something Blue Wedding Bouquet Photo Charm Double Frame Pin Lacy Oval Bridal Charm, Silver Plate",https://www.amazon.com.mx/dp/B08WHVW7TN,https://www.amazon.com/dp/B08WHVW7TN,SRKSB LLC,MemoriPix
,B08C4LZGYR,5,Hogar y Cocina,disponible,no disponible,,,2025-10-19T03:24:57.812Z,2025-10-21T03:39:44.563Z,2025-10-28T05:26:35.104Z,517.63,,$502.43,"Troqueles de corte de flores en 3D, para hacer tarjetas, día de San Valentín, flores y hojas 3D, troqueles troquelados para primavera, verano, manualidades, álbumes de recortes, álbumes de fotos,",https://www.amazon.com.mx/dp/B08C4LZGYR,https://www.amazon.com/dp/B08C4LZGYR,ProductosTX ⭐ ⭐ ⭐ ⭐ ⭐,
,B084RNN65C,5,Hogar y Cocina,disponible,no disponible,,,2025-10-19T03:24:57.812Z,2025-10-21T03:39:51.714Z,2025-10-28T05:26:41.874Z,394.61,,$394.61,"hesmartly - 300 abalorio espaciadoras de madera de 8 mm, redondas sin terminar de madera natural sueltas",https://www.amazon.com.mx/dp/B084RNN65C,https://www.amazon.com/dp/B084RNN65C,SRKSB LLC,
,B08SGZDQQ4,5,Hogar y Cocina,disponible,no disponible,,,2025-10-19T03:24:57.812Z,2025-10-21T03:39:59.568Z,2025-10-28T05:26:49.393Z,559.87,,$627.65,"LEEQE Cinta de satén blanco de doble cara de 1-1/2 pulgadas x 50 yardas, cinta blanca de poliéster para envolver regalos, muy adecuada para bodas, fiestas, decoración de invitaciones y más",https://www.amazon.com.mx/dp/B08SGZDQQ4,https://www.amazon.com/dp/B08SGZDQQ4,DİNLER,
,B08FGDK14L,5,Hogar y Cocina,disponible,disponible,,,2025-10-19T03:24:57.813Z,2025-10-21T03:40:07.456Z,2025-10-28T05:26:57.445Z,498.65,6.99,$477.56,"Pinhoollgo - 100 abalorio espaciadoras en forma de corazón, abalorio espaciadoras de agujeros pequeños, abalorio sueltas de metal para hacer pulseras, collares, aretes, accesorios para manualidades hechas a mano, plata y oro, 50 colores",https://www.amazon.com.mx/dp/B08FGDK14L,https://www.amazon.com/dp/B08FGDK14L,SRKSB LLC,Pinhoollgo-US
,B07BVCCJH1,5,Hogar y Cocina,disponible,disponible,,,2025-10-19T03:24:57.813Z,2025-10-21T03:40:14.530Z,2025-10-28T05:27:05.258Z,466.43,8.95,$474.55,"Parche para planchar, parche de corazón rojo, pegamento extrafuerte, 7 parches bordados para planchar A-150",https://www.amazon.com.mx/dp/B07BVCCJH1,https://www.amazon.com/dp/B07BVCCJH1,SRKSB LLC,Oli and Alex
,B08Z9VDZ5S,5,Hogar y Cocina,disponible,disponible,,,2025-10-19T03:24:57.813Z,2025-10-21T03:40:22.519Z,2025-10-28T05:27:14.099Z,763.16,32.99,"$1,128.62","Family Photo Album Self Adhesive Pages – Vegan Leather Scrap Book Photo Album with Writing Space & 20 Adhesive Magnetic Sheets (40 Pages) for 3x5, 4x6, 5x7, 6x8, 8x10 Pictures – 13.0 x 13.2 Inches",https://www.amazon.com.mx/dp/B08Z9VDZ5S,https://www.amazon.com/dp/B08Z9VDZ5S,Amazon Estados Unidos,Wow Amazing!
,B07TQLWDWY,5,Hogar y Cocina,disponible,no disponible,,,2025-10-19T03:24:57.814Z,2025-10-21T03:40:29.944Z,2025-10-28T05:27:23.225Z,597.88,,$597.88,"Creawoo Mr&Mrs Wood Libro de Invitados, Blanco, 11""",https://www.amazon.com.mx/dp/B07TQLWDWY,https://www.amazon.com/dp/B07TQLWDWY,SRKSB LLC,
,B07RLT83ZQ,5,Hogar y Cocina,disponible,disponible,,,2025-10-19T03:24:57.814Z,2025-10-21T03:40:37.271Z,2025-10-28T05:27:31.981Z,727.18,14.99,$745.00,Abalorio ovalado para ramo de bodas con diseño de colibrí,https://www.amazon.com.mx/dp/B07RLT83ZQ,https://www.amazon.com/dp/B07RLT83ZQ,SRKSB LLC,MemoriPix
,B07KPDFL3B,5,Hogar y Cocina,disponible,no disponible,,,2025-10-19T03:24:57.814Z,2025-10-21T03:40:52.840Z,2025-10-28T05:27:46.999Z,547.89,,$535.61,"AKIO CRAFT Ventilador de papel, Paperfan6t-heartshape",https://www.amazon.com.mx/dp/B07KPDFL3B,https://www.amazon.com/dp/B07KPDFL3B,SRKSB LLC,
,B00147MDJ4,5,Hogar y Cocina,disponible,no disponible,,,2025-10-19T03:25:12.683Z,2025-10-21T03:41:00.112Z,2025-10-28T05:27:54.065Z,626.64,,$614.90,"SeedBeadExplosion Paquete de 10 toboganes redondos en blanco, 16 mm",https://www.amazon.com.mx/dp/B00147MDJ4,https://www.amazon.com/dp/B00147MDJ4,SRKSB LLC,
,B00USHJNJE,5,Hogar y Cocina,disponible,disponible,,,2025-10-19T03:25:12.683Z,2025-10-21T03:41:07.642Z,2025-10-28T05:28:02.340Z,1002.13,30.07,"$1,008.55",Connecting Threads Juego de hilos 100% algodón – bocinas de 1200 yardas (sal y pimienta),https://www.amazon.com.mx/dp/B00USHJNJE,https://www.amazon.com/dp/B00USHJNJE,SRKSB LLC,Connecting Threads
,B0771CBS5J,5,Hogar y Cocina,disponible,no disponible,,,2025-10-19T03:25:12.684Z,2025-10-21T03:41:16.664Z,2025-10-28T05:28:09.824Z,678.45,,$674.03,"Pompones de papel de seda, Púrpura, 0.3",https://www.amazon.com.mx/dp/B0771CBS5J,https://www.amazon.com/dp/B0771CBS5J,SRKSB LLC,
,B06Y5B2GDQ,5,Hogar y Cocina,disponible,no disponible,,,2025-10-19T03:25:12.684Z,2025-10-21T03:41:24.109Z,2025-10-28T05:28:17.953Z,980.99,,$980.99,"D & D cesta de costura pequeño, Beige, S, 1",https://www.amazon.com.mx/dp/B06Y5B2GDQ,https://www.amazon.com/dp/B06Y5B2GDQ,SRKSB LLC,
,B06XCCRRG7,5,Hogar y Cocina,disponible,no disponible,,,2025-10-19T03:25:12.684Z,2025-10-21T03:41:31.315Z,2025-10-28T05:28:25.961Z,655.74,,$655.74,"Lykke Driftwood - Agujas circulares para tejer (40,6 cm), talla 7",https://www.amazon.com.mx/dp/B06XCCRRG7,https://www.amazon.com/dp/B06XCCRRG7,SRKSB LLC,
,B0D9LVZ65Y,5,Hogar y Cocina,disponible,no disponible,,,2025-10-19T03:25:12.684Z,2025-10-21T03:41:38.064Z,2025-10-28T05:28:33.327Z,900.62,,$913.01,"Yieach Organizador multiusos de tres capas, estuche de arte y manualidades, organizador de suministros de costura, caja de medicamentos, caja de primeros auxilios, caja de herramientas con 2 bandejas,",https://www.amazon.com.mx/dp/B0D9LVZ65Y,https://www.amazon.com/dp/B0D9LVZ65Y,SRKSB LLC,
,B078YY6BM7,5,Hogar y Cocina,disponible,no disponible,,,2025-10-19T03:25:29.889Z,2025-10-21T03:41:45.501Z,2025-10-28T05:28:41.115Z,1581.6,,"$1,593.20","Barry's Restore It All Products – Kit de propietario de casa Scratch-B-Gone | El kit de venta número 1 utilizado para quitar arañazos, óxido, decoloración y más del acero inoxidable sin revestimiento.",https://www.amazon.com.mx/dp/B078YY6BM7,https://www.amazon.com/dp/B078YY6BM7,SRKSB LLC,
,B0DPW58PSZ,5,Hogar y Cocina,disponible,no disponible,,,2025-10-19T03:25:29.890Z,2025-10-21T03:41:53.538Z,2025-10-28T05:28:49.304Z,983.39,,$988.80,"Mova Solución De Limpieza Con Aspiradora Robótica Para Pisos De Madera, Baldosas Y Suelos Duros, Compatible Con P10 Pro Ultra, P10 Ultra, S20 Robot Aspirador Para Fregar(6,8 Fl Oz) 6,8 Onzas Líquidas(",https://www.amazon.com.mx/dp/B0DPW58PSZ,https://www.amazon.com/dp/B0DPW58PSZ,SRKSB LLC,
,B0CFLDP1NB,5,Hogar y Cocina,disponible,disponible,,,2025-10-19T03:25:29.890Z,2025-10-21T03:42:02.192Z,2025-10-28T05:28:56.433Z,768.11,21.99,$766.73,"Deedlite Paño de secado rápido XXL, paño de microfibra para ducha, coche, hogar, camping (40 x 60 cm, Negro)",https://www.amazon.com.mx/dp/B0CFLDP1NB,https://www.amazon.com/dp/B0CFLDP1NB,Rimecebuy,Deedlite US
,B0C5JSZBD1,5,Hogar y Cocina,disponible,disponible,,,2025-10-19T03:25:29.890Z,2025-10-21T03:42:09.428Z,2025-10-28T05:29:05.187Z,737.57,18.99,$742.55,"GÜTEWERK Rascador de Ducha, de Silicona, para baño, mampara de Ducha y Ventana, Accesorio de baño, 23 cm, con Soporte sin taladrar",https://www.amazon.com.mx/dp/B0C5JSZBD1,https://www.amazon.com/dp/B0C5JSZBD1,SRKSB LLC,GUTEWERK
,B09NKNQ4KJ,5,Hogar y Cocina,disponible,disponible,,,2025-10-19T03:25:29.890Z,2025-10-21T03:42:18.659Z,2025-10-28T05:29:14.229Z,1000.36,29.99,"$1,006.86",V8 Batería de repuesto para aspiradoras Dyson SV10 V8 Animal Absolute Motorhead esponjosas,https://www.amazon.com.mx/dp/B09NKNQ4KJ,https://www.amazon.com/dp/B09NKNQ4KJ,SRKSB LLC,BTKPOWER
,B07WKG364H,5,Hogar y Cocina,disponible,disponible,,,2025-10-19T03:25:29.890Z,2025-10-21T03:42:27.494Z,2025-10-28T05:29:22.435Z,753.95,18.99,$757.15,"GÜTEWERK - Escobilla de goma para puertas de vidrio, escobilla de goma para puertas de ducha, escobilla de goma para puertas de ducha, escobilla de puerta de ducha para limpieza de ventanas, escobilla",https://www.amazon.com.mx/dp/B07WKG364H,https://www.amazon.com/dp/B07WKG364H,SRKSB LLC,GUTEWERK
,B0D7HCH1KS,5,Hogar y Cocina,disponible,disponible,,,2025-10-19T03:25:29.890Z,2025-10-21T03:42:35.770Z,2025-10-28T05:29:29.526Z,1004.3,28.89,"$1,052.32","Juego de cubeta plegable con fregona y cepillo para polvo, cepillo para polvo de piso laminado para azulejos y trapeadores planos para limpieza de suelos, cubeta plegable con fregona de microfibra",https://www.amazon.com.mx/dp/B0D7HCH1KS,https://www.amazon.com/dp/B0D7HCH1KS,SRKSB LLC,Willthebest
,B0DB1TQY6R,5,Hogar y Cocina,disponible,disponible,,,2025-10-19T03:25:29.890Z,2025-10-21T03:42:44.511Z,2025-10-28T05:29:37.361Z,969.47,25.99,$975.58,"KKV - Paquete de 2 toallas de microfibra (35 x 24 pulgadas), extra grandes, ultra absorbentes, para coches y camiones, sin rayas, arañazos o manchas de agua",https://www.amazon.com.mx/dp/B0DB1TQY6R,https://www.amazon.com/dp/B0DB1TQY6R,SRKSB LLC,OWNCITY
,B0CSCS2WL1,5,Hogar y Cocina,disponible,no disponible,,,2025-10-19T03:25:29.891Z,2025-10-21T03:42:52.469Z,2025-10-28T05:29:45.864Z,2242.11,,"$2,253.49","TelesPro - Escobilla de goma de ventana de alto alcance de 30 pies con poste de extensión de 6 a 24 pies, herramienta para limpiar ventanas con poste telescópico de 5 etapas, kit de limpieza de",https://www.amazon.com.mx/dp/B0CSCS2WL1,https://www.amazon.com/dp/B0CSCS2WL1,SRKSB LLC,
,B0DHGV3CSV,5,Hogar y Cocina,disponible,no disponible,,,2025-10-19T03:25:29.891Z,2025-10-21T03:43:00.101Z,2025-10-28T05:29:53.275Z,600.99,,$883.93,"Soporte para tabla de planchar, soporte de pared, colgador de pared para tabla de planchar, costura, organización de lavandería, negro, soporte de hierro en forma de T & V para decoración y accesorios",https://www.amazon.com.mx/dp/B0DHGV3CSV,https://www.amazon.com/dp/B0DHGV3CSV,BBQ-Hperpetual,
,B07YF3PZ13,5,Hogar y Cocina,disponible,no disponible,,,2025-10-19T03:25:29.891Z,2025-10-21T03:43:07.922Z,2025-10-28T05:30:01.255Z,1224.69,,"$1,259.28","Capture Kit de limpieza en seco de alfombras 400 – desodoriza manchas limpias huele humedad de alfombra sofá lana y tela, manchas de mascotas olor humo también",https://www.amazon.com.mx/dp/B07YF3PZ13,https://www.amazon.com/dp/B07YF3PZ13,SRKSB LLC,
,B0DGFYMW4F,5,Hogar y Cocina,disponible,disponible,,,2025-10-19T03:25:29.891Z,2025-10-21T03:43:17.085Z,2025-10-28T05:30:08.885Z,3707.34,113.99,"$3,746.54","Aspiradora inalámbrica de 600 W y 55 Kpa, hasta 55 minutos, aspiradoras para el hogar, recargable en la pared, visualización a color, aspiradora antienredada para automóvil, piso de madera dura,",https://www.amazon.com.mx/dp/B0DGFYMW4F,https://www.amazon.com/dp/B0DGFYMW4F,SRKSB LLC,weihaonan0321
,B0BSDB6F86,5,Hogar y Cocina,disponible,no disponible,,,2025-10-19T03:25:29.891Z,2025-10-21T03:43:26.659Z,2025-10-28T05:30:18.329Z,1075.53,,"$1,117.24","KOFINAM (Juego De 2 Repuesto De Rueda De Tracción Trasera De 8 Pulgadas para Toro 137-4835 119-3822 con Engranaje De Metal, Compatible con Toro 20332 20333 20334 20337 20372 20373 20374 20955 20958 2",https://www.amazon.com.mx/dp/B0BSDB6F86,https://www.amazon.com/dp/B0BSDB6F86,SRKSB LLC,
,B0DQTX16TT,5,Hogar y Cocina,disponible,disponible,,,2025-10-19T03:25:29.891Z,2025-10-21T03:43:41.652Z,2025-10-28T05:30:32.055Z,1360.8,39.99,"$1,351.79",MONOZEL Aspiradora de mano Púrpura,https://www.amazon.com.mx/dp/B0DQTX16TT,https://www.amazon.com/dp/B0DQTX16TT,SRKSB LLC,MONOZEL Handheld Vacuum
,B09XQRQF4S,5,Hogar y Cocina,disponible,disponible,,,2025-10-19T03:25:29.892Z,2025-10-21T03:43:50.094Z,2025-10-28T05:30:39.736Z,631.44,16.99,$631.44,PAYUDAL Paquete de 4 filtros 3079 para Bissell 3061 Adapt Ion 2286A 2286 3079 22862 2387 23873 23874 2482 31921 31927 3191 3190 3190 319990 0A 319902 Aspiradora inalámbrica,https://www.amazon.com.mx/dp/B09XQRQF4S,https://www.amazon.com/dp/B09XQRQF4S,SRKSB LLC,Cailife store
,B0CKLL4TZY,5,Hogar y Cocina,disponible,disponible,,,2025-10-19T03:25:29.892Z,2025-10-21T03:43:58.368Z,2025-10-28T05:30:47.905Z,930.03,23.48,$933.65,"EVEME - Tabla de vapor para ropa, soporte para ropa al vapor, almohadilla de vapor, tabla de planchar colgante, tabla de vapor para ropa, almohadilla de plancha de vapor para colgar, tabla de planchar",https://www.amazon.com.mx/dp/B0CKLL4TZY,https://www.amazon.com/dp/B0CKLL4TZY,M&H Customer Friendly Store,EVEME US
,B0D5QHCZNS,5,Hogar y Cocina,disponible,disponible,,,2025-10-19T03:25:39.607Z,2025-10-21T03:44:05.460Z,2025-10-28T05:30:55.198Z,1030.47,29.96,"$1,030.47","DRECELL Aspiradora de mano sin cable, aspiradora de coche con motor sin escobillas y succión de 14000 Pa, 1 libra ligera, luz LED, mini aspiradora delgada para coche, hogar, mascotas",https://www.amazon.com.mx/dp/B0D5QHCZNS,https://www.amazon.com/dp/B0D5QHCZNS,SRKSB LLC,Jugsar hyztsg store
,B0F1CYYZB7,5,Hogar y Cocina,disponible,disponible,,,2025-10-19T03:25:39.608Z,2025-10-21T03:44:14.174Z,2025-10-28T05:31:03.217Z,465.46,6.99,$465.46,"Orighty - Paño de limpieza de microfibra gris, paquete de 12 suministros de limpieza altamente absorbentes, paños sin pelusa para múltiples usos, potentes trapos de limpieza para casa, cocina, cuidado",https://www.amazon.com.mx/dp/B0F1CYYZB7,https://www.amazon.com/dp/B0F1CYYZB7,SRKSB LLC,Orighty Care
,B0DJKX85VT,5,Hogar y Cocina,disponible,no disponible,,,2025-10-19T03:25:39.608Z,2025-10-21T03:44:21.737Z,2025-10-28T05:31:12.382Z,190,,$671.47,"Soarer - Plumero de plumas de avestruz de 40 pulgadas, mango extensible, mango de madera, plumas genuinas naturales esponjosas, ideal para limpieza del hogar, coche, oficina",https://www.amazon.com.mx/dp/B0DJKX85VT,https://www.amazon.com/dp/B0DJKX85VT,MEI9 zxcvbdr,
,B0CPP82D5Y,5,Hogar y Cocina,disponible,disponible,,,2025-10-19T03:25:39.608Z,2025-10-21T03:44:30.221Z,2025-10-28T05:31:19.366Z,405.66,4.99,$390.60,"AMZDEPOT - Escobilla de goma para vinilo, 2 escobillas de vinilo con 2 reemplazos de fieltro, herramientas de envoltura de vinilo de 4 pulgadas para envoltura de coche, fabricación de letreros de",https://www.amazon.com.mx/dp/B0CPP82D5Y,https://www.amazon.com/dp/B0CPP82D5Y,SRKSB LLC,AMZDEPOT
,B09X42CWCP,5,Hogar y Cocina,disponible,disponible,,,2025-10-19T03:25:39.608Z,2025-10-21T03:44:38.669Z,2025-10-28T05:31:27.655Z,611.9,19.98,$761.69,"Juego de accesorios para aspiradora Dreame D9, D9 Max, L10 Pro, incluye 1 cepillo principal, 6 cepillos laterales, 4 filtros, 5 toallitas, accesorios para piezas de repuesto For Dreame D9",https://www.amazon.com.mx/dp/B09X42CWCP,https://www.amazon.com/dp/B09X42CWCP,Amazon Estados Unidos,Didi Go
,B0CJHWCYMT,5,Hogar y Cocina,disponible,disponible,,,2025-10-19T03:25:39.608Z,2025-10-21T03:44:46.170Z,2025-10-28T05:31:35.307Z,218,9.98,$409.14,"AmaVins almohadillas para orejas de limpieza de microfibra para mopa Bona, almohadillas para orejas de microfibra reutilizables, paquete de 3 almohadillas para orejas de limpieza de microfibra compatibles con mopa Bona, sin residuos, súper absorbentes, 18 pulgadas",https://www.amazon.com.mx/dp/B0CJHWCYMT,https://www.amazon.com/dp/B0CJHWCYMT,zyl1,AmaVins Direct
,B0B5MJMSC7,5,Hogar y Cocina,disponible,disponible,,,2025-10-19T03:25:39.609Z,2025-10-21T03:44:53.097Z,2025-10-28T05:31:43.086Z,443.98,6.99,$441.31,"10 paquetes de ropa sueca para cocina, toallas de cocina absorbentes reutilizables fabricadas en Alemania, esponja de celulosa compostable para cocina y uso doméstico",https://www.amazon.com.mx/dp/B0B5MJMSC7,https://www.amazon.com/dp/B0B5MJMSC7,SRKSB LLC,PENGUIN STORE
,B09MM19TJN,5,Hogar y Cocina,disponible,no disponible,,,2025-10-19T03:25:39.609Z,2025-10-21T03:45:02.314Z,2025-10-28T05:31:49.718Z,614.92,,$614.92,"Paquete de 4 filtros de aspiradora de repuesto para Shark Wandvac System WS620 WS630 WS632 WS642 WS632BLBRN WS632GDBRN WS632GNBRN WS632PKBRN WS632RGBRN, reemplazar a la pieza # XFFWV360",https://www.amazon.com.mx/dp/B09MM19TJN,https://www.amazon.com/dp/B09MM19TJN,SRKSB LLC,
,B0DPJX3JZM,5,Hogar y Cocina,disponible,disponible,,,2025-10-19T03:25:39.609Z,2025-10-21T03:45:11.084Z,2025-10-28T05:31:57.114Z,1081.73,28.79,"$1,081.73","Kit de cabezal limpiador de repuesto y cepillo para polvo de rodillo de liberación rápida, compatible con aspiradoras Dyson V8, V10, V11, V15, SV10, SV12, SV14, piezas de accesorios de cabezal de",https://www.amazon.com.mx/dp/B0DPJX3JZM,https://www.amazon.com/dp/B0DPJX3JZM,SRKSB LLC,Rifily Mall
,B0D4Z68L9D,5,Hogar y Cocina,disponible,disponible,,,2025-10-19T03:25:39.609Z,2025-10-21T03:45:19.317Z,2025-10-28T05:32:04.204Z,769.62,17.95,$756.44,"FAMELEC Bolsas de polvo para Samsung a medida Jet Bolsas de aspiradora Parte # VCA-ADB953/AA Modelos VS20A95923B/AA VS20A95923N/AA VS20A95923W/AA, piezas de repuesto y accesorios para Samsung Clean",https://www.amazon.com.mx/dp/B0D4Z68L9D,https://www.amazon.com/dp/B0D4Z68L9D,SRKSB LLC,FAMELEC
,B0CB9QF8R3,5,Hogar y Cocina,disponible,disponible,,,2025-10-19T03:25:39.609Z,2025-10-21T03:45:27.523Z,2025-10-28T05:32:12.777Z,584.81,17.21,$874.65,49-90-2016 Bolsas de polvo de forro polar para aspiradora MILWAU-KEE 0960-20 y 0970-20 M18 PACKOUT,https://www.amazon.com.mx/dp/B0CB9QF8R3,https://www.amazon.com/dp/B0CB9QF8R3,Amazon Estados Unidos,YiGeLa
,B09FSX37F4,5,Hogar y Cocina,disponible,no disponible,,,2025-10-19T03:25:39.609Z,2025-10-21T03:45:35.026Z,2025-10-28T05:32:19.893Z,2909.33,,"$2,924.08",Steam Mop - Limpiador de vapor de mano multiusos 10 en 1 vaporizador desmontable para suelos de madera dura/azulejos/laminados con 11 accesorios para uso en todo el hogar.,https://www.amazon.com.mx/dp/B09FSX37F4,https://www.amazon.com/dp/B09FSX37F4,SRKSB LLC,
,B0D8J1KF6X,5,Hogar y Cocina,disponible,no disponible,,,2025-10-19T03:25:39.609Z,2025-10-21T03:45:42.916Z,2025-10-28T05:32:28.577Z,687.95,,$687.95,"Holaloha - Juego de 3 cepillos de inodoro y soporte, accesorios de baño, cepillo para polvo de inodoro y soporte con 3 cepillos de grietas para baño, cepillo para polvo de inodoro (blanco)",https://www.amazon.com.mx/dp/B0D8J1KF6X,https://www.amazon.com/dp/B0D8J1KF6X,SRKSB LLC,
,B0D7Z4HG13,5,Hogar y Cocina,disponible,disponible,,,2025-10-19T03:25:39.609Z,2025-10-21T03:45:49.487Z,2025-10-28T05:32:36.274Z,767.29,18.99,$766.97,"Ancolin LA502 Filtro de repuesto para Shark LA502, LA322, LA301, LA300, LA455, LA702 Rotator Lift-Away ADV DuoClean PowerFins Aspiradora vertical (2 filtros + 6 espuma + 6 fieltro)",https://www.amazon.com.mx/dp/B0D7Z4HG13,https://www.amazon.com/dp/B0D7Z4HG13,SRKSB LLC,Sullown Inc.
,B00489JJAQ,5,Hogar y Cocina,disponible,no disponible,,,2025-10-19T03:25:39.609Z,2025-10-21T03:45:58.494Z,2025-10-28T05:32:44.000Z,840.02,,$849.98,Capture Dry Carpet Cleaning Total Care Kit - Milliken Chemical,https://www.amazon.com.mx/dp/B00489JJAQ,https://www.amazon.com/dp/B00489JJAQ,SRKSB LLC,
,B09NY1WXCQ,5,Hogar y Cocina,disponible,disponible,,,2025-10-19T03:25:53.035Z,2025-10-21T03:46:06.506Z,2025-10-28T05:32:51.752Z,752.2,18.96,$741.85,"DEEHYO - Plumero de microfibra para ventilador de limpieza, techo alto, persianas, muebles, coches, 9 plumero extensible de plumas (acero inoxidable) de 30 a 100 pulgadas, reutilizable, plegable,",https://www.amazon.com.mx/dp/B09NY1WXCQ,https://www.amazon.com/dp/B09NY1WXCQ,SRKSB LLC,WaveAura
,B00VJKI89U,5,Hogar y Cocina,disponible,disponible,,,2025-10-19T03:25:53.035Z,2025-10-21T03:46:14.442Z,2025-10-28T05:32:59.744Z,403.35,4.8,$386.60,"Lavar los platos innovadores paños de malla/estropajo - 100% libre de olores/secado rápido - No más esponjas con moho olor - Ideal lavador para lavar los platos - 27,94 cm por 27,94 cm",https://www.amazon.com.mx/dp/B00VJKI89U,https://www.amazon.com/dp/B00VJKI89U,SRKSB LLC,Nora Shop
,B0D5HMP2X3,5,Hogar y Cocina,disponible,no listado,,,2025-10-19T03:25:53.035Z,2025-10-21T03:46:30.756Z,2025-10-28T05:33:13.609Z,638.18,,$611.46,Cargador de 15 V para Black and Decker Dustbuster de mano de repuesto para aspiradora,https://www.amazon.com.mx/dp/B0D5HMP2X3,https://www.amazon.com/dp/B0D5HMP2X3,AMO LA PELLE,
,B0CRV3D2HG,5,Hogar y Cocina,disponible,disponible,,,2025-10-19T03:25:53.035Z,2025-10-21T03:46:39.295Z,2025-10-28T05:33:20.110Z,823.3,21.99,$825.83,"UNIMADE - Paquete de 100 toallas de microfibra para trapos de trabajo de grado comercial, trapo de limpieza de coches, paño de detalles a granel para automóviles, bar, mecánico, restaurante, cochera",https://www.amazon.com.mx/dp/B0CRV3D2HG,https://www.amazon.com/dp/B0CRV3D2HG,SRKSB LLC,Unimade Global
,B0D1KRP83L,5,Hogar y Cocina,disponible,no disponible,,,2025-10-19T03:25:53.035Z,2025-10-21T03:46:48.205Z,2025-10-28T05:33:28.474Z,493.82,,$496.34,"Asas de repuesto compatibles con recambio Swiffer Duster, mango extendido, asas de longitud ajustable solo (2 piezas)",https://www.amazon.com.mx/dp/B0D1KRP83L,https://www.amazon.com/dp/B0D1KRP83L,SRKSB LLC,
,B08V4NND6R,5,Hogar y Cocina,disponible,no disponible,,,2025-10-19T03:25:53.036Z,2025-10-21T03:46:55.305Z,2025-10-28T05:33:36.943Z,444.36,,$436.85,"DOKIKO Tabletas líquidas para lavaparabrisas, líquido concentrado para limpiaparabrisas, 50 piezas, tabletas de lavadora concentrada, también se aplica a la cocina, baño y limpieza del suelo.1 bolsas hace 52 galones, 1 pieza hace 1.04 galones",https://www.amazon.com.mx/dp/B08V4NND6R,https://www.amazon.com/dp/B08V4NND6R,SRKSB LLC,
,B07MWC6PR6,5,Hogar y Cocina,disponible,no disponible,,,2025-10-19T03:25:53.036Z,2025-10-21T03:47:03.045Z,2025-10-28T05:33:45.382Z,1072.52,,"$1,071.63",(30% Gallon) - 30% White Vinegar - 300 Grain Vinegar Concentrate - 3.8l of Natural Concentrated Industrial Vinegar,https://www.amazon.com.mx/dp/B07MWC6PR6,https://www.amazon.com/dp/B07MWC6PR6,SRKSB LLC,
,B0D6TWX5WH,5,Hogar y Cocina,disponible,disponible,,,2025-10-19T03:25:53.036Z,2025-10-21T03:47:10.648Z,2025-10-28T05:33:51.972Z,725.14,16.98,$725.64,"Mopa giratoria autoescurrida para limpieza de pisos, fregona de microfibra con escurridor de mango largo, fregona de piso húmedo para vinilo de madera dura, azulejos, limpieza comercial para el hogar",https://www.amazon.com.mx/dp/B0D6TWX5WH,https://www.amazon.com/dp/B0D6TWX5WH,Quantum Home Products,SGGJ-SHOP
,B0CW9LF4JH,5,Hogar y Cocina,disponible,disponible,,,2025-10-19T03:25:53.036Z,2025-10-21T03:47:17.159Z,2025-10-28T05:33:58.650Z,1287.92,37.99,"$1,280.29","Aliddle - Accesorios de aspiradora para Dyson V7 V8 V10 V11 V15, accesorio de piso de madera dura y accesorio de manta para aspiradoras inalámbricas Dyson",https://www.amazon.com.mx/dp/B0CW9LF4JH,https://www.amazon.com/dp/B0CW9LF4JH,SRKSB LLC,Star Way Filter
,B0CRNL6K8G,5,Hogar y Cocina,disponible,no disponible,,,2025-10-19T03:25:53.037Z,2025-10-21T03:47:23.754Z,2025-10-28T05:34:06.383Z,695.94,,$693.23,"SAYAPE - Juego de cepillos curvados para inodoros y cepillos de limpieza de grietas, cepillo para polvo limpiador de baño con mango largo, cepillo para polvo limpiador de inodoro con kit de cepillos",https://www.amazon.com.mx/dp/B0CRNL6K8G,https://www.amazon.com/dp/B0CRNL6K8G,SRKSB LLC,
,B09JP2R6PM,5,Hogar y Cocina,disponible,no disponible,,,2025-10-19T03:25:53.037Z,2025-10-21T03:47:30.331Z,2025-10-28T05:34:14.863Z,710.3,,$708.39,"Spillbox - Botella de regadera de latón para agua bendita, gangajal y perfume Gulab Pash Rose Brass Water Paneer Sombu (S, 8 pulgadas)",https://www.amazon.com.mx/dp/B09JP2R6PM,https://www.amazon.com/dp/B09JP2R6PM,SRKSB LLC,
,B0CS6D2X6Z,5,Hogar y Cocina,disponible,disponible,,,2025-10-19T03:25:53.037Z,2025-10-21T03:47:37.554Z,2025-10-28T05:34:22.555Z,661.1,15.2,$664.63,"DrAer - Kit de reposición compatible con iRobot Roomba All e i y algunas series j, i1, i1+, i3, i3+, i4, i4+, i5, i5+, i7, i7+, i8+, j5, j5+, j7, j7+, j8, j8+, j9+",https://www.amazon.com.mx/dp/B0CS6D2X6Z,https://www.amazon.com/dp/B0CS6D2X6Z,SRKSB LLC,DrAer Happiness Flow store
,B0BZ7JDMMN,5,Hogar y Cocina,disponible,disponible,,,2025-10-19T03:25:53.037Z,2025-10-21T03:47:45.065Z,2025-10-28T05:34:29.970Z,379,8.39,$478.03,"Plumero de chenilla multiusos con 4 cabezales lavables desmontables para una limpieza eficiente, perfecto para limpieza del hogar y la oficina",https://www.amazon.com.mx/dp/B0BZ7JDMMN,https://www.amazon.com/dp/B0BZ7JDMMN,JDFlagship⭐ ⭐ ⭐ ⭐ ⭐,TaiYuanShiXiaoDianQuShengHuaXinJieBaiHuoDian
,B087BDZMVS,5,Hogar y Cocina,disponible,disponible,,,2025-10-19T03:25:53.037Z,2025-10-21T03:47:53.288Z,2025-10-28T05:34:37.719Z,765.59,17.99,$783.13,"MANGOTIME - Mopa de microfibra para suelos de madera dura, limpieza de suelos en seco para madera, azulejos, vinilo, laminado, mopa plana húmeda con 4 almohadillas para orejas lavables reutilizables y",https://www.amazon.com.mx/dp/B087BDZMVS,https://www.amazon.com/dp/B087BDZMVS,CATTLESIV,ZCDZUS
,B09YNDDNVK,5,Hogar y Cocina,disponible,disponible,,,2025-10-19T03:26:06.428Z,2025-10-21T03:48:01.343Z,2025-10-28T05:34:45.764Z,776.91,17.99,$745.53,"12 plumeros de microfibra, plumero con poste de extensión (acero inoxidable) de 30 a 100 pulgadas, plumeros lavables, plumero largo extensible flexible para ventilador de limpieza, techo alto, persianas, muebles, coches",https://www.amazon.com.mx/dp/B09YNDDNVK,https://www.amazon.com/dp/B09YNDDNVK,SRKSB LLC,MaxMart-US
,B07TTG3ZJ8,5,Hogar y Cocina,disponible,disponible,,,2025-10-19T03:26:06.428Z,2025-10-21T03:48:09.689Z,2025-10-28T05:34:53.148Z,529.91,9.99,$529.91,"AIDEA Toalla de secado de microfibra, paños de limpieza, sin arañazos, fuerte absorción de agua para coches, SUV, caravanas, camiones y barcos, (24 x 31 pulgadas), azul",https://www.amazon.com.mx/dp/B07TTG3ZJ8,https://www.amazon.com/dp/B07TTG3ZJ8,SRKSB LLC,AIDEA Cleaning
,B0BSF59334,5,Hogar y Cocina,disponible,disponible,,,2025-10-19T03:26:06.428Z,2025-10-21T03:48:16.576Z,2025-10-28T05:35:01.778Z,643.53,12.99,$642.15,"AIDEA - Juego de 24 paños de limpieza de microfibra, 12 x 16 pulgadas, toallas de microfibra suaves y absorbentes, paño de limpieza sin pelusas, paño de lavado premium para casa, cocina, coche,",https://www.amazon.com.mx/dp/B0BSF59334,https://www.amazon.com/dp/B0BSF59334,ProductosTX ⭐ ⭐ ⭐ ⭐ ⭐,AIDEA Cleaning
,B07JZ1S6QS,5,Hogar y Cocina,disponible,disponible,,,2025-10-19T03:26:06.428Z,2025-10-21T03:48:24.457Z,2025-10-28T05:35:10.460Z,724.11,13.99,$722.73,Effacera Sistema de limpieza desechable de inodoro cepillo de inodoro con recambios desechables (cepillo con 12 recargas),https://www.amazon.com.mx/dp/B07JZ1S6QS,https://www.amazon.com/dp/B07JZ1S6QS,Boon Shopping,Effacera Direct
,B0BGJMDC9K,5,Hogar y Cocina,disponible,disponible,,,2025-10-19T03:26:06.429Z,2025-10-21T03:48:31.640Z,2025-10-28T05:35:17.224Z,420.66,4.99,$420.50,"Paquete de 11 paños de cocina, reutilizables para platos, antiadherentes, lavables, de secado rápido, paños de limpieza de terciopelo coral superabsorbentes para limpiar vajillas, cocina, baño (rosa-verde10 x 6 pulgadas)",https://www.amazon.com.mx/dp/B0BGJMDC9K,https://www.amazon.com/dp/B0BGJMDC9K,DİNLER,DANHAI
,B09H2S77JG,5,Hogar y Cocina,disponible,no disponible,,,2025-10-19T03:26:06.429Z,2025-10-21T03:48:39.037Z,2025-10-28T05:35:25.033Z,534.2,,$534.20,"Temede Esponjas de celulosa, esponjas de cocina resistentes que no rayan para platos, esponja colorida comprimida para el hogar, utensilios de cocina, baño, 12 unidades",https://www.amazon.com.mx/dp/B09H2S77JG,https://www.amazon.com/dp/B09H2S77JG,SRKSB LLC,
,B09XGJ8J9W,5,Hogar y Cocina,disponible,disponible,,,2025-10-19T03:26:06.430Z,2025-10-21T03:48:47.514Z,2025-10-28T05:35:32.414Z,832.01,19.99,$824.96,"Plumero de plumas extensible de microfibra (11 piezas) con poste de extensión de 100 pulgadas, plumero lavable reutilizable y plegable para limpiar ventilador de techo, techo alto, TV, persianas,",https://www.amazon.com.mx/dp/B09XGJ8J9W,https://www.amazon.com/dp/B09XGJ8J9W,SRKSB LLC,TrendVibe-US
,B09PQG62VW,5,Hogar y Cocina,disponible,disponible,,,2025-10-19T03:26:06.430Z,2025-10-21T03:48:55.563Z,2025-10-28T05:35:39.188Z,537.5,10.99,$538.30,"WIHQIBVCE 4 esponjas para cepillo para polvo de limpieza de fregas con mango largo de 35 pulgadas, esponja de cocina duradera de doble cara, esponja de limpieza para zócalo, ducha, baño, tina",https://www.amazon.com.mx/dp/B09PQG62VW,https://www.amazon.com/dp/B09PQG62VW,SRKSB LLC,Erktring
,B09MM1C8WY,5,Hogar y Cocina,disponible,no disponible,,,2025-10-19T03:26:06.430Z,2025-10-21T03:49:11.148Z,2025-10-28T05:35:53.506Z,474.23,,$463.73,Paquete de 4 filtros de repuesto para aspiradora Bissell Febreze Style 1214 Cleanview y PowerGlide Pet vertical en comparación con la parte #12141,https://www.amazon.com.mx/dp/B09MM1C8WY,https://www.amazon.com/dp/B09MM1C8WY,SRKSB LLC,
,B08K3SXP29,5,Hogar y Cocina,disponible,disponible,,,2025-10-19T03:26:06.430Z,2025-10-21T03:49:19.342Z,2025-10-28T05:36:01.115Z,920.27,25.99,$920.27,GoodVac - Filtro de repuesto hecho para adaptarse a las aspiradoras Rainbow SRX reemplaza a OEM T1011,https://www.amazon.com.mx/dp/B08K3SXP29,https://www.amazon.com/dp/B08K3SXP29,SRKSB LLC,GoodVac
,B096VDYKF2,5,Hogar y Cocina,disponible,no disponible,,,2025-10-19T03:26:06.430Z,2025-10-21T03:49:27.755Z,2025-10-28T05:36:08.823Z,695.8,,$698.23,"Plumero de microfibra con poste de extensión (acero inoxidable) de 30 a 100 pulgadas, plumero lavable, plumero reutilizable, plumero flexible para techo alto, limpieza de ventilador de techo, muebles, persianas, coches",https://www.amazon.com.mx/dp/B096VDYKF2,https://www.amazon.com/dp/B096VDYKF2,M&H Customer Friendly Store,
,B0DBQKYLBH,5,Hogar y Cocina,disponible,disponible,,,2025-10-19T03:26:06.430Z,2025-10-21T03:49:35.746Z,2025-10-28T05:36:17.136Z,918.14,19.99,$923.20,"Pymin - Paquete de 16 accesorios de repuesto compatibles con eufy L60/L60 SES/L50/L50 SES Robot Partes de repuesto para aspiradora (1 paquete de cepillo para polvo de rodillo, 6 filtros, 8 cepillos",https://www.amazon.com.mx/dp/B0DBQKYLBH,https://www.amazon.com/dp/B0DBQKYLBH,SRKSB LLC,UDWJ
,B07NW1LS59,5,Hogar y Cocina,disponible,no disponible,,,2025-10-19T03:26:06.430Z,2025-10-21T03:49:43.407Z,2025-10-28T05:36:24.795Z,767.07,,$767.07,Hurriclean - HC-MO48 Deluxe 3-Pack nuevo y mejorado limpiador automático para tanque de inodoro sin frotar,https://www.amazon.com.mx/dp/B07NW1LS59,https://www.amazon.com/dp/B07NW1LS59,SRKSB LLC,
,B093V7YHRQ,5,Hogar y Cocina,disponible,no disponible,,,2025-10-19T03:26:06.430Z,2025-10-21T03:49:50.566Z,2025-10-28T05:36:31.633Z,1150.51,,"$1,051.45","Juego de escoba y recogedor de polvo, mango ajustable de 133 cm, dientes de recogedor, cepillos de plástico suave mágico, interior y exterior, para niños, garaje, cocina, oficina, vestíbulo, perro, gato, mascotas, hogar",https://www.amazon.com.mx/dp/B093V7YHRQ,https://www.amazon.com/dp/B093V7YHRQ,Rio Bravo,
,B0CSK3QCH7,5,Hogar y Cocina,disponible,no disponible,,,2025-10-19T03:26:06.431Z,2025-10-21T03:49:58.661Z,2025-10-28T05:36:39.792Z,442.43,,$444.13,"SHIELDOM - Tela para arañazos en el coche, elimina arañazos fácilmente los pequeños arañazos, remolinos, arañazos, residuos de pintura y manchas de agua",https://www.amazon.com.mx/dp/B0CSK3QCH7,https://www.amazon.com/dp/B0CSK3QCH7,SRKSB LLC,
,B07QLKLYT4,5,Hogar y Cocina,disponible,no disponible,,,2025-10-19T03:26:20.509Z,2025-10-21T03:50:04.948Z,2025-10-28T05:36:47.765Z,887.86,,$912.00,"Huibot - Juego de escoba y recogedor de metal hechos a mano (tamaño pequeño), Casual, Portable Set, 12'' Long 10'' Wide",https://www.amazon.com.mx/dp/B07QLKLYT4,https://www.amazon.com/dp/B07QLKLYT4,Ovolos,
,B0D5D5BLHF,5,Hogar y Cocina,disponible,no disponible,,,2025-10-19T03:26:20.509Z,2025-10-21T03:50:13.236Z,2025-10-28T05:36:55.673Z,891.39,,$891.39,Wkzay Aspiradora de mano inalámbrica – 16000 Pa de succión y motor sin escobillas para limpieza recargable ligera y portátil en el hogar,https://www.amazon.com.mx/dp/B0D5D5BLHF,https://www.amazon.com/dp/B0D5D5BLHF,SRKSB LLC,
,B075LQ3FDG,5,Hogar y Cocina,disponible,no disponible,,,2025-10-19T03:26:20.509Z,2025-10-21T03:50:20.649Z,2025-10-28T05:37:03.681Z,832.48,,$837.66,Los mejores estropajos planos del mundo. Apto para lavaplatos. Colores surtidos (6),https://www.amazon.com.mx/dp/B075LQ3FDG,https://www.amazon.com/dp/B075LQ3FDG,SRKSB LLC,
,B08SW2DLH1,5,Hogar y Cocina,disponible,no disponible,,,2025-10-19T03:26:20.509Z,2025-10-21T03:50:27.980Z,2025-10-28T05:37:11.393Z,291.28,,$496.82,"Cepillos de limpieza de escoba de mano, cepillo para polvo de cerdas suaves para limpiar coches/cama/sofá/calado, jardín, muebles, ropa, mango de madera",https://www.amazon.com.mx/dp/B08SW2DLH1,https://www.amazon.com/dp/B08SW2DLH1,qwertyuiop13,
,B00466ZNTM,5,Hogar y Cocina,disponible,no disponible,,,2025-10-19T03:26:20.509Z,2025-10-21T03:50:34.916Z,2025-10-28T05:37:19.025Z,729.59,,$729.59,Never Scrub - Sistema de limpieza automática para inodoro,https://www.amazon.com.mx/dp/B00466ZNTM,https://www.amazon.com/dp/B00466ZNTM,SRKSB LLC,
,B0064OIB3Y,5,Hogar y Cocina,disponible,no disponible,,,2025-10-19T03:26:20.509Z,2025-10-21T03:50:42.281Z,2025-10-28T05:37:25.920Z,1046.78,,"$1,025.25",KegWorks 2Y-CNRX-T9FP limpiador de carbohidratos,https://www.amazon.com.mx/dp/B0064OIB3Y,https://www.amazon.com/dp/B0064OIB3Y,SRKSB LLC,
,B0CM19NZ1F,5,Hogar y Cocina,disponible,disponible,,,2025-10-19T03:26:20.510Z,2025-10-21T03:50:49.371Z,2025-10-28T05:37:33.615Z,483.14,7.99,$483.14,"GEPHYNM - Manguera de aspiradora para automóvil, línea de aspiradora de 10 pies, 5/32 pulgadas, líneas de aspiradora de presión máxima de 130 PSI, manguera de silicona",https://www.amazon.com.mx/dp/B0CM19NZ1F,https://www.amazon.com/dp/B0CM19NZ1F,SRKSB LLC,Gephynm Driect
,B0D5CGV6KC,5,Hogar y Cocina,disponible,no disponible,,,2025-10-19T03:26:20.510Z,2025-10-21T03:50:56.582Z,2025-10-28T05:37:42.102Z,288,,$492.87,"cubeta plegable para fregona y cubeta de hielo, 5 l (1.3 galones), cubeta de silicona para limpieza del hogar, suministros de limpieza de baño, cubeta cuadrado para limpieza",https://www.amazon.com.mx/dp/B0D5CGV6KC,https://www.amazon.com/dp/B0D5CGV6KC,Wanglin MEI14,
,B0C3LXJ9TS,5,Hogar y Cocina,disponible,disponible,,,2025-10-19T03:26:20.510Z,2025-10-21T03:51:04.281Z,2025-10-28T05:37:49.638Z,340,9.99,$500.06,"Fikoksol - Esponjas húmedas para el polvo, color verde, esponjas limpias para el hogar, para limpiar zócalos, persianas, ventilaciones, tronco de ventana, borrador de esponja mágica, reutilizable,",https://www.amazon.com.mx/dp/B0C3LXJ9TS,https://www.amazon.com/dp/B0C3LXJ9TS,BDQYQ,Five_Yang
,B09Q55KW8W,5,Hogar y Cocina,disponible,disponible,,,2025-10-19T03:26:20.510Z,2025-10-21T03:51:12.485Z,2025-10-28T05:37:56.484Z,625.7,11.99,$631.15,"Anicell 2033 - Filtro de peso pluma para barra de peso pluma Bissell ligero sin bolsa aspiradora 20331 20333 20334 20336 20339 2033M, 4 filtros de malla, 6 filtros de espuma, reemplaza la pieza #",https://www.amazon.com.mx/dp/B09Q55KW8W,https://www.amazon.com/dp/B09Q55KW8W,SRKSB LLC,Anicell
,B0CNSYQ2CM,5,Hogar y Cocina,disponible,disponible,,,2025-10-19T03:26:20.510Z,2025-10-21T03:51:20.460Z,2025-10-28T05:38:03.922Z,262,5.99,$402.19,"Nanaborn - Trapos de alambre para lavar platos húmedos y secos, multiusos, antiarañazos, 12 unidades",https://www.amazon.com.mx/dp/B0CNSYQ2CM,https://www.amazon.com/dp/B0CNSYQ2CM,Yueloushangmao,Nanaborn Inc
,B0BXNZLQPZ,5,Hogar y Cocina,disponible,disponible,,,2025-10-19T03:26:20.510Z,2025-10-21T03:51:27.069Z,2025-10-28T05:38:11.160Z,220,8.59,$465.74,"Anillo de vapor de silicona de 54 mm, junta de repuesto para máquina espresso Breville 878/870/860/840/810/500/450/Sage 500/870/875/880/810/878 piezas de repuesto, sin BPA junta de cabeza de grupo",https://www.amazon.com.mx/dp/B0BXNZLQPZ,https://www.amazon.com/dp/B0BXNZLQPZ,天天zrl來財,KAM HAMIA
,B0DQFYK67R,5,Hogar y Cocina,disponible,disponible,,,2025-10-19T03:26:38.694Z,2025-10-21T03:51:33.854Z,2025-10-28T05:38:18.760Z,851.86,21.99,$853.24,"Toalla de tamaño grande con toalla de pelo para mujer (XXL-XXXXL), toallas de baño ajustables para mujer, cómoda bata de baño de spa + toalla de secado del cabello, azul oscuro",https://www.amazon.com.mx/dp/B0DQFYK67R,https://www.amazon.com/dp/B0DQFYK67R,SRKSB LLC,HJMJY-US
,B0C83B9PRX,5,Hogar y Cocina,disponible,no disponible,,,2025-10-19T03:26:38.694Z,2025-10-21T03:51:50.368Z,2025-10-28T05:38:32.424Z,771.39,,$771.39,"Aura Nest - Toalleros de bambú verticales, accesorios de baño, almacenamiento, toallero de pared para toallas enrolladas para muebles de baño, muebles de spa y decoración (natural, mediano)",https://www.amazon.com.mx/dp/B0C83B9PRX,https://www.amazon.com/dp/B0C83B9PRX,SRKSB LLC,
,B0C9ZTQMTX,5,Hogar y Cocina,disponible,no disponible,,,2025-10-19T03:26:38.694Z,2025-10-21T03:51:58.415Z,2025-10-28T05:38:41.758Z,512.24,,$922.76,"Asiento de inodoro redondo duradero con cierre suave lento, fácil de instalar y limpiar, nunca se afloja, blanco, se adapta a la mayoría de inodoros redondos",https://www.amazon.com.mx/dp/B0C9ZTQMTX,https://www.amazon.com/dp/B0C9ZTQMTX,Amazon Estados Unidos,
,B0C9T7VRHG,5,Hogar y Cocina,disponible,disponible,,,2025-10-19T03:26:38.694Z,2025-10-21T03:52:07.176Z,2025-10-28T05:38:48.949Z,396.35,4.99,$401.83,"1 soporte calcomanía para rollo de inodoro, acero inoxidable SUS304, color negro mate, soporte de papel higiénico a prueba de óxido, soporte para papel higiénico sin perforación, soporte para cocina,",https://www.amazon.com.mx/dp/B0C9T7VRHG,https://www.amazon.com/dp/B0C9T7VRHG,SRKSB LLC,JOYDECOR
,B0CHVS3B6M,5,Hogar y Cocina,disponible,disponible,,,2025-10-19T03:26:38.695Z,2025-10-21T03:52:15.233Z,2025-10-28T05:38:56.726Z,1108.16,27.99,"$1,108.16","Aünsffer - Asiento de inodoro alargado de 18.5 pulgadas, asiento de inodoro de cierre suave, fácil de limpiar, tapa ovalada en forma de V para uso doméstico, material de polipropileno blanco, soporte",https://www.amazon.com.mx/dp/B0CHVS3B6M,https://www.amazon.com/dp/B0CHVS3B6M,SRKSB LLC,Aunsffer
,B0CCNW6635,5,Hogar y Cocina,disponible,no disponible,,,2025-10-19T03:26:38.695Z,2025-10-21T03:52:23.884Z,2025-10-28T05:39:04.429Z,5727.6,,"$5,894.08","WLJBIDET - Asiento de inodoro cuadrado para inodoros rectangulares, bidé eléctrico, asiento de inodoro con calefacción rectangular, secador de aire ajustable y agua caliente, lavado oscilante",https://www.amazon.com.mx/dp/B0CCNW6635,https://www.amazon.com/dp/B0CCNW6635,SRKSB LLC,
,B09Q3LH7BT,5,Hogar y Cocina,disponible,no disponible,,,2025-10-19T03:26:38.695Z,2025-10-21T03:52:31.828Z,2025-10-28T05:39:12.929Z,142.5,,$573.59,"Soporte de papel higiénico de pared de madera y cuerda, rollos de pañuelos rústicos, soporte de papel montado en la pared, accesorios de baño elegantes y náuticos con tornillo autoadhesivo sin costuras",https://www.amazon.com.mx/dp/B09Q3LH7BT,https://www.amazon.com/dp/B09Q3LH7BT,Shengtangdianzi,
,B0CKX8LBZW,5,Hogar y Cocina,disponible,no disponible,,,2025-10-19T03:26:38.695Z,2025-10-21T03:52:40.203Z,2025-10-28T05:39:21.840Z,1416.49,,"$1,381.01","Juego de accesorios de baño de color morado claro, 17 piezas con bote de basura, 3 dispensadores de jabón de loción, soporte para cepillo para polvo de dientes, jabonera, vaso, 6 etiquetas de madera",https://www.amazon.com.mx/dp/B0CKX8LBZW,https://www.amazon.com/dp/B0CKX8LBZW,SRKSB LLC,
,B0CCTDDVF1,5,Hogar y Cocina,disponible,disponible,,,2025-10-19T03:26:38.695Z,2025-10-21T03:52:47.344Z,2025-10-28T05:39:29.253Z,1160.44,26.59,"$1,165.92","HOPOPRO - Cabezal de ducha de mano de alta presión de 6 modos con lavado eléctrico, juego de cabezal de ducha de mano de alto flujo con spray de potencia integrado para limpiar azulejos de tina",https://www.amazon.com.mx/dp/B0CCTDDVF1,https://www.amazon.com/dp/B0CCTDDVF1,SRKSB LLC,HOPOPRO
,B08JVKR762,5,Hogar y Cocina,disponible,disponible,,,2025-10-19T03:26:38.696Z,2025-10-21T03:52:55.613Z,2025-10-28T05:39:37.200Z,1465.27,40.99,"$1,471.65","DAVELEN - Toalla de cabello desechable esencial para mujer, paquete de 100 unidades de 32 x 16 pulgadas, súper absorbente de secado rápido para secar el cabello rizado, largo y grueso (blanco) (100)",https://www.amazon.com.mx/dp/B08JVKR762,https://www.amazon.com/dp/B08JVKR762,SRKSB LLC,DAVELEN
,B0D1YCJ2CF,5,Hogar y Cocina,disponible,disponible,,,2025-10-19T03:26:38.696Z,2025-10-21T03:53:03.299Z,2025-10-28T05:39:45.698Z,710.3,17.99,$713.91,"Toallero ajustable con ventosa de 16 a 27 años, extensible con ventosa, toallero de acero inoxidable para puerta de ducha de vidrio, color negro",https://www.amazon.com.mx/dp/B0D1YCJ2CF,https://www.amazon.com/dp/B0D1YCJ2CF,SRKSB LLC,Mulisiu
,B0B246GJGY,5,Hogar y Cocina,disponible,no disponible,,,2025-10-19T03:26:52.456Z,2025-10-21T03:53:11.523Z,2025-10-28T05:39:54.075Z,1766.03,,"$1,780.64","BLOFDE Asiento de inodoro alargado de madera para evitar cambios con bisagras de aleación de zinc, asiento de inodoro de tamaño estándar estadounidense, fácil de instalar, también fácil de limpiar,",https://www.amazon.com.mx/dp/B0B246GJGY,https://www.amazon.com/dp/B0B246GJGY,SRKSB LLC,
,B08F9QR8DF,5,Hogar y Cocina,disponible,no disponible,,,2025-10-19T03:26:52.456Z,2025-10-21T03:53:20.042Z,2025-10-28T05:40:01.399Z,1033.98,,"$1,033.27",Locco Decor - Juego de 4 Accesorios de Cambiador de baño con Movimiento Flotante 3D,https://www.amazon.com.mx/dp/B08F9QR8DF,https://www.amazon.com/dp/B08F9QR8DF,SRKSB LLC,
,B07ZFT8SBJ,5,Hogar y Cocina,disponible,disponible,,,2025-10-19T03:26:52.456Z,2025-10-21T03:53:27.896Z,2025-10-28T05:40:09.089Z,1223.52,34.99,"$1,219.95","Bandeja acrílica transparente resistente con asas, 12 x 20 pulgadas, para servir café, aperitivo, desayuno, mayordomo, encimera de cocina, organizador de cajones de maquillaje, mesa de cambiador",https://www.amazon.com.mx/dp/B07ZFT8SBJ,https://www.amazon.com/dp/B07ZFT8SBJ,SRKSB LLC,KEVLANG
,B0CHRZHKLD,5,Hogar y Cocina,disponible,no disponible,,,2025-10-19T03:26:52.457Z,2025-10-21T03:53:36.452Z,2025-10-28T05:40:16.918Z,643.73,,$662.65,"Dispensador de enjuague bucal de vidrio para baño, dispensador de enjuague bucal de 16 onzas con boquilla de vertido y soporte para vasos de madera y bandeja, recipiente para botellas de lavado bucal",https://www.amazon.com.mx/dp/B0CHRZHKLD,https://www.amazon.com/dp/B0CHRZHKLD,SRKSB LLC,
,B0CSFC23QY,5,Hogar y Cocina,disponible,no disponible,,,2025-10-19T03:26:52.457Z,2025-10-21T03:53:43.592Z,2025-10-28T05:40:25.217Z,780.33,,$780.33,ALPIRIRAL Juego de accesorios de baño verde 5 piezas,https://www.amazon.com.mx/dp/B0CSFC23QY,https://www.amazon.com/dp/B0CSFC23QY,SRKSB LLC,
,B0B68FBNSH,5,Hogar y Cocina,disponible,disponible,,,2025-10-19T03:26:52.457Z,2025-10-21T03:53:51.490Z,2025-10-28T05:40:32.089Z,802.35,21.99,$807.06,"LQCOOL - Juego de 4 cortinas de ducha con degradado café, moderno juego de cortinas de ducha geométricas doradas, juego de baño con textura, accesorios de baño con tapetes",https://www.amazon.com.mx/dp/B0B68FBNSH,https://www.amazon.com/dp/B0B68FBNSH,SRKSB LLC,EOHC
,B0DJQFPDY1,5,Hogar y Cocina,disponible,no disponible,,,2025-10-19T03:26:52.457Z,2025-10-21T03:53:59.858Z,2025-10-28T05:40:40.058Z,918.14,,$868.19,"TOLDATLI Toalla de arcilla, paquete de 2 toallas de arcilla para detalles automáticos, toalla de barra de arcilla de microfibra de grado fino, toalla de gamuza para coche, toallas de arcilla con",https://www.amazon.com.mx/dp/B0DJQFPDY1,https://www.amazon.com/dp/B0DJQFPDY1,SRKSB LLC,
,B0BW8SLFVJ,5,Hogar y Cocina,disponible,no disponible,,,2025-10-19T03:26:52.457Z,2025-10-21T03:54:07.628Z,2025-10-28T05:40:47.277Z,6455.96,,"$6,752.73","Niccy Espejo de baño con luz LED arqueado, espejo de baño retroiluminado de 36 x 24 pulgadas con luces cepilladas enmarcadas en negro para montar en la pared con arco regulable de 3 colores, espejo inteligente sin niebla",https://www.amazon.com.mx/dp/B0BW8SLFVJ,https://www.amazon.com/dp/B0BW8SLFVJ,AREDIANT,
,B0C1Z9XF1B,5,Hogar y Cocina,disponible,disponible,,,2025-10-19T03:26:52.457Z,2025-10-21T03:54:15.514Z,2025-10-28T05:40:55.363Z,563.65,18.99,$737.57,"Fungarth - Cortina de ducha de pulpo náutico clásico, color azul marino, sirena, divertido océano, Kraken, cortinas de ducha para baño, ancla, mapa costero, tela impermeable, decoración de baño con",https://www.amazon.com.mx/dp/B0C1Z9XF1B,https://www.amazon.com/dp/B0C1Z9XF1B,Amazon Estados Unidos,G'JOY
,B0CDNT73QF,5,Hogar y Cocina,disponible,no disponible,,,2025-10-19T03:26:52.458Z,2025-10-21T03:54:22.860Z,2025-10-28T05:41:03.875Z,767.9,,$770.91,"UrSpeedtekLive - Juego de accesorios de baño, 5 unidades, 2 dispensadores de jabón de vidrio ámbar de 16 onzas con bombas de acero inoxidable, 2 dispensadores de soporte Qtip con etiquetas",https://www.amazon.com.mx/dp/B0CDNT73QF,https://www.amazon.com/dp/B0CDNT73QF,SRKSB LLC,
,B09FDDLHXB,5,Hogar y Cocina,disponible,disponible,,,2025-10-19T03:26:52.458Z,2025-10-21T03:54:39.228Z,2025-10-28T05:41:19.737Z,849.88,21.99,$849.88,"SUMMERMIA - Paquete de 12 paños de 13 x 13 pulgadas, paños de lavado suaves para tu toalla facial, viscosa derivada de bambú y algodón para tu cuerpo (gris)",https://www.amazon.com.mx/dp/B09FDDLHXB,https://www.amazon.com/dp/B09FDDLHXB,SRKSB LLC,Coaura
,B0CX54P3TC,5,Hogar y Cocina,disponible,disponible,,,2025-10-19T03:27:03.112Z,2025-10-21T03:54:47.938Z,2025-10-28T05:41:27.532Z,606.11,14.99,$608.99,"PARKMANI - Soporte para cepillo para polvo de dientes para baño, cepillo para polvo de dientes eléctrico para niños y pasta dental con drenaje, soporte para cepillo para polvo de dientes para",https://www.amazon.com.mx/dp/B0CX54P3TC,https://www.amazon.com/dp/B0CX54P3TC,SRKSB LLC,LAFARA
,B0D78NNRKX,5,Hogar y Cocina,disponible,disponible,,,2025-10-19T03:27:03.112Z,2025-10-21T03:54:56.069Z,2025-10-28T05:41:34.865Z,1217.65,35.99,"$1,217.65","VOTZAAQ - Toalleros para baño, estante de toallas negro de 24 pulgadas con barra de toalla doble, almacenamiento de toallas de acero inoxidable de 3 niveles, soporte de toalla de baño montado en la",https://www.amazon.com.mx/dp/B0D78NNRKX,https://www.amazon.com/dp/B0D78NNRKX,SRKSB LLC,WAJA HOME
,B09YR9FXT3,5,Hogar y Cocina,disponible,no disponible,,,2025-10-19T03:27:03.113Z,2025-10-21T03:55:03.585Z,2025-10-28T05:41:43.258Z,1193.28,,"$1,071.03","Seashpea Organizador de herramientas para el cabello montado en la pared, construcción de madera de pino resistente, taza de acero inoxidable extraíble, sostiene secadores de pelo, alisadores,",https://www.amazon.com.mx/dp/B09YR9FXT3,https://www.amazon.com/dp/B09YR9FXT3,SRKSB LLC,
,B0D5BF3FVV,5,Hogar y Cocina,disponible,no disponible,,,2025-10-19T03:27:03.113Z,2025-10-21T03:55:11.334Z,2025-10-28T05:41:50.560Z,530.45,,$515.13,"Powools - Toallero para baño, soporte de toalla resistente a la corrosión, soporte de toalla resistente para colgar en la pared, colgador de toallas que ahorra espacio, accesorios de baño, decoración",https://www.amazon.com.mx/dp/B0D5BF3FVV,https://www.amazon.com/dp/B0D5BF3FVV,SRKSB LLC,
,B098SCWL5K,5,Hogar y Cocina,disponible,no disponible,,,2025-10-19T03:27:03.113Z,2025-10-21T03:55:19.722Z,2025-10-28T05:41:58.390Z,604.76,,$604.76,"Interior Living 28-48 pulgadas. Barra de cortina ajustable para café pequeño, paquete de 2, 7/16 pulgadas de diámetro, blanco",https://www.amazon.com.mx/dp/B098SCWL5K,https://www.amazon.com/dp/B098SCWL5K,SRKSB LLC,
,B09P3CNDSM,5,Hogar y Cocina,disponible,no disponible,,,2025-10-19T03:27:03.114Z,2025-10-21T03:55:27.939Z,2025-10-28T05:42:06.083Z,717.47,,$709.11,"GMISUN - Dispensador de jabón negro, dispensador de jabón de manos para baño, dispensador de jabón de vidrio de 12 onzas con bomba de acero inoxidable, dispensador de jabón líquido para cocina,",https://www.amazon.com.mx/dp/B09P3CNDSM,https://www.amazon.com/dp/B09P3CNDSM,SRKSB LLC,
,B0CJ6QL8V3,5,Hogar y Cocina,disponible,no disponible,,,2025-10-19T03:27:03.114Z,2025-10-21T03:55:35.993Z,2025-10-28T05:42:14.418Z,728.43,,$726.36,"TOLDATLI Dispensador de enjuague bucal para baño, dispensador de enjuague bucal de vidrio con taza, botella de recipiente de lavado bucal con taza, paquete de 2 decantadores de enjuague bucal",https://www.amazon.com.mx/dp/B0CJ6QL8V3,https://www.amazon.com/dp/B0CJ6QL8V3,SRKSB LLC,
,B0CZ7XV654,5,Hogar y Cocina,disponible,no disponible,,,2025-10-19T03:27:03.114Z,2025-10-21T03:55:42.784Z,2025-10-28T05:42:22.404Z,422.15,,$412.11,"HVSWLY 12 etiquetas de baño para botellas, etiquetas minimalistas de organización de baño, etiquetas impermeables para botellas de champú y acondicionador de lavado corporal (blanco)",https://www.amazon.com.mx/dp/B0CZ7XV654,https://www.amazon.com/dp/B0CZ7XV654,SRKSB LLC,
,B0D53RWX12,5,Hogar y Cocina,disponible,disponible,,,2025-10-19T03:27:03.115Z,2025-10-21T03:55:49.566Z,2025-10-28T05:42:29.888Z,788.92,17.99,$779.15,"JUSTHERE Juego de 5 piezas de accesorios de baño negro mate, accesorios de baño de acero inoxidable para montaje en pared, incluye barra de toalla de 16 pulgadas, soporte de papel higiénico, anillo de",https://www.amazon.com.mx/dp/B0D53RWX12,https://www.amazon.com/dp/B0D53RWX12,SRKSB LLC,Baibao2022
,B0D1KF8HKC,5,Hogar y Cocina,disponible,disponible,,,2025-10-19T03:27:16.782Z,2025-10-21T03:55:58.143Z,2025-10-28T05:42:37.426Z,512.39,9.99,$512.39,"Barras de cortina sin taladrar para ventanas de 30 a 45 pulgadas, poste drapeado de 5/8 pulgadas de diámetro con soportes de barra de cortina sin taladro, cortineros para ventanas con soporte",https://www.amazon.com.mx/dp/B0D1KF8HKC,https://www.amazon.com/dp/B0D1KF8HKC,SRKSB LLC,SHANGYU US
,B0CPSMCN72,5,Hogar y Cocina,disponible,no disponible,,,2025-10-19T03:27:16.782Z,2025-10-21T03:56:06.720Z,2025-10-28T05:42:45.921Z,450.88,,$450.88,"RYTOXILO - Dispensador de jabón negro, dispensador de jabón para cocina, dispensador de jabón de manos para baño, dispensador de jabón de vidrio con bomba, dispensador de loción líquida acanalada,",https://www.amazon.com.mx/dp/B0CPSMCN72,https://www.amazon.com/dp/B0CPSMCN72,SRKSB LLC,
,B0CGZPC3FY,5,Hogar y Cocina,disponible,disponible,,,2025-10-19T03:27:16.782Z,2025-10-21T03:56:13.301Z,2025-10-28T05:42:52.901Z,917.33,23.99,$922.81,"SIMEWIN - Barras de cortina sin taladrar para ventanas de 30 a 120 pulgadas, 5/8 pulgadas de diámetro, sin taladro, juego de barras de cortina pequeñas con soportes adhesivos 3M, color negro",https://www.amazon.com.mx/dp/B0CGZPC3FY,https://www.amazon.com/dp/B0CGZPC3FY,SRKSB LLC,Likun Technology
,B0CGHZYRM3,5,Hogar y Cocina,disponible,disponible,,,2025-10-19T03:27:16.783Z,2025-10-21T03:56:20.876Z,2025-10-28T05:43:00.712Z,1014.27,24.29,$973.75,"AKTECKE Organizador de baño de esquina: estante calcomanía para ducha, estante para tina – Paquete de 3 estantes de ducha sin perforación, organizador de tina de acero inoxidable a prueba de óxido",https://www.amazon.com.mx/dp/B0CGHZYRM3,https://www.amazon.com/dp/B0CGHZYRM3,SRKSB LLC,Vistar Goods
,B09N6SZM86,5,Hogar y Cocina,disponible,disponible,,,2025-10-19T03:27:16.783Z,2025-10-21T03:56:29.696Z,2025-10-28T05:43:08.241Z,535.79,9.99,$535.79,"GFWARE Soporte para cepillo de dientes, dispensador de pasta de dientes, cubierta azul eléctrica, juego de 2 exprimidores de pasta de dientes para ducha, baño, niños (sin electricidad, sin luz)",https://www.amazon.com.mx/dp/B09N6SZM86,https://www.amazon.com/dp/B09N6SZM86,SRKSB LLC,bxkus
,B0B14WZVC7,5,Hogar y Cocina,disponible,no disponible,,,2025-10-19T03:27:16.783Z,2025-10-21T03:56:38.211Z,2025-10-28T05:43:15.770Z,531.83,,$530.45,"Hurran - Drenaje para fregadero de baño con desbordamiento, tapón de fregadero de baño negro mate para lavabo de baño, drenaje rápido de plástico con filtro antiobstrucciones",https://www.amazon.com.mx/dp/B0B14WZVC7,https://www.amazon.com/dp/B0B14WZVC7,Boon Shopping,
,B0BNL76B6L,5,Hogar y Cocina,disponible,disponible,,,2025-10-19T03:27:16.783Z,2025-10-21T03:56:46.838Z,2025-10-28T05:43:23.846Z,480.5,13.29,$597.94,"Hippywell Elephant - Soporte para cepillo para polvo de dientes para baño, con ventosa y soporte para pasta dental para niños, 3 ranuras con toallas colgantes o bola de baño, fregadero de secado rápido, gris",https://www.amazon.com.mx/dp/B0BNL76B6L,https://www.amazon.com/dp/B0BNL76B6L,Amazon Estados Unidos,Hippywell
,B09N8Z5LY6,5,Hogar y Cocina,disponible,no disponible,,,2025-10-19T03:27:16.783Z,2025-10-21T03:56:53.546Z,2025-10-28T05:43:31.965Z,598.62,,$596.39,"Wongwongcat - Vasos de baño, 2 unidades, taza de enjuague bucal, soportes para cepillos de dientes, taza para bebidas, soporte para bolígrafos, irrompible, apto para lavaplatos, 10 onzas líquidas (300",https://www.amazon.com.mx/dp/B09N8Z5LY6,https://www.amazon.com/dp/B09N8Z5LY6,SRKSB LLC,
,B0B5SQ7159,5,Hogar y Cocina,disponible,no disponible,,,2025-10-19T03:27:16.783Z,2025-10-21T03:57:01.661Z,2025-10-28T05:43:39.902Z,680.22,,$685.37,"VDKIDKT Paquete de 4 soportes transparentes para jabonera con forma de hoja de ducha, contenedor de esponja con ventosa ampliada autodrenante para mantener el jabón seco (2 azules + 2 grises)",https://www.amazon.com.mx/dp/B0B5SQ7159,https://www.amazon.com/dp/B0B5SQ7159,SRKSB LLC,
,B08XBFXRDD,5,Hogar y Cocina,disponible,disponible,,,2025-10-19T03:27:16.783Z,2025-10-21T03:57:08.630Z,2025-10-28T05:43:46.844Z,1887.64,57.99,"$1,905.30","R&T Asiento de inodoro alargado con asiento de entrenamiento integrado, se adapta tanto a niños como a adultos, ahorro de espacio, cierre lento, fácil de instalar y limpiar, plástico, color blanco",https://www.amazon.com.mx/dp/B08XBFXRDD,https://www.amazon.com/dp/B08XBFXRDD,SRKSB LLC,R&T Technology Co. Ltd
,B0C7M6CY5J,5,Hogar y Cocina,disponible,disponible,,,2025-10-19T03:27:16.784Z,2025-10-21T03:57:24.839Z,2025-10-28T05:44:02.463Z,533.21,7.99,$508.11,"Toalleros para baño de 24 pulgadas, toallero para pared de baño, organizador de soporte de toalla de mano de baño resistente, barra de toalla de baño individual montado en la pared, negro mate",https://www.amazon.com.mx/dp/B0C7M6CY5J,https://www.amazon.com/dp/B0C7M6CY5J,Amazon Estados Unidos,Haidijin Store
,B0C7D1HX31,5,Hogar y Cocina,disponible,no disponible,,,2025-10-19T03:27:16.784Z,2025-10-21T03:57:32.948Z,2025-10-28T05:44:11.869Z,600.48,,$600.48,"CarsonWorks - Soporte para pañuelos de coche, 4 paquetes de pañuelos redondos",https://www.amazon.com.mx/dp/B0C7D1HX31,https://www.amazon.com/dp/B0C7D1HX31,SRKSB LLC,
,B0B4C3M3PK,5,Hogar y Cocina,disponible,disponible,,,2025-10-19T03:27:16.784Z,2025-10-21T03:57:39.930Z,2025-10-28T05:44:19.890Z,685.88,14.99,$651.44,"DaisyJoy - Divertidas toallas de mano para baño, cocina, decoración decorativa para gatos, toallas de cara, únicas para el día de la madre, día de San Valentín, inauguración de la casa, regalos de",https://www.amazon.com.mx/dp/B0B4C3M3PK,https://www.amazon.com/dp/B0B4C3M3PK,Uğurlu STORE,AGRIMONY
,B09WMM7T27,5,Hogar y Cocina,disponible,no disponible,,,2025-10-19T03:27:27.957Z,2025-10-21T03:57:47.767Z,2025-10-28T05:44:28.883Z,1752.81,,"$1,752.81","MUSTORN Toallero de baño con barra de toalla y ganchos, estante plegable de 23.6 pulgadas, organizador de toallas de lavabo para montaje en pared, acabado gris moderno",https://www.amazon.com.mx/dp/B09WMM7T27,https://www.amazon.com/dp/B09WMM7T27,SRKSB LLC,
,B09MC5F6CG,5,Hogar y Cocina,disponible,disponible,,,2025-10-19T03:27:27.957Z,2025-10-21T03:57:55.301Z,2025-10-28T05:44:36.994Z,4080.85,109.99,"$4,134.48","Bonverre Espejo de baño de 24 x 36 pulgadas negro para pared, espejo de pared rectangular con marco de aluminio, espejo de cambiador rectangular, espejo grande moderno para recámara, sala de estar,",https://www.amazon.com.mx/dp/B09MC5F6CG,https://www.amazon.com/dp/B09MC5F6CG,SEVENTEEN DESIGN,Bonverre lighting
,B09F6F3BLZ,5,Hogar y Cocina,disponible,disponible,,,2025-10-19T03:27:27.957Z,2025-10-21T03:58:03.030Z,2025-10-28T05:44:44.434Z,816.23,22.99,$812.89,"Juego de cortinas de ducha de cuatro piezas con alfombra (crisantemo salvaje), incluye juegos de cortinas de ducha de alta calidad, alfombrilla antideslizante para el suelo, alfombrilla de inodoro en forma de U y alfombrilla ovalada para tapa de inodoro",https://www.amazon.com.mx/dp/B09F6F3BLZ,https://www.amazon.com/dp/B09F6F3BLZ,SRKSB LLC,LJjituan
,B09419NK7J,5,Hogar y Cocina,disponible,no disponible,,,2025-10-19T03:27:27.958Z,2025-10-21T03:58:10.503Z,2025-10-28T05:44:52.431Z,1424.44,,"$1,429.92","SISEHO - Drenaje cuadrado invisible de 6 pulgadas, color negro, brida de drenaje de piso de baño, azulejos de inserción para filtrar en la cubierta de la placa de rejilla, dibujo de alambre de acero",https://www.amazon.com.mx/dp/B09419NK7J,https://www.amazon.com/dp/B09419NK7J,SRKSB LLC,
,B0B14YBRG8,5,Hogar y Cocina,disponible,disponible,,,2025-10-19T03:27:27.958Z,2025-10-21T03:58:18.047Z,2025-10-28T05:45:01.078Z,917.76,24.99,$945.92,"Paquete de 2 toallas de playa ligeras de microfibra de 71 x 32 pulgadas, extra grandes, delgadas, sin arena, viajes, piscina, yoga, gimnasio, camping, para adultos, mujeres y hombres, accesorios esenciales de playa, regalo de vacaciones",https://www.amazon.com.mx/dp/B0B14YBRG8,https://www.amazon.com/dp/B0B14YBRG8,SRKSB LLC,QinQinamu
,B07Q3254K4,5,Hogar y Cocina,disponible,disponible,,,2025-10-19T03:27:27.958Z,2025-10-21T03:58:26.127Z,2025-10-28T05:45:09.042Z,1064.95,28.99,"$1,063.57","CLOWOOD Toalla de playa de felpa de gran tamaño, de algodón, 40 x 72 pulgadas, toalla de natación grande de rayas azules",https://www.amazon.com.mx/dp/B07Q3254K4,https://www.amazon.com/dp/B07Q3254K4,Boon Shopping,Clowood Direct
,B09D7Q5CD6,5,Hogar y Cocina,disponible,disponible,,,2025-10-19T03:27:27.958Z,2025-10-21T03:58:33.533Z,2025-10-28T05:45:17.795Z,1220.78,33.99,"$1,269.69","MAGGEA - Juego de toallas de baño extragrandes de 4 piezas (35 x 70 pulgadas), ultra suaves, de gran tamaño, juego de toallas de baño para baño, hotel, muy absorbentes, de secado rápido, para adultos",https://www.amazon.com.mx/dp/B09D7Q5CD6,https://www.amazon.com/dp/B09D7Q5CD6,SRKSB LLC,MAGGEA
,B091MRLMWG,5,Hogar y Cocina,disponible,disponible,,,2025-10-19T03:27:27.958Z,2025-10-21T03:58:42.282Z,2025-10-28T05:45:26.640Z,919.94,21.98,$925.08,"EORUBE Toalla de playa redonda de gran tamaño, manta de hojas de palma, estilo tropical, estampado de flamenco, toalla redonda grande de microfibra, toalla de picnic, toalla súper absorbente de agua, 59 pulgadas de diámetro (flamenco, estilo 1)",https://www.amazon.com.mx/dp/B091MRLMWG,https://www.amazon.com/dp/B091MRLMWG,SRKSB LLC,EORUBE
,B08HWBGD81,5,Hogar y Cocina,disponible,disponible,,,2025-10-19T03:27:27.958Z,2025-10-21T03:58:49.281Z,2025-10-28T05:45:35.684Z,1261.36,35.99,"$1,095.35","Conbo Mio Cortina de ducha de tela sin gancho estilo hotel con forro a presión para baño, lavable a máquina, repelente al agua (cuadros beige, 71 pulgadas de ancho x 84 pulgadas de alto)",https://www.amazon.com.mx/dp/B08HWBGD81,https://www.amazon.com/dp/B08HWBGD81,SRKSB LLC,Conbo Mio
,B0941WCKCN,5,Hogar y Cocina,disponible,no disponible,,,2025-10-19T03:27:27.959Z,2025-10-21T03:58:57.360Z,2025-10-28T05:45:43.130Z,1310,,"$1,310.00","SISEHO - Desagüe de suelo de ducha cuadrada invisible de 15,2 cm, color dorado, desmontable para baño, azulejos enchufables para filtro de cubierta de rejilla, acero inoxidable SUS304 (níquel cepillado)",https://www.amazon.com.mx/dp/B0941WCKCN,https://www.amazon.com/dp/B0941WCKCN,SRKSB LLC,
,B08J3W6D7R,5,Hogar y Cocina,disponible,no disponible,,,2025-10-19T03:27:27.959Z,2025-10-21T03:59:04.277Z,2025-10-28T05:45:50.617Z,957.29,,$951.61,"Lunavita - Juego de accesorios de baño de 3 piezas, incluye dispensador de jabón, vaso de baño, jabonera, accesorios para encimera decorativa y regalo de inauguración de la casa, madera de acacia",https://www.amazon.com.mx/dp/B08J3W6D7R,https://www.amazon.com/dp/B08J3W6D7R,SRKSB LLC,
,B086QTKDB6,5,Hogar y Cocina,disponible,disponible,,,2025-10-19T03:27:27.959Z,2025-10-21T03:59:12.825Z,2025-10-28T05:45:57.520Z,716.47,15.99,$764.51,"BabyElf Dispensador de jabón – Dispensador de jabón de espuma transparente para baño y cocina, dispensador de jabón acuoso, dispensador de jabón de manos de vidrio (15,2 oz/450 ml)",https://www.amazon.com.mx/dp/B086QTKDB6,https://www.amazon.com/dp/B086QTKDB6,SRKSB LLC,BABYELF
,B01N9905UU,5,Hogar y Cocina,disponible,disponible,,,2025-10-19T03:27:27.959Z,2025-10-21T03:59:20.398Z,2025-10-28T05:46:05.990Z,508.78,7.99,$508.78,"Genteele - Alfombra de baño de espuma viscoelástica, antideslizante, muy acogedora, de terciopelo, Gris, 17"" X 24"", 1",https://www.amazon.com.mx/dp/B01N9905UU,https://www.amazon.com/dp/B01N9905UU,SRKSB LLC,GenteeleDirectUSA
,B089B449X9,5,Hogar y Cocina,disponible,disponible,,,2025-10-19T03:27:27.959Z,2025-10-21T03:59:28.947Z,2025-10-28T05:46:14.791Z,896.06,19.99,"$1,030.94","Juego de cabezal de ducha de mano de alta presión de 6 modos, recomendado por Consumer Reports HOPOPRO Cabezal de ducha de mano de alto flujo con soporte de manguera de 59 pulgadas, arandelas de goma",https://www.amazon.com.mx/dp/B089B449X9,https://www.amazon.com/dp/B089B449X9,SELLTECH,HOPOPRO
,B09CHB7VBP,5,Hogar y Cocina,disponible,disponible,,,2025-10-19T03:27:42.230Z,2025-10-21T03:59:37.551Z,2025-10-28T05:46:22.863Z,527.38,7.97,$514.43,"QYHNYJF - Tapón para fregadero de baño con captador de pelo, colador universal desplegable para orificios de drenaje de fregadero estándar de 1.1-1.5 pulgadas, tapón de lavabo antiobstrucciones, color",https://www.amazon.com.mx/dp/B09CHB7VBP,https://www.amazon.com/dp/B09CHB7VBP,Boon Shopping,QYHNYJF US
,B07Y2F3MJD,5,Hogar y Cocina,disponible,disponible,,,2025-10-19T03:27:42.231Z,2025-10-21T03:59:45.731Z,2025-10-28T05:46:30.096Z,602.26,8.95,$604.79,"Dripsie - Colador flexible para fregadero de cocina, resistente a los obstrucciones, colador universal de drenaje de fregadero de cocina, colador de drenaje de goma duradero, 3.25"", Cool Gray 11",https://www.amazon.com.mx/dp/B07Y2F3MJD,https://www.amazon.com/dp/B07Y2F3MJD,SRKSB LLC,Dripsie
,B07VH5RC3S,5,Hogar y Cocina,disponible,disponible,,,2025-10-19T03:27:42.231Z,2025-10-21T03:59:52.678Z,2025-10-28T05:46:37.175Z,1024.09,23.59,"$1,030.00","QILERR - Varillas de tensión de 28 a 48 pulgadas, paquete de 6 varillas de tensión de resorte ajustables para ventanas, clóset, cocina, baño, color blanco",https://www.amazon.com.mx/dp/B07VH5RC3S,https://www.amazon.com/dp/B07VH5RC3S,SRKSB LLC,QILERR
,B07VG2DJ7H,5,Hogar y Cocina,disponible,disponible,,,2025-10-19T03:27:42.231Z,2025-10-21T04:00:07.503Z,2025-10-28T05:46:50.815Z,868.49,23.99,$873.72,"QILERR Varillas de tensión de 28 a 48 pulgadas, paquete de barras de tensión de cortina de resorte, varillas de extensión de cortina ajustables para ventanas, cocina, baño, clóset, etc., 6pcs-black-28-48inch/70-120cm",https://www.amazon.com.mx/dp/B07VG2DJ7H,https://www.amazon.com/dp/B07VG2DJ7H,SRKSB LLC,QILERR
,B086QQT7W9,5,Hogar y Cocina,disponible,disponible,,,2025-10-19T03:27:42.231Z,2025-10-21T04:00:14.910Z,2025-10-28T05:46:58.317Z,685.58,16.99,$689.35,"BabyElf - Dispensador de jabón de manos para baño, dispensador de jabón de acero inoxidable para cocina, botella de bomba líquida decorativa a prueba de óxido para jabón de platos, champú, loción 7 onzas/200 ml",https://www.amazon.com.mx/dp/B086QQT7W9,https://www.amazon.com/dp/B086QQT7W9,SRKSB LLC,BABYELF
,B07CQQPJ3L,5,Hogar y Cocina,disponible,disponible,,,2025-10-19T03:27:42.232Z,2025-10-21T04:00:22.265Z,2025-10-28T05:47:05.930Z,658.96,19.99,$761.93,"Mebien touche de la nature Toalla de playa turca de alta calidad (35 x 67 pulgadas), adecuada para adultos y niños, 100% algodón natural, de secado rápido y sin arena, color aguamarina vibrante",https://www.amazon.com.mx/dp/B07CQQPJ3L,https://www.amazon.com/dp/B07CQQPJ3L,AMO LA PELLE,MEBIEN. TOUCHE DE LA NATURE...
,B0746J9HLW,5,Hogar y Cocina,disponible,disponible,,,2025-10-19T03:27:42.232Z,2025-10-21T04:00:30.700Z,2025-10-28T05:47:12.930Z,1060.12,28.99,"$1,027.33","YOO.MEE ADA - Cabezal de ducha de mano para ancianos, parkinson, artritis o personas discapacitadas en acción, con dispositivo de conmutación de silicona extra grande, con mango de agarre cómodo, con ajuste de pausa con agua suave, cromado",https://www.amazon.com.mx/dp/B0746J9HLW,https://www.amazon.com/dp/B0746J9HLW,SRKSB LLC,YOO.MEE Home Plus
,B0D5Y249JR,5,Hogar y Cocina,disponible,disponible,,,2025-10-19T03:27:42.232Z,2025-10-21T04:00:38.512Z,2025-10-28T05:47:19.815Z,611.42,13.99,$616.33,"ORTIGIA Cortina de ducha festoneada verde, lindas cortinas de ducha bohemias de color verde salvia, estética moderna, impermeable, tela shabby chic, decoración de baño con gancho de metal, 36 pulgadas",https://www.amazon.com.mx/dp/B0D5Y249JR,https://www.amazon.com/dp/B0D5Y249JR,SRKSB LLC,ORTIGIA Decor
,B07CQRB5GV,5,Hogar y Cocina,disponible,disponible,,,2025-10-19T03:27:42.232Z,2025-10-21T04:00:45.822Z,2025-10-28T05:47:27.009Z,676.82,16.14,$676.82,"Mebien touche de la nature - Toalla de playa turca de alta calidad, 35 x 67 pulgadas, toalla ligera de secado rápido, 100% algodón sin arena, color gris oscuro clásico",https://www.amazon.com.mx/dp/B07CQRB5GV,https://www.amazon.com/dp/B07CQRB5GV,SRKSB LLC,MEBIEN. TOUCHE DE LA NATURE...
,B0CWQTF32Y,5,Hogar y Cocina,disponible,disponible,,,2025-10-19T03:27:42.232Z,2025-10-21T04:00:52.628Z,2025-10-28T05:47:34.648Z,615.31,12.99,$615.31,"PANDUDU - Toalla de playa turca de gran tamaño, 39 x 71 pulgadas, toallas de playa de secado rápido sin arena para adultos, toalla de viaje extragrande, manta de baño ligera de algodón, accesorios de",https://www.amazon.com.mx/dp/B0CWQTF32Y,https://www.amazon.com/dp/B0CWQTF32Y,SRKSB LLC,Cabanana Direct
,B09MDCZ7DQ,5,Hogar y Cocina,disponible,no disponible,,,2025-10-19T03:27:42.232Z,2025-10-21T04:01:00.208Z,2025-10-28T05:47:42.940Z,543.08,,$543.08,"SUNYUROU Funda para caja de pañuelos negra, cuadrada, soporte para pañuelos de baño",https://www.amazon.com.mx/dp/B09MDCZ7DQ,https://www.amazon.com/dp/B09MDCZ7DQ,SRKSB LLC,
,B0BFDQQLJ9,5,Hogar y Cocina,disponible,disponible,,,2025-10-19T03:27:42.233Z,2025-10-21T04:01:07.735Z,2025-10-28T05:47:51.506Z,1041.9,23.99,"$1,041.90","BEQHAUSE - Alfombrillas de baño antideslizantes, suaves, gruesas, para baño, absorbentes, lavables a máquina, de secado rápido, para ducha y tina, 20 x 32 pulgadas, color azul marino",https://www.amazon.com.mx/dp/B0BFDQQLJ9,https://www.amazon.com/dp/B0BFDQQLJ9,SRKSB LLC,BEQHAUSE
,B09ZKX33QV,5,Hogar y Cocina,disponible,no disponible,,,2025-10-19T03:27:42.233Z,2025-10-21T04:01:14.686Z,2025-10-28T05:47:59.234Z,791.27,,$785.40,"Dispensador de sábanas para secadora con tapa con bisagras, verde",https://www.amazon.com.mx/dp/B09ZKX33QV,https://www.amazon.com/dp/B09ZKX33QV,Boon Shopping,
,B09M6RYWLY,5,Hogar y Cocina,disponible,disponible,,,2025-10-19T03:27:59.367Z,2025-10-21T04:01:22.407Z,2025-10-28T05:48:06.061Z,1410.92,37.98,"$1,375.29","OLESTER Toallas de baño de microfibra, 4 colores para ducha, piscina, playa, baño, súper absorbentes, suaves, de secado rápido, ligeras, de felpa (4 toallas de baño de 27.5 x 55 pulgadas y 4 toallas de mano de 14 x 30 pulgadas",https://www.amazon.com.mx/dp/B09M6RYWLY,https://www.amazon.com/dp/B09M6RYWLY,SRKSB LLC,OLESTER
,B09FP3W5F2,5,Hogar y Cocina,disponible,disponible,,,2025-10-19T03:27:59.368Z,2025-10-21T04:01:28.861Z,2025-10-28T05:48:13.757Z,1212.11,29.99,"$1,219.98",BOTEMY B9178 Drenaje para fregadero de cocina (negro),https://www.amazon.com.mx/dp/B09FP3W5F2,https://www.amazon.com/dp/B09FP3W5F2,SRKSB LLC,BOTEMY Shop
,B08D8WKPHZ,5,Hogar y Cocina,disponible,disponible,,,2025-10-19T03:27:59.368Z,2025-10-21T04:01:36.691Z,2025-10-28T05:48:22.025Z,1154.01,33.99,"$1,053.16","Conbo Mio - Cortina de ducha con forro a presión, lavable a máquina, a prueba de óxido para baño con anillos flexibles de alta calidad (hoja, 180 x 188 cm)",https://www.amazon.com.mx/dp/B08D8WKPHZ,https://www.amazon.com/dp/B08D8WKPHZ,SRKSB LLC,Conbo Mio
,B09JG9B348,5,Hogar y Cocina,disponible,disponible,,,2025-10-19T03:27:59.368Z,2025-10-21T04:01:44.100Z,2025-10-28T05:48:30.019Z,780.95,15.99,$780.95,"Yizheer - Juego de cortinas de ducha geométricas azules con alfombras antideslizantes, cubierta de tapa de inodoro y alfombrilla de baño, accesorios de baño negros y grises, juego de decoración",https://www.amazon.com.mx/dp/B09JG9B348,https://www.amazon.com/dp/B09JG9B348,Boon Shopping,Yizheer
,B085SVWJ2P,5,Hogar y Cocina,disponible,disponible,,,2025-10-19T03:27:59.368Z,2025-10-21T04:01:50.611Z,2025-10-28T05:48:39.134Z,713.76,14.99,$713.76,"Aothpher Portarrollos de papel higiénico de latón para baño montado en la pared, acabado de latón antiguo",https://www.amazon.com.mx/dp/B085SVWJ2P,https://www.amazon.com/dp/B085SVWJ2P,SRKSB LLC,Aothpher Home
,B07XG572CY,5,Hogar y Cocina,disponible,no disponible,,,2025-10-19T03:27:59.368Z,2025-10-21T04:01:58.576Z,2025-10-28T05:48:47.627Z,793.75,,$783.54,"Varillas magnéticas ajustables para electrodomésticos de metal, puertas, ventanas, 2 a 16 pulgadas, paquete de 2 toallas de inodoro de fácil instalación, multiútil (negro, paquete de 2)",https://www.amazon.com.mx/dp/B07XG572CY,https://www.amazon.com/dp/B07XG572CY,SRKSB LLC,
,B07XC4MS1T,5,Hogar y Cocina,disponible,no disponible,,,2025-10-19T03:27:59.368Z,2025-10-21T04:02:06.792Z,2025-10-28T05:48:54.863Z,621,,$835.45,"Varillas magnéticas ajustables para electrodomésticos de metal, puertas, ventanas, 16 a 28 pulgadas, paquete de 2, barra de toalla de inodoro de fácil instalación, multiusos (champaña, 2 unidades)",https://www.amazon.com.mx/dp/B07XC4MS1T,https://www.amazon.com/dp/B07XC4MS1T,Amazon Estados Unidos,
,B07W6T73TT,5,Hogar y Cocina,disponible,disponible,,,2025-10-19T03:27:59.368Z,2025-10-21T04:02:15.351Z,2025-10-28T05:49:02.212Z,839.32,20.99,$839.24,"Aothpher - Toallero Ovalado de latón para baño, diseño contemporáneo, Contemporáneo, Antique Brass Style 3, Mediano",https://www.amazon.com.mx/dp/B07W6T73TT,https://www.amazon.com/dp/B07W6T73TT,SRKSB LLC,Aothpher Home
,B07NH8FYL2,5,Hogar y Cocina,disponible,disponible,,,2025-10-19T03:27:59.368Z,2025-10-21T04:02:23.942Z,2025-10-28T05:49:10.666Z,1243.58,35.97,"$1,243.58","Formosa Design Hardware Classic - Juego de Accesorios de baño (4 Piezas), Polished Chrome",https://www.amazon.com.mx/dp/B07NH8FYL2,https://www.amazon.com/dp/B07NH8FYL2,SRKSB LLC,Formosa Design Hardware
,B07QK9YKZJ,5,Hogar y Cocina,disponible,no disponible,,,2025-10-19T03:27:59.369Z,2025-10-21T04:02:32.713Z,2025-10-28T05:49:18.816Z,964.63,,$981.81,"Varillas de cortina de resorte de tensión de 43 a 83 pulgadas, color negro, extensibles sin perforación, acero inoxidable, para baño, ducha o ventanas (43-83 pulgadas)",https://www.amazon.com.mx/dp/B07QK9YKZJ,https://www.amazon.com/dp/B07QK9YKZJ,SRKSB LLC,
,B0B7MQNQX5,5,Hogar y Cocina,disponible,disponible,,,2025-10-19T03:27:59.369Z,2025-10-21T04:02:48.432Z,2025-10-28T05:49:33.168Z,387,13.99,$615.11,"GKLEASG - Cortina de ducha de mediados de siglo, minimalista arco abstracto simple sol moderno, lavable a máquina, impermeable para decoración de baño, tina con 12 ganchos, 72 x 72 pulgadas",https://www.amazon.com.mx/dp/B0B7MQNQX5,https://www.amazon.com/dp/B0B7MQNQX5,mei10 mingfengshanxia,GKLEASG
,B0DQ549CMX,5,Hogar y Cocina,disponible,no disponible,,,2025-10-19T03:28:13.162Z,2025-10-21T04:02:57.173Z,2025-10-28T05:49:42.367Z,2218.4,,"$2,218.40","Royal Luxe - Edredón de Fibra de plumón de Ganso – Relleno de edredón tamaño King, 100% algodón, edredón Ligero para Todas Las Estaciones, Ultra Suave y Lujosa, Ropa de Cama de Hotel, 104 x 88",https://www.amazon.com.mx/dp/B0DQ549CMX,https://www.amazon.com/dp/B0DQ549CMX,SRKSB LLC,
,B07LGDGGPW,5,Hogar y Cocina,disponible,disponible,,,2025-10-19T03:28:13.162Z,2025-10-21T04:03:06.334Z,2025-10-28T05:49:51.271Z,520.15,9.99,$541.35,"Eleclassi - Juego de 6 manteles desechables de plástico de primera calidad, 54 x 108 pulgadas, mantel de plástico desechable para mesa rectangular de hasta 8 pies, mantel rectangular rojo",https://www.amazon.com.mx/dp/B07LGDGGPW,https://www.amazon.com/dp/B07LGDGGPW,GUTTIDIRECT,TRUSTAO
,B08D22MDMQ,5,Hogar y Cocina,disponible,disponible,,,2025-10-19T03:28:13.163Z,2025-10-21T04:03:13.679Z,2025-10-28T05:49:59.728Z,1889.26,58,"$1,905.53","Cotton Loft Life 100% algodón Suave Almohadilla de colchón con Relleno ecológico de Fibra de maíz Natural y poliéster Reciclado, Doble, Color Blanco",https://www.amazon.com.mx/dp/B08D22MDMQ,https://www.amazon.com/dp/B08D22MDMQ,AREDIANT,
,B0CLH9SSN6,5,Hogar y Cocina,disponible,no disponible,,,2025-10-19T03:28:13.163Z,2025-10-21T04:03:20.782Z,2025-10-28T05:50:07.621Z,2006.29,,"$2,010.43","Sunny Side Up - Juego de edredón tamaño individual de 5 piezas para niños de Spidey & His Amazing Friends de Marvel, incluye edredón, sábanas y funda de almohada, de microfibra supersuave",https://www.amazon.com.mx/dp/B0CLH9SSN6,https://www.amazon.com/dp/B0CLH9SSN6,IY Network,
,B0DR7XJZT1,5,Hogar y Cocina,disponible,disponible,,,2025-10-19T03:28:13.163Z,2025-10-21T04:03:29.756Z,2025-10-28T05:50:16.312Z,511.55,9.99,$520.70,"DeZerlor - Juego de 12 servilletas de gasa de melocotón para otoño, Acción de Gracias, juego de 12 servilletas de mesa a granel de 21 x 21 pulgadas para Acción de Gracias, boda, despedida de soltera",https://www.amazon.com.mx/dp/B0DR7XJZT1,https://www.amazon.com/dp/B0DR7XJZT1,SRKSB LLC,DELYER
,B0DG89S6LZ,5,Hogar y Cocina,disponible,no disponible,,,2025-10-19T03:28:13.163Z,2025-10-21T04:03:37.939Z,2025-10-28T05:50:24.589Z,1954.81,,"$1,890.32","HIMEET - Juego de edredón Queen, 7 piezas, edredón, 223 x 223 cm, diseño de pliegues en pinza, juego de cama Queen con sábanas, almohadas y fundas, gris oscuro",https://www.amazon.com.mx/dp/B0DG89S6LZ,https://www.amazon.com/dp/B0DG89S6LZ,SRKSB LLC,
,B09PTR9XVD,5,Hogar y Cocina,disponible,disponible,,,2025-10-19T03:28:13.163Z,2025-10-21T04:03:46.219Z,2025-10-28T05:50:31.742Z,1838.35,61.95,"$2,151.02","BEDIFANY - Juego de edredón de algodón tamaño king, diseño bohemio, ligero, tamaño king, color naranja, reversible, juego de edredón grande, para decoración de cama para todas las estaciones, 3 piezas",https://www.amazon.com.mx/dp/B09PTR9XVD,https://www.amazon.com/dp/B09PTR9XVD,Amazon Estados Unidos,BEDIFANY
,B0CW65MKTK,5,Hogar y Cocina,disponible,disponible,,,2025-10-19T03:28:13.163Z,2025-10-21T04:03:53.876Z,2025-10-28T05:50:39.899Z,961.59,29.99,$961.59,"TEXAS LINEN CO. Sábanas de algodón 100% orgánico, tamaño matrimonial, juego de 4 sábanas de percal de algodón orgánico (marfil), sábanas suaves, refrescantes y transpirables, ropa de cama de hotel de",https://www.amazon.com.mx/dp/B0CW65MKTK,https://www.amazon.com/dp/B0CW65MKTK,SRKSB LLC,Texas Linen Co.
,B09ZY7M8P5,5,Hogar y Cocina,disponible,disponible,,,2025-10-19T03:28:13.164Z,2025-10-21T04:04:01.934Z,2025-10-28T05:50:48.774Z,1401.37,44.99,"$1,422.26","WARMDERN - Juego de funda de edredón estilo bohemio, color blanco, tamaño King, funda de edredón con textura a rayas, 3 piezas, funda de edredón de microfibra lavada, ultra suave, con cierre (tamaño King, color blanco).",https://www.amazon.com.mx/dp/B09ZY7M8P5,https://www.amazon.com/dp/B09ZY7M8P5,SRKSB LLC,WARMDERN shop
,B0DG5L5HL6,5,Hogar y Cocina,disponible,no disponible,,,2025-10-19T03:28:13.164Z,2025-10-21T04:04:11.221Z,2025-10-28T05:50:57.244Z,2204.43,,"$2,190.39","HIMEET - Juego de edredón California King, 7 piezas, edredón, 264 x 244 cm, diseño de pliegues en pinza, juego de cama completo con sábanas, almohadas y fundas, blanco",https://www.amazon.com.mx/dp/B0DG5L5HL6,https://www.amazon.com/dp/B0DG5L5HL6,SRKSB LLC,
,B0DGX8RQ5L,5,Hogar y Cocina,disponible,disponible,,,2025-10-19T03:28:13.164Z,2025-10-21T04:04:18.997Z,2025-10-28T05:51:06.027Z,1533.47,33.99,"$1,533.47","Anysay - Manta de piel sintética de 1000 g/m², suave y esponjosa manta de felpa acogedora cálida y gruesa, manta de conejo mullida para sala de estar, recámara, 50 x 60 pulgadas, color gris teñido",https://www.amazon.com.mx/dp/B0DGX8RQ5L,https://www.amazon.com/dp/B0DGX8RQ5L,SRKSB LLC,Anysay Life
,B0C4DW39BB,5,Hogar y Cocina,disponible,disponible,,,2025-10-19T03:28:13.164Z,2025-10-21T04:04:26.631Z,2025-10-28T05:51:15.160Z,1459.16,37.98,"$1,445.24","Zzlpp - Juego de edredón tamaño individual, 5 piezas, cama de sirsaca gris oscuro en bolsa, todas las estaciones, 1 edredón, 1 funda de almohada, 1 funda de cojín, 1 sábana encimera, 1 sábana bajera",https://www.amazon.com.mx/dp/B0C4DW39BB,https://www.amazon.com/dp/B0C4DW39BB,SRKSB LLC,tianhuihome
,B0BGSBFX75,5,Hogar y Cocina,disponible,disponible,,,2025-10-19T03:28:13.164Z,2025-10-21T04:04:34.563Z,2025-10-28T05:51:23.113Z,1212.78,31.73,"$1,241.34","Mybedsoul - Juego de colcha, estilo bohemio, floral, a cuadros, para todas las estaciones, de retazos, reversible, de 3 piezas, tamaño King, 90 x 104 pulgadas, color azul",https://www.amazon.com.mx/dp/B0BGSBFX75,https://www.amazon.com/dp/B0BGSBFX75,SRKSB LLC,Shaozhi US
,B0CLM6FCT6,5,Hogar y Cocina,disponible,no disponible,,,2025-10-19T03:28:13.164Z,2025-10-21T04:04:42.164Z,2025-10-28T05:51:30.557Z,1089.43,,"$1,084.09","Sunny Side Up - Juego de sábanas matrimoniales de princesas Disney, ropa de cama de 4 piezas para niños, con funda de almohada, sábanas de microfibra súper suave de arco iris, Moana, Bella y Rapunzel",https://www.amazon.com.mx/dp/B0CLM6FCT6,https://www.amazon.com/dp/B0CLM6FCT6,SRKSB LLC,
,B0C1GQ54QD,5,Hogar y Cocina,disponible,disponible,,,2025-10-19T03:28:13.164Z,2025-10-21T04:04:50.149Z,2025-10-28T05:51:39.379Z,1245.59,39.98,"$1,230.58","Almohada refrescante para alivio del dolor para apoyo del cuello, almohada cervical ajustable para dormir acogedor, almohadas ergonómicas inodoras de espuma viscoelástica de contorno ortopédico para",https://www.amazon.com.mx/dp/B0C1GQ54QD,https://www.amazon.com/dp/B0C1GQ54QD,SRKSB LLC,ZHANGGUOTAI TRADE
,B0D135HC7K,5,Hogar y Cocina,disponible,no disponible,,,2025-10-19T03:28:13.165Z,2025-10-21T04:04:59.385Z,2025-10-28T05:51:46.931Z,1642.1,,"$1,697.70","Juego de funda de edredón de piel sintética esponjosa, tamaño Queen, juego de ropa de cama de felpa ultra suave, 3 piezas (1 funda de edredón esponjosa + 2 fundas de almohada de piel sintética",https://www.amazon.com.mx/dp/B0D135HC7K,https://www.amazon.com/dp/B0D135HC7K,SRKSB LLC,
,B0BNJDPSF7,5,Hogar y Cocina,disponible,disponible,,,2025-10-19T03:28:26.167Z,2025-10-21T04:05:08.043Z,2025-10-28T05:51:54.202Z,1332.25,34.98,"$1,332.25","HYMOKEGE - Juego de edredón de sirsaca tamaño Queen para una cama de lujo durante todas las estaciones del año, 7 piezas:edredón, sábanas, fundas de almohada y fundas decorativas",https://www.amazon.com.mx/dp/B0BNJDPSF7,https://www.amazon.com/dp/B0BNJDPSF7,SRKSB LLC,HYMOKEGE
,B094JBNMH2,5,Hogar y Cocina,disponible,no disponible,,,2025-10-19T03:28:26.168Z,2025-10-21T04:05:17.831Z,2025-10-28T05:52:02.572Z,1194.03,,"$1,201.45","Decroom Juego de edredón Ligero Individual con 1 Funda de Almohada, Juego de 2 Piezas, edredón Alternativo Acolchado para Todas Las Estaciones, Rojo/Negro, tamaño Individual/Individual XL",https://www.amazon.com.mx/dp/B094JBNMH2,https://www.amazon.com/dp/B094JBNMH2,SRKSB LLC,
,B08JZ39LSP,5,Hogar y Cocina,disponible,no disponible,,,2025-10-19T03:28:26.168Z,2025-10-21T04:05:25.452Z,2025-10-28T05:52:11.092Z,1467.35,,"$1,467.35","Decroom - Juego de edredón ligero de 3 piezas con 2 fundas de almohada, edredón de relleno alternativo acolchado para todas las estaciones, tamaño King, púrpura",https://www.amazon.com.mx/dp/B08JZ39LSP,https://www.amazon.com/dp/B08JZ39LSP,SRKSB LLC,
,B0BQ3HYFYV,5,Hogar y Cocina,disponible,no disponible,,,2025-10-19T03:28:26.168Z,2025-10-21T04:05:41.777Z,2025-10-28T19:49:35.015Z,1517.38,,"$1,526.47","Juego de edredón de atrapasueños, tamaño matrimonial, juego de edredón de galaxia estrellada, estilo tribal, juego de ropa de cama de 3 piezas para niños, jóvenes, decoración del hogar, fantasía exótica, mandala, 2 fundas de almohada",https://www.amazon.com.mx/dp/B0BQ3HYFYV,https://www.amazon.com/dp/B0BQ3HYFYV,SRKSB LLC,
,B0CMTTCWNR,5,Hogar y Cocina,disponible,disponible,,,2025-10-19T03:28:26.168Z,2025-10-21T04:05:52.561Z,2025-10-28T19:49:46.632Z,908.86,22.99,$918.68,"Puncuntex - Manta de franela decorativa de 60 x 80 pulgadas, color rosa claro, de 60 x 80 pulgadas, muy suave, acogedora manta para sofá, silla, ligera",https://www.amazon.com.mx/dp/B0CMTTCWNR,https://www.amazon.com/dp/B0CMTTCWNR,Rendomin,PIANCO HOME
,B0CHMF9XKM,5,Hogar y Cocina,disponible,disponible,,,2025-10-19T03:28:26.168Z,2025-10-21T04:06:01.474Z,2025-10-28T19:49:54.250Z,1425.98,44.99,"$1,425.98","Keketoarrange - Camino de mesa de gasa rústica de color marfil, 120 pulgadas, 10 pies, para bodas, baby shower, cumpleaños, compromiso, jardín, fiesta al aire última intervensión, decoraciones",https://www.amazon.com.mx/dp/B0CHMF9XKM,https://www.amazon.com/dp/B0CHMF9XKM,SRKSB LLC,KEKETO ARRANGE
,B07WJKV35Q,5,Hogar y Cocina,disponible,no disponible,,,2025-10-19T03:28:26.168Z,2025-10-21T04:06:09.167Z,2025-10-28T19:50:03.078Z,1545.6,,"$1,739.09","Uhamho Juego de funda de edredón de terciopelo esponjoso de piel sintética, con fundas de almohada, ultrasuave y abrigada (tamaño queen, color gris claro)",https://www.amazon.com.mx/dp/B07WJKV35Q,https://www.amazon.com/dp/B07WJKV35Q,Lilybekind,
,B0D1CMND3V,5,Hogar y Cocina,disponible,disponible,,,2025-10-19T03:28:26.169Z,2025-10-21T04:06:17.188Z,2025-10-28T19:50:11.022Z,1955.61,42.99,"$1,981.09","BDEAR - Funda de edredón de lino gris de gran tamaño, tamaño queen, 98 pulgadas de largo x 98 pulgadas de ancho, funda de edredón 100% algodón lavado con cierre de cierre y 2 fundas de almohada",https://www.amazon.com.mx/dp/B0D1CMND3V,https://www.amazon.com/dp/B0D1CMND3V,Amazon Estados Unidos,BDEAR
,B0B2WM5CJP,5,Hogar y Cocina,disponible,no disponible,,,2025-10-19T03:28:26.169Z,2025-10-21T04:06:25.653Z,2025-10-28T19:50:18.587Z,994.4,,"$1,104.27","Protector de colchón impermeable de alta calidad, tamaño queen, funda de cama transpirable de tela de aire 3D, funda de colchón de refrigeración suave, sin ruido, lavable, bolsillo de 8 a 21 pulgadas",https://www.amazon.com.mx/dp/B0B2WM5CJP,https://www.amazon.com/dp/B0B2WM5CJP,AMO LA PELLE,
,B0B97NPQJZ,5,Hogar y Cocina,disponible,disponible,,,2025-10-19T03:28:26.169Z,2025-10-21T04:06:33.159Z,2025-10-28T19:50:26.331Z,613,22.99,$835.45,"Regalos únicos de golf para hombres y mujeres, divertidos regalos de golf, los mejores regalos de golf de Navidad, regalo de golf para él, cosas de golf, ideas de regalos de golf para hombres, manta",https://www.amazon.com.mx/dp/B0B97NPQJZ,https://www.amazon.com/dp/B0B97NPQJZ,cheng 1,Punofell
,B0CJ398Z1P,5,Hogar y Cocina,disponible,no disponible,,,2025-10-19T03:28:26.169Z,2025-10-21T04:06:40.442Z,2025-10-28T19:50:34.590Z,999.63,,"$1,006.33","VXDRZGT - Regalos para estudiantes de medicina - Regalos para estudiantes de medicina - Mejor regalo para estudiantes de medicina escolar para mujeres, manta de 60 x 50 pulgadas",https://www.amazon.com.mx/dp/B0CJ398Z1P,https://www.amazon.com/dp/B0CJ398Z1P,SRKSB LLC,
,B09M3HQPD3,5,Hogar y Cocina,disponible,no disponible,,,2025-10-19T03:28:26.169Z,2025-10-21T04:06:48.435Z,2025-10-28T19:50:42.526Z,2553.41,,"$2,556.92","Ltinhome - Edredón de plumas y plumón, relleno de edredón orgánico, 100 % algodón, plumas de origen ético y relleno de plumón, cálido para todas las estaciones, tamaño King, blanco",https://www.amazon.com.mx/dp/B09M3HQPD3,https://www.amazon.com/dp/B09M3HQPD3,SRKSB LLC,
,B0D9BGHX7W,5,Hogar y Cocina,disponible,disponible,,,2025-10-19T03:28:26.169Z,2025-10-21T04:06:55.584Z,2025-10-28T19:50:49.657Z,1437.88,39.99,"$1,419.79","Unisakey Reading Pillows for Sitting in Bed Adult, Back Support Pillow for Bed Sitting Up, Bed Rest Pillow with Arms & Pillow & 3Pockets & Removable Washable Cover, Pink",https://www.amazon.com.mx/dp/B0D9BGHX7W,https://www.amazon.com/dp/B0D9BGHX7W,SRKSB LLC,yujin-official
,B0CGNBG9NV,5,Hogar y Cocina,disponible,disponible,,,2025-10-19T03:28:26.170Z,2025-10-21T04:07:03.055Z,2025-10-28T19:50:56.991Z,2275.93,59.99,"$2,275.93","FILUXE - Cojines para muebles de patio con corbatas, 80 x 26 x 3 pulgadas, impermeable, resistente a la decoloración y de repuesto para todo tipo de clima, color caqui",https://www.amazon.com.mx/dp/B0CGNBG9NV,https://www.amazon.com/dp/B0CGNBG9NV,SRKSB LLC,FILUXE
,B09192PGT2,5,Hogar y Cocina,disponible,disponible,,,2025-10-19T03:28:26.170Z,2025-10-21T04:07:11.846Z,2025-10-28T19:51:04.619Z,1295.32,32.99,"$1,300.20","Oubonun - Almohada corporal completa de 21 x 54 pulgadas, color blanco para adultos, almohada grande y larga para dormir, almohadas de apoyo corporal firme de alta calidad para personas que duermen de",https://www.amazon.com.mx/dp/B09192PGT2,https://www.amazon.com/dp/B09192PGT2,SRKSB LLC,Oubonun Home
,B08R3643VL,5,Hogar y Cocina,disponible,no disponible,,,2025-10-19T03:28:26.170Z,2025-10-21T04:07:19.761Z,2025-10-28T19:51:12.015Z,2014.64,,"$2,032.73","Alfombrilla antifatiga para silla de oficina con soporte acolchado de espuma, cobertura de suelo de 50 x 36 pulgadas, resistente a los arañazos y superficie antideslizante impermeable, cojín ergonómico suave",https://www.amazon.com.mx/dp/B08R3643VL,https://www.amazon.com/dp/B08R3643VL,SRKSB LLC,
,B0D6VLK478,5,Hogar y Cocina,disponible,disponible,,,2025-10-19T03:28:37.015Z,2025-10-21T04:07:27.067Z,2025-10-28T19:51:19.267Z,646.53,12.79,$622.96,"ZWJD - Juego de 2 fundas de almohada rojas de 18 x 18 pulgadas, fundas de almohada de felpilla roja con diseño elegante, almohadas decorativas suaves y lujosas para sofá, cama y decoración del hogar",https://www.amazon.com.mx/dp/B0D6VLK478,https://www.amazon.com/dp/B0D6VLK478,SRKSB LLC,ZWJD
,B092Z1K76R,5,Hogar y Cocina,disponible,disponible,,,2025-10-19T03:28:37.016Z,2025-10-21T04:07:34.655Z,2025-10-28T19:51:27.473Z,1392.55,33.99,"$1,416.18","BEITE FIBER King Size Quilt Set -3 Pieces (1 Quilt, 2 Pillow Shams) with Pillow Shams Boho Set , All Season Lightweight Bedspreads Coverlets Bedding Set",https://www.amazon.com.mx/dp/B092Z1K76R,https://www.amazon.com/dp/B092Z1K76R,SRKSB LLC,BEITE FIBER
,B0D5V8J3QP,5,Hogar y Cocina,disponible,disponible,,,2025-10-19T03:28:37.016Z,2025-10-21T04:07:42.238Z,2025-10-28T19:51:35.860Z,1372.07,39.99,"$1,381.01","RESTIRY - Almohada de látex 100 % natural, almohada de látex suave con funda de almohada cómoda, ayuda a aliviar la presión, almohada cervical de látex inodoro ergonómica para dormir lateral, espalda",https://www.amazon.com.mx/dp/B0D5V8J3QP,https://www.amazon.com/dp/B0D5V8J3QP,SRKSB LLC,Bnsn
,B0BJQT1SVG,5,Hogar y Cocina,disponible,disponible,,,2025-10-19T03:28:37.016Z,2025-10-21T04:07:48.942Z,2025-10-28T19:51:45.017Z,1321.61,35.99,"$1,307.94","TAIMIT Full Size Comforter Set - 7 Pieces, Bed in a Bag Bedding Sets with All Season Soft Quilted Warm Fluffy Reversible Comforter,Flat Sheet,Fitted Sheet,2 Pillow Shams,2 Pillowcases,Dark Grey",https://www.amazon.com.mx/dp/B0BJQT1SVG,https://www.amazon.com/dp/B0BJQT1SVG,SRKSB LLC,TAIMIT
,B07TYJJBL3,5,Hogar y Cocina,disponible,no disponible,,,2025-10-19T03:28:37.016Z,2025-10-21T04:07:57.769Z,2025-10-28T19:51:52.944Z,554.18,,$559.42,"AK TRADING CO. Mantel Rectangular de poliéster de 60 x 102 Pulgadas, Fabricado en Estados Unidos, Resistente a Las Arrugas, ignífugo, Duradero, Mantel de Banquete, Mantel de Boda, Color Turquesa",https://www.amazon.com.mx/dp/B07TYJJBL3,https://www.amazon.com/dp/B07TYJJBL3,Amazon Estados Unidos,
,B08BC35673,5,Hogar y Cocina,disponible,disponible,,,2025-10-19T03:28:37.016Z,2025-10-21T04:08:06.355Z,2025-10-28T19:52:01.800Z,1521.2,50.99,"$1,569.31","YuHeGuoJi - Juego de funda de edredón geométrica tamaño Queen, 100% algodón, 3 piezas, 1 funda de edredón con estampado de cara abstracta negra y blanca con lazos de cierre, 2 fundas de almohada,",https://www.amazon.com.mx/dp/B08BC35673,https://www.amazon.com/dp/B08BC35673,SRKSB LLC,YuHeGuoJi
,B07VGHNJ7Z,5,Hogar y Cocina,disponible,no disponible,,,2025-10-19T03:28:37.017Z,2025-10-21T04:08:14.001Z,2025-10-28T19:52:09.773Z,1014.97,,"$1,020.44","JA COMFORTS - Insertos de almohada de plumas de ganso de alta calidad de 12 x 20 pulgadas (juego de 2) - Relleno de plumón de 5% de plumón, alto peso de relleno, funda de algodón de 250 hilos,",https://www.amazon.com.mx/dp/B07VGHNJ7Z,https://www.amazon.com/dp/B07VGHNJ7Z,SRKSB LLC,
,B0B2WJJNF5,5,Hogar y Cocina,disponible,disponible,,,2025-10-19T03:28:37.017Z,2025-10-21T04:08:28.845Z,2025-10-28T19:52:24.388Z,499.8,12.99,$590.75,"Manta con estampado de vaca café para niños, manta pequeña de franela suave de felpa para cuna, carriola, viajes, decoración de ropa de cama de forro polar cálido para todas las estaciones, lindos",https://www.amazon.com.mx/dp/B0B2WJJNF5,https://www.amazon.com/dp/B0B2WJJNF5,Amazon Estados Unidos,Senai Electronic
,B0DLB2S4J5,5,Hogar y Cocina,disponible,disponible,,,2025-10-19T03:28:37.017Z,2025-10-21T04:08:36.960Z,2025-10-28T19:52:32.858Z,1017.29,27.99,"$1,065.95","Primlect - Tapete de siesta para niños pequeños con almohada y manta, 55 x 35 pulgadas para niños, tapete enrollable para la siesta para preescolar, saco de dormir suave para niños y niñas, jardín de",https://www.amazon.com.mx/dp/B0DLB2S4J5,https://www.amazon.com/dp/B0DLB2S4J5,SRKSB LLC,Primlect
,B0CGL17F18,5,Hogar y Cocina,disponible,no disponible,,,2025-10-19T03:28:37.018Z,2025-10-21T04:08:45.165Z,2025-10-28T19:52:39.959Z,1714.61,,"$1,717.53","Paquete de 24 caminos de mesa de gasa de 10 pies, camino de mesa de tela de gasa largo rústico bohemio semitransparente para boda, despedida de soltera, fiesta, decoración de banquete (24 unidades,",https://www.amazon.com.mx/dp/B0CGL17F18,https://www.amazon.com/dp/B0CGL17F18,SRKSB LLC,
,B09V54PHWV,5,Hogar y Cocina,disponible,no disponible,,,2025-10-19T03:28:37.018Z,2025-10-21T04:08:53.627Z,2025-10-28T19:52:49.041Z,2054.61,,"$2,054.61","Mantel de plástico transparente de 56 x 84 pulgadas, para mesa de comedor, impermeable, computadora de oficina, 1,5 mm de grosor, protector de muebles de madera para mesita de noche, mesa auxiliar de",https://www.amazon.com.mx/dp/B09V54PHWV,https://www.amazon.com/dp/B09V54PHWV,SRKSB LLC,
,B0CJ4K23LZ,5,Hogar y Cocina,disponible,disponible,,,2025-10-19T03:28:37.018Z,2025-10-21T04:09:01.570Z,2025-10-28T19:52:57.439Z,660.65,13.99,$647.10,"FuWeave - 6 toallas de cocina de Navidad, color rojo, verde, blanco, para platos de Navidad, 15.8 x 23.6 pulgadas, decorativas, con diseño de estrellas, para árbol de Navidad, para decoración de",https://www.amazon.com.mx/dp/B0CJ4K23LZ,https://www.amazon.com/dp/B0CJ4K23LZ,SRKSB LLC,ChongYann
,B08K88SCQQ,5,Hogar y Cocina,disponible,disponible,,,2025-10-19T03:28:37.018Z,2025-10-21T04:09:09.883Z,2025-10-28T19:53:05.004Z,1008,29.97,"$1,103.81","Zomaple - Almohada para mastectomía de color lavanda, protección suave en el pecho para dormir y paseos en coche, reduce la presión en las axilas, amortigua los golpes diarios y te ayuda a relajarte",https://www.amazon.com.mx/dp/B08K88SCQQ,https://www.amazon.com/dp/B08K88SCQQ,Myy-Mexico,Maple Essentials
,B0D1KMS92Z,5,Hogar y Cocina,disponible,disponible,,,2025-10-19T03:28:37.018Z,2025-10-21T04:09:17.163Z,2025-10-28T19:53:12.161Z,974.91,25.19,$981.27,"Jenria - Regalos de unicornio para niñas, regalos de cumpleaños de Navidad para niñas de 3, 4, 5, 6, 7, 8, 9, 10 años, ideas de regalo de cumpleaños, juguetes de unicornio, hija, sobrina, nieta",https://www.amazon.com.mx/dp/B0D1KMS92Z,https://www.amazon.com/dp/B0D1KMS92Z,SRKSB LLC,Jenria
,B0CF18KLKC,5,Hogar y Cocina,disponible,no disponible,,,2025-10-19T03:28:37.018Z,2025-10-21T04:09:25.345Z,2025-10-28T19:53:21.297Z,1478.34,,"$1,478.34","DREAMNINE - Manta decorativa de piel sintética suave y esponjosa para sofá, 50 x 60 pulgadas, manta reversible de microfibra de felpa gruesa y cálida para invierno, bonita manta peluda de burbujas",https://www.amazon.com.mx/dp/B0CF18KLKC,https://www.amazon.com/dp/B0CF18KLKC,SRKSB LLC,
,B0DC6VZQN8,5,Hogar y Cocina,disponible,no disponible,,,2025-10-19T03:28:51.076Z,2025-10-21T04:09:33.335Z,2025-10-28T19:53:29.815Z,779.9,,$779.90,"Funda de almohada de leopardo para el cuerpo, safari, diseño de piel de guepardo, estampado de leopardo, funda de almohada larga con cierre, fundas de almohada decorativas suaves y grandes, fundas de",https://www.amazon.com.mx/dp/B0DC6VZQN8,https://www.amazon.com/dp/B0DC6VZQN8,SRKSB LLC,
,B07JDSZ88Y,5,Hogar y Cocina,disponible,no disponible,,,2025-10-19T03:28:51.076Z,2025-10-21T04:09:41.456Z,2025-10-28T19:53:37.227Z,976.23,,$972.88,"NATUMAX Knee Pillow for Side Sleepers - Sciatica Pain Relief - Back Pain, Leg Pain, Pregnancy, Hip and Joint Pain Memory Foam Leg Pillow + Free Sleep Mask and Ear Plugs",https://www.amazon.com.mx/dp/B07JDSZ88Y,https://www.amazon.com/dp/B07JDSZ88Y,SRKSB LLC,
,B09H2HY1V5,5,Hogar y Cocina,disponible,disponible,,,2025-10-19T03:28:51.076Z,2025-10-21T04:09:49.695Z,2025-10-28T19:53:44.458Z,1362.2,46.99,"$1,332.99","OSBED - Juego de 2 almohadas de espuma viscoelástica triturada ajustables para enfriamiento, reguladoras de temperatura para todos los durmientes con ventilación de doble flujo de aire (CertiPUR-US e",https://www.amazon.com.mx/dp/B09H2HY1V5,https://www.amazon.com/dp/B09H2HY1V5,SRKSB LLC,OSBED
,B0DGQ89XYX,5,Hogar y Cocina,disponible,disponible,,,2025-10-19T03:28:51.076Z,2025-10-21T04:09:57.454Z,2025-10-28T19:53:53.336Z,1642.6,53.99,"$1,642.60","YuHeGuoJi - Juego de funda de edredón de 100 % algodón, 3 piezas, 1 funda de edredón botánica vintage con lazos de cremallera, 2 fundas de almohada estéticas con dobladillo floral suave",https://www.amazon.com.mx/dp/B0DGQ89XYX,https://www.amazon.com/dp/B0DGQ89XYX,SRKSB LLC,YuHeGuoJi
,B09MS6G4YD,5,Hogar y Cocina,disponible,disponible,,,2025-10-19T03:28:51.076Z,2025-10-21T04:10:06.033Z,2025-10-28T19:54:00.813Z,1904.2,46.59,"$1,958.80","Cottonblue Manta de forro polar con peso de 15 libras, tamaño Queen para adultos, manta suave y acogedora con peso de 60 x 80 pulgadas, regalo ideal para Navidad, cumpleaños, Año Nuevo",https://www.amazon.com.mx/dp/B09MS6G4YD,https://www.amazon.com/dp/B09MS6G4YD,SRKSB LLC,Cottonblue
,B0D97MYYKH,5,Hogar y Cocina,disponible,disponible,,,2025-10-19T03:28:51.077Z,2025-10-21T04:10:13.246Z,2025-10-28T19:54:08.749Z,,7.69,$860.82,"NatNarr - Paquete de 12 manteles de plástico verde salvia, 54 x 108 pulgadas, mantel desechable para mesa rectangular, impermeable, color verde salvia, para baby shower, novia, boda, decoración de",https://www.amazon.com.mx/dp/B0D97MYYKH,https://www.amazon.com/dp/B0D97MYYKH,Marca: NatNarr,NatNarr
,B0D6V8JYY8,5,Hogar y Cocina,disponible,disponible,,,2025-10-19T03:28:51.077Z,2025-10-21T04:10:19.283Z,2025-10-28T19:54:16.667Z,615.31,12.99,$616.45,"Svalor - Soporte de acrílico dorado para letreros de 4 x 6 pulgadas, paquete de 6 marcos de números de mesa de boda, marco de fotos dorado de doble cara, soportes transparentes para menú para",https://www.amazon.com.mx/dp/B0D6V8JYY8,https://www.amazon.com/dp/B0D6V8JYY8,CATTLESIV,JIANGLI-Direct
,B0D3KSBSGG,5,Hogar y Cocina,disponible,disponible,,,2025-10-19T03:28:51.077Z,2025-10-21T04:10:26.050Z,2025-10-28T19:54:23.486Z,799.7,19.99,$799.70,"SteadStyle - Regalos para abuela de nietos, manta de regalo de abuela, regalo de cumpleaños de abuela, regalo de Nana para el día de la madre, manta para niñera, Nan, 60 x 50 pulgadas (gris)",https://www.amazon.com.mx/dp/B0D3KSBSGG,https://www.amazon.com/dp/B0D3KSBSGG,SRKSB LLC,LDFYUS
,B0D3D3FXCQ,5,Hogar y Cocina,disponible,disponible,,,2025-10-19T03:28:51.077Z,2025-10-21T04:10:33.703Z,2025-10-28T19:54:32.193Z,893.74,19.99,$893.74,"SteadStyle - Regalos para abuelo de nietos, manta de regalo de cumpleaños de abuelo, regalos para Navidad, día del padre, Acción de Gracias, manta esponjosa para papá, 60 x 50 pulgadas (beige)",https://www.amazon.com.mx/dp/B0D3D3FXCQ,https://www.amazon.com/dp/B0D3D3FXCQ,SRKSB LLC,LDFYUS
,B0D8V21NZ8,5,Hogar y Cocina,disponible,disponible,,,2025-10-19T03:28:51.077Z,2025-10-21T04:10:42.298Z,2025-10-28T19:54:40.429Z,682.29,16.99,$682.29,"Mantel rectangular de Navidad – Mantel rectangular de poliéster de feliz Navidad, cubierta de mesa de comedor para fiesta, verde, rojo, búfalo a cuadros, árbol, gnomo, camión rojo, tela, decoración",https://www.amazon.com.mx/dp/B0D8V21NZ8,https://www.amazon.com/dp/B0D8V21NZ8,SRKSB LLC,Everglit
,B07JYXXS6B,5,Hogar y Cocina,disponible,disponible,,,2025-10-19T03:28:51.077Z,2025-10-21T04:10:50.169Z,2025-10-28T19:54:48.327Z,1287.87,29.99,"$1,278.71","LOHASCASA Mantel rectangular de vinilo lavable, a prueba de aceite, impermeable, PVC, resistente, largo, mantel de hule turquesa, pájaro, 54 x 108 pulgadas",https://www.amazon.com.mx/dp/B07JYXXS6B,https://www.amazon.com/dp/B07JYXXS6B,Amazon Estados Unidos,Lohascasa Store
,B07W77GFHM,5,Hogar y Cocina,disponible,disponible,,,2025-10-19T03:28:51.078Z,2025-10-21T04:10:58.801Z,2025-10-28T19:54:56.979Z,1854.72,58.89,"$1,866.67","LBRO2M Manta de Cama de Forro Polar, tamaño Individual, súper Suave, Afelpada, cálida, acogedora, de Microfibra, esponjosa, Manta de Terciopelo Doble Reversible, Manta de Lujo, Azul Marino",https://www.amazon.com.mx/dp/B07W77GFHM,https://www.amazon.com/dp/B07W77GFHM,SRKSB LLC,Lara lin
,B07RZJTJG7,5,Hogar y Cocina,disponible,disponible,,,2025-10-19T03:28:51.078Z,2025-10-21T04:11:15.505Z,2025-10-28T19:55:12.068Z,1479.01,50.99,"$1,569.31","YuHeGuoJi - Juego de funda de edredón de 100 % algodón, 3 piezas, 1 funda de edredón botánica azul marino con lazos de cierre, 2 fundas de almohada hawaianas, tropicales, blancas, con patrón de hojas",https://www.amazon.com.mx/dp/B07RZJTJG7,https://www.amazon.com/dp/B07RZJTJG7,SRKSB LLC,YuHeGuoJi
,B07RYL1FDR,5,Hogar y Cocina,disponible,disponible,,,2025-10-19T03:28:51.078Z,2025-10-21T04:11:23.777Z,2025-10-28T19:55:20.172Z,1761.51,56.99,"$1,767.64","YuHeGuoJi - Juego de funda de edredón tamaño King, 100% algodón, 3 piezas, 1 bonita funda de edredón azul con lazos con cierre y lazos con cierre, 2 fundas de almohada, moderno juego de ropa de cama",https://www.amazon.com.mx/dp/B07RYL1FDR,https://www.amazon.com/dp/B07RYL1FDR,SRKSB LLC,YuHeGuoJi
,B0D1BMFFXL,5,Hogar y Cocina,disponible,disponible,,,2025-10-19T03:28:51.078Z,2025-10-21T04:11:32.473Z,2025-10-28T19:55:27.932Z,1226.34,35.88,"$1,226.34","ROUMEA - Juego de 2 almohadas de cama con refuerzo para dormir, 2 unidades, calidad de hotel de lujo, almohada King de apoyo con alternativa de plumón suave para personas que duermen en el lado del",https://www.amazon.com.mx/dp/B0D1BMFFXL,https://www.amazon.com/dp/B0D1BMFFXL,SRKSB LLC,ROUMEASHOP
,B09H7NTVR9,5,Hogar y Cocina,disponible,disponible,,,2025-10-19T03:28:51.078Z,2025-10-21T04:11:39.770Z,2025-10-28T19:55:35.386Z,2565.97,69.92,"$2,575.76","SakuraHome Vabches Cubrecolchón tamaño King, viscosa transpirable extra gruesa y fresca, hecha de colchón de bambú, funda de colchón suave y acolchada con relleno alternativo de plumón de 1000 g/m² (8-21 pulgadas de",https://www.amazon.com.mx/dp/B09H7NTVR9,https://www.amazon.com/dp/B09H7NTVR9,SRKSB LLC,SakuraHome
,B075FBC5F5,5,Hogar y Cocina,disponible,disponible,,,2025-10-19T03:29:03.764Z,2025-10-21T04:11:47.943Z,2025-10-28T19:55:43.134Z,845.64,20.95,$806.15,"Falda de cama plisada de tres lados de algodón egipcio elástico de 43 cm para cama individual/matrimonial, queen, king size (Queen, blanco)",https://www.amazon.com.mx/dp/B075FBC5F5,https://www.amazon.com/dp/B075FBC5F5,SRKSB LLC,St.Miai
,B092V556ZJ,5,Hogar y Cocina,disponible,disponible,,,2025-10-19T03:29:03.764Z,2025-10-21T04:11:56.501Z,2025-10-28T19:55:51.068Z,682.43,20.38,$908.28,"FAVRIQ 12 x 20 Throw Pillows with 100% Cotton Cover(Set of 2), Lumbar Support Pillow for Chair Bed Car,Rectangle Square Interior Sofa Pillow Inserts, Decorative Pillow Insert Pair, White Couch Pillow",https://www.amazon.com.mx/dp/B092V556ZJ,https://www.amazon.com/dp/B092V556ZJ,Amazon Estados Unidos,Atarashi Home
,B08BBXLZ43,5,Hogar y Cocina,disponible,disponible,,,2025-10-19T03:29:03.764Z,2025-10-21T04:12:04.691Z,2025-10-28T19:55:58.711Z,1771.03,56.99,"$1,791.40","YuHeGuoJi Juego de funda de edredón bohemio de cachemira, 100% algodón, tamaño King, juego de ropa de cama de 3 piezas, 1 funda de edredón naranja y azul, estampado vibrante bohemio con lazos de cremallera, 2 fundas de almohada, calidad de hotel, suave y transpirable",https://www.amazon.com.mx/dp/B08BBXLZ43,https://www.amazon.com/dp/B08BBXLZ43,Amazon Estados Unidos,YuHeGuoJi
,B0DCTXL7JR,5,Hogar y Cocina,disponible,disponible,,,2025-10-19T03:29:03.764Z,2025-10-21T04:12:13.024Z,2025-10-28T19:56:07.703Z,1662.34,44.93,"$1,640.92","KELTARO - Cubrecolchón de tamaño Queen, viscosa hecha de bambú extra grueso de 8 a 21 pulgadas de profundidad, relleno de plumón suave, protector de colchón alternativo (60 x 80 pulgadas)",https://www.amazon.com.mx/dp/B0DCTXL7JR,https://www.amazon.com/dp/B0DCTXL7JR,SRKSB LLC,KELTARO
,B088ZT5Q84,5,Hogar y Cocina,disponible,disponible,,,2025-10-19T03:29:03.764Z,2025-10-21T04:12:20.781Z,2025-10-28T19:56:16.052Z,1740.9,47.48,"$1,893.33","Manta con Peso de 150 x 203 cm, Franela de algodón Azul tamaño Queen y Manta de Sherpa cálida y Pesada, Ideal para calmar y Relajarse, Manta Suave y esponjosa, Color Gris",https://www.amazon.com.mx/dp/B088ZT5Q84,https://www.amazon.com/dp/B088ZT5Q84,Amazon Estados Unidos,Cottonblue
,B0CW9NPGWK,5,Hogar y Cocina,disponible,disponible,,,2025-10-19T03:29:03.764Z,2025-10-21T04:12:28.154Z,2025-10-28T19:56:24.145Z,789.64,19.99,$778.57,"BaubleDazz - Manta cálida con mensajes diarios de afirmaciones de mamá, regalos posparto para mamá, artículos esenciales para mamá, regalos para mamá nueva (50 x 60 pulgadas)",https://www.amazon.com.mx/dp/B0CW9NPGWK,https://www.amazon.com/dp/B0CW9NPGWK,SRKSB LLC,LDGQUS
,B0D1KMCYMK,5,Hogar y Cocina,disponible,disponible,,,2025-10-19T03:29:03.764Z,2025-10-21T04:12:35.664Z,2025-10-28T19:56:31.638Z,660.86,15.99,$658.89,"uinwk Western Howdy - Fundas de almohada de 18 x 18 pulgadas, fundas de almohada This Ain't My First Rodeo Farmhouse Southwestern Ranch para sofá cama, decoración de habitación de casa occidental, 2",https://www.amazon.com.mx/dp/B0D1KMCYMK,https://www.amazon.com/dp/B0D1KMCYMK,SRKSB LLC,IAIHDUAU
,B0CYSLGM8M,5,Hogar y Cocina,disponible,disponible,,,2025-10-19T03:29:03.764Z,2025-10-21T04:12:44.413Z,2025-10-28T19:56:39.557Z,914.68,19.99,$890.23,Craftique - Manta Cobija Frazada de regalo para enfermeras,https://www.amazon.com.mx/dp/B0CYSLGM8M,https://www.amazon.com/dp/B0CYSLGM8M,SRKSB LLC,CSZSSM
,B0CWN58QKC,5,Hogar y Cocina,disponible,disponible,,,2025-10-19T03:29:03.765Z,2025-10-21T04:12:53.013Z,2025-10-28T19:56:47.216Z,2450.69,89.99,"$3,016.85","CALEN Colchón Inflable de Aire de 18 pulgadas, café oscuro",https://www.amazon.com.mx/dp/B0CWN58QKC,https://www.amazon.com/dp/B0CWN58QKC,Amazon Estados Unidos,SHINY_Calen
,B0CS3GZYMK,5,Hogar y Cocina,disponible,disponible,,,2025-10-19T03:29:03.765Z,2025-10-21T04:13:00.526Z,2025-10-28T19:56:55.031Z,769.22,18.99,$769.22,"Fairpeak - Protectores de almohada con cierre, tamaño estándar, paquete de 4 fundas de almohada, protectores con cierre, calidad de hotel de lujo, 20 x 26 pulgadas, FP-S4P",https://www.amazon.com.mx/dp/B0CS3GZYMK,https://www.amazon.com/dp/B0CS3GZYMK,SRKSB LLC,NewFutureStore
,B0CS33H72D,5,Hogar y Cocina,disponible,disponible,,,2025-10-19T03:29:03.765Z,2025-10-21T04:13:08.539Z,2025-10-28T19:57:03.107Z,2774.36,95,"$2,772.85","DOZ - Juego de sábanas 100 % viscosa derivada de bambú, cultivada orgánicamente, suave y mantequilla, sábanas refrescantes, alta GSM, bolsillos profundos, 4 piezas, 2 fundas de almohada, 1 sábana",https://www.amazon.com.mx/dp/B0CS33H72D,https://www.amazon.com/dp/B0CS33H72D,SRKSB LLC,DOZ by SIJO
,B0B9K9SWXM,5,Hogar y Cocina,disponible,no disponible,,,2025-10-19T03:29:03.765Z,2025-10-21T04:13:16.831Z,2025-10-28T19:57:11.539Z,2004.87,,"$2,044.52","Leffora Protector de mesa esmerilado de 42 x 72 pulgadas, cubierta de computadora de plástico de 1.5 mm de grosor, protector de mantel esmerilado, protector de mesa, cubierta de mesa de vinilo esmerilado para mesa de conferencias, mesa de comedor",https://www.amazon.com.mx/dp/B0B9K9SWXM,https://www.amazon.com/dp/B0B9K9SWXM,SRKSB LLC,
,B0CN6J4CYC,5,Hogar y Cocina,disponible,disponible,,,2025-10-19T03:29:03.765Z,2025-10-21T04:13:24.225Z,2025-10-28T19:57:19.185Z,967.05,22.99,$967.05,"Manta de regalo de pickleball, regalos de San Valentín para mujeres/hombres, regalos para amantes del pickleball, regalo divertido de pickleball, accesorios de pickleball, regalos para mujeres, manta",https://www.amazon.com.mx/dp/B0CN6J4CYC,https://www.amazon.com/dp/B0CN6J4CYC,SRKSB LLC,Punofell
,B0CDLSTJBS,5,Hogar y Cocina,disponible,disponible,,,2025-10-19T03:29:03.767Z,2025-10-21T04:13:31.845Z,2025-10-28T19:57:26.912Z,1090.92,29.99,"$1,092.80","UNIKOME - Juego de edredón tamaño Queen, color blanco, ligero y suave, juego de cama alternativo para otoño, todas las estaciones, juego de cama de 3 piezas plisadas con edredón, 2 fundas de almohada",https://www.amazon.com.mx/dp/B0CDLSTJBS,https://www.amazon.com/dp/B0CDLSTJBS,SRKSB LLC,puredown
,B0B5KTHYF6,5,Hogar y Cocina,disponible,disponible,,,2025-10-19T03:29:03.767Z,2025-10-21T04:13:38.779Z,2025-10-28T19:57:35.560Z,770.8,17.6,$742.73,"HOMERRY - Mantel de Navidad de Invierno para mesas rectangulares de 60 x 120 Mes, diseño de Copo de Nieve, Tela Impermeable, para Fiestas, Cocina, Rojo, 60 x 120 Pulgadas",https://www.amazon.com.mx/dp/B0B5KTHYF6,https://www.amazon.com/dp/B0B5KTHYF6,SRKSB LLC,
,B01KGRHC0C,5,Hogar y Cocina,disponible,disponible,,,2025-10-19T03:29:15.950Z,2025-10-21T04:13:45.413Z,2025-10-28T19:57:42.855Z,1126.9,29.99,"$1,130.90","Birdy Boutique - Poncho de asiento de coche para niños, seguro de usar sobre los cinturones de seguridad, manta reversible cálida y acogedora, fácil de poner y no afecta el rendimiento del asiento de coche, flechas grises, talla única, Gris, Talla única",https://www.amazon.com.mx/dp/B01KGRHC0C,https://www.amazon.com/dp/B01KGRHC0C,SRKSB LLC,Birdy Boutique LLC
,B0CG5PMX5K,5,Hogar y Cocina,disponible,disponible,,,2025-10-19T03:29:15.951Z,2025-10-21T04:14:01.191Z,2025-10-28T19:57:58.150Z,2085.87,58.99,"$2,085.87","TWINRUN - Juego de ropa de cama tamaño king, colcha bohemia, tamaño king, juego de cama reversible a rayas, colcha suave, tamaño King, juego de cama ligero adecuado para todas las estaciones (3 piezas, verde salvia)",https://www.amazon.com.mx/dp/B0CG5PMX5K,https://www.amazon.com/dp/B0CG5PMX5K,SRKSB LLC,TWINHORSE
,B0CHFFMDGW,5,Hogar y Cocina,disponible,disponible,,,2025-10-19T03:29:15.951Z,2025-10-21T04:14:10.057Z,2025-10-28T19:58:05.254Z,417.25,5.99,$412.11,"Svalor - Felpudo de papel de varios tamaños, 4.5 pulgadas, 6.5 pulgadas y 8.5 pulgadas para alimentos, 99 piezas desechables de encaje para mesas, manteles individuales de papel redondos a granel para",https://www.amazon.com.mx/dp/B0CHFFMDGW,https://www.amazon.com/dp/B0CHFFMDGW,SRKSB LLC,JIANGLI-Direct
,B0C3VLPPJB,5,Hogar y Cocina,disponible,disponible,,,2025-10-19T03:29:15.951Z,2025-10-21T04:14:17.311Z,2025-10-28T19:58:13.164Z,560.13,11.99,$560.13,"IBEQUEM - Protector de mantel de plástico transparente, impermeable, de vinilo de plástico PVC con borde de encaje blanco, funda de mesa a prueba de derrames de aceite para mesas de comedor, cocina y",https://www.amazon.com.mx/dp/B0C3VLPPJB,https://www.amazon.com/dp/B0C3VLPPJB,SRKSB LLC,IBEQUEMS
,B0D4JXGG7L,5,Hogar y Cocina,disponible,disponible,,,2025-10-19T03:29:15.951Z,2025-10-21T04:14:24.805Z,2025-10-28T19:58:20.858Z,1716.43,44.99,"$1,723.17","Almohada de embarazo, de cuerpo completo, de 57 pulgadas, con funda extraíble lavable, soporte para dormir para piernas, espalda, cuello, hombros, caderas, vientre para mujeres embarazadas, nailon,",https://www.amazon.com.mx/dp/B0D4JXGG7L,https://www.amazon.com/dp/B0D4JXGG7L,Binglu,Alloperas
,B0C8MVYP3J,5,Hogar y Cocina,disponible,disponible,,,2025-10-19T03:29:15.951Z,2025-10-21T04:14:32.283Z,2025-10-28T19:58:28.872Z,1734.07,58.99,"$1,735.13","YuHeGuoJi - Juego de funda de edredón botánico de color blanco, tamaño King, 100% algodón egipcio, 3 piezas, 1 funda de edredón floral rojo con lazos de cierre, 2 fundas de almohada, juego de cama",https://www.amazon.com.mx/dp/B0C8MVYP3J,https://www.amazon.com/dp/B0C8MVYP3J,SRKSB LLC,YuHeGuoJi
,B0C52TPC3V,5,Hogar y Cocina,disponible,disponible,,,2025-10-19T03:29:15.951Z,2025-10-21T04:14:39.706Z,2025-10-28T19:58:36.517Z,1183.7,30.99,"$1,228.69","ZWJD - Juego de 2 fundas de almohada de 22 x 22 pulgadas, fundas de almohada a rayas con flecos, almohadas decorativas de algodón, fundas de cojín cuadradas para sofá, cama, sala de estar, decoración de granja",https://www.amazon.com.mx/dp/B0C52TPC3V,https://www.amazon.com/dp/B0C52TPC3V,SRKSB LLC,ZWJD
,B0C1YPN5YS,5,Hogar y Cocina,disponible,no disponible,,,2025-10-19T03:29:15.951Z,2025-10-21T04:14:46.617Z,2025-10-28T19:58:44.968Z,1312.16,,"$1,312.16","MEELUS - Edredón ligero con relleno de edredón blanco, manta transpirable para todas las estaciones, tamaño King, suave y cálida microfibra de invierno, refrescante de verano, con pestañas en las",https://www.amazon.com.mx/dp/B0C1YPN5YS,https://www.amazon.com/dp/B0C1YPN5YS,SRKSB LLC,
,B07QW351BN,5,Hogar y Cocina,disponible,disponible,,,2025-10-19T03:29:15.952Z,2025-10-21T04:14:55.554Z,2025-10-28T19:58:53.280Z,1504.83,45.88,"$1,516.66","NECAUX - Protector de Mesa de PVC Transparente de 1,5 mm de Grosor, de 36 x 66 Pulgadas, para Mesa de Comedor, Rectangular, Vinilo Antideslizante, para Mesa de Centro/computadora",https://www.amazon.com.mx/dp/B07QW351BN,https://www.amazon.com/dp/B07QW351BN,SRKSB LLC,NECAUX
,B0BKK81PPD,5,Hogar y Cocina,disponible,disponible,,,2025-10-19T03:29:15.952Z,2025-10-21T04:15:04.156Z,2025-10-28T19:59:00.462Z,1122.99,28.94,"$1,250.16",BOSANE Premium 100% Impermeable Cal King Protector De Colchón Transpirable Refrigeración Bambú 3D Air Tela Funda De Colchón Suave Suave Hipoalergénico Silencioso Funda De Cama Lavable A Máquina Sin Vi,https://www.amazon.com.mx/dp/B0BKK81PPD,https://www.amazon.com/dp/B0BKK81PPD,SRKSB LLC,Beautyue
,B0BVM6XFMY,5,Hogar y Cocina,disponible,disponible,,,2025-10-19T03:29:15.952Z,2025-10-21T04:15:11.886Z,2025-10-28T19:59:09.000Z,2956.72,99.99,"$2,953.73","NEXHOME PRO - Edredón refrescante de bambú natural orgánico, gris oscuro de 90 pulgadas de largo x 108 pulgadas de ancho, relleno de edredón ligero alternativo de plumón fresco, edredón de verano fresco para personas que duermen calientes, 8 pestañas en las esquinas, nuevo",https://www.amazon.com.mx/dp/B0BVM6XFMY,https://www.amazon.com/dp/B0BVM6XFMY,SEONGSAN,NEXHOME-PRO
,B08D1TDYHR,5,Hogar y Cocina,disponible,disponible,,,2025-10-19T03:29:15.952Z,2025-10-21T04:15:19.991Z,2025-10-28T19:59:16.182Z,755.81,17.99,$754.43,"YCOLL Fundas de Almohada Moderna Sofá Funda de Almohada Decorativa Exterior Tela de Lino Funda de Almohada para Sofá Cama Coche (Red, 18x18,Set de 4)",https://www.amazon.com.mx/dp/B08D1TDYHR,https://www.amazon.com/dp/B08D1TDYHR,Boon Shopping,YACHUANG
,B08KD1WQ96,5,Hogar y Cocina,disponible,disponible,,,2025-10-19T03:29:15.953Z,2025-10-21T04:15:28.246Z,2025-10-28T19:59:23.037Z,603.38,9.99,$605.91,"Funda de cojín cuadrada de lino y algodón, diseño floral, color lavanda, diseño de ramo de flores vintage y retro, 45,7 x 45,7 cm",https://www.amazon.com.mx/dp/B08KD1WQ96,https://www.amazon.com/dp/B08KD1WQ96,SRKSB LLC,GoWeekend
,B0BJ6WMSM3,5,Hogar y Cocina,disponible,no disponible,,,2025-10-19T03:29:15.953Z,2025-10-21T04:15:35.404Z,2025-10-28T19:59:31.480Z,1216.44,,"$1,251.09","Regalos de cumpleaños para mujeres, regalos únicos, regalos de aniversario, regalos para mujeres, cesta de regalo de cuidado personal, agradecimiento amistad, jubilación, spa, paquete de cuidado para",https://www.amazon.com.mx/dp/B0BJ6WMSM3,https://www.amazon.com/dp/B0BJ6WMSM3,CATTLESIV,
,B0BHSNVX1G,5,Hogar y Cocina,disponible,no disponible,,,2025-10-19T03:29:15.953Z,2025-10-21T04:15:44.351Z,2025-10-28T19:59:40.423Z,625.79,,$625.79,"Almohada de hadas con alas brillantes bordadas, muñeca de hadas con bolsillo de terciopelo de vidrio, regalo para niño y niña (blanco)",https://www.amazon.com.mx/dp/B0BHSNVX1G,https://www.amazon.com/dp/B0BHSNVX1G,SRKSB LLC,
,B0B1ZLKYTG,5,Hogar y Cocina,disponible,disponible,,PRICE_AND_SELLER_NOT_FOUND,2025-10-19T03:29:15.953Z,2025-10-21T04:15:51.577Z,2025-10-28T19:59:48.444Z,1506.9,,"$1,506.90","QILLOWAY Cojines de asiento para interiores y exteriores, almohadillas para orejas cuadradas de espuma para sillas de comedor, para todo tipo de clima, 17 x 17 x 3 pulgadas, 2 unidades (azul rey)",https://www.amazon.com.mx/dp/B0B1ZLKYTG,https://www.amazon.com/dp/B0B1ZLKYTG,SRKSB LLC,
,B09ZDYTKHB,5,Hogar y Cocina,disponible,disponible,,,2025-10-19T03:29:29.362Z,2025-10-21T04:15:58.594Z,2025-10-28T19:59:56.081Z,2012.43,53.89,"$2,013.81","Cubrecolchón de bambú tamaño individual XL, almohadilla de colchón transpirable extra gruesa para cama individual, funda de colchón acolchada suave con relleno alternativo de plumón de 1000 g/m² (bolsillo de 8 a 21 pulgadas de profundidad)",https://www.amazon.com.mx/dp/B09ZDYTKHB,https://www.amazon.com/dp/B09ZDYTKHB,SRKSB LLC,SakuraHome
,B09NKPLGDS,5,Hogar y Cocina,disponible,disponible,,,2025-10-19T03:29:29.363Z,2025-10-21T04:16:06.071Z,2025-10-28T20:00:03.510Z,2158.41,64.69,"$2,158.41","VAPUTAR - Juego de ropa de cama de algodón tamaño King, juego de cama de 3 piezas, edredón bohemio tamaño king, colcha reversible ligera para recámara de granja (azul)",https://www.amazon.com.mx/dp/B09NKPLGDS,https://www.amazon.com/dp/B09NKPLGDS,SRKSB LLC,VAPUTAR
,B09LYYK852,5,Hogar y Cocina,disponible,no disponible,,,2025-10-19T03:29:29.363Z,2025-10-21T04:16:14.264Z,2025-10-28T20:00:11.963Z,1683.64,,"$1,683.64","JA COMFORTS Almohadas de plumón de ganso y plumas para dormir (2 unidades) – King (20 x 36 pulgadas), peso de relleno 40 onzas, colección de hotel, relleno de plumón de ganso, funda de algodón de 233 hilos, color blanco",https://www.amazon.com.mx/dp/B09LYYK852,https://www.amazon.com/dp/B09LYYK852,SRKSB LLC,
,B09L7SDWGC,5,Hogar y Cocina,disponible,no disponible,,,2025-10-19T03:29:29.363Z,2025-10-21T04:16:21.980Z,2025-10-28T20:00:18.999Z,895.06,,$888.01,"Foepoge, tapete de silicona extra grande de 91,9 x 61 cm, para resina epoxi, alfombrillas de silicona antiadherentes para manualidades, fundición de joyas, manteles individuales antideslizantes para mesa de cocina, resistentes al calor, color negro",https://www.amazon.com.mx/dp/B09L7SDWGC,https://www.amazon.com/dp/B09L7SDWGC,SRKSB LLC,
,B07XQBM4BX,5,Hogar y Cocina,disponible,disponible,,,2025-10-19T03:29:29.363Z,2025-10-21T04:16:29.990Z,2025-10-28T20:00:27.648Z,1884.41,53.09,"$1,884.41","TREND BEDDING MART TBM 1 sábana encimera sólida, suave al tacto, calidad de hotel, 100 % algodón egipcio perfectamente adaptada a cama tamaño grande y extragrande, 108 x 114 pulgadas, color marfil sólido de 600 hilos",https://www.amazon.com.mx/dp/B07XQBM4BX,https://www.amazon.com/dp/B07XQBM4BX,SRKSB LLC,Trend Bedding Mart
,B085Q23CVW,5,Hogar y Cocina,disponible,disponible,,,2025-10-19T03:29:29.363Z,2025-10-21T04:16:46.137Z,2025-10-28T20:00:42.590Z,677.93,15.99,$658.89,"Leeden - Funda de almohada corporal 100% algodón, 800 hilos, 21 x 54 pulgadas, suave, transpirable, larga funda de almohada, color blanco",https://www.amazon.com.mx/dp/B085Q23CVW,https://www.amazon.com/dp/B085Q23CVW,Boon Shopping,LEEDEN
,B0B5P2Y3N4,5,Hogar y Cocina,disponible,no disponible,,,2025-10-19T03:29:29.363Z,2025-10-21T04:16:53.362Z,2025-10-28T20:00:50.708Z,518.46,,$510.86,"TKS MITLAN Fundas de almohada de piel de leopardo de 12 x 20 pulgadas, oro rosa de textura elegante con efecto de aluminio, fundas de almohada decorativas de lino para sofá",https://www.amazon.com.mx/dp/B0B5P2Y3N4,https://www.amazon.com/dp/B0B5P2Y3N4,SRKSB LLC,
,B0B6F8SFHY,5,Hogar y Cocina,disponible,disponible,,,2025-10-19T03:29:29.363Z,2025-10-21T04:17:01.103Z,2025-10-28T20:00:58.926Z,599,32.99,"$1,104.27","POQUSH - Regalos para Amantes de los Libros, Mujeres Lectoras, Bibliotecarios y Club de Lectura",https://www.amazon.com.mx/dp/B0B6F8SFHY,https://www.amazon.com/dp/B0B6F8SFHY,gax95,POQUSH
,B08M8XY9TF,5,Hogar y Cocina,disponible,disponible,,,2025-10-19T03:29:29.364Z,2025-10-21T04:17:08.729Z,2025-10-28T20:01:07.270Z,2323.85,69.99,"$2,322.47","GOQO TOMO cobija eléctrica con calefacción de 50 x 60 pulgadas, con 3 niveles de calefacción para uso en el hogar, oficina, teñido anudado rosa",https://www.amazon.com.mx/dp/B08M8XY9TF,https://www.amazon.com/dp/B08M8XY9TF,Boon Shopping,GOTOQOMO
,B0B2MVBQQJ,5,Hogar y Cocina,disponible,no disponible,,,2025-10-19T03:29:29.364Z,2025-10-21T04:17:16.796Z,2025-10-28T20:01:14.686Z,2180.4,,"$2,182.16","JET'S HOME - Manta térmica Queen de 84 x 90 pulgadas, cobija eléctrica de franela certificada ETL&FCC, manta térmica lavable a máquina con 4 niveles de calefacción, 10 horas, protección contra",https://www.amazon.com.mx/dp/B0B2MVBQQJ,https://www.amazon.com/dp/B0B2MVBQQJ,SRKSB LLC,
,B07T628QMH,5,Hogar y Cocina,disponible,no disponible,,,2025-10-19T03:29:29.364Z,2025-10-21T04:17:25.257Z,2025-10-28T20:01:23.057Z,898.89,,$898.89,"NATUMAX - Almohada de rodilla para personas que duermen de lado, alivio del dolor de ciática, dolor de espalda, dolor de piernas, embarazo, dolor de cadera y articulares (almohada+máscara para dormir",https://www.amazon.com.mx/dp/B07T628QMH,https://www.amazon.com/dp/B07T628QMH,SRKSB LLC,
,B08RDMJ67B,5,Hogar y Cocina,disponible,disponible,,,2025-10-19T03:29:29.364Z,2025-10-21T04:17:33.680Z,2025-10-28T20:01:31.421Z,1307.36,36.99,"$1,307.36","Oubonun Almohadas de cuerpo acolchadas ajustables de alta calidad, almohada firme y esponjosa, almohada de felpa de calidad, almohada alternativa de plumón, almohada de apoyo para la cabeza, 21 x 54 pulgadas",https://www.amazon.com.mx/dp/B08RDMJ67B,https://www.amazon.com/dp/B08RDMJ67B,SRKSB LLC,Oubonun Home
,B08L7V36YY,5,Hogar y Cocina,disponible,disponible,,,2025-10-19T03:29:29.364Z,2025-10-21T04:17:41.587Z,2025-10-28T20:01:40.213Z,1890.9,57.48,"$2,076.57","Manta con peso de 6,8 kg, de piel sintética de sherpa de color azul algodón, reversible, de lujo, de piel larga, cálida y pesada, 152 x 203 cm, cálida manta de microfibra sherpa para sofá, cama, silla, accesorio de fotos, verde azulado",https://www.amazon.com.mx/dp/B08L7V36YY,https://www.amazon.com/dp/B08L7V36YY,Amazon Estados Unidos,Cottonblue
,B087JDXQST,5,Hogar y Cocina,disponible,disponible,,,2025-10-19T03:29:29.364Z,2025-10-21T04:17:48.264Z,2025-10-28T20:01:47.751Z,653.71,15.99,$655.66,"Leeden - Juego de 2 fundas de almohada (juego de 2), diseño 3D hecho a mano, bonita funda de cojín decorativa de Navidad para sofá, recámara, sala de estar, 20 x 20 pulgadas, color blanco",https://www.amazon.com.mx/dp/B087JDXQST,https://www.amazon.com/dp/B087JDXQST,M&H Customer Friendly Store,LEEDEN
,B0838Y9MWC,5,Hogar y Cocina,disponible,no disponible,,,2025-10-19T03:29:29.364Z,2025-10-21T04:17:54.596Z,2025-10-28T20:01:57.280Z,685.89,,$679.38,"HOMRITAR - Manta Ultra Suave con Cuadros, acogedora Manta de Franela de Lujo para Cama, sofá y sofá (50 x 60 Pulgadas, Rojo)",https://www.amazon.com.mx/dp/B0838Y9MWC,https://www.amazon.com/dp/B0838Y9MWC,SRKSB LLC,
,B09G1CXSLD,5,Hogar y Cocina,disponible,no disponible,,,2025-10-19T03:29:29.365Z,2025-10-21T04:18:03.570Z,2025-10-28T20:02:05.356Z,388.97,,$573.59,VLZUFE Cotton Linen Apron for women Cross Back Apron Pinafore Dress for Baking Cooking Gardening Work,https://www.amazon.com.mx/dp/B09G1CXSLD,https://www.amazon.com/dp/B09G1CXSLD,byusstore,
,B07MJCJ695,5,Hogar y Cocina,disponible,no disponible,,,2025-10-19T03:29:43.020Z,2025-10-21T04:18:11.084Z,2025-10-28T20:02:13.432Z,1734.16,,"$1,734.16","Cubierta protectora transparente para muebles de comedor y cocina, protector de mesa de plástico grueso y grande, para mesa de café, almohadilla de mesa, fácil de limpiar, impermeable, vinilo, rectangular, 40 x 60 pulgadas",https://www.amazon.com.mx/dp/B07MJCJ695,https://www.amazon.com/dp/B07MJCJ695,SRKSB LLC,
,B07M7TLN6G,5,Hogar y Cocina,disponible,disponible,,,2025-10-19T03:29:43.020Z,2025-10-21T04:18:19.020Z,2025-10-28T20:02:21.423Z,1267.22,36.99,"$1,294.23",(White-gray Side) - MoMA Premium Adjustable Loft Quilted Body Pillows - Hypoallergenic Fluffy Pillow - Quality Plush Pillow - Down Alternative Pillow - Head Support Pillow - 50cm x 140cm,https://www.amazon.com.mx/dp/B07M7TLN6G,https://www.amazon.com/dp/B07M7TLN6G,HNEN,Oubonun Home
,B07LBKTM65,5,Hogar y Cocina,disponible,no disponible,,,2025-10-19T03:29:43.021Z,2025-10-21T04:18:27.747Z,2025-10-28T20:02:29.045Z,1786.38,,"$1,786.38","YuHeGuoJi - Juego de funda de edredón de plumas bohemias coloridas tamaño king, 100% algodón, 3 piezas, 1 funda de edredón café con cierre de cierre, 2 fundas de almohada, clásico, azul, blanco",https://www.amazon.com.mx/dp/B07LBKTM65,https://www.amazon.com/dp/B07LBKTM65,SRKSB LLC,
,B085F43FMX,5,Hogar y Cocina,disponible,disponible,,,2025-10-19T03:29:43.021Z,2025-10-21T04:18:34.360Z,2025-10-28T20:02:37.210Z,602.63,13.99,$605.72,"Leeden - Juego de 2 fundas de almohada de 18 x 18 pulgadas, funda de cojín decorativa de granja, diseño 3D, funda de almohada hecha a mano con volantes, color blanco",https://www.amazon.com.mx/dp/B085F43FMX,https://www.amazon.com/dp/B085F43FMX,SRKSB LLC,LEEDEN
,B098QH8X1X,5,Hogar y Cocina,disponible,disponible,,,2025-10-19T03:29:43.021Z,2025-10-21T04:18:41.371Z,2025-10-28T20:02:45.488Z,1262.74,37.99,"$1,267.62","Hommi Lovvi Toldo de cama para niñas, toldo de cama con volantes para niñas, toldo colgante para cuna de guardería para niños, decoración de ensueño, toldo de princesa para niñas, tienda de campaña de tamaño extra grande, rincón de lectura con cadena de luz, color gris",https://www.amazon.com.mx/dp/B098QH8X1X,https://www.amazon.com/dp/B098QH8X1X,SRKSB LLC,JayZi Creations
,B0815WZ18R,5,Hogar y Cocina,disponible,disponible,,,2025-10-19T03:29:43.021Z,2025-10-21T04:18:50.198Z,2025-10-28T20:02:53.577Z,4451.08,159.95,"$4,418.40","Sheets & Giggles Juego de sábanas 100 % eucalipto Lyocell – Para todas las estaciones, hecho de forma responsable, naturalmente refrescante, súper suave, absorbe la humedad, equilibrio de temperatura, vegano, completo, perla",https://www.amazon.com.mx/dp/B0815WZ18R,https://www.amazon.com/dp/B0815WZ18R,Novayu,Sheets & Giggles™
,B07VSHRBMK,5,Hogar y Cocina,disponible,disponible,,,2025-10-19T03:29:43.021Z,2025-10-21T04:18:57.066Z,2025-10-28T20:03:01.732Z,760.79,19.99,$757.65,"Elegante mini manoplas para horno con imanes de nevera. Juego de 2. tela acolchada. 100 % algodón. Estos guantes de horno se adhieren fácilmente a la mayoría de electrodomésticos para una accesibilidad cómoda y rápida cuando sea necesario para cocinar, hornear.",https://www.amazon.com.mx/dp/B07VSHRBMK,https://www.amazon.com/dp/B07VSHRBMK,SRKSB LLC,Special Treasure by Westy
,B07RT98VX6,5,Hogar y Cocina,disponible,disponible,,,2025-10-19T03:29:43.021Z,2025-10-21T04:19:04.634Z,2025-10-28T20:03:10.144Z,1715.03,49.99,"$1,830.08","ALANSMA - Manta con peso reversible para todas las estaciones, terciopelo de lujo, cálida y fresca, manta con peso azul para adultos de 10 libras, disfruta de dormir en cualquier lugar (azul, 48 x 72",https://www.amazon.com.mx/dp/B07RT98VX6,https://www.amazon.com/dp/B07RT98VX6,HNEN,Weisheng Keji
,B082F15VKW,5,Hogar y Cocina,disponible,no disponible,,,2025-10-19T03:29:43.021Z,2025-10-21T04:19:13.758Z,2025-10-28T20:03:18.762Z,1318.96,,"$1,309.90","Protector de mesa transparente para mesa de comedor, mantel cuadrado de vinilo de plástico de PVC, mesa de vidrio, mesa de mármol, encimera de madera, funda protectora impermeable para computadora de oficina, 40 x 40 pulgadas",https://www.amazon.com.mx/dp/B082F15VKW,https://www.amazon.com/dp/B082F15VKW,SRKSB LLC,
,B0854G6GKJ,5,Hogar y Cocina,disponible,disponible,,,2025-10-19T03:29:43.021Z,2025-10-21T04:19:29.783Z,2025-10-28T20:03:34.198Z,820.1,22.99,$859.57,"TISHIJIE Almohada de espuma viscoelástica para coche – Cojín de apoyo de espalda baja para conducir, alivio del dolor de espalda para asiento de coche, silla de oficina, silla de ruedas (beige)",https://www.amazon.com.mx/dp/B0854G6GKJ,https://www.amazon.com/dp/B0854G6GKJ,SRKSB LLC,TISHIJIE
,B0CXQ999KD,5,Hogar y Cocina,disponible,disponible,,,2025-10-19T03:29:43.022Z,2025-10-21T04:19:37.814Z,2025-10-28T20:03:42.750Z,1046.35,24.97,"$1,091.87","Ivy Union - Juego de sábanas de microfibra - Ropa de cama tamaño matrimonial, transpirable y suave, bolsillo profundo (matrimonial, verde bosque)",https://www.amazon.com.mx/dp/B0CXQ999KD,https://www.amazon.com/dp/B0CXQ999KD,SRKSB LLC,Bare Home
,B07W4JNJ7P,5,Hogar y Cocina,disponible,disponible,,,2025-10-19T03:29:43.022Z,2025-10-21T04:19:45.493Z,2025-10-28T20:03:50.250Z,976.69,22.09,"$1,014.67","Leeden - Relleno de almohada con funda de algodón 100 %, cuadrada, Blanco, 18"" x 18"", 2",https://www.amazon.com.mx/dp/B07W4JNJ7P,https://www.amazon.com/dp/B07W4JNJ7P,Boon Shopping,LEEDEN
,B07H5BGBGS,5,Hogar y Cocina,disponible,disponible,,,2025-10-19T03:29:43.022Z,2025-10-21T04:19:52.691Z,2025-10-28T20:03:57.914Z,1283.6,36.99,"$1,283.60","Oubonun - Almohada de Cuerpo Completo para Dormir, Ajustable, Firme y esponjosa, para Adultos, Almohada Larga y Grande para Cama, 21 x 54 Pulgadas",https://www.amazon.com.mx/dp/B07H5BGBGS,https://www.amazon.com/dp/B07H5BGBGS,SRKSB LLC,Oubonun Home
,B07G544CJ9,5,Hogar y Cocina,disponible,disponible,,,2025-10-19T03:29:43.022Z,2025-10-21T04:19:59.295Z,2025-10-28T20:04:06.459Z,523.63,9.99,$515.31,"SCRENDY Clips de Mantel para Exteriores, Abrazaderas Grandes para mesas de 2 Pulgadas de Grosor, Soportes Flexibles de Acero Inoxidable para Picnic (12 Piezas)",https://www.amazon.com.mx/dp/B07G544CJ9,https://www.amazon.com/dp/B07G544CJ9,SRKSB LLC,qinsou
,B07C1JJQKH,5,Hogar y Cocina,disponible,disponible,,,2025-10-19T03:29:43.022Z,2025-10-21T04:20:06.863Z,2025-10-28T20:04:14.920Z,898.45,24.98,$898.45,Big Red House - Guantes de Silicona para Horno - Juego de Guantes de Cocina Resistentes al Calor - Protección de Grado Profesional para cocinar en Caliente,https://www.amazon.com.mx/dp/B07C1JJQKH,https://www.amazon.com/dp/B07C1JJQKH,SRKSB LLC,BIG RED HOUSE Merch
,B079F7333C,5,Hogar y Cocina,disponible,disponible,,,2025-10-19T03:29:43.022Z,2025-10-21T04:20:14.991Z,2025-10-28T20:04:22.338Z,826.83,21.99,$834.38,"Tot Talk Educational Kids Placemats - STEM - Science Table Mats: Solar System, Dinosaurs, Rocks, Fossils - Reversible Activities- Waterproof, Washable, Wipeable, Durable, Double-sided, Made in the USA",https://www.amazon.com.mx/dp/B079F7333C,https://www.amazon.com/dp/B079F7333C,SRKSB LLC,"Tot Talk, Inc."
,B078XT6GY3,5,Hogar y Cocina,disponible,disponible,,,2025-10-19T03:29:53.964Z,2025-10-21T04:20:22.232Z,2025-10-28T20:04:31.024Z,1333.86,36.99,"$1,345.04","KAWAHOME Manta de Punto de Verano, Ligera, Suave, Transpirable, acogedora, de Punto Jaspeado, cómoda y Delgada, 280 g/m², para sofá, Cama, tamaño Queen, 90 x 90 Pulgadas, Azul y Blanco",https://www.amazon.com.mx/dp/B078XT6GY3,https://www.amazon.com/dp/B078XT6GY3,SRKSB LLC,Kawahome
,B075TV7H1Y,5,Hogar y Cocina,disponible,disponible,,,2025-10-19T03:29:53.965Z,2025-10-21T04:20:29.108Z,2025-10-28T20:04:39.019Z,1851.38,44.99,"$1,851.38","Elegant Home - Colcha de 3 piezas con diseño de rayas florales en relieve, tamaño King / California King (King / Cal-King, verde salvia)",https://www.amazon.com.mx/dp/B075TV7H1Y,https://www.amazon.com/dp/B075TV7H1Y,SRKSB LLC,Elegant Home Goods
,B073WQSGZ2,5,Hogar y Cocina,disponible,disponible,,,2025-10-19T03:29:53.965Z,2025-10-21T04:20:37.130Z,2025-10-28T20:04:47.736Z,998.4,23.74,$978.40,"MERRYLIFE Manta Decorativa Sherpa Ultra Felpa cómoda | Suave, Colorida | hogar, sofá, al Aire última intervensión, Uso de Viaje (60"" 70"", Guepardo)",https://www.amazon.com.mx/dp/B073WQSGZ2,https://www.amazon.com/dp/B073WQSGZ2,SRKSB LLC,Mr Blue
,B071S8XSX8,5,Hogar y Cocina,disponible,disponible,,,2025-10-19T03:29:53.965Z,2025-10-21T04:20:45.202Z,2025-10-28T20:04:56.417Z,1263.5,35.99,"$1,268.22","Bedecor Encasement con Cierre Impermeable, Transpirable Prueba de Polvo y ácaros, Cama Bug Prueba Protector de colchón, Blanco, King",https://www.amazon.com.mx/dp/B071S8XSX8,https://www.amazon.com/dp/B071S8XSX8,SRKSB LLC,BEDECOR
,B09TZNTGBK,5,Hogar y Cocina,disponible,no disponible,,,2025-10-19T03:29:53.965Z,2025-10-21T04:20:53.085Z,2025-10-28T20:05:04.991Z,2868.56,,"$2,867.18","Ego Topper - Cubrecolchón de Espuma viscoelástica Queen de 3 Pulgadas, cubrecolchón de Espuma de Gel para Alivio de presión, diseño ventilado en una Caja, Certificado CertiPUR-US, 60 x 80 Pulgadas,",https://www.amazon.com.mx/dp/B09TZNTGBK,https://www.amazon.com/dp/B09TZNTGBK,Boon Shopping,
,B07W5MR698,5,Hogar y Cocina,disponible,disponible,,,2025-10-19T03:29:53.965Z,2025-10-21T04:21:00.284Z,2025-10-28T20:05:12.847Z,1296.32,31.44,"$1,321.94","Leeden - Insertos de almohada de 22 x 22 pulgadas (juego de 2) - Insertos de almohada con funda 100% algodón, almohadas decorativas cuadradas de 22 pulgadas para sofá, cama y decoración del hogar",https://www.amazon.com.mx/dp/B07W5MR698,https://www.amazon.com/dp/B07W5MR698,SRKSB LLC,LEEDEN
,B0DCFRPGYN,5,Hogar y Cocina,disponible,disponible,,,2025-10-19T03:29:53.965Z,2025-10-21T04:21:07.895Z,2025-10-28T20:05:20.615Z,823.8,17.99,$842.65,"Juego de 6 manteles individuales lavables para cocina, mesa de comedor, resistentes al calor para interiores y exteriores, decoración navideña",https://www.amazon.com.mx/dp/B0DCFRPGYN,https://www.amazon.com/dp/B0DCFRPGYN,SRKSB LLC,CHENGXIANGXIZHOUWANGLUO
,B07DWRLGYN,5,Hogar y Cocina,disponible,disponible,,,2025-10-19T03:29:53.965Z,2025-10-21T04:21:15.776Z,2025-10-28T20:05:29.484Z,1083.63,29.99,"$1,083.63",Birdy Boutique Car Seat Poncho for Kids – Reversible Warm Blanket with Hoodie – Safe to Use Over Seat Belts,https://www.amazon.com.mx/dp/B07DWRLGYN,https://www.amazon.com/dp/B07DWRLGYN,SRKSB LLC,Birdy Boutique LLC
,B0CYBM8SRP,5,Hogar y Cocina,disponible,disponible,,,2025-10-19T03:29:53.966Z,2025-10-21T04:21:23.604Z,2025-10-28T20:05:37.535Z,615.31,12.99,$615.31,"Fairpeak - Paquete de 4 protectores de almohada de tamaño estándar, impermeables, silenciosas, cubiertas con revestimiento de TPU con cierre oculta, certificado Oeko-TEX, hipoalergénicas, suaves y",https://www.amazon.com.mx/dp/B0CYBM8SRP,https://www.amazon.com/dp/B0CYBM8SRP,SRKSB LLC,NewFutureStore
,B09C8HN2X5,5,Hogar y Cocina,disponible,disponible,,,2025-10-19T03:29:53.966Z,2025-10-21T04:21:31.577Z,2025-10-28T20:05:44.494Z,919.26,23.99,"$1,300.03","JONIYEAR - Manta de pelo sintético esponjoso extra de 2.8 pulgadas de largo de 50 x 60 pulgadas, mantas peludas decorativas suaves de lujo para sofá, mantas peludas de felpa acogedora para sofá cama,",https://www.amazon.com.mx/dp/B09C8HN2X5,https://www.amazon.com/dp/B09C8HN2X5,Amazon Estados Unidos,JONIYEAR
,B0CQVLSHFF,5,Hogar y Cocina,disponible,disponible,,,2025-10-19T03:29:53.966Z,2025-10-21T04:21:39.252Z,2025-10-28T20:05:51.815Z,888.09,22.99,$888.09,"Regalos para amantes de los libros, regalos para amantes de los libros, regalos para mujeres, manta de libros, regalos de club de libros, regalos de lectura, regalos para lectores, amantes de los",https://www.amazon.com.mx/dp/B0CQVLSHFF,https://www.amazon.com/dp/B0CQVLSHFF,SRKSB LLC,Kazdan
,B0CKVZ4M4R,5,Hogar y Cocina,disponible,disponible,,,2025-10-19T03:29:53.966Z,2025-10-21T04:21:46.749Z,2025-10-28T20:05:59.458Z,1016.44,25.47,"$1,016.44","GWLCGFY - Manta de regalo de tía, regalo de cumpleaños, regalo de la mejor tía nunca, para tías de sobrina, regalos de tía de sobrino, a mi tía manta de 60 x 50 pulgadas",https://www.amazon.com.mx/dp/B0CKVZ4M4R,https://www.amazon.com/dp/B0CKVZ4M4R,SRKSB LLC,"GWLCGFY-Trading Co., Ltd."
,B0CDQ72L6G,5,Hogar y Cocina,disponible,no disponible,,,2025-10-19T03:29:53.966Z,2025-10-21T04:21:54.593Z,2025-10-28T20:06:07.886Z,777.63,,$776.74,"Cholemy - 12 soportes de tarjetas de Navidad independientes para mesa, tarjetas de nombre de Navidad, cena, tarjetas, decoraciones para fiestas (reno)",https://www.amazon.com.mx/dp/B0CDQ72L6G,https://www.amazon.com/dp/B0CDQ72L6G,SRKSB LLC,
,B07Z2YHNDC,5,Hogar y Cocina,disponible,no disponible,,,2025-10-19T03:29:53.966Z,2025-10-21T04:22:10.262Z,2025-10-28T20:06:22.853Z,2764.38,,"$2,798.27","Juego de 2 cojines de piel de oveja natural con respaldo antideslizante, 100% lana de oveja de Nueva Zelanda para asiento de coche, silla de acento o silla de tocador, color chocolate degradado",https://www.amazon.com.mx/dp/B07Z2YHNDC,https://www.amazon.com/dp/B07Z2YHNDC,Binglu,
,B0C6K2QYDX,5,Hogar y Cocina,disponible,disponible,,,2025-10-19T03:29:53.966Z,2025-10-21T04:22:17.332Z,2025-10-28T20:06:31.577Z,1191.11,30.7,"$1,192.49","Paquete de 15 caminos de mesa de gasa verde esmeralda de 35 x 120 pulgadas, estilo bohemio para boda, fiesta de cumpleaños, recepción, novia, baby shower, compromiso, decoración de Navidad",https://www.amazon.com.mx/dp/B0C6K2QYDX,https://www.amazon.com/dp/B0C6K2QYDX,SRKSB LLC,Satulgau Home
,B09NKRDFVJ,5,Hogar y Cocina,disponible,disponible,,,2025-10-19T03:29:53.966Z,2025-10-21T04:22:25.459Z,2025-10-28T20:06:40.373Z,2179.3,54.08,"$2,187.93","VAPUTAR - Juego de ropa de cama de algodón de 3 piezas, colcha bohemia tamaño king, colcha reversible ligera para recámara de granja (rojo/naranja)",https://www.amazon.com.mx/dp/B09NKRDFVJ,https://www.amazon.com/dp/B09NKRDFVJ,Boon Shopping,VAPUTAR
,B0DDK1TLMP,5,Hogar y Cocina,disponible,no disponible,,,2025-10-19T03:30:04.756Z,2025-10-21T04:22:34.272Z,2025-10-28T20:06:48.674Z,587.05,,$872.79,"Allorry - Juego de 2 almohadas de Navidad con forma de árbol de Navidad, decoración de Navidad para fiesta, hogar, sofá, cama, decoración de cama (12.2 pulgadas) WL-006B",https://www.amazon.com.mx/dp/B0DDK1TLMP,https://www.amazon.com/dp/B0DDK1TLMP,RENYUJUAN123,
,B0BZ7WTRR1,5,Hogar y Cocina,disponible,no disponible,,,2025-10-19T03:30:04.757Z,2025-10-21T04:22:42.297Z,2025-10-28T20:06:56.533Z,1335.14,,"$1,336.52","Regalo de sol, regalos de girasol para mujeres, paquete de cuidado, caja de regalo de cumpleaños, cesta de regalo de Get Well Soon Gift para mujeres, amigas, hermanas, mamá con manta inspiradora",https://www.amazon.com.mx/dp/B0BZ7WTRR1,https://www.amazon.com/dp/B0BZ7WTRR1,SRKSB LLC,
,B0BNWZXN5N,5,Hogar y Cocina,disponible,disponible,,,2025-10-19T03:30:04.757Z,2025-10-21T04:22:50.445Z,2025-10-28T20:07:05.067Z,1562.73,46.99,"$1,538.97",Papel redondo blanco,https://www.amazon.com.mx/dp/B0BNWZXN5N,https://www.amazon.com/dp/B0BNWZXN5N,SRKSB LLC,ProjectMasters
,B0BBCFZJXL,5,Hogar y Cocina,disponible,disponible,,,2025-10-19T03:30:04.757Z,2025-10-21T04:22:58.006Z,2025-10-28T20:07:14.497Z,806.82,18.95,$806.82,"Gowinex Paquete de 2 manteles elásticos de elastano blanco de 6 pies para mesa rectangular, eventos, bodas, banquetes y fiestas",https://www.amazon.com.mx/dp/B0BBCFZJXL,https://www.amazon.com/dp/B0BBCFZJXL,SRKSB LLC,GWLinens
,B0BB78WCQT,5,Hogar y Cocina,disponible,disponible,,,2025-10-19T03:30:04.757Z,2025-10-21T04:23:06.244Z,2025-10-28T20:07:22.896Z,2551.57,89.99,"$2,631.14","NEXHOME PRO - Edredón ligero refrescante tamaño Queen, viscosa orgánica de bambú, manta de ropa de cama de verano fresca para personas que duermen calientes, 8 pestañas en las esquinas, gris oscuro",https://www.amazon.com.mx/dp/B0BB78WCQT,https://www.amazon.com/dp/B0BB78WCQT,CATTLESIV,NEXHOME-PRO
,B0BB6NHSPR,5,Hogar y Cocina,disponible,disponible,,,2025-10-19T03:30:04.757Z,2025-10-21T04:23:13.800Z,2025-10-28T20:07:31.587Z,2203.81,69.99,"$2,211.97","NEXHOME PRO Edredón refrescante de bambú natural orgánico, edredón alternativo ligero para todas las estaciones, edredón para personas que duermen con calor, 100% viscosa hecha de bambú, 8 pestañas en las esquinas (90 x 90 pulgadas, blanco)",https://www.amazon.com.mx/dp/B0BB6NHSPR,https://www.amazon.com/dp/B0BB6NHSPR,SRKSB LLC,NEXHOME-PRO
,B0B5G3CFX6,5,Hogar y Cocina,disponible,disponible,,,2025-10-19T03:30:04.757Z,2025-10-21T04:23:20.854Z,2025-10-28T20:07:40.371Z,1476.51,35.99,"$1,476.51","Mecatny - Juego de 2 almohadas bohemias de 18 x 18 pulgadas, almohadas decorativas de granja con inserciones incluidas, de piel sintético café a rayas modernas para sofá cama, sofá, gris",https://www.amazon.com.mx/dp/B0B5G3CFX6,https://www.amazon.com/dp/B0B5G3CFX6,SRKSB LLC,Mecatny
,B09XMR8GZ9,5,Hogar y Cocina,disponible,disponible,,,2025-10-19T03:30:04.758Z,2025-10-21T04:23:28.225Z,2025-10-28T20:07:48.542Z,458,14.99,$639.69,"Farmhouse - Juego de 2 Fundas de Almohada Cojines Cuadradas de 18 x 18 pulgadas, Fundas de Almohada Decorativas de Lino a Rayas Caqui y Beige para Sofá, Silla, Dormitorio, Decoración de Otoño",https://www.amazon.com.mx/dp/B09XMR8GZ9,https://www.amazon.com/dp/B09XMR8GZ9,ZHANGKEHE123,YACHUANG
,B09XMQQX34,5,Hogar y Cocina,disponible,disponible,,,2025-10-19T03:30:04.758Z,2025-10-21T04:23:35.904Z,2025-10-28T20:07:57.061Z,750.37,14.99,$754.30,"Farmhouse - Juego de 2 fundas de almohada cuadradas de 16 x 16 pulgadas, fundas de almohada decorativas de lino de rayas negras y beige para sofá, silla, dormitorio, decoración de otoño",https://www.amazon.com.mx/dp/B09XMQQX34,https://www.amazon.com/dp/B09XMQQX34,SRKSB LLC,YACHUANG
,B09PJ6TD3D,5,Hogar y Cocina,disponible,disponible,,,2025-10-19T03:30:04.758Z,2025-10-21T04:23:43.818Z,2025-10-28T20:08:05.511Z,1284.77,31.75,"$1,422.03","Ferlizer - Funda protectora de colchón Queen de 3 pulgadas, certificado Oeko-Tex, funda de bambú con cierre para cubrecolchón, correas ajustables y parte inferior de silicona antideslizante, extraíble",https://www.amazon.com.mx/dp/B09PJ6TD3D,https://www.amazon.com/dp/B09PJ6TD3D,KUZU GLOBAL,Ferlizer
,B09NR1S4TR,5,Hogar y Cocina,disponible,disponible,,,2025-10-19T03:30:04.758Z,2025-10-21T04:23:52.610Z,2025-10-28T20:08:14.622Z,1514.12,42.99,"$1,514.38","Cocoploceus Juego de 2 fundas de almohada europeas de 26 x 26 pulgadas, fundas de almohada decorativas cuadradas grandes, fundas de almohada suaves para cama, sofá, banco, sofá, serie gris claro",https://www.amazon.com.mx/dp/B09NR1S4TR,https://www.amazon.com/dp/B09NR1S4TR,SRKSB LLC,cocoploceus home
,B09NKS9RDX,5,Hogar y Cocina,disponible,disponible,,,2025-10-19T03:30:04.758Z,2025-10-21T04:24:01.025Z,2025-10-28T20:08:23.583Z,1940.72,47.59,"$1,940.73","VAPUTAR Colcha de algodón tamaño Queen, funda de cama reversible con fundas a juego, colcha acolchada para cama",https://www.amazon.com.mx/dp/B09NKS9RDX,https://www.amazon.com/dp/B09NKS9RDX,Boon Shopping,VAPUTAR
,B09NKRRBWS,5,Hogar y Cocina,disponible,disponible,,,2025-10-19T03:30:04.758Z,2025-10-21T04:24:08.582Z,2025-10-28T20:08:32.444Z,1850.32,54.79,"$1,887.73","VAPUTAR Colcha de algodón tamaño Queen, funda de cama reversible con fundas a juego, colcha acolchada para cama",https://www.amazon.com.mx/dp/B09NKRRBWS,https://www.amazon.com/dp/B09NKRRBWS,SRKSB LLC,VAPUTAR
,B09LHJ1Q9K,5,Hogar y Cocina,disponible,disponible,,,2025-10-19T03:30:04.758Z,2025-10-21T04:24:15.524Z,2025-10-28T20:08:40.458Z,1222.1,29.99,"$1,222.10","Enipate Cojines resistentes a la intemperie para silla Adirondack, respaldo alto, para interiores y exteriores, patio, cojines de asiento",https://www.amazon.com.mx/dp/B09LHJ1Q9K,https://www.amazon.com/dp/B09LHJ1Q9K,SRKSB LLC,Enipate.JIYI
,B08D1H25BK,5,Hogar y Cocina,disponible,disponible,,,2025-10-19T03:30:04.758Z,2025-10-21T04:24:22.119Z,2025-10-28T20:08:48.890Z,980.8,24.99,$980.80,"YCOLL Fundas de Almohada Moderna Sofá Funda de Almohada Decorativa Exterior Tela de Lino Funda de Almohada para Sofá Cama Coche (Azul Claro, 22x22,Juego de 4)",https://www.amazon.com.mx/dp/B08D1H25BK,https://www.amazon.com/dp/B08D1H25BK,SRKSB LLC,YACHUANG
,B09CFPF1X3,5,Hogar y Cocina,disponible,disponible,,,2025-10-19T03:30:04.758Z,2025-10-21T04:24:29.888Z,2025-10-28T20:08:56.349Z,1002.09,26.69,$997.81,"COCOPLOCEUS - Juego de 2 fundas de almohada decorativas de algodón lavado a piedra para sofá, silla, cama, coche",https://www.amazon.com.mx/dp/B09CFPF1X3,https://www.amazon.com/dp/B09CFPF1X3,SRKSB LLC,cocoploceus home
,B082VD7JS4,5,Hogar y Cocina,disponible,no disponible,,,2025-10-19T03:30:17.688Z,2025-10-21T04:24:36.582Z,2025-10-28T20:09:05.408Z,1330.43,,"$1,330.43",HYPREST Duvet Cover Set,https://www.amazon.com.mx/dp/B082VD7JS4,https://www.amazon.com/dp/B082VD7JS4,SRKSB LLC,
,B0BKWB3CJW,5,Hogar y Cocina,disponible,disponible,,,2025-10-19T03:30:17.689Z,2025-10-21T04:24:51.439Z,2025-10-28T20:09:19.449Z,256.13,10.79,$622.53,"BeLuyi - Delantal ajustable con 2 bolsillos para cocinero, cocina, restaurante, 2 unidades, para mujeres y hombres",https://www.amazon.com.mx/dp/B0BKWB3CJW,https://www.amazon.com/dp/B0BKWB3CJW,Kiichi Store,BeLuyi
,B09H5Q6JM3,5,Hogar y Cocina,disponible,disponible,,,2025-10-19T03:30:17.689Z,2025-10-21T04:24:59.459Z,2025-10-28T20:09:28.227Z,1065.12,24.99,$984.86,"NiuOne Sábanas de cama de dinosaurios tamaño individual para niños, juego de sábanas bajeras 3D realistas de dinosaurio verde antiguo, juego de sábanas de microfibra suave para niños, tamaño individual (2 piezas)",https://www.amazon.com.mx/dp/B09H5Q6JM3,https://www.amazon.com/dp/B09H5Q6JM3,SRKSB LLC,NiuOne
,B08TZZQWMY,5,Hogar y Cocina,disponible,disponible,,,2025-10-19T03:30:17.689Z,2025-10-21T04:25:08.309Z,2025-10-28T20:09:36.373Z,2047.27,60.79,"$2,045.89","Masaca - Juego de edredón con volantes, color blanco, estilo shabby",https://www.amazon.com.mx/dp/B08TZZQWMY,https://www.amazon.com/dp/B08TZZQWMY,Boon Shopping,Freeroom
,B07RXQWNFF,5,Hogar y Cocina,disponible,no disponible,,,2025-10-19T03:30:17.689Z,2025-10-21T04:25:15.185Z,2025-10-28T20:09:44.404Z,3044.91,,"$3,044.91","QILLOWAY - Cojines de Asiento de Mimbre para Exteriores, Grupo Loveseat/Two U-Shape/Two Lumbar Almohadas para Muebles de Patio, Asiento de Mimbre, Banco, Porche, Juego de 5, Moderno, Gris",https://www.amazon.com.mx/dp/B07RXQWNFF,https://www.amazon.com/dp/B07RXQWNFF,SRKSB LLC,
,B08RSD6NL9,5,Hogar y Cocina,disponible,disponible,,,2025-10-19T03:30:17.689Z,2025-10-21T04:25:21.764Z,2025-10-28T20:09:51.645Z,566.39,10.8,$565.01,"DELOVO - Camino de mesa de tela de gasa transparente de 27 x 120 pulgadas de largo para boda, fiesta, banquetes, novia, hogar, arcos de mesa, decoración de mesa",https://www.amazon.com.mx/dp/B08RSD6NL9,https://www.amazon.com/dp/B08RSD6NL9,Amazon Estados Unidos,DELOVO
,B08RDQQQHP,5,Hogar y Cocina,disponible,disponible,,,2025-10-19T03:30:17.689Z,2025-10-21T04:25:29.218Z,2025-10-28T20:09:59.681Z,859.13,17.98,$949.98,"Delantales para mujeres y hombres con bolsillos resistentes a caídas de agua, espalda cruzada ajustable, Caqui, 31.5"" H x 27.2"" W",https://www.amazon.com.mx/dp/B08RDQQQHP,https://www.amazon.com/dp/B08RDQQQHP,SRKSB LLC,Lidexinmy
,B08LMNDNDF,5,Hogar y Cocina,disponible,disponible,,,2025-10-19T03:30:17.689Z,2025-10-21T04:25:37.458Z,2025-10-28T20:10:07.442Z,1615.04,45.99,"$1,604.53","Neustern Almohada de lectura con brazos de apoyo, respaldo de espuma viscoelástica triturada de alta calidad con funda lavable, 30 x 22 x 18 pulgadas (verde oscuro)",https://www.amazon.com.mx/dp/B08LMNDNDF,https://www.amazon.com/dp/B08LMNDNDF,SRKSB LLC,Neustern® Corporation
,B08HLDW9NM,5,Hogar y Cocina,disponible,disponible,,,2025-10-19T03:30:17.689Z,2025-10-21T04:25:45.953Z,2025-10-28T20:10:15.632Z,1691.38,48.99,"$1,658.56","Goodidea - Juego de edredón bohemio a rayas tamaño King de 3 piezas, juego de ropa de cama geométrico bohemio, suave, transpirable, reversible, microfibra, con 2 fundas de almohada (20 x 36 pulgadas)",https://www.amazon.com.mx/dp/B08HLDW9NM,https://www.amazon.com/dp/B08HLDW9NM,SRKSB LLC,GOODIDEA HOME
,B08924NF68,5,Hogar y Cocina,disponible,no disponible,,,2025-10-19T03:30:17.690Z,2025-10-21T04:25:53.978Z,2025-10-28T20:10:23.525Z,612,,$612.00,"LeoHome Caminos de mesa rectangulares de algodón y lino para mujer, 14 x 72 pulgadas, elefante y jirafa de lujo para bodas, fiestas, banquetes, cenas",https://www.amazon.com.mx/dp/B08924NF68,https://www.amazon.com/dp/B08924NF68,SRKSB LLC,
,B07ZQQ3XHQ,5,Hogar y Cocina,disponible,disponible,,PRICE_AND_SELLER_NOT_FOUND,2025-10-19T03:30:17.690Z,2025-10-21T04:26:01.529Z,2025-10-28T20:10:30.341Z,857.41,,$840.64,"Myasrelae Mantel Rectangular de Vinilo Transparente Impermeable y Resistente al Aceite, 54 x 120 Pulgadas (54 x 120 Pulgadas)",https://www.amazon.com.mx/dp/B07ZQQ3XHQ,https://www.amazon.com/dp/B07ZQQ3XHQ,SRKSB LLC,
,B07VCDY1BS,5,Hogar y Cocina,disponible,no disponible,,,2025-10-19T03:30:17.690Z,2025-10-21T04:26:09.943Z,2025-10-28T20:10:38.424Z,1482.68,,"$1,482.68","JA COMFORTS - Juego de 22 x 22 pulgadas, relleno de plumón de ganso de alta calidad (juego de 2), relleno del 5% de plumón, alto peso de relleno, funda de algodón de 250 hilos, cuadrado, blanco",https://www.amazon.com.mx/dp/B07VCDY1BS,https://www.amazon.com/dp/B07VCDY1BS,SRKSB LLC,
,B07SZPFRZP,5,Hogar y Cocina,disponible,no disponible,,,2025-10-19T03:30:17.690Z,2025-10-21T04:26:18.589Z,2025-10-28T20:10:46.657Z,1891.76,,"$1,942.52","South Pine Porch - Cojín Redondo para Silla de Bistro de 38 cm, 2 Unidades (Paquete de 1), Piedra",https://www.amazon.com.mx/dp/B07SZPFRZP,https://www.amazon.com/dp/B07SZPFRZP,GREENJIN,
,B07P414LS5,5,Hogar y Cocina,disponible,disponible,,,2025-10-19T03:30:17.690Z,2025-10-21T04:26:25.587Z,2025-10-28T20:10:54.257Z,1057.02,19.99,"$1,160.11","Chanyuan - Juego de ropa de cama reversible con diseño de galaxia y estrellas, microfibra hipoalergénica supersuave, cierre de cremallera (S-6, Q)",https://www.amazon.com.mx/dp/B07P414LS5,https://www.amazon.com/dp/B07P414LS5,MaYourStore,Chanyuan
,B07L3P4ZBD,5,Hogar y Cocina,disponible,disponible,,,2025-10-19T03:30:17.690Z,2025-10-21T04:26:33.290Z,2025-10-28T20:11:00.982Z,1236.63,35.99,"$1,233.63","ZHH Skull Bohemian - Juego de Funda de edredón de Microfibra con diseño Floral y Esqueleto para niños, 3 Piezas, tamaño Completo, Color Negro, Skull Black a, Queen(90""x90""), 1",https://www.amazon.com.mx/dp/B07L3P4ZBD,https://www.amazon.com/dp/B07L3P4ZBD,Boon Shopping,ZH.H E-COMMERCE
,B078XRNLRP,5,Hogar y Cocina,disponible,disponible,,,2025-10-19T03:30:17.690Z,2025-10-21T04:26:40.845Z,2025-10-28T20:11:08.018Z,1623.46,46.99,"$1,623.46",KAWAHOME Sherpa Manta de Lana súper Suave Extra cálido Invierno Grueso y Pesado 480GSM Manta para sofá Cama Tamaño Queen 229cm X 229cm Azul Marino,https://www.amazon.com.mx/dp/B078XRNLRP,https://www.amazon.com/dp/B078XRNLRP,SRKSB LLC,Kawahome
,B074T7C9SG,5,Hogar y Cocina,disponible,disponible,,,2025-10-19T03:30:34.254Z,2025-10-21T04:26:48.227Z,2025-10-28T20:11:16.818Z,597.27,9.99,$597.27,Electric Air Pump,https://www.amazon.com.mx/dp/B074T7C9SG,https://www.amazon.com/dp/B074T7C9SG,SRKSB LLC,ELOKI
,B0199Y8LE4,5,Hogar y Cocina,disponible,no disponible,,,2025-10-19T03:30:34.254Z,2025-10-21T04:26:56.105Z,2025-10-28T20:11:24.878Z,633.63,,$619.80,"Guante de cocina de silicona, resistente al calor de silicona aislante YYP guantes de cocina, protección Ideal Extra larga de forro de algodón acolchado especialmente grueso, servir para cocinar, hornear, parrilla, Bbq - 1 par",https://www.amazon.com.mx/dp/B0199Y8LE4,https://www.amazon.com/dp/B0199Y8LE4,SRKSB LLC,
,B09QCLPLHV,5,Hogar y Cocina,disponible,no disponible,,,2025-10-19T03:30:34.254Z,2025-10-21T04:27:04.092Z,2025-10-28T20:11:33.053Z,781.36,,"$1,225.81","BedTreat - Edredón alternativo de plumón Queen con pestañas en las esquinas, edredón acolchado para todas las estaciones, caja de edredón con costuras tamaño Queen, color gris, ropa de cama de",https://www.amazon.com.mx/dp/B09QCLPLHV,https://www.amazon.com/dp/B09QCLPLHV,Amazon Estados Unidos,
,B07MS68BG6,5,Hogar y Cocina,disponible,disponible,,,2025-10-19T03:30:34.254Z,2025-10-21T04:27:11.617Z,2025-10-28T20:11:39.836Z,767.19,16.99,$767.19,"MoMA Funda de Almohada Body, Crema, 21 * 54in",https://www.amazon.com.mx/dp/B07MS68BG6,https://www.amazon.com/dp/B07MS68BG6,SRKSB LLC,Oubonun Home
,B089GYRM5Y,5,Hogar y Cocina,disponible,no disponible,,,2025-10-19T03:30:34.254Z,2025-10-21T04:27:19.822Z,2025-10-28T20:11:48.317Z,2384.22,,"$3,027.52","Cubrecolchón King para dolor de espalda, funda de colchón extra gruesa, parte superior de almohada de felpa, bolsillo elástico profundo, color blanco",https://www.amazon.com.mx/dp/B089GYRM5Y,https://www.amazon.com/dp/B089GYRM5Y,SOFYA GLOBAL,
,B01JE1RWEM,5,Hogar y Cocina,disponible,disponible,,,2025-10-19T03:30:34.254Z,2025-10-21T04:27:36.819Z,2025-10-28T20:12:03.447Z,916,20.99,$914.64,"Organic Toddler Pillow, Made in USA (13""x18"") and carrying bag By My Little North Star",https://www.amazon.com.mx/dp/B01JE1RWEM,https://www.amazon.com/dp/B01JE1RWEM,XIJIANG,My Little North Star
,B074XHZPGZ,5,Hogar y Cocina,disponible,no disponible,,,2025-10-19T03:30:34.254Z,2025-10-21T04:27:44.632Z,2025-10-28T20:12:12.646Z,1315,,"$1,328.46","JA COMFORTS - Almohadas de plumas de pato para dormir (2 paquetes), estándar/Queen, alto peso de relleno, 600 hilos, diseño de tela a prueba de plumón de doble capa, 10% plumón de pato, funda de",https://www.amazon.com.mx/dp/B074XHZPGZ,https://www.amazon.com/dp/B074XHZPGZ,XIJIANG,
,B08V1277FB,5,Hogar y Cocina,disponible,disponible,,,2025-10-19T03:30:34.255Z,2025-10-21T04:27:52.049Z,2025-10-28T20:12:21.390Z,758.15,27.99,"$1,102.88","Gehannah - Almohadas de Cama para Dormir (2 Unidades), Almohada Suave de Felpa de Lujo con hogar y Hotel, Funda de Microfibra Transpirable para Dormir de Lado y Espalda",https://www.amazon.com.mx/dp/B08V1277FB,https://www.amazon.com/dp/B08V1277FB,Amazon Estados Unidos,Gehannah
,B07P2ZMYMQ,5,Hogar y Cocina,disponible,disponible,,,2025-10-19T03:30:34.255Z,2025-10-21T04:27:58.688Z,2025-10-28T20:12:29.223Z,534.49,19.99,$810.40,"Tiny Gifts - Manta mensual de hito para bebé + 2 apoyos de marco, 60 x 40 | Forro polar grueso y suave (rosa)",https://www.amazon.com.mx/dp/B07P2ZMYMQ,https://www.amazon.com/dp/B07P2ZMYMQ,Amazon Estados Unidos,Tiny Gifts
,B0CZHJSH4W,5,Hogar y Cocina,disponible,disponible,,,2025-10-19T03:30:44.431Z,2025-10-21T04:28:06.828Z,2025-10-28T20:12:38.080Z,1642.47,49.99,"$1,655.82","Surtime - Ventiladores de techo de 42 pulgadas con luces, ventilador de techo de perfil bajo con luz y control remoto/aplicación, montaje empotrado, reversible de CC, ventiladores de techo negros",https://www.amazon.com.mx/dp/B0CZHJSH4W,https://www.amazon.com/dp/B0CZHJSH4W,SRKSB LLC,Surtime Ceiling Fan Plaza
,B0D6GJQTN4,5,Hogar y Cocina,disponible,disponible,,,2025-10-19T03:30:44.432Z,2025-10-21T04:28:14.338Z,2025-10-28T20:12:46.464Z,2407.31,74.99,"$2,246.58","JSAITEE Ventilador de Techo de 52 Pulgadas con Luz y Control Remoto, Montaje Empotrado, Motor Reversible de CC, Silencioso, Blanco",https://www.amazon.com.mx/dp/B0D6GJQTN4,https://www.amazon.com/dp/B0D6GJQTN4,SRKSB LLC,jin lin dian qi
,B0CMWZFPVG,5,Hogar y Cocina,disponible,disponible,,,2025-10-19T03:30:44.432Z,2025-10-21T04:28:21.614Z,2025-10-28T20:12:55.517Z,2436.79,69.9,"$2,488.64","Fszdorj Ventilador de techo de 20 pulgadas con luz, ventilador de perfil bajo mejorado, ventilador de techo de montaje empotrado, 6 velocidades, LED regulable, aplicación y control remoto, motor CC",https://www.amazon.com.mx/dp/B0CMWZFPVG,https://www.amazon.com/dp/B0CMWZFPVG,Amazon Estados Unidos,Fszdorj Store
,B09YXDCMJS,5,Hogar y Cocina,disponible,no disponible,,,2025-10-19T03:30:44.432Z,2025-10-21T04:28:29.409Z,2025-10-28T20:13:04.473Z,3680.65,,"$3,939.28","Letmarey Ventiladores de techo enjaulados de 20 pulgadas con luces y mando a distancia, ventilador de techo bohemio con luz, lámpara de araña de perfil bajo, ventilador de techo reversible sin aspas",https://www.amazon.com.mx/dp/B09YXDCMJS,https://www.amazon.com/dp/B09YXDCMJS,HNEN,
,B0DB732DRH,5,Hogar y Cocina,disponible,disponible,,,2025-10-19T03:30:44.432Z,2025-10-21T04:28:37.663Z,2025-10-28T20:13:11.469Z,1217.01,46.99,"$1,518.75","Riseon - Calentador de espacio portátil pequeño para uso en interiores con llama 3D realista, mini calentador eléctrico de chimenea con termostato, calefacción de cerámica PTC de 1500 W/750 W,",https://www.amazon.com.mx/dp/B0DB732DRH,https://www.amazon.com/dp/B0DB732DRH,Deen Direct,Deen Direct
,B0CS9KB9TQ,5,Hogar y Cocina,disponible,no disponible,,,2025-10-19T03:30:44.432Z,2025-10-21T04:28:45.111Z,2025-10-28T20:13:18.145Z,4951.15,,"$5,553.82","SODSEA Ventilador de techo para exteriores de 72 pulgadas, ventilador de techo negro con luz y mando a distancia, 9 aspas de ventilador, regulable, reversible, 6 velocidades, temperatura de 3 colores",https://www.amazon.com.mx/dp/B0CS9KB9TQ,https://www.amazon.com/dp/B0CS9KB9TQ,CATTLESIV,
,B0D4TSJGKF,5,Hogar y Cocina,disponible,disponible,,,2025-10-19T03:30:44.432Z,2025-10-21T04:28:54.097Z,2025-10-28T20:13:25.508Z,1004.31,24.99,"$1,004.31","Paquete de 2 filtros de repuesto HEPA 14 para purificador de aire 240, para filtro purificador de aire HEPA 14 con carbón activado, 3 en 1 True HEPA 240 HP-14",https://www.amazon.com.mx/dp/B0D4TSJGKF,https://www.amazon.com/dp/B0D4TSJGKF,SRKSB LLC,Cailife store
,B0DDT447C3,5,Hogar y Cocina,disponible,no disponible,,,2025-10-19T03:30:44.432Z,2025-10-21T04:29:02.134Z,2025-10-28T20:13:33.581Z,1714.02,,"$1,715.90","Ayaoty Ventiladores de techo con luces, ventilador de techo de perfil bajo de 42 pulgadas con luz y control remoto, montaje empotrado, motor reversible, regulable, silencioso, ventilador de techo",https://www.amazon.com.mx/dp/B0DDT447C3,https://www.amazon.com/dp/B0DDT447C3,SRKSB LLC,
,B0DC9YX2SL,5,Hogar y Cocina,disponible,no disponible,,,2025-10-19T03:30:44.432Z,2025-10-21T04:29:09.416Z,2025-10-28T20:13:41.601Z,5635.47,,"$5,924.59","Reekie - Calentador de espacio para panel de convección para uso en interiores, calentador de infrarrojos eléctrico de mica de 1500 W con termostato inteligente, control remoto de aplicación Wifi,",https://www.amazon.com.mx/dp/B0DC9YX2SL,https://www.amazon.com/dp/B0DC9YX2SL,SRKSB LLC,
,B095VMQ5LR,5,Hogar y Cocina,disponible,disponible,,,2025-10-19T03:30:44.432Z,2025-10-21T04:29:17.358Z,2025-10-28T20:13:48.365Z,656.66,14.99,$639.89,"ANEXT, ventilador USB de 80 mm, ventilador silencioso para receptor DVR PlayStation Xbox Computer, 3.14 pulgadas, 2 unidades, compatible con ordenador de escritorio y consola de juegos",https://www.amazon.com.mx/dp/B095VMQ5LR,https://www.amazon.com/dp/B095VMQ5LR,Rimecebuy,ANEXT Direct
,B0C7BZG7VJ,5,Hogar y Cocina,disponible,no disponible,,,2025-10-19T03:30:44.433Z,2025-10-21T04:29:25.686Z,2025-10-28T20:13:57.007Z,4125.94,,"$4,323.36","BOOSANT - Ventiladores de techo con luces, ventiladores de techo con luces y control remoto, ventilador de techo inteligente moderno negro de 52 pulgadas con luz, ventiladores de techo al aire última",https://www.amazon.com.mx/dp/B0C7BZG7VJ,https://www.amazon.com/dp/B0C7BZG7VJ,SRKSB LLC,
,B0DR8N28M9,5,Hogar y Cocina,disponible,disponible,,,2025-10-19T03:30:44.433Z,2025-10-21T04:29:34.257Z,2025-10-28T20:14:04.663Z,1991.52,59.99,"$1,978.33","Riseon - Calentador de espacio pequeño para uso en interiores, 1500 W/750 W, calentador eléctrico portátil de chimenea con llama 3D, ventilador de calentador de cerámica con termostato y protección",https://www.amazon.com.mx/dp/B0DR8N28M9,https://www.amazon.com/dp/B0DR8N28M9,SRKSB LLC,Riseon Direct-US
,B0C4L81ZGG,5,Hogar y Cocina,disponible,disponible,,,2025-10-19T03:30:44.433Z,2025-10-21T04:29:41.430Z,2025-10-28T20:14:12.822Z,788.95,22.89,$788.95,Paquete de 2 filtros de repuesto G3 A3 para purificador de aire AMEIFU G3 Sferf-30 (FXAP2W) Compatible con filtro VEWIOR A3 A3N. Para Tailulu HQZZ-260. Filtro de filtro de aire HEPA True de 3 etapas.,https://www.amazon.com.mx/dp/B0C4L81ZGG,https://www.amazon.com/dp/B0C4L81ZGG,SRKSB LLC,Cailife store
,B0DD424KM3,5,Hogar y Cocina,disponible,disponible,,,2025-10-19T03:30:44.433Z,2025-10-21T04:29:48.802Z,2025-10-28T20:14:20.810Z,2817.64,94.19,"$2,783.62",Riseon Tower - Calentador de espacio eléctrico de 1500 W para habitación grande,https://www.amazon.com.mx/dp/B0DD424KM3,https://www.amazon.com/dp/B0DD424KM3,SRKSB LLC,Riseon Direct-US
,B0D8VYN699,5,Hogar y Cocina,disponible,disponible,,,2025-10-19T03:30:44.433Z,2025-10-21T04:29:55.562Z,2025-10-28T20:14:29.252Z,485.91,5.99,$487.32,"lizenoz - Llave de tapa de bloqueo HVAC, herramienta versátil diseñada para llave de bloqueo compatible con HVAC resistente a manipulaciones, múltiples llaves para HVAC 410A y R22 para tapas de",https://www.amazon.com.mx/dp/B0D8VYN699,https://www.amazon.com/dp/B0D8VYN699,SRKSB LLC,MX  Mall
,B0D832CFXH,5,Hogar y Cocina,disponible,no disponible,,,2025-10-19T03:30:44.433Z,2025-10-21T04:30:03.388Z,2025-10-28T20:14:37.133Z,5836.75,,"$7,097.80","YOZZAN Ventilador de techo de madera maciza de 72 pulgadas sin luz, 3 cuchillas de madera real, motor de CC silencioso y reversible, ventilador de techo para cochera, patio, granja (blanco)",https://www.amazon.com.mx/dp/B0D832CFXH,https://www.amazon.com/dp/B0D832CFXH,SRKSB LLC,
,B0D62RH5V5,5,Hogar y Cocina,disponible,no disponible,,,2025-10-19T03:30:54.562Z,2025-10-21T04:30:18.915Z,2025-10-28T20:14:51.718Z,2475.62,,"$2,630.16","Viossn - Ventiladores de techo de 42 pulgadas, ventiladores de techo con mando a distancia/aplicación, ventilador de techo negro con motor reversible de 6 velocidades, ventilador de techo Alexa con 5",https://www.amazon.com.mx/dp/B0D62RH5V5,https://www.amazon.com/dp/B0D62RH5V5,SRKSB LLC,
,B0D3X9KPRV,5,Hogar y Cocina,disponible,no disponible,,,2025-10-19T03:30:54.562Z,2025-10-21T04:30:26.948Z,2025-10-28T20:14:59.486Z,4478.94,,"$4,498.26","Ventiladores de techo de 60 pulgadas con luces y control remoto, ventilador de techo negro para interiores y exteriores con luz LED regulable de 35 W 3CCT, motor CC reversible silencioso de 6",https://www.amazon.com.mx/dp/B0D3X9KPRV,https://www.amazon.com/dp/B0D3X9KPRV,SRKSB LLC,
,B0BXTFCCZZ,5,Hogar y Cocina,disponible,no disponible,,,2025-10-19T03:30:54.562Z,2025-10-21T04:30:34.945Z,2025-10-28T20:15:06.641Z,528.58,,$485.03,"Party Flames Fire Color Changing Packets (10 Pack) - Fire Pit, Campfires, Bonfire, Outdoor Fireplaces - Magic Colorful Cosmic Flame Powder - Perfect Fire Camping Accessories for Kids & Adults",https://www.amazon.com.mx/dp/B0BXTFCCZZ,https://www.amazon.com/dp/B0BXTFCCZZ,SRKSB LLC,
,B0D7QKHDG9,5,Hogar y Cocina,disponible,disponible,,,2025-10-19T03:30:54.562Z,2025-10-21T04:30:41.717Z,2025-10-28T20:15:14.610Z,4529.24,139.99,"$4,534.16","Combo de calentador y ventilador sin asas, ventilador de torre de 22 pulgadas con control remoto, protección contra sobrecalentamiento, calentamiento de 3 velocidades, enfriamiento de 8 velocidades,",https://www.amazon.com.mx/dp/B0D7QKHDG9,https://www.amazon.com/dp/B0D7QKHDG9,SETSHIPPING,XWLAI
,B0B1JGDPGG,5,Hogar y Cocina,disponible,no disponible,,,2025-10-19T03:30:54.562Z,2025-10-21T04:30:49.632Z,2025-10-28T20:15:22.883Z,1644,,"$1,968.48",Uetmulik Cama ajustable Richmat HJH55 mando a distancia de repuesto,https://www.amazon.com.mx/dp/B0B1JGDPGG,https://www.amazon.com/dp/B0B1JGDPGG,Amazon Estados Unidos,
,B0CCV4B5NR,5,Hogar y Cocina,disponible,disponible,,,2025-10-19T03:30:54.562Z,2025-10-21T04:30:56.428Z,2025-10-28T20:15:29.663Z,1654.42,49.99,"$1,718.91","HE601 Filtro de repuesto HEPA para Shark HE6FKPET HE601 HE602 6 purificador de aire de ventilador, sistema de filtro 3 en 1 H13 - absorbe 99,97% de partículas, número de pieza HE6FKPET, HE6FKBAS, HE6FKPRO, paquete de 2",https://www.amazon.com.mx/dp/B0CCV4B5NR,https://www.amazon.com/dp/B0CCV4B5NR,CATTLESIV,HongShang Direct
,B0CS9JHW5R,5,Hogar y Cocina,disponible,no disponible,,,2025-10-19T03:30:54.563Z,2025-10-21T04:31:03.394Z,2025-10-28T20:15:37.597Z,4241.4,,"$4,241.40","SODSEA - Ventilador de techo de 52 pulgadas con luz, ventiladores de techo de montaje empotrado con 5 cuchillas, regulable, motor reversible, temperaturas de 3 colores, 6 velocidades, ventilador de",https://www.amazon.com.mx/dp/B0CS9JHW5R,https://www.amazon.com/dp/B0CS9JHW5R,SRKSB LLC,
,B0C3H6G25R,5,Hogar y Cocina,disponible,no disponible,,,2025-10-19T03:30:54.563Z,2025-10-21T04:31:10.404Z,2025-10-28T20:15:45.553Z,828.24,,$834.91,"AP-1512HH - Juego de filtros de repuesto para purificadores de aire Coway Airmega AP-1512HH y 200M, 1 HEPA verdadero y 4 prefiltros de carbono",https://www.amazon.com.mx/dp/B0C3H6G25R,https://www.amazon.com/dp/B0C3H6G25R,SRKSB LLC,
,B0B2PM4F9H,5,Hogar y Cocina,disponible,disponible,,,2025-10-19T03:30:54.563Z,2025-10-21T04:31:18.414Z,2025-10-28T20:15:52.472Z,993.67,27.99,$998.59,"Ceoighe Motor de Ventilador de Escape de Baño, Conjunto de Soplador de Ventilador de S97009796 Compatible con Calentador de Techo con Bombilla Nutone Broan, 70 CFM 120 V",https://www.amazon.com.mx/dp/B0B2PM4F9H,https://www.amazon.com/dp/B0B2PM4F9H,CATTLESIV,LiaoFire
,B09VT3W588,5,Hogar y Cocina,disponible,no disponible,,,2025-10-19T03:30:54.563Z,2025-10-21T04:31:26.686Z,2025-10-28T20:16:01.115Z,5671.48,,"$5,765.82","NORFOLK - Ventiladores de techo de granja con luces y mando a distancia, iluminación enjaulada de perfil bajo de 20 pulgadas con ventilador sin hoja, montaje empotrado rústico con base de foco E26",https://www.amazon.com.mx/dp/B09VT3W588,https://www.amazon.com/dp/B09VT3W588,SRKSB LLC,
,B09T6VR4KM,5,Hogar y Cocina,disponible,disponible,,,2025-10-19T03:30:54.563Z,2025-10-21T04:31:34.075Z,2025-10-28T20:16:08.283Z,1316.51,37.8,"$1,325.45","Nisreen FLT5250PT - Filtro de repuesto compatible con Germ-Guardian Filter C Pet HEPA Air Pu-rifier AC5250PT AC5000E AC5300B AC5350W AC5350B CDAP5500 y más, 2 HEPA y 6 prefiltros",https://www.amazon.com.mx/dp/B09T6VR4KM,https://www.amazon.com/dp/B09T6VR4KM,SRKSB LLC,Nisreen HEPA Filters
,B0972V6NXM,5,Hogar y Cocina,disponible,disponible,,,2025-10-19T03:30:54.564Z,2025-10-21T04:31:41.966Z,2025-10-28T20:16:16.759Z,1995.32,47.99,"$2,023.46","Pearwow Juego de Cubierta Decorativa de PVC de 3 Pulgadas de Ancho y 15 pies de Largo, para Aire Acondicionado Dividido sin conductos, Sistemas de Bombas de Calor, Cubierta de Tubo Decorativa",https://www.amazon.com.mx/dp/B0972V6NXM,https://www.amazon.com/dp/B0972V6NXM,FKRL,Pearwow
,B0CSBS113T,5,Hogar y Cocina,disponible,disponible,,PRICE_AND_SELLER_NOT_FOUND,2025-10-19T03:30:54.564Z,2025-10-21T04:31:49.579Z,2025-10-28T20:16:23.847Z,745,,$933.33,"Ventilador de cuello, ventilador de cuello sin aspas con batería recargable de 5000 mAh, bajo nivel de ruido, diseño antideslizante, ángulo ajustable de 3 velocidades y 360°, ventilador personal manos",https://www.amazon.com.mx/dp/B0CSBS113T,https://www.amazon.com/dp/B0CSBS113T,KANG-FA,
,B0917GHFLT,5,Hogar y Cocina,disponible,disponible,,,2025-10-19T03:30:54.564Z,2025-10-21T04:31:58.183Z,2025-10-28T20:16:31.918Z,520.22,16.99,$688.63,"PATIOSIR Ventiladores de alimentos para mesas al aire última intervensión, ventilador portátil de alimentos para fiestas de picnic",https://www.amazon.com.mx/dp/B0917GHFLT,https://www.amazon.com/dp/B0917GHFLT,Amazon Estados Unidos,PATIOSIR
,B09L89MJZY,5,Hogar y Cocina,disponible,disponible,,,2025-10-19T03:30:54.564Z,2025-10-21T04:32:06.232Z,2025-10-28T20:16:40.254Z,1075.55,29.99,"$1,075.55","ZouHwaSo 15 Replacement Filter for Air Puri-fier, 3-in-1 Composite Filtration with H13 True HEPA Filter, Fine Pre-Filter and Efficient Activated Carbon Filter, Pack of 4",https://www.amazon.com.mx/dp/B09L89MJZY,https://www.amazon.com/dp/B09L89MJZY,SRKSB LLC,ZouHwaSo
,B07RZC56WX,5,Hogar y Cocina,disponible,disponible,,,2025-10-19T03:30:54.564Z,2025-10-21T04:32:13.589Z,2025-10-28T20:16:48.791Z,826.83,21.99,$830.47,"REENUO - Ventilador portátil de camping, pequeño ventilador de tienda con gancho para colgar, 40 horas de trabajo, ventilador de batería USB recargable con luces LED para computadora, recámara, viaje",https://www.amazon.com.mx/dp/B07RZC56WX,https://www.amazon.com/dp/B07RZC56WX,SRKSB LLC,Reenuo US
,B00MI0GB4Y,5,Hogar y Cocina,disponible,disponible,,,2025-10-19T03:31:07.133Z,2025-10-21T04:32:21.059Z,2025-10-28T20:16:56.526Z,628.62,13.98,$609.39,"GOODVAC Filtro eliminador de olores de repuesto compatible con Oreck XL Tabletop Professional Pro Purificadores de aire, sustituye a AP1PKP. No es compatible con modelos AIR8",https://www.amazon.com.mx/dp/B00MI0GB4Y,https://www.amazon.com/dp/B00MI0GB4Y,SRKSB LLC,GoodVac
,B0CXDX4XWN,5,Hogar y Cocina,disponible,no disponible,,,2025-10-19T03:31:07.134Z,2025-10-21T04:32:28.897Z,2025-10-28T20:17:04.403Z,401.03,,$402.19,"Mini ventilador de mano, recargable que funciona con pilas, pequeño ventilador portátil hasta 15 horas de trabajo, potentes ventiladores de bolsillo de diseño de seguridad para viajes, exteriores",https://www.amazon.com.mx/dp/B0CXDX4XWN,https://www.amazon.com/dp/B0CXDX4XWN,SRKSB LLC,
,B0C594C3BN,5,Hogar y Cocina,disponible,no disponible,,,2025-10-19T03:31:07.134Z,2025-10-21T04:32:36.719Z,2025-10-28T20:17:12.667Z,6467.21,,"$6,834.37","Mollie Aire acondicionado de ventana de 6000 BTU, unidad de ventana con control remoto, deshumidificador, ventilador, enfria hasta 250 pies cuadrados, 115 V/60 Hz",https://www.amazon.com.mx/dp/B0C594C3BN,https://www.amazon.com/dp/B0C594C3BN,SRKSB LLC,
,B0CMC2HHZH,5,Hogar y Cocina,disponible,disponible,,,2025-10-19T03:31:07.134Z,2025-10-21T04:32:43.447Z,2025-10-28T20:17:20.794Z,1176.53,34.99,"$1,177.67","LUNINO Filtro de repuesto para purificador de aire, filtro HEPA de 3 etapas E-200, filtro de filtro de aire, 1 paquete, color blanco",https://www.amazon.com.mx/dp/B0CMC2HHZH,https://www.amazon.com/dp/B0CMC2HHZH,CATTLESIV,HOMESTORE OFFICIAL
,B0CB5Q8L1Z,5,Hogar y Cocina,disponible,disponible,,,2025-10-19T03:31:07.134Z,2025-10-21T04:32:58.150Z,2025-10-28T20:17:35.445Z,1485,49.99,"$1,482.01","Fexhull - Ventilador de 50 pines más, placa de encendido universal mejorada con función de control de ventilador, 12 V CC, compatible con hornos RV y autocaravanas",https://www.amazon.com.mx/dp/B0CB5Q8L1Z,https://www.amazon.com/dp/B0CB5Q8L1Z,SEONGSAN,Premium Carparts
,B0C1FTR6GL,5,Hogar y Cocina,disponible,no disponible,,,2025-10-19T03:31:07.134Z,2025-10-21T04:33:05.621Z,2025-10-28T20:17:44.312Z,5399.79,,"$5,523.90","AyshwillDec - Ventilador de techo enjaulado negro con luz, ventilador de techo industrial de perfil bajo con luces y ventilador cerrado a distancia, ventiladores de techo boho para recámara y comedor",https://www.amazon.com.mx/dp/B0C1FTR6GL,https://www.amazon.com/dp/B0C1FTR6GL,SRKSB LLC,
,B09YGZ6L8H,5,Hogar y Cocina,disponible,disponible,,,2025-10-19T03:31:07.134Z,2025-10-21T04:33:14.024Z,2025-10-28T20:17:53.059Z,4643,142.49,"$4,939.88","NEWORB - Ventiladores de techo retráctiles de 42 pulgadas con luces, control remoto, ventiladores de techo industriales enjaulados, ventilador de techo rústico negro para sala de estar, recámara,",https://www.amazon.com.mx/dp/B09YGZ6L8H,https://www.amazon.com/dp/B09YGZ6L8H,Boon Shopping,NEWORB Store
,B09G9551F4,5,Hogar y Cocina,disponible,disponible,,,2025-10-19T03:31:07.134Z,2025-10-21T04:33:22.607Z,2025-10-28T20:18:00.552Z,944.28,22,$949.90,"PandaTak Bussy Wars Fan – Ventilador plegable Gay Pride – Ventilador de bambú negro de 13 pulgadas, con luces UV, divertido ventilador",https://www.amazon.com.mx/dp/B09G9551F4,https://www.amazon.com/dp/B09G9551F4,SRKSB LLC,PandaTak Inc.
,B08NT3NF54,5,Hogar y Cocina,disponible,disponible,,,2025-10-19T03:31:07.135Z,2025-10-21T04:33:30.384Z,2025-10-28T20:18:09.596Z,3059.21,79.99,"$2,859.37","PSHRFANST Ventilador de techo de 19.7 pulgadas con luces, LED regulable, 6 velocidades, cuchillas reversibles, sincronización con control remoto, ventilador de perfil bajo de montaje semiempotrado, color café",https://www.amazon.com.mx/dp/B08NT3NF54,https://www.amazon.com/dp/B08NT3NF54,F4ST ORCHESTRA,ERYAHRT
,B07YY7WNLN,5,Hogar y Cocina,disponible,no disponible,,,2025-10-19T03:31:07.135Z,2025-10-21T04:33:38.922Z,2025-10-28T20:18:18.466Z,6420.82,,"$6,420.82","Lighting Groups Ventiladores de techo de cristal invisibles de 3 círculos de 42 pulgadas con control remoto, 4 cuchillas retráctiles de acrílico transparente, ventilador de techo reversible para comedor, dormitorio, ventilador de techo con luces, kit de luz de ventilador de techo interior (42 pulgadas, dorado D)",https://www.amazon.com.mx/dp/B07YY7WNLN,https://www.amazon.com/dp/B07YY7WNLN,SRKSB LLC,
,B07G345S4H,5,Hogar y Cocina,disponible,disponible,,,2025-10-19T03:31:07.135Z,2025-10-21T04:33:47.023Z,2025-10-28T20:18:25.649Z,545.43,9.99,$574.53,"2 unidades de motor de sincronización sincronizada 50/60Hz AC 100~127V 4W 5-6RPM/MIN. CCW/CW para manual, proyecto escolar, modelo o motor de guía, 5-6RPM",https://www.amazon.com.mx/dp/B07G345S4H,https://www.amazon.com/dp/B07G345S4H,Dapperdeals,NAIVE BLUE
,B0DQKPVMDG,5,Hogar y Cocina,disponible,disponible,,,2025-10-19T03:31:17.713Z,2025-10-21T04:33:54.320Z,2025-10-28T20:18:34.254Z,503.23,9.99,$505.37,"HLOOL - Soporte de esponja dorado para fregadero de cocina, soporte de esponja para fregadero de cocina, organizador de fregadero de cocina, accesorios de cocina dorados (dorado)",https://www.amazon.com.mx/dp/B0DQKPVMDG,https://www.amazon.com/dp/B0DQKPVMDG,SRKSB LLC,HLOOL
,B07MH2W7QS,5,Hogar y Cocina,disponible,disponible,,,2025-10-19T03:31:17.713Z,2025-10-21T04:34:01.836Z,2025-10-28T20:18:42.135Z,392,8.99,$475.71,"Abrebotellas de bomba de presión de aire con cortador de lámina, aireador, tapón al vacío (4 unidades), removedor de corcho simple, abrebotellas eficiente, ideal para los amantes del vino, regalo",https://www.amazon.com.mx/dp/B07MH2W7QS,https://www.amazon.com/dp/B07MH2W7QS,XTT518HA,Tyzin
,B0DPKP52TH,5,Hogar y Cocina,disponible,disponible,,,2025-10-19T03:31:17.714Z,2025-10-21T04:34:09.852Z,2025-10-28T20:18:50.469Z,1272.83,34.99,"$1,285.44","LAMU Organizador de ollas y sartenes para debajo del gabinete, resistente de 6 niveles ajustable, rejilla para organización en cocina. Color negro",https://www.amazon.com.mx/dp/B0DPKP52TH,https://www.amazon.com/dp/B0DPKP52TH,SRKSB LLC,Delamu Official
,B0CZDSCPR8,5,Hogar y Cocina,disponible,no disponible,,,2025-10-19T03:31:17.714Z,2025-10-21T04:34:18.857Z,2025-10-28T20:18:58.406Z,539.17,,$607.71,Polvo solidificador de aceite de cocina residual,https://www.amazon.com.mx/dp/B0CZDSCPR8,https://www.amazon.com/dp/B0CZDSCPR8,CyK Deals,
,B0921NX1WJ,5,Hogar y Cocina,disponible,no disponible,,,2025-10-19T03:31:17.714Z,2025-10-21T04:34:27.200Z,2025-10-28T20:19:06.628Z,906.88,,$906.88,"HOSHANHO Tiras magnéticas para cuchillos, soporte magnético para cuchillos para pared de 16 pulgadas, cuchillo de madera de acacia, tira magnética para uso como barra de cuchillos, soporte para",https://www.amazon.com.mx/dp/B0921NX1WJ,https://www.amazon.com/dp/B0921NX1WJ,SRKSB LLC,
,B0DG28FPYJ,5,Hogar y Cocina,disponible,disponible,,,2025-10-19T03:31:17.714Z,2025-10-21T04:34:35.305Z,2025-10-28T20:19:14.433Z,1285.49,39.99,"$1,425.86","Regalos de cumpleaños para mujeres y hombres, cestas de regalo de vino para el día de la madre, regalos para mamá, mujeres, amigos, amantes del vino, paquete de cuidado personal, bolsa de vino aislada",https://www.amazon.com.mx/dp/B0DG28FPYJ,https://www.amazon.com/dp/B0DG28FPYJ,Amazon Estados Unidos,QY GIFTS
,B0DW8LGVTR,5,Hogar y Cocina,disponible,no disponible,,,2025-10-19T03:31:17.714Z,2025-10-21T04:34:42.432Z,2025-10-28T20:19:23.189Z,445,,$615.11,"Tira magnética para cuchillos de 16 pulgadas, sin taladro, soporte magnético calcomanía para cuchillos para pared, soporte magnético para cuchillos de pared, soporte para cuchillos de barra de",https://www.amazon.com.mx/dp/B0DW8LGVTR,https://www.amazon.com/dp/B0DW8LGVTR,mei10 mingfengshanxia,
,B0D9DQ5XR8,5,Hogar y Cocina,disponible,no disponible,,,2025-10-19T03:31:17.714Z,2025-10-21T04:34:49.519Z,2025-10-28T20:19:32.168Z,901.44,,$881.74,"Kit de fumador de whisky | Kit de ahumador de cóctel con antorcha, escudo abrasador, tapa, 6 chips de madera y caja de regalo para ahumado a la antigua moda | Bourbon Smoker",https://www.amazon.com.mx/dp/B0D9DQ5XR8,https://www.amazon.com/dp/B0D9DQ5XR8,SRKSB LLC,
,B097N8CQ3C,5,Hogar y Cocina,disponible,no disponible,,,2025-10-19T03:31:17.714Z,2025-10-21T04:34:58.081Z,2025-10-28T20:19:39.668Z,483.82,,"$1,111.92","SQOIKOS - Paraguas de encaje clásico para boda, fiesta, 32 pulgadas, tamaño adulto, 01 Marfil, 30.7 inch",https://www.amazon.com.mx/dp/B097N8CQ3C,https://www.amazon.com/dp/B097N8CQ3C,Eternity hengtu,
,B0D54PPK6L,5,Hogar y Cocina,disponible,disponible,,,2025-10-19T03:31:17.715Z,2025-10-21T04:35:05.795Z,2025-10-28T20:19:48.526Z,448.73,8.99,$448.73,"TrendPlain - Botella dispensadora de aceite de oliva original de 16 onzas/470 ml para utensilios de cocina y accesorios de freidora de aire, pulverizador de aceite de oliva para cocinar con pegatinas",https://www.amazon.com.mx/dp/B0D54PPK6L,https://www.amazon.com/dp/B0D54PPK6L,SRKSB LLC,TrendPlain
,B0D8TF17W6,5,Hogar y Cocina,disponible,disponible,,,2025-10-19T03:31:17.715Z,2025-10-21T04:35:13.462Z,2025-10-28T20:19:56.964Z,1383.56,37.99,"$1,420.19","Fulmoon - Paquete de 100 recipientes de sopa de papel con tapas, recipientes desechables de papel con tapas ventiladas, cuencos de helado de kraft, taza de sopa, tazas de helado para restaurantes (4",https://www.amazon.com.mx/dp/B0D8TF17W6,https://www.amazon.com/dp/B0D8TF17W6,SRKSB LLC,Yuanweius
,B0BRKPJKZL,5,Hogar y Cocina,disponible,no disponible,,,2025-10-19T03:31:17.715Z,2025-10-21T04:35:21.387Z,2025-10-28T20:20:04.760Z,1153.01,,"$1,123.93","Juego de 12 copas de vidrio acanaladas apilables, onduladas, 355 ml y 207 ml, con caja de regalo",https://www.amazon.com.mx/dp/B0BRKPJKZL,https://www.amazon.com/dp/B0BRKPJKZL,SRKSB LLC,
,B0DCK32SXQ,5,Hogar y Cocina,disponible,no disponible,,,2025-10-19T03:31:17.715Z,2025-10-21T04:35:30.326Z,2025-10-28T20:20:13.190Z,520,,$873.72,Renmxj - Tablas de charcutería con 6 compartimentos y tapa de cierre transparente,https://www.amazon.com.mx/dp/B0DCK32SXQ,https://www.amazon.com/dp/B0DCK32SXQ,Jubaopen Store,
,B0CJR4SRMJ,5,Hogar y Cocina,disponible,disponible,,,2025-10-19T03:31:17.715Z,2025-10-21T04:35:46.356Z,2025-10-28T20:20:27.498Z,392.8,4.98,$392.80,"Bolsa de regalo grande de 13 pulgadas, color azul con diseño de cruz, papel de seda para bautizos, bautizos, primeras comunidades, ocasión religiosa",https://www.amazon.com.mx/dp/B0CJR4SRMJ,https://www.amazon.com/dp/B0CJR4SRMJ,SRKSB LLC,mountaineer2023
,B09CH2Y2JQ,5,Hogar y Cocina,disponible,no disponible,,,2025-10-19T03:31:17.715Z,2025-10-21T04:35:53.888Z,2025-10-28T20:20:35.180Z,1142.11,,"$1,142.11","Bellsal Organizador de cubiertos para cajones de cocina, organizador de bambú expandible para utensilios de cocina y cubiertos, dormitorio, oficina, color gris",https://www.amazon.com.mx/dp/B09CH2Y2JQ,https://www.amazon.com/dp/B09CH2Y2JQ,SRKSB LLC,
,B0CZL77446,5,Hogar y Cocina,disponible,no disponible,,,2025-10-19T03:31:17.715Z,2025-10-21T04:36:01.205Z,2025-10-28T20:20:43.282Z,2882.29,,"$2,942.39","Licuadora profesional PRASKY, batidora de batidos, mezcladora y amoladora de 2400 vatios/1000 vatios, 25000 rpm, sin BPA, 2 recipientes para triturar hielo, jugo",https://www.amazon.com.mx/dp/B0CZL77446,https://www.amazon.com/dp/B0CZL77446,SRKSB LLC,
,B0DGL6B98L,5,Hogar y Cocina,disponible,disponible,,,2025-10-19T03:31:31.953Z,2025-10-21T04:36:09.463Z,2025-10-28T20:20:51.840Z,690.61,15.97,$725.16,"DOGMEM - Regalos cristianos para mujeres, cumpleaños, Jesús, versículo bíblico, regalos de Dios dice que eres religiosa, regalos inspiradores espirituales para mujeres, mamá, hermana, regalos de",https://www.amazon.com.mx/dp/B0DGL6B98L,https://www.amazon.com/dp/B0DGL6B98L,SRKSB LLC,HOME-GIFT
,B0DH8HRQCQ,5,Hogar y Cocina,disponible,no disponible,,,2025-10-19T03:31:31.954Z,2025-10-21T04:36:17.165Z,2025-10-28T20:21:00.211Z,1223.52,,"$1,231.52","NIUM Piedra Diatomia de secado rápido cocina, Seca Platos Escurridor 40 x 30 cm - para Encimera de Cocina, con Estante de Bambú - Tapete Ultra Absorbente, Rápido y Antihumedad - Secaplatos Ecológico",https://www.amazon.com.mx/dp/B0DH8HRQCQ,https://www.amazon.com/dp/B0DH8HRQCQ,SRKSB LLC,
,B0DFWGLRJK,5,Hogar y Cocina,disponible,disponible,,,2025-10-19T03:31:31.954Z,2025-10-21T04:36:24.613Z,2025-10-28T20:21:08.276Z,654.14,8.99,$656.92,"Bolsa de lona y bolsa de maquillaje, 2 bolsas de lona, bolsa de compras reutilizable, bolsa de viaje de lona de verano, bolsa de cosméticos organizadora informal para mujeres y niñas, Beige",https://www.amazon.com.mx/dp/B0DFWGLRJK,https://www.amazon.com/dp/B0DFWGLRJK,SRKSB LLC,changshashianyidianziShangwuyouxiangongsi
,B07MV2XJ66,5,Hogar y Cocina,disponible,no disponible,,,2025-10-19T03:31:31.954Z,2025-10-21T04:36:32.625Z,2025-10-28T20:21:15.456Z,498.49,,$503.98,"Quotidian - Bolsas de papel de vidrio de cera mediana plana de color blanco, 10 x 15,2 cm, paquete de 100 unidades, suministros de manualidades para bufet, recuerdos de negocios, pétalos de semillas",https://www.amazon.com.mx/dp/B07MV2XJ66,https://www.amazon.com/dp/B07MV2XJ66,SRKSB LLC,
,B0CW3CNFNL,5,Hogar y Cocina,disponible,no disponible,,,2025-10-19T03:31:31.954Z,2025-10-21T04:36:39.809Z,2025-10-28T20:21:23.893Z,820.47,,$797.14,"GiPP - Sartén japonesa para tortillas, sartén para huevos de tamagoyaki, sartén antiadherente, utensilios de cocina de granito rectangular, última intervensión de PFOS y PFOA, color blanco",https://www.amazon.com.mx/dp/B0CW3CNFNL,https://www.amazon.com/dp/B0CW3CNFNL,URBANJUST,
,B0DJLT422S,5,Hogar y Cocina,disponible,disponible,,,2025-10-19T03:31:31.954Z,2025-10-21T04:36:47.022Z,2025-10-28T20:21:32.289Z,603.38,9.99,$605.91,"Seclate - Bolsas de lona de Navidad para mujeres, regalos de Año Nuevo, decoración de fiesta, árbol de Navidad, bolsa de mano de Papá Noel, 13.8 x 16.5 pulgadas, reutilizable, L21, Varios colores, L",https://www.amazon.com.mx/dp/B0DJLT422S,https://www.amazon.com/dp/B0DJLT422S,SRKSB LLC,BEIDS
,B0DT4GGFHF,5,Hogar y Cocina,disponible,no disponible,,,2025-10-19T03:31:31.954Z,2025-10-21T04:36:54.071Z,2025-10-28T20:21:40.539Z,693.72,,$673.22,"Spalivivre - Sartén pequeña para huevos de 4.7 pulgadas, sartén de acero inoxidable, sartén de omelette de una sola porción, sartén pequeña antiadherente con mango y tapa resistentes al calor,",https://www.amazon.com.mx/dp/B0DT4GGFHF,https://www.amazon.com/dp/B0DT4GGFHF,SRKSB LLC,
,B0C94R7JHD,5,Hogar y Cocina,disponible,no disponible,,,2025-10-19T03:31:31.954Z,2025-10-21T04:37:01.367Z,2025-10-28T20:21:48.942Z,1446.65,,"$1,463.88","Goozii - Caja de pan de bambú para encimera de cocina, organizadores de madera de cocina y almacenamiento para pan, café, especias, aperitivos, contenedor de madera clásico para gabinete, recámara, baño",https://www.amazon.com.mx/dp/B0C94R7JHD,https://www.amazon.com/dp/B0C94R7JHD,SRKSB LLC,
,B0CZ3F93LH,5,Hogar y Cocina,disponible,disponible,,,2025-10-19T03:31:31.955Z,2025-10-21T04:37:10.575Z,2025-10-28T20:21:57.375Z,582.02,21.49,$798.57,"Taza Infusor de Té Premium | Prepara Fácil, Sin Goteo, BPA Free, 2 Porciones, Ideal para Té de Hojas",https://www.amazon.com.mx/dp/B0CZ3F93LH,https://www.amazon.com/dp/B0CZ3F93LH,Amazon Estados Unidos,CHABANA
,B0DJLSHD3C,5,Hogar y Cocina,disponible,disponible,,,2025-10-19T03:31:31.955Z,2025-10-21T04:37:17.566Z,2025-10-28T20:22:05.038Z,576.67,9.99,$572.92,"Seclate L01-L22 - Bolsas de lona de Navidad para mujer, regalos de Año Nuevo, decoración de fiesta, Varios colores, L",https://www.amazon.com.mx/dp/B0DJLSHD3C,https://www.amazon.com/dp/B0DJLSHD3C,SRKSB LLC,BEIDS
,B0CYZ49JZ2,5,Hogar y Cocina,disponible,no disponible,,,2025-10-19T03:31:31.955Z,2025-10-21T04:37:24.051Z,2025-10-28T20:22:12.033Z,609.56,,$638.53,"Servilletero para baño, bandeja de madera para toallas para baño, soporte de toalla de mano de papel desechable para accesorios de baño, servilleta de cena para cocina, mesa, fiesta, color negro",https://www.amazon.com.mx/dp/B0CYZ49JZ2,https://www.amazon.com/dp/B0CYZ49JZ2,SRKSB LLC,
,B0D479Q31V,5,Hogar y Cocina,disponible,disponible,,,2025-10-19T03:31:31.955Z,2025-10-21T04:37:30.590Z,2025-10-28T20:22:19.290Z,454.27,6.89,$452.89,"100 piezas de malla reutilizable de nailon, malla elástica de 15.7 pulgadas para verduras, almacenamiento de cebolla, frutas, mariscos y otros productos agrícolas, rojo (100 unidades-rojo)",https://www.amazon.com.mx/dp/B0D479Q31V,https://www.amazon.com/dp/B0D479Q31V,Rimecebuy,COTELEEC
,B0DFWHTC85,5,Hogar y Cocina,disponible,no disponible,,,2025-10-19T03:31:31.955Z,2025-10-21T04:37:37.982Z,2025-10-28T20:22:28.101Z,2450.82,,"$2,506.22","Bandeja de calentamiento eléctrica (extra larga 40 x 12 pulgadas), calentador de alimentos con termostato y calentamiento de superficie completa, alfombrilla de calentamiento de alimentos con 2 modos",https://www.amazon.com.mx/dp/B0DFWHTC85,https://www.amazon.com/dp/B0DFWHTC85,SRKSB LLC,
,B0CJXCBXS7,5,Hogar y Cocina,disponible,no disponible,,,2025-10-19T03:31:31.955Z,2025-10-21T04:37:46.846Z,2025-10-28T20:22:36.433Z,1505.67,,"$1,505.67","SHOWIN Tarros de vela gruesos de 14 onzas para hacer velas, 12 unidades, tarros vacíos blancos con tapas de bambú para hacer velas, recipiente de muestras, apto para lavaplatos, blanco mate",https://www.amazon.com.mx/dp/B0CJXCBXS7,https://www.amazon.com/dp/B0CJXCBXS7,SRKSB LLC,
,B0DF868DWD,5,Hogar y Cocina,disponible,disponible,,,2025-10-19T03:31:31.955Z,2025-10-21T04:37:55.172Z,2025-10-28T20:22:45.270Z,467.4,6.98,$467.40,"AIRKING Bolsas plegables de comestibles, reutilizables, resistentes, reutilizables, con asas anchas para compras portátiles",https://www.amazon.com.mx/dp/B0DF868DWD,https://www.amazon.com/dp/B0DF868DWD,SRKSB LLC,CHENZHIYIDIAN
,B0D7JVPJV9,5,Hogar y Cocina,disponible,no disponible,,,2025-10-19T03:31:31.955Z,2025-10-21T04:38:02.320Z,2025-10-28T20:22:51.883Z,733.06,,$738.54,"Pomodoro - Temporizador giratorio 5, 25, 10 50 minutos, temporizador de productividad de computadora con sensor de gravedad, temporizador de cubeta para TDAH, vibración/alto/bajo volumen/modos",https://www.amazon.com.mx/dp/B0D7JVPJV9,https://www.amazon.com/dp/B0D7JVPJV9,SRKSB LLC,
,B0D95MZ1NT,5,Hogar y Cocina,disponible,no disponible,,,2025-10-19T03:31:42.403Z,2025-10-21T04:38:09.184Z,2025-10-28T20:23:00.656Z,1437.75,,"$1,439.13","Tidita - Juego de ensaladeras de madera de acacia con 2 manos de madera, ensaladera grande con utensilios para servir, tazón grande para frutas, ensalada, pasta (12 pulgadas de diámetro x 4.5 pulgadas",https://www.amazon.com.mx/dp/B0D95MZ1NT,https://www.amazon.com/dp/B0D95MZ1NT,SRKSB LLC,
,B0D8VG1Q9X,5,Hogar y Cocina,disponible,disponible,,,2025-10-19T03:31:42.403Z,2025-10-21T04:38:24.647Z,2025-10-28T20:23:14.506Z,695.69,18.99,$658.89,"Paterr - Bolsa de mano con lentejuelas para discoteca, regalo de despedida de soltera, reutilizable, para compras de comestibles, estilo retro de los años 70, 80, 90, discoteca, boda, boda, despedida",https://www.amazon.com.mx/dp/B0D8VG1Q9X,https://www.amazon.com/dp/B0D8VG1Q9X,SRKSB LLC,GureJion
,B07319C69H,5,Hogar y Cocina,disponible,no disponible,,,2025-10-19T03:31:42.403Z,2025-10-21T04:38:32.936Z,2025-10-28T20:23:22.778Z,1133.03,,"$1,104.60","Coninx - Bloque de cuchillos de cocina de madera de acacia, soporte de 15 ranuras, organizador de calidad profesional, soporte seguro, mantiene los cuchillos limpios y afilados, solución para cajones",https://www.amazon.com.mx/dp/B07319C69H,https://www.amazon.com/dp/B07319C69H,SRKSB LLC,
,B0D9659TKP,5,Hogar y Cocina,disponible,no disponible,,,2025-10-19T03:31:42.403Z,2025-10-21T04:38:40.126Z,2025-10-28T20:23:30.790Z,735.46,,$739.23,"AASRR - Regalos de terapia del habla para patólogos del habla, idioma, patólogos, regalos de Navidad, regalos de cumpleaños para mujeres, regalos de agradecimiento para terapeuta, bolsa de mano, Slp,",https://www.amazon.com.mx/dp/B0D9659TKP,https://www.amazon.com/dp/B0D9659TKP,SHOPHOLİC,
,B0D888HY36,5,Hogar y Cocina,disponible,disponible,,,2025-10-19T03:31:42.403Z,2025-10-21T04:38:48.760Z,2025-10-28T20:23:38.365Z,2531.4,94.99,"$2,534.19","Filterbaby Skincare Filter 2.0, llave de filtro para fregadero de baño para el cuidado de la piel de hombres y mujeres, 99.9% eliminación de cloro, fibra de carbono de 0.00001 mm, probado clínicamente",https://www.amazon.com.mx/dp/B0D888HY36,https://www.amazon.com/dp/B0D888HY36,SRKSB LLC,Filterbaby
,B0BMK8H7TH,5,Hogar y Cocina,disponible,disponible,,,2025-10-19T03:31:42.403Z,2025-10-21T04:38:56.942Z,2025-10-28T20:23:45.204Z,947.68,25.99,$947.68,"Cubierta para salpicaduras de microondas, cubierta de cristal y asa de silicona plegable, para salpicaduras de microondas, para la cocina, alimentos, 30 cm, gris",https://www.amazon.com.mx/dp/B0BMK8H7TH,https://www.amazon.com/dp/B0BMK8H7TH,SRKSB LLC,FLYTOP(US)
,B0D9645FXH,5,Hogar y Cocina,disponible,no disponible,,,2025-10-19T03:31:42.404Z,2025-10-21T04:39:05.981Z,2025-10-28T20:23:52.987Z,880.74,,$885.07,"AASRR - Regalos de terapia del habla y el lenguaje patólogo, regalos para patólogos del habla, regalos de agradecimiento para terapeuta, regalos de graduación, regalos de jubilación para mujeres,",https://www.amazon.com.mx/dp/B0D9645FXH,https://www.amazon.com/dp/B0D9645FXH,SRKSB LLC,
,B0D3DTNNSC,5,Hogar y Cocina,disponible,disponible,,,2025-10-19T03:31:42.404Z,2025-10-21T04:39:13.819Z,2025-10-28T20:24:00.894Z,1603.19,44.99,"$1,604.01","Flavehc Braiser Braiser - Braiser de hierro fundido esmaltado de 3 cuartos de galón con tapa, Slateblue, cacerola de hierro fundido poco profunda con asas",https://www.amazon.com.mx/dp/B0D3DTNNSC,https://www.amazon.com/dp/B0D3DTNNSC,SRKSB LLC,Lareina Cookwares Inc
,B08R32STYF,5,Hogar y Cocina,disponible,no disponible,,,2025-10-19T03:31:42.404Z,2025-10-21T04:39:23.033Z,2025-10-28T20:24:09.414Z,739.52,,$717.02,PenX - Abridor de píldoras multiuso - Enfermera - Hoja retráctil - Agarre antideslizante,https://www.amazon.com.mx/dp/B08R32STYF,https://www.amazon.com/dp/B08R32STYF,SRKSB LLC,
,B0D8PY2DH5,5,Hogar y Cocina,disponible,no disponible,,,2025-10-19T03:31:42.404Z,2025-10-21T04:39:30.220Z,2025-10-28T20:24:16.609Z,647.52,,$647.52,"Wzotiy - Regalos de jefe para mujer, regalos del día del jefe, regalos de cumpleaños para jefe, regalos de Navidad para jefe, regalos de agradecimiento para mujeres, compañeras de trabajo, jefe, bolsa",https://www.amazon.com.mx/dp/B0D8PY2DH5,https://www.amazon.com/dp/B0D8PY2DH5,SRKSB LLC,
,B0DDLC3SPH,5,Hogar y Cocina,disponible,disponible,,,2025-10-19T03:31:42.404Z,2025-10-21T04:39:36.426Z,2025-10-28T20:24:23.726Z,673.59,15.95,$698.40,"ELYPRO - Dispensador para bolsas Ziplock de tamaño de cuarto de galón, sándwich y bocadillos | Montaje debajo del gabinete o estante | Dispensación de bolsas de fácil acceso frontal | Solución de",https://www.amazon.com.mx/dp/B0DDLC3SPH,https://www.amazon.com/dp/B0DDLC3SPH,SRKSB LLC,ELYPRO
,B0BY186RP3,5,Hogar y Cocina,disponible,no disponible,,,2025-10-19T03:31:42.404Z,2025-10-21T04:39:45.251Z,2025-10-28T20:24:31.398Z,1498.33,,"$1,498.33","TIDITA - Juego de 3 soportes para tartas de madera de acacia – Soporte de madera rústico para cupcakes – Soporte de pedestal para decoración de boda y cumpleaños, exhibición de postre para servir en",https://www.amazon.com.mx/dp/B0BY186RP3,https://www.amazon.com/dp/B0BY186RP3,SRKSB LLC,
,B0D86CC93Z,5,Hogar y Cocina,disponible,disponible,,,2025-10-19T03:31:42.404Z,2025-10-21T04:39:54.066Z,2025-10-28T20:24:39.700Z,545.69,8.99,$545.69,"2 años de aniversario de regalo para esposa, marido, bolsas de vino de 2 años, regalo de boda para novia, regalo de segundo matrimonio, regalo de reunión de clase de segundo aniversario para él, ella,",https://www.amazon.com.mx/dp/B0D86CC93Z,https://www.amazon.com/dp/B0D86CC93Z,SRKSB LLC,JZHOO
,B0DNJT93CX,5,Hogar y Cocina,disponible,disponible,,,2025-10-19T03:31:42.404Z,2025-10-21T04:40:02.107Z,2025-10-28T20:24:47.086Z,2131.32,69.99,"$2,127.54","KIDISLE - Máquina automática de soja de 32 onzas para almendras caseras, avena, coco, soja, leches a base de plantas y bebidas no lácteas con retraso de arranque/mantener el calor,",https://www.amazon.com.mx/dp/B0DNJT93CX,https://www.amazon.com/dp/B0DNJT93CX,SRKSB LLC,Kidisle
,B0DBQDBB4Q,5,Hogar y Cocina,disponible,no disponible,,,2025-10-19T03:31:42.405Z,2025-10-21T04:40:09.609Z,2025-10-28T20:24:55.367Z,1038.59,,"$1,038.59","Yecuip - Kit de ahumador de whisky con antorcha bourbon/cóctel para regalo para papá, marido, 8 sabores, chips de madera para hombres antiguos (sin butano)",https://www.amazon.com.mx/dp/B0DBQDBB4Q,https://www.amazon.com/dp/B0DBQDBB4Q,Rimecebuy,
,B0D7PV5RDL,5,Hogar y Cocina,disponible,no disponible,,,2025-10-19T03:31:42.405Z,2025-10-21T04:40:18.457Z,2025-10-28T20:25:03.364Z,658.75,,$656.39,"DOIUCRO - Bolsa de lona de terror para Halloween, bolsa de hombro estética para mujeres, regalos de fiesta de Halloween, regalos de día festivo de otoño, para adolescentes, hija, amiga, compañera de",https://www.amazon.com.mx/dp/B0D7PV5RDL,https://www.amazon.com/dp/B0D7PV5RDL,SRKSB LLC,
,B0D9NMD8HL,5,Hogar y Cocina,disponible,disponible,,,2025-10-19T03:31:56.124Z,2025-10-21T04:40:25.955Z,2025-10-28T20:25:11.919Z,888.63,14.99,$893.69,"Juego de 6 tazas apilables de 4 onzas, con aislamiento al aspiradora, vasos de chupito espresso para café, mini vasos de chupito de acero inoxidable de doble pared con popote y tapa",https://www.amazon.com.mx/dp/B0D9NMD8HL,https://www.amazon.com/dp/B0D9NMD8HL,SRKSB LLC,CHLJAR
,B0CH9GYKMX,5,Hogar y Cocina,disponible,no disponible,,,2025-10-19T03:31:56.125Z,2025-10-21T04:40:32.641Z,2025-10-28T20:25:20.805Z,1483.92,,"$1,483.92","CZSZYGHBAO - 2 tarros de vidrio grandes con tapa hermética, tarros de vidrio para almacenamiento de alimentos para té, especias, cereales, huevo, harina, café y más (1 galón/4000 ml)",https://www.amazon.com.mx/dp/B0CH9GYKMX,https://www.amazon.com/dp/B0CH9GYKMX,SRKSB LLC,
,B0D5BGNNFS,5,Hogar y Cocina,disponible,disponible,,,2025-10-19T03:31:56.125Z,2025-10-21T04:40:40.275Z,2025-10-28T20:25:29.686Z,497.98,9.99,$500.06,"SZERE - Bolsa de lona para perros para mujeres, letrero de estancia psicológica, bolsa de regalo para amantes de los perros, bolsas de comestibles reutilizables, el mejor regalo para los amantes de",https://www.amazon.com.mx/dp/B0D5BGNNFS,https://www.amazon.com/dp/B0D5BGNNFS,SRKSB LLC,wxbwang
,B0CKH41SY5,5,Hogar y Cocina,disponible,disponible,,,2025-10-19T03:31:56.125Z,2025-10-21T04:40:46.943Z,2025-10-28T20:25:37.602Z,1503.59,44.99,"$1,521.25","Olla antiadherente de 6 cuartos, con tapa de vidrio templado, compatible con la inducción de la salsa de acero inoxidable, segura para todas las cocinas/lavavajillas/sin perfluorooctanosulfonato",https://www.amazon.com.mx/dp/B0CKH41SY5,https://www.amazon.com/dp/B0CKH41SY5,SRKSB LLC,JubeL
,B0CYWPP9DJ,5,Hogar y Cocina,disponible,no disponible,,,2025-10-19T03:31:56.125Z,2025-10-21T04:40:54.460Z,2025-10-28T20:25:45.657Z,2486.85,,"$2,532.37",VASMIA 7-Tier Wine Rack piso no empotrado Negro,https://www.amazon.com.mx/dp/B0CYWPP9DJ,https://www.amazon.com/dp/B0CYWPP9DJ,SRKSB LLC,
,B0CWP434RW,5,Hogar y Cocina,disponible,disponible,,,2025-10-19T03:31:56.125Z,2025-10-21T04:41:10.488Z,2025-10-28T20:26:00.109Z,467.85,7.99,$470.36,"Mikela - Regalos de graduación para él y ella, bolsas de regalo de graduación, regalo de graduación para enfermera, mejor amigo, hija, hijo, regalos inspiradores para mujeres y hombres, decoración de",https://www.amazon.com.mx/dp/B0CWP434RW,https://www.amazon.com/dp/B0CWP434RW,SRKSB LLC,CaaTan
,B0D6BK651K,5,Hogar y Cocina,disponible,no disponible,,,2025-10-19T03:31:56.126Z,2025-10-21T04:41:18.205Z,2025-10-28T20:26:08.802Z,1406.17,,"$1,398.82","Dmore - Bloque de cuchillos magnético giratorio de 360° hecho de madera de acacia fina, almacenamiento de gran capacidad para cuchillos y utensilios",https://www.amazon.com.mx/dp/B0D6BK651K,https://www.amazon.com/dp/B0D6BK651K,SRKSB LLC,
,B0CZ114SHB,5,Hogar y Cocina,disponible,disponible,,,2025-10-19T03:31:56.126Z,2025-10-21T04:41:26.359Z,2025-10-28T20:26:16.074Z,569.68,9.99,$569.68,"Seclate - Bolsa de lona para mujer, para amantes de los viajes, talla F",https://www.amazon.com.mx/dp/B0CZ114SHB,https://www.amazon.com/dp/B0CZ114SHB,SRKSB LLC,BEIDS
,B0DCZB347F,5,Hogar y Cocina,disponible,disponible,,,2025-10-19T03:31:56.126Z,2025-10-21T04:41:34.464Z,2025-10-28T20:26:24.176Z,435.3,15.99,$646.88,"Ayuda para rebanar, ayuda para seccionar, cortador de verduras, dispositivo de cortar, herramienta de ayuda para rebanar carne, frutas y cocina",https://www.amazon.com.mx/dp/B0DCZB347F,https://www.amazon.com/dp/B0DCZB347F,Amazon Estados Unidos,YZZYY
,B09VKGQD82,5,Hogar y Cocina,disponible,no disponible,,,2025-10-19T03:31:56.126Z,2025-10-21T04:41:41.062Z,2025-10-28T20:26:32.693Z,503.23,,$506.28,"Grasa de grado alimenticio de 4 onzas para batidora de soporte Kitchenaid, universalmente compatible con mezcladores de soporte de cocina, equipada con junta 9709511 4162324 y espátula",https://www.amazon.com.mx/dp/B09VKGQD82,https://www.amazon.com/dp/B09VKGQD82,SRKSB LLC,
,B0CXX9T1QS,5,Hogar y Cocina,disponible,disponible,,,2025-10-19T03:31:56.126Z,2025-10-21T04:41:48.770Z,2025-10-28T20:26:42.862Z,573.87,8.99,$576.40,"Bolsa de vino de Miss to Mrs Bride To Be Regalos de despedida de soltera para novia, regalo de boda, regalos de compromiso para mujeres, regalos de futura señora, decoración de despedida de soltero,",https://www.amazon.com.mx/dp/B0CXX9T1QS,https://www.amazon.com/dp/B0CXX9T1QS,SRKSB LLC,CaaTan
,B0BWYRY1Q1,5,Hogar y Cocina,disponible,disponible,,,2025-10-19T03:31:56.126Z,2025-10-21T04:41:56.006Z,2025-10-28T20:26:50.064Z,1334.02,36.09,"$1,715.20","Juego de cubiertos de 49 piezas negro con organizador, juego de cubiertos de acero inoxidable para 8 con bandeja de cajón, cubiertos, cuchillos de carne, tenedor cuchara para el hogar, restaurante",https://www.amazon.com.mx/dp/B0BWYRY1Q1,https://www.amazon.com/dp/B0BWYRY1Q1,HNEN,"Shenzhenshi Weifengshiji Technology Co., Ltd."
,B0CN4C6N89,5,Hogar y Cocina,disponible,no disponible,,,2025-10-19T03:31:56.127Z,2025-10-21T04:42:04.343Z,2025-10-28T20:26:58.780Z,970.26,,$923.88,"Soporte para dispensador de bebidas ajustable de 8 a 11.2 pulgadas de ancho, tarro de bebidas y soporte de jarra de plástico para agua para plantar macetas de flores, ajustable hasta 11.5 pulgadas de ancho (para jarra de 5 galones de 8 a 11.2 pulgadas), color nogal",https://www.amazon.com.mx/dp/B0CN4C6N89,https://www.amazon.com/dp/B0CN4C6N89,SRKSB LLC,
,B0CX58D8MJ,5,Hogar y Cocina,disponible,disponible,,,2025-10-19T03:31:56.127Z,2025-10-21T04:42:12.527Z,2025-10-28T20:27:05.918Z,493.82,8.99,$496.34,"PsyD - Regalos de graduación, bolsa de vino, psicólogo, regalo de psicología, regalo para terapeuta, regalo para mujeres, hombres, psicólogo, consejero psicológico, decoración de regalo, botella de",https://www.amazon.com.mx/dp/B0CX58D8MJ,https://www.amazon.com/dp/B0CX58D8MJ,SRKSB LLC,CaaTan
,B0CTD22YNC,5,Hogar y Cocina,disponible,disponible,,,2025-10-19T03:31:56.129Z,2025-10-21T04:42:19.253Z,2025-10-28T20:27:14.606Z,1429.29,39.95,"$1,429.29","EDELHAUS - Frascos de vidrio con etiqueta y tapas de acero inoxidable (24 x 4 onzas) para especias con 240 etiquetas, insertos para coctelera, embudo de acero, organizador cuadrado aspiradora para",https://www.amazon.com.mx/dp/B0CTD22YNC,https://www.amazon.com/dp/B0CTD22YNC,SRKSB LLC,Vision Ventures LLC
,B01N1KJU0E,5,Hogar y Cocina,disponible,no disponible,,,2025-10-19T03:31:56.129Z,2025-10-21T04:42:26.888Z,2025-10-28T20:27:22.780Z,514.19,,$514.19,"Bolsas de muselina 100% algodón con cordón, paquete de 12 para almacenamiento de regalos de despensa, sin blanquear (4 x 6, beige), 1 Count (Pack of 12)",https://www.amazon.com.mx/dp/B01N1KJU0E,https://www.amazon.com/dp/B01N1KJU0E,SRKSB LLC,
,B0D2WD6VDM,5,Hogar y Cocina,disponible,no disponible,,,2025-10-19T03:32:03.760Z,2025-10-21T04:42:35.290Z,2025-10-28T20:27:31.858Z,629.55,,$627.96,"YUARIML - Girador de vaso inclinado para bricolaje con diamantes de imitación, suministros para hacer tazas brillantes, volteador de vasos con espuma de tamaño ajustable",https://www.amazon.com.mx/dp/B0D2WD6VDM,https://www.amazon.com/dp/B0D2WD6VDM,SRKSB LLC,
,B0CWV5VTP5,5,Hogar y Cocina,disponible,disponible,,,2025-10-19T03:32:03.760Z,2025-10-21T04:42:42.512Z,2025-10-28T20:27:39.336Z,548.17,9.99,$548.17,"Aliceset - Bolsas de lona estéticas para mujer que incluyen una bonita bolsa reutilizable de comestibles, bolsa de maquillaje cosmético para ir de compras",https://www.amazon.com.mx/dp/B0CWV5VTP5,https://www.amazon.com/dp/B0CWV5VTP5,SRKSB LLC,Warmerse
,B0D5HKGXZT,5,Hogar y Cocina,disponible,disponible,,PRICE_AND_SELLER_NOT_FOUND,2025-10-19T03:32:03.760Z,2025-10-21T04:42:49.806Z,2025-10-28T20:27:46.916Z,1287.97,,"$1,208.86","VIVIRBIEN - Soporte de madera para tartas con tapa, soporte para tartas de acacia con cúpula de vidrio, soporte de postre versátil de 11 pulgadas con fuerte pedestal magnético, soporte para tartas",https://www.amazon.com.mx/dp/B0D5HKGXZT,https://www.amazon.com/dp/B0D5HKGXZT,SRKSB LLC,
,B0CH6ZT5JQ,5,Hogar y Cocina,disponible,disponible,,PRICE_AND_SELLER_NOT_FOUND,2025-10-19T03:32:03.760Z,2025-10-21T04:42:58.682Z,2025-10-28T20:27:54.452Z,818,,"$3,927.30","XING LANG Carrito de compras plegable con ruedas giratorias y frenos, carrito plegable de 550 libras con doble cesta y forro impermeable, carros utilitarios portátiles resistentes para lavandería",https://www.amazon.com.mx/dp/B0CH6ZT5JQ,https://www.amazon.com/dp/B0CH6ZT5JQ,Marca: XING LANG,
,B0D21WGWXR,5,Hogar y Cocina,disponible,no disponible,,,2025-10-19T03:32:03.760Z,2025-10-21T04:43:05.562Z,2025-10-28T20:28:01.396Z,784.22,,$788.93,"SaitiMade - Juego de 3 fundas para soporte de pedestal de cilindro de madera, con textura de madera de elastano, para decoración de fiestas, bodas o cumpleaños, solo contiene cubiertas de cilindro",https://www.amazon.com.mx/dp/B0D21WGWXR,https://www.amazon.com/dp/B0D21WGWXR,SRKSB LLC,
,B0CL47QJB5,5,Hogar y Cocina,disponible,disponible,,,2025-10-19T03:32:03.761Z,2025-10-21T04:43:12.637Z,2025-10-28T20:28:09.693Z,731.21,15.99,$731.21,"Engrowtic - Bolsas de regalo de papel con versículo bíblico con pañuelos, bolsas de regalo cristianas con escrituras, inspiradoras paisajes religiosos, bolsas de regalo de himno con asa para bautismo",https://www.amazon.com.mx/dp/B0CL47QJB5,https://www.amazon.com/dp/B0CL47QJB5,SRKSB LLC,Oceanoufeed
,B0CPYFM8CR,5,Hogar y Cocina,disponible,no disponible,,,2025-10-19T03:32:03.761Z,2025-10-21T04:43:20.469Z,2025-10-28T20:28:17.893Z,643.05,,$687.47,"Organizador de mesa giratoria de madera de acacia de 10 pulgadas para gabinete, bandeja redonda decorativa para servir bandeja de centro clásico, bandeja de granja para decoración de mesa de centro de",https://www.amazon.com.mx/dp/B0CPYFM8CR,https://www.amazon.com/dp/B0CPYFM8CR,M&H Customer Friendly Store,
,B0C6KBHMMN,5,Hogar y Cocina,disponible,disponible,,,2025-10-19T03:32:03.761Z,2025-10-21T04:43:27.893Z,2025-10-28T20:28:26.226Z,541.84,7.9,$512.42,"Loveinside - Bolsa de regalo naranja con papel de seda, etiqueta de regalo y tarjeta de felicitación para inauguración de la casa, fiesta, baby shower y más, 10 x 5 x 13 pulgadas, 1 unidad - Casa naranja",https://www.amazon.com.mx/dp/B0C6KBHMMN,https://www.amazon.com/dp/B0C6KBHMMN,SRKSB LLC,Ruspepa®
,B0887QYX26,5,Hogar y Cocina,disponible,no disponible,,,2025-10-19T03:32:03.761Z,2025-10-21T04:43:35.855Z,2025-10-28T20:28:34.499Z,1249.47,,"$1,249.47","NOVAYEAH - Escurridor de Platos de bambú con Soporte para Utensilios, escurridor de Platos de Madera Plegable, Soporte de Secado Plegable Grande de 3 Niveles para encimera de Cocina",https://www.amazon.com.mx/dp/B0887QYX26,https://www.amazon.com/dp/B0887QYX26,SRKSB LLC,
,B0BQL9BDJW,5,Hogar y Cocina,disponible,disponible,,,2025-10-19T03:32:03.761Z,2025-10-21T04:43:52.913Z,2025-10-28T20:28:48.531Z,840.24,21.99,$833.70,"Bluapple VeggieZips - Bolsas de almacenamiento de productos premium - Produce bolsas ahorradoras de alimentos + HydroLiners para mantener la producción fresca durante más tiempo, bolsas lavables y reutilizables para control de humedad para frutas y verduras",https://www.amazon.com.mx/dp/B0BQL9BDJW,https://www.amazon.com/dp/B0BQL9BDJW,SRKSB LLC,The BluApple Company
,B0BWY3NNCN,5,Hogar y Cocina,disponible,no disponible,,,2025-10-19T03:32:03.761Z,2025-10-21T04:44:01.559Z,2025-10-28T20:28:56.202Z,822.83,,$827.58,"CZSZYGHBAO - Tarros grandes de vidrio para harina y azúcar con tapa hermética de bambú, 100 onzas líquidas (3000 ml) con 42 etiquetas de despensa para alimentos secos, harina, pasta, cereales",https://www.amazon.com.mx/dp/B0BWY3NNCN,https://www.amazon.com/dp/B0BWY3NNCN,SRKSB LLC,
,B0C48ZG7Z8,5,Hogar y Cocina,disponible,disponible,,,2025-10-19T03:32:03.762Z,2025-10-21T04:44:08.379Z,2025-10-28T20:29:03.503Z,3081.8,95.58,"$3,081.80","Carro de empuje plegable con plataforma para camión, capacidad de peso de 350 libras, mango ajustable para camión de mano con ruedas giratorias de 360 grados para uso en cochera, jardín, hogar y",https://www.amazon.com.mx/dp/B0C48ZG7Z8,https://www.amazon.com/dp/B0C48ZG7Z8,SRKSB LLC,DrTakepeak
,B0D3CCC759,5,Hogar y Cocina,disponible,no disponible,,,2025-10-19T03:32:03.762Z,2025-10-21T04:44:16.446Z,2025-10-28T20:29:11.224Z,651.78,,$675.81,"100 piezas de forro Banneton, cesta a prueba de pan Banneton, revestimientos no tejidos, masa antiadherente, cubierta a prueba de pan, forro elástico para cesta Banneton, suministros para hornear pan",https://www.amazon.com.mx/dp/B0D3CCC759,https://www.amazon.com/dp/B0D3CCC759,SRKSB LLC,
,B0DDNTZML4,5,Hogar y Cocina,disponible,disponible,,,2025-10-19T03:32:03.762Z,2025-10-21T04:44:23.706Z,2025-10-28T20:29:19.669Z,398,9.99,$475.71,"Pulverizador de aceite para cocinar, dispensador de aceite de oliva 2 en 1 spray y verter botella de aceite de oliva de 470 ml, dispensador de aceite de oliva de niebla para cocina, freidora de aire,",https://www.amazon.com.mx/dp/B0DDNTZML4,https://www.amazon.com/dp/B0DDNTZML4,Sunny3-HQ,OURCABECUE DIRECT
,B0CGWV6Z7R,5,Hogar y Cocina,disponible,disponible,,,2025-10-19T03:32:03.762Z,2025-10-21T04:44:30.321Z,2025-10-28T20:29:28.778Z,398.93,3.98,$397.55,"Bolsas de regalo grandes de 13 pulgadas, Wishinside, color azul, rosa, amarillo, acuarela, para fiestas de cumpleaños, San Valentín, bodas, aniversarios, día de la independencia",https://www.amazon.com.mx/dp/B0CGWV6Z7R,https://www.amazon.com/dp/B0CGWV6Z7R,Boon Shopping,mountaineer2023
,B0CFVC7X5V,5,Hogar y Cocina,disponible,no disponible,,,2025-10-19T03:32:03.762Z,2025-10-21T04:44:37.729Z,2025-10-28T20:29:36.973Z,1002.19,,"$1,040.67","PANDAWOOD - Bandeja de cama de madera de acacia para desayuno en la cama, bandeja plegable para comer, bandeja plegable para comer en el sofá y el computadora portátil, bandeja de cena de TV",https://www.amazon.com.mx/dp/B0CFVC7X5V,https://www.amazon.com/dp/B0CFVC7X5V,AREDIANT,
,B0BRZ1XVNJ,5,Hogar y Cocina,disponible,no disponible,,,2025-10-19T03:32:15.325Z,2025-10-21T04:44:46.053Z,2025-10-28T20:29:44.422Z,972.72,,"$1,006.86","napfun Almohada de cuello para viajes, almohada de cuello de viaje mejorada para avión, almohada de viaje de espuma viscoelástica 100% pura para artículos esenciales de viaje en avión, juegos de lujo serie 3, amarillo, mediano (120-200 libras)",https://www.amazon.com.mx/dp/B0BRZ1XVNJ,https://www.amazon.com/dp/B0BRZ1XVNJ,SRKSB LLC,
,B0DQCKN9Z6,5,Hogar y Cocina,disponible,disponible,,,2025-10-19T03:32:15.325Z,2025-10-21T04:44:53.954Z,2025-10-28T20:29:52.381Z,393.15,4.99,$387.36,"4uds Anillos de Sellado para Botellas, Repuesto de Junta de Silicona para Botella de Agua Thermos Funtainer de 16 oz de Acero Inoxidable con Aislamiento al Vacío",https://www.amazon.com.mx/dp/B0DQCKN9Z6,https://www.amazon.com/dp/B0DQCKN9Z6,SRKSB LLC,Beisong
,B09YCWGY3C,5,Hogar y Cocina,disponible,no disponible,,,2025-10-19T03:32:15.325Z,2025-10-21T04:45:01.418Z,2025-10-28T20:29:59.835Z,417.25,,$412.11,"Paquete de 100 banderas de palillos de dientes cubanos con bandera de Cuba, púas de cóctel, decoración de fiesta, celebración, cóctel, bar, banderas para tartas (Cuba)",https://www.amazon.com.mx/dp/B09YCWGY3C,https://www.amazon.com/dp/B09YCWGY3C,SRKSB LLC,
,B09BB1HGQH,5,Hogar y Cocina,disponible,disponible,,,2025-10-19T03:32:15.325Z,2025-10-21T04:45:08.475Z,2025-10-28T20:30:06.587Z,1300.15,38.99,"$1,271.55","GOLDORANGE - Almohada de viaje para el cuello, la mejor almohadilla de espuma viscoelástica para adultos, avión, coche, hogar, descanso para dormir con bolsa de transporte compacta, gris, L",https://www.amazon.com.mx/dp/B09BB1HGQH,https://www.amazon.com/dp/B09BB1HGQH,SRKSB LLC,Goldorange
,B0CHMHHRVY,5,Hogar y Cocina,disponible,disponible,,,2025-10-19T03:32:15.325Z,2025-10-21T04:45:16.128Z,2025-10-28T20:30:15.108Z,1193.79,29.99,"$1,200.17","HomeElves Coffee Mugs Set of 6, 16 Oz White Coffee Mugs, Porcelain Mugs, Large and Easy to Grip Mug Sets, Embossed Coffee Cup Set for Coffee, White",https://www.amazon.com.mx/dp/B0CHMHHRVY,https://www.amazon.com/dp/B0CHMHHRVY,SRKSB LLC,HomeElves Official
,B09JC63BZJ,5,Hogar y Cocina,disponible,no disponible,,,2025-10-19T03:32:15.326Z,2025-10-21T04:45:24.971Z,2025-10-28T20:30:22.694Z,744.12,,$748.40,"napfun - Almohada de cuello para viajes, almohada de viaje mejorada para avión 100% espuma viscoelástica pura, almohada de viaje para dormir en vuelo, accesorios de avión portátil, rosa",https://www.amazon.com.mx/dp/B09JC63BZJ,https://www.amazon.com/dp/B09JC63BZJ,SRKSB LLC,
,B0DBSPDVZ2,5,Hogar y Cocina,disponible,no disponible,,,2025-10-19T03:32:15.326Z,2025-10-21T04:45:32.437Z,2025-10-28T20:30:30.469Z,1733.06,,"$1,789.43","KNODOS - Soporte para portafiltro de nogal V3 de 54 mm para máquinas Breville con soporte de manipulación, ranura para distribuidor y almacenamiento de accesorios múltiples",https://www.amazon.com.mx/dp/B0DBSPDVZ2,https://www.amazon.com/dp/B0DBSPDVZ2,WAITOMO LLC,
,B09B9YHZVQ,5,Hogar y Cocina,disponible,disponible,,,2025-10-19T03:32:15.326Z,2025-10-21T04:45:40.591Z,2025-10-28T20:30:39.242Z,1325.2,39.97,"$1,296.75","GOLDORANGE - Almohadas de cuello para viajes, espuma viscoelástica, apoyo para la cabeza, para adultos, coche, oficina, descanso, accesorios de viaje, gris, M",https://www.amazon.com.mx/dp/B09B9YHZVQ,https://www.amazon.com/dp/B09B9YHZVQ,BROWN LEAVES LLC,Goldorange
,B0D9S2W9FN,5,Hogar y Cocina,disponible,disponible,,,2025-10-19T03:32:15.326Z,2025-10-21T04:45:48.524Z,2025-10-28T20:30:46.762Z,974.91,27.99,$981.27,"Magcheer - Botella de agua magnética aislada – Botella de acero inoxidable reutilizable con soporte para teléfono compatible MagSafe – Mantiene el frío durante 24 horas – Perfecto para gimnasio,",https://www.amazon.com.mx/dp/B0D9S2W9FN,https://www.amazon.com/dp/B0D9S2W9FN,SRKSB LLC,Magcheer
,B09MD834C9,5,Hogar y Cocina,disponible,no disponible,,,2025-10-19T03:32:15.326Z,2025-10-21T04:45:56.434Z,2025-10-28T20:30:55.853Z,455.91,,$480.86,"Cukwily - Sillín de fregadero, tapete protector divisor, sin olor, súper suave, sin manchas, 12.83 x 11.1 pulgadas",https://www.amazon.com.mx/dp/B09MD834C9,https://www.amazon.com/dp/B09MD834C9,SRKSB LLC,
,B0B1HNP5KK,5,Hogar y Cocina,disponible,no disponible,,,2025-10-19T03:32:15.326Z,2025-10-21T04:46:04.420Z,2025-10-28T20:31:03.160Z,912.53,,$957.45,"Organizador Lazy Susan de 14 pulgadas, bambú Lazy Susan para armario de mesa, estante giratorio para especias, estante giratorio de cocina, contenedor de almacenamiento de alimentos con asas dobles para armario de cocina (grande)",https://www.amazon.com.mx/dp/B0B1HNP5KK,https://www.amazon.com/dp/B0B1HNP5KK,SRKSB LLC,
,B0D5BD88QR,5,Hogar y Cocina,disponible,disponible,,,2025-10-19T03:32:15.327Z,2025-10-21T04:46:12.445Z,2025-10-28T20:31:10.199Z,349,11.99,$590.75,"SZERE - Bolsa de lona con lazo rosa coqueta para mujer, con temática de lazo rosa coqueta, regalos para mujeres, niños, adolescentes, adolescentes, niñas, lindas bolsas de viaje de trabajo, bolsas",https://www.amazon.com.mx/dp/B0D5BD88QR,https://www.amazon.com/dp/B0D5BD88QR,nanyangshuangyangshangmaoyouxiangongsi,wxbwang
,B097BH2HXN,5,Hogar y Cocina,disponible,no disponible,,,2025-10-19T03:32:15.327Z,2025-10-21T04:46:20.271Z,2025-10-28T20:31:17.538Z,501.2,,$491.08,"Pajitas de papel de langosta, 24 unidades, para fiestas de cumpleaños",https://www.amazon.com.mx/dp/B097BH2HXN,https://www.amazon.com/dp/B097BH2HXN,SRKSB LLC,
,B0DFCJKJG4,5,Hogar y Cocina,disponible,no disponible,,,2025-10-19T03:32:15.327Z,2025-10-21T04:46:35.551Z,2025-10-28T20:31:32.661Z,749.2,,$726.36,"BARREEMO - Regalos de enfermería para mujeres, enfermera, práctica, regalos de agradecimiento para enfermeras, regalos de agradecimiento para enfermeras, enfermeras, semanas, regalos de graduación",https://www.amazon.com.mx/dp/B0DFCJKJG4,https://www.amazon.com/dp/B0DFCJKJG4,SRKSB LLC,
,B0D7D3SHMY,5,Hogar y Cocina,disponible,disponible,,,2025-10-19T03:32:15.327Z,2025-10-21T04:46:43.659Z,2025-10-28T20:31:40.643Z,703.26,16.99,$693.28,"Velaris City of Starlight - Vaso de acero inoxidable de 20 onzas con tapa y pajita, vaso de regalo de Acotar, taza de café Acotar (Ciudad de Velaris)",https://www.amazon.com.mx/dp/B0D7D3SHMY,https://www.amazon.com/dp/B0D7D3SHMY,SRKSB LLC,CLWHGF
,B094XVCP96,5,Hogar y Cocina,disponible,disponible,,,2025-10-19T03:32:26.036Z,2025-10-21T04:46:52.291Z,2025-10-28T20:31:48.285Z,576.67,6.99,$516.08,"Bolsa de vino de supervivencia escolar de enfermería, regalo para RN, graduación de enfermería, 1 pieza (A012)",https://www.amazon.com.mx/dp/B094XVCP96,https://www.amazon.com/dp/B094XVCP96,SRKSB LLC,Doreen's-Boutiques
,B09BY6TPGC,5,Hogar y Cocina,disponible,disponible,,,2025-10-19T03:32:26.037Z,2025-10-21T04:46:59.920Z,2025-10-28T20:31:56.059Z,981.26,26.99,$981.26,"Turners - Monos de trabajo para hombre, color azul marino, para almacén, garajes, para estudiantes",https://www.amazon.com.mx/dp/B09BY6TPGC,https://www.amazon.com/dp/B09BY6TPGC,SRKSB LLC,Turner Stores
,B0DJLS3J4N,5,Hogar y Cocina,disponible,disponible,,,2025-10-19T03:32:26.037Z,2025-10-21T04:47:08.216Z,2025-10-28T20:32:04.441Z,529.91,9.99,$529.91,"Seclate L07 - Bolsas de lona de Navidad para mujer, diseño de árbol de Navidad, regalo de Año Nuevo, decoración de fiesta, reutilizable, bolsas de compras de comestibles, Varios colores, L",https://www.amazon.com.mx/dp/B0DJLS3J4N,https://www.amazon.com/dp/B0DJLS3J4N,SRKSB LLC,BEIDS
,B0C4T4VN4M,5,Hogar y Cocina,disponible,no disponible,,,2025-10-19T03:32:26.037Z,2025-10-21T04:47:15.702Z,2025-10-28T20:32:11.566Z,462.31,,$834.09,"Konokyo - Vaso de 40 onzas con asa y 2 pajitas, 2 tapas, botella de agua aislada de acero inoxidable, taza de viaje, reutilizable, puesta de sol pastel",https://www.amazon.com.mx/dp/B0C4T4VN4M,https://www.amazon.com/dp/B0C4T4VN4M,Amazon Estados Unidos,
,B0948PH2F8,5,Hogar y Cocina,disponible,disponible,,,2025-10-19T03:32:26.038Z,2025-10-21T04:47:24.069Z,2025-10-28T20:32:19.723Z,1528.12,45.99,"$1,538.44","Uaral - Platos japoneses de sushi, juego de 4 platos de sushi de gres de 162 pulgadas (verde esmeralda)",https://www.amazon.com.mx/dp/B0948PH2F8,https://www.amazon.com/dp/B0948PH2F8,SRKSB LLC,Uaral Porcelain
,B0D3VBSS3G,5,Hogar y Cocina,disponible,disponible,,,2025-10-19T03:32:26.038Z,2025-10-21T04:47:31.302Z,2025-10-28T20:32:28.387Z,349,12.99,$590.75,"WAITPI - Bolsa de lona cristiana religiosa cristiana para el hombro de lona pequeña para oración con asas, regalo cristiano, bolsas reutilizables para oración de serenidad para mujeres, No aplicable,",https://www.amazon.com.mx/dp/B0D3VBSS3G,https://www.amazon.com/dp/B0D3VBSS3G,nanyangshuangyangshangmaoyouxiangongsi,WAITPI
,B0D8SDKSQJ,5,Hogar y Cocina,disponible,no disponible,,,2025-10-19T03:32:26.038Z,2025-10-21T04:47:38.652Z,2025-10-28T20:32:35.586Z,2164.34,,"$2,206.92","Bandeja de calentamiento eléctrico (XXL 32 x 18 pulgadas), calentadores de alimentos para fiestas buffet con termostato y calefacción de superficie completa, alfombrilla de calentamiento de vidrio",https://www.amazon.com.mx/dp/B0D8SDKSQJ,https://www.amazon.com/dp/B0D8SDKSQJ,SRKSB LLC,
,B0CQBXD41Q,5,Hogar y Cocina,disponible,no disponible,,,2025-10-19T03:32:26.038Z,2025-10-21T04:47:46.691Z,2025-10-28T20:32:42.782Z,220,,$492.87,"DEBETOOL - Soporte para libro de cocina de madera de 8.8 pulgadas para encimera de cocina, soporte multifuncional, soporte para libro de recetas color café rústico",https://www.amazon.com.mx/dp/B0CQBXD41Q,https://www.amazon.com/dp/B0CQBXD41Q,RuiZhuanZhaoCai,
,B01J2UA4JU,5,Hogar y Cocina,disponible,no disponible,,,2025-10-19T03:32:26.038Z,2025-10-21T04:47:54.381Z,2025-10-28T20:32:50.333Z,630.18,,$630.18,"DR Bolsas de muselina 100% algodón con cordón, paquete de 6/12/24 para almacenamiento, despensa, regalos, zapatos, Beige, 7 x 12 inch - 12 pack, Casual",https://www.amazon.com.mx/dp/B01J2UA4JU,https://www.amazon.com/dp/B01J2UA4JU,SRKSB LLC,
,B0CC2F4CZK,5,Hogar y Cocina,disponible,disponible,,,2025-10-19T03:32:26.038Z,2025-10-21T04:48:01.833Z,2025-10-28T20:32:57.793Z,694.38,25.99,$933.10,"Vaso de 40 onzas con asa, vaso de caballo de 40 onzas, con tapa, pajita, doble aislamiento, para viaje, para amantes de los caballos, regalos para mujeres",https://www.amazon.com.mx/dp/B0CC2F4CZK,https://www.amazon.com/dp/B0CC2F4CZK,Amazon Estados Unidos,shangchangmaoyi
,B09WKB7M4W,5,Hogar y Cocina,disponible,no disponible,,,2025-10-19T03:32:26.038Z,2025-10-21T04:48:09.447Z,2025-10-28T20:33:05.779Z,171.3,,$475.25,"200 púas de cóctel, palillos de dientes de 4.7 pulgadas para aperitivos, palillos de cóctel de bambú para bebidas, postres, embutidos, palillos de dientes elegantes para fiesta de boda, mini púas decorativas de comida",https://www.amazon.com.mx/dp/B09WKB7M4W,https://www.amazon.com/dp/B09WKB7M4W,MEI9 zxcvbdr,
,B004L7JJBY,5,Hogar y Cocina,disponible,no disponible,,,2025-10-19T03:32:26.038Z,2025-10-21T04:48:16.416Z,2025-10-28T20:33:13.648Z,1962.87,,"$1,931.60",Vibraciones de ébano: Baid,https://www.amazon.com.mx/dp/B004L7JJBY,https://www.amazon.com/dp/B004L7JJBY,AUTO MATE,
,B06XSLCKRG,5,Hogar y Cocina,disponible,no disponible,,,2025-10-19T03:32:26.039Z,2025-10-21T04:48:23.647Z,2025-10-28T20:33:21.080Z,480.4,,$480.40,"Posavasos de piel sintética para bebidas y cerveza, juego de 6 posavasos con soporte para mesa de madera, mesa de centro, posavasos absorbentes, posavasos fáciles de limpiar, posavasos de Pascua, regalos de inauguración de la casa",https://www.amazon.com.mx/dp/B06XSLCKRG,https://www.amazon.com/dp/B06XSLCKRG,SRKSB LLC,
,B0D7J3JH33,5,Hogar y Cocina,disponible,disponible,,PRICE_AND_SELLER_NOT_FOUND,2025-10-19T03:32:26.039Z,2025-10-21T04:48:31.314Z,2025-10-28T20:33:29.363Z,790.66,,$790.23,"CHILAKALA Bolsas de almacenamiento de algodón – Bolsas de doble costura reutilizables grandes y medianas para verduras, frutas, aperitivos y almacenamiento de alimentos (20, blanco roto, L, pequeño)",https://www.amazon.com.mx/dp/B0D7J3JH33,https://www.amazon.com/dp/B0D7J3JH33,SRKSB LLC,
,B0BXJJ6865,5,Hogar y Cocina,disponible,no disponible,,,2025-10-19T03:32:26.039Z,2025-10-21T04:48:38.088Z,2025-10-28T20:33:36.453Z,926.89,,$927.88,"WEERSHUNZEBEIYU 32oz Beer Bottle,Swing Top Glass Kombucha Bottles with Stoppers for Brewing, Beverages, Smoothies, Kefir, Beer, Soda, Juicing, Kombucha, Oil, Water, Milk, Vinegar(4 Pack)",https://www.amazon.com.mx/dp/B0BXJJ6865,https://www.amazon.com/dp/B0BXJJ6865,SRKSB LLC,
,B0D5BHGHNY,5,Hogar y Cocina,disponible,disponible,,,2025-10-19T03:32:26.039Z,2025-10-21T04:48:45.484Z,2025-10-28T20:33:43.891Z,349,12.99,$573.59,"SZERE - Botas vaqueras de lona para mujer, botas vaqueras, bolsas de comestibles, bolsas de comestibles, bolsa de regalo de compras para trabajo, viajes, bolsa de hombro, Blanco, Talla unica",https://www.amazon.com.mx/dp/B0D5BHGHNY,https://www.amazon.com/dp/B0D5BHGHNY,nanyangshuangyangshangmaoyouxiangongsi,wxbwang
,B0DFWFLKTD,5,Hogar y Cocina,disponible,disponible,,,2025-10-19T03:32:37.341Z,2025-10-21T04:48:53.817Z,2025-10-28T20:33:51.054Z,399.02,4.99,$390.60,"6 fundas de paja de Navidad para copa Stanley, 10 mm para accesorios de vasos, tapón reutilizable para tapas de popotes",https://www.amazon.com.mx/dp/B0DFWFLKTD,https://www.amazon.com/dp/B0DFWFLKTD,SRKSB LLC,Future Amazing
,B0D5BGW1P6,5,Hogar y Cocina,disponible,disponible,,,2025-10-19T03:32:37.341Z,2025-10-21T04:49:02.675Z,2025-10-28T20:33:58.658Z,349,11.99,$549.00,"Gothic Cowgirl - Bolsa de lona para mujeres y adolescentes, regalos pequeños, bolsas de trabajo, reutilizables, bolsas de hombro, Pensador de cráneo, Talla unica",https://www.amazon.com.mx/dp/B0D5BGW1P6,https://www.amazon.com/dp/B0D5BGW1P6,nanyangshuangyangshangmaoyouxiangongsi,wxbwang
,B09F6J43CG,5,Hogar y Cocina,disponible,no disponible,,,2025-10-19T03:32:37.341Z,2025-10-21T04:49:17.472Z,2025-10-28T20:34:12.506Z,1018.18,,"$1,018.18","Bellsal - Organizador de cubiertos de bambú expandible para utensilios de cocina y cubiertos, color negro",https://www.amazon.com.mx/dp/B09F6J43CG,https://www.amazon.com/dp/B09F6J43CG,SRKSB LLC,
,B0D5BFVQLW,5,Hogar y Cocina,disponible,disponible,,,2025-10-19T03:32:37.341Z,2025-10-21T04:49:26.302Z,2025-10-28T20:34:20.882Z,349,11.99,$566.17,"SZERE - Bolsa de lona para mujer, diseño de vaquera, con texto en inglés ""The Cowgirl"", bolsas de comestibles reutilizables, regalos de vaquera, bolsa de lona de Rodeo Western Gift Western Shopping",https://www.amazon.com.mx/dp/B0D5BFVQLW,https://www.amazon.com/dp/B0D5BFVQLW,nanyangshuangyangshangmaoyouxiangongsi,wxbwang
,B0CWH229T1,5,Hogar y Cocina,disponible,no disponible,,,2025-10-19T03:32:37.341Z,2025-10-21T04:49:33.397Z,2025-10-28T20:34:27.623Z,528.16,,$506.28,"ICSTI Spurtle Skinny para arrancador de masa madre, mezcla, llegando a la parte inferior del frasco, batidor de masa, natural de alta resistencia a la humedad, herramientas de cocina de madera para",https://www.amazon.com.mx/dp/B0CWH229T1,https://www.amazon.com/dp/B0CWH229T1,SRKSB LLC,
,B0D5BD98GC,5,Hogar y Cocina,disponible,disponible,,,2025-10-19T03:32:37.342Z,2025-10-21T04:49:41.156Z,2025-10-28T20:34:34.731Z,349,9.99,$549.00,"SZERE - Bolsa de lona con ancla de verano, letrero de ancla, bolsas reutilizables de playa de mar, el mejor regalo para los amantes de la playa del mar, bolsa de regalo de compras para el trabajo,",https://www.amazon.com.mx/dp/B0D5BD98GC,https://www.amazon.com/dp/B0D5BD98GC,nanyangshuangyangshangmaoyouxiangongsi,wxbwang
,B0CJY2ZH29,5,Hogar y Cocina,disponible,no disponible,,,2025-10-19T03:32:37.342Z,2025-10-21T04:49:49.138Z,2025-10-28T20:34:42.843Z,629.55,,$634.83,"KOKSTOP Lazy Susan - Organizador giratorio de 9 pulgadas para encimera de cocina, soporte giratorio de madera para gabinete, mesa de comedor, clóset de almacenamiento, color negro",https://www.amazon.com.mx/dp/B0CJY2ZH29,https://www.amazon.com/dp/B0CJY2ZH29,SRKSB LLC,
,B01L6LXV7U,5,Hogar y Cocina,disponible,no disponible,,,2025-10-19T03:32:37.342Z,2025-10-21T04:49:57.686Z,2025-10-28T20:34:51.647Z,716.86,,$716.86,"DR - Bolsas de algodón con cordón doble, paquete de 12, beige, 10 x 15 pulgadas",https://www.amazon.com.mx/dp/B01L6LXV7U,https://www.amazon.com/dp/B01L6LXV7U,SRKSB LLC,
,B0D8TXJZK4,5,Hogar y Cocina,disponible,no disponible,,,2025-10-19T03:32:37.342Z,2025-10-21T04:50:05.839Z,2025-10-28T20:34:58.653Z,1398.27,,"$1,495.32","Get Well Soon Cestas de regalo para mujeres, 12 piezas de regalo para mujeres después de la cirugía, regalos de cumpleaños, paquete de cuidado, dolor, simpatía, condolencias cesta de regalo para",https://www.amazon.com.mx/dp/B0D8TXJZK4,https://www.amazon.com/dp/B0D8TXJZK4,CATTLESIV,
,B0D5BGSRKV,5,Hogar y Cocina,disponible,disponible,,,2025-10-19T03:32:37.342Z,2025-10-21T04:50:13.080Z,2025-10-28T20:35:05.737Z,349,11.39,$551.56,"SZERE - Bolsa de lona bohemia para mujer, diseño bohemio con texto ""Hello Sunshine"", bolsas de comestibles reutilizables, bolsa de mano bohemia, regalo de cumpleaños para mujeres, adolescentes, novia,",https://www.amazon.com.mx/dp/B0D5BGSRKV,https://www.amazon.com/dp/B0D5BGSRKV,nanyangshuangyangshangmaoyouxiangongsi,wxbwang
,B0CVXPR838,5,Hogar y Cocina,disponible,no disponible,,,2025-10-19T03:32:37.342Z,2025-10-21T04:50:20.062Z,2025-10-28T20:35:13.686Z,769.09,,$771.39,"Wican - Bandeja para toallas de baño, roble y hierro, para sala de polvo, mesa de comedor, cesta de madera para toallas de mano de papel desechables, color dorado y negro",https://www.amazon.com.mx/dp/B0CVXPR838,https://www.amazon.com/dp/B0CVXPR838,SRKSB LLC,
,B0D5BG51ZG,5,Hogar y Cocina,disponible,disponible,,,2025-10-19T03:32:37.343Z,2025-10-21T04:50:28.263Z,2025-10-28T20:35:21.320Z,349,9.49,$566.17,"SZERE - Bolsa de lona para playa para mujer, letrero de ancla de Sunshine Sea Beach, bolsas de comestibles reutilizables, el mejor regalo para amantes de la playa del mar, bolsa de regalo de compras",https://www.amazon.com.mx/dp/B0D5BG51ZG,https://www.amazon.com/dp/B0D5BG51ZG,nanyangshuangyangshangmaoyouxiangongsi,wxbwang
,B0CZRDWGJT,5,Hogar y Cocina,disponible,no disponible,,,2025-10-19T03:32:37.343Z,2025-10-21T04:50:35.497Z,2025-10-28T20:35:29.711Z,1093.83,,"$1,098.86","PRICUSIS - Sartén antiadherente de cerámica con tapa, sartén no tóxica, huevo saludable y omelette y sartén de chef, sin PTFE PFOA y PFAS, compatible con inducción (10 pulgadas W/L)",https://www.amazon.com.mx/dp/B0CZRDWGJT,https://www.amazon.com/dp/B0CZRDWGJT,SRKSB LLC,
,B0CY4QGCRS,5,Hogar y Cocina,disponible,no disponible,,,2025-10-19T03:32:37.343Z,2025-10-21T04:50:43.181Z,2025-10-28T20:35:38.111Z,2666.36,,"$2,735.74",JIALIJIU Carrito de compras plegable Jumbo para comestibles con bolsa impermeable y ruedas giratorias de 360°,https://www.amazon.com.mx/dp/B0CY4QGCRS,https://www.amazon.com/dp/B0CY4QGCRS,SRKSB LLC,
,B0D8RWJ4Z5,5,Hogar y Cocina,disponible,disponible,,,2025-10-19T03:32:37.344Z,2025-10-21T04:50:49.981Z,2025-10-28T20:35:45.460Z,1283.56,39.99,"$1,296.54",Chef Preserve Bolsas selladoras al vacío (30 bolsas),https://www.amazon.com.mx/dp/B0D8RWJ4Z5,https://www.amazon.com/dp/B0D8RWJ4Z5,SRKSB LLC,Chef Preserve
,B07PWY3T3P,5,Hogar y Cocina,disponible,disponible,,,2025-10-19T03:32:37.344Z,2025-10-21T04:50:58.533Z,2025-10-28T20:35:54.602Z,1324.24,37.95,"$1,310.25","Paquete de 5 bolsas de lona para comestibles, 100% lona, ​​reutilizables, lavables con asa de tela de algodón, 6.5 '' de ancho, 13 '' de alto, 7 '' escudete, marfil",https://www.amazon.com.mx/dp/B07PWY3T3P,https://www.amazon.com/dp/B07PWY3T3P,Boon Shopping,HOMELY CONNECT
,B0DCNL5M7H,5,Hogar y Cocina,disponible,disponible,,,2025-10-19T03:32:50.166Z,2025-10-21T04:51:06.768Z,2025-10-28T20:36:02.843Z,1155.65,31.95,"$1,104.86","GEPOSTORE - Vaso con tapa, diseño de burro azul de 40 onzas con tapa, lindo personaje de dibujos animados, regalos de cumpleaños para amantes de las películas",https://www.amazon.com.mx/dp/B0DCNL5M7H,https://www.amazon.com/dp/B0DCNL5M7H,SRKSB LLC,GEPOSTORE
,B0CPJD56YQ,5,Hogar y Cocina,disponible,no disponible,,,2025-10-19T03:32:50.166Z,2025-10-21T04:51:14.641Z,2025-10-28T20:36:10.809Z,1368.54,,"$1,357.05","Huhumy - Paquete de 12 bolsas de arpillera de Pascua con etiquetas, bolsas de yute para niños, regalo de caza de huevos de conejito (Pascua)",https://www.amazon.com.mx/dp/B0CPJD56YQ,https://www.amazon.com/dp/B0CPJD56YQ,SRKSB LLC,
,B07RCYJ8N6,5,Hogar y Cocina,disponible,no disponible,,,2025-10-19T03:32:50.166Z,2025-10-21T04:51:21.569Z,2025-10-28T20:36:18.835Z,1247.06,,"$1,232.00",WV - Bandeja para Servir de Piel sintética de cocodrilo Negra con Mango de Acero Inoxidable Dorado Cepillado (Negro y Dorado),https://www.amazon.com.mx/dp/B07RCYJ8N6,https://www.amazon.com/dp/B07RCYJ8N6,SRKSB LLC,
,B0CMPXWHD4,5,Hogar y Cocina,disponible,disponible,,,2025-10-19T03:32:50.166Z,2025-10-21T04:51:29.644Z,2025-10-28T20:36:25.808Z,1031.72,24.99,"$1,036.86","Sweetude - Paquete de 8 regalos de Navidad para los amantes de los libros, bolsa de lona a granel, bibliotecario, lectores, regalos para mujeres",https://www.amazon.com.mx/dp/B0CMPXWHD4,https://www.amazon.com/dp/B0CMPXWHD4,SRKSB LLC,Koungen
,B0D59V31C2,5,Hogar y Cocina,disponible,disponible,,,2025-10-19T03:32:50.167Z,2025-10-21T04:51:38.121Z,2025-10-28T20:36:33.827Z,876,37.99,"$1,202.61","llave de bomba de barril roscado de 4 pulgadas, mini dispensador de barril, mini kit de llave de cerveza, llave portátil de cerveza de picnic para bar en casa, bomba de mano de cerveza de fiesta con",https://www.amazon.com.mx/dp/B0D59V31C2,https://www.amazon.com/dp/B0D59V31C2,Amazon Estados Unidos,Chyyi
,B0CC5DJN4V,5,Hogar y Cocina,disponible,disponible,,,2025-10-19T03:32:50.167Z,2025-10-21T04:51:45.661Z,2025-10-28T20:36:42.125Z,422.15,5.99,$412.11,"Loveinside - Bolsa de regalo de cumpleaños negra con papel de seda para cumpleaños, baby shower, fiesta y más, 13 x 10 x 5 pulgadas, 1 unidad",https://www.amazon.com.mx/dp/B0CC5DJN4V,https://www.amazon.com/dp/B0CC5DJN4V,SRKSB LLC,Ruspepa®
,B07VQRTQL9,5,Hogar y Cocina,disponible,no disponible,,,2025-10-19T03:32:50.167Z,2025-10-21T04:52:01.091Z,2025-10-28T20:36:57.294Z,522.94,,$510.87,"Juego de 6 pares de palillos de cocina de madera de 16.5 pulgadas, palillos largos reutilizables para cocinar Wok, freír fideos y freír asiática, ideal para uso en cocina",https://www.amazon.com.mx/dp/B07VQRTQL9,https://www.amazon.com/dp/B07VQRTQL9,SRKSB LLC,
,B0C692Q9MR,5,Hogar y Cocina,disponible,disponible,,,2025-10-19T03:32:50.167Z,2025-10-21T04:52:09.008Z,2025-10-28T20:37:05.751Z,578.87,19.99,$761.93,"Engorgio Organizador de bolsas de compras ajustable, ideal para guardar paños plegados, papel, almuerzo y alimentos reutilizables, bolsas de compras y regalo",https://www.amazon.com.mx/dp/B0C692Q9MR,https://www.amazon.com/dp/B0C692Q9MR,Amazon Estados Unidos,Engorgio
,B0DDH82CBV,5,Hogar y Cocina,disponible,no disponible,,,2025-10-19T03:32:50.167Z,2025-10-21T04:52:16.406Z,2025-10-28T20:37:12.837Z,1165.37,,"$1,153.90","Kit de whisky para fumar con antorcha – Bourbon regalos para hombres, kit de cóctel con antorcha y chips de madera para whisky y bourbon, juego de fumadores antiguos, regalos de cumpleaños para",https://www.amazon.com.mx/dp/B0DDH82CBV,https://www.amazon.com/dp/B0DDH82CBV,SRKSB LLC,
,B0C28BT8KK,5,Hogar y Cocina,disponible,no disponible,,,2025-10-19T03:32:50.168Z,2025-10-21T04:52:25.281Z,2025-10-28T20:37:20.851Z,1075.11,,"$1,050.89","Paquete de 100 bolsas pequeñas de regalo negras de 5.9 x 3.1 x 8.2 pulgadas, bolsas de papel kraft con asas a granel para recuerdos de fiesta de cumpleaños, bolsas de papel de regalo, bolsas de regalo de compras al por menor",https://www.amazon.com.mx/dp/B0C28BT8KK,https://www.amazon.com/dp/B0C28BT8KK,SRKSB LLC,
,B0CKYSGFRV,5,Hogar y Cocina,disponible,no disponible,,,2025-10-19T03:32:50.168Z,2025-10-21T04:52:31.841Z,2025-10-28T20:37:28.452Z,480,,$646.88,"Regalos de boda para el primer aniversario para esposa, novia, regalo para parejas, candelabro de regalo para el primer año de boda, aniversario de boda, regalos románticos para esposa, marido",https://www.amazon.com.mx/dp/B0CKYSGFRV,https://www.amazon.com/dp/B0CKYSGFRV,hengjiuyuanmei002,
,B0B1T5SNB7,5,Hogar y Cocina,disponible,disponible,,,2025-10-19T03:32:50.168Z,2025-10-21T04:52:39.243Z,2025-10-28T20:37:35.920Z,526.59,8.59,$488.20,"Bolsa de maquillaje para mamá, 104",https://www.amazon.com.mx/dp/B0B1T5SNB7,https://www.amazon.com/dp/B0B1T5SNB7,SRKSB LLC,Qizigoo
,B096ZNB76Q,5,Hogar y Cocina,disponible,no disponible,,,2025-10-19T03:32:50.168Z,2025-10-21T04:52:47.109Z,2025-10-28T20:37:44.352Z,531.27,,$531.27,"Kit de esparcidor y espátula, 3.5 pulgadas, 5 pulgadas, 7 pulgadas en forma de T y espátula de 13.4 pulgadas, varillas de crepes de material de madera natural para cualquier crepé, con cepillo de silicona, juego de 5",https://www.amazon.com.mx/dp/B096ZNB76Q,https://www.amazon.com/dp/B096ZNB76Q,SRKSB LLC,
,B08L3K1GQN,5,Hogar y Cocina,disponible,no disponible,,,2025-10-19T03:32:50.168Z,2025-10-21T04:52:55.550Z,2025-10-28T20:37:51.137Z,926.41,,$926.41,Paquete de 4 aislantes medianos,https://www.amazon.com.mx/dp/B08L3K1GQN,https://www.amazon.com/dp/B08L3K1GQN,SRKSB LLC,
,B0B7BG19T8,5,Hogar y Cocina,disponible,no disponible,,,2025-10-19T03:32:50.168Z,2025-10-21T04:53:02.564Z,2025-10-28T20:37:58.050Z,925.71,,$931.67,"Temporizador de reloj de arena grande rellenable, reloj de arena aspiradora decorativo de madera de arena, transparente",https://www.amazon.com.mx/dp/B0B7BG19T8,https://www.amazon.com/dp/B0B7BG19T8,SRKSB LLC,
,B07THHSW5L,5,Hogar y Cocina,disponible,disponible,,,2025-10-19T03:32:50.168Z,2025-10-21T04:53:11.707Z,2025-10-28T20:38:05.635Z,349,13.99,$622.53,ZzWwR,https://www.amazon.com.mx/dp/B07THHSW5L,https://www.amazon.com/dp/B07THHSW5L,nanyangshuangyangshangmaoyouxiangongsi,LoiFa
,B0D8FP9SLZ,5,Hogar y Cocina,disponible,disponible,,,2025-10-19T03:33:01.789Z,2025-10-21T04:53:18.469Z,2025-10-28T20:38:13.776Z,1265.92,39.95,"$1,265.92","LET'S WANDER Original Lets Wander National Parks - Botella de agua con 63 pegatinas impermeables de acero inoxidable aisladas y pajita para regalo, color negro",https://www.amazon.com.mx/dp/B0D8FP9SLZ,https://www.amazon.com/dp/B0D8FP9SLZ,SRKSB LLC,LETS WANDER
,B09Q5Y461J,5,Hogar y Cocina,disponible,no disponible,,,2025-10-19T03:33:01.789Z,2025-10-21T04:53:26.171Z,2025-10-28T20:38:22.726Z,1976.45,,"$1,967.16",Vvwgkpk - Juego de 12 piezas: Cuchillos de Cocina Profesionales de Acero Inoxidable Alemán con Bloque de Madera Café,https://www.amazon.com.mx/dp/B09Q5Y461J,https://www.amazon.com/dp/B09Q5Y461J,SRKSB LLC,
,B0CZDF688F,5,Hogar y Cocina,disponible,no disponible,,,2025-10-19T03:33:01.789Z,2025-10-21T04:53:33.075Z,2025-10-28T20:38:30.647Z,952.55,,$959.05,"Cortador de pan de bambú para pan casero con cuchillo de 15 pulgadas de grosor de 3 rebanadas | Cortador de pan ajustable y plegable para pan, pasteles, bagels | Guía de corte adicional, tabla de",https://www.amazon.com.mx/dp/B0CZDF688F,https://www.amazon.com/dp/B0CZDF688F,SRKSB LLC,
,B0BXRZBYBD,5,Hogar y Cocina,disponible,disponible,,,2025-10-19T03:33:01.790Z,2025-10-21T04:53:41.502Z,2025-10-28T20:38:38.146Z,895.29,23.99,$840.07,"Lalord - Cafetera para verter sobre café, jarra de vidrio de borosilicato de 20 onzas con 100 filtros de papel V60, mango de nogal y tapa de vidrio, cafetera de goteo para el hogar, cafetería,",https://www.amazon.com.mx/dp/B0BXRZBYBD,https://www.amazon.com/dp/B0BXRZBYBD,SRKSB LLC,Gsform
,B0DCFLHJ1X,5,Hogar y Cocina,disponible,no disponible,,,2025-10-19T03:33:01.790Z,2025-10-21T04:53:50.443Z,2025-10-28T20:38:47.018Z,679.44,,$666.13,"521 tazas de charcutería con palitos y bolsas, 12 onzas desechables de papel café, 60 soportes para freír francés con etiquetas, 100 bolsas, corbatas, púas de cóctel y 1 marcador, recipientes para",https://www.amazon.com.mx/dp/B0DCFLHJ1X,https://www.amazon.com/dp/B0DCFLHJ1X,SRKSB LLC,
,B08C4XG1HQ,5,Hogar y Cocina,disponible,disponible,,,2025-10-19T03:33:01.790Z,2025-10-21T04:53:57.652Z,2025-10-28T20:38:54.329Z,599.84,21.99,$859.34,"OUII - Juego de 9 piezas con kit de limpieza de plancha y bolsa de transporte para Blackstone y Camp Chef Espátula de metal, raspador para parrilla Hibachi y Teppanyaki",https://www.amazon.com.mx/dp/B08C4XG1HQ,https://www.amazon.com/dp/B08C4XG1HQ,Amazon Estados Unidos,UrbanSauce
,B0D3L7PDNQ,5,Hogar y Cocina,disponible,no disponible,,,2025-10-19T03:33:01.790Z,2025-10-21T04:54:05.271Z,2025-10-28T20:39:02.554Z,1148.89,,"$1,128.62","Juego de herramientas para hacer pasta, kit de fabricación de pasta, incluye 12 herramientas para hacer pasta, accesorios para hacer pasta, rodillo de madera para pasta",https://www.amazon.com.mx/dp/B0D3L7PDNQ,https://www.amazon.com/dp/B0D3L7PDNQ,SRKSB LLC,
,B0D8QBD9LC,5,Hogar y Cocina,disponible,no disponible,,,2025-10-19T03:33:01.790Z,2025-10-21T04:54:12.176Z,2025-10-28T20:39:09.470Z,855.74,,$880.68,Banneton - Cesta de prueba de pan: 2 cestas de masa madre con forro - Cesta redonda para hornear,https://www.amazon.com.mx/dp/B0D8QBD9LC,https://www.amazon.com/dp/B0D8QBD9LC,SRKSB LLC,
,B0D8F2DY9T,5,Hogar y Cocina,disponible,disponible,,,2025-10-19T03:33:01.790Z,2025-10-21T04:54:19.791Z,2025-10-28T20:39:16.459Z,1270.45,39.95,"$1,270.45","LET'S WANDER - Botella de agua original de los parques nacionales con 63 pegatinas impermeables, de acero inoxidable aislado a prueba de fugas con pajita, botella de regalo de excursionista de Estados",https://www.amazon.com.mx/dp/B0D8F2DY9T,https://www.amazon.com/dp/B0D8F2DY9T,SRKSB LLC,LETS WANDER
,B01AORXVIQ,5,Hogar y Cocina,disponible,no disponible,,,2025-10-19T03:33:01.790Z,2025-10-21T04:54:27.930Z,2025-10-28T20:39:24.732Z,3181.42,,"$3,200.56","Silk Tree Warehouse Dos árboles de Cedro Artificiales para Exteriores de 4 pies, Plantas en Maceta con clasificación UV",https://www.amazon.com.mx/dp/B01AORXVIQ,https://www.amazon.com/dp/B01AORXVIQ,SRKSB LLC,
,B0D8KTW3V4,5,Hogar y Cocina,disponible,disponible,,,2025-10-19T03:33:01.790Z,2025-10-21T04:54:42.579Z,2025-10-28T20:39:39.328Z,662.2,15.99,$662.20,"XQK 241685101 - Tambor dispensador de hielo actualizado compatible con refrigerador Frigidaire, AP3959117, 241685103, 1196676, 5304404346, 7241685101",https://www.amazon.com.mx/dp/B0D8KTW3V4,https://www.amazon.com/dp/B0D8KTW3V4,SRKSB LLC,PwfHomeP
,B09QPQVK37,5,Hogar y Cocina,disponible,disponible,,,2025-10-19T03:33:01.790Z,2025-10-21T04:54:50.397Z,2025-10-28T20:39:47.524Z,1085.23,29.99,$932.40,"HONGBAKE - Juego de 3 bandejas para hornear para horno, sartenes antiadherentes de medio cuarto/gelatina con patrón de textura de diamante, bandeja de galletas resistente de 0,8 mm de grosor, color",https://www.amazon.com.mx/dp/B09QPQVK37,https://www.amazon.com/dp/B09QPQVK37,SRKSB LLC,HONGBAKE
,B07KZF3F7K,5,Hogar y Cocina,disponible,no disponible,,,2025-10-19T03:33:01.791Z,2025-10-21T04:54:58.579Z,2025-10-28T20:39:56.371Z,504.53,,$504.54,"Minisland - Púas de cóctel de hoja de piña de sandía, 4.7 pulgadas de largo, palillos de dientes elegantes de bambú para aperitivos, fiesta hawaiana decorativa, bebidas, brocheta de frutas, 100",https://www.amazon.com.mx/dp/B07KZF3F7K,https://www.amazon.com/dp/B07KZF3F7K,Boon Shopping,
,B098YTBT3N,5,Hogar y Cocina,disponible,no disponible,,,2025-10-19T03:33:01.791Z,2025-10-21T04:55:05.969Z,2025-10-28T20:40:03.197Z,626,,$858.88,"J.K. Adams Rodillo de madera de arce para hornear y pastelería francés para pizza, pasteles, rodillo de masa de galletas y más",https://www.amazon.com.mx/dp/B098YTBT3N,https://www.amazon.com/dp/B098YTBT3N,MEI9 zxcvbdr,
,B0CHY11HXT,5,Hogar y Cocina,disponible,no disponible,,,2025-10-19T03:33:16.787Z,2025-10-21T04:55:13.716Z,2025-10-28T20:40:09.741Z,726.64,,$726.64,"KAZI Essentials - Juego de 6 servilleteros de rafia tejidos naturales bohemios, servilleteros ecológicos, hechos a mano por artesanos africanos, costero, náutico, decoración de granja (negro)",https://www.amazon.com.mx/dp/B0CHY11HXT,https://www.amazon.com/dp/B0CHY11HXT,SRKSB LLC,
,B0895XTY72,5,Hogar y Cocina,disponible,no disponible,,,2025-10-19T03:33:16.787Z,2025-10-21T04:55:21.732Z,2025-10-28T20:40:18.089Z,537.5,,$541.78,"HEXNUB - Tapa de bambú para cafeteras Chemex, Bodum y Cosori, cubierta de retención de calor, accesorio ideal Chemex",https://www.amazon.com.mx/dp/B0895XTY72,https://www.amazon.com/dp/B0895XTY72,SRKSB LLC,
,B0D6G48XSX,5,Hogar y Cocina,disponible,no disponible,,,2025-10-19T03:33:16.788Z,2025-10-21T04:55:30.538Z,2025-10-28T20:40:25.703Z,932.88,,$931.59,"Organizador de barra de café de 2 niveles, estante de madera para barra de café, estante para encimera, organizador de estación de café rústico, estante de decoración para tazas, jarabe, soporte de",https://www.amazon.com.mx/dp/B0D6G48XSX,https://www.amazon.com/dp/B0D6G48XSX,SRKSB LLC,
,B01L81YUBO,5,Hogar y Cocina,disponible,disponible,,,2025-10-19T03:33:16.788Z,2025-10-21T04:55:37.923Z,2025-10-28T20:40:34.131Z,579.61,19.95,$743.83,IMS Competition E-61 Precision Filter Ridgeless Basket 18/22 gr - B70 2TC H28.5 E,https://www.amazon.com.mx/dp/B01L81YUBO,https://www.amazon.com/dp/B01L81YUBO,Amazon Estados Unidos,SADEON
,B08RDPMMR8,5,Hogar y Cocina,disponible,no disponible,,,2025-10-19T03:33:16.788Z,2025-10-21T04:55:45.872Z,2025-10-28T20:40:42.565Z,440.27,,$440.27,"Juego de cuchillos pequeños para esparcidor de queso crema, de madera de 5 pulgadas, acero inoxidable para cócteles, condimets, inmersiones, aperitivos, mermelada, pastelería, sándwich, tostadas",https://www.amazon.com.mx/dp/B08RDPMMR8,https://www.amazon.com/dp/B08RDPMMR8,SRKSB LLC,
,B0B6TVCBYD,5,Hogar y Cocina,disponible,disponible,,,2025-10-19T03:33:16.788Z,2025-10-21T04:55:53.444Z,2025-10-28T20:40:50.454Z,497.74,8.99,$486.12,Rollo de Papel de Contacto 17.7'' x 118'' Film Autoadhesivo Funda Protectora Removible Film Transparente Forros Cajones Estantes Armarios Cocina Escritorios Nevera Rollo,https://www.amazon.com.mx/dp/B0B6TVCBYD,https://www.amazon.com/dp/B0B6TVCBYD,SRKSB LLC,Ismoon
,B09T6T23DH,5,Hogar y Cocina,disponible,disponible,,,2025-10-19T03:33:16.788Z,2025-10-21T04:56:00.753Z,2025-10-28T20:40:58.629Z,1489.5,45.99,"$1,592.04","Juilist - Extractor de exprimidor de boca ancha de 3 pulgadas, para verduras enteras y frutas con ajuste de 3 velocidades, motor de 400 W, fácil de limpiar, receta incluida, sin BPA",https://www.amazon.com.mx/dp/B09T6T23DH,https://www.amazon.com/dp/B09T6T23DH,SRKSB LLC,HomekeT
,B005W6FFU2,5,Hogar y Cocina,disponible,no disponible,,,2025-10-19T03:33:16.788Z,2025-10-21T04:56:09.209Z,2025-10-28T20:41:06.014Z,702.03,,$704.46,"Bluapple Produce Saver - Kit de repuesto para mantener frutas y verduras frescas durante más tiempo, ahorrador de verduras y frutas, 8 paquetes (9 gramos cada uno), dura hasta 3 meses, almacenamiento",https://www.amazon.com.mx/dp/B005W6FFU2,https://www.amazon.com/dp/B005W6FFU2,SRKSB LLC,
,B0C6Q827WS,5,Hogar y Cocina,disponible,disponible,,,2025-10-19T03:33:16.788Z,2025-10-21T04:56:18.297Z,2025-10-28T20:41:13.211Z,790.38,20.99,$790.38,"GRAM PRES Balanza Miligramos de Alta Precisión,50g/0.001g Digital Mini Balanza Gram de Bolsillo,Balanza Mg para Pesar Polvos,Joyería,Medicina,Gemas,Recarga,Balanza de Oro con Peso Cal, Pinza y Bandeja",https://www.amazon.com.mx/dp/B0C6Q827WS,https://www.amazon.com/dp/B0C6Q827WS,SRKSB LLC,Gepusai
,B09469J2QR,5,Hogar y Cocina,disponible,no disponible,,,2025-10-19T03:33:16.789Z,2025-10-21T04:56:25.296Z,2025-10-28T20:41:20.516Z,1163.51,,"$1,226.27","LOVYANXUE - Ensaladeras de fibra de bambú, 4 paquetes de cuencos compostables de 32 onzas elegantes en ángulo negro para ensalada, pasta, sopa, preparación, ideal para el hogar y el restaurante (negro",https://www.amazon.com.mx/dp/B09469J2QR,https://www.amazon.com/dp/B09469J2QR,SRKSB LLC,
,B00P87B16M,5,Hogar y Cocina,disponible,no disponible,,,2025-10-19T03:33:16.789Z,2025-10-21T04:56:33.089Z,2025-10-28T20:41:28.886Z,975.26,,$979.93,Bluapple One-Year Combo Pack,https://www.amazon.com.mx/dp/B00P87B16M,https://www.amazon.com/dp/B00P87B16M,SRKSB LLC,
,B0CJ322MCT,5,Hogar y Cocina,disponible,disponible,,,2025-10-19T03:33:16.789Z,2025-10-21T04:56:40.040Z,2025-10-28T20:41:36.769Z,400.33,9.99,$500.06,"Luckinow - Ganchos para tazas debajo del gabinete, paquete de 3 ganchos para tazas de café para colgar debajo del estante, organizador de tazas con 12 ganchos para mostrar tazas, tazas de café y utensilios de cocina, color blanco",https://www.amazon.com.mx/dp/B0CJ322MCT,https://www.amazon.com/dp/B0CJ322MCT,Amazon Estados Unidos,Luckinow Official
,B01NBH3AXQ,5,Hogar y Cocina,disponible,no disponible,,,2025-10-19T03:33:16.789Z,2025-10-21T04:56:47.003Z,2025-10-28T20:41:44.284Z,717.33,,$717.33,"Pepper crusher, Ironwood chiltepin pepper crusher. Hand carved palo fierro beautiful rustic look, kitchen, food, Art and Home. Shape and size may vary. by IECAP LLC",https://www.amazon.com.mx/dp/B01NBH3AXQ,https://www.amazon.com/dp/B01NBH3AXQ,SRKSB LLC,
,B09TWQSCLG,5,Hogar y Cocina,disponible,no disponible,,,2025-10-19T03:33:16.789Z,2025-10-21T04:56:55.398Z,2025-10-28T20:41:52.228Z,1214.57,,"$1,225.35","Liywall - Frutero de cerámica de 2 niveles con soporte de madera de bambú para encimera de cocina, cesta de frutas de porcelana para almacenamiento de verduras, bandeja de pastel de postre para fiestas y bodas - Blanco",https://www.amazon.com.mx/dp/B09TWQSCLG,https://www.amazon.com/dp/B09TWQSCLG,SRKSB LLC,
,B0DHVS41D3,5,Hogar y Cocina,disponible,no disponible,,,2025-10-19T03:33:16.789Z,2025-10-21T04:57:02.373Z,2025-10-28T20:42:00.151Z,888.15,,$886.77,"Bonita taza de Navidad de regalo para mujer, con aislamiento morado, para mamá, regalos únicos de Navidad, decoración navideña, vaso festivo, de acero inoxidable, copo de nieve con tapa",https://www.amazon.com.mx/dp/B0DHVS41D3,https://www.amazon.com/dp/B0DHVS41D3,SEONGSAN,
,B07SY7RYZL,5,Hogar y Cocina,disponible,disponible,,,2025-10-19T03:33:26.782Z,2025-10-21T04:57:09.187Z,2025-10-28T20:42:08.710Z,1078.29,26.99,"$1,078.29","Piscepio - Soporte para tazas de café, organizador de platos, escurridor de hierro forjado, estante de secado para mostrador, gabinete, mesa, cocina, restaurante, oficina (dorado A)",https://www.amazon.com.mx/dp/B07SY7RYZL,https://www.amazon.com/dp/B07SY7RYZL,SRKSB LLC,Gewen Home Life
,B08PHZBC45,5,Hogar y Cocina,disponible,disponible,,,2025-10-19T03:33:26.782Z,2025-10-21T04:57:25.567Z,2025-10-28T20:42:22.932Z,703.53,17.95,$703.53,"Olietta - Botella dispensadora de aceite de oliva de acero inoxidable, antigoteo, a prueba de fugas, sin ensuciar, para verter vinagre y rociador de cocina, 8.5 onzas, 250 ml, 0.25 litros, ideal para",https://www.amazon.com.mx/dp/B08PHZBC45,https://www.amazon.com/dp/B08PHZBC45,SRKSB LLC,Inbound To Anglia Ltd USA
,B08R6CS9KH,5,Hogar y Cocina,disponible,no disponible,,,2025-10-19T03:33:26.782Z,2025-10-21T04:57:35.154Z,2025-10-28T20:42:31.589Z,2120.17,,"$2,175.14","SMIBUY Botellero de bambú, soporte para 35 botellas, 7 estantes de almacenamiento para cocina, despensa, sótano, bar (natural)",https://www.amazon.com.mx/dp/B08R6CS9KH,https://www.amazon.com/dp/B08R6CS9KH,SRKSB LLC,
,B0DFQ4K5VM,5,Hogar y Cocina,disponible,disponible,,,2025-10-19T03:33:26.782Z,2025-10-21T04:57:42.230Z,2025-10-28T20:42:39.830Z,946.11,25.99,$934.28,"Botella de agua de sóftbol de acero inoxidable de 32 onzas, botellas aisladas para hombres y mujeres, regalos de sóftbol para amantes del sóftbol, jugador, entrenador",https://www.amazon.com.mx/dp/B0DFQ4K5VM,https://www.amazon.com/dp/B0DFQ4K5VM,SRKSB LLC,Xtmunole
,B0CWF8ZN56,5,Hogar y Cocina,disponible,disponible,,,2025-10-19T03:33:26.782Z,2025-10-21T04:57:50.971Z,2025-10-28T20:42:46.735Z,782.11,19.99,$780.73,"Generador de botellas de agua de hidrógeno 2025 actualizado, portátil ionizador de agua de hidrógeno recargable, taza de salud de vidrio rico en hidrógeno, 420 ml, regalo para amigos/mujeres/hombres",https://www.amazon.com.mx/dp/B0CWF8ZN56,https://www.amazon.com/dp/B0CWF8ZN56,Amazon Estados Unidos,ShunRen
,B0D4QPSDJ2,5,Hogar y Cocina,disponible,no disponible,,,2025-10-19T03:33:26.782Z,2025-10-21T04:57:59.119Z,2025-10-28T20:42:54.442Z,1142.55,,"$1,150.39","Estante de vino montado en la pared para 6 botellas de vino y 6 soportes de vidrio, estante de vino de pared de 2 niveles, estantes de vino de madera para pared, soporte para botellas de vino de",https://www.amazon.com.mx/dp/B0D4QPSDJ2,https://www.amazon.com/dp/B0D4QPSDJ2,SRKSB LLC,
,B01IYDNTAW,5,Hogar y Cocina,disponible,disponible,,,2025-10-19T03:33:26.782Z,2025-10-21T04:58:07.384Z,2025-10-28T20:43:03.191Z,515.31,9.99,$515.31,"Elementi Original Premier espumador de leche con soporte | Más potente Motor Torque alto – Hacer Cappuccinos, Lattes y Bulletproof Café, Negro",https://www.amazon.com.mx/dp/B01IYDNTAW,https://www.amazon.com/dp/B01IYDNTAW,SRKSB LLC,Hopstitch Designs
,B0B7MKHML5,5,Hogar y Cocina,disponible,disponible,,,2025-10-19T03:33:26.782Z,2025-10-21T04:58:14.482Z,2025-10-28T20:43:11.925Z,1125.35,29.99,"$1,124.01","Cuencos de cerámica para cereales, cuencos coloridos de sopa de 23 onzas, juego de cuencos de porcelana profunda para ensalada, postre, pasta, helado, juego de 6",https://www.amazon.com.mx/dp/B0B7MKHML5,https://www.amazon.com/dp/B0B7MKHML5,SRKSB LLC,Metahom
,B089K9N5R4,5,Hogar y Cocina,disponible,no disponible,,,2025-10-19T03:33:26.782Z,2025-10-21T04:58:22.867Z,2025-10-28T20:43:19.774Z,1099,,"$1,128.62","Kit de coctelera de 26 piezas | Juego de barra de acero inoxidable con soporte de bambú, herramientas de cóctel para mezclar bebidas navideñas, kit de regalo para fiesta de bar en casa, kit de",https://www.amazon.com.mx/dp/B089K9N5R4,https://www.amazon.com/dp/B089K9N5R4,LA2MTY Facturamos todas tus compras,
,B0CG9DPMK3,5,Hogar y Cocina,disponible,disponible,,,2025-10-19T03:33:26.783Z,2025-10-21T04:58:30.231Z,2025-10-28T20:43:27.841Z,693.71,15.99,$693.71,"Bribay - Juego de 6 posavasos para bebidas, color azul, clásico, de cerámica española, absorbente, redondo, con base de corcho y soporte de metal, regalo para decoración de bar de habitación de",https://www.amazon.com.mx/dp/B0CG9DPMK3,https://www.amazon.com/dp/B0CG9DPMK3,SRKSB LLC,Bribay Design
,B0968PH4NQ,5,Hogar y Cocina,disponible,no disponible,,,2025-10-19T03:33:26.783Z,2025-10-21T04:58:38.071Z,2025-10-28T20:43:36.623Z,601.77,,$599.82,"HYYF - Abridor de botellas para palos de golf, para amantes del golf y entusiastas de la cerveza, hecho de aleación de zinc, 100 g",https://www.amazon.com.mx/dp/B0968PH4NQ,https://www.amazon.com/dp/B0968PH4NQ,SRKSB LLC,
,B0C8C8MRJP,5,Hogar y Cocina,disponible,no disponible,,,2025-10-19T03:33:26.783Z,2025-10-21T04:58:45.727Z,2025-10-28T20:43:45.145Z,1387.46,,"$1,389.76","ZOMUIA - Recipientes de café de vidrio herméticos para almacenamiento en grano de café con estante, 3 recipientes organizadores de 45 onzas, tarros de almacenamiento de alimentos de cocina para azúcar",https://www.amazon.com.mx/dp/B0C8C8MRJP,https://www.amazon.com/dp/B0C8C8MRJP,SRKSB LLC,
,B0C811QZ1C,5,Hogar y Cocina,disponible,no disponible,,,2025-10-19T03:33:26.783Z,2025-10-21T04:58:54.152Z,2025-10-28T20:43:52.827Z,1487.71,,"$1,487.71","SHOWIN Tarros de vela gruesos de 10 onzas para hacer velas, 15 unidades, tarros vacíos con tapas de madera para hacer velas, recipiente de muestra, rosa mate",https://www.amazon.com.mx/dp/B0C811QZ1C,https://www.amazon.com/dp/B0C811QZ1C,SRKSB LLC,
,B0D5VCD9S8,5,Hogar y Cocina,disponible,no disponible,,,2025-10-19T03:33:26.783Z,2025-10-21T04:59:01.814Z,2025-10-28T20:44:00.432Z,1077.99,,"$1,077.99","ABIOTO - Cortadores de pan para pan casero, sin astillas con base de HDPE y dedo de arce, 4 grosores diferentes para rebanadas uniformes y consistentes, guía plegable para cortar pan con ranuras",https://www.amazon.com.mx/dp/B0D5VCD9S8,https://www.amazon.com/dp/B0D5VCD9S8,SRKSB LLC,
,B0BVR18QKS,5,Hogar y Cocina,disponible,disponible,,,2025-10-19T03:33:26.783Z,2025-10-21T04:59:10.579Z,2025-10-28T20:44:08.127Z,453.53,7.99,$455.19,"GOBETTER - 2 cortadores de papel de vino, diseño magnético, 4 cuchillas de acero inoxidable, accesorio de abridor de botellas de vino, elimina la parte superior de aluminio sin esfuerzo para los",https://www.amazon.com.mx/dp/B0BVR18QKS,https://www.amazon.com/dp/B0BVR18QKS,SRKSB LLC,GobetterUS
,B09K7FH58T,5,Hogar y Cocina,disponible,no disponible,,,2025-10-19T03:33:36.156Z,2025-10-21T04:59:19.393Z,2025-10-28T20:44:17.093Z,1157.82,,"$1,176.87","Bloque magnético para cuchillos, soporte magnético para cuchillos, soporte magnético para cuchillos, soporte para cubiertos y estante de almacenamiento",https://www.amazon.com.mx/dp/B09K7FH58T,https://www.amazon.com/dp/B09K7FH58T,M&H Customer Friendly Store,
,B07TTD1JNR,5,Hogar y Cocina,disponible,disponible,,,2025-10-19T03:33:36.156Z,2025-10-21T04:59:27.230Z,2025-10-28T20:44:24.733Z,554.31,11.99,$555.55,"Elementi Espumador de leche eléctrico de mano para batidor matcha (pinwinkle), espumador de leche eléctrico para espumador de café, mezclador eléctrico de mano, espumador de leche de mano, máquina de espuma para agitador de café",https://www.amazon.com.mx/dp/B07TTD1JNR,https://www.amazon.com/dp/B07TTD1JNR,SRKSB LLC,Hopstitch Designs
,B0CRCXZ4DD,5,Hogar y Cocina,disponible,no disponible,,,2025-10-19T03:33:36.156Z,2025-10-21T04:59:34.717Z,2025-10-28T20:44:32.199Z,1092.18,,"$1,110.06","Goozii - Cesta colgante de frutas de pared para mostrador de cocina, paquete de 2, cestas de alambre apilables para organizar con tapa de madera, papelera de almacenamiento de papas y cebolla con",https://www.amazon.com.mx/dp/B0CRCXZ4DD,https://www.amazon.com/dp/B0CRCXZ4DD,SRKSB LLC,
,B0D7JG4VLD,5,Hogar y Cocina,disponible,no disponible,,,2025-10-19T03:33:36.156Z,2025-10-21T04:59:44.117Z,2025-10-28T20:44:40.763Z,600,,$695.82,"Pomodoro - Temporizador giratorio 5, 25, 10 50 minutos preestablecido, temporizador de productividad de computadora, cronómetro de cuenta regresiva de cubeta de herramientas para TDAH,",https://www.amazon.com.mx/dp/B0D7JG4VLD,https://www.amazon.com/dp/B0D7JG4VLD,WhimsyWares73,
,B01JBGSD5W,5,Hogar y Cocina,disponible,disponible,,,2025-10-19T03:33:36.157Z,2025-10-21T04:59:51.309Z,2025-10-28T20:44:49.152Z,700.95,18.99,$720.41,Bluapple with Activated Carbon,https://www.amazon.com.mx/dp/B01JBGSD5W,https://www.amazon.com/dp/B01JBGSD5W,CATTLESIV,The BluApple Company
,B095JGGJG5,5,Hogar y Cocina,disponible,disponible,,,2025-10-19T03:33:36.157Z,2025-10-21T04:59:59.568Z,2025-10-28T20:44:56.997Z,768.07,15.59,$772.00,"Bolsas de almuerzo de neopreno aisladas para mujeres, lavables, para el trabajo, picnic, bolsas ligeras para preparación de comidas para hombres y mujeres (girasoles, neopreno)",https://www.amazon.com.mx/dp/B095JGGJG5,https://www.amazon.com/dp/B095JGGJG5,SRKSB LLC,CILLA
,B0CKFG4H7B,5,Hogar y Cocina,disponible,disponible,,,2025-10-19T03:33:36.157Z,2025-10-21T05:00:15.356Z,2025-10-28T20:45:12.773Z,700.52,17.99,$700.52,Inspire My Play 3 embudos plegables de silicona coral para niños – Juguetes sensoriales para niños – Juguetes de vertido para niños – Herramientas y accesorios sensoriales seguros para alimentos,https://www.amazon.com.mx/dp/B0CKFG4H7B,https://www.amazon.com/dp/B0CKFG4H7B,SRKSB LLC,Inspire My Play
,B0CTGVMXMS,5,Hogar y Cocina,disponible,no disponible,,,2025-10-19T03:33:36.157Z,2025-10-21T05:00:23.866Z,2025-10-28T20:45:22.193Z,3077.53,,"$3,112.04","CoquusAid Juego de cuchillos, nuevo juego de cuchillos de cocina con inserción fácil biselada de 15°, bloque de 15 piezas con bloque y afilador, juego de cuchillos para carne enfriados al vacío con ac",https://www.amazon.com.mx/dp/B0CTGVMXMS,https://www.amazon.com/dp/B0CTGVMXMS,SRKSB LLC,
,B09Y5VZ6FW,5,Hogar y Cocina,disponible,disponible,,,2025-10-19T03:33:36.157Z,2025-10-21T05:00:32.003Z,2025-10-28T20:45:30.188Z,877,28.2,"$1,205.56","YELLOYA Cuencos de porcelana para cereales de 24 onzas, cuencos de cerámica de 6 pulgadas, juego de 6, cuencos clásico azul y blanco para arroz, ensalada, aperitivos, lavaplatos y microondas",https://www.amazon.com.mx/dp/B09Y5VZ6FW,https://www.amazon.com/dp/B09Y5VZ6FW,Marca: YELLOYA,HUACHAO
,B0CGM5B9XQ,5,Hogar y Cocina,disponible,disponible,,,2025-10-19T03:33:36.157Z,2025-10-21T05:00:39.724Z,2025-10-28T20:45:39.071Z,656.63,24.95,$883.46,"Pure And Easy Tea, Taza de Infusor de Vidrio Con Tapa, Filtro Moderno de Borosilicato Sin Plástico Para la Cerveza Más Pura, Mejor Regalo Para Amantes del Té de Hojas",https://www.amazon.com.mx/dp/B0CGM5B9XQ,https://www.amazon.com/dp/B0CGM5B9XQ,Amazon Estados Unidos,Pure & Easy Tea
,B07SQ5W2G9,5,Hogar y Cocina,disponible,disponible,,,2025-10-19T03:33:36.157Z,2025-10-21T05:00:46.414Z,2025-10-28T20:45:47.534Z,762.66,17.91,$769.04,"FOMANSH - Estante para copas de vino, soporte para copas de vino, organizador de metal, para bar, cocina, color negro",https://www.amazon.com.mx/dp/B07SQ5W2G9,https://www.amazon.com/dp/B07SQ5W2G9,SRKSB LLC,FOMANSH-Direct
,B0BYYX5S3V,5,Hogar y Cocina,disponible,no disponible,,,2025-10-19T03:33:36.157Z,2025-10-21T05:00:53.122Z,2025-10-28T20:45:55.568Z,1600.39,,"$1,911.89","SYOKAMI - Juego de 6 cuchillos de carne de acero inoxidable japonés de alto carbono de 4.8 pulgadas con mango de madera, diseño de espiga completa, cuchillos de cena afilados con caja de regalo",https://www.amazon.com.mx/dp/B0BYYX5S3V,https://www.amazon.com/dp/B0BYYX5S3V,Geen Store,
,B0DGGMYFFK,5,Hogar y Cocina,disponible,no disponible,,,2025-10-19T03:33:36.158Z,2025-10-21T05:01:01.002Z,2025-10-28T20:46:02.796Z,869.21,,$856.97,"Margarita Salt Rimmer Set de 6 pulgadas, 2 en 1 para cócteles con tabla de cortar, Rimmers de vidrio para bebidas Bar Accesorios – Juego de cóctel para fiestas de bar en casa, kit de bartender, regalo",https://www.amazon.com.mx/dp/B0DGGMYFFK,https://www.amazon.com/dp/B0DGGMYFFK,SRKSB LLC,
,B0CPS3M1FS,5,Hogar y Cocina,disponible,disponible,,,2025-10-19T03:33:36.158Z,2025-10-21T05:01:08.871Z,2025-10-28T20:46:11.472Z,425.5,5.99,$416.64,"100 banderas en blanco para palillos de dientes, marcadores de queso, letreros de alimentos para bufé, banderas de magdalenas, mini tablas de charcutería, accesorios para fiestas, palillos de dientes",https://www.amazon.com.mx/dp/B0CPS3M1FS,https://www.amazon.com/dp/B0CPS3M1FS,SRKSB LLC,puxindianzi
,B09FTKP4JG,5,Hogar y Cocina,disponible,no disponible,,,2025-10-19T03:33:36.158Z,2025-10-21T05:01:16.301Z,2025-10-28T20:46:20.006Z,3435.27,,"$3,435.27","Tabla de cortar de madera grande de arce canadiense, un bloque de carnicero que viene con ranura de jugo para cortar carne y verduras jugosas fácilmente, 50,8 x 40,6 x 3,8 cm",https://www.amazon.com.mx/dp/B09FTKP4JG,https://www.amazon.com/dp/B09FTKP4JG,SRKSB LLC,
,B0D97XWNNV,5,Hogar y Cocina,disponible,no disponible,,,2025-10-19T03:33:36.158Z,2025-10-21T05:01:23.209Z,2025-10-28T20:46:28.198Z,1193.65,,"$1,197.82","aisongdong - Soporte para tazas de sofá, bandeja de mesa 3 en 1 con soporte giratorio de 360° para sofá, mesa de reposo antideslizante para sofá grande y ancho, mesa auxiliar plegable para bebidas y",https://www.amazon.com.mx/dp/B0D97XWNNV,https://www.amazon.com/dp/B0D97XWNNV,SRKSB LLC,
,B08KYDFT8G,5,Hogar y Cocina,disponible,no disponible,,,2025-10-19T03:33:48.047Z,2025-10-21T05:01:31.142Z,2025-10-28T20:46:34.912Z,1738.84,,"$1,736.95",Ullo - Filtros de repuesto para botella completa (25 unidades) con tecnología de sulfito selectivo para hacer que cualquier vino sulfito libre de conservantes,https://www.amazon.com.mx/dp/B08KYDFT8G,https://www.amazon.com/dp/B08KYDFT8G,SRKSB LLC,
,B0CNWFQB9R,5,Hogar y Cocina,disponible,disponible,,,2025-10-19T03:33:48.048Z,2025-10-21T05:01:40.381Z,2025-10-28T20:46:43.248Z,378.98,3.99,$387.36,"Moldes de silicona para fondant de azúcar, caramelos de azúcar, moldes para manualidades para decoración de pasteles, cupcakes, chocolate, caramelos, polímero, arcilla de goma, juego de 2 unidades",https://www.amazon.com.mx/dp/B0CNWFQB9R,https://www.amazon.com/dp/B0CNWFQB9R,SRKSB LLC,FuChen
,B0C36FPGQC,5,Hogar y Cocina,disponible,disponible,,,2025-10-19T03:33:48.048Z,2025-10-21T05:01:47.535Z,2025-10-28T20:46:51.520Z,976.12,23.99,$980.88,"Pumtus Juego de 8 Cuencos de Sopa de Fideos de Melamina, 32 Onzas, Con Cuchara, Para Ramen, Udon, Soba, Pho y Sopa",https://www.amazon.com.mx/dp/B0C36FPGQC,https://www.amazon.com/dp/B0C36FPGQC,SRKSB LLC,Pumtus
,B0C4TFBC8D,5,Hogar y Cocina,disponible,disponible,,,2025-10-19T03:33:48.048Z,2025-10-21T05:01:55.092Z,2025-10-28T20:46:59.410Z,725.51,16.99,$691.81,"EALGRO - Vaso termico de acero inoxidable de 40 onzas con tapa y popote, aislado, doble pared, caliente 12 horas, fro 34 horas, negro",https://www.amazon.com.mx/dp/B0C4TFBC8D,https://www.amazon.com/dp/B0C4TFBC8D,SRKSB LLC,EALGRO
,B0B3QTRP8X,5,Hogar y Cocina,disponible,disponible,,,2025-10-19T03:33:48.048Z,2025-10-21T05:02:03.167Z,2025-10-28T20:47:07.031Z,1128.15,26.99,"$1,176.17","Escurridor de Platos Grande de 7 códigos para encimera de Cocina, Organizador Desmontable de Gran Capacidad con Soporte para Utensilios, Estante de Secado de Platos de 2 Niveles con Tabla de Drenaje,",https://www.amazon.com.mx/dp/B0B3QTRP8X,https://www.amazon.com/dp/B0B3QTRP8X,SRKSB LLC,Olesley
,B0988343TQ,5,Hogar y Cocina,disponible,no disponible,,,2025-10-19T03:33:48.048Z,2025-10-21T05:02:10.423Z,2025-10-28T20:47:15.876Z,1346.88,,"$1,372.03","ABIOTO Kit de fabricación de pan de masa madre – Cestas redondas y ovaladas de 9 pulgadas para banneton, batidor de masa danesa, pan cojo (5 hojas), raspadores de banco y tazón, forros de lino",https://www.amazon.com.mx/dp/B0988343TQ,https://www.amazon.com/dp/B0988343TQ,SRKSB LLC,
,B0C4TC71PL,5,Hogar y Cocina,disponible,disponible,,,2025-10-19T03:33:48.048Z,2025-10-21T05:02:17.634Z,2025-10-28T20:47:22.858Z,725.51,16.99,$700.13,"EALGRO - Botella de agua aislada de 40 onzas con popote y asa, frasco grande de metal deportivo, taza de café de viaje de acero inoxidable, vasos térmicos con tapa, color negro índigo",https://www.amazon.com.mx/dp/B0C4TC71PL,https://www.amazon.com/dp/B0C4TC71PL,SRKSB LLC,EALGRO
,B0B8S3S7PR,5,Hogar y Cocina,disponible,no disponible,,,2025-10-19T03:33:48.049Z,2025-10-21T05:02:24.209Z,2025-10-28T20:47:30.430Z,529.49,,$520.48,"Juego de jarra de agua y vidrio, jarra de noche con vaso, dispensador de enjuague bucal de vidrio transparente para baño, con posavasos de silicona, resistente al calor y al frío, 18 onzas",https://www.amazon.com.mx/dp/B0B8S3S7PR,https://www.amazon.com/dp/B0B8S3S7PR,SRKSB LLC,
,B0BMVYWLV4,5,Hogar y Cocina,disponible,no disponible,,,2025-10-19T03:33:48.049Z,2025-10-21T05:02:32.202Z,2025-10-28T20:47:37.557Z,140.69,,$597.94,"Maxjoy - Batidor de masa danesa para hornear pan de masa madre, gancho de acero inoxidable con mango de madera",https://www.amazon.com.mx/dp/B0BMVYWLV4,https://www.amazon.com/dp/B0BMVYWLV4,鸿锦泰商贸,
,B0DJLMXRN7,5,Hogar y Cocina,disponible,disponible,,,2025-10-19T03:33:48.049Z,2025-10-21T05:02:40.845Z,2025-10-28T20:47:45.931Z,2650.06,119.99,"$3,991.01","TOPZEE Freidora de aire grande de 11 cuartos – Freidora de aire 8 en 1 XL con cesta flexible, divisor para doble cocción, precalentar, freír al aire, asar, asar, hornear, recalentar, deshidratar,",https://www.amazon.com.mx/dp/B0DJLMXRN7,https://www.amazon.com/dp/B0DJLMXRN7,Amazon Estados Unidos,TOPZEE store
,B0DBKZMGB1,5,Hogar y Cocina,disponible,disponible,,,2025-10-19T03:33:48.049Z,2025-10-21T05:02:56.079Z,2025-10-28T20:48:00.254Z,834.53,17.99,$818.99,"ESOHOT - Fiambrera eléctrica de 80 W con calefacción para adultos, 1.5 L 12/24/110 V y calentador de alimentos para coche, camión, oficina",https://www.amazon.com.mx/dp/B0DBKZMGB1,https://www.amazon.com/dp/B0DBKZMGB1,SHOPHOLİC,ESOHOT
,B08YX3XN14,5,Hogar y Cocina,disponible,disponible,,,2025-10-19T03:33:48.049Z,2025-10-21T05:03:04.312Z,2025-10-28T20:48:07.725Z,420.56,7.79,$549.00,"Cupidove - Molde de donas de silicona, tamaño mordedura, moldes de donas para hornear, mini molde de donas resistente al calor, mini molde para hornear deliciosas rosquillas, parte inferior",https://www.amazon.com.mx/dp/B08YX3XN14,https://www.amazon.com/dp/B08YX3XN14,Amazon Estados Unidos,Cupidove
,B0DDBL2CHC,5,Hogar y Cocina,disponible,disponible,,,2025-10-19T03:33:48.049Z,2025-10-21T05:03:13.326Z,2025-10-28T20:48:15.791Z,1280.67,43.99,"$1,349.43","Juego de 2 vasos de whisky de madera auténticos, regalos de bourbon para hombres, regalos de aniversario de cumpleaños, vasos de bourbon de madera antiguos",https://www.amazon.com.mx/dp/B0DDBL2CHC,https://www.amazon.com/dp/B0DDBL2CHC,SRKSB LLC,gengzhuo-US
,B0D5QM73RX,5,Hogar y Cocina,disponible,no disponible,,,2025-10-19T03:33:48.049Z,2025-10-21T05:03:20.907Z,2025-10-28T20:48:24.380Z,484.58,,$474.03,"CLUEWR - Moldes de chocolate de Navidad, 2 moldes de silicona para caramelos de Papá Noel, muñeco de nieve, pan de jengibre, molde para hornear gelatinas, dulces, cubitos de hielo, cera derretidos,",https://www.amazon.com.mx/dp/B0D5QM73RX,https://www.amazon.com/dp/B0D5QM73RX,SRKSB LLC,
,B0CZL2ZCL9,5,Hogar y Cocina,disponible,no disponible,,,2025-10-19T03:33:48.049Z,2025-10-21T05:03:28.171Z,2025-10-28T20:48:32.578Z,765.59,,$768.73,"W10295370A Filtro de agua de repuesto compatible con W10295370, EDR1RXD1, Filter 1, WHR1RXD1, KAD1RXD1, P8RFWB2L, P8WB2L, P4RFWB, P5WB2L, paquete de 2",https://www.amazon.com.mx/dp/B0CZL2ZCL9,https://www.amazon.com/dp/B0CZL2ZCL9,CATTLESIV,
,B0CWNVWD83,5,Hogar y Cocina,disponible,disponible,,,2025-10-19T03:33:48.050Z,2025-10-21T05:03:34.781Z,2025-10-28T20:48:39.814Z,469,20.89,$783.96,"Mini rebanador electrónico de alimentos, picador de ajo, procesador de vegetales pequeños, dados recargables inalámbricos, licuadora de laminación vegetal, trituradora de especias, picadora de",https://www.amazon.com.mx/dp/B0CWNVWD83,https://www.amazon.com/dp/B0CWNVWD83,sanmingshaxianqushengyimaoyiyouxiangongsi,Just-in Storefront
,B0BV9ZS4V2,5,Hogar y Cocina,disponible,no disponible,,,2025-10-19T03:33:57.077Z,2025-10-21T05:03:42.838Z,2025-10-28T20:48:47.995Z,603.38,,$605.91,"Vandroop - Mini bandeja de madera para fiestas, mesa de té y café, pequeño plato de madera ovalado para frutas y aperitivos, bandeja decorativa para joyas, llaves y monedas, bandeja para baño (madera",https://www.amazon.com.mx/dp/B0BV9ZS4V2,https://www.amazon.com/dp/B0BV9ZS4V2,SRKSB LLC,
,B0D69GTBFC,5,Hogar y Cocina,disponible,disponible,,,2025-10-19T03:33:57.078Z,2025-10-21T05:03:50.137Z,2025-10-28T20:48:56.484Z,619.19,12.99,$619.19,"Bolsa de almuerzo GIITSRIZ reutilizable con aislamiento, lonchera de gran capacidad para el trabajo, a prueba de fugas, bolsa de almuerzo para oficina, color pollo",https://www.amazon.com.mx/dp/B0D69GTBFC,https://www.amazon.com/dp/B0D69GTBFC,SRKSB LLC,guangzhounijiaoshangmaoyouxiangongsi
,B09XN6TQLY,5,Hogar y Cocina,disponible,disponible,,,2025-10-19T03:33:57.078Z,2025-10-21T05:03:58.228Z,2025-10-28T20:49:04.534Z,1002.07,24.99,"$1,079.45","120 bolsas de Mylar para almacenamiento de alimentos con absorbentes de oxígeno 300 cc, 8 mil, 1 galón, 10 x 14 pulgadas, 7.5 x 11.5 pulgadas, 6 x 9 pulgadas, 4.3 x 6.3 pulgadas, bolsas resellables",https://www.amazon.com.mx/dp/B09XN6TQLY,https://www.amazon.com/dp/B09XN6TQLY,SRKSB LLC,Leboduo
,B09SPCJ5JS,5,Hogar y Cocina,disponible,no disponible,,,2025-10-19T03:33:57.078Z,2025-10-21T05:04:06.097Z,2025-10-28T20:49:11.998Z,1289.02,,"$1,240.70","Paquete de 4 tazas de té reutilizables Boba, tarros de vidrio Mason de 24 onzas de boca ancha con tapas de bambú y popotes de plata, tazas de té de burbujas de vidrio para café helado, botella de viaje",https://www.amazon.com.mx/dp/B09SPCJ5JS,https://www.amazon.com/dp/B09SPCJ5JS,SRKSB LLC,
,B0D9VG5PFF,5,Hogar y Cocina,disponible,no disponible,,,2025-10-19T03:33:57.078Z,2025-10-21T05:04:14.514Z,2025-10-28T20:49:20.764Z,513.95,,$510.12,"Aramola - 200 púas de cóctel de conchas marinas de 4.72 pulgadas, palillo de dientes de cóctel de bambú para aperitivos, frutas, sándwich, conchas marinas, decoraciones de fiesta",https://www.amazon.com.mx/dp/B0D9VG5PFF,https://www.amazon.com/dp/B0D9VG5PFF,SRKSB LLC,
,B0CGJ2VKVC,5,Hogar y Cocina,disponible,no disponible,,,2025-10-19T03:33:57.078Z,2025-10-21T05:04:22.324Z,2025-10-28T20:49:28.140Z,795.05,,$782.36,Hombao 200 paquetes de 500 CC de absorción de oxígeno de grado alimenticio (10 paquetes x 1 bolsa de aspiradora) – Amortiguadores de O2 de almacenamiento de alimentos a largo plazo,https://www.amazon.com.mx/dp/B0CGJ2VKVC,https://www.amazon.com/dp/B0CGJ2VKVC,SRKSB LLC,
,B09V7HHGB1,5,Hogar y Cocina,disponible,disponible,,,2025-10-19T03:33:57.079Z,2025-10-21T05:04:30.638Z,2025-10-28T20:49:35.074Z,612.09,11.99,$615.11,"Cherrysea - Ensaladera para ensaladas, 68 onzas con bandeja de 4 compartimentos, fiambrera a prueba de fugas con tenedor para hombres, mujeres, contenedor de aperitivos sin BPA con recipiente de salsa",https://www.amazon.com.mx/dp/B09V7HHGB1,https://www.amazon.com/dp/B09V7HHGB1,SRKSB LLC,Cherry Sea
,B0CS6FWLKL,5,Hogar y Cocina,disponible,disponible,,,2025-10-19T03:33:57.079Z,2025-10-21T05:04:38.551Z,2025-10-28T20:49:43.455Z,869.21,20.99,$852.44,"CANIVI - Tapete para debajo del fregadero, de silicona impermeable, gris, sólido, 31 x 22 pulgadas",https://www.amazon.com.mx/dp/B0CS6FWLKL,https://www.amazon.com/dp/B0CS6FWLKL,SRKSB LLC,Canivi Direct
,B08HYZL3YB,5,Hogar y Cocina,disponible,no disponible,,,2025-10-19T03:33:57.079Z,2025-10-21T05:04:47.299Z,2025-10-28T20:49:50.959Z,725.28,,$722.01,"Shallive - Cajas de papel Kraft para cupcakes individuales, 60 unidades con insertos, paquete de bomba de cacao para cupcakes de color café individual para galletas, pasteles, bodas, baby shower, cumpleaños, graduación",https://www.amazon.com.mx/dp/B08HYZL3YB,https://www.amazon.com/dp/B08HYZL3YB,SRKSB LLC,
,B09NY8K9HK,5,Hogar y Cocina,disponible,no disponible,,,2025-10-19T03:33:57.079Z,2025-10-21T05:04:55.082Z,2025-10-28T20:49:59.830Z,779.7,,$816.20,"Jarra de vidrio de 2 litros de 68 onzas con tapa y boquilla, jarra de vidrio Bivvclaz para agua caliente/fría, jarra grande de té helado para café, jugo y bebidas caseras",https://www.amazon.com.mx/dp/B09NY8K9HK,https://www.amazon.com/dp/B09NY8K9HK,SRKSB LLC,
,B0BSMZYT8Z,5,Hogar y Cocina,disponible,disponible,,,2025-10-19T03:33:57.079Z,2025-10-21T05:05:03.679Z,2025-10-28T20:50:07.550Z,1073.04,25.99,"$1,052.64","PakTalk - Recipientes de sopa de papel con tapas, paquete de 50 cuencos de sopa marrones biodegradables con tapas para sopa caliente o helado (50 juegos, 8 onzas)",https://www.amazon.com.mx/dp/B0BSMZYT8Z,https://www.amazon.com/dp/B0BSMZYT8Z,SRKSB LLC,PakTalk
,B07GX9JSMG,5,Hogar y Cocina,disponible,disponible,,,2025-10-19T03:33:57.079Z,2025-10-21T05:05:11.003Z,2025-10-28T20:50:15.491Z,463.51,8.99,$475.71,"Círculos de pergamino para hornear, juego de 100, papel de pergamino antiadherente de 12 pulgadas para tartas Springform, horno tostador, prensa de omelette, etc",https://www.amazon.com.mx/dp/B07GX9JSMG,https://www.amazon.com/dp/B07GX9JSMG,CATTLESIV,BY Kitchen
,B0D5BLQG1D,5,Hogar y Cocina,disponible,disponible,,,2025-10-19T03:33:57.079Z,2025-10-21T05:05:19.369Z,2025-10-28T20:50:23.315Z,1785.23,54.99,"$1,790.51","Contenedores de almacenamiento de China Caja rígida para mover platos, platos, vino y vasos, vajilla, tazas, platillos separadores acolchados organizadores para embalar recipientes de almacenamiento",https://www.amazon.com.mx/dp/B0D5BLQG1D,https://www.amazon.com/dp/B0D5BLQG1D,SRKSB LLC,YearningStorage
,B0DR2D29YL,5,Hogar y Cocina,disponible,no disponible,,,2025-10-19T03:33:57.079Z,2025-10-21T05:05:27.025Z,2025-10-28T20:50:30.397Z,453.59,,$428.51,"GACCAP - Posavasos de coche para portavasos, 2 unidades de cerámica absorbente, antideslizantes, universales, 2.56 pulgadas, para mujeres y hombres, accesorios interiores de coche, estampado de",https://www.amazon.com.mx/dp/B0DR2D29YL,https://www.amazon.com/dp/B0DR2D29YL,SRKSB LLC,
,B092ZGLXN5,5,Hogar y Cocina,disponible,no disponible,,,2025-10-19T03:33:57.080Z,2025-10-21T05:05:42.189Z,2025-10-28T20:50:45.410Z,436.33,,$434.95,"Minisland Palillos de cóctel de sandía roja de 4.7 pulgadas de largo, palillos de dientes de bambú para aperitivos, bebidas, frutas, fiestas de verano, alimentos, guarnición, palillos de brocheta, 100 unidades, MSL170",https://www.amazon.com.mx/dp/B092ZGLXN5,https://www.amazon.com/dp/B092ZGLXN5,Boon Shopping,
,B07V5239LK,5,Hogar y Cocina,disponible,disponible,,,2025-10-19T03:33:57.080Z,2025-10-21T05:05:50.804Z,2025-10-28T20:50:52.452Z,531.35,17.99,$695.82,"Lindo filtro de té de silicona con diseño de animales, infusor de té, unicornio, tiburón, ardilla, gato, búho, elefante, tamiz de té, regalo ideal para amantes del té",https://www.amazon.com.mx/dp/B07V5239LK,https://www.amazon.com/dp/B07V5239LK,Amazon Estados Unidos,Kakeah
,B0B2QWJKTB,5,Hogar y Cocina,disponible,no disponible,,,2025-10-19T03:34:09.909Z,2025-10-21T05:05:57.234Z,2025-10-28T20:50:59.684Z,1087.44,,"$1,087.44","The Tea Spot Vaso de Té Steepware, Termo de 22 Onzas, Color Gris Niebla - Botella de Viaje Con Infusor para Hojas Sueltas o Café Helado, Elegante Botella Aislada de Doble Pared",https://www.amazon.com.mx/dp/B0B2QWJKTB,https://www.amazon.com/dp/B0B2QWJKTB,SRKSB LLC,
,B07TFK23GC,5,Hogar y Cocina,disponible,no disponible,,,2025-10-19T03:34:09.910Z,2025-10-21T05:06:05.327Z,2025-10-28T20:51:07.325Z,1763.07,,"$1,757.38","S AFSTAR - Báscula electrónica de cálculo de precios, báscula de ponderación de alimentos, frutas, verduras, 65 libras, batería recargable, plataforma de acero inoxidable para mercados, vendedores,",https://www.amazon.com.mx/dp/B07TFK23GC,https://www.amazon.com/dp/B07TFK23GC,SRKSB LLC,
,B0DCVFBGWG,5,Hogar y Cocina,disponible,no disponible,,,2025-10-19T03:34:09.910Z,2025-10-21T05:06:12.116Z,2025-10-28T20:51:16.322Z,822.46,,$792.80,"Antler - Posavasos rústicos, decoración de ciervos, juego de 6, posavasos de cabina al aire última intervensión para mesa de centro",https://www.amazon.com.mx/dp/B0DCVFBGWG,https://www.amazon.com/dp/B0DCVFBGWG,SRKSB LLC,
,B0DB7K1YNJ,5,Hogar y Cocina,disponible,no disponible,,,2025-10-19T03:34:09.910Z,2025-10-21T05:06:18.593Z,2025-10-28T20:51:23.703Z,830.29,,$822.14,"Danfoxer - Bandeja de brazo de bambú para sofá, soporte para brazos, mesa multifunción para comer, bebidas/control remoto (blanco)",https://www.amazon.com.mx/dp/B0DB7K1YNJ,https://www.amazon.com/dp/B0DB7K1YNJ,SRKSB LLC,
,B0CZRVKB27,5,Hogar y Cocina,disponible,no disponible,,,2025-10-19T03:34:09.910Z,2025-10-21T05:06:25.200Z,2025-10-28T20:51:30.935Z,1681.32,,"$1,681.32","Copkim Báscula electrónica de cálculo de precios, báscula digital comercial de alimentos con pantalla LCD, báscula de carne precisa, báscula de productos para alimentos, báscula de peso para cocina,",https://www.amazon.com.mx/dp/B0CZRVKB27,https://www.amazon.com/dp/B0CZRVKB27,SRKSB LLC,
,B077VSD8H2,5,Hogar y Cocina,disponible,disponible,,,2025-10-19T03:34:09.910Z,2025-10-21T05:06:31.638Z,2025-10-28T20:51:39.315Z,482.7,8.77,$480.75,Superdosing Micro SCOOP Cucharas | Juego de 3 cucharas dosificadoras para polvo | Amarillo 15 mg + 30 mg | Rojo 10 mg | Negro 6 mg | Cucharas medidoras no estáticas para una fácil medición de,https://www.amazon.com.mx/dp/B077VSD8H2,https://www.amazon.com/dp/B077VSD8H2,SRKSB LLC,Deal Guys USA
,B0DJX1PFN7,5,Hogar y Cocina,disponible,disponible,,,2025-10-19T03:34:09.910Z,2025-10-21T05:06:39.394Z,2025-10-28T20:51:46.607Z,548.17,9.99,$548.17,"Zuhra - Botella de agua aislada al aspiradora de doble pared de acero inoxidable de 18 onzas, mantiene las bebidas frías durante 24 horas y calientes durante 12 horas, a prueba de fugas y sin BPA",https://www.amazon.com.mx/dp/B0DJX1PFN7,https://www.amazon.com/dp/B0DJX1PFN7,SRKSB LLC,MME Essentials Co.
,B0CQ2TD955,5,Hogar y Cocina,disponible,disponible,,,2025-10-19T03:34:09.910Z,2025-10-21T05:06:47.580Z,2025-10-28T20:51:54.936Z,870.49,22.99,$870.49,"Exterior alto, bajo interior y bajo, adecuado para bebidas, copas de vino, posavasos",https://www.amazon.com.mx/dp/B0CQ2TD955,https://www.amazon.com/dp/B0CQ2TD955,SRKSB LLC,Alislio
,B0CKPJTKZT,5,Hogar y Cocina,disponible,no disponible,,,2025-10-19T03:34:09.910Z,2025-10-21T05:06:54.690Z,2025-10-28T20:52:02.390Z,638.36,,$633.29,"FyndraX - Botella de vidrio para jarras de leche – Recipiente de agua de 64 onzas con tapa hermética de tornillo, jarra de jugo de medio galón para almacenamiento de bebidas heladas o calientes en el",https://www.amazon.com.mx/dp/B0CKPJTKZT,https://www.amazon.com/dp/B0CKPJTKZT,SRKSB LLC,
,B074HHHMNQ,5,Hogar y Cocina,disponible,disponible,,PRICE_AND_SELLER_NOT_FOUND,2025-10-19T03:34:09.911Z,2025-10-21T05:07:02.238Z,2025-10-28T20:52:09.862Z,577.94,,$605.35,"IC Integrity Chef Pro Citrus Zester & Cheese Grater | Ergonomic Non-Slip Grip Handle, Dishwasher Safe Lemon Zester Tool | Handheld Rasp for Ginger, Garlic, Vegetables | Save A Life!",https://www.amazon.com.mx/dp/B074HHHMNQ,https://www.amazon.com/dp/B074HHHMNQ,SRKSB LLC,
,B0DFD34LWJ,5,Hogar y Cocina,disponible,no disponible,,,2025-10-19T03:34:09.911Z,2025-10-21T05:07:09.242Z,2025-10-28T20:52:16.952Z,1112.29,,"$1,122.23","Bandeja de brazo para sofá, mesa con soporte para teléfono/tablet para bebidas y bandeja desmontable para aperitivos, control remoto, teléfono, cena de TV, superficie antideslizante, bandeja",https://www.amazon.com.mx/dp/B0DFD34LWJ,https://www.amazon.com/dp/B0DFD34LWJ,SRKSB LLC,
,B0D1K3DWYQ,5,Hogar y Cocina,disponible,no disponible,,,2025-10-19T03:34:09.911Z,2025-10-21T05:07:16.262Z,2025-10-28T20:52:25.493Z,555.36,,$555.36,"Girla [3 estilos] Paraguas de bebidas, púas de cóctel, paraguas de cóctel para bebidas, sombrillas de bebidas, mini paraguas de papel palillos de dientes para Tiki, Luau, decoración de fiesta tropical",https://www.amazon.com.mx/dp/B0D1K3DWYQ,https://www.amazon.com/dp/B0D1K3DWYQ,SRKSB LLC,
,B0DHTSW1L5,5,Hogar y Cocina,disponible,no disponible,,,2025-10-19T03:34:09.911Z,2025-10-21T05:07:23.263Z,2025-10-28T20:52:32.612Z,884,,$884.00,"WOELIVE - Regalos para hija de mamá, papá, regalos para hija, regalos de cumpleaños de Navidad para hija, hija adulta, regalos para hija adulta, vaso aislado de acero inoxidable de 20 onzas",https://www.amazon.com.mx/dp/B0DHTSW1L5,https://www.amazon.com/dp/B0DHTSW1L5,SRKSB LLC,
,B0CH4MZ2FR,5,Hogar y Cocina,disponible,no disponible,,,2025-10-19T03:34:09.911Z,2025-10-21T05:07:30.446Z,2025-10-28T20:52:39.437Z,691.35,,$694.72,"Decoraciones de fiesta de flor de cerezo suministros para fiesta de cumpleaños en flor de cerezo, decoraciones japonesas, incluye pancarta de cumpleaños, decoración de tartas, globos para bodas, novias, baby shower",https://www.amazon.com.mx/dp/B0CH4MZ2FR,https://www.amazon.com/dp/B0CH4MZ2FR,SRKSB LLC,
,B06XTM52RZ,5,Hogar y Cocina,disponible,no disponible,,,2025-10-19T03:34:09.911Z,2025-10-21T05:07:38.270Z,2025-10-28T20:52:47.760Z,1188.09,,"$1,195.46","Pristine Bamboo Silverware Bandeja para organizador de cajón, organizador de cajones de cocina o cubiertos Soporte para cubiertos Divisores de Madera Ajustable (8 botellas)",https://www.amazon.com.mx/dp/B06XTM52RZ,https://www.amazon.com/dp/B06XTM52RZ,SRKSB LLC,
,B0DC7GSMSK,5,Hogar y Cocina,disponible,disponible,,,2025-10-19T03:34:21.161Z,2025-10-21T05:07:46.376Z,2025-10-28T20:52:55.509Z,948.65,24.99,$923.56,"Fiambrera eléctrica para adultos, calentador de alimentos portátil de 33.8 onzas con bolsa de transporte aislada de 12 V/24 V/110 V, a prueba de fugas, calentador de almuerzo seguro para oficina",https://www.amazon.com.mx/dp/B0DC7GSMSK,https://www.amazon.com/dp/B0DC7GSMSK,SRKSB LLC,WSQLZ
,B07ZHFX5VJ,5,Hogar y Cocina,disponible,disponible,,,2025-10-19T03:34:21.161Z,2025-10-21T05:07:55.148Z,2025-10-28T20:53:02.899Z,745.79,18.95,$745.79,"Olietta - Botella dispensadora de aceite de oliva de acero inoxidable, antigoteo, a prueba de fugas, sin ensuciar, para verter vinagre y rociador de cocina, 17 onzas, 500 ml, 0,5 litros, ideal para",https://www.amazon.com.mx/dp/B07ZHFX5VJ,https://www.amazon.com/dp/B07ZHFX5VJ,SRKSB LLC,Inbound To Anglia Ltd USA
,B0BPY5XKWG,5,Hogar y Cocina,disponible,disponible,,,2025-10-19T03:34:21.161Z,2025-10-21T05:08:02.901Z,2025-10-28T20:53:11.039Z,522.94,9.99,$510.87,Alfombrilla Deslizante para Batidora KitchenAid para Procesador De Alimentos Kitchen Aid Accesorios Con Organizado De Cables Cocina Mover Batidora con KitchenAid 5-8 Qt,https://www.amazon.com.mx/dp/B0BPY5XKWG,https://www.amazon.com/dp/B0BPY5XKWG,SRKSB LLC,CTAOVEOA
,B09FYWMF6N,5,Hogar y Cocina,disponible,disponible,,,2025-10-19T03:34:21.161Z,2025-10-21T05:08:19.249Z,2025-10-28T20:53:24.884Z,575.45,14.99,$577.82,"TILUCK Skinny Can Cooler for Slim Beer & Hard Seltzer, Stainless Steel, Doucle-Walled Stainless Steel Insulated Slim Cans, Standard 12 oz",https://www.amazon.com.mx/dp/B09FYWMF6N,https://www.amazon.com/dp/B09FYWMF6N,Amazon Estados Unidos,Coukre Store
,B0C5T4KQ13,5,Hogar y Cocina,disponible,no disponible,,,2025-10-19T03:34:21.161Z,2025-10-21T05:08:26.952Z,2025-10-28T20:53:34.266Z,590.52,,$642.05,"Lancord - Organizador de cables para electrodomésticos, paquete de 12 unidades mejorado, organizador de cables para electrodomésticos de cocina, mezcladores, cafetera, olla de presión",https://www.amazon.com.mx/dp/B0C5T4KQ13,https://www.amazon.com/dp/B0C5T4KQ13,SRKSB LLC,
,B09NXRHK6J,5,Hogar y Cocina,disponible,no disponible,,,2025-10-19T03:34:21.161Z,2025-10-21T05:08:35.038Z,2025-10-28T20:53:41.458Z,950.19,,$948.43,"Yasala - Vaso de tartán a cuadros clásicos rojos y verdes aislados, taza de café con popote y tapa, doble pared, acero inoxidable, 20 onzas, sin BPA, para deportes, regreso a la escuela",https://www.amazon.com.mx/dp/B09NXRHK6J,https://www.amazon.com/dp/B09NXRHK6J,SRKSB LLC,
,B07K1VTT8L,5,Hogar y Cocina,disponible,no disponible,,,2025-10-19T03:34:21.161Z,2025-10-21T05:08:42.597Z,2025-10-28T20:53:50.009Z,1329.6,,"$1,322.99","WV Shagreen - Bandeja grande de 45 x 30 cm, color gris con mango dorado cepillado, bandeja decorativa de piel sintética para el hogar, bandeja de mesa de centro para sala de estar, comedor, cambiador",https://www.amazon.com.mx/dp/B07K1VTT8L,https://www.amazon.com/dp/B07K1VTT8L,SRKSB LLC,
,B0D86HRMS3,5,Hogar y Cocina,disponible,no disponible,,,2025-10-19T03:34:21.161Z,2025-10-21T05:08:51.030Z,2025-10-28T20:53:58.276Z,1293.47,,"$1,292.76","Acyhggi - Soporte de cerámica de gran capacidad para utensilios de cocina de madera de acacia con base giratoria para encimeras, organizador multiusos",https://www.amazon.com.mx/dp/B0D86HRMS3,https://www.amazon.com/dp/B0D86HRMS3,SEONGSAN,
,B0CQ7S3WKR,5,Hogar y Cocina,disponible,disponible,,,2025-10-19T03:34:21.161Z,2025-10-21T05:08:57.958Z,2025-10-28T20:54:06.909Z,703.71,16.99,$701.62,"Meetbees - Taza de café con orejas para gatos y gatos, de cerámica de 12 onzas para mujeres y hombres, elección temática de gatitos para amantes de los gatos",https://www.amazon.com.mx/dp/B0CQ7S3WKR,https://www.amazon.com/dp/B0CQ7S3WKR,SRKSB LLC,Family Su
,B0DJ27VF9C,5,Hogar y Cocina,disponible,disponible,,,2025-10-19T03:34:21.162Z,2025-10-21T05:09:06.179Z,2025-10-28T20:54:15.038Z,429.65,10.99,$541.81,"Lizhluzh - Botella de agua aislada de 22 onzas, botellas de agua de acero inoxidable, botella de agua de metal con pajita, botella de agua deportiva para hombres, botella de agua negra para café, té",https://www.amazon.com.mx/dp/B0DJ27VF9C,https://www.amazon.com/dp/B0DJ27VF9C,Amazon Estados Unidos,Yuchen Trade
,B0DBPW8VY8,5,Hogar y Cocina,disponible,no disponible,,,2025-10-19T03:34:21.162Z,2025-10-21T05:09:13.982Z,2025-10-28T20:54:23.753Z,1208.27,,"$1,175.20","Calentador de tortilla de terracota mexicano, auténtico soporte de tortilla Terra Cotta con paño más cálido, calentador de arcilla natural y tortillero - Sostener tortillas de harina de 8 pulgadas",https://www.amazon.com.mx/dp/B0DBPW8VY8,https://www.amazon.com/dp/B0DBPW8VY8,SRKSB LLC,
,B0BGPHJJXJ,5,Hogar y Cocina,disponible,no disponible,,,2025-10-19T03:34:21.162Z,2025-10-21T05:09:21.579Z,2025-10-28T20:54:31.116Z,933.01,,$933.01,"Bamboo Large Charcuterie and Knife Set Kitchen Cheese Board Set for Party, Wine Meat Cheese Tray Platter, Unique House Warming Gifts, Anniversary Wedding Gift for Couple, Bridal Shower Gift for Women",https://www.amazon.com.mx/dp/B0BGPHJJXJ,https://www.amazon.com/dp/B0BGPHJJXJ,SRKSB LLC,
,B0DHQ8XXQB,5,Hogar y Cocina,disponible,no disponible,,,2025-10-19T03:34:21.162Z,2025-10-21T05:09:28.664Z,2025-10-28T20:54:39.386Z,989.36,,$989.36,"WstNine - Tocadiscos de ratán Lazy Susan hecho a mano con jacinto de agua, ecológico y estéticamente agradable, 12.5 pulgadas de diámetro, organizador giratorio de 360° para recámara, sala de estar,",https://www.amazon.com.mx/dp/B0DHQ8XXQB,https://www.amazon.com/dp/B0DHQ8XXQB,SRKSB LLC,
,B0DDZL2369,5,Hogar y Cocina,disponible,disponible,,,2025-10-19T03:34:21.162Z,2025-10-21T05:09:35.686Z,2025-10-28T20:54:47.443Z,1302.4,39.99,"$1,204.69","BlueTrail - Botella de agua de 50 estados con adhesivos, acero inoxidable aislado de 32 onzas, tapa a prueba de fugas, calcomanías permanentes a prueba de rayos UV e impermeables, grabadas con láser",https://www.amazon.com.mx/dp/B0DDZL2369,https://www.amazon.com/dp/B0DDZL2369,SRKSB LLC,Smash Goods LLC
,B0DHZJSTYS,5,Hogar y Cocina,disponible,no disponible,,,2025-10-19T03:34:21.162Z,2025-10-21T05:09:41.903Z,2025-10-28T20:54:56.450Z,830.26,,$829.21,"KXZ - Tarros de cocina de cerámica, tarros de almacenamiento de alimentos, tarros redondos de cerámica para galletas, recipientes para el hogar, adecuados para almacenar té, frijoles de café, especias",https://www.amazon.com.mx/dp/B0DHZJSTYS,https://www.amazon.com/dp/B0DHZJSTYS,SRKSB LLC,
,B0DHRWJP4Y,5,Hogar y Cocina,disponible,disponible,,,2025-10-19T03:34:21.162Z,2025-10-21T05:09:48.661Z,2025-10-28T20:55:03.135Z,769.7,17.99,$725.76,"BENZZO - Vaso de 40 onzas con asa y tapa de popote, tazas de viaje aisladas para botellas de agua fría y caliente, tazas de café de acero inoxidable",https://www.amazon.com.mx/dp/B0DHRWJP4Y,https://www.amazon.com/dp/B0DHRWJP4Y,SRKSB LLC,BENZZO
,B0DHCJ9165,5,Hogar y Cocina,disponible,disponible,,,2025-10-19T03:34:31.878Z,2025-10-21T05:09:57.135Z,2025-10-28T20:55:11.906Z,1153.34,21.99,"$1,157.60","Juego de 8 vasos de vidrio de 12 onzas y vasos de cóctel de 10 onzas, vasos de agua de cocina, vasos clásico para whisky, jugo, cócteles, cerveza y leche",https://www.amazon.com.mx/dp/B0DHCJ9165,https://www.amazon.com/dp/B0DHCJ9165,SRKSB LLC,VANKUTL
,B0DGPH6VYP,5,Hogar y Cocina,disponible,disponible,,,2025-10-19T03:34:31.878Z,2025-10-21T05:10:05.243Z,2025-10-28T20:55:20.965Z,680.37,15.99,$682.52,"ZYBIDEAL - Tabla de cortar de titanio puro, tablas de cortar de acero inoxidable para cocina, picar de doble cara de grado alimenticio para carne, verduras y frutas (10 x 14)",https://www.amazon.com.mx/dp/B0DGPH6VYP,https://www.amazon.com/dp/B0DGPH6VYP,AREDIANT,ZYB Silicone&Wood Industry
,B0DGGCBM18,5,Hogar y Cocina,disponible,no disponible,,,2025-10-19T03:34:31.878Z,2025-10-21T05:10:13.137Z,2025-10-28T20:55:29.141Z,510,,"$1,084.05","Miuyhji - Tarros de especias con etiqueta, 24 tarros de condimento de 4 onzas con etiqueta, tarros de vidrio con tapas de bambú, botellas de especias con molinillo de pimienta y embudo de acero",https://www.amazon.com.mx/dp/B0DGGCBM18,https://www.amazon.com/dp/B0DGGCBM18,Marca: Miuyhji,
,B0DF1F483D,5,Hogar y Cocina,disponible,no disponible,,,2025-10-19T03:34:31.878Z,2025-10-21T05:10:20.220Z,2025-10-28T20:55:37.204Z,682.31,,$682.31,"Batidor de borde flexible para Kitchenaid de 6 cuartos de galón, accesorios de mezclador de soporte de silicona para cocina",https://www.amazon.com.mx/dp/B0DF1F483D,https://www.amazon.com/dp/B0DF1F483D,SRKSB LLC,
,B0DDH6RC5G,5,Hogar y Cocina,disponible,no disponible,,,2025-10-19T03:34:31.878Z,2025-10-21T05:10:28.059Z,2025-10-28T20:55:44.555Z,569.97,,$560.03,"Pinzas para tostador de madera en forma de cocodrilo, pinzas magnéticas de cocina de 11 pulgadas para un fácil almacenamiento, agarre superior, extractor de estante para horno, ideal para tostar,",https://www.amazon.com.mx/dp/B0DDH6RC5G,https://www.amazon.com/dp/B0DDH6RC5G,SRKSB LLC,
,B0DCZZFR4P,5,Hogar y Cocina,disponible,disponible,,,2025-10-19T03:34:31.878Z,2025-10-21T05:10:34.447Z,2025-10-28T20:55:53.484Z,686.6,9.99,$689.38,"PantryPro - Báscula digital de cocina con plataforma de bambú, 12 libras de capacidad, pantalla LCD gramos y onzas batería AAA incluida (natural)",https://www.amazon.com.mx/dp/B0DCZZFR4P,https://www.amazon.com/dp/B0DCZZFR4P,SRKSB LLC,Pantry-Pro
,B0D8BDBYT6,5,Hogar y Cocina,disponible,disponible,,,2025-10-19T03:34:31.878Z,2025-10-21T05:10:41.658Z,2025-10-28T20:56:02.055Z,919.76,24.99,"$1,050.79","Paquete de 2 alfombrillas resistentes al calor para encimera, almohadillas para orejas calientes de 16 x 20 pulgadas para protector de encimera de cocina, alfombrilla de silicona resistente al calor",https://www.amazon.com.mx/dp/B0D8BDBYT6,https://www.amazon.com/dp/B0D8BDBYT6,Amazon Europa,Yehe Technology
,B0CYLNG1ZS,5,Hogar y Cocina,disponible,no disponible,,,2025-10-19T03:34:31.879Z,2025-10-21T05:10:56.002Z,2025-10-28T20:56:16.103Z,1319.95,,"$1,319.95","Juego de cestas de bambú de 2 niveles de 10 pulgadas con refuerzo y asa, vaporizador de bambú para cocinar, bollo de masa hervida Dim Sum, papilla de arroz al vapor, comida asiática china y verduras",https://www.amazon.com.mx/dp/B0CYLNG1ZS,https://www.amazon.com/dp/B0CYLNG1ZS,SRKSB LLC,
,B0CLYLV2WZ,5,Hogar y Cocina,disponible,disponible,,,2025-10-19T03:34:31.879Z,2025-10-21T05:11:03.467Z,2025-10-28T20:56:23.587Z,1404.1,41.99,"$1,412.50",PEXPO Electro 24 horas con certificación ISI Hot & Cold con bolsa de yute | Botella de agua de acero inoxidable de 1800 ml | 6 oz Knight Black| Botella de oficina | Entrenamiento | Viajar,https://www.amazon.com.mx/dp/B0CLYLV2WZ,https://www.amazon.com/dp/B0CLYLV2WZ,SRKSB LLC,PEXPO GLOBAL
,B0C9QQBXCL,5,Hogar y Cocina,disponible,no disponible,,,2025-10-19T03:34:31.879Z,2025-10-21T05:11:11.538Z,2025-10-28T20:56:32.521Z,1229.28,,"$1,235.25",Maisō - Botella de roble oscuro de 17 onzas | Botella de agua de madera y acero inoxidable | Aislamiento frío 24 horas y caliente 12 horas,https://www.amazon.com.mx/dp/B0C9QQBXCL,https://www.amazon.com/dp/B0C9QQBXCL,SETSHIPPING,
,B0DHZDB1N4,5,Hogar y Cocina,disponible,disponible,,,2025-10-19T03:34:31.879Z,2025-10-21T05:11:19.337Z,2025-10-28T20:56:40.319Z,683.19,18.99,$651.08,"FOHGEE - Vaso de acero inoxidable de 40 onzas con asa, mantiene las bebidas frías y calientes durante toda la temporada (Red Santa)",https://www.amazon.com.mx/dp/B0DHZDB1N4,https://www.amazon.com/dp/B0DHZDB1N4,SRKSB LLC,FOHGEE
,B0BX655QML,5,Hogar y Cocina,disponible,disponible,,,2025-10-19T03:34:31.879Z,2025-10-21T05:11:27.995Z,2025-10-28T20:56:47.518Z,600.62,16.99,$600.62,"OUII - Bolsas de Sous Vide para cocina Joule y Anova, kit de 20 piezas con bolsas de sellado al aspiradora, bomba de mano, clips, 3 tamaños de bolsa, almacenamiento de alimentos, preparación de comidas, se adapta a cualquier máquina de cocción Sous Vide",https://www.amazon.com.mx/dp/B0BX655QML,https://www.amazon.com/dp/B0BX655QML,SRKSB LLC,UrbanSauce
,B09TQBM4T4,5,Hogar y Cocina,disponible,disponible,,,2025-10-19T03:34:31.879Z,2025-10-21T05:11:36.309Z,2025-10-28T20:56:54.380Z,1361.48,44.95,"$1,080.15","ROTHLEY - Perchero para colgar macetas de acero inoxidable de 23.7 pulgadas, para colgar en la pared, ollas y sartenes para colgar en la pared, para cocina, pared y cocina, con ganchos (color negro mate)",https://www.amazon.com.mx/dp/B09TQBM4T4,https://www.amazon.com/dp/B09TQBM4T4,SRKSB LLC,Rothley
,B0DGL1L39Y,5,Hogar y Cocina,disponible,disponible,,,2025-10-19T03:34:31.879Z,2025-10-21T05:11:43.285Z,2025-10-28T20:57:03.068Z,1784.67,56.99,"$1,843.88","Ultimate DIY Kit de infusión de alcohol para infusión de whisky, ginebra, vodka, tequila, ron, crea tus propios espíritus con sabor con ingredientes naturales, regalo perfecto de aniversario o",https://www.amazon.com.mx/dp/B0DGL1L39Y,https://www.amazon.com/dp/B0DGL1L39Y,SRKSB LLC,Aumpkin
,B0DDLKLZBM,5,Hogar y Cocina,disponible,disponible,,,2025-10-19T03:34:40.993Z,2025-10-21T05:11:51.890Z,2025-10-28T20:57:11.871Z,373.29,3.59,$373.29,"DJAIOD - 3 fundas de paja de silicona para vasos, 10 mm (0.4 pulgadas) con bonito lazo Stanley popote, tapa de paja Stanley para 40 onzas y 30 onzas",https://www.amazon.com.mx/dp/B0DDLKLZBM,https://www.amazon.com/dp/B0DDLKLZBM,SRKSB LLC,zkzk92
,B0DDH7WXWT,5,Hogar y Cocina,disponible,no disponible,,,2025-10-19T03:34:40.994Z,2025-10-21T05:11:58.521Z,2025-10-28T20:57:19.400Z,1730.75,,"$1,824.45","Korfile - Estante para panaderos de cocina con estantes de almacenamiento, pequeño carrito de café con 8 ganchos, estación de soporte para microondas de 4 niveles con estantes ajustables, organizador",https://www.amazon.com.mx/dp/B0DDH7WXWT,https://www.amazon.com/dp/B0DDH7WXWT,SRKSB LLC,
,B0DCBT1RKM,5,Hogar y Cocina,disponible,no disponible,,,2025-10-19T03:34:40.994Z,2025-10-21T05:12:06.525Z,2025-10-28T20:57:27.101Z,1016.56,,"$1,016.56","Fibogollo Organizador expandible de cajones de cocina, organizador de cubiertos de bambú, bandeja ajustable para utensilios (16.92 x 13.30 ~ 22.83 x 1.96)",https://www.amazon.com.mx/dp/B0DCBT1RKM,https://www.amazon.com/dp/B0DCBT1RKM,SRKSB LLC,
,B0CY2WZ8DR,5,Hogar y Cocina,disponible,no disponible,,,2025-10-19T03:34:40.994Z,2025-10-21T05:12:14.269Z,2025-10-28T20:57:35.983Z,1505.44,,"$1,650.77","Tabla de cortar de madera de acacia, diseño floral decorativo pintado a mano, tabla de cortar de madera grande y única con asa para cocina (21 x 10 x 0.8 pulgadas)",https://www.amazon.com.mx/dp/B0CY2WZ8DR,https://www.amazon.com/dp/B0CY2WZ8DR,SRKSB LLC,
,B0CNVZR1QD,5,Hogar y Cocina,disponible,no disponible,,,2025-10-19T03:34:40.994Z,2025-10-21T05:12:22.228Z,2025-10-28T20:57:43.243Z,836.78,,$837.61,"Tarros de vidrio con tapas y cucharas de bambú, tarros de vidrio de borosilicato de 18 onzas, recipientes de avena para toda la noche, recipiente hermético de almacenamiento de alimentos transparente",https://www.amazon.com.mx/dp/B0CNVZR1QD,https://www.amazon.com/dp/B0CNVZR1QD,SRKSB LLC,
,B0B582XNNY,5,Hogar y Cocina,disponible,no disponible,,,2025-10-19T03:34:40.994Z,2025-10-21T05:12:29.976Z,2025-10-28T20:57:50.751Z,788.65,,$760.23,"Tarro de almacenamiento de vidrio, 38 onzas líquidas de vidrio para almacenamiento de alimentos con tapa de bambú, recipientes de cocina, tarros decorativos herméticos para cereales, nueces, aperitivos, dulces, galletas, café, té",https://www.amazon.com.mx/dp/B0B582XNNY,https://www.amazon.com/dp/B0B582XNNY,Novayu,
,B0BXQ4Z3BV,5,Hogar y Cocina,disponible,no disponible,,,2025-10-19T03:34:40.994Z,2025-10-21T05:12:37.306Z,2025-10-28T20:57:58.291Z,536.33,,$510.82,"Cartel de madera con texto en inglés ""God is within Her Bible Versículo de la Biblia, estilo rústico de granja, salmo 46: 5 placa de bloque de madera cristiana de 5 x 5 pulgadas, decoración de computadora para regalos",https://www.amazon.com.mx/dp/B0BXQ4Z3BV,https://www.amazon.com/dp/B0BXQ4Z3BV,SRKSB LLC,
,B0C74C5T2L,5,Hogar y Cocina,disponible,disponible,,,2025-10-19T03:34:40.994Z,2025-10-21T05:12:45.575Z,2025-10-28T20:58:05.973Z,621.83,13.91,$604.77,"ALOUFEA - Taza de café aislada de 20 onzas con asa, taza de viaje de acero inoxidable con tapa y popote, doble pared a prueba de fugas al aspiradora, taza térmica de café helado, color negro",https://www.amazon.com.mx/dp/B0C74C5T2L,https://www.amazon.com/dp/B0C74C5T2L,SRKSB LLC,RUBYFLASK
,B09YNT3P6V,5,Hogar y Cocina,disponible,no disponible,,,2025-10-19T03:34:40.994Z,2025-10-21T05:12:53.921Z,2025-10-28T20:58:13.661Z,1027.06,,"$1,033.58","Soporte para toallas de papel, soporte para toallas de papel de madera, soporte para rollos de papel rústico fácil de rasgar con una sola mano para cocina, mesa de comedor, decoración del hogar, modelo alto, fácil de instalar (para papel de 11 pulgadas)",https://www.amazon.com.mx/dp/B09YNT3P6V,https://www.amazon.com/dp/B09YNT3P6V,SRKSB LLC,
,B0BXSNT1XM,5,Hogar y Cocina,disponible,no disponible,,,2025-10-19T03:34:40.995Z,2025-10-21T05:13:02.395Z,2025-10-28T20:58:22.350Z,1389.68,,"$1,388.30","Get Well Soon Regalos para hombres, regalos para el cáncer después de la cirugía, paquete de cuidado de la quimioterapia, cesta de regalo para amigos enfermos, caja de regalo de cumpleaños para",https://www.amazon.com.mx/dp/B0BXSNT1XM,https://www.amazon.com/dp/B0BXSNT1XM,Boon Shopping,
,B0DDH4DVVV,5,Hogar y Cocina,disponible,no disponible,,,2025-10-19T03:34:40.995Z,2025-10-21T05:13:11.037Z,2025-10-28T20:58:30.668Z,2262.91,,"$2,262.91","Estante para panaderos de cocina con toma de corriente, mesa de centro de 4 niveles, soporte para microondas con 8 ganchos, estación de café y organizador, estante de almacenamiento de cocina para",https://www.amazon.com.mx/dp/B0DDH4DVVV,https://www.amazon.com/dp/B0DDH4DVVV,SRKSB LLC,
,B0DG61H4LQ,5,Hogar y Cocina,disponible,disponible,,,2025-10-19T03:34:40.995Z,2025-10-21T05:13:18.215Z,2025-10-28T20:58:39.596Z,839.03,21.54,$813.92,"BrewNimbus - Báscula de café con temporizador, báscula de espresso recargable, 2 kg/0.1 g de precisión para café espresso y vertido, 4 modos (manual, automático, relación, flujo de agua), vidrio",https://www.amazon.com.mx/dp/B0DG61H4LQ,https://www.amazon.com/dp/B0DG61H4LQ,SRKSB LLC,BrewNimbus
,B0DDQ4P322,5,Hogar y Cocina,disponible,no disponible,,,2025-10-19T03:34:40.995Z,2025-10-21T05:13:25.254Z,2025-10-28T20:58:48.087Z,1253.61,,"$1,356.03","Dispensador de jarabe de café para barra de café, juego de 4 dispensadores de alimentos, dispensador de jarabe de Yangcafe para barras de café, botella de jarabe de vidrio",https://www.amazon.com.mx/dp/B0DDQ4P322,https://www.amazon.com/dp/B0DDQ4P322,SRKSB LLC,
,B0DDKYSCLL,5,Hogar y Cocina,disponible,disponible,,,2025-10-19T03:34:40.995Z,2025-10-21T05:13:40.520Z,2025-10-28T20:59:02.668Z,793.93,14.99,$793.93,ZENGABIA 8 platos de paja de trigo de 10 pulgadas,https://www.amazon.com.mx/dp/B0DDKYSCLL,https://www.amazon.com/dp/B0DDKYSCLL,SRKSB LLC,AI DI'S HOME
,B0DCLJ6WDF,5,Hogar y Cocina,disponible,disponible,,,2025-10-19T03:34:40.995Z,2025-10-21T05:13:48.357Z,2025-10-28T20:59:11.147Z,882.4,19.99,$880.97,"Paquete de 2 bolsas para pan, 1 bolsa forrada de plástico sin BPA, 1 bolsa sin forro, almacenamiento de pan, bolsas de masa madre, herramienta de cojo/puntuación Incl | Paño azul brillante, 12 x 15",https://www.amazon.com.mx/dp/B0DCLJ6WDF,https://www.amazon.com/dp/B0DCLJ6WDF,SEONGSAN,birdylife
,B0DBWW3FVZ,5,Hogar y Cocina,disponible,no disponible,,,2025-10-19T03:34:40.995Z,2025-10-21T05:13:55.622Z,2025-10-28T20:59:18.415Z,937.86,,$935.44,"Bandeja para servir de ratán (estrella verde), 30 cm",https://www.amazon.com.mx/dp/B0DBWW3FVZ,https://www.amazon.com/dp/B0DBWW3FVZ,SRKSB LLC,
,B0D3PWHQD9,5,Hogar y Cocina,disponible,no disponible,,,2025-10-19T03:34:53.623Z,2025-10-21T05:14:03.744Z,2025-10-28T20:59:26.843Z,405.57,,$397.80,"Hojas de papel de pergamino para hornear, papel de pergamino antiadherente precortado de 9 x 13 pulgadas para hornear, asar, freidora de aire, hojas de pergamino sin blanquear al vapor para pan,",https://www.amazon.com.mx/dp/B0D3PWHQD9,https://www.amazon.com/dp/B0D3PWHQD9,SRKSB LLC,
,B0D12JPPC1,5,Hogar y Cocina,disponible,no disponible,,,2025-10-19T03:34:53.623Z,2025-10-21T05:14:11.233Z,2025-10-28T20:59:35.130Z,930.91,,$931.72,"Nacidooka - Bandejas decorativas redondas de madera blanca, decoración moderna del hogar, bandeja rústica para mesa de centro o comedor (12 pulgadas)",https://www.amazon.com.mx/dp/B0D12JPPC1,https://www.amazon.com/dp/B0D12JPPC1,SRKSB LLC,
,B0CZWS3Q1B,5,Hogar y Cocina,disponible,no disponible,,,2025-10-19T03:35:03.074Z,2025-10-21T05:14:19.465Z,2025-10-28T20:59:42.778Z,472.54,,$461.60,Y'allCanDiy Super Pegamento para Zapatos. calcomanía resistente para zapatos para reparación de suela de zapatos y aplicable como pegamento impermeable para reparación de zapatos. Pegamento CA a base,https://www.amazon.com.mx/dp/B0CZWS3Q1B,https://www.amazon.com/dp/B0CZWS3Q1B,SRKSB LLC,
,B072JX3G8T,5,Hogar y Cocina,disponible,no disponible,,,2025-10-19T03:35:03.074Z,2025-10-21T05:14:27.863Z,2025-10-28T20:59:50.428Z,476.12,,$476.12,"FeetPeople Premium Shoe Cream 1.5 Oz, Various Colors!",https://www.amazon.com.mx/dp/B072JX3G8T,https://www.amazon.com/dp/B072JX3G8T,SRKSB LLC,
,B0D2L1K8RF,5,Hogar y Cocina,disponible,no disponible,,,2025-10-19T03:35:03.075Z,2025-10-21T05:14:35.378Z,2025-10-28T20:59:57.644Z,751.25,,$755.54,"Accesorios multifuncionales para cigarros, kit 5 en 1, cortador de cigarros en V, herramienta potenciadora de extracción de cigarros, cenicero de cigarros, soporte de cigarros, perforador de cigarros,",https://www.amazon.com.mx/dp/B0D2L1K8RF,https://www.amazon.com/dp/B0D2L1K8RF,SRKSB LLC,
,B0CSWWBN3N,5,Hogar y Cocina,disponible,no disponible,,,2025-10-19T03:35:03.075Z,2025-10-21T05:14:42.914Z,2025-10-28T21:00:06.494Z,587.46,,$580.71,"Sole Bright para limpiador de suela de zapatos, restaurador de suela de tenis que limpia suelas amarillas, salsa de suela, parte inferior de suela helada, restaurador de suela de tenis, limpiador de",https://www.amazon.com.mx/dp/B0CSWWBN3N,https://www.amazon.com/dp/B0CSWWBN3N,SRKSB LLC,
,B07WQYQ9TV,5,Hogar y Cocina,disponible,no disponible,,,2025-10-19T03:35:03.075Z,2025-10-21T05:14:51.002Z,2025-10-28T21:00:15.349Z,1175.01,,"$1,109.15",Fruit Fly & Drain Fly Killer – Tratamiento de gel de drenaje comercial simple – Elimina las moscas de fruta/alcantarillado y las infestaciones de mosquitos de cualquier desagüe Rápido y fácil - 1,https://www.amazon.com.mx/dp/B07WQYQ9TV,https://www.amazon.com/dp/B07WQYQ9TV,SRKSB LLC,
,B0CL3NFCX2,5,Hogar y Cocina,disponible,no disponible,,,2025-10-19T03:35:03.075Z,2025-10-21T05:15:00.318Z,2025-10-28T21:00:22.262Z,470.49,,$474.57,"Spray protector de piel para gamuza y nubuck – 110 ml impermeable y repelente de manchas, protector de zapatos y renovador para zapatos de piel, botas, bolsos y chaquetas | Spray de cuidado de piel",https://www.amazon.com.mx/dp/B0CL3NFCX2,https://www.amazon.com/dp/B0CL3NFCX2,SRKSB LLC,
,B0D93SD6K1,5,Hogar y Cocina,disponible,no disponible,,,2025-10-19T03:35:03.075Z,2025-10-21T05:15:08.998Z,2025-10-28T21:00:29.745Z,403.1,,$403.10,"Súper pegamento para reparación de zapatos, resistente, ideal para suelas, botas, tenis, tacones y sandalias, 30 g",https://www.amazon.com.mx/dp/B0D93SD6K1,https://www.amazon.com/dp/B0D93SD6K1,SRKSB LLC,
,B0CRQYN2F8,5,Hogar y Cocina,disponible,no disponible,,,2025-10-19T03:35:03.075Z,2025-10-21T05:15:16.195Z,2025-10-28T21:00:37.494Z,504.05,,$504.05,"Feilove 4 en 1 aceite de visón acondicionador y limpiador de piel de 3.5 onzas, fórmula impermeable premium para botas y zapatos, Blanco, 6.11 x 3.35 x 2.17 inches",https://www.amazon.com.mx/dp/B0CRQYN2F8,https://www.amazon.com/dp/B0CRQYN2F8,SRKSB LLC,
,B0CJF9F9Q8,5,Hogar y Cocina,disponible,no disponible,,,2025-10-19T03:35:03.076Z,2025-10-21T05:15:24.599Z,2025-10-28T21:00:45.493Z,1364.23,,"$1,718.91","SELPONT Dispensador de detergente, 3 tarros de vidrio de 2.2L para detergente líquido, lejía y suavizante de tela",https://www.amazon.com.mx/dp/B0CJF9F9Q8,https://www.amazon.com/dp/B0CJF9F9Q8,StoreBalci,
,B0CT8GZ1FN,5,Hogar y Cocina,disponible,no disponible,,,2025-10-19T03:35:03.076Z,2025-10-21T05:15:32.914Z,2025-10-28T21:00:54.058Z,524.8,,$524.80,"BERIOVE - Spray protector de zapatos impermeable para zapatos de 13 onzas, spray protector de gamuza para botas y lona",https://www.amazon.com.mx/dp/B0CT8GZ1FN,https://www.amazon.com/dp/B0CT8GZ1FN,SRKSB LLC,
,B0CT8THF7F,5,Hogar y Cocina,disponible,no disponible,,,2025-10-19T03:35:16.935Z,2025-10-21T05:15:40.475Z,2025-10-28T21:01:02.119Z,481.66,,$479.12,"BERIOVE Protect - Spray protector de zapatos, repelente al agua para lluvia y manchas, spray impermeable para sombreros de gamuza de piel, 7.5 onzas, Blanco",https://www.amazon.com.mx/dp/B0CT8THF7F,https://www.amazon.com/dp/B0CT8THF7F,SRKSB LLC,
,B07F3GWP4T,5,Hogar y Cocina,disponible,no disponible,,,2025-10-19T03:35:16.935Z,2025-10-21T05:15:47.969Z,2025-10-28T21:01:08.852Z,934.13,,$933.33,Tanya (Packs) Shisha 50g Herbal Flavor 100% Nicotine and Tobacco Free (12pk),https://www.amazon.com.mx/dp/B07F3GWP4T,https://www.amazon.com/dp/B07F3GWP4T,SRKSB LLC,
,B0CPJCFCZ5,5,Hogar y Cocina,disponible,disponible,,,2025-10-19T03:35:16.935Z,2025-10-21T05:15:54.702Z,2025-10-28T21:01:15.836Z,544.65,7.99,$515.23,"Paquete de 2 cepillos para zapatos de bolos, accesorios para bolos, quitar el polvo y mejorar la diapositiva del zapato (2)",https://www.amazon.com.mx/dp/B0CPJCFCZ5,https://www.amazon.com/dp/B0CPJCFCZ5,SRKSB LLC,E33826
,B0CMQJKHTQ,5,Hogar y Cocina,disponible,no disponible,,,2025-10-19T03:35:16.935Z,2025-10-21T05:16:02.580Z,2025-10-28T21:01:22.985Z,1089.18,,"$1,079.68","HWE Energy - Batería de litio de 12 V 9 Ah, batería recargable LiFePO4 de ciclos profundos de 4000+ ciclos 15 A BMS de repuesto para UPS, sistema de alarma, buscador de peces, iluminación, ruedas de",https://www.amazon.com.mx/dp/B0CMQJKHTQ,https://www.amazon.com/dp/B0CMQJKHTQ,Boon Shopping,
,B0BPLPCMRL,5,Hogar y Cocina,disponible,no disponible,,,2025-10-19T03:35:16.935Z,2025-10-21T05:16:10.952Z,2025-10-28T21:01:31.270Z,480.59,,$465.85,"QUFY - Kit limpiador de zapatos de tela, gamuza de piel y nubuck Premium 3 en 1",https://www.amazon.com.mx/dp/B0BPLPCMRL,https://www.amazon.com/dp/B0BPLPCMRL,SRKSB LLC,
,B0895GV9LP,5,Hogar y Cocina,disponible,no disponible,,,2025-10-19T03:35:16.936Z,2025-10-21T05:16:26.637Z,2025-10-28T21:01:46.042Z,762.83,,$762.83,Paquete de 100 pilas de botón JNKXIXI CR2032 de 3 V DL2032 5004LC de litio,https://www.amazon.com.mx/dp/B0895GV9LP,https://www.amazon.com/dp/B0895GV9LP,SRKSB LLC,
,B08DY7L439,5,Hogar y Cocina,disponible,no disponible,,,2025-10-19T03:35:16.936Z,2025-10-21T05:16:34.298Z,2025-10-28T21:01:53.407Z,600,,$615.11,"Bolsas de basura pequeñas de 1.2 galones: pequeñas bolsas de basura para baño, mini bolsas de basura para 4.5 litros para baño, cocina, oficina (150 unidades, verde)",https://www.amazon.com.mx/dp/B08DY7L439,https://www.amazon.com/dp/B08DY7L439,RUMBLIN,
,B0CHJMWDGV,5,Hogar y Cocina,disponible,no disponible,,,2025-10-19T03:35:16.936Z,2025-10-21T05:16:41.860Z,2025-10-28T21:02:02.415Z,465.99,,$465.99,"ALECPEA - Pegamento para zapatos, 30 g, calcomanía de máxima resistencia para suelas, botas, zapatos de deporte, talones, zapatos de senderismo, bolsos de piel, juego rápido en 15 segundos, 3 boquillas aplicadoras",https://www.amazon.com.mx/dp/B0CHJMWDGV,https://www.amazon.com/dp/B0CHJMWDGV,SRKSB LLC,
,B0CK2KCPJX,5,Hogar y Cocina,disponible,no disponible,,,2025-10-19T03:35:16.936Z,2025-10-21T05:16:48.883Z,2025-10-28T21:02:11.264Z,585,,$720.41,"LIHTUN - Encendedor de antorcha de cigarros, todo en 1, soporte integrado para cigarros, potenciador de extracción de cigarros, corte en V, encendedores de butano recargables de doble chorro para",https://www.amazon.com.mx/dp/B0CK2KCPJX,https://www.amazon.com/dp/B0CK2KCPJX,一直发发发DLL,
,B008SK1X8W,5,Hogar y Cocina,disponible,no disponible,,,2025-10-19T03:35:16.936Z,2025-10-21T05:16:56.451Z,2025-10-28T21:02:19.623Z,720.86,,$724.51,"Kg's - cepillo para polvo protector para botas, Marrón, 2 oz",https://www.amazon.com.mx/dp/B008SK1X8W,https://www.amazon.com/dp/B008SK1X8W,SRKSB LLC,
,B07RPBZHVH,5,Hogar y Cocina,disponible,no disponible,,,2025-10-19T03:35:16.936Z,2025-10-21T05:17:04.746Z,2025-10-28T21:02:27.621Z,607.08,,$607.08,"Perlas de humedad humidor | Bolsa de 8 onzas (1/2 libras) | Rock Solid 70% Humedad | Humidificación bidireccional | Mejor que el gel | Protege a 100 segundos de cigarros | Nunca necesita reemplazar,",https://www.amazon.com.mx/dp/B07RPBZHVH,https://www.amazon.com/dp/B07RPBZHVH,SRKSB LLC,
,B0CFKGB1QQ,5,Hogar y Cocina,disponible,disponible,,,2025-10-19T03:35:16.936Z,2025-10-21T05:17:12.915Z,2025-10-28T21:02:35.644Z,689.35,16.99,$689.35,"Lightalent 18500 - Batería recargable de 3,2 V, LiFePO4 18500 3,2 V, 1000 mAh, 3,2 W, baterías solares para luces solares al aire última intervensión, linterna, paneles de sistema de seguridad",https://www.amazon.com.mx/dp/B0CFKGB1QQ,https://www.amazon.com/dp/B0CFKGB1QQ,SRKSB LLC,JIAWEN Electronic
,B0CWN28PBZ,5,Hogar y Cocina,disponible,disponible,,,2025-10-19T03:35:16.936Z,2025-10-21T05:17:20.572Z,2025-10-28T21:02:44.235Z,487.35,9.99,$500.06,"Howardly - Batería recargable AA Ni-MH de 1,2 V, batería recargable doble A 600 mAh 1,2 V precargada, baja autodescarga para luces solares al aire última intervensión, lámparas de césped, luces de",https://www.amazon.com.mx/dp/B0CWN28PBZ,https://www.amazon.com/dp/B0CWN28PBZ,CATTLESIV,ZHONGDA US
,B0CLGPG9B4,5,Hogar y Cocina,disponible,no disponible,,,2025-10-19T03:35:28.452Z,2025-10-21T05:17:27.173Z,2025-10-28T21:02:52.448Z,577.42,,$580.48,"FANKAI - Encendedor multifuncional de tubos, soporte integrado, herramientas de limpieza 3 en 1, encendedor de butano recargable con llama suave en ángulo, práctico, gas, para regalo de tubería",https://www.amazon.com.mx/dp/B0CLGPG9B4,https://www.amazon.com/dp/B0CLGPG9B4,SRKSB LLC,
,B099BHK748,5,Hogar y Cocina,disponible,no disponible,,,2025-10-19T03:35:28.452Z,2025-10-21T05:17:36.297Z,2025-10-28T21:03:00.364Z,928.87,,$950.79,Goodwipes Toallitas desechables y a base de plantas con botánicos | Dispensador para uso en casa | Paquete variado con aloe séptico y seguro para alcantarillado | 240 unidades (4 paquetes) - Toallitas para adultos más grandes,https://www.amazon.com.mx/dp/B099BHK748,https://www.amazon.com/dp/B099BHK748,SRKSB LLC,
,B0D1Y4KHFN,5,Hogar y Cocina,disponible,disponible,,,2025-10-19T03:35:28.453Z,2025-10-21T05:17:43.889Z,2025-10-28T21:03:08.818Z,795.85,18.99,$790.95,"Goldclean - Servilletas de terracota desechables, servilletas de lino con bolsillo integrado preplegado, toallas de mano de papel para invitados para bodas, cena o fiesta (16 x 16 pulgadas, paquete de",https://www.amazon.com.mx/dp/B0D1Y4KHFN,https://www.amazon.com/dp/B0D1Y4KHFN,Novayu,Goldclean
,B0D6RBL882,5,Hogar y Cocina,disponible,disponible,,,2025-10-19T03:35:28.453Z,2025-10-21T05:17:50.478Z,2025-10-28T21:03:16.308Z,997.89,29.99,"$1,004.10","SINCEHOLY - Baterías AA de litio recargables de alta potencia de 1,5 V, 3600 mWh de larga duración, batería de iones de litio doble A (con cargador de 8 bahías)",https://www.amazon.com.mx/dp/B0D6RBL882,https://www.amazon.com/dp/B0D6RBL882,SRKSB LLC,XCH-AMZ
,B0D549862Y,5,Hogar y Cocina,disponible,disponible,,,2025-10-19T03:35:28.453Z,2025-10-21T05:17:58.375Z,2025-10-28T21:03:24.220Z,533.74,9.89,$526.28,"PKUNIN - Baterías alcalinas de 9 V para detector de humo, paquete de 8, baterías cuadradas de larga duración 6LR61 de alarma contra incendios, 10 años de vida útil",https://www.amazon.com.mx/dp/B0D549862Y,https://www.amazon.com/dp/B0D549862Y,SRKSB LLC,PKUNIN Official
,B0D4JXV582,5,Hogar y Cocina,disponible,disponible,,PRICE_AND_SELLER_NOT_FOUND,2025-10-19T03:35:28.453Z,2025-10-21T05:18:05.320Z,2025-10-28T21:03:30.978Z,2213.41,,"$2,230.11","Zapper solar de insectos para exteriores, 4800 V efectiva para uso en interiores, zapadora de moscas recargable sin cable con batería de 4000 mAh, Zapper de insectos impermeable IP66 para exteriores,",https://www.amazon.com.mx/dp/B0D4JXV582,https://www.amazon.com/dp/B0D4JXV582,SRKSB LLC,
,B0B12WFQ86,5,Hogar y Cocina,disponible,disponible,,,2025-10-19T03:35:28.453Z,2025-10-21T05:18:12.911Z,2025-10-28T21:03:39.161Z,399.58,8.99,$482.68,"KINREECELL - Baterías AA recargables Ni-MH doble A 600 mAh, alta capacidad, 1,2 V, precargadas para luces solares al aire última intervensión (paquete de 12)",https://www.amazon.com.mx/dp/B0B12WFQ86,https://www.amazon.com/dp/B0B12WFQ86,Amazon Estados Unidos,ZOOZEN
,B0CQPRSHWQ,5,Hogar y Cocina,disponible,no disponible,,,2025-10-19T03:35:38.389Z,2025-10-21T05:18:21.553Z,2025-10-28T21:03:46.740Z,843.87,,$848.47,"Quest Specialty DIGEST PLUS Limpiador de drenaje espumoso y eliminador de olores, 2 unidades",https://www.amazon.com.mx/dp/B0CQPRSHWQ,https://www.amazon.com/dp/B0CQPRSHWQ,SRKSB LLC,
,B002SPFIFW,5,Hogar y Cocina,disponible,no disponible,,,2025-10-19T03:35:38.389Z,2025-10-21T05:18:29.534Z,2025-10-28T21:03:53.898Z,499.71,,$505.40,Dri-Pak Soda Crystals (1kg / 2.2 lb bag) by Dri-Pak,https://www.amazon.com.mx/dp/B002SPFIFW,https://www.amazon.com/dp/B002SPFIFW,ProductosTX ⭐ ⭐ ⭐ ⭐ ⭐,
,B0CJ81FXWF,5,Hogar y Cocina,disponible,disponible,,,2025-10-19T03:35:38.389Z,2025-10-21T05:18:37.724Z,2025-10-28T21:04:02.231Z,1294.08,34.99,"$1,271.76","NOVIIML ached Z-Fold Paper Towels - 1000ct - 100% Post-Consumer Waste Multifold Paper Towels Bulk - All-Natural Recycled Multifold Paper Towel Refills - For Schools, Workplace, Home, Kitchen",https://www.amazon.com.mx/dp/B0CJ81FXWF,https://www.amazon.com/dp/B0CJ81FXWF,SRKSB LLC,ProjectMasters
,B0BZPJBKYS,5,Hogar y Cocina,disponible,no disponible,,,2025-10-19T03:35:38.389Z,2025-10-21T05:18:46.032Z,2025-10-28T21:04:10.284Z,514.86,,$506.63,T.FORING Bolsas De Basura Pequeñas De 2 Galones - Bolsas De Basura De Baño De 150 Unidades Sin Perfume 7.5 Litros Bolsas De Basura Coloridas Bolsas De Basura Fuertes Y Gruesas Para El Hogar Oficina Do,https://www.amazon.com.mx/dp/B0BZPJBKYS,https://www.amazon.com/dp/B0BZPJBKYS,SRKSB LLC,
,B09KRPRWXM,5,Hogar y Cocina,disponible,disponible,,,2025-10-19T03:35:52.150Z,2025-10-21T05:18:54.455Z,2025-10-28T21:04:17.091Z,505.47,8.99,$490.18,"Orighty Paquete de 24 toallas de microfibra de forro polar coral, suaves y absorbentes para recién nacidos, bebés y niños pequeños, suaves para la piel delicada para la cara, las manos y el cuerpo, 7 x 9 pulgadas",https://www.amazon.com.mx/dp/B09KRPRWXM,https://www.amazon.com/dp/B09KRPRWXM,Boon Shopping,Orighty Care
,B09BG6T7RN,5,Hogar y Cocina,disponible,no disponible,,,2025-10-19T03:35:52.150Z,2025-10-21T05:19:10.295Z,2025-10-28T21:04:31.900Z,801.08,,$805.98,"PrimaPure - Filtro de agua de repuesto para máquina de café espresso conpatibles con DeLonghi DLS002, SER3017, 5513292811, EC800, ESAM, ECAM, ETAM Series",https://www.amazon.com.mx/dp/B09BG6T7RN,https://www.amazon.com/dp/B09BG6T7RN,SRKSB LLC,
,B08KRLN97J,5,Hogar y Cocina,disponible,no disponible,,,2025-10-19T03:35:52.150Z,2025-10-21T05:19:18.568Z,2025-10-28T21:04:39.745Z,589.96,,$589.96,"Logix 20911 - Encendedor de butano, antorcha de cocina para caramelización, búsqueda, recargable con bloqueo de seguridad, doble llama ajustable",https://www.amazon.com.mx/dp/B08KRLN97J,https://www.amazon.com/dp/B08KRLN97J,SRKSB LLC,
,B09525CGNJ,5,Hogar y Cocina,disponible,no disponible,,,2025-10-19T03:35:52.151Z,2025-10-21T05:19:26.495Z,2025-10-28T21:04:47.689Z,431.92,,$427.38,RAYONNER Encendedor eléctrico encendedor de velas recargable USB encendedor de arco,https://www.amazon.com.mx/dp/B09525CGNJ,https://www.amazon.com/dp/B09525CGNJ,Boon Shopping,
,B01N9HAKTH,5,Hogar y Cocina,disponible,disponible,,,2025-10-19T03:35:52.151Z,2025-10-21T05:19:34.495Z,2025-10-28T21:04:56.007Z,636.17,14.95,$636.39,"Spray de papel higiénico prístino: como se ve en el tanque de tiburón, el planeta amigable, alternativa más natural a las toallitas húmedas desechables, original 4 onzas",https://www.amazon.com.mx/dp/B01N9HAKTH,https://www.amazon.com/dp/B01N9HAKTH,SRKSB LLC,Pristine Sprays
,B0CNGTY4W1,5,Hogar y Cocina,disponible,disponible,,,2025-10-19T03:35:52.151Z,2025-10-21T05:19:42.230Z,2025-10-28T21:05:04.085Z,779.1,23.99,$779.10,Napkins01-Terracotta-50P,https://www.amazon.com.mx/dp/B0CNGTY4W1,https://www.amazon.com/dp/B0CNGTY4W1,SRKSB LLC,IYLLLWLY-US
,B07XX3Z32F,5,Hogar y Cocina,disponible,no disponible,,,2025-10-19T03:36:02.397Z,2025-10-21T05:19:49.366Z,2025-10-28T21:05:12.601Z,565.92,,$553.92,"Xuxuxus 1,2 galones bolsa de basura pequeña bolsa de basura baño 5 litros bolsa de basura cocina dormitorio Oficina cesta de basura transparente forrada con 120 blancos",https://www.amazon.com.mx/dp/B07XX3Z32F,https://www.amazon.com/dp/B07XX3Z32F,SRKSB LLC,
,B0D9XSX7SM,5,Hogar y Cocina,disponible,no disponible,,,2025-10-19T03:36:13.280Z,2025-10-21T05:19:57.140Z,2025-10-28T21:05:20.329Z,983.73,,$983.73,"WDS WONDROUS - Juego de 8 piezas de belén blanco y dorado mini cifras de belén moderna escena de la sagrada familia, colección religiosa de resina y madera para niños, estante de mesa de Navidad para",https://www.amazon.com.mx/dp/B0D9XSX7SM,https://www.amazon.com/dp/B0D9XSX7SM,SRKSB LLC,
,B07H8LF9G9,5,Hogar y Cocina,disponible,no disponible,,,2025-10-19T03:36:13.280Z,2025-10-21T05:20:04.855Z,2025-10-28T21:05:28.972Z,483.26,,$485.40,SANCTUM VERITAS Rosario italiano bendecido por el Papa Francisco Vaticano Roma Medalla del Santo Padre Cruz San Benito Patrono Estudiantes Veteranos Cristianos Soldados del Ejército de Estados Unidos,https://www.amazon.com.mx/dp/B07H8LF9G9,https://www.amazon.com/dp/B07H8LF9G9,SRKSB LLC,
,B0DHJ8WT68,5,Hogar y Cocina,disponible,disponible,,,2025-10-19T03:36:13.280Z,2025-10-21T05:20:12.810Z,2025-10-28T21:05:35.947Z,1336,34.99,"$1,339.90","Libros decorativos para decoración del hogar | Juego de 3 libros falsos y falsos para decoración de mesa de centro y estantes, libro decorativo con páginas en blanco reales | Juego de libros estéticos",https://www.amazon.com.mx/dp/B0DHJ8WT68,https://www.amazon.com/dp/B0DHJ8WT68,XIJIANG,DECOVOLUMES
,B0CKYQ4HM8,5,Hogar y Cocina,disponible,no disponible,,,2025-10-19T03:36:13.280Z,2025-10-21T05:20:19.807Z,2025-10-28T21:05:43.981Z,973.85,,"$1,006.86","CoolGift Mart Now Playing - Soporte para discos de vinilo, soporte para discos iluminados, exhibición de acrílico de madera con luces blancas cálidas para álbumes, decoración de habitación, para",https://www.amazon.com.mx/dp/B0CKYQ4HM8,https://www.amazon.com/dp/B0CKYQ4HM8,Boon Shopping,
,B0CKVZB6PT,5,Hogar y Cocina,disponible,no disponible,,,2025-10-19T03:36:13.281Z,2025-10-21T05:20:27.602Z,2025-10-28T21:05:51.506Z,1042.26,,"$1,048.57","BSRHOME - Juego de 9 marcos de fotos de 8 x 8 pulgadas para imágenes de 4 x 4 pulgadas con alfombrilla o 8 x 8 pulgadas sin alfombrilla, marcos cuadrados de fotos para pared o mesa, negro",https://www.amazon.com.mx/dp/B0CKVZB6PT,https://www.amazon.com/dp/B0CKVZB6PT,SRKSB LLC,
,B01H1CAY0U,5,Hogar y Cocina,disponible,no disponible,,,2025-10-19T03:36:13.281Z,2025-10-21T05:20:35.886Z,2025-10-28T21:05:59.693Z,2138.03,,"$2,154.27",Jewelry Trinket Box Wood Mother of Pearl Inlay Mirror Lid Pink Floral Butterfly Design,https://www.amazon.com.mx/dp/B01H1CAY0U,https://www.amazon.com/dp/B01H1CAY0U,SRKSB LLC,
,B0CQS9NTP8,5,Hogar y Cocina,disponible,disponible,,,2025-10-19T03:36:13.281Z,2025-10-21T05:20:44.046Z,2025-10-28T21:06:08.248Z,608.75,21.99,$834.99,"Handysienda - Kit de fabricación de velas para adultos, juego de velas de soja para principiantes, con pistola de calor, jarra de metal de 900 ml, termómetro, accesorios para hacer velas",https://www.amazon.com.mx/dp/B0CQS9NTP8,https://www.amazon.com/dp/B0CQS9NTP8,Amazon Estados Unidos,HongHui Trading
,B0D4PY2ZXX,5,Hogar y Cocina,disponible,no disponible,,,2025-10-19T03:36:13.281Z,2025-10-21T05:20:51.040Z,2025-10-28T21:06:17.055Z,479,,$482.86,CICPAP - Juego de diario para parejas de él y ella,https://www.amazon.com.mx/dp/B0D4PY2ZXX,https://www.amazon.com/dp/B0D4PY2ZXX,XIJIANG,
,B0CMSV3MTB,5,Hogar y Cocina,disponible,disponible,,,2025-10-19T03:36:13.281Z,2025-10-21T05:20:57.497Z,2025-10-28T21:06:24.565Z,561.79,19.99,$761.93,"Elegondrar - Decoración de coral blanco de 5.8 pulgadas de alto, estatua de coral de resina, decoraciones náuticas para el hogar, recámara, baño, sala de estar, estante de mesa con temática de",https://www.amazon.com.mx/dp/B0CMSV3MTB,https://www.amazon.com/dp/B0CMSV3MTB,Amazon Estados Unidos,MEIKE STORE
,B087FB4Q8K,5,Hogar y Cocina,disponible,no disponible,,,2025-10-19T03:36:13.281Z,2025-10-21T05:21:05.257Z,2025-10-28T21:06:32.661Z,1899.57,,"$1,899.57","Elle - Joyero organizador de joyas de bailarina y caja de música Wind-Up de Swan Lake para niñas y adolescentes, accesorios y almacenamiento de madera con cerradura y espejo, encantadora decoración de",https://www.amazon.com.mx/dp/B087FB4Q8K,https://www.amazon.com/dp/B087FB4Q8K,SRKSB LLC,
,B0D4QTBMHJ,5,Hogar y Cocina,disponible,no disponible,,,2025-10-19T03:36:13.281Z,2025-10-21T05:21:13.057Z,2025-10-28T21:06:40.657Z,6308.13,,"$6,726.01","Anpark - Espejo de ventana de longitud completa, 71 x 30 pulgadas, para montaje en la pared, espejo decorativo para piso, espejo de pared inclinado para recámara, sala de estar, entrada",https://www.amazon.com.mx/dp/B0D4QTBMHJ,https://www.amazon.com/dp/B0D4QTBMHJ,Binglu,
,B0B76RYBNK,5,Hogar y Cocina,disponible,disponible,,,2025-10-19T03:36:13.281Z,2025-10-21T05:21:21.391Z,2025-10-28T21:06:48.112Z,1265.56,34.99,"$1,229.65","Kigan Home - Libros decorativos de lino, juego de 3 (negro obsidiano) – Libros de tela neutra con guirnalda de abalorio de madera para decoración del hogar, estantes, chimenea de chimenea, mesa de",https://www.amazon.com.mx/dp/B0B76RYBNK,https://www.amazon.com/dp/B0B76RYBNK,SURE_FIRE,KIGAN HOME
,B0DJVQSTVL,5,Hogar y Cocina,disponible,no disponible,,,2025-10-19T03:36:13.282Z,2025-10-21T05:21:28.615Z,2025-10-28T21:06:55.142Z,5914.2,,"$6,263.65","Easly - Espejo de cuerpo completo de gran tamaño, espejo arqueado de longitud completa de 77 x 38 pulgadas, marco de metal negro, espejo de piso para recámara, sala de estar/vestidor, gimnasio",https://www.amazon.com.mx/dp/B0DJVQSTVL,https://www.amazon.com/dp/B0DJVQSTVL,SRKSB LLC,
,B0C9M39VLD,5,Hogar y Cocina,disponible,disponible,,,2025-10-19T03:36:13.282Z,2025-10-21T05:21:36.587Z,2025-10-28T21:07:03.516Z,953.33,22.99,$907.35,"FlyDOIT - Alfombras de área grande para sala de estar, 4 x 6 pies, color verde profundo, alfombras esponjosas, de felpa ultra suave, modernas para interiores, para recámara, habitación de bebé,",https://www.amazon.com.mx/dp/B0C9M39VLD,https://www.amazon.com/dp/B0C9M39VLD,Binglu,FlyDOIT
,B0DFWZ1HRS,5,Hogar y Cocina,disponible,no disponible,,,2025-10-19T03:36:13.282Z,2025-10-21T05:21:53.161Z,2025-10-28T21:07:18.918Z,1593.3,,"$1,619.64","DMWOODFL Espejo de longitud completa arqueado de 58 x 18 pulgadas, montado en la pared/piso con soporte, vidrio a prueba de roturas y marco de aluminio, espejo de cuerpo grande para recámara, sala de",https://www.amazon.com.mx/dp/B0DFWZ1HRS,https://www.amazon.com/dp/B0DFWZ1HRS,SRKSB LLC,
,B0C3DNY42K,5,Hogar y Cocina,disponible,no disponible,,,2025-10-19T03:36:25.565Z,2025-10-21T05:22:01.218Z,2025-10-28T21:07:26.360Z,1337.52,,"$1,350.37","Lwiiom - Barras de cortina dobles con soportes de ramo de aluminio y remates redondos, barras de cortina de níquel cepillado para ventanas de 48 a 86 pulgadas, 1 pulgada delantera y 5/8 pulgadas",https://www.amazon.com.mx/dp/B0C3DNY42K,https://www.amazon.com/dp/B0C3DNY42K,SRKSB LLC,
,B0DBZCCPLQ,5,Hogar y Cocina,disponible,no disponible,,,2025-10-19T03:36:25.565Z,2025-10-21T05:22:10.039Z,2025-10-28T21:07:34.811Z,798.34,,$810.53,"AAQ Paquete de 4 marcos de fotos rústicos clásicos de 5 x 7 pulgadas con plexiglás, marcos de madera veteada envejecida para obras de arte y decoración de habitaciones",https://www.amazon.com.mx/dp/B0DBZCCPLQ,https://www.amazon.com/dp/B0DBZCCPLQ,SRKSB LLC,
,B0D1KCBF21,5,Hogar y Cocina,disponible,no disponible,,,2025-10-19T03:36:25.565Z,2025-10-21T05:22:17.577Z,2025-10-28T21:07:43.295Z,956.32,,$956.32,"Macetero de pared de madera, paquete de 4 jarrones de pared con bolsillo interior para decoración para sala de estar, recámara, flores secas, plantas de vegetación sintética (negro)",https://www.amazon.com.mx/dp/B0D1KCBF21,https://www.amazon.com/dp/B0D1KCBF21,SRKSB LLC,
,B0D7GX56DQ,5,Hogar y Cocina,disponible,no disponible,,,2025-10-19T03:36:25.566Z,2025-10-21T05:22:25.360Z,2025-10-28T21:07:51.665Z,900.99,,$906.40,"LAMIT - Cortinas semitransparentes de lino natural para ventanas cortas, cortinas filtrantes de luz, cortinas de bronce estilo rústico con ojales para cocina/sala de loft, 2 paneles, 34 x 48 pulgadas",https://www.amazon.com.mx/dp/B0D7GX56DQ,https://www.amazon.com/dp/B0D7GX56DQ,SRKSB LLC,
,B0D5V9B572,5,Hogar y Cocina,disponible,no disponible,,,2025-10-19T03:36:25.566Z,2025-10-21T05:22:34.170Z,2025-10-28T21:07:58.759Z,1092.59,,"$1,074.78","LAMIT - Cortinas semitranslúcidas de lino con aspecto natural, filtro de luz, pestaña trasera, bolsillo para barra, para recámara, Navidad, campestre, juego de 2 paneles, 97 x 160 cm, verde oliva",https://www.amazon.com.mx/dp/B0D5V9B572,https://www.amazon.com/dp/B0D5V9B572,AREDIANT,
,B0B5YFDZTM,5,Hogar y Cocina,disponible,no disponible,,,2025-10-19T03:36:25.566Z,2025-10-21T05:22:42.648Z,2025-10-28T21:08:06.765Z,686.43,,$686.43,"Bask - Velas cónicas de 10 pulgadas, sin perfume y sin goteo, quema durante 8 horas, decoración del hogar para mesa, cocina y recámara, perfectas para una cita romántica o aniversario, paquete de 12",https://www.amazon.com.mx/dp/B0B5YFDZTM,https://www.amazon.com/dp/B0B5YFDZTM,SRKSB LLC,
,B0C9HGNHN3,5,Hogar y Cocina,disponible,disponible,,,2025-10-19T03:36:25.566Z,2025-10-21T05:22:50.068Z,2025-10-28T21:08:14.265Z,1147.26,36.99,"$1,100.87","Ruaozz Funda de silla reclinable 100 % impermeable, reversible, para sillón reclinable, lavable, con correas elásticas, para niños, perros, mascotas, azul pastel, 58 cm",https://www.amazon.com.mx/dp/B0C9HGNHN3,https://www.amazon.com/dp/B0C9HGNHN3,Atlasia Store,TISIWEI
,B0CCCWCLB5,5,Hogar y Cocina,disponible,disponible,,,2025-10-19T03:36:25.566Z,2025-10-21T05:22:58.299Z,2025-10-28T21:08:22.208Z,829.86,25.99,$834.86,"Vatge - Cortinas para puerta, cortinas plegables para interiores, 1 panel con alzapaños, 100 x 198 cm, color blanco",https://www.amazon.com.mx/dp/B0CCCWCLB5,https://www.amazon.com/dp/B0CCCWCLB5,SRKSB LLC,Vatge
,B005W6DRNY,5,Hogar y Cocina,disponible,no disponible,,,2025-10-19T03:36:25.566Z,2025-10-21T05:23:05.989Z,2025-10-28T21:08:31.338Z,685.58,,$705.30,"Bluapple Bluapple 2 Pack, 2 PK",https://www.amazon.com.mx/dp/B005W6DRNY,https://www.amazon.com/dp/B005W6DRNY,SRKSB LLC,
,B0CBV8L9PN,5,Hogar y Cocina,disponible,disponible,,,2025-10-19T03:36:25.566Z,2025-10-21T05:23:13.692Z,2025-10-28T21:08:38.314Z,795.09,19.99,$795.09,"Ganeen - Juego de 4 flores de margaritas tejidas bohemias para decoración de pared de macramé para colgar en la pared para niñas, arte bohemio, hogar, recámara, habitación, flores (6 pétalos)",https://www.amazon.com.mx/dp/B0CBV8L9PN,https://www.amazon.com/dp/B0CBV8L9PN,SRKSB LLC,Jeeland
,B0D59KXL6J,5,Hogar y Cocina,disponible,no disponible,,,2025-10-19T03:36:25.566Z,2025-10-21T05:23:21.041Z,2025-10-28T21:08:46.197Z,1461.23,,"$1,471.66","DAISYCRAFTVN - Estatua de madera de Buda Shakyamuni, accesorios de meditación, decoración de Feng Shui, regalos espirituales Zen, decoración del hogar y del altar, decoración de habitación de Buda y",https://www.amazon.com.mx/dp/B0D59KXL6J,https://www.amazon.com/dp/B0D59KXL6J,SRKSB LLC,
,B09N9WJQV4,5,Hogar y Cocina,disponible,no disponible,,,2025-10-19T03:36:25.566Z,2025-10-21T05:23:30.267Z,2025-10-28T21:08:53.753Z,1550.88,,"$1,573.09","Campoli Creations - Alternativa para libro de invitados de boda, artículo de registro, marco de fotos de 12 x 16 pulgadas, 70 piezas de letrero de bienvenida, regalo, corazones blancos, registro de",https://www.amazon.com.mx/dp/B09N9WJQV4,https://www.amazon.com/dp/B09N9WJQV4,SRKSB LLC,
,B0D2G79H1J,5,Hogar y Cocina,disponible,no disponible,,,2025-10-19T03:36:25.567Z,2025-10-21T05:23:38.432Z,2025-10-28T21:09:02.558Z,1371.66,,"$1,440.35","Libros decorativos para decoración del hogar con páginas en blanco, mesa de centro de imitación, tapa dura, libro estético, repisa, moderno, estantería, estilo de mesa, visualización grande, apilable",https://www.amazon.com.mx/dp/B0D2G79H1J,https://www.amazon.com/dp/B0D2G79H1J,SRKSB LLC,
,B09TZX93BQ,5,Hogar y Cocina,disponible,no disponible,,,2025-10-19T03:36:25.567Z,2025-10-21T05:23:45.317Z,2025-10-28T21:09:10.150Z,510.13,,$504.13,"TouYinger Caja de exhibición pequeña de 5 x 5 pulgadas, caja de exhibición para recuerdos, medallas, recuerdos de boda, manualidades, boletos y fotos, marco de fotos para pared y mesa (madera clara, 5 x 5)",https://www.amazon.com.mx/dp/B09TZX93BQ,https://www.amazon.com/dp/B09TZX93BQ,SRKSB LLC,
,B0CJC97R45,5,Hogar y Cocina,disponible,no disponible,,,2025-10-19T03:36:25.567Z,2025-10-21T05:23:53.195Z,2025-10-28T21:09:17.679Z,619.99,,$623.08,"Geetery - 6 carteles de madera para decoración de pared de cocina, cocina, cocina, comedor, collage, arte de pared, rústico, verticales, colgantes de madera, para cocina, sala de estar, hogar (color",https://www.amazon.com.mx/dp/B0CJC97R45,https://www.amazon.com/dp/B0CJC97R45,SRKSB LLC,
,B0CDZQ92TN,5,Hogar y Cocina,disponible,disponible,,,2025-10-19T03:36:25.567Z,2025-10-21T05:24:00.941Z,2025-10-28T21:09:25.795Z,897.9,23.99,$897.90,"Retrowavy - 12 coronas de Navidad para clóset de cocina con cinta de 3.94 pulgadas, corona de cocina pequeña con bayas y lazos, corona verde para puerta de ventana (lino)",https://www.amazon.com.mx/dp/B0CDZQ92TN,https://www.amazon.com/dp/B0CDZQ92TN,SRKSB LLC,Chaterhp
,B0CSPK2NTV,5,Hogar y Cocina,disponible,no disponible,,,2025-10-19T03:36:39.253Z,2025-10-21T05:24:07.456Z,2025-10-28T21:09:34.190Z,689.35,,$689.35,"Winlor - Marco de fotos pequeño tamaño para bebé, 2 x 3 pulgadas, juego de 6 unidades, para decoración del hogar de mesa, marco de fotos Polaroid con imán suave, bonitos imanes de refrigerador, blanco",https://www.amazon.com.mx/dp/B0CSPK2NTV,https://www.amazon.com/dp/B0CSPK2NTV,SRKSB LLC,
,B0CBRYQDSF,5,Hogar y Cocina,disponible,disponible,,,2025-10-19T03:36:39.253Z,2025-10-21T05:24:15.905Z,2025-10-28T21:09:42.377Z,1514.34,49.99,"$1,617.32","FlyDOIT - Alfombras de área grande para sala de estar, 1.5 x 2.5 m, alfombra lanuda verde teñida anudada, alfombra mullida, de felpa ultra suave, moderna para interiores, recámara, habitación de bebé,",https://www.amazon.com.mx/dp/B0CBRYQDSF,https://www.amazon.com/dp/B0CBRYQDSF,SRKSB LLC,FlyDOIT
,B0CRVX491Y,5,Hogar y Cocina,disponible,no disponible,,,2025-10-19T03:36:39.253Z,2025-10-21T05:24:24.332Z,2025-10-28T21:09:49.363Z,530.61,,$664.05,"IVWOXO - Soporte para palo, cerámica hecha a mano, quemador de palo, tazón para meditación, yoga, soporte de incienso para quemador de incienso, PSXL02",https://www.amazon.com.mx/dp/B0CRVX491Y,https://www.amazon.com/dp/B0CRVX491Y,Amazon Estados Unidos,
,B0D9VV6DHV,5,Hogar y Cocina,disponible,no disponible,,,2025-10-19T03:36:39.254Z,2025-10-21T05:24:40.523Z,2025-10-28T21:10:02.416Z,1372.04,,"$1,381.72","JCJMY - Juego de 3 marcos de fotos de 16 x 23 pulgadas, color negro para foto y póster, formatos horizontales y verticales para colgar en la pared, marco de galería de pared para 16 x 23 fotos,",https://www.amazon.com.mx/dp/B0D9VV6DHV,https://www.amazon.com/dp/B0D9VV6DHV,AREDIANT,
,B0CG6RL2RY,5,Hogar y Cocina,disponible,disponible,,,2025-10-19T03:36:39.254Z,2025-10-21T05:24:48.036Z,2025-10-28T21:10:10.927Z,1165.58,35.99,"$1,171.96","JONES CLOCKS® - Reloj de pared de película rectangular retro | 10 pulgadas | Azul pálido | Diseño fresco de mediados de siglo para cocina, sala de estar u oficina",https://www.amazon.com.mx/dp/B0CG6RL2RY,https://www.amazon.com/dp/B0CG6RL2RY,SRKSB LLC,Newgate World Ltd
,B0D2KNDXMM,5,Hogar y Cocina,disponible,disponible,,,2025-10-19T03:36:39.254Z,2025-10-21T05:24:55.478Z,2025-10-28T21:10:19.667Z,1246.53,33.99,"$1,286.90","HEART ART 20x28 Marcos de Fotos Marcos para Póster Negro,Imágenes de Exhibición 16x24 con Tapete or 20 x 28 sin Tapete,20x28 Marcos para Montaje en Pared",https://www.amazon.com.mx/dp/B0D2KNDXMM,https://www.amazon.com/dp/B0D2KNDXMM,SRKSB LLC,ELSKER
,B0D1QSDZRT,5,Hogar y Cocina,disponible,disponible,,,2025-10-19T03:36:39.254Z,2025-10-21T05:25:03.611Z,2025-10-28T21:10:28.360Z,475.71,11.99,$461.43,"Treory - Decoración de Halloween, decoración de ventanas, 3 unidades, calcomanías grandes de fantasma blanco para silueta de espejo, calcomanías de ventana de Halloween, interiores, escuela, hogar",https://www.amazon.com.mx/dp/B0D1QSDZRT,https://www.amazon.com/dp/B0D1QSDZRT,SRKSB LLC,LimBridge
,B0CC33V5GW,5,Hogar y Cocina,disponible,no disponible,,,2025-10-19T03:36:39.254Z,2025-10-21T05:25:10.547Z,2025-10-28T21:10:35.425Z,767.5,,$784.62,"FOTSHARER Anillo de árbol de Navidad con lentejuelas verde esmeralda redondo con purpurina, cuello de árbol de Navidad, falda de sauce, base para decoración de árbol de Navidad, lentejuelas de terciopelo, falda de árbol de Navidad para día festivo",https://www.amazon.com.mx/dp/B0CC33V5GW,https://www.amazon.com/dp/B0CC33V5GW,SRKSB LLC,
,B08THQS7Z2,5,Hogar y Cocina,disponible,disponible,,,2025-10-19T03:36:39.254Z,2025-10-21T05:25:19.169Z,2025-10-28T21:10:43.305Z,597.23,11.99,$590.85,"TOUCH X - Reloj despertador para niños, luz nocturna de unicornio con patrón de unicornio de 4 lados y 9 tipos de LED brillante reloj de noche, regalo para decoración de habitación de unicornio para recámara de niñas",https://www.amazon.com.mx/dp/B08THQS7Z2,https://www.amazon.com/dp/B08THQS7Z2,SRKSB LLC,CHHIYN Direct
,B0DMSK1GGC,5,Hogar y Cocina,disponible,disponible,,,2025-10-19T03:36:39.254Z,2025-10-21T05:25:26.551Z,2025-10-28T21:10:51.516Z,1076.11,29.99,"$1,081.56","FlyDOIT - Alfombra moderna geométrica de retazos de 2 x 6 pulgadas para sala de estar, colección Rockwood, alfombras interiores para recámara, decoración del piso para entrada, comedor, oficina,",https://www.amazon.com.mx/dp/B0DMSK1GGC,https://www.amazon.com/dp/B0DMSK1GGC,AREDIANT,FlyDOIT
,B0CXWJQ7JJ,5,Hogar y Cocina,disponible,no disponible,,,2025-10-19T03:36:39.254Z,2025-10-21T05:25:34.761Z,2025-10-28T21:10:59.865Z,611.42,,$609.63,"bocinas de incienso de citronela, hechas de plantas naturales, adecuadas para exteriores, interiores, por la piscina, en el patio, 48 bocinas y soportes de bobina.",https://www.amazon.com.mx/dp/B0CXWJQ7JJ,https://www.amazon.com/dp/B0CXWJQ7JJ,SRKSB LLC,
,B0D89YGZLD,5,Hogar y Cocina,disponible,disponible,,,2025-10-19T03:36:39.254Z,2025-10-21T05:25:42.417Z,2025-10-28T21:11:07.839Z,397.2,4.99,$389.24,"130 pegatinas decorativas de Navidad para ventana, copos de nieve de Navidad de Papá Noel",https://www.amazon.com.mx/dp/B0D89YGZLD,https://www.amazon.com/dp/B0D89YGZLD,SRKSB LLC,qianqilingmao
,B0BLHX1V5C,5,Hogar y Cocina,disponible,disponible,,,2025-10-19T03:36:39.255Z,2025-10-21T05:25:50.038Z,2025-10-28T21:11:16.305Z,513.23,9.39,$545.18,"Lecloud - Juego de cortinas transparentes de 84 pulgadas de largo, 2 paneles de gasa sólida, para filtrar la luz, para sala de estar, elegantes cortinas traslúcidas para recámara, verde salvia, 40",https://www.amazon.com.mx/dp/B0BLHX1V5C,https://www.amazon.com/dp/B0BLHX1V5C,SRKSB LLC,Lecloud
,B0DLVT8HBC,5,Hogar y Cocina,disponible,no disponible,,,2025-10-19T03:36:39.255Z,2025-10-21T05:25:58.817Z,2025-10-28T21:11:24.040Z,422.58,,$422.35,"Velaris Acotar - Adorno acrílico inspirado en libro de la ciudad de Starlight, decoración de árbol de Navidad, regalo de libros para club de libros, amantes de los libros, regalo de merchandising de",https://www.amazon.com.mx/dp/B0DLVT8HBC,https://www.amazon.com/dp/B0DLVT8HBC,SRKSB LLC,
,B09MFPJMC4,5,Hogar y Cocina,disponible,no disponible,,,2025-10-19T03:36:39.255Z,2025-10-21T05:26:06.402Z,2025-10-28T21:11:32.776Z,460.19,,$460.19,"Yulejo Decoración de Pared para Habitación de Niñas: Unicornio Arco Iris, Arte Inspirador, Granja, 4 Piezas, 12 x 3.5 Pulgadas",https://www.amazon.com.mx/dp/B09MFPJMC4,https://www.amazon.com/dp/B09MFPJMC4,SRKSB LLC,
,B0C57J3BL2,5,Hogar y Cocina,disponible,disponible,,,2025-10-19T03:36:39.255Z,2025-10-21T05:26:13.611Z,2025-10-28T21:11:40.804Z,1352.81,42.99,"$1,421.57","Aljctns - Cortinas de terciopelo azul real de 96 pulgadas de largo para oscurecer habitación de lujo para recámara, sala de estar, cortinas de ventana con aislamiento térmico, bolsillo para barra y",https://www.amazon.com.mx/dp/B0C57J3BL2,https://www.amazon.com/dp/B0C57J3BL2,SRKSB LLC,SILKSANDSATINS
,B0CRHLZ492,5,Hogar y Cocina,disponible,disponible,,,2025-10-19T03:36:52.666Z,2025-10-21T05:26:20.806Z,2025-10-28T21:11:47.599Z,830.66,18.04,$861.19,"RELEANY Tapete de Área Vintage Lavable en Máquina 60 x 300 cm, Tapete de Pelo Bajo sin Deshilacharse Alfombras para Sala de Estar Dormitorio Comedor Gris/Amarillo",https://www.amazon.com.mx/dp/B0CRHLZ492,https://www.amazon.com/dp/B0CRHLZ492,SRKSB LLC,VRELEANY
,B0BLHYF3S9,5,Hogar y Cocina,disponible,disponible,,,2025-10-19T03:36:52.666Z,2025-10-21T05:26:28.170Z,2025-10-28T21:11:54.453Z,508.77,7.99,$505.81,"Lecloud - Cortinas transparentes negras de 84 pulgadas de largo, 2 paneles, tratamientos de ventana aireados de gasa sólida para sala de estar, recámara, cortinas ligeras y transpirables con doble",https://www.amazon.com.mx/dp/B0BLHYF3S9,https://www.amazon.com/dp/B0BLHYF3S9,Boon Shopping,Lecloud
,B0CZT3SXS4,5,Hogar y Cocina,disponible,no disponible,,,2025-10-19T03:36:52.666Z,2025-10-21T05:26:37.018Z,2025-10-28T21:12:01.899Z,1033.58,,"$1,103.57","JCJMY - Juego de 6 marcos de fotos blancos de 11 x 15 pulgadas, formatos horizontales y verticales para colgar en la pared, marcos de fotos de 11 x 15 pulgadas, con plexiglás resistente a roturas,",https://www.amazon.com.mx/dp/B0CZT3SXS4,https://www.amazon.com/dp/B0CZT3SXS4,AMO LA PELLE,
,B0CF5C8D9L,5,Hogar y Cocina,disponible,no disponible,,,2025-10-19T03:36:52.666Z,2025-10-21T05:26:45.184Z,2025-10-28T21:12:08.731Z,1042.97,,"$1,045.35","Paquete de 4 linternas de madera para centro de mesa, faroles decorativos para interiores a granel, decoración rústica de boda, decoración de madera, faroles de granja, portavelas para fiesta de campo",https://www.amazon.com.mx/dp/B0CF5C8D9L,https://www.amazon.com/dp/B0CF5C8D9L,SRKSB LLC,
,B0BRK8WN6K,5,Hogar y Cocina,disponible,no disponible,,,2025-10-19T03:36:52.666Z,2025-10-21T05:26:52.780Z,2025-10-28T21:12:17.510Z,719.39,,$723.19,"BAYSBAI Cruz de madera, crucifijo colgante de pared católica, cruces decorativas para la pared, regalo de confirmación de bautismo cristiano",https://www.amazon.com.mx/dp/B0BRK8WN6K,https://www.amazon.com/dp/B0BRK8WN6K,SRKSB LLC,
,B08CCNR1PH,5,Hogar y Cocina,disponible,disponible,,,2025-10-19T03:36:52.666Z,2025-10-21T05:27:01.309Z,2025-10-28T21:12:25.064Z,513.35,14.99,$639.69,"(Loveseat Cushion, Dark Teal) - Water Resistant Stretch Sofa Seat Cushion Covers Stretch Furniture Protector, Soft Flexibility with Elastic Bottom (Loveseat Cushion, Dark Teal)",https://www.amazon.com.mx/dp/B08CCNR1PH,https://www.amazon.com/dp/B08CCNR1PH,Amazon Estados Unidos,NC HOME
,B0D7CN8WLF,5,Hogar y Cocina,disponible,no disponible,,,2025-10-19T03:36:52.666Z,2025-10-21T05:27:08.462Z,2025-10-28T21:12:33.450Z,1721.67,,"$1,649.76","VooBang Espejo de piso con soporte, 53 x 145 cm, de cuerpo completo, marco de aleación de aluminio, para colgar, poner verticalmente o apoyar contra la pared, para la recámara y sala de estar, negro",https://www.amazon.com.mx/dp/B0D7CN8WLF,https://www.amazon.com/dp/B0D7CN8WLF,O-Y-A-T-A,
,B0BPHHHFF5,5,Hogar y Cocina,disponible,no disponible,,,2025-10-19T03:36:52.667Z,2025-10-21T05:27:25.127Z,2025-10-28T21:12:47.492Z,838.42,,$821.88,"Przemy - Alfombra Negra Moderna, 4 x 6 pulgadas, Esponjosa y Suave para Sala de Estar, Recámara, Niños y Niñas, Antideslizante",https://www.amazon.com.mx/dp/B0BPHHHFF5,https://www.amazon.com/dp/B0BPHHHFF5,KODA STORE,
,B0D54CDZZF,5,Hogar y Cocina,disponible,no disponible,,,2025-10-19T03:36:52.667Z,2025-10-21T05:27:33.869Z,2025-10-28T21:12:56.364Z,418.41,,$412.11,"Threlaco Toy Inspire Game - Velas de cumpleaños con números de dibujos animados, decoración de pastel de cielo, azul y blanco, vela de cumpleaños para niños y niñas, suministros de decoración de",https://www.amazon.com.mx/dp/B0D54CDZZF,https://www.amazon.com/dp/B0D54CDZZF,SRKSB LLC,
,B0D33NL26V,5,Hogar y Cocina,disponible,no disponible,,,2025-10-19T03:36:52.667Z,2025-10-21T05:27:41.842Z,2025-10-28T21:13:03.491Z,1015.64,,"$1,021.01","Vela de soja grande hecha a mano con nudo de cuerda, elegante vela perfumada para decoración del hogar, perfecta inauguración de la casa y idea de regalo única, cera de soja natural, blanco (mediano)",https://www.amazon.com.mx/dp/B0D33NL26V,https://www.amazon.com/dp/B0D33NL26V,SRKSB LLC,
,B0CPJB5ZY6,5,Hogar y Cocina,disponible,no disponible,,,2025-10-19T03:36:52.667Z,2025-10-21T05:27:50.107Z,2025-10-28T21:13:11.662Z,738.96,,$724.57,"Yuntau - 10 piezas de decoración de pared de pescado de madera para colgar en la pared de la escuela de pescado, decoración de pared de madera para playa, arte náutico, baño, océano, decoración para",https://www.amazon.com.mx/dp/B0CPJB5ZY6,https://www.amazon.com/dp/B0CPJB5ZY6,SRKSB LLC,
,B0CH4L4VGV,5,Hogar y Cocina,disponible,no disponible,,,2025-10-19T03:36:52.667Z,2025-10-21T05:27:58.237Z,2025-10-28T21:13:19.642Z,422.15,,$412.11,"HEYTUYA - Marco fotos 6x9 pulgadas, negro para pared o mesa, marco posters con plexipage resistente, negro",https://www.amazon.com.mx/dp/B0CH4L4VGV,https://www.amazon.com/dp/B0CH4L4VGV,SRKSB LLC,
,B0CDPTL26V,5,Hogar y Cocina,disponible,no disponible,,,2025-10-19T03:36:52.667Z,2025-10-21T05:28:06.092Z,2025-10-28T21:13:26.717Z,451.6,,$453.04,"HEYTUYA - Marco de fotos de 7 x 11 pulgadas, color negro para colgar en la pared o en la mesa, marco de 7 x 11 pulgadas, marco de fotos con plexiglás resistente a roturas, color negro",https://www.amazon.com.mx/dp/B0CDPTL26V,https://www.amazon.com/dp/B0CDPTL26V,SRKSB LLC,
,B0B39CHZH1,5,Hogar y Cocina,disponible,no disponible,,,2025-10-19T03:36:52.667Z,2025-10-21T05:28:14.570Z,2025-10-28T21:13:35.171Z,820.55,,$782.36,"Soporte para tarjetas de tarot, suministros de altar de Wiccan pagano, soporte de vidrio, decoración de habitación de bruja estética, decoración de altar, accesorios de decoración de computadora brujoso, regalos para mujeres",https://www.amazon.com.mx/dp/B0B39CHZH1,https://www.amazon.com/dp/B0B39CHZH1,SRKSB LLC,
,B09FXD8KGC,5,Hogar y Cocina,disponible,no disponible,,,2025-10-19T03:36:52.667Z,2025-10-21T05:28:23.546Z,2025-10-28T21:13:42.416Z,1608.99,,"$1,613.99","10 PCS Wood Nautical Wall Hanging Ornament Decoration, Mediterranean Style Beach Wooden Lighthouse, Anchor, Boat, Rudder, Oar, Life Ring, Ship, Starfish, Fishing Nets, Steering Wheel Sailing Home Decor",https://www.amazon.com.mx/dp/B09FXD8KGC,https://www.amazon.com/dp/B09FXD8KGC,SRKSB LLC,
,B0D9B7CXJX,5,Hogar y Cocina,disponible,no disponible,,,2025-10-19T03:36:52.667Z,2025-10-21T05:28:32.334Z,2025-10-28T21:13:49.613Z,708.81,,$785.35,"FinRèc - Alfombra suave negra para recámara, sala de estar, 4 x 6 pies, moderna alfombra mullida para interior, alfombra peluda antideslizante para cuarto de bebé, habitación de niños, decoración del",https://www.amazon.com.mx/dp/B0D9B7CXJX,https://www.amazon.com/dp/B0D9B7CXJX,SRKSB LLC,
,B07TD4T5Q9,5,Hogar y Cocina,disponible,disponible,,,2025-10-19T03:37:04.908Z,2025-10-21T05:28:42.079Z,2025-10-28T21:13:56.755Z,595.65,12.61,$593.52,"B&NN Marco de fotos de acrílico transparente flotante de doble panel montado en la pared, marco de certificado, soporte de pared para fotos o documentos (6 x 8)",https://www.amazon.com.mx/dp/B07TD4T5Q9,https://www.amazon.com/dp/B07TD4T5Q9,SRKSB LLC,Professional Display
,B0C61KBZFP,5,Hogar y Cocina,disponible,disponible,,,2025-10-19T03:37:04.908Z,2025-10-21T05:28:49.938Z,2025-10-28T21:14:05.386Z,1069,23.99,"$1,038.15","COSVIYA - Cortinas de 63 pulgadas de largo, 2 paneles con ojales para oscurecer la habitación, poliéster grueso con bloqueo de luz, aislado, lila térmica, cortinas para recámara/sala de estar, 38 x 63",https://www.amazon.com.mx/dp/B0C61KBZFP,https://www.amazon.com/dp/B0C61KBZFP,SRKSB LLC,COSVIYA
,B0CHMV4X1M,5,Hogar y Cocina,disponible,no disponible,,,2025-10-19T03:37:04.908Z,2025-10-21T05:28:57.626Z,2025-10-28T21:14:12.691Z,441.66,,$441.66,"EAKE Velas para tarta de cumpleaños número 1, 2.83 pulgadas, macarón grande con purpurina para decoración de pastel de feliz cumpleaños de un año, boda, aniversario, fiesta",https://www.amazon.com.mx/dp/B0CHMV4X1M,https://www.amazon.com/dp/B0CHMV4X1M,SRKSB LLC,
,B0CZL4N4WF,5,Hogar y Cocina,disponible,no disponible,,,2025-10-19T03:37:04.908Z,2025-10-21T05:29:05.296Z,2025-10-28T21:14:20.199Z,957.65,,$956.87,"Feifeiya - Juego de 3 libros decorativos de imitación para decoración del hogar, libros falsos para estantes, mesa de centro, decoración cubierta de lino apilado, con abalorio de madera, regalo para",https://www.amazon.com.mx/dp/B0CZL4N4WF,https://www.amazon.com/dp/B0CZL4N4WF,SRKSB LLC,
,B0CKFFMGC3,5,Hogar y Cocina,disponible,no disponible,,,2025-10-19T03:37:04.908Z,2025-10-21T05:29:12.443Z,2025-10-28T21:14:28.936Z,774.53,,$767.07,"Artwork Craft - Marco de fotos de hueso Chevron inspirado en el arte de espiga, clásico para decoración de mesa/pared (6 x 4, café, blanco)",https://www.amazon.com.mx/dp/B0CKFFMGC3,https://www.amazon.com/dp/B0CKFFMGC3,SRKSB LLC,
,B0D2DJ91NH,5,Hogar y Cocina,disponible,no disponible,,,2025-10-19T03:37:04.908Z,2025-10-21T05:29:19.555Z,2025-10-28T21:14:37.436Z,584.93,,$526.88,"Letreros de café en 3D de loto amarillo para pared, letreros de café modernos de 11 pulgadas para estación de café, accesorios de cocina de esquina para cafetería, decoración para el hogar, decoración",https://www.amazon.com.mx/dp/B0D2DJ91NH,https://www.amazon.com/dp/B0D2DJ91NH,SRKSB LLC,
,B0B6HFGJWN,5,Hogar y Cocina,disponible,no disponible,,,2025-10-19T03:37:04.908Z,2025-10-21T05:29:26.397Z,2025-10-28T21:14:45.202Z,1033.22,,"$1,030.94","Juego de 23 piedras curativas premium con 7 piedras de chakra crudas, 7 piedras de chakra caídas, cuarzo rosa, racimo de amatista, turmalina, péndulo, paño de altar, palo de selenita, pulsera, palo de palo, salvia",https://www.amazon.com.mx/dp/B0B6HFGJWN,https://www.amazon.com/dp/B0B6HFGJWN,SRKSB LLC,
,B08ZJ6B6XN,5,Hogar y Cocina,disponible,no disponible,,,2025-10-19T03:37:04.908Z,2025-10-21T05:29:35.014Z,2025-10-28T21:14:52.976Z,611.89,,$555.27,CORE ART 6x6 Picture Frames Light Gray/Grey Solid Wood 6 by 6 by 6 Square Photo Frames High Definition Semi Tempered Glass Wall or Tabletop Display - Set of 2,https://www.amazon.com.mx/dp/B08ZJ6B6XN,https://www.amazon.com/dp/B08ZJ6B6XN,SRKSB LLC,
,B0BLYQ89KD,5,Hogar y Cocina,disponible,disponible,,,2025-10-19T03:37:04.909Z,2025-10-21T05:29:42.688Z,2025-10-28T21:15:00.419Z,895.99,24.99,$908.83,"Soobest Digital Wall Clock with Seconds for Gym, Remote Countdown Timer Large LED Display 5 Dimmer",https://www.amazon.com.mx/dp/B0BLYQ89KD,https://www.amazon.com/dp/B0BLYQ89KD,SRKSB LLC,Soobest
,B0CYY1P5FT,5,Hogar y Cocina,disponible,no disponible,,,2025-10-19T03:37:04.909Z,2025-10-21T05:29:50.921Z,2025-10-28T21:15:07.524Z,1305.21,,"$1,523.14","Hongkee - Juego de 2 marcos de fotos de 16 x 24 pulgadas, con vidrio real y marco de madera rústica, con tapete - visualización de pared o mesa...",https://www.amazon.com.mx/dp/B0CYY1P5FT,https://www.amazon.com/dp/B0CYY1P5FT,SRKSB LLC,
,B0D5QR2S1W,5,Hogar y Cocina,disponible,no disponible,,,2025-10-19T03:37:04.909Z,2025-10-21T05:29:58.647Z,2025-10-28T21:15:16.202Z,522.94,,$508.97,"Blosssound - Letrero decorativo para bar de café, accesorios para bar de café, gnomos de granja, mesa rústica centro de mesa de madera, bandeja escalonada, decoración de mesa, letreros para decoración",https://www.amazon.com.mx/dp/B0D5QR2S1W,https://www.amazon.com/dp/B0D5QR2S1W,SRKSB LLC,
,B0CTC65BLP,5,Hogar y Cocina,disponible,no disponible,,,2025-10-19T03:37:04.909Z,2025-10-21T05:30:15.323Z,2025-10-28T21:15:33.078Z,1627.53,,"$1,587.65","ASmileIndeep - Soporte de exhibición para monedas de 5 filas con capacidad para 50 monedas para montaje en pared o mesa, vitrina militar de madera maciza para coleccionables, nogal",https://www.amazon.com.mx/dp/B0CTC65BLP,https://www.amazon.com/dp/B0CTC65BLP,SRKSB LLC,
,B09LLVWHJY,5,Hogar y Cocina,disponible,no disponible,,,2025-10-19T03:37:04.909Z,2025-10-21T05:30:25.299Z,2025-10-28T21:15:42.449Z,494.05,,$496.13,"Letrero de madera para decoración de cuarto de lavandería, letrero divertido para pared, rústico, granja, lavandería, decoración de pared clásico para baño, reglas de lavandería, decoración colgante",https://www.amazon.com.mx/dp/B09LLVWHJY,https://www.amazon.com/dp/B09LLVWHJY,SRKSB LLC,
,B0CRB9KZ4H,5,Hogar y Cocina,disponible,no disponible,,,2025-10-19T03:37:04.909Z,2025-10-21T05:30:33.472Z,2025-10-28T21:15:50.928Z,515.58,,$535.19,"DETIHO - Marco de fotos de viaje de Japón, marco de madera con temática japonesa de 4 x 6 pulgadas con soporte de caballete para decoración del hogar, exhibición de mesa, regalos de luna de miel para",https://www.amazon.com.mx/dp/B0CRB9KZ4H,https://www.amazon.com/dp/B0CRB9KZ4H,Boon Shopping,
,B0CN3CLFYX,5,Hogar y Cocina,disponible,no disponible,,,2025-10-19T03:37:04.909Z,2025-10-21T05:30:40.974Z,2025-10-28T21:15:58.900Z,450.03,,$448.62,"Cartel de bienvenida, caja de madera para decoración del hogar, letrero de decoración de bienvenida no empotrado, decoración de granja para entrada, decoración de puerta delantera, decoración de porche, decoración de mesa de inauguración de la casa, bienvenido a nuestro hogar",https://www.amazon.com.mx/dp/B0CN3CLFYX,https://www.amazon.com/dp/B0CN3CLFYX,SRKSB LLC,
,B0BD49CNQR,5,Hogar y Cocina,disponible,no disponible,,,2025-10-19T03:37:13.428Z,2025-10-21T05:30:49.345Z,2025-10-28T21:16:07.825Z,759.5,,$757.85,"Elegante jarrón de madera para cenizas humanas adultas, para adultos de hasta 200 libras, urna de cremación (ovalado)",https://www.amazon.com.mx/dp/B0BD49CNQR,https://www.amazon.com/dp/B0BD49CNQR,SRKSB LLC,
,B01EPUUE3I,5,Hogar y Cocina,disponible,no disponible,,,2025-10-19T03:37:13.428Z,2025-10-21T05:30:58.411Z,2025-10-28T21:16:15.453Z,615.71,,$615.71,"Docena de rosario católico con crucifijo de Jerusalén, cuentas de madera de olivo, 31,5 cm",https://www.amazon.com.mx/dp/B01EPUUE3I,https://www.amazon.com/dp/B01EPUUE3I,SRKSB LLC,
,B008NQ1BOM,5,Hogar y Cocina,disponible,no disponible,,,2025-10-19T03:37:13.428Z,2025-10-21T05:31:05.967Z,2025-10-28T21:16:24.845Z,656.39,,$656.39,La nueva era fuente caja de madera tallada flor de la vida,https://www.amazon.com.mx/dp/B008NQ1BOM,https://www.amazon.com/dp/B008NQ1BOM,SRKSB LLC,
,B0D9M77VY2,5,Hogar y Cocina,disponible,no disponible,,,2025-10-19T03:37:13.429Z,2025-10-21T05:31:13.837Z,2025-10-28T21:16:32.911Z,1326.66,,"$1,213.86","Dough Bowl Candle Co. - Vela de calabaza de 8 x 6 x 1.5 pulgadas, velas de madera de calabaza con 35 horas de combustión, 3 mechas de otoño perfumadas con cera de soja 100 % para decoración de",https://www.amazon.com.mx/dp/B0D9M77VY2,https://www.amazon.com/dp/B0D9M77VY2,TASBLENDS,
,B0CS392QKQ,5,Hogar y Cocina,disponible,no disponible,,,2025-10-19T03:37:13.429Z,2025-10-21T05:31:20.825Z,2025-10-28T21:16:39.869Z,1015.69,,"$1,023.01","YINMIT - Soporte para revistas, revistero, cesta de almacenamiento de revistas, organizador de archivos, organizador de carpetas para revistas, libros, periódicos, tabletas (mediano)",https://www.amazon.com.mx/dp/B0CS392QKQ,https://www.amazon.com/dp/B0CS392QKQ,SRKSB LLC,
,B0B1HZDLWB,5,Hogar y Cocina,disponible,no disponible,,,2025-10-19T03:37:13.429Z,2025-10-21T05:31:28.104Z,2025-10-28T21:16:48.512Z,1968.48,,"$1,990.60","Hoptimist Bumble - Figura Decorativa de Madera, diseño escandinavo, decoración de salón, Escritorio, Oficina, artilugios de Oficina, 7,5 x 8,5 x 10,7 cm, tamaño Mediano, Roble",https://www.amazon.com.mx/dp/B0B1HZDLWB,https://www.amazon.com/dp/B0B1HZDLWB,SRKSB LLC,
,B0D16YMHGC,5,Hogar y Cocina,disponible,no disponible,,,2025-10-19T03:37:13.429Z,2025-10-21T05:31:36.586Z,2025-10-28T21:16:56.489Z,422.15,,$413.35,"XIHIRCD Vela de Tela de Araña, Vela Numérica 4, Decoración de Tarta de Cumpleaños y Fiesta de Halloween",https://www.amazon.com.mx/dp/B0D16YMHGC,https://www.amazon.com/dp/B0D16YMHGC,SRKSB LLC,
,B0D6LB8Y64,5,Hogar y Cocina,disponible,disponible,,,2025-10-19T03:37:13.429Z,2025-10-21T05:31:44.181Z,2025-10-28T21:17:03.737Z,594.74,12.99,$594.74,"2 Figuras Estatuas de Yoga Meditando Tortugas Marinas, Decoración de la Habitación de Playa, Yoga, Tortugas Marinas, Resina, Tortugas Zen, Espiritual, Primavera, Jardín, Tortuga, Manualidades, para",https://www.amazon.com.mx/dp/B0D6LB8Y64,https://www.amazon.com/dp/B0D6LB8Y64,SRKSB LLC,BWTRQ
,B0B5WH553D,5,Hogar y Cocina,disponible,disponible,,,2025-10-19T03:37:13.429Z,2025-10-21T05:31:52.526Z,2025-10-28T21:17:12.437Z,1121.43,23.99,"$1,128.39","Mybedsoul Funda de sofá de Navidad con estampado de Papá Noel, funda de sofá lavable, protector de muebles con parte inferior elástica, decoración de Navidad para el hogar, habitación y festivales (3 plazas)",https://www.amazon.com.mx/dp/B0B5WH553D,https://www.amazon.com/dp/B0B5WH553D,SRKSB LLC,Shaozhi US
,B07BZW3XCJ,5,Hogar y Cocina,disponible,no disponible,,,2025-10-19T03:37:13.429Z,2025-10-21T05:32:00.675Z,2025-10-28T21:17:20.428Z,599,,$597.62,Morning Star - Varillas de incienso japonesas 200 varillas y soporte (Myrrh),https://www.amazon.com.mx/dp/B07BZW3XCJ,https://www.amazon.com/dp/B07BZW3XCJ,Chock & Roll,
,B09W9FLVZQ,5,Hogar y Cocina,disponible,disponible,,,2025-10-19T03:37:13.429Z,2025-10-21T05:32:08.214Z,2025-10-28T21:17:27.996Z,1141.31,38.99,"$1,251.09","SimpleHome - Cortinas degradadas para oscurecer la habitación para recámara, color azul degradado a gris, blanco con bloqueo de luz, aislamiento térmico, con ojales, para sala de estar, 2 paneles, 52",https://www.amazon.com.mx/dp/B09W9FLVZQ,https://www.amazon.com/dp/B09W9FLVZQ,Amazon Estados Unidos,SimpleHome Textile
,B0BP6G7QY1,5,Hogar y Cocina,disponible,no disponible,,,2025-10-19T03:37:13.430Z,2025-10-21T05:32:16.498Z,2025-10-28T21:17:35.955Z,590.75,,$590.75,"UBLURO 4 piezas de dinosaurios motivacionales para pared – Placas de madera para colgar en la pared, decoración de habitación de dinosaurios para niños y niños, decoración de recámara",https://www.amazon.com.mx/dp/B0BP6G7QY1,https://www.amazon.com/dp/B0BP6G7QY1,SRKSB LLC,
,B0D4M31F73,5,Hogar y Cocina,disponible,no disponible,,,2025-10-19T03:37:13.430Z,2025-10-21T05:32:24.639Z,2025-10-28T21:17:44.699Z,622.86,,$639.69,"BirtDerr - 4 piezas de Winie the Pooh, decoración de pared de recámara de Winnie the Pooh, adorable letrero de Winnie the Pooh, decoración de guardería de Winnie the Pooh, decoración de baby shower",https://www.amazon.com.mx/dp/B0D4M31F73,https://www.amazon.com/dp/B0D4M31F73,CATTLESIV,
,B0CYPT5MVT,5,Hogar y Cocina,disponible,disponible,,,2025-10-19T03:37:13.430Z,2025-10-21T05:32:33.303Z,2025-10-28T21:17:52.341Z,798.34,19.99,$794.43,"Feifeiya - 30 cajas de dulces de abeja con asas, cajas de regalo de papel para fiesta de abeja, fáciles de ensamblar, bolsas de regalo para cumpleaños, baby shower, boda, niños, decoración de fiesta",https://www.amazon.com.mx/dp/B0CYPT5MVT,https://www.amazon.com/dp/B0CYPT5MVT,SRKSB LLC,Saltdeew
,B08ZHY9K3C,5,Hogar y Cocina,disponible,no disponible,,,2025-10-19T03:37:13.430Z,2025-10-21T05:32:41.280Z,2025-10-28T21:18:01.341Z,714.21,,$714.21,CORE ART 5 x 5 marcos de fotos gris claro/gris madera maciza 5 por 5 marcos cuadrados de fotos de alta definición de vidrio semitemplado para pared o mesa - Juego de 2,https://www.amazon.com.mx/dp/B08ZHY9K3C,https://www.amazon.com/dp/B08ZHY9K3C,SRKSB LLC,
,B0CB9YDDML,5,Hogar y Cocina,disponible,disponible,,,2025-10-19T03:37:25.339Z,2025-10-21T05:32:49.157Z,2025-10-28T21:18:09.422Z,865.77,25.99,$848.63,"Hosmile - Varillas decorativas de oro cálido, 28-50 pulgadas, ajustables, metal, montaje en pared, capacidad de peso de 25 libras",https://www.amazon.com.mx/dp/B0CB9YDDML,https://www.amazon.com/dp/B0CB9YDDML,SRKSB LLC,dongguanshijiechengdianzishangwuyouxiangongsi
,B07W97685D,5,Hogar y Cocina,disponible,no disponible,,,2025-10-19T03:37:25.339Z,2025-10-21T05:33:05.561Z,2025-10-28T21:18:23.464Z,598.28,,$584.88,"HYPOSFEE - Quemador de incienso con forma de cascada (10 unidades, cerámica), diseño de buda, Three-tiered waterfall",https://www.amazon.com.mx/dp/B07W97685D,https://www.amazon.com/dp/B07W97685D,SRKSB LLC,
,B0984T5JTM,5,Hogar y Cocina,disponible,no disponible,,,2025-10-19T03:37:25.339Z,2025-10-21T05:33:13.163Z,2025-10-28T21:18:30.870Z,1487.03,,"$1,493.16",Felt Creative Home Goods - Elevadores decorativos de madera para decoración | Soporte de bandeja escalonada | Soporte elevador de abalorio de granja para decoración | Soporte de pedestal de madera,https://www.amazon.com.mx/dp/B0984T5JTM,https://www.amazon.com/dp/B0984T5JTM,SRKSB LLC,
,B0B6SPT88P,5,Hogar y Cocina,disponible,no disponible,,,2025-10-19T03:37:25.340Z,2025-10-21T05:33:21.194Z,2025-10-28T21:18:39.094Z,1162.18,,"$1,159.65","Picrit - Juego de 4 marcos de fotos de 12 x 12 pulgadas, hecho de vidrio real de alta definición, visualización de 8 x 8 pulgadas con alfombrilla o 12 x 12 pulgadas sin alfombrilla, marcos de fotos",https://www.amazon.com.mx/dp/B0B6SPT88P,https://www.amazon.com/dp/B0B6SPT88P,SRKSB LLC,
,B0CD7V1YRH,5,Hogar y Cocina,disponible,no disponible,,,2025-10-19T03:37:25.340Z,2025-10-21T05:33:29.289Z,2025-10-28T21:18:46.304Z,966.28,,$936.21,AORCMITN - Alcancía de dinosaurio de madera para niños y niñas - Banco de monedas de animales de vientre grande transparente para niños pequeños (Dino-azul),https://www.amazon.com.mx/dp/B0CD7V1YRH,https://www.amazon.com/dp/B0CD7V1YRH,SRKSB LLC,
,B0CP8QPHG8,5,Hogar y Cocina,disponible,no disponible,,,2025-10-19T03:37:25.340Z,2025-10-21T05:33:36.639Z,2025-10-28T21:18:53.308Z,755.17,,$778.59,"LYYYXGYP - Marco de fotos de madera de roble de 8 x 10 pulgadas, paquete de 2 marcos de fotos de madera maciza natural con plexiglás para colgar en la pared o en la mesa",https://www.amazon.com.mx/dp/B0CP8QPHG8,https://www.amazon.com/dp/B0CP8QPHG8,SRKSB LLC,
,B08HCLLS99,5,Hogar y Cocina,disponible,no disponible,,,2025-10-19T03:37:25.340Z,2025-10-21T05:33:43.697Z,2025-10-28T21:19:00.917Z,1242.35,,"$1,299.10","Planta artificial Velener para exteriores, plantas de agave falsas resistentes a los rayos UV, para decoración de suculentas interiores y exteriores (28 pulgadas)",https://www.amazon.com.mx/dp/B08HCLLS99,https://www.amazon.com/dp/B08HCLLS99,KODA STORE,
,B01J6ZHAKC,5,Hogar y Cocina,disponible,no disponible,,,2025-10-19T03:37:25.340Z,2025-10-21T05:33:51.286Z,2025-10-28T21:19:09.178Z,455.19,,$455.19,"Rosario de madera de olivo - Belén tierra sagrada, regalo cristiano de Jerusalén, Madera",https://www.amazon.com.mx/dp/B01J6ZHAKC,https://www.amazon.com/dp/B01J6ZHAKC,SRKSB LLC,
,B0C6FC1D1P,5,Hogar y Cocina,disponible,no disponible,,,2025-10-19T03:37:25.340Z,2025-10-21T05:33:58.248Z,2025-10-28T21:19:16.214Z,1372.07,,"$1,381.01","KING'S PALACE - Juego de humidor y cenicero de 20 cigarros, madera maciza, con cenicero de acero inoxidable, humidificador, higrómetro, cortador | Regalo de cigarros para hombres | Uso en casa u",https://www.amazon.com.mx/dp/B0C6FC1D1P,https://www.amazon.com/dp/B0C6FC1D1P,SRKSB LLC,
,B0D1DSQ4Q6,5,Hogar y Cocina,disponible,no disponible,,,2025-10-19T03:37:25.340Z,2025-10-21T05:34:05.107Z,2025-10-28T21:19:24.832Z,853.67,,$855.27,"YOROXRG - Juego de 36 velas cónicas de color blanco marfil, 7-8 horas de combustión, sin perfume, sin humo y sin goteo, juego de velas de cena de 0.8 x 10 pulgadas para hogar, boda, fiesta y",https://www.amazon.com.mx/dp/B0D1DSQ4Q6,https://www.amazon.com/dp/B0D1DSQ4Q6,SRKSB LLC,
,B00G5VG43K,5,Hogar y Cocina,disponible,no disponible,,,2025-10-19T03:37:25.340Z,2025-10-21T05:34:13.395Z,2025-10-28T21:19:32.811Z,606.7,,$566.08,Cuatro rosas de incienso,https://www.amazon.com.mx/dp/B00G5VG43K,https://www.amazon.com/dp/B00G5VG43K,SRKSB LLC,
,B09KZJZGSN,5,Hogar y Cocina,disponible,no disponible,,,2025-10-19T03:37:25.340Z,2025-10-21T05:34:20.508Z,2025-10-28T21:19:41.319Z,475.71,,$477.86,"Yalikop - 4 piezas de decoración de cine en casa de madera para palomitas de maíz, disfrutar de película, decoración clásica, habitación rústica para pared, sala multimedia (11 x 3 pulgadas)",https://www.amazon.com.mx/dp/B09KZJZGSN,https://www.amazon.com/dp/B09KZJZGSN,SRKSB LLC,
,B0CZJ3C83Q,5,Hogar y Cocina,disponible,no disponible,,,2025-10-19T03:37:25.341Z,2025-10-21T05:34:29.541Z,2025-10-28T21:19:49.350Z,657.8,,$652.35,"Velas cónicas de 10 pulgadas de color verde claro para decoración del hogar, paquete de 10 velas sin aroma para primavera, cena de boda, fiesta de Navidad, velas sin humo y sin goteo",https://www.amazon.com.mx/dp/B0CZJ3C83Q,https://www.amazon.com/dp/B0CZJ3C83Q,SRKSB LLC,
,B0DBVFXLDT,5,Hogar y Cocina,disponible,no disponible,,,2025-10-19T03:37:25.341Z,2025-10-21T05:34:37.388Z,2025-10-28T21:19:57.302Z,557.79,,$525.22,"Jiyikua - Decoración para puerta de mamá y zorro, adorable forma de zorro, escultura de esquina para puerta hecha a mano, decoración de madera, adorno creativo de madera para jardín (zorro de madera",https://www.amazon.com.mx/dp/B0DBVFXLDT,https://www.amazon.com/dp/B0DBVFXLDT,SRKSB LLC,
,B0CP95V4GS,5,Hogar y Cocina,disponible,disponible,,,2025-10-19T03:37:25.341Z,2025-10-21T05:34:45.775Z,2025-10-28T21:20:03.944Z,854.7,17.99,$783.04,"Puremy - Alfombra de área esponjosa de pelo largo, blanca, 4 x 6 pulgadas, para dormitorio y sala de estar",https://www.amazon.com.mx/dp/B0CP95V4GS,https://www.amazon.com/dp/B0CP95V4GS,SRKSB LLC,Puremy-US
,B09FLVGD5R,5,Hogar y Cocina,disponible,no disponible,,,2025-10-19T03:37:40.265Z,2025-10-21T05:34:53.971Z,2025-10-28T21:20:12.424Z,1214.49,,"$1,216.61","Juego completo de 21.6 pulgadas para shishas con 2 – 4 mangueras premium con jarrón de cristal, cuenco de cerámica y pinzas para carbón (4 unidades), color negro",https://www.amazon.com.mx/dp/B09FLVGD5R,https://www.amazon.com/dp/B09FLVGD5R,SRKSB LLC,
,B0BXWJQTMZ,5,Hogar y Cocina,disponible,no disponible,,,2025-10-19T03:37:40.265Z,2025-10-21T05:35:02.393Z,2025-10-28T21:20:20.735Z,838.79,,$838.79,"YINMIT - Soporte elevador de madera, soporte organizador de perfume y colonia, organizador de especias de 4 niveles, estante de exhibición rústico para velas (4 niveles)",https://www.amazon.com.mx/dp/B0BXWJQTMZ,https://www.amazon.com/dp/B0BXWJQTMZ,SRKSB LLC,
,B09Q5HZNJZ,5,Hogar y Cocina,disponible,disponible,,,2025-10-19T03:37:40.265Z,2025-10-21T05:35:11.189Z,2025-10-28T21:20:29.178Z,715.62,19.99,$761.93,"Soobest - Reloj de pared digital LED con segundos, enchufe de reloj eléctrico, atenuador automático DST LED, visualización grande, 10 pulgadas (blanco)",https://www.amazon.com.mx/dp/B09Q5HZNJZ,https://www.amazon.com/dp/B09Q5HZNJZ,SRKSB LLC,Soobest
,B0CTHMC8WR,5,Hogar y Cocina,disponible,no disponible,,,2025-10-19T03:37:40.266Z,2025-10-21T05:35:19.230Z,2025-10-28T21:20:37.090Z,718.65,,$737.34,"DRASTAR - Caja de recuerdos de madera de acacia con tapas con bisagras, caja de joyería de madera, caja de almacenamiento pequeña, caja de tarjetas decorativa de 3 x 5, 4 x 6, regalos de despedida de",https://www.amazon.com.mx/dp/B0CTHMC8WR,https://www.amazon.com/dp/B0CTHMC8WR,There are many,
,B0CHKNX1L6,5,Hogar y Cocina,disponible,no disponible,,,2025-10-19T03:37:40.266Z,2025-10-21T05:35:26.345Z,2025-10-28T21:20:45.241Z,876.27,,$845.83,"Giggle & Honey Joyero Musical de Bailarina para Niñas - Caja de Música Infantil con Bailarina Giratoria, Regalo de Cumpleaños de Ballet para Niñas, 17.1 x 13.3 x 15.2 cm - Edades 3-10, Rosa",https://www.amazon.com.mx/dp/B0CHKNX1L6,https://www.amazon.com/dp/B0CHKNX1L6,SRKSB LLC,
,B0BGS9JFS1,5,Hogar y Cocina,disponible,no disponible,,,2025-10-19T03:37:40.266Z,2025-10-21T05:35:34.487Z,2025-10-28T21:20:52.522Z,968.12,,$962.09,"takfot - Marco de fotos bohemio de 5 x 7 pulgadas, paquete de 2 unidades, decoración de ratán bohemio, marcos de madera para montaje en pared o mesa, regalo para mamá, abuela, mujeres y familia",https://www.amazon.com.mx/dp/B0BGS9JFS1,https://www.amazon.com/dp/B0BGS9JFS1,SRKSB LLC,
,B0D11QYQRD,5,Hogar y Cocina,disponible,no disponible,,,2025-10-19T03:37:40.266Z,2025-10-27T13:52:21.161Z,2025-10-28T21:21:07.326Z,915.96,,$786.90,"Hongkee - Juego de 2 marcos de fotos de 8 x 14 pulgadas, marco de madera blanca envejecida con marco de collage de vidrio templado, muestra imágenes de 3 a 4 x 6 pulgadas con tapete o 8 x 14 pulgadas",https://www.amazon.com.mx/dp/B0D11QYQRD,https://www.amazon.com/dp/B0D11QYQRD,SRKSB LLC,
,B0DHVDN25W,5,Hogar y Cocina,disponible,no disponible,,,2025-10-19T03:37:40.266Z,2025-10-27T13:52:28.734Z,2025-10-28T21:21:16.872Z,879.25,,$897.38,"ouosawa - Bandeja decorativa de madera para decoración del hogar, bandeja de abalorio de madera para cocina, mesa de centro, sala de estar, comedor, entrada, bandeja decorativa redonda de 12 pulgadas",https://www.amazon.com.mx/dp/B0DHVDN25W,https://www.amazon.com/dp/B0DHVDN25W,SEONGSAN,
,B09KV1RYK2,5,Hogar y Cocina,disponible,disponible,,,2025-10-19T03:37:40.266Z,2025-10-27T13:52:36.479Z,2025-10-28T21:21:25.423Z,1101.42,29.99,"$1,104.22","conulog Estatua Griega de Diana de Escultura clásica de mitología Griega para decoración del hogar (Anna, 31,75 cm)",https://www.amazon.com.mx/dp/B09KV1RYK2,https://www.amazon.com/dp/B09KV1RYK2,SRKSB LLC,Handmade LOVE Home
,B0B8ZP319B,5,Hogar y Cocina,disponible,no disponible,,,2025-10-19T03:37:40.267Z,2025-10-27T13:52:45.265Z,2025-10-28T21:21:32.661Z,524.56,,$479.65,"Placa inspiradora de madera con diseño de esqueleto para hombre con texto en inglés «Stay Positive» de madera negra, arte rústico, decoración de escritorio, 6 x 6 x 1 pulgadas",https://www.amazon.com.mx/dp/B0B8ZP319B,https://www.amazon.com/dp/B0B8ZP319B,SRKSB LLC,
,B0BZ88QDBT,5,Hogar y Cocina,disponible,no disponible,,,2025-10-19T03:37:40.267Z,2025-10-27T13:52:53.263Z,2025-10-28T21:21:40.133Z,1093.93,,"$1,073.95","Marco de fotos de madera de 12 x 12 pulgadas, 3 marcos de pintura de diamantes de 30 x 30 cm, visualización de 10 x 10 pulgadas, 25 x 25 cm, con tapete o 30 x 30 cm, sin tapete de diamante de 12 x 12",https://www.amazon.com.mx/dp/B0BZ88QDBT,https://www.amazon.com/dp/B0BZ88QDBT,SRKSB LLC,
,B084R8ZK1N,5,Hogar y Cocina,disponible,no disponible,,,2025-10-19T03:37:40.267Z,2025-10-27T13:53:00.145Z,2025-10-28T21:21:46.592Z,1765.61,,"$1,888.69","Calloway Mills 900223048 Gatsby - Felpudo de Goma, Negro, 22"" x 48""",https://www.amazon.com.mx/dp/B084R8ZK1N,https://www.amazon.com/dp/B084R8ZK1N,SRKSB LLC,
,B0CRHG6V7Q,5,Hogar y Cocina,disponible,disponible,,,2025-10-19T03:37:40.267Z,2025-10-27T13:53:07.148Z,2025-10-28T21:21:54.966Z,2379.55,79.99,"$2,324.85","Alfombra lavable de 8 x 10 pulgadas, para sala de estar, abstracta, suave, antideslizante, delgada, para interiores, no desprende pelusa, para recámara, comedor, granja, guardería, hogar, oficina,",https://www.amazon.com.mx/dp/B0CRHG6V7Q,https://www.amazon.com/dp/B0CRHG6V7Q,SRKSB LLC,Gent drizz
,B0885VRSBQ,5,Hogar y Cocina,disponible,no disponible,,,2025-10-19T03:37:40.267Z,2025-10-27T13:53:15.253Z,2025-10-28T21:22:03.711Z,723.43,,$672.64,"Furuida Caja de joyería esmaltada con bisagras, adornos clásicos de animales, regalo para decoración del hogar",https://www.amazon.com.mx/dp/B0885VRSBQ,https://www.amazon.com/dp/B0885VRSBQ,SRKSB LLC,
,B0BD8YSKMW,5,Hogar y Cocina,disponible,no disponible,,,2025-10-19T03:37:49.878Z,2025-10-27T13:53:23.308Z,2025-10-28T21:22:11.247Z,519.01,,$535.91,"Letrero con texto en inglés ""Life is Short Make it Sweet Wood Box"" rústico con estampado de limón, caja de madera para casa de campo, cocina, escritorio (5 x 5 pulgadas)",https://www.amazon.com.mx/dp/B0BD8YSKMW,https://www.amazon.com/dp/B0BD8YSKMW,SRKSB LLC,
,B0CJ2S32NQ,5,Hogar y Cocina,disponible,no disponible,,,2025-10-19T03:37:49.878Z,2025-10-27T13:53:30.132Z,2025-10-28T21:22:18.276Z,1080.14,,"$1,087.48","flangairy - Guirnalda de arte de pared de cactus con marco de madera, 23.6 x 11.8 pulgadas, decoración de pared de paisaje del desierto de Arizona, decoración de pared de paisaje bohemio azteca",https://www.amazon.com.mx/dp/B0CJ2S32NQ,https://www.amazon.com/dp/B0CJ2S32NQ,SEONGSAN,
,B0CL6YG36Y,5,Hogar y Cocina,disponible,no disponible,,,2025-10-19T03:37:49.878Z,2025-10-27T13:53:37.818Z,2025-10-28T21:22:26.164Z,763.18,,$696.72,"Soaoo - 6 piezas de cruz floral decoración de pared mexicana para decoración del hogar pintada a mano, cruz de madera inspiradora La Ofrenda del Día Muerto, arte de pared de calavera de azúcar,",https://www.amazon.com.mx/dp/B0CL6YG36Y,https://www.amazon.com/dp/B0CL6YG36Y,SRKSB LLC,
,B0C5RZ2NMQ,5,Hogar y Cocina,disponible,no disponible,,,2025-10-19T03:37:49.878Z,2025-10-27T13:53:45.693Z,2025-10-28T21:22:33.382Z,1040.39,,"$1,018.92","BOLTCORRSE - Tazón decorativo moderno de madera orgánica grande para llaves, frutas, masa, decoración rústica del hogar para mesa de entrada o café",https://www.amazon.com.mx/dp/B0C5RZ2NMQ,https://www.amazon.com/dp/B0C5RZ2NMQ,SRKSB LLC,
,B09KNY6BH4,5,Hogar y Cocina,disponible,no disponible,,,2025-10-19T03:37:49.878Z,2025-10-27T13:53:54.096Z,2025-10-28T21:22:41.515Z,563.54,,$564.25,"Oopsie Poopsie Spray de inodoro Pre GO, aromas desodorantes originales discretos y portátiles. Perfecto para bolsos, bolsillos y mochilas. Spray para usar sobre la marcha, botella de 2 onzas, ducha matutina",https://www.amazon.com.mx/dp/B09KNY6BH4,https://www.amazon.com/dp/B09KNY6BH4,SRKSB LLC,
,B0B9MXF4V5,5,Hogar y Cocina,disponible,no disponible,,,2025-10-19T03:37:49.878Z,2025-10-27T13:54:01.322Z,2025-10-28T21:22:49.920Z,478.26,,$480.40,"Luiqs Vens - Marco de fotos de regalo para padrinos con propuesta, Will You Be My Godparents - Marco de fotos para anuncios, bautizo, Navidad, bautizo, regalo de ahijado",https://www.amazon.com.mx/dp/B0B9MXF4V5,https://www.amazon.com/dp/B0B9MXF4V5,SRKSB LLC,
,B0DCZMQN8D,5,Hogar y Cocina,disponible,disponible,,,2025-10-19T03:37:49.879Z,2025-10-27T13:54:08.737Z,2025-10-28T21:22:57.454Z,654.77,22.99,$908.05,"FlyDOIT - Alfombras de área grande para sala de estar, recámara, 4 x 6 pies, color gris oscuro, ultra suaves, cómodas, gruesas y de espuma viscoelástica para interiores, acogedora y moderna alfombra",https://www.amazon.com.mx/dp/B0DCZMQN8D,https://www.amazon.com/dp/B0DCZMQN8D,Amazon Estados Unidos,FlyDOIT
,B0DBHDW8JS,5,Hogar y Cocina,disponible,no disponible,,,2025-10-19T03:37:49.879Z,2025-10-27T13:54:15.553Z,2025-10-28T21:23:05.006Z,973.2,,$923.02,"Threehoney Montessori Espejo Reggio Emilia Materiales para el aula Educación Temprana Plegable Seguro Acrílico Irrompible Espejo 3 paneles para jardín de infantes, guardería, hogar, preescolar, aula",https://www.amazon.com.mx/dp/B0DBHDW8JS,https://www.amazon.com/dp/B0DBHDW8JS,SRKSB LLC,
,B0DH256L5J,5,Hogar y Cocina,disponible,no disponible,,,2025-10-19T03:37:49.879Z,2025-10-27T13:54:23.875Z,2025-10-28T21:23:13.079Z,753.15,,$736.91,"Sinload - Paquete de 30 adornos perfumados para árbol de Navidad, regalos cristianos, aroma de pino fraser, aroma a cedro, decoración para colgar para árbol de Navidad, bolsitas decorativas de papel,",https://www.amazon.com.mx/dp/B0DH256L5J,https://www.amazon.com/dp/B0DH256L5J,SHOPHOLİC,
,B0DBYFL4JH,5,Hogar y Cocina,disponible,no disponible,,,2025-10-19T03:37:49.879Z,2025-10-27T13:54:32.848Z,2025-10-28T21:23:20.210Z,739.87,,$862.19,"7 piezas de decoración de copo de nieve de madera 3D centros de mesa de Navidad para mesas, copo de nieve, decoración de mesa, decoración blanca como la nieve para el hogar, Navidad, invierno, boda,",https://www.amazon.com.mx/dp/B0DBYFL4JH,https://www.amazon.com/dp/B0DBYFL4JH,SURE_FIRE,
,B0DDXSNBS8,5,Hogar y Cocina,disponible,no disponible,,,2025-10-19T03:37:49.879Z,2025-10-27T13:54:41.078Z,2025-10-28T21:23:29.018Z,571.77,,$594.53,"Belén para Navidad, decoración de belén de metal con base de madera para interiores y exteriores, decoración de personas, adorno de silueta para día festivo, jardín, césped, patio, Navidad, hogar,",https://www.amazon.com.mx/dp/B0DDXSNBS8,https://www.amazon.com/dp/B0DDXSNBS8,SRKSB LLC,
,B0DBVG5QRY,5,Hogar y Cocina,disponible,disponible,,,2025-10-19T03:37:49.879Z,2025-10-27T13:54:48.917Z,2025-10-28T21:23:37.389Z,639.81,12.99,$623.32,"OFIHIDO - Decoración de árbol de Navidad grande, gótica para Halloween, decoración de Navidad para árboles, decoraciones de Navidad de Halloween",https://www.amazon.com.mx/dp/B0DBVG5QRY,https://www.amazon.com/dp/B0DBVG5QRY,SRKSB LLC,OFIHIDO
,B095M7DVZN,5,Hogar y Cocina,disponible,no disponible,,,2025-10-19T03:37:49.879Z,2025-10-27T13:55:02.424Z,2025-10-28T21:23:52.080Z,716.23,,$709.55,"SOFTALK Caja de música sólida en forma de corazón, caja de música retro para Navidad, día de San Valentín y regalos de cumpleaños (rojo vino, melodía: Anastasia-Once Upon A December)",https://www.amazon.com.mx/dp/B095M7DVZN,https://www.amazon.com/dp/B095M7DVZN,SRKSB LLC,
,B0DJ9RDG9D,5,Hogar y Cocina,disponible,no disponible,,,2025-10-19T03:37:49.879Z,2025-10-27T13:55:11.600Z,2025-10-28T21:24:00.712Z,519.26,,$434.76,"The Original Elf - Muñeca de elfo de Navidad de 12 pulgadas – Posible estantería con patas colgantes, perfecta para decoraciones de Navidad, elfo de juguete para niños, mini elfos de Navidad y",https://www.amazon.com.mx/dp/B0DJ9RDG9D,https://www.amazon.com/dp/B0DJ9RDG9D,SRKSB LLC,
,B0D93TWTKZ,5,Hogar y Cocina,disponible,disponible,,,2025-10-19T03:37:49.880Z,2025-10-27T13:55:19.624Z,2025-10-28T21:24:07.639Z,337.79,7.19,$431.64,"30 piezas de rebanadas de color naranja seco, con 30 piezas de cuerda de cáñamo, suministros para hacer coronas de Navidad para decoración de árboles de X-mas, manualidades, envoltura de regalos",https://www.amazon.com.mx/dp/B0D93TWTKZ,https://www.amazon.com/dp/B0D93TWTKZ,Amazon Estados Unidos,Nsxc
,B09XQ61YQ4,5,Hogar y Cocina,disponible,no disponible,,,2025-10-19T03:37:49.880Z,2025-10-27T13:55:26.258Z,2025-10-28T21:24:16.173Z,537.4,,$534.94,"ADDMES - Letreros de madera para decoración de pared, despensa, letrero de cocina, lavandería, baño, dulce sueño, decoración para cocina, recámara, despensa, baño (familia)",https://www.amazon.com.mx/dp/B09XQ61YQ4,https://www.amazon.com/dp/B09XQ61YQ4,SRKSB LLC,
,B09W218JT4,5,Hogar y Cocina,disponible,no disponible,,,2025-10-19T03:38:03.340Z,2025-10-27T13:55:34.141Z,2025-10-28T21:24:23.723Z,898.21,,$933.10,"Olivia Martini Jumbo Dice Decor, Set of 2, Natural Wood Decorations with Black and White Colors, Trendy Home Interior Centerpieces for Tables, Mantles, and Shelves",https://www.amazon.com.mx/dp/B09W218JT4,https://www.amazon.com/dp/B09W218JT4,DUKKI LLC,
,B0B74TF47V,5,Hogar y Cocina,disponible,no disponible,,,2025-10-19T03:38:03.340Z,2025-10-27T13:55:41.471Z,2025-10-28T21:24:31.204Z,1397.09,,"$1,405.14","Natheeph Soporte de exhibición de roating, estante de exhibición multifuncional de madera, 12 bolsillos de exhibición de 360 grados para calcomanías, café, tarjetas, posavasos, venta al por menor, clasificación",https://www.amazon.com.mx/dp/B0B74TF47V,https://www.amazon.com/dp/B0B74TF47V,Boon Shopping,
,B0D9K4S6XN,5,Hogar y Cocina,disponible,no disponible,,,2025-10-19T03:38:03.340Z,2025-10-27T13:55:49.729Z,2025-10-28T21:24:38.540Z,654.29,,$609.63,"Cinnvoice - 6 piezas de árboles de Navidad de madera para decoración de mesa, árboles de Navidad de madera rústica, centros de mesa, letreros de madera, mesa de granja, decoración del hogar, oficina",https://www.amazon.com.mx/dp/B0D9K4S6XN,https://www.amazon.com/dp/B0D9K4S6XN,SRKSB LLC,
,B0DHS7PPC9,5,Hogar y Cocina,disponible,no disponible,,,2025-10-19T03:38:03.340Z,2025-10-27T13:55:56.484Z,2025-10-28T21:24:46.130Z,514.85,,$515.13,"Merch para libros, adorno de libro de madera 3D, mercancía de Acotar, regalos para amantes de los libros, regalos para mujeres, regalos de Acotar, bibliotecario, lector, no tengo control de estantes",https://www.amazon.com.mx/dp/B0DHS7PPC9,https://www.amazon.com/dp/B0DHS7PPC9,SRKSB LLC,
,B0BCG7K4JT,5,Hogar y Cocina,disponible,no disponible,,,2025-10-19T03:38:03.340Z,2025-10-27T13:56:04.709Z,2025-10-28T21:24:53.967Z,502.38,,$455.63,"Decoración rústica de baño, decoración de baños occidentales, divertidos carteles de baño, decoración de pared, decoración de baños de campo",https://www.amazon.com.mx/dp/B0BCG7K4JT,https://www.amazon.com/dp/B0BCG7K4JT,SRKSB LLC,
,B0DF4FTN1T,5,Hogar y Cocina,disponible,no disponible,,,2025-10-19T03:38:03.340Z,2025-10-27T13:56:11.628Z,2025-10-28T21:25:00.857Z,649.53,,$724.79,"Paquete de 5 hojas de música de madera, adornos de belén a granel, adorno de escena católica de Navidad, recuerdo cristiano, decoración colgante de árbol de Navidad con yule de nacimiento de Jesús,",https://www.amazon.com.mx/dp/B0DF4FTN1T,https://www.amazon.com/dp/B0DF4FTN1T,SRKSB LLC,
,B097LS692M,5,Hogar y Cocina,disponible,no disponible,,,2025-10-19T03:38:03.341Z,2025-10-27T13:56:19.250Z,2025-10-28T21:25:08.873Z,870.21,,$845.83,KUXBET Cruz de pared de madera para colgar o de pie Jesucristo católica de la pared de la cruz para decoración del hogar – 12.5 pulgadas,https://www.amazon.com.mx/dp/B097LS692M,https://www.amazon.com/dp/B097LS692M,Boon Shopping,
,B0DDNJPQC7,5,Hogar y Cocina,disponible,disponible,,,2025-10-19T03:38:03.341Z,2025-10-27T13:56:26.657Z,2025-10-28T21:25:17.301Z,951.22,36.99,"$1,316.25","Moncur Home - Juego de 3 libros de imitación para decoración de mesa de centro, libros decorativos neutros, decoración de habitación, decoración estética, tonos beige y blanco, páginas en blanco,",https://www.amazon.com.mx/dp/B0DDNJPQC7,https://www.amazon.com/dp/B0DDNJPQC7,Moncur Home,Moncur Home
,B0D5QVHJSL,5,Hogar y Cocina,disponible,no disponible,,,2025-10-19T03:38:03.341Z,2025-10-27T13:56:34.751Z,2025-10-28T21:25:24.950Z,867.84,,$720.41,"laapee - Marco de fotos iluminado de 5 x 7 pulgadas, marco de fotos LED que cambia de color, marcos de fotos para pareja, bonita lámpara de fotos para la familia",https://www.amazon.com.mx/dp/B0D5QVHJSL,https://www.amazon.com/dp/B0D5QVHJSL,SRKSB LLC,
,B0CRD292TY,5,Hogar y Cocina,disponible,no disponible,,,2025-10-19T03:38:03.341Z,2025-10-27T13:56:42.366Z,2025-10-28T21:25:31.772Z,740.71,,$691.34,"Regalos de boda para parejas 2025, marco de fotos flotante giratorio para señor y señora, marco de fotos rústico de 4 x 6 pulgadas, regalos de compromiso para parejas, regalo de despedida de soltera",https://www.amazon.com.mx/dp/B0CRD292TY,https://www.amazon.com/dp/B0CRD292TY,SHERIFF EXPRESS,
,B09D85WRMD,5,Hogar y Cocina,disponible,no disponible,,,2025-10-19T03:38:03.341Z,2025-10-27T13:56:50.564Z,2025-10-28T21:25:39.219Z,1340,,"$1,319.98","Amearea - Alfombra de piel sintética de vaca, 5.2 x 4.6 pies, alfombra de piel sintética para decoración del hogar, para sala de estar, alfombra de piel sintética de vacuno para recámara, comedor con",https://www.amazon.com.mx/dp/B09D85WRMD,https://www.amazon.com/dp/B09D85WRMD,SRKSB LLC,
,B0D7RKM4GH,5,Hogar y Cocina,disponible,disponible,,,2025-10-19T03:38:03.341Z,2025-10-27T13:56:59.167Z,2025-10-28T21:25:47.889Z,709.27,16.14,$707.71,"BINSUNS - Paquete de 2 alzapaños de cortina de Navidad, para decoración del hogar, decoración del hogar, cortinas de ventana",https://www.amazon.com.mx/dp/B0D7RKM4GH,https://www.amazon.com/dp/B0D7RKM4GH,SRKSB LLC,BINSUNS
,B0CZ34QDF2,5,Hogar y Cocina,disponible,disponible,,,2025-10-19T03:38:03.341Z,2025-10-27T13:57:06.481Z,2025-10-28T21:25:54.688Z,513.51,19.79,$897.15,"1 KINGO Give It To God And Go To Sleep Arte de Pared: Letreros modernos para recámara de Granja para Parejas, Decoración Estética Minimalista de recámara, Cuadros de Pared sobre la Cama Placas",https://www.amazon.com.mx/dp/B0CZ34QDF2,https://www.amazon.com/dp/B0CZ34QDF2,guizhang(xiamen)gonyipin,GZH   Wall   Decor
,B0D47Q2TWR,5,Hogar y Cocina,disponible,no disponible,,,2025-10-19T03:38:03.341Z,2025-10-27T13:57:13.850Z,2025-10-28T21:26:01.565Z,564.54,,$564.81,3 hojas de revestimiento autoadhesivo de pared para casa de muñecas escala 1:12 (pared con paneles de madera (gris)),https://www.amazon.com.mx/dp/B0D47Q2TWR,https://www.amazon.com/dp/B0D47Q2TWR,SRKSB LLC,
,B0D4Q1C1FP,5,Hogar y Cocina,disponible,disponible,,,2025-10-19T03:38:03.342Z,2025-10-27T13:57:21.953Z,2025-10-28T21:26:10.030Z,985.21,26.99,$997.60,"Soobest - Reloj despertador digital de demencia para personas mayores, visualización grande eléctrica, fecha, día de la semana, calendario, 20 recordatorios, 3 tonos de llamada para pérdida de memoria",https://www.amazon.com.mx/dp/B0D4Q1C1FP,https://www.amazon.com/dp/B0D4Q1C1FP,HNEN,Soobest
,B09FDYC2P5,5,Hogar y Cocina,disponible,no disponible,,,2025-10-19T03:38:14.541Z,2025-10-27T13:57:30.613Z,2025-10-28T21:26:17.764Z,1365.96,,"$1,364.58","Amearea Fluffy Leopard Rug, Premium Cheetah Print Rugs, Soft Comfy Faux Fur Animal Print Carpet for Kids Room Bedroom, Living Room, Shaggy Teen Room Home Decor, Khaki 4x6 Feet",https://www.amazon.com.mx/dp/B09FDYC2P5,https://www.amazon.com/dp/B09FDYC2P5,Boon Shopping,
,B0CHW9WN1J,5,Hogar y Cocina,disponible,no disponible,,,2025-10-19T03:38:14.541Z,2025-10-27T13:57:44.514Z,2025-10-28T21:26:31.379Z,442.59,,$548.77,"Letrero de bar de café de granja, Rise & Shine It's Coffee Time, placa de madera de 5 x 5 pulgadas con soporte, regalo para decoración del hogar, cocina, mesa -B09",https://www.amazon.com.mx/dp/B0CHW9WN1J,https://www.amazon.com/dp/B0CHW9WN1J,BDQYQ,
,B0CJ916Q57,5,Hogar y Cocina,disponible,no disponible,,,2025-10-19T03:38:14.541Z,2025-10-27T13:57:52.273Z,2025-10-28T21:26:39.112Z,706.72,,$719.50,"Ludery - Marcos de fotos acrílicos transparentes de 8 x 10 pulgadas, juego de 6 marcos de fotos sin marco, para pared, colgantes",https://www.amazon.com.mx/dp/B0CJ916Q57,https://www.amazon.com/dp/B0CJ916Q57,SRKSB LLC,
,B07SGJ9ZSN,5,Hogar y Cocina,disponible,no disponible,,,2025-10-19T03:38:14.541Z,2025-10-27T13:58:00.305Z,2025-10-28T21:26:47.719Z,664.08,,$662.26,"Kas Home Inspirational Cotes - Lienzo decorativo para pared, diseño de cartel con texto en inglés ""Family Print"" (5,5 x 40,6 cm, familia)",https://www.amazon.com.mx/dp/B07SGJ9ZSN,https://www.amazon.com/dp/B07SGJ9ZSN,SRKSB LLC,
,B0BYZ3PCCQ,5,Hogar y Cocina,disponible,no disponible,,,2025-10-19T03:38:14.541Z,2025-10-27T13:58:08.527Z,2025-10-28T21:26:56.102Z,1663.42,,"$1,616.37","Geomoroccan - Cortinas 100% opacas con superposición transparente, mezcla y combina con cortinas de doble capa de 84 pulgadas de largo, 2 paneles para recámara, sala de estar, color amarillo, blanco,",https://www.amazon.com.mx/dp/B0BYZ3PCCQ,https://www.amazon.com/dp/B0BYZ3PCCQ,SRKSB LLC,
,B0086ZBT88,5,Hogar y Cocina,disponible,disponible,,,2025-10-19T03:38:14.541Z,2025-10-27T13:58:15.464Z,2025-10-28T21:27:05.410Z,99.99,9.99,$500.06,"Letrero retro de metal para café, diseño clásico de gato, decoración de pared, texto ""Because Murder Is Wrong"", carteles de lata divertidos, decoración de bar, póster artístico, 8 x 12 pulgadas",https://www.amazon.com.mx/dp/B0086ZBT88,https://www.amazon.com/dp/B0086ZBT88,qingheji,CONHUIDF
,B09ZPK6TCN,5,Hogar y Cocina,disponible,disponible,,,2025-10-19T03:38:14.541Z,2025-10-27T13:58:21.915Z,2025-10-28T21:27:13.060Z,781.53,21.95,$792.77,"GiftAmaz Campanillas de viento de vidrio con 4 tubos afinados, prisma colgante de arco iris, colgante de vidrio, campanilla de viento, adorno para colgar en la ventana, regalo único para mujeres, amigos, decoración del hogar y jardín",https://www.amazon.com.mx/dp/B09ZPK6TCN,https://www.amazon.com/dp/B09ZPK6TCN,Amazon Estados Unidos,GiftAmaz
,B09ZXQXMDP,5,Hogar y Cocina,disponible,no disponible,,,2025-10-19T03:38:14.541Z,2025-10-27T13:58:29.701Z,2025-10-28T21:27:21.594Z,887.88,,"$1,306.95","IZIDDO - Juego de 2 marcos de fotos flotantes dorados de 10 x 12 pulgadas, marco para fotos de 8 x 10 pulgadas, 7 x 9 pulgadas, 5 x 7 y 4 x 6 pulgadas, marco de fotos de metal de vidrio, visualización",https://www.amazon.com.mx/dp/B09ZXQXMDP,https://www.amazon.com/dp/B09ZXQXMDP,Amazon Estados Unidos,
,B09H3C1KB3,5,Hogar y Cocina,disponible,disponible,,,2025-10-19T03:38:14.542Z,2025-10-27T13:58:36.689Z,2025-10-28T21:27:28.441Z,1223.39,33.63,"$1,244.68","Muddy Mat® Microfibra Altamente Absorbente y Alfombra para Mascotas, Antideslizante, Lavable,para Área de Baño, Suave de Chenille para Cocina, Dormitorio, Interior y Exterior – Beige Grande 35""X24""",https://www.amazon.com.mx/dp/B09H3C1KB3,https://www.amazon.com/dp/B09H3C1KB3,SRKSB LLC,The Virality Gifts
,B0BRXB7B1R,5,Hogar y Cocina,disponible,no disponible,,,2025-10-19T03:38:14.542Z,2025-10-27T13:58:45.888Z,2025-10-28T21:27:38.035Z,542.67,,$531.17,"Oranfit- Rodajas de lima secas, rodajas de lima secas naturales, manualidades, decoración de tartas, cócteles, guarnición para mesas",https://www.amazon.com.mx/dp/B0BRXB7B1R,https://www.amazon.com/dp/B0BRXB7B1R,SRKSB LLC,
,B0DQL42H6V,5,Hogar y Cocina,disponible,disponible,,,2025-10-19T03:38:14.542Z,2025-10-27T13:58:53.133Z,2025-10-28T21:27:44.704Z,470.62,7.99,$436.85,"AKIDA - Paquete de 2 huevos de dragón con dragón en el interior, juguete de huevo de dragón en 3D con dragón en el interior, huevo de dragón misterioso, huevo de dragón impreso en 3D, relleno de cesta",https://www.amazon.com.mx/dp/B0DQL42H6V,https://www.amazon.com/dp/B0DQL42H6V,SRKSB LLC,PETBSNVB_Dragon
,B0DBZM9DY8,5,Hogar y Cocina,disponible,no disponible,,,2025-10-19T03:38:14.542Z,2025-10-27T13:58:59.880Z,2025-10-28T21:27:52.771Z,568.89,,$576.40,Nvotell señal de caja de madera 346,https://www.amazon.com.mx/dp/B0DBZM9DY8,https://www.amazon.com/dp/B0DBZM9DY8,SRKSB LLC,
,B0D2X1QXJX,5,Hogar y Cocina,disponible,no disponible,,,2025-10-19T03:38:14.542Z,2025-10-27T13:59:07.911Z,2025-10-28T21:28:00.529Z,1186.18,,"$1,151.28","Letrero de bienvenida intercambiable para porche delantero de pie, 47 x 8 pulgadas, grande con 12 iconos reemplazables, marco de madera para exteriores, letreros de bienvenida, verticales, rústicos,",https://www.amazon.com.mx/dp/B0D2X1QXJX,https://www.amazon.com/dp/B0D2X1QXJX,SRKSB LLC,
,B0CXHSSSXD,5,Hogar y Cocina,disponible,no disponible,,,2025-10-19T03:38:14.542Z,2025-10-27T13:59:15.414Z,2025-10-28T21:28:08.044Z,560.47,,$560.47,"Letrero de enfermería escolar, letrero de puerta de enfermera, placa decorativa de madera para colgar, colgador de puerta rústico para escuela, oficina de enfermería, decoración de oficina de salud",https://www.amazon.com.mx/dp/B0CXHSSSXD,https://www.amazon.com/dp/B0CXHSSSXD,SRKSB LLC,
,B09HJYJF4X,5,Hogar y Cocina,disponible,no disponible,,,2025-10-19T03:38:27.366Z,2025-10-27T13:59:23.079Z,2025-10-28T21:28:16.362Z,860.64,,$905.50,"Marco de fotos de 8 x 10 pulgadas con perla para boda, chapado en plata con marcos de fotos de acabado acrílico HD con diamantes de imitación para decoración horizontal y vertical",https://www.amazon.com.mx/dp/B09HJYJF4X,https://www.amazon.com/dp/B09HJYJF4X,Boon Shopping,
,B0CKXQPJS4,5,Hogar y Cocina,disponible,no disponible,,,2025-10-19T03:38:27.366Z,2025-10-27T13:59:30.741Z,2025-10-28T21:28:23.564Z,599.9,,$582.71,"Huester - Letrero de placa de madera española cristiana, Versiculos Biblicos pared, versículos cristianos religiosos españoles decoración de pared para el hogar, Yo Y Mi Casa Serviremos A Jehova",https://www.amazon.com.mx/dp/B0CKXQPJS4,https://www.amazon.com/dp/B0CKXQPJS4,RAIF SEN STORE,
,B0B555ZWNL,5,Hogar y Cocina,disponible,disponible,,,2025-10-19T03:38:27.366Z,2025-10-27T13:59:39.135Z,2025-10-28T21:28:30.952Z,642.63,13.99,$632.76,"Cristal triturado para arte de resina, piezas de vidrio roto para manualidades, relleno de jarrón, decoración del hogar, vidrio triturado para manualidades, 3-6 mm, 1.5 libras (cristal/transparente)",https://www.amazon.com.mx/dp/B0B555ZWNL,https://www.amazon.com/dp/B0B555ZWNL,SRKSB LLC,Tianjiu
,B0CWLHVRC3,5,Hogar y Cocina,disponible,disponible,,,2025-10-19T03:38:27.367Z,2025-10-27T13:59:47.621Z,2025-10-28T21:28:38.085Z,590.66,11.69,$572.41,"XYLIBLLA - 3 piezas de decoración de estatua de caracol de latón, mini estatua retro de caracol de cobre, decoración del hogar para sala de estar y computadora, estanque al aire última intervensión,",https://www.amazon.com.mx/dp/B0CWLHVRC3,https://www.amazon.com/dp/B0CWLHVRC3,SRKSB LLC,moonlight meow
,B0DPHX7WCH,5,Hogar y Cocina,disponible,no disponible,,,2025-10-19T03:38:27.367Z,2025-10-27T13:59:56.388Z,2025-10-28T21:28:47.020Z,642.34,,$611.96,"Adorno de Navidad para amigos, adornos de amistad de 2 capas, adornos de amistad para mujeres amigas, adorno de mejor amiga 2024, adorno de amigo 2024, adorno de Navidad para amiga",https://www.amazon.com.mx/dp/B0DPHX7WCH,https://www.amazon.com/dp/B0DPHX7WCH,Novayu,
,B0DHHHBMGW,5,Hogar y Cocina,disponible,no disponible,,,2025-10-19T03:38:27.367Z,2025-10-27T14:00:03.777Z,2025-10-28T21:28:55.479Z,745.92,,$740.51,"Caja grande para ahorrar dinero, 11 x 7.6 x 1.9 pulgadas, caja de desafío de ahorro de madera para niños y adultos con banco de desafíos de monedas de mostrador, caja de desafío de 10000 ahorros.",https://www.amazon.com.mx/dp/B0DHHHBMGW,https://www.amazon.com/dp/B0DHHHBMGW,Novayu,
,B0DFLMMSTY,5,Hogar y Cocina,disponible,no disponible,,,2025-10-19T03:38:27.367Z,2025-10-27T14:00:11.594Z,2025-10-28T21:29:03.205Z,603.38,,$605.91,"Adorno de piedra conmemorativa para papá, de 4 pulgadas, con 2 lados, cardenal de simpatía con texto en inglés «I Am Always with You», recuerdo de papá, padre, suegro, idea de regalo para colgar en la",https://www.amazon.com.mx/dp/B0DFLMMSTY,https://www.amazon.com/dp/B0DFLMMSTY,SRKSB LLC,
,B0D47JK5GS,5,Hogar y Cocina,disponible,no disponible,,,2025-10-19T03:38:27.367Z,2025-10-27T14:00:25.783Z,2025-10-28T21:29:18.919Z,691.63,,$608.08,"ULEGIE Funny Highland Cow Office Home Decoration, Regalos de vaca para el hogar, caja de madera, bloque de letreros para sala de estar, recámara, estante de mesa, decoración de oficina, granja, 5 x 5",https://www.amazon.com.mx/dp/B0D47JK5GS,https://www.amazon.com/dp/B0D47JK5GS,SRKSB LLC,
,B08GZSN4R8,5,Hogar y Cocina,disponible,no disponible,,,2025-10-19T03:38:27.367Z,2025-10-27T14:00:33.385Z,2025-10-28T21:29:25.904Z,406.02,,$408.78,"T&C 120 varillas difusoras de varillas de madera de ratán natural de 10 pulgadas, recambios para difusor, aceite esencial difusor de aromas, varillas de repuesto para el hogar, la oficina",https://www.amazon.com.mx/dp/B08GZSN4R8,https://www.amazon.com/dp/B08GZSN4R8,SRKSB LLC,
,B09FDFLM7P,5,Hogar y Cocina,disponible,no disponible,,,2025-10-19T03:38:27.367Z,2025-10-27T14:00:40.514Z,2025-10-28T21:29:33.497Z,982.17,,"$1,079.92","Amearea Alfombra de leopardo esponjosa, alfombra con estampado de guepardo de alta calidad, suave y cómoda, alfombra de piel sintética con estampado de animales para habitación de niños, sala de estar, habitación de adolescentes, decoración del hogar, color caqui, 3 x 5 pies",https://www.amazon.com.mx/dp/B09FDFLM7P,https://www.amazon.com/dp/B09FDFLM7P,KODA STORE,
,B0CXPRZM56,5,Hogar y Cocina,disponible,no disponible,,,2025-10-19T03:38:27.368Z,2025-10-27T14:00:47.936Z,2025-10-28T21:29:41.949Z,516.35,,$523.25,"Letrero de bar de café de granja, Rise & Shine It's Coffee Time - Cartel de caja de madera, color negro, decoración del hogar, cocina, oficina, estante de mesa de computadora, 6 x 6 pulgadas, A20",https://www.amazon.com.mx/dp/B0CXPRZM56,https://www.amazon.com/dp/B0CXPRZM56,MTY GLOBAL,
,B09V6GRFKP,5,Hogar y Cocina,disponible,no disponible,,,2025-10-19T03:38:27.368Z,2025-10-27T14:00:54.461Z,2025-10-28T21:29:50.825Z,490.86,,$492.77,"Unicornio arco iris decoración de pared para habitación de niñas, unicornio arco iris, arte inspirador, decoración de habitación, decoración de recámara para niñas y niños, decoración de habitación",https://www.amazon.com.mx/dp/B09V6GRFKP,https://www.amazon.com/dp/B09V6GRFKP,SRKSB LLC,
,B0DM1J2NPJ,5,Hogar y Cocina,disponible,no disponible,,,2025-10-19T03:38:27.368Z,2025-10-27T14:01:02.410Z,2025-10-28T21:29:58.163Z,542.25,,$579.65,"Decoración navideña de mesa iluminada, muñeco de nieve iluminado, decoración navideña con luz LED para chimenea, interior, Acción de Gracias, para mamá, tía, mujeres, familia",https://www.amazon.com.mx/dp/B0DM1J2NPJ,https://www.amazon.com/dp/B0DM1J2NPJ,SRKSB LLC,
,B0DL5H9SR3,5,Hogar y Cocina,disponible,no disponible,,,2025-10-19T03:38:27.368Z,2025-10-27T14:01:09.080Z,2025-10-28T21:30:05.621Z,683.19,,$833.83,"Tablero de cumpleaños familiar – Placa decorativa de madera para colgar en la pared, decoración de cumpleaños y celebraciones",https://www.amazon.com.mx/dp/B0DL5H9SR3,https://www.amazon.com/dp/B0DL5H9SR3,SRKSB LLC,
,B0DG5TXDVX,5,Hogar y Cocina,disponible,disponible,,,2025-10-19T03:38:34.601Z,2025-10-27T14:01:16.613Z,2025-10-28T21:30:13.620Z,293.82,9.99,$581.26,"Adorno de cactus - Adorno de Navidad de cactus - Adornos de cactus para árbol de Navidad, adornos de cactus de Navidad, regalos de cactus para amantes de los cactus, regalos temáticos de cactus -",https://www.amazon.com.mx/dp/B0DG5TXDVX,https://www.amazon.com/dp/B0DG5TXDVX,Pawzity,Pawzity
,B0DFPRSRTG,5,Hogar y Cocina,disponible,no disponible,,,2025-10-19T03:38:34.601Z,2025-10-27T14:01:22.777Z,2025-10-28T21:30:22.202Z,787.11,,$639.89,"Vercraft - 36 adornos de cactus de vaquero occidental para colgar árbol de Navidad con impresión de doble cara, cactus de madera del desierto con cuerda, sombrero de vaquero de Texas, manualidades,",https://www.amazon.com.mx/dp/B0DFPRSRTG,https://www.amazon.com/dp/B0DFPRSRTG,Ovolos,
,B0DBVGHRFK,5,Hogar y Cocina,disponible,no disponible,,,2025-10-19T03:38:34.601Z,2025-10-27T14:01:29.878Z,2025-10-28T21:30:29.924Z,583.38,,$705.76,"Letrero de madera de playa, la arena puede cepillarse la sal puede lavarse pero los recuerdos durarán para siempre, placa de madera, letrero artístico de mesa, decoración temática del océano para el",https://www.amazon.com.mx/dp/B0DBVGHRFK,https://www.amazon.com/dp/B0DBVGHRFK,SURE_FIRE,
,B0D9LH3F89,5,Hogar y Cocina,disponible,no disponible,,,2025-10-19T03:38:34.601Z,2025-10-27T14:01:36.245Z,2025-10-28T21:30:38.293Z,950.71,,"$1,071.59",Caja de madera para ahorrar dinero con caja fuerte de dinero $5000 hucha para adultos y niños con contador de monedas para niñas (Target $5000),https://www.amazon.com.mx/dp/B0D9LH3F89,https://www.amazon.com/dp/B0D9LH3F89,SRKSB LLC,
,B0DCGF8KT5,5,Hogar y Cocina,disponible,disponible,,,2025-10-19T03:38:34.601Z,2025-10-27T14:01:44.125Z,2025-10-28T21:30:46.366Z,364.28,13.99,$745.31,"Derlyniupi - Juego de 6 marcos de certificado de 8,5 x 11 pulgadas, marcos autoadhesivos de 8,5 x 11 pulgadas, marco de diploma magnético para exhibición de pared, marcos de documentos para oficina en",https://www.amazon.com.mx/dp/B0DCGF8KT5,https://www.amazon.com/dp/B0DCGF8KT5,guangzhoubendelimaoyiyouxiangongsi,Benderly
,B0D75XH93N,5,Hogar y Cocina,disponible,disponible,,,2025-10-19T03:38:34.601Z,2025-10-27T14:01:51.727Z,2025-10-28T21:30:54.351Z,692.33,14.99,$702.14,"MACTING - Falda de árbol de Navidad en blanco y negro, 48 pulgadas de anillos anuales con pompones, cubierta grande para árbol de Navidad para Halloween, día festivo, hogar, pesadilla antes de Navidad",https://www.amazon.com.mx/dp/B0D75XH93N,https://www.amazon.com/dp/B0D75XH93N,SRKSB LLC,Macting
,B0CGM3CK8M,5,Hogar y Cocina,disponible,no disponible,,,2025-10-19T03:38:34.601Z,2025-10-27T14:01:59.418Z,2025-10-28T21:31:01.736Z,603.38,,$605.91,"14 bandejas de Navidad escalonadas para decoración de Navidad de pan de jengibre, pan de jengibre, hombre, pan de jengibre, casa de campo, decoración de mesa de Navidad para Navidad, invierno, fiesta en casa",https://www.amazon.com.mx/dp/B0CGM3CK8M,https://www.amazon.com/dp/B0CGM3CK8M,SRKSB LLC,
,B0CHJCL1G6,5,Hogar y Cocina,disponible,disponible,,,2025-10-19T03:38:34.601Z,2025-10-27T14:02:07.353Z,2025-10-28T21:31:09.982Z,441.53,11.99,$566.17,"WovWeave - 2 fundas para puerta de Navidad de feliz Navidad, pancarta colgante de 71 x 35 pulgadas, caja de regalo de Navidad y telón de fondo de regalo para día festivo en interiores y exteriores",https://www.amazon.com.mx/dp/B0CHJCL1G6,https://www.amazon.com/dp/B0CHJCL1G6,Amazon Estados Unidos,KaichenGG
,B0DHRFRP7V,5,Hogar y Cocina,disponible,no disponible,,,2025-10-19T03:38:34.602Z,2025-10-27T14:02:15.545Z,2025-10-28T21:31:18.638Z,575.75,,$564.96,"Adorno navideño de overol – Adorno colgante de madera de 2 capas para amantes de los animales, adornos de overol cortados con láser para árbol de Navidad, regalo de Navidad para amantes de los monos,",https://www.amazon.com.mx/dp/B0DHRFRP7V,https://www.amazon.com/dp/B0DHRFRP7V,SRKSB LLC,
,B0DHWQ936P,5,Hogar y Cocina,disponible,no disponible,,,2025-10-19T03:38:34.602Z,2025-10-27T14:02:22.556Z,2025-10-28T21:31:26.861Z,644.05,,$663.47,"Decoración de mesa de Navidad, centro de mesa de madera, muñeco de nieve, mesa de pie, decoración de feliz Navidad, para día festivo, oficina, computadora, bandeja escalonada, decoración de estantes,",https://www.amazon.com.mx/dp/B0DHWQ936P,https://www.amazon.com/dp/B0DHWQ936P,SRKSB LLC,
,B0DHRMXW3B,5,Hogar y Cocina,disponible,no disponible,,,2025-10-19T03:38:34.602Z,2025-10-27T14:02:29.481Z,2025-10-28T21:31:34.163Z,597.86,,$605.91,"Decoración de mesa de Navidad de madera con muñeco de nieve, centro de mesa de nieve, letrero de pie, decoración de feliz Navidad, para día festivo, oficina, computadora, bandeja, estante de fiesta,",https://www.amazon.com.mx/dp/B0DHRMXW3B,https://www.amazon.com/dp/B0DHRMXW3B,MTY GLOBAL,
,B0DHL1K9CR,5,Hogar y Cocina,disponible,no disponible,,,2025-10-19T03:38:34.602Z,2025-10-27T14:02:36.841Z,2025-10-28T21:31:41.659Z,608.88,,$604.86,"Juego de 4 velas votivas de Adviento con relleno de vidrio transparente sin aroma de cera de soja para Adviento y Navidad, 3 moradas y 1 rosa",https://www.amazon.com.mx/dp/B0DHL1K9CR,https://www.amazon.com/dp/B0DHL1K9CR,Belleza de Daphne,
,B0DHCHK7N2,5,Hogar y Cocina,disponible,no disponible,,,2025-10-19T03:38:34.602Z,2025-10-27T14:02:43.811Z,2025-10-28T21:31:50.100Z,562.23,,$576.40,"36 adornos colgantes de árbol de Navidad rosa, adornos de Navidad de madera para árbol clásico rústico de Navidad 3D de madera colgantes para día festivo de invierno, árbol de Navidad, decoración del",https://www.amazon.com.mx/dp/B0DHCHK7N2,https://www.amazon.com/dp/B0DHCHK7N2,SRKSB LLC,
,B0DGQRXVHR,5,Hogar y Cocina,disponible,no disponible,,,2025-10-19T03:38:34.602Z,2025-10-27T14:02:57.444Z,2025-10-28T21:32:06.496Z,456.73,,$456.73,"Decoraciones de Navidad para interiores, 3 piezas, lindas decoraciones de muñeco de nieve de madera para decoración de bandejas, juego de letreros de mesa, bloques de muñeco de nieve para fiesta",https://www.amazon.com.mx/dp/B0DGQRXVHR,https://www.amazon.com/dp/B0DGQRXVHR,SRKSB LLC,
,B0DGH2FPWM,5,Hogar y Cocina,disponible,no disponible,,,2025-10-19T03:38:34.602Z,2025-10-27T14:03:06.044Z,2025-10-28T21:32:14.335Z,662.49,,$665.27,"Adorno de Navidad para perros de pug, hermosa decoración navideña para amantes de los perros, adorno de camión rojo de madera de 3 capas para propietarios de mascotas, decoración del hogar de Navidad",https://www.amazon.com.mx/dp/B0DGH2FPWM,https://www.amazon.com/dp/B0DGH2FPWM,SRKSB LLC,
,B0DFXR34P1,5,Hogar y Cocina,disponible,no disponible,,,2025-10-19T03:38:34.602Z,2025-10-27T14:03:12.640Z,2025-10-28T21:32:22.408Z,662.12,,$665.21,"Decoraciones de Navidad para interiores, 2 piezas de decoración de renos de madera, renos de granja de Navidad para decoración de chimenea de mesa del hogar",https://www.amazon.com.mx/dp/B0DFXR34P1,https://www.amazon.com/dp/B0DFXR34P1,SRKSB LLC,
,B0DFTPMVF3,5,Hogar y Cocina,disponible,no disponible,,,2025-10-19T03:38:46.510Z,2025-10-27T14:03:19.437Z,2025-10-28T21:32:30.658Z,621.98,,$625.45,"Adorno de oso – Adorno de oso de Navidad, adornos de oso para árbol de Navidad, regalos para amantes de los osos, regalos para los amantes de los osos, regalos de oso para mujeres, hombres, adorno de",https://www.amazon.com.mx/dp/B0DFTPMVF3,https://www.amazon.com/dp/B0DFTPMVF3,SRKSB LLC,
,B0DFPXTY4Q,5,Hogar y Cocina,disponible,no disponible,,,2025-10-19T03:38:46.510Z,2025-10-27T14:03:27.516Z,2025-10-28T21:32:39.435Z,603.38,,$605.91,"Juego de adornos de piruleta de caramelo de Navidad, 24 piezas de adorno de Navidad con impresión de doble cara para decoración de árbol de Navidad, colgante de madera de menta, bastón de caramelo,",https://www.amazon.com.mx/dp/B0DFPXTY4Q,https://www.amazon.com/dp/B0DFPXTY4Q,SRKSB LLC,
,B0DFKVXFRF,5,Hogar y Cocina,disponible,no disponible,,,2025-10-19T03:38:46.511Z,2025-10-27T14:03:35.225Z,2025-10-28T21:32:47.424Z,913.99,,$913.99,"Hansanti - Lámpara calentadora de velas con temporizador y atenuador, altura ajustable, lámpara de calentamiento de cera con 2 bombillas de 50 W para velas perfumadas para calentamiento de la casa,",https://www.amazon.com.mx/dp/B0DFKVXFRF,https://www.amazon.com/dp/B0DFKVXFRF,SRKSB LLC,
,B0DF4WMQVK,5,Hogar y Cocina,disponible,no disponible,,,2025-10-19T03:38:46.511Z,2025-10-27T14:03:43.187Z,2025-10-28T21:32:55.083Z,538.08,,$465.77,"Decoración para puerta de Navidad, marco de puerta, decoración de esquina, decoración de madera de pingüino de Navidad, decoración para el hogar",https://www.amazon.com.mx/dp/B0DF4WMQVK,https://www.amazon.com/dp/B0DF4WMQVK,SEONGSAN,
,B0DCN886K2,5,Hogar y Cocina,disponible,disponible,,,2025-10-19T03:38:46.511Z,2025-10-27T14:03:49.691Z,2025-10-28T21:33:02.921Z,1123.01,29.99,"$1,156.21","Guirnalda de Navidad con luces, guirnalda de pino con bayas rojas de invierno y conos de pino, guirnaldas de Navidad para decoración, chimenea interior y exterior, 6 pies",https://www.amazon.com.mx/dp/B0DCN886K2,https://www.amazon.com/dp/B0DCN886K2,SEONGSAN,Ghrdopy
,B0DC6WX45F,5,Hogar y Cocina,disponible,disponible,,,2025-10-19T03:38:46.511Z,2025-10-27T14:03:57.227Z,2025-10-28T21:33:11.030Z,808.43,15.99,$815.00,"PICTTY - Falda de árbol de Navidad de 48 pulgadas, faldas de árbol de Navidad de terciopelo blanco, cubierta de pelo de felpa para decoraciones de Navidad, cubierta de árbol de Navidad rústica grande",https://www.amazon.com.mx/dp/B0DC6WX45F,https://www.amazon.com/dp/B0DC6WX45F,SRKSB LLC,PICTTY MAGIC
,B0DC3XHWP6,5,Hogar y Cocina,disponible,disponible,,,2025-10-19T03:38:46.511Z,2025-10-27T14:04:05.022Z,2025-10-28T21:33:18.952Z,644.05,12.99,$695.19,"Guirnalda de Navidad de oropel de 50 pies, decoración de Navidad para árbol de Navidad, decoración de fiesta, decoración de Navidad, color verde",https://www.amazon.com.mx/dp/B0DC3XHWP6,https://www.amazon.com/dp/B0DC3XHWP6,SRKSB LLC,HengNuoSY
,B0DBZDTQZC,5,Hogar y Cocina,disponible,disponible,,,2025-10-19T03:38:46.511Z,2025-10-27T14:04:12.468Z,2025-10-28T21:33:25.822Z,1212.02,29.99,"$1,220.58","Árbol de oropel de Navidad desplegable de 5 pies con temporizador, blanco cálido y luces de cambio de colores, funciona con pilas, lápiz verde, árbol delgado de Navidad con 25 adornos de bola y",https://www.amazon.com.mx/dp/B0DBZDTQZC,https://www.amazon.com/dp/B0DBZDTQZC,SRKSB LLC,HengNuoSY
,B0DBLKFCQL,5,Hogar y Cocina,disponible,no disponible,,,2025-10-19T03:38:46.511Z,2025-10-27T14:04:20.220Z,2025-10-28T21:33:34.758Z,699.35,,$740.30,"Jiyamony - Atrapasueños de ojos azules para decoración de pared, colgante colgante de atrapasueños para protección del hogar y decoración de bendición con accesorios de coche",https://www.amazon.com.mx/dp/B0DBLKFCQL,https://www.amazon.com/dp/B0DBLKFCQL,SRKSB LLC,
,B0DB5KXX1X,5,Hogar y Cocina,disponible,no disponible,,,2025-10-19T03:38:46.511Z,2025-10-27T14:04:26.586Z,2025-10-28T21:33:42.783Z,603.38,,$605.91,"Cinnvoice - 3 piezas de decoración de mesa de belén de Navidad, granja, religiosa, alegría, Navidad, centro de mesa de Navidad, decoración de mesa, mesa de pesebre con base de madera para estante de",https://www.amazon.com.mx/dp/B0DB5KXX1X,https://www.amazon.com/dp/B0DB5KXX1X,SRKSB LLC,
,B0DB5F8ZLJ,5,Hogar y Cocina,disponible,no disponible,,,2025-10-19T03:38:46.511Z,2025-10-27T14:04:33.521Z,2025-10-28T21:33:50.930Z,712.43,,$715.80,"Decoración de Navidad, juego de 15 bandejas de Navidad, diseño de gnomo verde, para árbol de Navidad, cajas de regalo, abalorio de perro, guirnaldas, bloques de mesa, decoración de Navidad para",https://www.amazon.com.mx/dp/B0DB5F8ZLJ,https://www.amazon.com/dp/B0DB5F8ZLJ,SRKSB LLC,
,B0D8T29Q68,5,Hogar y Cocina,disponible,no disponible,,,2025-10-19T03:38:46.511Z,2025-10-27T14:04:41.121Z,2025-10-28T21:33:59.045Z,847.92,,$908.41,"56 piezas de decoración de árbol de Navidad, juego de adornos de Navidad con flores artificiales de Pascua de Navidad, ramas de bayas y conos de pino, decoración de Navidad para árbol/corona/guirnalda",https://www.amazon.com.mx/dp/B0D8T29Q68,https://www.amazon.com/dp/B0D8T29Q68,SRKSB LLC,
,B0D8KQ5JS8,5,Hogar y Cocina,disponible,disponible,,,2025-10-19T03:38:46.512Z,2025-10-27T14:04:48.215Z,2025-10-28T21:34:06.439Z,621.37,22.99,$835.45,"CristBest - Paquete de 24 adornos para árbol de Navidad, tallo de bayas con purpurina artificial para decoración de árbol de Navidad, jarrón pequeño, día festivo, bodas, decoraciones de fiesta",https://www.amazon.com.mx/dp/B0D8KQ5JS8,https://www.amazon.com/dp/B0D8KQ5JS8,Amazon Estados Unidos,BIBIAN US
,B0D8KGXKC4,5,Hogar y Cocina,disponible,disponible,,,2025-10-19T03:38:46.512Z,2025-10-27T14:04:55.542Z,2025-10-28T21:34:14.679Z,602.44,22.99,$859.57,"Paquete de 24 adornos para árbol de Navidad, flores artificiales, tallos de bayas con purpurina, ramas florales para decoraciones de árbol de Navidad, relleno de jarrón, día festivo, boda, fiesta,",https://www.amazon.com.mx/dp/B0D8KGXKC4,https://www.amazon.com/dp/B0D8KGXKC4,Amazon Estados Unidos,BIBIAN US
,B0B3XC8X6R,5,Hogar y Cocina,disponible,no disponible,,,2025-10-19T03:38:46.512Z,2025-10-27T14:05:03.076Z,2025-10-28T21:34:23.081Z,560.47,,$556.06,"Juego de 3 piezas de bloques de copo de nieve de pie alto, decoración rústica de fiesta, adornos de copo de nieve de madera, suministros de decoración diaria de invierno, decoración rústica de mesa para niños, decoración de manualidades (blanco)",https://www.amazon.com.mx/dp/B0B3XC8X6R,https://www.amazon.com/dp/B0B3XC8X6R,SRKSB LLC,
,B0CZDDS4T2,5,Hogar y Cocina,disponible,disponible,,,2025-10-19T03:39:01.165Z,2025-10-27T14:05:09.142Z,2025-10-28T21:34:30.424Z,307,8.99,$475.71,"Decoración de nudo plateado pequeño, decoración de eslabones de cadena, decoración de mesa de centro, decoración de estante de libros, decoración de mesa de entrada, objetos decorativos estéticos",https://www.amazon.com.mx/dp/B0CZDDS4T2,https://www.amazon.com/dp/B0CZDDS4T2,xinxiangxianyiyezhoushangmaoyouxiangongsi,Aulidududu
,B0DLZXPF34,5,Hogar y Cocina,disponible,no disponible,,,2025-10-19T03:39:01.165Z,2025-10-27T14:05:17.343Z,2025-10-28T21:34:37.565Z,460.42,,$409.26,"Jingle My Bell - Adorno de Navidad 2025, regalo divertido y travieso para adultos, decoración de Navidad de madera 3D inapropiada, idea de Papá Noel, divertidos adornos de Navidad para intercambio",https://www.amazon.com.mx/dp/B0DLZXPF34,https://www.amazon.com/dp/B0DLZXPF34,SRKSB LLC,
,B0DHKRZ8PB,5,Hogar y Cocina,disponible,no disponible,,,2025-10-19T03:39:01.165Z,2025-10-27T14:05:31.581Z,2025-10-28T21:34:51.646Z,603.38,,$666.50,YUJUN - Carteles de madera de Navidad con 3 piezas,https://www.amazon.com.mx/dp/B0DHKRZ8PB,https://www.amazon.com/dp/B0DHKRZ8PB,SRKSB LLC,
,B0DCVD49KP,5,Hogar y Cocina,disponible,disponible,,,2025-10-19T03:39:01.166Z,2025-10-27T14:05:39.517Z,2025-10-28T21:35:00.517Z,537.9,19.99,$952.43,Cosiful - 20 lazos de guirnalda de Navidad de 18 pulgadas,https://www.amazon.com.mx/dp/B0DCVD49KP,https://www.amazon.com/dp/B0DCVD49KP,Litelist,Litelist
,B0DJJ9GVTC,5,Hogar y Cocina,disponible,disponible,,,2025-10-19T03:39:01.166Z,2025-10-27T14:05:45.962Z,2025-10-28T21:35:08.140Z,2497.43,52.19,"$2,282.40","HZXGCP - Olivo sintético de 5 pies, árboles artificiales para decoración del hogar en interiores con ramas ajustables y frutas realistas, fácil de montar, bajo mantenimiento (olivo multipolo, 5 pies)",https://www.amazon.com.mx/dp/B0DJJ9GVTC,https://www.amazon.com/dp/B0DJJ9GVTC,SEONGSAN,YONGNENG
,B0DHFVJMSR,5,Hogar y Cocina,disponible,no disponible,,,2025-10-19T03:39:01.166Z,2025-10-27T14:05:54.244Z,2025-10-28T21:35:14.850Z,517.07,,$479.62,"Decoración de puerta de Navidad, letrero de Navidad, decoración de camión, letrero de puerta de Navidad, diseño de búfalo a cuadros, decoración de árbol de Navidad, colgador de puerta de Navidad de",https://www.amazon.com.mx/dp/B0DHFVJMSR,https://www.amazon.com/dp/B0DHFVJMSR,SRKSB LLC,
,B0DGHB8DZT,5,Hogar y Cocina,disponible,no disponible,,,2025-10-19T03:39:01.166Z,2025-10-27T14:06:01.085Z,2025-10-28T21:35:23.155Z,602.26,,$604.79,"Yorkshire Terrier - Adorno de Navidad para perro - Hermosa decoración navideña para amantes de los perros - Adorno de árbol de madera y acrílico de 2 capas - Adorno de girasol, decoración del hogar",https://www.amazon.com.mx/dp/B0DGHB8DZT,https://www.amazon.com/dp/B0DGHB8DZT,SRKSB LLC,
,B0DGC58HWP,5,Hogar y Cocina,disponible,no disponible,,,2025-10-19T03:39:01.166Z,2025-10-27T14:06:08.379Z,2025-10-28T21:35:31.610Z,544.65,,$601.28,"3 piezas de decoración de mesa de Navidad, letrero de madera de mesa de feliz Navidad y letrero de madera de alegría, centro de mesa para decoración de fiesta",https://www.amazon.com.mx/dp/B0DGC58HWP,https://www.amazon.com/dp/B0DGC58HWP,SRKSB LLC,
,B0DG2HDCVP,5,Hogar y Cocina,disponible,disponible,,,2025-10-19T03:39:01.166Z,2025-10-27T14:06:15.060Z,2025-10-28T21:35:39.859Z,981.84,24.98,$978.47,"OOSTONEE - Juego de 2 portavelas de cerámica para centro de mesa con portavelas de estilo minimalista, color amarillo para decoración del hogar, bodas, festivales y fiestas, 2 tamaños surtidos",https://www.amazon.com.mx/dp/B0DG2HDCVP,https://www.amazon.com/dp/B0DG2HDCVP,SRKSB LLC,oostonee
,B0DCYV3XV5,5,Hogar y Cocina,disponible,disponible,,,2025-10-19T03:39:01.167Z,2025-10-27T14:06:23.290Z,2025-10-28T21:35:48.028Z,368.96,7.95,$548.04,"CHOANG Adornos de cerámica de Navidad – Linda vaca de las tierras altas decoración rústica para el hogar, accesorios de interior de coche clásico – adorno colgante de ganado de granja",https://www.amazon.com.mx/dp/B0DCYV3XV5,https://www.amazon.com/dp/B0DCYV3XV5,Amazon Estados Unidos,CHOANG
,B0DCGCD9CK,5,Hogar y Cocina,disponible,no disponible,,,2025-10-19T03:39:01.167Z,2025-10-27T14:06:31.800Z,2025-10-28T21:35:56.131Z,1017.37,,$981.21,"Mindsoft - Falda de árbol de Navidad de 60 pulgadas, grande, de piel sintética, color blanco, con lentejuelas doradas, copo de nieve, falda de árbol blanco, para decoración de árbol de Navidad,",https://www.amazon.com.mx/dp/B0DCGCD9CK,https://www.amazon.com/dp/B0DCGCD9CK,SRKSB LLC,
,B0DCG1LGX7,5,Hogar y Cocina,disponible,no disponible,,,2025-10-19T03:39:01.167Z,2025-10-27T14:06:40.043Z,2025-10-28T21:36:02.662Z,1002.62,,"$1,008.65","Cyraft - Decoración para árbol de estrella de Navidad, enchufe iluminado de 15.7 pulgadas, plegable, ligera, moravia, temporizador y control remoto inteligente de colores, luces colgantes de Navidad",https://www.amazon.com.mx/dp/B0DCG1LGX7,https://www.amazon.com/dp/B0DCG1LGX7,SRKSB LLC,
,B0DCBVNB5W,5,Hogar y Cocina,disponible,disponible,,,2025-10-19T03:39:01.167Z,2025-10-27T14:06:46.725Z,2025-10-28T21:36:10.047Z,501.98,7.99,$508.14,"kaiolbly - 80 piezas de mini bastón de caramelo de Navidad para manualidades, decoración de caramelos falsos adornos de menta, adornos de mesa de Navidad, relleno de jarrón de caramelo rojo y blanco",https://www.amazon.com.mx/dp/B0DCBVNB5W,https://www.amazon.com/dp/B0DCBVNB5W,Uğurlu STORE,kaixiang us store
,B0DC5YVJSF,5,Hogar y Cocina,disponible,no disponible,,,2025-10-19T03:39:12.163Z,2025-10-27T14:06:53.671Z,2025-10-28T21:36:18.060Z,546.08,,$529.79,"24 piezas de adornos de construcción de Navidad para camión, decoración de madera, excavadora clásico, árbol de Navidad, manualidades colgantes para granja, decoración de fiestas, día festivo,",https://www.amazon.com.mx/dp/B0DC5YVJSF,https://www.amazon.com/dp/B0DC5YVJSF,SRKSB LLC,
,B0DBSL69T9,5,Hogar y Cocina,disponible,disponible,,,2025-10-19T03:39:12.163Z,2025-10-27T14:07:00.877Z,2025-10-28T21:36:26.459Z,736.11,34.99,"$1,416.65","Ellzant Guirnalda de Navidad de 9 pies con luces, guirnalda de Navidad para decoración de manto de escaleras con bayas y conos de pino, guirnalda de Navidad para interiores y exteriores, decoración",https://www.amazon.com.mx/dp/B0DBSL69T9,https://www.amazon.com/dp/B0DBSL69T9,ivyholk,ivyholk
,B0DBQJGF2S,5,Hogar y Cocina,disponible,disponible,,,2025-10-19T03:39:12.163Z,2025-10-27T14:07:08.858Z,2025-10-28T21:36:35.016Z,1300.35,32.99,"$1,174.77","Árbol de pared de Navidad iluminado de 4 pies, 111 LED, blanco cálido para decoración del hogar, luces de árbol colgantes para decoración de pared de sala de estar",https://www.amazon.com.mx/dp/B0DBQJGF2S,https://www.amazon.com/dp/B0DBQJGF2S,SRKSB LLC,istar retail
,B0DB4KPZ9Y,5,Hogar y Cocina,disponible,no disponible,,,2025-10-19T03:39:12.163Z,2025-10-27T14:07:17.201Z,2025-10-28T21:36:42.746Z,1447.74,,"$1,391.41","MAOCHI Fuente de agua de mesa, fuente de cultivo suculenta de grano de madera con 5 luces LED que cambian de color, computadora de meditación, decoración de agua, decoración del hogar, decoración de",https://www.amazon.com.mx/dp/B0DB4KPZ9Y,https://www.amazon.com/dp/B0DB4KPZ9Y,SRKSB LLC,
,B0D8JX9WT1,5,Hogar y Cocina,disponible,disponible,,,2025-10-19T03:39:12.163Z,2025-10-27T14:07:24.336Z,2025-10-28T21:36:51.009Z,396.09,15.99,$682.52,"Guirnalda de Navidad con luces, 8.2 pies, funciona con pilas, 12 bombillas LED, conos de pino, decoraciones de bayas rojas, iluminadas para interiores y exteriores, ventana, hogar, chimenea, mesa,",https://www.amazon.com.mx/dp/B0D8JX9WT1,https://www.amazon.com/dp/B0D8JX9WT1,LINWW-US,LINWW-US
,B0D6W2BFHB,5,Hogar y Cocina,disponible,disponible,,,2025-10-19T03:39:12.163Z,2025-10-27T14:07:31.522Z,2025-10-28T21:36:57.989Z,674.56,14.99,$672.87,"Wninbu - Corona de lazo para árbol de Navidad, 44 x 13 pulgadas, corona de Navidad grande verde para árbol de Navidad, decoración de Navidad para interiores y exteriores",https://www.amazon.com.mx/dp/B0D6W2BFHB,https://www.amazon.com/dp/B0D6W2BFHB,Uğurlu STORE,Wninbu
,B0D62PZYGG,5,Hogar y Cocina,disponible,disponible,,,2025-10-19T03:39:12.163Z,2025-10-27T14:07:38.930Z,2025-10-28T21:37:06.879Z,469.98,19.97,$994.54,"200 conos de pino de Navidad de 1.5 a 3 pulgadas, adornos de copo de nieve mixtos y ramas de pino de bayas, decoraciones de Navidad a granel para manualidades de invierno, suministros de fiesta",https://www.amazon.com.mx/dp/B0D62PZYGG,https://www.amazon.com/dp/B0D62PZYGG,YONSYA,YONSYA
,B0CWN9JQ6P,5,Hogar y Cocina,disponible,no disponible,,,2025-10-19T03:39:12.163Z,2025-10-27T14:07:46.953Z,2025-10-28T21:37:14.717Z,663.72,,$666.50,"Letrero de café, juego de decoración de café, carteles de caja de madera para decoración del hogar, café de granja, decoración del hogar, regalo para él, ella pareja, puede que tu café sea más fuerte",https://www.amazon.com.mx/dp/B0CWN9JQ6P,https://www.amazon.com/dp/B0CWN9JQ6P,SRKSB LLC,
,B0CLHVYPSW,5,Hogar y Cocina,disponible,no disponible,,,2025-10-19T03:39:12.163Z,2025-10-27T14:07:55.065Z,2025-10-28T21:37:22.482Z,159,,"$6,024.50","Cuadro de arte de arena en movimiento de vidrio redondo 3D para decoración de la habitación, decoración de la habitación, artesanía de vidrio, marco de madera maciza, ambiente relajante, hogar, oficina, trabajo, decoración de pared",https://www.amazon.com.mx/dp/B0CLHVYPSW,https://www.amazon.com/dp/B0CLHVYPSW,Marca: Mtadmai,
,B09Z7NZRBR,5,Hogar y Cocina,disponible,no disponible,,,2025-10-19T03:39:12.164Z,2025-10-27T14:08:08.338Z,2025-10-28T21:37:37.204Z,507.62,,$583.12,"Huajie Handmade Craft Decoración náutica de madera, adornos hechos a mano, bonitos modelos de velero, fáciles de decorar, adecuados para el hogar, dormitorio, oficina, baño, decoración de escritorio, 2 unidades",https://www.amazon.com.mx/dp/B09Z7NZRBR,https://www.amazon.com/dp/B09Z7NZRBR,IY Network,
,B0DK955Q4L,5,Hogar y Cocina,disponible,disponible,,PRICE_AND_SELLER_NOT_FOUND,2025-10-19T03:39:12.164Z,2025-10-27T14:08:16.085Z,2025-10-28T21:37:45.910Z,328.2,,$332.98,"AHEONLAR - 6 decoraciones de copo de nieve de Navidad, decoraciones colgantes iridiscentes en 3D, copos de nieve de papel arcoíris, guirnalda de copo de nieve para decoración de Navidad en el hogar,",https://www.amazon.com.mx/dp/B0DK955Q4L,https://www.amazon.com/dp/B0DK955Q4L,SRKSB LLC,
,B0DGFQGLQ6,5,Hogar y Cocina,disponible,disponible,,,2025-10-19T03:39:12.164Z,2025-10-27T14:08:23.884Z,2025-10-28T21:37:52.560Z,601.46,9.99,$605.91,"Campanas de Navidad, campanas doradas colgantes de metal con cuerda de yute, campanas de Navidad para decoración, campanas clásico, ideales para árbol de Navidad, corona de Navidad, fiestas,",https://www.amazon.com.mx/dp/B0DGFQGLQ6,https://www.amazon.com/dp/B0DGFQGLQ6,SRKSB LLC,XS-Tool
,B0DDPDWKCL,5,Hogar y Cocina,disponible,no disponible,,,2025-10-19T03:39:12.164Z,2025-10-27T14:08:31.603Z,2025-10-28T21:37:59.615Z,603.38,,$574.53,"Decoración de mesa de madera de Feliz Navidad, elegante recorte de madera con purpurina, letrero de mesa de Navidad de madera, centro de mesa de Navidad para decoración de fiesta de Navidad para mesa",https://www.amazon.com.mx/dp/B0DDPDWKCL,https://www.amazon.com/dp/B0DDPDWKCL,SRKSB LLC,
,B0DDKGJ7YL,5,Hogar y Cocina,disponible,no disponible,,,2025-10-19T03:39:12.164Z,2025-10-27T14:08:39.245Z,2025-10-28T21:38:06.826Z,760.79,,$613.27,"Bazayona - 30 adornos de copos de nieve de madera rústica, adornos huecos para decoración de Navidad, día festivo, 3 pulgadas, color blanco",https://www.amazon.com.mx/dp/B0DDKGJ7YL,https://www.amazon.com/dp/B0DDKGJ7YL,SRKSB LLC,
,B0DBDKP74F,5,Hogar y Cocina,disponible,no disponible,,,2025-10-19T03:39:12.164Z,2025-10-27T14:08:46.922Z,2025-10-28T21:38:14.855Z,670.1,,$745.31,"YIJXPOIN 3 piezas de mini árbol de Navidad con luces, mesa artificial multicolor de 7/8.6/9.5 pulgadas, árbol de Navidad de pino pequeño, cepillo para polvo para botellas, árboles de Navidad para",https://www.amazon.com.mx/dp/B0DBDKP74F,https://www.amazon.com/dp/B0DBDKP74F,SRKSB LLC,
,B0CDVLZB72,5,Hogar y Cocina,disponible,no disponible,,,2025-10-19T03:39:23.179Z,2025-10-27T14:08:55.139Z,2025-10-28T21:38:22.753Z,1273.66,,"$1,275.04","Gift Basket for Women - Happy Birthday Gift Basket For Her w/Memory Foam Pillow, Blanket, Candle, Socks, Journal, and Card - Curated Birthday Gift Set and Happy Birthday Gift Box for Women",https://www.amazon.com.mx/dp/B0CDVLZB72,https://www.amazon.com/dp/B0CDVLZB72,SRKSB LLC,
,B0CFY5HCYQ,5,Hogar y Cocina,disponible,disponible,,,2025-10-19T03:39:23.179Z,2025-10-27T14:09:03.061Z,2025-10-28T21:38:30.739Z,1408.91,39.88,"$1,378.19","CHAMPLANT - Alfombra Retro Lavable de 4 x 6 pulgadas, Diseño Bohémico y Elegante, Antideslizante, Interior, Cocina, Recámara, Oficina",https://www.amazon.com.mx/dp/B0CFY5HCYQ,https://www.amazon.com/dp/B0CFY5HCYQ,SRKSB LLC,CHAMPLANT
,B0C43H447R,5,Hogar y Cocina,disponible,no disponible,,,2025-10-19T03:39:23.179Z,2025-10-27T14:09:11.041Z,2025-10-28T21:38:38.382Z,700.64,,$793.75,"Hello Fall Y'all - Letrero de madera para porche de 47 pulgadas, tamaño grande, para calabaza, hoja de arce, hogar, puerta delantera, patio, decoración de fiesta",https://www.amazon.com.mx/dp/B0C43H447R,https://www.amazon.com/dp/B0C43H447R,SRKSB LLC,
,B0D77BFLYN,5,Hogar y Cocina,disponible,no disponible,,,2025-10-19T03:39:23.180Z,2025-10-27T14:09:18.546Z,2025-10-28T21:38:45.213Z,742.55,,$923.20,"Conchas de mar grandes, 20 unidades para decorar conchas de playa mixtas de conchas marinas para fiestas en la playa (COLOR-A (20 piezas)",https://www.amazon.com.mx/dp/B0D77BFLYN,https://www.amazon.com/dp/B0D77BFLYN,SRKSB LLC,
,B09TT5N5R3,5,Hogar y Cocina,disponible,disponible,,,2025-10-19T03:39:23.180Z,2025-10-27T14:09:27.150Z,2025-10-28T21:38:52.173Z,817.91,29.24,"$1,470.50","Rutterllow Cortinas 100% opacas, 2 paneles, visualización completa de 90 pulgadas de largo, cortinas completas para sala de estar, aislamiento térmico para ventana de recámara (gris oscuro, 52 pulgadas de ancho x 90 pulgadas de largo)",https://www.amazon.com.mx/dp/B09TT5N5R3,https://www.amazon.com/dp/B09TT5N5R3,Amazon Estados Unidos,Rutterllow
,B0D5B94P81,5,Hogar y Cocina,disponible,no disponible,,,2025-10-19T03:39:23.180Z,2025-10-27T14:09:34.500Z,2025-10-28T21:38:59.389Z,1366.01,,"$1,366.01","Edergoo - Juego de 2 cajas de madera rústica hecha a mano con asas, cajas de madera grandes duraderas para exhibición y decoración, color café",https://www.amazon.com.mx/dp/B0D5B94P81,https://www.amazon.com/dp/B0D5B94P81,SRKSB LLC,
,B0DHGSZ72T,5,Hogar y Cocina,disponible,disponible,,,2025-10-19T03:39:23.180Z,2025-10-27T14:09:42.252Z,2025-10-28T21:39:06.944Z,421.11,9.99,$437.02,"Letrero colgante de mouse de dibujos animados de Navidad, Año Nuevo, Invierno, Navidad, decoración de puerta de cocina, decoraciones de Navidad para fiesta en",https://www.amazon.com.mx/dp/B0DHGSZ72T,https://www.amazon.com/dp/B0DHGSZ72T,Amazon Estados Unidos,Yarcooly
,B0DG5KZC9C,5,Hogar y Cocina,disponible,disponible,,,2025-10-19T03:39:23.180Z,2025-10-27T14:09:50.294Z,2025-10-28T21:39:14.068Z,382.83,3.99,$387.60,"percha de ropa de corona de 15 pulgadas, decoraciones de Navidad, para puerta delantera, interior o exterior sobre la puerta, colgador de gancho para Pascua, primavera, Halloween, Navidad, decoración",https://www.amazon.com.mx/dp/B0DG5KZC9C,https://www.amazon.com/dp/B0DG5KZC9C,SRKSB LLC,migood
,B0DG2DXJDS,5,Hogar y Cocina,disponible,no disponible,,,2025-10-19T03:39:23.180Z,2025-10-27T14:09:58.169Z,2025-10-28T21:39:21.701Z,723.18,,$813.32,"Keretuby - Guirnalda de luces de cerezo con diseño de flor de cerezo, 33 pies, 100 LED USB, enchufe en colores pastel de flores de Navidad, lindas luces florales Diwali para techo, patio, recámara,",https://www.amazon.com.mx/dp/B0DG2DXJDS,https://www.amazon.com/dp/B0DG2DXJDS,SRKSB LLC,
,B0DF5PD6J2,5,Hogar y Cocina,disponible,disponible,,,2025-10-19T03:39:23.180Z,2025-10-27T14:10:05.860Z,2025-10-28T21:39:29.514Z,1558.18,49.99,"$1,619.64","Pinkpuii - Corona de Navidad para puerta de entrada de 24 pulgadas, corona de Navidad para exteriores, corona de invierno con flores rojas y cardenal, agujas de pino verde perenne verde, corona de",https://www.amazon.com.mx/dp/B0DF5PD6J2,https://www.amazon.com/dp/B0DF5PD6J2,SRKSB LLC,pinkpuii wreath
,B0DD7JP2ZF,5,Hogar y Cocina,disponible,no disponible,,,2025-10-19T03:39:23.180Z,2025-10-27T14:10:13.969Z,2025-10-28T21:39:37.581Z,808.41,,$871.36,"ALEACAR - Soporte para barra de cortina de piel de alta calidad, correas decorativas de piel estilo bohemio, ganchos para colgar en la pared, soportes de piel versátiles para cortinas, toallas, remos",https://www.amazon.com.mx/dp/B0DD7JP2ZF,https://www.amazon.com/dp/B0DD7JP2ZF,SRKSB LLC,
,B0DCFWSC2M,5,Hogar y Cocina,disponible,disponible,,,2025-10-19T03:39:23.180Z,2025-10-27T14:10:22.901Z,2025-10-28T21:39:44.745Z,759.45,15.92,$799.80,"XNM - Reloj de pared divertido de vaca Highland para baño, recámara, oficina, reloj de pared de vidrio café, funciona con pilas, 12 pulgadas, reloj de pared de animales occidentales, silencioso",https://www.amazon.com.mx/dp/B0DCFWSC2M,https://www.amazon.com/dp/B0DCFWSC2M,SRKSB LLC,RK WALL ART
,B0DCB2NBZH,5,Hogar y Cocina,disponible,disponible,,,2025-10-19T03:39:23.181Z,2025-10-27T14:10:30.779Z,2025-10-28T21:39:52.944Z,805.24,18.99,$809.93,"RUINENGDA - Soporte para incienso de rana, quemador de incienso de arena morada, soporte para pinchazos de incienso para meditación, yoga, hogar, decoración de oficina",https://www.amazon.com.mx/dp/B0DCB2NBZH,https://www.amazon.com/dp/B0DCB2NBZH,SRKSB LLC,RUIBEIKE
,B0D9JZM83V,5,Hogar y Cocina,disponible,disponible,,,2025-10-19T03:39:23.181Z,2025-10-27T14:10:38.764Z,2025-10-28T21:40:01.411Z,939.2,21.99,$934.63,"Daifunli - 8 lazos de terciopelo de Navidad, con flecos grandes, para árbol de Navidad, arcos de borde crudo clásico para árbol de Navidad, medias, adornos, lazos rústicos para Navidad, decoración del",https://www.amazon.com.mx/dp/B0D9JZM83V,https://www.amazon.com/dp/B0D9JZM83V,SEONGSAN,Huiinen
,B0D8PB96TF,5,Hogar y Cocina,disponible,no disponible,,,2025-10-19T03:39:23.181Z,2025-10-27T14:10:51.964Z,2025-10-28T21:40:15.442Z,515,,$517.11,"Decoraciones para árbol de Navidad, 18 piezas de adornos colgantes de madera para árbol, pesadilla de madera para Navidad, antes de la decoración, regalos de fiesta en el hogar",https://www.amazon.com.mx/dp/B0D8PB96TF,https://www.amazon.com/dp/B0D8PB96TF,VENTAS MAX (FACTURAMOS),
,B0D742D2KC,5,Hogar y Cocina,disponible,no disponible,,,2025-10-19T03:39:34.134Z,2025-10-27T14:10:59.114Z,2025-10-28T21:40:23.287Z,663.72,,$605.91,"Letrero para quitar tus zapatos, letrero sin zapatos para casa, letrero de zapatos para decoración de bienvenida de la puerta principal, por favor, quítate tus zapatos, regalos de inauguración de la",https://www.amazon.com.mx/dp/B0D742D2KC,https://www.amazon.com/dp/B0D742D2KC,SRKSB LLC,
,B0D4QFQP68,5,Hogar y Cocina,disponible,no disponible,,,2025-10-19T03:39:34.134Z,2025-10-27T14:11:07.238Z,2025-10-28T21:40:30.704Z,422.86,,$418.66,"PEALSN - Marco de fotos de 5 x 7 pulgadas, muestra imágenes de 4 x 6 pulgadas con alfombrilla o 5 x 7 pulgadas sin alfombrilla para montaje en pared, marcos de fotos, color blanco",https://www.amazon.com.mx/dp/B0D4QFQP68,https://www.amazon.com/dp/B0D4QFQP68,SRKSB LLC,
,B0CTZ7RSZZ,5,Hogar y Cocina,disponible,no disponible,,,2025-10-19T03:39:34.134Z,2025-10-27T14:11:15.350Z,2025-10-28T21:40:38.548Z,1472.33,,"$1,423.48","Arte abstracto de pared para sala de estar, decoración de pared para recámara, oficina, pintura abstracta de paisaje de montaña, bosque para colgar en la pared, impresiones de ilustraciones modernas",https://www.amazon.com.mx/dp/B0CTZ7RSZZ,https://www.amazon.com/dp/B0CTZ7RSZZ,SRKSB LLC,
,B0CPLFRJJ1,5,Hogar y Cocina,disponible,no disponible,,,2025-10-19T03:39:34.134Z,2025-10-27T14:11:23.862Z,2025-10-28T21:40:47.102Z,872.9,,$745.10,"Kit de suministros de pizarrón de cine de 16 x 11 pulgadas, decoración de noche de película para fiestas nocturnas con soporte de madera, decoración de sala de cine en casa",https://www.amazon.com.mx/dp/B0CPLFRJJ1,https://www.amazon.com/dp/B0CPLFRJJ1,SRKSB LLC,
,B0C81N8RTR,5,Hogar y Cocina,disponible,no disponible,,,2025-10-19T03:39:34.135Z,2025-10-27T14:11:31.170Z,2025-10-28T21:40:55.411Z,672.21,,$674.37,"Libros decorativos para decoración del hogar, libros de imitación para decoración rústica de granja, decoración de estantes de granja, libros de decoración para mesa de centro, libros falsos con abalorio de madera, borla de 58 pulgadas",https://www.amazon.com.mx/dp/B0C81N8RTR,https://www.amazon.com/dp/B0C81N8RTR,SRKSB LLC,
,B0BV5TFLJ4,5,Hogar y Cocina,disponible,no disponible,,,2025-10-19T03:39:34.135Z,2025-10-27T14:11:39.860Z,2025-10-28T21:41:04.344Z,859.41,,$863.90,"KINLINK - Marco de fotos de 4 x 4 pulgadas, cuadrado natural de madera maciza para fotos de 4 x 4 pulgadas, sin alfombra, marcos de fotos de pared y mesa, paquete de 4",https://www.amazon.com.mx/dp/B0BV5TFLJ4,https://www.amazon.com/dp/B0BV5TFLJ4,SRKSB LLC,
,B01N78LZFX,5,Hogar y Cocina,disponible,disponible,,,2025-10-19T03:39:34.135Z,2025-10-27T14:11:47.356Z,2025-10-28T21:41:11.112Z,1527.61,41.98,"$1,099.69","Cherry Home Cortinas de terciopelo de lujo súper suave gris ahumado clásico con bloqueo de luz, paneles de cortinas de cine en casa con ojales de 52 pulgadas de ancho x 108 pulgadas de largo, gris claro, 2 paneles",https://www.amazon.com.mx/dp/B01N78LZFX,https://www.amazon.com/dp/B01N78LZFX,Amazon Estados Unidos,Cherry Home JP
,B091NLHS16,5,Hogar y Cocina,disponible,no disponible,,,2025-10-19T03:39:34.135Z,2025-10-27T14:11:55.272Z,2025-10-28T21:41:20.561Z,1623.48,,"$1,617.07","Amearea Premium Soft Fluffy Rug Modern Shag Carpet, 5' x 7', Fuzzy Plush Rugs for Living Room Bedroom Kids Room Home Decor, Nursery Non Slip Indoor Shaggy Carpets, White",https://www.amazon.com.mx/dp/B091NLHS16,https://www.amazon.com/dp/B091NLHS16,SRKSB LLC,
,B0DGX47CGX,5,Hogar y Cocina,disponible,no disponible,,,2025-10-19T03:39:34.135Z,2025-10-27T14:12:02.329Z,2025-10-28T21:41:29.465Z,1680.48,,"$1,858.77","Pinkpuii - Corona de pino norfolk grande de 24 pulgadas, coronas artificiales de Navidad para puerta delantera, corona de invierno verde perenne para interiores y exteriores, con conos de pino, bayas,",https://www.amazon.com.mx/dp/B0DGX47CGX,https://www.amazon.com/dp/B0DGX47CGX,SRKSB LLC,
,B0D939Y6HP,5,Hogar y Cocina,disponible,no disponible,,,2025-10-19T03:39:34.135Z,2025-10-27T14:12:09.728Z,2025-10-28T21:41:36.936Z,1291.45,,"$1,131.23","Alupssuc - Guirnalda de Navidad artificial de eucalipto de 6 pies, luces multicolores/funciona con pilas, guirnalda de imitación iluminada para manto, mesa, escaleras, barandilla, decoración de",https://www.amazon.com.mx/dp/B0D939Y6HP,https://www.amazon.com/dp/B0D939Y6HP,SRKSB LLC,
,B0D8XWY8TG,5,Hogar y Cocina,disponible,no disponible,,,2025-10-19T03:39:34.135Z,2025-10-27T14:12:16.905Z,2025-10-28T21:41:43.915Z,691.63,,$609.31,"Corona de pared para puerta de entrada, decoración de Acción de Gracias, calabaza, pavo, para puerta delantera, letrero de calabaza para otoño, otoño, cosecha, hogar, fiesta de Acción de Gracias,",https://www.amazon.com.mx/dp/B0D8XWY8TG,https://www.amazon.com/dp/B0D8XWY8TG,SRKSB LLC,
,B0D8VFVLF7,5,Hogar y Cocina,disponible,no disponible,,,2025-10-19T03:39:34.135Z,2025-10-27T14:12:25.270Z,2025-10-28T21:41:51.464Z,434,,$517.23,"2 gnomos de Navidad para decoración de tomte suecos con patas colgantes, hechos a mano con gnomos de renos de Navidad, adornos de elfo, figura escandinava, alce, Knomes de Santa para decoración del",https://www.amazon.com.mx/dp/B0D8VFVLF7,https://www.amazon.com/dp/B0D8VFVLF7,YueMei Store,
,B0D41V7YFP,5,Hogar y Cocina,disponible,no disponible,,,2025-10-19T03:39:34.136Z,2025-10-27T14:12:32.457Z,2025-10-28T21:41:59.918Z,556.98,,$537.83,"Regalos de simpatía para la pérdida de un ser querido, velas sin palabras, vela perfumada de lavanda natural, 9 onzas, obsequio pronto, regalo de pensar en ti, regalo de duelo para mujeres y hombres,",https://www.amazon.com.mx/dp/B0D41V7YFP,https://www.amazon.com/dp/B0D41V7YFP,SRKSB LLC,
,B0CDH1T731,5,Hogar y Cocina,disponible,no disponible,,,2025-10-19T03:39:34.136Z,2025-10-27T14:12:39.614Z,2025-10-28T21:42:07.970Z,598.62,,$605.37,"Decoración de puerta de zorro para mamá y bebé, adorable forma de zorro, escultura de esquina para puerta hecha a mano, decoración de madera, adorno creativo de madera para jardín, sala de estar, recámara, oficina (bebé + mamá)",https://www.amazon.com.mx/dp/B0CDH1T731,https://www.amazon.com/dp/B0CDH1T731,SRKSB LLC,
,B08Z7DCWXT,5,Hogar y Cocina,disponible,disponible,,,2025-10-19T03:39:34.136Z,2025-10-27T14:12:46.826Z,2025-10-28T21:42:16.040Z,445.8,9.99,$530.34,"Licpact Cartel de Metal para Mazda Mx-5 Miata Convertible Reservado Solo para Estacionar, Decoración de Pared, 20 cm x 30 cm, Retro Clásico",https://www.amazon.com.mx/dp/B08Z7DCWXT,https://www.amazon.com/dp/B08Z7DCWXT,Amazon Estados Unidos,yunnanjiangyikejiyouxiangongsi
,B0DCZKJYMR,5,Hogar y Cocina,disponible,disponible,,,2025-10-19T03:39:45.503Z,2025-10-27T14:12:55.075Z,2025-10-28T21:42:23.884Z,663.72,9.99,$666.50,"Juego de decoración de árbol de Navidad, 16 carteles colgantes de Navidad, adornos de Navidad para decoración interior del hogar.",https://www.amazon.com.mx/dp/B0DCZKJYMR,https://www.amazon.com/dp/B0DCZKJYMR,SRKSB LLC,PACKGOUT DIRECT
,B0DC6GPFZH,5,Hogar y Cocina,disponible,no disponible,,,2025-10-19T03:39:45.503Z,2025-10-27T14:13:01.961Z,2025-10-28T21:42:30.850Z,1119.79,,"$1,132.31","Viyelioc - Lámpara calentadora de velas, con temporizador y regulador, altura ajustable, con 2 bombillas, decoración de hogar, recámara, regalos de cumpleaños para mujeres y madres",https://www.amazon.com.mx/dp/B0DC6GPFZH,https://www.amazon.com/dp/B0DC6GPFZH,SRKSB LLC,
,B0DBV85CCB,5,Hogar y Cocina,disponible,disponible,,PRICE_AND_SELLER_NOT_FOUND,2025-10-19T03:39:45.503Z,2025-10-27T14:13:10.489Z,2025-10-28T21:42:39.363Z,,,$528.02,"Velas de otoño, decoración de otoño, decoraciones de otoño para el hogar, vela de especias de calabaza, velas perfumadas de otoño, regalos para mujeres, decoración de otoño, velas de soja de 9 onzas",https://www.amazon.com.mx/dp/B0DBV85CCB,https://www.amazon.com/dp/B0DBV85CCB,Marca: Friectavy,
,B0DBHJD9T4,5,Hogar y Cocina,disponible,disponible,,,2025-10-19T03:39:45.503Z,2025-10-27T14:13:17.589Z,2025-10-28T21:42:47.787Z,823.02,19.98,$885.90,"Decoraciones de Halloween, paquete de 3 manos espeluznantes montadas en la pared con velas LED, manos de pared de terror de tamaño real para decoración gótica de pared al aire última",https://www.amazon.com.mx/dp/B0DBHJD9T4,https://www.amazon.com/dp/B0DBHJD9T4,SRKSB LLC,HIMMEL-US
,B0D9VC8YY1,5,Hogar y Cocina,disponible,no disponible,,,2025-10-19T03:39:45.503Z,2025-10-27T14:13:31.205Z,2025-10-28T21:43:03.043Z,686.08,,$724.17,"CroBlissful - Cartel de madera para árbol de Navidad, decoración de Navidad, árbol de Navidad, centro de mesa, mesa no empotrado, decoración de mesa de Navidad con cuerda de cáñamo para fiestas de día",https://www.amazon.com.mx/dp/B0D9VC8YY1,https://www.amazon.com/dp/B0D9VC8YY1,SRKSB LLC,
,B0D9M5D7YV,5,Hogar y Cocina,disponible,no disponible,,,2025-10-19T03:39:45.507Z,2025-10-27T14:13:39.717Z,2025-10-28T21:43:12.096Z,831.12,,$781.32,"Cinnvoice - 240 abalorio de madera de Navidad con cordel de pan de jengibre, hombre muñeco de nieve, cascanueces, guirnalda de abalorio de madera, manualidades, abalorio redondas para fiestas de",https://www.amazon.com.mx/dp/B0D9M5D7YV,https://www.amazon.com/dp/B0D9M5D7YV,SRKSB LLC,
,B0D9JXJBMF,5,Hogar y Cocina,disponible,no disponible,,,2025-10-19T03:39:45.507Z,2025-10-27T14:13:47.254Z,2025-10-28T21:43:18.672Z,917.17,,$953.08,"Hucha para niñas y niños, grandes bancos de monedas electrónicos con protección mediante contraseña, caja automática de ahorro de papel y dinero, gran regalo para niños (púrpura-blanco)",https://www.amazon.com.mx/dp/B0D9JXJBMF,https://www.amazon.com/dp/B0D9JXJBMF,SRKSB LLC,
,B0D983SG85,5,Hogar y Cocina,disponible,disponible,,,2025-10-19T03:39:45.507Z,2025-10-27T14:13:55.444Z,2025-10-28T21:43:25.408Z,261.94,6.99,$517.11,"Decoraciones de Halloween para interiores y exteriores, clásico, espeluznantes, decoraciones de fiesta de Halloween para recámara, puerta, ventana, decoración de pared, letrero de metal divertido no",https://www.amazon.com.mx/dp/B0D983SG85,https://www.amazon.com/dp/B0D983SG85,muqiumx,Muqiu-US
,B0D8179M6P,5,Hogar y Cocina,disponible,no disponible,,,2025-10-19T03:39:45.507Z,2025-10-27T14:14:03.238Z,2025-10-28T21:43:33.602Z,652.47,,$634.51,"Decoración de pared de mariposa púrpura en 3D: juego de 6 calcomanías de pared con perlas para niñas, recámara, baby shower, boda, tarta, oficina, decoración de mariposas para baño, sala de estar",https://www.amazon.com.mx/dp/B0D8179M6P,https://www.amazon.com/dp/B0D8179M6P,SRKSB LLC,
,B0D8179HF9,5,Hogar y Cocina,disponible,no disponible,,,2025-10-19T03:39:45.508Z,2025-10-27T14:14:10.502Z,2025-10-28T21:43:41.626Z,760.79,,$553.35,"Riletese Recordatorios de salud mental, decoración artística de pared, afirmaciones positivas, psicología, sentimientos inspiradores, pedimentos de pared para trabajador social, oficina, aula,",https://www.amazon.com.mx/dp/B0D8179HF9,https://www.amazon.com/dp/B0D8179HF9,SRKSB LLC,
,B0D8171CKL,5,Hogar y Cocina,disponible,no disponible,,,2025-10-19T03:39:45.508Z,2025-10-27T14:14:17.661Z,2025-10-28T21:43:50.509Z,498.45,,$499.83,"YZEXEZY - Placa colgante para decoración de béisbol para habitación de niños, pequeño hombre, 6 x 12 pulgadas, decoración deportiva, para recámara, sala de juegos, sala de clase, cuarto de bebé,",https://www.amazon.com.mx/dp/B0D8171CKL,https://www.amazon.com/dp/B0D8171CKL,SRKSB LLC,
,B0D7MK9HLV,5,Hogar y Cocina,disponible,no disponible,,,2025-10-19T03:39:45.508Z,2025-10-27T14:14:24.791Z,2025-10-28T21:43:59.363Z,1065.8,,"$1,032.23","Cinnvoice - 3 piezas de Navidad de madera para decoración de mesa de centro de mesa, manualidades para computadora de granja, mesa de centro, chimenea, manto, estantería escalonada, estante de bandeja",https://www.amazon.com.mx/dp/B0D7MK9HLV,https://www.amazon.com/dp/B0D7MK9HLV,SRKSB LLC,
,B0D78SSQK8,5,Hogar y Cocina,disponible,no disponible,,,2025-10-19T03:39:45.508Z,2025-10-27T14:14:32.701Z,2025-10-28T21:44:06.206Z,1085.06,,"$1,151.55","Paquete de 2 decoraciones de otoño de árbol de arce Prelit de 24 pulgadas para el hogar con 48 luces LED que funcionan con pilas, temporizador iluminado de bellota de arce para oficina, decoración de",https://www.amazon.com.mx/dp/B0D78SSQK8,https://www.amazon.com/dp/B0D78SSQK8,SRKSB LLC,
,B0D78RVMF6,5,Hogar y Cocina,disponible,disponible,,,2025-10-19T03:39:45.508Z,2025-10-27T14:14:39.329Z,2025-10-28T21:44:13.736Z,1033.55,29.99,"$1,075.55","Paquete de 2 decoraciones de otoño de árbol de arce Prelit de 24 pulgadas para el hogar con 48 luces LED que funcionan con pilas, temporizador iluminado de bellota de arce para oficina, decoración de",https://www.amazon.com.mx/dp/B0D78RVMF6,https://www.amazon.com/dp/B0D78RVMF6,SRKSB LLC,XingMaydo
,B0D6RZFCLH,5,Hogar y Cocina,disponible,no disponible,,,2025-10-19T03:39:45.508Z,2025-10-27T14:14:46.943Z,2025-10-28T21:44:21.426Z,450.15,,$423.21,"Zyntrifugal St Joseph Estatua para vender casa Kit de estatua de San José con tarjeta de instrucción, color beige",https://www.amazon.com.mx/dp/B0D6RZFCLH,https://www.amazon.com/dp/B0D6RZFCLH,SRKSB LLC,
,B0D5XFLF3G,5,Hogar y Cocina,disponible,no disponible,,,2025-10-19T03:39:45.508Z,2025-10-27T14:14:53.753Z,2025-10-28T21:44:29.188Z,1572.42,,"$1,583.91","Yousoontic - Juego de 4 cajas de almacenamiento de madera y piel con tapa y candado, cajas de madera decorativas clásico para guardar joyas, mapas del mundo, decoración del hogar para niños,",https://www.amazon.com.mx/dp/B0D5XFLF3G,https://www.amazon.com/dp/B0D5XFLF3G,SRKSB LLC,
,B0D5RKGRNF,5,Hogar y Cocina,disponible,no disponible,,,2025-10-19T03:39:55.581Z,2025-10-27T14:15:01.832Z,2025-10-28T21:44:35.847Z,652.08,,$614.18,"Rutiyoka - Decoración de pared con mariposas para habitación de niñas, recámara de niñas, decoración de pared con arco iris, decoración de pared para habitación de niños, decoración de pared de",https://www.amazon.com.mx/dp/B0D5RKGRNF,https://www.amazon.com/dp/B0D5RKGRNF,SRKSB LLC,
,B0D59SCJZY,5,Hogar y Cocina,disponible,disponible,,PRICE_AND_SELLER_NOT_FOUND,2025-10-19T03:39:55.583Z,2025-10-27T14:15:10.121Z,2025-10-28T21:44:44.111Z,493.46,,$484.37,"PAADECK - Guirnalda de calabaza de madera para decoración de otoño para el hogar, Acción de Gracias, granja, calabazas, guirnalda de abalorio de madera, pancarta para chimenea, paredes de repisa",https://www.amazon.com.mx/dp/B0D59SCJZY,https://www.amazon.com/dp/B0D59SCJZY,SRKSB LLC,
,B0CP5NZGQ1,5,Hogar y Cocina,disponible,no disponible,,,2025-10-19T03:40:12.709Z,2025-10-27T14:15:18.569Z,2025-10-28T21:44:52.503Z,1227.1,,"$1,221.77","Larkvue - Cadena de luces LED de 96 pies para exteriores, impermeables, con 30+2 bombillas de plástico regulables, luces Edison clásico de 2700 K, color blanco",https://www.amazon.com.mx/dp/B0CP5NZGQ1,https://www.amazon.com/dp/B0CP5NZGQ1,SRKSB LLC,
,B0C3H9R1PH,5,Hogar y Cocina,disponible,disponible,,,2025-10-19T03:40:12.710Z,2025-10-27T14:15:26.042Z,2025-10-28T21:45:00.093Z,2050.93,65.54,"$2,179.32","SESIMENT Lámpara colgante industrial galvanizada en oro de 11.8 pulgadas, 2 unidades, accesorios colgantes mentales para isla de cocina, lámpara colgante de cúpula, accesorios de techo para",https://www.amazon.com.mx/dp/B0C3H9R1PH,https://www.amazon.com/dp/B0C3H9R1PH,SRKSB LLC,BMH LIGHTING
,B0DP7C3XK9,5,Hogar y Cocina,disponible,disponible,,,2025-10-19T03:40:12.710Z,2025-10-27T14:15:35.618Z,2025-10-28T21:45:08.137Z,1235.23,28.48,"$1,115.94","Lámpara de pie, lámpara LED ajustable en altura para sala de estar, lámpara de pie de temperatura de color regulable y personalizada con control remoto y táctil, lámpara de pie de lectura de cuello de",https://www.amazon.com.mx/dp/B0DP7C3XK9,https://www.amazon.com/dp/B0DP7C3XK9,SHOPHOLİC,FloorLamp_Shop
,B0CZNWMWFK,5,Hogar y Cocina,disponible,disponible,,,2025-10-19T03:40:12.710Z,2025-10-27T14:15:43.122Z,2025-10-28T21:45:15.987Z,960.88,25.19,$962.28,"FULEN - Juego de 2 luces de imagen que funcionan con pilas, recargables para pared, luces LED de pared inalámbricas para arte, pinturas, galería y diana, 3 temperaturas de color, control remoto, color",https://www.amazon.com.mx/dp/B0CZNWMWFK,https://www.amazon.com/dp/B0CZNWMWFK,Boon Shopping,CocoSelected
,B0D7Q8P4RJ,5,Hogar y Cocina,disponible,disponible,,,2025-10-19T03:40:12.710Z,2025-10-27T14:15:50.819Z,2025-10-28T21:45:24.583Z,1066.73,29.99,"$1,073.87","Betrihyes - Paquete de 6 decoraciones de fantasmas de Halloween para exteriores, decoración de fantasmas de tela espeluznante para regalos de fiesta de Halloween, luces solares de fantasma de",https://www.amazon.com.mx/dp/B0D7Q8P4RJ,https://www.amazon.com/dp/B0D7Q8P4RJ,SRKSB LLC,Betrihyes
,B0D7BWWVC7,5,Hogar y Cocina,disponible,no disponible,,,2025-10-19T03:40:12.710Z,2025-10-27T14:15:58.888Z,2025-10-28T21:45:31.926Z,2739.73,,"$2,761.95","LAMSU - Lámpara de pie de trípode bohemio para sala de estar, lámpara de pie de madera de ratán con pantallas de tela, lámpara de pie de mediados de siglo con estante, interruptor de pie, lámparas",https://www.amazon.com.mx/dp/B0D7BWWVC7,https://www.amazon.com/dp/B0D7BWWVC7,SRKSB LLC,
,B0C6MT8MMB,5,Hogar y Cocina,disponible,no disponible,,,2025-10-19T03:40:12.710Z,2025-10-27T14:16:12.684Z,2025-10-28T21:45:45.913Z,1841.31,,"$1,902.75","Arch - Lámparas de pie con control remoto, lámpara de pie regulable de 70 pulgadas, lámpara alta negra con visualización de metal colgante ajustable de 360°, lámparas de arco de pie con foco de 9 W,",https://www.amazon.com.mx/dp/B0C6MT8MMB,https://www.amazon.com/dp/B0C6MT8MMB,SRKSB LLC,
,B091DLFDL9,5,Hogar y Cocina,disponible,disponible,,,2025-10-19T03:40:12.710Z,2025-10-27T14:16:21.300Z,2025-10-28T21:45:54.031Z,503.23,9.99,$505.37,"Bombillas de cultivo, foco LED Briignite A19, foco de crecimiento de espectro completo, foco de luz de planta E26, foco de crecimiento de 11 W equivalente a 100 W, luz de crecimiento para plantas de",https://www.amazon.com.mx/dp/B091DLFDL9,https://www.amazon.com/dp/B091DLFDL9,SRKSB LLC,Briignite LED
,B086QSKL4J,5,Hogar y Cocina,disponible,no disponible,,,2025-10-19T03:40:12.711Z,2025-10-27T14:16:29.827Z,2025-10-28T21:46:03.494Z,1487.59,,"$1,483.97","Tresda - Luz de trabajo recargable COB de 100 W, luces LED inalámbricas de 7000 lm, luz de inundación portátil impermeable con soporte para acampar al aire última intervensión, senderismo, cochera,",https://www.amazon.com.mx/dp/B086QSKL4J,https://www.amazon.com/dp/B086QSKL4J,SRKSB LLC,
,B0CN2XLJWX,5,Hogar y Cocina,disponible,disponible,,,2025-10-19T03:40:12.711Z,2025-10-27T14:16:37.773Z,2025-10-28T21:46:10.612Z,532.07,9.49,$512.35,"LROLTEF - Luces de cocina para debajo del gabinete, sensor de movimiento, regulable, 21 cm, 1500 mAh, 6500 K, LED, bajo encimera, recargables, luces de noche para cocina, estantería, escaleras, clóset",https://www.amazon.com.mx/dp/B0CN2XLJWX,https://www.amazon.com/dp/B0CN2XLJWX,SRKSB LLC,Lroltef official Store
,B00D2ZGB7G,5,Hogar y Cocina,disponible,disponible,,,2025-10-19T03:40:12.711Z,2025-10-27T14:16:46.265Z,2025-10-28T21:46:18.319Z,636.21,14.98,$652.12,"Novelty Lights 25 Pack G40 Frosted White Outdoor Globe Bulbs, Light Bulbs Glass Incandescent Bulbs With 3000 Hour Lifespan, Globe String Lights Replacement Bulbs",https://www.amazon.com.mx/dp/B00D2ZGB7G,https://www.amazon.com/dp/B00D2ZGB7G,SRKSB LLC,"Novelty Lights, LLC"
,B0DKF8BS29,5,Hogar y Cocina,disponible,no disponible,,,2025-10-19T03:40:12.711Z,2025-10-27T14:16:53.071Z,2025-10-28T21:46:25.856Z,1322.52,,"$1,322.52","ALEPOD - Paquete de 8 luces solares de jardín con energía solar, impermeable, decoración de paisaje con tres modos de iluminación para patio, césped, pasarela, entrada, blanco cálido",https://www.amazon.com.mx/dp/B0DKF8BS29,https://www.amazon.com/dp/B0DKF8BS29,LCMY-W,
,B0DFCFQ341,5,Hogar y Cocina,disponible,disponible,,,2025-10-19T03:40:12.711Z,2025-10-27T14:17:02.222Z,2025-10-28T21:46:34.805Z,2447.44,75.99,"$2,555.69","libtit - Lámpara de techo LED de montaje empotrado de 12 pulgadas, 3000 K, 4000 K, 6500 K, ajustable, 28 W, 3200 lm, níquel cepillado satinado, lámpara de techo redonda para baño, ducha, pasillo,",https://www.amazon.com.mx/dp/B0DFCFQ341,https://www.amazon.com/dp/B0DFCFQ341,SRKSB LLC,libtit Lighting Direct
,B0BRCNT75K,5,Hogar y Cocina,disponible,disponible,,,2025-10-19T03:40:12.711Z,2025-10-27T14:17:10.741Z,2025-10-28T21:46:42.798Z,1058.71,30.99,"$1,106.51","Lámpara colgante de enchufe dorado, luces colgantes con cable de enchufe, mini luces colgantes de latón para isla de cocina, lámpara moderna con visualización de metal, lámparas colgantes para",https://www.amazon.com.mx/dp/B0BRCNT75K,https://www.amazon.com/dp/B0BRCNT75K,SRKSB LLC,DIJIAHUA LIGHTING
,B0CMG9CQB7,5,Hogar y Cocina,disponible,no disponible,,,2025-10-19T03:40:12.711Z,2025-10-27T14:17:18.805Z,2025-10-28T21:46:50.495Z,2023.24,,"$2,079.70","G-SAFAVA - Lámpara de pie de madera de 62 pulgadas para sala de estar, color dorado con interruptor de pie, lámparas altas para recámara, lámparas de pie de esquina modernas de mediados de siglo, para",https://www.amazon.com.mx/dp/B0CMG9CQB7,https://www.amazon.com/dp/B0CMG9CQB7,SRKSB LLC,
,B0C398JW1J,5,Hogar y Cocina,disponible,disponible,,,2025-10-19T03:40:12.711Z,2025-10-27T14:17:26.843Z,2025-10-28T21:46:59.073Z,1430.18,59.98,"$1,279.55","Luxster 2024 Punisher 40,000LM H7 Bombillas LED para faros, Chips TalonLED Ultra-Brillantes, 6000K Blanco Puro, Instalación Fácil Plug-N-Play, Resistente al agua IP68, Paquete de 2",https://www.amazon.com.mx/dp/B0C398JW1J,https://www.amazon.com/dp/B0C398JW1J,Daimond Direct,Luxster Direct
,B09V366BDY,5,Hogar y Cocina,disponible,disponible,,,2025-10-19T03:40:21.571Z,2025-10-27T14:17:34.900Z,2025-10-28T21:47:07.138Z,497.98,9.99,$513.43,"Ksipze Tira de luces LED de 100 pies RGB sincronización de música cambio de color, luces LED con control remoto de aplicación inteligente, luces LED para iluminación de dormitorio",https://www.amazon.com.mx/dp/B09V366BDY,https://www.amazon.com/dp/B09V366BDY,SRKSB LLC,Ksipze-US
,B0D145J3H9,5,Hogar y Cocina,disponible,no disponible,,,2025-10-19T03:40:21.571Z,2025-10-27T14:17:43.502Z,2025-10-28T21:47:15.324Z,820.55,,$761.93,"EIUIO Luces solares para exteriores, luces solares impermeables al aire última intervensión, luces solares para exteriores con encendido y apagado automático y 3 modos de iluminación, luces al aire",https://www.amazon.com.mx/dp/B0D145J3H9,https://www.amazon.com/dp/B0D145J3H9,SRKSB LLC,
,B0D3PRLJGQ,5,Hogar y Cocina,disponible,disponible,,,2025-10-19T03:40:21.572Z,2025-10-27T14:17:52.110Z,2025-10-28T21:47:23.914Z,1838.45,58.99,"$1,837.67","METHEDEECO - 2 pantallas colgantes de lino hechas a mano de 20 pulgadas, pantallas de tela plegables, linternas colgantes minimalistas beige y blancas para recámara, sala de estar, isla de cocina",https://www.amazon.com.mx/dp/B0D3PRLJGQ,https://www.amazon.com/dp/B0D3PRLJGQ,IY Network,METHEDEECO
,B0DMSYSVVT,5,Hogar y Cocina,disponible,disponible,,,2025-10-19T03:40:21.572Z,2025-10-27T14:18:00.177Z,2025-10-28T21:47:32.273Z,1443.16,46.99,"$1,492.16","Lampara Techo Recargable USB con Sensor de Movimiento 2 Piezas, 550LM Bateria 12000mAh IP54 Impermeable Plafon LED Techo con Pilas y Mando, Luz Techo Sin Cable y Sin Enchufe para Pasillo Baño Garaje",https://www.amazon.com.mx/dp/B0DMSYSVVT,https://www.amazon.com/dp/B0DMSYSVVT,Rendosa,Tedmos-US
,B0CMLS5XGT,5,Hogar y Cocina,disponible,disponible,,,2025-10-19T03:40:21.572Z,2025-10-27T14:18:08.702Z,2025-10-28T21:47:39.811Z,518.33,9.99,$498.35,"LYOOWNG - Cable de luz colgante enchufable, luces colgantes de granja con cable enchufable, cable de luz colgante de cuerda de cáñamo de 15 pies, kit de cable de luz colgante con interruptor de",https://www.amazon.com.mx/dp/B0CMLS5XGT,https://www.amazon.com/dp/B0CMLS5XGT,SRKSB LLC,LNYN
,B0D5DDR29L,5,Hogar y Cocina,disponible,disponible,,,2025-10-19T03:40:21.572Z,2025-10-27T14:18:17.455Z,2025-10-28T21:47:48.198Z,627.03,11.69,$668.24,"libtit - Lámpara de techo de 7 pulgadas de bronce aceitado, montaje empotrado, lámpara de techo de 15 W, 3000 K/4000 K/6500 K, accesorio de iluminación de techo redondo ultrafino para recámara,",https://www.amazon.com.mx/dp/B0D5DDR29L,https://www.amazon.com/dp/B0D5DDR29L,SRKSB LLC,libtit Lighting Direct
,B0CC1LB7GM,5,Hogar y Cocina,disponible,no disponible,,,2025-10-19T03:40:21.572Z,2025-10-27T14:18:25.684Z,2025-10-28T21:47:56.471Z,1270.6,,"$1,300.03","WEILAILUX - Lámpara de mesa para exteriores con pilas, impermeable, 4000 mAh, inalámbrica, recargable, lámpara de computadora táctil regulable, luz LED de noche para patio, camping, restaurante,",https://www.amazon.com.mx/dp/B0CC1LB7GM,https://www.amazon.com/dp/B0CC1LB7GM,Rendomin,
,B0B76DPKR8,5,Hogar y Cocina,disponible,disponible,,,2025-10-19T03:40:21.572Z,2025-10-27T14:18:34.047Z,2025-10-28T21:48:05.658Z,643.1,14.99,$639.89,"JOSU - Velas LED de té (24 unidades), velas sin llama, velas realistas que funcionan con pilas, velas parpadeantes brillantes con luz amarilla cálida para fiestas, bodas, día de San Valentín",https://www.amazon.com.mx/dp/B0B76DPKR8,https://www.amazon.com/dp/B0B76DPKR8,SRKSB LLC,cntorich
,B0B8NBFZTY,5,Hogar y Cocina,disponible,no disponible,,,2025-10-19T03:40:21.572Z,2025-10-27T14:18:42.836Z,2025-10-28T21:48:13.038Z,517.28,,$520.64,"merrynights - Velas LED, velas de té, funciona a granel, paquete de 24 velas de vela de larga duración de 200 horas sin llama, luces de té realistas para Halloween, Navidad, boda, 1.5 pulgadas de",https://www.amazon.com.mx/dp/B0B8NBFZTY,https://www.amazon.com/dp/B0B8NBFZTY,SRKSB LLC,
,B0DYVQ621G,5,Hogar y Cocina,disponible,no disponible,,,2025-10-19T03:40:21.572Z,2025-10-27T14:18:51.291Z,2025-10-28T21:48:21.242Z,697.18,,$643.79,"HEMONNKAM - Luz de lectura de libros, paquete de 2 luces recargables con clip, cuidado de los ojos, 3 temperaturas de color y 5 niveles de brillo, uso nocturno para cama, larga duración, lectura por",https://www.amazon.com.mx/dp/B0DYVQ621G,https://www.amazon.com/dp/B0DYVQ621G,SRKSB LLC,
,B01N6FLRLT,5,Hogar y Cocina,disponible,disponible,,,2025-10-19T03:40:21.572Z,2025-10-27T14:19:05.090Z,2025-10-28T21:48:35.128Z,834.22,22.99,$839.43,"110 V clásico bombillas, 4PCS 110V 40w T300, 4 PCS 40W T300",https://www.amazon.com.mx/dp/B01N6FLRLT,https://www.amazon.com/dp/B01N6FLRLT,SRKSB LLC,Bravelights
,B0D2VXXY3L,5,Hogar y Cocina,disponible,disponible,,,2025-10-19T03:40:21.573Z,2025-10-27T14:19:14.462Z,2025-10-28T21:48:43.589Z,594.48,12.34,$648.48,"Luz LED negra de 50 W IP66 impermeable, luz negra para exteriores con enchufe, interruptor + cable, luz hasta 22 x 22 pies, para neón que brilla en la oscuridad, pintura corporal para fiestas, póster",https://www.amazon.com.mx/dp/B0D2VXXY3L,https://www.amazon.com/dp/B0D2VXXY3L,SRKSB LLC,Onego US INC
,B0D6RJ6VRW,5,Hogar y Cocina,disponible,disponible,,,2025-10-19T03:40:21.573Z,2025-10-27T14:19:22.045Z,2025-10-28T21:48:51.233Z,420.64,5.99,$402.19,"TobeBright - foco de lava de 25 W, base S11 E17, 25 W, 120 V, para lámpara de lava de 14.5 pulgadas, bombillas regulables E17, paquete de 2 unidades",https://www.amazon.com.mx/dp/B0D6RJ6VRW,https://www.amazon.com/dp/B0D6RJ6VRW,SRKSB LLC,Winlux
,B0CFV14P9R,5,Hogar y Cocina,disponible,disponible,,,2025-10-19T03:40:21.573Z,2025-10-27T14:19:29.404Z,2025-10-28T21:48:58.351Z,775.23,18.99,$758.19,"COLWATT - Paquete de 20 bombillas de vela E12 de 40 W, color blanco cálido, 2500 K, 380 lúmenes, regulables, para ventilador de techo, colgantes o exteriores, CA10 bombillas transparentes",https://www.amazon.com.mx/dp/B0CFV14P9R,https://www.amazon.com/dp/B0CFV14P9R,SRKSB LLC,Colwatt
,B0CNVVPQXW,5,Hogar y Cocina,disponible,disponible,,,2025-10-19T03:40:21.573Z,2025-10-27T14:19:36.499Z,2025-10-28T21:49:07.217Z,1031.32,29.89,"$1,079.92","AHlove Freddy - Señales de neón para decoración de pared, luces LED de neón para recámara, cumpleaños, regalos de Navidad para niños, adaptador de corriente de 5 V, 12 x 13 pulgadas (blanco + naranja)",https://www.amazon.com.mx/dp/B0CNVVPQXW,https://www.amazon.com/dp/B0CNVVPQXW,Rendomin,BYCUSTOMER
,B093K6D3Y1,5,Hogar y Cocina,disponible,disponible,,,2025-10-19T03:40:21.573Z,2025-10-27T14:19:44.545Z,2025-10-28T21:49:14.556Z,644,23.99,$859.80,"JOIONE - Velas sin llama con temporizador remoto, paquete de 6 velas de cera real que funcionan con pilas, llama parpadeante, luz cálida, luces LED eléctricas falsas para fiestas de Navidad, bodas,",https://www.amazon.com.mx/dp/B093K6D3Y1,https://www.amazon.com/dp/B093K6D3Y1,BDQYQ,JOIONE Direct
,B0C17W3Q9B,5,Hogar y Cocina,disponible,no disponible,,,2025-10-19T03:40:35.961Z,2025-10-27T14:19:51.995Z,2025-10-28T21:49:23.190Z,711.97,,$759.37,"axolotl lamp,3.15 inch 3D K9 Crystal Ball Axolotl Night Light with Wooden Base,16 colors change,remote control,color box,Birthday Christmas axolotl Gift",https://www.amazon.com.mx/dp/B0C17W3Q9B,https://www.amazon.com/dp/B0C17W3Q9B,M&H Customer Friendly Store,
,B07WR75TT6,5,Hogar y Cocina,disponible,disponible,,,2025-10-19T03:40:35.961Z,2025-10-27T14:20:00.826Z,2025-10-28T21:49:31.832Z,528.01,14.99,$622.53,G9 LED Bulb 4W (40W Halogen Equivalent) 400 LM G9 Bi-pin Base LED Light Bulbs Warm White 3000K AC 120V 360° Beam Angle Non-dimmable for Home Lighting Under Cabinet (10 Pack),https://www.amazon.com.mx/dp/B07WR75TT6,https://www.amazon.com/dp/B07WR75TT6,Amazon Estados Unidos,Eco.Luma
,B09DGD7J39,5,Hogar y Cocina,disponible,disponible,,,2025-10-19T03:40:35.961Z,2025-10-27T14:20:08.295Z,2025-10-28T21:49:39.323Z,7414.67,259.89,"$7,882.74","AXILIXI - Lámpara de araña de vidrio contemporánea, 24 pulgadas, lámpara de techo de vidrio K9, lámpara de techo redonda de 5 niveles, color negro para entrada, comedor, escalera",https://www.amazon.com.mx/dp/B09DGD7J39,https://www.amazon.com/dp/B09DGD7J39,SELLTECH,A AXILIXI Lighting
,B0CKLZRL27,5,Hogar y Cocina,disponible,disponible,,,2025-10-19T03:40:35.961Z,2025-10-27T14:20:16.457Z,2025-10-28T21:49:46.327Z,1093.45,29.98,"$1,081.18","Zen Cigarette Tubes | Light | King Size | 5 Pack | 1250 Tubes | Premium Quality and Affordability - Includes LifeMods Bundle_AB, White",https://www.amazon.com.mx/dp/B0CKLZRL27,https://www.amazon.com/dp/B0CKLZRL27,SRKSB LLC,Modd3rzUnlimit3d
,B0D1VKCRHL,5,Hogar y Cocina,disponible,no disponible,,,2025-10-19T03:40:35.961Z,2025-10-27T14:20:23.630Z,2025-10-28T21:49:54.904Z,414.52,,$392.74,"HEMONNKAM - Luz de lectura de libros, recargable con clip, cuidado de los ojos, 3 temperaturas de color y 5 niveles de brillo, uso nocturno para cama, larga duración, lectura por la noche en la cama",https://www.amazon.com.mx/dp/B0D1VKCRHL,https://www.amazon.com/dp/B0D1VKCRHL,SRKSB LLC,
,B08M31MZ22,5,Hogar y Cocina,disponible,no disponible,,,2025-10-19T03:40:35.961Z,2025-10-27T14:20:30.217Z,2025-10-28T21:50:02.940Z,1519.84,,"$1,568.38","MWZ - Apliques de pared modernos negros para iluminación, paquete de 2 lámparas rústicas doradas, sencillez, acabado bronce, brazo oscilante, luces de pared industriales para recámara, sala de estar,",https://www.amazon.com.mx/dp/B08M31MZ22,https://www.amazon.com/dp/B08M31MZ22,SRKSB LLC,
,B0DCZN3W69,5,Hogar y Cocina,disponible,disponible,,,2025-10-19T03:40:35.962Z,2025-10-27T14:20:39.173Z,2025-10-28T21:50:09.631Z,2509.2,79.99,"$2,546.25","SAIWEYA - Juego de 2 lámparas de mesa de granja de 27.5 pulgadas, con puertos USB C+A y salida de CA, lámparas táctiles regulables de 3 vías para sala de estar, recámara, oficina, sala de estudio,",https://www.amazon.com.mx/dp/B0DCZN3W69,https://www.amazon.com/dp/B0DCZN3W69,SRKSB LLC,SAIWEYA
,B08F5G7SRQ,5,Hogar y Cocina,disponible,disponible,,,2025-10-19T03:40:35.962Z,2025-10-27T14:20:47.730Z,2025-10-28T21:50:17.123Z,439.86,12.98,$678.55,"Paquete de 100 tiras de luces LED de doble instalación, soportes de montaje autoadhesivos, solo se utilizan para ancho de 8 a 10 mm de altura < 2,8 mm de tira LED para interiores con 102 tornillos",https://www.amazon.com.mx/dp/B08F5G7SRQ,https://www.amazon.com/dp/B08F5G7SRQ,Amazon Estados Unidos,Threetwofour
,B0D57HKZJF,5,Hogar y Cocina,disponible,no disponible,,,2025-10-19T03:40:35.962Z,2025-10-27T14:20:54.865Z,2025-10-28T21:50:24.108Z,571.85,,$566.93,"GvvvooHome - Paquete de 15 bombillas LED regulables de repuesto S14, bombillas Edison clásico impermeables de 1 W para exteriores, patio, jardín, cadena de luces E26, base de tornillo mediano regular,",https://www.amazon.com.mx/dp/B0D57HKZJF,https://www.amazon.com/dp/B0D57HKZJF,SRKSB LLC,
,B0BDL1K1QQ,5,Hogar y Cocina,disponible,disponible,,,2025-10-19T03:40:35.962Z,2025-10-27T14:21:02.844Z,2025-10-28T21:50:31.078Z,1235.77,31.99,"$1,242.68","Qaubauyt - Lámpara de pie LED inteligente con control de aplicación y colores RGB, lámpara de pie regulable para sala de estar, recámara, juegos, control remoto, temporizador, foco de 9 W incluida",https://www.amazon.com.mx/dp/B0BDL1K1QQ,https://www.amazon.com/dp/B0BDL1K1QQ,Boon Shopping,Qaubauyt-Light
,B0B3XJTQ3T,5,Hogar y Cocina,disponible,disponible,,,2025-10-19T03:40:35.962Z,2025-10-27T14:21:11.590Z,2025-10-28T21:50:40.075Z,969.09,26.99,$942.03,"VIODAIM - Velas solares para exteriores, resistentes al agua: pilar parpadeante sin llama, juego de 3 luces de sensor recargables de anochecer a amanecer, 3 x 4/5/6 pulgadas, color blanco",https://www.amazon.com.mx/dp/B0B3XJTQ3T,https://www.amazon.com/dp/B0B3XJTQ3T,SRKSB LLC,VIODAIM
,B0C9TXVN77,5,Hogar y Cocina,disponible,no disponible,,,2025-10-19T03:40:35.962Z,2025-10-27T14:21:19.604Z,2025-10-28T21:50:47.587Z,2486.39,,"$2,561.79","TYBEEU Palmera iluminada de 5 pies, 136 luces LED con cocos brillantes, regulable, certificado UL, impermeable, ideal para decoración de interiores y exteriores",https://www.amazon.com.mx/dp/B0C9TXVN77,https://www.amazon.com/dp/B0C9TXVN77,SRKSB LLC,
,B0C4XCH6GK,5,Hogar y Cocina,disponible,disponible,,,2025-10-19T03:40:35.962Z,2025-10-27T14:21:27.883Z,2025-10-28T21:50:55.306Z,511.84,7.99,$515.13,"CYLYT - foco LED A19 equivalente a 60 W, luz diurna blanca 5000 K, 9 W, bombillas de ahorro de energía, Focos LED para Casa, base estándar E26 para cocina, recámara, interior y exterior, 800 lúmenes,",https://www.amazon.com.mx/dp/B0C4XCH6GK,https://www.amazon.com/dp/B0C4XCH6GK,SRKSB LLC,CYLYT
,B0BVLM8W6V,5,Hogar y Cocina,disponible,no disponible,,,2025-10-19T03:40:35.962Z,2025-10-27T14:21:35.469Z,2025-10-28T21:51:03.732Z,1222.09,,"$1,253.64","AUGE LIGHT - Lámpara minimalista inalámbrica para escritorio, con luces LED recargables, moderna, regulable, con 3 niveles, para juegos, oficina en casa, recámara, sala, cocina, bar, restaurante",https://www.amazon.com.mx/dp/B0BVLM8W6V,https://www.amazon.com/dp/B0BVLM8W6V,Amazon Estados Unidos,
,B07GB5H7X8,5,Hogar y Cocina,disponible,disponible,,,2025-10-19T03:40:35.963Z,2025-10-27T14:21:50.867Z,2025-10-28T21:51:17.873Z,616.26,12.88,$605.07,"Paquete de 10 bombillas de repuesto para cadena de luces para exteriores, ST40 bombillas Edison transparentes, base de tornillo E17 de 7 vatios para bombillas de repuesto para luces de cadena al aire",https://www.amazon.com.mx/dp/B07GB5H7X8,https://www.amazon.com/dp/B07GB5H7X8,SRKSB LLC,Boutiquewindow
,B0BHQV57NL,5,Hogar y Cocina,disponible,disponible,,,2025-10-19T03:40:35.963Z,2025-10-27T14:21:58.370Z,2025-10-28T21:51:25.992Z,742.9,19.02,$891.02,"Flumy - Luces solares de jardín, 128 luces LED de luciérnaga oscilantes blancas cálidas, impermeables, paquete de 4 para patio y camino",https://www.amazon.com.mx/dp/B0BHQV57NL,https://www.amazon.com/dp/B0BHQV57NL,SRKSB LLC,Flumy-US
,B09Y8G3N5Q,5,Hogar y Cocina,disponible,disponible,,,2025-10-19T03:40:46.883Z,2025-10-27T14:22:05.894Z,2025-10-28T21:51:34.869Z,1312.64,42.99,"$1,140.41","SUNREI - Luz de trabajo magnética recargable con LED, banco de energía de 180°, 1500 lúmenes, 6 modos, magnético y gancho, batería de 13500 mAh, linterna magnética para camping, reparación de",https://www.amazon.com.mx/dp/B09Y8G3N5Q,https://www.amazon.com/dp/B09Y8G3N5Q,SRKSB LLC,Official SUNREI
,B07XJHND3T,5,Hogar y Cocina,disponible,disponible,,,2025-10-19T03:40:46.883Z,2025-10-27T14:22:14.164Z,2025-10-28T21:51:42.764Z,672.59,24.99,$932.87,"Luces solares para exteriores [6 unidades/3 modos], luces solares de seguridad con sensor de movimiento solar, luces impermeables para exteriores, para jardín, valla de patio, cochera",https://www.amazon.com.mx/dp/B07XJHND3T,https://www.amazon.com/dp/B07XJHND3T,Amazon Estados Unidos,SEZAC Store
,B0C7YW96D1,5,Hogar y Cocina,disponible,no disponible,,,2025-10-19T03:40:46.883Z,2025-10-27T14:22:21.724Z,2025-10-28T21:51:50.719Z,517.45,,$503.58,"UNILAMP - Bombillas LED azules equivalentes a 9 W, 60 W, foco azul E26 para exteriores, bombillas de color azul para fiestas decorativas para día festivo, día de Acción de Gracias, Navidad, Halloween, paquete de 4",https://www.amazon.com.mx/dp/B0C7YW96D1,https://www.amazon.com/dp/B0C7YW96D1,SRKSB LLC,
,B0D793X21H,5,Hogar y Cocina,disponible,disponible,,,2025-10-19T03:40:46.883Z,2025-10-27T14:22:29.348Z,2025-10-28T21:51:59.157Z,613.39,12.99,$616.48,"SILFU - Tira de luces de neón RGB de 19.68 pies, impermeable, IP67, diseño de bricolaje, sincronización de música, control remoto de 24 teclas, múltiples modos, para sala de estar, recámara",https://www.amazon.com.mx/dp/B0D793X21H,https://www.amazon.com/dp/B0D793X21H,SRKSB LLC,BINBINMG
,B07TW7DZQZ,5,Hogar y Cocina,disponible,disponible,,,2025-10-19T03:40:46.883Z,2025-10-27T14:22:36.986Z,2025-10-28T21:52:08.300Z,1333.47,39.9,"$1,339.35","Luces solares con sensor de movimiento para exteriores 1400 lúmenes, 9 vatios (110 W equivalente) Foco solar de aluminio para seguridad de inundación para jardín, entrada, garajes, puertas, cubiertas y porches, 2 años de garantía 100% gratuita (blanco, 2 unidades)",https://www.amazon.com.mx/dp/B07TW7DZQZ,https://www.amazon.com/dp/B07TW7DZQZ,Boon Shopping,amaqua solar motion light
,B01N2STTN7,5,Hogar y Cocina,disponible,disponible,,,2025-10-19T03:40:46.884Z,2025-10-27T14:22:45.125Z,2025-10-28T21:52:15.629Z,576.26,13.99,$623.08,"110 V clásico bombillas, 4PCS 110V 40w ST64, 4 PCS 40W ST64",https://www.amazon.com.mx/dp/B01N2STTN7,https://www.amazon.com/dp/B01N2STTN7,M&H Customer Friendly Store,Bravelights
,B00TXGCWBC,5,Hogar y Cocina,disponible,disponible,,,2025-10-19T03:40:46.884Z,2025-10-27T14:22:52.412Z,2025-10-28T21:52:23.128Z,679.25,16.99,$673.90,(Paquete de 6) 25-watt T10 clara Base de incandescente Medium (E26) 120-volt Tubular foco,https://www.amazon.com.mx/dp/B00TXGCWBC,https://www.amazon.com/dp/B00TXGCWBC,SRKSB LLC,Taliez
,B0D3DDY1YT,5,Hogar y Cocina,disponible,no disponible,,,2025-10-19T03:40:46.884Z,2025-10-27T14:23:01.139Z,2025-10-28T21:52:31.791Z,555.74,,$515.13,"Guirnalda de luces solares para exteriores, color morado y naranja, paquete de 2 unidades en total, 200 LED de 66 pies, alimentadas por energía solar, luces decorativas de Halloween, 8 modos de",https://www.amazon.com.mx/dp/B0D3DDY1YT,https://www.amazon.com/dp/B0D3DDY1YT,SRKSB LLC,
,B0CZJ75627,5,Hogar y Cocina,disponible,disponible,,,2025-10-19T03:40:46.884Z,2025-10-27T14:23:09.080Z,2025-10-28T21:52:40.257Z,497.98,9.99,$515.31,"ANGSYLTH - 2 fundas de luz fluorescente - 4 x 2 pies para luces de techo, filtros de luz magnéticos para aula, oficina, hospitales, hogar",https://www.amazon.com.mx/dp/B0CZJ75627,https://www.amazon.com/dp/B0CZJ75627,SRKSB LLC,pujiangxianxinbangyouxiangongsi
,B09BK4T3QX,5,Hogar y Cocina,disponible,no disponible,,,2025-10-19T03:40:46.884Z,2025-10-27T14:23:16.160Z,2025-10-28T21:52:49.027Z,2691.5,,"$2,709.60","Lámpara de comedor para casa de campo, luces colgantes para isla de cocina, lámparas rústicas, 4 luces de madera y metal negro, lámpara de araña rectangular para colgar en el techo, 35.4 pulgadas",https://www.amazon.com.mx/dp/B09BK4T3QX,https://www.amazon.com/dp/B09BK4T3QX,SRKSB LLC,
,B0D9B57C3Y,5,Hogar y Cocina,disponible,disponible,,,2025-10-19T03:40:46.884Z,2025-10-27T14:23:24.268Z,2025-10-28T21:52:58.233Z,3493.34,117.99,"$3,517.37","Kveosv - Lámpara de araña negra dorada moderna para comedor, 4 luces, iluminación de isla de cocina, colgante para lámparas lineales de granja de mediados de siglo con visualización de globo de vidrio",https://www.amazon.com.mx/dp/B0D9B57C3Y,https://www.amazon.com/dp/B0D9B57C3Y,SRKSB LLC,zhiyik
,B0CKP571B6,5,Hogar y Cocina,disponible,no disponible,,,2025-10-19T03:40:46.884Z,2025-10-27T14:23:32.093Z,2025-10-28T21:53:05.006Z,2777.96,,"$2,796.70","JARBIH - Paquete de 5 perfiles LED de aluminio para decoración de pared de techo, 1 m, 6 x 6 cm, línea de tira de esquina superior, lámpara luminosa sin techo, canal interno lineal para sala de estar",https://www.amazon.com.mx/dp/B0CKP571B6,https://www.amazon.com/dp/B0CKP571B6,SRKSB LLC,
,B004SBPDFY,5,Hogar y Cocina,disponible,disponible,,,2025-10-19T03:40:46.884Z,2025-10-27T14:23:41.102Z,2025-10-28T21:53:13.573Z,809.01,18.63,$766.99,"Novelty Lights 25 Pack G50 Outdoor Patio Globe Replacement Bulbs, Orange, E17/C9 Intermediate Base, 7 Watt",https://www.amazon.com.mx/dp/B004SBPDFY,https://www.amazon.com/dp/B004SBPDFY,SRKSB LLC,"Novelty Lights, LLC"
,B09JMHF8QZ,5,Hogar y Cocina,disponible,disponible,,,2025-10-19T03:40:46.885Z,2025-10-27T14:23:49.465Z,2025-10-28T21:53:20.680Z,2650.06,109.98,"$3,773.68","Qgiytp - Lámpara de techo de 8 luces Sputnik con forma de globo de vidrio mate negro y dorado de mediados de siglo, moderna lámpara de techo ajustable clásico colgante para comedor, cocina, recámara,",https://www.amazon.com.mx/dp/B09JMHF8QZ,https://www.amazon.com/dp/B09JMHF8QZ,Amazon Estados Unidos,Qgiytp
,B0BC74BPZP,5,Hogar y Cocina,disponible,disponible,,,2025-10-19T03:40:46.885Z,2025-10-27T14:23:56.621Z,2025-10-28T21:53:29.464Z,924.63,23.99,$881.99,"JSKNB - Foco de 100000 lúmenes, 6 modos LED recargable como se ve en la televisión con trípode, filtros de color, luces solares superbrillantes para exteriores, de mano para caza, navegación, camping",https://www.amazon.com.mx/dp/B0BC74BPZP,https://www.amazon.com/dp/B0BC74BPZP,SRKSB LLC,jsk-Store
,B0C7YXJBTX,5,Hogar y Cocina,disponible,no disponible,,,2025-10-19T03:40:46.885Z,2025-10-27T14:24:03.069Z,2025-10-28T21:53:37.662Z,573.09,,$560.13,"UNILAMP - Bombillas LED amarillas, A19, equivalente a 9 W, 60 W, bombillas amarillas para exteriores, base E26 para porche, decoración de fiestas, no regulable, paquete de 4",https://www.amazon.com.mx/dp/B0C7YXJBTX,https://www.amazon.com/dp/B0C7YXJBTX,SRKSB LLC,
,B08L1LFCSH,5,Hogar y Cocina,disponible,disponible,,,2025-10-19T03:40:57.427Z,2025-10-27T14:24:10.014Z,2025-10-28T21:53:46.087Z,1377.98,39.99,"$1,381.01","BEULT - Luz LED UFO de alta bahía de 100 W, 15000 lm, 5000 K, IP65, aprobado por UL, cable de 5 pies, con enchufe de EE. UU. Alternativa a 400 W MH/HPS ampliamente utilizado para almacén, tienda,",https://www.amazon.com.mx/dp/B08L1LFCSH,https://www.amazon.com/dp/B08L1LFCSH,SRKSB LLC,U.Light
,B07J55ZD89,5,Hogar y Cocina,disponible,disponible,,,2025-10-19T03:40:57.427Z,2025-10-27T14:24:18.112Z,2025-10-28T21:53:55.155Z,628.45,13.99,$598.79,GOOTHY -10 Red/Yellow Flame Bulb Christmas Light Bulbs(Plus 2 Extra Bulbs)-7 watts /120 volts/E12 Base (10 Pack),https://www.amazon.com.mx/dp/B07J55ZD89,https://www.amazon.com/dp/B07J55ZD89,Boon Shopping,Goothy
,B0DFZ1ZHFL,5,Hogar y Cocina,disponible,no disponible,,,2025-10-19T03:40:57.427Z,2025-10-27T14:24:32.098Z,2025-10-28T21:54:09.962Z,951.3,,$956.55,"Winawing - Lámpara de mesita de noche con base en madera con botón de impresión 3D, mesa de control USB, lámpara LED regulable, lámpara de mesita de noche con visualización PLA para recámara, sala de",https://www.amazon.com.mx/dp/B0DFZ1ZHFL,https://www.amazon.com/dp/B0DFZ1ZHFL,SEONGSAN,
,B0CGX25HTX,5,Hogar y Cocina,disponible,no disponible,,,2025-10-19T03:40:57.427Z,2025-10-27T14:24:39.883Z,2025-10-28T21:54:17.316Z,1311.84,,"$1,331.90","HBGFHG - Luces LED de pared magnéticas giratorias de 360° que funcionan con pilas, recargables por USB, regulables, luz nocturna LED para luces de lectura, luz de maquillaje e iluminación doméstica",https://www.amazon.com.mx/dp/B0CGX25HTX,https://www.amazon.com/dp/B0CGX25HTX,SEONGSAN,
,B09J13G37L,5,Hogar y Cocina,disponible,disponible,,,2025-10-19T03:40:57.427Z,2025-10-27T14:24:46.668Z,2025-10-28T21:54:25.039Z,1136.75,31.99,"$1,101.46","BLNAN - Lámpara de techo LED regulable con mando a distancia, 12 pulgadas, 24 W, 3000K-6500 K, color de luz ajustable, moderna lámpara de techo ultrafina para recámara, cocina, con cable",https://www.amazon.com.mx/dp/B09J13G37L,https://www.amazon.com/dp/B09J13G37L,HNEN,AOLI.
,B09W2BNWBF,5,Hogar y Cocina,disponible,disponible,,,2025-10-19T03:40:57.427Z,2025-10-27T14:24:55.909Z,2025-10-28T21:54:32.331Z,1394.49,37.99,"$1,362.95","Dekang - Lámpara de tocador de baño con níquel cepillado, moderna lámpara de pared de 2 luces para dormitorio, sala de estar, pasillo, decoración de pantallas de cristal blanco, base estándar E26, bombillas no incluidas",https://www.amazon.com.mx/dp/B09W2BNWBF,https://www.amazon.com/dp/B09W2BNWBF,SRKSB LLC,Delianbang
,B0D3TCXHX8,5,Hogar y Cocina,disponible,disponible,,,2025-10-19T03:40:57.427Z,2025-10-27T14:25:03.900Z,2025-10-28T21:54:41.555Z,1101.58,35.99,"$1,275.67","Señal de neón de pesca, luz de neón regulable, para decoración de pared, luces LED alimentadas por USB, gancho de pesca para tienda de equipos de pesca, yate, hombre, cueva, sala de estar, regalos",https://www.amazon.com.mx/dp/B0D3TCXHX8,https://www.amazon.com/dp/B0D3TCXHX8,Amazon Estados Unidos,Changlong-
,B0DGLBDPZQ,5,Hogar y Cocina,disponible,no disponible,,,2025-10-19T03:40:57.428Z,2025-10-27T14:25:11.812Z,2025-10-28T21:54:50.496Z,2197.51,,"$2,237.15","UFO - Luz LED de alta bahía, 150 W, 120 W, 90 W, ajustable, 4500 K/5000 K/5700 K, luz LED de alta bahía con cable de 5 pies, lista ETL/DLC, AC100-277 V, iluminación comercial impermeable IP65 para",https://www.amazon.com.mx/dp/B0DGLBDPZQ,https://www.amazon.com/dp/B0DGLBDPZQ,SRKSB LLC,
,B0CDLTDYZQ,5,Hogar y Cocina,disponible,no disponible,,,2025-10-19T03:40:57.428Z,2025-10-27T14:25:20.299Z,2025-10-28T21:54:59.038Z,1022.78,,"$1,022.41","Fenmzee - Lámpara de mesa de recámara con tacto blanco – Lámpara de noche regulable de 3 vías, puertos de carga USB C A y salida de CA, mesita de noche pequeña con base plateada para sala de estar,",https://www.amazon.com.mx/dp/B0CDLTDYZQ,https://www.amazon.com/dp/B0CDLTDYZQ,SRKSB LLC,
,B0C2CFVWXZ,5,Hogar y Cocina,disponible,disponible,,,2025-10-19T03:40:57.428Z,2025-10-27T14:25:27.984Z,2025-10-28T21:55:06.236Z,651.99,24.99,$884.39,"Lámpara LED INVOVNI Linkable Tri-Proof, IP66 Impermeable con 5000K para Tienda Exterior, Garaje, Lavado de Autos y Armario - Luminaria LED Estanca de 60cm/18W, Incluye Enchufe y Interruptor, SF-18W",https://www.amazon.com.mx/dp/B0C2CFVWXZ,https://www.amazon.com/dp/B0C2CFVWXZ,Amazon Estados Unidos,INVOVNI
,B0DHDCQV6X,5,Hogar y Cocina,disponible,no disponible,,,2025-10-19T03:40:57.428Z,2025-10-27T14:25:35.807Z,2025-10-28T21:55:14.104Z,2163.27,,"$1,972.09","Juego de dos apliques de pared inalámbricos clásico que funcionan con pilas, luces de pared doradas recargables, visualización de vidrio de tulipán ámbar con iluminación de pared regulable a distancia",https://www.amazon.com.mx/dp/B0DHDCQV6X,https://www.amazon.com/dp/B0DHDCQV6X,SRKSB LLC,
,B0CLVGCVXL,5,Hogar y Cocina,disponible,no disponible,,,2025-10-19T03:40:57.428Z,2025-10-27T14:25:43.453Z,2025-10-28T21:55:21.360Z,1260.54,,"$1,259.17","G-SAFAVA - Lámpara de mesa pequeña de 14.2 pulgadas para sala de estar, casa de campo, mesita de noche de resina con forma de búho dorado para recámara, lámpara de mesita de noche rústica retro",https://www.amazon.com.mx/dp/B0CLVGCVXL,https://www.amazon.com/dp/B0CLVGCVXL,SRKSB LLC,
,B09XTC43HP,5,Hogar y Cocina,disponible,disponible,,,2025-10-19T03:40:57.428Z,2025-10-27T14:25:51.504Z,2025-10-28T21:55:30.494Z,6622.65,229.99,"$7,027.34","A AXILIXI - Candelabros redondos modernos de 24 pulgadas, regulables, 12 luces, lámparas colgantes de techo, 5 niveles, gotas de lluvia de lujo para sala de estar, comedor, recámara, vestíbulo",https://www.amazon.com.mx/dp/B09XTC43HP,https://www.amazon.com/dp/B09XTC43HP,SELLTECH,A AXILIXI Lighting
,B0DCG9HF2N,5,Hogar y Cocina,disponible,disponible,,,2025-10-19T03:40:57.428Z,2025-10-27T14:25:59.898Z,2025-10-28T21:55:38.683Z,1488.31,45.99,"$1,496.61","ECO-WILL Barra de luz LED moderna de cambiador de baño de 23.6 pulgadas, accesorio de iluminación de espejo negro de 15 W, lámpara LED regulable de 330 °, lámpara LED regulable de 6000 K, iluminación",https://www.amazon.com.mx/dp/B0DCG9HF2N,https://www.amazon.com/dp/B0DCG9HF2N,SRKSB LLC,ECOWILL-US
,B0DJ6KZ7FQ,5,Hogar y Cocina,disponible,no disponible,,,2025-10-19T03:40:57.428Z,2025-10-27T14:26:07.304Z,2025-10-28T21:55:46.274Z,1599.29,,"$1,613.84","JingleChoo - Lámpara de pie de arco RGB con 3 temperaturas de color, lámpara de pie estilo bohemio de ratán regulable, aplicación y control remoto, moderna lámpara alta para leer, sala de estar,",https://www.amazon.com.mx/dp/B0DJ6KZ7FQ,https://www.amazon.com/dp/B0DJ6KZ7FQ,SRKSB LLC,
,B0DG2WHC68,5,Hogar y Cocina,disponible,disponible,,,2025-10-19T03:40:57.429Z,2025-10-27T14:26:14.968Z,2025-10-28T21:55:54.785Z,2535.28,79.99,"$2,576.66","SAIWEYA - Juego de 2 lámparas de mesa de granja de 27.5 pulgadas, lámpara de noche regulable de 3 vías con 2 salidas USB + CA para mesita de noche, lámparas de tacto rústico clásico (negro antiguo)",https://www.amazon.com.mx/dp/B0DG2WHC68,https://www.amazon.com/dp/B0DG2WHC68,SRKSB LLC,SAIWEYA
,B0DCN8GH69,5,Hogar y Cocina,disponible,no disponible,,,2025-10-19T03:41:10.868Z,2025-10-27T14:26:22.847Z,2025-10-28T21:56:01.821Z,2126.05,,"$2,126.05","Lámpara de techo rústica de madera de granja de 3 luces, montaje empotrado, de madera de roble, tambor redondo, semirempotrado, para pasillo, entrada, recámara, casa de campo, interior, color negro",https://www.amazon.com.mx/dp/B0DCN8GH69,https://www.amazon.com/dp/B0DCN8GH69,SRKSB LLC,
,B0D5383HQZ,5,Hogar y Cocina,disponible,disponible,,,2025-10-19T03:41:10.868Z,2025-10-27T14:26:31.163Z,2025-10-28T21:56:09.245Z,812.19,17.09,$816.41,"Okayera - Linda luz nocturna Capybara, lámpara LED de silicona para animales con temporizador recargable USB portátil, regulable, perfecto para cumpleaños, Navidad, Pascua, mejor decoración del",https://www.amazon.com.mx/dp/B0D5383HQZ,https://www.amazon.com/dp/B0D5383HQZ,SRKSB LLC,Okayera US
,B0DC445QHW,5,Hogar y Cocina,disponible,disponible,,,2025-10-19T03:41:10.869Z,2025-10-27T14:26:39.365Z,2025-10-28T21:56:16.034Z,438.21,5.99,$434.51,"KOHEOPT GU10 - foco halógena de 120 V, 25 W, 2 calentadores de velas, reemplazo regulable de 2700 K, para calentadores de velas, quemadores de cera, bombillas de campana, luz blanca cálida",https://www.amazon.com.mx/dp/B0DC445QHW,https://www.amazon.com/dp/B0DC445QHW,SRKSB LLC,DREAM-X1
,B0989SHGHS,5,Hogar y Cocina,disponible,no disponible,,,2025-10-19T03:41:10.869Z,2025-10-27T14:26:47.667Z,2025-10-28T21:56:23.221Z,2159.67,,"$2,131.88",Elyccupa Lámpara de araña de cuentas de madera con,https://www.amazon.com.mx/dp/B0989SHGHS,https://www.amazon.com/dp/B0989SHGHS,SRKSB LLC,
,B0C8CX9DCZ,5,Hogar y Cocina,disponible,disponible,,,2025-10-19T03:41:10.869Z,2025-10-27T14:26:56.168Z,2025-10-28T21:56:30.785Z,820.36,24.99,$858.31,"Aaleds - Luces para interiores de caravana, 12 voltios, 1000 lúmenes, luces para caravana, 8 W, accesorios interiores para caravana, 12 V, luz de cúpula de techo para caravana, remolque, barco, coche (blanco natural, 2 unidades)",https://www.amazon.com.mx/dp/B0C8CX9DCZ,https://www.amazon.com/dp/B0C8CX9DCZ,BELGUCAN Global,HongDirect
,B0DCZFDH3X,5,Hogar y Cocina,disponible,disponible,,,2025-10-19T03:41:10.869Z,2025-10-27T14:27:04.070Z,2025-10-28T21:56:39.141Z,681.87,11.99,$678.98,"Paquete de 2 luces solares de Navidad al aire última intervensión, impermeables, 2 modos de luces LED solares de colores para árboles de Navidad, encendido y apagado automático, decoración de Navidad",https://www.amazon.com.mx/dp/B0DCZFDH3X,https://www.amazon.com/dp/B0DCZFDH3X,SRKSB LLC,YoreZcopAMZ
,B09VBWMDHP,5,Hogar y Cocina,disponible,disponible,,,2025-10-19T03:41:10.869Z,2025-10-27T14:27:18.752Z,2025-10-28T21:56:53.809Z,1041.5,29.99,"$1,047.39","Lámpara de techo cuadrada de 24 W de 12 pulgadas, muy fina, 5000 K, luz blanca de día, panel plano, moderna, 3200 lúmenes, para baño, cocina, pasillo, escalera, sala de estar",https://www.amazon.com.mx/dp/B09VBWMDHP,https://www.amazon.com/dp/B09VBWMDHP,SEONGSAN,GlistenFind
,B0DDJK8LSJ,5,Hogar y Cocina,disponible,disponible,,,2025-10-19T03:41:10.869Z,2025-10-27T14:27:27.446Z,2025-10-28T21:57:02.785Z,497.98,9.99,$548.77,"Lilampts - Lámpara de noche de calabaza, linda decoración de calabaza, lámpara de noche de silicona con 3 niveles regulables, luz de noche de Halloween, luz nocturna de cuarto de bebé, luz táctil de",https://www.amazon.com.mx/dp/B0DDJK8LSJ,https://www.amazon.com/dp/B0DDJK8LSJ,SRKSB LLC,Volights
,B0DBCQJFLS,5,Hogar y Cocina,disponible,disponible,,,2025-10-19T03:41:10.869Z,2025-10-27T14:27:35.272Z,2025-10-28T21:57:11.096Z,696.59,15.99,$673.90,"FFZZKJ - Paquete de 2 luces de Halloween en total, 100 luces LED de 33 pies, impermeables, funciona con pilas, 8 modos de decoración de Halloween para decoración de interiores y exteriores (morado y",https://www.amazon.com.mx/dp/B0DBCQJFLS,https://www.amazon.com/dp/B0DBCQJFLS,FAVORİ STORE,FZ.Store
,B0D9NJ15FS,5,Hogar y Cocina,disponible,disponible,,,2025-10-19T03:41:10.869Z,2025-10-27T14:27:42.847Z,2025-10-28T21:57:19.176Z,930.31,25.99,"$1,101.38","MOSSNDAR - Proyector decorativo de 64 patrones HD con control remoto RF, proyector de lámpara de paisaje impermeable para jardín, patio, día de la independencia, fiesta de cumpleaños, decoración de",https://www.amazon.com.mx/dp/B0D9NJ15FS,https://www.amazon.com/dp/B0D9NJ15FS,SRKSB LLC,Forde US
,B0D8B8FV9P,5,Hogar y Cocina,disponible,disponible,,,2025-10-19T03:41:10.870Z,2025-10-27T14:27:50.220Z,2025-10-28T21:57:27.674Z,515.14,6.99,$436.85,"GANZQH - Luces LED de 20 pies para TV, retroiluminación LED para TV de 32 a 80 pulgadas, tira de luz LED USB con control remoto, control de aplicación, tira de luces LED RGB, sincronización de música,",https://www.amazon.com.mx/dp/B0D8B8FV9P,https://www.amazon.com/dp/B0D8B8FV9P,SRKSB LLC,QiuLights US
,B0D5CNJCD8,5,Hogar y Cocina,disponible,no disponible,,,2025-10-19T03:41:10.870Z,2025-10-27T14:27:58.709Z,2025-10-28T21:57:36.148Z,5014.29,,"$5,130.36","Lámpara de araña de ratán con 5 luces estilo bohemio para comedor, color café y tejida, iluminación para lámpara de techo, recámara, sala de estar, vestíbulo, isla de cocina, costa, escalera, pasillo",https://www.amazon.com.mx/dp/B0D5CNJCD8,https://www.amazon.com/dp/B0D5CNJCD8,SRKSB LLC,
,B0D4CKG7PX,5,Hogar y Cocina,disponible,no disponible,,,2025-10-19T03:41:10.870Z,2025-10-27T14:28:06.103Z,2025-10-28T21:57:43.096Z,4428.83,,"$4,478.78","Mgcanyu - Lámpara colgante estilo bohemio para isla de cocina, 17.7 pulgadas, tela a mano natural, lámpara de techo bohemia, para colgar en la costa, 5 luces, accesorio de iluminación de mimbre para",https://www.amazon.com.mx/dp/B0D4CKG7PX,https://www.amazon.com/dp/B0D4CKG7PX,SRKSB LLC,
,B0D1K7NXMF,5,Hogar y Cocina,disponible,disponible,,PRICE_AND_SELLER_NOT_FOUND,2025-10-19T03:41:10.870Z,2025-10-27T14:28:13.330Z,2025-10-28T21:57:51.352Z,1162,,"$2,188.42","G-SAFAVA - Lámpara de pie negra de 63 pulgadas para salas de estar, lámparas de pie de arco alto para dormitorios, lámparas altas con interruptor de pie para recámara",https://www.amazon.com.mx/dp/B0D1K7NXMF,https://www.amazon.com/dp/B0D1K7NXMF,Marca: G-SAFAVA,
,B0CWCQNFXS,5,Hogar y Cocina,disponible,no disponible,,,2025-10-19T03:41:24.335Z,2025-10-27T14:28:20.805Z,2025-10-28T21:57:59.298Z,1069.77,,"$1,074.84","MUMENG - Lámpara de noche con visualización de tela, base de foco E27, bonito estilo LED de computadora con soporte ajustable, luces de noche de madera para habitación de niños, recámara, oficina,",https://www.amazon.com.mx/dp/B0CWCQNFXS,https://www.amazon.com/dp/B0CWCQNFXS,SRKSB LLC,
,B0DJM1PWXG,5,Hogar y Cocina,disponible,disponible,,,2025-10-19T03:41:24.335Z,2025-10-27T14:28:28.152Z,2025-10-28T21:58:08.078Z,722.57,16.91,$636.29,"Proyector de luces de Halloween para exteriores/interiores, proyector de luces LED impermeable para regalo decoraciones de Halloween, proyector de día de fiesta, espectáculo de luces para Halloween",https://www.amazon.com.mx/dp/B0DJM1PWXG,https://www.amazon.com/dp/B0DJM1PWXG,HARCIN-STORE,MIMIToo
,B094MN8J6V,5,Hogar y Cocina,disponible,disponible,,,2025-10-19T03:41:24.335Z,2025-10-27T14:28:34.941Z,2025-10-28T21:58:15.179Z,519.8,9.48,$510.63,"Lighttop - Guirnalda de luces de hadas para interiores (6 unidades, 20 LED de alambre de cobre, funciona con pilas, para árbol de Navidad, dormitorio, boda, fiesta de cumpleaños, decoración de bricolaje (blanco cálido)",https://www.amazon.com.mx/dp/B094MN8J6V,https://www.amazon.com/dp/B094MN8J6V,SRKSB LLC,LIGHTOP US
,B0BH8WLJ98,5,Hogar y Cocina,disponible,no disponible,,,2025-10-19T03:41:24.335Z,2025-10-27T14:28:42.271Z,2025-10-28T21:58:23.701Z,1519.03,,"$1,512.44","Farmhouse - Lámpara colgante rústica de madera blanca, paquete de 1",https://www.amazon.com.mx/dp/B0BH8WLJ98,https://www.amazon.com/dp/B0BH8WLJ98,SRKSB LLC,
,B0D7HPYJ5M,5,Hogar y Cocina,disponible,disponible,,,2025-10-19T03:41:24.335Z,2025-10-27T14:28:51.313Z,2025-10-28T21:58:30.922Z,2211.19,59.99,"$1,920.63",Bigsnail 18 x 18 W luz de escenario con control remoto,https://www.amazon.com.mx/dp/B0D7HPYJ5M,https://www.amazon.com/dp/B0D7HPYJ5M,SRKSB LLC,Highlight-US
,B0D1TLFPTS,5,Hogar y Cocina,disponible,no disponible,,,2025-10-19T03:41:24.335Z,2025-10-27T14:28:59.357Z,2025-10-28T21:58:39.023Z,1681.74,,"$1,742.49","Lámpara de techo de ratán, de 3 luces, estilo bohemio, moderna, tejida, color negro, bohemio, para recámara, sala de estar, comedor, foco no incluida",https://www.amazon.com.mx/dp/B0D1TLFPTS,https://www.amazon.com/dp/B0D1TLFPTS,SRKSB LLC,
,B08ZMSY4HH,5,Hogar y Cocina,disponible,disponible,,,2025-10-19T03:41:24.336Z,2025-10-27T14:29:07.663Z,2025-10-28T21:58:47.766Z,946.83,23.98,$938.37,"Solar Mason Jar Lights,4 Pack 30 Led Fairy Hanging Jar Lights,Solar Lanterns for Outdoor Patio Party Garden Wedding Decor Lights(Mason Jars/Handles Included)",https://www.amazon.com.mx/dp/B08ZMSY4HH,https://www.amazon.com/dp/B08ZMSY4HH,SRKSB LLC,Aikeve Direct
,B0DF5NW3WG,5,Hogar y Cocina,disponible,no disponible,,,2025-10-19T03:41:24.336Z,2025-10-27T14:29:15.663Z,2025-10-28T21:58:56.063Z,2717.02,,"$2,684.21","Boho - Lámpara colgante de ratán de cocina sobre isla, 3 luces bohemias para isla de cocina, accesorios de iluminación de comedor sobre mesa, lámpara de ratán para comedor",https://www.amazon.com.mx/dp/B0DF5NW3WG,https://www.amazon.com/dp/B0DF5NW3WG,SRKSB LLC,
,B0BVZKJQLF,5,Hogar y Cocina,disponible,disponible,,,2025-10-19T03:41:24.336Z,2025-10-27T14:29:23.889Z,2025-10-28T21:59:04.668Z,1088.27,29.99,"$1,056.13","Vicsoon - Lámpara de computadora para oficina en casa, lámpara LED de computadora con cargador inalámbrico, soporte para teléfono, luz de computadora regulable, 3 modos de color, lámpara de estudio para recámara universitario, CRI 90 800 lúmenes",https://www.amazon.com.mx/dp/B0BVZKJQLF,https://www.amazon.com/dp/B0BVZKJQLF,SRKSB LLC,Vicsoon
,B0B42KTJ5S,5,Hogar y Cocina,disponible,disponible,,,2025-10-19T03:41:24.336Z,2025-10-27T14:29:32.467Z,2025-10-28T21:59:12.726Z,612.98,11.99,$647.23,"Bombillas de repuesto G40 de 5 W transparentes para base de candelabro E12, bombillas de repuesto regulables para decoración de patio interior y exterior, 120 voltios (paquete de 25)",https://www.amazon.com.mx/dp/B0B42KTJ5S,https://www.amazon.com/dp/B0B42KTJ5S,SRKSB LLC,rincentd
,B0D2GWHBTH,5,Hogar y Cocina,disponible,no disponible,,,2025-10-19T03:41:24.336Z,2025-10-27T14:29:40.829Z,2025-10-28T21:59:19.964Z,1346.28,,"$1,354.75","NESSTU - Linternas solares resistentes al agua: paquete de 4 luces colgantes de metal para exteriores, para jardín, patio, decoración de árbol de camino de mesa, regalos de jardinería para mujeres y",https://www.amazon.com.mx/dp/B0D2GWHBTH,https://www.amazon.com/dp/B0D2GWHBTH,SRKSB LLC,
,B0CYS7LMN6,5,Hogar y Cocina,disponible,no disponible,,,2025-10-19T03:41:24.336Z,2025-10-27T14:29:48.754Z,2025-10-28T21:59:26.575Z,690.23,,$622.47,"SUEHHYY - Lámpara de mesa de noche de tela para el día de la madre, regalo para el día de la abuela, regalo de cumpleaños, Navidad, día de San Valentín, para abuela, abuela",https://www.amazon.com.mx/dp/B0CYS7LMN6,https://www.amazon.com/dp/B0CYS7LMN6,SRKSB LLC,
,B0CFV2RYC1,5,Hogar y Cocina,disponible,disponible,,,2025-10-19T03:41:24.336Z,2025-10-27T14:30:03.802Z,2025-10-28T21:59:41.361Z,885.1,29.95,"$1,047.13","LYWALT - Luces solares para exteriores - 3000 lm, 188 luces LED con sensor de movimiento para exteriores, 4 cabezales de luz de seguridad, IP65 impermeable, fácil instalación, luz de pared de",https://www.amazon.com.mx/dp/B0CFV2RYC1,https://www.amazon.com/dp/B0CFV2RYC1,Amazon Estados Unidos,ZHONGY ING
,B0CYSTP27F,5,Hogar y Cocina,disponible,disponible,,,2025-10-19T03:41:24.337Z,2025-10-27T14:30:12.198Z,2025-10-28T21:59:50.299Z,1741.3,45.99,"$1,446.85","ZSSXOLED - 4 luces LED estroboscópicas de bastón recargables LED para botella de servicio, reutilizable, botella de champaña, luz LED para fiestas, discotecas, bar, bodas, eventos, festivales,",https://www.amazon.com.mx/dp/B0CYSTP27F,https://www.amazon.com/dp/B0CYSTP27F,SRKSB LLC,lulusx
,B0BD7NGP34,5,Hogar y Cocina,disponible,no disponible,,,2025-10-19T03:41:24.337Z,2025-10-27T14:30:20.687Z,2025-10-28T21:59:58.228Z,896.23,,"$1,055.33","Mancra - Paquete de 8 luces solares para valla de cubierta, luces solares para exteriores, impermeables, decoración de patio, patio, porche, entrada, 3000 K",https://www.amazon.com.mx/dp/B0BD7NGP34,https://www.amazon.com/dp/B0BD7NGP34,Amazon Estados Unidos,
,B0DDBZYQK7,5,Hogar y Cocina,disponible,disponible,,,2025-10-19T03:41:24.337Z,2025-10-27T14:30:29.140Z,2025-10-28T22:00:06.172Z,2924.48,89.99,"$3,159.20","Lámpara infrarroja con soporte, lámpara de terapia de luz infrarroja, lámpara de calor infrarrojo cercano de 275 W para terapia de dolor corporal o dolor muscular, juego de lámpara de pie ajustable de",https://www.amazon.com.mx/dp/B0DDBZYQK7,https://www.amazon.com/dp/B0DDBZYQK7,SRKSB LLC,Oyase
,B07D18B6JM,5,Hogar y Cocina,disponible,disponible,,,2025-10-19T03:41:36.402Z,2025-10-27T14:30:36.468Z,2025-10-28T22:00:15.122Z,573.87,8.99,$576.40,"VETOUR 24 velas de té sin llama realistas LED parpadeantes luces de té con batería constante, velas falsas eléctricas de larga duración, decoración para fiestas e ideas de regalos",https://www.amazon.com.mx/dp/B07D18B6JM,https://www.amazon.com/dp/B07D18B6JM,SRKSB LLC,Vetour
,B0D6V4V51W,5,Hogar y Cocina,disponible,disponible,,,2025-10-19T03:41:36.402Z,2025-10-27T14:30:45.210Z,2025-10-28T22:00:23.681Z,551.23,8.99,$496.34,"GANZQH - Tira de luces LED para recámara de 100 pies, con sincronización de música RGB, tira de luz LED que cambia de color con control remoto y de aplicación, luces para juegos, bricolaje, decoración",https://www.amazon.com.mx/dp/B0D6V4V51W,https://www.amazon.com/dp/B0D6V4V51W,SRKSB LLC,QiuLights US
,B09Z2BK5PQ,5,Hogar y Cocina,disponible,disponible,,,2025-10-19T03:41:36.402Z,2025-10-27T14:30:53.340Z,2025-10-28T22:00:30.801Z,1152.51,34.99,"$1,236.13","Zuske LED Outdoor String Lights, 50FT Globe Patio Lights String with 25+2 G40 LED Shatterproof Bulbs, Waterproof IP65 Dimmable Outside Hanging String Lighting for Cafe Bistro Backyard Garden",https://www.amazon.com.mx/dp/B09Z2BK5PQ,https://www.amazon.com/dp/B09Z2BK5PQ,Rendosa,ESK TECHNOLOGY
,B09D9F795R,5,Hogar y Cocina,disponible,disponible,,,2025-10-19T03:41:36.402Z,2025-10-27T14:31:02.573Z,2025-10-28T22:00:38.896Z,564.85,12.48,$564.85,"Sunset Lamp Projection Led Lights with Remote, 16 Colors Night Light 360° Rotation Rainbow Lights 4 Modes Setting for Photography/Selfie/ Party/Home/Living Room/Bedroom Decor, Gifts for Women.",https://www.amazon.com.mx/dp/B09D9F795R,https://www.amazon.com/dp/B09D9F795R,SRKSB LLC,Decooly
,B07Y391RPT,5,Hogar y Cocina,disponible,disponible,,,2025-10-19T03:41:36.402Z,2025-10-27T14:31:10.827Z,2025-10-28T22:00:46.166Z,733.35,16.14,$689.35,"Briignite - Luces nocturnas que se conectan a la pared, paquete de 4 luces nocturnas con sensores de luz, luz nocturna LED para habitación de niños, luz nocturna de bebé, baño, luces de escalera, luz",https://www.amazon.com.mx/dp/B07Y391RPT,https://www.amazon.com/dp/B07Y391RPT,SRKSB LLC,Briignite LED
,B07QPS38TC,5,Hogar y Cocina,disponible,disponible,,,2025-10-19T03:41:36.402Z,2025-10-27T14:31:18.400Z,2025-10-28T22:00:54.817Z,1107.72,31.99,"$1,054.41","WdtPro - Luces solares para jardín al aire última intervensión, paquete de 6, luces solares impermeables de jardín con 24 flores de lirio, luces LED que cambian de color con energía solar para patio",https://www.amazon.com.mx/dp/B07QPS38TC,https://www.amazon.com/dp/B07QPS38TC,SRKSB LLC,WdtPro
,B004Q6GLCK,5,Hogar y Cocina,disponible,disponible,,,2025-10-19T03:41:36.402Z,2025-10-27T14:31:26.647Z,2025-10-28T22:01:02.751Z,707.61,15.98,$706.23,"Novelty Lights 25 Pack C9 Outdoor Christmas Replacement Bulbs, Red, E17/C9 Intermediate Base, 7 Watt",https://www.amazon.com.mx/dp/B004Q6GLCK,https://www.amazon.com/dp/B004Q6GLCK,Boon Shopping,"Novelty Lights, LLC"
,B0DB67Q1MG,5,Hogar y Cocina,disponible,disponible,,,2025-10-19T03:41:36.403Z,2025-10-27T14:31:34.223Z,2025-10-28T22:01:10.929Z,1650.55,51.99,"$1,645.53","BESMYJ - Paquete de 2 linternas solares de pared para exteriores con 3 modos, sensor de movimiento del anochecer al amanecer, luces LED IP65 impermeables, lámparas de seguridad exteriores frontales",https://www.amazon.com.mx/dp/B0DB67Q1MG,https://www.amazon.com/dp/B0DB67Q1MG,SRKSB LLC,TopNice-US
,B01KJ94Q1K,5,Hogar y Cocina,disponible,disponible,,,2025-10-19T03:41:36.403Z,2025-10-27T14:31:43.036Z,2025-10-28T22:01:18.874Z,1191.02,37.97,"$1,187.25",PAR36 LED xenón blanco 6000 K (Eq 100 W Incandescent Iamp) Lámpara multiusos para tractor agrícola industrial todoterreno iluminación de paisaje incandescente para exteriores (terminal de inundación),https://www.amazon.com.mx/dp/B01KJ94Q1K,https://www.amazon.com/dp/B01KJ94Q1K,SRKSB LLC,HANDXEN
,B0CSSWC711,5,Hogar y Cocina,disponible,disponible,,,2025-10-19T03:41:36.403Z,2025-10-27T14:31:51.139Z,2025-10-28T22:01:26.052Z,516.32,9.99,$536.66,"Jensense - Bombillas Edison de 6 W 2700 K, blanco cálido suave, foco LED E26 equivalente a 60 W, bombillas LED clásico de 800 lúmenes CRI90+ ST58, bombillas transparentes regulables, paquete de 4",https://www.amazon.com.mx/dp/B0CSSWC711,https://www.amazon.com/dp/B0CSSWC711,Amazon Estados Unidos,Jensense
,B0CRDSJF7H,5,Hogar y Cocina,disponible,no disponible,,,2025-10-19T03:41:36.403Z,2025-10-27T14:31:59.654Z,2025-10-28T22:01:32.871Z,1753.29,,"$1,603.54","MITELSON - Lámpara de pie con estantes y USB, USB-C y tomas de corriente, lámpara de pie de estante alto con estación de carga, lámparas para sala de estar, lámpara de pie resistente para recámara y",https://www.amazon.com.mx/dp/B0CRDSJF7H,https://www.amazon.com/dp/B0CRDSJF7H,SRKSB LLC,
,B0CQPFM4HL,5,Hogar y Cocina,disponible,disponible,,,2025-10-19T03:41:36.403Z,2025-10-27T14:32:07.420Z,2025-10-28T22:01:40.269Z,1789.73,49.99,"$1,731.14","Ciyebst Luz de media luna con soporte para teléfono, lámpara de computadora de uñas de 29 en 48 W, luz de pestañas para tecnología de pestañas, maquillaje, tatuaje, spa, salón, lámpara de tecnología",https://www.amazon.com.mx/dp/B0CQPFM4HL,https://www.amazon.com/dp/B0CQPFM4HL,MCK MALL,Ciyebst
,B0BZ7W3RX2,5,Hogar y Cocina,disponible,no disponible,,,2025-10-19T03:41:36.403Z,2025-10-27T14:32:16.010Z,2025-10-28T22:01:47.620Z,918.91,,$876.27,"Akaco Moving Sand Art Base de madera de movimiento líquido, color 3D, arena movediza, reloj de arena de vidrio redondo, marco de arena de mar profundo, con accesorios de computadora blancos claros, para hombres, luz nocturna creativa",https://www.amazon.com.mx/dp/B0BZ7W3RX2,https://www.amazon.com/dp/B0BZ7W3RX2,SRKSB LLC,
,B09NZY3ZTK,5,Hogar y Cocina,disponible,disponible,,,2025-10-19T03:41:36.403Z,2025-10-27T14:32:24.543Z,2025-10-28T22:01:56.968Z,2532.61,79.99,"$2,688.08","QHIUAT - Lámpara de pared moderna para exteriores de 24 W, lámpara de pared de 35.4 pulgadas, iluminación de pared LED, impermeable, para cochera, porche, puertas de patio",https://www.amazon.com.mx/dp/B09NZY3ZTK,https://www.amazon.com/dp/B09NZY3ZTK,Amazon Estados Unidos,QHIUAT
,B09C629LCK,5,Hogar y Cocina,disponible,disponible,,,2025-10-19T03:41:36.403Z,2025-10-27T14:32:31.605Z,2025-10-28T22:02:05.109Z,867.84,36.99,"$1,155.76","gardencave - Paquete de 6 luces solares decorativas para jardín al aire última intervensión, luces solares de jardín con luz cálida, impermeables, luces de paisaje para camino, patio, patio, patio",https://www.amazon.com.mx/dp/B09C629LCK,https://www.amazon.com/dp/B09C629LCK,Amazon Estados Unidos,Merryshop-U
,B095S4PP8X,5,Hogar y Cocina,disponible,disponible,,,2025-10-19T03:41:36.403Z,2025-10-27T14:32:39.153Z,2025-10-28T22:02:13.064Z,608.59,13.89,$721.70,"Fielegen 20 luces LED de mariposa, 10 pies/3 metros, funciona con pilas, luces de hadas de mariposa moradas para el hogar, recámara, interior, exterior, jardín, boda, fiesta, día festivo, decoración de verano",https://www.amazon.com.mx/dp/B095S4PP8X,https://www.amazon.com/dp/B095S4PP8X,Amazon Europa,Fongmee Direct
,B0CHBC3ZPP,5,Hogar y Cocina,disponible,disponible,,,2025-10-19T03:41:53.038Z,2025-10-27T14:32:53.473Z,2025-10-28T22:02:26.381Z,2555.29,82.99,"$2,595.27","VIHOSE - 8 lámparas de mesa inalámbricas, LED, portátil, recargable, con sensor táctil, 3 colores de atenuación de hasta 15 horas de batería, luz de computadora para restaurante, guardería, sala de",https://www.amazon.com.mx/dp/B0CHBC3ZPP,https://www.amazon.com/dp/B0CHBC3ZPP,SRKSB LLC,Anberaue
,B0CH11G7FL,5,Hogar y Cocina,disponible,no disponible,,,2025-10-19T03:41:53.039Z,2025-10-27T14:33:02.354Z,2025-10-28T22:02:35.596Z,1736.8,,"$1,508.63","ABEAJAT - Lámpara de techo de 6 luces de níquel cepillado Sputnik, moderna lámpara de techo semi empotrada, lámpara de techo industrial de metal para sala de estar, granja, cocina recámara (níquel cepillado)",https://www.amazon.com.mx/dp/B0CH11G7FL,https://www.amazon.com/dp/B0CH11G7FL,SRKSB LLC,
,B0CBBKZC4X,5,Hogar y Cocina,disponible,no disponible,,,2025-10-19T03:41:53.039Z,2025-10-27T14:33:10.138Z,2025-10-28T22:02:43.559Z,3091.52,,"$3,040.05","Lámpara de comedor sobre mesa, iluminación de isla de cocina de 4 luces, moderna lámpara de madera con altura ajustable, grandes luces colgantes industriales negras para colgar en el techo para sala",https://www.amazon.com.mx/dp/B0CBBKZC4X,https://www.amazon.com/dp/B0CBBKZC4X,SRKSB LLC,
,B0B1QQV73M,5,Hogar y Cocina,disponible,no disponible,,,2025-10-19T03:41:53.039Z,2025-10-27T14:33:18.643Z,2025-10-28T22:02:50.315Z,1777.42,,"$1,901.43","MOUJOE - Lámpara de techo semi empotrada de 6 luces de madera rústica Sputnik lámpara de techo de roble y negro con E26 para comedor, recámara, cocina",https://www.amazon.com.mx/dp/B0B1QQV73M,https://www.amazon.com/dp/B0B1QQV73M,SEONGSAN,
,B0CKWTYBYX,5,Hogar y Cocina,disponible,no disponible,,,2025-10-19T03:41:53.039Z,2025-10-27T14:33:25.980Z,2025-10-28T22:02:57.995Z,720.86,,$523.46,"Luces para debajo del gabinete, luz con sensor de movimiento para interiores de 1500 mAh, luces LED recargables para clóset, funciona con pilas, luces debajo del mostrador para cocina (blanco, paquete",https://www.amazon.com.mx/dp/B0CKWTYBYX,https://www.amazon.com/dp/B0CKWTYBYX,SRKSB LLC,
,B0C65FSRHX,5,Hogar y Cocina,disponible,disponible,,,2025-10-19T03:41:53.039Z,2025-10-27T14:33:33.988Z,2025-10-28T22:03:06.985Z,2571.54,79.99,"$2,601.17","Luces de pared para exteriores con sensor de movimiento, paquete de 2 unidades, iluminación exterior actualizada del anochecer al amanecer, accesorios de luz exteriores con enchufes E26 y vidrio",https://www.amazon.com.mx/dp/B0C65FSRHX,https://www.amazon.com/dp/B0C65FSRHX,SRKSB LLC,Brilvibera
,B0C9LTQJBY,5,Hogar y Cocina,disponible,disponible,,,2025-10-19T03:41:53.039Z,2025-10-27T14:33:41.066Z,2025-10-28T22:03:14.182Z,2297.17,88.49,"$2,695.85","Elaruslux - Paquete de 12 luces LED ultradelgadas de 7 pulgadas 3CCT con caja de conexiones, 3000 K/4500 K/6000 K seleccionables, 18 W Eqv 125 W, Downlight regulable sin canas, 1600 LM de alto brillo",https://www.amazon.com.mx/dp/B0C9LTQJBY,https://www.amazon.com/dp/B0C9LTQJBY,Amazon Estados Unidos,ZJG STORE
,B07FBFBV69,5,Hogar y Cocina,disponible,disponible,,,2025-10-19T03:41:53.039Z,2025-10-27T14:33:49.057Z,2025-10-28T22:03:21.333Z,3060.63,109.99,"$2,525.14","LGL - Lámpara LED de luz temporal, alta fijación, ((150W LED Temporary Work Light Fixture))",https://www.amazon.com.mx/dp/B07FBFBV69,https://www.amazon.com/dp/B07FBFBV69,Amazon Estados Unidos,JC-LGL
,B0BZSDQ6X8,5,Hogar y Cocina,disponible,disponible,,,2025-10-19T03:41:53.039Z,2025-10-27T14:33:58.205Z,2025-10-28T22:03:29.330Z,916.48,18.99,$772.92,"7LinRay - Vela grande sin llama de 4 x 10 pulgadas para exteriores con control remoto y temporizador, impermeable funciona con pilas, vela LED parpadeante para linternas, plástico marfil, 1 paquete",https://www.amazon.com.mx/dp/B0BZSDQ6X8,https://www.amazon.com/dp/B0BZSDQ6X8,DONGHANGS,7LinRay Candle
,B0BZYPXB45,5,Hogar y Cocina,disponible,no disponible,,,2025-10-19T03:41:53.039Z,2025-10-27T14:34:04.761Z,2025-10-28T22:03:36.935Z,886.87,,$890.73,"Wirziis - Juego de 2 ruedas de madera de 2.75 pies, poleas de montaje en techo de pared clásico de roble para lámparas colgantes de plantas de cultivo",https://www.amazon.com.mx/dp/B0BZYPXB45,https://www.amazon.com/dp/B0BZYPXB45,SRKSB LLC,
,B09WYNRJWD,5,Hogar y Cocina,disponible,disponible,,,2025-10-19T03:41:53.040Z,2025-10-27T14:34:12.136Z,2025-10-28T22:03:45.267Z,451,19.99,$649.61,"LOXYEE PAR38 - Focos LED para exteriores, 2 unidades, 20 W (equivalente a 200 W), base E26, 2700 K, suave, 1800 lúmenes, luz de inundación LED para jardín al aire libre, garaje, patios, no regulable",https://www.amazon.com.mx/dp/B09WYNRJWD,https://www.amazon.com/dp/B09WYNRJWD,Marca: LOXYEE,Loxyee Direct
,B0BXXJ1SHG,5,Hogar y Cocina,disponible,no disponible,,,2025-10-19T03:41:53.040Z,2025-10-27T14:34:19.613Z,2025-10-28T22:03:53.648Z,1809.15,,"$1,834.25","ABEAJAT Lámpara de techo de ratán, Iluminación, Lámpara de techo de montaje empotrado, 3 luces tejidas a mano, Araña de ratán rústica para pasillo, recámara, cocina, casa de campo y entrada (negro)",https://www.amazon.com.mx/dp/B0BXXJ1SHG,https://www.amazon.com/dp/B0BXXJ1SHG,SRKSB LLC,
,B0BFWCKJ37,5,Hogar y Cocina,disponible,disponible,,,2025-10-19T03:41:53.040Z,2025-10-27T14:34:26.949Z,2025-10-28T22:04:02.426Z,783.05,18.99,$739.02,"JUNWEN - Tira de luces LED cortas alimentadas con pilas con intermitente, 1 pieza de luces LED flexibles que funcionan con pilas, brillante para caja de sombras, regalo de bricolaje, coche, bar,",https://www.amazon.com.mx/dp/B0BFWCKJ37,https://www.amazon.com/dp/B0BFWCKJ37,SRKSB LLC,YUQIN
,B0BS8ZX9K4,5,Hogar y Cocina,disponible,disponible,,,2025-10-19T03:41:53.040Z,2025-10-27T14:34:35.655Z,2025-10-28T22:04:11.375Z,1155.54,37.99,"$1,057.84","HGGH - Luces para exteriores con sensor de movimiento – Luces de inundación, luz de seguridad al aire última intervensión, reflectores LED IP65 impermeables, 6500 K, 60 W, 6200 lm, con 3 cabezales",https://www.amazon.com.mx/dp/B0BS8ZX9K4,https://www.amazon.com/dp/B0BS8ZX9K4,JASMINE  EMEL STORE,HGGH
,B096ZP878T,5,Hogar y Cocina,disponible,disponible,,,2025-10-19T03:41:53.040Z,2025-10-27T14:34:44.121Z,2025-10-28T22:04:18.723Z,866.55,22.99,$871.59,"VOOSEI Vintage LED Edison Bulbs, 6W, Equivalent 60W, Daylight White 4000K,High Brightness,E26 Medium Base, ST58 Antique Filament Bulbs, Non Dimmable,Clear Glass,Pack of 6",https://www.amazon.com.mx/dp/B096ZP878T,https://www.amazon.com/dp/B096ZP878T,SRKSB LLC,"CULTHBERT CO.,LTD"
,B0B9ZV3CDZ,5,Hogar y Cocina,disponible,disponible,,,2025-10-19T03:41:53.040Z,2025-10-27T14:34:50.862Z,2025-10-28T22:04:26.462Z,1445.77,45.98,"$1,508.91","BIEOCUR - Lámpara de pared LED moderna de 40cm, 10 W, luz de porche y patio, luz blanca esmerilada, resistente a la humedad, adecuada para cochera, entrada, casa",https://www.amazon.com.mx/dp/B0B9ZV3CDZ,https://www.amazon.com/dp/B0B9ZV3CDZ,Amazon Estados Unidos,BIEOCUR
,B08YRD7JTF,5,Hogar y Cocina,disponible,disponible,,,2025-10-19T03:42:05.144Z,2025-10-27T14:34:58.689Z,2025-10-28T22:04:33.784Z,3471.92,99.99,"$3,530.56","FinExpect Lámpara de araña moderna de 4 luces con pantalla de tambor de lino blanco de 45 cm para vestíbulo, comedor, sala de estar, cocina, latón envejecido",https://www.amazon.com.mx/dp/B08YRD7JTF,https://www.amazon.com/dp/B08YRD7JTF,SURE_FIRE,Gufengdeng
,B08SVS6BNC,5,Hogar y Cocina,disponible,disponible,,,2025-10-19T03:42:05.144Z,2025-10-27T14:35:06.027Z,2025-10-28T22:04:41.193Z,1186.67,33.97,"$1,192.32","Areful - Tira de luces LED de 15 pies, RGBWW que cambian de color con control remoto, tubo duradero flexible y conectable, impermeable para uso en interiores y exteriores, 17 colores y 6 modos",https://www.amazon.com.mx/dp/B08SVS6BNC,https://www.amazon.com/dp/B08SVS6BNC,Boon Shopping,T&P Designs
,B0BF48GX59,5,Hogar y Cocina,disponible,no disponible,,,2025-10-19T03:42:05.144Z,2025-10-27T14:35:14.218Z,2025-10-28T22:04:49.065Z,1238.35,,"$1,537.04","CONCA - Lámpara industrial Steampunk, base E26, luz Edison rústica con base de madera enjaulada y tubo de hierro (negro)",https://www.amazon.com.mx/dp/B0BF48GX59,https://www.amazon.com/dp/B0BF48GX59,SRKSB LLC,
,B0B9WJC29W,5,Hogar y Cocina,disponible,disponible,,,2025-10-19T03:42:05.144Z,2025-10-27T14:35:21.096Z,2025-10-28T22:04:58.206Z,420.96,5.99,$420.96,"YKNAWOIR - foco LED que cambia de color, equivalente a 40 W, 9 W A19 6500 K, base de tornillo E26, memoria, foco multicolor regulable para fiesta, recámara, hogar, 16 opciones de color, control remoto",https://www.amazon.com.mx/dp/B0B9WJC29W,https://www.amazon.com/dp/B0B9WJC29W,SRKSB LLC,YKNAWOIR
,B0B6NXDLT9,5,Hogar y Cocina,disponible,disponible,,,2025-10-19T03:42:05.144Z,2025-10-27T14:35:35.953Z,2025-10-28T22:05:13.294Z,531.83,9.99,$534.04,"MATICOD - Luces LED para retroiluminación LED de TV, tira de luces LED RGB de 10 pies para luces de TV detrás, tira de luz LED USB para TV de 32 a 43 pulgadas, control de aplicación Bluetooth, tira de",https://www.amazon.com.mx/dp/B0B6NXDLT9,https://www.amazon.com/dp/B0B6NXDLT9,Boon Shopping,MATICOD
,B0B5TBXBMK,5,Hogar y Cocina,disponible,no disponible,,,2025-10-19T03:42:05.145Z,2025-10-27T14:35:44.529Z,2025-10-28T22:05:20.644Z,4090.72,,"$4,198.67","Silla de cubeta LED de 15 pulgadas, 16 colores RGB que cambian de luz LED con mando a distancia, versátil y recargable, silla de cubeta brillante, mesa auxiliar moderna, luz de humor para recámara,",https://www.amazon.com.mx/dp/B0B5TBXBMK,https://www.amazon.com/dp/B0B5TBXBMK,SRKSB LLC,
,B0B3H9TCSB,5,Hogar y Cocina,disponible,disponible,,,2025-10-19T03:42:05.145Z,2025-10-27T14:35:53.098Z,2025-10-28T22:05:29.549Z,513.43,9.99,$513.43,"GIPTPLY Tira de luces LED de 100 pies, luces LED para recámara, sincronización de música, luces LED que cambian de color con aplicación y control remoto, tiras de luz LED RGB 5050 para decoración de habitación (100 pies)",https://www.amazon.com.mx/dp/B0B3H9TCSB,https://www.amazon.com/dp/B0B3H9TCSB,SRKSB LLC,Lidou us
,B09YYDBH52,5,Hogar y Cocina,disponible,disponible,,,2025-10-19T03:42:05.145Z,2025-10-27T14:36:02.507Z,2025-10-28T22:05:36.063Z,1087.05,23.74,$940.48,"Larekook - Farol solar cardenal para exteriores, resistente al agua, 13 pulgadas, gran lámpara colgante decorativa, luces solares de metal para patio, césped, mesa, patio, jardín, regalos cardenales",https://www.amazon.com.mx/dp/B09YYDBH52,https://www.amazon.com/dp/B09YYDBH52,SRKSB LLC,wuyisolar
,B09V6LWFX5,5,Hogar y Cocina,disponible,no disponible,,,2025-10-19T03:42:05.145Z,2025-10-27T14:36:12.767Z,2025-10-28T22:05:43.543Z,1238.69,,"$1,229.22","Livinlarge - Linterna solar para colgar al aire última intervensión, linterna solar grande de ratán impermeable con mango de cordel, luces solares brillantes para exteriores con foco Edison para",https://www.amazon.com.mx/dp/B09V6LWFX5,https://www.amazon.com/dp/B09V6LWFX5,SRKSB LLC,
,B09RT6N4BD,5,Hogar y Cocina,disponible,no disponible,,,2025-10-19T03:42:05.145Z,2025-10-27T14:36:20.294Z,2025-10-28T22:05:51.126Z,1205.62,,"$1,221.57","Farol solar de ratán natural con asa, luces LED grandes impermeables decorativas de jardín, lámpara de mesa solar de ratán brillante para patio, boda, decoración del hogar",https://www.amazon.com.mx/dp/B09RT6N4BD,https://www.amazon.com/dp/B09RT6N4BD,SRKSB LLC,
,B09QYBLFLT,5,Hogar y Cocina,disponible,no disponible,,,2025-10-19T03:42:05.145Z,2025-10-27T14:36:28.876Z,2025-10-28T22:05:59.275Z,1319.25,,"$1,329.33","Linterna solar impermeable de ratán para exterior, linterna decorativa bohemia luminosa con mango rústico para colgar o lámpara de mesa para vallas, porche, jardín, patio, decoración de boda",https://www.amazon.com.mx/dp/B09QYBLFLT,https://www.amazon.com/dp/B09QYBLFLT,SRKSB LLC,
,B09VBYWLPC,5,Hogar y Cocina,disponible,disponible,,,2025-10-19T03:42:05.145Z,2025-10-27T14:36:36.302Z,2025-10-28T22:06:07.669Z,1568.44,49.99,"$1,647.51","GEEDIAR - Paquete de 4 luces solares flotantes para piscina inflables impermeables IP68, 14 pulgadas de luz solar LED para piscina al aire última intervensión, accesorios de piscina para piscinas enterradas, 4 unidades",https://www.amazon.com.mx/dp/B09VBYWLPC,https://www.amazon.com/dp/B09VBYWLPC,SRKSB LLC,HDLING
,B09V6ZYSWF,5,Hogar y Cocina,disponible,disponible,,,2025-10-19T03:42:05.145Z,2025-10-27T14:36:43.923Z,2025-10-28T22:06:15.441Z,835.05,14.99,$754.30,"foco LED G8 Mini G8 de 3,5 W (equivalente a foco halógena de 35 W), base de dos pines T4 G8, 120 V, 3000 K, luz blanca cálida, G8 para iluminación debajo de la encimera, luz debajo del gabinete (paquete de 5)",https://www.amazon.com.mx/dp/B09V6ZYSWF,https://www.amazon.com/dp/B09V6ZYSWF,AURA AU,lulusx
,B09T79G893,5,Hogar y Cocina,disponible,no disponible,,,2025-10-19T03:42:05.145Z,2025-10-27T14:36:51.354Z,2025-10-28T22:06:23.298Z,1249.57,,"$1,132.56","SEOBIOG - Paquete de 2 luces de cochera enchufables, 200 W y 20000 lm, luces de techo de 6500 K con 6 paneles deformables para cochera, almacén, granero, sótano (interruptor de encendido/apagado",https://www.amazon.com.mx/dp/B09T79G893,https://www.amazon.com/dp/B09T79G893,SRKSB LLC,
,B09SHDH1P5,5,Hogar y Cocina,disponible,disponible,,,2025-10-19T03:42:05.147Z,2025-10-27T14:36:58.328Z,2025-10-28T22:06:31.971Z,1143.9,29.99,"$1,158.23","COOSA - Lámpara colgante de 1 luz, hecha a mano, para isla de cocina, acabado de níquel cepillado con accesorio ajustable montado en cable (tierra)",https://www.amazon.com.mx/dp/B09SHDH1P5,https://www.amazon.com/dp/B09SHDH1P5,SRKSB LLC,COOSA
,B09PL56NYJ,5,Hogar y Cocina,disponible,disponible,,,2025-10-19T03:42:05.147Z,2025-10-27T14:37:07.117Z,2025-10-28T22:06:38.627Z,511.92,7.99,$475.38,"ZSSXOLED Bombillas LED C7 E12 de repuesto para lámparas de sal del Himalaya de 15 W, bombillas de luz nocturna, candelabros, bombillas LED C7, 6000 K, 2 unidades",https://www.amazon.com.mx/dp/B09PL56NYJ,https://www.amazon.com/dp/B09PL56NYJ,SURE_FIRE,lulusx
,B09P4MY2GH,5,Hogar y Cocina,disponible,disponible,,,2025-10-19T03:42:16.760Z,2025-10-27T14:37:15.307Z,2025-10-28T22:06:46.971Z,960.5,23.99,$967.71,"Luces solares de jardín, luces de fuegos artificiales al aire última intervensión, paquete de 5 120 luces LED decorativas con mando a distancia, 8 modos de luz de paisaje de bricolaje, lámparas",https://www.amazon.com.mx/dp/B09P4MY2GH,https://www.amazon.com/dp/B09P4MY2GH,SRKSB LLC,RongHStec
,B09LTQY3LB,5,Hogar y Cocina,disponible,disponible,,,2025-10-19T03:42:16.760Z,2025-10-27T14:37:23.193Z,2025-10-28T22:06:55.324Z,538.04,19.99,$621.37,"TFOI - Bombillas LED de emergencia recargables para fallas de alimentación en el hogar, funciona con pilas, corte de energía, camping, lectura, huracán, 12 W, 800 lm, E26, 4 unidades (luz diurna)",https://www.amazon.com.mx/dp/B09LTQY3LB,https://www.amazon.com/dp/B09LTQY3LB,Amazon Estados Unidos,qizikeji（ guangzhou ) youxiangongsi
,B09DXWN3R6,5,Hogar y Cocina,disponible,disponible,,,2025-10-19T03:42:16.760Z,2025-10-27T14:37:31.551Z,2025-10-28T22:07:03.591Z,2822.28,85.49,"$2,899.72","Kaqur - Iluminación LED integrada de 7 pulgadas y 1.8 W, luces de paisaje de bajo voltaje de 12 V CA/CC, luces de pared de retención, luz de paso IP65 para exteriores, blanco suave de 2700 K, certificación ETL, 50.000 horas de vida útil, paquete de 8",https://www.amazon.com.mx/dp/B09DXWN3R6,https://www.amazon.com/dp/B09DXWN3R6,SRKSB LLC,KAE KAQUR
,B09DCC35FD,5,Hogar y Cocina,disponible,disponible,,,2025-10-19T03:42:16.760Z,2025-10-27T14:37:38.696Z,2025-10-28T22:07:12.204Z,3682.16,119,"$4,181.50","Moderna lámpara de araña de cristal, lámpara colgante de techo negra regulable, lámpara redonda de 16 pulgadas, gota de lluvia para sala de estar, comedor, dormitorio, vestíbulo, cocina, 3 niveles, 6 luces",https://www.amazon.com.mx/dp/B09DCC35FD,https://www.amazon.com/dp/B09DCC35FD,SRKSB LLC,A AXILIXI Lighting
,B099PKVRWL,5,Hogar y Cocina,disponible,disponible,,,2025-10-19T03:42:16.760Z,2025-10-27T14:37:45.989Z,2025-10-28T22:07:20.938Z,523.24,9.99,$525.29,"Adzok - foco G8, GY8.6 con base de dos pines, no regulable, tipo T4, xenón JCD, 120 V, 35 W, halógeno de repuesto para iluminación de cocina debajo del mostrador (paquete de 5, luz blanca diurna 6000",https://www.amazon.com.mx/dp/B099PKVRWL,https://www.amazon.com/dp/B099PKVRWL,SRKSB LLC,BonHF
,B092D3ZL2K,5,Hogar y Cocina,disponible,disponible,,,2025-10-19T03:42:16.761Z,2025-10-27T14:37:53.082Z,2025-10-28T22:07:28.850Z,1295.44,39.99,"$1,315.56","Guirnalda de luces para exteriores G40 de 30,5 m, bombillas inastillables regulables para luces de patio, patio, porche, boda, fiesta, iluminación comercial, lista UL",https://www.amazon.com.mx/dp/B092D3ZL2K,https://www.amazon.com/dp/B092D3ZL2K,SRKSB LLC,Tongxing Store
,B07MG4HDKG,5,Hogar y Cocina,disponible,disponible,,,2025-10-19T03:42:16.761Z,2025-10-27T14:38:01.505Z,2025-10-28T22:07:36.989Z,1279.87,35.09,"$1,251.92","Cadena de luces de patio de 50 pies con 53 bombillas de globo Edison, con certificación UL para uso en interiores y exteriores, base de enchufe E12, luces conectables para porche, cubierta, cenadores, balcón, boda, reuniones de fiesta, decoración, color negro",https://www.amazon.com.mx/dp/B07MG4HDKG,https://www.amazon.com/dp/B07MG4HDKG,SEONGSAN,Boutiquewindow
,B09M36V44B,5,Hogar y Cocina,disponible,disponible,,,2025-10-19T03:42:16.761Z,2025-10-27T14:38:09.532Z,2025-10-28T22:07:44.089Z,2021.81,59.49,"$2,027.29","Gifarich - Lámparas de araña negras para comedor sobre mesa, lámparas modernas de granja para sala de estar, 9 luces industriales de metal para entrada, cocina, vestíbulo de isla",https://www.amazon.com.mx/dp/B09M36V44B,https://www.amazon.com/dp/B09M36V44B,SRKSB LLC,Gifarich -US
,B099WZNBG1,5,Hogar y Cocina,disponible,disponible,,,2025-10-19T03:42:16.761Z,2025-10-27T14:38:22.476Z,2025-10-28T22:07:59.698Z,1227.62,30.98,"$1,101.85","Paquete de 2 bombillas LED equivalentes a 500 W, 7500 lúmenes, 5000 K, 60 W, luz blanca fría E26/E27, base media para exteriores, taller, garaje, almacén, fábrica, patio trasero, calle, 2 unidades",https://www.amazon.com.mx/dp/B099WZNBG1,https://www.amazon.com/dp/B099WZNBG1,SRKSB LLC,QBP Lighting
,B099NK3BMC,5,Hogar y Cocina,disponible,no disponible,,,2025-10-19T03:42:16.761Z,2025-10-27T14:38:30.689Z,2025-10-28T22:08:07.416Z,958.91,,$944.92,"Vosaro - Luces solares de jardín, impermeables, decorativas, 7 colores cambiantes, luz de estaca solar para camino, patio, césped, decoración de vacaciones, 3 unidades",https://www.amazon.com.mx/dp/B099NK3BMC,https://www.amazon.com/dp/B099NK3BMC,SRKSB LLC,
,B097RY4XVN,5,Hogar y Cocina,disponible,disponible,,,2025-10-19T03:42:16.761Z,2025-10-27T14:38:39.443Z,2025-10-28T22:08:15.766Z,963.13,22.99,$850.59,"Luces LED de garaje, 60 W deformables LED iluminación de techo de garaje 6000 lm E26/E27 luz de día 6500 K super brillante luz de garaje luz ajustable para garaje, banco de trabajo, granero, almacén",https://www.amazon.com.mx/dp/B097RY4XVN,https://www.amazon.com/dp/B097RY4XVN,SRKSB LLC,Enoptics
,B09633SBKT,5,Hogar y Cocina,disponible,disponible,,,2025-10-19T03:42:16.761Z,2025-10-27T14:38:47.172Z,2025-10-28T22:08:22.591Z,1225.17,39.99,"$1,336.72","MOON-DE-AGE - Luces colgantes solares con control remoto, 3 colores y 2 modos de brillo temporizador de 8 pulgadas para colgar al aire última intervensión, lámpara de araña de cobertizo de gallinero,",https://www.amazon.com.mx/dp/B09633SBKT,https://www.amazon.com/dp/B09633SBKT,SRKSB LLC,Moon De Age
,B092V8V7NH,5,Hogar y Cocina,disponible,disponible,,,2025-10-19T03:42:16.762Z,2025-10-27T14:38:55.770Z,2025-10-28T22:08:29.969Z,973.15,29.69,"$1,023.55","NFESOLAR - Luces solares para exteriores con 16 LED, paquete de 8 luces solares brillantes multicolor para exteriores, impermeables, para caminos, jardín, césped, pasarela, Halloween, decoraciones de",https://www.amazon.com.mx/dp/B092V8V7NH,https://www.amazon.com/dp/B092V8V7NH,SRKSB LLC,NFESOLAR
,B0915MKXYH,5,Hogar y Cocina,disponible,disponible,,,2025-10-19T03:42:16.762Z,2025-10-27T14:39:03.345Z,2025-10-28T22:08:38.653Z,1377.57,58.99,"$1,740.72","Gasonny Luces LED empotrables de 4 pulgadas, iluminación empotrada LED ultrafina ajustable con caja de conexiones de 9 W, 750 lm, luz de geiling regulable ETL (opción 3000 K/4000 K/5000 K, 4 unidades)",https://www.amazon.com.mx/dp/B0915MKXYH,https://www.amazon.com/dp/B0915MKXYH,Amazon Estados Unidos,Gasonny
,B08D8Y5CQS,5,Hogar y Cocina,disponible,no disponible,,,2025-10-19T03:42:16.762Z,2025-10-27T14:39:11.422Z,2025-10-28T22:08:46.051Z,1963.47,,"$1,651.65","Aplique de pared para exteriores con certificación ETL, impermeable, 60 W, luz de porche exterior, lámpara de montaje en pared de aluminio esmerilado con bombillas LED E26/E27 para patio, jardín, 2 unidades, negro mate, DECLUTTR",https://www.amazon.com.mx/dp/B08D8Y5CQS,https://www.amazon.com/dp/B08D8Y5CQS,SRKSB LLC,
,B07MH4HKYB,5,Hogar y Cocina,disponible,disponible,,,2025-10-19T03:42:16.762Z,2025-10-27T14:39:18.827Z,2025-10-28T22:08:53.850Z,1001.52,26.99,$828.62,"JandCase BR30 - foco de luz que cambia de color, RGB+luz LED cálida y blanca fría, 12 W (equivalente a 100 W), 1050 lm, control remoto, bombillas regulables multicolor para techo, base E26, paquete de",https://www.amazon.com.mx/dp/B07MH4HKYB,https://www.amazon.com/dp/B07MH4HKYB,DONGHANGS,JCase Accessories Inc
,B09XTGSJS7,5,Hogar y Cocina,disponible,disponible,,,2025-10-19T03:42:30.956Z,2025-10-27T14:39:26.389Z,2025-10-28T22:09:02.595Z,6640.35,229.9,"$6,965.65","A AXILIXI - Lámpara de araña de vidrio moderna dorada de 24 pulgadas para comedor, 12 luces de techo, colgante de gota de lluvia de lujo, color dorado para entrada, sala de estar",https://www.amazon.com.mx/dp/B09XTGSJS7,https://www.amazon.com/dp/B09XTGSJS7,SRKSB LLC,A AXILIXI Lighting
,B08P5995TP,5,Hogar y Cocina,disponible,no disponible,,,2025-10-19T03:42:30.957Z,2025-10-27T14:39:34.574Z,2025-10-28T22:09:10.169Z,1602.3,,"$1,961.28","Fabulis - Lámpara de cambiador con 3 luces clásicas de baño, moderna lámpara de pared con visualización de vidrio transparente, elegante aplique de pared para espejo, recámara, granja, baño, sala de estar, pasillo, negro mate",https://www.amazon.com.mx/dp/B08P5995TP,https://www.amazon.com/dp/B08P5995TP,Amazon Estados Unidos,
,B08D9NWV23,5,Hogar y Cocina,disponible,disponible,,,2025-10-19T03:42:30.957Z,2025-10-27T14:39:41.928Z,2025-10-28T22:09:17.425Z,767.62,17.99,$767.62,"VSATEN - Luz nocturna de dinosaurio para niños, luz nocturna de silicona que cambia de color con sensor táctil para recámara de niños, lámpara LED recargable por USB, lámpara LED para habitación de",https://www.amazon.com.mx/dp/B08D9NWV23,https://www.amazon.com/dp/B08D9NWV23,SRKSB LLC,VSATEN-Direct
,B08D3QCHCM,5,Hogar y Cocina,disponible,disponible,,,2025-10-19T03:42:30.957Z,2025-10-27T14:39:49.314Z,2025-10-28T22:09:25.045Z,607.86,12.99,$607.86,"JandCase Bombillas LED, ventilador de techo, base pequeña, bombilla redonda de 6 W, equivalente a 60 W, 3000 K, bombillas LED E12 Candelabro, bombillas LED G14 para ventilador de techo, candelabro, tocador, no regulable, listado UL, paquete de 6",https://www.amazon.com.mx/dp/B08D3QCHCM,https://www.amazon.com/dp/B08D3QCHCM,SRKSB LLC,JCase Accessories Inc
,B08B2WYHV7,5,Hogar y Cocina,disponible,disponible,,,2025-10-19T03:42:30.957Z,2025-10-27T14:39:57.628Z,2025-10-28T22:09:32.732Z,756.04,15.95,$763.09,Backyadda - Botes de repuesto para antorcha (16 oz). Compatible con antorchas Tiki. Fácil apertura de llenado. Paquete de 4 unidades de metal estándar (sin tapas),https://www.amazon.com.mx/dp/B08B2WYHV7,https://www.amazon.com/dp/B08B2WYHV7,HNEN,5 Star North
,B08B146J9Q,5,Hogar y Cocina,disponible,disponible,,,2025-10-19T03:42:30.957Z,2025-10-27T14:40:06.302Z,2025-10-28T22:09:41.311Z,1466.6,54.99,"$1,763.68","SAN YOUNG Barra de luz LED, cápsulas de luz LED de 4 pulgadas, 78 W, 5000 lm, luces LED de trabajo para camiones, barras de luz LED, cápsulas de 12 V, 24 V, recolección de barco, ATV, UTV, RV, focos",https://www.amazon.com.mx/dp/B08B146J9Q,https://www.amazon.com/dp/B08B146J9Q,Amazon Estados Unidos,San Young Lights
,B086MSJ47D,5,Hogar y Cocina,disponible,disponible,,,2025-10-19T03:42:30.957Z,2025-10-27T14:40:13.594Z,2025-10-28T22:09:49.822Z,1469.05,45.99,"$1,185.70","JIOR - Focos solares de paisaje para exteriores, 32 LED IP65, impermeables, alimentados por energía solar, luces inalámbricas ajustables 2 en 1, para jardín, patio, entrada, piscina, patio, paquete de",https://www.amazon.com.mx/dp/B086MSJ47D,https://www.amazon.com/dp/B086MSJ47D,SRKSB LLC,yongyangshop
,B07K9SLN1F,5,Hogar y Cocina,disponible,disponible,,,2025-10-19T03:42:30.958Z,2025-10-27T14:40:21.098Z,2025-10-28T22:09:57.403Z,686.21,16.99,$685.71,"Bawoo - Paquete de 6 luces LED para disco, control remoto, color blanco cálido, brillo regulable, funciona con pilas, para clóset, cocina, clóset",https://www.amazon.com.mx/dp/B07K9SLN1F,https://www.amazon.com/dp/B07K9SLN1F,SRKSB LLC,Gema US
,B0987YRLMR,5,Hogar y Cocina,disponible,disponible,,,2025-10-19T03:42:30.958Z,2025-10-27T14:40:29.211Z,2025-10-28T22:10:05.649Z,890.85,29.99,"$1,047.25","Luces solares para exteriores, 270 LED 3000 lm, luz con sensor de movimiento, IP65, impermeable, 4 cabezales, 3 modos, 330 ° gran angular 6500 K, luces de inundación inalámbricas, luces solares para",https://www.amazon.com.mx/dp/B0987YRLMR,https://www.amazon.com/dp/B0987YRLMR,Amazon Estados Unidos,YueAo Shop
,B095WJHVMG,5,Hogar y Cocina,disponible,disponible,,,2025-10-19T03:42:30.958Z,2025-10-27T14:40:37.357Z,2025-10-28T22:10:14.265Z,1057.26,32.39,"$1,072.26","Jolux - Luces LED para accesorios cerrados, bombillas LED equivalentes a 100 W, blanco suave de 2700 K, 1500 LM, base de tornillo medio E26, foco de alto lúmenes, no regulable, 6 unidades (paquete de",https://www.amazon.com.mx/dp/B095WJHVMG,https://www.amazon.com/dp/B095WJHVMG,IY Network,JOLUX
,B07DVDPYXX,5,Hogar y Cocina,disponible,disponible,,,2025-10-19T03:42:30.958Z,2025-10-27T14:40:44.525Z,2025-10-28T22:10:22.741Z,681.58,14.89,$680.20,"Abeja Bombillas de repuesto G40, foco de globo transparente de 5 W para enchufes de base de rosca E12/C7, bombillas transparentes de 1.5 pulgadas para decoración de patio interior y exterior, paquete de 25",https://www.amazon.com.mx/dp/B07DVDPYXX,https://www.amazon.com/dp/B07DVDPYXX,Boon Shopping,Boutiquewindow
,B06XHJP5PC,5,Hogar y Cocina,disponible,no disponible,,,2025-10-19T03:42:30.958Z,2025-10-27T14:40:51.306Z,2025-10-28T22:10:31.465Z,588.74,,$587.36,"OTTFF - Juego de 8 cables de suspensión de luz de techo de 3.3 pies, acero de longitud ajustable para luz hexagonal de cochera, panel LED, luces de acuario",https://www.amazon.com.mx/dp/B06XHJP5PC,https://www.amazon.com/dp/B06XHJP5PC,Boon Shopping,
,B083GHXFTJ,5,Hogar y Cocina,disponible,disponible,,,2025-10-19T03:42:30.958Z,2025-10-27T14:41:03.382Z,2025-10-28T22:10:45.713Z,529.48,9.99,$530.45,"Winzwon - Luces LED interiores para accesorios de coche para mujeres y hombres, regalos de cumpleaños para hombres, control de aplicación con puerto USB, sincronización de música, cambio de color",https://www.amazon.com.mx/dp/B083GHXFTJ,https://www.amazon.com/dp/B083GHXFTJ,Boon Shopping,Miorter
,B0822HCG21,5,Hogar y Cocina,disponible,disponible,,,2025-10-19T03:42:30.958Z,2025-10-27T14:41:10.386Z,2025-10-28T22:10:54.180Z,2122.96,68.39,"$2,126.36","GLW - Luces de paisaje de 12 V, 10 W, bajo voltaje, RGB para exteriores, IP65 resistente al agua que cambia de color, luz LED de inundación, luz de pared regulable, lámpara de inundación, 16 colores, 4 modos (8 unidades)",https://www.amazon.com.mx/dp/B0822HCG21,https://www.amazon.com/dp/B0822HCG21,SRKSB LLC,GLW Lighting
,B07Y3TMQJ5,5,Hogar y Cocina,disponible,disponible,,,2025-10-19T03:42:30.958Z,2025-10-27T14:41:18.868Z,2025-10-28T22:11:02.771Z,627.14,12.99,$732.10,"Luces de Navidad – Cadena de luces LED transparentes de 50 unidades, 8 modos de cable verde mini juego de luces con temporizador para árbol de Navidad, decoración interior y exterior, impermeable, blanco cálido",https://www.amazon.com.mx/dp/B07Y3TMQJ5,https://www.amazon.com/dp/B07Y3TMQJ5,SRKSB LLC,HoliDecor
,B07VZXKYXW,5,Hogar y Cocina,disponible,disponible,,,2025-10-19T03:42:30.959Z,2025-10-27T14:41:26.534Z,2025-10-28T22:11:10.058Z,515.14,6.99,$446.00,PERFECTDAY - Luz de libro con 10 LED USB recargable con brillo de 3 niveles para protección ocular lámpara de lectura nocturna (10 LED),https://www.amazon.com.mx/dp/B07VZXKYXW,https://www.amazon.com/dp/B07VZXKYXW,SRKSB LLC,FINY PRODUCTS
,B07S3TC8F4,5,Hogar y Cocina,disponible,disponible,,,2025-10-19T03:42:43.239Z,2025-10-27T14:41:34.514Z,2025-10-28T22:11:18.915Z,695.04,15.99,$676.62,"Ariceleo - Luces LED de hadas con pilas, 4 paquetes de mini luces de hadas estrelladas de alambre de cobre alimentadas por pilas, para recámara, Navidad, fiestas, boda, centro de mesa, decoración (5",https://www.amazon.com.mx/dp/B07S3TC8F4,https://www.amazon.com/dp/B07S3TC8F4,SRKSB LLC,MaiRuiSi
,B07RYKCC8P,5,Hogar y Cocina,disponible,no disponible,,,2025-10-19T03:42:43.239Z,2025-10-27T14:41:42.588Z,2025-10-28T22:11:27.227Z,700.52,,$679.33,"Ariceleo - Luces LED de hadas con pilas, 4 paquetes de mini luces de hadas estrelladas de alambre de cobre alimentadas por pilas, para recámara, Navidad, fiestas, boda, centro de mesa, decoración (5",https://www.amazon.com.mx/dp/B07RYKCC8P,https://www.amazon.com/dp/B07RYKCC8P,SRKSB LLC,
,B094YDWNQY,5,Hogar y Cocina,disponible,disponible,,,2025-10-19T03:42:43.239Z,2025-10-27T14:41:51.082Z,2025-10-28T22:11:35.376Z,937.82,18.99,$790.19,"XVZ - Lote de 2 farolillos solares para colgar, 30 luces LED de cristal agrietado, lámparas colgantes IP65 impermeables, lámparas solares para jardín, valla, patio, boda, Halloween, Navidad, blanco cálido",https://www.amazon.com.mx/dp/B094YDWNQY,https://www.amazon.com/dp/B094YDWNQY,SRKSB LLC,XVZ
,B08T64V91C,5,Hogar y Cocina,disponible,no disponible,,,2025-10-19T03:42:43.239Z,2025-10-27T14:41:58.923Z,2025-10-28T22:11:42.287Z,2028.4,,"$2,028.40","WOCHOS Lámpara de araña retro industrial de metal y madera con 1 luz redonda para cocina, isla, vestíbulo, bar, comedor, restaurante, 19,8 cm de profundidad x 21,8 cm de alto",https://www.amazon.com.mx/dp/B08T64V91C,https://www.amazon.com/dp/B08T64V91C,SRKSB LLC,
,B0DCZDNCS9,5,Hogar y Cocina,disponible,disponible,,,2025-10-19T03:42:43.239Z,2025-10-27T14:42:06.457Z,2025-10-28T22:11:49.179Z,2752.7,79.99,"$2,752.70","CONUCK - Lámpara de baño de 5 luces, accesorios de iluminación de baño sobre espejo, luz de cambiador negra con pantallas de vidrio transparente",https://www.amazon.com.mx/dp/B0DCZDNCS9,https://www.amazon.com/dp/B0DCZDNCS9,SRKSB LLC,CO-NUCK
,B08BNDM6SK,5,Hogar y Cocina,disponible,disponible,,,2025-10-19T03:42:43.240Z,2025-10-27T14:42:12.997Z,2025-10-28T22:11:56.432Z,1485.89,44.99,"$1,514.51","Biling Focos solares para exteriores, luces solares brillantes de 700 lúmenes para exteriores, IP67, impermeables, luces solares para paisaje, luces ascendentes para casa, patio, camino, jardín, entrada, piscina, color blanco (paquete de 4)",https://www.amazon.com.mx/dp/B08BNDM6SK,https://www.amazon.com/dp/B08BNDM6SK,SRKSB LLC,Lc_smarts
,B086MCRS3W,5,Hogar y Cocina,disponible,no disponible,,,2025-10-19T03:42:43.240Z,2025-10-27T14:42:20.407Z,2025-10-28T22:12:03.084Z,603.38,,$605.91,"Paquete de 2 cadenas de 100 luces led con energía solar, cable de cobre impermeable al aire libre, 8 modos de luces de fantasía para jardín, patio, fiesta, Navidad, hogar",https://www.amazon.com.mx/dp/B086MCRS3W,https://www.amazon.com/dp/B086MCRS3W,SRKSB LLC,
,B0D98MGLG3,5,Hogar y Cocina,disponible,disponible,,,2025-10-19T03:42:43.240Z,2025-10-27T14:42:27.000Z,2025-10-28T22:12:11.137Z,856.35,19.99,$981.93,"Decoraciones de Navidad para exteriores, 4 juegos de árbol de Navidad solar con 80 luces LED de fresa multicolor y decoración de estrella, 8 modos de iluminación, luces impermeables para caminos",https://www.amazon.com.mx/dp/B0D98MGLG3,https://www.amazon.com/dp/B0D98MGLG3,SRKSB LLC,LuPu
,B0D93DBQKM,5,Hogar y Cocina,disponible,disponible,,,2025-10-19T03:42:43.240Z,2025-10-27T14:42:35.235Z,2025-10-28T22:12:18.811Z,3395.16,73.14,"$3,396.54","Pevfah Crystal - Lámpara de techo redonda chapada en cromo, moderno candelabro de 3 luces, 15.7 x 10.7 pulgadas, transparente, para sala de estar, pasillo, baño, cocina, recámara",https://www.amazon.com.mx/dp/B0D93DBQKM,https://www.amazon.com/dp/B0D93DBQKM,SRKSB LLC,Pevfah
,B0D5H6B8LL,5,Hogar y Cocina,disponible,no disponible,,,2025-10-19T03:42:43.240Z,2025-10-27T14:42:43.595Z,2025-10-28T22:12:26.312Z,2770.15,,"$2,988.78","Lámparas de cambiador de baño de 5 luces, luz de baño de madera, apliques rústicos con elegante visualización de metal para sala de estar, recámara, pasillo..",https://www.amazon.com.mx/dp/B0D5H6B8LL,https://www.amazon.com/dp/B0D5H6B8LL,SRKSB LLC,
,B0D52SMDY1,5,Hogar y Cocina,disponible,disponible,,,2025-10-19T03:42:43.240Z,2025-10-27T14:42:50.616Z,2025-10-28T22:12:33.296Z,5479.35,169.99,"$5,610.65","Tomourd - Lámpara de pared LED de 40 W, 4000 lm, 5000 K, 360 °, gran angular, IP66, impermeable, para uso en pared para exteriores, paquete de pared, iluminación ideal para cochera (4 paquetes)",https://www.amazon.com.mx/dp/B0D52SMDY1,https://www.amazon.com/dp/B0D52SMDY1,SRKSB LLC,kingying
,B0B2X5VYP4,5,Hogar y Cocina,disponible,no disponible,,,2025-10-19T03:42:43.240Z,2025-10-27T14:42:58.711Z,2025-10-28T22:12:41.618Z,1108.19,,"$1,143.22","ClanKin Apliques de pared, lámpara de pared regulable para recámara industrial, iluminación de fregadero de baño para recámara, pasillo, sala de estar (1 paquete, negro con Swtich)",https://www.amazon.com.mx/dp/B0B2X5VYP4,https://www.amazon.com/dp/B0B2X5VYP4,SRKSB LLC,
,B07ZW13PJX,5,Hogar y Cocina,disponible,no disponible,,,2025-10-19T03:42:43.240Z,2025-10-27T14:43:05.367Z,2025-10-28T22:12:48.861Z,592.88,,$595.73,"Kit de lámpara de cable de luz colgante, cable de foco colgante de 15 pies con certificación UL E26, kit de cable de enchufe, con interruptor de palanca de encendido/apagado + ganchos + enchufe de",https://www.amazon.com.mx/dp/B07ZW13PJX,https://www.amazon.com/dp/B07ZW13PJX,SRKSB LLC,
,B07PKKM4B1,5,Hogar y Cocina,disponible,disponible,,,2025-10-19T03:42:43.240Z,2025-10-27T14:43:13.684Z,2025-10-28T22:12:56.764Z,920.22,24.98,$931.36,"BZBRLZ Lámpara LED de computadora, lámpara de brazo oscilante de metal, lámpara de trabajo de arquitecto para el cuidado de los ojos, lámpara de mesa de oficina regulable con 3 modos de color, 10 niveles de brillo y adaptador, función de memoria (negro)",https://www.amazon.com.mx/dp/B07PKKM4B1,https://www.amazon.com/dp/B07PKKM4B1,SRKSB LLC,BZBRLZ
,B07PFTCKL3,5,Hogar y Cocina,disponible,disponible,,,2025-10-19T03:42:43.241Z,2025-10-27T14:43:22.035Z,2025-10-28T22:13:05.061Z,593.38,9.99,$555.56,"LOHAS Luz nocturna enchufable, luces LED de noche regulables con sensor de anochecer a amanecer, luz nocturna de sueño de 3000 K, brillo ajustable, mini luz de 5 a 80 lm, para guardería, habitación de",https://www.amazon.com.mx/dp/B07PFTCKL3,https://www.amazon.com/dp/B07PFTCKL3,SRKSB LLC,LOHAS-LED
,B07GB2PGY2,5,Hogar y Cocina,disponible,disponible,,,2025-10-19T03:42:43.241Z,2025-10-27T14:43:30.240Z,2025-10-28T22:13:14.542Z,732.95,15.89,$660.16,"ST38 - Guirnalda de luces de 3 m con 11 bombillas Edison transparentes, base E12 con certificación UL para porche de fiesta, patio trasero, cable negro",https://www.amazon.com.mx/dp/B07GB2PGY2,https://www.amazon.com/dp/B07GB2PGY2,TrendZora MX,Boutiquewindow
,B0757WG6GX,5,Hogar y Cocina,disponible,no disponible,,,2025-10-19T03:42:52.307Z,2025-10-27T14:43:42.606Z,2025-10-28T22:13:27.917Z,811.31,,$771.38,"Elsent - Paquete de 4 luces LED de noche rojas reales, enchufe en luces de pared con sensor de luz, adecuado para recámara, habitación de bebé y niños (diseño único de cubierta rosa)",https://www.amazon.com.mx/dp/B0757WG6GX,https://www.amazon.com/dp/B0757WG6GX,SRKSB LLC,
,B071WW3CYN,5,Hogar y Cocina,disponible,no disponible,,,2025-10-19T03:42:52.308Z,2025-10-27T14:43:51.795Z,2025-10-28T22:13:37.068Z,643.88,,$653.64,"OTTFF - Juego de 16 cables colgantes de luz de 3.2 pies, cables de suspensión de techo con pinzas ajustables para luces hexagonales de cochera, paneles LED, luces de acuario, carga máxima de 7 libras",https://www.amazon.com.mx/dp/B071WW3CYN,https://www.amazon.com/dp/B071WW3CYN,SRKSB LLC,
,B00ANU0HPK,5,Hogar y Cocina,disponible,no disponible,,,2025-10-19T03:42:52.308Z,2025-10-27T14:44:00.522Z,2025-10-28T22:13:45.692Z,588.36,,$555.45,"Novelty Lights Traditional Christmas Bubble Light Night Light, Red Liquid, 1 Pack",https://www.amazon.com.mx/dp/B00ANU0HPK,https://www.amazon.com/dp/B00ANU0HPK,Novayu,
,B0D5TFL2YP,5,Hogar y Cocina,disponible,disponible,,,2025-10-19T03:42:52.308Z,2025-10-27T14:44:08.062Z,2025-10-28T22:13:53.178Z,662.12,10.99,$601.69,"Wowza Powah - Cadena de luces de camping 4 en 1 de 32.8 pies para exteriores, almacenamiento rápido, cadena de luces y linternas, 8 modos retráctiles, esenciales, impermeables, luces de campamento",https://www.amazon.com.mx/dp/B0D5TFL2YP,https://www.amazon.com/dp/B0D5TFL2YP,SRKSB LLC,SparkleGiGi
,B07RVF998P,5,Hogar y Cocina,disponible,disponible,,,2025-10-19T03:42:52.308Z,2025-10-27T14:44:15.701Z,2025-10-28T22:14:00.253Z,2803.09,74.95,"$2,492.34","BritTech - Letrero abierto de neón de 21 x 10 pulgadas, modelo 2025, con control remoto, ve tu negocio día o noche (21 x 10 pulgadas, azul/rojo)",https://www.amazon.com.mx/dp/B07RVF998P,https://www.amazon.com/dp/B07RVF998P,aldeta,BritTech LED Open Sign Manufacturer
,B07QLQHQQ2,5,Hogar y Cocina,disponible,disponible,,,2025-10-19T03:42:52.308Z,2025-10-27T14:44:23.429Z,2025-10-28T22:14:08.197Z,1603.23,46.99,"$1,638.14","YEEGO DIRECT - Barra de luz LED de 7 pulgadas, 240 W 24000 lm, luces LED todoterreno, luces de trabajo impermeables para camión, UTV, ATV, SUV, 12 V, 24 V, tractor, camioneta, barco (4 piezas)",https://www.amazon.com.mx/dp/B07QLQHQQ2,https://www.amazon.com/dp/B07QLQHQQ2,SRKSB LLC,YEEGO DIRECT
,B06XS1L7CN,5,Hogar y Cocina,disponible,disponible,,,2025-10-19T03:42:52.308Z,2025-10-27T14:44:31.364Z,2025-10-28T22:14:16.442Z,689.93,18.99,$737.57,"110 V clásico bombillas, 4PCS 110V 60w A19, 4 PCS 60W A19",https://www.amazon.com.mx/dp/B06XS1L7CN,https://www.amazon.com/dp/B06XS1L7CN,M&H Customer Friendly Store,Bravelights
,B018FXNV0O,5,Hogar y Cocina,disponible,no disponible,,,2025-10-19T03:42:52.308Z,2025-10-27T14:44:38.539Z,2025-10-28T22:14:25.458Z,724.81,,$673.90,"OTTFF 3W E27 Disco Ball Lamp RGB Rotating LED Strobe Party Bulb Stage Light for Family Party,Birthday,Festival,Desk Lamp Decoration,Remote Control",https://www.amazon.com.mx/dp/B018FXNV0O,https://www.amazon.com/dp/B018FXNV0O,Novayu,
,B004OZKLBK,5,Hogar y Cocina,disponible,disponible,,,2025-10-19T03:42:52.308Z,2025-10-27T14:44:46.957Z,2025-10-28T22:14:32.715Z,619.36,11.99,$731.73,"Novelty Lights 25 Pack C7 Outdoor Christmas Replacement Bulbs, Blue, C7/E12 Candelabra Base, 5 Watt",https://www.amazon.com.mx/dp/B004OZKLBK,https://www.amazon.com/dp/B004OZKLBK,SRKSB LLC,"Novelty Lights, LLC"
,B005MZC82Q,5,Hogar y Cocina,disponible,disponible,,,2025-10-19T03:42:52.309Z,2025-10-27T14:44:55.040Z,2025-10-28T22:14:40.093Z,1049.4,28.98,"$1,026.10","Novelty Lights 25 Pack S14 Outdoor Patio Edison Replacement Bulbs, E27 Medium Base, Ceramic Multi, 11 Watt",https://www.amazon.com.mx/dp/B005MZC82Q,https://www.amazon.com/dp/B005MZC82Q,SRKSB LLC,"Novelty Lights, LLC"
,B07N8K7JJ4,5,Hogar y Cocina,disponible,no disponible,,,2025-10-19T03:42:52.309Z,2025-10-27T14:45:03.201Z,2025-10-28T22:14:46.817Z,650.25,,$650.25,"Great Eagle Lighting Corporation - Bombilla Foco LED A19 equivalente a 40/60/100 W equivalente a 3 vías, 3000 K, Color Blanco Suave (Paquete de 4)",https://www.amazon.com.mx/dp/B07N8K7JJ4,https://www.amazon.com/dp/B07N8K7JJ4,SRKSB LLC,
,B073M28VC9,5,Hogar y Cocina,disponible,no disponible,,,2025-10-19T03:42:52.309Z,2025-10-27T14:45:09.759Z,2025-10-28T22:14:54.360Z,810.17,,$814.66,"Elsent [Pack de 4] Enchufe en LED Brillante Azul luz de Noche con Sensor de Dusk a Dawn, Auto ON/Off – Perfecto para baño, Pasillo y Cocina",https://www.amazon.com.mx/dp/B073M28VC9,https://www.amazon.com/dp/B073M28VC9,SRKSB LLC,
,B004Q65OJQ,5,Hogar y Cocina,disponible,disponible,,,2025-10-19T03:42:52.309Z,2025-10-27T14:45:16.703Z,2025-10-28T22:15:01.370Z,684.91,16.22,$664.50,"Novelty Lights 25 Pack G30 Outdoor Globe Replacement Bulbs, Red, C7/E12 Candelabra Base, 5 Watt",https://www.amazon.com.mx/dp/B004Q65OJQ,https://www.amazon.com/dp/B004Q65OJQ,SRKSB LLC,"Novelty Lights, LLC"
,B0D1KDHYFW,5,Hogar y Cocina,disponible,no disponible,,,2025-10-19T03:42:52.309Z,2025-10-27T14:45:25.477Z,2025-10-28T22:15:10.378Z,1587.22,,"$1,555.23","Fenmzee Plus - Juego de 2 – 3 lámparas de mesa de noche con puerto de carga de salida de CA, lámparas redondas de noche para recámara, habitación de invitados, oficina, luz lateral de cama con",https://www.amazon.com.mx/dp/B0D1KDHYFW,https://www.amazon.com/dp/B0D1KDHYFW,SRKSB LLC,
,B095RL5DHK,5,Hogar y Cocina,disponible,disponible,,,2025-10-19T03:42:52.309Z,2025-10-27T14:45:32.666Z,2025-10-28T22:15:18.599Z,602,39.89,"$1,275.67","Omgomne - Lámpara colgante moderna para isla de cocina, 1 luz, color negro, oro GU10, cable de luz colgante ajustable para sala de estar, recámara, comedor, 1 paquete",https://www.amazon.com.mx/dp/B095RL5DHK,https://www.amazon.com/dp/B095RL5DHK,nong mei25,OUMONTE
,B0C7QQQ8V9,5,Hogar y Cocina,disponible,disponible,,,2025-10-19T03:42:52.309Z,2025-10-27T14:45:41.576Z,2025-10-28T22:15:26.958Z,591.67,23.19,$982.27,"HAJAE - Letreros de neón de Jesús con luces led para decoración de pared, recámara, sala, bodas, luz regulable para decoración del hogar, eventos religiosos, regalos de Navidad y Pascua, cruz de Jesús",https://www.amazon.com.mx/dp/B0C7QQQ8V9,https://www.amazon.com/dp/B0C7QQQ8V9,Amazon Estados Unidos,Hajaed
,B094N4V1ZH,5,Hogar y Cocina,disponible,disponible,,,2025-10-19T03:43:05.224Z,2025-10-27T14:45:49.026Z,2025-10-28T22:15:35.092Z,774.45,19.97,$768.88,"foco LED recargable de emergencia con gancho, se mantiene encendida cuando falla la alimentación, bombillas LED equivalentes a 1500 mAh, 12 W y 60 W para el hogar, camping, senderismo, paquete de 4",https://www.amazon.com.mx/dp/B094N4V1ZH,https://www.amazon.com/dp/B094N4V1ZH,SRKSB LLC,LingHang WuLiu
,B08J6SRZ9Q,5,Hogar y Cocina,disponible,no disponible,,,2025-10-19T03:43:05.225Z,2025-10-27T14:45:57.949Z,2025-10-28T22:15:42.124Z,4930.5,,"$5,032.42","Bribyit Kitchen Island Lighting, 33.5-Inch 5 Lights Farmhouse Linear Chandelier for Dining Room Pool Table Pendant Light Fixture, Rustic Wood Grain Finish, Industrial Pendant Light…",https://www.amazon.com.mx/dp/B08J6SRZ9Q,https://www.amazon.com/dp/B08J6SRZ9Q,SRKSB LLC,
,B07Z8XLGRC,5,Hogar y Cocina,disponible,no disponible,,,2025-10-19T03:43:05.225Z,2025-10-27T14:46:06.060Z,2025-10-28T22:15:50.006Z,4720.66,,"$4,979.77","Ventilador de techo de vidrio de 52 pulgadas con luces, 5 cuchillas de madera y hermosa lámpara, ventilador de techo moderno con motor silencioso, ventilador de araña con control remoto para recámara,",https://www.amazon.com.mx/dp/B07Z8XLGRC,https://www.amazon.com/dp/B07Z8XLGRC,SRKSB LLC,
,B0DGY3C2R7,5,Hogar y Cocina,disponible,disponible,,,2025-10-19T03:43:05.225Z,2025-10-27T14:46:13.452Z,2025-10-28T22:15:58.351Z,1084.12,30.39,"$1,079.92","Letreros de neón de coronas de Navidad, señal de luz LED de Navidad, luces de neón para fiestas, hogar, bar, festivales, decoración de pared, alimentada por USB",https://www.amazon.com.mx/dp/B0DGY3C2R7,https://www.amazon.com/dp/B0DGY3C2R7,SRKSB LLC,GC Neon Life
,B0D97C6PVG,5,Hogar y Cocina,disponible,disponible,,,2025-10-19T03:43:05.225Z,2025-10-27T14:46:27.385Z,2025-10-28T22:16:13.090Z,511.12,18.99,$737.57,"Velas flotantes con varita – Paquete de 12 velas mágicas sin llama parpadeantes, luz cálida, velas LED para colgar a distancia, velas que funcionan con pilas para Navidad, decoración de fiestas",https://www.amazon.com.mx/dp/B0D97C6PVG,https://www.amazon.com/dp/B0D97C6PVG,Amazon Estados Unidos,Goodkidstoys
,B0B1V3VLXF,5,Hogar y Cocina,disponible,disponible,,,2025-10-19T03:43:05.225Z,2025-10-27T14:46:34.469Z,2025-10-28T22:16:22.923Z,729,39.99,"$1,153.67","Luces láser de Navidad, proyector de luces láser para jardín al aire última intervensión, estrella de movimiento, 3 colores, rojo, verde, azul, a prueba de agua, adecuado para decoración de jardín al",https://www.amazon.com.mx/dp/B0B1V3VLXF,https://www.amazon.com/dp/B0B1V3VLXF,天天zrl來財,CAIYUE
,B0CDW4H5ZT,5,Hogar y Cocina,disponible,disponible,,,2025-10-19T03:43:05.225Z,2025-10-27T14:46:41.741Z,2025-10-28T22:16:29.941Z,440,8.99,$516.08,"CYLYT - Paquete de 12 bombillas de vela E12 de 25 W, blanco cálido, 2500 K, 240 lúmenes, regulables, para ventilador de techo, colgantes o exteriores",https://www.amazon.com.mx/dp/B0CDW4H5ZT,https://www.amazon.com/dp/B0CDW4H5ZT,quanax,CYLYT
,B0CKHQJ4DZ,5,Hogar y Cocina,disponible,disponible,,,2025-10-19T03:43:05.226Z,2025-10-27T14:46:48.960Z,2025-10-28T22:16:38.804Z,924.63,25.99,$875.05,"FLRYBRG - Foco de Halloween para exteriores de 15 W con control remoto de 110 V COB LED para exteriores, luces de paisaje que cambian de color RGB para decoración de patio, árbol, camino de jardín",https://www.amazon.com.mx/dp/B0CKHQJ4DZ,https://www.amazon.com/dp/B0CKHQJ4DZ,SRKSB LLC,Xinyahe
,B0CJBY1Z3S,5,Hogar y Cocina,disponible,no disponible,,,2025-10-19T03:43:05.226Z,2025-10-27T14:46:56.546Z,2025-10-28T22:16:46.003Z,826.17,,$821.89,"VIEWELLD Velas parpadeantes sin llama con control remoto y temporizador, velas LED realistas, velas funcionan con pilas para Navidad, hogar, boda, cumpleaños, decoración de cera real, juego de 3",https://www.amazon.com.mx/dp/B0CJBY1Z3S,https://www.amazon.com/dp/B0CJBY1Z3S,SRKSB LLC,
,B0CFTN84QY,5,Hogar y Cocina,disponible,disponible,,,2025-10-19T03:43:05.226Z,2025-10-27T14:47:04.803Z,2025-10-28T22:16:54.472Z,794.47,17.99,$889.56,"CYLYT - Paquete de 20 bombillas E12 para candelabro, 40 W, blanco cálido, 2500 K, 380 lúmenes, regulables, para ventilador de techo, colgantes o exteriores, CA10 bombillas incandescentes transparentes",https://www.amazon.com.mx/dp/B0CFTN84QY,https://www.amazon.com/dp/B0CFTN84QY,SRKSB LLC,CYLYT
,B0CFT7DGNB,5,Hogar y Cocina,disponible,no disponible,,,2025-10-19T03:43:05.226Z,2025-10-27T14:47:11.644Z,2025-10-28T22:17:02.543Z,494.83,,$475.71,"Letras LED pequeñas para marquesina, letras iluminadas, letras LED de 8.58 pulgadas, letrero iluminado con pilas para mesa, fiesta, cumpleaños, decoración de Navidad (rosa purpurina, letra J)",https://www.amazon.com.mx/dp/B0CFT7DGNB,https://www.amazon.com/dp/B0CFT7DGNB,SRKSB LLC,
,B0CDJFKVMF,5,Hogar y Cocina,disponible,disponible,,,2025-10-19T03:43:05.226Z,2025-10-27T14:47:19.687Z,2025-10-28T22:17:11.203Z,1496.67,36.09,"$1,446.70","LOEHINLE - Lámpara colgante clásico de granja con visualización de metal, luces industriales de granero para pasillo, isla de cocina, fregadero, comedor, sala de estar, negro, 12.2 pulgadas",https://www.amazon.com.mx/dp/B0CDJFKVMF,https://www.amazon.com/dp/B0CDJFKVMF,SRKSB LLC,CLOLUE
,B0C4ZX94BR,5,Hogar y Cocina,disponible,disponible,,,2025-10-19T03:43:05.226Z,2025-10-27T14:47:26.802Z,2025-10-28T22:17:19.856Z,436.83,5.99,$431.84,"Elenhome - foco GU10 de 120 V 50 W para lámpara calentadora de velas, 2 bombillas GU10+C regulables de 2800 K, color blanco cálido de 2 pines, foco de quemador de cera, cubierta de vidrio completo,",https://www.amazon.com.mx/dp/B0C4ZX94BR,https://www.amazon.com/dp/B0C4ZX94BR,SRKSB LLC,Elenhome US
,B0C5M53FGF,5,Hogar y Cocina,disponible,disponible,,,2025-10-19T03:43:05.226Z,2025-10-27T14:47:34.644Z,2025-10-28T22:17:26.846Z,1155.6,29.99,"$1,129.26","Lámpara de pie LED, lámpara de pie superbrillante de 18 W para sala de estar, colores continuos ajustables y brillo de cuello de cisne, luz de lectura para cuidar los ojos con control remoto",https://www.amazon.com.mx/dp/B0C5M53FGF,https://www.amazon.com/dp/B0C5M53FGF,SRKSB LLC,Fanyin Online
,B0C39SXQ41,5,Hogar y Cocina,disponible,disponible,,,2025-10-19T03:43:05.227Z,2025-10-27T14:47:43.681Z,2025-10-28T22:17:34.312Z,533.05,10.39,$528.57,"Luces de disco con temporizador remoto, luces LED que funcionan con pilas, luces LED para estante de pegar luces inalámbricas, luces de mostrador RGB que cambian de color, 2 unidades, color blanco",https://www.amazon.com.mx/dp/B0C39SXQ41,https://www.amazon.com/dp/B0C39SXQ41,SRKSB LLC,Digit.LED
,B098J6LNG4,5,Hogar y Cocina,disponible,disponible,,,2025-10-19T03:43:05.227Z,2025-10-27T14:47:50.400Z,2025-10-28T22:17:42.676Z,436.77,10.99,$622.53,"AKSDA - Luz LED regulable para debajo del gabinete, iluminación inalámbrica, barra magnética de luz nocturna con batería recargable, mostrador para escaleras de cocina, pasillo, fregadero",https://www.amazon.com.mx/dp/B098J6LNG4,https://www.amazon.com/dp/B098J6LNG4,BDQYQ,AKSDA-US
,B092DC6W14,5,Hogar y Cocina,disponible,disponible,,,2025-10-19T03:43:21.352Z,2025-10-27T14:47:58.095Z,2025-10-28T22:17:50.118Z,2306.84,65.99,"$2,229.94","Chosenior - Lámpara de baño negra, 3 luces modernas con visualización de vidrio transparente para espejo, cocina, recámara, pasillo",https://www.amazon.com.mx/dp/B092DC6W14,https://www.amazon.com/dp/B092DC6W14,SRKSB LLC,Chosenior
,B0BVBM9ZCD,5,Hogar y Cocina,disponible,no disponible,,,2025-10-19T03:43:21.352Z,2025-10-27T14:48:05.686Z,2025-10-28T22:17:57.592Z,1814.62,,"$1,874.94","HiBay - Juego de 2 lámparas de noche táctiles de 17.7 pulgadas con puertos de carga USB y salida de CA, luces de noche blancas modernas para recámara, sala de estar, habitación de los niños",https://www.amazon.com.mx/dp/B0BVBM9ZCD,https://www.amazon.com/dp/B0BVBM9ZCD,SRKSB LLC,
,B09Y344K1F,5,Hogar y Cocina,disponible,disponible,,,2025-10-19T03:43:21.352Z,2025-10-27T14:48:13.278Z,2025-10-28T22:18:06.114Z,809.1,14.99,$671.47,"NEROSUN Luces de Navidad multicolor que funcionan con pilas, paquete de 2 50 luces LED de 16 pies impermeables para árbol de Navidad con 8 modos, decoraciones de Navidad para interiores y exteriores, patio, boda, decoración del hogar",https://www.amazon.com.mx/dp/B09Y344K1F,https://www.amazon.com/dp/B09Y344K1F,SRKSB LLC,Siny YO LLC
,B09T6YXSXQ,5,Hogar y Cocina,disponible,no disponible,,,2025-10-19T03:43:21.352Z,2025-10-27T14:48:21.157Z,2025-10-28T22:18:14.771Z,568.72,,$529.48,"Tira de luz LED blanca, 16 pies/5 m SMD5050 300 LED DC12 V flexible cinta LED cortable iluminación (sin enchufe de alimentación de 12 V/adaptador)",https://www.amazon.com.mx/dp/B09T6YXSXQ,https://www.amazon.com/dp/B09T6YXSXQ,SRKSB LLC,
,B0B1Q9W2ND,5,Hogar y Cocina,disponible,disponible,,,2025-10-19T03:43:21.352Z,2025-10-27T14:48:28.038Z,2025-10-28T22:18:23.596Z,1085.45,29.99,"$1,081.56","RIDALUX - Luces solares para exteriores, paquete de 8 luces solares con llama parpadeante para decoración de jardín, iluminación impermeable al aire última intervensión, linterna de llama LED para",https://www.amazon.com.mx/dp/B0B1Q9W2ND,https://www.amazon.com/dp/B0B1Q9W2ND,SRKSB LLC,RIDALUX LIGHTING
,B09XTPZXG5,5,Hogar y Cocina,disponible,disponible,,,2025-10-19T03:43:21.352Z,2025-10-27T14:48:36.267Z,2025-10-28T22:18:32.521Z,3659.4,119,"$3,694.15","AXILIXI - Candelabros de cristal dorado de 16 pulgadas, lámpara colgante de techo moderna para comedor, regulable, pequeño montaje empotrado, candelabros redondos para vestíbulo, cocina, isla de entrada",https://www.amazon.com.mx/dp/B09XTPZXG5,https://www.amazon.com/dp/B09XTPZXG5,SRKSB LLC,A AXILIXI Lighting
,B09T929FVZ,5,Hogar y Cocina,disponible,disponible,,,2025-10-19T03:43:21.352Z,2025-10-27T14:48:44.730Z,2025-10-28T22:18:40.233Z,2427.76,64.99,"$2,426.38",Postes de luz de cadena (paquete de 2),https://www.amazon.com.mx/dp/B09T929FVZ,https://www.amazon.com/dp/B09T929FVZ,Boon Shopping,Eslander
,B09Q5P162V,5,Hogar y Cocina,disponible,no disponible,,,2025-10-19T03:43:21.352Z,2025-10-27T14:48:51.562Z,2025-10-28T22:18:47.575Z,1063.52,,"$1,062.14","Edzemuwa - Lámpara de techo de 3 luces, montaje empotrado en acabado negro mate, iluminación de granja para porche, pasillo, cocina, recámara",https://www.amazon.com.mx/dp/B09Q5P162V,https://www.amazon.com/dp/B09Q5P162V,Boon Shopping,
,B09MKLH48V,5,Hogar y Cocina,disponible,disponible,,,2025-10-19T03:43:21.352Z,2025-10-27T14:49:05.413Z,2025-10-28T22:19:01.987Z,907.61,19.55,$905.16,"Nanzhujin - Linterna solar para exteriores, jardín, PVC, impermeable, 3 LED, sin llama, luces decorativas para mesa, exterior, fiesta, 00-1, cobre",https://www.amazon.com.mx/dp/B09MKLH48V,https://www.amazon.com/dp/B09MKLH48V,SRKSB LLC,nanzhujin
,B09GDZQCRH,5,Hogar y Cocina,disponible,disponible,,,2025-10-19T03:43:21.353Z,2025-10-27T14:49:12.583Z,2025-10-28T22:19:09.146Z,967.27,25.39,"$1,077.83","Proyector de estrella 8 en 1 Smart WiFi Galaxy Proyector Luz de noche Trabajo con Alexa y Google Assistant, Proyector de luz Ocean Star con control remoto de voz inteligente para habitación de juegos de bebés y niños",https://www.amazon.com.mx/dp/B09GDZQCRH,https://www.amazon.com/dp/B09GDZQCRH,Boon Shopping,chanske
,B0967GT96Y,5,Hogar y Cocina,disponible,no disponible,,,2025-10-19T03:43:21.353Z,2025-10-27T14:49:20.691Z,2025-10-28T22:19:17.844Z,2276.3,,"$2,279.70","HANASS MBA1237 - Lámpara de baño dorada de 21 pulgadas, 3 luces, con visualización de vidrio en acabado dorado, MBA1237",https://www.amazon.com.mx/dp/B0967GT96Y,https://www.amazon.com/dp/B0967GT96Y,Boon Shopping,
,B093PSNZLY,5,Hogar y Cocina,disponible,no disponible,,,2025-10-19T03:43:21.353Z,2025-10-27T14:49:29.551Z,2025-10-28T22:19:25.709Z,967.32,,$825.63,"WSYEAR - Regalo de Navidad para hija de mamá, ideas para regalos de mamá e hija, regalo para hija, luz nocturna, regalos para Navidad, cumpleaños, día de San Valentín, regalos de graduación",https://www.amazon.com.mx/dp/B093PSNZLY,https://www.amazon.com/dp/B093PSNZLY,SRKSB LLC,
,B093KG6WXD,5,Hogar y Cocina,disponible,disponible,,,2025-10-19T03:43:21.353Z,2025-10-27T14:49:37.571Z,2025-10-28T22:19:33.172Z,938.36,23.99,"$1,081.92","Juego de 2 farolillos solares para colgar al aire libre luces decorativas para jardín, patio, porche. (Bronze)",https://www.amazon.com.mx/dp/B093KG6WXD,https://www.amazon.com/dp/B093KG6WXD,SRKSB LLC,XQL HomeDeco
,B08H2B4LCH,5,Hogar y Cocina,disponible,no disponible,,,2025-10-19T03:43:21.353Z,2025-10-27T14:49:45.545Z,2025-10-28T22:19:41.333Z,2451.66,,"$3,501.43","Lucalda - Lámpara de cambiador de baño regulable de 6000 K, 26 pulgadas, color dorado champaña, luces LED de 12 W, barra acrílica, luz de cambiador de bronce champaña",https://www.amazon.com.mx/dp/B08H2B4LCH,https://www.amazon.com/dp/B08H2B4LCH,GREENJIN,
,B088M42X4Z,5,Hogar y Cocina,disponible,disponible,,,2025-10-19T03:43:21.353Z,2025-10-27T14:49:53.194Z,2025-10-28T22:19:49.125Z,879.06,24.99,"$1,071.59","Biling Focos solares para exteriores, 2 en 1, luces solares de paisaje, 12 bombillas LED, luces solares IP67, impermeable, luz de pared ajustable para patio, camino, patio, jardín, entrada, piscina, color blanco (paquete de 2)",https://www.amazon.com.mx/dp/B088M42X4Z,https://www.amazon.com/dp/B088M42X4Z,SRKSB LLC,Lc_smarts
,B07WN96M7Z,5,Hogar y Cocina,disponible,disponible,,,2025-10-19T03:43:21.354Z,2025-10-27T14:50:01.395Z,2025-10-28T22:19:57.892Z,645.68,22.99,$818.29,"Bombillas LED tubulares regulables de 6 W, 3000 K, blanco cálido, bombilla de filamento estilo Edison, bombilla vintage T10 equivalente a 60 W, E26 base media 550 lm, cubierta de vidrio transparente, 7.3 pulgadas (185 mm), paquete de 4",https://www.amazon.com.mx/dp/B07WN96M7Z,https://www.amazon.com/dp/B07WN96M7Z,Amazon Estados Unidos,VCTC Lighting
,B0822KLWMF,5,Hogar y Cocina,disponible,disponible,,,2025-10-19T03:43:30.018Z,2025-10-27T14:50:08.322Z,2025-10-28T22:20:06.516Z,869.06,24.99,$884.39,"Biling - Focos solares para exteriores, 2 en 1, 12 bombillas LED, funciona con energía solar, IP67, impermeable, ajustable, para patio, camino, jardín, piscina, color blanco cálido (2 unidades)",https://www.amazon.com.mx/dp/B0822KLWMF,https://www.amazon.com/dp/B0822KLWMF,M&H Customer Friendly Store,Lc_smarts
,B07V4BXSVJ,5,Hogar y Cocina,disponible,no disponible,,,2025-10-19T03:43:30.019Z,2025-10-27T14:50:16.432Z,2025-10-28T22:20:13.691Z,2445.27,,"$2,931.48","PUZHI HOME Isla de Cocina Negra, 3-luces Iluminación Colgante de Granja con Cortinas de Metal Lámpara Colgante Moderna para Cocina Comedor",https://www.amazon.com.mx/dp/B07V4BXSVJ,https://www.amazon.com/dp/B07V4BXSVJ,SRKSB LLC,
,B07TSNS2YM,5,Hogar y Cocina,disponible,disponible,,,2025-10-19T03:43:30.019Z,2025-10-27T14:50:24.122Z,2025-10-28T22:20:22.917Z,765.17,18.69,$800.21,"Prosperbiz - Bombillas LED regulables E12 de 6 vatios (equivalente a 60 W) G14 para ventilador de techo, luz blanca de día 5000 K, base de candelabro, forma de globo, 600 lúmenes, paquete de 6",https://www.amazon.com.mx/dp/B07TSNS2YM,https://www.amazon.com/dp/B07TSNS2YM,fortivo store,Balder Direct
,B07TLS8NMM,5,Hogar y Cocina,disponible,disponible,,,2025-10-19T03:43:30.019Z,2025-10-27T14:50:31.444Z,2025-10-28T22:20:31.696Z,1459.37,42.99,"$1,033.02","Lámpara de pared para exteriores con luz LED para porche, lámpara de pared cilíndrica de 60 W, resistente al agua, para jardín, patio, dormitorio, sala de estar, luz blanca nocturna, sin bombillas",https://www.amazon.com.mx/dp/B07TLS8NMM,https://www.amazon.com/dp/B07TLS8NMM,SRKSB LLC,Energy lighting
,B07MX5LLQS,5,Hogar y Cocina,disponible,no disponible,,,2025-10-19T03:43:30.019Z,2025-10-27T14:50:40.204Z,2025-10-28T22:20:38.814Z,1108.19,,"$1,102.41","SUNWIND - Juego de 4 luces LED de valla para postes de madera de 4 x 4 y 5 x 5 pulgadas, color blanco cálido, impermeables, para decoración de terraza, patio o jardín (negro)",https://www.amazon.com.mx/dp/B07MX5LLQS,https://www.amazon.com/dp/B07MX5LLQS,SRKSB LLC,
,B07Q6HDWZR,5,Hogar y Cocina,disponible,disponible,,,2025-10-19T03:43:30.019Z,2025-10-27T14:50:47.457Z,2025-10-28T22:20:45.470Z,608.35,12.99,$608.35,"YUJIU - foco LED regulable de 8 W E17 para horno de microondas, luz LED de base intermedia, luz diurna de 6000 K 100 W equivalente a halógeno bajo microondas (paquete de 2)",https://www.amazon.com.mx/dp/B07Q6HDWZR,https://www.amazon.com/dp/B07Q6HDWZR,SRKSB LLC,"YuJiu,Light"
,B0788H7LS3,5,Hogar y Cocina,disponible,disponible,,,2025-10-19T03:43:30.019Z,2025-10-27T14:50:55.483Z,2025-10-28T22:20:54.014Z,1675.18,49.99,"$1,664.28","7Pandas Bombillas LED PAR38 para inundación, bombilla halógena equivalente a 90 W, listado en ETL, cuerpo de vidrio completo, 14 W 1200 LM, uso en interiores y exteriores, paquete de 4, rojo",https://www.amazon.com.mx/dp/B0788H7LS3,https://www.amazon.com/dp/B0788H7LS3,SRKSB LLC,7Pandas
,B0CJ8ZFB1M,5,Hogar y Cocina,disponible,disponible,,,2025-10-19T03:43:30.019Z,2025-10-27T14:51:02.415Z,2025-10-28T22:21:02.954Z,6604.97,199,"$8,756.00","Moderna lámpara de araña de vidrio dorado para comedor, ramas de árbol para sala de estar, recámara, baño, cocina, vestíbulo, lámpara redonda de 30 pulgadas sobre mesa, lámparas de techo de vidrio",https://www.amazon.com.mx/dp/B0CJ8ZFB1M,https://www.amazon.com/dp/B0CJ8ZFB1M,Bedos Store,Kwolighting
,B0BXX3M18D,5,Hogar y Cocina,disponible,no disponible,,,2025-10-19T03:43:30.019Z,2025-10-27T14:51:09.495Z,2025-10-28T22:21:10.716Z,1444,,"$2,205.29","iMaihom - Luz LED de seguridad con sensor de movimiento de 100 W, luces de inundación superbrillantes de 9000 lm, proyector exterior de 6500 K, impermeable IP65, detector de movimiento ajustable de 3 cabezales para patio y cochera (café)",https://www.amazon.com.mx/dp/B0BXX3M18D,https://www.amazon.com/dp/B0BXX3M18D,Lumexa Online MX,
,B09NVKQKRR,5,Hogar y Cocina,disponible,disponible,,,2025-10-19T03:43:30.020Z,2025-10-27T14:51:17.475Z,2025-10-28T22:21:18.563Z,507,19.99,$786.05,"Liveasily - Paquete de 4 luces solares LED con llama parpadeante para exteriores, impermeables, para Halloween, linternas solares, luces de estaca, encendido y apagado automático, decoraciones de",https://www.amazon.com.mx/dp/B09NVKQKRR,https://www.amazon.com/dp/B09NVKQKRR,MEI01 WEKSMD,Lifa E-commerce
,B08CCZ11WQ,5,Hogar y Cocina,disponible,disponible,,,2025-10-19T03:43:30.020Z,2025-10-27T14:51:24.355Z,2025-10-28T22:21:26.291Z,2088.06,87.99,"$2,606.09","Luces LED empotrables de 4 pulgadas ultrafinas ajustables con cardán LED empotrable con caja de conexiones, 9 W, 750 lm, luz de techo regulable con certificación ETL (2700 K/3000 K/3500 K/4000 K/5000",https://www.amazon.com.mx/dp/B08CCZ11WQ,https://www.amazon.com/dp/B08CCZ11WQ,Amazon Estados Unidos,Gasonny
,B08CCY492H,5,Hogar y Cocina,disponible,disponible,,,2025-10-19T03:43:30.020Z,2025-10-27T14:51:32.419Z,2025-10-28T22:21:33.472Z,3823.24,169.99,"$4,696.34","Gasonny Luces LED empotrables de 4 pulgadas, ultradelgadas, ajustables, con forma de globo ocular, iluminación empotrada con caja de conexiones, 9 W, 750 lúmenes, luz de techo regulable con certificación ETL (3000 k/4000 k/5000 k, opción de 12 unidades)",https://www.amazon.com.mx/dp/B08CCY492H,https://www.amazon.com/dp/B08CCY492H,Amazon Estados Unidos,Gasonny
,B0D4D5YD1G,5,Hogar y Cocina,disponible,no disponible,,,2025-10-19T03:43:44.618Z,2025-10-27T14:51:45.655Z,2025-10-28T22:21:47.853Z,1994.62,,"$2,417.52","HAVLOTII Estantería infantil y almacenamiento de juguetes, estante para libros para habitaciones de niños, estantería para bebés para guardería, organizador de juguetes Montessori, blanco",https://www.amazon.com.mx/dp/B0D4D5YD1G,https://www.amazon.com/dp/B0D4D5YD1G,SRKSB LLC,
,B0C45YMHRR,5,Hogar y Cocina,disponible,no disponible,,,2025-10-19T03:43:44.618Z,2025-10-27T14:51:55.768Z,2025-10-28T22:21:55.823Z,2765.75,,"$2,878.15","APRTAT Banco de comedor de bambú, 35 pulgadas, decoración de granja para interiores, mesa de cocina, banco de zapatos de entrada, banco al aire última intervensión, bancos de bambú sólido para sala de",https://www.amazon.com.mx/dp/B0C45YMHRR,https://www.amazon.com/dp/B0C45YMHRR,Rendomin,
,B0CSXM56FB,5,Hogar y Cocina,disponible,no disponible,,,2025-10-19T03:43:44.618Z,2025-10-27T14:52:04.647Z,2025-10-28T22:22:03.536Z,1039,,"$1,273.82","Leomonio - Mesas auxiliares estrechas con cesta de tela, mesa delgada para espacios pequeños, mesita de noche delgada para sala de estar, recámara",https://www.amazon.com.mx/dp/B0CSXM56FB,https://www.amazon.com/dp/B0CSXM56FB,LA2MTY Facturamos todas tus compras,
,B0CQMB4ZRP,5,Hogar y Cocina,disponible,no disponible,,,2025-10-19T03:43:44.618Z,2025-10-27T14:52:12.893Z,2025-10-28T22:22:10.408Z,2565.98,,"$2,783.06","HLIPHA - Bastidor metálico de cama de plataforma, de 35.56 cm de alto, sin somier, con listones de soporte fuertes y resistentes, fácil de ensamblar, tamaño King, color negro",https://www.amazon.com.mx/dp/B0CQMB4ZRP,https://www.amazon.com/dp/B0CQMB4ZRP,SRKSB LLC,
,B0CYNNRQGV,5,Hogar y Cocina,disponible,no disponible,,,2025-10-19T03:43:44.619Z,2025-10-27T14:52:21.734Z,2025-10-28T22:22:17.589Z,1004.54,,"$1,006.45","KORRTFID - Soporte para discos de vinilo, soporte para almacenamiento de álbumes, luz blanca cálida con letras acrílicas a prueba de huellas dactilares (letras plateadas)",https://www.amazon.com.mx/dp/B0CYNNRQGV,https://www.amazon.com/dp/B0CYNNRQGV,SRKSB LLC,
,B0DRFZ3NC2,5,Hogar y Cocina,disponible,no disponible,,,2025-10-19T03:43:44.619Z,2025-10-27T14:52:30.947Z,2025-10-28T22:22:24.570Z,1676.86,,"$1,684.70","VECOCHO - Mesa de consola estrecha de 2 niveles con almacenamiento, mesa de sofá de media luna con marco de metal, mesa de centro lateral de madera para sala de estar/pasillo o espacios pequeños",https://www.amazon.com.mx/dp/B0DRFZ3NC2,https://www.amazon.com/dp/B0DRFZ3NC2,SRKSB LLC,
,B0CQZJVSS2,5,Hogar y Cocina,disponible,no disponible,,,2025-10-19T03:43:44.619Z,2025-10-27T14:52:39.796Z,2025-10-28T22:22:31.886Z,1899,,"$1,928.59","HAVLOTII Estantería y organizador de juguetes para niños, estantería de 3 niveles para niños, estantería Montessori para libros, recámara, sala de juegos, guardería, organizador de almacenamiento de",https://www.amazon.com.mx/dp/B0CQZJVSS2,https://www.amazon.com/dp/B0CQZJVSS2,SRKSB LLC,
,B0DBGX4HQ8,5,Hogar y Cocina,disponible,no disponible,,,2025-10-19T03:43:44.619Z,2025-10-27T14:52:49.470Z,2025-10-28T22:22:39.945Z,1024.48,,$982.44,"OPNICE - Organizadores y accesorios de computadora, soporte para monitor de computadora de 2 niveles con cajón y 2 soportes para bolígrafos, soporte para laptop, accesorios de computadora de oficina",https://www.amazon.com.mx/dp/B0DBGX4HQ8,https://www.amazon.com/dp/B0DBGX4HQ8,SRKSB LLC,
,B0DFQ19FDM,5,Hogar y Cocina,disponible,no disponible,,,2025-10-19T03:43:44.619Z,2025-10-27T14:52:58.739Z,2025-10-28T22:22:47.981Z,2994.25,,"$2,828.98","APRTAT Banco de comedor de bambú para interior, entrada larga, bancos de madera modernos para exteriores, banco de bambú de 35 pulgadas, para sala de estar, pasillo, recámara, baño, blanco",https://www.amazon.com.mx/dp/B0DFQ19FDM,https://www.amazon.com/dp/B0DFQ19FDM,SRKSB LLC,
,B0CC2GH558,5,Hogar y Cocina,disponible,no disponible,,,2025-10-19T03:43:44.619Z,2025-10-27T14:53:07.935Z,2025-10-28T22:22:55.995Z,2554.43,,"$2,662.45","Wnutrees - Banco de madera rústico de granja, banco de almacenamiento interior para entrada, sala de estar, comedor, construcción de madera maciza, madera original",https://www.amazon.com.mx/dp/B0CC2GH558,https://www.amazon.com/dp/B0CC2GH558,Rendomin,
,B0CN595HZT,5,Hogar y Cocina,disponible,no disponible,,,2025-10-19T03:43:44.620Z,2025-10-27T14:53:16.603Z,2025-10-28T22:23:04.717Z,1766,,"$1,853.68","SYKIARIOL - Carrito utilitario con 5 cajones, cajón de almacenamiento con mesa de madera y ruedas bloqueables, carrito de almacenamiento para manualidades, carrito de 5 niveles con ruedas, gris oscuro",https://www.amazon.com.mx/dp/B0CN595HZT,https://www.amazon.com/dp/B0CN595HZT,SRKSB LLC,
,B0C5SMCZ2K,5,Hogar y Cocina,disponible,no disponible,,,2025-10-19T03:43:44.620Z,2025-10-27T14:53:24.392Z,2025-10-28T22:23:13.160Z,2899,,"$4,050.61","Homeiju Mini barras para el hogar, gabinete de madera para bar de café, moderno gabinete de licor para licor y vasos, gabinete de vino buffet de granja con aparador de almacenamiento para el hogar",https://www.amazon.com.mx/dp/B0C5SMCZ2K,https://www.amazon.com/dp/B0C5SMCZ2K,⭐DIGVICE.MX✅MEJOR SERVICIO✅EL ENVÍO MAS RAPIDO MX,
,B0D5BNZBL8,5,Hogar y Cocina,disponible,no disponible,,,2025-10-19T03:43:59.470Z,2025-10-27T14:53:32.659Z,2025-10-28T22:23:20.021Z,1690.72,,"$1,690.72","Soporte para libros de piso para leer manos libres con clip de papel para página, soporte de podio ajustable de 19 a 67 pulgadas, soportes de madera para hojas de música, Biblia, soporte para",https://www.amazon.com.mx/dp/B0D5BNZBL8,https://www.amazon.com/dp/B0D5BNZBL8,SRKSB LLC,
,B0DD83M7ZB,5,Hogar y Cocina,disponible,no disponible,,,2025-10-19T03:43:59.470Z,2025-10-27T14:53:40.509Z,2025-10-28T22:23:27.854Z,1977.46,,"$1,992.84","PzewMo - Mesa auxiliar en forma de C, 20 pulgadas de ancho x 14 pulgadas de largo, altura ajustable de 17 a 31 pulgadas, mesa giratoria y giratoria, mesa auxiliar plegable para espacios pequeños",https://www.amazon.com.mx/dp/B0DD83M7ZB,https://www.amazon.com/dp/B0DD83M7ZB,SRKSB LLC,
,B0CN595HZP,5,Hogar y Cocina,disponible,no disponible,,,2025-10-19T03:43:59.470Z,2025-10-27T14:53:48.366Z,2025-10-28T22:23:36.390Z,1766,,"$1,695.02","SYKIARIOL - Carrito utilitario con 5 cajones, cajón de almacenamiento con mesa de madera y ruedas bloqueables, carrito de almacenamiento para manualidades, carrito de 5 niveles con ruedas, color café",https://www.amazon.com.mx/dp/B0CN595HZP,https://www.amazon.com/dp/B0CN595HZP,SRKSB LLC,
,B0CSX8N7LZ,5,Hogar y Cocina,disponible,no disponible,,,2025-10-19T03:43:59.470Z,2025-10-27T14:53:56.829Z,2025-10-28T22:23:45.372Z,1711.66,,"$1,728.19","VASMIA - Mesa consola de entrada, mesa de sofá estrecha, mesa de bambú de 39 pulgadas para entrada, sala de estar, recámara, vestíbulo, natural",https://www.amazon.com.mx/dp/B0CSX8N7LZ,https://www.amazon.com/dp/B0CSX8N7LZ,SRKSB LLC,
,B0CPSCZSQ2,5,Hogar y Cocina,disponible,no disponible,,,2025-10-19T03:43:59.471Z,2025-10-27T14:54:05.633Z,2025-10-28T22:23:52.979Z,3473.3,,"$3,629.18","Upcanso - Somier de 7 pulgadas para base de cama queen, somier de metal de perfil bajo con funda de tela, base de colchón de capacidad máxima de 3000 libras, sin ruido, fácil de montar",https://www.amazon.com.mx/dp/B0CPSCZSQ2,https://www.amazon.com/dp/B0CPSCZSQ2,Boon Shopping,
,B0BS6LBCYZ,5,Hogar y Cocina,disponible,no disponible,,,2025-10-19T03:43:59.471Z,2025-10-27T14:54:13.712Z,2025-10-28T22:24:00.654Z,3060.13,,"$3,555.65","Hunlostten - Marco de cama California King de 14 pulgadas de alta resistencia, no necesita somier, plataforma de metal Cal King con esquinas redondas, fácil montaje, sin ruido, negro",https://www.amazon.com.mx/dp/B0BS6LBCYZ,https://www.amazon.com/dp/B0BS6LBCYZ,SRKSB LLC,
,B0CR7ZNK9X,5,Hogar y Cocina,disponible,no disponible,,,2025-10-19T03:43:59.471Z,2025-10-27T14:54:21.527Z,2025-10-28T22:24:07.896Z,954.9,,$962.78,"Upstart Decor - Juego de 3 libros decorativos para Maximalist | Libros falsos para decoración | Almacenamiento para el hogar ecléctico, mesa de café y libros de imitación",https://www.amazon.com.mx/dp/B0CR7ZNK9X,https://www.amazon.com/dp/B0CR7ZNK9X,SRKSB LLC,
,B0D6BH8G64,5,Hogar y Cocina,disponible,disponible,,,2025-10-19T03:43:59.471Z,2025-10-27T14:54:29.690Z,2025-10-28T22:24:15.407Z,2331.6,69.99,"$2,505.41","Mollydot - Colchón de futón japonés, tamaño individual, 39 x 80 pulgadas, 6,5 cm de grosor, cama plegable portátil, gris, medio, futón, King",https://www.amazon.com.mx/dp/B0D6BH8G64,https://www.amazon.com/dp/B0D6BH8G64,SRKSB LLC,Mollydot
,B0CQP617D1,5,Hogar y Cocina,disponible,no disponible,,,2025-10-19T03:43:59.471Z,2025-10-27T14:54:42.715Z,2025-10-28T22:24:30.068Z,6633.16,,"$7,058.17",Botellero Vino Pared Para Vinoteca Wine Rack Botellero Vertical Garrafeira de Vino Mueble Bar Mini Bar para Casa Salon Barra Bar Muebles Cocina con Portavasos Estantes de Almacenamiento ( Color : Gold,https://www.amazon.com.mx/dp/B0CQP617D1,https://www.amazon.com/dp/B0CQP617D1,SRKSB LLC,
,B0D7P469QX,5,Hogar y Cocina,disponible,no disponible,,,2025-10-19T03:43:59.471Z,2025-10-27T14:54:50.902Z,2025-10-28T22:24:39.414Z,3467.81,,"$3,995.61","Tapete redondo de vidrio templado de 55 x 55 pulgadas para alfombra y madera dura, tapete de vidrio resistente para silla de oficina, tapete de computadora de vidrio duradero para hogar y oficina",https://www.amazon.com.mx/dp/B0D7P469QX,https://www.amazon.com/dp/B0D7P469QX,SRKSB LLC,
,B0B9R5264Q,5,Hogar y Cocina,disponible,disponible,,,2025-10-19T03:43:59.471Z,2025-10-27T14:54:58.595Z,2025-10-28T22:24:47.240Z,1338.86,39.99,"$1,347.42","Silla inflable para juegos FranFusion - Puf de aire para niños y adolescentes con portavasos y bolsillo lateral - Negro - 41.3 x 27.5 x 41 pulgadas - Unisex - Niños y adolescentes, gamers",https://www.amazon.com.mx/dp/B0B9R5264Q,https://www.amazon.com/dp/B0B9R5264Q,SRKSB LLC,Franfusion
,B0B5D5G16H,5,Hogar y Cocina,disponible,no disponible,,,2025-10-19T03:43:59.472Z,2025-10-27T14:55:07.629Z,2025-10-28T22:24:54.439Z,2799,,"$3,102.90","Homeiju - Estante de vino no empotrado para piso, gabinete de bar para licor y vasos, gabinete de barra de 4 niveles con mesa, soporte de vidrio, cajón de almacenamiento y almacenamiento de vino para",https://www.amazon.com.mx/dp/B0B5D5G16H,https://www.amazon.com/dp/B0B5D5G16H,⭐DIGVICE.MX✅MEJOR SERVICIO✅EL ENVÍO MAS RAPIDO MX,
,B08NPXPRPS,5,Hogar y Cocina,disponible,no disponible,,,2025-10-19T03:43:59.472Z,2025-10-27T14:55:14.977Z,2025-10-28T22:25:02.017Z,1407.68,,"$1,407.39","BEN'SHOME Cushion Support Insert (Sofa - Fits - 58"" - 67""), Sofa Board for Sagging Couch Pillow, Fix Seats Chair Cushion, Strong, Dense & Thick - 0.4""",https://www.amazon.com.mx/dp/B08NPXPRPS,https://www.amazon.com/dp/B08NPXPRPS,SRKSB LLC,
,B0CN78CFWY,5,Hogar y Cocina,disponible,no disponible,,,2025-10-19T03:43:59.472Z,2025-10-27T14:55:23.389Z,2025-10-28T22:25:09.845Z,1939.62,,"$2,304.33","QEROMY - Marco de Cama Individual - Marco de Cama de Plataforma Resistente de 18 Pulgadas, Tamaño Individual, Marco de Cama de Metal Resistente, No Necesita Somier, Montaje Rápido y Fácil, Sin Ruido",https://www.amazon.com.mx/dp/B0CN78CFWY,https://www.amazon.com/dp/B0CN78CFWY,MUCH & MORE,
,B0B8DD1SPX,5,Hogar y Cocina,disponible,no disponible,,,2025-10-19T03:43:59.472Z,2025-10-27T14:55:31.255Z,2025-10-28T22:25:17.695Z,1984.3,,"$2,030.02","UYIHOME Clóset de Baño Montado en la Pared Con 2 Puertas, Sobre el Inodoro, Almacenamiento Superior Para Cocina, Lavadero, Color Blanco",https://www.amazon.com.mx/dp/B0B8DD1SPX,https://www.amazon.com/dp/B0B8DD1SPX,Boon Shopping,
,B0CMZS5DQW,5,Hogar y Cocina,disponible,no disponible,,,2025-10-19T03:43:59.472Z,2025-10-27T14:55:38.439Z,2025-10-28T22:25:24.769Z,2163.63,,"$2,139.65","POLESTO - Soporte de piso portátil para portátil, mesita de noche/sofá con altura ajustable de 18 a 47 pulgadas, elegante computadora de pie para oficina, sala de reuniones, sala de estar, fácil",https://www.amazon.com.mx/dp/B0CMZS5DQW,https://www.amazon.com/dp/B0CMZS5DQW,SRKSB LLC,
,B0DJ79XL3F,5,Hogar y Cocina,disponible,no disponible,,,2025-10-19T03:44:09.269Z,2025-10-27T14:55:46.948Z,2025-10-28T22:25:32.782Z,1162.23,,"$1,086.74","Estantería BBVCX para la ansiedad, pequeña biblioteca en miniatura con mini libros, decoración para aliviar el estrés y la creatividad, mini estante para cajas de cerillas para aliviar la ansiedad",https://www.amazon.com.mx/dp/B0DJ79XL3F,https://www.amazon.com/dp/B0DJ79XL3F,Novayu,
,B0D8PHH9VR,5,Hogar y Cocina,disponible,no disponible,,,2025-10-19T03:44:09.269Z,2025-10-27T14:55:54.889Z,2025-10-28T22:25:40.017Z,2339.75,,"$2,380.73","Cozivolife - Mueble de pared para baño con 2 puertas esmeriladas, organizador de medicamentos de bambú con compartimento abierto, estante de almacenamiento sobre el inodoro para ahorrar espacio",https://www.amazon.com.mx/dp/B0D8PHH9VR,https://www.amazon.com/dp/B0D8PHH9VR,SRKSB LLC,
,B0DKY7TWXS,5,Hogar y Cocina,disponible,disponible,,,2025-10-19T03:44:09.269Z,2025-10-27T14:56:03.429Z,2025-10-28T22:25:47.301Z,2894.24,79.99,"$3,246.54","Puf plegable, puf para adultos, sala de estar, apartamentos, esquina de lectura, juegos (café)",https://www.amazon.com.mx/dp/B0DKY7TWXS,https://www.amazon.com/dp/B0DKY7TWXS,SRKSB LLC,Snug Sofee-US
,B095BR69YJ,5,Hogar y Cocina,disponible,no disponible,,,2025-10-19T03:44:09.269Z,2025-10-27T14:56:09.774Z,2025-10-28T22:25:55.690Z,642.67,,$641.83,"Placa de refuerzo de montaje de monitor de acero para mesa frágil, placa de soporte de acero se adapta a la mayoría de soportes de monitor C instalación de abrazadera",https://www.amazon.com.mx/dp/B095BR69YJ,https://www.amazon.com/dp/B095BR69YJ,SRKSB LLC,
,B0C6QGQKLT,5,Hogar y Cocina,disponible,no disponible,,,2025-10-19T03:44:09.269Z,2025-10-27T14:56:18.764Z,2025-10-28T22:26:03.261Z,1508.84,,"$1,482.25","FORAOFUR Mesa auxiliar con estación de carga, mesa auxiliar pequeña con 2 puertos USB y tomacorrientes, mesas auxiliares para espacios pequeños en sala de estar, recámara y guardería, mesita de noche",https://www.amazon.com.mx/dp/B0C6QGQKLT,https://www.amazon.com/dp/B0C6QGQKLT,SRKSB LLC,
,B0BHWGX52G,5,Hogar y Cocina,disponible,disponible,,,2025-10-19T03:44:09.269Z,2025-10-27T14:56:26.972Z,2025-10-28T22:26:09.814Z,4652.99,159.95,"$4,652.99",Backerz Taburete ergonómico - Taburete de oficina con ajuste de altura de 55-80 cm - Aumenta la energía y la concentración en el trabajo - Taburete de pie antideslizante con efecto oscilante - Negro,https://www.amazon.com.mx/dp/B0BHWGX52G,https://www.amazon.com/dp/B0BHWGX52G,SRKSB LLC,Roots & Branches Inc
,B0CMD2JQFS,5,Hogar y Cocina,disponible,no disponible,,,2025-10-19T03:44:09.269Z,2025-10-27T14:56:35.569Z,2025-10-28T22:26:16.982Z,3589.63,,"$3,651.91","Mesa de acrílico con estante de almacenamiento, mesa auxiliar transparente, naranja",https://www.amazon.com.mx/dp/B0CMD2JQFS,https://www.amazon.com/dp/B0CMD2JQFS,SRKSB LLC,
,B0DF1PLG1P,5,Hogar y Cocina,disponible,no disponible,,,2025-10-19T03:44:09.270Z,2025-10-27T14:56:43.406Z,2025-10-28T22:26:23.751Z,2188.04,,"$2,188.04",Veegle Mesita de noche (roble amarillo),https://www.amazon.com.mx/dp/B0DF1PLG1P,https://www.amazon.com/dp/B0DF1PLG1P,SRKSB LLC,
,B097C83VZR,5,Hogar y Cocina,disponible,disponible,,,2025-10-19T03:44:09.270Z,2025-10-27T14:56:52.026Z,2025-10-28T22:26:31.270Z,593.16,15.99,$712.52,"Korpai - Taburete plegable de 13 pulgadas para adultos y niños con capacidad para hasta 300 libras, taburetes plegables antideslizantes con mango portátil, taburete plegable de plástico compacto para baño, recámara, cocina, negro, 1 unidad",https://www.amazon.com.mx/dp/B097C83VZR,https://www.amazon.com/dp/B097C83VZR,Amazon Estados Unidos,Korpai
,B0CYPRBDSM,5,Hogar y Cocina,disponible,no disponible,,,2025-10-19T03:44:09.270Z,2025-10-27T14:56:59.067Z,2025-10-28T22:26:39.231Z,999.23,,"$1,019.88","YINMIT Organizador de estantes de computadora, estantes de oficina de 2 niveles, estante organizador de computadora de madera y estante de exhibición no empotrado para oficina, recámara, hogar",https://www.amazon.com.mx/dp/B0CYPRBDSM,https://www.amazon.com/dp/B0CYPRBDSM,SRKSB LLC,
,B0DJ8HWHVR,5,Hogar y Cocina,disponible,disponible,,,2025-10-19T03:44:09.270Z,2025-10-27T14:57:06.758Z,2025-10-28T22:26:46.251Z,1019.29,24.95,"$1,058.32","Libros decorativos para decoración del hogar, juego de 3 libros de mesa de centro de imitación para decoración moderna del hogar, juego de librería apilada falsa para estantería, decoración de mesa de",https://www.amazon.com.mx/dp/B0DJ8HWHVR,https://www.amazon.com/dp/B0DJ8HWHVR,SRKSB LLC,SpaceLOG
,B09LGY2JTB,5,Hogar y Cocina,disponible,disponible,,,2025-10-19T03:44:20.599Z,2025-10-27T14:57:14.869Z,2025-10-28T22:26:52.975Z,569.43,29.99,"$1,108.42","JAQ Estantería para niños pequeños, estante de metal de 4 niveles para niños con organizador de almacenamiento de juguetes en el recámara, aula, salas de juegos, guardería para bebés, niños pequeños",https://www.amazon.com.mx/dp/B09LGY2JTB,https://www.amazon.com/dp/B09LGY2JTB,GN Trading companies,GN Trading companies
,B084VJRYTV,5,Hogar y Cocina,disponible,disponible,,,2025-10-19T03:44:20.600Z,2025-10-27T14:57:28.582Z,2025-10-28T22:27:06.739Z,1070.21,30.99,"$1,070.21","Bedecor Mattress Protector , Fitted Soft Cotton Terry Cover Fit Up to 18""- Cal King Size",https://www.amazon.com.mx/dp/B084VJRYTV,https://www.amazon.com/dp/B084VJRYTV,SRKSB LLC,BEDECOR
,B0D8JPLB3Y,5,Hogar y Cocina,disponible,disponible,,PRICE_AND_SELLER_NOT_FOUND,2025-10-19T03:44:20.600Z,2025-10-27T14:57:37.059Z,2025-10-28T22:27:14.352Z,1996.72,,"$1,986.72","Mesa de centro ovalada de madera con diseño moderno, mesa de centro de doble piso, elegante soporte para periódicos, revistero (blanco)",https://www.amazon.com.mx/dp/B0D8JPLB3Y,https://www.amazon.com/dp/B0D8JPLB3Y,ONEBLOOD STORE,
,B0DF284ZXK,5,Hogar y Cocina,disponible,no disponible,,,2025-10-19T03:44:20.600Z,2025-10-27T14:57:44.185Z,2025-10-28T22:27:20.930Z,551.56,,$512.41,"WAIZHIUA Estantería para la ansiedad, mini estantería decorativa, estantería en miniatura, con 60 mini libros, para amantes de los libros, decoración",https://www.amazon.com.mx/dp/B0DF284ZXK,https://www.amazon.com/dp/B0DF284ZXK,SRKSB LLC,
,B09SB27Q4R,5,Hogar y Cocina,disponible,no disponible,,,2025-10-19T03:44:20.600Z,2025-10-27T14:57:51.970Z,2025-10-28T22:27:28.565Z,2161.87,,"$2,298.43","EMODA Marco de cama individual de 16 pulgadas, no necesita somier, marco de cama de plataforma individual de metal resistente, sin ruido, fácil de montar, negro",https://www.amazon.com.mx/dp/B09SB27Q4R,https://www.amazon.com/dp/B09SB27Q4R,SRKSB LLC,
,B0D9VRG2Q9,5,Hogar y Cocina,disponible,no disponible,,,2025-10-19T03:44:20.600Z,2025-10-27T14:58:00.459Z,2025-10-28T22:27:35.743Z,1723.59,,"$1,761.81","Asgolion Mesa auxiliar alta con estación de carga, 3 niveles estrechos junto a la mesa con estante ajustable, mesita de noche gris alto para recámara, sala de estar, mesa de centro, oficina, gris",https://www.amazon.com.mx/dp/B0D9VRG2Q9,https://www.amazon.com/dp/B0D9VRG2Q9,SRKSB LLC,
,B0D7HMTMGB,5,Hogar y Cocina,disponible,no disponible,,,2025-10-19T03:44:20.600Z,2025-10-27T14:58:07.418Z,2025-10-28T22:27:42.945Z,1485.85,,"$1,485.85","Aibiju Linen - Reposapiés pequeño otomano, taburetes con almacenamiento pequeño, otomano de madera rectangular tapizado con bisagra de seguridad abatible superior, taburete de cama para recámara,",https://www.amazon.com.mx/dp/B0D7HMTMGB,https://www.amazon.com/dp/B0D7HMTMGB,SRKSB LLC,
,B0DDKB821C,5,Hogar y Cocina,disponible,no disponible,,,2025-10-19T03:44:20.600Z,2025-10-27T14:58:13.661Z,2025-10-28T22:27:50.963Z,1416.34,,"$1,407.12","QEEIG - Estantes de baño sobre inodoro, estantes flotantes montados en la pared, estante de almacenamiento de papel higiénico, pequeño juego de 2 unidades, de 16 pulgadas, natural (019-BNW2)",https://www.amazon.com.mx/dp/B0DDKB821C,https://www.amazon.com/dp/B0DDKB821C,SRKSB LLC,
,B0C68RKJFL,5,Hogar y Cocina,disponible,no disponible,,,2025-10-19T03:44:20.600Z,2025-10-27T14:58:22.135Z,2025-10-28T22:27:57.972Z,1005.35,,"$1,118.10","Honiter - Estantería de computadora organizadora de computadora de 2 niveles de madera pequeña, color café rústico no empotrado, ajustable, organizador, apilable, soporte de computadora, organizadores",https://www.amazon.com.mx/dp/B0C68RKJFL,https://www.amazon.com/dp/B0C68RKJFL,SRKSB LLC,
,B0D1JYHYZS,5,Hogar y Cocina,disponible,no disponible,,,2025-10-19T03:44:20.601Z,2025-10-27T14:58:29.460Z,2025-10-28T22:28:06.882Z,819.61,,$822.14,"WAIZHIUA - Estantería para la ansiedad, 300 unidades, mini libros, decoración en miniatura, para amantes de los libros, hogar, oficina, decoración (color café)",https://www.amazon.com.mx/dp/B0D1JYHYZS,https://www.amazon.com/dp/B0D1JYHYZS,SEONGSAN,
,B09NKW2GFV,5,Hogar y Cocina,disponible,no disponible,,,2025-10-19T03:44:20.601Z,2025-10-27T14:58:36.536Z,2025-10-28T22:28:14.466Z,974.55,,"$1,275.67","GOONIK - Protector de colchón Queen, transpirable, de viscosa de bambú, impermeable, tamaño queen, con bolsillo profundo de 6 a 18 pulgadas",https://www.amazon.com.mx/dp/B09NKW2GFV,https://www.amazon.com/dp/B09NKW2GFV,SRKSB LLC,
,B0DF7K15VJ,5,Hogar y Cocina,disponible,no disponible,,,2025-10-19T03:44:20.601Z,2025-10-27T14:58:44.637Z,2025-10-28T22:28:23.565Z,1326.34,,"$1,326.34","Qupui - Soporte de monitor doble para computadora con luces LED, soporte grande para monitor de computadora para 2 monitores, estante de computadora para la parte superior del computadora, organizador",https://www.amazon.com.mx/dp/B0DF7K15VJ,https://www.amazon.com/dp/B0DF7K15VJ,SRKSB LLC,
,B0D78JXVWR,5,Hogar y Cocina,disponible,no disponible,,,2025-10-19T03:44:20.601Z,2025-10-27T14:58:52.266Z,2025-10-28T22:28:31.462Z,2305.62,,"$2,035.28","Vividwood - Soporte para impresora grande de 3 niveles con estante de almacenamiento ajustable, carrito para impresora con ruedas, computadora estable para uso en casa y oficina (café acústico)",https://www.amazon.com.mx/dp/B0D78JXVWR,https://www.amazon.com/dp/B0D78JXVWR,SRKSB LLC,
,B0D4RCD1Z7,5,Hogar y Cocina,disponible,no disponible,,,2025-10-19T03:44:20.601Z,2025-10-27T14:59:00.274Z,2025-10-28T22:28:40.050Z,2966.83,,"$2,953.47","Greaton, 1 Pulgada de Madera Horizontal Extra Resistente para Bunkie Board/Lamas de Cama, Individual (39 Pulgadas), Beige",https://www.amazon.com.mx/dp/B0D4RCD1Z7,https://www.amazon.com/dp/B0D4RCD1Z7,SRKSB LLC,
,B0D3HTDC8K,5,Hogar y Cocina,disponible,no disponible,,,2025-10-19T03:44:32.076Z,2025-10-27T14:59:07.816Z,2025-10-28T22:28:47.756Z,3407.5,,"$3,348.76","WallBeyond - Espejos de baño de madera para montaje en pared, espejos de pared de 24 x 36 pulgadas, marco de madera rústica decorativos para sala de estar o recámara, espejo de cambiador (DH) A",https://www.amazon.com.mx/dp/B0D3HTDC8K,https://www.amazon.com/dp/B0D3HTDC8K,Novayu,
,B0CVV8ZXXF,5,Hogar y Cocina,disponible,no disponible,,,2025-10-19T03:44:32.077Z,2025-10-27T14:59:15.766Z,2025-10-28T22:28:55.626Z,1126.38,,"$1,103.57","ART-GIFTREE Organizador de estante de computadora de oficina, estante de almacenamiento de suministros de estantería de madera, estante para la parte superior del computadora y cómoda (café-2 niveles)",https://www.amazon.com.mx/dp/B0CVV8ZXXF,https://www.amazon.com/dp/B0CVV8ZXXF,SRKSB LLC,
,B0CRDW6ZR4,5,Hogar y Cocina,disponible,no disponible,,,2025-10-19T03:44:32.077Z,2025-10-27T14:59:24.294Z,2025-10-28T22:29:03.715Z,1452.11,,"$1,657.45","Tuohours - Mesa auxiliar de 3 niveles, soporte para reproductores de grabadores, mesa auxiliar de noche, estante de almacenamiento para sala de estar, recámara, cocina, familia y oficina, mesa",https://www.amazon.com.mx/dp/B0CRDW6ZR4,https://www.amazon.com/dp/B0CRDW6ZR4,SRKSB LLC,
,B0CRB6QDD9,5,Hogar y Cocina,disponible,no disponible,,,2025-10-19T03:44:32.077Z,2025-10-27T14:59:31.809Z,2025-10-28T22:29:11.300Z,3169.53,,"$3,429.10","EKNKOZY - computadora para computadora con 3 cajones de archivos, computadora reversible para juegos, computadora de oficina con estantes de almacenamiento y soporte de monitor doble para hogar y",https://www.amazon.com.mx/dp/B0CRB6QDD9,https://www.amazon.com/dp/B0CRB6QDD9,SRKSB LLC,
,B09726WTYJ,5,Hogar y Cocina,disponible,no disponible,,,2025-10-19T03:44:32.077Z,2025-10-27T14:59:39.360Z,2025-10-28T22:29:20.301Z,1151.32,,"$1,125.66","ruboka - Estantería de 4 estantes para árboles, 24.1 Pulgadas Retro para CDs/revistas/Libros, estantería pequeña para recámara, Sala de Estar, Oficina, balcón, estantes de Almacenamiento Marrones",https://www.amazon.com.mx/dp/B09726WTYJ,https://www.amazon.com/dp/B09726WTYJ,Boon Shopping,
,B0DCK2JTLJ,5,Hogar y Cocina,disponible,no disponible,,,2025-10-19T03:44:32.077Z,2025-10-27T14:59:48.226Z,2025-10-28T22:29:28.676Z,1633.18,,"$1,711.96","EBENCHICO - Taburetes de cambiador sherpa, taburete de piel de peluche, otomano con pierna de metal, silla con asiento acolchado, sillas de maquillaje para asiento de banco pequeño para sala de estar,",https://www.amazon.com.mx/dp/B0DCK2JTLJ,https://www.amazon.com/dp/B0DCK2JTLJ,SRKSB LLC,
,B0D3HZ2VLD,5,Hogar y Cocina,disponible,no disponible,,,2025-10-19T03:44:32.078Z,2025-10-27T14:59:56.143Z,2025-10-28T22:29:36.654Z,2189.45,,"$2,208.91","Tapete para silla de oficina con espuma acolchada antifatiga, 2 en 1, tapete cómodo antifatiga para piso de madera dura, tapete para silla con reposapiés debajo del computadora, 54 x 36 pulgadas",https://www.amazon.com.mx/dp/B0D3HZ2VLD,https://www.amazon.com/dp/B0D3HZ2VLD,SRKSB LLC,
,B0D2F94J36,5,Hogar y Cocina,disponible,no disponible,,,2025-10-19T03:44:32.078Z,2025-10-27T15:00:10.295Z,2025-10-28T22:29:50.092Z,4364.36,,"$4,395.74","Devloutt - Soporte de podio acrílico de 45 pulgadas, púlpito de hierro ultra transparente para iglesias, atril de podio moderno para conferencias, discursos, aulas, 44.9 pulgadas de alto x 23.6",https://www.amazon.com.mx/dp/B0D2F94J36,https://www.amazon.com/dp/B0D2F94J36,SRKSB LLC,
,B0CWPHT89D,5,Hogar y Cocina,disponible,no disponible,,,2025-10-19T03:44:32.078Z,2025-10-27T15:00:18.749Z,2025-10-28T22:29:58.966Z,2960.27,,"$2,697.02","Lutown-Teen - Marco de cama de tamaño individual de 4 pulgadas, resistente de metal con plataforma individual, no necesita somier, sin ruido, fácil de montar, negro",https://www.amazon.com.mx/dp/B0CWPHT89D,https://www.amazon.com/dp/B0CWPHT89D,SRKSB LLC,
,B0D2HTZWDL,5,Hogar y Cocina,disponible,no disponible,,,2025-10-19T03:44:32.078Z,2025-10-27T15:00:26.919Z,2025-10-28T22:30:06.584Z,794.47,,$983.06,"Wenqik - Paquete de 8 paneles de pared geométricos abstractos de madera grande para decoración de pared para interior, sala de estar, hogar, recámara (café)",https://www.amazon.com.mx/dp/B0D2HTZWDL,https://www.amazon.com/dp/B0D2HTZWDL,SRKSB LLC,
,B0CZD6B6T1,5,Hogar y Cocina,disponible,disponible,,,2025-10-19T03:44:32.078Z,2025-10-27T15:00:35.225Z,2025-10-28T22:30:13.622Z,624.18,9.99,$517.23,"NKJVE - Azulejos de pared pequeños irrompibles, 4 espejos de pared de 10 x 10 pulgadas, espejo de plástico calcomanía decorativo para aula, espejos despegar y pegar en paredes, niños pequeños",https://www.amazon.com.mx/dp/B0CZD6B6T1,https://www.amazon.com/dp/B0CZD6B6T1,SRKSB LLC,hungchi
,B071VHCJ3B,5,Hogar y Cocina,disponible,disponible,,,2025-10-19T03:44:32.078Z,2025-10-27T15:00:42.372Z,2025-10-28T22:30:22.144Z,762.09,18.36,$747.33,"Bedecor - Protector de colchón 100% Impermeable, hipoalergénico - Premium - Sábana Bajera (algodón Rizado Tapa - 10 años de garantía, Blanco, Queen",https://www.amazon.com.mx/dp/B071VHCJ3B,https://www.amazon.com/dp/B071VHCJ3B,SRKSB LLC,BEDECOR
,B07P7857QL,5,Hogar y Cocina,disponible,no disponible,,,2025-10-19T03:44:42.290Z,2025-10-27T15:00:50.519Z,2025-10-28T22:30:29.542Z,4717.18,,"$4,847.80","Escritorio para computadora portátil de altura ajustable neumática, móvil para sentarse y pararse, diseño ergonómico, excelente estación de trabajo para computadora para aulas, oficinas y el hogar. 65cmx45.7cm(Blanco)",https://www.amazon.com.mx/dp/B07P7857QL,https://www.amazon.com/dp/B07P7857QL,Binglu,
,B0CRH1RVT5,5,Hogar y Cocina,disponible,no disponible,,,2025-10-19T03:44:42.290Z,2025-10-27T15:00:59.437Z,2025-10-28T22:30:36.482Z,559.45,,$496.34,"Dorblely - Hamaca de almacenamiento de animales de peluche con 20 clips de metal, cadena organizadora de animales de peluche bohemio para colgar sombreros, calcetines, tarjetas de día festivo",https://www.amazon.com.mx/dp/B0CRH1RVT5,https://www.amazon.com/dp/B0CRH1RVT5,SRKSB LLC,
,B0C96CTGRV,5,Hogar y Cocina,disponible,no disponible,,,2025-10-19T03:44:42.290Z,2025-10-27T15:01:07.408Z,2025-10-28T22:30:44.172Z,5761.42,,"$6,762.28","GA Home - Mesa auxiliar con espejo plateado con incrustaciones de vidrio, mesa auxiliar moderna con espejo, mesa cuadrada pequeña con espejo para sala de estar, recámara",https://www.amazon.com.mx/dp/B0C96CTGRV,https://www.amazon.com/dp/B0C96CTGRV,SEONGSAN,
,B0B8LHVPLN,5,Hogar y Cocina,disponible,no disponible,,,2025-10-19T03:44:42.290Z,2025-10-27T15:01:15.415Z,2025-10-28T22:30:51.922Z,4483.09,,No disponible,"Wicked Good - Felpudo para puerta al aire última intervensión, el tapete original de cuerda de langosta, tapete de puerta tejida de cuerda náutica, felpudo de bienvenida para puerta delantera, (tela",https://www.amazon.com.mx/dp/B0B8LHVPLN,https://www.amazon.com/dp/B0B8LHVPLN,MegaOfertas MX,
,B0D7JL9FSJ,5,Hogar y Cocina,disponible,disponible,,,2025-10-19T03:44:42.290Z,2025-10-27T15:01:23.290Z,2025-10-28T22:30:59.799Z,344.71,14.19,$679.93,"Juego de 5 ruedas de repuesto para silla de oficina, de 3 pulgadas, resistentes para oficina, fáciles de instalar y adecuadas para suelos, alfombras y madera, lo mejor para computadora y silla de",https://www.amazon.com.mx/dp/B0D7JL9FSJ,https://www.amazon.com/dp/B0D7JL9FSJ,GMFTA,GMFTA
,B09ZPBG561,5,Hogar y Cocina,disponible,no disponible,,,2025-10-19T03:44:42.290Z,2025-10-27T15:01:30.659Z,2025-10-28T22:31:08.508Z,988.35,,"$1,090.98","FujDun® Reposapiés plegable de almacenamiento con bolsillo lateral, reposapiés para sofá, asiento otomano de piel para sofá, sala de estar, recámara o recámara, acolchado con esponja gruesa, 16 x 12 x",https://www.amazon.com.mx/dp/B09ZPBG561,https://www.amazon.com/dp/B09ZPBG561,Boon Shopping,
,B0CDP7P6L5,5,Hogar y Cocina,disponible,disponible,,,2025-10-19T03:44:42.291Z,2025-10-27T15:01:39.297Z,2025-10-28T22:31:15.688Z,1116.23,26.99,"$1,096.68",Souheilo - Taburete redondo,https://www.amazon.com.mx/dp/B0CDP7P6L5,https://www.amazon.com/dp/B0CDP7P6L5,SRKSB LLC,LEOUT-US
,B0C9N1Q9JH,5,Hogar y Cocina,disponible,no disponible,,,2025-10-19T03:44:42.291Z,2025-10-27T15:01:45.899Z,2025-10-28T22:31:23.381Z,550.89,,$499.21,HR Gifts for Men Women HR Apreciation Gifts for Manager Director Human Resources - Letrero decorativo de computadora transparente con soporte de madera para estante de mesa de computadora,https://www.amazon.com.mx/dp/B0C9N1Q9JH,https://www.amazon.com/dp/B0C9N1Q9JH,SRKSB LLC,
,B0C89WRMLB,5,Hogar y Cocina,disponible,disponible,,,2025-10-19T03:44:42.291Z,2025-10-27T15:01:54.364Z,2025-10-28T22:31:30.263Z,1114.28,27.98,"$1,353.30","CONLWIN Espejo de maquillaje iluminado montado en la pared de 8 pulgadas, espejo de aumento recargable de doble cara 1X/10X con gancho, 3 luces de color regulables al tacto de rotación de 360° para",https://www.amazon.com.mx/dp/B0C89WRMLB,https://www.amazon.com/dp/B0C89WRMLB,SHOPHOLİC,Miratuso
,B0CDKP86TV,5,Hogar y Cocina,disponible,no disponible,,,2025-10-19T03:44:42.291Z,2025-10-27T15:02:01.714Z,2025-10-28T22:31:38.725Z,664.52,,$658.56,"Hatway - Bandeja decorativa de madera para decoración del hogar, centro de mesa para mesa de centro, decoración de Navidad",https://www.amazon.com.mx/dp/B0CDKP86TV,https://www.amazon.com/dp/B0CDKP86TV,SRKSB LLC,
,B0C5XW1RW3,5,Hogar y Cocina,disponible,no disponible,,,2025-10-19T03:44:42.291Z,2025-10-27T15:02:09.126Z,2025-10-28T22:31:45.742Z,2434.79,,"$2,426.87","Thyle - Taburete plegable con respaldo, taburete plegable de piel acolchado con altura de mostrador, sillas altas plegables portátiles de asiento alto para acampar al aire última intervensión, cocina,",https://www.amazon.com.mx/dp/B0C5XW1RW3,https://www.amazon.com/dp/B0C5XW1RW3,SRKSB LLC,
,B0BJKFRJN2,5,Hogar y Cocina,disponible,disponible,,,2025-10-19T03:44:42.291Z,2025-10-27T15:02:17.868Z,2025-10-28T22:31:52.885Z,3010.1,79.99,"$3,222.12","Silla de oficina en casa, silla de computadora de trabajo, cómoda silla giratoria ergonómica, silla de computadora de malla transpirable, silla de trabajo de apoyo lumbar con ruedas y brazos abatibles",https://www.amazon.com.mx/dp/B0BJKFRJN2,https://www.amazon.com/dp/B0BJKFRJN2,SRKSB LLC,peachorchard
,B0BDZ55YW1,5,Hogar y Cocina,disponible,no disponible,,,2025-10-19T03:44:42.291Z,2025-10-27T15:02:26.464Z,2025-10-28T22:32:01.362Z,892.03,,$821.88,"WANGMUXIA - Perchero no empotrado con 8 ganchos y 3 percheros de tamaño ajustable para recámara, pasillo, entrada, oficina, para sombreros, abrigos, bufandas, bolsos",https://www.amazon.com.mx/dp/B0BDZ55YW1,https://www.amazon.com/dp/B0BDZ55YW1,SRKSB LLC,
,B0B35LHH3V,5,Hogar y Cocina,disponible,no disponible,,,2025-10-19T03:44:55.560Z,2025-10-27T15:02:33.527Z,2025-10-28T22:32:08.974Z,37426.92,,"$33,033.94","Molecule CopperWELL - Colchón híbrido de Espuma viscoelástica de Gel de refrigeración de 33 cm y Bobina revestida, tamaño King",https://www.amazon.com.mx/dp/B0B35LHH3V,https://www.amazon.com/dp/B0B35LHH3V,SRKSB LLC,
,B0B316P76F,5,Hogar y Cocina,disponible,no disponible,,,2025-10-19T03:44:55.561Z,2025-10-27T15:02:40.552Z,2025-10-28T22:32:16.794Z,1138.83,,"$1,155.99","Pabroni Mesitas de noche con cajón rústico para espacios pequeños, mesa auxiliar de 2 niveles para recámara, sala de estar, estudio, oficina",https://www.amazon.com.mx/dp/B0B316P76F,https://www.amazon.com/dp/B0B316P76F,SRKSB LLC,
,B0B12JCSQ4,5,Hogar y Cocina,disponible,no disponible,,,2025-10-19T03:44:55.561Z,2025-10-27T15:02:53.316Z,2025-10-28T22:32:31.871Z,1013.63,,$962.98,"Aimeaihe Organizador de archivos de computadora, 4 niveles de madera con 5 carpetas de archivos A4, organizadores de oficina de tamaño carta para computadora, organizador de bandeja de papel para oficina, escuela, hogar, negro",https://www.amazon.com.mx/dp/B0B12JCSQ4,https://www.amazon.com/dp/B0B12JCSQ4,SRKSB LLC,
,B09QCP58DG,5,Hogar y Cocina,disponible,disponible,,,2025-10-19T03:44:55.561Z,2025-10-27T15:03:01.058Z,2025-10-28T22:32:38.943Z,621.55,21.9,$857.25,"PHOME 2 soportes de cabecera para marco de cama de metal, fijación del cabecero al marco de cama, soportes de cabecera de cama ajustables, compatible con cabeceros de 14,16,18 cm, color negro",https://www.amazon.com.mx/dp/B09QCP58DG,https://www.amazon.com/dp/B09QCP58DG,Amazon Estados Unidos,S-profound
,B09P8B7D68,5,Hogar y Cocina,disponible,disponible,,,2025-10-19T03:44:55.561Z,2025-10-27T15:03:07.423Z,2025-10-28T22:32:47.397Z,4879.34,149.9,"$5,613.97","CITYMODA Espejo LED ovalado para baño de 20 x 28 pulgadas, espejo iluminado ovalado, 3 colores, espejo LED regulable para baño, antivaho, montaje en pared, luces LED inteligentes espejo de baño",https://www.amazon.com.mx/dp/B09P8B7D68,https://www.amazon.com/dp/B09P8B7D68,SURE_FIRE,CITYMODA
,B09H2JQ49S,5,Hogar y Cocina,disponible,no disponible,,,2025-10-19T03:44:55.561Z,2025-10-27T15:03:15.594Z,2025-10-28T22:32:54.273Z,2243.84,,"$2,319.22","Upcanso - Marco de cama individual de 16 pulgadas, sin necesidad de somier, marco de cama de plataforma de metal, base de colchón resistente de tamaño individual, con almacenamiento de 14 pulgadas, montaje fácil, soporte de listones de acero de 2.5 libras, color negro",https://www.amazon.com.mx/dp/B09H2JQ49S,https://www.amazon.com/dp/B09H2JQ49S,SRKSB LLC,
,B09G2H5CBF,5,Hogar y Cocina,disponible,no disponible,,,2025-10-19T03:44:55.561Z,2025-10-27T15:03:23.813Z,2025-10-28T22:33:02.803Z,1744.64,,"$1,873.89","Potuopy Escritorio para laptop para cama, escritorio de cama para laptop, escritorio ajustable con cajón de almacenamiento, escritorio plegable para laptop, para trabajar, escribir, dibujar (grande, negro)",https://www.amazon.com.mx/dp/B09G2H5CBF,https://www.amazon.com/dp/B09G2H5CBF,SRKSB LLC,
,B0B1JJK57R,5,Hogar y Cocina,disponible,no disponible,,,2025-10-19T03:44:55.562Z,2025-10-27T15:03:31.365Z,2025-10-28T22:33:10.544Z,2350.68,,"$2,387.60",Uetmulik Cama ajustable Richmat HJC18 Caja de control de repuesto,https://www.amazon.com.mx/dp/B0B1JJK57R,https://www.amazon.com/dp/B0B1JJK57R,New Shire LLC,
,B0B1C5GFD5,5,Hogar y Cocina,disponible,no disponible,,,2025-10-19T03:44:55.562Z,2025-10-27T15:03:38.562Z,2025-10-28T22:33:18.722Z,808.99,,$820.37,"NAVREX - Bandeja de brazo para sofá, bandeja de mesa de centro, bandeja de TV con soporte giratorio de 360°, bandeja de brazo de bambú para sofá, mesa de sala de estar, regalo para mamá, papá o amigos",https://www.amazon.com.mx/dp/B0B1C5GFD5,https://www.amazon.com/dp/B0B1C5GFD5,SRKSB LLC,
,B07P332BV7,5,Hogar y Cocina,disponible,no disponible,,,2025-10-19T03:44:55.562Z,2025-10-27T15:03:46.284Z,2025-10-28T22:33:26.214Z,738.56,,$638.70,"Upone - Lona de repuesto para sillas de director, color negro, rojo, blanco, gris, azul (azul)",https://www.amazon.com.mx/dp/B07P332BV7,https://www.amazon.com/dp/B07P332BV7,SRKSB LLC,
,B08JB597RG,5,Hogar y Cocina,disponible,no disponible,,,2025-10-19T03:44:55.562Z,2025-10-27T15:03:54.461Z,2025-10-28T22:33:34.885Z,2223.06,,"$2,223.06","Farios computadora ajustable para portátil con ruedas, carrito para portátil, sobre cama, mesa auxiliar de cama, mesa inclinable y soporte para computadora portátil, color negro",https://www.amazon.com.mx/dp/B08JB597RG,https://www.amazon.com/dp/B08JB597RG,SRKSB LLC,
,B08L4MHQJM,5,Hogar y Cocina,disponible,disponible,,,2025-10-19T03:44:55.562Z,2025-10-27T15:04:01.196Z,2025-10-28T22:33:43.673Z,1579.26,45.99,"$1,578.27","computadora extragrande para computadora portátil, oficina en casa, portátil, con alfombrilla de mouse y reposamuñecas para cuaderno, MacBook, tablet, sofá cama, trabajo, escritura, dibujo (negro",https://www.amazon.com.mx/dp/B08L4MHQJM,https://www.amazon.com/dp/B08L4MHQJM,SRKSB LLC,Auwodstore
,B08DYCBC5D,5,Hogar y Cocina,disponible,disponible,,,2025-10-19T03:45:08.804Z,2025-10-27T15:04:09.114Z,2025-10-28T22:33:50.996Z,3367.77,99.99,"$3,370.04","Bonverre Espejo de baño de 24 x 32 pulgadas, color negro, para pared, marco de aluminio, rectangular, moderno, grande, para recámara, sala de estar, horizontal o vertical",https://www.amazon.com.mx/dp/B08DYCBC5D,https://www.amazon.com/dp/B08DYCBC5D,SRKSB LLC,Bonverre lighting
,B07RP7JJP2,5,Hogar y Cocina,disponible,no disponible,,,2025-10-19T03:45:08.804Z,2025-10-27T15:04:15.984Z,2025-10-28T22:33:58.932Z,1034.63,,"$1,045.90","Estante organizador ajustable para computadora, estante de exhibición para libros, estante de exhibición de estilo última intervensión, estante de almacenamiento de suministros de oficina, estante",https://www.amazon.com.mx/dp/B07RP7JJP2,https://www.amazon.com/dp/B07RP7JJP2,SRKSB LLC,
,B08ZHP82QY,5,Hogar y Cocina,disponible,disponible,,,2025-10-19T03:45:08.805Z,2025-10-27T15:04:24.271Z,2025-10-28T22:34:06.761Z,1088.54,31.97,"$1,313.77","TASTELIFE - Protector de colchón impermeable tamaño King, tela de aire 3D, protector de colchón de cama King refrigerante, funda de colchón ajustable transpirable con bolsillo profundo, se adapta a",https://www.amazon.com.mx/dp/B08ZHP82QY,https://www.amazon.com/dp/B08ZHP82QY,Amazon Estados Unidos,BaliChun
,B0DFLNXQYC,5,Hogar y Cocina,disponible,no disponible,,,2025-10-19T03:45:08.805Z,2025-10-27T15:04:30.938Z,2025-10-28T22:34:16.237Z,3530.89,,"$3,536.16","Liftsync - computadora móvil de pie, con ruedas para computadora portátil, altura ajustable con soporte para tazas, mesa portátil de 28 pulgadas con 4 ruedas bloqueables, estación de trabajo de",https://www.amazon.com.mx/dp/B0DFLNXQYC,https://www.amazon.com/dp/B0DFLNXQYC,SRKSB LLC,
,B0936Y78JR,5,Hogar y Cocina,disponible,disponible,,,2025-10-19T03:45:08.805Z,2025-10-27T15:04:37.658Z,2025-10-28T22:34:24.587Z,1338.86,39.99,"$1,340.57","Morgantag - Tapete para puerta frontal para interior, antideslizante, absorbente, para entrada de suciedad, 32 x 48 pulgadas, alfombra de área de gran tamaño para entrada, lavable a máquina, de perfil",https://www.amazon.com.mx/dp/B0936Y78JR,https://www.amazon.com/dp/B0936Y78JR,SRKSB LLC,MGTStores
,B08QF4RQM3,5,Hogar y Cocina,disponible,no disponible,,,2025-10-19T03:45:08.805Z,2025-10-27T15:04:45.986Z,2025-10-28T22:34:32.534Z,2914.79,,"$3,334.40","LEILISI - Reposapiés pequeño otomano de piel café, reposapiés tapizado tallado clásico, taburete de goma de madera para reposapiés (negro-café)",https://www.amazon.com.mx/dp/B08QF4RQM3,https://www.amazon.com/dp/B08QF4RQM3,SRKSB LLC,
,B0D65R3G7L,5,Hogar y Cocina,disponible,no disponible,,,2025-10-19T03:45:08.805Z,2025-10-27T15:04:52.780Z,2025-10-28T22:34:40.675Z,1742.8,,"$1,777.13","computadora para computadora portátil, computadora para computadora portátil, mesa de noche portátil, mesa de noche, computadora plegable, altura ajustable con ruedas bloqueadas y alfombrilla de mouse",https://www.amazon.com.mx/dp/B0D65R3G7L,https://www.amazon.com/dp/B0D65R3G7L,SRKSB LLC,
,B0C9MCY5DS,5,Hogar y Cocina,disponible,no disponible,,,2025-10-19T03:45:08.805Z,2025-10-27T15:04:58.988Z,2025-10-28T22:34:49.236Z,1876.97,,"$1,876.97","KATHY&BOB - Organizador de estante de madera para computadora, juego de 2, estante organizador de computadora, estante de almacenamiento de 2 niveles, estante de computadora ajustable y apilable para cocina, baño, oficina, 16.5 x 11.8 x 12.2 pulgadas",https://www.amazon.com.mx/dp/B0C9MCY5DS,https://www.amazon.com/dp/B0C9MCY5DS,SRKSB LLC,
,B07BHMMGN3,5,Hogar y Cocina,disponible,no disponible,,,2025-10-19T03:45:08.805Z,2025-10-27T15:05:06.995Z,2025-10-28T22:34:56.368Z,3738.43,,"$3,573.71",Advance Tabco K-17 - Pedal de pie,https://www.amazon.com.mx/dp/B07BHMMGN3,https://www.amazon.com/dp/B07BHMMGN3,SRKSB LLC,
,B071QZNFZ1,5,Hogar y Cocina,disponible,no disponible,,,2025-10-19T03:45:08.805Z,2025-10-27T15:05:13.639Z,2025-10-28T22:35:03.561Z,1189.3,,"$1,197.75","computadora de computadora para vehículos de motor (15 1/4 pulgadas x 13 3/4 pulgadas), superficie de escritura de coche y SUV, volante, estación de computadora portátil, mesa de tablet, computadora",https://www.amazon.com.mx/dp/B071QZNFZ1,https://www.amazon.com/dp/B071QZNFZ1,SRKSB LLC,
,B01I0GE02E,5,Hogar y Cocina,disponible,no disponible,,,2025-10-19T03:45:08.806Z,2025-10-27T15:05:26.295Z,2025-10-28T22:35:17.730Z,1187.9,,"$1,183.39","Opttico Ruedas de goma de repuesto para alfombrilla de silla, 7.6 cm",https://www.amazon.com.mx/dp/B01I0GE02E,https://www.amazon.com/dp/B01I0GE02E,SRKSB LLC,
,B0DG7YLD18,5,Hogar y Cocina,disponible,disponible,,,2025-10-19T03:45:08.806Z,2025-10-27T15:05:34.714Z,2025-10-28T22:35:24.940Z,820.06,14.98,$703.93,"Felpudo decorativo para el día de San Valentín, decoración del hogar, decoración del hogar, aniversario, boda, interruptor de alfombra, borde trasero de goma antideslizante, interior y exterior, 17 x",https://www.amazon.com.mx/dp/B0DG7YLD18,https://www.amazon.com/dp/B0DG7YLD18,SRKSB LLC,SUCCESSFUL JOY ENTERPRISE LTD
,B0DB1NKQ73,5,Hogar y Cocina,disponible,no disponible,,,2025-10-19T03:45:08.807Z,2025-10-27T15:05:42.195Z,2025-10-28T22:35:33.079Z,2220.49,,"$2,477.30","Veegle Mesita de noche moderna con estación de carga, mesita de noche alta con cajón",https://www.amazon.com.mx/dp/B0DB1NKQ73,https://www.amazon.com/dp/B0DB1NKQ73,SRKSB LLC,
,B07G1TX4WT,5,Hogar y Cocina,disponible,no disponible,,,2025-10-19T03:45:19.104Z,2025-10-27T15:05:50.675Z,2025-10-28T22:35:40.124Z,1801.73,,"$1,832.43","FRMSAET Accesorios para muebles Productos de oficina Trajes Hardware 53 cm / 60 cm / 76 cm Bandeja para cajones para teclado Soporte de madera debajo del escritorio Plataforma de altura ajustable. (60 cm, negro)",https://www.amazon.com.mx/dp/B07G1TX4WT,https://www.amazon.com/dp/B07G1TX4WT,SRKSB LLC,
,B08FFNN8NG,5,Hogar y Cocina,disponible,no disponible,,,2025-10-19T03:45:19.104Z,2025-10-27T15:05:59.230Z,2025-10-28T22:35:47.871Z,1346.89,,"$1,467.10","Mesa de cama para computadora portátil, mesa de cama, bandeja de desayuno, TV con patas plegables, computadora portátil, soporte de lectura para sofá, sofá, tamaño grande, madera de bambú",https://www.amazon.com.mx/dp/B08FFNN8NG,https://www.amazon.com/dp/B08FFNN8NG,SRKSB LLC,
,B09W8VWNGJ,5,Hogar y Cocina,disponible,no disponible,,,2025-10-19T03:45:19.104Z,2025-10-27T15:06:05.647Z,2025-10-28T22:35:55.019Z,3363.79,,"$3,656.05","HOSEOKA - Mesita de noche de granja con estación de carga, mesa auxiliar rústica para sala de estar, mesa auxiliar gris mesita de noche industrial con puertos USB y salidas",https://www.amazon.com.mx/dp/B09W8VWNGJ,https://www.amazon.com/dp/B09W8VWNGJ,SRKSB LLC,
,B09JVPC9WH,5,Hogar y Cocina,disponible,no disponible,,,2025-10-19T03:45:19.105Z,2025-10-27T15:06:13.114Z,2025-10-28T22:36:01.482Z,5799,,"$6,500.37","Anynice Estanterías industriales, estantería de tubo de madera, 5 estantes rústicos de almacenamiento para sala de estar, cocina, oficina (café desgastado, 29.5 pulgadas de largo x 11.8 pulgadas de ancho x 70 pulgadas de alto)",https://www.amazon.com.mx/dp/B09JVPC9WH,https://www.amazon.com/dp/B09JVPC9WH,Planeta Verde,
,B09D7LJ89H,5,Hogar y Cocina,disponible,disponible,,,2025-10-19T03:45:19.105Z,2025-10-27T15:06:21.155Z,2025-10-28T22:36:10.082Z,1006.39,18.39,$835.45,"Akicia - Protector de colchón Queen con bolsillos profundos, funda de colchón impermeable ajustada, sábana protectora inferior lavable para incontinencia de adultos, entrenamiento para ir al baño,",https://www.amazon.com.mx/dp/B09D7LJ89H,https://www.amazon.com/dp/B09D7LJ89H,SRKSB LLC,Night Spill Protection
,B08ZJ9P7P3,5,Hogar y Cocina,disponible,disponible,,,2025-10-19T03:45:19.105Z,2025-10-27T15:06:29.158Z,2025-10-28T22:36:17.785Z,771.14,26.34,"$1,107.90","TASTELIFE Protector de colchón – Individual XL – Esenciales para recámara universitario para niñas y niños – Funda protectora de colchón impermeable de bambú premium para bolsillos de hasta 21 pulgadas de profundidad (39 x 80 pulgadas, blanco)",https://www.amazon.com.mx/dp/B08ZJ9P7P3,https://www.amazon.com/dp/B08ZJ9P7P3,Amazon Estados Unidos,BaliChun
,B0894RPZBX,5,Hogar y Cocina,disponible,disponible,,,2025-10-19T03:45:19.105Z,2025-10-27T15:06:36.673Z,2025-10-28T22:36:25.819Z,859.99,20.99,$786.51,"Bedecor - Sábana bajera ajustable para colchón de aire inflado sin desmontaje, cómoda y firme de hasta 21 pulgadas, color blanco, tamaño individual XL",https://www.amazon.com.mx/dp/B0894RPZBX,https://www.amazon.com/dp/B0894RPZBX,SRKSB LLC,BEDECOR
,B08CZHGMMP,5,Hogar y Cocina,disponible,no disponible,,,2025-10-19T03:45:19.105Z,2025-10-27T15:06:44.557Z,2025-10-28T22:36:34.010Z,561.95,,$607.07,"Juego de 4 placas de gancho de madera para cabecero y estribera, soporte de montaje para barra de cama con tornillos de montaje",https://www.amazon.com.mx/dp/B08CZHGMMP,https://www.amazon.com/dp/B08CZHGMMP,SRKSB LLC,
,B0DCW9Z8F2,5,Hogar y Cocina,disponible,no disponible,,,2025-10-19T03:45:19.106Z,2025-10-27T15:06:51.681Z,2025-10-28T22:36:41.620Z,8784.95,,"$9,358.58","Container Furniture Direct Velvet - Sillón Moderno con Marco Dorado de Lujo, Asientos versátiles para Sala de Estar, recámara, Oficina, Color Amarillo",https://www.amazon.com.mx/dp/B0DCW9Z8F2,https://www.amazon.com/dp/B0DCW9Z8F2,SURE_FIRE,
,B0DJ26P9NS,5,Hogar y Cocina,disponible,disponible,,,2025-10-19T03:45:31.605Z,2025-10-27T15:06:59.622Z,2025-10-28T22:36:50.031Z,822.74,35.99,"$1,245.13","lona decorativo para pared de Jesús Lamb, con diseño de cristo el buen pastor, para decoración de pared – Encuentra el cordero perdido para sala de estar, recámara, iglesia, decoración del hogar lista",https://www.amazon.com.mx/dp/B0DJ26P9NS,https://www.amazon.com/dp/B0DJ26P9NS,GAI WALL ART,GAI WALL ART
,B0CSCT1C5Q,5,Hogar y Cocina,disponible,disponible,,,2025-10-19T03:45:31.605Z,2025-10-27T15:07:07.037Z,2025-10-28T22:36:57.133Z,408.23,15.99,$673.02,Cuadro enmarcado del Sagrado Corazón de Jesús Arte de Pared Arte de Jesús Divina Misericordia Impresiones Cristiana Dios Religioso Obra de Arte Hogar Sala de,https://www.amazon.com.mx/dp/B0CSCT1C5Q,https://www.amazon.com/dp/B0CSCT1C5Q,FYARTKJ,FYARTKJ
,B0DPSGJVL8,5,Hogar y Cocina,disponible,no disponible,,,2025-10-19T03:45:31.606Z,2025-10-27T15:07:15.019Z,2025-10-28T22:37:05.432Z,1052.37,,"$1,024.91","HesenDot Gustav Klimt Village - Arte enmarcado para pared, 12 x 16 pulgadas, estilo simbolismo, póster de paisaje Art Nouveau, decoración de pared para sala de estar, recámara, estudio, oficina en",https://www.amazon.com.mx/dp/B0DPSGJVL8,https://www.amazon.com/dp/B0DPSGJVL8,SRKSB LLC,
,B0CRDJ5VK4,5,Hogar y Cocina,disponible,disponible,,,2025-10-19T03:45:31.606Z,2025-10-27T15:07:23.018Z,2025-10-28T22:37:13.155Z,641.71,16.97,$650.13,"Leetideful - Póster divertido con estampado de gato para baño, diseño de gato Funky Are You Pooping, lona para pared, diseño de gatos extravagantes, ilustraciones de humor ingenioso, para decoración",https://www.amazon.com.mx/dp/B0CRDJ5VK4,https://www.amazon.com/dp/B0CRDJ5VK4,SRKSB LLC,chenpingartt
,B0C5H5B3HB,5,Hogar y Cocina,disponible,disponible,,,2025-10-19T03:45:31.606Z,2025-10-27T15:07:30.265Z,2025-10-28T22:37:21.787Z,899.11,20.99,$930.16,MicDecor - Figura decorativa de resina dorada de 7.8 pulgadas (JS0367),https://www.amazon.com.mx/dp/B0C5H5B3HB,https://www.amazon.com/dp/B0C5H5B3HB,SRKSB LLC,Micdecor
,B0D9VHV5FY,5,Hogar y Cocina,disponible,no disponible,,,2025-10-19T03:45:43.575Z,2025-10-27T15:07:38.962Z,2025-10-28T22:37:30.301Z,2834.21,,"$2,851.46","Aryroi - Juego de arte de pared de anillo abstracto de lona enmarcado (16 x 24 x 3 unidades), decoración de pared moderna minimalista de color negro y blanco, anillo de madera neutral, impresiones",https://www.amazon.com.mx/dp/B0D9VHV5FY,https://www.amazon.com/dp/B0D9VHV5FY,SRKSB LLC,
,B0CMDHY761,5,Hogar y Cocina,disponible,no disponible,,,2025-10-19T03:45:43.575Z,2025-10-27T15:07:47.175Z,2025-10-28T22:37:37.254Z,479.95,,$466.84,"6 piezas de arte de pared bohemio para guardería, decoración de pared de oso de ardilla de ciervo, sin marco, carteles bohemios verdes, obras de arte para el hogar, niños, niñas, habitación, aula, sala de estar, 8 x 10 pulgadas",https://www.amazon.com.mx/dp/B0CMDHY761,https://www.amazon.com/dp/B0CMDHY761,SRKSB LLC,
,B0D7BLHBPJ,5,Hogar y Cocina,disponible,no disponible,,,2025-10-19T03:45:43.575Z,2025-10-27T15:07:54.496Z,2025-10-28T22:37:45.656Z,1175.68,,"$1,149.62","Arte de pared de Jesucristo El Buen Pastor – lona decorativo para pared – Póster de Jesús y Cordero impreso para el hogar, sala de estar, recámara, decoración del hogar – Prepárese para colgar",https://www.amazon.com.mx/dp/B0D7BLHBPJ,https://www.amazon.com/dp/B0D7BLHBPJ,SRKSB LLC,
,B07RF8YFJF,5,Hogar y Cocina,disponible,no disponible,,,2025-10-19T03:45:43.576Z,2025-10-27T15:08:08.433Z,2025-10-28T22:38:00.955Z,1776.61,,"$1,715.79","YOUHONG - 5 piezas de arte de pared de última cena, decoración de pared cristiana, carteles de Jesús, Leonardo Da Vinci, decoración de comedor, la última cena, pintura para recámara, sala de estar (50",https://www.amazon.com.mx/dp/B07RF8YFJF,https://www.amazon.com/dp/B07RF8YFJF,SRKSB LLC,
,B0C2KXQJYB,5,Hogar y Cocina,disponible,no disponible,,,2025-10-19T03:45:43.576Z,2025-10-27T15:08:17.650Z,2025-10-28T22:38:08.453Z,1015.19,,$976.76,"Inspirational Wall Art for Bedroom Affirmation Aesthetic Decor, Pink Pastel Framed Canvas Office Wall Art for Women/ Girl, Motivational Positive Quotes Prints for College Dorm, Preppy Room Decor Aesthetic",https://www.amazon.com.mx/dp/B0C2KXQJYB,https://www.amazon.com/dp/B0C2KXQJYB,SRKSB LLC,
,B07176GB88,5,Hogar y Cocina,disponible,disponible,,,2025-10-19T03:45:43.576Z,2025-10-27T15:08:26.203Z,2025-10-28T22:38:16.947Z,395.87,11.69,$541.58,"BATTOO Dr. Seuss Oh The Places You Go Airplane Pilot - Calcomanía de pared - blanco, mate, tipográfico, adorno de cristal, vinilo, decoración de pared",https://www.amazon.com.mx/dp/B07176GB88,https://www.amazon.com/dp/B07176GB88,Amazon Estados Unidos,WallzTalk
,B08LH2P7NL,5,Hogar y Cocina,disponible,no disponible,,,2025-10-19T03:45:43.576Z,2025-10-27T15:08:34.151Z,2025-10-28T22:38:25.104Z,1083.53,,"$1,048.09","KAWAHONE - Arte de pared inspirador y motivacional con cita positiva, 3 paneles de 12 x 16 pulgadas, decoración de pared para oficina en casa",https://www.amazon.com.mx/dp/B08LH2P7NL,https://www.amazon.com/dp/B08LH2P7NL,SRKSB LLC,
,B098724BZM,5,Hogar y Cocina,disponible,disponible,,,2025-10-19T03:45:43.576Z,2025-10-27T15:08:42.338Z,2025-10-28T22:38:32.214Z,2112.75,69.99,"$2,178.15","Gran arte de pared inspirador para sala de estar, espacio exterior, decoración de pared, astronauta sosteniendo planeta motivacional, impresión creativa enmarcada para niños, hombres, mujeres, dormitorio, baño, oficina, 61 x 91 cm",https://www.amazon.com.mx/dp/B098724BZM,https://www.amazon.com/dp/B098724BZM,SRKSB LLC,JWT ART
,B0D473D92B,5,Hogar y Cocina,disponible,no disponible,,,2025-10-19T03:45:43.577Z,2025-10-27T15:08:49.576Z,2025-10-28T22:38:40.351Z,1278.34,,"$1,266.96","Decoración de pared para plantas de flores, 16 x 11 pulgadas, juego de 3 pinturas botánicas en blanco y negro con marco para recámara minimalista, oficina, sala de estar, abstracto, letrero de flores",https://www.amazon.com.mx/dp/B0D473D92B,https://www.amazon.com/dp/B0D473D92B,SRKSB LLC,
,B082HJXG4L,5,Hogar y Cocina,disponible,no disponible,,,2025-10-19T03:45:43.577Z,2025-10-27T15:08:56.306Z,2025-10-28T22:38:48.512Z,712.02,,$705.35,"Vijf Arte Arte sobre la nutrición de los hechos inspiradores de la pared, lona inspirador de citas de empresarios motivacionales, cuadro moderno enmarcado para decoración de pared de sala de estar,",https://www.amazon.com.mx/dp/B082HJXG4L,https://www.amazon.com/dp/B082HJXG4L,SRKSB LLC,
,B0D2RB2WGG,5,Hogar y Cocina,disponible,no disponible,,,2025-10-19T03:45:52.392Z,2025-10-27T15:09:04.631Z,2025-10-28T22:38:56.164Z,612.04,,$624.84,"Kelool - Paquete de 1 decoración de esqueleto de Halloween, mini esqueleto de cuerpo completo de Halloween de 15.7 pulgadas, con huesos posibles móviles, esqueleto espeluznante para decoración de",https://www.amazon.com.mx/dp/B0D2RB2WGG,https://www.amazon.com/dp/B0D2RB2WGG,DERYA KANPOLAT,
,B0CYNV2BP1,5,Hogar y Cocina,disponible,no disponible,,,2025-10-19T03:45:52.392Z,2025-10-27T15:09:12.250Z,2025-10-28T22:39:04.135Z,786.52,,$772.91,"EXQUIDECA - 5 paneles de madera para la pared de la familia, este es nosotros/juntos/bendice este hogar placas de pared para sala de estar, recámara, comedor, decoración de pared rústica multicolor",https://www.amazon.com.mx/dp/B0CYNV2BP1,https://www.amazon.com/dp/B0CYNV2BP1,SRKSB LLC,
,B0BD98XPN7,5,Hogar y Cocina,disponible,no disponible,,,2025-10-19T03:45:52.392Z,2025-10-27T15:09:19.417Z,2025-10-28T22:39:11.287Z,771.16,,$639.23,"7 pósteres motivacionales de reglas de la vida impresos en lona para decoración de pared en el aula, arte inspirador de pared para decoración del hogar o el hogar positivo para la oficina, decoración",https://www.amazon.com.mx/dp/B0BD98XPN7,https://www.amazon.com/dp/B0BD98XPN7,SRKSB LLC,
,B01CU1MI7Y,5,Hogar y Cocina,disponible,disponible,,,2025-10-19T03:45:52.392Z,2025-10-27T15:09:27.820Z,2025-10-28T22:39:19.802Z,566.65,6.99,$568.82,"Adhesivo de pared de vinilo para ratones (6.5 x 2.5 pulgadas, negro)",https://www.amazon.com.mx/dp/B01CU1MI7Y,https://www.amazon.com/dp/B01CU1MI7Y,SRKSB LLC,WallzTalk
,B071VDNXQ1,5,Hogar y Cocina,disponible,no disponible,,,2025-10-19T03:45:52.392Z,2025-10-27T15:09:34.703Z,2025-10-28T22:39:27.377Z,1073.69,,"$1,072.31","lona decorativo para pared, diseño de flores de arte visual, color blanco y negro con marco y imágenes estiradas, Art Deco, Blanco y Negro, Pequeño, 1",https://www.amazon.com.mx/dp/B071VDNXQ1,https://www.amazon.com/dp/B071VDNXQ1,Boon Shopping,
,B0C2BWVZK6,5,Hogar y Cocina,disponible,disponible,,,2025-10-19T03:45:52.392Z,2025-10-27T15:09:42.350Z,2025-10-28T22:39:35.413Z,766.15,19.99,$792.72,"Figura de búho y esculturas para decoración de estantes, 3 estatuas de búho sabio para decoración de sala de estar, recámara, decoración de animales retro, regalo bohemio para mujeres amantes de los",https://www.amazon.com.mx/dp/B0C2BWVZK6,https://www.amazon.com/dp/B0C2BWVZK6,SRKSB LLC,huashidaimaoyiyouxiangongsi
,B0C171S4VQ,5,Hogar y Cocina,disponible,disponible,,,2025-10-19T03:45:52.392Z,2025-10-27T15:09:50.029Z,2025-10-28T22:39:43.153Z,594.93,13.99,$597.94,"Decoración gótica para pared, novia, pareja, regalos góticos para él y ella",https://www.amazon.com.mx/dp/B0C171S4VQ,https://www.amazon.com/dp/B0C171S4VQ,SRKSB LLC,Earus
,B0D7W3XVVZ,5,Hogar y Cocina,disponible,no disponible,,,2025-10-19T03:45:52.393Z,2025-10-27T15:09:58.233Z,2025-10-28T22:39:51.207Z,1859.85,,"$1,859.85","Juego de 3 lienzos de mujer negra, diseño bohemio de girasol, fotos afroamericanas, impresiones artísticas de flores para decoración nórdica minimalista para habitación, recámara, decoración de pared,",https://www.amazon.com.mx/dp/B0D7W3XVVZ,https://www.amazon.com/dp/B0D7W3XVVZ,SRKSB LLC,
,B0D4TZKLZH,5,Hogar y Cocina,disponible,no disponible,,,2025-10-19T03:45:52.393Z,2025-10-27T15:10:05.700Z,2025-10-28T22:39:58.259Z,870.92,,$842.73,"AKWISH - Mariposa clásico para pared, 12 x 16 pulgadas",https://www.amazon.com.mx/dp/B0D4TZKLZH,https://www.amazon.com/dp/B0D4TZKLZH,SRKSB LLC,
,B08WLPZJJB,5,Hogar y Cocina,disponible,no disponible,,,2025-10-19T03:45:52.393Z,2025-10-27T15:10:12.361Z,2025-10-28T22:40:05.501Z,1159.18,,"$1,155.18","AMART SUN Póster inspirador NBA - Kobe Bryant Mamba - Arte motivacional para el hogar, la oficina, el gimnasio, la decoración de pared enmarcado listo para colgar",https://www.amazon.com.mx/dp/B08WLPZJJB,https://www.amazon.com/dp/B08WLPZJJB,SRKSB LLC,
,B0BRD3T7HG,5,Hogar y Cocina,disponible,no disponible,,,2025-10-19T03:45:52.393Z,2025-10-27T15:10:21.253Z,2025-10-28T22:40:12.951Z,1018.14,,$975.90,"3 piezas de lona de montaña para sala de estar, paisaje natural, girasol, decoración de pared para recámara, decoración del hogar, amanecer Grand Teton, parque nacional, pintura enmarcada, 12 x 16 x 3",https://www.amazon.com.mx/dp/B0BRD3T7HG,https://www.amazon.com/dp/B0BRD3T7HG,SURE_FIRE,
,B0D5CDG9LC,5,Hogar y Cocina,disponible,no disponible,,,2025-10-19T03:45:52.393Z,2025-10-27T15:10:28.060Z,2025-10-28T22:40:20.397Z,583.04,,$584.89,"Bnesi 3 piezas decoración de verano para el hogar, decoración de pared de playa para baño, estilo costero fresco, decoración de pared azul mar y océanos, decoración de vida para baño, sala de estar,",https://www.amazon.com.mx/dp/B0D5CDG9LC,https://www.amazon.com/dp/B0D5CDG9LC,SRKSB LLC,
,B09B118J2F,5,Hogar y Cocina,disponible,no disponible,,,2025-10-19T03:45:52.393Z,2025-10-27T15:10:35.403Z,2025-10-28T22:40:28.708Z,499,,"$2,464.04","MAMAGO Lienzo decorativo para pared, diseño de loft desnudo, pintura abstracta de mujer, imágenes modernas de dama, obras de arte para decoración del hogar para sala de estar, dormitorio, baño, enmarcado, listo para colgar, 28 pulgadas de ancho x 44 pulgadas de alto",https://www.amazon.com.mx/dp/B09B118J2F,https://www.amazon.com/dp/B09B118J2F,Marca: MAMAGO,
,B01N35UTIZ,5,Hogar y Cocina,disponible,no disponible,,,2025-10-19T03:45:52.393Z,2025-10-27T15:10:48.667Z,2025-10-28T22:40:44.106Z,644.8,,$644.10,"(Saint St Michael the Archangel) - Hand Painted Resin Catholic Patron Saint Michael the Archangel Statue with Prayer Card, 10cm",https://www.amazon.com.mx/dp/B01N35UTIZ,https://www.amazon.com/dp/B01N35UTIZ,SRKSB LLC,
,B08R6WDVM9,5,Hogar y Cocina,disponible,no disponible,,,2025-10-19T03:46:05.272Z,2025-10-27T15:10:57.949Z,2025-10-28T22:40:52.264Z,1317.49,,"$1,090.47","Acocifi - lona decorativo para pared, pintura de café y vino tinto, cuadros clásico de granja, pan, uvas, frutas, obras de arte enmarcadas para comedor, bar, decoración de pared, paneles de 12 x 16 x",https://www.amazon.com.mx/dp/B08R6WDVM9,https://www.amazon.com/dp/B08R6WDVM9,SRKSB LLC,
,B0BCDTXFZG,5,Hogar y Cocina,disponible,no disponible,,,2025-10-19T03:46:05.272Z,2025-10-27T15:11:06.095Z,2025-10-28T22:41:00.341Z,746.52,,$733.87,"The Serenity - Lienzo decorativo para pared, oficina, decoración del hogar, versículo de la Biblia, obra de arte cristiana de 11.5 x 15 pulgadas (marco de madera)",https://www.amazon.com.mx/dp/B0BCDTXFZG,https://www.amazon.com/dp/B0BCDTXFZG,SRKSB LLC,
,B08VH51BWX,5,Hogar y Cocina,disponible,disponible,,,2025-10-19T03:46:05.272Z,2025-10-27T15:11:12.868Z,2025-10-28T22:41:08.202Z,1283.56,39.99,"$1,275.67","Arte de pared inspirador para oficina, espacio exterior, decoración de pared para hombres, mujeres, recámara, lona motivacional, obra de arte enmarcada para paredes del hogar, baño, sala de estar, habitación de los niños, 16 x 24 pulgadas",https://www.amazon.com.mx/dp/B08VH51BWX,https://www.amazon.com/dp/B08VH51BWX,SRKSB LLC,JWT ART
,B0CSBCN84G,5,Hogar y Cocina,disponible,no disponible,,,2025-10-19T03:46:05.272Z,2025-10-27T15:11:19.924Z,2025-10-28T22:41:16.055Z,529.91,,$529.91,"DONFENTHY - 3 piezas inspiradoras flores moradas para pared, arte de pared colgante de madera, citas cristianas, regalo para niñas, adolescentes, mujeres, recámara, baño, sala de estar, guardería,",https://www.amazon.com.mx/dp/B0CSBCN84G,https://www.amazon.com/dp/B0CSBCN84G,SRKSB LLC,
,B078NV8K85,5,Hogar y Cocina,disponible,no disponible,,,2025-10-19T03:46:05.273Z,2025-10-27T15:11:28.605Z,2025-10-28T22:41:23.291Z,2710.52,,"$2,895.35","5 piezas lona de arte de la pared, 60 x 32 inch tamaño total, grande, Burlywood Frames for Wall Art (60x32), 60x32 overall by 5 piece 1"" thick frame",https://www.amazon.com.mx/dp/B078NV8K85,https://www.amazon.com/dp/B078NV8K85,Boon Shopping,
,B0CQPG648P,5,Hogar y Cocina,disponible,no disponible,,,2025-10-19T03:46:05.273Z,2025-10-27T15:11:35.537Z,2025-10-28T22:41:31.513Z,603.38,,$574.53,"ONIZHITY - Juego de 3 piezas de decoración de baño morado, decoración de pared púrpura, elegancia rústica, decoración morada, con palabras inspiradoras, palabras agradecidas, agradecidas, bendecidas,",https://www.amazon.com.mx/dp/B0CQPG648P,https://www.amazon.com/dp/B0CQPG648P,SRKSB LLC,
,B0D97GBVVY,5,Hogar y Cocina,disponible,no disponible,,,2025-10-19T03:46:05.273Z,2025-10-27T15:11:42.167Z,2025-10-28T22:41:39.618Z,863.48,,"$1,039.02","Decoraciones de Halloween para interiores y Halloween, decoración del hogar de Halloween, decoración de mesa de fiesta de Halloween, decoración de habitación de Halloween, decoración de computadora",https://www.amazon.com.mx/dp/B0D97GBVVY,https://www.amazon.com/dp/B0D97GBVVY,SRKSB LLC,
,B004RB5KG2,5,Hogar y Cocina,disponible,disponible,,,2025-10-19T03:46:05.273Z,2025-10-27T15:11:50.378Z,2025-10-28T22:41:47.026Z,3557,122.67,"$3,557.00",Lucha clásico mercado de existencias toro y oso Estatua,https://www.amazon.com.mx/dp/B004RB5KG2,https://www.amazon.com/dp/B004RB5KG2,SRKSB LLC,"Zentra, LLC"
,B0B6HW5K6X,5,Hogar y Cocina,disponible,no disponible,,,2025-10-19T03:46:05.273Z,2025-10-27T15:11:58.156Z,2025-10-28T22:41:54.087Z,1584.19,,"$1,608.17","Arte de pared de playa para sala de estar, lienzo de océano para pared, pintura de atardecer dorada para dormitorio, paisaje marino azul, impresión artística para baño, decoración del hogar, oficina, lista para colgar (20 x 40 pulgadas)",https://www.amazon.com.mx/dp/B0B6HW5K6X,https://www.amazon.com/dp/B0B6HW5K6X,Boon Shopping,
,B0C9TRBD5T,5,Hogar y Cocina,disponible,no disponible,,,2025-10-19T03:46:05.273Z,2025-10-27T15:12:05.134Z,2025-10-28T22:42:02.855Z,1363,,"$2,857.57","Arte de pared enmarcado negro para sala de estar, decoración de pared para recámara, póster azul, playa, sol, océano, paisaje, impresiones, ilustraciones, decoración de baño, paisaje marino, lona para colgar imágenes, oficina, decoración del hogar",https://www.amazon.com.mx/dp/B0C9TRBD5T,https://www.amazon.com/dp/B0C9TRBD5T,Marca: Lapremoly,
,B0CGRJQ8RV,5,Hogar y Cocina,disponible,no disponible,,,2025-10-19T03:46:05.273Z,2025-10-27T15:12:13.147Z,2025-10-28T22:42:11.121Z,809.1,,$699.57,"Póster de arte de pared con versículo bíblico positivo para decoración de pared con texto en inglés ""Be Anxious for Nothing"", cuadro enmarcado para filipenses 4:6-7, obras de arte de escritura para decoración del hogar, 12 x 15 pulgadas",https://www.amazon.com.mx/dp/B0CGRJQ8RV,https://www.amazon.com/dp/B0CGRJQ8RV,SRKSB LLC,
,B0C94H2WT2,5,Hogar y Cocina,disponible,no disponible,,,2025-10-19T03:46:05.273Z,2025-10-27T15:12:21.664Z,2025-10-28T22:42:19.425Z,568.43,,$520.64,"RETRART 8 x 10_boho6: Arte de Pared Bohemio, 6 Piezas, Verde Salvia y Beige, Impermeable, Montaje en Pared, Sala de Estar, Recámara, Guardería, Oficina",https://www.amazon.com.mx/dp/B0C94H2WT2,https://www.amazon.com/dp/B0C94H2WT2,SRKSB LLC,
,B0BZP1CMSJ,5,Hogar y Cocina,disponible,no disponible,,,2025-10-19T03:46:05.274Z,2025-10-27T15:12:28.825Z,2025-10-28T22:42:27.359Z,976.88,,$982.50,"Musanpou Decoración de pared de madera tallada a mano con diseño redondo artístico para interiores de estilo rústico y rural, decoración artística de pared, 11.8 x 11.8 pulgadas (café)",https://www.amazon.com.mx/dp/B0BZP1CMSJ,https://www.amazon.com/dp/B0BZP1CMSJ,SRKSB LLC,
,B08Y8KGXT8,5,Hogar y Cocina,disponible,no disponible,,,2025-10-19T03:46:05.274Z,2025-10-27T15:12:35.932Z,2025-10-28T22:42:34.813Z,780.95,,$779.57,"Decoración deportiva de fútbol • Póster inspirador de Cristiano Ronaldo en lienzo de pared • Arte motivacional moderno para el hogar, oficina, gimnasio, decoración de pared de aula, enmarcado listo para colgar",https://www.amazon.com.mx/dp/B08Y8KGXT8,https://www.amazon.com/dp/B08Y8KGXT8,Boon Shopping,
,B0CJQ5Z6PG,5,Hogar y Cocina,disponible,disponible,,,2025-10-19T03:46:05.274Z,2025-10-27T15:12:43.342Z,2025-10-28T22:42:43.237Z,671.27,14.99,$829.73,"LGDSBHH - Póster clásico de emperador romano, cartel de historia, estudio, lona, decoración artística para habitación, póster de pared, póster artístico, decoración familiar moderna, 12 x 18 pulgadas (30 x 45 cm)",https://www.amazon.com.mx/dp/B0CJQ5Z6PG,https://www.amazon.com/dp/B0CJQ5Z6PG,SRKSB LLC,CBC art
,B09FSZCSJC,5,Hogar y Cocina,disponible,no disponible,,,2025-10-19T03:46:05.274Z,2025-10-27T15:12:50.970Z,2025-10-28T22:42:50.804Z,647.65,,$686.29,"YK Artwood Paquete de 3 marcos magnéticos para colgar pósteres de madera natural, color de 12 x 16 pulgadas, 12 x 18 pulgadas, 12 x 20 pulgadas, 12 x 24 pulgadas, marco de póster para fotos, arte de lona, obras de arte para colgar en la pared, madera de teca, 12 pulgadas",https://www.amazon.com.mx/dp/B09FSZCSJC,https://www.amazon.com/dp/B09FSZCSJC,Boon Shopping,
,B0DGSRWLNT,5,Hogar y Cocina,disponible,no disponible,,,2025-10-19T03:46:18.154Z,2025-10-27T15:12:58.570Z,2025-10-28T22:42:58.236Z,918.16,,$905.67,"HesenDot - Arte de pared de madera de roble natural enmarcado para verano en positano, 12 x 16 pulgadas, lona costero Amalfi italiano, decoración de pared para sala de estar, recámara, galería de",https://www.amazon.com.mx/dp/B0DGSRWLNT,https://www.amazon.com/dp/B0DGSRWLNT,SRKSB LLC,
,B0C6DFW922,5,Hogar y Cocina,disponible,no disponible,,,2025-10-19T03:46:18.154Z,2025-10-27T15:13:07.141Z,2025-10-28T22:43:05.391Z,1069.32,,"$1,069.32","JoyEvy Decoración de pared de cabeza de ciervo, escultura de resina, cabeza de ciervo, cuernos dorados, calavera de ciervo, hecha a mano, arte de pared colgante de animales rústicos, decoración de casa de campo (9.5 x 11 pulgadas)",https://www.amazon.com.mx/dp/B0C6DFW922,https://www.amazon.com/dp/B0C6DFW922,SRKSB LLC,
,B0BYK1B7KD,5,Hogar y Cocina,disponible,no disponible,,,2025-10-19T03:46:18.154Z,2025-10-27T15:13:14.710Z,2025-10-28T22:43:13.477Z,605.93,,$602.45,"Geetery Juego de 5 libros apilados de madera para decoración de vaca de granja, incluye 2 esculturas de pared de vaca, estatuas de 3 niveles para decoración del hogar para sala de estar, mesa de centro, libros, decoración de libros falsos, letrero de decoración rústica",https://www.amazon.com.mx/dp/B0BYK1B7KD,https://www.amazon.com/dp/B0BYK1B7KD,SRKSB LLC,
,B0BXKTM5P6,5,Hogar y Cocina,disponible,no disponible,,,2025-10-19T03:46:18.154Z,2025-10-27T15:13:27.950Z,2025-10-28T22:43:26.893Z,530.24,,$520.94,"Letrero de madera para guardería para niños, bienvenido a mi cuna, cuarto de bebé, sala de juegos, decoración inspiradora de pared, regalo de baby shower para bebé recién nacido",https://www.amazon.com.mx/dp/B0BXKTM5P6,https://www.amazon.com/dp/B0BXKTM5P6,SRKSB LLC,
,B09RMXWH7V,5,Hogar y Cocina,disponible,disponible,,,2025-10-19T03:46:18.154Z,2025-10-27T15:13:34.633Z,2025-10-28T22:43:35.317Z,421.74,4.99,$427.83,"STICKY DUDE McLovin Hawaii - Adhesivo de vinilo impermeable para ventana de coche, portátil, 5 pulgadas",https://www.amazon.com.mx/dp/B09RMXWH7V,https://www.amazon.com/dp/B09RMXWH7V,SRKSB LLC,STICKY DUDE ✅
,B09MBL92XB,5,Hogar y Cocina,disponible,no disponible,,,2025-10-19T03:46:18.155Z,2025-10-27T15:13:43.201Z,2025-10-28T22:43:42.951Z,779.59,,$783.52,Mindset is Everything - Pegatinas de pared,https://www.amazon.com.mx/dp/B09MBL92XB,https://www.amazon.com/dp/B09MBL92XB,SRKSB LLC,
,B094ZRJPXD,5,Hogar y Cocina,disponible,no disponible,,,2025-10-19T03:46:18.155Z,2025-10-27T15:13:51.457Z,2025-10-28T22:43:50.762Z,1906.84,,"$1,905.46","Cuadro artístico de pared de playa para sala de estar, estilo marco de ventana, lona para decoración de pared, puesta de sol del océano, pintura de mar azul y arena blanca en lona para recámara, oficina, decoración del hogar",https://www.amazon.com.mx/dp/B094ZRJPXD,https://www.amazon.com/dp/B094ZRJPXD,Boon Shopping,
,B0BNPL4V4F,5,Hogar y Cocina,disponible,no disponible,,,2025-10-19T03:46:18.155Z,2025-10-27T15:13:59.385Z,2025-10-28T22:43:59.055Z,651.9,,$646.88,"Carhartt Boys Long-Sleeve Zip-Front Hooded Coverall, Navy Blazer Heather, 24 Months",https://www.amazon.com.mx/dp/B0BNPL4V4F,https://www.amazon.com/dp/B0BNPL4V4F,SRKSB LLC,
,B0C1GGWCTM,5,Hogar y Cocina,disponible,no disponible,,,2025-10-19T03:46:18.155Z,2025-10-27T15:14:07.373Z,2025-10-28T22:44:07.578Z,780.23,,$780.23,Owl Decor for Home Small Owl Statue Owl Figurines for Shelf Bookshelf Bedroom Office Decorations Cute White Adorable Gifts for Owl Lovers,https://www.amazon.com.mx/dp/B0C1GGWCTM,https://www.amazon.com/dp/B0C1GGWCTM,SRKSB LLC,
,B09G6P2PF7,5,Hogar y Cocina,disponible,no disponible,,,2025-10-19T03:46:18.155Z,2025-10-27T15:14:15.784Z,2025-10-28T22:44:15.325Z,737.16,,$735.78,"Arte de pared en lona de éxito, fotos motivacionales de oficina, póster grande, obras de arte de liderazgo, decoración inspiradora para hombres",https://www.amazon.com.mx/dp/B09G6P2PF7,https://www.amazon.com/dp/B09G6P2PF7,Boon Shopping,
,B0B1VTMB57,5,Hogar y Cocina,disponible,disponible,,,2025-10-19T03:46:18.155Z,2025-10-27T15:14:24.252Z,2025-10-28T22:44:24.090Z,697.21,15.82,$688.61,"BrichLife - 2 estatuas geométricas de resina de alce 3D, elegantes venados de la suerte, lujosas ideas de estilo simple, adecuadas para sala de estar, gabinete de vino, soporte de exhibición,",https://www.amazon.com.mx/dp/B0B1VTMB57,https://www.amazon.com/dp/B0B1VTMB57,SRKSB LLC,LifeMan
,B0CGCVV2DR,5,Hogar y Cocina,disponible,disponible,,,2025-10-19T03:46:18.155Z,2025-10-27T15:14:32.973Z,2025-10-28T22:44:31.571Z,448.29,6.99,$469.45,"DSLSQD - Extensor de cadena para ventilador de techo, 4 piezas, cadenas de tracción para ventiladores de techo y luces, de 14 pulgadas, diseño clásico con dije hueco, para decoración de luz de ventilador de techo (color bronce)",https://www.amazon.com.mx/dp/B0CGCVV2DR,https://www.amazon.com/dp/B0CGCVV2DR,SRKSB LLC,wouldRather
,B09VDGL581,5,Hogar y Cocina,disponible,no disponible,,,2025-10-19T03:46:18.155Z,2025-10-27T15:14:40.034Z,2025-10-28T22:44:38.534Z,546.08,,$534.53,"Offito Pintura por números para adultos, principiantes y niños, kit de pintura digital inspiradora de pintura acrílica por artista, decoración de pared del hogar, regalo de 16 x 20 pulgadas (sin marco)",https://www.amazon.com.mx/dp/B09VDGL581,https://www.amazon.com/dp/B09VDGL581,SRKSB LLC,
,B08RMNNYFN,5,Hogar y Cocina,disponible,no disponible,,,2025-10-19T03:46:18.155Z,2025-10-27T15:14:47.773Z,2025-10-28T22:44:46.869Z,2506.06,,"$2,477.13","Arte náutico pintado a mano: Cuadros, Cuadro de pared con decoración de lámina dorada que se puede colgar en la sala de estar, pasillo y dormitorio (36 x 24 x 1 panel)",https://www.amazon.com.mx/dp/B08RMNNYFN,https://www.amazon.com/dp/B08RMNNYFN,SRKSB LLC,
,B0B7C3X3LS,5,Hogar y Cocina,disponible,disponible,,,2025-10-19T03:46:18.156Z,2025-10-27T15:14:55.769Z,2025-10-28T22:44:54.207Z,528.35,8.99,$485.85,"50 pegatinas y calcomanías para sombrero duro, divertidas pegatinas de advertencia para adultos, mecánicos, electricistas, militar, construcción, soldadores",https://www.amazon.com.mx/dp/B0B7C3X3LS,https://www.amazon.com/dp/B0B7C3X3LS,SRKSB LLC,Pet supplies house
,B09RSN5FCS,5,Hogar y Cocina,disponible,no disponible,,,2025-10-19T03:46:18.156Z,2025-10-27T15:15:03.766Z,2025-10-28T22:45:01.566Z,1232.03,,"$1,387.19","Lienzo estirado de ángel de fantasía para pared para sala de estar, dormitorio, decoración del hogar, impresión abstracta de anime, obra de arte, misterioso ala de hombre, marco interior (20 x 30 pulgadas)",https://www.amazon.com.mx/dp/B09RSN5FCS,https://www.amazon.com/dp/B09RSN5FCS,SURE_FIRE,
,B01M0KLEOR,5,Hogar y Cocina,disponible,no disponible,,,2025-10-19T03:46:30.415Z,2025-10-27T15:15:11.482Z,2025-10-28T22:45:09.571Z,1590,,$748.66,"Cocotik - Azulejos de pared 3D (26,7 x 25,4 cm, antimoho y palo, 6 unidades)",https://www.amazon.com.mx/dp/B01M0KLEOR,https://www.amazon.com/dp/B01M0KLEOR,Marca: Cocotik,
,B09XZYXS8M,5,Hogar y Cocina,disponible,no disponible,,,2025-10-19T03:46:30.416Z,2025-10-27T15:15:18.616Z,2025-10-28T22:45:16.548Z,694.59,,$664.62,"3 piezas de hojas de palma, decoración de pared de madera de 14.57 x 5.79 pulgadas, diseño bohemio de hojas de madera para plantas tropicales clásico para el hogar, baño, sala de estar, recámara",https://www.amazon.com.mx/dp/B09XZYXS8M,https://www.amazon.com/dp/B09XZYXS8M,SRKSB LLC,
,B09TSFZ6RB,5,Hogar y Cocina,disponible,no disponible,,,2025-10-19T03:46:30.416Z,2025-10-27T15:15:26.526Z,2025-10-28T22:45:25.055Z,671.52,,$674.07,"Decoración de pared rosa, citas inspiradoras, arte de pared motivacional para recámara para adolescentes y niñas, regalos de oficina para mujeres con lona enmarcado, listo para colgar, 15 pulgadas de ancho x 11.5 pulgadas de alto",https://www.amazon.com.mx/dp/B09TSFZ6RB,https://www.amazon.com/dp/B09TSFZ6RB,Boon Shopping,
,B09CH2DD2Q,5,Hogar y Cocina,disponible,no disponible,,,2025-10-19T03:46:30.416Z,2025-10-27T15:15:32.883Z,2025-10-28T22:45:32.746Z,523.73,,$508.97,"Yalikop 3 piezas de notas musicales para decoración de pared, diseño de grieta negra para colgar en la pared, decoración de fiesta musical para el hogar, habitación, bar, estudio, fiesta de cumpleaños",https://www.amazon.com.mx/dp/B09CH2DD2Q,https://www.amazon.com/dp/B09CH2DD2Q,SRKSB LLC,
,B07TJ2WPJX,5,Hogar y Cocina,disponible,no disponible,,,2025-10-19T03:46:30.416Z,2025-10-27T15:15:40.478Z,2025-10-28T22:45:41.290Z,977.08,,$952.20,"3 piezas de decoración visual de árbol verde azulado, paisaje en blanco y negro, cuadros enmarcados de primera calidad para galería, decoración de pared para salón moderno y oficina",https://www.amazon.com.mx/dp/B07TJ2WPJX,https://www.amazon.com/dp/B07TJ2WPJX,SRKSB LLC,
,B07BPQVYGQ,5,Hogar y Cocina,disponible,no disponible,,,2025-10-19T03:46:30.416Z,2025-10-27T15:15:47.952Z,2025-10-28T22:45:48.752Z,1772.24,,"$1,772.24","Claude Monet - lona grande para pared, diseño de lirios de agua, diseño de paisaje, diseño moderno de jardín verde, arte contemporáneo de pared, cuadro de naturaleza para el hogar, oficina, decoración",https://www.amazon.com.mx/dp/B07BPQVYGQ,https://www.amazon.com/dp/B07BPQVYGQ,SRKSB LLC,
,B08T1D9KX9,5,Hogar y Cocina,disponible,no disponible,,,2025-10-19T03:46:30.416Z,2025-10-27T15:15:54.948Z,2025-10-28T22:45:56.454Z,1162.4,,"$1,094.77","Lienzo abstracto para pared para sala de estar, dormitorio, oficina, decoración de pared de baño, lienzo gris y azul, cuadros modernos para decoración de pared, arte de pared de 40 x 30 cm",https://www.amazon.com.mx/dp/B08T1D9KX9,https://www.amazon.com/dp/B08T1D9KX9,Boon Shopping,
,B08PY8K5JL,5,Hogar y Cocina,disponible,no disponible,,,2025-10-19T03:46:30.416Z,2025-10-27T15:16:07.753Z,2025-10-28T22:46:11.574Z,694.78,,$768.09,"Decoración de arte visual, 3 piezas, diseño de elefante pequeño y lindo sueño grande pintura Giclée lienzo impreso enmarcado y estirado animal para niños, dormitorio, cuarto de guardería",https://www.amazon.com.mx/dp/B08PY8K5JL,https://www.amazon.com/dp/B08PY8K5JL,Boon Shopping,
,B08GKKHGRS,5,Hogar y Cocina,disponible,no disponible,,,2025-10-19T03:46:30.417Z,2025-10-27T15:16:14.942Z,2025-10-28T22:46:20.319Z,1990.29,,"$1,955.67","SEVEN WALL ARTS 5 piezas de póster de pantera negra, lienzo de leopardo blanco y negro, arte de pared de animales silvestres, decoración de pared enmarcada para sala de estar, dormitorio, oficina, listo para colgar",https://www.amazon.com.mx/dp/B08GKKHGRS,https://www.amazon.com/dp/B08GKKHGRS,Boon Shopping,
,B0834MXFX5,5,Hogar y Cocina,disponible,no disponible,,,2025-10-19T03:46:30.417Z,2025-10-27T15:16:22.878Z,2025-10-28T22:46:28.397Z,1257.79,,"$1,256.41","Visual Art Decor Lienzo decorativo para pared, diseño de ciervos en otoño, color blanco y negro",https://www.amazon.com.mx/dp/B0834MXFX5,https://www.amazon.com/dp/B0834MXFX5,Boon Shopping,
,B07Y456Y15,5,Hogar y Cocina,disponible,no disponible,,,2025-10-19T03:46:30.417Z,2025-10-27T15:16:29.096Z,2025-10-28T22:46:35.910Z,1057.54,,"$1,099.39","Decoración de arte visual, 3 piezas, lienzo blanco y negro, arte de pared de árbol rosa, paisaje, cuadros enmarcados y estirados, decoración de pared para sala de estar moderna oficina",https://www.amazon.com.mx/dp/B07Y456Y15,https://www.amazon.com/dp/B07Y456Y15,Boon Shopping,
,B09JC7TPKH,5,Hogar y Cocina,disponible,disponible,,,2025-10-19T03:46:30.417Z,2025-10-27T15:16:37.544Z,2025-10-28T22:46:43.010Z,2113.94,46.26,"$1,885.47","WANCHIY Estatuas modernas para amantes de la decoración del hogar, esculturas de porcelana de 10 pulgadas para decoración de estantes y mesas, escultura de cerámica de arte afectuoso, figura romántica para el hogar, recámara, sala de estar, decoración de oficina",https://www.amazon.com.mx/dp/B09JC7TPKH,https://www.amazon.com/dp/B09JC7TPKH,SRKSB LLC,WANCHIY official
,B09N33MPNS,5,Hogar y Cocina,disponible,no disponible,,,2025-10-19T03:46:30.417Z,2025-10-27T15:16:44.896Z,2025-10-28T22:46:51.056Z,727.35,,$731.59,"HLNIUC - Póster de pared motivacional para gimnasio, decoración de sala de entrenamiento, palabras motivacionales para el hogar, gimnasio, juego de 6 (8 x 10 pulgadas, sin marco), lona positivo para",https://www.amazon.com.mx/dp/B09N33MPNS,https://www.amazon.com/dp/B09N33MPNS,SRKSB LLC,
,B08YMZWY5G,5,Hogar y Cocina,disponible,no disponible,,,2025-10-19T03:46:30.417Z,2025-10-27T15:16:52.453Z,2025-10-28T22:46:58.644Z,1574.42,,"$1,786.26","Green Forest - Lienzo decorativo para pared, diseño de pájaros de montaña y bosque virgen tropical, arte moderno, enmarcado para cuarto de baño, dormitorio, guardería, sala de estar, oficina, cocina, decoración de pared, 50,8 x 101,6 cm",https://www.amazon.com.mx/dp/B08YMZWY5G,https://www.amazon.com/dp/B08YMZWY5G,SRKSB LLC,
,B09CH11FZK,5,Hogar y Cocina,disponible,no disponible,,,2025-10-19T03:46:30.417Z,2025-10-27T15:17:00.189Z,2025-10-28T22:47:06.297Z,1247.52,,"$1,235.99","Decoración de arte visual, a la moda, elegante mujer afroamericana, negra, lona para pared, oro rosa, zapatos de tacón alto, collar, perfume, bolso, pintura, impresiones giclée, póster enmarcado para",https://www.amazon.com.mx/dp/B09CH11FZK,https://www.amazon.com/dp/B09CH11FZK,SRKSB LLC,
,B07FXR6M8B,5,Hogar y Cocina,disponible,no disponible,,,2025-10-19T03:46:30.417Z,2025-10-27T15:17:07.839Z,2025-10-28T22:47:13.751Z,1485.67,,"$1,485.67","S01950 - lona decorativo para pared, diseño de aurora, sobre lona, estirado y enmarcado, listo para colgar para decoración del hogar, decoración de pared",https://www.amazon.com.mx/dp/B07FXR6M8B,https://www.amazon.com/dp/B07FXR6M8B,SRKSB LLC,
,B098PV9DCT,5,Hogar y Cocina,disponible,no disponible,,,2025-10-19T03:46:42.008Z,2025-10-27T15:17:16.726Z,2025-10-28T22:47:22.366Z,621.99,,$624.15,"Árbol de la vida decoración de pared de madera, escultura de pared de madera de 11.8 pulgadas, árbol de la vida, letrero para colgar en casa de campo, suministros de decoración para colgar en el hogar",https://www.amazon.com.mx/dp/B098PV9DCT,https://www.amazon.com/dp/B098PV9DCT,SRKSB LLC,
,B094N4W2TF,5,Hogar y Cocina,disponible,no disponible,,,2025-10-19T03:46:42.009Z,2025-10-27T15:17:25.567Z,2025-10-28T22:47:29.505Z,850.33,,$808.55,"7CANVAS - Arte de pared de labios dorados sexy, decoración de moda, estampado de labios clásico, estirado, listo para colgar, arte de pared para recámara, decoración del hogar, 16 x 12 pulgadas",https://www.amazon.com.mx/dp/B094N4W2TF,https://www.amazon.com/dp/B094N4W2TF,Boon Shopping,
,B08TVXMTQG,5,Hogar y Cocina,disponible,no disponible,,,2025-10-19T03:46:42.009Z,2025-10-27T15:17:34.036Z,2025-10-28T22:47:37.948Z,1174.87,,"$1,176.97","Arte de pared motivacional para oficina, arte de pared inspirador, citas de oficina, decoración de pared para niñas, mujeres, decoración de habitación, lienzo enmarcado en lienzo rústico, enmarcado en esta oficina, 40,6 x 61 cm, listo para colgar",https://www.amazon.com.mx/dp/B08TVXMTQG,https://www.amazon.com/dp/B08TVXMTQG,SRKSB LLC,
,B08QR5X8JL,5,Hogar y Cocina,disponible,no disponible,,,2025-10-19T03:46:42.009Z,2025-10-27T15:17:40.702Z,2025-10-28T22:47:46.259Z,1045.71,,"$1,061.89","Juego de 12 impresiones artísticas para pared, diseño de globo de unicornio, 16 x 16 cm, 3 paneles enmarcados, acuarela, unicornio y arco iris, para decoración de habitación infantil, listo para colgar, decoración de pared",https://www.amazon.com.mx/dp/B08QR5X8JL,https://www.amazon.com/dp/B08QR5X8JL,SRKSB LLC,
,B08JYXRQ92,5,Hogar y Cocina,disponible,no disponible,,,2025-10-19T03:46:42.009Z,2025-10-27T15:17:47.788Z,2025-10-28T22:47:54.110Z,1944.03,,"$2,106.32","Derkymo African American Woman Canvas Wall Art Black Girl with Tribal Feather Crown Painting Prints for Living Room Bedroom Home Decoration Modern Decor Artwork Framed Ready to Hang 24""x36""",https://www.amazon.com.mx/dp/B08JYXRQ92,https://www.amazon.com/dp/B08JYXRQ92,SRKSB LLC,
,B08H4X8VQ8,5,Hogar y Cocina,disponible,disponible,,,2025-10-19T03:46:42.009Z,2025-10-27T15:17:55.459Z,2025-10-28T22:48:01.878Z,863.01,36.97,"$1,219.70","EcoRise - Estrella de granero de metal de bronce oscuro - Arte de pared de 12 pulgadas para casas de granja, occidentales, rústicas, decoraciones de interiores y exteriores",https://www.amazon.com.mx/dp/B08H4X8VQ8,https://www.amazon.com/dp/B08H4X8VQ8,Amazon Estados Unidos,krusa1337
,B08F54RLZX,5,Hogar y Cocina,disponible,no disponible,,,2025-10-19T03:46:42.009Z,2025-10-27T15:18:03.645Z,2025-10-28T22:48:09.043Z,565.44,,$567.41,"Marco magnético para colgar pósteres, marco magnético de teca para pósteres, pinturas infantiles, fotos, mapas, pergaminos, imágenes, obras de lienzo e impresiones artísticas (paquete de 2)",https://www.amazon.com.mx/dp/B08F54RLZX,https://www.amazon.com/dp/B08F54RLZX,SRKSB LLC,
,B08614KK8Q,5,Hogar y Cocina,disponible,no disponible,,,2025-10-19T03:46:42.009Z,2025-10-27T15:18:11.341Z,2025-10-28T22:48:16.321Z,1534.11,,"$1,544.99","DZL Art S73950 - Lienzo decorativo para la playa, pintura del océano, impresiones artísticas de pared de estrella de mar y conchas marinas en la orilla de arena, listas para colgar, para sala de estar, dormitorio, oficina, decoración de pared del hogar",https://www.amazon.com.mx/dp/B08614KK8Q,https://www.amazon.com/dp/B08614KK8Q,SRKSB LLC,
,B08212TJTW,5,Hogar y Cocina,disponible,no disponible,,,2025-10-19T03:46:42.010Z,2025-10-27T15:18:19.871Z,2025-10-28T22:48:23.452Z,1008.48,,"$1,092.95","Visual Art Decor - Lona Decorativo (3 Piezas), diseño de árboles, Color Blanco y Negro",https://www.amazon.com.mx/dp/B08212TJTW,https://www.amazon.com/dp/B08212TJTW,SRKSB LLC,
,B07ZZ39YNH,5,Hogar y Cocina,disponible,no disponible,,,2025-10-19T03:46:42.010Z,2025-10-27T15:18:27.084Z,2025-10-28T22:48:31.960Z,1210.58,,"$1,266.05","DekHome 3 piezas de flores de cerezo en primavera, decoración moderna para el hogar, flores elegantes, arte de pared abstracto, pinturas florales sobre lienzo, arte de pared para dormitorio y habitación de niñas, listo para colgar, 30 x 30 x 30 x 30 cm x 30 cm x 3 piezas",https://www.amazon.com.mx/dp/B07ZZ39YNH,https://www.amazon.com/dp/B07ZZ39YNH,SRKSB LLC,
,B074M82NG2,5,Hogar y Cocina,disponible,no disponible,,,2025-10-19T03:46:42.010Z,2025-10-27T15:18:34.881Z,2025-10-28T22:48:39.656Z,1171.49,,"$1,190.12","(30cm x 16inch x 3pcs, 3 Panels Horse) - DZL Art D70234 Canvas Wall Art Horse Animal Painting Prints on Canvas Framed Ready to Hang-3 Panels Watercolour Horses Prints Fine Art for Home Wall Decor",https://www.amazon.com.mx/dp/B074M82NG2,https://www.amazon.com/dp/B074M82NG2,Boon Shopping,
,B09DG34QDV,5,Hogar y Cocina,disponible,disponible,,,2025-10-19T03:46:42.010Z,2025-10-27T15:18:49.031Z,2025-10-28T22:48:54.787Z,453.78,11.99,$603.61,"Metal Deer Wall Art Forest Deer Wall Decor Metal Mountain Deer Cabin Decor Deer Woodland Decor Metal Deer Decor Rustic Animal Hunting Decor for Bedroom Wall Decoration, 13 x 8 Inch (Fresh Color)",https://www.amazon.com.mx/dp/B09DG34QDV,https://www.amazon.com/dp/B09DG34QDV,Amazon Estados Unidos,DouerDuner
,B096W9N73Y,5,Hogar y Cocina,disponible,no disponible,,,2025-10-19T03:46:42.010Z,2025-10-27T15:18:56.287Z,2025-10-28T22:49:03.863Z,855.48,,$859.60,"Lienzo artístico enmarcado con diseño de mujer negra afroamericana, impresión de flores bohemias de moda, decoración del hogar, póster de chica negra",https://www.amazon.com.mx/dp/B096W9N73Y,https://www.amazon.com/dp/B096W9N73Y,Boon Shopping,
,B08RMLTYLP,5,Hogar y Cocina,disponible,no disponible,,,2025-10-19T03:46:42.010Z,2025-10-27T15:19:03.268Z,2025-10-28T22:49:11.942Z,2494.86,,"$2,698.66","UTOP-art lona decorativo para pared con imagen de playa: pintado a mano con textura pesada en sillas bajo el paraguas, cuadro obra de arte impresa para sala de estar (36 x 24 x 1 panel)",https://www.amazon.com.mx/dp/B08RMLTYLP,https://www.amazon.com/dp/B08RMLTYLP,SRKSB LLC,
,B0CYLG5PSR,5,Hogar y Cocina,disponible,no disponible,,,2025-10-19T03:46:42.010Z,2025-10-27T15:19:10.862Z,2025-10-28T22:49:20.576Z,622.87,,$610.77,"Regalos de béisbol para niños de 8 a 12 años, accesorios de béisbol para niños, letrero de madera, decoración de sala de béisbol, cesta de Pascua, póster deportivo para recámara, jugadores de béisbol,",https://www.amazon.com.mx/dp/B0CYLG5PSR,https://www.amazon.com/dp/B0CYLG5PSR,SRKSB LLC,
,B097T5W7ST,5,Hogar y Cocina,disponible,no disponible,,,2025-10-19T03:46:42.010Z,2025-10-27T15:19:17.666Z,2025-10-28T22:49:27.681Z,925.17,,$988.35,"DuoBaorom - lona decorativo para recámara, diseño de león, color negro y dorado, 2 piezas, corona de rey y reina, 12 x 12 pulgadas",https://www.amazon.com.mx/dp/B097T5W7ST,https://www.amazon.com/dp/B097T5W7ST,SRKSB LLC,
,B07Q72X6TK,5,Hogar y Cocina,disponible,no disponible,,,2025-10-19T03:46:53.708Z,2025-10-27T15:19:25.497Z,2025-10-28T22:49:35.201Z,1641.19,,"$1,663.93","S72750 - Lienzo decorativo para pared, diseño de olas de océano, árboles de coco en arena, playa, paisaje marino, paisaje de paisaje natural, para dormitorio, hogar, oficina, decoración de pared",https://www.amazon.com.mx/dp/B07Q72X6TK,https://www.amazon.com/dp/B07Q72X6TK,SRKSB LLC,
,B0D86YRBV6,5,Hogar y Cocina,disponible,no disponible,,,2025-10-19T03:46:53.709Z,2025-10-27T15:19:32.958Z,2025-10-28T22:49:42.257Z,1225.79,,"$1,177.82","Home Sweet Home - Juego de 3 letreros decorativos para pared, 40,6 x 28,9 cm, estilo clásico, recámara sobre cama, minimalista, para sala de estar, con marco de madera, cálido y acogedor, decoración",https://www.amazon.com.mx/dp/B0D86YRBV6,https://www.amazon.com/dp/B0D86YRBV6,SRKSB LLC,
,B0878S8XG9,5,Hogar y Cocina,disponible,no disponible,,,2025-10-19T03:46:53.709Z,2025-10-27T15:19:40.213Z,2025-10-28T22:49:50.935Z,1629.81,,"$1,570.05","DZL Art D73050 - Lienzo decorativo para pared, diseño de elefantes, color blanco y negro",https://www.amazon.com.mx/dp/B0878S8XG9,https://www.amazon.com/dp/B0878S8XG9,SRKSB LLC,
,B08HYV4JM9,5,Hogar y Cocina,disponible,no disponible,,,2025-10-19T03:46:53.709Z,2025-10-27T15:19:48.445Z,2025-10-28T22:49:58.384Z,1940.8,,"$1,987.78","Derkymo Lienzo decorativo para pared, diseño de mariposas con corazón y texto en inglés ""Love Heart"" (24 x 24 pulgadas)",https://www.amazon.com.mx/dp/B08HYV4JM9,https://www.amazon.com/dp/B08HYV4JM9,SRKSB LLC,
,B08GPC5XQB,5,Hogar y Cocina,disponible,no disponible,,,2025-10-19T03:46:53.709Z,2025-10-27T15:19:55.879Z,2025-10-28T22:50:07.358Z,824.28,,$828.77,"Anolyfi - Flores de baño, diseño de mariposa, lona de pared, arte abstracto de granja, enmarcado para guardería, sala de estar, recámara, cocina, comedor, oficina, decoración del hogar, 14 x 14",https://www.amazon.com.mx/dp/B08GPC5XQB,https://www.amazon.com/dp/B08GPC5XQB,SRKSB LLC,
,B082NQRYGB,5,Hogar y Cocina,disponible,no disponible,,,2025-10-19T03:46:53.709Z,2025-10-27T15:20:04.162Z,2025-10-28T22:50:14.851Z,1823.98,,"$1,884.45","7Fisionart - Arte abstracto de pared verde para sala de estar, moderno, color rosa y dorado, verde esmeralda, obras de arte de mármol, pintura, lona, recámara, oficina, hogar, oficina, decoración de",https://www.amazon.com.mx/dp/B082NQRYGB,https://www.amazon.com/dp/B082NQRYGB,SRKSB LLC,
,B0D667HMV6,5,Hogar y Cocina,disponible,no disponible,,,2025-10-19T03:46:53.709Z,2025-10-27T15:20:12.178Z,2025-10-28T22:50:21.787Z,893.19,,$959.55,"CGXY - Arte de pared de piedras Zen Spa, diseño floral de loto blanco en piedra en agua, para carteles de meditación de oficina Zen, yoga, spa, meditación, decoración espiritual de habitación moderna,",https://www.amazon.com.mx/dp/B0D667HMV6,https://www.amazon.com/dp/B0D667HMV6,SRKSB LLC,
,B01N6KT8WI,5,Hogar y Cocina,disponible,no disponible,,,2025-10-19T03:46:53.709Z,2025-10-27T15:20:19.188Z,2025-10-28T22:50:28.869Z,1752.61,,"$1,694.75","Seven Wall Arts -100% Pintado a mano, pintura al óleo de animal, estirado y enmarcado listo para colgar para la sala de estar, Happy Frog, 61 cm x 61 cm, 1",https://www.amazon.com.mx/dp/B01N6KT8WI,https://www.amazon.com/dp/B01N6KT8WI,SRKSB LLC,
,B08M9PCPMR,5,Hogar y Cocina,disponible,no disponible,,,2025-10-19T03:46:53.710Z,2025-10-27T15:20:27.417Z,2025-10-28T22:50:36.110Z,1746.39,,"$1,756.79","AMART SUN - Lienzo decorativo para pared, diseño de obra de equipo - Arte motivacional moderno para decoración del hogar - Decoración inspiradora para oficina enmarcado listo para colgar",https://www.amazon.com.mx/dp/B08M9PCPMR,https://www.amazon.com/dp/B08M9PCPMR,Boon Shopping,
,B07GSPMC9J,5,Hogar y Cocina,disponible,no disponible,,,2025-10-19T03:46:53.710Z,2025-10-27T15:20:35.895Z,2025-10-28T22:50:43.816Z,1685.2,,"$1,764.93","7CANVAS - Cuadro decorativo de pared pintado a mano, moderno, abstracto al óleo, para sala de estar, recámara, fácil de colgar, 91,4 x 61 cm, Water Flow, 36x24 Inch",https://www.amazon.com.mx/dp/B07GSPMC9J,https://www.amazon.com/dp/B07GSPMC9J,SRKSB LLC,
,B072QVBFC2,5,Hogar y Cocina,disponible,no disponible,,,2025-10-19T03:46:53.710Z,2025-10-27T15:20:44.360Z,2025-10-28T22:50:51.456Z,1203.7,,"$1,140.31","Abalorio de playa en blanco y negro con diseño de paisaje de giclée en lona enmarcado para sala de estar, oficina, decoración de pared, Art Deco, Blanco y Negro, 12""x12""x4pcs, 1",https://www.amazon.com.mx/dp/B072QVBFC2,https://www.amazon.com/dp/B072QVBFC2,SRKSB LLC,
,B01KIV855C,5,Hogar y Cocina,disponible,no disponible,,,2025-10-19T03:46:53.710Z,2025-10-27T15:20:51.227Z,2025-10-28T22:50:59.741Z,2108.23,,"$2,111.52","IPIC - Poppy Field Floral clásico, Vincent Van Gogh Reproducción artística Giclee - lona decorativo para pared para decoración del hogar, 24#F (30 x 24)",https://www.amazon.com.mx/dp/B01KIV855C,https://www.amazon.com/dp/B01KIV855C,SRKSB LLC,
,B01AAPZPPY,5,Hogar y Cocina,disponible,no disponible,,,2025-10-19T03:46:53.710Z,2025-10-27T15:20:58.619Z,2025-10-28T22:51:07.798Z,2381.94,,"$2,700.19","lona decorativo para pared, diseño de Irises in Monet's Garden de Claude Monet, enmarcado listo para colgar, 30 x 40 pulgadas, obra de arte grande para decoración del hogar, recámara, sala de estar",https://www.amazon.com.mx/dp/B01AAPZPPY,https://www.amazon.com/dp/B01AAPZPPY,SRKSB LLC,
,B00VQOL1KW,5,Hogar y Cocina,disponible,no disponible,,,2025-10-19T03:46:53.710Z,2025-10-27T15:21:05.512Z,2025-10-28T22:51:15.616Z,611.78,,$610.40,"KidSwitch - Extensión de interruptor de luz para niños pequeños, edición Laurie Berkner, 3 unidades, incluye 12 calcomanías artísticas temáticas, ganadoras de varios premios",https://www.amazon.com.mx/dp/B00VQOL1KW,https://www.amazon.com/dp/B00VQOL1KW,Boon Shopping,
,B09CMHDX81,5,Hogar y Cocina,disponible,disponible,,,2025-10-19T03:46:53.711Z,2025-10-27T15:21:13.328Z,2025-10-28T22:51:22.945Z,808.67,19.88,$759.37,"FKKA Arte de guitarra de metal, decoración de pared para sala de música, sala de estar, recámara, estudio, color negro",https://www.amazon.com.mx/dp/B09CMHDX81,https://www.amazon.com/dp/B09CMHDX81,HNEN,Fkka
,B0D6W6F1KZ,5,Hogar y Cocina,disponible,no disponible,,,2025-10-19T03:46:53.711Z,2025-10-27T15:21:26.245Z,2025-10-28T22:51:36.627Z,664.79,,$664.79,"CroBlissful - 2 piezas de decoración de pared de mediados de siglo, decoración de pared abstracta de madera, paneles geométricos para decoración de pared interior, panel de arte de pared para el",https://www.amazon.com.mx/dp/B0D6W6F1KZ,https://www.amazon.com/dp/B0D6W6F1KZ,SRKSB LLC,
,B0DBTXLGVG,5,Hogar y Cocina,disponible,no disponible,,,2025-10-19T03:47:07.043Z,2025-10-27T15:21:32.921Z,2025-10-28T22:51:44.138Z,2918.64,,"$2,918.64","BINCUE - Juego de decoración de pared grande para sala de estar, comedor, Romm de 24 x 36 pulgadas para tres",https://www.amazon.com.mx/dp/B0DBTXLGVG,https://www.amazon.com/dp/B0DBTXLGVG,SRKSB LLC,
,B0CQJJJ9BX,5,Hogar y Cocina,disponible,no disponible,,,2025-10-19T03:47:07.043Z,2025-10-27T15:21:40.931Z,2025-10-28T22:51:51.611Z,2720.72,,"$2,693.07",BINCUE lona decorativo para pared de montaña grande,https://www.amazon.com.mx/dp/B0CQJJJ9BX,https://www.amazon.com/dp/B0CQJJJ9BX,SRKSB LLC,
,B0D2NG876D,5,Hogar y Cocina,disponible,no disponible,,,2025-10-19T03:47:07.043Z,2025-10-27T15:21:48.479Z,2025-10-28T22:52:00.616Z,586.58,,$629.25,"ARTZIO - lona enmarcado de vaca de las tierras altas, divertido estampado animal para baño, decoración de inodoro retro clásico, regalo para amantes de las vacas, pintura para decoración de pared",https://www.amazon.com.mx/dp/B0D2NG876D,https://www.amazon.com/dp/B0D2NG876D,SRKSB LLC,
,B0CYPSV957,5,Hogar y Cocina,disponible,no disponible,,,2025-10-19T03:47:07.043Z,2025-10-27T15:21:57.243Z,2025-10-28T22:52:08.610Z,2464.73,,"$1,934.39","Wapluam Arte abstracto enmarcado negro para pared de sala de estar, decoración de pared para recámara, oficina, decoración de pared azul Aurora lista para colgar decoración del hogar, juego de",https://www.amazon.com.mx/dp/B0CYPSV957,https://www.amazon.com/dp/B0CYPSV957,SRKSB LLC,
,B0CYBB4H4K,5,Hogar y Cocina,disponible,no disponible,,,2025-10-19T03:47:07.043Z,2025-10-27T15:22:05.303Z,2025-10-28T22:52:15.803Z,591.58,,$653.52,"CroBlissful - 2 piezas de decoración de pared de mediados de siglo, decoración de pared abstracta, paneles geométricos para decoración de pared interior, panel de madera, arte de pared para el hogar,",https://www.amazon.com.mx/dp/B0CYBB4H4K,https://www.amazon.com/dp/B0CYBB4H4K,SRKSB LLC,
,B0BRTSK2H9,5,Hogar y Cocina,disponible,no disponible,,,2025-10-19T03:47:07.043Z,2025-10-27T15:22:13.505Z,2025-10-28T22:52:24.069Z,1985.84,,"$1,936.06","Lapremoly - lona decorativo para pared para sala de estar, decoración de pared enmarcada para recámara, oficina, decoración de playa, paisaje marino, fotos de pared de paisaje del océano, impresión de",https://www.amazon.com.mx/dp/B0BRTSK2H9,https://www.amazon.com/dp/B0BRTSK2H9,SRKSB LLC,
,B0CKNXDYKG,5,Hogar y Cocina,disponible,no disponible,,,2025-10-19T03:47:07.043Z,2025-10-27T15:22:20.928Z,2025-10-28T22:52:32.339Z,657.11,,$704.15,"Xmeden - Regalos para el día de San Valentín para él, escultura de manos de corazón, manos de corazón, decoraciones para el día de San Valentín, decoración de habitación dorada para sala de estar,",https://www.amazon.com.mx/dp/B0CKNXDYKG,https://www.amazon.com/dp/B0CKNXDYKG,SRKSB LLC,
,B09ZXMXJCK,5,Hogar y Cocina,disponible,no disponible,,,2025-10-19T03:47:07.044Z,2025-10-27T15:22:29.322Z,2025-10-28T22:52:40.259Z,1172,,"$1,338.57","Enartly Lienzo decorativo para pared en lienzo de playa para decoración de baño, pintura de playa con ondas blancas y azules, para decoración de pared, sala de estar, dormitorio, comedor, decoración lista para colgar, panel de 12 x 16 x 3 pulgadas",https://www.amazon.com.mx/dp/B09ZXMXJCK,https://www.amazon.com/dp/B09ZXMXJCK,Marca: Enartly,
,B0CFDTNCMY,5,Hogar y Cocina,disponible,no disponible,,,2025-10-19T03:47:07.044Z,2025-10-27T15:22:36.538Z,2025-10-28T22:52:48.572Z,2377.39,,"$2,213.87","Arte de pared, arte moderno, fantasía abstracto, lona colorido, decoración de pared para sala de estar, recámara, comedor, decoración del hogar, oficina, 20 x 40 pulgadas con marco",https://www.amazon.com.mx/dp/B0CFDTNCMY,https://www.amazon.com/dp/B0CFDTNCMY,KAYA  LLC,
,B0C54WSJJ2,5,Hogar y Cocina,disponible,no disponible,,,2025-10-19T03:47:07.044Z,2025-10-27T15:22:44.867Z,2025-10-28T22:52:57.332Z,1154.07,,"$1,155.85","RUIFENGL - lona abstracto azul para pared - Líneas doradas azules y negras de fantasía coloridas obras de arte de graffiti para recámara, hogar, oficina, decoración de pared, paneles de 12 x 16 x 3",https://www.amazon.com.mx/dp/B0C54WSJJ2,https://www.amazon.com/dp/B0C54WSJJ2,SRKSB LLC,
,B0CM5X27XH,5,Hogar y Cocina,disponible,no disponible,,,2025-10-19T03:47:07.044Z,2025-10-27T15:22:51.042Z,2025-10-28T22:53:04.795Z,431,,$590.75,"Estatuas de monje zen de piedra arenisca Landical, soporte para velas de Buda, accesorios de té chino, esculturas de Buda, adorno Zen Feng Shui, decoración del hogar, oficina, jardín, tablero de instrumentos de coche",https://www.amazon.com.mx/dp/B0CM5X27XH,https://www.amazon.com/dp/B0CM5X27XH,cheng03,
,B0BKL5DWS8,5,Hogar y Cocina,disponible,no disponible,,,2025-10-19T03:47:07.044Z,2025-10-27T15:22:58.803Z,2025-10-28T22:53:11.955Z,800.67,,$773.22,"Yulejo Decoración de pared para el hogar, diseño de diamante azteca de madera, marco de diamante geométrico de madera, para colgar en la pared, impresiones artísticas bohemias en madera para departamento, recámara, sala de estar (redondo, 5 piezas)",https://www.amazon.com.mx/dp/B0BKL5DWS8,https://www.amazon.com/dp/B0BKL5DWS8,SRKSB LLC,
,B09Q8S2R6L,5,Hogar y Cocina,disponible,no disponible,,,2025-10-19T03:47:07.044Z,2025-10-27T15:23:07.394Z,2025-10-28T22:53:20.281Z,600.6,,$623.47,"Western Cowboy - lona decorativo para pared, diseño de caballo de vaquero, diseño de paisaje occidental, estilo salvaje occidental, decoración de rancho de estilo vaquero clásico para decoración de recámara de hombre, juego de 4 (8 x 10 pulgadas sin marco)",https://www.amazon.com.mx/dp/B09Q8S2R6L,https://www.amazon.com/dp/B09Q8S2R6L,SRKSB LLC,
,B09LCDL76K,5,Hogar y Cocina,disponible,no disponible,,,2025-10-19T03:47:07.044Z,2025-10-27T15:23:14.229Z,2025-10-28T22:53:27.820Z,631.26,,$634.04,"Arte de pared de girasol, rústico, azul, café, flores, pintura, campo, floral, tablero, arte, pintura, lona, decoración del hogar, recámara, sala de estar, 16 x 24 pulgadas, sin marco",https://www.amazon.com.mx/dp/B09LCDL76K,https://www.amazon.com/dp/B09LCDL76K,SRKSB LLC,
,B099DSR2K3,5,Hogar y Cocina,disponible,no disponible,,,2025-10-19T03:47:07.044Z,2025-10-27T15:23:22.060Z,2025-10-28T22:53:35.510Z,1784.93,,"$2,018.11","DuoBaorom 3 piezas abstractas de lienzo floral para pared, diseño floral de cala, color blanco, pintura vintage para sala de estar, dormitorio, decoración contemporánea del hogar, estirado y enmarcado listo para colgar, 30,5 x 60,9 cm x 3 piezas",https://www.amazon.com.mx/dp/B099DSR2K3,https://www.amazon.com/dp/B099DSR2K3,SRKSB LLC,
,B097T64DL9,5,Hogar y Cocina,disponible,no disponible,,,2025-10-19T03:47:07.044Z,2025-10-27T15:23:28.953Z,2025-10-28T22:53:42.677Z,1322.5,,"$1,189.62","DuoBaorom - lona decorativo para pared de 2 piezas de león y leona gris y dorado con corona (30,5 x 30,5 cm)",https://www.amazon.com.mx/dp/B097T64DL9,https://www.amazon.com/dp/B097T64DL9,SRKSB LLC,
,B094D7H5BX,5,Hogar y Cocina,disponible,no disponible,,,2025-10-19T03:47:19.278Z,2025-10-27T15:23:36.422Z,2025-10-28T22:53:49.861Z,1264.43,,"$1,354.60","Lienzo decorativo con diseño de bosque bañado en la luz del sol para dormitorio, sala de estar enmarcada, 3 piezas, decoración de pared para cuarto de baño, decoración moderna de habitación, plantas, decoración de pared, tamaño 12 x 16 x 3, listo para colgar",https://www.amazon.com.mx/dp/B094D7H5BX,https://www.amazon.com/dp/B094D7H5BX,SRKSB LLC,
,B08ZLZ6JZV,5,Hogar y Cocina,disponible,no disponible,,,2025-10-19T03:47:19.278Z,2025-10-27T15:23:43.105Z,2025-10-28T22:53:56.848Z,1121.77,,"$1,109.40","Faith Hope Love Bible Versículo impreso en lienzo de 3 impresiones, cita de las Escrituras Hebreos 11, Jeremiah 29, Juan 3 16, decoración cristiana para sala de estar enmarcado listo para colgar",https://www.amazon.com.mx/dp/B08ZLZ6JZV,https://www.amazon.com/dp/B08ZLZ6JZV,SRKSB LLC,
,B08CL2C1LN,5,Hogar y Cocina,disponible,no disponible,,,2025-10-19T03:47:19.278Z,2025-10-27T15:23:51.131Z,2025-10-28T22:54:05.193Z,1593.89,,"$1,580.18","Azrosap - Arte de pared motivacional con 3 paneles inspirador para ejecución de éxito, pintura para emprendedores, estampados, lona, decoración de pared para oficina, sala de estar, lista para colgar",https://www.amazon.com.mx/dp/B08CL2C1LN,https://www.amazon.com/dp/B08CL2C1LN,SRKSB LLC,
,B09BF22L2P,5,Hogar y Cocina,disponible,no disponible,,,2025-10-19T03:47:19.278Z,2025-10-27T15:24:04.751Z,2025-10-28T22:54:20.486Z,750.37,,$754.30,"Letrero de madera para pared con diseño de cueva de búfalo, cuadros rojos y negros, decoración para habitación de niños (28 x 20 cm), decoración de guardería para niños pequeños y niños",https://www.amazon.com.mx/dp/B09BF22L2P,https://www.amazon.com/dp/B09BF22L2P,SRKSB LLC,
,B091YZK11V,5,Hogar y Cocina,disponible,no disponible,,,2025-10-19T03:47:19.278Z,2025-10-27T15:24:12.584Z,2025-10-28T22:54:27.517Z,2371.94,,"$2,435.54","Póster motivacional de éxito, impresión de arte de pared, inspirador, con citas de metas de emprendedor, decoración de pared, trabajo duro, pintura para oficina, dormitorio, sala de estar, 3 piezas",https://www.amazon.com.mx/dp/B091YZK11V,https://www.amazon.com/dp/B091YZK11V,SRKSB LLC,
,B091P6YSR3,5,Hogar y Cocina,disponible,no disponible,,,2025-10-19T03:47:19.278Z,2025-10-27T15:24:19.845Z,2025-10-28T22:54:35.657Z,730.13,,$765.59,"Margarita - lona decorativo para pared, diseño floral moderno, diseño de margaritas, decoración de pared, sala de estar, baño, recámara, oficina, hogar, decoración de roon, listo para colgar (flores",https://www.amazon.com.mx/dp/B091P6YSR3,https://www.amazon.com/dp/B091P6YSR3,SRKSB LLC,
,B08VGWDH2Q,5,Hogar y Cocina,disponible,no disponible,,,2025-10-19T03:47:19.279Z,2025-10-27T15:24:28.202Z,2025-10-28T22:54:42.813Z,1369.16,,"$1,367.78","Arte de pared en lienzo con diseño de océano y playa para dormitorio, pintura abstracta de gaviota marina, imagen costera, pájaro posado por la costa del mar, obra de arte enmarcada para baño, sala de estar, oficina, 16 x 24 pulgadas",https://www.amazon.com.mx/dp/B08VGWDH2Q,https://www.amazon.com/dp/B08VGWDH2Q,Boon Shopping,
,B08S3CXQRT,5,Hogar y Cocina,disponible,no disponible,,,2025-10-19T03:47:19.279Z,2025-10-27T15:24:36.534Z,2025-10-28T22:54:50.031Z,1224.71,,"$1,224.71","CERLMLAND Cascada, pintura artística de pared, lona de paisaje negro, blanco y rojo, 3 piezas, árboles rojos, bosque para el hogar y la oficina, arte de pared para sala de estar, 3 piezas",https://www.amazon.com.mx/dp/B08S3CXQRT,https://www.amazon.com/dp/B08S3CXQRT,SRKSB LLC,
,B08GP98NZ4,5,Hogar y Cocina,disponible,no disponible,,,2025-10-19T03:47:19.279Z,2025-10-27T15:24:44.947Z,2025-10-28T22:54:57.842Z,737.59,,$828.77,"Anolyfi - lona decorativo para pared, diseño de palmera, costal, paisaje marino, paisaje, paisaje, tropical, relajación, citas, ilustraciones enmarcadas, para baño, recámara, sala de estar, hotel,",https://www.amazon.com.mx/dp/B08GP98NZ4,https://www.amazon.com/dp/B08GP98NZ4,SRKSB LLC,
,B08B3XMTGK,5,Hogar y Cocina,disponible,no disponible,,,2025-10-19T03:47:19.279Z,2025-10-27T15:24:51.984Z,2025-10-28T22:55:04.781Z,740.07,,$831.58,"Rtriel - Lienzo decorativo para pared (30,5 x 40,6 cm), diseño de rosa turquesa y azul",https://www.amazon.com.mx/dp/B08B3XMTGK,https://www.amazon.com/dp/B08B3XMTGK,SRKSB LLC,
,B0886DMZ3G,5,Hogar y Cocina,disponible,no disponible,,,2025-10-19T03:47:19.279Z,2025-10-27T15:25:00.250Z,2025-10-28T22:55:12.057Z,1485.25,,"$1,551.00","Cuadro de pared para recámara - Cuadros para decoración de salón de colores Aurora Borealis Wall Art para decoración de oficina, luces del norte, imágenes de la naturaleza, decoración de la pared, carteles e impresiones artísticas (20x40inx1)",https://www.amazon.com.mx/dp/B0886DMZ3G,https://www.amazon.com/dp/B0886DMZ3G,SRKSB LLC,
,B08242WB1Q,5,Hogar y Cocina,disponible,no disponible,,,2025-10-19T03:47:19.279Z,2025-10-27T15:25:08.390Z,2025-10-28T22:55:18.568Z,1002.62,,$998.99,"Yetaryy - lona inspirador para pared, pósteres, pintura sobre lona, citas motivadoras para emprendedores, obras de arte para sala de estar, baño, recámara, oficina, decoración del hogar, enmarcado, listo para colgar, Abstracto, Art-21, 12"" x 18""",https://www.amazon.com.mx/dp/B08242WB1Q,https://www.amazon.com/dp/B08242WB1Q,SRKSB LLC,
,B07YJG4RQG,5,Hogar y Cocina,disponible,no disponible,,,2025-10-19T03:47:19.279Z,2025-10-27T15:25:15.726Z,2025-10-28T22:55:25.522Z,1600.5,,"$1,678.57","Wallart8 Cuadro de Pared Abstracto, Cuadro de Lona: Pintura Moderna Pintada a Mano para recámara (24 x 24 x 1 Panel)",https://www.amazon.com.mx/dp/B07YJG4RQG,https://www.amazon.com/dp/B07YJG4RQG,SRKSB LLC,
,B08X1FLKXH,5,Hogar y Cocina,disponible,no disponible,,,2025-10-19T03:47:19.279Z,2025-10-27T15:25:23.847Z,2025-10-28T22:55:33.288Z,1235.45,,"$1,242.40","SEVEN WALL ARTS - lona colorido para mascotas, arte de cachorro, ilustraciones abstractas de hip-hop, impresión de dibujos animados en lona para niños, niñas, habitación de baño, decoración de cuarto",https://www.amazon.com.mx/dp/B08X1FLKXH,https://www.amazon.com/dp/B08X1FLKXH,Boon Shopping,
,B0839HXFCT,5,Hogar y Cocina,disponible,no disponible,,,2025-10-19T03:47:19.280Z,2025-10-27T15:25:32.060Z,2025-10-28T22:55:41.342Z,1992.71,,"$2,253.71","A71869 - Lienzo decorativo para pared, diseño con texto en inglés ""Love You Still Wall"" (listo para colgar)",https://www.amazon.com.mx/dp/B0839HXFCT,https://www.amazon.com/dp/B0839HXFCT,SRKSB LLC,
,B07RZJT1LH,5,Hogar y Cocina,disponible,no disponible,,,2025-10-19T03:47:19.280Z,2025-10-27T15:25:39.239Z,2025-10-28T22:55:48.185Z,1157.86,,"$1,182.91","Juego de 3 estrellas de metal patrióticas para decoración de pared de 3 unidades, 30,5 cm para colgar, diseño rústico de estrella de metal para decoración del 4 de julio (paquete de 3)",https://www.amazon.com.mx/dp/B07RZJT1LH,https://www.amazon.com/dp/B07RZJT1LH,SRKSB LLC,
,B07R46YBT3,5,Hogar y Cocina,disponible,no disponible,,,2025-10-19T03:47:33.258Z,2025-10-27T15:25:46.934Z,2025-10-28T22:55:56.340Z,1629.07,,"$1,645.04","Arte de Pared para decoración del hogar, Cuadro Pintura Abstracta Moderna, Artwork-7 Tamaño: 60 x 90 cm x 1 Panel, 24 x 36 Inch",https://www.amazon.com.mx/dp/B07R46YBT3,https://www.amazon.com/dp/B07R46YBT3,SRKSB LLC,
,B07Q732ZDZ,5,Hogar y Cocina,disponible,no disponible,,,2025-10-19T03:47:33.258Z,2025-10-27T15:25:54.178Z,2025-10-28T22:56:05.025Z,1620.01,,"$1,597.11","DZL Art S72650 - lona decorativo para pared, diseño de lago, montaña, hoja de arce rojo, parque nacional, fotos de la naturaleza, para sala de estar, recámara, oficina, decoración de pared para",https://www.amazon.com.mx/dp/B07Q732ZDZ,https://www.amazon.com/dp/B07Q732ZDZ,Boon Shopping,
,B07JHMNQV4,5,Hogar y Cocina,disponible,no disponible,,,2025-10-19T03:47:33.259Z,2025-10-27T15:26:02.404Z,2025-10-28T22:56:11.792Z,1682.72,,"$1,681.34","SEVEN WALL ARTS - lona decorativo para pared, pintura de animales en blanco y negro, diseño de animales de vida silvestre, impresión moderna de leopardo para sala de estar, recámara, cocina, oficina, decoración de 36 x 24 pulgadas",https://www.amazon.com.mx/dp/B07JHMNQV4,https://www.amazon.com/dp/B07JHMNQV4,Boon Shopping,
,B0CYBMWRPX,5,Hogar y Cocina,disponible,no disponible,,,2025-10-19T03:47:33.259Z,2025-10-27T15:26:09.579Z,2025-10-28T22:56:20.342Z,219,,$549.00,"Estatuas de piedra arenisca de Buda, estatua de monje zen, estatua de rezación, adorno para riqueza, buena suerte, decoración de Feng Shui, hogar y oficina (Buda risa)",https://www.amazon.com.mx/dp/B0CYBMWRPX,https://www.amazon.com/dp/B0CYBMWRPX,Mei6 Lijinru76,
,B0C8HWT56J,5,Hogar y Cocina,disponible,no disponible,,,2025-10-19T03:47:33.259Z,2025-10-27T15:26:16.363Z,2025-10-28T22:56:27.739Z,399,,$712.99,"Thyle - 6 piezas de margaritas, decoración de pared de madera, diseño de margaritas, para colgar en el hogar, cuarto de bebé, recámara, casa de campo, decoración de baño, regalos de inauguración de la",https://www.amazon.com.mx/dp/B0C8HWT56J,https://www.amazon.com/dp/B0C8HWT56J,mei10 mingfengshanxia,
,B08MDBWG8L,5,Hogar y Cocina,disponible,no disponible,,,2025-10-19T03:48:11.884Z,2025-10-27T15:26:23.403Z,2025-10-28T22:56:35.384Z,406.13,,$399.29,"Cucharas de café, cucharada de madera, cuchara de café molido de madera, medición para frijoles molidos o té, mezclador de sopa, utensilios de cocina, 1 cucharilla de té de madera (madera de nogal,",https://www.amazon.com.mx/dp/B08MDBWG8L,https://www.amazon.com/dp/B08MDBWG8L,SRKSB LLC,
,B0D6YNSCRV,5,Hogar y Cocina,disponible,no disponible,,,2025-10-19T03:48:11.884Z,2025-10-27T15:26:31.164Z,2025-10-28T22:56:42.953Z,723.43,,$720.12,tabla de cortar hija,https://www.amazon.com.mx/dp/B0D6YNSCRV,https://www.amazon.com/dp/B0D6YNSCRV,SRKSB LLC,
,B0CZ3ZCXCX,5,Hogar y Cocina,disponible,disponible,,,2025-10-19T03:48:11.884Z,2025-10-27T15:26:43.514Z,2025-10-28T22:56:58.078Z,1611,56.99,"$1,861.33","JSTPRO - nevera para el cuidado de la piel, refrigerador de maquillaje blanco de 6 litros con espejo de luz LED regulable, portátil para recámara, coche, oficina y recámara",https://www.amazon.com.mx/dp/B0CZ3ZCXCX,https://www.amazon.com/dp/B0CZ3ZCXCX,Amazon Estados Unidos,JSTPRO US
,B0CYLV2MFK,5,Hogar y Cocina,disponible,no disponible,,,2025-10-19T03:48:11.885Z,2025-10-27T15:26:50.732Z,2025-10-28T22:57:06.485Z,460.71,,$486.53,Púas de cóctel blancas 150 unidades,https://www.amazon.com.mx/dp/B0CYLV2MFK,https://www.amazon.com/dp/B0CYLV2MFK,SRKSB LLC,
,B0CZ79D8VQ,5,Hogar y Cocina,disponible,no disponible,,,2025-10-19T03:48:11.885Z,2025-10-27T15:26:57.696Z,2025-10-28T22:57:13.875Z,862.17,,$894.72,"Picador de verduras, picador de alimentos, manual de mano, picador de cebolla, picador de ensalada, picador de ajo, picador de verduras, apto para lavaplatos, picador de nueces, cortador de verduras,",https://www.amazon.com.mx/dp/B0CZ79D8VQ,https://www.amazon.com/dp/B0CZ79D8VQ,SRKSB LLC,
,B09CTR8CKM,5,Hogar y Cocina,disponible,disponible,,,2025-10-19T03:48:25.698Z,2025-10-27T15:27:05.388Z,2025-10-28T22:57:21.913Z,1195.38,37.99,"$1,317.90","Hodeamy - Tapete calefactor para piso debajo del computadora para calentador de pies, calentador eléctrico de 110 V de temperatura ajustable más amplio, calentador de espacio eléctrico, vidrio de",https://www.amazon.com.mx/dp/B09CTR8CKM,https://www.amazon.com/dp/B09CTR8CKM,Amazon Estados Unidos,Hodeamy
,B08BKTZ5HH,5,Hogar y Cocina,disponible,disponible,,,2025-10-19T03:48:25.698Z,2025-10-27T15:27:14.347Z,2025-10-28T22:57:30.486Z,1329.31,35,"$1,358.27",Weck Jars Tulip 2.5 litros - Tarros de vidrio grandes para masa madre - Tarro de inicio con tapa de vidrio - Adecuado para conservas y almacenamiento,https://www.amazon.com.mx/dp/B08BKTZ5HH,https://www.amazon.com/dp/B08BKTZ5HH,SRKSB LLC,Derek's_Goods
,B0DBH5P7YD,5,Hogar y Cocina,disponible,disponible,,,2025-10-19T03:48:25.699Z,2025-10-27T15:27:21.383Z,2025-10-28T22:57:38.874Z,512.98,15.99,$694.06,"Fastpeace - Adorno de vidrio para la primera Navidad del bebé 2025 - Decoración y recuerdo de árbol de Navidad de vidrio, regalo para recién nacidos para niños o niñas, elegante decoración de Navidad",https://www.amazon.com.mx/dp/B0DBH5P7YD,https://www.amazon.com/dp/B0DBH5P7YD,Amazon Estados Unidos,Fastpeace
,B0BSNKTCFC,5,Hogar y Cocina,disponible,no disponible,,,2025-10-19T03:48:25.699Z,2025-10-27T15:27:28.750Z,2025-10-28T22:57:47.252Z,873.84,,$868.90,"Geetery - Juego de 5 moldes para raviolis que incluye 1 prensa para hacer raviolis, 3 piezas para cortar pastas, 1 pieza para hacer pasta de madera, herramientas para hacer pasta para suministros de",https://www.amazon.com.mx/dp/B0BSNKTCFC,https://www.amazon.com/dp/B0BSNKTCFC,Novayu,
,B081DQQDM7,5,Hogar y Cocina,disponible,disponible,,,2025-10-19T03:48:25.699Z,2025-10-27T15:27:35.476Z,2025-10-28T22:57:55.343Z,1626.53,50.99,"$1,636.43","YuHeGuoJi - Juego de funda de edredón de 100% algodón de hojas costeras de Monstera de 3 piezas, 1 funda de edredón hawaiana botánica con lazos de cierre, 2 fundas de almohada con estampado de",https://www.amazon.com.mx/dp/B081DQQDM7,https://www.amazon.com/dp/B081DQQDM7,SRKSB LLC,YuHeGuoJi
,B0BMYN31QH,5,Hogar y Cocina,disponible,no disponible,,,2025-10-19T03:48:25.700Z,2025-10-27T15:27:42.982Z,2025-10-28T22:58:02.600Z,750.09,,$780.05,"Jeejunye Chips de vidrio azul aplastado de 2 libras, arte de resina decorativo, vidrio roto azul de 3 a 6 mm",https://www.amazon.com.mx/dp/B0BMYN31QH,https://www.amazon.com/dp/B0BMYN31QH,SEONGSAN,
,B0BJP69DJ2,5,Hogar y Cocina,disponible,no disponible,,,2025-10-19T03:48:25.700Z,2025-10-27T15:27:51.292Z,2025-10-28T22:58:10.434Z,1421.33,,"$1,431.63","DABLINE Alfombra antideslizante de 80 x 120 pulgadas para hacer copetudos y alfombras, tela gruesa y antideslizante",https://www.amazon.com.mx/dp/B0BJP69DJ2,https://www.amazon.com/dp/B0BJP69DJ2,SRKSB LLC,
,B08VZDZCGL,5,Hogar y Cocina,disponible,no disponible,,,2025-10-19T03:48:25.700Z,2025-10-27T15:28:00.405Z,2025-10-28T22:58:17.804Z,563.37,,$563.37,Poor Boy Woodworks Mini cartel de madera (Simply Blessed),https://www.amazon.com.mx/dp/B08VZDZCGL,https://www.amazon.com/dp/B08VZDZCGL,SRKSB LLC,
,B09NXQMTSG,5,Hogar y Cocina,disponible,disponible,,,2025-10-19T03:48:36.929Z,2025-10-27T15:28:09.079Z,2025-10-28T22:58:26.068Z,918.14,19.99,$863.90,"LUTE - Película de privacidad para ventana, película de arco iris, 3D decorativa de vidrieras manchadas, adherencia estática, no adhesiva, cubierta extraíble para ventana, calcomanía de ventana con",https://www.amazon.com.mx/dp/B09NXQMTSG,https://www.amazon.com/dp/B09NXQMTSG,SRKSB LLC,LUTE Home Decor
,B09GL8CPCL,5,Hogar y Cocina,disponible,disponible,,,2025-10-19T03:48:36.929Z,2025-10-27T15:28:16.949Z,2025-10-28T22:58:34.511Z,677.12,14.99,$695.99,"Patriot's Cave, If You Don't Like Trump entonces probablemente Won't Like Me Vaso de whisky de 325 ml fabricado en los Estados Unidos",https://www.amazon.com.mx/dp/B09GL8CPCL,https://www.amazon.com/dp/B09GL8CPCL,SRKSB LLC,BYOB Designs
,B08NTP521N,5,Hogar y Cocina,disponible,no disponible,,,2025-10-19T03:48:36.929Z,2025-10-27T15:28:24.442Z,2025-10-28T22:58:41.697Z,927.25,,$921.77,"Weck Canning Jars 743 - Weck Mold Jar Made of Transparent Glass - Eco-Friendly Canning Jar - Food Storage Container with Lid Airtight - 3/4 Liter Tall Jar Includes (1 Jar, Glass Lid & Wooden Lid)",https://www.amazon.com.mx/dp/B08NTP521N,https://www.amazon.com/dp/B08NTP521N,Novayu,
,B09K3D5J6B,5,Hogar y Cocina,disponible,disponible,,,2025-10-19T03:48:36.929Z,2025-10-27T15:28:31.251Z,2025-10-28T22:58:49.367Z,2441.36,89.99,"$1,772.49","FavorKit - Accesorio para mquina de pasta 3 en 1 para mezcladores KitchenAid, incluye rodillo de hoja de pasta, cortador de espaguetis y fettuccine, rojo, acero inoxidable y aluminio",https://www.amazon.com.mx/dp/B09K3D5J6B,https://www.amazon.com/dp/B09K3D5J6B,Amazon Estados Unidos,FavorKit
,B09F8TXBVT,5,Hogar y Cocina,disponible,no disponible,,,2025-10-19T03:48:36.930Z,2025-10-27T15:28:38.120Z,2025-10-28T22:58:57.397Z,769.87,,$796.25,"Buffalo Plaid Christmas Stockings & Stocking Holders for Mantle Hooks Set of 4, 18 Inch Red Black and White Plaid Christmas Stockings Decor, Farmhouse Family Xmas Stockings, Fireplace Hooks",https://www.amazon.com.mx/dp/B09F8TXBVT,https://www.amazon.com/dp/B09F8TXBVT,SRKSB LLC,
,B097Y8NT36,5,Hogar y Cocina,disponible,disponible,,,2025-10-19T03:48:36.930Z,2025-10-27T15:28:44.780Z,2025-10-28T22:59:05.755Z,1445.97,56.99,"$1,740.25","Lellen - Funda elástica de terciopelo para silla, funda protectora reutilizable para comedor, banquetes, decoración del hogar, etc. Lavable a máquina, lavable a mano (crema, 4 piezas)",https://www.amazon.com.mx/dp/B097Y8NT36,https://www.amazon.com/dp/B097Y8NT36,Amazon Estados Unidos,PINZHU-US
,B09GLNHDG4,5,Hogar y Cocina,disponible,disponible,,,2025-10-19T03:48:36.931Z,2025-10-27T15:28:52.253Z,2025-10-28T22:59:13.797Z,587.57,25.99,$957.45,"ZAVM - Asiento elevador para automóvil para adultos, 17 x 17 pulgadas, 4 pulgadas de grosor para conductores cortos, cojín de glúteos para sillas de oficina, cojines de asiento de coche para conducir",https://www.amazon.com.mx/dp/B09GLNHDG4,https://www.amazon.com/dp/B09GLNHDG4,JACK DU,ZAVM
,B0DHZCSJTL,5,Hogar y Cocina,disponible,disponible,,,2025-10-19T03:48:36.931Z,2025-10-27T15:29:00.452Z,2025-10-28T22:59:21.095Z,636.63,14.99,$652.36,"FOHGEE - Vaso de acero inoxidable de 30 onzas con asa, mantiene las bebidas frías y calientes durante toda la temporada (Reno verde)",https://www.amazon.com.mx/dp/B0DHZCSJTL,https://www.amazon.com/dp/B0DHZCSJTL,SRKSB LLC,FOHGEE
,B09B3SJYM1,5,Hogar y Cocina,disponible,disponible,,,2025-10-19T03:48:51.889Z,2025-10-27T15:29:06.953Z,2025-10-28T22:59:29.248Z,689.9,14.97,$686.68,"HONGBAKE Sartenes para rosquillas profundas, para hornear, paquete de 2, 6 cavidades, bandeja de donas de alta resistencia, antiadherente, mini molde para hornear, color negro",https://www.amazon.com.mx/dp/B09B3SJYM1,https://www.amazon.com/dp/B09B3SJYM1,SRKSB LLC,HONGBAKE
,B07MCMG9JL,5,Hogar y Cocina,disponible,disponible,,,2025-10-19T03:48:51.889Z,2025-10-27T15:29:20.512Z,2025-10-28T22:59:42.870Z,917.17,21.99,"$1,009.65","His and Hers Pint Beer Glasses Set | Funny Christmas Gift, Engagement or Wedding Present | Perfect Glass for Dog Lovers, Newlyweds, Anniversary Presents, Bride and Groom, and Couples",https://www.amazon.com.mx/dp/B07MCMG9JL,https://www.amazon.com/dp/B07MCMG9JL,SRKSB LLC,Worldwide Xpress
,B07HCJ9LFS,5,Hogar y Cocina,disponible,no disponible,,,2025-10-19T03:48:51.890Z,2025-10-27T15:29:28.497Z,2025-10-28T22:59:50.498Z,1056.11,,"$1,102.18",KSL - Juego de molinillo eléctrico de sal y pimienta – Regalo del día de la madre – Kit de cocteleros automáticos motorizados ajustables – Molino de energía automático – Trituradora electrónica,https://www.amazon.com.mx/dp/B07HCJ9LFS,https://www.amazon.com/dp/B07HCJ9LFS,SRKSB LLC,
,B0DBYZ1NQ1,5,Hogar y Cocina,disponible,no disponible,,,2025-10-19T03:48:51.890Z,2025-10-27T15:29:35.981Z,2025-10-28T22:59:58.255Z,742.55,,$746.89,"Drezesov - Manta de árbol de Navidad con 20 tarjetas de Navidad, manta suave para árbol de Navidad de 48 pulgadas/122 cm con alfombra de piel sintética blanca de copo de nieve plateado..",https://www.amazon.com.mx/dp/B0DBYZ1NQ1,https://www.amazon.com/dp/B0DBYZ1NQ1,SRKSB LLC,
,B01NBM91NV,5,Hogar y Cocina,disponible,no disponible,,,2025-10-19T03:48:51.890Z,2025-10-27T15:29:42.804Z,2025-10-28T23:00:06.113Z,749.7,,$768.15,Salt And Pepper Grinder Set by KitchenBliss Salt Pepper Mills of Premium Quality Stainless Steel & Glass Body Salt and Pepper Shakers Ceramic Mechanism & Adjustable Coarseness Salt Grinders And Mills,https://www.amazon.com.mx/dp/B01NBM91NV,https://www.amazon.com/dp/B01NBM91NV,SRKSB LLC,
,B07HR9Q26M,5,Hogar y Cocina,disponible,no disponible,,,2025-10-19T03:48:51.890Z,2025-10-27T15:29:50.111Z,2025-10-28T23:00:15.027Z,475.88,,$486.26,"cepillo para polvo de silicona para repostería – cepillo para polvo de cocina para salsa de aceite, manteca, adobos, cepillos de alimentos para barbacoa, parrilla, cocina, hornear, pastel, pasteles, carne, postres, grado alimenticio, apto para lavaplatos",https://www.amazon.com.mx/dp/B07HR9Q26M,https://www.amazon.com/dp/B07HR9Q26M,SRKSB LLC,
,B06Y1Y9T6Z,5,Hogar y Cocina,disponible,no disponible,,,2025-10-19T03:48:51.891Z,2025-10-27T15:29:58.620Z,2025-10-28T23:00:22.522Z,853.72,,$850.36,Plaisir de la Cave - Embudo de acero 3 en 1 con colador (ducha de vino + aireador + filtro + soporte de almacenamiento) - Mejora el vino y elimina los residuos,https://www.amazon.com.mx/dp/B06Y1Y9T6Z,https://www.amazon.com/dp/B06Y1Y9T6Z,Novayu,
,B09D77DGBW,5,Hogar y Cocina,disponible,no disponible,,,2025-10-19T03:48:51.891Z,2025-10-27T15:30:05.771Z,2025-10-28T23:00:29.913Z,991.66,,$991.66,"CompactStone Tabla de cortar con pies antideslizantes y ranura para jugo, compuesto de fibra de madera, 35.6 cm x 25.8 cm, color marrón",https://www.amazon.com.mx/dp/B09D77DGBW,https://www.amazon.com/dp/B09D77DGBW,SRKSB LLC,
,B078CXL89B,5,Hogar y Cocina,disponible,no disponible,,,2025-10-19T03:48:51.891Z,2025-10-27T15:30:13.405Z,2025-10-28T23:00:36.571Z,494.84,,$486.26,"QLL - Coctelera de acero inoxidable de 25 onzas, sin fugas, Pro Mixing Good Solid Martini/Drink Shaker",https://www.amazon.com.mx/dp/B078CXL89B,https://www.amazon.com/dp/B078CXL89B,Novayu,
,B07433NLD7,5,Hogar y Cocina,disponible,no disponible,,,2025-10-19T03:48:51.891Z,2025-10-27T15:30:21.177Z,2025-10-28T23:00:44.544Z,647.74,,$616.10,"faay 34,3 cm Madera de teca Saut & # X117; Paddle/Turner/espátula, Thai Wok de estilo, de ancho y mango largo |, natural, no tóxico Durable y Alta Resistencia al calor para antiadherente utensilios de cocina",https://www.amazon.com.mx/dp/B07433NLD7,https://www.amazon.com/dp/B07433NLD7,Novayu,
,B096S7NXBP,5,Hogar y Cocina,disponible,disponible,,PRICE_AND_SELLER_NOT_FOUND,2025-10-19T03:48:51.891Z,2025-10-27T15:30:29.350Z,2025-10-28T23:00:53.476Z,,,$539.88,"Paquete de 700 palillos de dientes gay LGBT, banderas de arco iris transgénero asexual, bisexual, pansexual, lesbiana, orgullo de oso lesbiano para decoración de cupcakes de fiesta LGBT, cóctel en bar (100 piezas cada uno de 7 patrones)",https://www.amazon.com.mx/dp/B096S7NXBP,https://www.amazon.com/dp/B096S7NXBP,Marca: NaNaFans,
,B09CTGDD4R,5,Hogar y Cocina,disponible,no disponible,,,2025-10-19T03:49:06.166Z,2025-10-27T15:30:35.493Z,2025-10-28T23:01:01.980Z,628.43,,$646.88,"LHIUEM Placa de madera redonda colgante muñeco de nieve, cartel de puerta delantera con texto en inglés ""Merry Christmas"" (30,5 x 30,5 cm)",https://www.amazon.com.mx/dp/B09CTGDD4R,https://www.amazon.com/dp/B09CTGDD4R,Novayu,
,B097Y72F74,5,Hogar y Cocina,disponible,disponible,,,2025-10-19T03:49:06.166Z,2025-10-27T15:30:43.075Z,2025-10-28T23:01:09.210Z,1423.6,53.99,"$1,666.73","Lellen - Funda elástica de terciopelo para silla, funda protectora reutilizable para comedor, banquetes, decoración del hogar, etc. Lavable a máquina, lavable a mano (gris plateado, 4 piezas)",https://www.amazon.com.mx/dp/B097Y72F74,https://www.amazon.com/dp/B097Y72F74,Amazon Estados Unidos,GLORY INC.