also_appears_in,asin,batch_number,category,disponibilidad_mx,disponibilidad_usa,error_verificacion_mx,error_verificacion_usa,extracted_at,fecha_verificacion_mx,fecha_verificacion_usa,precio_actual_mx,precio_actual_usd,price,title,url_mx,url_usa,vendedor_actual_mx,vendedor_actual_usa
,B0CB4X5TDP,1,Alimentos y Bebidas,disponible,disponible,,,2025-10-13T18:50:16.496Z,2025-10-14T14:49:44.494Z,2025-10-16T03:25:38.905Z,650,19.99,$766.03,"Baja Gold Sal Marina Mineral, Moler Fino, 1 Lb. Bolsa",https://www.amazon.com.mx/dp/B0CB4X5TDP,https://www.amazon.com/dp/B0CB4X5TDP,The mystics,SeaAgri Solutions
,B07DV3427Q,1,Alimentos y Bebidas,disponible,disponible,,,2025-10-13T18:50:16.496Z,2025-10-14T14:49:54.985Z,2025-10-16T03:25:50.641Z,571.25,10.99,$568.46,"Al Amira - Kri Kri Kri, 450G (cacahuetes recubiertos libaneses)",https://www.amazon.com.mx/dp/B07DV3427Q,https://www.amazon.com/dp/B07DV3427Q,SRKSB LLC,Commerce Foods
,B0DXN8FYQY,1,Alimentos y Bebidas,disponible,disponible,,,2025-10-13T18:50:16.496Z,2025-10-14T14:50:04.506Z,2025-10-16T03:25:58.763Z,1000,32.99,"$1,012.28","Brainista Yerba Mate En Barras Mágicas Melocotón Y Mango - Yerba Mate En Barras Individuales - Té Instantáneo En Polvo para Llevar - Nootrópicos, Prebióticos Y Probióticos para Energía, Concentración",https://www.amazon.com.mx/dp/B0DXN8FYQY,https://www.amazon.com/dp/B0DXN8FYQY,YELL20GROUP,Brainista
,B0BVPPY8RN,1,Alimentos y Bebidas,disponible,disponible,,,2025-10-13T18:50:16.496Z,2025-10-14T14:51:01.965Z,2025-10-16T03:26:08.144Z,621.57,13.99,$614.45,"Sujoygar Brillo Brillo Comestible Para Cócteles Tortas Bebidas Chocolates Cupcakes - Juego De 6 Colores, Polvo De Brillo Dorado Comestible, Bebida Brillo Cóctel, Decoración De Pastel Comesti",https://www.amazon.com.mx/dp/B0BVPPY8RN,https://www.amazon.com/dp/B0BVPPY8RN,SRKSB LLC,Sujoygar
,B08SJKPLJS,1,Alimentos y Bebidas,disponible,disponible,,,2025-10-13T18:50:16.496Z,2025-10-14T14:51:13.892Z,2025-10-16T03:26:16.852Z,599.36,12.99,$580.99,Activon Tubo de miel Manuka 25 g/ 1oz,https://www.amazon.com.mx/dp/B08SJKPLJS,https://www.amazon.com/dp/B08SJKPLJS,SRKSB LLC,SparkleFront
,B09WTZRV6Z,1,Alimentos y Bebidas,disponible,disponible,,,2025-10-13T18:50:16.497Z,2025-10-14T14:51:22.743Z,2025-10-16T03:26:25.862Z,741.72,17.55,$730.22,"Graza Rocíe Aceite De Oliva Virgen Extra, Aceite De Acabado - Aceite De Acabado De Aove De Cosecha Temprana Con Alto Polifenol En Una Botella Exprimible - Aceites De Oliva De Origen Único De",https://www.amazon.com.mx/dp/B09WTZRV6Z,https://www.amazon.com/dp/B09WTZRV6Z,SRKSB LLC,
,B0BB4155J2,1,Alimentos y Bebidas,disponible,disponible,,,2025-10-13T18:50:16.497Z,2025-10-14T18:54:13.933Z,2025-10-16T03:26:35.726Z,715.51,16.9,$705.26,"Suministros de fiesta de superhéroes decoraciones de cumpleaños de los Vengadores, 20 globos de superhéroe, 1 pancarta de feliz cumpleaños, 13 decoraciones de pastel de superhéroe y cupcakes para fiestas de cumpleaños de niños",https://www.amazon.com.mx/dp/B0BB4155J2,https://www.amazon.com/dp/B0BB4155J2,Binglu,Foofotao
,B0BX5BNK5R,1,Alimentos y Bebidas,disponible,disponible,,,2025-10-13T18:50:16.497Z,2025-10-14T18:54:24.612Z,2025-10-16T03:26:44.318Z,808,19.99,$798.04,Real Naturals Fideos Ramen Sin Gluten Ramen Bajo En Sodio (10 Piezas) Fideos Ramen Simples. Grado Restaurante. Fideos Ramen Saludables Japoneses De Arroz Integral,https://www.amazon.com.mx/dp/B0BX5BNK5R,https://www.amazon.com/dp/B0BX5BNK5R,Doraida Store,BananaJoe
,B07Q3HCKX4,1,Alimentos y Bebidas,disponible,disponible,,,2025-10-13T18:50:16.497Z,2025-10-14T18:54:33.651Z,2025-10-16T03:26:53.680Z,570.06,11.99,$569.79,"Great Bazaar TAJ Gourmet - Peine de miel de acacia natural crudo, 200 g, color amarillo",https://www.amazon.com.mx/dp/B07Q3HCKX4,https://www.amazon.com/dp/B07Q3HCKX4,SRKSB LLC,Gandhi Foods
,B0C79YKQP3,1,Alimentos y Bebidas,disponible,disponible,,,2025-10-13T18:50:16.497Z,2025-10-14T18:54:45.257Z,2025-10-16T03:27:01.305Z,656.55,14.99,$651.98,"VERSAINSECT Elderberry Dried | Whole Dried Elderberries Berries Organic | European Wildcrafted All Natural | Non-GMO, Non-irradiated | Make Syrup, Tea | 6 Ounces Resealable Bag (Packaging May Vary)",https://www.amazon.com.mx/dp/B0C79YKQP3,https://www.amazon.com/dp/B0C79YKQP3,SRKSB LLC,Treasure Select
,B09KNYQ8B8,1,Alimentos y Bebidas,disponible,disponible,,,2025-10-13T18:50:16.497Z,2025-10-14T18:54:54.549Z,2025-10-16T03:27:09.399Z,577.12,11.98,$577.12,"Simple Mixes Postre de gelatina natural, paquete variado, fresa, naranja y lima, saludable, sin lactosa, grasas ni gluten, 3,1 onzas (paquete de 3) Multi",https://www.amazon.com.mx/dp/B09KNYQ8B8,https://www.amazon.com/dp/B09KNYQ8B8,SRKSB LLC,Better Bowls
,B005LRBGEQ,1,Alimentos y Bebidas,disponible,disponible,,,2025-10-13T18:50:16.498Z,2025-10-14T18:55:03.130Z,2025-10-16T03:27:17.837Z,958.72,25.99,$960.11,"The Sprout House - Mezcla de semillas orgánicas de sprouting de varios colores, 12 unidades",https://www.amazon.com.mx/dp/B005LRBGEQ,https://www.amazon.com/dp/B005LRBGEQ,SRKSB LLC,Sprout House Sprouting Seeds
,B0D7MN8KD2,1,Alimentos y Bebidas,disponible,disponible,,,2025-10-13T18:50:16.498Z,2025-10-14T18:55:14.036Z,2025-10-16T03:27:26.988Z,690.76,14.99,$689.38,"Baja Coastal Baja Mineral Sea Salt, Natural Grain, 1 Lb. - 16 Oz. 100% Natural Unrefined Mineral Sea Salt, Rich in 90+ Essential Minerals",https://www.amazon.com.mx/dp/B0D7MN8KD2,https://www.amazon.com/dp/B0D7MN8KD2,LA2MTY Facturamos todas tus compras,Celtic Coastal
,B07SXTPYCV,1,Alimentos y Bebidas,disponible,disponible,,,2025-10-13T18:50:16.498Z,2025-10-14T18:55:22.310Z,2025-10-16T03:27:35.772Z,841.9,21.99,$840.12,Nueva Zelanda Pure Manuka-Miel UMF10+ (MGO300+) paquetes a presión (5 g x 21) 1 caja,https://www.amazon.com.mx/dp/B07SXTPYCV,https://www.amazon.com/dp/B07SXTPYCV,Boon Shopping,MIDLANDS APIARIES
,B07GRMFP2Z,1,Alimentos y Bebidas,disponible,disponible,,,2025-10-13T18:50:16.498Z,2025-10-14T18:55:32.164Z,2025-10-16T03:27:45.218Z,540.55,9.69,$540.69,"Yamaki Kappo Shirodashi Base versátil para Dashi, 500 ml",https://www.amazon.com.mx/dp/B07GRMFP2Z,https://www.amazon.com/dp/B07GRMFP2Z,SRKSB LLC,UNHA'S ASIAN SNACK BOX
,B08RWLP8M2,1,Alimentos y Bebidas,disponible,disponible,,,2025-10-13T18:50:16.498Z,2025-10-14T18:55:42.359Z,2025-10-16T03:27:54.162Z,780.23,20.49,$778.39,"100 % natural con resortes de arco iris, color natural, sin lechos, sin nueces, sin gluten, sin soja, vegana, sin huevos y koser, para tartas y tartas de 1 libra, caramelos a granel, recipiente resellable, colorido",https://www.amazon.com.mx/dp/B08RWLP8M2,https://www.amazon.com/dp/B08RWLP8M2,IY Network,SWEET EVA'S
,B0D8RQFYWZ,1,Alimentos y Bebidas,disponible,disponible,,,2025-10-13T18:50:25.403Z,2025-10-14T18:55:50.367Z,2025-10-16T03:28:02.651Z,571.13,9.99,$570.86,TAJ Gourmet Foods Taj Harina De Soya 2-Libras | Harina De Frijol De Soja | All-Natural,https://www.amazon.com.mx/dp/B0D8RQFYWZ,https://www.amazon.com/dp/B0D8RQFYWZ,SRKSB LLC,Gandhi Foods
,B09LZ7SN9T,1,Alimentos y Bebidas,disponible,disponible,,,2025-10-13T18:50:25.403Z,2025-10-14T18:56:00.466Z,2025-10-16T03:28:11.567Z,844.41,21.95,$875.61,"The Boyer Corporation Lye for Soap Making, Sodium Hydroxide Pure High Test Lye Food Grade, Caustic Soda, Drain Cleaner and Clog Remover, 2.2 lbs.",https://www.amazon.com.mx/dp/B09LZ7SN9T,https://www.amazon.com/dp/B09LZ7SN9T,SRKSB LLC,Number 1 In Service
,B00F3IIM90,1,Alimentos y Bebidas,disponible,disponible,,,2025-10-13T18:50:25.403Z,2025-10-14T18:56:10.962Z,2025-10-16T03:28:21.271Z,713.29,14.99,$713.29,Megachef Premium Anchovy Salsa de pescado (23.6 fl. oz. - 700 ml),https://www.amazon.com.mx/dp/B00F3IIM90,https://www.amazon.com/dp/B00F3IIM90,SRKSB LLC,JDJ Trading Co
,B0098OAPEA,1,Alimentos y Bebidas,disponible,disponible,,,2025-10-13T18:50:25.403Z,2025-10-14T18:56:21.249Z,2025-10-16T03:28:29.881Z,513.87,7.23,$512.49,"(1) - The Tao of Tea, Green Dragon Oolong Tea, Loose Leaf, 100ml Tin",https://www.amazon.com.mx/dp/B0098OAPEA,https://www.amazon.com/dp/B0098OAPEA,Uğurlu STORE,
,B0BB7TJQ2P,1,Alimentos y Bebidas,disponible,disponible,,,2025-10-13T18:50:25.403Z,2025-10-14T18:56:29.467Z,2025-10-16T03:28:47.733Z,605.22,9.99,$609.14,SE SI&MOOS Se Si&Moos Decoración Para Pastel De Sirena Decoraciones Para Tartas Sirena Sprinkles Sirena Para Cupcakes Decoración De Pastel De Playa Sirena Salpicaduras De Concha De Sirena To,https://www.amazon.com.mx/dp/B0BB7TJQ2P,https://www.amazon.com/dp/B0BB7TJQ2P,SEVENTEEN DESIGN,doshn
,B07KWXWLLK,1,Alimentos y Bebidas,disponible,disponible,,,2025-10-13T18:50:25.403Z,2025-10-14T18:56:39.486Z,2025-10-16T03:28:56.217Z,1441.84,45.99,"$1,441.84",Cápsulas compatibles con café real Nespresso. Cápsulas Nespresso orgánicas y de comercio justo. 9 variedades diferentes. 100 Count (Pack of 1),https://www.amazon.com.mx/dp/B07KWXWLLK,https://www.amazon.com/dp/B07KWXWLLK,SRKSB LLC,Real Coffee ApS
,B001ID2TPC,1,Alimentos y Bebidas,disponible,disponible,,,2025-10-13T18:50:25.403Z,2025-10-14T18:56:50.946Z,2025-10-16T03:29:06.196Z,550.64,11.48,$549.26,Fee Brothers Cherry Bitters 5 oz,https://www.amazon.com.mx/dp/B001ID2TPC,https://www.amazon.com/dp/B001ID2TPC,ProductosTX ⭐ ⭐ ⭐ ⭐ ⭐,JF Distributions
,B0DJDMWQYS,1,Alimentos y Bebidas,disponible,disponible,,,2025-10-13T18:50:25.403Z,2025-10-14T18:57:00.985Z,2025-10-16T03:29:14.927Z,869.78,18.99,$874.61,Wilder Jelly Belly Beanboozled,https://www.amazon.com.mx/dp/B0DJDMWQYS,https://www.amazon.com/dp/B0DJDMWQYS,Rozerin Store,
,B000LRKO1C,1,Alimentos y Bebidas,disponible,disponible,,,2025-10-13T18:50:25.404Z,2025-10-14T18:57:10.154Z,2025-10-16T03:29:24.494Z,750.16,14.99,$668.05,"Tarro de miel de acacia Langnese, 13.2 onzas",https://www.amazon.com.mx/dp/B000LRKO1C,https://www.amazon.com/dp/B000LRKO1C,Mishaland Store,HAVE A GREAT DAY!
,B0CR48MJ44,1,Alimentos y Bebidas,disponible,disponible,,,2025-10-13T18:50:25.404Z,2025-10-14T18:57:19.561Z,2025-10-16T03:29:32.403Z,785.94,19.99,$800.09,3 decoraciones de cumpleaños de dibujos animados para niños y niñas,https://www.amazon.com.mx/dp/B0CR48MJ44,https://www.amazon.com/dp/B0CR48MJ44,SRKSB LLC,SB MART.
,B08H21FMZP,1,Alimentos y Bebidas,disponible,disponible,,,2025-10-13T18:50:25.404Z,2025-10-14T19:27:18.447Z,2025-10-16T03:29:41.181Z,929.85,25.99,$929.85,"la negra, orgánico, 8.4 onzas líquidas, RAWYA, prensado en frío, botella de vidrio, aceite de nigella sativa, sin OMG, aceite de semilla de comino negro, Kalonji, Nigella",https://www.amazon.com.mx/dp/B08H21FMZP,https://www.amazon.com/dp/B08H21FMZP,SRKSB LLC,Cherries & Berries
,B01MED6RBK,1,Alimentos y Bebidas,disponible,disponible,,,2025-10-13T18:50:25.404Z,2025-10-14T19:27:26.149Z,2025-10-16T03:29:49.584Z,899.54,24.99,$899.11,"Auténtica miel de sidr de montaña – miel de azufaifo, igual a la eficacia de la manuka (ahorra casi $5 en el tamaño más grande) sin gluten miel líquida 100% natural (250 g",https://www.amazon.com.mx/dp/B01MED6RBK,https://www.amazon.com/dp/B01MED6RBK,SRKSB LLC,Honey World Inc
,B01H6B5JBA,1,Alimentos y Bebidas,disponible,disponible,,,2025-10-13T18:50:25.404Z,2025-10-14T19:27:35.554Z,2025-10-16T03:29:58.450Z,1011.62,29.68,"$1,011.14","JD Sucralosa líquida 16 onzas, 25% edulcorante líquido concentrado",https://www.amazon.com.mx/dp/B01H6B5JBA,https://www.amazon.com/dp/B01H6B5JBA,SRKSB LLC,JD SWEETENER
,B09NPTC3TV,1,Alimentos y Bebidas,disponible,disponible,,,2025-10-13T18:50:25.404Z,2025-10-14T19:27:43.321Z,2025-10-16T03:30:06.751Z,709.5,13.95,$709.16,"Gramiyaa Aceite De Cacahuete Virgen Prensado En Frío Para Cocinar | 33.81 Fl Oz (1L) | 100% Puro, Libre De Químicos, Aceite De Cacahuete Prensado En Madera",https://www.amazon.com.mx/dp/B09NPTC3TV,https://www.amazon.com/dp/B09NPTC3TV,SRKSB LLC,Gramiyaa Global
,B07CZL3WV5,1,Alimentos y Bebidas,disponible,disponible,,,2025-10-13T18:50:25.404Z,2025-10-14T19:27:50.389Z,2025-10-16T03:30:15.035Z,1123.34,24.99,"$1,259.23",Chips de patata estilo hervidor de Nueva Orleans de Zapp's,https://www.amazon.com.mx/dp/B07CZL3WV5,https://www.amazon.com/dp/B07CZL3WV5,Holaproducto,
,B0BH58KZK4,1,Alimentos y Bebidas,disponible,disponible,,,2025-10-13T18:50:25.404Z,2025-10-14T19:27:59.095Z,2025-10-16T03:30:23.385Z,728.42,18.95,$728.07,"Purathick-Espesante natural Caja de 30 palitos individuales para servir, espesa líquidos fríos y calientes para personas con disfagia (1 caja)",https://www.amazon.com.mx/dp/B0BH58KZK4,https://www.amazon.com/dp/B0BH58KZK4,SRKSB LLC,Parapharma Tech
,B002V1DYLI,1,Alimentos y Bebidas,disponible,disponible,,,2025-10-13T18:50:38.931Z,2025-10-14T19:28:07.219Z,2025-10-16T03:30:32.606Z,600.94,14.83,$639.17,"Greenmax Boba polvo de té de leche, té negro, 24.5 onzas",https://www.amazon.com.mx/dp/B002V1DYLI,https://www.amazon.com/dp/B002V1DYLI,✨Aurorix A,Amazing Pride
,B08B81CL6B,1,Alimentos y Bebidas,disponible,disponible,,,2025-10-13T18:50:38.932Z,2025-10-14T19:28:15.023Z,2025-10-16T03:30:40.864Z,501.38,8.99,$497.82,Natruen Szechuan Szechuan - Cápsulas de chile (4 onzas),https://www.amazon.com.mx/dp/B08B81CL6B,https://www.amazon.com/dp/B08B81CL6B,SRKSB LLC,Natural Plus Green
,B0D63ZS6FD,1,Alimentos y Bebidas,disponible,disponible,,,2025-10-13T18:50:38.932Z,2025-10-14T19:28:23.050Z,2025-10-16T03:30:49.990Z,681.31,15.95,$678.47,"Markhomia Lemoneon - Decoración para tartas de videojuegos, diseños mejorados, V2 Battle Royale, decoración de llama para fiesta de cumpleaños, decoración de pasteles, 11 piezas/juego",https://www.amazon.com.mx/dp/B0D63ZS6FD,https://www.amazon.com/dp/B0D63ZS6FD,SRKSB LLC,Lemoneon
,B0DGDPHTN7,1,Alimentos y Bebidas,disponible,disponible,,,2025-10-13T18:50:38.932Z,2025-10-14T19:28:32.226Z,2025-10-16T03:30:59.604Z,971.42,23.99,$971.42,"Bayelove - Divertidos regalos de pollo para mujeres amantes del pollo, regalos para amantes del pollo, regalos para mujeres, incluye taza de vidrio de pollo, bolsa de mano, bolsa de maquillaje,",https://www.amazon.com.mx/dp/B0DGDPHTN7,https://www.amazon.com/dp/B0DGDPHTN7,SRKSB LLC,Bayueli
,B0DH45JG31,1,Alimentos y Bebidas,disponible,disponible,,,2025-10-13T18:50:38.932Z,2025-10-14T19:28:40.783Z,2025-10-16T03:31:08.134Z,866.49,20.99,$866.49,"RYANDYPE - Cesta de cumpleaños para mujer, regalo de girasol, cesta de regalo para amiga y hermana, 12 onzas, acero inoxidable, 5.9 x 3.93 pulgadas",https://www.amazon.com.mx/dp/B0DH45JG31,https://www.amazon.com/dp/B0DH45JG31,SRKSB LLC,Ryanhype Store
,B0C746B1LM,1,Alimentos y Bebidas,disponible,disponible,,,2025-10-13T18:50:38.932Z,2025-10-14T19:28:49.589Z,2025-10-16T03:31:16.076Z,450.51,6.99,$450.30,"WDONAY - 60 adornos de estrella 3D para tartas, decoración de pastel de estrella dorada, decoración de pastel para cumpleaños, compromiso, boda, fiesta",https://www.amazon.com.mx/dp/B0C746B1LM,https://www.amazon.com/dp/B0C746B1LM,SRKSB LLC,WDONAY Direct Store
,B0CV654R23,1,Alimentos y Bebidas,disponible,disponible,,,2025-10-13T18:50:38.932Z,2025-10-14T19:28:56.645Z,2025-10-16T03:31:24.976Z,802.9,19.95,$802.52,"A Blend Above Sex on the Beach Drink/Wine Mix, 3 pack, Makes 1 Large Pitcher, 6 Drinks, Easy to Make, Alchohol Blend, Drink Mix, Wine Mix, Cocktail Mix, Holiday Spritzer, Perfect For Any Occasion",https://www.amazon.com.mx/dp/B0CV654R23,https://www.amazon.com/dp/B0CV654R23,SRKSB LLC,A Blend Above LLC
,B00L5RLCIG,1,Alimentos y Bebidas,disponible,disponible,,,2025-10-13T18:50:38.932Z,2025-10-14T19:29:05.280Z,2025-10-16T03:31:33.466Z,1134.3,32.99,"$1,134.30","Vainilla mexicana transparente prensada en frío, 1 litro / 33.8 onzas",https://www.amazon.com.mx/dp/B00L5RLCIG,https://www.amazon.com/dp/B00L5RLCIG,SRKSB LLC,MONTBLACK
,B00U6OUAZA,1,Alimentos y Bebidas,disponible,disponible,,,2025-10-13T18:50:38.932Z,2025-10-14T19:29:13.786Z,2025-10-16T03:31:51.473Z,976.44,25.49,$974.56,Crazy Richard's - 100% del polvo del cacahuete - 2libras.,https://www.amazon.com.mx/dp/B00U6OUAZA,https://www.amazon.com/dp/B00U6OUAZA,Boon Shopping,Mixt Solutions
,B0DHV87LJD,1,Alimentos y Bebidas,disponible,disponible,,,2025-10-13T18:50:38.932Z,2025-10-14T19:29:22.753Z,2025-10-16T03:31:59.976Z,630.09,9.99,$630.09,"NACHLYNN 80 bolas decorativas para tartas, decoración de tartas, mini globos, cupcakes, manualidades, para fiestas, bodas, baby shower, cumpleaños (dorado)",https://www.amazon.com.mx/dp/B0DHV87LJD,https://www.amazon.com/dp/B0DHV87LJD,SRKSB LLC,NachLynn
,B004BFOBGO,1,Alimentos y Bebidas,disponible,disponible,,,2025-10-13T18:50:38.932Z,2025-10-14T19:29:30.780Z,2025-10-16T03:32:09.186Z,582,9.99,$580.62,Williamson English Breakfast 50 bolsas de té 125 g,https://www.amazon.com.mx/dp/B004BFOBGO,https://www.amazon.com/dp/B004BFOBGO,Holaproducto,EpicCo
,B0CLY2F8YM,1,Alimentos y Bebidas,disponible,disponible,,,2025-10-13T18:50:38.932Z,2025-10-14T19:29:38.034Z,2025-10-16T03:32:18.227Z,450.51,6.99,$450.30,"7 piezas de decoración de pastel de Navidad, decoración de pastel de Navidad, decoración de pasteles, copo de nieve, decoración de pastel de Navidad, decoración de pastel de Navidad, decoración de pastel de Feliz Navidad, kit de decoración de pasteles",https://www.amazon.com.mx/dp/B0CLY2F8YM,https://www.amazon.com/dp/B0CLY2F8YM,SRKSB LLC,RUIYDZ
,B083X9RPR2,1,Alimentos y Bebidas,disponible,disponible,,,2025-10-13T18:50:38.932Z,2025-10-14T19:29:46.755Z,2025-10-16T03:32:26.461Z,570.45,11.95,$570.45,Sal marina en escamas (250 g) cosechada a mano en la isla de Vancouver,https://www.amazon.com.mx/dp/B083X9RPR2,https://www.amazon.com/dp/B083X9RPR2,SRKSB LLC,Vancouver Island Salt Co
,B00COXIGXY,1,Alimentos y Bebidas,disponible,disponible,,,2025-10-13T18:50:38.933Z,2025-10-14T19:29:54.901Z,2025-10-16T03:32:35.044Z,765.02,16.48,$700.09,Maui Cebolla hawaiana sal marina,https://www.amazon.com.mx/dp/B00COXIGXY,https://www.amazon.com/dp/B00COXIGXY,SRKSB LLC,WebBirds
,B09NYKB5TC,1,Alimentos y Bebidas,disponible,disponible,,,2025-10-13T18:50:38.933Z,2025-10-14T19:30:02.344Z,2025-10-16T03:32:44.332Z,526.83,9.99,$523.45,"Nevperish - Juego de 18 piezas de decoración para tartas de construcción, decoración de pasteles, excavadora, grúa, magdalenas, decoración de tráfico y señales de carretera, suministros para fiesta de",https://www.amazon.com.mx/dp/B09NYKB5TC,https://www.amazon.com/dp/B09NYKB5TC,SRKSB LLC,billion times
,B001IZICO2,1,Alimentos y Bebidas,disponible,disponible,,,2025-10-13T18:50:38.933Z,2025-10-14T19:30:10.822Z,2025-10-16T03:32:52.651Z,1123.98,31.6,"$1,107.90",Pomona'S Pectin Universal Pectin - 1 Oz,https://www.amazon.com.mx/dp/B001IZICO2,https://www.amazon.com/dp/B001IZICO2,Boon Shopping,GOODSIE
,B0723965PM,1,Alimentos y Bebidas,disponible,disponible,,,2025-10-13T18:50:47.684Z,2025-10-14T19:30:18.118Z,2025-10-16T03:33:03.013Z,880.72,20.95,$880.72,"Saratoga Olive Oil Company Aceite de oliva con infusión de ajo, 200 ml",https://www.amazon.com.mx/dp/B0723965PM,https://www.amazon.com/dp/B0723965PM,SRKSB LLC,Saratoga Olive Oil Company
,B005VJ0PKK,1,Alimentos y Bebidas,disponible,disponible,,,2025-10-13T18:50:47.684Z,2025-10-14T19:30:25.725Z,2025-10-16T03:33:11.549Z,705.34,12.35,$700.44,John Henry's Texas Pollo Tickler 10.5 oz,https://www.amazon.com.mx/dp/B005VJ0PKK,https://www.amazon.com/dp/B005VJ0PKK,SRKSB LLC,Buckeye Trading
,B00LD8RY4S,1,Alimentos y Bebidas,disponible,disponible,,,2025-10-13T18:50:47.684Z,2025-10-14T19:30:34.042Z,2025-10-16T03:33:19.702Z,983.02,25.03,"$1,038.86","Unique Pretzel Splits, bolsa de 11 oz (cuatro bolsas de 11 onzas) por Unique Pretzels",https://www.amazon.com.mx/dp/B00LD8RY4S,https://www.amazon.com/dp/B00LD8RY4S,✨Aurorix A,MEET YOUR NEEDS
,B07FCWK1Z1,1,Alimentos y Bebidas,disponible,disponible,,,2025-10-13T18:50:47.685Z,2025-10-14T19:30:42.603Z,2025-10-16T03:33:28.611Z,986.59,23.48,$985.53,Dong Suh - Té coreano (50 bolsas),https://www.amazon.com.mx/dp/B07FCWK1Z1,https://www.amazon.com/dp/B07FCWK1Z1,SRKSB LLC,SEHOON
,B097748WDR,1,Alimentos y Bebidas,disponible,disponible,,,2025-10-13T18:50:47.685Z,2025-10-14T19:30:49.419Z,2025-10-16T03:33:36.489Z,463.49,4.99,$460.27,"Decoración para tarta de cumpleaños con texto en inglés ""Happy Birthday"" para niños y niños, camper/cazador/leñador/bosque/bosque/animal/fogata/decoración de tartas de cumpleaños",https://www.amazon.com.mx/dp/B097748WDR,https://www.amazon.com/dp/B097748WDR,SRKSB LLC,smartnice-us
,B07BVCCJH1,1,Alimentos y Bebidas,disponible,disponible,,,2025-10-13T18:50:47.685Z,2025-10-14T19:30:56.165Z,2025-10-16T03:33:45.351Z,420.46,8.95,$578.10,"Parche para planchar, parche de corazón rojo, pegamento extrafuerte, 7 parches bordados para planchar A-150",https://www.amazon.com.mx/dp/B07BVCCJH1,https://www.amazon.com/dp/B07BVCCJH1,Amazon Estados Unidos,Oli and Alex
,B0BN77TKNT,1,Automotriz y Motocicletas,disponible,disponible,,,2025-10-13T18:54:31.433Z,2025-10-14T19:31:04.080Z,2025-10-16T03:33:53.085Z,1295.32,39.98,"$1,295.32","Lorinpow 3000A Jump Starter con compresor de Aire, Cargador de batería de Coche para 10.0L Gas/8.0L Diesel, con 150PSI inflador de neumáticos, Caja de Salto portátil con Cables de Puente",https://www.amazon.com.mx/dp/B0BN77TKNT,https://www.amazon.com/dp/B0BN77TKNT,SRKSB LLC,Car starting plant
,B0DKWVL3DH,1,Automotriz y Motocicletas,disponible,disponible,,,2025-10-13T18:54:31.433Z,2025-10-14T19:31:11.450Z,2025-10-16T03:34:00.646Z,707.58,17.84,$705.42,"Ambientador inteligente para coche, difusor de ambientador de coche, ambientador de coche con tres modos ajustables, aroma para Carro, difusor de coche con 8 piezas de aceite esencial (negro)",https://www.amazon.com.mx/dp/B0DKWVL3DH,https://www.amazon.com/dp/B0DKWVL3DH,SRKSB LLC,ZXin
,B0777TWFG5,1,Automotriz y Motocicletas,disponible,disponible,,,2025-10-13T18:54:31.433Z,2025-10-14T19:31:20.269Z,2025-10-16T03:34:09.263Z,637.84,16.8,$670.42,"BG frigi-fresh 5,5 oz. (156g)",https://www.amazon.com.mx/dp/B0777TWFG5,https://www.amazon.com/dp/B0777TWFG5,Premium Global,SAME DAY WHOLESALE
,B0DXK9G4TV,1,Automotriz y Motocicletas,disponible,disponible,,,2025-10-13T18:54:31.433Z,2025-10-14T19:31:29.168Z,2025-10-16T03:34:17.440Z,490.06,7.99,$486.65,"Paraguas portátil para parabrisas de ajuste personalizado para Ford Explorer 2020-2024, vidrio de hielo 2 en 1, duradero, compacto paraguas UPF50+ protección contra el calor de la ventana frontal UV",https://www.amazon.com.mx/dp/B0DXK9G4TV,https://www.amazon.com/dp/B0DXK9G4TV,SRKSB LLC,Epltion-US
,B0D9ZVHVMT,1,Automotriz y Motocicletas,disponible,disponible,,,2025-10-13T18:54:31.433Z,2025-10-14T19:31:37.185Z,2025-10-16T03:34:24.611Z,668.99,14.99,$707.89,"Pura - Recambio de aroma para coche, fragancia para difusor de coche puro, aroma difusor de lujo limpio y seguro, fragancia de larga duración para 30 días de aroma, imprescindible para el coche, aroma",https://www.amazon.com.mx/dp/B0D9ZVHVMT,https://www.amazon.com/dp/B0D9ZVHVMT,SRKSB LLC,Pattern.
,B0CQY6GFFZ,1,Automotriz y Motocicletas,disponible,disponible,,,2025-10-13T18:54:31.433Z,2025-10-14T19:31:45.031Z,2025-10-16T03:34:34.018Z,1372.15,37.99,"$1,362.61","KPY Viseras para Ventanas compatibles con Honda Fit 2015-2020, deflectores de Lluvia para Ventanas Laterales Estilo Adhesivo, 2015 2016 2017 2018 2019 2020",https://www.amazon.com.mx/dp/B0CQY6GFFZ,https://www.amazon.com/dp/B0CQY6GFFZ,SRKSB LLC,KPY BizConnect
,B0DGTKPFXH,1,Automotriz y Motocicletas,disponible,disponible,,,2025-10-13T18:54:31.433Z,2025-10-14T19:31:54.130Z,2025-10-16T03:34:50.966Z,2315.87,69.99,"$2,315.87","GALVAGNITE - Tapete de carga para Dodge Durango 6/7 2016-2025, cobertura completa, protector de TPE para todo tipo de clima, tapete de carga con respaldo, tapete de maletero para accesorios Durango RT",https://www.amazon.com.mx/dp/B0DGTKPFXH,https://www.amazon.com/dp/B0DGTKPFXH,SRKSB LLC,GALVAGNITE
,B0BPBBWSVJ,1,Automotriz y Motocicletas,disponible,disponible,,,2025-10-13T18:54:31.434Z,2025-10-14T19:32:02.634Z,2025-10-16T03:34:59.453Z,388.23,4.99,$388.23,STICKY DUDE Vinilo calcomanía sólido de Texas Retro USA State resistente al agua de 5 pulgadas | Yeti Cup Cooler Box calcomanía coche portátil pared ventana parachoques,https://www.amazon.com.mx/dp/B0BPBBWSVJ,https://www.amazon.com/dp/B0BPBBWSVJ,SRKSB LLC,STICKY DUDE ✅
,B0DQ54YKH9,1,Automotriz y Motocicletas,disponible,disponible,,,2025-10-13T18:54:31.434Z,2025-10-14T19:32:10.040Z,2025-10-16T03:35:08.755Z,1098.91,32.39,"$1,097.63","TREKURE 3000A Arrancador de Batería de Coche Portátil (hasta 8.0 L de Gas o 6.5 L de Diésel), Arrancador de Batería de Auto Protección Inteligente, Linterna LED de 300 LM con 4 Modos",https://www.amazon.com.mx/dp/B0DQ54YKH9,https://www.amazon.com/dp/B0DQ54YKH9,SRKSB LLC,gerrit
,B0B286C48R,1,Automotriz y Motocicletas,disponible,disponible,,,2025-10-13T18:54:31.434Z,2025-10-14T19:32:18.781Z,2025-10-16T03:35:18.443Z,466.69,7.99,$468.41,"RETRUE - Bloqueo de acoplamiento de lengüeta para remolque, bloqueo de enganche de remolque, diámetro de 1/4 pulgadas, 3/4 pulgadas para acoplador de remolque, barco, RV, camión, automóvil, negro",https://www.amazon.com.mx/dp/B0B286C48R,https://www.amazon.com/dp/B0B286C48R,SRKSB LLC,RETRUE Direct
,B07ZTNSNYJ,1,Automotriz y Motocicletas,disponible,disponible,,,2025-10-13T18:54:31.434Z,2025-10-14T19:32:28.545Z,2025-10-16T03:35:26.006Z,510.12,9.1,$508.74,"Sex Wax Ambientador multipaquete (paquete de 3 unidades), coco, piña, fresa",https://www.amazon.com.mx/dp/B07ZTNSNYJ,https://www.amazon.com/dp/B07ZTNSNYJ,Novayu,Logistics Express
,B0C4GVNGB5,1,Automotriz y Motocicletas,disponible,disponible,,,2025-10-13T18:54:31.434Z,2025-10-14T19:32:35.775Z,2025-10-16T03:35:35.809Z,1586.37,39.99,"$1,584.99","XPE - Soporte para remolque con gancho, se adapta a receptores de enganche de 2 pulgadas, 1-7/8 pulgadas, 2 pulgadas y 2-5/16 pulgadas, bolas chapadas en negro mate, seguro con pestillo de autobloqueo, GTW de 10 libras, para RV, SUV, ATV y camión, etc",https://www.amazon.com.mx/dp/B0C4GVNGB5,https://www.amazon.com/dp/B0C4GVNGB5,Amazon Estados Unidos,XPE
,B0CHG1L4G4,1,Automotriz y Motocicletas,disponible,disponible,,,2025-10-13T18:54:31.434Z,2025-10-14T19:32:43.835Z,2025-10-16T03:35:44.101Z,445.39,4.95,$445.39,"Imperial Vibes - Pegatina de vinilo con texto ""Attention Owner is Armed Protected by Sign"" - calcomanía de vinilo militar veterano para coche, camión, buzón, nevera, botella de agua, frasco, portátil, paquete de 2 unidades de 4 pulgadas, Imp 73",https://www.amazon.com.mx/dp/B0CHG1L4G4,https://www.amazon.com/dp/B0CHG1L4G4,SRKSB LLC,Imperial Vibes
,B0F1XS3C2Q,1,Automotriz y Motocicletas,disponible,disponible,,,2025-10-13T18:54:31.434Z,2025-10-14T19:32:51.301Z,2025-10-16T03:35:52.250Z,3470.66,105,"$3,487.10","Strapinno - Barra de carga de carraca de 44 a 74 pulgadas, divisor de cama de camión antideslizante, fácil instalación, tubo fuerte de 1.25 pulgadas, estabilizador ajustable para camionetas, paquete",https://www.amazon.com.mx/dp/B0F1XS3C2Q,https://www.amazon.com/dp/B0F1XS3C2Q,SRKSB LLC,Strapinno
,B0B38CMWSL,1,Automotriz y Motocicletas,disponible,no disponible,,,2025-10-13T18:54:31.434Z,2025-10-14T19:32:58.308Z,2025-10-16T03:35:59.556Z,1576.77,,"$1,220.27","Avecrew - Funda para Coche SUV Impermeable para Todo Tipo de Clima, para automóviles, Exteriores, Resistente al Aire última intervensión, para SUV (Longitud: 182-191 Pulgadas)",https://www.amazon.com.mx/dp/B0B38CMWSL,https://www.amazon.com/dp/B0B38CMWSL,NİSANCO,
,B0F1XHCTY7,1,Automotriz y Motocicletas,disponible,disponible,,,2025-10-13T18:54:31.434Z,2025-10-14T19:33:06.341Z,2025-10-16T03:36:08.232Z,1845.38,55.99,"$1,897.47",AXVLU - Bandeja de computadora para computadora portátil (Ash),https://www.amazon.com.mx/dp/B0F1XHCTY7,https://www.amazon.com/dp/B0F1XHCTY7,Novayu,AXVLU
,B0D6D76HYT,1,Automotriz y Motocicletas,disponible,disponible,,,2025-10-13T18:54:46.574Z,2025-10-14T19:33:14.576Z,2025-10-16T03:36:16.901Z,448.69,4.99,$447.31,"Imperial Vibes - calcomanía de vinilo para coche, diseño de gato negro y gatito, para coche, camión, furgoneta, SUV, ventana, ventana, portátil, impermeable, vinilo para parachoques de ventana, 3",https://www.amazon.com.mx/dp/B0D6D76HYT,https://www.amazon.com/dp/B0D6D76HYT,MaYourStore,Imperial Vibes
,B0CVVFH1VN,1,Automotriz y Motocicletas,disponible,disponible,,,2025-10-13T18:54:46.574Z,2025-10-14T19:33:22.215Z,2025-10-16T03:36:26.165Z,972.26,26.14,$962.83,"Scatach 002 4000 A - Arrancador de batería de coche de 12 V (hasta gasolina de 10.0 L y motor diesel de 8.0 L), caja de salto portátil con visualización LED, linterna de 3 modos y cable de puente",https://www.amazon.com.mx/dp/B0CVVFH1VN,https://www.amazon.com/dp/B0CVVFH1VN,SRKSB LLC,Scatach power
,B0DJNCTL5W,1,Automotriz y Motocicletas,disponible,disponible,,,2025-10-13T18:54:46.574Z,2025-10-14T19:33:30.630Z,2025-10-16T03:36:34.978Z,376.7,3.59,$375.14,"3 imanes de conducción de estudiantes para coche, por favor sea paciente, conductor de estudiantes, advertencia de seguridad, reutilizable magnética reflectante para conductor novato",https://www.amazon.com.mx/dp/B0DJNCTL5W,https://www.amazon.com/dp/B0DJNCTL5W,Boon Shopping,KUWSEIY
,B0DF7K8724,1,Automotriz y Motocicletas,disponible,disponible,,,2025-10-13T18:54:46.574Z,2025-10-14T19:33:37.941Z,2025-10-16T03:36:43.580Z,618,12.99,$630.02,"Ambientadores de aire para coche, decoración de árbol de Halloween, 8 piezas, adorno de cuchillo colgante de espejo, accesorio de interior para hombres y mujeres, amante de hielo, aroma negro",https://www.amazon.com.mx/dp/B0DF7K8724,https://www.amazon.com/dp/B0DF7K8724,SRKSB LLC,OPPKEPT
,B0DHG8D8MG,1,Automotriz y Motocicletas,disponible,disponible,,,2025-10-13T18:54:46.574Z,2025-10-14T19:33:47.504Z,2025-10-16T03:36:51.831Z,3720.17,129.99,"$4,083.63","MOSTOOL - Arrancador de batería de coche de 4000 A, 12 V, paquete de batería de arranque portátil, caja de salto de coche con visualización LED, cargador portátil y cables de puente para todos los",https://www.amazon.com.mx/dp/B0DHG8D8MG,https://www.amazon.com/dp/B0DHG8D8MG,SEONGSAN,MOSTOOL Direct
,B0DT9QV3ML,1,Automotriz y Motocicletas,disponible,disponible,,,2025-10-13T18:54:46.574Z,2025-10-14T19:33:54.610Z,2025-10-16T03:37:00.829Z,775.16,19.99,$775.96,"AirPurelle Ambientador Colgante para Coche (2 Unidades), Difusor de Aceite Aromático de Azafrán Y Ámbar, Fragancia de Larga Duración (Más de 45 Días), 2 Unidades de 8 Ml",https://www.amazon.com.mx/dp/B0DT9QV3ML,https://www.amazon.com/dp/B0DT9QV3ML,SRKSB LLC,ABAMERICA OFFICE
,B0D1BFC9BC,1,Automotriz y Motocicletas,disponible,disponible,,,2025-10-13T18:54:46.574Z,2025-10-14T19:34:03.139Z,2025-10-16T03:37:09.823Z,4044.42,108.85,"$4,103.93","Adjustabel - Jalon para Remolque, Enganche para Remolque, Receptor de 2.5 Pulgadas",https://www.amazon.com.mx/dp/B0D1BFC9BC,https://www.amazon.com/dp/B0D1BFC9BC,CATTLESIV,Soki&Koer-US
,B0BW8GW454,1,Automotriz y Motocicletas,disponible,disponible,,,2025-10-13T18:54:46.575Z,2025-10-14T19:34:11.141Z,2025-10-16T03:37:17.197Z,1988.96,55.99,"$1,992.61","Correas de amarre de coche para remolques, paquete de 4 unidades de 2 x 96 pulgadas con correa de neumático de carga de trabajo segura de 3 libras, correas ajustables con ganchos a presión (verde)",https://www.amazon.com.mx/dp/B0BW8GW454,https://www.amazon.com/dp/B0BW8GW454,HNEN,Saber-toothed Tiger
,B0DSBWQLHK,1,Automotriz y Motocicletas,disponible,disponible,,,2025-10-13T18:54:46.575Z,2025-10-14T19:34:20.012Z,2025-10-16T03:37:25.730Z,395.47,4.99,$391.63,"Paquete de 2 protectores de llavero Faraday, bolsa de bloqueo de señal RFID para coche, bolsa segura Faraday para llavero de coche, funda antirrobo (rojo + azul, pequeño)",https://www.amazon.com.mx/dp/B0DSBWQLHK,https://www.amazon.com/dp/B0DSBWQLHK,SRKSB LLC,TTF
,B0CSDQ29LX,1,Automotriz y Motocicletas,disponible,disponible,,,2025-10-13T18:54:46.575Z,2025-10-14T19:34:27.239Z,2025-10-16T03:37:34.715Z,2148.16,53.99,"$2,316.98","Funda impermeable para camioneta para todo tipo de clima, 6 capas para Ford F150, Chevrolet Silverado 1500, Gmc Sierra, Ram 1500, Toyota Tundra (T4 para camiones de hasta 250 pulgadas)",https://www.amazon.com.mx/dp/B0CSDQ29LX,https://www.amazon.com/dp/B0CSDQ29LX,HNEN,Migavenn
,B0D8QRLHCW,1,Automotriz y Motocicletas,disponible,disponible,,,2025-10-13T18:54:46.575Z,2025-10-14T19:34:36.135Z,2025-10-16T03:37:52.200Z,613.44,9.99,$609.18,A+ Scents Difusor Colgante para Coche - Inspirado En El Aroma de Air Spencer - Ambientador de Larga Duración - Dura Hasta 60 Días - Calabaza Japonesa (Fragancia Cítrica Ligera Y Refrescante),https://www.amazon.com.mx/dp/B0D8QRLHCW,https://www.amazon.com/dp/B0D8QRLHCW,SRKSB LLC,A+ Scents
,B0C6BPJXS5,1,Automotriz y Motocicletas,disponible,disponible,,,2025-10-13T18:54:46.575Z,2025-10-14T19:34:44.250Z,2025-10-16T03:38:01.621Z,605.06,12.99,$605.06,"Lucrum - Funda para llavero Mazda y llavero de piel - Funda de TPU para Mazda 3, 6, CX-5, CX-9, CX-30, CX-50, CX-70-2019-2025, Negro -",https://www.amazon.com.mx/dp/B0C6BPJXS5,https://www.amazon.com/dp/B0C6BPJXS5,SRKSB LLC,Lucrum Ads
,B0DNTQ8731,1,Automotriz y Motocicletas,disponible,disponible,,,2025-10-13T18:54:46.575Z,2025-10-14T19:34:53.292Z,2025-10-16T03:38:09.994Z,791.39,19.99,$791.02,"Cubierta de gancho de remolque compatible con accesorios Chevy Silverado 1500 2007-2024, cubierta de gancho de remolque delantero, cubierta de enganche de remolque para camiones compatibles con",https://www.amazon.com.mx/dp/B0DNTQ8731,https://www.amazon.com/dp/B0DNTQ8731,SRKSB LLC,MIDUC123
,B0DHL46DFQ,1,Automotriz y Motocicletas,disponible,disponible,,,2025-10-13T18:54:46.575Z,2025-10-14T19:35:00.179Z,2025-10-16T03:38:17.754Z,1084.6,23.98,"$1,084.09","Rindoujin Accesorios para Ford Bronco 2024 2025 2021 2022 2023 Interior Coche, Accesorios Bronco, Almacenamiento Palanca Cambios, Organizador Guantera, Organizador Manijas Puerta 2/4, Negro",https://www.amazon.com.mx/dp/B0DHL46DFQ,https://www.amazon.com/dp/B0DHL46DFQ,SRKSB LLC,Rindoujin
,B07P3YZLJK,1,Automotriz y Motocicletas,disponible,disponible,,,2025-10-13T18:54:46.575Z,2025-10-14T19:35:08.527Z,2025-10-16T03:38:26.522Z,495.96,9.17,$495.96,"Sex Wax Ambientador (3 unidades, coco)",https://www.amazon.com.mx/dp/B07P3YZLJK,https://www.amazon.com/dp/B07P3YZLJK,SRKSB LLC,805 Boardshop
,B09GM5QK36,1,Automotriz y Motocicletas,disponible,disponible,,,2025-10-13T18:54:46.575Z,2025-10-14T19:35:16.086Z,2025-10-16T03:38:36.094Z,442.43,7.99,$502.76,"Soporte para registro y seguro de coche, soporte de piel brillante de alta calidad, organizador de guantera de vehículo, funda de accesorios con cierre magnético para tarjetas, documentos esenciales, licencia de conducir (negro)",https://www.amazon.com.mx/dp/B09GM5QK36,https://www.amazon.com/dp/B09GM5QK36,Zhiqi Shop,Bodskad
,B0DG62WVSY,1,Automotriz y Motocicletas,disponible,disponible,,,2025-10-13T18:54:59.052Z,2025-10-14T19:35:23.793Z,2025-10-16T03:38:44.078Z,941.88,23.9,$941.44,"Par de cajas de montaje de luces traseras cuadradas para remolques y soporte de placa con tornillos, cubierta de protección izquierda y derecha de acero resistente (protección contra luces) para",https://www.amazon.com.mx/dp/B0DG62WVSY,https://www.amazon.com/dp/B0DG62WVSY,SRKSB LLC,GZQIUYI
,B0DDXQ3MC4,1,Automotriz y Motocicletas,disponible,disponible,,,2025-10-13T18:54:59.052Z,2025-10-14T19:35:31.856Z,2025-10-16T03:38:53.048Z,1305.99,39.99,"$1,304.59","Arrancador de batería de coche portátil: arrancador de 4000 A con cables de puente, arrancador de batería portátil, paquete de batería de arranque automático de 12 V - Caja de salto para todos los",https://www.amazon.com.mx/dp/B0DDXQ3MC4,https://www.amazon.com/dp/B0DDXQ3MC4,SRKSB LLC,KOPUSES
,B0DJSJNNQ5,1,Automotriz y Motocicletas,disponible,disponible,,,2025-10-13T18:54:59.052Z,2025-10-14T19:35:40.602Z,2025-10-16T03:39:00.811Z,519.28,7.99,$517.90,"BSUXMAFG Martillo de seguridad para coche, herramienta de escape de emergencia 3 en 1 con interruptor de ventana y cortador de cinturón de seguridad, herramienta de emergencia de seguridad para coche,",https://www.amazon.com.mx/dp/B0DJSJNNQ5,https://www.amazon.com/dp/B0DJSJNNQ5,Amazon Estados Unidos,BSUXMAFG
,B0D3HW8W8V,1,Automotriz y Motocicletas,disponible,disponible,,,2025-10-13T18:54:59.052Z,2025-10-14T19:35:47.741Z,2025-10-16T03:39:10.133Z,2826.64,105.99,"$2,941.47","Fomzup - Arrancador portátil con compresor de aire, amplificador de batería de 2000 amperios (motores diésel de 12 V 6.0 L Gas/3.0) con inflador de neumáticos inalámbrico, banco de energía, luz de",https://www.amazon.com.mx/dp/B0D3HW8W8V,https://www.amazon.com/dp/B0D3HW8W8V,SETSHIPPING,FOMZUP
,B0D9Q189ND,1,Automotriz y Motocicletas,disponible,disponible,,,2025-10-13T18:54:59.053Z,2025-10-14T19:35:55.985Z,2025-10-16T03:39:18.609Z,547.63,8.09,$547.38,Fuyoooo - 10 pegatinas de remolque compatibles con F150 2015-2023 EU5A-19D534-EA,https://www.amazon.com.mx/dp/B0D9Q189ND,https://www.amazon.com/dp/B0D9Q189ND,SRKSB LLC,Liraitoya
,B0DCY82QMZ,1,Automotriz y Motocicletas,disponible,disponible,,,2025-10-13T18:54:59.053Z,2025-10-14T19:36:04.495Z,2025-10-16T03:39:26.253Z,5284.85,159.98,"$5,456.20","Enganche de remolque ajustable – Enganche de remolque para receptores de 2.5 pulgadas, 8 pulgadas, caída/elevación, 2 pulgadas y 2-5/16 pulgadas para camiones, 22 libras GTW, enganches de remolque con",https://www.amazon.com.mx/dp/B0DCY82QMZ,https://www.amazon.com/dp/B0DCY82QMZ,SRKSB LLC,Soki&Koer-US
,B0D4QV47SL,1,Automotriz y Motocicletas,disponible,disponible,,,2025-10-13T18:54:59.053Z,2025-10-14T19:36:12.542Z,2025-10-16T03:39:35.274Z,817.34,19.99,$809.41,"Bote de basura para coche con tapa: cubeta de basura colgante de silicona suave de 1.9 galones para coche, fácil de limpiar, multiusos, impermeables, botes de basura para automóviles",https://www.amazon.com.mx/dp/B0D4QV47SL,https://www.amazon.com/dp/B0D4QV47SL,SRKSB LLC,Garoopion
,B0D8LL71JH,1,Automotriz y Motocicletas,disponible,disponible,,,2025-10-13T18:54:59.053Z,2025-10-14T19:36:19.631Z,2025-10-16T03:39:43.743Z,997.6,29.99,"$1,012.28",Arrancador de coche de 12 V 4000 A batería de coche (9.0 Gas/7.5 L diesel) paquete de batería portátil de carga rápida con visualización LCD cables de puente extendidos luz LED,https://www.amazon.com.mx/dp/B0D8LL71JH,https://www.amazon.com/dp/B0D8LL71JH,CATTLESIV,HRCX-EU
,B0D6B19V4J,1,Automotriz y Motocicletas,disponible,disponible,,,2025-10-13T18:54:59.053Z,2025-10-14T19:36:26.462Z,2025-10-16T03:39:52.162Z,700.18,14.99,$695.31,"JuyVerq - Red de carga para cama de camioneta, red de carga altamente elástica, 4 pies x 4 pies, elástica hasta 8 pies x 8 pies, organizador de malla de carga para camionetas, para cargas diarias de",https://www.amazon.com.mx/dp/B0D6B19V4J,https://www.amazon.com/dp/B0D6B19V4J,SRKSB LLC,Qcheng Direct
,B0D61WYLDW,1,Automotriz y Motocicletas,disponible,disponible,,,2025-10-13T18:54:59.053Z,2025-10-14T19:36:34.620Z,2025-10-16T03:40:00.569Z,501.38,8.99,$497.89,"Manguera de llenado de combustible con tapa, adecuada para filtros de agua",https://www.amazon.com.mx/dp/B0D61WYLDW,https://www.amazon.com/dp/B0D61WYLDW,SRKSB LLC,CHENGMAN168
,B0DHGXZ48N,1,Automotriz y Motocicletas,disponible,disponible,,,2025-10-13T18:54:59.053Z,2025-10-14T19:36:41.091Z,2025-10-16T03:40:08.124Z,1620.88,45.99,"$1,620.88","Arrancador de arranque con compresor de aire, 3000 A, paquete de batería portátil con inflador de neumáticos de 150 PSI, caja de salto de 12 V para cargador de coche con visualización LCD (motor",https://www.amazon.com.mx/dp/B0DHGXZ48N,https://www.amazon.com/dp/B0DHGXZ48N,SRKSB LLC,Langxiang
,B0DHC3PYL4,1,Automotriz y Motocicletas,disponible,disponible,,,2025-10-13T18:54:59.053Z,2025-10-14T19:36:49.208Z,2025-10-16T03:40:17.295Z,2639.16,89.99,"$2,628.58","Arrancador con compresor de aire, puente de batería pico de 4000 A para gas de 9 L, diesel de 8 L, cargador de batería portátil de 12 V con inflador de neumáticos de 150 PSI, caja de salto para",https://www.amazon.com.mx/dp/B0DHC3PYL4,https://www.amazon.com/dp/B0DHC3PYL4,SRKSB LLC,Camel Energy
,B0DDL45B9V,1,Automotriz y Motocicletas,disponible,disponible,,,2025-10-13T18:54:59.053Z,2025-10-14T19:36:57.065Z,2025-10-16T03:40:25.814Z,751.84,14.12,$751.84,LaWana - Adaptador de corriente XGC de 14 V CC 56 W compatible con NOCO GB70 GB150 GB250+ GB251+ GB500 GB500+ Genius Boost Ultra Safe Batería de arranque de litio XGC4 XGC Cargador de fuente de,https://www.amazon.com.mx/dp/B0DDL45B9V,https://www.amazon.com/dp/B0DDL45B9V,SRKSB LLC,nayinhe
,B0CP99LK4N,1,Automotriz y Motocicletas,disponible,disponible,,,2025-10-13T18:54:59.053Z,2025-10-14T19:37:04.922Z,2025-10-16T03:40:33.945Z,1795.85,43.94,"$1,936.65","Morhept - Funda de coche para Ford Mustang 2005-2025, impermeable para todo tipo de clima, cubierta GT para exteriores, a prueba de polvo, cubierta Shelby Coupe con cierre de puerta, color negro",https://www.amazon.com.mx/dp/B0CP99LK4N,https://www.amazon.com/dp/B0CP99LK4N,SRKSB LLC,Morhept brand store
,B0DCB6ZRCX,1,Automotriz y Motocicletas,disponible,disponible,,,2025-10-13T18:54:59.053Z,2025-10-14T19:37:13.701Z,2025-10-16T03:40:51.141Z,541.5,9.99,$550.65,"TILDOSAC - Portatarjetas de piel para registro de coche y seguro de coche, soporte para documentos de coche, licencia con cierre magnético, color negro, negro (Deep Black), 9.45""L*5.12""W, Fasion",https://www.amazon.com.mx/dp/B0DCB6ZRCX,https://www.amazon.com/dp/B0DCB6ZRCX,SRKSB LLC,E-bags
,B0CYSFN7XY,1,Automotriz y Motocicletas,disponible,disponible,,,2025-10-13T18:54:59.053Z,2025-10-14T19:37:22.808Z,2025-10-16T03:41:01.190Z,1018.89,29.99,"$1,018.41","Arrancador de batería de coche, 2500 A, arrancador de batería portátil (para motor diesel de 8.0 L o 6.5 L), caja de salto, paquete de batería de arranque con cables de puente, luz LED, USB QC3.0",https://www.amazon.com.mx/dp/B0CYSFN7XY,https://www.amazon.com/dp/B0CYSFN7XY,SRKSB LLC,Szx direct
,B0CWNDCTJ5,1,Automotriz y Motocicletas,disponible,disponible,,,2025-10-13T18:55:11.590Z,2025-10-14T19:37:30.124Z,2025-10-16T03:41:08.855Z,445.63,13.99,$618.42,"Fixirons - Adaptador de enganche de remolque de 3 vías con tornillo para cortacésped, carrito de golf, patio, tractor, montaje de bola de remolque plano",https://www.amazon.com.mx/dp/B0CWNDCTJ5,https://www.amazon.com/dp/B0CWNDCTJ5,Amazon Estados Unidos,Song tuo
,B0DRRY5YSK,1,Automotriz y Motocicletas,disponible,disponible,,,2025-10-13T18:55:11.590Z,2025-10-14T19:37:37.409Z,2025-10-16T03:41:17.498Z,3237.28,72.99,"$3,237.28","Alfombrillas para Honda Passport 2025 2024 2023 2022 2021 2020 2019, alfombrillas de coche para Honda Passport para todo tipo de clima, accesorios de revestimiento de piso de carga 2019-2025",https://www.amazon.com.mx/dp/B0DRRY5YSK,https://www.amazon.com/dp/B0DRRY5YSK,SRKSB LLC,Haona_
,B0DPDHKNPM,1,Automotriz y Motocicletas,disponible,disponible,,,2025-10-13T18:55:11.590Z,2025-10-14T19:37:44.528Z,2025-10-16T03:41:25.678Z,436.19,6.98,$436.19,"QECQEC - Difusor de perfume para coche con 12 varillas de repuesto inodoras, difusor de aceite esencial para coche, baño, oficina, guardarropa, dormitorios, cumpleaños (negro)",https://www.amazon.com.mx/dp/B0DPDHKNPM,https://www.amazon.com/dp/B0DPDHKNPM,SRKSB LLC,QECQEC-007
,B0CJ7SW5JJ,1,Automotriz y Motocicletas,disponible,disponible,,,2025-10-13T18:55:11.590Z,2025-10-14T19:37:52.408Z,2025-10-16T03:41:32.925Z,2007.75,64,"$1,995.89","Terlyboo - Arrancador de arranque (espera para 365 días) 4000 A 12 V para batería automática de hasta 8 L de gas y 6.5 L diesel con infladores, cables de puente extendidos, caja de puente segura para",https://www.amazon.com.mx/dp/B0CJ7SW5JJ,https://www.amazon.com/dp/B0CJ7SW5JJ,SEONGSAN,terlyboo
,B09XQJKJH5,1,Automotriz y Motocicletas,disponible,disponible,,,2025-10-13T18:55:11.590Z,2025-10-14T19:37:59.587Z,2025-10-16T03:41:41.431Z,642.12,13.99,$643.87,"RETRUE - Bloqueo universal de acoplador, bloqueo de enganche de bola, bloqueo de enganche de remolque, de seguridad ajustable, de acero resistente para acopladores de 1-7/8 pulgadas, 2 pulgadas,",https://www.amazon.com.mx/dp/B09XQJKJH5,https://www.amazon.com/dp/B09XQJKJH5,SRKSB LLC,RETRUE Direct
,B09ZBN5RDJ,1,Automotriz y Motocicletas,disponible,disponible,,,2025-10-13T18:55:11.590Z,2025-10-14T19:38:08.492Z,2025-10-16T03:41:50.338Z,461.74,7.99,$461.74,"Bling High Heel Shoe and Bag Air Vent Clips, 4 Pcs Crystal Elephant Car Air Fresheners Vent Clips Car Diffuser Vent Clip Rhinestone Diamond Car Decoration Car Interior Decor Bling Car Accessories for Women",https://www.amazon.com.mx/dp/B09ZBN5RDJ,https://www.amazon.com/dp/B09ZBN5RDJ,SRKSB LLC,Ms PAN
,B0DGG2Z6RD,1,Automotriz y Motocicletas,disponible,disponible,,,2025-10-13T18:55:11.590Z,2025-10-14T19:38:17.285Z,2025-10-16T03:41:58.753Z,1700.27,52.59,"$1,693.28","Deejecsun - Protector de lluvia para ventana en el canal, apto para camión, Chevy Silverado/GMC Sierra 1500 2019-2025, deflectores de ventana extra duraderos, viseras, accesorios exteriores de coche",https://www.amazon.com.mx/dp/B0DGG2Z6RD,https://www.amazon.com/dp/B0DGG2Z6RD,HNEN,Dongjiesen
,B0DFLVRRL9,1,Automotriz y Motocicletas,disponible,disponible,,,2025-10-13T18:55:11.590Z,2025-10-14T19:38:26.340Z,2025-10-16T03:42:07.262Z,2199,66.48,"$2,232.96","Arrancador de 8000 A con compresor de aire, cargador de batería de coche, caja de salto portátil para coche con inflador de neumáticos de 150 PSI, paquete de potencia, vehículo de 12 V para todos los",https://www.amazon.com.mx/dp/B0DFLVRRL9,https://www.amazon.com/dp/B0DFLVRRL9,SRKSB LLC,HMDZ1
,B0CZC9JMY8,1,Automotriz y Motocicletas,disponible,disponible,,,2025-10-13T18:55:11.591Z,2025-10-14T19:38:33.727Z,2025-10-16T03:42:16.021Z,446.97,6.99,$495.59,"Smart Key Solution - Funda de repuesto para llave remota inteligente, 5 botones para GMC Sierra Chevy Silverado 2019-2024, Negro, Plástico, Camión",https://www.amazon.com.mx/dp/B0CZC9JMY8,https://www.amazon.com/dp/B0CZC9JMY8,SRKSB LLC,SmartKeySolution
,B0F1MQG6BZ,1,Automotriz y Motocicletas,disponible,disponible,,,2025-10-13T18:55:11.591Z,2025-10-14T19:38:41.002Z,2025-10-16T03:42:24.998Z,811.48,19.99,$811.48,visualización para ventana de coche para camión,https://www.amazon.com.mx/dp/B0F1MQG6BZ,https://www.amazon.com/dp/B0F1MQG6BZ,SRKSB LLC,Techspanner Direct
,B0BSQ3HM3B,1,Automotriz y Motocicletas,disponible,disponible,,,2025-10-13T18:55:11.591Z,2025-10-14T19:38:49.641Z,2025-10-16T03:42:33.857Z,907.29,23,$945.83,Saffron AURA Aura Ambientador De Coche Con Capucha Ryan - Flor De Flora Aroma Con Notas Florales Verdes Y Amaderadas - Ambientador De Coche Para Combatir Olores - Clips De Ventilación De Coche Absorb,https://www.amazon.com.mx/dp/B0BSQ3HM3B,https://www.amazon.com/dp/B0BSQ3HM3B,Novayu,LG Household Official
,B075FLKFJC,1,Automotriz y Motocicletas,disponible,disponible,,,2025-10-13T18:55:11.591Z,2025-10-14T19:38:57.914Z,2025-10-16T03:42:42.284Z,846.74,20.99,$847.88,"Iokone - Soporte para monedas de coche con bolsillo lateral para consola de bolsillo de piel, organizador de asiento delantero y automático, soporte para teléfono celular",https://www.amazon.com.mx/dp/B075FLKFJC,https://www.amazon.com/dp/B075FLKFJC,SRKSB LLC,IOKONE
,B0CL4DT6P9,1,Automotriz y Motocicletas,disponible,disponible,,,2025-10-13T18:55:11.591Z,2025-10-14T19:39:06.465Z,2025-10-16T03:42:50.113Z,544.61,9.99,$544.61,"Calcomanía de Vinilo Impermeable para Coche, Calcomanías, Pegatinas para Auto, Bandera de Estados Unidos, Caballo Patriota, para Automóvil, Camión, SUV, Buzón, Decoración de Interiores y Exteriores",https://www.amazon.com.mx/dp/B0CL4DT6P9,https://www.amazon.com/dp/B0CL4DT6P9,SRKSB LLC,TIPSANGGO
,B0BPBCC11P,1,Automotriz y Motocicletas,disponible,disponible,,,2025-10-13T18:55:11.591Z,2025-10-14T19:39:14.381Z,2025-10-16T03:42:57.835Z,393.61,4.99,$393.61,STICKY DUDE Vinilo calcomanía sólido impermeable de 5 pulgadas del estado de Washington USA | Yeti Cup Cooler Box calcomanía parachoques de pared para coche portátil,https://www.amazon.com.mx/dp/B0BPBCC11P,https://www.amazon.com/dp/B0BPBCC11P,SRKSB LLC,STICKY DUDE ✅
,B0C9FNM2SV,1,Automotriz y Motocicletas,disponible,disponible,,,2025-10-13T18:55:11.591Z,2025-10-14T19:39:22.783Z,2025-10-16T03:43:05.603Z,502.23,8.99,$497.89,"No hay comida ni bebidas en este vehículo | 2 pequeños carteles autoadhesivos para no comer ni beber para coche, carteles de vinilo brillante, 1 x 5 pulgadas, resistentes a los rayos UV (pequeño)",https://www.amazon.com.mx/dp/B0C9FNM2SV,https://www.amazon.com/dp/B0C9FNM2SV,Novayu,ENGRAVEN
,B0C73P9ZHB,1,Automotriz y Motocicletas,disponible,disponible,,,2025-10-13T18:55:11.591Z,2025-10-14T19:39:31.143Z,2025-10-16T03:43:13.424Z,521.55,9.99,$516.48,"Rueda de goma para quitar calcomanías para taladro que elimina las rayas del coche, cintas de vinilo y gráficos de goma para el borrador, kit de herramientas para coches, caravanas, motocicletas",https://www.amazon.com.mx/dp/B0C73P9ZHB,https://www.amazon.com/dp/B0C73P9ZHB,SRKSB LLC,futongqiye
,B0CHFD7B9B,1,Automotriz y Motocicletas,disponible,disponible,,,2025-10-13T18:55:26.389Z,2025-10-14T19:39:39.015Z,2025-10-16T03:43:22.238Z,2015.94,53.99,"$2,015.00","Correas de amarre de coche para remolques (4 unidades), ganchos planos, estilo lazo y correas de amarre de 2 x 96 pulgadas, aseguran fácilmente amarres de neumáticos para cualquier coche, SUV, Jeep o coche deportivo",https://www.amazon.com.mx/dp/B0CHFD7B9B,https://www.amazon.com/dp/B0CHFD7B9B,SRKSB LLC,Saber-toothed Tiger
,B09RLV8PJ8,1,Automotriz y Motocicletas,disponible,disponible,,,2025-10-13T18:55:26.389Z,2025-10-14T19:39:46.356Z,2025-10-16T03:43:31.890Z,411.96,4.99,$409.10,"STICKY DUDE - calcomanía calcomanía de margaritas blancas, 5 pulgadas, vinilo de taza Yeti impermeable para coche, portátil, pared, ventana, parachoques",https://www.amazon.com.mx/dp/B09RLV8PJ8,https://www.amazon.com/dp/B09RLV8PJ8,Rimecebuy,STICKY DUDE ✅
,B0DLP1X242,1,Automotriz y Motocicletas,disponible,disponible,,,2025-10-13T18:55:26.389Z,2025-10-14T19:39:54.236Z,2025-10-16T03:43:48.642Z,598.27,12.99,$598.27,"Blusabaca - 2 ganchos para reposacabezas de asiento de coche, soporte para bolso de coche, gancho de metal doble de piel sintética para organizador de coche de asiento trasero, accesorios",https://www.amazon.com.mx/dp/B0DLP1X242,https://www.amazon.com/dp/B0DLP1X242,SRKSB LLC,NGJ Life
,B0D9W5MBTV,1,Automotriz y Motocicletas,disponible,disponible,,,2025-10-13T18:55:26.389Z,2025-10-14T19:40:03.571Z,2025-10-16T03:43:58.111Z,2201.36,71.99,"$2,201.36","RETRUE - Cerraduras de enganche universal para remolque, bloqueo de enganche de bola, bloqueo de enganche de remolque, de seguridad ajustable, de acero resistente, se adapta a acopladores de 1-7/8",https://www.amazon.com.mx/dp/B0D9W5MBTV,https://www.amazon.com/dp/B0D9W5MBTV,SRKSB LLC,RETRUE Direct
,B0D5HZ4DK3,1,Automotriz y Motocicletas,disponible,disponible,,,2025-10-13T18:55:26.389Z,2025-10-14T19:40:11.993Z,2025-10-16T03:44:07.363Z,496.54,12.99,$517.92,"Tyrikuu-Difusor ambientador para coche, ambientador de larga duración para coche, ambientador colgante para coche, ambientadores para mujer, bonito ambientador para coche, paquete de 2 Essenti",https://www.amazon.com.mx/dp/B0D5HZ4DK3,https://www.amazon.com/dp/B0D5HZ4DK3,SRKSB LLC,Tyrikuu Direct
,B0C1M1D1LJ,1,Automotriz y Motocicletas,disponible,disponible,,,2025-10-13T18:55:26.389Z,2025-10-14T19:40:18.831Z,2025-10-16T03:44:15.967Z,689.58,16.99,$689.25,"URIZZD 2 fundas para cinturón de seguridad de coche para adultos y niños, almohadilla de hombro de piel para mujer, accesorios de coche protectores para una conducción más cómoda (03-albaricoque)",https://www.amazon.com.mx/dp/B0C1M1D1LJ,https://www.amazon.com/dp/B0C1M1D1LJ,SRKSB LLC,New Ad
,B0927HWNWT,1,Automotriz y Motocicletas,disponible,disponible,,,2025-10-13T18:55:26.389Z,2025-10-14T19:40:27.522Z,2025-10-16T03:44:24.567Z,563.17,8.56,$563.17,"4 pegatinas adhesivas de 90 x 15 mm, con diseño de bandera italiana, para coche, motocicleta, casco, decoración del hogar",https://www.amazon.com.mx/dp/B0927HWNWT,https://www.amazon.com/dp/B0927HWNWT,SRKSB LLC,PTDecals
,B09KN3HMHV,1,Automotriz y Motocicletas,disponible,disponible,,,2025-10-13T18:55:26.389Z,2025-10-14T19:40:34.544Z,2025-10-16T03:44:32.212Z,3825.74,119.99,"$3,892.65","Castlerock - Alfombrillas de lujo para Honda Accord 2014-2017, forro de cuero para coche, resistente al agua (1ª y 2ª fila)",https://www.amazon.com.mx/dp/B09KN3HMHV,https://www.amazon.com/dp/B09KN3HMHV,WAITOMO LLC,CastleRock Auto
,B09NMN9GL1,1,Automotriz y Motocicletas,disponible,disponible,,,2025-10-13T18:55:26.390Z,2025-10-14T20:23:06.743Z,2025-10-16T03:44:41.268Z,526.31,7.99,$500.23,"YAVIV - Soporte de registro y seguro de coche, organizador de coche, organizador de coche, comparador de camiones para tarjetas, documento esencial y licencia de conducir",https://www.amazon.com.mx/dp/B09NMN9GL1,https://www.amazon.com/dp/B09NMN9GL1,SRKSB LLC,Yaviv-US
,B09BC896BP,1,Automotriz y Motocicletas,disponible,disponible,,,2025-10-13T18:55:26.390Z,2025-10-14T20:23:14.803Z,2025-10-16T03:44:49.601Z,785.74,19.99,$780.26,"Gorla Gear - Organizador lateral para asiento de coche, color negro, bolsa de almacenamiento para colgar accesorios para automóviles, bolsillo de red multifuncional de malla para mascarillas, desinfectante, bebidas, cambio de monedas, bolígrafo, gafas de sol, soporte para teléfono, camión, SUV, furgoneta",https://www.amazon.com.mx/dp/B09BC896BP,https://www.amazon.com/dp/B09BC896BP,SRKSB LLC,"Dabs Enterprises, LLC"
,B08DKHF7C8,1,Automotriz y Motocicletas,disponible,disponible,,,2025-10-13T18:55:26.390Z,2025-10-14T20:23:21.413Z,2025-10-16T03:44:58.723Z,1130.81,31.95,"$1,130.81","VIOIS, Ambientador de aromaterapia para coche con rosas y lavanda (tipo gel). Ambientador natural hecho a mano para coche, dormitorio, baño y oficina. Sin productos químicos y no tóxico. Ball Mason - Tarro de 8 onzas (2 unidades)",https://www.amazon.com.mx/dp/B08DKHF7C8,https://www.amazon.com/dp/B08DKHF7C8,SRKSB LLC,ROSARIA
,B0B51W3FBD,1,Automotriz y Motocicletas,disponible,disponible,,,2025-10-13T18:55:26.390Z,2025-10-14T20:23:27.959Z,2025-10-16T03:45:08.318Z,849.75,32.98,"$1,134.47","SEAAES - Raspador de hielo y cepillo para polvo de nieve de 55 pulgadas con escobilla de goma, extracción extensible de hielo con agarre de espuma para parabrisas SUV, camión, vehículo y ventana",https://www.amazon.com.mx/dp/B0B51W3FBD,https://www.amazon.com/dp/B0B51W3FBD,Amazon Estados Unidos,HFXINTAI
,B09BB4V1Y8,1,Automotriz y Motocicletas,disponible,disponible,,,2025-10-13T18:55:26.390Z,2025-10-14T20:23:35.860Z,2025-10-16T03:45:15.811Z,553.06,9.98,$553.06,"DRIVEJOY Ambientador para coche, 8 unidades, 6 océanos, 2 nuevos coches, hasta 240 días, eliminador de olores naturales",https://www.amazon.com.mx/dp/B09BB4V1Y8,https://www.amazon.com/dp/B09BB4V1Y8,SRKSB LLC,Ocean Star Inc
,B08T1XKPQF,1,Automotriz y Motocicletas,disponible,disponible,,,2025-10-13T18:55:26.390Z,2025-10-14T20:23:44.758Z,2025-10-16T03:45:24.260Z,614.92,13.99,$614.63,"SEANATIVE - Funda de neopreno para volante de coche, diseño de bandera americana con estampado de ciervo de camuflaje de 35,5 cm a 35,8 cm (35,5 cm)",https://www.amazon.com.mx/dp/B08T1XKPQF,https://www.amazon.com/dp/B08T1XKPQF,SRKSB LLC,ELEQIN
,B08P2L9WHW,1,Automotriz y Motocicletas,disponible,disponible,,,2025-10-13T18:55:26.390Z,2025-10-14T20:23:53.349Z,2025-10-16T03:45:32.472Z,507.07,17.99,$716.83,"Safoner Cubierta para Ventana de Puerta RV, Tela Opaca para Privacidad de Campista (16 x 25 Pulgadas)",https://www.amazon.com.mx/dp/B08P2L9WHW,https://www.amazon.com/dp/B08P2L9WHW,Amazon Estados Unidos,Safoner
,B07TZGF7BH,1,Automotriz y Motocicletas,disponible,disponible,,,2025-10-13T18:55:26.390Z,2025-10-14T20:24:00.571Z,2025-10-16T03:45:41.921Z,1040.26,29.99,"$1,040.26","Ikeda Ambientador para Coche, 12 latas de Olor Diferentes, difusor de aromaterapia Natural sólido, purificador de Aire, (Small Can,1.5 oz x 12 Count)",https://www.amazon.com.mx/dp/B07TZGF7BH,https://www.amazon.com/dp/B07TZGF7BH,SRKSB LLC,foshan ikeda
,B0D9NB7FP2,1,Automotriz y Motocicletas,disponible,disponible,,,2025-10-13T18:55:38.119Z,2025-10-14T20:24:09.167Z,2025-10-16T03:45:51.099Z,1285.6,30.99,"$1,285.60",NHOWIN - Arrancador,https://www.amazon.com.mx/dp/B0D9NB7FP2,https://www.amazon.com/dp/B0D9NB7FP2,SRKSB LLC,NHOWIN
,B07KP7482V,1,Automotriz y Motocicletas,disponible,disponible,,,2025-10-13T18:55:38.119Z,2025-10-14T20:24:16.020Z,2025-10-16T03:46:00.466Z,1400.31,42.49,"$1,401.70","SEAZEN - Funda de Coche para SUV, Impermeable para Todo Tipo de Clima, Fundas de Coche para Exteriores para automóviles con Puerta de Cierre, protección contra Rayos UV, Nieve, Viento, Cubierta",https://www.amazon.com.mx/dp/B07KP7482V,https://www.amazon.com/dp/B07KP7482V,SRKSB LLC,XiCheng Car Products
,B08DFLVG3M,1,Automotriz y Motocicletas,disponible,disponible,,,2025-10-13T18:55:38.119Z,2025-10-14T20:24:24.545Z,2025-10-16T03:46:08.432Z,2045.98,59.99,"$2,045.98",KAKIT Fundas resistentes de 6 capas para Jeep 2007-2020 de 4 puertas impermeables y suaves en el interior con correa resistente al viento y cierre para puerta del conductor,https://www.amazon.com.mx/dp/B08DFLVG3M,https://www.amazon.com/dp/B08DFLVG3M,SRKSB LLC,KAKIT
,B0DCCC61C1,1,Automotriz y Motocicletas,disponible,disponible,,,2025-10-13T18:55:38.119Z,2025-10-14T20:24:33.167Z,2025-10-16T03:46:17.575Z,367.05,3.8,$364.49,Kamala Harris Tim Walz 2024 - Pegatina para parachoques de las elecciones presidenciales de los Estados Unidos para el automóvil con diseño de demócrata para el presidente presidencial de Estados,https://www.amazon.com.mx/dp/B0DCCC61C1,https://www.amazon.com/dp/B0DCCC61C1,SRKSB LLC,Lincoln Inc
,B0D9J7PPKV,1,Automotriz y Motocicletas,disponible,disponible,,,2025-10-13T18:55:38.119Z,2025-10-14T20:24:40.906Z,2025-10-16T03:46:24.564Z,397.94,4.99,$395.23,"Paquete de 10 pegatinas de vinilo reflectante Trump Vance 2024 para laptop, calcomanías impermeables para parachoques de coche",https://www.amazon.com.mx/dp/B0D9J7PPKV,https://www.amazon.com/dp/B0D9J7PPKV,SRKSB LLC,US Focus Sign
,B0D6YFCL53,1,Automotriz y Motocicletas,disponible,disponible,,,2025-10-13T18:55:38.119Z,2025-10-14T20:24:48.275Z,2025-10-16T03:46:32.692Z,630.57,13.99,$626.18,"DaisyInner - Ambientador de coche de ganchillo de 12 ml, botella difusora vacía recargable con bonitas plantas en maceta, planta colgante de ganchillo, accesorios para colgar espejo de coche, difusor",https://www.amazon.com.mx/dp/B0D6YFCL53,https://www.amazon.com/dp/B0D6YFCL53,SRKSB LLC,Madsyyy
,B07C98BWY7,1,Automotriz y Motocicletas,disponible,disponible,,,2025-10-13T18:55:38.119Z,2025-10-14T20:24:56.361Z,2025-10-16T03:46:48.230Z,4030.56,129.99,"$4,024.82","Fit4Less Inversor de onda sinusoidal pura de 2000 W de 12 V a 120 V CA con 2 salidas de CA (enchufes aprobados por IP54 ETL), salida USB DC5V de 2 amperios, kit remoto de cable LCD y cables de batería",https://www.amazon.com.mx/dp/B07C98BWY7,https://www.amazon.com/dp/B07C98BWY7,HAZAN,Charlestan77
,B0D3BM9LLP,1,Automotriz y Motocicletas,disponible,disponible,,,2025-10-13T18:55:38.119Z,2025-10-14T20:25:03.371Z,2025-10-16T03:46:57.544Z,624.39,12.99,$624.39,"BFXM - Bote de basura para coche con tapa, cubeta de basura para mujer, bonitos accesorios interiores para portavasos de asiento, organización imprescindible para el coche con bolsa de basura",https://www.amazon.com.mx/dp/B0D3BM9LLP,https://www.amazon.com/dp/B0D3BM9LLP,SRKSB LLC,BFXM PARTS
,B09718Q78M,1,Automotriz y Motocicletas,disponible,disponible,,,2025-10-13T18:55:38.120Z,2025-10-14T20:25:11.575Z,2025-10-16T03:47:06.264Z,487.1,7.99,$487.10,"Tildosac - Soporte para tarjetas de registro y seguro de coche, de piel sintética de alta calidad, para guantera de vehículo, organizador de documentos para licencia de conducir, tarjetas de información clave con cierre magnético",https://www.amazon.com.mx/dp/B09718Q78M,https://www.amazon.com/dp/B09718Q78M,SRKSB LLC,E-bags
,B09GVPJ2JG,1,Automotriz y Motocicletas,disponible,disponible,,,2025-10-13T18:55:38.120Z,2025-10-14T20:25:20.283Z,2025-10-16T03:47:13.951Z,320,6.29,$429.07,"Soporte para registro de coche y seguro, de cuero de alta calidad, organizador de coche, funda de accesorios con cierre magnético para tarjetas, documentos esenciales, documentos de licencia de conducir (Negro)",https://www.amazon.com.mx/dp/B09GVPJ2JG,https://www.amazon.com/dp/B09GVPJ2JG,xinxiangxianyiyezhoushangmaoyouxiangongsi,LumiMokki
,B01AKFG49A,1,Automotriz y Motocicletas,disponible,disponible,,,2025-10-13T18:55:38.120Z,2025-10-14T20:25:28.912Z,2025-10-16T03:47:23.692Z,537.02,9.99,$530.20,"Mr.Zog's Sex Wax - Ambientador, 3 unidades (elección de aroma), Pineapple",https://www.amazon.com.mx/dp/B01AKFG49A,https://www.amazon.com/dp/B01AKFG49A,SRKSB LLC,Primo X Hockey
,B0BB9MYJZL,1,Automotriz y Motocicletas,disponible,disponible,,,2025-10-13T18:55:38.120Z,2025-10-14T20:25:36.018Z,2025-10-16T03:47:33.195Z,299,8.99,$478.27,"Xinjincang Bling Skull & Cross Air Vent Clips, 4 Piezas Crystal Skull Car Ambientadores Clips De Ventilación Difusor De Coche Clip De Ventilación Diamante De Imitación Decoración De Coche Linda Decor",https://www.amazon.com.mx/dp/B0BB9MYJZL,https://www.amazon.com/dp/B0BB9MYJZL,BYMLMJ Store,Ms PAN
,B0CRF65SLB,1,Automotriz y Motocicletas,disponible,disponible,,,2025-10-13T18:55:38.120Z,2025-10-14T20:25:43.071Z,2025-10-16T03:47:41.195Z,2059.39,69.99,"$2,074.66","NeaLia Wireless Trailer Lights for Towing, Magnetic LED Trailer Light for Truck RV, Rechargeable Tail Tow Lights Kit for Camper Boat Caravan Turn Signal Brake Reverse Stop, IP67 Waterproof",https://www.amazon.com.mx/dp/B0CRF65SLB,https://www.amazon.com/dp/B0CRF65SLB,SRKSB LLC,NeaLia
,B0B2JZM4YS,1,Automotriz y Motocicletas,disponible,disponible,,,2025-10-13T18:55:38.120Z,2025-10-14T20:25:51.578Z,2025-10-16T03:47:50.254Z,397.93,4.99,$395.23,"6 clips de ventilación con diseño de girasol, lindas margaritas para coche, difusor, clip de ventilación para coche, decoración de interior de coche, encanto, accesorios de coche para mujer (rosa y blanco)",https://www.amazon.com.mx/dp/B0B2JZM4YS,https://www.amazon.com/dp/B0B2JZM4YS,SRKSB LLC,Ms PAN
,B094VWJQ15,1,Automotriz y Motocicletas,disponible,disponible,,,2025-10-13T18:55:38.120Z,2025-10-14T20:25:58.319Z,2025-10-16T03:47:58.132Z,398,9.99,$502.76,"Adaptador auxiliar Bluetooth, adaptador inalámbrico de coche, mini receptor auxiliar portátil de 3,5 mm para coche, auriculares, sistema de música estéreo en el hogar (negro)",https://www.amazon.com.mx/dp/B094VWJQ15,https://www.amazon.com/dp/B094VWJQ15,Moon7-XJ,YANGLS
,B0C7QD2WLR,1,Automotriz y Motocicletas,disponible,disponible,,,2025-10-13T18:55:38.120Z,2025-10-14T20:26:06.737Z,2025-10-16T03:48:07.153Z,763.94,18.98,$827.59,"HEEYA Rascador de hielo y cepillo para polvo para coche, cepillo para polvo de nieve extensible y rascador de hielo para ventana de parabrisas de coche, rascador de nieve y cepillo para polvo con agarre de espuma para SUV, camión, automóvil, vehículo, 1 pieza",https://www.amazon.com.mx/dp/B0C7QD2WLR,https://www.amazon.com/dp/B0C7QD2WLR,SRKSB LLC,HEEYA-US
,B09MG3336B,1,Automotriz y Motocicletas,disponible,disponible,,,2025-10-13T18:55:52.875Z,2025-10-14T20:26:14.622Z,2025-10-16T03:48:16.245Z,442.72,4.99,$442.72,"Calcomanía de bandera estadounidense para perro de 5 pulgadas o coche, laptop, motocicleta o cualquier superficie lisa",https://www.amazon.com.mx/dp/B09MG3336B,https://www.amazon.com/dp/B09MG3336B,SRKSB LLC,STICKY DUDE ✅
,B0CR6BV91Z,1,Automotriz y Motocicletas,disponible,disponible,,,2025-10-13T18:55:52.875Z,2025-10-14T20:26:22.371Z,2025-10-16T03:48:24.477Z,3274.82,108.99,"$3,928.56","Autoholic - Soporte de neumático de repuesto para semircamión, soporte de neumático de repuesto V2.0 Base de refuerzo",https://www.amazon.com.mx/dp/B0CR6BV91Z,https://www.amazon.com/dp/B0CR6BV91Z,Amazon Estados Unidos,LABFORMARS
,B0B2K5VP76,1,Automotriz y Motocicletas,disponible,disponible,,,2025-10-13T18:55:52.875Z,2025-10-14T20:26:29.019Z,2025-10-16T03:48:32.641Z,399,9.99,$502.76,"Clips de ventilación con diseño de abeja, diseño de margarita de abeja, ambientadores de coche, difusor de ventilación, clip de ventilación con diamantes de imitación, decoración interior de automóvil, accesorios brillantes para mujeres (abeja y margarita)",https://www.amazon.com.mx/dp/B0B2K5VP76,https://www.amazon.com/dp/B0B2K5VP76,RSH88688,Ms PAN
,B0BVM75QKB,1,Automotriz y Motocicletas,disponible,disponible,,,2025-10-13T18:55:52.876Z,2025-10-14T20:26:37.524Z,2025-10-16T03:48:40.495Z,1763.41,39.21,"$1,763.41","HAFIDI Revestimiento de carga para todo tipo de clima para Hyundai Kona 2018-2023/Kona Electric 2019-2023, ajuste personalizado, accesorios para maletero de automóvil, color negro",https://www.amazon.com.mx/dp/B0BVM75QKB,https://www.amazon.com/dp/B0BVM75QKB,SRKSB LLC,Dianyue
,B0B7NKQTJV,1,Automotriz y Motocicletas,disponible,disponible,,,2025-10-13T18:55:52.876Z,2025-10-14T20:26:44.696Z,2025-10-16T03:48:48.852Z,931.41,20.98,$931.41,Llavero de coche de entrada sin llave compatible con Chevy Silverado/Tahoe/Avalanche 2003 2004 2005 2006 GMC Sierra/Yukon 2 paquetes de repuesto para LHJ011,https://www.amazon.com.mx/dp/B0B7NKQTJV,https://www.amazon.com/dp/B0B7NKQTJV,SRKSB LLC,Wishboxs
,B0B5CBKC17,1,Automotriz y Motocicletas,disponible,disponible,,,2025-10-13T18:55:52.876Z,2025-10-14T20:26:51.973Z,2025-10-16T03:48:57.962Z,883.04,22.99,$912.91,"auccutro cepillo para polvo de nieve rascador de hielo de 44 pulgadas para parabrisas de coche, herramienta de eliminación de nieve extensible con agarre de espuma cómodo y mango de aluminio resistente para coche, camión, SUV",https://www.amazon.com.mx/dp/B0B5CBKC17,https://www.amazon.com/dp/B0B5CBKC17,SRKSB LLC,Auccutro-US
,B0DHGG5WFH,1,Automotriz y Motocicletas,disponible,disponible,,,2025-10-13T18:55:52.876Z,2025-10-14T20:26:58.713Z,2025-10-16T03:49:06.352Z,4708.18,199.99,"$5,348.93","MOSTOOL M8 6000A Arrancador de coche insignia de 12 V, batería profesional con visualización LCD inteligente, abrazaderas de seguridad resistentes, banco de energía de 24000 mAh, LED de 400 lúmenes",https://www.amazon.com.mx/dp/B0DHGG5WFH,https://www.amazon.com/dp/B0DHGG5WFH,Living Storers,MOSTOOL Direct
,B09SPDRPF7,1,Automotriz y Motocicletas,disponible,disponible,,,2025-10-13T18:55:52.876Z,2025-10-14T20:27:06.624Z,2025-10-16T03:49:15.021Z,323.7,7.45,$426.51,"Calcomanía de vinilo para parachoques con texto en inglés «Do You Follow Jesus This Clos», para coches, furgonetas, camiones, portátiles, 7.5 x 3.25 pulgadas, color blanco",https://www.amazon.com.mx/dp/B09SPDRPF7,https://www.amazon.com/dp/B09SPDRPF7,Amazon Estados Unidos,FnKBiz
,B07TS6PJTB,1,Automotriz y Motocicletas,disponible,disponible,,,2025-10-13T18:55:52.876Z,2025-10-14T20:27:15.422Z,2025-10-16T03:49:24.537Z,1985.86,59.99,"$2,014.76","KAKIT Fundas de 6 capas compatibles con Jeep 2 puertas 1987-2020, ajuste al cliente, impermeable, todo algodón en el interior, con correa resistente al viento y cremallera para puerta del conductor",https://www.amazon.com.mx/dp/B07TS6PJTB,https://www.amazon.com/dp/B07TS6PJTB,SRKSB LLC,KAKIT
,B07K7BNZHX,1,Automotriz y Motocicletas,disponible,disponible,,,2025-10-13T18:55:52.876Z,2025-10-14T20:27:23.788Z,2025-10-16T03:49:32.214Z,4806.15,175,"$4,967.66","KRXNY - Convertidor de corriente de onda sinusoidal pura de 2000 W de 12 V CC a 120 V CA, 60 Hz, convertidor para uso doméstico en coche con visualización LCD, puerto USB",https://www.amazon.com.mx/dp/B07K7BNZHX,https://www.amazon.com/dp/B07K7BNZHX,SRKSB LLC,Karry_power
,B00YV5FF32,1,Automotriz y Motocicletas,disponible,disponible,,,2025-10-13T18:55:52.876Z,2025-10-14T20:27:31.471Z,2025-10-16T03:49:48.122Z,398.33,4.65,$398.14,"ESSENTIAL - Portavasos para documentos de automóvil, color negro, paquete de 2 unidades, paquete de 2 unidades, para automóvil, motocicleta, camión, remolque de vinilo y almacenamiento de visera,",https://www.amazon.com.mx/dp/B00YV5FF32,https://www.amazon.com/dp/B00YV5FF32,SRKSB LLC,Online Shopping.
,B07GGTRF77,1,Automotriz y Motocicletas,disponible,disponible,,,2025-10-13T18:55:52.876Z,2025-10-14T20:27:38.682Z,2025-10-16T03:49:58.172Z,590.19,11.99,$586.08,"Chanvi Cubiertas de Hielo para Parabrisas de Nieve, tamaño Extragrande, 97 x 63 Pulgadas, protección Solar Impermeable para Todos los Coches, Camiones, SUV, MPV",https://www.amazon.com.mx/dp/B07GGTRF77,https://www.amazon.com/dp/B07GGTRF77,SRKSB LLC,Remelos
,B07518PB7L,1,Automotriz y Motocicletas,disponible,disponible,,,2025-10-13T18:55:52.876Z,2025-10-14T20:27:45.661Z,2025-10-16T03:50:07.146Z,1796.35,49.79,"$1,876.47","HORSE KINGDOM Fundas universales para asientos de coche, de cuero sintético, para asiento completo, 11 unidades, compatibles con bolsa de aire, transpirables, black with mint",https://www.amazon.com.mx/dp/B07518PB7L,https://www.amazon.com/dp/B07518PB7L,SRKSB LLC,SMART TRADE LTD
,B0053CS4I0,1,Automotriz y Motocicletas,disponible,disponible,,,2025-10-13T18:56:04.369Z,2025-10-14T20:27:53.614Z,2025-10-16T03:50:16.707Z,668.46,16.99,$675.09,Forever Car Products - Gel negro para coche,https://www.amazon.com.mx/dp/B0053CS4I0,https://www.amazon.com/dp/B0053CS4I0,DOFER,Kaizen8
,B0CFLDP1NB,1,Automotriz y Motocicletas,disponible,disponible,,,2025-10-13T18:56:04.369Z,2025-10-14T20:28:02.969Z,2025-10-16T03:50:24.316Z,751.58,18.69,$751.58,"Deedlite Paño de secado rápido XXL, paño de microfibra para ducha, coche, hogar, camping (40 x 60 cm, Negro)",https://www.amazon.com.mx/dp/B0CFLDP1NB,https://www.amazon.com/dp/B0CFLDP1NB,SRKSB LLC,Deedlite US
,B08J1CYWF2,1,Automotriz y Motocicletas,disponible,disponible,,,2025-10-13T18:56:04.369Z,2025-10-14T20:28:11.804Z,2025-10-16T03:50:34.192Z,1093.33,31.99,"$1,092.82",Koch-Chemie Espuma suave para la nieve; pH neutro pre-limpiado; funciona con cañones de espuma y pulverizadores; champú de lavado manual; seguro en cera existente y superficies selladas; fragancia única de cereza (1 litro),https://www.amazon.com.mx/dp/B08J1CYWF2,https://www.amazon.com/dp/B08J1CYWF2,SRKSB LLC,The Rag Company
,B0D8YHD7WW,1,Automotriz y Motocicletas,disponible,disponible,,,2025-10-13T18:56:04.369Z,2025-10-14T20:28:20.945Z,2025-10-16T03:50:43.081Z,469.3,9.99,$529.81,"Bellisinno - Pegamento para reparación de neumáticos, kit de cemento de goma para pared lateral, dos tamaños, adecuado para bicicleta, coche, motocicleta, todoterreno, camión, tractor, negro, 10 ml x",https://www.amazon.com.mx/dp/B0D8YHD7WW,https://www.amazon.com/dp/B0D8YHD7WW,Amazon Estados Unidos,Alwlucky
,B0D6NLBFQV,1,Automotriz y Motocicletas,disponible,disponible,,,2025-10-13T18:56:04.370Z,2025-10-14T20:28:29.551Z,2025-10-16T03:50:51.564Z,733.24,19.99,$748.78,"SHADAIWUYU 240g Reparación Piel,Negro Kit Reparación Cuero para la Reparación de Piel,Reparación de Piel,Reparación de Asientos de Coche,Repara Cuero Sofá,Renueva Cuero Chaqueta,Zapatos,Sillín",https://www.amazon.com.mx/dp/B0D6NLBFQV,https://www.amazon.com/dp/B0D6NLBFQV,Rimecebuy,"Dongguan Shi ZhongYe Electronic Technology Co.,Ltd"
,B0C9JXPGJT,1,Automotriz y Motocicletas,disponible,disponible,,,2025-10-13T18:56:04.370Z,2025-10-14T20:28:38.049Z,2025-10-16T03:50:59.612Z,754.02,19.99,$748.78,"Kit de reparación de cuero negro – Bálsamo de recoloración y tinte para restaurar y renovar fundas de cuero y vinilo rayadas, decoloradas y envejecidas, botas, asientos de coche o muebles",https://www.amazon.com.mx/dp/B0C9JXPGJT,https://www.amazon.com/dp/B0C9JXPGJT,SRKSB LLC,KIEPOL
,B0DS28H6HY,1,Automotriz y Motocicletas,disponible,disponible,,,2025-10-13T18:56:04.370Z,2025-10-14T20:28:47.120Z,2025-10-16T03:51:07.669Z,514,9.99,$509.09,"EPASUN - Bloqueador de rosca azul y rojo, 50 ml x 2 pulgadas, bloqueo de resistencia media y fuerte, para tuercas, pernos, sujetadores y metales para evitar que se afloje y se corroa",https://www.amazon.com.mx/dp/B0DS28H6HY,https://www.amazon.com/dp/B0DS28H6HY,SRKSB LLC,EPASUN
,B083LLCZ58,1,Automotriz y Motocicletas,disponible,disponible,,,2025-10-13T18:56:04.370Z,2025-10-14T20:28:54.352Z,2025-10-16T03:51:16.675Z,709.15,19.96,$748.08,"Bálsamo de piel café oscuro, kit de reparación de piel para muebles, removedor de arañazos de piel, restaurador de color de piel para sofá, asientos de coche, zapatos, reparación de tinte de piel para",https://www.amazon.com.mx/dp/B083LLCZ58,https://www.amazon.com/dp/B083LLCZ58,SRKSB LLC,Drclean Direct
,B0CZ4H2ZDP,1,Automotriz y Motocicletas,disponible,disponible,,,2025-10-13T18:56:04.370Z,2025-10-14T20:29:03.217Z,2025-10-16T03:51:24.911Z,446,6.99,$441.66,"ThreadLocker Blue 243 1.69 Fl oz/50 ml, bloqueo de rosca de resistencia media para tuercas, pernos, sujetadores y metales, pegamento de metal de curado anaeróbico para evitar el aflojamiento y la",https://www.amazon.com.mx/dp/B0CZ4H2ZDP,https://www.amazon.com/dp/B0CZ4H2ZDP,SRKSB LLC,Muxin - US
,B0BYHYHBZZ,1,Automotriz y Motocicletas,disponible,disponible,,,2025-10-13T18:56:04.370Z,2025-10-14T20:29:11.541Z,2025-10-16T03:51:33.042Z,537.11,10.36,$525.69,"MVEQRRN - Juego de 3 brochas para detallado de coche, 1 brocha de cerdas de jabalí, 1 brocha ultrasuave para rejilla de aire, asiento de piel, 1 brocha de detallado para interiores y exteriores",https://www.amazon.com.mx/dp/B0BYHYHBZZ,https://www.amazon.com/dp/B0BYHYHBZZ,Novayu,MVEQRRN
,B0CJ2QV7N3,1,Automotriz y Motocicletas,disponible,disponible,,,2025-10-13T18:56:04.370Z,2025-10-14T20:29:20.525Z,2025-10-16T03:51:42.698Z,1397.58,38.99,"$1,387.86","HMRCYTE - Organizador para botellas en aerosol, paquete de 2 soportes para almacenamiento de botellas en aerosol para montaje en pared, organizador de botellas de cochera con kits de cepillo para polvo de limpieza de coche, soporte para latas de aerosol para coche, herramientas de limpieza automática",https://www.amazon.com.mx/dp/B0CJ2QV7N3,https://www.amazon.com/dp/B0CJ2QV7N3,SRKSB LLC,huimanrong
,B0DF97TJWC,1,Automotriz y Motocicletas,disponible,disponible,,,2025-10-13T18:56:04.370Z,2025-10-14T20:29:29.069Z,2025-10-16T03:51:51.198Z,459.39,6.95,$456.20,"Slime Buddies - Masilla de gel de limpieza de coche, herramienta de detalle interior perfumada de fresa para portavasos, rejillas de ventilación y teclado, accesorios reutilizables para detalles",https://www.amazon.com.mx/dp/B0DF97TJWC,https://www.amazon.com/dp/B0DF97TJWC,SRKSB LLC,FurnitureClinic
,B0DL5ZX34T,1,Automotriz y Motocicletas,disponible,disponible,,,2025-10-13T18:56:04.370Z,2025-10-14T20:29:38.239Z,2025-10-16T03:51:59.993Z,956.01,21.99,$954.18,"UNIMADE - Toallas de cocina, 100 hojas, paño de limpieza de microfibra de grado comercial, sin pelusas, para tiendas a granel, para coches, mecánico, restaurante, cochera, limpieza, 11 x 9 pulgadas",https://www.amazon.com.mx/dp/B0DL5ZX34T,https://www.amazon.com/dp/B0DL5ZX34T,Uğurlu STORE,Unimade Global
,B01FV58VR2,1,Automotriz y Motocicletas,disponible,disponible,,,2025-10-13T18:56:04.370Z,2025-10-15T16:02:27.327Z,2025-10-16T03:52:09.738Z,1338.55,44.95,"$1,404.51","Chamberlain's Leather Milk Kit de limpieza y acondicionador de muebles de piel con leche (2 botellas) – limpiador recto Nº 2 + tratamiento de muebles Nº 5 – todo natural, no tóxico, fabricado en Estados Unidos con 2 almohadillas para orejas de restauración",https://www.amazon.com.mx/dp/B01FV58VR2,https://www.amazon.com/dp/B01FV58VR2,GUTTIDIRECT,NRSWorld
,B0DPM5NWRL,1,Automotriz y Motocicletas,disponible,disponible,,,2025-10-13T18:56:04.371Z,2025-10-15T16:02:38.903Z,2025-10-16T03:52:17.919Z,518.62,9.99,$516.48,"Bloqueo de rosca azul y rojo, bloqueador de rosca hermético, de resistencia media y alta, casillero de rosca para tuercas, pernos, sujetadores y metales, contra pérdidas y fugas (50 mlx2)",https://www.amazon.com.mx/dp/B0DPM5NWRL,https://www.amazon.com/dp/B0DPM5NWRL,SRKSB LLC,Hannaera
,B0CXJGJ9TB,1,Automotriz y Motocicletas,disponible,no disponible,,,2025-10-13T18:56:04.371Z,2025-10-15T16:02:46.456Z,2025-10-16T03:52:27.701Z,415,,$413.62,"ANTSHINY - cepillo para polvo de limpieza de cerdas suaves, cepillo para polvo de limpieza de polvo para salpicadero de automóvil, rejillas de ventilación de aire acondicionado, piel, computadora, sin",https://www.amazon.com.mx/dp/B0CXJGJ9TB,https://www.amazon.com/dp/B0CXJGJ9TB,Holaproducto,
,B0B4X7D1ZC,1,Automotriz y Motocicletas,disponible,disponible,,,2025-10-13T18:56:21.131Z,2025-10-15T16:02:52.558Z,2025-10-16T03:52:35.778Z,1494.11,39.99,"$1,462.49","Swift Auto Care Champú Para Lavado De Autos Swift Touchless (1 Galón) - No Requiere Cepillado, Jabón Para Autos De Alta Espuma, Resistente, Sin Rasguños Ni Rayas, Seguro Para Exteriores, Detergente A",https://www.amazon.com.mx/dp/B0B4X7D1ZC,https://www.amazon.com/dp/B0B4X7D1ZC,Binglu,Swift Auto Care Inc.
,B0002P4KM2,1,Automotriz y Motocicletas,disponible,disponible,,,2025-10-13T18:56:21.131Z,2025-10-15T16:03:01.782Z,2025-10-16T03:52:51.818Z,729.36,18.99,$751.23,"RUST BULLET Automotive - Gris metálico, 4 onzas, inhibidor de óxido y revestimiento protector para automóviles, camiones y superficies de metal, resistente a los rayos UV, no necesita capa superior",https://www.amazon.com.mx/dp/B0002P4KM2,https://www.amazon.com/dp/B0002P4KM2,SRKSB LLC,
,B0DK1ZVJ9D,1,Automotriz y Motocicletas,disponible,disponible,,,2025-10-13T18:56:21.131Z,2025-10-15T16:03:10.355Z,2025-10-16T03:53:00.646Z,610,9.99,$609.18,"Pushaccas - Toalla de arcilla para detalles automáticos, 12 pulgadas, descontaminación de arcilla sintética, depuradora de arcilla para detalles de automóviles, pulido y sellador sin arañazos",https://www.amazon.com.mx/dp/B0DK1ZVJ9D,https://www.amazon.com/dp/B0DK1ZVJ9D,SRKSB LLC,Pushaccas
,B0DC693675,1,Automotriz y Motocicletas,disponible,disponible,,,2025-10-13T18:56:21.131Z,2025-10-15T16:03:17.406Z,2025-10-16T03:53:08.325Z,485.55,6.07,$484.17,"KHGUZ - 50 tabletas líquidas para limpiaparabrisas de coche, líquido concentrado para limpiaparabrisas de vehículo, accesorios sólidos para limpiaparabrisas, universal para SUV, sedán, camión",https://www.amazon.com.mx/dp/B0DC693675,https://www.amazon.com/dp/B0DC693675,MaYourStore,GTzhongyimaoyi
,B0DC5VRYSP,1,Automotriz y Motocicletas,disponible,disponible,,,2025-10-13T18:56:21.131Z,2025-10-15T16:03:25.603Z,2025-10-16T03:53:17.166Z,622.51,12.99,$622.22,"cepillo para polvo de limpieza de película de aceite automotriz, revestimiento de vidrio para parabrisas, removedor de película de aceite de vidrio para coche, todo en uno, removedor de película de",https://www.amazon.com.mx/dp/B0DC5VRYSP,https://www.amazon.com/dp/B0DC5VRYSP,SRKSB LLC,Dasdear
,B0D9BZSJXP,1,Automotriz y Motocicletas,disponible,disponible,,,2025-10-13T18:56:21.131Z,2025-10-15T16:03:32.398Z,2025-10-16T03:53:26.047Z,459.66,6.99,$457.57,"Kliveco - Juego de 4 barras de arcilla para autos, 400 g, para detalles de automóviles, limpieza sin daños para autos, detalles de arcilla",https://www.amazon.com.mx/dp/B0D9BZSJXP,https://www.amazon.com/dp/B0D9BZSJXP,SRKSB LLC,US-DKS
,B0D7TMX49N,1,Automotriz y Motocicletas,disponible,disponible,,,2025-10-13T18:56:21.131Z,2025-10-15T16:03:40.251Z,2025-10-16T03:53:34.584Z,685.21,13.49,$685.21,"AIUKBL - Bálsamo recolorante de piel, restaurador de color de piel, restaurador de piel para sofás, removedor de arañazos de piel, reparación de arañazos de piel, kit de reparación de piel para",https://www.amazon.com.mx/dp/B0D7TMX49N,https://www.amazon.com/dp/B0D7TMX49N,SRKSB LLC,YIQIYINGT
,B0D7VHXGDL,1,Automotriz y Motocicletas,disponible,disponible,,,2025-10-13T18:56:21.131Z,2025-10-15T16:03:48.132Z,2025-10-16T03:53:42.736Z,524.16,9.99,$523.45,"Pegamento de reparación para el techo de 100 ml, calcomanía de reparación rápida, multifuncional para tela de techo de coche, forro de techo y tela interior (1 unidad)",https://www.amazon.com.mx/dp/B0D7VHXGDL,https://www.amazon.com/dp/B0D7VHXGDL,SRKSB LLC,shenzhenshilonghuaqunanyueyuntongmaoyishanghang
,B004SND304,1,Automotriz y Motocicletas,disponible,disponible,,,2025-10-13T18:56:21.132Z,2025-10-15T16:03:55.690Z,2025-10-16T03:53:51.401Z,907.4,25.68,$904.55,"T-Cut Pulidor de pintura de color gris para coche, 17 onzas líquidas, 13 colores disponibles",https://www.amazon.com.mx/dp/B004SND304,https://www.amazon.com/dp/B004SND304,SRKSB LLC,Amazon Resale
,B076577BGB,1,Automotriz y Motocicletas,disponible,disponible,,,2025-10-13T18:56:21.132Z,2025-10-15T16:04:03.561Z,2025-10-16T03:54:00.531Z,752.15,17.48,$749.55,Chamberlains Leather Milk Chamberlain s Almohadillas aplicadoras de Piel prémium,https://www.amazon.com.mx/dp/B076577BGB,https://www.amazon.com/dp/B076577BGB,SRKSB LLC,NRSWorld
,B07QM2ZXRD,1,Automotriz y Motocicletas,disponible,disponible,,,2025-10-13T18:56:21.132Z,2025-10-15T16:04:11.779Z,2025-10-16T03:54:09.820Z,912.57,24.99,$910.11,"Qwix Mix - Líquido concentrado biodegradable para limpiaparabrisas, 40 centavos por galón, Único",https://www.amazon.com.mx/dp/B07QM2ZXRD,https://www.amazon.com/dp/B07QM2ZXRD,SRKSB LLC,Qwix Mix
,B0CMCD77RM,1,Automotriz y Motocicletas,disponible,disponible,,,2025-10-13T18:56:21.132Z,2025-10-15T16:04:19.346Z,2025-10-16T03:54:18.209Z,768.24,18.99,$768.24,"Focopot - Kit de limpieza de motocicleta, paquete de 6 con cepillo para polvo de fácil alcance, cepillo para polvo de neumáticos, guante de lavado de lana, cepillo para polvo de cadena, cepillo para",https://www.amazon.com.mx/dp/B0CMCD77RM,https://www.amazon.com/dp/B0CMCD77RM,SRKSB LLC,Focopot US
,B0DKFKPYHQ,1,Automotriz y Motocicletas,disponible,disponible,,,2025-10-13T18:56:21.132Z,2025-10-15T16:04:26.390Z,2025-10-16T03:54:26.238Z,605.33,7.99,$549.56,"Pasta de reparación de arañazos de coche, cera de pulido para reparación de arañazos, eliminación de arañazos de coche, compuesto de pulido para automóviles con almohadilla amortiguadora (2 piezas)",https://www.amazon.com.mx/dp/B0DKFKPYHQ,https://www.amazon.com/dp/B0DKFKPYHQ,SRKSB LLC,Enhang
,B009E0PTPS,1,Automotriz y Motocicletas,disponible,disponible,,,2025-10-13T18:56:21.132Z,2025-10-15T16:04:34.914Z,2025-10-16T03:54:33.420Z,786.81,19.99,$784.37,Pack de 2 guantes de arcilla de grado medio para la eliminación impecable de microcontaminantes unidos a la superficie,https://www.amazon.com.mx/dp/B009E0PTPS,https://www.amazon.com/dp/B009E0PTPS,Rimecebuy,RAGNIFY
,B0D8YKD5Z8,1,Automotriz y Motocicletas,disponible,disponible,,,2025-10-13T18:56:21.132Z,2025-10-15T16:04:43.695Z,2025-10-16T03:54:42.321Z,686.78,13.99,$686.78,"Bloqueo de rosca azul y rojo, bloqueador de rosca de resistencia media y alta, taquilla de rosca para tuercas, pernos, sujetadores y metales, contra pérdidas y fugas (50 mlx2)",https://www.amazon.com.mx/dp/B0D8YKD5Z8,https://www.amazon.com/dp/B0D8YKD5Z8,SRKSB LLC,Hannaera
,B0D7Q2H842,1,Automotriz y Motocicletas,disponible,disponible,,,2025-10-13T18:56:21.132Z,2025-10-15T16:04:51.982Z,2025-10-16T03:54:50.923Z,1796.44,59.99,"$1,786.15","Aspiradora de coche de mano sin cables: aspiradora de coche de 18000 Pa inalámbrica con motor sin escobillas, aspiradora portátil 3 en 1, con 2 engranajes tipo c potente plumero de aire para limpieza",https://www.amazon.com.mx/dp/B0D7Q2H842,https://www.amazon.com/dp/B0D7Q2H842,SRKSB LLC,Fair Sailing
,B0D93XG4N5,1,Automotriz y Motocicletas,disponible,disponible,,,2025-10-13T18:56:31.375Z,2025-10-15T16:05:00.597Z,2025-10-16T03:54:59.378Z,362.03,19.99,$766.03,"TOLDATLI - Juego de 2 toallas de arcilla con detalles automáticos, toalla de microfibra de grado fino, alternativa para barra de arcilla",https://www.amazon.com.mx/dp/B0D93XG4N5,https://www.amazon.com/dp/B0D93XG4N5,ZHANGSHUBIN123,HK-Walker
,B0D2RGWGPJ,1,Automotriz y Motocicletas,disponible,disponible,,,2025-10-13T18:56:41.428Z,2025-10-15T16:13:02.919Z,2025-10-16T03:55:08.378Z,1259.14,36.99,"$1,280.16","Tekeviss - Juego de herramientas portátiles para automóviles, 22 piezas de acero inoxidable, surtido de 5ª rueda, gancho de tracción de 68 pulgadas, gancho en J",https://www.amazon.com.mx/dp/B0D2RGWGPJ,https://www.amazon.com/dp/B0D2RGWGPJ,SRKSB LLC,chaoyinxuanda
,B0DB2Q8JPW,1,Automotriz y Motocicletas,disponible,disponible,,,2025-10-13T18:56:41.428Z,2025-10-15T16:13:11.760Z,2025-10-16T03:55:16.670Z,875.62,20.99,$907.44,"Cables de puente con adaptador para batería Dewalt de 20 V, 3.3 pies 8 AWG batería portátil Dewalt Jumper Starter Cables de refuerzo automotriz para coche arranque usando herramienta",https://www.amazon.com.mx/dp/B0DB2Q8JPW,https://www.amazon.com/dp/B0DB2Q8JPW,SRKSB LLC,PASITA KEJI
,B0DZH9LBT6,1,Automotriz y Motocicletas,disponible,disponible,,,2025-10-13T18:56:41.428Z,2025-10-15T16:13:19.718Z,2025-10-16T03:55:24.549Z,1453.62,44.4,"$1,453.62","Arrancador con compresor de aire, 5000 A, 160 PSI, arrancador de batería portátil (9.0 Gas/8.0 L diesel), 12 V, caja de salto de batería de coche con cables de puente inteligentes, luz LED",https://www.amazon.com.mx/dp/B0DZH9LBT6,https://www.amazon.com/dp/B0DZH9LBT6,SRKSB LLC,WNDFLV US
,B0D41FNZTT,1,Automotriz y Motocicletas,disponible,disponible,,,2025-10-13T18:56:41.428Z,2025-10-15T16:13:28.973Z,2025-10-16T03:55:32.814Z,408.41,5.59,$438.44,"BFXM - Kit de herramientas de extracción automática de molduras, kit de herramientas de palanca de clip de coche, plástico sin arañazos, kit de herramientas de remache para panel de puerta de coche",https://www.amazon.com.mx/dp/B0D41FNZTT,https://www.amazon.com/dp/B0D41FNZTT,SRKSB LLC,BFXM PARTS
,B0F2FD2VB8,1,Automotriz y Motocicletas,disponible,disponible,,PRICE_AND_SELLER_NOT_FOUND,2025-10-13T18:56:41.428Z,2025-10-15T16:13:37.927Z,2025-10-16T03:55:48.464Z,460.9,,$460.27,"BOUBONI - Juego de 36 tornillos de reparación de neumáticos de goma autorroscantes para camiones, motocicletas, coches y otros vehículos de neumáticos de aspiradora (35)",https://www.amazon.com.mx/dp/B0F2FD2VB8,https://www.amazon.com/dp/B0F2FD2VB8,SRKSB LLC,
,B07GT8RN6Z,1,Automotriz y Motocicletas,disponible,disponible,,,2025-10-13T18:56:41.428Z,2025-10-15T16:13:45.119Z,2025-10-16T03:55:56.875Z,870.39,23.95,$864.64,BG 44K Limpiador de Sistema de Combustible - Gasolina - Plástico,https://www.amazon.com.mx/dp/B07GT8RN6Z,https://www.amazon.com/dp/B07GT8RN6Z,GREENJIN,Auto pros
,B0DGGNT9YL,1,Automotriz y Motocicletas,disponible,disponible,,,2025-10-13T18:56:41.429Z,2025-10-15T16:13:54.803Z,2025-10-16T03:56:05.276Z,614.92,13.99,$616.33,"Cemento de vulcanización química, pegamento transparente para reparación de neumáticos, cemento de goma multiusos, kit de parches de neumáticos resistente con cepillo para polvo para coche",https://www.amazon.com.mx/dp/B0DGGNT9YL,https://www.amazon.com/dp/B0DGGNT9YL,SRKSB LLC,Elmerry
,B07TV19PQF,1,Automotriz y Motocicletas,disponible,disponible,,,2025-10-13T18:56:41.429Z,2025-10-15T16:14:01.724Z,2025-10-16T03:56:12.900Z,621.91,13.94,$621.91,"Rodillo de amortiguamiento de sonido para coche, herramienta de instalación de metal, 3 piezas para rodillo de ruido automático, herramienta de instalación de amortiguador de sonido para coche,",https://www.amazon.com.mx/dp/B07TV19PQF,https://www.amazon.com/dp/B07TV19PQF,SRKSB LLC,FCHO Direct
,B0F1T7KB18,1,Automotriz y Motocicletas,disponible,disponible,,,2025-10-13T18:56:41.429Z,2025-10-15T16:14:09.771Z,2025-10-16T03:56:20.643Z,550.3,7.99,$503.10,"LIFSHP - Llave de filtro de aceite de 36 mm para Ford F250 BMW Mini Volvo, Audi, VW Porsche, accesorios de coche, herramienta de extracción de filtro de aceite de larga duración (verde)",https://www.amazon.com.mx/dp/B0F1T7KB18,https://www.amazon.com/dp/B0F1T7KB18,SRKSB LLC,LIFSHP
,B0DT7CYJMM,1,Automotriz y Motocicletas,disponible,disponible,,,2025-10-13T18:56:41.429Z,2025-10-15T16:14:17.544Z,2025-10-16T03:56:28.726Z,910.31,23.6,$909.88,YENFZIX 9 piezas kit de herramientas profesionales para coche (9 piezas),https://www.amazon.com.mx/dp/B0DT7CYJMM,https://www.amazon.com/dp/B0DT7CYJMM,SRKSB LLC,YENFZIX
,B0DBQ3GH3N,1,Automotriz y Motocicletas,disponible,disponible,,,2025-10-13T18:56:41.429Z,2025-10-15T16:14:26.139Z,2025-10-16T03:56:36.339Z,1089.81,26.31,"$1,015.33",Kit de herramientas para neumáticos de repuesto con mango de gato de neumático y llave de lengüeta de rueda Tacoma 2005-2021,https://www.amazon.com.mx/dp/B0DBQ3GH3N,https://www.amazon.com/dp/B0DBQ3GH3N,SRKSB LLC,Yigeyi_Autoparts
,B0BNNZ145F,1,Automotriz y Motocicletas,disponible,disponible,,,2025-10-13T18:56:41.429Z,2025-10-15T16:14:33.696Z,2025-10-16T03:56:44.412Z,767.18,18.99,$764.29,"PEJIEDAS Repuesto de limpiaparabrisas de 22 pulgadas + 22 pulgadas para Audi A6 C6 S6 2006-2011, calidad original de fábrica (paquete de 2)",https://www.amazon.com.mx/dp/B0BNNZ145F,https://www.amazon.com/dp/B0BNNZ145F,SRKSB LLC,PEJIEDAS
,B09V38PBYZ,1,Automotriz y Motocicletas,disponible,disponible,,,2025-10-13T18:56:41.429Z,2025-10-15T16:14:41.976Z,2025-10-16T03:56:53.338Z,688.13,16.5,$688.13,"22 pulgadas + 22 pulgadas de repuesto para Ford F-150 2022-2009 limpiaparabrisas delantero, equipo original, repuesto para automóviles J/U, 2 unidades",https://www.amazon.com.mx/dp/B09V38PBYZ,https://www.amazon.com/dp/B09V38PBYZ,SRKSB LLC,Wenyant
,B0DRN9X1RD,1,Automotriz y Motocicletas,disponible,disponible,,,2025-10-13T18:56:41.429Z,2025-10-15T16:14:50.056Z,2025-10-16T03:57:01.248Z,4016.5,119.99,"$4,011.08","LIFMOCER GS500 - Arrancador de batería de coche de 5000 A para motores diésel de hasta gasolina y 10.0 L, caja de salto portátil de 12 V con funda de almacenamiento USB de carga rápida y visualización",https://www.amazon.com.mx/dp/B0DRN9X1RD,https://www.amazon.com/dp/B0DRN9X1RD,SRKSB LLC,LIFMOCER-US
,B0C7MN8LZ2,1,Automotriz y Motocicletas,disponible,disponible,,,2025-10-13T18:56:41.429Z,2025-10-15T16:14:56.535Z,2025-10-16T03:57:10.150Z,1321.12,49.99,"$1,487.06","EVDANCE NACS a J1772 Adaptador de carga – Max 80 Amp y 250 V J1772 EV Adaptador compatible con conectores Tesla de alta potencia, cargadores de destino y conectores móviles (negro)",https://www.amazon.com.mx/dp/B0C7MN8LZ2,https://www.amazon.com/dp/B0C7MN8LZ2,QuickMerchant,EVDANCE Direct
,B0DK6VPJXK,1,Automotriz y Motocicletas,disponible,disponible,,,2025-10-13T18:56:41.429Z,2025-10-15T16:15:05.864Z,2025-10-16T03:57:19.392Z,1076.58,24.99,"$1,074.85","Beaiguna - Juego de gato de tijera portátil para coche de 2 toneladas (4000 libras), conector de cambio de neumáticos, conectores universales de elevación de tijera de coche para SUV, automotriz, kit",https://www.amazon.com.mx/dp/B0DK6VPJXK,https://www.amazon.com/dp/B0DK6VPJXK,Novayu,Beaiguna Direct
,B0DH1NZYDZ,1,Automotriz y Motocicletas,disponible,disponible,,,2025-10-13T18:56:53.458Z,2025-10-15T16:15:14.302Z,2025-10-16T03:57:27.408Z,1059.41,26.99,"$1,059.41","ELEAD - Juego de 12 bujías de 3/8 pulgadas con mango de carraca, junta universal, ranura de bujías y barra de extensión, 9/16 pulgadas, 5/8 pulgadas, 3/4 pulgadas, 13/16 pulgadas, 14 mm, 18 mm, CR-V",https://www.amazon.com.mx/dp/B0DH1NZYDZ,https://www.amazon.com/dp/B0DH1NZYDZ,SRKSB LLC,ELEAD TOOLS
,B0DS9MX6PS,1,Automotriz y Motocicletas,disponible,disponible,,,2025-10-13T18:56:53.458Z,2025-10-15T16:15:23.296Z,2025-10-16T03:57:34.899Z,437.12,5.99,$489.94,"Ekrnlyi - Paquete de 8 almohadillas para orejas aplicadoras de cera, almohadilla aplicadora de microfibra de 5 pulgadas con bolsillo para los dedos, almohadillas para orejas de pulido lavables y",https://www.amazon.com.mx/dp/B0DS9MX6PS,https://www.amazon.com/dp/B0DS9MX6PS,Amazon Estados Unidos,Atpudina Direct
,B0BGLV5RD4,1,Automotriz y Motocicletas,disponible,disponible,,,2025-10-13T18:56:53.458Z,2025-10-15T16:15:29.847Z,2025-10-16T03:57:42.861Z,763.6,17.09,$789.04,"Juego de escobillas limpiaparabrisas, limpiaparabrisas delantero + limpiaparabrisas trasero para Honda Element 2003-2009/Nissan Cube 2009-2014 (20 pulgadas + 20 pulgadas + 12 pulgadas) estilo original",https://www.amazon.com.mx/dp/B0BGLV5RD4,https://www.amazon.com/dp/B0BGLV5RD4,SRKSB LLC,PEJIEDAS
,B0DL5M5GD9,1,Automotriz y Motocicletas,disponible,disponible,,,2025-10-13T18:56:53.458Z,2025-10-15T16:15:37.149Z,2025-10-16T03:57:50.500Z,911.65,23.99,$911.22,"ZSX - Compresor de aire portátil, bomba de aire de 150 PSI para coche, bomba eléctrica de bicicleta con medidor de presión digital de neumáticos, inflador de neumáticos portátil para coche compacto,",https://www.amazon.com.mx/dp/B0DL5M5GD9,https://www.amazon.com/dp/B0DL5M5GD9,SRKSB LLC,pinfengou
,B0CYP26T7W,1,Automotriz y Motocicletas,disponible,disponible,,,2025-10-13T18:56:53.458Z,2025-10-15T16:15:45.334Z,2025-10-16T03:58:00.275Z,469.94,7.88,$469.71,"MUZHUPGUZ - Kit de 60 piezas de accesorios de grasa métricos, kit de surtido de grasa hidráulica, 45 accesorios de pistola de grasa de 90 grados, M6 M8 M10 recto y angulado para pistolas de engrase",https://www.amazon.com.mx/dp/B0CYP26T7W,https://www.amazon.com/dp/B0CYP26T7W,SRKSB LLC,ManZhenLi
,B0CYQHWW7Q,1,Automotriz y Motocicletas,disponible,disponible,,,2025-10-13T18:56:53.458Z,2025-10-15T16:15:52.507Z,2025-10-16T03:58:09.111Z,437.87,6.99,$441.19,"Felisbieti - Enchufe de 32 mm, aleación de aluminio de perfil bajo de 6 puntos de 3/8 pulgadas para filtro de aceite para GM, Pontiac, Saturn, Saab, Ecotec, TDI, VW, Audi, BMW, Polaris, Chevrolet。",https://www.amazon.com.mx/dp/B0CYQHWW7Q,https://www.amazon.com/dp/B0CYQHWW7Q,Rimecebuy,Felisbieti
,B07D9CW754,1,Automotriz y Motocicletas,disponible,disponible,,,2025-10-13T18:56:53.459Z,2025-10-15T16:16:00.812Z,2025-10-16T03:58:18.209Z,493.83,9.49,$501.00,"JIANFA Almohadilla de arcilla de 6 pulgadas, grado fino, negro, compatible con vidrio, herramienta de detalles novedosa",https://www.amazon.com.mx/dp/B07D9CW754,https://www.amazon.com/dp/B07D9CW754,SRKSB LLC,Jianfa shop
,B0CWN1GCPG,1,Automotriz y Motocicletas,disponible,disponible,,,2025-10-13T18:56:53.459Z,2025-10-15T16:16:08.394Z,2025-10-16T03:58:26.865Z,529.69,9.98,$529.44,"JUNLIXN 5 almohadillas para orejas de pulido de fieltro de lana de 4 pulgadas, almohadilla de pulido de lana, ruedas de pulido de gancho y bucle trasero para lijadora orbital aleatoria",https://www.amazon.com.mx/dp/B0CWN1GCPG,https://www.amazon.com/dp/B0CWN1GCPG,SRKSB LLC,JUNLIXN
,B0CKVV7HXR,1,Automotriz y Motocicletas,disponible,disponible,,,2025-10-13T18:56:53.459Z,2025-10-15T16:16:15.035Z,2025-10-16T03:58:42.217Z,647.22,14.99,$646.91,"uncakil - Cortador de vidrio para romper ventanas de coche, herramienta de escape de coche, herramienta de emergencia para escapar de coche, herramienta de rescate automático para autos nuevos bajo el agua, ventana rota de un segundo (2 rojas)",https://www.amazon.com.mx/dp/B0CKVV7HXR,https://www.amazon.com/dp/B0CKVV7HXR,SRKSB LLC,DingDJN
,B0DZCQZTLD,1,Automotriz y Motocicletas,disponible,disponible,,,2025-10-13T18:56:53.459Z,2025-10-15T16:16:23.394Z,2025-10-16T03:58:51.194Z,652.41,13.98,$651.52,"Alicates de desconexión eléctrica y herramienta separadora de conector eléctrico, alicates de desconexión de conector eléctrico automotriz",https://www.amazon.com.mx/dp/B0DZCQZTLD,https://www.amazon.com/dp/B0DZCQZTLD,SRKSB LLC,WAMEIJU-US
,B0DR1Q62XY,1,Automotriz y Motocicletas,disponible,disponible,,,2025-10-13T18:56:53.459Z,2025-10-15T16:16:30.248Z,2025-10-16T03:58:59.758Z,1057.47,29.99,"$1,084.83","Lonrisin - Kit de herramientas para coche, extractor de 20 piezas, gancho de tracción de 68 pulgadas, acero inoxidable (rojo)",https://www.amazon.com.mx/dp/B0DR1Q62XY,https://www.amazon.com/dp/B0DR1Q62XY,SRKSB LLC,JIAHAI-US
,B07H7VCWN5,1,Automotriz y Motocicletas,disponible,disponible,,,2025-10-13T18:56:53.459Z,2025-10-15T16:16:38.570Z,2025-10-16T03:59:07.489Z,1120.28,24.99,"$1,117.26","Ru-Glyde Pasta de montaje de neumáticos, cola, 8 libras",https://www.amazon.com.mx/dp/B07H7VCWN5,https://www.amazon.com/dp/B07H7VCWN5,SRKSB LLC,AGS Automotive Solutions
,B07FMH59ZM,1,Automotriz y Motocicletas,disponible,disponible,,,2025-10-13T18:56:53.459Z,2025-10-15T16:16:46.227Z,2025-10-16T03:59:16.682Z,749.79,19.99,$753.66,Tesa 51006 - Cinta adhesiva para abolladuras (19 mm),https://www.amazon.com.mx/dp/B07FMH59ZM,https://www.amazon.com/dp/B07FMH59ZM,SRKSB LLC,TOP SECRET PDR
,B0D56YSGR8,1,Automotriz y Motocicletas,disponible,disponible,,,2025-10-13T18:56:53.459Z,2025-10-15T16:16:53.790Z,2025-10-16T03:59:26.160Z,448.14,7.28,$464.91,"QBXMY7 - 11 almohadillas para orejas de pulir para taladro de pulir kit de pulir taladros, almohadillas para orejas de pulir de espuma de 3 pulgadas, accesorio de pulidor de pulir de taladro,",https://www.amazon.com.mx/dp/B0D56YSGR8,https://www.amazon.com/dp/B0D56YSGR8,SRKSB LLC,QiBeiXinMY
,B07KY5LQFP,1,Automotriz y Motocicletas,disponible,disponible,,,2025-10-13T18:56:53.459Z,2025-10-15T16:17:01.502Z,2025-10-16T03:59:34.789Z,973.37,27.74,"$1,166.89","Probador de circuito profesional para automoción, comprobador de diagnóstico corto y abierto, herramienta de reparación, buscador de cables, circuito de cable para coche, rastreador de cables",https://www.amazon.com.mx/dp/B07KY5LQFP,https://www.amazon.com/dp/B07KY5LQFP,XIJIANG,Farenow
,B0CR6GPLJ9,1,Automotriz y Motocicletas,disponible,disponible,,,2025-10-13T18:57:03.096Z,2025-10-15T16:17:08.603Z,2025-10-16T03:59:42.975Z,381.76,9.79,$515.12,"bylikeho - 240 clips para automóviles, clips de retención de coche, accesorios de coche, clips de parachoques para coche, remaches de plástico, kit de retención de empuje, juego de remaches",https://www.amazon.com.mx/dp/B0CR6GPLJ9,https://www.amazon.com/dp/B0CR6GPLJ9,Amazon Estados Unidos,GuiLi Auto
,B0CQXMZ75V,1,Automotriz y Motocicletas,disponible,disponible,,,2025-10-13T18:57:03.096Z,2025-10-15T16:17:16.116Z,2025-10-16T03:59:50.600Z,1217.35,35,"$1,217.35","MiraclAuto - Inflador de neumáticos portátil, bomba de aire eléctrica para neumáticos de coche con medidor de presión digital, inflado 2 veces más rápido 150 PSI con luz LED de emergencia, bomba de",https://www.amazon.com.mx/dp/B0CQXMZ75V,https://www.amazon.com/dp/B0CQXMZ75V,SRKSB LLC,miraclemart
,B09MRMQQ8B,1,Automotriz y Motocicletas,disponible,disponible,,,2025-10-13T18:57:03.096Z,2025-10-15T16:17:24.822Z,2025-10-16T03:59:59.460Z,965.92,25.73,"$1,257.83","PAEKQ Cable de extensión SAE a SAE de 10 AWG, cable de extensión SAE de desconexión rápida, conector SAE SAE de 20 pies, cable de extensión solar de calibre 10 para automóvil, RV, batería, motocicleta, coches, tractor (20 pies)",https://www.amazon.com.mx/dp/B09MRMQQ8B,https://www.amazon.com/dp/B09MRMQQ8B,KUZU GLOBAL,PaeKQ
,B00CTEBVNK,1,Automotriz y Motocicletas,disponible,disponible,,,2025-10-13T18:57:03.096Z,2025-10-15T16:17:33.975Z,2025-10-16T04:00:08.291Z,1611.19,54.95,"$1,609.02","Powerhouse POW351903 3/4"" Fine Cross Buff",https://www.amazon.com.mx/dp/B00CTEBVNK,https://www.amazon.com/dp/B00CTEBVNK,SRKSB LLC,
,B0DXFBNXTX,1,Automotriz y Motocicletas,disponible,disponible,,,2025-10-13T18:57:11.868Z,2025-10-15T16:17:42.257Z,2025-10-16T04:00:15.741Z,990,34.19,"$1,142.65","Anycash Tire Inflator Portable Air Compressor, Cordless Air Pump for Car Tires with Digital Pressure Gauge, 150 PSI Fast Tire Inflator for Car, Motorcycle, Bicycle - LED Light and Auto Shut-Off",https://www.amazon.com.mx/dp/B0DXFBNXTX,https://www.amazon.com/dp/B0DXFBNXTX,yuffywei,popoga
,B0D7D2KZQ1,1,Automotriz y Motocicletas,disponible,disponible,,,2025-10-13T18:57:11.869Z,2025-10-15T16:17:50.284Z,2025-10-16T04:00:24.283Z,633.81,14.59,$631.20,Tapones centrales de rueda para Tesla: Tapacubos de rueda cubierta central diseñada para Tesla Model Y X S Rueda de 19 pulgadas con 4 tapas centrales de cubeta + 20 tapas de tuerca + 1 paquete de,https://www.amazon.com.mx/dp/B0D7D2KZQ1,https://www.amazon.com/dp/B0D7D2KZQ1,SRKSB LLC,Huasanjiang US Store
,B0D6XN67XR,1,Automotriz y Motocicletas,disponible,disponible,,PRICE_AND_SELLER_NOT_FOUND,2025-10-13T18:57:11.869Z,2025-10-15T16:17:58.658Z,2025-10-16T04:00:31.904Z,2319.48,,"$2,319.48","Airmoto y estuche de transporte – Inflador de neumáticos compresor de aire portátil con funda rígida – Bomba de aire para neumáticos de coche, motocicleta, bicicleta, bomba de neumáticos inalámbrica",https://www.amazon.com.mx/dp/B0D6XN67XR,https://www.amazon.com/dp/B0D6XN67XR,SRKSB LLC,
,B0CRRH3VG6,1,Automotriz y Motocicletas,disponible,disponible,,,2025-10-13T18:57:11.869Z,2025-10-15T16:18:07.154Z,2025-10-16T04:00:41.618Z,589.96,12.99,$580.99,Mysttoo - Juego de tuercas de rueda cromadas M12 x 1.50 compatible con Honda Odyssey Accord Civic CR-V Clarity Element S2000 Acura Legend CL NSX TLX TSX Pilot Prelude Lancer RX-8 (4 piezas),https://www.amazon.com.mx/dp/B0CRRH3VG6,https://www.amazon.com/dp/B0CRRH3VG6,SRKSB LLC,Mysttoo Worldcross
,B0DFCJFQRS,1,Automotriz y Motocicletas,disponible,disponible,,,2025-10-13T18:57:11.869Z,2025-10-15T16:18:15.978Z,2025-10-16T04:00:50.526Z,3232.79,109.99,"$3,231.27","ETENWOLF Vortex S6 - Compresor de aire portátil para vehículos pesados, bomba de aire inalámbrica para automóviles e inflables con batería de 19200 mAh, ciclo de trabajo 100% y bomba de bicicleta de",https://www.amazon.com.mx/dp/B0DFCJFQRS,https://www.amazon.com/dp/B0DFCJFQRS,SRKSB LLC,Uncle Smith's Garage
,B0DNFR22CZ,1,Automotriz y Motocicletas,disponible,disponible,,,2025-10-13T18:57:11.870Z,2025-10-15T16:18:24.469Z,2025-10-16T04:00:58.840Z,1787.24,54.99,"$1,787.24",Tool Troopers - Cubiertas para neumáticos 26-28.75,https://www.amazon.com.mx/dp/B0DNFR22CZ,https://www.amazon.com/dp/B0DNFR22CZ,SRKSB LLC,Tool Troopers.
,B0DFY1FG99,1,Automotriz y Motocicletas,disponible,disponible,,,2025-10-13T18:57:11.870Z,2025-10-15T16:18:33.284Z,2025-10-16T04:01:06.908Z,420.64,3.79,$419.26,"KHGUZ - Tubo de extensión de inflador de neumáticos de coche, manguera adaptadora de portabrocas para bomba de neumáticos de vehículo, conector de clip de inflado rápido automático, accesorios de",https://www.amazon.com.mx/dp/B0DFY1FG99,https://www.amazon.com/dp/B0DFY1FG99,MaYourStore,GTzhongyimaoyi
,B0DNPSJXF8,1,Automotriz y Motocicletas,disponible,disponible,,,2025-10-13T18:57:11.870Z,2025-10-15T16:18:40.876Z,2025-10-16T04:01:15.376Z,731.21,14.99,$730.86,"Compresor de aire portátil de inflado de neumáticos, compresor de aire portátil de 150 PSI con medidor de presión preciso, bomba de aire inalámbrica de inflado de bicicleta eléctrica para coche,",https://www.amazon.com.mx/dp/B0DNPSJXF8,https://www.amazon.com/dp/B0DNPSJXF8,SRKSB LLC,Cimesen Direct
,B0DJPRM464,1,Automotriz y Motocicletas,disponible,disponible,,,2025-10-13T18:57:11.870Z,2025-10-15T16:18:47.546Z,2025-10-16T04:01:23.602Z,1215.45,33.79,"$1,206.29","ERMWALK Inflador de neumáticos y compresor de aire portátil, 3 veces más rápido, 150 PSI, con presión de calibre y luz LED, incluye cable de carga USB",https://www.amazon.com.mx/dp/B0DJPRM464,https://www.amazon.com/dp/B0DJPRM464,SRKSB LLC,ERMWALK STORE
,B0DG8PGZBT,1,Automotriz y Motocicletas,disponible,disponible,,,2025-10-13T18:57:11.870Z,2025-10-15T16:18:54.235Z,2025-10-16T04:01:40.418Z,983.53,26.99,$983.07,"ZSX - Compresor de aire portátil de 160 PSI - Bomba de aire portátil para neumáticos de coche con medidor de presión de neumáticos, inflador de neumáticos portátil para coche, bicicleta, neumáticos de",https://www.amazon.com.mx/dp/B0DG8PGZBT,https://www.amazon.com/dp/B0DG8PGZBT,SRKSB LLC,pinfengou
,B0DPMGWQC1,1,Automotriz y Motocicletas,disponible,disponible,,,2025-10-13T18:57:11.870Z,2025-10-15T16:19:02.713Z,2025-10-16T04:01:48.543Z,985.78,24.99,"$1,282.55","UZM - Inflador portátil de neumáticos 2 en 1 y aspiradora de coche, 2 veces inflado rápido, potencia de succión de 12000 pa, visualización LED, 150 PSI, aspiradora portátil de mano para coche",https://www.amazon.com.mx/dp/B0DPMGWQC1,https://www.amazon.com/dp/B0DPMGWQC1,bayramaliogatogullari,lishuilinyu
,B0DNLYRCPL,1,Automotriz y Motocicletas,disponible,disponible,,,2025-10-13T18:57:11.870Z,2025-10-15T16:19:10.767Z,2025-10-16T04:01:57.419Z,1318.35,39.97,"$1,496.74","Olgeo Inflador de neumáticos, compresor de aire portátil, 160 PSI, 4 veces más rápido, con detección de presión, adecuado para coche, bicicletas, motocicletas y pelotas",https://www.amazon.com.mx/dp/B0DNLYRCPL,https://www.amazon.com/dp/B0DNLYRCPL,SRKSB LLC,OLGEO-Direct
,B0D5QRWRY2,1,Automotriz y Motocicletas,disponible,disponible,,,2025-10-13T18:57:11.870Z,2025-10-15T16:19:18.407Z,2025-10-16T04:02:04.477Z,894.46,34.99,"$1,273.32","Inflador de neumáticos portátil compresor de aire y banco de energía, compresor de 150 PSI inflador portátil de neumáticos para coche, motocicleta, bicicleta, bolas, bomba de aire de coche, negro",https://www.amazon.com.mx/dp/B0D5QRWRY2,https://www.amazon.com/dp/B0D5QRWRY2,Amazon Estados Unidos,NATURE HERO
,B0DHKK31GW,1,Automotriz y Motocicletas,disponible,disponible,,,2025-10-13T18:57:26.941Z,2025-10-15T16:19:25.508Z,2025-10-16T04:02:13.514Z,977.3,27.99,"$1,018.35","Compresor de aire portátil de 160 PSI para coche, bomba eléctrica inteligente con función de memoria, inflador de neumáticos para coche, motocicleta, bicicleta y más",https://www.amazon.com.mx/dp/B0DHKK31GW,https://www.amazon.com/dp/B0DHKK31GW,SRKSB LLC,pinfengou
,B0DH2427DL,1,Automotriz y Motocicletas,disponible,disponible,,,2025-10-13T18:57:26.941Z,2025-10-15T16:19:32.630Z,2025-10-16T04:02:21.110Z,1779.71,59.99,"$1,784.84","Compresor de aire portátil, batería de 20000 mAh e inflador de neumáticos de 150 PSI, bomba eléctrica de 12 V CA/CC, fuente de alimentación doble, manómetro de presión, inflado rápido inteligente 5X",https://www.amazon.com.mx/dp/B0DH2427DL,https://www.amazon.com/dp/B0DH2427DL,SRKSB LLC,laibodianzishangwuyouxiangongsi
,B0CP2M9QR8,1,Automotriz y Motocicletas,disponible,disponible,,,2025-10-13T18:57:26.942Z,2025-10-15T16:39:30.666Z,2025-10-16T04:02:29.536Z,1337.22,39.98,"$1,334.40","Jintutor - Arrancador de coche con compresor de aire, paquete de caja de salto portátil de 2000 A (8.0 L Gas/5.0 L) con inflador de neumáticos de visualización digital de 150 PSI, cargador de batería",https://www.amazon.com.mx/dp/B0CP2M9QR8,https://www.amazon.com/dp/B0CP2M9QR8,SEONGSAN,Jintutor
,B0D9BHD354,1,Automotriz y Motocicletas,disponible,disponible,,,2025-10-13T18:57:26.942Z,2025-10-15T16:39:40.590Z,2025-10-16T04:02:38.835Z,1269.7,27.99,"$1,269.70","Inflador de neumáticos portátil I7 Pro, bomba de aire de coche con manómetro, inflador de neumáticos inalámbrico de 150 PSI recargable con visualización y LED para coche, motocicleta, bicicletas,",https://www.amazon.com.mx/dp/B0D9BHD354,https://www.amazon.com/dp/B0D9BHD354,SRKSB LLC,EBOSSOM Direct
,B0D2HNJ3BG,1,Automotriz y Motocicletas,disponible,disponible,,,2025-10-13T18:57:26.942Z,2025-10-15T16:39:49.932Z,2025-10-16T04:02:46.298Z,379.76,4.59,$379.76,"KHGUZ - 2 adaptadores de inflado de aire para coche, NPT de 1/4 pulgadas a válvula Schrader estándar (M), conector de válvula de llenado de neumáticos de vehículo de latón para compresor de aire",https://www.amazon.com.mx/dp/B0D2HNJ3BG,https://www.amazon.com/dp/B0D2HNJ3BG,SRKSB LLC,GTzhongyimaoyi
,B0D8VY4YQM,1,Automotriz y Motocicletas,disponible,disponible,,,2025-10-13T18:57:26.942Z,2025-10-15T16:39:57.378Z,2025-10-16T04:02:55.141Z,359.81,3.79,$359.81,"KHGUZ - 6 separadores de bujías para motor de coche, 7 mm, 8 mm, 8,5 mm, 8,8 mm, soporte para telares divisores de bujías de coche, accesorios universales para SUV, camión, RV (negro)",https://www.amazon.com.mx/dp/B0D8VY4YQM,https://www.amazon.com/dp/B0D8VY4YQM,SRKSB LLC,GTzhongyimaoyi
,B0D7ZYJNDK,1,Automotriz y Motocicletas,disponible,disponible,,,2025-10-13T18:57:26.942Z,2025-10-15T16:40:04.956Z,2025-10-16T04:03:02.939Z,363.28,3.85,$362.79,"24 Unidades Tapones de Valvula Llanta, Tapones Llantas, Color Negro, Versión Mejorada con Tapas de Vástago de Válvula de Neumático de Anillo de Sellado",https://www.amazon.com.mx/dp/B0D7ZYJNDK,https://www.amazon.com/dp/B0D7ZYJNDK,SRKSB LLC,PUTMJ
,B0D3J7LRBP,1,Automotriz y Motocicletas,disponible,disponible,,,2025-10-13T18:57:26.942Z,2025-10-15T16:40:11.958Z,2025-10-16T04:03:11.507Z,352.55,3.32,$349.80,"8 Tapas de Válvula de Metal Negro, Tapones de Valvula Llanta, Impermeables y a Prueba de Polvo, Universales para Coches, Motocicletas y Bicicletas",https://www.amazon.com.mx/dp/B0D3J7LRBP,https://www.amazon.com/dp/B0D3J7LRBP,SRKSB LLC,SYSCN
,B0CP5NG1PZ,1,Automotriz y Motocicletas,disponible,disponible,,,2025-10-13T18:57:26.942Z,2025-10-15T16:40:19.616Z,2025-10-16T04:03:19.686Z,370.61,4.14,$370.61,"4 fundas de vástago de válvula de neumático, tapas de válvula de neumático, tapas de vástago de válvula de neumático de diamantes de imitación, accesorios de automóvil universales para automóviles,",https://www.amazon.com.mx/dp/B0CP5NG1PZ,https://www.amazon.com/dp/B0CP5NG1PZ,SRKSB LLC,Middrivr
,B0CPFPQT4S,1,Automotriz y Motocicletas,disponible,disponible,,,2025-10-13T18:57:26.942Z,2025-10-15T16:40:26.101Z,2025-10-16T04:03:27.102Z,799.36,18.99,$798.45,"TR572 - Vástagos de válvula de camión comercial de latón (paquete de 10) - 3-3/4 para llanta de 0.625 pulgadas, reemplazo de abrazadera para neumáticos de autobús",https://www.amazon.com.mx/dp/B0CPFPQT4S,https://www.amazon.com/dp/B0CPFPQT4S,SRKSB LLC,LuckyStory
,B0C596LMPL,1,Automotriz y Motocicletas,disponible,disponible,,,2025-10-13T18:57:26.942Z,2025-10-15T16:40:33.434Z,2025-10-16T04:03:36.432Z,812.33,19.79,$840.07,"Inflador de neumáticos portátil compresor de aire digital de 12 V CC bomba de aire accesorios de coche con función de apagado automático, luz LED de emergencia, estuche de transporte, juego de",https://www.amazon.com.mx/dp/B0C596LMPL,https://www.amazon.com/dp/B0C596LMPL,SRKSB LLC,Woot
,B0C6F8YLJW,1,Automotriz y Motocicletas,disponible,disponible,,,2025-10-13T18:57:26.942Z,2025-10-15T16:40:42.504Z,2025-10-16T04:03:45.158Z,643.96,13.29,$643.09,"AUKSKY - Bomba portátil para neumáticos de coche, 150 PSI con medidor de presión digital, bomba de aire recargable con luz de emergencia para coche, bicicleta, motor, equipo deportivo",https://www.amazon.com.mx/dp/B0C6F8YLJW,https://www.amazon.com/dp/B0C6F8YLJW,SRKSB LLC,61box
,B0DJ2CWBF4,1,Automotriz y Motocicletas,disponible,disponible,,,2025-10-13T18:57:26.942Z,2025-10-15T16:40:51.089Z,2025-10-16T04:03:53.094Z,809.96,19.99,$797.31,"Compresor de aire portátil de inflado de neumáticos, bomba de aire para neumáticos de coche, inflador portátil de neumáticos de 160 PSI, inflador de neumáticos inteligente para automóviles,",https://www.amazon.com.mx/dp/B0DJ2CWBF4,https://www.amazon.com/dp/B0DJ2CWBF4,SRKSB LLC,MIQIAOKEJI
,B0DLWM3VT4,1,Automotriz y Motocicletas,disponible,disponible,,,2025-10-13T18:57:26.943Z,2025-10-15T16:40:59.371Z,2025-10-16T04:04:02.122Z,1159.21,25.99,"$1,258.29","Compresor de aire portátil de inflador de neumáticos, bomba de aire inteligente de 12 V para neumáticos de coche, bomba de neumáticos 6X con manómetro de presión, batería de 150 PSI y 10000 mAh",https://www.amazon.com.mx/dp/B0DLWM3VT4,https://www.amazon.com/dp/B0DLWM3VT4,Lumexa Online MX,US-ZY Store
,B0D5MRRDMH,1,Automotriz y Motocicletas,disponible,disponible,,,2025-10-13T18:57:26.943Z,2025-10-15T16:41:06.702Z,2025-10-16T04:04:10.595Z,433.48,4.99,$438.27,"Miliheaven - Tapones para válvulas de aleación de llantas de aluminio resistentes a la corrosión (4 unidades), universales para automóviles, SUV, bicicletas, motocicletas, camiones, inserto de",https://www.amazon.com.mx/dp/B0D5MRRDMH,https://www.amazon.com/dp/B0D5MRRDMH,Ovolos,ZOPOLO LTD
,B0CLY86MSV,1,Automotriz y Motocicletas,disponible,disponible,,,2025-10-13T18:57:37.903Z,2025-10-15T16:41:14.107Z,2025-10-16T04:04:18.349Z,491.27,8.99,$543.82,"NACHLYNN - 100 Uñas de reparación de neumáticos, tornillo de goma para reparación de neumáticos, herramienta rápida, autoservicio, tornillo autorroscante para coche, motocicleta, camión",https://www.amazon.com.mx/dp/B0CLY86MSV,https://www.amazon.com/dp/B0CLY86MSV,Amazon Europa,NachLynn
,B09QCCFY1X,1,Automotriz y Motocicletas,disponible,disponible,,,2025-10-13T18:57:37.903Z,2025-10-15T16:41:21.034Z,2025-10-16T04:04:33.615Z,1210.66,33.95,"$1,206.19","0009905407 - Juego de 20 pernos de llanta de 14 mm x 1,5 pulgadas, rueda de fábrica OE compatible con ML500 S550 CL63 ML350 GLK350 CL500 GL450",https://www.amazon.com.mx/dp/B09QCCFY1X,https://www.amazon.com/dp/B09QCCFY1X,SRKSB LLC,Reeauto Direct
,B0BF8RZ1G6,1,Automotriz y Motocicletas,disponible,disponible,,,2025-10-13T18:57:37.903Z,2025-10-15T16:41:29.231Z,2025-10-16T04:04:41.581Z,3066.24,121.46,"$3,419.51","Rago Fabrication - Soporte de compresor de aire para Lexus GX 460 2010-2023 | Fabricado en los Estados Unidos | Compatible con compresor de aire ARB individual y doble, sistema de aire a bordo",https://www.amazon.com.mx/dp/B0BF8RZ1G6,https://www.amazon.com/dp/B0BF8RZ1G6,Amazon Estados Unidos,RagoFabrication
,B0DJXWCTFZ,1,Automotriz y Motocicletas,disponible,disponible,,,2025-10-13T18:57:37.904Z,2025-10-15T16:41:37.038Z,2025-10-16T04:04:51.096Z,1384.99,42.99,"$1,371.87","GUKIYUSI - Compresor de aire portátil, bomba de aire portátil para neumáticos de coche con medidor de presión digital, compresor de aire de 150 PSI para coche, bicicleta, motocicleta",https://www.amazon.com.mx/dp/B0DJXWCTFZ,https://www.amazon.com/dp/B0DJXWCTFZ,Novayu,XingMingSheng
,B0DH1FJ3XL,1,Automotriz y Motocicletas,disponible,disponible,,,2025-10-13T18:57:37.904Z,2025-10-15T16:41:44.569Z,2025-10-16T04:04:59.682Z,1236.13,35.99,"$1,227.43","Inflador de neumáticos, compresor de aire portátil, bomba de neumáticos de bicicleta de 150 PSI, bomba de aire compacta para neumáticos de coche, bicicleta, motocicleta, bola, inflador de neumáticos",https://www.amazon.com.mx/dp/B0DH1FJ3XL,https://www.amazon.com/dp/B0DH1FJ3XL,SRKSB LLC,LYTFEI-Shop
,B0DBS4KJP2,1,Automotriz y Motocicletas,disponible,disponible,,,2025-10-13T18:57:37.904Z,2025-10-15T16:41:51.787Z,2025-10-16T04:05:07.207Z,820.62,19.99,$820.23,"Compresor de aire portátil inflador de neumáticos, medidor de presión, cargador portátil, bola/neumáticos/motocicletas/coches, linterna integrada, visualización LCD dual de 150 PSI",https://www.amazon.com.mx/dp/B0DBS4KJP2,https://www.amazon.com/dp/B0DBS4KJP2,SRKSB LLC,Polygon works
,B0DDLCY1J2,1,Automotriz y Motocicletas,disponible,disponible,,,2025-10-13T18:57:37.904Z,2025-10-15T16:42:00.058Z,2025-10-16T04:05:16.094Z,1543.63,45.59,"$1,543.63","Kachiari - Inflador de neumáticos portátil, 2 bombas de neumáticos de coche más rápidas con batería recargable de 20 V, inflador digital de neumáticos inalámbrico, modos de fuente de alimentación",https://www.amazon.com.mx/dp/B0DDLCY1J2,https://www.amazon.com/dp/B0DDLCY1J2,SRKSB LLC,Kachiari
,B0D3J4WJC1,1,Automotriz y Motocicletas,disponible,disponible,,,2025-10-13T18:57:37.904Z,2025-10-15T16:42:07.339Z,2025-10-16T04:05:23.771Z,352.36,2.99,$356.87,"MEAJOO 15 tapas de válvula de neumático de plástico, resistentes a la corrosión, con anillo de goma O, sellado hermético, resistente a prueba de polvo, cubiertas de vástago de válvula de neumático",https://www.amazon.com.mx/dp/B0D3J4WJC1,https://www.amazon.com/dp/B0D3J4WJC1,Ovolos,MEAJOO
,B00HFLF76O,1,Automotriz y Motocicletas,disponible,disponible,,,2025-10-13T18:57:37.904Z,2025-10-15T16:42:14.873Z,2025-10-16T04:05:33.291Z,437.93,16.66,$668.32,Tru-Flate 17-392 - Portabrocas de Aire con Cierre de Clip para Grandes Aparejos y Equipo de Movimiento de Tierra,https://www.amazon.com.mx/dp/B00HFLF76O,https://www.amazon.com/dp/B00HFLF76O,Amazon Estados Unidos,
,B0DBQ9VBRH,1,Automotriz y Motocicletas,disponible,disponible,,,2025-10-13T18:57:37.904Z,2025-10-15T16:42:21.190Z,2025-10-16T04:05:42.273Z,149.99,5.89,$404.35,"4 tapas centrales de rueda, cubierta de cubeta central de plástico a presión, 2.12 pulgadas (54 mm) diámetro exterior, 47 mm diámetro interior, accesorios de coche para coche, camión, SUV (plata)",https://www.amazon.com.mx/dp/B0DBQ9VBRH,https://www.amazon.com/dp/B0DBQ9VBRH,zhumadianfanhuishangmaoyouxiangongsi,BDZMC-US
,B0B4FKLSS9,1,Automotriz y Motocicletas,disponible,disponible,,,2025-10-13T18:57:37.904Z,2025-10-15T16:42:29.493Z,2025-10-16T04:05:50.539Z,6411.14,219.99,"$6,818.96","Mayde Fundas de rueda de 19 pulgadas para llantas Tesla Model Y 2020-2022, tapas de repuesto (juego de 4, negro mate)",https://www.amazon.com.mx/dp/B0B4FKLSS9,https://www.amazon.com/dp/B0B4FKLSS9,Snorlax Store,"NG, Inc."
,B08FRK1BJ9,1,Automotriz y Motocicletas,disponible,disponible,,,2025-10-13T18:57:37.904Z,2025-10-15T16:42:37.963Z,2025-10-16T04:05:58.605Z,6973.12,259.99,"$6,973.12","Sistema de monitoreo de presión de neumáticos GUTA – 8 sensores, 7 modos de alarma, pantalla grande, duración de la batería de resistencia, larga distancia de detección, emparejamiento de sensores inalámbricos, versión de actualización 2021",https://www.amazon.com.mx/dp/B08FRK1BJ9,https://www.amazon.com/dp/B08FRK1BJ9,SRKSB LLC,guta auto parts
,B0972GTS8W,1,Automotriz y Motocicletas,disponible,disponible,,,2025-10-13T18:57:49.182Z,2025-10-15T16:42:46.086Z,2025-10-16T04:06:07.326Z,793.86,18.89,$782.03,"Mangrove - Bolsa de pickleball para hombre y mujer, bolsa ajustable con gancho de cerca, capacidad mejorada, bolsillo de seguridad/soporte para botella de agua, diseño 2020 (verde)",https://www.amazon.com.mx/dp/B0972GTS8W,https://www.amazon.com/dp/B0972GTS8W,Novayu,MANGROVE Direct
,B07S8ZDVDT,1,Automotriz y Motocicletas,disponible,disponible,,,2025-10-13T18:57:49.182Z,2025-10-15T16:42:55.200Z,2025-10-16T04:06:16.565Z,803.77,18.19,$802.39,"Funda para motocicleta para todas las estaciones, calidad climática universal, impermeable, protección solar, para exteriores, refugio, a prueba de desgarros, reflectante nocturno, bolsa de",https://www.amazon.com.mx/dp/B07S8ZDVDT,https://www.amazon.com/dp/B07S8ZDVDT,Amazon Estados Unidos,Eagle Pro USA
,B08SWMFP98,1,Automotriz y Motocicletas,disponible,disponible,,,2025-10-13T18:57:49.182Z,2025-10-15T16:43:04.148Z,2025-10-16T04:06:25.573Z,563.43,9.99,$568.75,"Acelerador de cable de acelerador de 22 mm para 50 cc, 70 cc, 90 cc, 110 cc, 125 cc 250 cc ATV Quad Go Kart TaoTao Pit Bike",https://www.amazon.com.mx/dp/B08SWMFP98,https://www.amazon.com/dp/B08SWMFP98,Amazon Estados Unidos,The Revenant Illumination
,B0CL3XF1JN,1,Automotriz y Motocicletas,disponible,disponible,,,2025-10-13T18:57:49.182Z,2025-10-15T16:43:12.775Z,2025-10-16T04:06:34.204Z,278.05,5.92,$402.72,"UGSHY - 1 tira de calcomanías de 3M para carrocería de coche con calcomanía, 16.4 pies x 0.3 pulgadas, reflectantes, impermeables, visibilidad nocturna, decoración modificada para vehículo, accesorios universales para bricolaje (rojo)",https://www.amazon.com.mx/dp/B0CL3XF1JN,https://www.amazon.com/dp/B0CL3XF1JN,Amazon Estados Unidos,UGSHY-Auto-US
,B0D7VC53L6,1,Automotriz y Motocicletas,disponible,disponible,,,2025-10-13T18:57:49.183Z,2025-10-15T16:43:21.887Z,2025-10-16T04:06:43.610Z,1613.84,32.99,"$1,611.67","YTX12-BS - Batería de motocicleta, 12 V, 10 Ah, recargable, sin mantenimiento, sellada AGM, batería de repuesto para ATV y scooter",https://www.amazon.com.mx/dp/B0D7VC53L6,https://www.amazon.com/dp/B0D7VC53L6,SRKSB LLC,Hykolity
,B09QRMKJ6R,1,Automotriz y Motocicletas,disponible,disponible,,,2025-10-13T18:57:49.183Z,2025-10-15T16:43:29.326Z,2025-10-16T04:06:52.341Z,665.92,14.95,$665.92,"E-PASS Uni Pase de peaje portátil prepagado funciona en 19 estados, incluyendo FL, GA, NC, VA, WV, MD, DE, NJ, NY, PA, MA, RI, NH, ME, OH, IN, IL, KY y MN - Negro",https://www.amazon.com.mx/dp/B09QRMKJ6R,https://www.amazon.com/dp/B09QRMKJ6R,SRKSB LLC,E-PASS
,B0CYP87C7R,1,Automotriz y Motocicletas,disponible,disponible,,,2025-10-13T18:57:49.183Z,2025-10-15T16:43:38.360Z,2025-10-16T04:06:59.848Z,417.04,6.48,$414.02,"6 piezas de manguera de respiradero de motocicleta para tanque de combustible, tubo de ventilación para motocicleta de gas, tubo de respiración universal de aluminio para todas las motocicletas",https://www.amazon.com.mx/dp/B0CYP87C7R,https://www.amazon.com/dp/B0CYP87C7R,SRKSB LLC,ManZhenLi
,B01N6LW7WF,1,Automotriz y Motocicletas,disponible,disponible,,,2025-10-13T18:57:49.183Z,2025-10-15T16:43:46.656Z,2025-10-16T04:07:09.117Z,1438.23,42.99,"$1,432.65","IDEA - Indicador de marcha impermeable para motocicleta, visualización LED verde para Yamaha (rojo)",https://www.amazon.com.mx/dp/B01N6LW7WF,https://www.amazon.com/dp/B01N6LW7WF,SRKSB LLC,Kastonecorp
,B00MBDMBG0,1,Automotriz y Motocicletas,disponible,disponible,,,2025-10-13T18:57:49.183Z,2025-10-15T16:43:54.580Z,2025-10-16T04:07:17.649Z,870.04,36.99,"$1,167.12","RIDE IT FOREVER Palancas de embrague de freno cortas para CBR500R/CB500F/X 2013-2021, GROM 2014-2023, CBR250R 2011-2013, CBR300R CB300F/FA 2014-2022, CB400F/CB400R 2R 2R 201R 201-202 2020-Rojo",https://www.amazon.com.mx/dp/B00MBDMBG0,https://www.amazon.com/dp/B00MBDMBG0,Amazon Estados Unidos,RIDE IT
,B0CYSN4M4L,1,Automotriz y Motocicletas,disponible,disponible,,,2025-10-13T18:57:49.183Z,2025-10-15T16:44:01.928Z,2025-10-16T04:07:34.558Z,2311.09,74.99,"$2,874.97","ROKENPOY - Rampas de goma de elevación de 2 pulgadas, rampas de goma de carga resistente, rampas de 3 toneladas, rampa de pendiente de coche para muelle de carga, bicicleta, vehículo, almacén, acera,",https://www.amazon.com.mx/dp/B0CYSN4M4L,https://www.amazon.com/dp/B0CYSN4M4L,Amazon Estados Unidos,KGx
,B08NBXZJ6L,1,Automotriz y Motocicletas,disponible,disponible,,,2025-10-13T18:57:49.183Z,2025-10-15T16:44:08.124Z,2025-10-16T04:07:44.009Z,789.94,19.75,$789.57,"Espejo retrovisor universal UTV de 1 1/2 ""-2 pulgadas, compatible con Kawasaki Polaris barra rodante redonda, Honda, Yamaha, Kubota John Deer - 98310",https://www.amazon.com.mx/dp/B08NBXZJ6L,https://www.amazon.com/dp/B08NBXZJ6L,SRKSB LLC,Maverick Advantage
,B01M0E4XJO,1,Automotriz y Motocicletas,disponible,disponible,,,2025-10-13T18:57:49.183Z,2025-10-15T16:44:16.247Z,2025-10-16T04:07:52.622Z,1430.9,42.74,"$1,484.49",IDEA Indicador de engranajes de motocicleta impermeable con pantalla LED Plug & Play para Honda (rojo),https://www.amazon.com.mx/dp/B01M0E4XJO,https://www.amazon.com/dp/B01M0E4XJO,SRKSB LLC,Kastonecorp
,B0DP6VFXWC,1,Automotriz y Motocicletas,disponible,no disponible,,,2025-10-13T18:58:00.710Z,2025-10-15T16:44:24.458Z,2025-10-16T04:08:01.605Z,1432.11,,"$1,431.44","Femibon - Alerón trasero para Tesla Model Y 2021-2024 Modelo 3 2021-2024, versión mejorada para múltiples modelos 3/Y, para accesorios modelo Y modelo 3 (negro brillante)",https://www.amazon.com.mx/dp/B0DP6VFXWC,https://www.amazon.com/dp/B0DP6VFXWC,SRKSB LLC,Amazon Resale
,B0DPND28J3,1,Automotriz y Motocicletas,disponible,disponible,,,2025-10-13T18:58:00.710Z,2025-10-15T16:44:33.301Z,2025-10-16T04:08:09.763Z,1120.81,33.99,"$1,232.41","KPY Visor de ventana y protector de lluvia para coche, deflectores de ventilación con cinta adhesiva",https://www.amazon.com.mx/dp/B0DPND28J3,https://www.amazon.com/dp/B0DPND28J3,Amazon Estados Unidos,KPY BizConnect
,B0D632Z8F4,1,Automotriz y Motocicletas,disponible,disponible,,,2025-10-13T18:58:00.710Z,2025-10-15T16:44:41.612Z,2025-10-16T04:08:18.637Z,454.71,6.98,$454.71,"Clips universales para parachoques, kit de liberación rápida para parachoques delantero trasero, soportes para parachoques para coches (4 pestañas negras de liberación rápida y 12 juntas tóricas",https://www.amazon.com.mx/dp/B0D632Z8F4,https://www.amazon.com/dp/B0D632Z8F4,SRKSB LLC,BFXM PARTS
,B085QF28WP,1,Automotriz y Motocicletas,disponible,disponible,,,2025-10-13T18:58:00.710Z,2025-10-15T16:44:50.238Z,2025-10-16T04:08:27.534Z,479.49,7.99,$478.11,"QiqaMole 2 portaplacas de silicón, soporte delantero y trasero para placas, a prueba de óxido y traqueteo, resistente a la intemperie, para coches de serie de Canadá y EE. UU. y 2 portavasos (negro)",https://www.amazon.com.mx/dp/B085QF28WP,https://www.amazon.com/dp/B085QF28WP,Store Global MX,YZfactory2019
,B0D5BH7XVL,1,Automotriz y Motocicletas,disponible,disponible,,,2025-10-13T18:58:00.710Z,2025-10-15T16:44:58.534Z,2025-10-16T04:08:35.513Z,512.23,9.99,$513.62,"Llavero, baterías de repuesto para Honda (CRV Civic Accord Pilot Odyssey HRV Fit Passport Ridgeline Crosstour Insight Clarity CRZ) control remoto inteligente (paquete de 2) (guía de ajuste)",https://www.amazon.com.mx/dp/B0D5BH7XVL,https://www.amazon.com/dp/B0D5BH7XVL,SRKSB LLC,Deluxe Batteries
,B0C24F61K5,1,Automotriz y Motocicletas,disponible,disponible,,,2025-10-13T18:58:00.710Z,2025-10-15T16:45:07.732Z,2025-10-16T04:08:43.883Z,823.81,22.99,$828.06,"GRIDREADY Párpados de faros delanteros para Dodge Challenger Accessories. Angry Eyes Covers se fija al bisel de la luz principal. Compatible con sxt, gt, rt, Shaker, ta, scat Pack, SRT, 392, Hellcat,",https://www.amazon.com.mx/dp/B0C24F61K5,https://www.amazon.com/dp/B0C24F61K5,SRKSB LLC,GRIDREADY
,B0F1T4WG7G,1,Automotriz y Motocicletas,disponible,disponible,,,2025-10-13T18:58:00.711Z,2025-10-15T16:45:16.017Z,2025-10-16T04:08:52.588Z,890.1,24.99,$893.89,"POKUNG - Funda de piel para consola central diseñada para Tesla Model 3 2017-2023/Model Y 2020-2025 (no para modelo Y Juniper), accesorios de consola central para Tesla Model 3/Y accesorios interiores",https://www.amazon.com.mx/dp/B0F1T4WG7G,https://www.amazon.com/dp/B0F1T4WG7G,Ovolos,Tinlucys Official STORE
,B0D737HH4W,1,Automotriz y Motocicletas,disponible,disponible,,,2025-10-13T18:58:00.711Z,2025-10-15T16:45:24.432Z,2025-10-16T04:09:00.111Z,1081.92,29.99,"$1,081.41","ZWPARTS - Cubierta de panel de cambio de cambios compatible con Chevy Trax 2024 2025 (LS, 1RS, LT, 2RS, ACTIV) ABS para accesorios Trax RS 2024 (rojo)",https://www.amazon.com.mx/dp/B0D737HH4W,https://www.amazon.com/dp/B0D737HH4W,SRKSB LLC,pendantd
,B0CQXMKR5L,1,Automotriz y Motocicletas,disponible,disponible,,,2025-10-13T18:58:00.711Z,2025-10-15T16:45:32.380Z,2025-10-16T04:09:08.254Z,860.39,19.99,$860.39,CHIYLE 2024 Tesla Model 3 Highland Glass Techo Sunshine Heat Ultravioleta 2024 Tesla Model 3 Sunshine (Highland) Tasa De Sombreado 99% (Gris),https://www.amazon.com.mx/dp/B0CQXMKR5L,https://www.amazon.com/dp/B0CQXMKR5L,SRKSB LLC,Michael's premium store
,B0CNK4TTXM,1,Automotriz y Motocicletas,disponible,disponible,,,2025-10-13T18:58:00.711Z,2025-10-15T16:45:39.964Z,2025-10-16T04:09:16.320Z,515.9,13.99,$601.17,"Marco de matrícula de mariposas rosadas, hermosos marcos de matrícula de mariposa, accesorios de acero inoxidable, decoración de automóviles con 2 agujeros y tornillos, se adapta a vehículos estándar de EE. UU., tamaño de 12.2 x 6 pulgadas",https://www.amazon.com.mx/dp/B0CNK4TTXM,https://www.amazon.com/dp/B0CNK4TTXM,Amazon Estados Unidos,tengningshangmaogongsi
,B0DFT1BZZ7,1,Automotriz y Motocicletas,disponible,disponible,,,2025-10-13T18:58:00.711Z,2025-10-15T16:45:48.576Z,2025-10-16T04:09:25.509Z,527.74,9.99,$523.22,"Tmengdao Cenicero de coche con tapa, cenicero sin humo para portavasos a prueba de olores, bandeja desmontable de acero inoxidable para cenicero de coche con luz LED automática, para la mayoría de",https://www.amazon.com.mx/dp/B0DFT1BZZ7,https://www.amazon.com/dp/B0DFT1BZZ7,Novayu,Tmengdao
,B07PDRF35F,1,Automotriz y Motocicletas,disponible,disponible,,,2025-10-13T18:58:00.711Z,2025-10-15T16:45:57.370Z,2025-10-16T04:09:34.188Z,828.82,21.99,$828.82,"Kit de reparación de juntas tóricas STC HPOP de 6.0 L 4C3Z-9B246-F para vehículos Ford F250, F350, F450, F550",https://www.amazon.com.mx/dp/B07PDRF35F,https://www.amazon.com/dp/B07PDRF35F,SRKSB LLC,Dade-US
,B0D5GRNVNF,1,Automotriz y Motocicletas,disponible,disponible,,,2025-10-13T18:58:00.711Z,2025-10-15T16:46:05.995Z,2025-10-16T04:09:43.192Z,377.89,15.19,$672.29,"Filtro universal de admisión de aire, limpiador de filtro de aire frío de alto flujo con tapa cerrada, 76 89 102 mm de rendimiento, filtro de aire cónico redondo, filtro de repuesto lavable de alta",https://www.amazon.com.mx/dp/B0D5GRNVNF,https://www.amazon.com/dp/B0D5GRNVNF,zhengzhoushizhengdongxinquaoertebaihuodian,LAINLOY
Bebé,B0BNNXNBT5,1,Automotriz y Motocicletas,disponible,disponible,,,2025-10-13T18:58:00.711Z,2025-10-15T16:50:32.996Z,2025-10-16T04:09:51.974Z,702.62,15.33,$700.30,"2 escobillas de limpiaparabrisas de calidad OEM para BMW X3 2011-2017 BMW X4 2015-2018, estilo original (26 pulgadas + 20 pulgadas)",https://www.amazon.com.mx/dp/B0BNNXNBT5,https://www.amazon.com/dp/B0BNNXNBT5,MARVEL INC.,PEJIEDAS
,B0BYPXWSBN,1,Automotriz y Motocicletas,disponible,disponible,,,2025-10-13T18:58:00.711Z,2025-10-15T16:50:41.124Z,2025-10-16T04:09:59.771Z,721.62,15.99,$607.76,PEJIEDAS - Limpiaparabrisas delantero de 28 pulgadas + 15 pulgadas de repuesto original de calidad OE/fábrica (paquete de 2),https://www.amazon.com.mx/dp/B0BYPXWSBN,https://www.amazon.com/dp/B0BYPXWSBN,Amazon Estados Unidos,PEJIEDAS
,B0DDGZK2V5,1,Automotriz y Motocicletas,disponible,disponible,,,2025-10-13T18:58:10.798Z,2025-10-15T16:50:49.356Z,2025-10-16T04:10:08.565Z,387.96,11.99,$569.22,"Mandark - 2 alerones difusores de parachoques trasero para coche, antiarañazos, difusor de labios trasero para vehículo, protector Canard, kit de alerón para parachoques delantero automático (fibra de",https://www.amazon.com.mx/dp/B0DDGZK2V5,https://www.amazon.com/dp/B0DDGZK2V5,Amazon Estados Unidos,MandarkTech
,B0DRCQLYV5,1,Automotriz y Motocicletas,disponible,disponible,,,2025-10-13T18:58:10.798Z,2025-10-15T16:50:57.112Z,2025-10-16T04:10:16.074Z,471.16,6.99,$470.51,"M12 x 1.75 - Tapón de drenaje de aceite con 5 juntas de drenaje de aceite OEM # EJ7Z-6730-A, tapón de drenaje de aceite recubierto de zinc de hierro compatible con GMC Chevrolet Ford, accesorios de",https://www.amazon.com.mx/dp/B0DRCQLYV5,https://www.amazon.com/dp/B0DRCQLYV5,SRKSB LLC,Figpade
,B0DWTBNNSB,1,Automotriz y Motocicletas,disponible,disponible,,,2025-10-13T18:58:10.798Z,2025-10-15T16:51:05.447Z,2025-10-16T04:10:32.700Z,750.89,13.99,$760.52,"Interruptor de desconexión de batería de encendido/apagado, 12 V, 48 V, aislador de corte de energía de poste lateral para coche, RV, vehículo marino, ATV, barco, interruptores de eliminación",https://www.amazon.com.mx/dp/B0DWTBNNSB,https://www.amazon.com/dp/B0DWTBNNSB,MAYLA LLC,GANETZO
,B07NQF591B,1,Automotriz y Motocicletas,disponible,disponible,,,2025-10-13T18:58:10.798Z,2025-10-15T16:51:13.155Z,2025-10-16T04:10:41.178Z,371.12,4.95,$378.70,PAWACA AC Dash Accents - Kit de reparación de botones de reparación para fijar botones de control de A/C decolorados en ruinas - Reemplazo de calcomanía para vehículos seleccionados 07-15 GM,https://www.amazon.com.mx/dp/B07NQF591B,https://www.amazon.com/dp/B07NQF591B,CATTLESIV,MI_Eleven
,B0CL9SWPYT,1,Automotriz y Motocicletas,disponible,disponible,,,2025-10-13T18:58:10.798Z,2025-10-15T16:51:21.894Z,2025-10-16T04:10:49.953Z,563.43,11.99,$562.05,"HALOBLK - Soporte de monedas de mayor capacidad para organizador de cambio de coche, compatible con la mayoría de automóviles y camiones, negro",https://www.amazon.com.mx/dp/B0CL9SWPYT,https://www.amazon.com/dp/B0CL9SWPYT,Amazon Estados Unidos,HALOBLK Direct
,B0DTTK7KGZ,1,Automotriz y Motocicletas,disponible,disponible,,,2025-10-13T18:58:10.799Z,2025-10-15T16:51:30.974Z,2025-10-16T04:10:58.749Z,,169.99,"$4,436.32","Readair Radiador refrigerante para motor compatible con Nissan Altima 2007 2008 2009 2010 2011 2012 2013 2014 2015 2016 2017 2018, Maxima 2009-2019, 2.5L 3.5L",https://www.amazon.com.mx/dp/B0DTTK7KGZ,https://www.amazon.com/dp/B0DTTK7KGZ,Marca: Readair,Readair
,B0DJ8DXB25,1,Automotriz y Motocicletas,disponible,disponible,,,2025-10-13T18:58:10.799Z,2025-10-15T16:51:38.185Z,2025-10-16T04:11:07.127Z,548.65,9.99,$544.24,"BANGO 7443 - foco LED de respaldo blanco, 7440 7441 7444 T20, superbrillante para luces LED de estacionamiento de freno de cola de respaldo, paquete de 4",https://www.amazon.com.mx/dp/B0DJ8DXB25,https://www.amazon.com/dp/B0DJ8DXB25,SRKSB LLC,BANGO Direct
,B0DGSXXYPN,1,Automotriz y Motocicletas,disponible,disponible,,,2025-10-13T18:58:10.799Z,2025-10-15T16:51:46.113Z,2025-10-16T04:11:15.048Z,783.8,18.8,$782.42,"JINGOU - Limpiaparabrisas de 22 pulgadas + 22 pulgadas, compatible con Ford F-150 Premium 2009-2022 para todas las estaciones, lado del conductor y del pasajero, limpiaparabrisas de repuesto",https://www.amazon.com.mx/dp/B0DGSXXYPN,https://www.amazon.com/dp/B0DGSXXYPN,Amazon Estados Unidos,JINGGOU WIPER
,B0DKCQSGTG,1,Automotriz y Motocicletas,disponible,disponible,,,2025-10-13T18:58:10.799Z,2025-10-15T16:51:54.414Z,2025-10-16T04:11:24.683Z,1992,69.99,"$1,992.00","Espejo lateral del pasajero de repuesto para Toyota Sienna 2011-2020 - Espejo lateral de vidrio calentado, espejos para Toyota Sienna con punto ciego, sin atenuación automática",https://www.amazon.com.mx/dp/B0DKCQSGTG,https://www.amazon.com/dp/B0DKCQSGTG,SRKSB LLC,XinchenSun
,B0DZX3BZJV,1,Automotriz y Motocicletas,disponible,disponible,,,2025-10-13T18:58:10.799Z,2025-10-15T16:52:03.251Z,2025-10-16T04:11:33.385Z,580.29,8.99,$579.51,"M12 x 1.25 tapón magnético de drenaje de aceite, tornillo magnético de acero inoxidable con 5 arandelas de cobre antifugas, reemplazo universal a prueba de fugas, se adapta a la mayoría de coches,",https://www.amazon.com.mx/dp/B0DZX3BZJV,https://www.amazon.com/dp/B0DZX3BZJV,SRKSB LLC,Zikefest AUTO-US
,B0F1FBPXW9,1,Automotriz y Motocicletas,disponible,disponible,,,2025-10-13T18:58:10.799Z,2025-10-15T16:52:10.736Z,2025-10-16T04:11:40.622Z,4579.5,143.99,"$4,579.50","PHOBOOS Compresor A/C con embrague compatible con Hyundai Sonata 2011-2014 L4 2.0L, Kia Optima 2011 L4 2.0L. Enfriamiento rápido, bajo ruido, fácil instalación, Ref. CO-11218C, 178317",https://www.amazon.com.mx/dp/B0F1FBPXW9,https://www.amazon.com/dp/B0F1FBPXW9,SRKSB LLC,PHOBOOSAUTOPARTS
,B09TK42QQG,1,Automotriz y Motocicletas,disponible,disponible,,,2025-10-13T18:58:10.799Z,2025-10-15T16:52:17.540Z,2025-10-16T04:11:48.330Z,515.31,9.99,$515.06,"QiqaMole Paquete de 2 marcos de silicona para matrícula, parte delantera y trasera, soporte para matrícula, a prueba de óxido, resistente a la intemperie, para automóvil estándar de EE. UU. CA y 2 posavasos de agua (blanco/crecimiento)",https://www.amazon.com.mx/dp/B09TK42QQG,https://www.amazon.com/dp/B09TK42QQG,SRKSB LLC,YZfactory2019
,B0DM22H7WD,1,Automotriz y Motocicletas,disponible,disponible,,,2025-10-13T18:58:10.799Z,2025-10-15T16:52:26.379Z,2025-10-16T04:11:57.253Z,506.99,4.99,$506.30,"Cubierta de botón de arranque del motor de coche, tapa de botón de encendido con diamantes de imitación, decoración universal de vidrio para arrancar, accesorios interiores del coche (negro)",https://www.amazon.com.mx/dp/B0DM22H7WD,https://www.amazon.com/dp/B0DM22H7WD,SRKSB LLC,Meorain Store
,B0BNNWWT94,1,Automotriz y Motocicletas,disponible,disponible,,,2025-10-13T18:58:10.799Z,2025-10-15T16:52:34.428Z,2025-10-16T04:12:05.098Z,802.21,19.99,$779.45,"PEJIEDAS 3 escobillas de limpiaparabrisas OEM, limpiaparabrisas de repuesto para Volkswagen Tiguan 2018-2021, 25 pulgadas + 22 pulgadas + 15 pulgadas",https://www.amazon.com.mx/dp/B0BNNWWT94,https://www.amazon.com/dp/B0BNNWWT94,Amazon Estados Unidos,PEJIEDAS
,B097ZQDN73,1,Automotriz y Motocicletas,disponible,disponible,,,2025-10-13T18:58:21.743Z,2025-10-15T16:52:41.030Z,2025-10-16T04:12:14.431Z,489.41,8.99,$491.47,YIZHEN - 2 fundas de silicona para marco de matrícula de coche para matrícula estándar de EE. UU. (azul),https://www.amazon.com.mx/dp/B097ZQDN73,https://www.amazon.com/dp/B097ZQDN73,SRKSB LLC,YZfactory2019
,B0DHWSG5JK,1,Automotriz y Motocicletas,disponible,disponible,,,2025-10-13T18:58:21.743Z,2025-10-15T16:52:48.444Z,2025-10-16T04:12:22.253Z,395.85,4.89,$389.26,"Wevdn - 10 juntas de drenaje de aceite, 14 mm Cooper Crush Washer Juntas de sellado de aceite, juntas de repuesto para automóviles compatibles con OEM PN Part 007603-014106, accesorios de coche",https://www.amazon.com.mx/dp/B0DHWSG5JK,https://www.amazon.com/dp/B0DHWSG5JK,Novayu,Wevdn
,B0DBGH5K7C,1,Automotriz y Motocicletas,disponible,disponible,,,2025-10-13T18:58:21.743Z,2025-10-15T16:52:55.656Z,2025-10-16T04:12:31.628Z,550.3,7.99,$604.52,"Feihuaer - Accesorios para espejo retrovisor de coche, diseño de cruz cristiana Jesús, colgante de metal, para decoración del hogar, recuerdo, regalo de la suerte para hombres y mujeres (rojo)",https://www.amazon.com.mx/dp/B0DBGH5K7C,https://www.amazon.com/dp/B0DBGH5K7C,SRKSB LLC,Fleurifly
,B0D89ZL98Z,1,Automotriz y Motocicletas,disponible,disponible,,,2025-10-13T18:58:21.743Z,2025-10-15T16:53:03.362Z,2025-10-16T04:12:40.161Z,497.37,8.99,$497.88,"HZEL - 2 asas de agarre de barra enrollable, hebilla de metal Oxford con hebilla de paracaídas, accesorios duraderos y fuertes, compatibles con Wrangler JL, JLU, JT, JK, JKU, TJ, LJ y YJ (negro)",https://www.amazon.com.mx/dp/B0D89ZL98Z,https://www.amazon.com/dp/B0D89ZL98Z,SRKSB LLC,whjymy
,B0D86MGKJ2,1,Automotriz y Motocicletas,disponible,disponible,,,2025-10-13T18:58:21.743Z,2025-10-15T16:55:00.347Z,2025-10-16T04:12:49.295Z,530.77,7.59,$529.39,"UBOG - 2 almohadillas para orejas para cinturón de seguridad, fundas para cinturón de seguridad, accesorios de coche, almohadillas para orejas de piel para cinturón de seguridad, funda para cinturón",https://www.amazon.com.mx/dp/B0D86MGKJ2,https://www.amazon.com/dp/B0D86MGKJ2,MaYourStore,TurboRacing Cars
,B0D419KSXP,1,Automotriz y Motocicletas,disponible,disponible,,,2025-10-13T18:58:21.744Z,2025-10-15T16:55:08.279Z,2025-10-16T04:12:56.890Z,869.73,17.99,$868.56,"Juego de 3 limpiaparabrisas de repuesto para Chevrolet Tahoe 2015-2020, juego de limpiaparabrisas de 22 pulgadas + 22 pulgadas + 13 pulgadas (juego de 3) gancho U/J",https://www.amazon.com.mx/dp/B0D419KSXP,https://www.amazon.com/dp/B0D419KSXP,SRKSB LLC,NAVOTY
,B09W9LK6FV,1,Automotriz y Motocicletas,disponible,disponible,,,2025-10-13T18:58:21.744Z,2025-10-15T16:55:15.597Z,2025-10-16T04:13:04.737Z,591.98,16.99,$780.27,"Persianas laterales traseras de coche para camionetas, SUV más grandes de 7 asientos, malla súper elástica, fundas de mosquitero, antideslumbrante, reduce los rayos UV, protección de privacidad",https://www.amazon.com.mx/dp/B09W9LK6FV,https://www.amazon.com/dp/B09W9LK6FV,Amazon Europa,liewove
,B0DDTMSN7Y,1,Automotriz y Motocicletas,disponible,disponible,,,2025-10-13T18:58:21.744Z,2025-10-15T16:55:24.730Z,2025-10-16T04:13:12.936Z,719.09,11.99,$719.09,Escobillas de limpiaparabrisas para automóvil de primera calidad fabricadas con equipo original de Four Seasons de 26 pulgadas + 14 pulgadas + 13 pulgadas (juego de 3) gancho U/J,https://www.amazon.com.mx/dp/B0DDTMSN7Y,https://www.amazon.com/dp/B0DDTMSN7Y,SRKSB LLC,jingdezhenshandoujiqichekejiyouxianzerengongsi
,B0D7V7WBVC,1,Automotriz y Motocicletas,disponible,disponible,,,2025-10-13T18:58:21.744Z,2025-10-15T16:55:32.436Z,2025-10-16T04:13:29.799Z,620.45,12.99,$618.63,"SIXIWANZI - Bomba extractora de aceite de 12 V 60 W, bomba de cambio de aceite, bomba eléctrica para cambio de aceite, extractor portátil de bomba de aceite con 4 abrazaderas de manguera para barco,",https://www.amazon.com.mx/dp/B0D7V7WBVC,https://www.amazon.com/dp/B0D7V7WBVC,SRKSB LLC,XIYUE TRADING
,B0D6GDB8SF,1,Automotriz y Motocicletas,disponible,disponible,,,2025-10-13T18:58:21.744Z,2025-10-15T16:55:41.629Z,2025-10-16T04:13:38.254Z,575.59,11.99,$574.81,"Marco de matrícula con estampado de vaca de girasol, marco de matrícula de vaca café, soporte para placa de coche, 2 agujeros y tornillos",https://www.amazon.com.mx/dp/B0D6GDB8SF,https://www.amazon.com/dp/B0D6GDB8SF,SRKSB LLC,guangzhounijiaoshangmaoyouxiangongsi
,B0D66674X5,1,Automotriz y Motocicletas,disponible,disponible,,,2025-10-13T18:58:21.744Z,2025-10-15T16:55:49.888Z,2025-10-16T04:13:45.520Z,1033.65,29.99,"$1,094.06",TSLDRV - Bandeja organizadora de consola central para Tesla Model Y Juniper Accessories 2025 2026/para Tesla Model 3 Highland Accessories 2024 2025 2026 [Deslizar suavemente/Patente de EE. UU,https://www.amazon.com.mx/dp/B0D66674X5,https://www.amazon.com/dp/B0D66674X5,SRKSB LLC,TSLDRV AUTO
,B0D5QQBMGV,1,Automotriz y Motocicletas,disponible,disponible,,,2025-10-13T18:58:21.744Z,2025-10-15T16:55:57.444Z,2025-10-16T04:13:54.250Z,773.81,18.99,$772.72,"AIGMISON - Extractor de bomba de cambio de aceite de 12 V 80 W, bomba de aceite eléctrica mejorada con protección contra sobrecarga, bomba de transferencia de fluido diesel de aceite de motor, bomba",https://www.amazon.com.mx/dp/B0D5QQBMGV,https://www.amazon.com/dp/B0D5QQBMGV,SRKSB LLC,HATUO
,B0D1G9DQSN,1,Automotriz y Motocicletas,disponible,disponible,,,2025-10-13T18:58:21.744Z,2025-10-15T16:56:06.484Z,2025-10-16T04:14:02.431Z,427.14,6.79,$426.94,Partuto Junta tórica para inyector de combustible – Kit de reparación de junta tórica de coche – para SUZUKI GSXR1000 NBR goma negro – 4 juegos,https://www.amazon.com.mx/dp/B0D1G9DQSN,https://www.amazon.com/dp/B0D1G9DQSN,SRKSB LLC,Part to U
,B0B1P1Q96B,1,Automotriz y Motocicletas,disponible,disponible,,,2025-10-13T18:58:21.744Z,2025-10-15T16:56:13.343Z,2025-10-16T04:14:11.523Z,919.39,19.75,$919.39,"12AN - Manguera de acero inoxidable trenzado de nailon para línea de combustible, manguera de gas de aceite, manguera de línea de aceite, color negro",https://www.amazon.com.mx/dp/B0B1P1Q96B,https://www.amazon.com/dp/B0B1P1Q96B,SRKSB LLC,buripes
,B0D54N91ZT,1,Automotriz y Motocicletas,disponible,disponible,,,2025-10-13T18:58:33.397Z,2025-10-15T16:56:21.029Z,2025-10-16T04:14:19.635Z,935.78,19.99,$935.78,"YOYGAG - Parasol Tesla modelo Y modelo 3, para Tesla modelo 3, accesorios modelo Y 2024, parasol plegable de alta densidad 300T con bolsa organizadora (ultra rojo)",https://www.amazon.com.mx/dp/B0D54N91ZT,https://www.amazon.com/dp/B0D54N91ZT,SRKSB LLC,YOYGAG
,B0D13XPPRN,1,Automotriz y Motocicletas,disponible,disponible,,,2025-10-13T18:58:33.397Z,2025-10-15T16:56:28.470Z,2025-10-16T04:14:27.797Z,676.42,15.99,$666.14,"Interruptor de ventana para puerta de coche, lado izquierdo del conductor, compatible con Toyota Yaris L LE SE 4 puertas, Sedan 2012 2013 2014, sustituye a 74232-52550-C0, cubierta del panel de",https://www.amazon.com.mx/dp/B0D13XPPRN,https://www.amazon.com/dp/B0D13XPPRN,Novayu,Bairuijia
,B0CYGZDC1H,1,Automotriz y Motocicletas,disponible,disponible,,,2025-10-13T18:58:33.397Z,2025-10-15T16:56:35.303Z,2025-10-16T04:14:35.748Z,985.06,22.79,$985.06,TUCKBOLD - Toma de corriente de aire acondicionado para Mercedes-Benz C300 duradera | Panel de ventilación de aire negro 1 juego,https://www.amazon.com.mx/dp/B0CYGZDC1H,https://www.amazon.com/dp/B0CYGZDC1H,SRKSB LLC,Tuckcar
,B0CYFQXY9T,1,Automotriz y Motocicletas,disponible,disponible,,,2025-10-13T18:58:33.397Z,2025-10-15T16:56:43.507Z,2025-10-16T04:14:43.274Z,439.06,9.99,$529.39,"MANSHU - 200 clips de remache de nailon para parachoques, 8 mm de orificio, clips de protección para defensas, clips de plástico para automóviles, remaches de plástico para automóviles",https://www.amazon.com.mx/dp/B0CYFQXY9T,https://www.amazon.com/dp/B0CYFQXY9T,Amazon Estados Unidos,"Fuzhou Ruibin Trading Co., Ltd."
,B07K33WVWY,1,Automotriz y Motocicletas,disponible,disponible,,,2025-10-13T18:58:33.397Z,2025-10-15T16:56:50.938Z,2025-10-16T04:14:52.256Z,1009.36,29,"$1,012.05","Maverick Advantage Espejo de repuesto para equipo pesado de 17,8 x 30,5 cm para cargador frontal, excavadora, líneas de excavadora como Cat. John Deere, Ford, Case, JCB, Volvo, Titan, Link Belt, Doosan.",https://www.amazon.com.mx/dp/B07K33WVWY,https://www.amazon.com/dp/B07K33WVWY,IY Network,Maverick Advantage
,B0CWXJBHFK,1,Automotriz y Motocicletas,disponible,disponible,,,2025-10-13T18:58:33.398Z,2025-10-15T16:56:59.417Z,2025-10-16T04:14:59.690Z,418.35,5.9,$446.09,"Reloj digital para salpicadero de coche, con visualización LCD grande para hora y día, mini reloj para automóvil, camión, salpicadero y ventilación de aire (negro)",https://www.amazon.com.mx/dp/B0CWXJBHFK,https://www.amazon.com/dp/B0CWXJBHFK,SRKSB LLC,hautllaif
,B0CN44W9TN,1,Automotriz y Motocicletas,disponible,disponible,,,2025-10-13T18:58:33.398Z,2025-10-15T16:57:08.151Z,2025-10-16T04:15:08.423Z,385.64,4.19,$384.26,"Calcomanías de reparación de botón de tablero de AC, reparación de botones de control de A/C en ruinas y desteñidos de repuesto compatible con vehículos Chevy, 07-14 GM, accesorios para coche, camión,",https://www.amazon.com.mx/dp/B0CN44W9TN,https://www.amazon.com/dp/B0CN44W9TN,Novayu,JOYCOURT
,B0CLKBMNR7,1,Automotriz y Motocicletas,disponible,disponible,,,2025-10-13T18:58:33.398Z,2025-10-15T16:57:15.293Z,2025-10-16T04:15:16.073Z,403.87,4.24,$414.51,"24 piezas de juntas de drenaje de aceite para arandela de retención, 14 mm de repuesto para Honda/Acura, OEM 94109-14000 Accord Acura Civic Ridgeline Odyssey CRV CR-V Pilot Fit Element",https://www.amazon.com.mx/dp/B0CLKBMNR7,https://www.amazon.com/dp/B0CLKBMNR7,SRKSB LLC,Dcwecher Direct
,B0C4GVKR51,1,Automotriz y Motocicletas,disponible,disponible,,,2025-10-13T18:58:33.398Z,2025-10-15T16:57:22.923Z,2025-10-16T04:15:23.372Z,770.76,16.99,$769.38,"Juego de 2 escobillas de limpiaparabrisas de repuesto para Audi A4/2009-2020 Allroad 2009-2020, juego de 2 escobillas de limpiaparabrisas para equipo original de 24 pulgadas + 20 pulgadas (juego de 2)",https://www.amazon.com.mx/dp/B0C4GVKR51,https://www.amazon.com/dp/B0C4GVKR51,Amazon Estados Unidos,SIMPWIBLD
,B0BZDMN5K4,1,Automotriz y Motocicletas,disponible,disponible,,,2025-10-13T18:58:33.398Z,2025-10-15T16:57:31.947Z,2025-10-16T04:15:33.136Z,563.43,9.99,$562.05,"Filtro de aire KURIMUP CA10013, purificación eficiente del 99%, apto para Honda Odyssey (2005-2010), Pilot (2009-2015), Acura MDX (2007-2009).",https://www.amazon.com.mx/dp/B0BZDMN5K4,https://www.amazon.com/dp/B0BZDMN5K4,Amazon Estados Unidos,Kurimup
,B0C3D4C6TB,1,Automotriz y Motocicletas,disponible,disponible,,,2025-10-13T18:58:33.398Z,2025-10-15T17:14:14.100Z,2025-10-16T04:15:42.510Z,753.6,17.88,$759.29,"SUISFLXGRO Tubo flexible de escape de 2 x 8 pulgadas, tipo universal, 100% acero inoxidable, para vehículos pesados y vehículos",https://www.amazon.com.mx/dp/B0C3D4C6TB,https://www.amazon.com/dp/B0C3D4C6TB,SRKSB LLC,Suisson Exhaust
,B0DPCQV2C3,1,Automotriz y Motocicletas,disponible,disponible,,,2025-10-13T18:58:46.805Z,2025-10-15T17:14:25.273Z,2025-10-16T04:15:51.972Z,518.62,9.99,$516.48,TIRARP H1 - foco para faros delanteros,https://www.amazon.com.mx/dp/B0DPCQV2C3,https://www.amazon.com/dp/B0DPCQV2C3,SRKSB LLC,TIRARP
,B0D4TRKWG3,1,Automotriz y Motocicletas,disponible,disponible,,,2025-10-13T18:58:46.805Z,2025-10-15T17:14:32.143Z,2025-10-16T04:15:59.647Z,704.93,17.7,$702.03,"LokoCar 6AN - Manguera giratoria de 180 grados para manguera trenzada CPE, color negro, 2 unidades",https://www.amazon.com.mx/dp/B0D4TRKWG3,https://www.amazon.com/dp/B0D4TRKWG3,SRKSB LLC,LokoCar
,B0B1BCDNYT,1,Automotriz y Motocicletas,disponible,disponible,,,2025-10-13T18:58:46.805Z,2025-10-15T17:14:39.850Z,2025-10-16T04:16:07.857Z,577.22,11.58,$576.44,"Limpiaparabrisas delantero, 22 pulgadas + 18 pulgadas, limpiaparabrisas con marco de metal, calidad OEM para reemplazo de equipo original (paquete de 2)",https://www.amazon.com.mx/dp/B0B1BCDNYT,https://www.amazon.com/dp/B0B1BCDNYT,SRKSB LLC,PEJIEDAS
,B0DLP8XG7G,1,Automotriz y Motocicletas,disponible,disponible,,,2025-10-13T18:58:46.805Z,2025-10-15T17:14:47.201Z,2025-10-16T04:16:24.512Z,452.36,7.18,$454.70,"Paquete de 2 marcos de matrícula, 2 agujeros negro mate, soporte de matrícula de aluminio con tornillos gratis tapas y herramientas",https://www.amazon.com.mx/dp/B0DLP8XG7G,https://www.amazon.com/dp/B0DLP8XG7G,SRKSB LLC,PBPAO-US
,B0DGDGJMZY,1,Automotriz y Motocicletas,disponible,disponible,,,2025-10-13T18:58:46.805Z,2025-10-15T17:14:53.934Z,2025-10-16T04:16:33.664Z,709.78,15.98,$707.98,"IFATRUNK - Manija exterior cromada para puerta, lado del pasajero delantero, compatible con Silverado Suburban Tahoe Sierra Yukon Escalade 2007-2014, reemplazar 22738722 84053436 80545",https://www.amazon.com.mx/dp/B0DGDGJMZY,https://www.amazon.com/dp/B0DGDGJMZY,SRKSB LLC,IFX Performance
,B09ZTF7VPP,1,Automotriz y Motocicletas,disponible,disponible,,,2025-10-13T18:58:46.805Z,2025-10-15T17:15:01.281Z,2025-10-16T04:16:42.759Z,630.69,11.58,$626.30,"Limpiaparabrisas delantero de 22 pulgadas + 22 pulgadas, calidad OEM para repuesto de equipo original (paquete de 2)",https://www.amazon.com.mx/dp/B09ZTF7VPP,https://www.amazon.com/dp/B09ZTF7VPP,SRKSB LLC,PEJIEDAS
,B07P9TCLG5,1,Automotriz y Motocicletas,disponible,disponible,,,2025-10-13T18:58:46.805Z,2025-10-15T17:15:09.723Z,2025-10-16T04:16:51.019Z,547.99,8.99,$545.92,"Ramtech 4 Pack Car Windshield Adhesive Suction Cups Replacement Kit for Florida SunPass Transponder and Mini EZ-Pass Clip Toll Pass, SCSP",https://www.amazon.com.mx/dp/B07P9TCLG5,https://www.amazon.com/dp/B07P9TCLG5,SRKSB LLC,Ramtech Electronics
,B09HS56MPD,1,Automotriz y Motocicletas,disponible,disponible,,,2025-10-13T18:58:46.805Z,2025-10-15T17:15:18.307Z,2025-10-16T04:16:58.730Z,541.42,8.59,$541.42,"Cenicero con tapa, cenicero sin humo para maleza, cenicero resistente al viento para cigarrillos en interiores o exteriores, bandeja de madera + acero inoxidable para decoración de hogar, oficina, patio, jardín, portátil",https://www.amazon.com.mx/dp/B09HS56MPD,https://www.amazon.com/dp/B09HS56MPD,SRKSB LLC,VViN Flagship Store
,B098ST1ZG6,1,Automotriz y Motocicletas,disponible,disponible,,,2025-10-13T18:58:46.805Z,2025-10-15T17:15:26.295Z,2025-10-16T04:17:06.967Z,516.65,13.99,$601.17,"Divertido marco de placa de matrícula con texto humor Jesús guarda de calidad cristiana de metal de aluminio negro con 2 agujeros y tornillos de 30,5 x 15,2 cm decoración para vehículos estadounidenses estándar para mujeres y hombres",https://www.amazon.com.mx/dp/B098ST1ZG6,https://www.amazon.com/dp/B098ST1ZG6,Amazon Estados Unidos,gaoxiaonan
,B082SXFJX4,1,Automotriz y Motocicletas,disponible,disponible,,,2025-10-13T18:58:46.806Z,2025-10-15T17:15:34.047Z,2025-10-16T04:17:14.951Z,1038.38,27.8,"$1,037.90","Yiz Dash Cover Cubierta Pad Mat Personalizada para GMC Sierra 1997-2017, Chevy Chevrolet Silverado 1997-2017, 14-17 marrón, Estándar",https://www.amazon.com.mx/dp/B082SXFJX4,https://www.amazon.com/dp/B082SXFJX4,SRKSB LLC,autoking
,B098SMJ5ZX,1,Automotriz y Motocicletas,disponible,disponible,,,2025-10-13T18:58:46.806Z,2025-10-15T17:15:41.980Z,2025-10-16T04:17:23.328Z,516.46,13.99,$601.17,"Divertido marco de placa de matrícula con texto humor Adventure Awaits de metal de aluminio negro de calidad con 2 agujeros y tornillos de 30,5 x 15,2 cm decoración para vehículos estadounidenses estándar para mujeres y hombres",https://www.amazon.com.mx/dp/B098SMJ5ZX,https://www.amazon.com/dp/B098SMJ5ZX,Amazon Estados Unidos,gaoxiaonan
,B07KLG5KGP,1,Automotriz y Motocicletas,disponible,disponible,,,2025-10-13T18:58:46.806Z,2025-10-15T17:15:49.514Z,2025-10-16T04:17:31.289Z,2836.79,99.99,"$2,842.63","Kit de luces de paso de niebla de 4.5 pulgadas, compatible con Road King, Ultra Classic Electra Street Glide Tri Cvo Heritage Softail Slim Deluxe Fatboy (negro)",https://www.amazon.com.mx/dp/B07KLG5KGP,https://www.amazon.com/dp/B07KLG5KGP,Tierra Viva,YEEGO DIRECT
,B0D471VP1W,1,Automotriz y Motocicletas,disponible,disponible,,,2025-10-13T18:58:46.806Z,2025-10-15T17:15:56.515Z,2025-10-16T04:17:39.832Z,906.63,23.99,$911.76,"Juego de 1240 clips de retención de coche y sujetadores – 32 tamaños universales parachoques de nailon, remaches de guardabarros, clips de panel de puerta y remaches de plástico con 10 bridas de",https://www.amazon.com.mx/dp/B0D471VP1W,https://www.amazon.com/dp/B0D471VP1W,SRKSB LLC,moonateen
,B0DBLBX26D,1,Automotriz y Motocicletas,disponible,disponible,,,2025-10-13T18:59:01.016Z,2025-10-15T17:16:05.272Z,2025-10-16T04:17:48.742Z,478.72,5.59,$484.01,"KHGUZ - Funda de asiento para reposabrazos de coche, cómoda almohadilla de piel para consola central automotriz, suave e impermeable, protector de reposabrazos para vehículo, universal para RV, SUV,",https://www.amazon.com.mx/dp/B0DBLBX26D,https://www.amazon.com/dp/B0DBLBX26D,SRKSB LLC,GTzhongyimaoyi
,B07TYD1TX8,1,Automotriz y Motocicletas,disponible,disponible,,,2025-10-13T18:59:01.016Z,2025-10-15T17:16:12.957Z,2025-10-16T04:17:56.950Z,606.42,13.59,$606.42,"Soportes de montaje de barra de luz LED universales, soportes de montaje en capó, abrazadera de pilar, soporte de luz de trabajo de acero inoxidable 304 para todoterreno, coche, jeep, camión, SUV, 2",https://www.amazon.com.mx/dp/B07TYD1TX8,https://www.amazon.com/dp/B07TYD1TX8,SRKSB LLC,NORTHYUN
,B0DJ7GRNGJ,1,Automotriz y Motocicletas,disponible,disponible,,,2025-10-13T18:59:01.016Z,2025-10-15T17:16:20.555Z,2025-10-16T04:18:05.492Z,759.89,19.99,$759.89,"Kaiedos - Manija de puerta de coche para ancianos – 2025 nuevo 3 en 1 asistencia para manijas de coche, 2 unidades de bastón de coche, barra de asistencia para puerta, carga máxima de 500 libras",https://www.amazon.com.mx/dp/B0DJ7GRNGJ,https://www.amazon.com/dp/B0DJ7GRNGJ,SRKSB LLC,Kaiedos
,B0D8YCXLVB,1,Automotriz y Motocicletas,disponible,disponible,,,2025-10-13T18:59:01.016Z,2025-10-15T17:16:28.364Z,2025-10-16T04:18:14.600Z,445.32,5.99,$448.55,"BFXM - Interruptor de arranque de botón de 12 V 50 A, impermeable, interruptor de arranque momentáneo para motor de coche, botón de arranque para camión, barco, ATV",https://www.amazon.com.mx/dp/B0D8YCXLVB,https://www.amazon.com/dp/B0D8YCXLVB,SRKSB LLC,BFXM PARTS
,B0CWKM9NMK,1,Automotriz y Motocicletas,disponible,disponible,,,2025-10-13T18:59:01.016Z,2025-10-15T17:16:36.154Z,2025-10-16T04:18:23.519Z,948.28,25.99,$947.83,"SWIPEX - Escobilla de limpiaparabrisas de silicona duradera 100% silicona para una resistencia y visibilidad superiores a la intemperie, kit de montaje universal multiadaptador, fabricado en Corea",https://www.amazon.com.mx/dp/B0CWKM9NMK,https://www.amazon.com/dp/B0CWKM9NMK,SRKSB LLC,BEYOND_LifeStyle
,B0CVVSPHF4,1,Automotriz y Motocicletas,disponible,disponible,,,2025-10-13T18:59:01.016Z,2025-10-15T17:16:44.097Z,2025-10-16T04:18:33.314Z,722.1,15.99,$766.03,"PJLJY - Visera polarizada para coche con organizador, extensión de visera ajustable mejorada, hecha a mano de piel sintética universal que protege del deslumbramiento del sol, los rayos UV, la ceguera",https://www.amazon.com.mx/dp/B0CVVSPHF4,https://www.amazon.com/dp/B0CVVSPHF4,SRKSB LLC,PGHKY-US
,B0C4GQFX4R,1,Automotriz y Motocicletas,disponible,disponible,,,2025-10-13T18:59:01.016Z,2025-10-15T17:18:27.570Z,2025-10-16T04:18:42.113Z,834.97,18.69,$834.97,"Vanmirr Espejo de Tocador con Visera Solar para Automóvil, Espejo Led Grande para Automóvil con 3 Modos de Luz Y 80 Led, Espejo de Maquillaje Recargable para Automóvil, Control Táctil Regulable, Espej",https://www.amazon.com.mx/dp/B0C4GQFX4R,https://www.amazon.com/dp/B0C4GQFX4R,SRKSB LLC,Wanmikechuang-US
,B0C8NQNYPQ,1,Automotriz y Motocicletas,disponible,disponible,,,2025-10-13T18:59:01.016Z,2025-10-15T17:18:36.242Z,2025-10-16T04:18:51.561Z,724.12,13.99,$724.12,"VekAuto - perilla de palanca de cambios, 15 cm, vidrio sintético, transparente, para transmisión manual, vehículo, acrílico, duradero, rojo, con adaptador",https://www.amazon.com.mx/dp/B0C8NQNYPQ,https://www.amazon.com/dp/B0C8NQNYPQ,SRKSB LLC,Autofind
,B0BNKL9NLQ,1,Automotriz y Motocicletas,disponible,disponible,,,2025-10-13T18:59:01.017Z,2025-10-15T17:18:44.784Z,2025-10-16T04:18:59.232Z,652.65,13.99,$651.76,"PEJIEDAS - 2 limpiaparabrisas delantero, escobilla de limpiaparabrisas de primera calidad (24 pulgadas + 20 pulgadas) tipo gancho",https://www.amazon.com.mx/dp/B0BNKL9NLQ,https://www.amazon.com/dp/B0BNKL9NLQ,SRKSB LLC,PEJIEDAS
,B0BD3VHJPW,1,Automotriz y Motocicletas,disponible,disponible,,,2025-10-13T18:59:01.017Z,2025-10-15T17:18:53.317Z,2025-10-16T04:19:07.819Z,507.07,13.99,$601.17,"Tira de luz LED para coche, luces interiores azules para camiones, 30 cm, 15 SMD IP67, impermeable, luces subterráneas para coche, motocicleta, barco, carrito de golf, decoración del hogar con cinta",https://www.amazon.com.mx/dp/B0BD3VHJPW,https://www.amazon.com/dp/B0BD3VHJPW,Amazon Estados Unidos,DUOFU365
,B09PL87W98,1,Automotriz y Motocicletas,disponible,disponible,,,2025-10-13T18:59:01.017Z,2025-10-15T17:19:01.728Z,2025-10-16T04:19:24.359Z,1339.97,36.09,"$1,339.97",Viseras de ventana Protectores de lluvia,https://www.amazon.com.mx/dp/B09PL87W98,https://www.amazon.com/dp/B09PL87W98,SRKSB LLC,‎Amzayard
,B09PD2H4BS,1,Automotriz y Motocicletas,disponible,disponible,,,2025-10-13T18:59:01.017Z,2025-10-15T17:19:10.209Z,2025-10-16T04:19:32.922Z,515.15,13.99,$601.17,Marco de matrícula de flores abstractas de paz con hongos y marcos decorativos personalizados de metal de aluminio para automóvil con 2 agujeros y tornillos de 12 x 6 pulgadas para vehículos estadounidenses estándar para mujeres y hombres,https://www.amazon.com.mx/dp/B09PD2H4BS,https://www.amazon.com/dp/B09PD2H4BS,Amazon Estados Unidos,gaoxiaonan
,B09MQSL1G5,1,Automotriz y Motocicletas,disponible,disponible,,,2025-10-13T18:59:01.017Z,2025-10-15T17:19:16.767Z,2025-10-16T04:19:40.898Z,843.68,21.99,$843.29,"Almohadilla calefactora de silicona para motor de coche, 150 W, 120 V, 10,16 x 12,7 cm, cable de alimentación autoadhesivo de 172,7 cm de largo",https://www.amazon.com.mx/dp/B09MQSL1G5,https://www.amazon.com/dp/B09MQSL1G5,SRKSB LLC,BIG WAVE TOOL
,B09MQCC8N2,1,Automotriz y Motocicletas,disponible,disponible,,,2025-10-13T18:59:01.017Z,2025-10-15T17:19:24.310Z,2025-10-16T04:19:49.660Z,517.4,13.99,$601.17,"John 3:16 Jesus Loves You - Marco de matrícula de aluminio de calidad divertido negro para coche con 2 agujeros y tornillos, decoración de vehículos de Estados Unidos, regalos estándar para mujeres y hombres",https://www.amazon.com.mx/dp/B09MQCC8N2,https://www.amazon.com/dp/B09MQCC8N2,Amazon Estados Unidos,gaoxiaonan
,B09M82MB3N,1,Automotriz y Motocicletas,disponible,disponible,,,2025-10-13T18:59:01.017Z,2025-10-15T17:19:30.665Z,2025-10-16T04:19:57.682Z,464.23,13.99,$601.17,"Marcos de matrícula de la bandera de Italia, de metal de calidad, diseño patriótico, color negro, con 4 agujeros y tornillos, 12 x 6 pulgadas, decoración para vehículos de Estados Unidos, perfecto para mujeres y hombres",https://www.amazon.com.mx/dp/B09M82MB3N,https://www.amazon.com/dp/B09M82MB3N,Amazon Estados Unidos,gaoxiaonan
,B098SQ7N23,1,Automotriz y Motocicletas,disponible,disponible,,,2025-10-13T18:59:01.017Z,2025-10-15T17:19:37.821Z,2025-10-16T04:20:06.243Z,518.15,13.99,$601.17,"Divertido marco de matrícula con texto si usted va a montar mi culo en menos tire mi pelo de aluminio de calidad negro con 2 agujeros y tornillos de 30,5 cm x 15,2 cm para vehículos estadounidenses estándar para mujeres hombres",https://www.amazon.com.mx/dp/B098SQ7N23,https://www.amazon.com/dp/B098SQ7N23,Amazon Estados Unidos,gaoxiaonan
,B082F46YFH,1,Automotriz y Motocicletas,disponible,disponible,,,2025-10-13T18:59:15.084Z,2025-10-15T17:19:45.076Z,2025-10-16T04:20:13.991Z,810.86,35.99,"$1,184.14","Volante o adaptador para carrito de golf para carrito de golf, club, coche, DS y club Car Precedent EZGO Yamaha (volante negro gris)",https://www.amazon.com.mx/dp/B082F46YFH,https://www.amazon.com/dp/B082F46YFH,Amazon Estados Unidos,LEAPGOMAX Golf Cart Accessories
,B074WNPPFC,1,Automotriz y Motocicletas,disponible,disponible,,,2025-10-13T18:59:15.084Z,2025-10-15T17:19:53.550Z,2025-10-16T04:20:22.422Z,1071.4,31.99,"$1,110.22","Nueva llegada – Univesal Coche Dos fundas para asientos delanteros de piel sintética Airbag compatible transpirable, Negro (Full Black)",https://www.amazon.com.mx/dp/B074WNPPFC,https://www.amazon.com/dp/B074WNPPFC,CATTLESIV,SMART TRADE LTD
,B0CPP46GV6,1,Automotriz y Motocicletas,disponible,disponible,,,2025-10-13T18:59:15.084Z,2025-10-15T17:20:01.192Z,2025-10-16T04:20:31.470Z,605.32,21.99,$814.77,"Datanly - 4 piezas de 4 piezas de suspensión de escape de alta resistencia, soporte universal para herramientas de extracción de uso universal, soporte de repuesto para automóvil, barra de 3/8",https://www.amazon.com.mx/dp/B0CPP46GV6,https://www.amazon.com/dp/B0CPP46GV6,Amazon Estados Unidos,JiaoXean
,B0130PYIUO,1,Automotriz y Motocicletas,disponible,disponible,,,2025-10-13T18:59:15.084Z,2025-10-15T17:20:08.884Z,2025-10-16T04:20:39.155Z,1862.59,74.95,"$2,264.28",Nueva Starter Tecumseh Motores de 120 voltios,https://www.amazon.com.mx/dp/B0130PYIUO,https://www.amazon.com/dp/B0130PYIUO,Amazon Estados Unidos,NthGear
,B0DB7KQTF8,1,Automotriz y Motocicletas,disponible,disponible,,,2025-10-13T18:59:26.971Z,2025-10-15T17:20:16.222Z,2025-10-16T04:20:46.970Z,533.99,39.99,"$1,241.04","visualización táctil de repuesto B61A611J0 Fit 2017 2018 Mazda 3 Sport GPS Navigation Radio, visualización táctil de 7 pulgadas, digitalizador de vidrio compatible con GPS Mazda 3 Alexa Car Display",https://www.amazon.com.mx/dp/B0DB7KQTF8,https://www.amazon.com/dp/B0DB7KQTF8,MXHOLA,TsuperU NAV Screen
Bebé,B0DTDJFKDL,1,Automotriz y Motocicletas,disponible,disponible,,,2025-10-13T18:59:26.972Z,2025-10-15T17:20:23.939Z,2025-10-16T04:20:55.166Z,668.53,15.99,$667.63,"Zendstanding - Juguetes de asiento de coche para bebés, 0 a 6 meses, juguete de actividad para carriola de bebé negro y blanco en espiral, juguetes de felpa para recién nacidos de alto contraste",https://www.amazon.com.mx/dp/B0DTDJFKDL,https://www.amazon.com/dp/B0DTDJFKDL,SRKSB LLC,SIRL
,B0D95ZLH9C,1,Automotriz y Motocicletas,disponible,disponible,,,2025-10-13T18:59:36.254Z,2025-10-15T17:20:32.531Z,2025-10-16T04:21:03.547Z,506.04,9.99,$506.04,"Onarieer - Grasa de litio blanca, lubricante multiusos con cepillo para polvo, lubricante para bisagras de puerta de cochera para aplicaciones de metal a metal, ideal para uso automotriz, marino e",https://www.amazon.com.mx/dp/B0D95ZLH9C,https://www.amazon.com/dp/B0D95ZLH9C,SRKSB LLC,Prowithlin US
,B0828G5B6V,1,Automotriz y Motocicletas,disponible,disponible,,,2025-10-13T18:59:36.255Z,2025-10-15T17:20:41.952Z,2025-10-16T04:21:11.380Z,1010.03,29.99,"$1,013.52",KEYO1E Antena corta compatible con Chevy Silverado 1500 2007-2025 / bobina interna de cobre para recepción optimizada FM AM / reemplazo de antena de 4.8 pulgadas,https://www.amazon.com.mx/dp/B0828G5B6V,https://www.amazon.com/dp/B0828G5B6V,SRKSB LLC,POISON SCORPION
,B0C5LWTK76,1,Automotriz y Motocicletas,disponible,disponible,,,2025-10-13T18:59:48.439Z,2025-10-15T17:20:50.140Z,2025-10-16T04:21:18.720Z,757.87,17.99,$747.83,"DOKIKO - 200 tabletas líquidas para limpiaparabrisas de coche, 1 paquete de 210 galones de líquido, 1 pieza de 1.05 galones (invierno: uso con descongelador o metanol)",https://www.amazon.com.mx/dp/B0C5LWTK76,https://www.amazon.com/dp/B0C5LWTK76,SRKSB LLC,Annozan
,B0CMT36HKH,1,Automotriz y Motocicletas,disponible,disponible,,,2025-10-13T18:59:48.439Z,2025-10-15T17:20:57.546Z,2025-10-16T04:21:26.077Z,11368.88,399.99,"$11,924.20","DK Generador inversor de combustible dual de 3000 W, alimentado por gas LPG, silencioso, ligero, listo para paralelo, alerta CO, compatible con EPA, para caravanas al aire última intervensión y",https://www.amazon.com.mx/dp/B0CMT36HKH,https://www.amazon.com/dp/B0CMT36HKH,WorldofLina,DINKING DIRECT
,B07WNBBK8V,1,Automotriz y Motocicletas,disponible,disponible,,,2025-10-13T18:59:48.439Z,2025-10-15T17:26:14.087Z,2025-10-16T04:21:34.566Z,1647.81,48.5,"$1,647.81",Líquido transhidráulico original OEM Kubоtа de 1 galón Super Udt2 de un galón,https://www.amazon.com.mx/dp/B07WNBBK8V,https://www.amazon.com/dp/B07WNBBK8V,SRKSB LLC,SHOEFRENZY
,B0D2LXRKQZ,1,Automotriz y Motocicletas,disponible,disponible,,,2025-10-13T18:59:48.439Z,2025-10-15T17:26:21.632Z,2025-10-16T04:21:43.424Z,520.82,9.99,$520.82,Pilas de repuesto para mando a distancia Hyundai (Elantra Sonata Santa Fe Tucson Palisade Kona Accent Santa Cruz Venue Genesis Ioniq Azera Veracruz) (paquete de 2) (guía de ajuste),https://www.amazon.com.mx/dp/B0D2LXRKQZ,https://www.amazon.com/dp/B0D2LXRKQZ,SRKSB LLC,Deluxe Batteries
,B0D8W24YBR,1,Automotriz y Motocicletas,disponible,disponible,,,2025-10-13T18:59:58.344Z,2025-10-15T17:26:30.210Z,2025-10-16T04:21:52.677Z,527.64,9.99,$517.91,"Pinza de freno, grasa de cobre, lubricante antiagarrotamiento, preventivo de corrosión a altas temperaturas, protector de terminales de batería, conexión eléctrica, pernos de rosca de bujía, 1 onzas,",https://www.amazon.com.mx/dp/B0D8W24YBR,https://www.amazon.com/dp/B0D8W24YBR,Novayu,BTAS LUBE
,B0BZWX15PW,1,Automotriz y Motocicletas,disponible,disponible,,,2025-10-13T18:59:58.344Z,2025-10-15T17:26:38.944Z,2025-10-16T04:22:01.569Z,654.92,15.99,$654.61,"Solución de líquido de humo para pruebas de máquinas de humo automotrices, fabricado en Estados Unidos, repuesto de humo líquido de 8 onzas, diseñado para pruebas automotrices, EVAP, aspiradora, combustible, admisión, escape, sistemas turbos y supercargadores",https://www.amazon.com.mx/dp/B0BZWX15PW,https://www.amazon.com/dp/B0BZWX15PW,SRKSB LLC,Samorillo
,B07SN259RP,1,Automotriz y Motocicletas,disponible,disponible,,,2025-10-13T18:59:58.344Z,2025-10-15T17:26:47.796Z,2025-10-16T04:22:17.779Z,1487.13,47.89,"$1,486.43","MotorPower Care La mejor solución de limpieza para el filtro de partículas diésel DPF, no necesita desmontaje, rápido y efectivo",https://www.amazon.com.mx/dp/B07SN259RP,https://www.amazon.com/dp/B07SN259RP,SRKSB LLC,MotorPower Care
,B0CRV11QST,1,Automotriz y Motocicletas,disponible,disponible,,,2025-10-13T18:59:58.345Z,2025-10-15T17:26:56.519Z,2025-10-16T04:22:25.778Z,566.69,13.29,$601.17,"Llavero de repuesto para coche Chevy Equinox 2010-2017, Chevrolet Sonic/GMC Terrain (OHT01060512), mando a distancia sin llave (juego de 1)",https://www.amazon.com.mx/dp/B0CRV11QST,https://www.amazon.com/dp/B0CRV11QST,CATTLESIV,LeStarer
,B000KXLR5E,1,Automotriz y Motocicletas,disponible,disponible,,,2025-10-13T19:00:09.895Z,2025-10-15T17:27:04.443Z,2025-10-16T04:22:34.701Z,595.21,13.71,$598.28,"AGS SIL-Glyde - Compuesto lubricante Multiusos para Todo Tipo de Clima, para Todas Las Superficies, Tubo de 8 onzas",https://www.amazon.com.mx/dp/B000KXLR5E,https://www.amazon.com/dp/B000KXLR5E,SRKSB LLC,AGS Automotive Solutions
,B0D7CH55VV,1,Automotriz y Motocicletas,disponible,disponible,,,2025-10-13T19:00:09.896Z,2025-10-15T17:27:13.098Z,2025-10-16T04:22:44.586Z,514.63,9.97,$516.02,"Llavero, baterías de repuesto para Toyota CR2032 (paquete de 2) para RAV4 Camry Corolla Highlander Prius Sienna Tacoma Tundra 4Runner Avalon CHR Sequioa Supra GR86 Smart Remote Battery (guía de ajuste",https://www.amazon.com.mx/dp/B0D7CH55VV,https://www.amazon.com/dp/B0D7CH55VV,SRKSB LLC,BBXSA-USA
,B0BQXHSTDF,1,Automotriz y Motocicletas,disponible,disponible,,,2025-10-13T19:00:09.896Z,2025-10-15T17:27:20.617Z,2025-10-16T04:22:53.560Z,8995.42,302.99,"$9,437.93","Aceup Energy - Generador inversor portátil de 2300 W, generador de gas súper silencioso para uso doméstico, compatible con EPA, ligero listo para RV",https://www.amazon.com.mx/dp/B0BQXHSTDF,https://www.amazon.com/dp/B0BQXHSTDF,ARNO-STORE,Aceup Energy
Bebé,B0D3D2Q4DV,1,Automotriz y Motocicletas,disponible,disponible,,,2025-10-13T19:00:09.896Z,2025-10-15T17:27:30.175Z,2025-10-16T04:23:02.710Z,455.21,9.49,$502.76,"Juego de 2 correas de asiento de coche para bebé, paquete de 2 correas de asiento de coche de unicornio, almohadillas para orejas de hombro para cinturón de seguridad para asientos de coche de bebé",https://www.amazon.com.mx/dp/B0D3D2Q4DV,https://www.amazon.com/dp/B0D3D2Q4DV,Amazon Estados Unidos,zaitu
,B0D82DMWDB,1,Automotriz y Motocicletas,disponible,disponible,,,2025-10-13T19:00:09.896Z,2025-10-15T17:27:38.964Z,2025-10-16T04:23:11.970Z,630.26,14.99,$629.97,Llaveros de repuesto para Audi (A3 A4 A5 A6 A7 A8 Q3 Q4 Q5 Q6 Q7 Q8 R8 RS RS3 RS5 RS6 RS7 S3 S4 S5 S6 S7 S8 SQ5 SQ7 SQ8 TT Allroad Sportretroretroretroretroretroattro) Mando a distancia (paquete de 2),https://www.amazon.com.mx/dp/B0D82DMWDB,https://www.amazon.com/dp/B0D82DMWDB,SRKSB LLC,Deluxe Batteries
Bebé,B01LBRDARU,1,Automotriz y Motocicletas,disponible,disponible,,,2025-10-13T19:00:09.897Z,2025-10-15T17:27:47.888Z,2025-10-16T04:23:20.070Z,1400.23,47.99,"$1,479.36",Gorla Premium Universal Fit Waterproof Car Seat Cover,https://www.amazon.com.mx/dp/B01LBRDARU,https://www.amazon.com/dp/B01LBRDARU,Premium Global,"Dabs Enterprises, LLC"
Bebé,B0BGLS29S3,1,Automotriz y Motocicletas,disponible,disponible,,,2025-10-13T19:00:21.258Z,2025-10-15T17:27:56.174Z,2025-10-16T04:23:29.827Z,786.02,18.99,$794.86,"Lynncare - Juguete para asiento de coche, espejo para coche de bebé, centro de actividades de viaje, juguetes para colgar para bebés, bebés de 0 a 6 a 12 a 18 meses",https://www.amazon.com.mx/dp/B0BGLS29S3,https://www.amazon.com/dp/B0BGLS29S3,SRKSB LLC,Lynncare
,B0DFGSDWRM,1,Automotriz y Motocicletas,disponible,disponible,,,2025-10-13T19:00:21.258Z,2025-10-15T17:28:04.121Z,2025-10-16T04:23:38.215Z,369,8.09,$456.12,"ATQYZLM - Arnés de cableado de remolque de 22 pies, 4 pines y 5 cables, protegido por tubo de red de nailon, kit de cableado de cobre puro para remolque, recableado de luz trasera, impermeable,",https://www.amazon.com.mx/dp/B0DFGSDWRM,https://www.amazon.com/dp/B0DFGSDWRM,Moon7-XJ,ATQYZLM direct
,B0CX5FFYHZ,1,Automotriz y Motocicletas,disponible,disponible,,,2025-10-13T19:00:21.258Z,2025-10-15T17:28:12.802Z,2025-10-16T04:23:45.552Z,941.06,27.42,$938.38,"d Dash Cam Auto,1080P FHD Dash Cam con Schermo IPS da 3"", Grandangolo 176°, Telecamera per Auto con Scheda SD 32G, Visione Notturna,Registrazione in Loop,Modalità Parcheggio,Sensore G,WDR",https://www.amazon.com.mx/dp/B0CX5FFYHZ,https://www.amazon.com/dp/B0CX5FFYHZ,SRKSB LLC,Yibor
,B0CPW4JN9M,1,Automotriz y Motocicletas,disponible,disponible,,,2025-10-13T19:00:32.049Z,2025-10-15T17:28:20.189Z,2025-10-16T04:23:53.961Z,541.81,9.99,$542.56,Power Performance Premium - Aceite de 2 ciclos de 16 onzas fácil de medir,https://www.amazon.com.mx/dp/B0CPW4JN9M,https://www.amazon.com/dp/B0CPW4JN9M,SRKSB LLC,"BrandNewEngines, Inc"
,B0B4S9BN68,1,Automotriz y Motocicletas,disponible,disponible,,,2025-10-13T19:00:32.050Z,2025-10-15T17:28:29.256Z,2025-10-16T04:24:02.361Z,888,17.99,$592.95,"Correas de gancho de puerta de amarre de carga, kits de correas de techo universales para bolsa de techo de coche, 6 correas compatibles con la mayoría de equipaje superior de coche, impermeable, más sólido, patente registrada",https://www.amazon.com.mx/dp/B0B4S9BN68,https://www.amazon.com/dp/B0B4S9BN68,NEXUSMART ME,KUZARO-US
,B0DMRZ8FZ2,1,Automotriz y Motocicletas,disponible,disponible,,,2025-10-13T19:00:32.050Z,2025-10-15T17:28:37.331Z,2025-10-16T04:24:10.662Z,418.6,6,$416.88,NC Quick Pass - Transpondedor calcomanía - NC Toll Roads - Funciona en 19 estados (2),https://www.amazon.com.mx/dp/B0DMRZ8FZ2,https://www.amazon.com/dp/B0DMRZ8FZ2,SRKSB LLC,TAGAAS LLC
,B06XNM7GNS,1,Automotriz y Motocicletas,disponible,disponible,,,2025-10-13T19:00:43.522Z,2025-10-15T17:28:45.558Z,2025-10-16T04:24:19.626Z,606.23,13.69,$593.71,NOAUKA Waterproof IP68 Night Vision 170 Degree Car Rear view/Reversing/Reverse Camera Universal Color CMOS Imaging Chip Backup Parking HD Front View Camera,https://www.amazon.com.mx/dp/B06XNM7GNS,https://www.amazon.com/dp/B06XNM7GNS,SRKSB LLC,NOAUKA
,B0B4MYP24M,1,Automotriz y Motocicletas,disponible,disponible,,,2025-10-13T19:00:56.250Z,2025-10-15T17:28:52.685Z,2025-10-16T04:24:27.265Z,7741.55,237.49,"$8,497.70","Young - Plataforma de enganche de 4 bicicletas para coches, camiones, SUV, minivans, enganche de 2 pulgadas",https://www.amazon.com.mx/dp/B0B4MYP24M,https://www.amazon.com/dp/B0B4MYP24M,ergunstore,FUSA Official
,B0CLT3JW3C,1,Automotriz y Motocicletas,disponible,disponible,,,2025-10-13T19:00:56.250Z,2025-10-15T17:57:57.683Z,2025-10-16T04:24:36.694Z,618.92,14.2,$621.53,"AGS Automotive Solutions - Compuesto de grasa de silicona dieléctrica para todos los componentes eléctricos y conectores, 8 onzas",https://www.amazon.com.mx/dp/B0CLT3JW3C,https://www.amazon.com/dp/B0CLT3JW3C,SRKSB LLC,AGS Automotive Solutions
Bebé,B08YRG87LJ,1,Automotriz y Motocicletas,disponible,disponible,,,2025-10-13T19:00:56.251Z,2025-10-15T17:58:09.292Z,2025-10-16T04:24:45.656Z,770.79,17.99,$770.79,"Soporte para la cabeza del bebé y fundas de correa, almohada de soporte para la cabeza del bebé, cojín de cabeza y cuello súper suave para asiento de coche, reposacabezas de bebé y funda para el cuello del asiento del coche (negro)",https://www.amazon.com.mx/dp/B08YRG87LJ,https://www.amazon.com/dp/B08YRG87LJ,SRKSB LLC,HNHM STORE
,B086D746QV,1,Automotriz y Motocicletas,disponible,disponible,,,2025-10-13T19:01:09.267Z,2025-10-15T17:58:18.280Z,2025-10-16T04:24:54.537Z,4661.22,174.95,"$4,854.33",Alerón de carga BridgeSport para Chevy Silverado y GMC Sierra 2000 a 2018,https://www.amazon.com.mx/dp/B086D746QV,https://www.amazon.com/dp/B086D746QV,BROWN LEAVES LLC,BridgeSport
,B0917XRH5Z,1,Automotriz y Motocicletas,disponible,disponible,,PRICE_AND_SELLER_NOT_FOUND,2025-10-13T19:01:09.268Z,2025-10-15T17:58:26.786Z,2025-10-16T04:25:02.149Z,999,,"$1,754.63","Bright Knight Supplies Pasta de montaje de neumáticos y lubricante, fácil aplicación, sin daños en las llantas, compuesto ecológico + hisopo profesional, funciona en ATV, motocicleta, camión, coche",https://www.amazon.com.mx/dp/B0917XRH5Z,https://www.amazon.com/dp/B0917XRH5Z,Marca: Bright Knight Supplies,
,B0D8QJG2Z8,1,Automotriz y Motocicletas,disponible,disponible,,,2025-10-13T19:01:17.523Z,2025-10-15T17:58:34.364Z,2025-10-16T04:25:17.241Z,819.38,22.29,$805.44,TUCKBOLD - Control remoto de entrada sin llave para Land Rover LR2 2008 2009 2010 2011 2012 315Mhz NT8TX9 5 botones reutilizables | Control de repuesto para llave de coche 1 pieza para Rover LR2 2008,https://www.amazon.com.mx/dp/B0D8QJG2Z8,https://www.amazon.com/dp/B0D8QJG2Z8,SRKSB LLC,Tuckcar
,B0D8Q4CZDN,1,Automotriz y Motocicletas,disponible,disponible,,,2025-10-13T19:01:17.523Z,2025-10-15T17:58:43.113Z,2025-10-16T04:25:25.329Z,573.25,12.59,$572.98,"Cámara de respaldo universal para matrícula, 8 HD LED infrarrojos para vehículo, cámara de visión nocturna gran angular de 170°, impermeable, antivaho y a prueba de polvo, para coche, camión, SUV",https://www.amazon.com.mx/dp/B0D8Q4CZDN,https://www.amazon.com/dp/B0D8Q4CZDN,SRKSB LLC,lxy1975111
,B0D79SK5CB,1,Automotriz y Motocicletas,disponible,disponible,,,2025-10-13T19:01:17.523Z,2025-10-15T17:58:52.405Z,2025-10-16T04:25:33.261Z,651.64,14.95,$650.77,Openglass Van Mods - Ram Promaster - Puños de paso delantero,https://www.amazon.com.mx/dp/B0D79SK5CB,https://www.amazon.com/dp/B0D79SK5CB,SRKSB LLC,OPENGLASS Van Mods
,B0D7Q7R46G,1,Automotriz y Motocicletas,disponible,disponible,,,2025-10-13T19:01:31.234Z,2025-10-15T17:59:00.720Z,2025-10-16T04:25:41.360Z,601.43,12.99,$600.61,"TAUYANG - Soporte para teléfono celular para coche, compatible con Mini Cooper Mini Countryman, accesorios circulares de ventilación de aire",https://www.amazon.com.mx/dp/B0D7Q7R46G,https://www.amazon.com/dp/B0D7Q7R46G,SRKSB LLC,Huizhou taoyan kejiyouxiangongsi
Bebé,B0D6TZ15F3,1,Automotriz y Motocicletas,disponible,disponible,,,2025-10-13T19:01:31.235Z,2025-10-15T17:59:08.915Z,2025-10-16T04:25:49.246Z,652.86,14.99,$651.98,"HY.MIS - Organizador de lazo para niñas, diadema de bebé, accesorios para el cabello, decoración para colgar en la pared para habitación de niñas pequeñas",https://www.amazon.com.mx/dp/B0D6TZ15F3,https://www.amazon.com/dp/B0D6TZ15F3,SRKSB LLC,BBonehouse
Bebé,B0D2KYNHCJ,1,Automotriz y Motocicletas,disponible,disponible,,,2025-10-13T19:01:44.427Z,2025-10-15T17:59:17.322Z,2025-10-16T04:25:56.779Z,759.61,17.99,$759.61,"Oneyus Organizador de asiento trasero de coche con bandeja de mesa y 9 bolsillos de almacenamiento para viajes por carretera, organizador de asiento trasero de coche para botellas de libros de",https://www.amazon.com.mx/dp/B0D2KYNHCJ,https://www.amazon.com/dp/B0D2KYNHCJ,SRKSB LLC,Onward-online
,B0D3FGG8BR,1,Automotriz y Motocicletas,disponible,disponible,,,2025-10-13T19:01:44.427Z,2025-10-15T17:59:25.371Z,2025-10-16T04:26:05.429Z,507.07,15.89,$699.57,"OGYE - Fundas de bolsillo para estaca de bandera americana para GMC Sierra 1500 2014-2018, Chevy Silverado 1500/2500/2500HD/3500 para camionetas con forma impar (negro, paquete de 2)",https://www.amazon.com.mx/dp/B0D3FGG8BR,https://www.amazon.com/dp/B0D3FGG8BR,Amazon Estados Unidos,CloudUS-direct store
,B0D29C13NX,1,Automotriz y Motocicletas,disponible,disponible,,,2025-10-13T19:01:44.427Z,2025-10-15T17:59:33.324Z,2025-10-16T04:26:14.145Z,776.32,20.89,$775.96,Tarjeta SD de navegación para Ford Lincoln USA Canadá - 2025 nuevo mapa actualizado A15 - GM5T-19H449-AJ,https://www.amazon.com.mx/dp/B0D29C13NX,https://www.amazon.com/dp/B0D29C13NX,SRKSB LLC,Bettor shop
,B0DB82FQZN,1,Automotriz y Motocicletas,disponible,disponible,,,2025-10-13T19:01:44.427Z,2025-10-15T17:59:41.716Z,2025-10-16T04:26:22.222Z,844.27,22.99,$840.81,Digitalizador de repuesto para visualización táctil DJ080PA-01A compatible con Chevy Silverado 1500 Tahoe Chevrolet Colorado 2015 GMC Sierra Acadia Terrain Yukon Camiones SUV Mylink 8 pulgadas con,https://www.amazon.com.mx/dp/B0DB82FQZN,https://www.amazon.com/dp/B0DB82FQZN,SRKSB LLC,TsuperU NAV Screen
,B08QFWNGGW,1,Automotriz y Motocicletas,disponible,disponible,,,2025-10-13T19:01:44.428Z,2025-10-15T17:59:48.972Z,2025-10-16T04:26:31.027Z,709.97,29.99,"$1,036.53","Rophor Caja de entrada de energía para generador de 50 amperios, NEMA SS2-50P para cable generador de 3 puntas, 125/250 voltios, 12500 vatios, resistente a la intemperie, uso en exteriores, listado",https://www.amazon.com.mx/dp/B08QFWNGGW,https://www.amazon.com/dp/B08QFWNGGW,Amazon Estados Unidos,Rophor
Bebé,B0CYBPC7KF,1,Automotriz y Motocicletas,disponible,disponible,,,2025-10-13T19:01:44.428Z,2025-10-15T17:59:56.217Z,2025-10-16T04:26:39.655Z,563.43,18.99,$790.29,"Pea Pod - Soporte para la cabeza del asiento de coche de bebé para recién nacido, soporte para la cabeza del asiento de coche para niños, extra suave y transpirable, cojín de asiento de coche de bebé",https://www.amazon.com.mx/dp/B0CYBPC7KF,https://www.amazon.com/dp/B0CYBPC7KF,Amazon Estados Unidos,zaitu
Bebé,B0CYH186G7,1,Automotriz y Motocicletas,disponible,disponible,,,2025-10-13T19:01:55.101Z,2025-10-15T18:00:04.143Z,2025-10-16T04:26:48.753Z,369.86,4.19,$370.74,"Twpribarn - Colgante de mariposa para colgar en coche, colgante para decoración del hogar, accesorios de mariposa para espejo retrovisor, Navidad, día de San Valentín, regalos de coche para hombres y",https://www.amazon.com.mx/dp/B0CYH186G7,https://www.amazon.com/dp/B0CYH186G7,SRKSB LLC,Ruiben
Bebé,B0CYCBLQZ3,1,Automotriz y Motocicletas,disponible,disponible,,,2025-10-13T19:01:55.101Z,2025-10-15T18:00:12.383Z,2025-10-16T04:26:57.895Z,563.43,18.99,$790.28,"Pea Pod - Inserto de asiento de coche para bebé, 2 en 1, soporte para la cabeza del asiento de coche para recién nacidos, cojín de malla para carriola de bebé para niños y niñas, extra suave y",https://www.amazon.com.mx/dp/B0CYCBLQZ3,https://www.amazon.com/dp/B0CYCBLQZ3,Amazon Estados Unidos,zaitu
,B0732V4KH6,1,Automotriz y Motocicletas,disponible,disponible,,,2025-10-13T19:01:55.101Z,2025-10-15T18:00:20.825Z,2025-10-16T04:27:05.287Z,1192.02,36.99,"$1,192.57",Night Vision License Plate Frame Car Rearview Camera 8 Infrared LEDs Wide Viewing Angle Waterproof Sturdy Sleek Backup Camera High Sensitive Vehicle U,https://www.amazon.com.mx/dp/B0732V4KH6,https://www.amazon.com/dp/B0732V4KH6,SEONGSAN,liqianzhengwangluokeji
Bebé,B07DWMQWFG,1,Automotriz y Motocicletas,disponible,disponible,,,2025-10-13T19:02:09.572Z,2025-10-15T18:00:29.702Z,2025-10-16T04:27:14.710Z,1058.91,29.99,"$1,058.91",Birdy Boutique Car Seat Poncho for Kids – Reversible Warm Blanket with Hoodie – Safe to Use Over Seat Belts,https://www.amazon.com.mx/dp/B07DWMQWFG,https://www.amazon.com/dp/B07DWMQWFG,SRKSB LLC,Birdy Boutique LLC
,B0CNHDBYM7,1,Automotriz y Motocicletas,disponible,disponible,,,2025-10-13T19:02:09.572Z,2025-10-15T18:00:37.233Z,2025-10-16T04:27:22.401Z,753.45,14.05,$827.67,Lehicriar - Llavero de coche sin llave compatible con Chevy Cruze/Camaro/Impala/Equinox/GMC Terrain/Buick Lacrosse 2010-2019 (1 unidad),https://www.amazon.com.mx/dp/B0CNHDBYM7,https://www.amazon.com/dp/B0CNHDBYM7,SRKSB LLC,LeStarer
,B0DSPRJJ4B,1,Automotriz y Motocicletas,disponible,disponible,,,2025-10-13T19:02:23.225Z,2025-10-15T18:27:46.088Z,2025-10-16T04:27:30.694Z,1434.48,35.99,"$1,433.10","Keltrion - Bloques de nivelación para autocaravana y RV, 12 paquetes adecuados para 4 ruedas, diseño entrelazado y antideslizante con bolsa de transporte, resistente para caravana, remolque de viaje,",https://www.amazon.com.mx/dp/B0DSPRJJ4B,https://www.amazon.com/dp/B0DSPRJJ4B,Amazon Estados Unidos,D-W Tech.
,B095K1R7R3,1,Automotriz y Motocicletas,disponible,disponible,,,2025-10-13T19:02:34.396Z,2025-10-15T18:27:53.239Z,2025-10-16T04:27:38.652Z,3693.35,89.97,"$3,721.80","Enganche de remolque ajustable para barra de tiro – 20 libras, se adapta a bolas de 2 y 2-5/16 pulgadas, probado y certificado por el gobierno de Estados Unidos, para remolque de RV, motocicletas y",https://www.amazon.com.mx/dp/B095K1R7R3,https://www.amazon.com/dp/B095K1R7R3,SRKSB LLC,PSAUTO
,B0B1DLXRY2,1,Automotriz y Motocicletas,disponible,disponible,,,2025-10-13T19:02:34.396Z,2025-10-15T18:28:02.217Z,2025-10-16T04:27:47.660Z,1519.88,49.99,"$1,519.06","H&G lifestyles Almohadilla calentadora para tanques de retención RV, 12 x 18 pulgadas, 12V, 41W, protección hasta -20°F, control de temperatura integrado, fácil instalación",https://www.amazon.com.mx/dp/B0B1DLXRY2,https://www.amazon.com/dp/B0B1DLXRY2,SRKSB LLC,Home & Garden lifestyles
,B095H6RJ8Z,1,Automotriz y Motocicletas,disponible,disponible,,,2025-10-13T19:02:47.049Z,2025-10-15T18:28:09.302Z,2025-10-16T04:27:56.490Z,457.28,14.98,$625.65,"Entrada de 15 amperios, receptáculo con brida de alimentación de tierra, toma macho empotrada de 15 A 125 V, enchufe de puerto de CA NEMA 5-15 con cubiertas impermeables, conexiones eléctricas exteriores para calentador de bloque de cobertizo de remolque RV",https://www.amazon.com.mx/dp/B095H6RJ8Z,https://www.amazon.com/dp/B095H6RJ8Z,Amazon Estados Unidos,SkyQuality
,B093V5CYX7,1,Automotriz y Motocicletas,disponible,disponible,,,2025-10-13T19:02:47.049Z,2025-10-15T18:28:17.582Z,2025-10-16T04:28:12.617Z,509.63,9.52,$529.23,"Exsun 2 llaveros, llaveros para mosquetón, llavero de coche, abridor de botellas, llavero para hombres y mujeres (dorado + plateado)",https://www.amazon.com.mx/dp/B093V5CYX7,https://www.amazon.com/dp/B093V5CYX7,SRKSB LLC,Mefirt
Bebé,B08V8PV6S7,1,Automotriz y Motocicletas,disponible,disponible,,,2025-10-13T19:02:47.049Z,2025-10-15T18:28:25.280Z,2025-10-16T04:28:20.935Z,458.6,9.99,$536.81,"DILIMI Funda de asiento de coche para bebé, hoja verde, cubierta de lactancia materna, cubierta multifuncional para cochecito, silla alta, carrito de compras, toldo de asiento de coche",https://www.amazon.com.mx/dp/B08V8PV6S7,https://www.amazon.com/dp/B08V8PV6S7,Amazon Estados Unidos,Do Lai Mi
Bebé,B08F2C1Z2J,1,Automotriz y Motocicletas,disponible,disponible,,,2025-10-13T19:02:47.050Z,2025-10-15T18:28:32.060Z,2025-10-16T04:28:28.642Z,475.5,8.99,$539.02,"Toldo de asiento de coche para bebé, fundas de asiento de coche sin tocar para recién nacido, fundas de carriola de bebé para niño y niña, fundas de lactancia multiusos para lactancia materna, ultra",https://www.amazon.com.mx/dp/B08F2C1Z2J,https://www.amazon.com/dp/B08F2C1Z2J,Amazon Estados Unidos,SWESEN
Bebé,B08F1WJK1Y,1,Automotriz y Motocicletas,disponible,disponible,,,2025-10-13T19:02:47.050Z,2025-10-15T18:28:40.200Z,2025-10-16T04:28:36.131Z,467.61,9.49,$549.32,"Fundas de asiento de coche para bebé, toldo de asiento de coche con señal sin tocar, fundas de carriola para bebé recién nacido, fundas de lactancia multiusos para lactancia, ultra suaves, transpirables, bufanda de lactancia, ondulado",https://www.amazon.com.mx/dp/B08F1WJK1Y,https://www.amazon.com/dp/B08F1WJK1Y,Amazon Estados Unidos,SWESEN
Bebé,B08CFZ5KTQ,1,Automotriz y Motocicletas,disponible,disponible,,,2025-10-13T19:03:03.266Z,2025-10-15T18:28:47.784Z,2025-10-16T04:28:44.466Z,1119.63,29.99,"$1,142.71",Birdy Boutique Car Seat Poncho for Kids – Reversible Warm Blanket with Hoodie – Safe to Use Over Seat Belts,https://www.amazon.com.mx/dp/B08CFZ5KTQ,https://www.amazon.com/dp/B08CFZ5KTQ,AREDIANT,Birdy Boutique LLC
,B0854G6GKJ,1,Automotriz y Motocicletas,disponible,disponible,,,2025-10-13T19:03:03.266Z,2025-10-15T18:28:56.018Z,2025-10-16T04:28:52.294Z,821.66,22.99,$864.20,"TISHIJIE Almohada de espuma viscoelástica para coche – Cojín de apoyo de espalda baja para conducir, alivio del dolor de espalda para asiento de coche, silla de oficina, silla de ruedas (beige)",https://www.amazon.com.mx/dp/B0854G6GKJ,https://www.amazon.com/dp/B0854G6GKJ,M&H Customer Friendly Store,TISHIJIE
,B0DFY6BJR7,1,Automotriz y Motocicletas,disponible,disponible,,,2025-10-13T19:03:03.266Z,2025-10-15T18:29:04.133Z,2025-10-16T04:29:01.178Z,1807.01,62.99,"$1,969.99","MuzeFansi - Sellador de techo autonivelado, paquete de 8 selladores de techo para caravana, color blanco, impermeable flexible EPDM RV sellador y calafateo para autocaravanas, remolques, campistas,",https://www.amazon.com.mx/dp/B0DFY6BJR7,https://www.amazon.com/dp/B0DFY6BJR7,Living Storers,MuseUS
,B0D1VFDLY5,1,Automotriz y Motocicletas,disponible,disponible,,,2025-10-13T19:03:03.267Z,2025-10-15T18:29:12.133Z,2025-10-16T04:29:10.306Z,6870.01,200.09,"$7,357.86","RVMasking - Cubierta de remolque de viaje resistente de 7 capas para caravanas, resistente al viento, antidesgarros, antirayos UV para 24 pies 1 a 26 pies, gris oscuro con 4 neumáticos y cubierta de",https://www.amazon.com.mx/dp/B0D1VFDLY5,https://www.amazon.com/dp/B0D1VFDLY5,Sarmik Store,RVMasking
,B083GHXFTJ,1,Automotriz y Motocicletas,disponible,disponible,,,2025-10-13T19:03:03.267Z,2025-10-15T18:29:19.645Z,2025-10-16T04:29:19.807Z,493.5,8.99,$491.47,"Winzwon - Luces LED interiores para accesorios de coche para mujeres y hombres, regalos de cumpleaños para hombres, control de aplicación con puerto USB, sincronización de música, cambio de color",https://www.amazon.com.mx/dp/B083GHXFTJ,https://www.amazon.com/dp/B083GHXFTJ,SRKSB LLC,Miorter
,B019660RPG,1,Bebé,disponible,disponible,,,2025-10-13T19:03:41.612Z,2025-10-15T18:29:27.848Z,2025-10-16T04:29:29.397Z,869.39,23.99,$858.44,Vashe Wound Solution OTC | Limpiador de heridas preservado en ácido hipocloroso puro | Cuidado de heridas en el hogar y limpiador de heridas | pH no citotóxico y neutro para la piel | 8 onzas líquidas,https://www.amazon.com.mx/dp/B019660RPG,https://www.amazon.com/dp/B019660RPG,SRKSB LLC,Urgo Medical North America
,B0D62VFZC9,1,Bebé,disponible,no listado,,,2025-10-13T19:03:41.612Z,2025-10-15T18:29:36.376Z,2025-10-16T04:29:37.441Z,552.91,,$692.34,"Gueuusu - Mameluco de manga larga unisex para bebé y niña, disfraz de Halloween",https://www.amazon.com.mx/dp/B0D62VFZC9,https://www.amazon.com/dp/B0D62VFZC9,Amazon Estados Unidos,
,B0B76RYBNK,1,Bebé,disponible,disponible,,,2025-10-13T19:03:41.612Z,2025-10-15T18:29:44.495Z,2025-10-16T04:29:42.953Z,1197.53,34.99,"$1,193.81","Kigan Home - Libros decorativos de lino, juego de 3 (negro obsidiano) – Libros de tela neutra con guirnalda de abalorio de madera para decoración del hogar, estantes, chimenea de chimenea, mesa de",https://www.amazon.com.mx/dp/B0B76RYBNK,https://www.amazon.com/dp/B0B76RYBNK,XIJIANG,KIGAN HOME
,B0CZ6P7N1T,1,Bebé,disponible,disponible,,,2025-10-13T19:03:41.612Z,2025-10-15T18:29:53.146Z,2025-10-16T04:29:50.557Z,3971.7,132.99,"$4,057.07",FasonBaby - Columpios para bebés,https://www.amazon.com.mx/dp/B0CZ6P7N1T,https://www.amazon.com/dp/B0CZ6P7N1T,BROWN LEAVES LLC,FasonBaby
,B0BWJJ2XYP,1,Bebé,disponible,disponible,,,2025-10-13T19:03:41.612Z,2025-10-15T18:30:02.428Z,2025-10-16T04:29:59.250Z,381.19,9.99,$502.76,"Clowora Unsex - Zapatos de lona para bebés y niñas, para recién nacidos, suela suave, antideslizantes, casuales, para cuna, zapatos planos para bebés y niños pequeños, de 3 a 18 meses",https://www.amazon.com.mx/dp/B0BWJJ2XYP,https://www.amazon.com/dp/B0BWJJ2XYP,Amazon Estados Unidos,ZhiYou Trade
,B09YQYFMVS,1,Bebé,disponible,disponible,,,2025-10-13T19:03:41.612Z,2025-10-15T18:30:11.705Z,2025-10-16T04:30:07.488Z,1468.8,39.99,"$1,728.18","Crisschirs 6 en 1 XL - Gimnasio grande para bebés y pelotas, tapete de juego y gimnasio de juego, combinación de actividades para bebés con tarjetas de hito para exploración sensorial y desarrollo de habilidades motoras, bolas no están incluidas",https://www.amazon.com.mx/dp/B09YQYFMVS,https://www.amazon.com/dp/B09YQYFMVS,HNEN,
,B0D8QFTXZ1,1,Bebé,disponible,disponible,,,2025-10-13T19:03:41.613Z,2025-10-15T18:30:21.507Z,2025-10-16T04:30:16.363Z,506.04,9.98,$505.80,"OurSuperDeals - Calcetines magnéticos de algodón para niños pequeños, lindos y tontos, novedosos, de 3 a 13 años",https://www.amazon.com.mx/dp/B0D8QFTXZ1,https://www.amazon.com/dp/B0D8QFTXZ1,SRKSB LLC,OUR SUPER DEALS
,B0D2QC5DFG,1,Bebé,disponible,disponible,,,2025-10-13T19:03:41.613Z,2025-10-15T18:30:29.098Z,2025-10-16T04:30:24.741Z,756.87,18.99,$749.02,"Mantas de muselina para recién nacido, paquete de 3 mantas de recepción suaves y transpirables, tamaño grande de 38 x 40 pulgadas, ropa para eructos, artículos esenciales de ducha para bebés, regalo",https://www.amazon.com.mx/dp/B0D2QC5DFG,https://www.amazon.com/dp/B0D2QC5DFG,SRKSB LLC,LYRICHOM BABY Store
,B0CBCDTRX3,1,Bebé,disponible,disponible,,,2025-10-13T19:03:41.613Z,2025-10-15T18:30:39.142Z,2025-10-16T04:30:32.959Z,271.15,16.97,$691.88,"Lovely Care - Paquete de 12 paños de muselina para eructos, 100% algodón, tamaño grande, 20 x 10 pulgadas, extra suave y absorbente, color café",https://www.amazon.com.mx/dp/B0CBCDTRX3,https://www.amazon.com/dp/B0CBCDTRX3,huajundian,Lovely Care-US
,B0D89YZF3V,1,Bebé,disponible,disponible,,,2025-10-13T19:03:41.613Z,2025-10-15T18:30:46.843Z,2025-10-16T04:30:42.178Z,551.27,9.99,$566.34,"Minicoco - Manta unisex de manga larga para recién nacidos, saco de transición, peso ligero TOG 0.5 para bebé, 100% algodón",https://www.amazon.com.mx/dp/B0D89YZF3V,https://www.amazon.com/dp/B0D89YZF3V,SRKSB LLC,Yuanhui
,B0BZ5TZZ21,1,Bebé,disponible,disponible,,,2025-10-13T19:03:41.613Z,2025-10-15T18:30:54.910Z,2025-10-16T04:30:50.515Z,405.02,5.59,$410.53,"Cuddle Campus - Soporte de silicona para chupete con diseño de una pieza, paquete de 4 clips suaves y flexibles con textura, juego de 1 (6 m +)",https://www.amazon.com.mx/dp/B0BZ5TZZ21,https://www.amazon.com/dp/B0BZ5TZZ21,SRKSB LLC,Digital hutty
,B0BPB5X6M8,1,Bebé,disponible,disponible,,,2025-10-13T19:03:41.613Z,2025-10-15T18:31:02.947Z,2025-10-16T04:31:07.447Z,1144.79,35,"$1,144.79",Bamboo Little Footies baby-footie bebés niñas,https://www.amazon.com.mx/dp/B0BPB5X6M8,https://www.amazon.com/dp/B0BPB5X6M8,SRKSB LLC,Bamboo Little
,B0CZ8HP1QL,1,Bebé,disponible,disponible,,,2025-10-13T19:03:41.613Z,2025-10-15T18:31:11.913Z,2025-10-16T04:31:14.841Z,647.64,14.99,$647.33,"Dekor - Bolsas de repuesto para pañales, compatibles con recambios de pañales clásicos Dekor con un 20% de longitud, recambios de pañales desechables, bolsa de basura para bebés recién",https://www.amazon.com.mx/dp/B0CZ8HP1QL,https://www.amazon.com/dp/B0CZ8HP1QL,SRKSB LLC,HeJinGS
,B0CJ2P8V2Z,1,Bebé,disponible,disponible,,,2025-10-13T19:03:41.613Z,2025-10-15T18:31:19.804Z,2025-10-16T04:31:23.727Z,762.77,19.99,$765.98,"Engtoy - Zapatos de calcetín para bebé, antideslizantes, transpirables, con suela de goma suave, para bebés y niñas",https://www.amazon.com.mx/dp/B0CJ2P8V2Z,https://www.amazon.com/dp/B0CJ2P8V2Z,SRKSB LLC,ENGTOY
,B0D7QCYXSH,1,Bebé,disponible,disponible,,,2025-10-13T19:03:41.613Z,2025-10-15T18:31:27.992Z,2025-10-16T04:31:31.969Z,951.27,26.99,$944.13,"bunnyjik Sábana Bajera Ajustable para Maxi-Cosi Iora – Sábana Bajera ecológica certificada Gots 50 x 83 – 80 x 50 89 x 50 – Juego de 2 Unidades, aireada y refrescante, algodón orgánico 190 g/m², para",https://www.amazon.com.mx/dp/B0D7QCYXSH,https://www.amazon.com/dp/B0D7QCYXSH,SRKSB LLC,Bunnyjik
,B0CP8Y8QW8,1,Bebé,disponible,disponible,,,2025-10-13T19:03:54.993Z,2025-10-15T18:31:35.870Z,2025-10-16T04:31:39.279Z,587.85,12.39,$667.18,"BESDEAR My Aunt Is Cooler Than My Dad - Trajes de bebé para niñas y niños, trajes divertidos para bebés",https://www.amazon.com.mx/dp/B0CP8Y8QW8,https://www.amazon.com/dp/B0CP8Y8QW8,Amazon Estados Unidos,Miyaneer
,B0CWY3KLJ6,1,Bebé,disponible,no listado,,,2025-10-13T19:03:54.993Z,2025-10-15T18:31:44.624Z,2025-10-16T04:31:48.300Z,516.48,,$516.48,"Juguetes de baño para niños pequeños sin moho – Botes de juguete sin agujero, sin moho, juguete de baño para niños de 1 2 3 4 años, juguetes de piscina de agua para bebés de 6 a 12 a 18 a 24 meses,",https://www.amazon.com.mx/dp/B0CWY3KLJ6,https://www.amazon.com/dp/B0CWY3KLJ6,SRKSB LLC,
,B0CXPVJJ6H,1,Bebé,disponible,disponible,,,2025-10-13T19:03:54.993Z,2025-10-15T18:31:52.722Z,2025-10-16T04:31:54.646Z,476.91,7.99,$502.76,"Vestido de fiesta con flores tutú para bebés y niñas, vestido de verano sin mangas, vestido de fiesta de tul de princesa en capas",https://www.amazon.com.mx/dp/B0CXPVJJ6H,https://www.amazon.com/dp/B0CXPVJJ6H,SRKSB LLC,Kaierle
,B0CZL4N4WF,1,Bebé,disponible,disponible,,,2025-10-13T19:03:54.993Z,2025-10-15T18:31:59.522Z,2025-10-16T04:32:02.640Z,956.87,25.99,$956.42,"Feifeiya - Juego de 3 libros decorativos de imitación para decoración del hogar, libros falsos para estantes, mesa de centro, decoración cubierta de lino apilado, con abalorio de madera, regalo para",https://www.amazon.com.mx/dp/B0CZL4N4WF,https://www.amazon.com/dp/B0CZL4N4WF,SRKSB LLC,Saltdeew
,B0CR5F5337,1,Bebé,disponible,disponible,,,2025-10-13T19:03:54.993Z,2025-10-15T18:32:07.801Z,2025-10-16T04:32:09.905Z,1630.27,41.99,"$1,629.60","Puerta plegable de madera para perros, valla de 3 paneles para mascotas, 23.6 pulgadas, color blanco, apto para puertas y escaleras, también funciona como puerta de bebé.",https://www.amazon.com.mx/dp/B0CR5F5337,https://www.amazon.com/dp/B0CR5F5337,SRKSB LLC,HUAJINCRAFT
,B08319KZWP,1,Bebé,disponible,disponible,,,2025-10-13T19:03:54.993Z,2025-10-15T18:32:17.266Z,2025-10-16T04:32:18.430Z,638.66,14.99,$643.72,"Vestido de verano de algodón orgánico con volantes, vestido de tul con diadema",https://www.amazon.com.mx/dp/B08319KZWP,https://www.amazon.com/dp/B08319KZWP,SRKSB LLC,Comfybaby
,B0CNTRQL6G,1,Bebé,disponible,disponible,,,2025-10-13T19:03:54.993Z,2025-10-15T18:32:24.813Z,2025-10-16T04:32:26.690Z,649.66,27.99,$963.08,"BSTOPPT - Saco de dormir y manta para recién nacido, 0 a 12 meses, manta ajustable de 3 vías, rosa",https://www.amazon.com.mx/dp/B0CNTRQL6G,https://www.amazon.com/dp/B0CNTRQL6G,Amazon Estados Unidos,BSTOPPT-US
,B0D3D4N1XD,1,Bebé,disponible,disponible,,,2025-10-13T19:03:54.993Z,2025-10-15T18:32:32.876Z,2025-10-16T04:32:34.496Z,719.05,14.99,$740.24,"BambooBud - Conjunto de 2 piezas sin mangas y pantalones cortos para bebés y niñas, conjunto de camisetas con volantes",https://www.amazon.com.mx/dp/B0D3D4N1XD,https://www.amazon.com/dp/B0D3D4N1XD,SRKSB LLC,BambooBud Home
,B0D9NR7YJ7,1,Bebé,disponible,disponible,,,2025-10-13T19:03:54.993Z,2025-10-15T18:32:40.902Z,2025-10-16T04:32:42.851Z,605.37,13.99,$605.09,"Winnie - Decoración de habitación para guardería, decoración clásico de cuarto de bebé, afirmaciones bíblicas para niños, arte de pared, regalos cristianos para mujeres, regalos de Navidad, regalos de",https://www.amazon.com.mx/dp/B0D9NR7YJ7,https://www.amazon.com/dp/B0D9NR7YJ7,SRKSB LLC,AOCHYUECAO
,B0D8B4PQNY,1,Bebé,disponible,disponible,,,2025-10-13T19:03:54.993Z,2025-10-15T18:32:48.218Z,2025-10-16T04:32:51.093Z,2792.31,84.99,"$2,857.75","Torre de cocina 4 en 1 para niños, taburete de cocina para niños, torre de pie con mesa y silla convertibles, taburete de escalón para niños pequeños con altura ajustable, pizarrón blanca y riel de",https://www.amazon.com.mx/dp/B0D8B4PQNY,https://www.amazon.com/dp/B0D8B4PQNY,SMART CELL TRADE,TUPU USA
,B0CB34FFTN,1,Bebé,disponible,disponible,,,2025-10-13T19:03:54.994Z,2025-10-15T18:32:56.582Z,2025-10-16T04:32:59.048Z,982.02,28.49,$981.56,"Toulite - Juego de 10 manoplas y calcetines unisex con nudo suave para recién nacido, calcetines de tobillo para niños y niñas, bebés, 0-6 meses",https://www.amazon.com.mx/dp/B0CB34FFTN,https://www.amazon.com/dp/B0CB34FFTN,SRKSB LLC,Wonyond
,B07842J3M3,1,Bebé,disponible,disponible,,,2025-10-13T19:03:54.994Z,2025-10-15T18:33:04.124Z,2025-10-16T04:33:06.616Z,586.88,12.95,$586.88,Kit de reparación de cajones médicos DIY – Paquete de 4 piezas de repuesto de parte inferior de cajones – Fijador de cajones – No hay necesidad de reemplazo de cajones de cocina – Cajones de cocina – Fijación de cajones con,https://www.amazon.com.mx/dp/B07842J3M3,https://www.amazon.com/dp/B07842J3M3,SRKSB LLC,Great Ideas™
,B092JKWC3B,1,Bebé,disponible,disponible,,,2025-10-13T19:03:54.994Z,2025-10-15T18:33:13.645Z,2025-10-16T04:33:15.583Z,536,11.98,$625.65,Mess with Grandpa Baby Boy Ropa Unisex Divertidos Bodis para Bebé Niña,https://www.amazon.com.mx/dp/B092JKWC3B,https://www.amazon.com/dp/B092JKWC3B,Amazon Estados Unidos,BebeChoix
,B0DPHM8QW4,1,Bebé,disponible,disponible,,,2025-10-13T19:03:54.994Z,2025-10-15T18:33:21.459Z,2025-10-16T04:33:24.581Z,865.37,23.98,$864.20,"Wkzay - Cámara de coche para asiento trasero - HD 1080P, 150° de gran angular, visión nocturna, fácil instalación, luz LED ajustable, pantalla LCD de 4.3 pulgadas, antirreflejos, monitor de seguridad",https://www.amazon.com.mx/dp/B0DPHM8QW4,https://www.amazon.com/dp/B0DPHM8QW4,SRKSB LLC,UTCG
,B0D62CPFR9,1,Bebé,disponible,disponible,,,2025-10-13T19:03:54.994Z,2025-10-15T18:33:30.430Z,2025-10-16T04:33:32.567Z,616.24,13.29,$615.95,"TENUB If I Refuse to Nap Is That Resisting a Rest Bodysuits, divertido mameluco de algodón para niño y niña, 0-24 meses",https://www.amazon.com.mx/dp/B0D62CPFR9,https://www.amazon.com/dp/B0D62CPFR9,SRKSB LLC,Tianjunshanghang
,B0CXH9QQ2R,1,Bebé,disponible,disponible,,,2025-10-13T19:03:54.994Z,2025-10-15T18:33:37.158Z,2025-10-16T04:33:42.052Z,530.69,9.99,$523.16,"HOMRITAR - Manta de bebé para niños y niñas, de forro polar súper suave, mullida, acogedora manta con diseño cuadrado de cuadrícula jacquard 3D, lujosa manta de cama ligera para recién nacidos, crema",https://www.amazon.com.mx/dp/B0CXH9QQ2R,https://www.amazon.com/dp/B0CXH9QQ2R,SRKSB LLC,HOMRITAR
,B005A4T9US,1,Bebé,disponible,disponible,,,2025-10-13T19:04:08.672Z,2025-10-15T18:33:45.766Z,2025-10-16T04:33:57.291Z,818.98,22.2,$821.22,I.C. Colecciones bebé niñas,https://www.amazon.com.mx/dp/B005A4T9US,https://www.amazon.com/dp/B005A4T9US,SRKSB LLC,Official Laura Dare
,B01M5JP7TK,1,Bebé,disponible,disponible,,,2025-10-13T19:04:08.672Z,2025-10-15T18:33:53.649Z,2025-10-16T04:34:05.147Z,736.86,18.99,$736.86,"BONUS SIZE Vitamin E Cream 42,000 I.U. - 50% MORE FREE 6 oz. by Colonial Dames",https://www.amazon.com.mx/dp/B01M5JP7TK,https://www.amazon.com/dp/B01M5JP7TK,SRKSB LLC,***** AMAZING DEALS LIMITED SUPPLIES *****
,B086V8HGDV,1,Bebé,disponible,disponible,,,2025-10-13T19:04:08.672Z,2025-10-15T18:34:01.725Z,2025-10-16T04:34:14.417Z,448.62,9.98,$505.80,"Juguetes de baño - Aro de baloncesto para tina para niños, niños y niñas, 4 bolas sin agujeros y ventosas fuertes, divertido juguete de baño de baloncesto para niños pequeños",https://www.amazon.com.mx/dp/B086V8HGDV,https://www.amazon.com/dp/B086V8HGDV,Amazon Estados Unidos,Marppy
,B08CF3X6DC,1,Bebé,disponible,disponible,,,2025-10-13T19:04:08.672Z,2025-10-15T18:34:10.867Z,2025-10-16T04:34:21.922Z,546.71,11.98,$625.96,shlrzy Grandma Gifts - Mameluco divertido para bebé recién nacido para niñas,https://www.amazon.com.mx/dp/B08CF3X6DC,https://www.amazon.com/dp/B08CF3X6DC,Amazon Estados Unidos,BebeChoix
,B0DDKYDWQ4,1,Bebé,disponible,disponible,,,2025-10-13T19:04:08.672Z,2025-10-15T18:34:18.992Z,2025-10-16T04:34:31.387Z,1093.57,32.99,"$1,093.05","Almohada inflable de lactancia para lactancia materna – Cojín de viaje de alimentación de bebé para apoyo de mamá, correa de cintura ajustable, funda extraíble 100% algodón, esenciales portátiles para",https://www.amazon.com.mx/dp/B0DDKYDWQ4,https://www.amazon.com/dp/B0DDKYDWQ4,SRKSB LLC,Portabuddy USA
,B0D3QF6TLJ,1,Bebé,disponible,disponible,,,2025-10-13T19:04:08.672Z,2025-10-15T18:34:27.092Z,2025-10-16T04:34:40.066Z,678.48,16.99,$692.34,"Vestido de encaje para niñas pequeñas, con pompones, manga con volantes, para fiestas, cumpleaños, princesa, para edades de 12 meses a 5 años",https://www.amazon.com.mx/dp/B0D3QF6TLJ,https://www.amazon.com/dp/B0D3QF6TLJ,CATTLESIV,AleQYA
,B0D4D2KTNW,1,Bebé,disponible,disponible,,,2025-10-13T19:04:08.672Z,2025-10-15T22:47:54.400Z,2025-10-16T04:34:49.355Z,1136.21,33.99,"$1,159.42","Calentador de biberones, calentador rápido 10 en 1 para leche materna y fórmula, calentador de leche doble con temporizador, control preciso de temperatura, descongelación, vapor, calor de alimentos,",https://www.amazon.com.mx/dp/B0D4D2KTNW,https://www.amazon.com/dp/B0D4D2KTNW,CATTLESIV,BeiTong US
,B0CLDLHC1D,1,Bebé,disponible,disponible,,,2025-10-13T19:04:08.673Z,2025-10-15T22:48:02.504Z,2025-10-16T04:34:58.446Z,563.43,19.99,$766.03,"Dormlony - Saco de dormir de manga larga de algodón de muselina para bebé, saco de dormir unisex con cierre de 2 vías para cambiar fácilmente el pañal, 1.0TOG, (18-24 meses, rosa), Rosado, 18-24 Meses",https://www.amazon.com.mx/dp/B0CLDLHC1D,https://www.amazon.com/dp/B0CLDLHC1D,Amazon Estados Unidos,Greatbabyfun
,B0D41TP1BQ,1,Bebé,disponible,disponible,,,2025-10-13T19:04:08.673Z,2025-10-15T22:48:09.778Z,2025-10-16T04:35:06.116Z,486.13,8.99,$486.13,"iwoohome - Caja de dientes de madera para niñas y niños, bonita caja de dientes con botella acrílica transparente, almacenamiento de dientes perdidos para niños, soporte de almacenamiento de dientes",https://www.amazon.com.mx/dp/B0D41TP1BQ,https://www.amazon.com/dp/B0D41TP1BQ,SRKSB LLC,iwoo Design
,B0CFJHH7YJ,1,Bebé,disponible,disponible,,,2025-10-13T19:04:08.673Z,2025-10-15T22:48:17.822Z,2025-10-16T04:35:13.832Z,956.63,26.99,$956.18,"FUNTEKS - Vestido de princesa para niños y niñas, sin mangas, vestido casual de dibujos animados, vestido de fiesta de Navidad, 3 a 10",https://www.amazon.com.mx/dp/B0CFJHH7YJ,https://www.amazon.com/dp/B0CFJHH7YJ,SRKSB LLC,Rohero
,B0CDGHX1PK,1,Bebé,disponible,disponible,,,2025-10-13T19:04:08.673Z,2025-10-15T22:48:25.956Z,2025-10-16T04:35:21.725Z,374.62,9.59,$492.97,"Staroud Juguetes de baño sin moho que cambian de color para niños pequeños, juguetes de animales del océano con bolsa de secado (paquete de 9), sin agujeros, sin moho, juguetes de agua flotantes, juguetes de peces para tina y piscina",https://www.amazon.com.mx/dp/B0CDGHX1PK,https://www.amazon.com/dp/B0CDGHX1PK,Amazon Estados Unidos,Staroud
,B0C8SSLSNX,1,Bebé,disponible,disponible,,,2025-10-13T19:04:08.673Z,2025-10-15T22:48:33.656Z,2025-10-16T04:35:29.003Z,656.21,12.95,$639.21,"Gorro de punto de calabaza para invierno, grueso, cálido, suave, lindo, gorro, para bebés, niños y niñas, para Halloween, Navidad, color naranja",https://www.amazon.com.mx/dp/B0C8SSLSNX,https://www.amazon.com/dp/B0C8SSLSNX,FAVORİ STORE,Ausejopeacstrore
,B0CBQM7WVZ,1,Bebé,disponible,disponible,,,2025-10-13T19:04:08.673Z,2025-10-15T22:48:41.657Z,2025-10-16T04:35:37.752Z,516.75,9.99,$516.75,"YOcity - Organizador de lazo para niñas y niñas, diadema de bebé, organizador para diadema de cabello para niñas, moños para el pelo, para colgar en el cuarto de guardería (blanco)",https://www.amazon.com.mx/dp/B0CBQM7WVZ,https://www.amazon.com/dp/B0CBQM7WVZ,SRKSB LLC,YOcity US
,B075TXTG91,1,Bebé,disponible,disponible,,,2025-10-13T19:04:08.673Z,2025-10-15T22:48:49.935Z,2025-10-16T04:35:46.468Z,481.62,8.99,$481.39,"Mango de biberón compatible para biberones Comotomo de 8 onzas y 5 onzas, 3 unidades, verde",https://www.amazon.com.mx/dp/B075TXTG91,https://www.amazon.com/dp/B075TXTG91,SRKSB LLC,Lemon Super
,B0B5KYHK1K,1,Bebé,disponible,disponible,,,2025-10-13T19:04:08.673Z,2025-10-15T22:48:58.458Z,2025-10-16T04:35:55.607Z,736.67,11.99,$716.09,"mimixiong - Botines para bebé recién nacido, tela a mano, ganchillo para niño y niña, Camello, 0-3 Months Infant",https://www.amazon.com.mx/dp/B0B5KYHK1K,https://www.amazon.com/dp/B0B5KYHK1K,SRKSB LLC,MIMIXIONG
,B0CXMZY7DV,1,Bebé,disponible,disponible,,,2025-10-13T19:04:08.673Z,2025-10-15T22:49:06.075Z,2025-10-16T04:36:04.369Z,450.71,15.99,$691.88,"Pritent - Mochila para pañales con funda para chupete, elegante mochila de viaje para bebé y niño",https://www.amazon.com.mx/dp/B0CXMZY7DV,https://www.amazon.com/dp/B0CXMZY7DV,Amazon Estados Unidos,PRITENT-US
,B0C49LHS8M,1,Bebé,disponible,disponible,,,2025-10-13T19:04:21.132Z,2025-10-15T22:49:13.131Z,2025-10-16T04:36:12.612Z,1089.82,24.99,"$1,104.31","Mixifox Letras iluminadas para marquesina, Letras para marquesina de 4 pies, Letras Grandes iluminadas para decoración de Fiestas, Marco de Globo de Mosaico, Letras de cartón par Letra A 1 Unidad (pa",https://www.amazon.com.mx/dp/B0C49LHS8M,https://www.amazon.com/dp/B0C49LHS8M,SRKSB LLC,Ushopcity
,B0CP21JHFV,1,Bebé,disponible,disponible,,,2025-10-13T19:04:21.132Z,2025-10-15T22:49:19.389Z,2025-10-16T04:36:20.645Z,1060.94,27.99,"$1,060.94","Busidhji Organizador de pañales, organizador de pañales para cambiadores de madera, organizadores de guardería y almacenamiento para bebés (color blanco, tamaño rectangular)",https://www.amazon.com.mx/dp/B0CP21JHFV,https://www.amazon.com/dp/B0CP21JHFV,SRKSB LLC,CASSMA STORE
,B0BHDC8LGC,1,Bebé,disponible,disponible,,,2025-10-13T19:04:21.132Z,2025-10-15T22:49:28.705Z,2025-10-16T04:36:29.134Z,514.83,13.99,$601.17,"Traje de Pascua de gran tamaño para bebés y niñas, sudadera de manga larga con cuello redondo, ropa de Pascua",https://www.amazon.com.mx/dp/B0BHDC8LGC,https://www.amazon.com/dp/B0BHDC8LGC,Amazon Estados Unidos,Eadrioss Official Store
,B0B3T772PQ,1,Bebé,disponible,disponible,,,2025-10-13T19:04:21.132Z,2025-10-15T22:49:37.631Z,2025-10-16T04:36:37.253Z,506.13,14.99,$625.89,"Mameluco de punto gofre con cremallera y volantes para bebé recién nacida, ropa de otoño e invierno, Jacinth Waffle, 0-3 meses",https://www.amazon.com.mx/dp/B0B3T772PQ,https://www.amazon.com/dp/B0B3T772PQ,Amazon Estados Unidos,Three Cat
,B0D6VHCSP3,1,Bebé,disponible,disponible,,,2025-10-13T19:04:21.132Z,2025-10-15T22:49:45.833Z,2025-10-16T04:36:52.931Z,722.4,17.99,$722.40,"Fingertip WD - Manta de hito para bebé niño y niña, manta de hito mensual de elefante para bebé, manta de crecimiento del bebé, fondo de fotografía para recién nacidos, con letreros de madera, marcos,",https://www.amazon.com.mx/dp/B0D6VHCSP3,https://www.amazon.com/dp/B0D6VHCSP3,SRKSB LLC,Manyshopp
,B093FJP9DT,1,Bebé,disponible,disponible,,,2025-10-13T19:04:21.132Z,2025-10-15T22:49:54.042Z,2025-10-16T04:37:01.374Z,672.68,16.14,$711.37,"Engtoy - Zapatos de calcetín para bebé, antideslizantes, transpirables, con suela de goma suave, para bebés y niñas",https://www.amazon.com.mx/dp/B093FJP9DT,https://www.amazon.com/dp/B093FJP9DT,SRKSB LLC,ENGTOY
,B07FD7QRPG,1,Bebé,disponible,disponible,,,2025-10-13T19:04:21.132Z,2025-10-15T22:50:01.981Z,2025-10-16T04:37:10.011Z,760.8,19.95,$760.80,"Honeysticks - Ceras para tina de cera de abeja para niños y bebés, no tóxicas, lavables y fáciles de limpiar, solubles en agua, divertidas, pigmentos de grado alimenticio, hechas a mano en Nueva Zelanda (paquete de 7)",https://www.amazon.com.mx/dp/B07FD7QRPG,https://www.amazon.com/dp/B07FD7QRPG,SRKSB LLC,Honeysticks
,B08HLVHQ3N,1,Bebé,disponible,disponible,,,2025-10-13T19:04:21.132Z,2025-10-15T22:50:09.632Z,2025-10-16T04:37:17.739Z,1122.52,30.99,"$1,121.99","Jacansi Vestido largo de manga 3/4 con bolsillos y bolsillos, para mujer, 01-rojo vino, XXL",https://www.amazon.com.mx/dp/B08HLVHQ3N,https://www.amazon.com/dp/B08HLVHQ3N,SRKSB LLC,mmlin
,B0BP6G7QY1,1,Bebé,disponible,disponible,,,2025-10-13T19:04:21.132Z,2025-10-15T22:50:18.652Z,2025-10-16T04:37:26.324Z,594.74,12.99,$593.94,"UBLURO 4 piezas de dinosaurios motivacionales para pared – Placas de madera para colgar en la pared, decoración de habitación de dinosaurios para niños y niños, decoración de recámara",https://www.amazon.com.mx/dp/B0BP6G7QY1,https://www.amazon.com/dp/B0BP6G7QY1,SRKSB LLC,mengguodong
,B0846YP86H,1,Bebé,disponible,disponible,,,2025-10-13T19:04:21.133Z,2025-10-15T22:50:27.311Z,2025-10-16T04:37:34.931Z,540.7,17.99,$699.57,"Body personalizado para bebé Don't Make Me Call My God Mother de algodón para niño y niña, Solo un diseño blanco, 6 meses",https://www.amazon.com.mx/dp/B0846YP86H,https://www.amazon.com/dp/B0846YP86H,Amazon Estados Unidos,Speedy Pros
,B08TWM3C5K,1,Bebé,disponible,disponible,,,2025-10-13T19:04:21.133Z,2025-10-15T22:53:42.845Z,2025-10-16T04:37:43.180Z,511.61,9.49,$526.87,"Lindanina Mono de bebé sin espalda con correa holgada para niñas pequeñas, lindo harén halter pantalones con bolsillos, Negro, 2-3T",https://www.amazon.com.mx/dp/B08TWM3C5K,https://www.amazon.com/dp/B08TWM3C5K,SRKSB LLC,Tormmer
,B0CF5BMHTD,1,Bebé,disponible,disponible,,,2025-10-13T19:04:21.133Z,2025-10-15T22:53:51.680Z,2025-10-16T04:37:50.956Z,488,15.99,$650.37,"HOMRITAR - Manta de bebé para niños, suave y ligera, con respaldo punteado de doble capa para cuna de niños pequeños, con bonito diseño de animales de granja, 30 x 40 pulgadas",https://www.amazon.com.mx/dp/B0CF5BMHTD,https://www.amazon.com/dp/B0CF5BMHTD,Lilybekind,HOMRITAR
,B08CF1PGVB,1,Bebé,disponible,disponible,,,2025-10-13T19:04:21.133Z,2025-10-15T22:54:00.301Z,2025-10-16T04:37:59.918Z,540.51,11.98,$625.65,Handsome Just Like papá recién nacido ropa unisex divertida para bebés,https://www.amazon.com.mx/dp/B08CF1PGVB,https://www.amazon.com/dp/B08CF1PGVB,Amazon Estados Unidos,BebeChoix
,B0D9BMQWTY,1,Bebé,disponible,disponible,,,2025-10-13T19:04:33.867Z,2025-10-15T22:54:07.525Z,2025-10-16T04:38:07.781Z,467.34,6.64,$465.33,"Ambandier - Sombrero de Papá Noel, sombrero de Navidad para bebé, sombrero de Navidad para bebé, sombrero de Papá Noel para Navidad",https://www.amazon.com.mx/dp/B0D9BMQWTY,https://www.amazon.com/dp/B0D9BMQWTY,SHOPHOLİC,Ambandier US
,B07B2C8DJD,1,Bebé,disponible,disponible,,,2025-10-13T19:04:33.867Z,2025-10-15T22:54:14.778Z,2025-10-16T04:38:16.940Z,424.86,9.49,$490.40,"Baby Nail File Electric Nail Trimmer Manicure Set with Nail Clippers, Toes Fingernails Care Trim Polish Grooming Kit Safe for Infant Toddler Kids or Women, LED Light and 10 Grinding Heads (White/Teal)",https://www.amazon.com.mx/dp/B07B2C8DJD,https://www.amazon.com/dp/B07B2C8DJD,Kelev 24,FabulasDirect
,B0D7CSHGMV,1,Bebé,disponible,disponible,,,2025-10-13T19:04:33.867Z,2025-10-15T22:54:24.293Z,2025-10-16T04:38:26.294Z,660.65,14.99,$660.34,"PUHHAPIEY - Conjunto de ropa para bebé y niña, de manga larga, con estampado floral, cuello redondo y pantalones deportivos",https://www.amazon.com.mx/dp/B0D7CSHGMV,https://www.amazon.com/dp/B0D7CSHGMV,SRKSB LLC,PUHHAPIEY
,B01MQIBA3I,1,Bebé,disponible,disponible,,,2025-10-13T19:04:33.867Z,2025-10-15T22:54:32.563Z,2025-10-16T04:38:33.432Z,468.74,15.15,$697.71,Little Blue House by Hatley Baby Boys' Bodysuit & Cap,https://www.amazon.com.mx/dp/B01MQIBA3I,https://www.amazon.com/dp/B01MQIBA3I,Amazon Estados Unidos,
,B0D9XRF7W2,1,Bebé,disponible,disponible,,,2025-10-13T19:04:33.867Z,2025-10-15T22:54:41.441Z,2025-10-16T04:38:42.923Z,1381.06,36.95,"$1,380.41","Lilian&Gema - Colchón de juego y paquete de 38 x 26 x 1.5 pulgadas, paquete N Play colchones para bolígrafo de juego y corralito, cubrecolchón de espuma premium con funda lavable y bolsa de viaje para",https://www.amazon.com.mx/dp/B0D9XRF7W2,https://www.amazon.com/dp/B0D9XRF7W2,SRKSB LLC,Lilian&Gema Official Store
,B00KEX6WZU,1,Bebé,disponible,disponible,,,2025-10-13T19:04:33.867Z,2025-10-15T22:54:49.469Z,2025-10-16T04:38:52.501Z,613.69,12.99,$613.69,Baby Emporio - Mallas antideslizantes para bebé niña - Algodón - Efecto zapatos,https://www.amazon.com.mx/dp/B00KEX6WZU,https://www.amazon.com/dp/B00KEX6WZU,SRKSB LLC,"Baby Emporio, LLC"
,B09PMMGSJ4,1,Bebé,disponible,disponible,,,2025-10-13T19:04:33.867Z,2025-10-15T22:54:56.244Z,2025-10-16T04:39:01.085Z,399,7.59,$443.77,"Yulejo Unicorn Rainbow - Decoración de pared para habitación de niñas con unicornio, arco iris, motivacional, decoración inspiradora, decoración de recámara para niñas y niños, decoración de cuarto de",https://www.amazon.com.mx/dp/B09PMMGSJ4,https://www.amazon.com/dp/B09PMMGSJ4,"LA MEJOR OPCION, FACTURAMOS TODOS TUS PEDIDOS",COOLgooee
,B07JHR6ZJB,1,Bebé,disponible,disponible,,,2025-10-13T19:04:33.867Z,2025-10-15T22:55:04.461Z,2025-10-16T04:39:10.183Z,635.94,13.95,$643.22,"Daddy's Drinking Buddy - Gift Idea for Dad - Funny Cute Joke Infant Creeper, One-Piece Baby Bodysuit (Black, 6 Months)",https://www.amazon.com.mx/dp/B07JHR6ZJB,https://www.amazon.com/dp/B07JHR6ZJB,SRKSB LLC,FUNNWEAR
,B0CWNZW33D,1,Bebé,disponible,disponible,,,2025-10-13T19:04:33.868Z,2025-10-15T22:55:11.916Z,2025-10-16T04:39:19.086Z,1269.09,32.99,"$1,310.85","Tabla de fotos de YOU ARE MY SUNSHINE de un año de edad, tabla de madera para exhibición de fotos de mi primer año, tabla de fotos de hito mensual con temática solar, decoración de primer cumpleaños,",https://www.amazon.com.mx/dp/B0CWNZW33D,https://www.amazon.com/dp/B0CWNZW33D,SRKSB LLC,Cookiecan
,B0D8RW988C,1,Bebé,disponible,disponible,,,2025-10-13T19:04:33.868Z,2025-10-15T22:55:20.342Z,2025-10-16T04:39:27.372Z,844.03,22.98,$852.97,Toddler Kids Boys Girls Flannel Hooded Plaid Shirt Button Baby Red Plaid Shirt Plaid Shirt Hooded Clothes,https://www.amazon.com.mx/dp/B0D8RW988C,https://www.amazon.com/dp/B0D8RW988C,SRKSB LLC,Younger star
,B0D78PWJ4W,1,Bebé,disponible,disponible,,,2025-10-13T19:04:33.868Z,2025-10-15T22:55:28.668Z,2025-10-16T04:39:36.080Z,242,23.99,$847.18,"Portabebés, portabebés, portabebés 2025, correa portátil y ligera, asiento de cadera antideslizante que lleva 10-30 libras (negro)",https://www.amazon.com.mx/dp/B0D78PWJ4W,https://www.amazon.com/dp/B0D78PWJ4W,LCMY-W,jinjiangjinyuanyimaoyistore
,B0D62N1VT4,1,Bebé,disponible,disponible,,,2025-10-13T19:04:33.868Z,2025-10-15T22:55:37.618Z,2025-10-16T04:39:51.993Z,612,12.99,$618.63,"TENUB Got My Mind on My Mommy and My Mommy on My Mind - Bodis relajados, ropa unisex de algodón para niños y niñas, de 0 a 24 meses",https://www.amazon.com.mx/dp/B0D62N1VT4,https://www.amazon.com/dp/B0D62N1VT4,SRKSB LLC,Tianjunshanghang
,B0CP3TWF59,1,Bebé,disponible,disponible,,,2025-10-13T19:04:33.868Z,2025-10-15T22:55:45.165Z,2025-10-16T04:40:00.701Z,1038.86,27.99,"$1,074.52","Montessori - Libro ocupado para niños pequeños de 3 años, libro silencioso de fieltro 3D para bebé, libro sensorial para autismo, desarrolla habilidades motoras finas, actividades de aprendizaje",https://www.amazon.com.mx/dp/B0CP3TWF59,https://www.amazon.com/dp/B0CP3TWF59,SRKSB LLC,Cobelae US
,B0D4PHJ217,1,Bebé,disponible,disponible,,,2025-10-13T19:04:33.868Z,2025-10-15T22:55:51.882Z,2025-10-16T04:40:10.451Z,713.18,17.99,$738.75,"BambooBud - Overol para bebé y niña, de viscosa de bambú con correa para bebé, lindos pantalones cortos",https://www.amazon.com.mx/dp/B0D4PHJ217,https://www.amazon.com/dp/B0D4PHJ217,SRKSB LLC,BambooBud Home
,B0D2VW6DW6,1,Bebé,disponible,disponible,,,2025-10-13T19:04:33.868Z,2025-10-15T22:55:59.496Z,2025-10-16T04:40:18.910Z,1190.11,30.67,"$1,453.01","Modanais - Organizador de Pañales para Bebé, 3 Niveles, con Ruedas, Gris y Negro",https://www.amazon.com.mx/dp/B0D2VW6DW6,https://www.amazon.com/dp/B0D2VW6DW6,SRKSB LLC,Shangya Brand Store
,B0CZ92XWMH,1,Bebé,disponible,disponible,,,2025-10-13T19:04:48.320Z,2025-10-15T22:56:06.499Z,2025-10-16T04:40:27.002Z,1765.11,54.99,"$1,773.18","Asiento de columpio para bebé en interiores y exteriores, de lona segura de madera, arnés de seguridad ajustable de 3 puntos, accesorios de montaje incluidos, regalo para niños y niñas, gris",https://www.amazon.com.mx/dp/B0CZ92XWMH,https://www.amazon.com/dp/B0CZ92XWMH,SRKSB LLC,HappyPie
,B07GWRG1N8,1,Bebé,disponible,disponible,,,2025-10-13T19:04:48.320Z,2025-10-15T22:56:15.710Z,2025-10-16T04:40:35.471Z,1048.97,27.71,"$1,047.55","Chaquetas de forro polar con capucha para niños y niñas, para invierno, de algodón, con forro cálido, ropa exterior",https://www.amazon.com.mx/dp/B07GWRG1N8,https://www.amazon.com/dp/B07GWRG1N8,SRKSB LLC,HappyBabyUP
,B0CH9YVMKW,1,Bebé,disponible,disponible,,,2025-10-13T19:04:48.320Z,2025-10-15T23:02:05.178Z,2025-10-16T04:40:43.610Z,580.88,13.79,$596.27,"Paquete de 5 fundas para perilla de estufa para seguridad infantil, fundas de perilla de estufa de gas de tamaño universal con calcomanía, fundas resistentes al calor, fundas para perilla de estufa de bebé a prueba de calor, fundas para perilla de horno de doble llave para seguridad infantil y mascotas (negro)",https://www.amazon.com.mx/dp/B0CH9YVMKW,https://www.amazon.com/dp/B0CH9YVMKW,CATTLESIV,baiqing us
,B0CB3D7FGD,1,Bebé,disponible,disponible,,,2025-10-13T19:04:48.320Z,2025-10-15T23:02:16.670Z,2025-10-16T04:40:52.268Z,435.68,9.99,$506.04,"Ropa de manga larga para bebé y niño, sudadera de cuello redondo con cuello redondo, pantalones casuales, 2 piezas para otoño e invierno",https://www.amazon.com.mx/dp/B0CB3D7FGD,https://www.amazon.com/dp/B0CB3D7FGD,Amazon Estados Unidos,MSJDNJDHF
,B0CYPZYZL1,1,Bebé,disponible,disponible,,,2025-10-13T19:04:48.320Z,2025-10-15T23:02:24.522Z,2025-10-16T04:41:00.373Z,987.3,27.99,$987.08,"CroBlissful - Móvil para cuna para niños y niñas, lindas estrellas, luna, nube, bohemio, género, neutro a mano, para bebé, guardería, montaje en techo, unisex",https://www.amazon.com.mx/dp/B0CYPZYZL1,https://www.amazon.com/dp/B0CYPZYZL1,SRKSB LLC,Kaohstnfs
,B0B976G3W4,1,Bebé,disponible,disponible,,,2025-10-13T19:04:48.320Z,2025-10-15T23:02:32.776Z,2025-10-16T04:41:08.025Z,570.76,14.99,$625.88,"Aruzig - Conjunto de ropa para bebés recién nacidos y niños, conjunto de 3 piezas",https://www.amazon.com.mx/dp/B0B976G3W4,https://www.amazon.com/dp/B0B976G3W4,Amazon Estados Unidos,Aruzig
,B085NGG32H,1,Bebé,disponible,no listado,,,2025-10-13T19:04:48.320Z,2025-10-15T23:02:41.259Z,2025-10-16T04:41:15.600Z,638.32,,$579.51,"Smlper Crayones para Bebés Crayones de Cera Lavables para Niños Pequeños, Seguros y no Tóxicos, Crayones Gruesos y Regordetes para Bolsas de Fiesta para Niños, Personalizados y Juego de Colores",https://www.amazon.com.mx/dp/B085NGG32H,https://www.amazon.com/dp/B085NGG32H,SRKSB LLC,
,B08818KBSP,1,Bebé,disponible,disponible,,,2025-10-13T19:04:48.320Z,2025-10-15T23:02:50.391Z,2025-10-16T04:41:21.677Z,582.23,10.95,$581.45,Diadema con lazos para bebés y niñas,https://www.amazon.com.mx/dp/B08818KBSP,https://www.amazon.com/dp/B08818KBSP,SRKSB LLC,UeeSumDirect
,B0CM3XVYQL,1,Bebé,disponible,disponible,,,2025-10-13T19:04:48.321Z,2025-10-15T23:02:58.123Z,2025-10-16T04:41:30.411Z,570.76,18.99,$741.54,"Panitay - Juego de 3 mantas de bautismo para bebé, color blanco, para bautizo, para bebés, niños, niñas, suave forro polar, color coral blanco, accesorios de bautizo, para bautizo",https://www.amazon.com.mx/dp/B0CM3XVYQL,https://www.amazon.com/dp/B0CM3XVYQL,Amazon Estados Unidos,Memtry
,B08LPC9LV7,1,Bebé,disponible,disponible,,,2025-10-13T19:04:48.321Z,2025-10-15T23:03:06.519Z,2025-10-16T04:41:37.825Z,515.76,11.98,$625.65,shlrzy Don't Make Me Call Grandpa Baby Boy Clothes Unisex Baby Girl Bodysuits,https://www.amazon.com.mx/dp/B08LPC9LV7,https://www.amazon.com/dp/B08LPC9LV7,Amazon Estados Unidos,BebeChoix
,B075SL5TX5,1,Bebé,disponible,disponible,,,2025-10-13T19:04:48.321Z,2025-10-15T23:03:14.158Z,2025-10-16T04:41:46.061Z,875.62,26.99,$938.36,"AVAbay manguera antifugas, inodoro o montaje en pared, material de acero inoxidable 304, multifunción para pulverizador de pañales, shattaf, ducha de mascotas",https://www.amazon.com.mx/dp/B075SL5TX5,https://www.amazon.com/dp/B075SL5TX5,Premium Global,🅰🆅🅰🅱🅰🆈
,B089RFNMQD,1,Bebé,disponible,disponible,,,2025-10-13T19:04:48.321Z,2025-10-15T23:03:22.708Z,2025-10-16T04:41:54.154Z,570.76,18.99,$724.29,"overol de encaje para bebés y niñas, diseño de lazo en V, color blanco, Blanco, 0-6 Meses",https://www.amazon.com.mx/dp/B089RFNMQD,https://www.amazon.com/dp/B089RFNMQD,Amazon Estados Unidos,AnneBella
,B07ZP3TR5F,1,Bebé,disponible,disponible,,,2025-10-13T19:04:48.321Z,2025-10-15T23:03:30.365Z,2025-10-16T04:42:02.284Z,924.2,24.48,$922.38,Winter Down Coats for Kids Baby Boys Girls Light Puffer Padded Jacket Bear Hoods Infant Outerwear,https://www.amazon.com.mx/dp/B07ZP3TR5F,https://www.amazon.com/dp/B07ZP3TR5F,Boon Shopping,Woosen
,B0C9DNPJZL,1,Bebé,disponible,disponible,,,2025-10-13T19:04:48.321Z,2025-10-15T23:03:39.271Z,2025-10-16T04:42:09.473Z,451.4,13.99,$618.42,"TRENDSTITCH - Manta receptora de bebé, 100% algodón, suave, cálida, acogedora, unisex, para recién nacidos, bebés, niños y niñas, tamaño de 30 x 40 pulgadas, azul claro",https://www.amazon.com.mx/dp/B0C9DNPJZL,https://www.amazon.com/dp/B0C9DNPJZL,Amazon Estados Unidos,WSWTR
,B004L7JJBY,1,Bebé,disponible,disponible,,,2025-10-13T19:05:00.833Z,2025-10-15T23:03:47.267Z,2025-10-16T04:42:17.443Z,1995.54,68.86,"$2,045.32",Vibraciones de ébano: Baid,https://www.amazon.com.mx/dp/B004L7JJBY,https://www.amazon.com/dp/B004L7JJBY,SRKSB LLC,Hour Loop
,B07SCSW2GJ,1,Bebé,disponible,disponible,,,2025-10-13T19:05:00.834Z,2025-10-15T23:03:54.721Z,2025-10-16T04:42:25.858Z,432.07,6.99,$431.87,"Moncom Hisopos de algodón de 500 unidades de doble punta redonda con varillas de madera fuertes, 3 pulgadas, 1 caja",https://www.amazon.com.mx/dp/B07SCSW2GJ,https://www.amazon.com/dp/B07SCSW2GJ,SRKSB LLC,LBQH
,B0DDCS9X2Z,1,Bebé,disponible,disponible,,,2025-10-13T19:05:00.834Z,2025-10-15T23:04:02.640Z,2025-10-16T04:42:43.205Z,2005.18,59.99,"$1,991.24","DELMAR BABY - Mochila grande para pañales – New Born Essentials para bebé – Mochila unisex para pañales, verde militar",https://www.amazon.com.mx/dp/B0DDCS9X2Z,https://www.amazon.com/dp/B0DDCS9X2Z,SRKSB LLC,DelMar Baby
,B0DBY6HP1M,1,Bebé,disponible,disponible,,,2025-10-13T19:05:00.834Z,2025-10-15T23:04:10.391Z,2025-10-16T04:42:53.007Z,827.7,19.99,$826.58,"Yagle Mate - 4 mantas para bebé, manta de forro polar a cuadros con corazón, acogedoras y esponjosas, mantas para cuna para niñas, mantas de recepción para niños pequeños, 30 x 40 pulgadas, color rosa",https://www.amazon.com.mx/dp/B0DBY6HP1M,https://www.amazon.com/dp/B0DBY6HP1M,SRKSB LLC,YagleMate
,B0D9LL28D8,1,Bebé,disponible,disponible,,,2025-10-13T19:05:00.834Z,2025-10-15T23:04:19.097Z,2025-10-16T04:43:01.950Z,756.22,18.99,$762.60,"Paquete de 12 bolsas de repuesto para bolsas de pañales, para repuestos Genie, bolsas de pañales con fragancia, compatibles con Dekor Plus para adultos, bolsas de repuesto perfumadas para bebés, con",https://www.amazon.com.mx/dp/B0D9LL28D8,https://www.amazon.com/dp/B0D9LL28D8,SRKSB LLC,RongGang technology
,B0DHVJM5WN,1,Bebé,disponible,disponible,,,2025-10-13T19:05:00.834Z,2025-10-15T23:04:26.475Z,2025-10-16T04:43:10.311Z,395.85,5.09,$386.67,"Tyqour - Paquete de 2 soportes para toallitas reutilizables para bebé, portátil, dispensador de toallitas húmedas, recargable, para viaje, impermeable, a prueba de polvo, para toallitas para bebé,",https://www.amazon.com.mx/dp/B0DHVJM5WN,https://www.amazon.com/dp/B0DHVJM5WN,SRKSB LLC,a white cloud
,B0DCZZFR4P,1,Bebé,disponible,disponible,,,2025-10-13T19:05:00.834Z,2025-10-15T23:04:33.486Z,2025-10-16T04:43:19.056Z,597.88,9.99,$597.88,"PantryPro - Báscula digital de cocina con plataforma de bambú, 12 libras de capacidad, pantalla LCD gramos y onzas batería AAA incluida (natural)",https://www.amazon.com.mx/dp/B0DCZZFR4P,https://www.amazon.com/dp/B0DCZZFR4P,SRKSB LLC,Pantry-Pro
,B0DBLGJB1S,1,Bebé,disponible,disponible,,,2025-10-13T19:05:00.834Z,2025-10-15T23:04:42.051Z,2025-10-16T04:43:27.000Z,568.63,11.99,$566.29,"Soporte para monitor de bebé HelloBaby HB65/HB40/HB6550/HB66/HB6339/HB6550 Pro, ANMEATE SM935E, soporte de pared ajustable de 360° para monitor Hellobaby de dos maneras de instalar",https://www.amazon.com.mx/dp/B0DBLGJB1S,https://www.amazon.com/dp/B0DBLGJB1S,SRKSB LLC,Annkoifu Ltd
,B0CP8CSCFS,1,Bebé,disponible,disponible,,,2025-10-13T19:05:00.834Z,2025-10-15T23:04:55.863Z,2025-10-16T04:43:36.200Z,525.85,19.99,$748.78,"Crane Baby 100% algodón orgánico Amapola para bebé Individual Envoltura para niños y niñas, Manta para Envolver al recién Nacido de género, Lista de bebé y Regalo, 47 x 47 Pulgadas",https://www.amazon.com.mx/dp/B0CP8CSCFS,https://www.amazon.com/dp/B0CP8CSCFS,Amazon Estados Unidos,
,B0DFCQ1H52,1,Bebé,disponible,disponible,,,2025-10-13T19:05:00.834Z,2025-10-15T23:05:04.660Z,2025-10-16T04:43:44.155Z,1224.18,29.99,"$1,223.60","Bolsa de pañales de gran capacidad, bolsa de viaje para pañales de bebé, bolsa cruzada de hospital para lunes y papá",https://www.amazon.com.mx/dp/B0DFCQ1H52,https://www.amazon.com/dp/B0DFCQ1H52,SRKSB LLC,GEMIU-MAYCHEN
,B0CMTCKYB1,1,Bebé,disponible,disponible,,,2025-10-13T19:05:00.834Z,2025-10-15T23:05:11.755Z,2025-10-16T04:43:53.344Z,1028.16,29.99,"$1,024.85",BubblePanda Saco de dormir de bambú 0-3t 1.0 Tog Saco de dormir suave para niños pequeños 0-36 meses para bebés con cierre de 2 vías,https://www.amazon.com.mx/dp/B0CMTCKYB1,https://www.amazon.com/dp/B0CMTCKYB1,SRKSB LLC,BubblePanda
,B0DDPXZCWR,1,Bebé,disponible,disponible,,,2025-10-13T19:05:00.835Z,2025-10-15T23:05:20.555Z,2025-10-16T04:44:01.471Z,862.76,21.99,$875.63,"illikkuyax - Paquete de 3 toallitas desechables para baño, contenedor de toallitas de inodoro para bebé adulto, decoración elegante de cuarto de baño, 7.48 pulgadas de largo x 5.12 pulgadas de ancho x",https://www.amazon.com.mx/dp/B0DDPXZCWR,https://www.amazon.com/dp/B0DDPXZCWR,SRKSB LLC,zanguan
,B0C81N8RTR,1,Bebé,disponible,disponible,,,2025-10-13T19:05:00.835Z,2025-10-15T23:05:28.107Z,2025-10-16T04:44:09.049Z,674.44,14.99,$679.39,"Libros decorativos para decoración del hogar, libros de imitación para decoración rústica de granja, decoración de estantes de granja, libros de decoración para mesa de centro, libros falsos con abalorio de madera, borla de 58 pulgadas",https://www.amazon.com.mx/dp/B0C81N8RTR,https://www.amazon.com/dp/B0C81N8RTR,SRKSB LLC,mengruxinghe
,B0D8W5P6WQ,1,Bebé,disponible,disponible,,,2025-10-13T19:05:00.835Z,2025-10-15T23:05:35.412Z,2025-10-16T04:44:16.840Z,499.36,13.99,$601.17,"Manta de bebé para recién nacidos, saco de dormir suave para bebés y niñas, Western, Talla única",https://www.amazon.com.mx/dp/B0D8W5P6WQ,https://www.amazon.com/dp/B0D8W5P6WQ,Amazon Estados Unidos,XALIZH
,B07Y1PWMBJ,1,Bebé,disponible,disponible,,,2025-10-13T19:05:00.835Z,2025-10-15T23:05:43.862Z,2025-10-16T04:44:24.415Z,791.02,19.2,$791.02,Calypso Studios by First & Main - Cruz de Arcilla reconfortante Notre Dame,https://www.amazon.com.mx/dp/B07Y1PWMBJ,https://www.amazon.com/dp/B07Y1PWMBJ,SRKSB LLC,Hour Loop
,B07Y1PJ4P9,1,Bebé,disponible,disponible,,,2025-10-13T19:05:00.835Z,2025-10-15T23:05:50.783Z,2025-10-16T04:44:32.073Z,1028.17,27.44,"$1,021.01","Calypso Studios by First & Main - Cruz de Arcilla reconfortante para jardín de 5.5""",https://www.amazon.com.mx/dp/B07Y1PJ4P9,https://www.amazon.com/dp/B07Y1PJ4P9,SRKSB LLC,Hour Loop
,B0D474DSB6,1,Bebé,disponible,disponible,,,2025-10-13T19:05:12.255Z,2025-10-15T23:05:59.049Z,2025-10-16T04:44:39.282Z,1750.94,49.99,"$1,786.71","Esterilizador y secador de biberones, esterilizador y secador eléctrico de biberones de vapor HIYAKOI, esterilizador todo en uno, 2 capas, grande para biberones, piezas y otros productos esenciales",https://www.amazon.com.mx/dp/B0D474DSB6,https://www.amazon.com/dp/B0D474DSB6,CATTLESIV,"Urseto Electrical Appliance Co.,Ltd"
,B0DB19MQ52,1,Bebé,disponible,disponible,,,2025-10-13T19:05:12.255Z,2025-10-15T23:06:07.838Z,2025-10-16T04:44:47.597Z,577.89,13.99,$618.42,"URSEORY - Toallas con capucha para bebé, paquete de 2 toallas de baño ultrasuaves para bebé, toallas absorbentes con capucha para niños, niñas, bebés, bebés, niños, grandes, 31 x 31 pulgadas,",https://www.amazon.com.mx/dp/B0DB19MQ52,https://www.amazon.com/dp/B0DB19MQ52,Amazon Estados Unidos,YECELINST
,B0D72NQZ2T,1,Bebé,disponible,disponible,,,2025-10-13T19:05:12.255Z,2025-10-15T23:06:15.049Z,2025-10-16T04:44:55.804Z,1182.83,30.99,"$1,133.31","Asiento de inodoro de entrenamiento para bebés para niños y niñas con asas galvanizadas, diseño antideslizante y protector contra salpicaduras, cojín de asiento de silicona desmontable mejorado,",https://www.amazon.com.mx/dp/B0D72NQZ2T,https://www.amazon.com/dp/B0D72NQZ2T,CATTLESIV,Taizhou Jinsheng Trading Co Ltd
,B0D6TTQDMH,1,Bebé,disponible,disponible,,,2025-10-13T19:05:12.255Z,2025-10-15T23:06:22.078Z,2025-10-16T04:45:04.204Z,1271.81,29.99,"$1,283.48","YINMIT - Taburete de madera para adultos y niños, taburete de madera para cama alta, taburete para niños con pies antideslizantes, uso para recámara, soporta hasta 500 libras (1 nivel gris)",https://www.amazon.com.mx/dp/B0D6TTQDMH,https://www.amazon.com/dp/B0D6TTQDMH,SRKSB LLC,Ou zheng
,B0D63MKCYH,1,Bebé,disponible,disponible,,,2025-10-13T19:05:12.255Z,2025-10-15T23:06:29.531Z,2025-10-16T04:45:12.500Z,977.15,25.99,$982.20,"Regalos de mamá y regalos de baby shower para niñas, 7 piezas de cesta de regalo para mamá después del nacimiento, regalos de embarazo para madres por primera vez, futura mamá, paquete de cuidado de",https://www.amazon.com.mx/dp/B0D63MKCYH,https://www.amazon.com/dp/B0D63MKCYH,SRKSB LLC,simple craft
,B0D3GB39ZQ,1,Bebé,disponible,disponible,,,2025-10-13T19:05:12.255Z,2025-10-15T23:06:38.315Z,2025-10-16T04:45:22.072Z,2353.72,75.95,"$2,353.23","Puerta retráctil reforzada de 155 pulgadas extra ancha con varillas de apoyo, evita que se arrastre por debajo de la puerta de perro de 13 pies de ancho para puertas de bebé extralargas para grandes",https://www.amazon.com.mx/dp/B0D3GB39ZQ,https://www.amazon.com/dp/B0D3GB39ZQ,Amazon Estados Unidos,Xinmanfu
,B0D2NKLWFF,1,Bebé,disponible,disponible,,,2025-10-13T19:05:12.255Z,2025-10-15T23:06:45.378Z,2025-10-16T04:45:37.787Z,4371.94,149.99,"$4,258.77","Puertas retráctiles de 160 pulgadas, puerta de bebé de 42 pulgadas, extra alta mejorada con diseño de tira reforzada, evita que se arrastre por debajo de la puerta, puerta de bebé extra ancha para",https://www.amazon.com.mx/dp/B0D2NKLWFF,https://www.amazon.com/dp/B0D2NKLWFF,SRKSB LLC,WXBeauty
,B0D297TB79,1,Bebé,disponible,disponible,,,2025-10-13T19:05:12.255Z,2025-10-15T23:06:53.969Z,2025-10-16T04:45:46.893Z,694.01,16.99,$774.57,"Jwitao - Regalos de aborto espontáneo para madres y padres | Caja conmemorativa de aborto espontáneo/caja de recuerdo, regalo conmemorativo para la pérdida de embarazo/bebé para mamá y mujer, regalo",https://www.amazon.com.mx/dp/B0D297TB79,https://www.amazon.com/dp/B0D297TB79,SRKSB LLC,BUULUE
,B0CZ9KH4PP,1,Bebé,disponible,disponible,,,2025-10-13T19:05:12.256Z,2025-10-15T23:07:01.216Z,2025-10-16T04:45:56.006Z,420.65,9.99,$502.76,"Lcokin - Manta para bebé de fresa, con forma de corazón lindo para recién nacido, saco de dormir con gorro para niños, niñas, bebés y baby shower, unisex",https://www.amazon.com.mx/dp/B0CZ9KH4PP,https://www.amazon.com/dp/B0CZ9KH4PP,Amazon Estados Unidos,Dex E-Commerce
,B0CYX99X61,1,Bebé,disponible,disponible,,,2025-10-13T19:05:12.256Z,2025-10-15T23:07:08.620Z,2025-10-16T04:46:04.438Z,953.3,24.99,$955.82,"Libros falsos para decoración – Juego de 3 libros decorativos para decoración del hogar (Londres/París/Nueva York), libros de imitación para decoración, decoración de estantes de libros, decoración de",https://www.amazon.com.mx/dp/B0CYX99X61,https://www.amazon.com/dp/B0CYX99X61,SRKSB LLC,CJ Lifeyond
,B0722V2C98,1,Bebé,disponible,disponible,,,2025-10-13T19:05:12.256Z,2025-10-15T23:07:16.776Z,2025-10-16T04:46:13.402Z,253.25,5.39,$389.66,"SPHTOEO - 50 pasadores de tela para pañales, de acero inoxidable, estilo tradicional, colores surtidos",https://www.amazon.com.mx/dp/B0722V2C98,https://www.amazon.com/dp/B0722V2C98,Amazon Estados Unidos,TrumpStart
,B0CZ8P29KH,1,Bebé,disponible,disponible,,,2025-10-13T19:05:12.256Z,2025-10-15T23:07:24.422Z,2025-10-16T04:46:21.142Z,524.6,9.99,$524.35,"Correa de algodón 100 % orgánico, un accesorio de cierre ajustable para mantas de envolver usables, banda para el vientre para bebés recién nacidos y niñas de 0 a 6 meses, se adapta a todos, oso de",https://www.amazon.com.mx/dp/B0CZ8P29KH,https://www.amazon.com/dp/B0CZ8P29KH,SRKSB LLC,Veva-Store
,B0D4M69L1Z,1,Bebé,disponible,disponible,,,2025-10-13T19:05:12.256Z,2025-10-15T23:07:38.216Z,2025-10-16T04:46:28.456Z,628.05,13.99,$627.75,"eoscasely - Separador de clóset para bebé, diseño de margaritas, divisor de ropa para guardar ropa de bebé en 3D de doble cara, para clasificar 8 tamaños desde recién nacido hasta más de 24 meses",https://www.amazon.com.mx/dp/B0D4M69L1Z,https://www.amazon.com/dp/B0D4M69L1Z,SRKSB LLC,Pantalea
,B06XCPLZQV,1,Bebé,disponible,disponible,,,2025-10-13T19:05:12.256Z,2025-10-15T23:07:46.417Z,2025-10-16T04:46:37.137Z,3467.75,69,"$3,424.16",Ubabub Bandeja cambiadora extraíble para Nifty en blanco cálido,https://www.amazon.com.mx/dp/B06XCPLZQV,https://www.amazon.com/dp/B06XCPLZQV,SEONGSAN,
,B0D493X8KF,1,Bebé,disponible,disponible,,,2025-10-13T19:05:12.256Z,2025-10-15T23:07:53.348Z,2025-10-16T04:46:44.848Z,632,22.99,$839.95,"Mindsoft - Manta bohemia bohemia para bebé, diseño de hito mensual, con diseño de vaca de las tierras altas, diseño de zacate de pampas, para decoración de la guardería del recién nacido (café, vaca",https://www.amazon.com.mx/dp/B0D493X8KF,https://www.amazon.com/dp/B0D493X8KF,Amazon Estados Unidos,Fengxxiao
,B0D17XNJPJ,1,Bebé,disponible,disponible,,,2025-10-13T19:05:23.519Z,2025-10-15T23:08:00.830Z,2025-10-16T04:46:54.378Z,1056.77,29.99,"$1,056.63","My First Year - pizarrón de fotos de madera para mariposa, mariposa 3D acrílica para decoración de fiesta de primer cumpleaños, 1-12 meses, tablero de madera para fotos para bebé, baby shower de",https://www.amazon.com.mx/dp/B0D17XNJPJ,https://www.amazon.com/dp/B0D17XNJPJ,SRKSB LLC,BACI PARTY IDEAS
,B0D1RJ5DP6,1,Bebé,disponible,disponible,,,2025-10-13T19:05:23.519Z,2025-10-15T23:08:07.954Z,2025-10-16T04:47:01.295Z,713.68,13.99,$881.78,"Cesta tejida pequeña, 12 x 8 x 4.5 pulgadas, pequeñas cestas de almacenamiento para organizar, cestas de regalo vacías, lindo estante de cuerda pequeño para clóset, cestas de almacenamiento para",https://www.amazon.com.mx/dp/B0D1RJ5DP6,https://www.amazon.com/dp/B0D1RJ5DP6,SRKSB LLC,MICHEF
,B0CKTNTFPS,1,Bebé,disponible,disponible,,,2025-10-13T19:05:23.519Z,2025-10-15T23:08:15.331Z,2025-10-16T04:47:10.215Z,705.62,17.45,$738.87,"FKTUV Refrigerator Lock,Combination Lock for Refrigerator Cabinets,Heavy Duty Fridge Lock,Child Safety Cabinet Locks,Easy Install No Keys Needed (White 2pcs)",https://www.amazon.com.mx/dp/B0CKTNTFPS,https://www.amazon.com/dp/B0CKTNTFPS,SRKSB LLC,Vaeheyk
,B093CRJMB8,1,Bebé,disponible,disponible,,,2025-10-13T19:05:23.520Z,2025-10-15T23:08:23.630Z,2025-10-16T04:47:18.979Z,1504.13,47.99,"$1,504.13","Baybou Conjunto de bata y manta a juego para mamá y mí, juego de 5 piezas para regalo (floral vintage, L/XL)",https://www.amazon.com.mx/dp/B093CRJMB8,https://www.amazon.com/dp/B093CRJMB8,SRKSB LLC,Lavard_Shop
,B0CXJ45DZF,1,Bebé,disponible,disponible,,,2025-10-13T19:05:23.520Z,2025-10-15T23:08:32.198Z,2025-10-16T04:47:26.370Z,577.02,13.49,$588.81,"Vertintong - 6 piezas inspiradoras para guardería de animales, bosque, de madera, animales de bosque, de oso, mapache, zorro y ciervos, bloques de decoración de mesa de bosque, decoración de criaturas",https://www.amazon.com.mx/dp/B0CXJ45DZF,https://www.amazon.com/dp/B0CXJ45DZF,CATTLESIV,JuuNea
,B075TDRDT5,1,Bebé,disponible,disponible,,,2025-10-13T19:05:23.520Z,2025-10-15T23:08:39.764Z,2025-10-16T04:47:33.692Z,631.5,14.99,$631.50,"PLESIU Baby Catholic Baptism Gift Set, Includes Baby's First Rosary and Baby's First Book of Prayers, Perfect Baptism, Christening, Shower Gifts",https://www.amazon.com.mx/dp/B075TDRDT5,https://www.amazon.com/dp/B075TDRDT5,SRKSB LLC,Bites Sports Store
,B0CPPPB42S,1,Bebé,disponible,disponible,,,2025-10-13T19:05:23.520Z,2025-10-15T23:08:48.910Z,2025-10-16T04:47:42.266Z,842.31,21.86,$841.91,Pai Home Bolsas de repuesto para pañales compatibles con repuestos de cubeta de pañales Dekor Classic con capacidad para hasta 3480 pañales (paquete de 6) aroma a polvo para bebés,https://www.amazon.com.mx/dp/B0CPPPB42S,https://www.amazon.com/dp/B0CPPPB42S,SRKSB LLC,合盈贸易
,B0CVXBZ4GL,1,Bebé,disponible,disponible,,,2025-10-13T19:05:23.520Z,2025-10-15T23:08:57.091Z,2025-10-16T04:47:50.584Z,610.4,19.99,$814.77,"KLHYIT - Toalla de baño con capucha para niños pequeños, 27.5 x 55 pulgadas, unisex, ultra absorbente, suave, para niños, niñas, paquete de 2 toallas de baño para niños, regalo para bebés, bebés,",https://www.amazon.com.mx/dp/B0CVXBZ4GL,https://www.amazon.com/dp/B0CVXBZ4GL,Amazon Estados Unidos,wangjinhuii
,B0CRTWPPKC,1,Bebé,disponible,disponible,,,2025-10-13T19:05:23.520Z,2025-10-15T23:09:04.412Z,2025-10-16T04:47:59.278Z,696.5,15.99,$695.55,"BEBOAN Kit de mano y huella sin tinta, marcos de recuerdo para bebé con calcomanía multicolor, regalos de bebé para recién nacido, kit de impresión de pata de perro, blanco",https://www.amazon.com.mx/dp/B0CRTWPPKC,https://www.amazon.com/dp/B0CRTWPPKC,SRKSB LLC,Auleep Direct
,B0BW83YFV3,1,Bebé,disponible,disponible,,,2025-10-13T19:05:23.520Z,2025-10-15T23:09:13.213Z,2025-10-16T04:48:08.432Z,1478.27,43.99,"$1,513.62","YiLiiod - Organizador de cabina de pañales para bebé, 360 grados de bambú giratorio con divisiones extraíbles, organizador de cabina de guardería para cambiador de mesa",https://www.amazon.com.mx/dp/B0BW83YFV3,https://www.amazon.com/dp/B0BW83YFV3,SRKSB LLC,YILISUP
,B0CPJ7HVCT,1,Bebé,disponible,disponible,,,2025-10-13T19:05:23.520Z,2025-10-15T23:09:20.896Z,2025-10-16T04:48:16.959Z,761.63,28.99,$921.10,"Bunnycool - Juego de 4 fundas para bebés recién nacidos con diadema, conjunto de manta para bebés prematuros para niños recién nacidos (preemie)",https://www.amazon.com.mx/dp/B0CPJ7HVCT,https://www.amazon.com/dp/B0CPJ7HVCT,Amazon Estados Unidos,GuFuan
,B0CHQJPYHN,1,Bebé,disponible,disponible,,,2025-10-13T19:05:23.520Z,2025-10-15T23:09:28.224Z,2025-10-16T04:48:33.323Z,628.83,14.39,$683.93,"Cerraduras de seguridad para niños, cerraduras de gabinete con cerradura de clóset combinada, cerradura de gabinete, cerradura de refrigerador a prueba de niños (2 unidades), color negro",https://www.amazon.com.mx/dp/B0CHQJPYHN,https://www.amazon.com/dp/B0CHQJPYHN,SRKSB LLC,Vaeheyk
,B083L8ZXL3,1,Bebé,disponible,disponible,,,2025-10-13T19:05:35.767Z,2025-10-15T23:09:37.141Z,2025-10-16T04:48:42.275Z,1143.11,34.99,"$1,142.58","Juego de ropa de cama para bebé, 3 piezas, incluye funda de edredón, funda de almohada, sábana bajera ajustable con banda elástica, 100% algodón para bebés para niñas y niños, Swan",https://www.amazon.com.mx/dp/B083L8ZXL3,https://www.amazon.com/dp/B083L8ZXL3,SRKSB LLC,Emenpy
,B0CJ8SR3KD,1,Bebé,disponible,disponible,,,2025-10-13T19:05:35.768Z,2025-10-15T23:09:46.498Z,2025-10-16T04:48:50.109Z,854.89,24.99,$889.16,"Tuwubi - Bolsa de pañales con estuche para chupete, bolsa grande para pañales de viaje para mamá y papá, multifunción grande",https://www.amazon.com.mx/dp/B0CJ8SR3KD,https://www.amazon.com/dp/B0CJ8SR3KD,BS-SHOPPING,FUTENG-US
,B0BP72VY6Y,1,Bebé,disponible,disponible,,,2025-10-13T19:05:35.768Z,2025-10-15T23:09:54.049Z,2025-10-16T04:48:58.732Z,620.45,12.99,$618.63,"4 piezas de animales de la selva, arte de pared motivacional, animales de la selva, placas de madera para colgar en la pared, decoración de guardería y sala de juegos",https://www.amazon.com.mx/dp/B0BP72VY6Y,https://www.amazon.com/dp/B0BP72VY6Y,SRKSB LLC,mengguodong
,B0831KZGHW,1,Bebé,disponible,disponible,,,2025-10-13T19:05:35.768Z,2025-10-15T23:10:02.212Z,2025-10-16T04:49:06.085Z,589.73,12.98,$589.45,"Juguetes para el Baño con Luz Intermitente que Cambia de Color en el Agua - Set de 6 Juguetes Luminosos Flotantes de Goma para Bebés, Niños y Niñas para Jugar en la Bañera, en la Ducha o en la Piscina",https://www.amazon.com.mx/dp/B0831KZGHW,https://www.amazon.com/dp/B0831KZGHW,SRKSB LLC,JASNKKONT
,B0CFY9ZYWS,1,Bebé,disponible,disponible,,,2025-10-13T19:05:35.768Z,2025-10-15T23:10:10.375Z,2025-10-16T04:49:14.773Z,647.76,14.99,$647.76,"5 piezas de decoración de pared para sala de juegos, 15.4 x 18 pulgadas, 3D Where The Wild Ones Play Nursery Letrero de madera para decoración de habitación de niños y niñas, hogar, jardín de infantes, recámara, letrero de palabras",https://www.amazon.com.mx/dp/B0CFY9ZYWS,https://www.amazon.com/dp/B0CFY9ZYWS,SRKSB LLC,Newaifyir
,B0BXKTM5P6,1,Bebé,disponible,disponible,,,2025-10-13T19:05:35.768Z,2025-10-15T23:10:24.728Z,2025-10-16T04:49:23.279Z,524.6,9.99,$524.35,"Letrero de madera para guardería para niños, bienvenido a mi cuna, cuarto de bebé, sala de juegos, decoración inspiradora de pared, regalo de baby shower para bebé recién nacido",https://www.amazon.com.mx/dp/B0BXKTM5P6,https://www.amazon.com/dp/B0BXKTM5P6,SRKSB LLC,AYIOOO
,B09ZL1G6QY,1,Bebé,disponible,disponible,,,2025-10-13T19:05:35.768Z,2025-10-15T23:10:33.380Z,2025-10-16T04:49:32.802Z,835.91,17.97,$833.40,"Marco de fotos de 8 x 10 pulgadas, color dorado mate con vidrio de alta definición para decoración de pared, decoración de boda, decoración de dormitorio y exhibición de mesa, juego de 5",https://www.amazon.com.mx/dp/B09ZL1G6QY,https://www.amazon.com/dp/B09ZL1G6QY,Rimecebuy,Euwazram
,B0D5VVS5HN,1,Bebé,disponible,disponible,,,2025-10-13T19:05:35.768Z,2025-10-15T23:10:42.109Z,2025-10-16T04:49:39.852Z,1349.58,39.99,"$1,397.72","Fonnyxk- Kit de Huellas de Manos Familiares: Marco de Madera de Recuerdo Hecho a Mano para Hacer uno Mismo: Regalos Familiares: Regalo para Padres nuevos y futuros, Marco de Madera Maciza",https://www.amazon.com.mx/dp/B0D5VVS5HN,https://www.amazon.com/dp/B0D5VVS5HN,SRKSB LLC,fonnny
,B0B8SQCHP5,1,Bebé,disponible,disponible,,,2025-10-13T19:05:35.768Z,2025-10-15T23:10:49.187Z,2025-10-16T04:49:47.407Z,528,18.98,$741.32,"Funda para cambiador de pañales para bebé, paquete de 2 fundas para cambiador de pañales para bebés y niñas, sábanas de colchón de cuna, ultra suave de punto jersey",https://www.amazon.com.mx/dp/B0B8SQCHP5,https://www.amazon.com/dp/B0B8SQCHP5,Amazon Estados Unidos,zaitu
,B09ZPJR2RB,1,Bebé,disponible,disponible,,,2025-10-13T19:05:35.768Z,2025-10-15T23:10:55.514Z,2025-10-16T04:49:56.770Z,506.32,15.99,$667.62,"Manta de bebé para niñas, manta de visón súper suave de doble capa con respaldo punteado, manta de cama de bebé recién nacido, manta de cama con estampado You are My Sunshine de 30 x 40 pulgadas",https://www.amazon.com.mx/dp/B09ZPJR2RB,https://www.amazon.com/dp/B09ZPJR2RB,Amazon Estados Unidos,SWESEN
,B09TK9Z1LN,1,Bebé,disponible,disponible,,,2025-10-13T19:05:35.768Z,2025-10-15T23:11:03.839Z,2025-10-16T04:50:04.522Z,530.03,7.99,$530.03,"Mosquitera para asientos de coche de bebé, red de malla de insectos, transpirable, ajuste universal para todos los asientos de coche, calidad prémium: lavable a máquina, duradera y duradera red de insectos para bebés (morado)",https://www.amazon.com.mx/dp/B09TK9Z1LN,https://www.amazon.com/dp/B09TK9Z1LN,SRKSB LLC,Small homeware
,B09LHJJGPB,1,Bebé,disponible,disponible,,,2025-10-13T19:05:35.769Z,2025-10-15T23:11:10.575Z,2025-10-16T04:50:12.838Z,512.33,15.99,$667.63,"Manta de bebé de hoja verde, suave y cálida manta de bebé para niña y niño, manta de seguridad de puntos de felpa para bebé recién nacido, manta de seguridad para guardería, carriola, manta de cuna unisex (40 x 30 pulgadas)",https://www.amazon.com.mx/dp/B09LHJJGPB,https://www.amazon.com/dp/B09LHJJGPB,Amazon Estados Unidos,Do Lai Mi
,B0816VBZB1,1,Bebé,disponible,disponible,,,2025-10-13T19:05:35.769Z,2025-10-15T23:11:18.162Z,2025-10-16T04:50:21.137Z,1152.89,30.99,"$1,122.99","Lito's Children's Wear Lito SB5000 - Vela para Bautizo, Color Plateado, Azul, Pequeño",https://www.amazon.com.mx/dp/B0816VBZB1,https://www.amazon.com/dp/B0816VBZB1,SRKSB LLC,PinkPrincess!
,B08KGP8RSR,1,Bebé,disponible,disponible,,,2025-10-13T19:05:35.769Z,2025-10-15T23:11:26.014Z,2025-10-16T04:50:29.827Z,812.77,21.99,$818.04,"Knirose - Manta para recién nacidos y envoltura infantil unisex con función de protección de la cabeza y soporte de cabeza, hecha de algodón peinado (botón, azul, 0-3 meses)",https://www.amazon.com.mx/dp/B08KGP8RSR,https://www.amazon.com/dp/B08KGP8RSR,SRKSB LLC,Veva-Store
,B09W5JDBV4,1,Bebé,disponible,disponible,,,2025-10-13T19:05:35.769Z,2025-10-15T23:11:34.415Z,2025-10-16T04:50:38.769Z,714.84,17.09,$717.61,"Yewiwin - Organizador de animales de peluche de algodón, hecho a mano, macramé, para guardar juguetes, decoración bohemia, triangular, negro, grande, 57 x 42 pulgadas, capacidad de 10 libras",https://www.amazon.com.mx/dp/B09W5JDBV4,https://www.amazon.com/dp/B09W5JDBV4,SRKSB LLC,Yewiwin-US
,B09C9T1X7P,1,Bebé,disponible,disponible,,,2025-10-13T19:05:49.991Z,2025-10-15T23:11:42.347Z,2025-10-16T04:50:47.339Z,639.25,13.99,$639.25,"TECHNOK Juguetes de baño para bebés – 12 vasos apilables arcoíris para bebés con botes de baño, tren y regadera para niños pequeños – Juguetes de baño de plástico apilables – Juguete de baño con formas de animales de mar juguete para niñas y niños",https://www.amazon.com.mx/dp/B09C9T1X7P,https://www.amazon.com/dp/B09C9T1X7P,SRKSB LLC,TECHNOK TOYS
,B09BTT3VLS,1,Bebé,disponible,disponible,,,2025-10-13T19:05:49.992Z,2025-10-15T23:11:50.444Z,2025-10-16T04:50:54.890Z,1107.83,29.98,"$1,107.83","Cosy Family - Paquete de 3 toallas con capucha para bebé, rayón hechas de bambú, toallas de baño unisex ultrasuaves para bebés, bebés, recién nacidos, esenciales para recién nacidos, toallas ultra absorbentes para bebés y niñas, color blanco",https://www.amazon.com.mx/dp/B09BTT3VLS,https://www.amazon.com/dp/B09BTT3VLS,SRKSB LLC,Cosy Family
,B09F38VDQ9,1,Bebé,disponible,disponible,,,2025-10-13T19:05:49.992Z,2025-10-15T23:11:58.941Z,2025-10-16T04:51:03.060Z,697.19,16.99,$696.86,"Marco de fotos ecográfico para bebé con ecografía, regalo de embarazo para mamá por primera vez, papá, anuncios de embarazo, revelación de género, regalos de Navidad, decoración de cuarto de bebé, 4 x",https://www.amazon.com.mx/dp/B09F38VDQ9,https://www.amazon.com/dp/B09F38VDQ9,SRKSB LLC,LJXonline
,B097YVTW4B,1,Bebé,disponible,disponible,,,2025-10-13T19:05:49.992Z,2025-10-15T23:12:07.489Z,2025-10-16T04:51:12.075Z,994.6,29,$994.60,"Esembly Wipe Ups, toallitas reutilizables de algodón orgánico, toallitas de tela lavable suave y resistente, talla única, 2 x 12 unidades (24 toallitas)",https://www.amazon.com.mx/dp/B097YVTW4B,https://www.amazon.com/dp/B097YVTW4B,SRKSB LLC,Esembly
,B09ZPPYP8D,1,Bebé,disponible,disponible,,,2025-10-13T19:05:49.992Z,2025-10-15T23:12:15.863Z,2025-10-16T04:51:29.128Z,769.14,19.99,$756.63,"Mydhall Cerraduras magnéticas para niños (10 cerraduras y 2 llaves) – Cerraduras de gabinete a prueba de bebés con función de iluminación, se adapta a la mayoría de armarios y cajones",https://www.amazon.com.mx/dp/B09ZPPYP8D,https://www.amazon.com/dp/B09ZPPYP8D,SRKSB LLC,JinQiu US
,B08SBXM2M7,1,Bebé,disponible,disponible,,,2025-10-13T19:05:49.992Z,2025-10-15T23:12:25.007Z,2025-10-16T04:51:37.480Z,593.75,12.34,$635.74,"HNHUAMING - Funda para cambiador de pañales para niñas y niños, funda para cambiador suave y ajustada, para cambiador de bebé, sábanas elásticas para cambiar, floral (32 x 16 pulgadas)",https://www.amazon.com.mx/dp/B08SBXM2M7,https://www.amazon.com/dp/B08SBXM2M7,SRKSB LLC,HNHM STORE
,B08RG5SH3B,1,Bebé,disponible,disponible,,,2025-10-13T19:05:49.992Z,2025-10-15T23:12:32.353Z,2025-10-16T04:51:45.105Z,837.22,21.95,$836.09,"Jarlson Botella de agua para niños con pajita, botella de aspiradora de acero inoxidable, sin BPA y a prueba de fugas, para escuela, deportes, guardería, 350 ml",https://www.amazon.com.mx/dp/B08RG5SH3B,https://www.amazon.com/dp/B08RG5SH3B,SRKSB LLC,jarlson
,B08R3KJ71K,1,Bebé,disponible,disponible,,,2025-10-13T19:05:49.992Z,2025-10-15T23:12:41.187Z,2025-10-16T04:51:53.855Z,503.65,6.99,$507.97,"dophee - 4 protectores decorativos de esquina, protectores de seguridad de borde de estilo retro, para marco de fotos, álbum, joyero, caja de regalo, caja de madera, mesas, muebles de gabinete, 1.35 x 1.35 pulgadas, bronce antiguo",https://www.amazon.com.mx/dp/B08R3KJ71K,https://www.amazon.com/dp/B08R3KJ71K,SRKSB LLC,dophee
,B08RB9ZJHD,1,Bebé,disponible,disponible,,,2025-10-13T19:05:49.992Z,2025-10-15T23:12:49.152Z,2025-10-16T04:52:00.953Z,1190.05,39.99,"$1,404.04","Juego de rodilleras de baño con soporte para codos, almohadilla de rodillas de 1.75 pulgadas de grosor y soporte para codo para soporte de rodilla y tina grande con organizador de juguetes para un",https://www.amazon.com.mx/dp/B08RB9ZJHD,https://www.amazon.com/dp/B08RB9ZJHD,Amazon Estados Unidos,BABY BOOTH
,B08KGN3VYF,1,Bebé,disponible,disponible,,,2025-10-13T19:05:49.992Z,2025-10-15T23:12:57.730Z,2025-10-16T04:52:08.990Z,1008.33,27.99,"$1,001.32","Knirose Mantas para envolver al bebé, unisex, para recién nacidos, niños y niñas, con función de protección de la cabeza y soporte de la cabeza, saco de dormir para envolver al bebé hecho de algodón peinado (botón, rosa, 3-6 meses)",https://www.amazon.com.mx/dp/B08KGN3VYF,https://www.amazon.com/dp/B08KGN3VYF,SRKSB LLC,Veva-Store
,B08DNDNKFH,1,Bebé,disponible,disponible,,,2025-10-13T19:05:49.993Z,2025-10-15T23:13:11.889Z,2025-10-16T04:52:16.589Z,652.76,13.99,$652.46,"Paños de bebé Spotted Play, 12 piezas (rosa)",https://www.amazon.com.mx/dp/B08DNDNKFH,https://www.amazon.com/dp/B08DNDNKFH,SRKSB LLC,Spotted Play-US
,B07V69ZS8C,1,Bebé,disponible,disponible,,,2025-10-13T19:05:49.993Z,2025-10-15T23:13:19.934Z,2025-10-16T04:52:24.446Z,664.88,14.99,$663.19,"Tabla de crecimiento para colgar en la pared, regla de pared portátil para niños, tabla de medidas de altura extraíble para niños y niñas, regla de crecimiento de bebé a adulto, para decoración de habitación de niños, 79 pulgadas, 7.9 pulgadas",https://www.amazon.com.mx/dp/B07V69ZS8C,https://www.amazon.com/dp/B07V69ZS8C,Boon Shopping,Usdrew
,B01FWLWOYG,1,Bebé,disponible,disponible,,,2025-10-13T19:06:05.053Z,2025-10-15T23:13:27.017Z,2025-10-16T04:52:32.276Z,1001.88,28.55,"$1,000.53",Serie 3 Magna ML3RPK Juego de Adaptador para poste redondo ML3RPK,https://www.amazon.com.mx/dp/B01FWLWOYG,https://www.amazon.com/dp/B01FWLWOYG,SRKSB LLC,D&D Technologies
,B0DJD2NDGZ,1,Bebé,disponible,disponible,,,2025-10-13T19:06:05.053Z,2025-10-15T23:13:35.986Z,2025-10-16T04:52:40.529Z,708.95,16.99,$709.36,"JEVUVU - Decoración de habitación para niñas, decoración de pared rosa para bebé niña, decoración de recámara de niña, letreros de arte, decoración de cosas modernas para niños, guardería, cama,",https://www.amazon.com.mx/dp/B0DJD2NDGZ,https://www.amazon.com/dp/B0DJD2NDGZ,SRKSB LLC,SENHEN
,B0DJ72W7W8,1,Bebé,disponible,disponible,,,2025-10-13T19:06:05.053Z,2025-10-15T23:13:43.657Z,2025-10-16T04:52:48.193Z,1247.52,39.99,"$1,307.03","Mochila pequeña para pañales, Blanco, Pequeño, Moda",https://www.amazon.com.mx/dp/B0DJ72W7W8,https://www.amazon.com/dp/B0DJ72W7W8,SRKSB LLC,24lemons
,B07XL98KVG,1,Bebé,disponible,disponible,,,2025-10-13T19:06:05.053Z,2025-10-15T23:13:51.337Z,2025-10-16T04:52:56.043Z,774.78,26.99,$938.36,"Kit a prueba de bebé, 58 paquetes de kit de prueba de bebé, dispositivo esencial a prueba de niños con cerraduras de gabinete, protectores de esquina y cubiertas de salida, kit todo en uno a prueba de",https://www.amazon.com.mx/dp/B07XL98KVG,https://www.amazon.com/dp/B07XL98KVG,Amazon Estados Unidos,"Baitiny Co., Ltd."
,B07XB5XKSQ,1,Bebé,disponible,disponible,,,2025-10-13T19:06:05.053Z,2025-10-15T23:13:58.540Z,2025-10-16T04:53:03.776Z,1306.44,34.99,"$1,188.07","Juego de rodilleras y coderas para baño de bebé, almohadilla gruesa antideslizante para arrodillarse, alfombrilla de baño de secado rápido, alfombrilla para la rodilla con soporte para brazo y bolsillos para baño cómodo, gris",https://www.amazon.com.mx/dp/B07XB5XKSQ,https://www.amazon.com/dp/B07XB5XKSQ,SRKSB LLC,SUSANIA
,B07X2RDDCN,1,Bebé,disponible,disponible,,,2025-10-13T19:06:05.054Z,2025-10-15T23:14:06.740Z,2025-10-16T04:53:11.504Z,889.19,23.99,$879.11,"(3keys20locks) - Baby Proofing Magnetic Cabinet Locks Child Safety - Norjews (3 Keys+20 Locks), Childproof Cupboard Baby Latches - Adhesive Magnet Drawers Locks No Tool or Drill",https://www.amazon.com.mx/dp/B07X2RDDCN,https://www.amazon.com/dp/B07X2RDDCN,SRKSB LLC,Canostore
,B07W6RGC9H,1,Bebé,disponible,disponible,,,2025-10-13T19:06:05.054Z,2025-10-15T23:14:14.692Z,2025-10-16T04:53:19.164Z,1114.98,29.99,"$1,114.98","(w/4 Tethers, Spearmint) - Busy Baby Mat Silicone Suction Placemat for Babies & Toddlers 4 Customizable Tethers to Attach Toys Keeps Toys Off Floor and Germ-Free Includes Sleeve for Easy Carrying (Spearmint)",https://www.amazon.com.mx/dp/B07W6RGC9H,https://www.amazon.com/dp/B07W6RGC9H,SRKSB LLC,BUSY BABY
,B07VC94H54,1,Bebé,disponible,disponible,,,2025-10-13T19:06:05.054Z,2025-10-15T23:14:23.292Z,2025-10-16T04:53:27.063Z,757.13,18.85,$751.38,"LIFELIKO Tabla de crecimiento personalizada para los amantes de los dinosaurios, regla de pared extraíble para niños y niñas, decoración de habitación de niños (blanco)",https://www.amazon.com.mx/dp/B07VC94H54,https://www.amazon.com/dp/B07VC94H54,SRKSB LLC,Lifeliko
,B07DZBD8NT,1,Bebé,disponible,disponible,,,2025-10-13T19:06:05.054Z,2025-10-15T23:14:32.205Z,2025-10-16T04:53:36.366Z,1426.07,45.95,"$1,452.73","Wee Gallery Dino - Tabla de crecimiento para colgar en la pared para niños, hecha con materiales sostenibles, elegante decoración de habitación infantil, 111 x 33 cm",https://www.amazon.com.mx/dp/B07DZBD8NT,https://www.amazon.com/dp/B07DZBD8NT,SRKSB LLC,Wee Gallery
,B07M7TLN6G,1,Bebé,disponible,disponible,,,2025-10-13T19:06:05.054Z,2025-10-15T23:14:40.038Z,2025-10-16T04:53:45.736Z,1305.06,31.44,"$1,301.20",(White-gray Side) - MoMA Premium Adjustable Loft Quilted Body Pillows - Hypoallergenic Fluffy Pillow - Quality Plush Pillow - Down Alternative Pillow - Head Support Pillow - 50cm x 140cm,https://www.amazon.com.mx/dp/B07M7TLN6G,https://www.amazon.com/dp/B07M7TLN6G,SRKSB LLC,Oubonun Home
,B0D93T73G3,1,Bebé,disponible,disponible,,,2025-10-13T19:06:05.054Z,2025-10-15T23:14:49.089Z,2025-10-16T04:53:55.174Z,453.44,7.39,$478.10,"BALIME - Kit de tamaño de brida con inserciones de brida de 13/15/17/19/21 mm, 10 unidades para bridas de 24 mm y escudos de todas las bombas de pecho, herramienta de medición de pezones, cepillo para",https://www.amazon.com.mx/dp/B0D93T73G3,https://www.amazon.com/dp/B0D93T73G3,SRKSB LLC,XIONGSHENGWEI
,B0D8WK3PKL,1,Bebé,disponible,disponible,,,2025-10-13T19:06:05.054Z,2025-10-15T23:14:57.682Z,2025-10-16T04:54:04.023Z,601.19,12.98,$600.37,"PinkEleph - Calcomanías de pared de dinosaurio, diseño de árbol de palmera, diseño de dinosaurio, decoración de pared para niños, habitación de bebé, guardería, sala de juegos",https://www.amazon.com.mx/dp/B0D8WK3PKL,https://www.amazon.com/dp/B0D8WK3PKL,SRKSB LLC,VODOE
,B0D8WHMXBS,1,Bebé,disponible,disponible,,,2025-10-13T19:06:05.054Z,2025-10-15T23:15:04.736Z,2025-10-16T04:54:20.415Z,602.06,12.98,$600.37,"PinkEleph - Calcomanías de pared con diseño de oso de luna dormida, globos de aire caliente, estrellas y nubes de estrella, pegatinas de pared, recámara de niños, guardería, sala de juegos, decoración",https://www.amazon.com.mx/dp/B0D8WHMXBS,https://www.amazon.com/dp/B0D8WHMXBS,SRKSB LLC,VODOE
,B0D8179M6P,1,Bebé,disponible,disponible,,,2025-10-13T19:06:05.054Z,2025-10-15T23:15:12.605Z,2025-10-16T04:54:28.414Z,634.51,13.99,$634.20,"Decoración de pared de mariposa púrpura en 3D: juego de 6 calcomanías de pared con perlas para niñas, recámara, baby shower, boda, tarta, oficina, decoración de mariposas para baño, sala de estar",https://www.amazon.com.mx/dp/B0D8179M6P,https://www.amazon.com/dp/B0D8179M6P,SRKSB LLC,Amadamlife
,B0D7VXTW7P,1,Bebé,disponible,disponible,,,2025-10-13T19:06:05.054Z,2025-10-15T23:15:19.750Z,2025-10-16T04:54:37.951Z,563.43,18.99,$766.03,"HNHUAMING - Funda de asiento de coche para bebé, diseño de flroal para bebés recién nacidos, fundas de asiento de coche suave y transpirable, funda elástica multiusos para silla de bebé, asiento de",https://www.amazon.com.mx/dp/B0D7VXTW7P,https://www.amazon.com/dp/B0D7VXTW7P,Amazon Estados Unidos,HNHM STORE
,B0D7Q83W6Z,1,Bebé,disponible,no listado,,,2025-10-13T19:06:05.054Z,2025-10-15T23:15:26.840Z,2025-10-16T04:54:46.713Z,1056.59,,"$1,119.80","BBLIKE - Red de almacenamiento de animales de peluche con ruedas, organizador de almacenamiento de juguetes para ahorrar espacio, soporte vertical de animales de peluche para habitación de niños, sala",https://www.amazon.com.mx/dp/B0D7Q83W6Z,https://www.amazon.com/dp/B0D7Q83W6Z,SRKSB LLC,
,B0D3J8X9M1,1,Bebé,disponible,disponible,,,2025-10-13T19:06:20.738Z,2025-10-15T23:15:34.375Z,2025-10-16T04:54:52.202Z,586.88,11.99,$689.70,"FS Pro Baby - Cambiador de pañales portátil – Cambiador de viaje plegable para limpiar con un pañal grande, impermeable, acolchado (Argyle)",https://www.amazon.com.mx/dp/B0D3J8X9M1,https://www.amazon.com/dp/B0D3J8X9M1,SRKSB LLC,FS Pro
,B0D1GH4MTZ,1,Bebé,disponible,disponible,,,2025-10-13T19:06:20.738Z,2025-10-15T23:15:42.589Z,2025-10-16T04:55:01.682Z,594.46,11.99,$594.17,"RattanView - 4 piezas de decoración de guardería de bosque para decoración de guardería, estantes de madera, bloques de decoración para recámara, sala de juegos, signos salvajes, decoración de mesa,",https://www.amazon.com.mx/dp/B0D1GH4MTZ,https://www.amazon.com/dp/B0D1GH4MTZ,SRKSB LLC,Zonhgdkay
,B01GZIOBSC,1,Bebé,disponible,disponible,,,2025-10-13T19:06:20.738Z,2025-10-15T23:15:57.329Z,2025-10-16T04:55:09.769Z,769.14,19.99,$835.20,BABY ALL NATURAL SUNSCREEN POWDER SPF 25,https://www.amazon.com.mx/dp/B01GZIOBSC,https://www.amazon.com/dp/B01GZIOBSC,SRKSB LLC,DAY SPA BODY BASICS
,B071H4PRKG,1,Bebé,disponible,disponible,,,2025-10-13T19:06:20.738Z,2025-10-15T23:16:05.665Z,2025-10-16T04:55:17.932Z,761.12,19.99,$756.63,"Cerraduras magnéticas invisibles para armarios, kit de seguridad para niños, armarios de cocina y dormitorio Armarios con cerraduras para puertas y cajones a prueba de bebés para niños y niños pequeños. Keys & 3M - Correas adhesivas (8)",https://www.amazon.com.mx/dp/B071H4PRKG,https://www.amazon.com/dp/B071H4PRKG,SRKSB LLC,MQP
,B0D2L5BPPH,1,Bebé,disponible,disponible,,,2025-10-13T19:06:20.738Z,2025-10-15T23:16:14.412Z,2025-10-16T04:55:25.911Z,775.85,19.99,$775.85,"saicheek - Bolsa de piezas para sacaleches a prueba de agua con alfombrilla para colocar y secar en húmedo para piezas de sacaleches, almacenamiento de piezas húmedas y secas por separado (piezas para",https://www.amazon.com.mx/dp/B0D2L5BPPH,https://www.amazon.com/dp/B0D2L5BPPH,SRKSB LLC,SAICHEEK
,B0813W6NPT,1,Bebé,disponible,disponible,,,2025-10-13T19:06:20.739Z,2025-10-15T23:16:23.098Z,2025-10-16T04:55:34.190Z,1069.88,24.95,"$1,069.88","Pobibaby Pobi Baby – 2 unidades de fundas para cambiadores de calidad premium – mezcla de algodón ultrasuave, elegante patrón de bosque de animales, seguro y cómodo para bebé (Magical)",https://www.amazon.com.mx/dp/B0813W6NPT,https://www.amazon.com/dp/B0813W6NPT,SRKSB LLC,Pobi Baby Inc.
,B07WVX686D,1,Bebé,disponible,disponible,,,2025-10-13T19:06:20.739Z,2025-10-15T23:16:31.676Z,2025-10-16T04:55:41.909Z,375.37,7.99,$492.74,"Protector de dedo. Puertas a prueba de bebés, fáciles de usar, con tapón de espuma suave pero duradero. Evita lesiones en los dedos, golpear puertas y niños o mascotas para evitar que se bloqueen en la habitación (paquete de 6)",https://www.amazon.com.mx/dp/B07WVX686D,https://www.amazon.com/dp/B07WVX686D,Amazon Estados Unidos,FINENIC
,B07RTGW3XV,1,Bebé,disponible,disponible,,,2025-10-13T19:06:20.739Z,2025-10-15T23:16:40.001Z,2025-10-16T04:55:49.382Z,506.46,9.49,$537.84,"Lima de uñas de bebé eléctrica cortauñas Set de manicura con cortaúñas, uñas de los pies, cuidado de uñas, kit de aseo seguro para niños pequeños o mujeres, luz LED y 10 cabezales de molienda, rosa/blanco",https://www.amazon.com.mx/dp/B07RTGW3XV,https://www.amazon.com/dp/B07RTGW3XV,SRKSB LLC,FabulasDirect
,B07NJLRNJY,1,Bebé,disponible,disponible,,,2025-10-13T19:06:20.739Z,2025-10-15T23:16:47.087Z,2025-10-16T04:55:57.743Z,589.28,12.97,$580.52,Bastoncillos de algodón orgánico de bambú biodegradables de alta calidad | Palillos de madera compostables | Productos desechables sin residuos | Bastones de maquillaje libres de plástico | Bastones de seguridad para la limpieza de ojos | Utensilios ecológicos,https://www.amazon.com.mx/dp/B07NJLRNJY,https://www.amazon.com/dp/B07NJLRNJY,SRKSB LLC,Make Eco Choice
,B0D5ZC45QX,1,Bebé,disponible,disponible,,,2025-10-13T19:06:20.739Z,2025-10-15T23:16:54.863Z,2025-10-16T04:56:05.646Z,2260.87,50.97,"$2,300.52","Organizador de pañales para bebé, organizador de pañales de ratán hecho a mano con asas, organizador de pañales natural, organizador de artículos esenciales para bebés, baby shower, organizador de",https://www.amazon.com.mx/dp/B0D5ZC45QX,https://www.amazon.com/dp/B0D5ZC45QX,SRKSB LLC,Mae Bird
,B07CJJ92JN,1,Bebé,disponible,disponible,,,2025-10-13T19:06:20.739Z,2025-10-15T23:17:02.541Z,2025-10-16T04:56:13.942Z,1189.6,31.34,"$1,241.48","Toldo para cama infantil con colgar pompones para bebé, decoración de habitación, Blanco(pink)",https://www.amazon.com.mx/dp/B07CJJ92JN,https://www.amazon.com/dp/B07CJJ92JN,SRKSB LLC,LOAOL
,B0D3LJ7HKF,1,Bebé,disponible,disponible,,,2025-10-13T19:06:20.739Z,2025-10-15T23:17:10.235Z,2025-10-16T04:56:21.826Z,503.5,13.99,$601.17,"Breling - Juego de mantas para recién nacidos para recién nacidos, 3 piezas, accesorios para recién nacidos, para recién nacidos, niños pequeños",https://www.amazon.com.mx/dp/B0D3LJ7HKF,https://www.amazon.com/dp/B0D3LJ7HKF,Amazon Estados Unidos,KairKhuang
,B0D4JXGG7L,1,Bebé,disponible,disponible,,,2025-10-13T19:06:20.740Z,2025-10-15T23:17:18.951Z,2025-10-16T04:56:29.520Z,2109.55,29.94,"$1,575.98","Almohada de embarazo, de cuerpo completo, de 57 pulgadas, con funda extraíble lavable, soporte para dormir para piernas, espalda, cuello, hombros, caderas, vientre para mujeres embarazadas, nailon,",https://www.amazon.com.mx/dp/B0D4JXGG7L,https://www.amazon.com/dp/B0D4JXGG7L,Amazon Europa,Alloperas
,B0CYZBCHNT,1,Bebé,disponible,disponible,,,2025-10-13T19:06:20.740Z,2025-10-15T23:17:26.537Z,2025-10-16T04:56:36.875Z,520.48,9.98,$495.30,"Easozoom - Decoración de habitación para niñas y adolescentes, diseño de mariposa, diseño de unicornio, arcoíris, elefante, decoración de pared, decoración de pared para niños pequeños, princesa",https://www.amazon.com.mx/dp/B0CYZBCHNT,https://www.amazon.com/dp/B0CYZBCHNT,SRKSB LLC,Ezmaya
,B0D2DCZSGF,1,Bebé,disponible,disponible,,,2025-10-13T19:06:20.740Z,2025-10-15T23:17:35.325Z,2025-10-16T04:56:45.840Z,924.33,31.57,"$1,388.42","Beavtaens - Asiento de entrenamiento para orinal: 2 en 1 diseño de asiento para inodoro y cuarto de bebé, taburete de entrenamiento para baño, inodoro con escalera ajustable de altura para niños de",https://www.amazon.com.mx/dp/B0D2DCZSGF,https://www.amazon.com/dp/B0D2DCZSGF,Amazon Estados Unidos,Beavtaens
,B0D8PV83JH,1,Bebé,disponible,disponible,,,2025-10-13T19:06:20.740Z,2025-10-15T23:17:42.500Z,2025-10-16T04:56:54.597Z,901.41,38.99,"$1,233.58","Duckbe - Juego de ropa de cama para cuna de bebé, diseño de vaca Highland, 3 piezas, manta suave elegante con respaldo de puntos, sábana, funda de almohada para recién nacidos, niñas y niños, color 01",https://www.amazon.com.mx/dp/B0D8PV83JH,https://www.amazon.com/dp/B0D8PV83JH,Amazon Estados Unidos,lausihay
,B0D7VZNFQ9,1,Bebé,disponible,disponible,,,2025-10-13T19:06:37.188Z,2025-10-15T23:17:49.587Z,2025-10-16T04:57:10.363Z,540.13,18.99,$766.03,"HNHUAMING - Funda de asiento de coche para bebé, fundas de asiento de coche para bebés recién nacidos, fundas suaves y transpirables para asientos de coche, funda elástica multiusos para carriola de",https://www.amazon.com.mx/dp/B0D7VZNFQ9,https://www.amazon.com/dp/B0D7VZNFQ9,Amazon Estados Unidos,HNHM STORE
,B0CWS38BP4,1,Bebé,disponible,disponible,,,2025-10-13T19:06:37.188Z,2025-10-15T23:17:57.906Z,2025-10-16T04:57:19.448Z,1056.22,24.99,"$1,055.72","Cesta grande tejida para perros con asas, contenedor de almacenamiento de juguetes, regalo para bebé, guardería de animales y bonita cesta de lavandería, para ropa, toallas, juguetes (perro)",https://www.amazon.com.mx/dp/B0CWS38BP4,https://www.amazon.com/dp/B0CWS38BP4,SRKSB LLC,Hugaboo Shop
,B0CWGH2ZB2,1,Bebé,disponible,disponible,,,2025-10-13T19:06:37.188Z,2025-10-15T23:18:04.623Z,2025-10-16T04:57:28.136Z,934.26,23.88,$934.82,"BOPUOVRE - Funda de asiento de coche para lujo y comodidad, piel sintética, antideslizante, protección completa con bolsillo de almacenamiento para cojín inferior, ajuste universal para 95% de",https://www.amazon.com.mx/dp/B0CWGH2ZB2,https://www.amazon.com/dp/B0CWGH2ZB2,SRKSB LLC,BOPUOVRE Direct
,B07MFWGGTH,1,Bebé,disponible,disponible,,,2025-10-13T19:06:37.188Z,2025-10-15T23:18:12.807Z,2025-10-16T04:57:37.509Z,845.61,33.99,"$1,159.43",Tummy Time Pillow - Esterilla de juegos para niños y niñas,https://www.amazon.com.mx/dp/B07MFWGGTH,https://www.amazon.com/dp/B07MFWGGTH,Amazon Estados Unidos,one supplier
,B0BK7GYXMN,1,Bebé,disponible,disponible,,,2025-10-13T19:06:37.188Z,2025-10-15T23:18:21.344Z,2025-10-16T04:57:46.669Z,1241.78,37.89,"$1,248.20","Two Feet Ahead - Paquete de 2 mamelucos para bebé, recién nacidos, con licencia oficial",https://www.amazon.com.mx/dp/B0BK7GYXMN,https://www.amazon.com/dp/B0BK7GYXMN,SRKSB LLC,1LAP2GO
,B0CT5G46R4,1,Bebé,disponible,disponible,,,2025-10-13T19:06:37.188Z,2025-10-15T23:18:29.483Z,2025-10-16T04:57:55.653Z,653.98,29.39,$980.10,"AEZ73453509 - Perillas de cocina compatibles con estufa de gas lg LRG3085ST LRG3095ST LRG3081ST LRG3091ST LRG3093ST,AEZ72909008 AP5669773 Perillas compatibles con estufa lg, soporte de 3 años",https://www.amazon.com.mx/dp/B0CT5G46R4,https://www.amazon.com/dp/B0CT5G46R4,Amazon Estados Unidos,aurcum
,B0C2PHX3PY,1,Bebé,disponible,disponible,,,2025-10-13T19:06:37.188Z,2025-10-15T23:18:44.017Z,2025-10-16T04:58:03.731Z,1147.22,29.99,"$1,147.22",MEYTEILAY Wickeltasche Tote Baby Wickeltasche Große Babytaschen für Mama mit Wickelstation Multifunktions Reise Wickeltasche,https://www.amazon.com.mx/dp/B0C2PHX3PY,https://www.amazon.com/dp/B0C2PHX3PY,SRKSB LLC,MEITELA
,B079F7333C,1,Bebé,disponible,disponible,,,2025-10-13T19:06:37.188Z,2025-10-15T23:18:52.837Z,2025-10-16T04:58:12.125Z,834.38,21.99,$834.38,"Tot Talk Educational Kids Placemats - STEM - Science Table Mats: Solar System, Dinosaurs, Rocks, Fossils - Reversible Activities- Waterproof, Washable, Wipeable, Durable, Double-sided, Made in the USA",https://www.amazon.com.mx/dp/B079F7333C,https://www.amazon.com/dp/B079F7333C,SRKSB LLC,"Tot Talk, Inc."
,B0B71GSQ6T,1,Bebé,disponible,disponible,,,2025-10-13T19:06:37.188Z,2025-10-15T23:19:00.414Z,2025-10-16T04:58:20.020Z,1002.1,27.99,$998.67,"Manta de bebé para niños con zorros del bosque, manta de felpa suave con respaldo de puntos de doble capa para cama, sofá, viajes, 50 x 60 pulgadas (125 x 150 cm)",https://www.amazon.com.mx/dp/B0B71GSQ6T,https://www.amazon.com/dp/B0B71GSQ6T,SRKSB LLC,HOMRITAR
,B0B1Q941CL,1,Bebé,disponible,disponible,,,2025-10-13T19:06:37.188Z,2025-10-15T23:19:10.054Z,2025-10-16T04:58:28.617Z,413.13,12.99,$576.68,"Prabahdak Calcomanías de pared de flores rosas extraíbles, mariposas florales, calcomanías de pared de vinilo autoadhesivas, para guardería, fondo de TV, niños, decoración de dormitorio",https://www.amazon.com.mx/dp/B0B1Q941CL,https://www.amazon.com/dp/B0B1Q941CL,Amazon Estados Unidos,Prabahdak
,B09Z5VNFZM,1,Bebé,disponible,disponible,,,2025-10-13T19:06:37.188Z,2025-10-15T23:19:16.951Z,2025-10-16T04:58:36.568Z,840.62,20.99,$862.73,"MEYTEILAY - Bolsa de pañales para bebé, bolsa de pañales multifunción para mamá, bolsa de pañales de viaje para mujer, Gris/B",https://www.amazon.com.mx/dp/B09Z5VNFZM,https://www.amazon.com/dp/B09Z5VNFZM,SRKSB LLC,MEITELA
,B0711KFDJX,1,Bebé,disponible,disponible,,,2025-10-13T19:06:37.189Z,2025-10-15T23:19:24.422Z,2025-10-16T04:58:45.457Z,688.38,14.99,$687.00,"BATTOO We Love You to The Moon and Back - Calcomanías de pared para guardería de luna y estrellas, decoración de pared para niños, blanco, 30 pulgadas de ancho x 15 pulgadas de alto",https://www.amazon.com.mx/dp/B0711KFDJX,https://www.amazon.com/dp/B0711KFDJX,Boon Shopping,WallzTalk
,B08KGSFH7C,1,Bebé,disponible,disponible,,,2025-10-13T19:06:37.189Z,2025-10-15T23:19:31.633Z,2025-10-16T04:58:53.225Z,954.25,25.99,$956.32,"Mantas de algodón suave de alta calidad, manta unisex para bebé recién nacido, niños y niñas, agradable a la piel, saco de dormir para calmar el reflejo de sobresalir (botón, azul, 3-6 meses)",https://www.amazon.com.mx/dp/B08KGSFH7C,https://www.amazon.com/dp/B08KGSFH7C,SRKSB LLC,Veva-Store
,B086R2951G,1,Bebé,disponible,disponible,,,2025-10-13T19:06:37.189Z,2025-10-15T23:19:40.278Z,2025-10-16T04:59:02.149Z,1107.21,31.99,"$1,099.10","almohadillas para orejas grandes para cambiador de pañales de bebé de algodón suave e impermeable, para bebé de 27.5 x 37.5 pulgadas, almohadillas para orejas para colchón, protector de sábanas, portátil, reutilizable, para equipo de viaje, paquete de 2",https://www.amazon.com.mx/dp/B086R2951G,https://www.amazon.com/dp/B086R2951G,SRKSB LLC,Mom’s Love
,B085XV9XVB,1,Bebé,disponible,disponible,,,2025-10-13T19:06:37.189Z,2025-10-15T23:19:50.094Z,2025-10-16T04:59:10.336Z,479.59,6.99,$478.21,"mosquitero para carriola (2 unidades) – mosquitero duradera para carriola de bebé, mosquitero perfecta para cochecitos, moisés, cunas, juegos infantiles Pack N y mini cuna portátil (café)",https://www.amazon.com.mx/dp/B085XV9XVB,https://www.amazon.com/dp/B085XV9XVB,Boon Shopping,Small homeware
,B07Y57YVCY,1,Bebé,disponible,disponible,,,2025-10-13T19:06:37.189Z,2025-10-15T23:19:58.271Z,2025-10-16T04:59:18.768Z,481.3,8.07,$490.28,F&M Calypso Studios by First & Main - Cruz de Bolsillo de Arcilla reconfortante de 3 cm,https://www.amazon.com.mx/dp/B07Y57YVCY,https://www.amazon.com/dp/B07Y57YVCY,SRKSB LLC,Hour Loop
,B07VBLKZV4,1,Bebé,disponible,disponible,,,2025-10-13T19:06:48.844Z,2025-10-15T23:20:06.374Z,2025-10-16T04:59:26.862Z,678.01,13.99,$677.69,"Hinwo - Cesta de almacenamiento de gran capacidad de 31 L, de lona, plegable, con asas de piel sintética y cierre de cordón, 42 x 30 cm, capa interior impermeable, diseño de rayas rosas",https://www.amazon.com.mx/dp/B07VBLKZV4,https://www.amazon.com/dp/B07VBLKZV4,SRKSB LLC,Sea Team
,B07RRVJ86Y,1,Bebé,disponible,disponible,,,2025-10-13T19:06:48.844Z,2025-10-15T23:20:14.567Z,2025-10-16T04:59:36.077Z,806.13,20.99,$811.41,"mimixiong Manta de bebé de punto 100% algodón, para niños y niñas, con linda oveja, gris, tamaño 76,2 x 101,6 cm, gris",https://www.amazon.com.mx/dp/B07RRVJ86Y,https://www.amazon.com/dp/B07RRVJ86Y,SRKSB LLC,MIMIXIONG
,B07FCBF6TT,1,Bebé,disponible,disponible,,,2025-10-13T19:06:48.844Z,2025-10-15T23:20:23.081Z,2025-10-16T04:59:43.406Z,544.62,10.41,$544.62,"BLOOMSTAR Saco de dormir de muselina de algodón suave para bebé, saco de dormir sin mangas, sacos de dormir para bebé, 0.5 tog, niño recién nacido, 0-3M, ligero, 6-12 meses, bolsa de dormir para niña, 12-18 meses, 2T",https://www.amazon.com.mx/dp/B07FCBF6TT,https://www.amazon.com/dp/B07FCBF6TT,SRKSB LLC,bloomSTAR
,B00MQ6WVJ4,1,Bebé,disponible,disponible,,,2025-10-13T19:06:48.844Z,2025-10-15T23:20:29.851Z,2025-10-16T04:59:51.586Z,796.95,36,"$1,142.87","Woombie - Manta Original para bebés (Dream On, 14-18 Libras), 3-6 Meses",https://www.amazon.com.mx/dp/B00MQ6WVJ4,https://www.amazon.com/dp/B00MQ6WVJ4,Amazon Estados Unidos,Woombie LLC
,B0CJJ5CKKX,1,Bebé,no disponible,disponible,,,2025-10-13T19:06:48.844Z,2025-10-15T23:20:38.693Z,2025-10-16T05:00:06.551Z,,8.99,No disponible,"Regalos de bebé para padres, regalo de doble cara para mamá y papá, divertidos regalos de baby shower para pareja, regalos para mujeres embarazadas como regalo de Halloween, Acción de Gracias, Navidad, A-Silver y B-Black",https://www.amazon.com.mx/dp/B0CJJ5CKKX,https://www.amazon.com/dp/B0CJJ5CKKX,Marca: Meliatomia,Minjoo Online
,B07P2ZMYMQ,1,Bebé,disponible,disponible,,,2025-10-13T19:06:48.845Z,2025-10-15T23:20:47.258Z,2025-10-16T05:00:15.224Z,534.49,19.99,$814.77,"Tiny Gifts - Manta mensual de hito para bebé + 2 apoyos de marco, 60 x 40 | Forro polar grueso y suave (rosa)",https://www.amazon.com.mx/dp/B07P2ZMYMQ,https://www.amazon.com/dp/B07P2ZMYMQ,Amazon Estados Unidos,Tiny Gifts