also_appears_in,asin,category,disponibilidad_mx,disponibilidad_usa,error_enriquecimiento,error_verificacion_usa,extracted_at,fecha_enriquecimiento,fecha_verificacion_usa,precio_actual_mx,precio_actual_usd,price,title,url_usa,vendedor_actual_mx,vendedor_actual_usa
"Cocina,Meses sin Intereses",B0FFM7T35T,Últimos 90 Días,no listado,disponible,,,2025-10-10T17:11:52.328Z,2025-10-10T21:04:26.441Z,2025-10-10T23:31:22.925Z,,14.97,$921.31,"XSHINOVA - Soporte para cápsulas de café Nespresso Vertuo, paquete de 3 unidades, capacidad para 21 cápsulas, montaje modular en pared o gabinete, estante para cápsulas de café con tiras adhesivas 3M",https://www.amazon.com/dp/B0FFM7T35T,,XSHINOVA
Muebles,B0FF4WKFYR,Últimos 90 Días,disponible,disponible,,,2025-10-10T17:11:52.328Z,2025-10-10T20:37:52.832Z,2025-10-10T23:31:35.265Z,1921,39.99,"$2,326.85","LAMU - Soporte para animales de peluche, zoológico de madera con cordones elásticos, organizador de juguetes para ahorrar espacio, organizador de animales de peluche de capacidad extragrande para sala",https://www.amazon.com/dp/B0FF4WKFYR,A_DEM,Delamu Official
"Almacenamiento y Organización,Meses sin Intereses",B0F9FLWRHM,Últimos 90 Días,disponible,disponible,,,2025-10-10T17:11:52.328Z,2025-10-10T20:38:00.666Z,2025-10-10T23:31:44.288Z,1346,27.97,"$1,324.62","Almacenamiento de animales de peluche sobre la puerta para niños, organizador de fieltro con clips para mostrar arte y bolsillos de malla para rellenos, libros y más, diseño colgante que ahorra",https://www.amazon.com/dp/B0F9FLWRHM,ZENITHCORE,Calloo
Cocina,B0F8QN9NDS,Últimos 90 Días,disponible,disponible,,,2025-10-10T17:11:52.328Z,2025-10-10T20:38:07.651Z,2025-10-10T23:31:51.626Z,1413,39.99,"$2,077.47","TBMax - Contenedor de almacenamiento de harina de arroz con tapa abatible automática de 25 libras | 12.68 cuartos de galón, contenedor de harina de almacenamiento de alimentos alto y estrecho para",https://www.amazon.com/dp/B0F8QN9NDS,F4ST ORCHESTRA,TBMax Technology
Muebles,B0FH4J3XBN,Últimos 90 Días,disponible,disponible,,,2025-10-10T17:11:52.329Z,2025-10-10T20:38:16.490Z,2025-10-10T23:32:00.220Z,1685,29.99,"$1,684.48","YLQLA 9 paquetes de bolsas grandes de almacenamiento de juguetes, organizador de juguetes para niños con cierre y etiquetas, almacenamiento de juegos de mesa de PVC transparente, bolsas organizadoras",https://www.amazon.com/dp/B0FH4J3XBN,SkyyMart,YLQLA
Almacenamiento y Organización,B0FD2N3ZGZ,Últimos 90 Días,disponible,disponible,,,2025-10-10T17:11:52.329Z,2025-10-10T20:38:25.582Z,2025-10-10T23:41:49.699Z,7001,109.99,"$6,769.64","PatioPerk - Sistema organizador de clóset integrado con 6 estantes y 3 varillas extensibles para colgar, sistemas de almacenamiento para recámara",https://www.amazon.com/dp/B0FD2N3ZGZ,Duran STORE,PatioPerk Boutique
,B0BB94G2PZ,Almacenamiento y Organización,disponible,disponible,,,2025-10-10T17:05:40.967Z,2025-10-10T20:38:34.069Z,2025-10-10T23:42:01.705Z,3342,84.98,"$4,338.37","BARIEN 6 Pcs 12"" x 9"" x 6"" Natural Water Hyacinth Storage Baskets, Rectangular Wicker Basket with Built-in Handles, Woven Cube Storage Bin with Chalkboard Label Chalk Marker (Natural - Set of 6)",https://www.amazon.com/dp/B0BB94G2PZ,DONGHANGS,BARIEN
,B0FDWD863Z,Almacenamiento y Organización,disponible,disponible,,,2025-10-10T17:05:40.967Z,2025-10-10T20:38:41.123Z,2025-10-10T23:42:12.505Z,1542,25.99,"$1,568.96","BETU Bolsas de mudanza extragrandes, bolsas de almacenamiento resistentes con asas de cierre, paquete de 8 contenedores de almacenamiento de ropa, cajas de mudanza, suministros de mudanza para",https://www.amazon.com/dp/B0FDWD863Z,Marca: BETU,TELER
,B0FB5B545Y,Almacenamiento y Organización,disponible,disponible,,,2025-10-10T17:05:40.967Z,2025-10-10T20:38:49.744Z,2025-10-10T23:42:22.330Z,1074,17.13,"$1,261.64","BATUBEAT Organizador de cinturón para clóset, organizador de cinturón para cajón con 6 compartimentos, organizador de almacenamiento de cinturón para hombres y mujeres para relojes, cinturón, bufandas",https://www.amazon.com/dp/B0FB5B545Y,FERHATSTOREES,DiHui-US
,B0CMC6SXJN,Almacenamiento y Organización,disponible,disponible,,,2025-10-10T17:05:40.967Z,2025-10-10T20:38:59.118Z,2025-10-10T23:42:31.922Z,2213,34.99,"$2,794.82","JJoiaS Carrito de almacenamiento de plástico, contenedor de almacenamiento mediano con 3 cajones transparentes grandes con ruedas, color blanco",https://www.amazon.com/dp/B0CMC6SXJN,TURGUNOKS STORE,viva deals
,B0FM2G3RLL,Almacenamiento y Organización,disponible,disponible,,,2025-10-10T17:05:40.967Z,2025-10-10T20:39:07.943Z,2025-10-10T23:42:42.857Z,529,45.99,"$2,824.39","Paquete de 8 organizadores de sábanas para clóset de lino, cajas de almacenamiento de ropa de cama tamaño King/Queen con ventana transparente, organizador de lino plegable y a prueba de polvo para",https://www.amazon.com/dp/B0FM2G3RLL,Marca: ZenStorage,ZenstorageGlobal
Meses sin Intereses,B0F5HZ15Q8,Almacenamiento y Organización,disponible,disponible,,,2025-10-10T17:05:40.968Z,2025-10-10T20:39:15.877Z,2025-10-10T23:42:52.120Z,1109,13.99,"$1,088.79","Cesta de almacenamiento tejida pequeña, cesta de almacenamiento mediano, mini cesta de cuerda de algodón, para estantes, guardería, oficina, baño y más, perfecta para organizar y deco (blanco y gris",https://www.amazon.com/dp/B0F5HZ15Q8,CRAZYBIG STORE,NaNaPaly
,B0DDSTCWLV,Almacenamiento y Organización,disponible,disponible,,,2025-10-10T17:05:40.968Z,2025-10-10T20:39:22.739Z,2025-10-10T23:43:00.730Z,3197,69.99,"$3,411.52","REIBII - Estantería de metal de 5 niveles para almacenamiento de despensa, estante ajustable de alambre de metal con bloqueadores laterales de 59 pulgadas de alto, estante de almacenamiento de pie con",https://www.amazon.com/dp/B0DDSTCWLV,ShoppinGoods MX,REIBII-Direct
"Baño,Muebles,Salud y Cuidado Personal",B0DS2D93SM,Almacenamiento y Organización,disponible,disponible,,,2025-10-10T17:05:40.968Z,2025-10-10T20:39:31.475Z,2025-10-10T23:43:09.768Z,5017,139.99,"$6,652.13","QueenFun - Espejo para gabinete de medicina negro, superficie de 16 x 24 pulgadas o gabinete de medicina con marco de aluminio empotrado con espejo biselado, montado completo, estantes ajustables,",https://www.amazon.com/dp/B0DS2D93SM,Marca: QueenFun,QUEENFUN
,B0FF9FN8MM,Almacenamiento y Organización,disponible,disponible,,,2025-10-10T17:05:40.968Z,2025-10-10T20:39:40.991Z,2025-10-10T23:43:20.505Z,1868,49.99,"$1,879.31","POIXM Bolsas de aspiradora para viajes con bomba, bolsa reutilizable para ahorro de espacio, cubos de embalaje al aspiradora impermeables IP67 para maletas de viaje y mochila (2 unidades + bomba)",https://www.amazon.com/dp/B0FF9FN8MM,KING H SALE,POIXM
,B0DZKDS8QC,Almacenamiento y Organización,disponible,disponible,,,2025-10-10T17:05:40.968Z,2025-10-10T20:39:49.462Z,2025-10-10T23:43:29.815Z,2460,69.99,"$2,849.61","BEBE BASK Cesta colgante de mimbre festoneada – La decoración original de pared de mimbre – Cesta tejida a mano – Cesta para colgar en la pared – Cesta de almacenamiento de pared para guardería, sala",https://www.amazon.com/dp/B0DZKDS8QC,UMY STORE,BebeBask
,B0FJS2MTBQ,Almacenamiento y Organización,disponible,disponible,,,2025-10-10T17:05:40.968Z,2025-10-10T20:39:57.944Z,2025-10-10T23:43:40.554Z,1126,22.79,"$1,209.99","Bolsa de almacenamiento para árbol de Navidad, se adapta a árbol de Navidad duradero 600D Oxford con cremalleras dobles de apertura ancha (reno)",https://www.amazon.com/dp/B0FJS2MTBQ,Huma's Shop,KUNWIN
,B0F89Y51YS,Almacenamiento y Organización,disponible,disponible,,,2025-10-10T17:05:40.968Z,2025-10-10T20:40:07.130Z,2025-10-10T23:43:51.386Z,1308,24.99,"$1,463.91","Cupic Cupid - Cubitos de almacenamiento de 11 x 11 pulgadas, cubos para clóset, color rosa, paquete de 6",https://www.amazon.com/dp/B0F89Y51YS,SAYIL STORE,SEMPERFUN
,B0DT9L99YV,Almacenamiento y Organización,no disponible,disponible,,,2025-10-10T17:05:40.968Z,2025-10-10T21:04:32.784Z,2025-10-10T23:43:59.967Z,,49.99,"$2,984.33","Sakugi - Estanterías de almacenamiento de 5 niveles, organizador versátil para el hogar, la oficina o el cochera",https://www.amazon.com/dp/B0DT9L99YV,Marca: Sakugi,Sakugi-XHE
Baño,B0CW9Q3KXF,Almacenamiento y Organización,disponible,disponible,,,2025-10-10T17:05:40.968Z,2025-10-10T20:40:23.906Z,2025-10-10T23:44:09.596Z,3710,85.99,"$4,124.28","Cozivolife - clóset de almacenamiento sobre el inodoro con cajón y puerta abatible, estante organizador de baño de bambú con diseño antipunta y almohadilla impermeable para los pies, estante no",https://www.amazon.com/dp/B0CW9Q3KXF,ergunstore,cozivolife
,B0DR56S6Y7,Almacenamiento y Organización,disponible,disponible,,,2025-10-10T17:05:40.968Z,2025-10-10T20:40:31.121Z,2025-10-10T23:44:18.222Z,1497,39.99,"$1,937.95",VASMIA - Portaequipajes de bambú LRT001,https://www.amazon.com/dp/B0DR56S6Y7,MCK MALL,VASMY Direct
,B0DJLHWBJB,Almacenamiento y Organización,disponible,disponible,,,2025-10-10T17:05:40.969Z,2025-10-10T20:40:39.933Z,2025-10-10T23:44:28.495Z,2590,69.99,"$3,303.66","TEDIDUWA Perchero de 36 pulgadas, estante de ropa montado en la pared con estante de madera real, estante para colgar ropa resistente, barra colgante multiusos, almacenamiento de clóset que ahorra",https://www.amazon.com/dp/B0DJLHWBJB,Red Pure,tengjueshop
,B000HDON4Y,Almacenamiento y Organización,disponible,disponible,,,2025-10-10T17:05:55.299Z,2025-10-10T20:40:48.718Z,2025-10-10T23:44:38.849Z,1048,19.99,"$1,221.09","Great Useful Stuff Kangaroom clóset de Lino storages, Contemporáneo, Beige, Pequeño, 1",https://www.amazon.com/dp/B000HDON4Y,Sky Marketingg,GreatUsefulStuff
,B0FFC4V59H,Almacenamiento y Organización,disponible,disponible,,,2025-10-10T17:05:55.299Z,2025-10-10T20:40:55.925Z,2025-10-10T23:44:47.674Z,1112,18.99,"$1,252.23","Paquete de 6 bolsas de mudanza extra grandes con asas reforzadas, bolsa de almacenamiento resistente para habitación de recámara con cierre fuerte, cajas de mudanza para suministros universitarios",https://www.amazon.com/dp/B0FFC4V59H,DIMA GLOBAL,Honsen Life
,B0D9VM2QP3,Almacenamiento y Organización,disponible,disponible,,,2025-10-10T17:05:55.299Z,2025-10-10T20:41:04.299Z,2025-10-11T01:13:40.060Z,5704,129.99,"$6,335.46","GarveeHome - Almacenamiento de Vestir para niñas con luz y Espejo, clóset para niños con Perchero y contenedor de Almacenamiento, Color Rosa",https://www.amazon.com/dp/B0D9VM2QP3,Balkan Store 59,
,B0CQWZR6L8,Almacenamiento y Organización,disponible,disponible,,,2025-10-10T17:05:55.299Z,2025-10-10T20:41:28.643Z,2025-10-10T23:45:07.006Z,3013,79.99,"$3,888.28","SMIBUY - Portaequipajes, totalmente montado, paquete de 2, soporte plegable de bambú con estante de almacenamiento para habitación de invitados, recámara, hotel, resistente (blanco y negro)",https://www.amazon.com/dp/B0CQWZR6L8,DONGHANGS,Smibuy Direct
Meses sin Intereses,B0FH9PSM1V,Almacenamiento y Organización,disponible,disponible,,,2025-10-10T17:05:55.300Z,2025-10-10T20:41:38.528Z,2025-10-10T23:45:16.866Z,1408,27.99,"$1,793.82","Jofuler - clóset de montaje rápido y fácil, clóset portátil con varillas colgantes, estantes de almacenamiento y bolsillos laterales (gris, 34 pulgadas)",https://www.amazon.com/dp/B0FH9PSM1V,A&A NEWSTORE,Jofuler-US Direct
Meses sin Intereses,B0F53HFR94,Almacenamiento y Organización,disponible,disponible,,,2025-10-10T17:05:55.300Z,2025-10-10T20:41:47.835Z,2025-10-10T23:45:26.006Z,497,4.79,$659.19,"7 divisores de tamaño de clóset de bebé, organizador de clóset de bebé de doble cara, adorable colgador divisor, decoración de guardería para colgar ropa, guardería, guardarropa, armarios, habitación",https://www.amazon.com/dp/B0F53HFR94,CRAZYBIG STORE,goes well
,B09TKWRDDS,Almacenamiento y Organización,disponible,disponible,,,2025-10-10T17:05:55.300Z,2025-10-10T20:41:54.449Z,2025-10-10T23:45:34.600Z,995,24.69,"$1,171.37","Danightime Soporte de lazo de 48.5 x 16.5 pulgadas para niñas, soporte de lazo de bebé con 7 cintas de algodón, 6 ganchos de metal, 1 gancho sin costuras y 1 gancho de pared de madera, organizador de lazos para el cabello para niñas, color blanco",https://www.amazon.com/dp/B09TKWRDDS,A_DEM,Danigh
"Baño,Muebles,Salud y Cuidado Personal",B0FF21CTC2,Almacenamiento y Organización,disponible,disponible,,,2025-10-10T17:05:55.300Z,2025-10-10T20:42:01.202Z,2025-10-10T23:45:44.759Z,8847,159.99,"$8,003.39","TOMACE - Botiquín asimétrico ovalado sin marco con espejo biselado, superficie irregular, espejo de baño con almacenamiento para baño, 20 pulgadas de ancho x 30 pulgadas de alto",https://www.amazon.com/dp/B0FF21CTC2,ESIN GLOBAL,TE CREATIVE
,B0D7L8Q5TW,Almacenamiento y Organización,disponible,no disponible,,"page.goto: net::ERR_NAME_NOT_RESOLVED at https://www.amazon.com/dp/B0D7L8Q5TW
Call log:
[2m  - navigating to ""https://www.amazon.com/dp/B0D7L8Q5TW"", waiting until ""domcontentloaded""[22m
",2025-10-10T17:05:55.300Z,2025-10-10T20:42:08.895Z,2025-10-10T23:48:41.890Z,2279,,"$2,849.61","BEBE BASK - Juego de 2 cestas festoneadas de alta calidad, 16 x 10 x 7 pulgadas, elegante mimbre tela a mano con borde festoneado, almacenamiento de guardería (natural)",https://www.amazon.com/dp/B0D7L8Q5TW,MCK MALL,
,B0CNSDMNCX,Almacenamiento y Organización,disponible,no disponible,,"page.goto: net::ERR_NAME_NOT_RESOLVED at https://www.amazon.com/dp/B0CNSDMNCX
Call log:
[2m  - navigating to ""https://www.amazon.com/dp/B0CNSDMNCX"", waiting until ""domcontentloaded""[22m
",2025-10-10T17:05:55.300Z,2025-10-10T20:42:19.348Z,2025-10-10T23:48:46.322Z,1779,,"$2,050.20","Caja de bambú grande con cerradura de combinación, caja de almacenamiento de bambú grande de alta calidad, bandeja extraíble, bandeja mejorada, herramienta de accesorios incluida. (rosa)",https://www.amazon.com/dp/B0CNSDMNCX,Tierra Viva,
,B0756RWM4Y,Almacenamiento y Organización,disponible,no disponible,,"page.goto: net::ERR_NAME_NOT_RESOLVED at https://www.amazon.com/dp/B0756RWM4Y
Call log:
[2m  - navigating to ""https://www.amazon.com/dp/B0756RWM4Y"", waiting until ""domcontentloaded""[22m
",2025-10-10T17:05:55.300Z,2025-10-10T20:42:26.224Z,2025-10-10T23:48:57.540Z,7330,,"$9,107.58",Little Partners Poco Socios Dos Cubby Kids de Madera Locker – Seis Secciones de Almacenamiento – Construcción Duradera,https://www.amazon.com/dp/B0756RWM4Y,ESIN GLOBAL,
,B0FG2W3KKP,Almacenamiento y Organización,disponible,no disponible,,"page.goto: net::ERR_NAME_NOT_RESOLVED at https://www.amazon.com/dp/B0FG2W3KKP
Call log:
[2m  - navigating to ""https://www.amazon.com/dp/B0FG2W3KKP"", waiting until ""domcontentloaded""[22m
",2025-10-10T17:05:55.300Z,2025-10-10T20:42:34.491Z,2025-10-10T23:49:01.288Z,1481,,"$1,546.46","WILLITAT cubeta de almacenamiento de 11 x 11 pulgadas, paquete de 3 cubos de almacenamiento tejidos, cestas de cuerda de algodón de 11 pulgadas para organizar, cestas cuadradas para estantes",https://www.amazon.com/dp/B0FG2W3KKP,Asia Silk Store,
,B09FHVRJZZ,Almacenamiento y Organización,disponible,no disponible,,"page.goto: net::ERR_NAME_NOT_RESOLVED at https://www.amazon.com/dp/B09FHVRJZZ
Call log:
[2m  - navigating to ""https://www.amazon.com/dp/B09FHVRJZZ"", waiting until ""domcontentloaded""[22m
",2025-10-10T17:05:55.300Z,2025-10-10T20:42:43.179Z,2025-10-10T23:49:11.963Z,4563,,"$6,049.19","Baúl de almacenamiento de 40 pulgadas, moderno organizador de caja de juguetes para niños con tapa elevadora y 2 bisagras de seguridad, baúl de almacenamiento resistente y grande para cualquier sala de juegos, recámara y sala de estar",https://www.amazon.com/dp/B09FHVRJZZ,Good2Go Store,
,B0C69LSK2K,Almacenamiento y Organización,disponible,no disponible,,"page.goto: net::ERR_NAME_NOT_RESOLVED at https://www.amazon.com/dp/B0C69LSK2K
Call log:
[2m  - navigating to ""https://www.amazon.com/dp/B0C69LSK2K"", waiting until ""domcontentloaded""[22m
",2025-10-10T17:05:55.300Z,2025-10-10T20:42:52.360Z,2025-10-10T23:49:23.759Z,5204,,"$6,438.28","OOOK - clóset de almacenamiento de madera de 5 compartimentos, estante Montessori para organizadores y almacenamiento de juguetes, organizador de aula para niños, sala de juegos, guardería y estante",https://www.amazon.com/dp/B0C69LSK2K,rizaerginstore,
,B0FH79F19M,Almacenamiento y Organización,disponible,no disponible,,"page.goto: net::ERR_NAME_NOT_RESOLVED at https://www.amazon.com/dp/B0FH79F19M
Call log:
[2m  - navigating to ""https://www.amazon.com/dp/B0FH79F19M"", waiting until ""domcontentloaded""[22m
",2025-10-10T17:05:55.300Z,2025-10-10T20:43:00.911Z,2025-10-10T23:49:32.422Z,1025,,"$1,294.67","BRUBEQO Organizador de sombreros para gorras de béisbol, 2 paquetes con clips de resorte integrados, soporte para colgar sombreros de clóset, almacenamiento para puertas o armarios, soportes para",https://www.amazon.com/dp/B0FH79F19M,AISHAM FOREVER,
Muebles,B0F32M2QRV,Almacenamiento y Organización,disponible,no disponible,,"page.goto: net::ERR_NAME_NOT_RESOLVED at https://www.amazon.com/dp/B0F32M2QRV
Call log:
[2m  - navigating to ""https://www.amazon.com/dp/B0F32M2QRV"", waiting until ""domcontentloaded""[22m
",2025-10-10T17:06:05.801Z,2025-10-10T20:43:10.149Z,2025-10-10T23:49:37.923Z,2805,,"$3,206.59","Gainvieyee - Paquete de 18 cajas organizadoras de zapatos, de plástico duro resistente, apilables con puertas, contenedores de tenis para clóset, entrada, debajo de la cama, color negro, 13.8 x 9.8 x",https://www.amazon.com/dp/B0F32M2QRV,Cuate Store,
"Aspiración, Limpieza y Planchado",B0F28Z41DN,Almacenamiento y Organización,disponible,no disponible,,"page.goto: net::ERR_NAME_NOT_RESOLVED at https://www.amazon.com/dp/B0F28Z41DN
Call log:
[2m  - navigating to ""https://www.amazon.com/dp/B0F28Z41DN"", waiting until ""domcontentloaded""[22m
",2025-10-10T17:06:05.801Z,2025-10-10T20:43:19.192Z,2025-10-10T23:49:41.083Z,1298,,"$1,267.60","efluky - Cesta de lavandería delgada para ropa, recámara y recámara (beige, 75 L)",https://www.amazon.com/dp/B0F28Z41DN,Huma's Shop,
"Aspiración, Limpieza y Planchado",B0DKD6J4XF,Almacenamiento y Organización,disponible,no disponible,,"page.goto: net::ERR_NAME_NOT_RESOLVED at https://www.amazon.com/dp/B0DKD6J4XF
Call log:
[2m  - navigating to ""https://www.amazon.com/dp/B0DKD6J4XF"", waiting until ""domcontentloaded""[22m
",2025-10-10T17:06:05.802Z,2025-10-10T20:43:26.705Z,2025-10-10T23:49:56.655Z,1206,,"$1,335.26","Cesta de almacenamiento redonda de mimbre, cesta de lavandería tejida con asas, cesta de piso para mantas, zapatos, cesta grande de yute para sala de estar, recámara (blanqueado, mediano)",https://www.amazon.com/dp/B0DKD6J4XF,Segura Express,
,B0CTQDG76H,Almacenamiento y Organización,disponible,no disponible,,"page.goto: net::ERR_NAME_NOT_RESOLVED at https://www.amazon.com/dp/B0CTQDG76H
Call log:
[2m  - navigating to ""https://www.amazon.com/dp/B0CTQDG76H"", waiting until ""domcontentloaded""[22m
",2025-10-10T17:06:05.802Z,2025-10-10T20:43:35.747Z,2025-10-10T23:50:15.384Z,1447,,"$1,520.63","HODAKJUE Cesta de almacenamiento de computadora, Organizador de Cajones, Caja de almacenamiento para cajones de oficina, Cesta de almacenamiento con marco de madera (Negro-Largo estrecho)",https://www.amazon.com/dp/B0CTQDG76H,Asia Silk Store,
,B0FHGWH38Y,Almacenamiento y Organización,disponible,no disponible,,"page.goto: net::ERR_NAME_NOT_RESOLVED at https://www.amazon.com/dp/B0FHGWH38Y
Call log:
[2m  - navigating to ""https://www.amazon.com/dp/B0FHGWH38Y"", waiting until ""domcontentloaded""[22m
",2025-10-10T17:06:05.802Z,2025-10-10T20:43:42.666Z,2025-10-10T23:50:20.536Z,1349,,"$1,506.39","Contenedores grandes de almacenamiento para clóset con cajón, contenedores de tela para organización, cajones de almacenamiento plegables para recámara, sala de estar, paquete de 4, color gris",https://www.amazon.com/dp/B0FHGWH38Y,Twenty Market,
Meses sin Intereses,B0FDQ65D8S,Almacenamiento y Organización,disponible,no disponible,,"page.goto: net::ERR_NAME_NOT_RESOLVED at https://www.amazon.com/dp/B0FDQ65D8S
Call log:
[2m  - navigating to ""https://www.amazon.com/dp/B0FDQ65D8S"", waiting until ""domcontentloaded""[22m
",2025-10-10T17:06:05.802Z,2025-10-10T20:43:51.368Z,2025-10-10T23:50:26.284Z,838,,"$1,020.76","HISULIV - Paquete de 1 caja grande de almacenamiento de juguetes con tapas transparentes, plegable, cesta organizadora de juguetes con divisores ajustables para niños, niñas, sala de estar, guardería",https://www.amazon.com/dp/B0FDQ65D8S,AISHAM FOREVER,
,B0F5W98F1Y,Almacenamiento y Organización,disponible,no disponible,,"page.goto: net::ERR_NAME_NOT_RESOLVED at https://www.amazon.com/dp/B0F5W98F1Y
Call log:
[2m  - navigating to ""https://www.amazon.com/dp/B0F5W98F1Y"", waiting until ""domcontentloaded""[22m
",2025-10-10T17:06:05.802Z,2025-10-10T20:43:59.177Z,2025-10-10T23:50:37.670Z,876,,$952.69,"Agekub Tonie Estantería TonieBox Organizador Tonie Estantería de almacenamiento, forma de paraguas, estantes magnéticos flotantes de madera para exhibición Toniebox, cifras y personajes",https://www.amazon.com/dp/B0F5W98F1Y,NISAN GLOBAL,
,B0DYD5FWNL,Almacenamiento y Organización,no listado,no disponible,,"page.goto: net::ERR_NAME_NOT_RESOLVED at https://www.amazon.com/dp/B0DYD5FWNL
Call log:
[2m  - navigating to ""https://www.amazon.com/dp/B0DYD5FWNL"", waiting until ""domcontentloaded""[22m
",2025-10-10T17:06:05.802Z,2025-10-10T21:04:41.020Z,2025-10-10T23:50:41.400Z,,,"$1,456.35","ZZTLHDS Cubitos de almacenamiento de mimbre de 11.8 pulgadas, cestas cuadradas plegables naturales, cestas de almacenamiento de jacinto de agua, contenedores tejidos para baño (plegable-natural)",https://www.amazon.com/dp/B0DYD5FWNL,,
Meses sin Intereses,B0FG256M1L,Almacenamiento y Organización,disponible,no disponible,,"page.goto: net::ERR_NAME_NOT_RESOLVED at https://www.amazon.com/dp/B0FG256M1L
Call log:
[2m  - navigating to ""https://www.amazon.com/dp/B0FG256M1L"", waiting until ""domcontentloaded""[22m
",2025-10-10T17:06:05.802Z,2025-10-10T20:44:14.642Z,2025-10-10T23:50:45.524Z,1083,,"$1,082.04","Elefeltclave - Contenedores de almacenamiento para tenis, amantes del tenis, aficionados, regalos, cesta de almacenamiento plegable para sala de deportes, gimnasio, recámara, baño, ropa, juguetes",https://www.amazon.com/dp/B0FG256M1L,CRAZYBIG STORE,
,B0F4D5DGPT,Almacenamiento y Organización,disponible,no disponible,,"page.goto: net::ERR_NAME_NOT_RESOLVED at https://www.amazon.com/dp/B0F4D5DGPT
Call log:
[2m  - navigating to ""https://www.amazon.com/dp/B0F4D5DGPT"", waiting until ""domcontentloaded""[22m
",2025-10-10T17:06:05.802Z,2025-10-10T20:44:22.190Z,2025-10-10T23:50:49.912Z,1647,,"$1,967.41","HoliPapaya Estante flotante para Toniebox, Castillo",https://www.amazon.com/dp/B0F4D5DGPT,NATURALIVA,
Meses sin Intereses,B0DX2M2GRP,Almacenamiento y Organización,disponible,no disponible,,"page.goto: net::ERR_NAME_NOT_RESOLVED at https://www.amazon.com/dp/B0DX2M2GRP
Call log:
[2m  - navigating to ""https://www.amazon.com/dp/B0DX2M2GRP"", waiting until ""domcontentloaded""[22m
",2025-10-10T17:06:05.802Z,2025-10-10T20:44:30.413Z,2025-10-10T23:50:53.246Z,1314,,"$1,303.33",IliBx Organizador de gorra de béisbol + jaula de lavado de gorra de béisbol | 2 estantes para sombreros/organizadores de sombreros y 1 jaula para lavadora para tus encantadoras gorras | Almacenamiento,https://www.amazon.com/dp/B0DX2M2GRP,AnraDesign,
,B0FGX5RSLG,Almacenamiento y Organización,no listado,no disponible,,"page.goto: net::ERR_NAME_NOT_RESOLVED at https://www.amazon.com/dp/B0FGX5RSLG
Call log:
[2m  - navigating to ""https://www.amazon.com/dp/B0FGX5RSLG"", waiting until ""domcontentloaded""[22m
",2025-10-10T17:06:05.802Z,2025-10-10T21:04:48.149Z,2025-10-10T23:50:57.123Z,,,"$1,122.20","Elefeltclave Christian Coquette - Contenedores de almacenamiento con arco de god dice que soy bíblico, organizador religioso, plegable, para recámara, ropa de baño, libros, caja de juguetes para niñas",https://www.amazon.com/dp/B0FGX5RSLG,,
,B0FGX5283V,Almacenamiento y Organización,no listado,no disponible,,"page.goto: net::ERR_NAME_NOT_RESOLVED at https://www.amazon.com/dp/B0FGX5283V
Call log:
[2m  - navigating to ""https://www.amazon.com/dp/B0FGX5283V"", waiting until ""domcontentloaded""[22m
",2025-10-10T17:06:05.802Z,2025-10-10T21:04:54.452Z,2025-10-10T23:51:08.630Z,,,"$1,009.59","Elefeltclave - Contenedores de almacenamiento con lazo rosa de coqueta, diseño de lazo femenino estético, plegable, organizador para niñas, recámara, baño, ropa, juguetes, libros, caja de juguetes",https://www.amazon.com/dp/B0FGX5283V,,
,B0F7QXH3P4,Almacenamiento y Organización,no listado,no disponible,,"page.goto: net::ERR_NAME_NOT_RESOLVED at https://www.amazon.com/dp/B0F7QXH3P4
Call log:
[2m  - navigating to ""https://www.amazon.com/dp/B0F7QXH3P4"", waiting until ""domcontentloaded""[22m
",2025-10-10T17:06:05.802Z,2025-10-10T21:05:01.473Z,2025-10-10T23:51:14.095Z,,,"$1,065.89","Elefeltclave - Contenedores de almacenamiento para reglas de sala de juegos para niños, reglas de sala de juegos bohemios, cesta de almacenamiento plegable para sala de juegos, recámara, ropa de",https://www.amazon.com/dp/B0F7QXH3P4,,
,B0F5QFB5JV,Almacenamiento y Organización,disponible,no disponible,,"page.goto: net::ERR_NAME_NOT_RESOLVED at https://www.amazon.com/dp/B0F5QFB5JV
Call log:
[2m  - navigating to ""https://www.amazon.com/dp/B0F5QFB5JV"", waiting until ""domcontentloaded""[22m
",2025-10-10T17:06:05.802Z,2025-10-10T20:45:27.038Z,2025-10-10T23:51:17.289Z,5496,,"$6,475.69","IZEUK - Estantería de almacenamiento de 5 niveles con ruedas, organizador ajustable de alambre de acero resistente (cromo, 17.7 pulgadas de profundidad x 47 pulgadas de ancho x 77 pulgadas de alto",https://www.amazon.com/dp/B0F5QFB5JV,Snorlax Store,
"Industria, Empresas y Ciencia",B00L0ILSX4,Almacenamiento y Organización,disponible,no disponible,,"page.goto: net::ERR_NAME_NOT_RESOLVED at https://www.amazon.com/dp/B00L0ILSX4
Call log:
[2m  - navigating to ""https://www.amazon.com/dp/B00L0ILSX4"", waiting until ""domcontentloaded""[22m
",2025-10-10T17:06:05.803Z,2025-10-10T20:45:35.695Z,2025-10-10T23:51:23.255Z,10430,,"$11,328.17","Contender c16121 abedul Báltico 12-cubby unidad de almacenamiento con transparente jardineras, rta (paquete de 12)",https://www.amazon.com/dp/B00L0ILSX4,Nurimu,
,B0FBZMQJ87,Almacenamiento y Organización,disponible,no disponible,,"page.goto: net::ERR_NAME_NOT_RESOLVED at https://www.amazon.com/dp/B0FBZMQJ87
Call log:
[2m  - navigating to ""https://www.amazon.com/dp/B0FBZMQJ87"", waiting until ""domcontentloaded""[22m
",2025-10-10T17:06:19.028Z,2025-10-10T20:45:44.331Z,2025-10-10T23:51:28.957Z,6838,,"$6,799.16","Back2School Express Sleekline - Gabinete de almacenamiento de 3 estantes, 36 pulgadas de alto, estante de libros, natural",https://www.amazon.com/dp/B0FBZMQJ87,SAYIL STORE,
,B0F8V6WBZL,Almacenamiento y Organización,no listado,no disponible,,"page.goto: net::ERR_NAME_NOT_RESOLVED at https://www.amazon.com/dp/B0F8V6WBZL
Call log:
[2m  - navigating to ""https://www.amazon.com/dp/B0F8V6WBZL"", waiting until ""domcontentloaded""[22m
",2025-10-10T17:06:19.028Z,2025-10-10T21:05:06.768Z,2025-10-10T23:51:33.866Z,,,"$1,387.62","Dawuyu - Contenedores apilables con tapas, organizadores de clóset, caja de tela para el hogar y la oficina, organizadores de ropa de mantas, contenedores de almacenamiento debajo de la cama, paquete",https://www.amazon.com/dp/B0F8V6WBZL,,
,B0FK2FMFPC,Almacenamiento y Organización,disponible,no disponible,,"page.goto: net::ERR_NAME_NOT_RESOLVED at https://www.amazon.com/dp/B0FK2FMFPC
Call log:
[2m  - navigating to ""https://www.amazon.com/dp/B0FK2FMFPC"", waiting until ""domcontentloaded""[22m
",2025-10-10T17:06:19.028Z,2025-10-10T20:46:01.985Z,2025-10-10T23:51:39.176Z,7314,,"$6,945.64","QAVABIN Contenedores de almacenamiento extra grandes de 120 galones con tapa, organizadores y cajones apilables de 480 cuartos de galón, contenedores de almacenamiento plegables con ruedas, gabinete",https://www.amazon.com/dp/B0FK2FMFPC,AnraDesign,
,B0F6CFTF1F,Almacenamiento y Organización,disponible,no disponible,,"page.goto: net::ERR_NAME_NOT_RESOLVED at https://www.amazon.com/dp/B0F6CFTF1F
Call log:
[2m  - navigating to ""https://www.amazon.com/dp/B0F6CFTF1F"", waiting until ""domcontentloaded""[22m
",2025-10-10T17:06:19.028Z,2025-10-10T20:46:09.481Z,2025-10-10T23:51:42.495Z,1199,,"$6,489.69","QAVABIN Contenedores de almacenamiento extra grandes de 150 galones con tapa, organizadores y cajones apilables de 600 cuartos de galón, contenedores de almacenamiento plegables con ruedas, gabinete",https://www.amazon.com/dp/B0F6CFTF1F,Marca: QAVABIN,
,B08NP6KCBL,Almacenamiento y Organización,disponible,no disponible,,"page.goto: net::ERR_NAME_NOT_RESOLVED at https://www.amazon.com/dp/B08NP6KCBL
Call log:
[2m  - navigating to ""https://www.amazon.com/dp/B08NP6KCBL"", waiting until ""domcontentloaded""[22m
",2025-10-10T17:06:19.028Z,2025-10-10T20:46:16.620Z,2025-10-10T23:51:45.910Z,1466,,"$1,665.70","Sailor Moon - Caja de almacenamiento plegable con diseño bonito y bonito organizador de cestas de almacenamiento, para escritorio, oficina, dormitorio, guardería, armario (paquete de 3)",https://www.amazon.com/dp/B08NP6KCBL,Asia Silk Store,
,B0DPFKXFDR,Almacenamiento y Organización,disponible,no disponible,,"page.goto: net::ERR_NAME_NOT_RESOLVED at https://www.amazon.com/dp/B0DPFKXFDR
Call log:
[2m  - navigating to ""https://www.amazon.com/dp/B0DPFKXFDR"", waiting until ""domcontentloaded""[22m
",2025-10-10T17:06:19.028Z,2025-10-10T20:46:25.721Z,2025-10-10T23:51:49.349Z,4351,,"$4,372.26","Edospaen Contenedores de almacenamiento de plástico apilables de 4 niveles con tapa de 42 cuartos de galón/nivel, cajón de plástico plegable con ruedas, contenedores para el hogar, cajas de armarios",https://www.amazon.com/dp/B0DPFKXFDR,MARKKINARAKO,
,B0FPF9MCHK,Almacenamiento y Organización,no listado,no disponible,,"page.goto: net::ERR_NAME_NOT_RESOLVED at https://www.amazon.com/dp/B0FPF9MCHK
Call log:
[2m  - navigating to ""https://www.amazon.com/dp/B0FPF9MCHK"", waiting until ""domcontentloaded""[22m
",2025-10-10T17:06:19.028Z,2025-10-10T21:05:12.624Z,2025-10-10T23:51:53.306Z,,,"$9,562.83","Fangtueh cubeta de almacenamiento plegable extragrande de 200 galones con tapa, organizador de plástico apilable de 800 cuartos con 6 ruedas, gabinete plegable para clóset, sala de estar, oficina",https://www.amazon.com/dp/B0FPF9MCHK,,
,B0FMYN1WZ6,Almacenamiento y Organización,no listado,no disponible,,"page.goto: net::ERR_NAME_NOT_RESOLVED at https://www.amazon.com/dp/B0FMYN1WZ6
Call log:
[2m  - navigating to ""https://www.amazon.com/dp/B0FMYN1WZ6"", waiting until ""domcontentloaded""[22m
",2025-10-10T17:06:19.028Z,2025-10-10T21:05:20.310Z,2025-10-10T23:51:58.560Z,,,$868.68,"Juego de 16 divisores BabyCloset de 12 círculos de tamaño redondo preetiquetados con 4 discos en blanco y marcadores, organización y almacenamiento de clóset de fácil tamaño, se adapta a la mayoría de",https://www.amazon.com/dp/B0FMYN1WZ6,,
,B0FMK58KGC,Almacenamiento y Organización,no listado,no disponible,,"page.goto: net::ERR_NAME_NOT_RESOLVED at https://www.amazon.com/dp/B0FMK58KGC
Call log:
[2m  - navigating to ""https://www.amazon.com/dp/B0FMK58KGC"", waiting until ""domcontentloaded""[22m
",2025-10-10T17:06:19.028Z,2025-10-10T21:05:26.095Z,2025-10-10T23:52:04.151Z,,,"$5,078.29","VAFHYLLIS - Organizador de almacenamiento de 2 cubos, estantería abierta de madera de 2 niveles, cubos de almacenamiento versátiles para sala de estar, recámara, oficina en casa, roble, 2 cubos a 11.8",https://www.amazon.com/dp/B0FMK58KGC,,
,B0FKZTN375,Almacenamiento y Organización,disponible,no disponible,,"page.goto: net::ERR_NAME_NOT_RESOLVED at https://www.amazon.com/dp/B0FKZTN375
Call log:
[2m  - navigating to ""https://www.amazon.com/dp/B0FKZTN375"", waiting until ""domcontentloaded""[22m
",2025-10-10T17:06:19.028Z,2025-10-10T20:46:58.774Z,2025-10-10T23:52:07.951Z,1103,,"$1,373.05","KUMETENESS - Organizador de almacenamiento de auriculares para colgar sobre la puerta, 30 bolsillos organizadores de PVC transparente con 2 tarjetas de almacenamiento para auriculares con calcomanías",https://www.amazon.com/dp/B0FKZTN375,Mishaland Store,
,B0FK5446Q5,Almacenamiento y Organización,no listado,no disponible,,"page.goto: net::ERR_NAME_NOT_RESOLVED at https://www.amazon.com/dp/B0FK5446Q5
Call log:
[2m  - navigating to ""https://www.amazon.com/dp/B0FK5446Q5"", waiting until ""domcontentloaded""[22m
",2025-10-10T17:06:19.028Z,2025-10-10T21:05:32.948Z,2025-10-10T23:52:13.117Z,,,"$6,938.83","Almacenamiento de Disfraces para niñas, clóset de Disfraces para niños con Espejo Iluminado y contenedor de Almacenamiento, Color Rosa",https://www.amazon.com/dp/B0FK5446Q5,,
,B0FJR36CLY,Almacenamiento y Organización,disponible,no disponible,,"page.goto: net::ERR_NAME_NOT_RESOLVED at https://www.amazon.com/dp/B0FJR36CLY
Call log:
[2m  - navigating to ""https://www.amazon.com/dp/B0FJR36CLY"", waiting until ""domcontentloaded""[22m
",2025-10-10T17:06:19.028Z,2025-10-10T20:47:13.168Z,2025-10-10T23:52:17.804Z,1760,,"$1,752.82","Superunner - Estante de almacenamiento de madera, estante de almacenamiento de madera de metal resistente con ajuste de ángulo múltiple y soporte de pared de 3 niveles para cochera, tienda en",https://www.amazon.com/dp/B0FJR36CLY,SkyyMart,
,B0FHQ46W1W,Almacenamiento y Organización,disponible,no disponible,,"page.goto: net::ERR_NAME_NOT_RESOLVED at https://www.amazon.com/dp/B0FHQ46W1W
Call log:
[2m  - navigating to ""https://www.amazon.com/dp/B0FHQ46W1W"", waiting until ""domcontentloaded""[22m
",2025-10-10T17:06:19.029Z,2025-10-10T20:47:22.245Z,2025-10-10T23:52:22.159Z,3803,,"$4,327.99","GarveeHome Estantería y Almacenamiento de Juguetes para niños, Organizador de Juguetes de 2 Niveles con gabinete de Almacenamiento, estantería de 2 estantes para Sala de Juegos, recámara, Sala de",https://www.amazon.com/dp/B0FHQ46W1W,BEST SUPPLY,
"Aspiración, Limpieza y Planchado",B0FHKVK971,Almacenamiento y Organización,disponible,no disponible,,"page.goto: net::ERR_NAME_NOT_RESOLVED at https://www.amazon.com/dp/B0FHKVK971
Call log:
[2m  - navigating to ""https://www.amazon.com/dp/B0FHKVK971"", waiting until ""domcontentloaded""[22m
",2025-10-10T17:06:19.029Z,2025-10-10T20:47:30.828Z,2025-10-10T23:52:25.863Z,1377,,"$1,463.91","HZFTJOY - Cesta grande para organizar, organizadores de clóset de 65 litros y contenedores de almacenamiento para estantes, cestas de almacenamiento de cuerda tejida, sala de estar, recámara, cuarto",https://www.amazon.com/dp/B0FHKVK971,Segura Express,
,B0FHHDNPJN,Almacenamiento y Organización,no listado,no disponible,,"page.goto: net::ERR_NAME_NOT_RESOLVED at https://www.amazon.com/dp/B0FHHDNPJN
Call log:
[2m  - navigating to ""https://www.amazon.com/dp/B0FHHDNPJN"", waiting until ""domcontentloaded""[22m
",2025-10-10T17:06:19.029Z,2025-10-10T21:05:38.347Z,2025-10-10T23:52:29.388Z,,,"$1,009.59","Seeloowy Cesta rectangular de Halloween Horror grande plegable con asa, adecuada para decoración de habitación, cubeta de Halloween, caja de juguetes, caja de almacenamiento de coche (fantasma)",https://www.amazon.com/dp/B0FHHDNPJN,,
,B0FH54WVNV,Almacenamiento y Organización,disponible,no disponible,,"page.goto: net::ERR_NAME_NOT_RESOLVED at https://www.amazon.com/dp/B0FH54WVNV
Call log:
[2m  - navigating to ""https://www.amazon.com/dp/B0FH54WVNV"", waiting until ""domcontentloaded""[22m
",2025-10-10T17:06:19.029Z,2025-10-10T20:47:45.250Z,2025-10-10T23:52:34.968Z,4435,,"$4,425.45","Alpen Archivador móvil de 5 cajones para Almacenamiento Debajo del computadora con Ruedas, archivador Vertical de Madera, Soporte para Impresora pequeño para Oficina en casa, Color Blanco",https://www.amazon.com/dp/B0FH54WVNV,KADRIYE STORE,
"Aspiración, Limpieza y Planchado",B0FGXPRF2J,Almacenamiento y Organización,disponible,no disponible,,"page.goto: net::ERR_NAME_NOT_RESOLVED at https://www.amazon.com/dp/B0FGXPRF2J
Call log:
[2m  - navigating to ""https://www.amazon.com/dp/B0FGXPRF2J"", waiting until ""domcontentloaded""[22m
",2025-10-10T17:06:27.147Z,2025-10-10T20:47:55.774Z,2025-10-10T23:52:38.323Z,1476,,"$1,475.59","JMvicyroam - Cesta de manta tejida, 65 l con asas, organizador para mantas, juguetes, libros y ropa, cesta de lavandería para sala de estar, recámara, guardería y baño, blanco y azul",https://www.amazon.com/dp/B0FGXPRF2J,MUSMEGAS,
,B0FGX4TWRX,Almacenamiento y Organización,no listado,no disponible,,"page.goto: net::ERR_NAME_NOT_RESOLVED at https://www.amazon.com/dp/B0FGX4TWRX
Call log:
[2m  - navigating to ""https://www.amazon.com/dp/B0FGX4TWRX"", waiting until ""domcontentloaded""[22m
",2025-10-10T17:06:27.147Z,2025-10-10T21:05:45.519Z,2025-10-10T23:52:42.561Z,,,"$1,094.18","Elefeltclave - Contenedores de almacenamiento para campaña, regalos para amantes del campamento, cesta de almacenamiento plegable para campista, campamento, recámara, baño, ropa, juguetes, libros",https://www.amazon.com/dp/B0FGX4TWRX,,
,B0FGX3XHD7,Almacenamiento y Organización,no listado,no disponible,,"page.goto: net::ERR_NAME_NOT_RESOLVED at https://www.amazon.com/dp/B0FGX3XHD7
Call log:
[2m  - navigating to ""https://www.amazon.com/dp/B0FGX3XHD7"", waiting until ""domcontentloaded""[22m
",2025-10-10T17:06:27.147Z,2025-10-10T21:05:53.164Z,2025-10-10T23:52:47.928Z,,,"$1,094.18","Elefeltclave Let Them - Contenedores de almacenamiento con arco de coqueta, afirmación positiva inspiradora, plegable, organizador para niñas, recámara, baño, ropa, juguetes, libros, caja de juguetes",https://www.amazon.com/dp/B0FGX3XHD7,,
,B0FGNLJ8C9,Almacenamiento y Organización,no listado,no disponible,,"page.goto: net::ERR_NAME_NOT_RESOLVED at https://www.amazon.com/dp/B0FGNLJ8C9
Call log:
[2m  - navigating to ""https://www.amazon.com/dp/B0FGNLJ8C9"", waiting until ""domcontentloaded""[22m
",2025-10-10T17:06:27.148Z,2025-10-10T21:06:00.710Z,2025-10-10T23:52:51.227Z,,,$924.99,"JMvicyroam - Cesta de almacenamiento de cuerda pequeña con asas y bolsa de cinta, organizador para estantes, armarios, baño, cesta de regalo vacía para baby shower, cumpleaños, día del padre, color",https://www.amazon.com/dp/B0FGNLJ8C9,,
,B0FFYG1LS8,Almacenamiento y Organización,no listado,no disponible,,"page.goto: net::ERR_NAME_NOT_RESOLVED at https://www.amazon.com/dp/B0FFYG1LS8
Call log:
[2m  - navigating to ""https://www.amazon.com/dp/B0FFYG1LS8"", waiting until ""domcontentloaded""[22m
",2025-10-10T17:06:27.148Z,2025-10-10T21:06:07.462Z,2025-10-10T23:52:56.947Z,,,"$1,212.65","TasticTotes Bolsas de almacenamiento plegables de 60 L, paquete de 4",https://www.amazon.com/dp/B0FFYG1LS8,,
,B0FFSPNXR7,Almacenamiento y Organización,no listado,no disponible,,"page.goto: net::ERR_NAME_NOT_RESOLVED at https://www.amazon.com/dp/B0FFSPNXR7
Call log:
[2m  - navigating to ""https://www.amazon.com/dp/B0FFSPNXR7"", waiting until ""domcontentloaded""[22m
",2025-10-10T17:06:27.148Z,2025-10-10T21:06:14.913Z,2025-10-10T23:53:02.215Z,,,"$9,450.48","UAMFURI 640QT-160QT/40GAL*4 contenedores de almacenamiento apilables extra grandes con tapas y ruedas, cajones de almacenamiento apilables, paquete de 4 contenedores de almacenamiento plegables con",https://www.amazon.com/dp/B0FFSPNXR7,,
,B0FFNQS2S7,Almacenamiento y Organización,disponible,no disponible,,"page.goto: net::ERR_NAME_NOT_RESOLVED at https://www.amazon.com/dp/B0FFNQS2S7
Call log:
[2m  - navigating to ""https://www.amazon.com/dp/B0FFNQS2S7"", waiting until ""domcontentloaded""[22m
",2025-10-10T17:06:27.148Z,2025-10-10T20:50:17.675Z,2025-10-10T23:53:05.279Z,1617,,"$1,706.25","Paquete de 3 cestas tejidas de cuerda de algodón, cestas de estante con asa, 13.8 x 11.8 x 11.0 pulgadas, almacenamiento para guardería, baño, sala de estar, juguetes, libros, toallas, contenedores",https://www.amazon.com/dp/B0FFNQS2S7,Segura Express,
Baño,B0FFMGBM3B,Almacenamiento y Organización,disponible,no disponible,,"page.goto: net::ERR_NAME_NOT_RESOLVED at https://www.amazon.com/dp/B0FFMGBM3B
Call log:
[2m  - navigating to ""https://www.amazon.com/dp/B0FFMGBM3B"", waiting until ""domcontentloaded""[22m
",2025-10-10T17:06:27.148Z,2025-10-10T20:50:24.819Z,2025-10-10T23:53:10.178Z,1836,,"$2,295.46","KEGII - Barra de tensión de esquina para ducha con jabonera y soporte para maquinilla de afeitar, organizador de baño ajustable con ganchos, estante de almacenamiento a prueba de óxido de 25 a 114.2",https://www.amazon.com/dp/B0FFMGBM3B,EWB ONLINE MX,
,B0FFG58BLJ,Almacenamiento y Organización,no listado,no disponible,,"page.goto: net::ERR_NAME_NOT_RESOLVED at https://www.amazon.com/dp/B0FFG58BLJ
Call log:
[2m  - navigating to ""https://www.amazon.com/dp/B0FFG58BLJ"", waiting until ""domcontentloaded""[22m
",2025-10-10T17:06:27.148Z,2025-10-10T21:06:21.213Z,2025-10-10T23:53:14.061Z,,,$868.68,"Mangpung Kawaii Capybara - Contenedor de almacenamiento plegable, bonita caja de almacenamiento plegable, computadora de oficina, decoración de cambiador de baño, bonita decoración de habitación",https://www.amazon.com/dp/B0FFG58BLJ,,
,B0FBYT63NS,Almacenamiento y Organización,disponible,no disponible,,"page.goto: net::ERR_NAME_NOT_RESOLVED at https://www.amazon.com/dp/B0FBYT63NS
Call log:
[2m  - navigating to ""https://www.amazon.com/dp/B0FBYT63NS"", waiting until ""domcontentloaded""[22m
",2025-10-10T17:06:27.148Z,2025-10-10T20:50:39.130Z,2025-10-10T23:53:19.675Z,4401,,"$4,571.05","Back2School Express Sleekline - clóset de almacenamiento de 2 estantes, 24 pulgadas de alto, estante de libros, natural",https://www.amazon.com/dp/B0FBYT63NS,Cuate Store,
,B0FB3JVBGV,Almacenamiento y Organización,disponible,no disponible,,"page.goto: net::ERR_NAME_NOT_RESOLVED at https://www.amazon.com/dp/B0FB3JVBGV
Call log:
[2m  - navigating to ""https://www.amazon.com/dp/B0FB3JVBGV"", waiting until ""domcontentloaded""[22m
",2025-10-10T17:06:27.148Z,2025-10-10T20:50:47.740Z,2025-10-10T23:53:23.053Z,5142.15,,"$7,210.18","Jusgym - Estante de almacenamiento para cochera con altura ajustable, sistema organizador de almacenamiento resistente",https://www.amazon.com/dp/B0FB3JVBGV,Marca: Jusgym,
,B0F8R1JPSC,Almacenamiento y Organización,no listado,no disponible,,"page.goto: net::ERR_NAME_NOT_RESOLVED at https://www.amazon.com/dp/B0F8R1JPSC
Call log:
[2m  - navigating to ""https://www.amazon.com/dp/B0F8R1JPSC"", waiting until ""domcontentloaded""[22m
",2025-10-10T17:06:27.148Z,2025-10-10T21:06:29.234Z,2025-10-10T23:53:28.162Z,,,"$1,094.18","JUIOEIU - Contenedores de almacenamiento plegables de vaca rústica con asas, valla de madera de campo, bonita vaca esponjosa, cesta organizadora plegable para recámara, baño, ropa, juguetes, libros",https://www.amazon.com/dp/B0F8R1JPSC,,
,B0F8P8MG32,Almacenamiento y Organización,disponible,no disponible,,"page.goto: net::ERR_NAME_NOT_RESOLVED at https://www.amazon.com/dp/B0F8P8MG32
Call log:
[2m  - navigating to ""https://www.amazon.com/dp/B0F8P8MG32"", waiting until ""domcontentloaded""[22m
",2025-10-10T17:06:27.148Z,2025-10-10T20:51:04.404Z,2025-10-10T23:53:33.578Z,1265,,"$1,318.61","Ordn2Ordn - Cestas de almacenamiento para organizar, pequeños contenedores de almacenamiento para estantes, cesta de regalo vacía, lindo organizador de clóset decorativo tela, cesta de cuerda de bebé",https://www.amazon.com/dp/B0F8P8MG32,CasaNovaMX,
,B0F8HMLL7T,Almacenamiento y Organización,disponible,no disponible,,"page.goto: net::ERR_NAME_NOT_RESOLVED at https://www.amazon.com/dp/B0F8HMLL7T
Call log:
[2m  - navigating to ""https://www.amazon.com/dp/B0F8HMLL7T"", waiting until ""domcontentloaded""[22m
",2025-10-10T17:06:27.148Z,2025-10-10T20:51:12.861Z,2025-10-10T23:53:38.380Z,1920,,"$1,840.76","IZEUK - Estanterías (negro, 3 niveles, 11.8 pulgadas de profundidad x 17.7 pulgadas de ancho x 28.8 pulgadas de alto)",https://www.amazon.com/dp/B0F8HMLL7T,SkyyMart,
,B0F7R2YGSW,Almacenamiento y Organización,no listado,no disponible,,"page.goto: net::ERR_NAME_NOT_RESOLVED at https://www.amazon.com/dp/B0F7R2YGSW
Call log:
[2m  - navigating to ""https://www.amazon.com/dp/B0F7R2YGSW"", waiting until ""domcontentloaded""[22m
",2025-10-10T17:06:27.149Z,2025-10-10T21:06:36.664Z,2025-10-10T23:53:43.863Z,,,"$1,065.89","Elefeltclave caja de almacenaje, 109",https://www.amazon.com/dp/B0F7R2YGSW,,
,B0F7QPV512,Almacenamiento y Organización,no listado,no disponible,,"page.goto: net::ERR_NAME_NOT_RESOLVED at https://www.amazon.com/dp/B0F7QPV512
Call log:
[2m  - navigating to ""https://www.amazon.com/dp/B0F7QPV512"", waiting until ""domcontentloaded""[22m
",2025-10-10T17:06:40.020Z,2025-10-10T21:06:41.932Z,2025-10-10T23:53:48.141Z,,,$973.21,"Elefeltclave caja de almacenaje, 106",https://www.amazon.com/dp/B0F7QPV512,,
,B0F7LJN3S7,Almacenamiento y Organización,disponible,no disponible,,"page.goto: net::ERR_NAME_NOT_RESOLVED at https://www.amazon.com/dp/B0F7LJN3S7
Call log:
[2m  - navigating to ""https://www.amazon.com/dp/B0F7LJN3S7"", waiting until ""domcontentloaded""[22m
",2025-10-10T17:06:40.020Z,2025-10-10T20:54:08.616Z,2025-10-10T23:53:52.687Z,1138,,"$1,189.96","Paquete de 4: bolsas de almacenamiento de PVC transparente con asas reforzadas y doble cierre, bolsas organizadoras impermeables para juguetes, artículos de cambiador de viaje, maquillaje",https://www.amazon.com/dp/B0F7LJN3S7,Segura Express,
,B0F47QVRFM,Almacenamiento y Organización,disponible,no disponible,,"page.goto: net::ERR_NAME_NOT_RESOLVED at https://www.amazon.com/dp/B0F47QVRFM
Call log:
[2m  - navigating to ""https://www.amazon.com/dp/B0F47QVRFM"", waiting until ""domcontentloaded""[22m
",2025-10-10T17:06:40.020Z,2025-10-10T20:54:15.969Z,2025-10-10T23:53:56.087Z,949,,$999.04,"Feelyueyue - Cesta de almacenamiento plegable de girasol, cesta de almacenamiento de lona con asa de tapa, contenedores de cubeta para niños, juguetes para niños, organizadores de artículos para",https://www.amazon.com/dp/B0F47QVRFM,MrsWhite,
,B0F3HGQJL9,Almacenamiento y Organización,no listado,no disponible,,"page.goto: net::ERR_NAME_NOT_RESOLVED at https://www.amazon.com/dp/B0F3HGQJL9
Call log:
[2m  - navigating to ""https://www.amazon.com/dp/B0F3HGQJL9"", waiting until ""domcontentloaded""[22m
",2025-10-10T17:06:40.020Z,2025-10-10T21:06:47.211Z,2025-10-10T23:54:00.964Z,,,"$4,965.41","pioncrey - Contenedores de almacenamiento con tapas de 76 cuartos de galón (4 unidades, apilables con ruedas de rodadura suave, organizadores de clóset de plástico y almacenamiento, contenedores de",https://www.amazon.com/dp/B0F3HGQJL9,,
,B0F28Q792F,Almacenamiento y Organización,disponible,no disponible,,"page.goto: net::ERR_NAME_NOT_RESOLVED at https://www.amazon.com/dp/B0F28Q792F
Call log:
[2m  - navigating to ""https://www.amazon.com/dp/B0F28Q792F"", waiting until ""domcontentloaded""[22m
",2025-10-10T17:06:40.020Z,2025-10-10T20:54:30.766Z,2025-10-10T23:54:06.728Z,728,,$849.87,"Bnrkmeb - Organizadores colgantes para la cabeza, organizador de lazos para el cabello de niñas, soporte para lazo para bebé, gancho de lazo para niñas, accesorios para el cabello, viene con 20",https://www.amazon.com/dp/B0F28Q792F,Segura Express,
,B0F249KV9P,Almacenamiento y Organización,no listado,no disponible,,"page.goto: net::ERR_NAME_NOT_RESOLVED at https://www.amazon.com/dp/B0F249KV9P
Call log:
[2m  - navigating to ""https://www.amazon.com/dp/B0F249KV9P"", waiting until ""domcontentloaded""[22m
",2025-10-10T17:06:40.020Z,2025-10-10T21:06:53.827Z,2025-10-10T23:54:10.453Z,,,"$1,316.24","HSGREC - Bolsa de transporte y almacenamiento para colchón de aire tamaño King/individual – 21.6 x 9.8 x 19.7 pulgadas, 18.49 gal/70 L, Oxford 600D premium, resistente al agua; almacena colchón de",https://www.amazon.com/dp/B0F249KV9P,,
,B0F241N4DF,Almacenamiento y Organización,disponible,no disponible,,"page.goto: net::ERR_NAME_NOT_RESOLVED at https://www.amazon.com/dp/B0F241N4DF
Call log:
[2m  - navigating to ""https://www.amazon.com/dp/B0F241N4DF"", waiting until ""domcontentloaded""[22m
",2025-10-10T17:06:40.020Z,2025-10-10T20:57:41.625Z,2025-10-10T23:54:16.111Z,865,,"$1,107.17","Fnaumdol - Soporte magnético para bola de secadora para organización y almacenamiento de lavandería, papelera magnética para lavadero,",https://www.amazon.com/dp/B0F241N4DF,SEVENTEEN DESIGN,
Meses sin Intereses,B0F1YJYDPL,Almacenamiento y Organización,disponible,no disponible,,"page.goto: net::ERR_NAME_NOT_RESOLVED at https://www.amazon.com/dp/B0F1YJYDPL
Call log:
[2m  - navigating to ""https://www.amazon.com/dp/B0F1YJYDPL"", waiting until ""domcontentloaded""[22m
",2025-10-10T17:06:40.020Z,2025-10-10T20:57:48.413Z,2025-10-10T23:54:20.876Z,4790,,"$4,789.07","TREVIETDECOR - Cubitos de almacenamiento de 33 x 33 cm, cesta de almacenamiento de jacinto de agua, cestas de almacenamiento de mimbre para estantes, cestas tejidas para almacenamiento, cesta cuadrada",https://www.amazon.com/dp/B0F1YJYDPL,STOREARENS,
,B0F1Y9PCCB,Almacenamiento y Organización,no listado,no disponible,,"page.goto: net::ERR_NAME_NOT_RESOLVED at https://www.amazon.com/dp/B0F1Y9PCCB
Call log:
[2m  - navigating to ""https://www.amazon.com/dp/B0F1Y9PCCB"", waiting until ""domcontentloaded""[22m
",2025-10-10T17:06:40.020Z,2025-10-10T21:06:59.378Z,2025-10-10T23:54:24.030Z,,,"$1,261.64","Cesta de almacenamiento rectangular, cesta organizadora de estantes, cestas plegables de metal, cesta organizadora para regalos de ropa, oficina en casa, recámara (camión monstruo genial)",https://www.amazon.com/dp/B0F1Y9PCCB,,
,B0F12SWMDB,Almacenamiento y Organización,disponible,no disponible,,"page.goto: net::ERR_NAME_NOT_RESOLVED at https://www.amazon.com/dp/B0F12SWMDB
Call log:
[2m  - navigating to ""https://www.amazon.com/dp/B0F12SWMDB"", waiting until ""domcontentloaded""[22m
",2025-10-10T17:06:40.020Z,2025-10-10T21:01:04.022Z,2025-10-10T23:54:29.322Z,1489,,"$1,487.76","Juego de 5 cestas de almacenamiento de cuerda de algodón, organizadores tejidos para guardería, baño y decoración del hogar, estantes de 8 a 12.6 pulgadas, varios tamaños (color)",https://www.amazon.com/dp/B0F12SWMDB,ZENITHCORE,
Meses sin Intereses,B0DZVNMF1C,Almacenamiento y Organización,disponible,no disponible,,"page.goto: net::ERR_NAME_NOT_RESOLVED at https://www.amazon.com/dp/B0DZVNMF1C
Call log:
[2m  - navigating to ""https://www.amazon.com/dp/B0DZVNMF1C"", waiting until ""domcontentloaded""[22m
",2025-10-10T17:06:40.020Z,2025-10-10T21:04:17.360Z,2025-10-10T23:54:32.571Z,1689,,"$1,912.13","Dayacoco - Almacenamiento debajo de la cama con ruedas, paquete de 2 contenedores de almacenamiento debajo de la cama con tapas transparentes, no requiere montaje, almacenamiento debajo de la cama de",https://www.amazon.com/dp/B0DZVNMF1C,AKCES STORE,
,B0DZT1NQQF,Almacenamiento y Organización,no listado,no disponible,,"page.goto: net::ERR_NAME_NOT_RESOLVED at https://www.amazon.com/dp/B0DZT1NQQF
Call log:
[2m  - navigating to ""https://www.amazon.com/dp/B0DZT1NQQF"", waiting until ""domcontentloaded""[22m
",2025-10-10T17:06:40.021Z,2025-10-10T21:07:05.471Z,2025-10-10T23:54:35.824Z,,,"$1,275.53","OLAHETE - Cesta de cuerda de algodón para organizar, estantes tejidos, cesta de almacenamiento para clóset, organizador decorativo de 13 x 10 x 9 pulgadas para el hogar",https://www.amazon.com/dp/B0DZT1NQQF,,
,B0DZ6GZS24,Almacenamiento y Organización,no listado,no disponible,,"page.goto: net::ERR_NAME_NOT_RESOLVED at https://www.amazon.com/dp/B0DZ6GZS24
Call log:
[2m  - navigating to ""https://www.amazon.com/dp/B0DZ6GZS24"", waiting until ""domcontentloaded""[22m
",2025-10-10T17:06:40.021Z,2025-10-10T21:12:57.777Z,2025-10-10T23:54:39.965Z,,,"$2,168.52","Bolsa de colchón para almacenamiento en movimiento, bolsa de colchón antidesgaste, a prueba de polvo, reutilizable, protector para almacenamiento en movimiento (negro)",https://www.amazon.com/dp/B0DZ6GZS24,,
,B0DYZFB3HG,Almacenamiento y Organización,disponible,no disponible,,"page.goto: net::ERR_NAME_NOT_RESOLVED at https://www.amazon.com/dp/B0DYZFB3HG
Call log:
[2m  - navigating to ""https://www.amazon.com/dp/B0DYZFB3HG"", waiting until ""domcontentloaded""[22m
",2025-10-10T17:06:40.021Z,2025-10-10T21:13:04.848Z,2025-10-10T23:54:44.899Z,4309,,"$4,353.58","Estante redondo de almacenamiento de cocina de 5 niveles, organizador de acero al carbono, para despensa, frutas y verduras, estantes giratorios de 360°, duraderos y resistentes al óxido, estante",https://www.amazon.com/dp/B0DYZFB3HG,FERHATSTOREES,
"Baño,Muebles,Salud y Cuidado Personal",B0DYS78W5R,Almacenamiento y Organización,no disponible,no disponible,,"page.goto: net::ERR_NAME_NOT_RESOLVED at https://www.amazon.com/dp/B0DYS78W5R
Call log:
[2m  - navigating to ""https://www.amazon.com/dp/B0DYS78W5R"", waiting until ""domcontentloaded""[22m
",2025-10-10T17:06:40.021Z,2025-10-10T21:13:13.835Z,2025-10-10T23:54:48.428Z,,,"$2,495.53","Glosen Botiquín con bloqueo para medicina montado en la pared, color plateado, 13.6 x 12.4 x 6.5 pulgadas, contenedor de almacenamiento portátil de gran capacidad",https://www.amazon.com/dp/B0DYS78W5R,Marca: Glosen,
"Meses sin Intereses,Muebles",B0DYHH6NYF,Almacenamiento y Organización,disponible,no disponible,,"page.goto: net::ERR_NAME_NOT_RESOLVED at https://www.amazon.com/dp/B0DYHH6NYF
Call log:
[2m  - navigating to ""https://www.amazon.com/dp/B0DYHH6NYF"", waiting until ""domcontentloaded""[22m
",2025-10-10T17:06:40.021Z,2025-10-10T21:13:22.114Z,2025-10-10T23:54:54.085Z,1561,,"$1,597.10","TIDY SAVANT - Organizador de almacenamiento para colgar sobre la puerta, 5 bolsillos grandes, 10 bolsillos de malla, negro, capacidad de 44 libras (negro)",https://www.amazon.com/dp/B0DYHH6NYF,CasaNovaMX,
,B0DXZ46KXJ,Almacenamiento y Organización,no disponible,no disponible,,"page.goto: net::ERR_NAME_NOT_RESOLVED at https://www.amazon.com/dp/B0DXZ46KXJ
Call log:
[2m  - navigating to ""https://www.amazon.com/dp/B0DXZ46KXJ"", waiting until ""domcontentloaded""[22m
",2025-10-10T17:06:50.687Z,2025-10-10T21:13:31.240Z,2025-10-10T23:54:59.980Z,,,"$1,281.08","Mulaibdin - Juego de 5 cestas de almacenamiento, cestas tejidas de cuerda de algodón, pequeños organizadores de baño y almacenamiento, cesta de decoración blanca para juguetes, regalo, inodoro",https://www.amazon.com/dp/B0DXZ46KXJ,Marca: Mulaibdin,
,B0DTH8PGT4,Almacenamiento y Organización,no listado,no disponible,,"page.goto: net::ERR_NAME_NOT_RESOLVED at https://www.amazon.com/dp/B0DTH8PGT4
Call log:
[2m  - navigating to ""https://www.amazon.com/dp/B0DTH8PGT4"", waiting until ""domcontentloaded""[22m
",2025-10-10T17:06:50.687Z,2025-10-10T21:13:43.125Z,2025-10-10T23:55:04.578Z,,,"$1,726.52","Roobyl - Contenedores de almacenamiento plegables grandes de 17 pulgadas con tapas, organizadores apilables de clóset con mango de poliuretano y etiquetas, paquete de 3 cajas de almacenamiento",https://www.amazon.com/dp/B0DTH8PGT4,,
Meses sin Intereses,B0DT49WCWH,Almacenamiento y Organización,disponible,no disponible,,"page.goto: net::ERR_NAME_NOT_RESOLVED at https://www.amazon.com/dp/B0DT49WCWH
Call log:
[2m  - navigating to ""https://www.amazon.com/dp/B0DT49WCWH"", waiting until ""domcontentloaded""[22m
",2025-10-10T17:06:50.687Z,2025-10-10T21:13:49.704Z,2025-10-10T23:55:08.117Z,1587,,"$1,886.55","ZHKINGGS - Perchero para niños (clásico, rosa)",https://www.amazon.com/dp/B0DT49WCWH,KUZU GLOBAL,
,B0DT3F2FHW,Almacenamiento y Organización,disponible,no disponible,,"page.goto: net::ERR_NAME_NOT_RESOLVED at https://www.amazon.com/dp/B0DT3F2FHW
Call log:
[2m  - navigating to ""https://www.amazon.com/dp/B0DT3F2FHW"", waiting until ""domcontentloaded""[22m
",2025-10-10T17:06:50.688Z,2025-10-10T21:13:56.590Z,2025-10-10T23:55:13.877Z,732,,$947.38,"HY.MIS - Organizador de lazos para niñas, organizador de pinzas para el pelo, organizador de accesorios para el cabello, organizador de accesorios para el cabello, decoración para colgar en la pared",https://www.amazon.com/dp/B0DT3F2FHW,Asia Silk Store,
,B0DQCV45YH,Almacenamiento y Organización,disponible,no disponible,,"page.goto: net::ERR_NAME_NOT_RESOLVED at https://www.amazon.com/dp/B0DQCV45YH
Call log:
[2m  - navigating to ""https://www.amazon.com/dp/B0DQCV45YH"", waiting until ""domcontentloaded""[22m
",2025-10-10T17:06:50.688Z,2025-10-10T21:14:04.138Z,2025-10-10T23:55:18.258Z,442,,"$1,380.88","TasticTotes - Organizador de cajones para clóset, paquete de 24, color gris",https://www.amazon.com/dp/B0DQCV45YH,Marca: TasticTotes,
Meses sin Intereses,B0DP22N37Y,Almacenamiento y Organización,disponible,no disponible,,"page.goto: net::ERR_NAME_NOT_RESOLVED at https://www.amazon.com/dp/B0DP22N37Y
Call log:
[2m  - navigating to ""https://www.amazon.com/dp/B0DP22N37Y"", waiting until ""domcontentloaded""[22m
",2025-10-10T17:06:50.688Z,2025-10-10T21:14:13.176Z,2025-10-10T23:55:24.279Z,792,,$664.50,"Organizador de lazos para el cabello para bebés y niñas, organizador de accesorios para el cabello, abalorio de madera, guirnalda de lazos, almacenamiento para colgar en la pared, decoración bohemia",https://www.amazon.com/dp/B0DP22N37Y,CasaNovaMX,
,B0DNXKWJ1J,Almacenamiento y Organización,no listado,no disponible,,"page.goto: net::ERR_NAME_NOT_RESOLVED at https://www.amazon.com/dp/B0DNXKWJ1J
Call log:
[2m  - navigating to ""https://www.amazon.com/dp/B0DNXKWJ1J"", waiting until ""domcontentloaded""[22m
",2025-10-10T17:06:50.688Z,2025-10-10T21:14:30.410Z,2025-10-10T23:55:29.555Z,,,"$2,898.09","KOKODO - Paquete de 3 cestas de almacenamiento de despensa de mimbre con pizarrón, cesta de jacinto de agua duradera con asas integradas y marco de metal, perfecto para estantes que ahorran espacio y",https://www.amazon.com/dp/B0DNXKWJ1J,,
,B0DNMVGLG2,Almacenamiento y Organización,no disponible,no disponible,,"page.goto: net::ERR_NAME_NOT_RESOLVED at https://www.amazon.com/dp/B0DNMVGLG2
Call log:
[2m  - navigating to ""https://www.amazon.com/dp/B0DNMVGLG2"", waiting until ""domcontentloaded""[22m
",2025-10-10T17:06:50.688Z,2025-10-10T21:14:36.642Z,2025-10-10T23:55:33.318Z,,,"$1,665.45","Paquete de 4 organizadores de papel de almacenamiento de plástico transparente A4, caja de almacenamiento multifuncional con tapas de cierre para organización de aulas, suministros de almacenamiento",https://www.amazon.com/dp/B0DNMVGLG2,Marca: Decorniqu,
Baño,B0DLNVJVMX,Almacenamiento y Organización,no disponible,no disponible,,"page.goto: net::ERR_NAME_NOT_RESOLVED at https://www.amazon.com/dp/B0DLNVJVMX
Call log:
[2m  - navigating to ""https://www.amazon.com/dp/B0DLNVJVMX"", waiting until ""domcontentloaded""[22m
",2025-10-10T17:06:50.688Z,2025-10-10T21:14:44.047Z,2025-10-10T23:55:37.620Z,,,$930.81,"Organizador grande de juguetes de baño y almacenamiento – Soporte de juguetes para tina colgante de 3 compartimentos con cierre inferior, bolsa de malla de secado rápido, soporte ideal para juguetes",https://www.amazon.com/dp/B0DLNVJVMX,Marca: FliipFlaap,
,B0DLL716ZX,Almacenamiento y Organización,no disponible,no disponible,,"page.goto: net::ERR_NAME_NOT_RESOLVED at https://www.amazon.com/dp/B0DLL716ZX
Call log:
[2m  - navigating to ""https://www.amazon.com/dp/B0DLL716ZX"", waiting until ""domcontentloaded""[22m
",2025-10-10T17:06:50.688Z,2025-10-10T21:14:51.845Z,2025-10-10T23:55:41.449Z,,,"$2,003.83","Dcerzxzci - Cestas de almacenamiento para organizar estantes, cestas tejidas para almacenamiento, cestas rectangulares de cuerda de algodón para almacenamiento, cesta de juguetes para habitación de",https://www.amazon.com/dp/B0DLL716ZX,Marca: Dcerzxzci,
,B0DKP5144P,Almacenamiento y Organización,disponible,no disponible,,"page.goto: net::ERR_NAME_NOT_RESOLVED at https://www.amazon.com/dp/B0DKP5144P
Call log:
[2m  - navigating to ""https://www.amazon.com/dp/B0DKP5144P"", waiting until ""domcontentloaded""[22m
",2025-10-10T17:06:50.688Z,2025-10-10T21:15:00.715Z,2025-10-10T23:55:46.679Z,1152,,"$1,151.54","Bolsa de almacenamiento de juguetes con bloqueo portátil con cerradura con 2 mini cajas de EVA con cierre, ligera, discreta y bloqueable, para artículos privados, mujeres, hombres (1)",https://www.amazon.com/dp/B0DKP5144P,Asia Silk Store,
"Industria, Empresas y Ciencia",B0DD7VR5XJ,Almacenamiento y Organización,disponible,no disponible,,"page.goto: net::ERR_NAME_NOT_RESOLVED at https://www.amazon.com/dp/B0DD7VR5XJ
Call log:
[2m  - navigating to ""https://www.amazon.com/dp/B0DD7VR5XJ"", waiting until ""domcontentloaded""[22m
",2025-10-10T17:06:50.688Z,2025-10-10T21:15:10.324Z,2025-10-10T23:55:52.090Z,3323,,"$5,663.84","Hudson Exchange 24 x 16 x 8 (2 unidades) de malla recta con mango de pared, color gris",https://www.amazon.com/dp/B0DD7VR5XJ,Marca: HE HUDSON EXCHANGE,
,B0DBQTDHHW,Almacenamiento y Organización,disponible,no disponible,,"page.goto: net::ERR_NAME_NOT_RESOLVED at https://www.amazon.com/dp/B0DBQTDHHW
Call log:
[2m  - navigating to ""https://www.amazon.com/dp/B0DBQTDHHW"", waiting until ""domcontentloaded""[22m
",2025-10-10T17:06:50.688Z,2025-10-10T21:15:19.003Z,2025-10-10T23:55:55.193Z,6442,,"$6,320.01","Lemoeyes - Organizador de almacenamiento de juguetes con estantería, estantería de 3 niveles para niños de 42.3 pulgadas de alto para almacenamiento de juguetes para niños y niñas, exhibición de",https://www.amazon.com/dp/B0DBQTDHHW,GK ALLSTORE,
,B0D9J4QP8G,Almacenamiento y Organización,no disponible,no disponible,,"page.goto: net::ERR_NAME_NOT_RESOLVED at https://www.amazon.com/dp/B0D9J4QP8G
Call log:
[2m  - navigating to ""https://www.amazon.com/dp/B0D9J4QP8G"", waiting until ""domcontentloaded""[22m
",2025-10-10T17:06:50.689Z,2025-10-10T21:15:25.981Z,2025-10-10T23:55:58.500Z,,,"$3,121.00","Nsngxus 66 Qt. Caja de cierre de plástico transparente, cierres azules con tapa transparente",https://www.amazon.com/dp/B0D9J4QP8G,Marca: Nsngxus,
Muebles,B0D7HJXQ21,Almacenamiento y Organización,disponible,no disponible,,"page.goto: net::ERR_NAME_NOT_RESOLVED at https://www.amazon.com/dp/B0D7HJXQ21
Call log:
[2m  - navigating to ""https://www.amazon.com/dp/B0D7HJXQ21"", waiting until ""domcontentloaded""[22m
",2025-10-10T17:06:50.689Z,2025-10-10T21:15:34.076Z,2025-10-10T23:56:02.992Z,5995,,"$9,506.79","Vipbox - clóset organizador de zapatos negro para clóset, entrada, cajas de almacenamiento transparentes para zapatos, almacenamiento apilable, con puerta, fácil montaje, zapatero con tapas, tamaño",https://www.amazon.com/dp/B0D7HJXQ21,Marca: Vipbox,
"Aspiración, Limpieza y Planchado",B0D5HT5JHF,Almacenamiento y Organización,no disponible,no disponible,,"page.goto: net::ERR_NAME_NOT_RESOLVED at https://www.amazon.com/dp/B0D5HT5JHF
Call log:
[2m  - navigating to ""https://www.amazon.com/dp/B0D5HT5JHF"", waiting until ""domcontentloaded""[22m
",2025-10-10T17:06:50.689Z,2025-10-10T21:15:40.787Z,2025-10-10T23:56:06.411Z,,,"$1,540.94","Gumuslen - Cesta de almacenamiento plegable con asa organizadora de ropa, ropa para ropa de lavandería, juguetes para niños, manta de regalo para cuarto de baño y recámara",https://www.amazon.com/dp/B0D5HT5JHF,Marca: Gumuslen,
"Bebé,Muebles",B0D3HRKQDX,Almacenamiento y Organización,no disponible,no disponible,,"page.goto: net::ERR_NAME_NOT_RESOLVED at https://www.amazon.com/dp/B0D3HRKQDX
Call log:
[2m  - navigating to ""https://www.amazon.com/dp/B0D3HRKQDX"", waiting until ""domcontentloaded""[22m
",2025-10-10T17:07:01.405Z,2025-10-10T21:15:49.740Z,2025-10-10T23:56:10.019Z,,,"$2,099.00","2 Bolsas de Almacenamiento Triangulares de Tela Oxford para Ahorrar Espacio, Organizador de Esquina Perfecto, Caja de Almacenamiento Plegable con Tapa para Baño, Tocador, Cocina(38×23cm/Azul marino)",https://www.amazon.com/dp/B0D3HRKQDX,Marca: RTYUSWL,
,B0D2XR3L4S,Almacenamiento y Organización,no disponible,no disponible,,"page.goto: net::ERR_NAME_NOT_RESOLVED at https://www.amazon.com/dp/B0D2XR3L4S
Call log:
[2m  - navigating to ""https://www.amazon.com/dp/B0D2XR3L4S"", waiting until ""domcontentloaded""[22m
",2025-10-10T17:07:01.405Z,2025-10-10T21:15:56.354Z,2025-10-10T23:56:14.411Z,,,"$2,242.81","KFNHN Cesta de almacenamiento rectangular personalizada, organizador de nombres personalizado para juguetes de mascotas/niños, libros, ropa, perfecta para habitaciones/sala de juegos, color rojo",https://www.amazon.com/dp/B0D2XR3L4S,Marca: KFNHN,
"Aspiración, Limpieza y Planchado",B0CVZYLPSW,Almacenamiento y Organización,disponible,no disponible,,"page.goto: net::ERR_NAME_NOT_RESOLVED at https://www.amazon.com/dp/B0CVZYLPSW
Call log:
[2m  - navigating to ""https://www.amazon.com/dp/B0CVZYLPSW"", waiting until ""domcontentloaded""[22m
",2025-10-10T17:07:01.405Z,2025-10-10T21:16:05.250Z,2025-10-10T23:56:18.604Z,2057,,"$2,666.70","CAPHAUS Cesta de almacenamiento tejida a mano con tapa y asas, 2 bolsas de forro extraíble, cesta plegable para ropa de lavandería, cesta de lavandería grande de ratán sintético con tapa, cesta de",https://www.amazon.com/dp/B0CVZYLPSW,CURIOUS KITTY,
"Industria, Empresas y Ciencia",B0CVBL22SR,Almacenamiento y Organización,no disponible,no disponible,,"page.goto: net::ERR_NAME_NOT_RESOLVED at https://www.amazon.com/dp/B0CVBL22SR
Call log:
[2m  - navigating to ""https://www.amazon.com/dp/B0CVBL22SR"", waiting until ""domcontentloaded""[22m
",2025-10-10T17:07:01.405Z,2025-10-10T21:16:13.708Z,2025-10-10T23:56:22.396Z,,,"$6,865.87","Hudson Exchange 20 x 15 x 12.5 pulgadas (paquete de 3) contenedores apilables de plástico gigante, color gris",https://www.amazon.com/dp/B0CVBL22SR,Marca: HE HUDSON EXCHANGE,
Meses sin Intereses,B0CS2VR3S7,Almacenamiento y Organización,disponible,no disponible,,"page.goto: net::ERR_NAME_NOT_RESOLVED at https://www.amazon.com/dp/B0CS2VR3S7
Call log:
[2m  - navigating to ""https://www.amazon.com/dp/B0CS2VR3S7"", waiting until ""domcontentloaded""[22m
",2025-10-10T17:07:01.405Z,2025-10-10T21:16:20.481Z,2025-10-10T23:56:26.054Z,1201,,"$1,355.30","SiliFine - 4 contenedores de plástico transparente para sala de juegos y juegos, de 7.09 x 5.2 x 3.43 pulgadas, contenedores de almacenamiento apilables con tapas para estantes o cubos, sostiene",https://www.amazon.com/dp/B0CS2VR3S7,ShoppinGoods MX,
,B0CQLN1N71,Almacenamiento y Organización,no disponible,no disponible,,"page.goto: net::ERR_NAME_NOT_RESOLVED at https://www.amazon.com/dp/B0CQLN1N71
Call log:
[2m  - navigating to ""https://www.amazon.com/dp/B0CQLN1N71"", waiting until ""domcontentloaded""[22m
",2025-10-10T17:07:01.405Z,2025-10-10T21:16:29.045Z,2025-10-10T23:56:30.371Z,,,"$5,416.41","OPTYMIRA Estanterías de Almacenamiento de cochera, estantes de Acero Ajustables de 72 x 35.4 x 15.7 Pulgadas, estantes de Almacenamiento de 2000 Libras, estantes de Metal de 5 Niveles, estantes de",https://www.amazon.com/dp/B0CQLN1N71,Marca: OPTYMIRA,
"Aspiración, Limpieza y Planchado",B0CN2BYM6R,Almacenamiento y Organización,no disponible,no disponible,,"page.goto: net::ERR_NAME_NOT_RESOLVED at https://www.amazon.com/dp/B0CN2BYM6R
Call log:
[2m  - navigating to ""https://www.amazon.com/dp/B0CN2BYM6R"", waiting until ""domcontentloaded""[22m
",2025-10-10T17:07:01.405Z,2025-10-10T21:16:36.172Z,2025-10-10T23:56:34.629Z,,,"$3,122.32","PEtbon - Cesta cuadrada de plástico para lavandería (1,5 unidades), color blanco",https://www.amazon.com/dp/B0CN2BYM6R,Marca: PEtbon,
,B0BTJRJFN3,Almacenamiento y Organización,disponible,no disponible,,"page.goto: net::ERR_NAME_NOT_RESOLVED at https://www.amazon.com/dp/B0BTJRJFN3
Call log:
[2m  - navigating to ""https://www.amazon.com/dp/B0BTJRJFN3"", waiting until ""domcontentloaded""[22m
",2025-10-10T17:07:01.405Z,2025-10-10T21:16:43.751Z,2025-10-10T23:56:37.948Z,14888,,"$14,887.88","RRI Goods - Cubbies de madera de 10 secciones con cubos de plástico café, organizadores colgantes de pared con ganchos",https://www.amazon.com/dp/B0BTJRJFN3,Asia Silk Store,
"Cocina,Muebles",B0BNN3MSK9,Almacenamiento y Organización,disponible,no disponible,,"page.goto: net::ERR_NAME_NOT_RESOLVED at https://www.amazon.com/dp/B0BNN3MSK9
Call log:
[2m  - navigating to ""https://www.amazon.com/dp/B0BNN3MSK9"", waiting until ""domcontentloaded""[22m
",2025-10-10T17:07:01.406Z,2025-10-10T21:16:51.980Z,2025-10-10T23:56:42.123Z,2026,,"$2,069.26","SHIZLIN Simplicity and Luxury - Almohada de cuña de protección para la cintura, almohada de lectura para sofá, almohada triangular para respaldo",https://www.amazon.com/dp/B0BNN3MSK9,zhangahildasda,
,B0BKZ5Y8VN,Almacenamiento y Organización,disponible,no disponible,,"page.goto: net::ERR_NAME_NOT_RESOLVED at https://www.amazon.com/dp/B0BKZ5Y8VN
Call log:
[2m  - navigating to ""https://www.amazon.com/dp/B0BKZ5Y8VN"", waiting until ""domcontentloaded""[22m
",2025-10-10T17:07:01.406Z,2025-10-10T21:17:00.781Z,2025-10-10T23:56:47.465Z,5648,,"$5,647.97","Mancofy - Cofre de juguete de madera, caja de juguetes para niños, muebles para sala de juegos, banco con tapa de seguridad con bisagras, organizador de almacenamiento de caja de juguetes de madera, mueble para niños (blanco)",https://www.amazon.com/dp/B0BKZ5Y8VN,SWORD LIMITED M. X.,
,B09JYBZZ28,Almacenamiento y Organización,no disponible,no disponible,,"page.goto: net::ERR_NAME_NOT_RESOLVED at https://www.amazon.com/dp/B09JYBZZ28
Call log:
[2m  - navigating to ""https://www.amazon.com/dp/B09JYBZZ28"", waiting until ""domcontentloaded""[22m
",2025-10-10T17:07:01.406Z,2025-10-10T21:17:09.967Z,2025-10-10T23:56:50.969Z,,,"$2,923.79","livinbox FB-6432S-BK - Contenedores apilables plegables de 45 litros para almacenamiento, contenedores de almacenamiento plegables con tapas, puerta abierta lateral, oficina en casa, recámara, sala de",https://www.amazon.com/dp/B09JYBZZ28,Marca: livinbox,
"Aspiración, Limpieza y Planchado",B083J1DZS4,Almacenamiento y Organización,disponible,no disponible,,"page.goto: net::ERR_NAME_NOT_RESOLVED at https://www.amazon.com/dp/B083J1DZS4
Call log:
[2m  - navigating to ""https://www.amazon.com/dp/B083J1DZS4"", waiting until ""domcontentloaded""[22m
",2025-10-10T17:07:01.406Z,2025-10-10T21:17:17.715Z,2025-10-10T23:56:55.795Z,369,,"$1,512.39","Cesto de lavandería plegable para ropa sucia, cesta de lavandería, ramas, perezoso para el hogar, organizador de guardería, cesta de bebé, habitación de los niños",https://www.amazon.com/dp/B083J1DZS4,Marca: Bolaz,
,B01N3PKXXT,Almacenamiento y Organización,no disponible,no disponible,,"page.goto: net::ERR_NAME_NOT_RESOLVED at https://www.amazon.com/dp/B01N3PKXXT
Call log:
[2m  - navigating to ""https://www.amazon.com/dp/B01N3PKXXT"", waiting until ""domcontentloaded""[22m
",2025-10-10T17:07:01.406Z,2025-10-10T21:17:24.787Z,2025-10-10T23:56:59.581Z,,,"$1,496.00","Warp's alabeos cb-86 218,4 x 233,7 cm Grande Colchón Bolsa de Almacenamiento",https://www.amazon.com/dp/B01N3PKXXT,Marca: Warp's,
,B005XZG45C,Almacenamiento y Organización,no disponible,no disponible,,"page.goto: net::ERR_NAME_NOT_RESOLVED at https://www.amazon.com/dp/B005XZG45C
Call log:
[2m  - navigating to ""https://www.amazon.com/dp/B005XZG45C"", waiting until ""domcontentloaded""[22m
",2025-10-10T17:07:01.406Z,2025-10-10T21:17:31.620Z,2025-10-10T23:57:05.511Z,,,"$1,523.23",King SZ Mattress Bag,https://www.amazon.com/dp/B005XZG45C,Marca: Warp's,
,B0DW8YHF5T,"Aspiración, Limpieza y Planchado",disponible,no disponible,,"page.goto: net::ERR_NAME_NOT_RESOLVED at https://www.amazon.com/dp/B0DW8YHF5T
Call log:
[2m  - navigating to ""https://www.amazon.com/dp/B0DW8YHF5T"", waiting until ""domcontentloaded""[22m
",2025-10-10T17:07:12.851Z,2025-10-10T21:17:39.348Z,2025-10-10T23:57:12.017Z,882,,"$3,096.53","RYTTGOP Bolsas de colchón, Reina del colchón, Cubierta del colchón, manijas Pesadas, Bolsa de Almacenamiento de colchones Reutilizables, para moverse, Almacenamiento",https://www.amazon.com/dp/B0DW8YHF5T,YIWUCHA,
,B0FFM72XFD,"Aspiración, Limpieza y Planchado",no listado,no disponible,,"page.goto: net::ERR_NAME_NOT_RESOLVED at https://www.amazon.com/dp/B0FFM72XFD
Call log:
[2m  - navigating to ""https://www.amazon.com/dp/B0FFM72XFD"", waiting until ""domcontentloaded""[22m
",2025-10-10T17:07:12.851Z,2025-10-10T21:17:48.848Z,2025-10-10T23:57:17.750Z,,,"$1,900.92","KINGBOARD Tabla de planchar de mesa, pequeña tabla de planchar con alfombrilla de hierro, mini tabla de planchar plegable, fácil almacenamiento para viajes y recámara, 12 x 32 pulgadas, color azul",https://www.amazon.com/dp/B0FFM72XFD,,
Bebé,B0FCFPPFDH,Baño,no disponible,no disponible,,"page.goto: net::ERR_NAME_NOT_RESOLVED at https://www.amazon.com/dp/B0FCFPPFDH
Call log:
[2m  - navigating to ""https://www.amazon.com/dp/B0FCFPPFDH"", waiting until ""domcontentloaded""[22m
",2025-10-10T17:07:23.660Z,2025-10-10T21:17:54.274Z,2025-10-10T23:57:22.868Z,,,"$1,099.73","NYTGAH Protector de salpicaduras para tina, protector de silicona para tina con 4 ventosas, bandeja para tina para almacenamiento, organizador de baño para artículos esenciales de baño (azul)",https://www.amazon.com/dp/B0FCFPPFDH,Marca: NYTGAH,
,B0F7QJST4W,Bebé,disponible,no disponible,,"page.goto: net::ERR_NAME_NOT_RESOLVED at https://www.amazon.com/dp/B0F7QJST4W
Call log:
[2m  - navigating to ""https://www.amazon.com/dp/B0F7QJST4W"", waiting until ""domcontentloaded""[22m
",2025-10-10T17:02:58.215Z,2025-10-10T21:18:03.645Z,2025-10-10T23:57:28.366Z,890,,$973.21,"Elefeltclave Little Man Cave Space Contenedores de almacenamiento para niños, Space Galaxy Planets Rocket Astronauta Cesta de almacenamiento plegable Organizador para habitación de niños, ropa de",https://www.amazon.com/dp/B0F7QJST4W,BSMS STORE,
,B09NVSNVS4,Bebé,disponible,no disponible,,"page.goto: net::ERR_NAME_NOT_RESOLVED at https://www.amazon.com/dp/B09NVSNVS4
Call log:
[2m  - navigating to ""https://www.amazon.com/dp/B09NVSNVS4"", waiting until ""domcontentloaded""[22m
",2025-10-10T17:02:58.216Z,2025-10-10T21:18:10.459Z,2025-10-10T23:57:33.383Z,1147,,"$1,414.91","Meiliart Cesta de almacenamiento de cuerda de algodón, cesta de tela gruesa y suave, manta de juguete, almacenamiento de 15 x 13.8 pulgadas, cestas de almacenamiento tejidas para manta, guardería, sala de estar, bebé",https://www.amazon.com/dp/B09NVSNVS4,Asia Silk Store,
Muebles,B0FDQ7ZWMK,Bebé,disponible,no disponible,,"page.goto: net::ERR_NAME_NOT_RESOLVED at https://www.amazon.com/dp/B0FDQ7ZWMK
Call log:
[2m  - navigating to ""https://www.amazon.com/dp/B0FDQ7ZWMK"", waiting until ""domcontentloaded""[22m
",2025-10-10T17:02:58.216Z,2025-10-10T21:18:19.186Z,2025-10-10T23:57:37.825Z,4508,,"$4,505.96","Mesa de construcción con almacenamiento para niños, mesa de construcción de madera para niños a partir de 3 años, computadora de actividades para niños con 2 sillas, 31.29 x 22.44 x 19.69 pulgadas",https://www.amazon.com/dp/B0FDQ7ZWMK,S-Shop24 LLC,
Salud y Cuidado Personal,B0DV59HS8V,Bebé,disponible,no disponible,,"page.goto: net::ERR_NAME_NOT_RESOLVED at https://www.amazon.com/dp/B0DV59HS8V
Call log:
[2m  - navigating to ""https://www.amazon.com/dp/B0DV59HS8V"", waiting until ""domcontentloaded""[22m
",2025-10-10T17:02:58.216Z,2025-10-10T21:18:27.481Z,2025-10-10T23:57:41.415Z,6623,,"$6,622.02","Karl Home - Cambiador moderno para bebé, aparador para cambiar pañales con cesta de lavandería, mesa de lactancia infantil con 3 cajones de almacenamiento, riel de seguridad extraíble y correa para",https://www.amazon.com/dp/B0DV59HS8V,ERDIK INTERNATIONAL LTD,
,B0FG7NDMJ7,Bebé,disponible,no disponible,,"page.goto: net::ERR_NAME_NOT_RESOLVED at https://www.amazon.com/dp/B0FG7NDMJ7
Call log:
[2m  - navigating to ""https://www.amazon.com/dp/B0FG7NDMJ7"", waiting until ""domcontentloaded""[22m
",2025-10-10T17:02:58.216Z,2025-10-10T21:18:34.638Z,2025-10-10T23:57:46.166Z,2817,,"$2,974.40","VPSMAT Montessori Estante de almacenamiento de juguetes, organizador de almacenamiento de libros y juguetes para niños con estantes de cubeta para habitación de niños, sala de juegos, sala de estar",https://www.amazon.com/dp/B0FG7NDMJ7,Asia Silk Store,
,B0FDQMRSCJ,Bebé,disponible,no disponible,,"page.goto: net::ERR_NAME_NOT_RESOLVED at https://www.amazon.com/dp/B0FDQMRSCJ
Call log:
[2m  - navigating to ""https://www.amazon.com/dp/B0FDQMRSCJ"", waiting until ""domcontentloaded""[22m
",2025-10-10T17:02:58.216Z,2025-10-10T21:18:41.593Z,2025-10-10T23:57:51.189Z,928,,"$1,056.96","Organizador de almacenamiento de juguetes de baño, 2 unidades, soporte de juguetes transparente para tina de gran capacidad con agujeros de drenaje, organizador de ducha de secado rápido para juguetes",https://www.amazon.com/dp/B0FDQMRSCJ,SEVENTEEN DESIGN,
,B0F5Q6B45Q,Bebé,disponible,no disponible,,"page.goto: net::ERR_NAME_NOT_RESOLVED at https://www.amazon.com/dp/B0F5Q6B45Q
Call log:
[2m  - navigating to ""https://www.amazon.com/dp/B0F5Q6B45Q"", waiting until ""domcontentloaded""[22m
",2025-10-10T17:02:58.216Z,2025-10-10T21:18:49.097Z,2025-10-10T23:57:55.663Z,2849,,"$3,582.65","HouseJoy - Librería de madera para niños, estantería blanca para niños y almacenamiento de juguetes, estantería para niños pequeños con 2 divisores ajustables, estantería para bebés para habitación de",https://www.amazon.com/dp/B0F5Q6B45Q,SEVENTEEN DESIGN,
,B0DWF4BH2C,Bebé,disponible,no disponible,,"page.goto: net::ERR_NAME_NOT_RESOLVED at https://www.amazon.com/dp/B0DWF4BH2C
Call log:
[2m  - navigating to ""https://www.amazon.com/dp/B0DWF4BH2C"", waiting until ""domcontentloaded""[22m
",2025-10-10T17:02:58.217Z,2025-10-10T21:18:57.083Z,2025-10-10T23:58:01.615Z,1791,,"$1,866.76","OIASKET Cesta de manta extragrande de 118 litros, 24.8 pulgadas de largo x 17.7 pulgadas de ancho x 16.2 pulgadas de alto, cesta de almacenamiento para organizar, cuerda tejida para ropa, almohadas,",https://www.amazon.com/dp/B0DWF4BH2C,ZENITHCORE,
Salud y Cuidado Personal,B0DRD1F4Q2,Bebé,disponible,no disponible,,"page.goto: net::ERR_NAME_NOT_RESOLVED at https://www.amazon.com/dp/B0DRD1F4Q2
Call log:
[2m  - navigating to ""https://www.amazon.com/dp/B0DRD1F4Q2"", waiting until ""domcontentloaded""[22m
",2025-10-10T17:02:58.217Z,2025-10-10T21:19:04.485Z,2025-10-10T23:58:06.487Z,3672,,"$4,742.18","QMHHRJT - Cambiador portátil plegable para bebé, cambiador de pañales portátil con ruedas, guardería de cinco niveles ajustable de altura con almacenamiento organizador (rosa)",https://www.amazon.com/dp/B0DRD1F4Q2,Mishaland Store,
Blancos para el Hogar,B0DB5SC1SD,Bebé,disponible,no disponible,,"page.goto: net::ERR_NAME_NOT_RESOLVED at https://www.amazon.com/dp/B0DB5SC1SD
Call log:
[2m  - navigating to ""https://www.amazon.com/dp/B0DB5SC1SD"", waiting until ""domcontentloaded""[22m
",2025-10-10T17:02:58.217Z,2025-10-10T21:19:11.418Z,2025-10-10T23:58:11.854Z,719,,$895.97,"Almohada inflable de cuña para viajar, cojín portátil para apnea del sueño y reflujo ácido, almohada de cuña ajustable para adultos, almohada pequeña para dormir para aliviar el dolor de espalda y",https://www.amazon.com/dp/B0DB5SC1SD,HAZAN,
Salud y Cuidado Personal,B0F3JVHQ79,Bebé,disponible,no disponible,,"page.goto: net::ERR_NAME_NOT_RESOLVED at https://www.amazon.com/dp/B0F3JVHQ79
Call log:
[2m  - navigating to ""https://www.amazon.com/dp/B0F3JVHQ79"", waiting until ""domcontentloaded""[22m
",2025-10-10T17:02:58.217Z,2025-10-10T21:19:18.291Z,2025-10-10T23:58:16.687Z,977,,$978.52,"HMOSSVK Organizador de pañales para bebé, organizador de fieltro para coche, cesta de almacenamiento de productos para bebé, mango de madera maciza, cesta de almacenamiento desmontable para guardería",https://www.amazon.com/dp/B0F3JVHQ79,KADRIYE STORE,
,B0D5LSP5LW,Bebé,disponible,no disponible,,"page.goto: net::ERR_NAME_NOT_RESOLVED at https://www.amazon.com/dp/B0D5LSP5LW
Call log:
[2m  - navigating to ""https://www.amazon.com/dp/B0D5LSP5LW"", waiting until ""domcontentloaded""[22m
",2025-10-10T17:02:58.217Z,2025-10-10T21:19:25.511Z,2025-10-10T23:58:22.203Z,4707,,"$5,820.62","Kidi House - Carrito de almacenamiento de madera con ruedas de 4 niveles, organizador de carrito de arte para niños, carrito de abedul multifuncional para niños, estantería de arte, manualidades",https://www.amazon.com/dp/B0D5LSP5LW,AREDIANT,
,B0D447MCSR,Bebé,disponible,no disponible,,"page.goto: net::ERR_NAME_NOT_RESOLVED at https://www.amazon.com/dp/B0D447MCSR
Call log:
[2m  - navigating to ""https://www.amazon.com/dp/B0D447MCSR"", waiting until ""domcontentloaded""[22m
",2025-10-10T17:02:58.217Z,2025-10-10T21:19:33.423Z,2025-10-10T23:58:25.788Z,902,,"$1,107.17","ZANY TRAINS - Papelera de almacenamiento de tren y tapete de juego, caja de almacenamiento de juguetes de ferrocarril de madera con diseño de pistas de tren, almacenamiento plegable dos en uno para",https://www.amazon.com/dp/B0D447MCSR,SEVENTEEN DESIGN,
,B0FKMNY2N4,Bebé,disponible,no disponible,,"page.goto: net::ERR_NAME_NOT_RESOLVED at https://www.amazon.com/dp/B0FKMNY2N4
Call log:
[2m  - navigating to ""https://www.amazon.com/dp/B0FKMNY2N4"", waiting until ""domcontentloaded""[22m
",2025-10-10T17:02:58.217Z,2025-10-10T21:19:41.103Z,2025-10-10T23:58:31.028Z,1156,,"$1,345.88","Noonkty Extra Large blanket Basket with Lid, Toy basket Storage Kids rope Laundry Basket, Baby Toy Storage Toallero de almacenamiento para juguetes de bebé Soporte para manta para salones",https://www.amazon.com/dp/B0FKMNY2N4,ZENITHCORE,
,B0FGN32BCV,Bebé,disponible,no disponible,,"page.goto: net::ERR_NAME_NOT_RESOLVED at https://www.amazon.com/dp/B0FGN32BCV
Call log:
[2m  - navigating to ""https://www.amazon.com/dp/B0FGN32BCV"", waiting until ""domcontentloaded""[22m
",2025-10-10T17:02:58.218Z,2025-10-10T21:19:50.230Z,2025-10-10T23:58:36.710Z,1012,,"$1,189.96","FANTALIN Story Estantería para niños pequeños, caja de almacenamiento de libros de madera, organizador de cesta con piernas, exhibición de libros de piso (B-White-read)",https://www.amazon.com/dp/B0FGN32BCV,KUCUK SHOP,
,B0F8BYTK8M,Bebé,disponible,no disponible,,"page.goto: net::ERR_NAME_NOT_RESOLVED at https://www.amazon.com/dp/B0F8BYTK8M
Call log:
[2m  - navigating to ""https://www.amazon.com/dp/B0F8BYTK8M"", waiting until ""domcontentloaded""[22m
",2025-10-10T17:02:58.218Z,2025-10-10T21:19:58.690Z,2025-10-10T23:58:40.296Z,1227,,"$1,303.88","Greadsoel Organizador de almacenamiento de cesta tejida para el hogar, mantas, juguetes, con 2 posavasos de cuerda de algodón gratis, tamaño mediano 50L",https://www.amazon.com/dp/B0F8BYTK8M,CasaNovaMX,
,B0F842DB1B,Bebé,disponible,no disponible,,"page.goto: net::ERR_NAME_NOT_RESOLVED at https://www.amazon.com/dp/B0F842DB1B
Call log:
[2m  - navigating to ""https://www.amazon.com/dp/B0F842DB1B"", waiting until ""domcontentloaded""[22m
",2025-10-10T17:03:07.947Z,2025-10-10T21:20:08.033Z,2025-10-10T23:58:45.171Z,1638,,"$1,767.07","Briwooody - Contenedor de juguetes para perros, cesta grande de madera de 17.5 pulgadas, con asa y etiquetas para cabeza de perro, caja de muñecas duradera para mascotas, cofre de organización para",https://www.amazon.com/dp/B0F842DB1B,ZEN GLOBAL,
,B0F2M55NKS,Bebé,disponible,no disponible,,"page.goto: net::ERR_NAME_NOT_RESOLVED at https://www.amazon.com/dp/B0F2M55NKS
Call log:
[2m  - navigating to ""https://www.amazon.com/dp/B0F2M55NKS"", waiting until ""domcontentloaded""[22m
",2025-10-10T17:03:07.947Z,2025-10-10T21:20:17.640Z,2025-10-10T23:58:49.719Z,1505,,"$1,649.28","Cesta de almacenamiento de cuerda de algodón tejida con asas: cesta de lavandería de 45 x 34,8 cm, almacenamiento de guardería y cesta de lavandería para ropa, mantas, juguetes, toallas, libros, gris",https://www.amazon.com/dp/B0F2M55NKS,ZENITHCORE,
,B0F29PBC8N,Bebé,disponible,no disponible,,"page.goto: net::ERR_NAME_NOT_RESOLVED at https://www.amazon.com/dp/B0F29PBC8N
Call log:
[2m  - navigating to ""https://www.amazon.com/dp/B0F29PBC8N"", waiting until ""domcontentloaded""[22m
",2025-10-10T17:03:07.947Z,2025-10-10T21:20:26.241Z,2025-10-10T23:58:54.044Z,1634,,"$1,356.02","ADEHMDA - Cofre de juguete, caja grande con tapa, plegable y resistente, organizador de juguetes para niños, niñas y niños, cuarto de guardería y sala de estar, 26 x 13 x 16 pulgadas (tren negro)",https://www.amazon.com/dp/B0F29PBC8N,ZENITHCORE,
,B0DXTP6W9Y,Bebé,disponible,no disponible,,"page.goto: net::ERR_NAME_NOT_RESOLVED at https://www.amazon.com/dp/B0DXTP6W9Y
Call log:
[2m  - navigating to ""https://www.amazon.com/dp/B0DXTP6W9Y"", waiting until ""domcontentloaded""[22m
",2025-10-10T17:03:07.948Z,2025-10-10T21:20:35.215Z,2025-10-10T23:58:59.126Z,3436,,"$3,239.42","GOPAS - Cesta de manta extragrande de 125 L, 25 x 16 pulgadas, cesta tejida para la colada jumbo decorativa para el hogar, cesta de cuerda de algodón con asas, cesta de juguetes para bebé, para",https://www.amazon.com/dp/B0DXTP6W9Y,ZENITHCORE,
,B0DQKZDP6W,Bebé,disponible,no disponible,,"page.goto: net::ERR_NAME_NOT_RESOLVED at https://www.amazon.com/dp/B0DQKZDP6W
Call log:
[2m  - navigating to ""https://www.amazon.com/dp/B0DQKZDP6W"", waiting until ""domcontentloaded""[22m
",2025-10-10T17:03:07.948Z,2025-10-10T21:20:42.344Z,2025-10-10T23:59:04.438Z,564,,$697.81,"Lusofie - Organizador de lazo para el pelo de 38 pulgadas de largo, con correa de lazo para bebé, organizador de clips de pelo para niñas, gancho de lazo para habitación de niñas pequeñas",https://www.amazon.com/dp/B0DQKZDP6W,SEVENTEEN DESIGN,
,B0D5D9B5X4,Bebé,disponible,no disponible,,"page.goto: net::ERR_NAME_NOT_RESOLVED at https://www.amazon.com/dp/B0D5D9B5X4
Call log:
[2m  - navigating to ""https://www.amazon.com/dp/B0D5D9B5X4"", waiting until ""domcontentloaded""[22m
",2025-10-10T17:03:07.948Z,2025-10-10T21:20:49.766Z,2025-10-10T23:59:09.263Z,1121,,"$1,364.47","Gumuslen - Cesta plegable para ropa sucia para ropa sucia, lona impermeable para guardar juguetes para bebé, cesta organizadora de niños para cuarto de baño y recámara",https://www.amazon.com/dp/B0D5D9B5X4,SEVENTEEN DESIGN,
,B0FKZ12GZ2,Bebé,disponible,no disponible,,"page.goto: net::ERR_NAME_NOT_RESOLVED at https://www.amazon.com/dp/B0FKZ12GZ2
Call log:
[2m  - navigating to ""https://www.amazon.com/dp/B0FKZ12GZ2"", waiting until ""domcontentloaded""[22m
",2025-10-10T17:03:07.948Z,2025-10-10T21:20:57.906Z,2025-10-10T23:59:16.362Z,1750,,"$1,753.40","Gabinete de almacenamiento de animales de peluche con organizador de 2 niveles, soporte de peluche con cubierta transparente a prueba de polvo, caja de almacenamiento de oso de peluche, zoológico de",https://www.amazon.com/dp/B0FKZ12GZ2,VY Deals*,
,B0FGPMZCHV,Bebé,no listado,no disponible,,"page.goto: net::ERR_NAME_NOT_RESOLVED at https://www.amazon.com/dp/B0FGPMZCHV
Call log:
[2m  - navigating to ""https://www.amazon.com/dp/B0FGPMZCHV"", waiting until ""domcontentloaded""[22m
",2025-10-10T17:03:07.948Z,2025-10-10T21:21:08.180Z,2025-10-10T23:59:21.340Z,,,"$2,656.03","Zoo de almacenamiento de animales de peluche con ruedas, soporte grande de madera para animales de peluche, organizador de juguetes para ahorrar espacio, jaula de almacenamiento de felpa para",https://www.amazon.com/dp/B0FGPMZCHV,,
,B0FCMW541Y,Bebé,disponible,no disponible,,"page.goto: net::ERR_NAME_NOT_RESOLVED at https://www.amazon.com/dp/B0FCMW541Y
Call log:
[2m  - navigating to ""https://www.amazon.com/dp/B0FCMW541Y"", waiting until ""domcontentloaded""[22m
",2025-10-10T17:03:07.948Z,2025-10-10T21:21:15.506Z,2025-10-10T23:59:26.761Z,1349,,"$1,561.18","Hggzeg - Estantería para niños, estantería de 6 niveles, organizador de libros de madera de fácil acceso con bolsillo para recámara de niños y sala de juegos (beige)",https://www.amazon.com/dp/B0FCMW541Y,Mishaland Store,
,B0F5PZVW56,Bebé,disponible,no disponible,,"page.goto: net::ERR_NAME_NOT_RESOLVED at https://www.amazon.com/dp/B0F5PZVW56
Call log:
[2m  - navigating to ""https://www.amazon.com/dp/B0F5PZVW56"", waiting until ""domcontentloaded""[22m
",2025-10-10T17:03:07.948Z,2025-10-10T21:21:24.146Z,2025-10-10T23:59:32.263Z,2347,,"$2,515.07","BPMFDTNL Montessori Estantería para niños pequeños, organizador de libros de madera con divisor ajustable, exhibición de libros de piso, estante para libros para niños pequeños, estantería para aula",https://www.amazon.com/dp/B0F5PZVW56,MZTRK,
,B0DZHC3GWM,Bebé,disponible,no disponible,,"page.goto: net::ERR_NAME_NOT_RESOLVED at https://www.amazon.com/dp/B0DZHC3GWM
Call log:
[2m  - navigating to ""https://www.amazon.com/dp/B0DZHC3GWM"", waiting until ""domcontentloaded""[22m
",2025-10-10T17:03:07.948Z,2025-10-10T21:21:31.419Z,2025-10-10T23:59:37.527Z,855,,$953.18,"XHWZOF Woodland - Cesta de regalo para bebé, oso ciervo, zorro, decoración de guardería, para niños, selva, árbol de animales, búho, conejo, ardilla, mapache, estante para ropa, libro de remolque",https://www.amazon.com/dp/B0DZHC3GWM,MrsWhite,
,B0DSVN1N41,Bebé,disponible,no disponible,,"page.goto: net::ERR_NAME_NOT_RESOLVED at https://www.amazon.com/dp/B0DSVN1N41
Call log:
[2m  - navigating to ""https://www.amazon.com/dp/B0DSVN1N41"", waiting until ""domcontentloaded""[22m
",2025-10-10T17:03:07.948Z,2025-10-10T21:21:40.006Z,2025-10-10T23:59:41.662Z,1833,,"$2,226.88","CroBlissful - Almacenamiento de zoológico de animales de peluche con cadena de luces USB de estrella, jaula suave de madera, organizador de juguetes de peluche para habitación de bebé, sala de juegos,",https://www.amazon.com/dp/B0DSVN1N41,MegaMondo,
,B0DS87KWG1,Bebé,disponible,no disponible,,"page.goto: net::ERR_NAME_NOT_RESOLVED at https://www.amazon.com/dp/B0DS87KWG1
Call log:
[2m  - navigating to ""https://www.amazon.com/dp/B0DS87KWG1"", waiting until ""domcontentloaded""[22m
",2025-10-10T17:03:07.948Z,2025-10-10T21:21:47.143Z,2025-10-10T23:59:47.027Z,825,,"$1,024.62","HSYOYO - Cesta de almacenamiento con asas, plegable, organizador de juguetes, caja organizadora rectangular para almacenamiento de juguetes, cestas de tela para guardería, recámara, baño, 1 unidad",https://www.amazon.com/dp/B0DS87KWG1,Asia Silk Store,
,B0F9X4HDDW,Bebé,disponible,no disponible,,"page.goto: net::ERR_NAME_NOT_RESOLVED at https://www.amazon.com/dp/B0F9X4HDDW
Call log:
[2m  - navigating to ""https://www.amazon.com/dp/B0F9X4HDDW"", waiting until ""domcontentloaded""[22m
",2025-10-10T17:03:07.948Z,2025-10-10T21:21:56.135Z,2025-10-10T23:59:52.478Z,6606,,"$6,596.69","Curipeer - Almacenamiento giratorio para niños, color blanco",https://www.amazon.com/dp/B0F9X4HDDW,DEVRANSTORE,
,B0DYB94Z6N,Bebé,disponible,no disponible,,"page.goto: net::ERR_NAME_NOT_RESOLVED at https://www.amazon.com/dp/B0DYB94Z6N
Call log:
[2m  - navigating to ""https://www.amazon.com/dp/B0DYB94Z6N"", waiting until ""domcontentloaded""[22m
",2025-10-10T17:03:07.948Z,2025-10-10T21:22:03.538Z,2025-10-10T23:59:56.954Z,932,,"$1,106.93","Sweet Baby Co. Cesta de almacenamiento clásica de Winnie Pooh con tapa de cierre, parte inferior grande cuadrada de lona de algodón, cesta plegable para el baño, recámara, ropa de bebé, juguetes de",https://www.amazon.com/dp/B0DYB94Z6N,Cuate Store,
,B0DX2K953R,Bebé,disponible,no disponible,,"page.goto: net::ERR_NAME_NOT_RESOLVED at https://www.amazon.com/dp/B0DX2K953R
Call log:
[2m  - navigating to ""https://www.amazon.com/dp/B0DX2K953R"", waiting until ""domcontentloaded""[22m
",2025-10-10T17:03:07.949Z,2025-10-10T21:22:12.720Z,2025-10-11T00:00:00.136Z,701,,$895.97,"MXUSHEIY Cesta grande de almacenamiento de juguetes, organizador de juguetes plegable, para almacenamiento de juguetes y animales de peluche en sala de estar o recámara de niños",https://www.amazon.com/dp/B0DX2K953R,Sky Direct LLC,
Salud y Cuidado Personal,B0F5MD2C7S,Bebé,disponible,no disponible,,"page.goto: net::ERR_NAME_NOT_RESOLVED at https://www.amazon.com/dp/B0F5MD2C7S
Call log:
[2m  - navigating to ""https://www.amazon.com/dp/B0F5MD2C7S"", waiting until ""domcontentloaded""[22m
",2025-10-10T17:03:18.084Z,2025-10-10T21:22:22.378Z,2025-10-11T00:00:04.778Z,1288,,"$1,257.37","Juego de alimentación de silicona para bebé, suministros de alimentación portátiles para niños pequeños, platos y cuencos para bebés con succión con cuchara y taza, babero y bolsa de almacenamiento",https://www.amazon.com/dp/B0F5MD2C7S,BRT SHOP,
,B0FHQVVSLP,Bebé,disponible,no disponible,,"page.goto: net::ERR_NAME_NOT_RESOLVED at https://www.amazon.com/dp/B0FHQVVSLP
Call log:
[2m  - navigating to ""https://www.amazon.com/dp/B0FHQVVSLP"", waiting until ""domcontentloaded""[22m
",2025-10-10T17:03:18.084Z,2025-10-10T21:22:31.530Z,2025-10-11T00:00:08.776Z,3073,,"$3,410.79","MIXIUJIAJU - clóset de almacenamiento de madera de cinco rejillas, estante de almacenamiento de juguetes de doble capa, estantería Montessori para aula de niños, jardín de infantes, guardería y sala",https://www.amazon.com/dp/B0FHQVVSLP,GK ALLSTORE,
,B0FC27XKVF,Bebé,disponible,no disponible,,"page.goto: net::ERR_NAME_NOT_RESOLVED at https://www.amazon.com/dp/B0FC27XKVF
Call log:
[2m  - navigating to ""https://www.amazon.com/dp/B0FC27XKVF"", waiting until ""domcontentloaded""[22m
",2025-10-10T17:03:18.084Z,2025-10-10T21:22:39.298Z,2025-10-11T00:00:14.631Z,5024,,"$5,025.72","GarveeHome - Cofre de Almacenamiento de 30 Pulgadas con Tapas, Caja de Juguetes de ratán de Madera para niños y niñas con bisagra de Seguridad, Banco de Almacenamiento de Entrada, soporta 350 Libras",https://www.amazon.com/dp/B0FC27XKVF,Twenty Market,
Salud y Cuidado Personal,B0F9P8YG83,Bebé,disponible,no disponible,,"page.goto: net::ERR_NAME_NOT_RESOLVED at https://www.amazon.com/dp/B0F9P8YG83
Call log:
[2m  - navigating to ""https://www.amazon.com/dp/B0F9P8YG83"", waiting until ""domcontentloaded""[22m
",2025-10-10T17:03:18.084Z,2025-10-10T21:22:46.136Z,2025-10-11T00:00:18.628Z,2535,,"$3,076.98","BBLIKE Organizador de pañales con estante colgante – Carrito utilitario rodante de 3 niveles con cajones y divisores para almacenamiento de biberones de bebé, carrito de noche para cambio de estación",https://www.amazon.com/dp/B0F9P8YG83,ONEBLOOD STORE,
,B0FGX2Z4CM,Bebé,no disponible,no disponible,,"page.goto: net::ERR_NAME_NOT_RESOLVED at https://www.amazon.com/dp/B0FGX2Z4CM
Call log:
[2m  - navigating to ""https://www.amazon.com/dp/B0FGX2Z4CM"", waiting until ""domcontentloaded""[22m
",2025-10-10T17:03:18.084Z,2025-10-10T21:22:54.855Z,2025-10-11T00:00:23.311Z,,,"$1,094.18","Elefeltclave - Contenedores de almacenamiento para guardería, regalos para los amantes de los libros, lectores, cesta de almacenamiento plegable, para el aula, biblioteca de niños, recámara, ropa",https://www.amazon.com/dp/B0FGX2Z4CM,Marca: Elefeltclave,
,B0FFLPS1J9,Bebé,disponible,no disponible,,"page.goto: net::ERR_NAME_NOT_RESOLVED at https://www.amazon.com/dp/B0FFLPS1J9
Call log:
[2m  - navigating to ""https://www.amazon.com/dp/B0FFLPS1J9"", waiting until ""domcontentloaded""[22m
",2025-10-10T17:03:18.084Z,2025-10-10T21:23:03.721Z,2025-10-11T00:00:28.089Z,5331,,"$5,363.86","Organizador de almacenamiento de juguetes para niños, 2 en 1 de almacenamiento de animales de peluche y organizador de juguetes con 12 contenedores de almacenamiento, estante de juguetes de madera",https://www.amazon.com/dp/B0FFLPS1J9,Rendomin,
,B0FCS89VKV,Bebé,disponible,no disponible,,"page.goto: net::ERR_NAME_NOT_RESOLVED at https://www.amazon.com/dp/B0FCS89VKV
Call log:
[2m  - navigating to ""https://www.amazon.com/dp/B0FCS89VKV"", waiting until ""domcontentloaded""[22m
",2025-10-10T17:03:18.084Z,2025-10-10T21:23:13.294Z,2025-10-11T00:00:33.019Z,265,,"$1,212.61","Hkojewp - Cesta de almacenamiento pequeña para guardería, cesta de almacenamiento de mapache, cuerda tejida redonda de algodón, manta de bebé con asas para orejas, cubos de almacenamiento para",https://www.amazon.com/dp/B0FCS89VKV,Marca: Hkojewp,
,B0FBZ658BM,Bebé,disponible,no disponible,,"page.goto: net::ERR_NAME_NOT_RESOLVED at https://www.amazon.com/dp/B0FBZ658BM
Call log:
[2m  - navigating to ""https://www.amazon.com/dp/B0FBZ658BM"", waiting until ""domcontentloaded""[22m
",2025-10-10T17:03:18.084Z,2025-10-10T21:23:22.620Z,2025-10-11T00:00:36.911Z,4916,,"$5,085.65","Back2School Express - Gabinete de almacenamiento móvil de 4 compartimentos, arrancador, organizador de juguetes, natural",https://www.amazon.com/dp/B0FBZ658BM,WALKERSSTORE,
,B0FBRCYJG7,Bebé,no disponible,no disponible,,"page.goto: net::ERR_NAME_NOT_RESOLVED at https://www.amazon.com/dp/B0FBRCYJG7
Call log:
[2m  - navigating to ""https://www.amazon.com/dp/B0FBRCYJG7"", waiting until ""domcontentloaded""[22m
",2025-10-10T17:03:18.084Z,2025-10-10T21:23:29.377Z,2025-10-11T00:00:42.263Z,,,"$2,359.92","DGANXUN Cesta de almacenamiento multiusos clásico con tapa, cesta de almacenamiento tejida a mano, adecuada para recámara, sala de estar, baño, blanco",https://www.amazon.com/dp/B0FBRCYJG7,Marca: DGANXUN,
Salud y Cuidado Personal,B0F9KRMTCJ,Bebé,disponible,no disponible,,"page.goto: net::ERR_NAME_NOT_RESOLVED at https://www.amazon.com/dp/B0F9KRMTCJ
Call log:
[2m  - navigating to ""https://www.amazon.com/dp/B0F9KRMTCJ"", waiting until ""domcontentloaded""[22m
",2025-10-10T17:03:18.084Z,2025-10-10T21:23:37.892Z,2025-10-11T00:00:45.302Z,1620,,"$2,050.20","Funyoo Organizador de pañales para bebé para cambiador de mesa y cuna, capacidad para más de 70 pañales y esenciales, almacenamiento apilable resistente para patio, 22.4 pulgadas de largo x 18",https://www.amazon.com/dp/B0F9KRMTCJ,Tierra Viva,
Muebles,B0F9FJ3PFK,Bebé,no disponible,no disponible,,"page.goto: net::ERR_NAME_NOT_RESOLVED at https://www.amazon.com/dp/B0F9FJ3PFK
Call log:
[2m  - navigating to ""https://www.amazon.com/dp/B0F9FJ3PFK"", waiting until ""domcontentloaded""[22m
",2025-10-10T17:03:18.084Z,2025-10-10T21:23:45.789Z,2025-10-11T00:00:50.589Z,,,"$5,191.17","ROMSHINE - Juego de mesa y silla de madera para niños, mesa de actividades para niños pequeños con 2 sillas, cajones de almacenamiento, soporte para rollos de papel y tablero de juego, computadora de",https://www.amazon.com/dp/B0F9FJ3PFK,Marca: ROMSHINE,
,B0F8QLRLWR,Bebé,no disponible,disponible,,,2025-10-10T17:03:18.085Z,2025-10-10T21:23:52.679Z,2025-10-11T00:00:55.996Z,,49.99,"$2,668.58",Estante de almacenamiento de juguetes de madera,https://www.amazon.com/dp/B0F8QLRLWR,Marca: homdat,ZhuHuaWei1111
,B0F7QRZDPS,Bebé,no disponible,disponible,,,2025-10-10T17:03:18.085Z,2025-10-10T21:24:01.972Z,2025-10-11T00:01:09.499Z,,19.99,"$1,150.49","Elefeltclave Contenedores de almacenamiento para habitación de niño, el club de niños, organizador plegable para aula, habitación de niños, recámara, sala de juegos, ropa, juguetes, caja de juguetes",https://www.amazon.com/dp/B0F7QRZDPS,Marca: Elefeltclave,guangzhouxuecong
,B0F7QJ7K5T,Bebé,disponible,disponible,,,2025-10-10T17:03:18.085Z,2025-10-10T21:24:11.079Z,2025-10-11T00:01:17.930Z,929,17.99,$999.04,"Elefeltclave Contenedores de almacenamiento de dinosaurios, Let the World Hear You Roar, organizador plegable de almacenamiento para habitación de niños, cuarto de baño, cuarto de juegos, ropa, libros",https://www.amazon.com/dp/B0F7QJ7K5T,CRAZYBIG STORE,guangzhouxuecong
Muebles,B0DXSTHKWV,Bebé,disponible,disponible,,,2025-10-10T17:03:18.085Z,2025-10-10T21:24:19.301Z,2025-10-11T00:01:28.358Z,6005,96.99,"$6,004.36","FinerFurnis - Juego de mesa y silla para niñas, computadora de maquillaje para niñas, cambiador de madera con 3 cajones, espejo triplegable, estantes grandes de almacenamiento, color rosa",https://www.amazon.com/dp/B0DXSTHKWV,SWORD LIMITED M. X.,ScenericeY
,B0DK9H778B,Bebé,no disponible,disponible,,,2025-10-10T17:03:18.085Z,2025-10-10T21:24:27.184Z,2025-10-11T00:01:39.087Z,,8.99,$840.40,"CORNER LACE - Separadores de clóset para bebé, 8 piezas, diseño de mariposa/floral, de madera, de doble cara, organizador de tamaño de ropa de recién nacido a niño pequeño para decoración de",https://www.amazon.com/dp/B0DK9H778B,Marca: CORNER LACE,YIYOU EU
Muebles,B0FPR8KLML,Bebé,no listado,disponible,,,2025-10-10T17:03:31.737Z,2025-10-10T21:24:35.994Z,2025-10-11T01:13:49.133Z,,152.87,"$7,791.15","Garvee - Juego de computadora y Silla para niños, Mesa de Estudio de Madera con Estante de Almacenamiento, Tablero de anuncios para niños de 3 a 8 años",https://www.amazon.com/dp/B0FPR8KLML,,
,B0FL75W42C,Bebé,disponible,disponible,,,2025-10-10T17:03:31.738Z,2025-10-10T21:24:41.595Z,2025-10-11T01:13:59.913Z,5100,79.99,"$5,318.39","Organizador de Almacenamiento de Juguetes para niños, estantería de 5 Cubos, Estante de Juguetes para niños, gabinete de Almacenamiento de Madera para habitación de los niños, Escuela, Aula, Sala de",https://www.amazon.com/dp/B0FL75W42C,NIXCLUP,
,B0FCS5NYRG,Bebé,disponible,disponible,,,2025-10-10T17:03:31.738Z,2025-10-10T21:24:50.908Z,2025-10-11T00:02:07.956Z,3528,27.99,"$3,527.22","DOREROOM Organizador de almacenamiento de juguetes para niños, caja de juguetes apilable, cofre de juguetes para niños y niñas, estante de libros blanco para habitaciones de niños, aula, guardería",https://www.amazon.com/dp/B0FCS5NYRG,SWORD LIMITED M. X.,wzkeylin
,B0FC2F6544,Bebé,disponible,disponible,,,2025-10-10T17:03:31.738Z,2025-10-10T21:24:59.785Z,2025-10-11T00:02:17.087Z,4907,119.99,"$6,026.26","Organizador de almacenamiento de juguetes blanco, organizadores de juguetes y contenedores de almacenamiento, estante de almacenamiento de juguetes con 8 contenedores de juguete, organizador de",https://www.amazon.com/dp/B0FC2F6544,corbaci store,TOPWIN Direct
,B0DXVM8ZDF,Bebé,disponible,disponible,,,2025-10-10T17:03:31.738Z,2025-10-10T21:25:07.675Z,2025-10-11T00:02:25.630Z,3994,38.99,"$3,993.39","Homonova - Estantería infantil con 3 cajones de tela plegables, organizador de almacenamiento de juguetes para niñas y niños, recámara o sala de juegos, seguro y fácil de montar (rosa + blanco)",https://www.amazon.com/dp/B0DXVM8ZDF,SWORD LIMITED M. X.,ProTool Direct
,B0F1T969W7,Bebé,disponible,disponible,,,2025-10-10T17:03:31.738Z,2025-10-10T21:25:14.896Z,2025-10-11T00:02:35.480Z,7548,149.99,"$7,433.56","GarveeHome - Estantería de Madera para niños con 4 cajones, estantería para niños de 48 Pulgadas, Estante para Libros de Almacenamiento para bebés, Organizador de Juguetes, clóset, Estante de",https://www.amazon.com/dp/B0F1T969W7,Sarmik Store,GarveeChoice
Salud y Cuidado Personal,B0FDLFC3JT,Bebé,disponible,disponible,,,2025-10-10T17:03:31.738Z,2025-10-10T21:25:22.621Z,2025-10-11T00:02:44.616Z,3122,79.99,"$3,888.28","Twinkoo - Organizador de pañales para bebé, carrito rodante de 3 niveles con ruedas, divisores y cajones, carros de utilidad para guardería, carrito de almacenamiento móvil de gran capacidad para cuna",https://www.amazon.com/dp/B0FDLFC3JT,Asia Silk Store,Twinkoo US
,B093LQD76J,Bebé,disponible,disponible,,,2025-10-10T17:03:31.738Z,2025-10-10T21:25:31.752Z,2025-10-11T00:02:56.125Z,4971,135.99,"$4,976.15","CribMATE - Juego de cama de 3 piezas con bordado de mosca de Buterfly para bebé, color rosa intenso, juego de cama para cuna con mariposas 3D, edredón + sábana bajera + bolsa de almacenamiento de pañales, 28 x 52 pulgadas",https://www.amazon.com/dp/B093LQD76J,Raskolnikovv,CribMATE
,B0FP2PDBTL,Bebé,disponible,disponible,,,2025-10-10T17:03:31.738Z,2025-10-10T21:25:40.309Z,2025-10-11T01:14:10.672Z,5306,89.99,"$5,357.43","Estantería Infantil y Almacenamiento de Juguetes, Organizador de Almacenamiento de Juguetes con gabinete de Almacenamiento y Estante de Juguetes, Estante de Libros para niños pequeños, Sala de Juegos",https://www.amazon.com/dp/B0FP2PDBTL,EG026 FOR LLC,
,B0FMR36GWP,Bebé,no disponible,disponible,,,2025-10-10T17:03:31.738Z,2025-10-10T21:25:48.847Z,2025-10-11T00:03:14.865Z,,19.99,"$1,150.49","Mrxxjz - Cesta de juguetes triangulares para mascotas, caja de almacenamiento con asa duradera para organizar juguetes para perros, mantas y accesorios",https://www.amazon.com/dp/B0FMR36GWP,Marca: Mrxxjz,junzhenshangwugongsi
Salud y Cuidado Personal,B0FM31KJYC,Bebé,no disponible,disponible,,,2025-10-10T17:03:31.738Z,2025-10-10T21:25:56.358Z,2025-10-11T00:03:23.796Z,,4.99,$727.78,"Dwuww - Bolsas para colgar en la mesita de noche, color blanco, para almacenamiento de baberos, organizador para cuna de bebé, pañales, recámara, organizador para colgar en el cuarto de bebé",https://www.amazon.com/dp/B0FM31KJYC,Marca: Dwuww,Dongdong US
,B0FLP5QWR9,Bebé,no disponible,disponible,,,2025-10-10T17:03:31.738Z,2025-10-10T21:26:05.414Z,2025-10-11T01:14:20.708Z,,17.99,"$1,343.47","Noonkty - Cesta de almacenamiento de juguetes para sala de estar, 21.7 x 21.7 x 13.8 pulgadas, XXL de cuerda de algodón tejida con asas, cestas grandes para cesta de almacenamiento, color negro",https://www.amazon.com/dp/B0FLP5QWR9,Marca: noonkty,
,B0FL2CP5JV,Bebé,disponible,disponible,,,2025-10-10T17:03:31.738Z,2025-10-10T21:26:12.321Z,2025-10-11T00:03:43.026Z,2339,79.99,"$5,572.11","AACULPET Estantería y almacenamiento de juguetes, organizador de almacenamiento de juguetes de 4 cubos con estantería, cubito de almacenamiento de madera para niños, 24 pulgadas de largo x 14 pulgadas",https://www.amazon.com/dp/B0FL2CP5JV,Marca: aaculpet,AACULPET
,B0FL1T9K3Z,Bebé,disponible,disponible,,,2025-10-10T17:03:31.738Z,2025-10-10T21:26:22.439Z,2025-10-11T01:14:30.976Z,4885,69.99,"$4,945.41","Organizador de Almacenamiento de Juguetes para niños, cubito de estantería de 5 Secciones, gabinete de Almacenamiento para habitación de los niños, Escuela, Aula, Sala de Juegos, guardería, jardín de",https://www.amazon.com/dp/B0FL1T9K3Z,EG026 FOR LLC,
,B0FKBLS9D1,Bebé,disponible,disponible,,,2025-10-10T17:03:31.739Z,2025-10-10T21:26:30.796Z,2025-10-11T00:04:01.632Z,1878,39.99,"$1,963.54",DPDPPL y organizador,https://www.amazon.com/dp/B0FKBLS9D1,A_DEM,LingGuan
,B0FHFRRC11,Bebé,no disponible,disponible,,,2025-10-10T17:03:31.739Z,2025-10-10T21:26:39.025Z,2025-10-11T00:04:11.627Z,,11.39,$908.07,"Lyrlody - Red transpirable para cuna de bebé, hilo de malla suave de cobertura completa, grande de 1,6 x 4,2 m, para recámara infantil, fácil instalación y almacenamiento, material de calidad premium",https://www.amazon.com/dp/B0FHFRRC11,Marca: lyrlody,Tatamon
,B0FHDG5V3R,Bebé,no disponible,disponible,,,2025-10-10T17:03:45.823Z,2025-10-10T21:26:47.597Z,2025-10-11T00:04:20.467Z,,13.99,$981.30,"ATBWGT - Caja de almacenamiento inspiradora, caja de juguetes para niñas y niños, estos son los buenos viejos días positivos, cestas de almacenamiento plegables organizadoras para recámara, baño",https://www.amazon.com/dp/B0FHDG5V3R,Marca: ATBWGT,lushutin
,B0FHDFPPY9,Bebé,no disponible,disponible,,,2025-10-10T17:03:45.823Z,2025-10-10T21:26:56.096Z,2025-10-11T00:04:28.856Z,,22.99,"$1,235.08","ATBWGT - Caja de almacenamiento para guardería, caja de juguetes para niños y niñas, cesta de almacenamiento plegable Adventure Forest Dragon para recámara, baño, habitación de niños, ropa de recámara",https://www.amazon.com/dp/B0FHDFPPY9,Marca: ATBWGT,lushutin
,B0FGX62B7D,Bebé,no disponible,disponible,,,2025-10-10T17:03:45.823Z,2025-10-10T21:27:04.144Z,2025-10-11T00:04:37.949Z,,14.99,"$1,009.59","Elefeltclave - Contenedores de almacenamiento para playa, océano, Go to the Beach, cesta de almacenamiento plegable para recámara, baño, niños, guardería, juguetes, caja de juguetes para niños y niñas",https://www.amazon.com/dp/B0FGX62B7D,Marca: Elefeltclave,guangzhouxuecong
,B0FGX5Q6FJ,Bebé,no disponible,disponible,,,2025-10-10T17:03:45.823Z,2025-10-10T21:27:12.862Z,2025-10-11T00:04:47.612Z,,17.99,"$1,094.18","Elefeltclave - Contenedores de almacenamiento para niñas, colorido arco de coqueta, preparado para niñas, organizador de almacenamiento plegable para recámara, cuarto de baño, ropa de guardería",https://www.amazon.com/dp/B0FGX5Q6FJ,Marca: Elefeltclave,guangzhouxuecong
,B0FGX5HF94,Bebé,no disponible,disponible,,,2025-10-10T17:03:45.823Z,2025-10-10T21:27:19.868Z,2025-10-11T00:04:57.170Z,,15.99,"$1,031.59","Elefeltclave - Contenedores de almacenamiento para guardería, sistema solar, Planet Rocket, cosmic, plegable, organizador para niños, recámara, cuarto de baño, ropa de guardería, libros, caja de",https://www.amazon.com/dp/B0FGX5HF94,Marca: Elefeltclave,guangzhouxuecong
,B0FGX4BZ1T,Bebé,no disponible,disponible,,,2025-10-10T17:03:45.823Z,2025-10-10T21:27:29.164Z,2025-10-11T00:05:05.667Z,,17.99,"$1,094.18","Elefeltclave - Contenedores de almacenamiento para guardería, cesta plegable para niños, recámara, cuarto de baño, guardería, juguetes, caja de juguetes para niños y niñas, 237 almacenamiento",https://www.amazon.com/dp/B0FGX4BZ1T,Marca: Elefeltclave,guangzhouxuecong
,B0FGX49SMN,Bebé,no disponible,disponible,,,2025-10-10T17:03:45.823Z,2025-10-10T21:27:38.449Z,2025-10-11T00:05:15.396Z,,16.99,$973.21,"Elefeltclave - Contenedores de almacenamiento para niños espaciales, sistema solar cósmico, planeta, cesta de almacenamiento plegable para recámara de niños, cuarto de baño, ropa de guardería, libros",https://www.amazon.com/dp/B0FGX49SMN,Marca: Elefeltclave,guangzhouxuecong
Salud y Cuidado Personal,B0FG7RM2MN,Bebé,no disponible,disponible,,,2025-10-10T17:03:45.823Z,2025-10-10T21:27:45.577Z,2025-10-11T00:05:25.095Z,,14.99,"$1,134.10","QIANWEIWOVEN - Cesta multifuncional para pañales con asas, organizador de gran capacidad para recién nacidos, elegante para guardería y almacenamiento en el hogar (rosa)",https://www.amazon.com/dp/B0FG7RM2MN,Marca: QIANWEIWOVEN,QIANWEIWOVEN
,B0FG27Z4TL,Bebé,no disponible,disponible,,,2025-10-10T17:03:45.823Z,2025-10-10T21:27:53.542Z,2025-10-11T00:05:34.603Z,,17.99,"$1,094.18","Elefeltclave Western Cowboy Contenedores de almacenamiento para guardería, cesta plegable para niños pequeños, recámara, sala de juegos, baño, juguetes, caja de juguetes para niños",https://www.amazon.com/dp/B0FG27Z4TL,Marca: Elefeltclave,guangzhouxuecong
,B0FG27R83P,Bebé,no listado,disponible,,,2025-10-10T17:03:45.823Z,2025-10-10T21:28:03.269Z,2025-10-11T00:05:45.566Z,,23.99,"$1,263.10","Elefeltclave - Contenedores de almacenamiento para guardería, con globos de aire caliente, plegable, organizador para niños pequeños, recámara, sala de juegos, baño, juguetes, caja de juguetes para",https://www.amazon.com/dp/B0FG27R83P,,guangzhouxuecong
,B0FG26SM7H,Bebé,no disponible,disponible,,,2025-10-10T17:03:45.823Z,2025-10-10T21:28:10.006Z,2025-10-11T00:05:56.129Z,,21.99,"$1,206.80","Elefeltclave Mallard - Contenedores de almacenamiento para guardería, diseño de patos de cabeza verde salvaje, caza, cesta de almacenamiento plegable para recámara de niños, ropa de baño, libros de",https://www.amazon.com/dp/B0FG26SM7H,Marca: Elefeltclave,guangzhouxuecong
,B0FG25V4SG,Bebé,no disponible,disponible,,,2025-10-10T17:03:45.823Z,2025-10-10T21:28:17.583Z,2025-10-11T00:06:06.546Z,,17.99,"$1,094.18","Elefeltclave - Contenedores de almacenamiento para guardería de vaca Highland, cesta plegable de almacenamiento para niñas, recámara, baño, ropa, libros, 201STORAGE-XS-TWOCOW",https://www.amazon.com/dp/B0FG25V4SG,Marca: Elefeltclave,guangzhouxuecong
,B0FG25SKS7,Bebé,no disponible,disponible,,,2025-10-10T17:03:45.824Z,2025-10-10T21:28:24.755Z,2025-10-11T00:06:15.955Z,,18.99,"$1,122.20","Elefeltclave - Contenedores de almacenamiento temáticos de oso de peluche, organizador plegable de oso de bebé, para recámara de niños, sala de juegos, cuarto de baño, ropa de juguetes, libros",https://www.amazon.com/dp/B0FG25SKS7,Marca: Elefeltclave,guangzhouxuecong
,B0FG255GF1,Bebé,no disponible,disponible,,,2025-10-10T17:03:45.824Z,2025-10-10T21:28:33.435Z,2025-10-11T00:06:26.224Z,,17.99,"$1,094.18","Elefeltclave Animal Mahjong Contenedores de almacenamiento para guardería, cesta plegable de almacenamiento para niños pequeños, recámara, sala de juegos, baño, juguetes, caja de juguetes para niñas",https://www.amazon.com/dp/B0FG255GF1,Marca: Elefeltclave,guangzhouxuecong
,B0FG253VCQ,Bebé,no disponible,disponible,,,2025-10-10T17:03:45.824Z,2025-10-10T21:28:42.070Z,2025-10-11T00:06:35.701Z,,17.99,"$1,094.18","Elefeltclave Highland - Contenedores de almacenamiento para guardería de vacas, botánico Highland, cesta de almacenamiento plegable para recámara de niños, ropa de baño, libros de juguetes, caja de",https://www.amazon.com/dp/B0FG253VCQ,Marca: Elefeltclave,guangzhouxuecong
,B0FD742JCZ,Bebé,disponible,disponible,,,2025-10-10T17:03:45.824Z,2025-10-10T21:28:51.117Z,2025-10-11T01:14:41.040Z,4669,75.99,"$5,099.89","GarveeHome - Organizador de Almacenamiento de Juguetes para niños, estantería para niños con Cubos de Almacenamiento, Estante de Juguetes para niños pequeños, Sala de Estar, guardería",https://www.amazon.com/dp/B0FD742JCZ,SEVENTEEN DESIGN,
,B0FBZ6GGD3,Bebé,no disponible,disponible,,,2025-10-10T17:03:57.877Z,2025-10-10T21:28:58.764Z,2025-10-11T00:06:54.055Z,,214.99,"$11,976.41","Back2School Express - Gabinete de almacenamiento de bloques móviles de 9 compartimentos, organizador de juguetes, natural",https://www.amazon.com/dp/B0FBZ6GGD3,Marca: Back2School Express,Back2School Express
Salud y Cuidado Personal,B0FBS3LX7L,Bebé,no disponible,disponible,,,2025-10-10T17:03:57.877Z,2025-10-10T21:29:05.348Z,2025-10-11T00:07:04.715Z,,25.99,"$1,568.96","LGHWKETH - Paquete de 2 organizadores de pañales para bebé, de gran capacidad, portátil, con asas, cesta multifuncional con divisor extraíble para el hogar",https://www.amazon.com/dp/B0FBS3LX7L,Marca: LGHWKETH,LGHWKE
,B0FB9J1JRQ,Bebé,no disponible,disponible,,,2025-10-10T17:03:57.877Z,2025-10-10T21:29:12.989Z,2025-10-11T00:07:15.178Z,,49.9,"$2,367.58",stadtecken Estante de madera para Toniebox – Capacidad para hasta 40 tonies – Organizador de almacenamiento de pared para habitación de los niños – Ampliable y compatible con cifras Toniebox (espacio,https://www.amazon.com/dp/B0FB9J1JRQ,Marca: stadtecken,stadtecken
Salud y Cuidado Personal,B0FB8F6MKZ,Bebé,disponible,disponible,,,2025-10-10T17:03:57.877Z,2025-10-10T21:29:21.474Z,2025-10-11T00:07:26.291Z,926,12.99,$984.07,"VKSAO Organizador de pañales, organizador de bebé para artículos esenciales, cesta de almacenamiento todo en uno con compartimentos, bolsillo de limpieza y clips para carriola, imprescindible para",https://www.amazon.com/dp/B0FB8F6MKZ,UMY STORE,Zaowu Lion store
,B0F9W34P3Y,Bebé,disponible,disponible,,,2025-10-10T17:03:57.877Z,2025-10-10T21:29:28.684Z,2025-10-11T00:07:35.711Z,199,15.99,"$1,037.61","YOcity - Organizador de lazos para el pelo con arco iris, pinzas para el pelo, para niñas, diadema de bebé, accesorios para el cabello, organizador para colgar en la pared para decoración de",https://www.amazon.com/dp/B0F9W34P3Y,Marca: YOcity,YOcity US
Salud y Cuidado Personal,B0F9PNMLFS,Bebé,no disponible,disponible,,,2025-10-10T17:03:57.877Z,2025-10-10T21:29:37.662Z,2025-10-11T00:07:45.949Z,,5.58,$744.17,"GEEHUA - Bolsas para colgar en la mesita de noche, bolsa de pañales para cuna, bolsa organizadora de litera, botella de leche, bolsas de almacenamiento de baberos, organizador de pañales para colgar",https://www.amazon.com/dp/B0F9PNMLFS,Marca: GEEHUA,Eurrises
,B0F8VMTNLM,Bebé,no disponible,disponible,,,2025-10-10T17:03:57.877Z,2025-10-10T21:29:44.474Z,2025-10-11T00:07:56.507Z,,9.99,$868.68,"Cesta de fieltro para bebé, cesta de regalo de bebé en forma de cerdo, organizador para almacenamiento de artículos esenciales para recién nacidos, artículos esenciales plegables para el baño y el",https://www.amazon.com/dp/B0F8VMTNLM,Marca: wjrsxilt,da shi bai huo
,B0F7R374JT,Bebé,no disponible,disponible,,,2025-10-10T17:03:57.878Z,2025-10-10T21:29:53.117Z,2025-10-11T00:08:05.390Z,,13.99,"$1,043.42","Bathiin - Bandeja de soporte para mano, almacenamiento mejorado de juguetes de baño, color gris",https://www.amazon.com/dp/B0F7R374JT,Marca: bathiin,Lady Up
,B0F7R2CNRW,Bebé,no disponible,disponible,,,2025-10-10T17:03:57.878Z,2025-10-10T21:30:00.375Z,2025-10-11T00:08:15.142Z,,16.99,"$1,031.59","Elefeltclave - Contenedores de almacenamiento espacial para niños, inspiradores espaciales galaxias planetas astronautas, organizador plegable para habitación de niños, ropa de guardería, juguetes",https://www.amazon.com/dp/B0F7R2CNRW,Marca: Elefeltclave,guangzhouxuecong
,B0F7QZ6CG3,Bebé,disponible,disponible,,,2025-10-10T17:03:57.878Z,2025-10-10T21:30:08.848Z,2025-10-11T00:08:25.121Z,792,19.99,"$1,050.45","Elefeltclave Woodland Contenedores de almacenamiento para guardería, cesta plegable de almacenamiento de animales de bosque para habitación de niños, recámara, cuarto de baño, ropa de guardería",https://www.amazon.com/dp/B0F7QZ6CG3,Asia Silk Store,guangzhouxuecong
,B0F7QWKTZ5,Bebé,no disponible,disponible,,,2025-10-10T17:03:57.878Z,2025-10-10T21:30:16.383Z,2025-10-11T00:08:34.290Z,,17.99,"$1,094.18","Elefeltclave - Contenedores de almacenamiento para niños de larga vida para niños, cesta de almacenamiento plegable para habitación de niños, habitación de niños, baño, sala de juegos, ropa, libros de",https://www.amazon.com/dp/B0F7QWKTZ5,Marca: Elefeltclave,guangzhouxuecong
,B0F7QTHMGN,Bebé,disponible,disponible,,,2025-10-10T17:03:57.878Z,2025-10-10T21:30:23.576Z,2025-10-11T00:08:44.988Z,982,17.99,$999.04,"Elefeltclave - Contenedores de almacenamiento para habitación de niña, en un campo de rosas, organizador plegable de cesta de almacenamiento para habitación de niñas, guardería, sala de juegos, ropa",https://www.amazon.com/dp/B0F7QTHMGN,A_DEM,guangzhouxuecong
,B0F7QL13XV,Bebé,no disponible,disponible,,,2025-10-10T17:03:57.878Z,2025-10-10T21:30:31.025Z,2025-10-11T00:08:53.633Z,,16.99,"$1,065.89","Elefeltclave - Contenedores de almacenamiento de dinosaurios de cueva para niños, lindas cestas de almacenamiento plegables de dinosaurio, para habitación de niños, recámara, cuarto de baño, sala de",https://www.amazon.com/dp/B0F7QL13XV,Marca: Elefeltclave,guangzhouxuecong
,B0F66VPDKN,Bebé,no disponible,disponible,,,2025-10-10T17:03:57.878Z,2025-10-10T21:30:40.288Z,2025-10-11T00:09:04.146Z,,13.99,"$1,023.97","FYSUIMU - 7 divisores de tamaño de clóset de bebé de madera de ganso con bolsa de almacenamiento, organizador de clóset colgante de ganso rosa para recién nacidos a 24 meses, organizador de clóset",https://www.amazon.com/dp/B0F66VPDKN,Marca: FYSUIMU,FUNKIFY
,B0F63PKCS2,Bebé,disponible,disponible,,,2025-10-10T17:03:57.878Z,2025-10-10T21:30:47.326Z,2025-10-11T00:09:14.172Z,3821,99.99,"$4,527.61","FDHUIJIA - Gabinete de almacenamiento de madera, estante Montessori de 5 secciones, organizador de almacenamiento de juguetes para niños para habitaciones de niños, aula, sala de juegos, guardería",https://www.amazon.com/dp/B0F63PKCS2,SEVENTEEN DESIGN,"Caoxian Huijia Household Products Co., Ltd."
,B0F2MC7Y1P,Bebé,no disponible,disponible,,,2025-10-10T17:04:08.651Z,2025-10-10T21:30:56.756Z,2025-10-11T00:09:24.443Z,,54.99,"$2,759.10","Primlect - Juego de 2 alfombrillas para siesta para niños pequeños, extragrande, con almohada y manta, lavable, ligero, fácil de enrollar, perfecto para guardería, preescolar, jardín de infantes",https://www.amazon.com/dp/B0F2MC7Y1P,Marca: PRIMLECT,Primlect
,B0F26ZVGL2,Bebé,disponible,disponible,,,2025-10-10T17:04:08.652Z,2025-10-10T21:31:05.337Z,2025-10-11T00:09:35.690Z,706,9.99,$849.87,"THJ - Organizador de lazo para colgar para el cabello, pinzas para el cabello, lazos para el cabello para niñas, diseño bohemio de arco iris, pinzas para el cabello para la cabeza, para habitación de",https://www.amazon.com/dp/B0F26ZVGL2,Sky Direct LLC,CHENMD
,B0F26YNHJB,Bebé,no disponible,disponible,,,2025-10-10T17:04:08.652Z,2025-10-10T21:31:12.757Z,2025-10-11T00:09:47.173Z,,9.99,$906.45,"THJ - Organizador de lazo para colgar para el cabello, pinzas para el cabello, lazos para el cabello para niñas, diseño bohemio de arco iris, ganchos para la cabeza, para almacenamiento de la diadema",https://www.amazon.com/dp/B0F26YNHJB,Marca: THJ,CHENMD
,B0F223HHVF,Bebé,no listado,disponible,,,2025-10-10T17:04:08.652Z,2025-10-10T21:31:21.065Z,2025-10-11T01:14:49.638Z,,116.42,"$10,018.32","Evolur - Bandeja cambiadora Remy, pequeña área de almacenamiento, hecha de madera de álamo macizo, ajustada, lados cerrados y certificación ASTM",https://www.amazon.com/dp/B0F223HHVF,,
,B0F1Y8MCFY,Bebé,no disponible,disponible,,,2025-10-10T17:04:08.652Z,2025-10-10T21:31:28.879Z,2025-10-11T00:10:09.424Z,,25.99,"$1,381.80","Cesta de almacenamiento de patrón moderno de mediados de siglo, caja de almacenamiento grande de tela, marco de metal con asa, cesta de almacenamiento plegable para recámara, estantería",https://www.amazon.com/dp/B0F1Y8MCFY,Marca: Mogifedc,MogifedcUS
,B0F1XLXMY7,Bebé,no disponible,disponible,,,2025-10-10T17:04:08.652Z,2025-10-10T21:31:37.006Z,2025-10-11T00:10:19.928Z,,26.99,"$1,409.82","Paws Love - Caja de almacenamiento rectangular, gran cesta de almacenamiento plegable con asa, marcos de metal, caja de almacenamiento para organizar ropa, libros, cestas de regalo",https://www.amazon.com/dp/B0F1XLXMY7,Marca: Mogifedc,MogifedcUS
Salud y Cuidado Personal,B0DZXW3FMN,Bebé,no disponible,disponible,,,2025-10-10T17:04:08.652Z,2025-10-10T21:31:44.664Z,2025-10-11T00:10:29.088Z,,24.99,"$1,353.51",Organizador de bebé (verde salvia),https://www.amazon.com/dp/B0DZXW3FMN,Marca: Generic,SIGNYY
Muebles,B0DYMLVDRL,Bebé,disponible,disponible,,,2025-10-10T17:04:08.652Z,2025-10-10T21:31:53.640Z,2025-10-11T00:10:38.138Z,4701,49.9,"$4,700.56","PRINKROOMY Organizador de estantería de almacenamiento con estantería frontal y 4 ruedas universales, bonito estante de almacenamiento para sala de juegos para habitación de niños y niñas, color",https://www.amazon.com/dp/B0DYMLVDRL,SWORD LIMITED M. X.,LuXes
,B0DYJ42XDQ,Bebé,no disponible,disponible,,,2025-10-10T17:04:08.652Z,2025-10-10T21:32:02.485Z,2025-10-11T00:10:46.107Z,,20.89,"$1,300.38","MARYHFENVA Cesta de almacenamiento plegable, 15 x 11 x 9.5 pulgadas, plegable, para juguetes, cocina, baño, recámara, ligera y apilable",https://www.amazon.com/dp/B0DYJ42XDQ,Marca: MARYHFENVA,Qichun
,B0DXFLL2CG,Bebé,disponible,disponible,,,2025-10-10T17:04:08.652Z,2025-10-10T21:32:11.103Z,2025-10-11T00:10:56.228Z,1224,16.78,"$1,170.99","HAVEDAWN - Paquete de 2 organizadores colgantes de almacenamiento de juguetes de peluche en las esquinas, bolsillos de red de malla expandibles, almacena cargas de juguetes de peluche, gran exhibición",https://www.amazon.com/dp/B0DXFLL2CG,CRAZYBIG STORE,Havedawn
,B0DTHY48BM,Bebé,disponible,disponible,,,2025-10-10T17:04:08.652Z,2025-10-10T21:32:19.799Z,2025-10-11T01:15:00.202Z,2599,124.3,"$5,455.53","Evolur Cozy Dreamer - Moisés de bebé en Verde, Ligero, Compacto y fácil Plegable, toldo extraíble, Lados de Malla Transpirable, Cesta de Almacenamiento Grande",https://www.amazon.com/dp/B0DTHY48BM,Marca: Evolur,
,B0DTHST4SQ,Bebé,no disponible,disponible,,,2025-10-10T17:04:08.652Z,2025-10-10T21:32:27.864Z,2025-10-11T00:11:16.882Z,,20.99,"$1,230.03","Peaom - Cesta de almacenamiento de hojas silvestres para estantes, contenedores de almacenamiento con asas, cesta plegable para organizar, cestas de juguetes para guardería, 15 x 11 x 9.5 pulgadas",https://www.amazon.com/dp/B0DTHST4SQ,Marca: Peaom,Peaom
,B0DS3YZM3Z,Bebé,disponible,disponible,,,2025-10-10T17:04:08.652Z,2025-10-10T21:32:36.208Z,2025-10-11T00:11:26.991Z,1245,19.68,"$1,191.41","Pequeñas cestas de almacenamiento de unicornio con asas, diseño de unicornio con diseño de arcoíris, cestas de almacenamiento de juguetes para niños, cesta plegable para guardería, sala de estar,",https://www.amazon.com/dp/B0DS3YZM3Z,Rio Bravo,Dora Tong
,B0DRBRGZYD,Bebé,no disponible,disponible,,,2025-10-10T17:04:08.652Z,2025-10-10T21:32:45.986Z,2025-10-11T01:15:09.998Z,,114,"$5,698.74","Zevemomo Estantería Infantil de 4 Niveles y Almacenamiento de Juguetes, estantería de Madera para niños, Almacenamiento de Juguetes con estantería para Sala de Juegos, Aula, recámara, Biblioteca,",https://www.amazon.com/dp/B0DRBRGZYD,Marca: Zevemomo,
,B0DR1NP2RM,Bebé,disponible,disponible,,,2025-10-10T17:04:08.653Z,2025-10-10T21:32:53.732Z,2025-10-11T00:11:45.490Z,1228,20.99,"$1,309.72","RPWOBBYQ - Cajas de almacenamiento con diseño de margaritas, diseño de vacas de las tierras altas, con asa, para clóset, organizador plegable, para libros de juguetes, 15 x 11 x 9.5 pulgadas",https://www.amazon.com/dp/B0DR1NP2RM,NIXCLUP,Svertack
,B0DQTSM1QZ,Bebé,no disponible,disponible,,,2025-10-10T17:04:08.653Z,2025-10-10T21:33:01.431Z,2025-10-11T00:11:53.552Z,,20.99,"$1,365.67","RPWOBBYQ - Cajas de almacenamiento con diseño de bandera americana, cestas de guardería con asa, clóset, organizador plegable, para libros de juguetes, 15 x 11 x 9.5 pulgadas",https://www.amazon.com/dp/B0DQTSM1QZ,Marca: RPWOBBYQ,Svertack
,B0DQTP4LRK,Bebé,no disponible,disponible,,,2025-10-10T17:04:22.482Z,2025-10-10T21:33:08.148Z,2025-10-11T00:12:04.582Z,,20.99,"$1,354.47","RPWOBBYQ - Hermosas cajas de almacenamiento con diseño de mariposas, cestas de guardería con asa, clóset, organizador plegable, para libros de juguetes, 15 x 11 x 9.5 pulgadas",https://www.amazon.com/dp/B0DQTP4LRK,Marca: RPWOBBYQ,Svertack
,B0DQTL8FBR,Bebé,no disponible,disponible,,,2025-10-10T17:04:22.482Z,2025-10-10T21:33:16.838Z,2025-10-11T00:12:12.134Z,,10.99,$958.83,"Cestas de almacenamiento decorativas de fieltro rectangular para clóset, cubeta, contenedor de guardería, toallas, pañuelos, organizador de coche, bebé, perro, gato, caja de libros de juguete de",https://www.amazon.com/dp/B0DQTL8FBR,Marca: Elyxen,Elyxen
,B0DN9K7DY2,Bebé,disponible,disponible,,,2025-10-10T17:04:22.482Z,2025-10-10T21:33:25.436Z,2025-10-11T00:12:20.370Z,298,10.99,$896.71,"mosquitero para carriola de bebé, cubierta de mosquitero para carriola de bebé, duradera para cunas, cunas, juegos de niños y mini cuna portátil con 1 bolsa de almacenamiento (blanco, 1)",https://www.amazon.com/dp/B0DN9K7DY2,Marca: jiangcha,ZhaoTingWen-US
Salud y Cuidado Personal,B0DJVRKBGP,Bebé,no disponible,disponible,,PRICE_AND_SELLER_NOT_FOUND,2025-10-10T17:04:22.482Z,2025-10-10T21:33:34.303Z,2025-10-11T01:49:04.827Z,,,"$6,429.15","Cambiador de pañales de madera, moderno cambiador de bebé con 6 cajones de almacenamiento y almohadilla, cambiador de pañales para niños pequeños para guardería, cambiador portátil para bebé recién",https://www.amazon.com/dp/B0DJVRKBGP,Marca: Takywep,
,B0DJSPT2CV,Bebé,disponible,disponible,,,2025-10-10T17:04:22.482Z,2025-10-10T21:33:42.380Z,2025-10-11T00:12:38.113Z,1104,26.99,"$1,344.19","82.7 x 59 x 59 pulgadas, hamaca de almacenamiento de animales de peluche, esquina para colgar hojas de macramé, organizador de red de animales de peluche para peluche congestionado, soporte para",https://www.amazon.com/dp/B0DJSPT2CV,A_DEM,iHansee-US
Salud y Cuidado Personal,B0DGLYCZL9,Bebé,disponible,disponible,,,2025-10-10T17:04:22.482Z,2025-10-10T21:33:50.676Z,2025-10-11T00:12:47.498Z,982,23.99,"$1,266.71","Kodomoore - Organizador grande para pañales, cesta de almacenamiento de bebé, cubeta de guardería y organizador de coche para pañales, cesta de regalo para listas de baby shower o artículos esenciales",https://www.amazon.com/dp/B0DGLYCZL9,SIMUL,Kodomoore
,B0D9B5YXGV,Bebé,disponible,disponible,,,2025-10-10T17:04:22.482Z,2025-10-10T21:33:58.803Z,2025-10-11T01:15:30.676Z,6693,125.99,"$6,932.96","GAOMON Estantería para niños, Organizador de Almacenamiento de Juguetes con Tapa abatible y cubeta, librerías de Madera para niños, adecuadas para Sala de Juegos, habitación de los niños, recámara",https://www.amazon.com/dp/B0D9B5YXGV,NIXCLUP,
,B0D94D5BGK,Bebé,no disponible,disponible,,,2025-10-10T17:04:22.483Z,2025-10-10T21:34:07.666Z,2025-10-11T01:15:39.687Z,,24.7,"$1,513.15","NOONKTY - Cesta de manta para sala de estar, cesta grande de almacenamiento de cuerda de algodón, 22 x 17 x 12 pulgadas, organización de almacenamiento de juguetes para bebé, decoración de habitación",https://www.amazon.com/dp/B0D94D5BGK,Marca: noonkty,
,B0D6YWCQZT,Bebé,no disponible,disponible,,,2025-10-10T17:04:22.483Z,2025-10-10T21:34:16.314Z,2025-10-11T00:13:16.609Z,,4.07,$958.04,"Bagmrteho - Cesta de almacenamiento tejida de algodón natural para organizar, pequeñas cestas ovaladas de Pascua, cesta pequeña para Montessori, cestas decorativas ovaladas de lino, divisores de",https://www.amazon.com/dp/B0D6YWCQZT,Marca: Bagmrteho,Haihao Clothing
,B0D5TY1P36,Bebé,no disponible,disponible,,,2025-10-10T17:04:22.483Z,2025-10-10T21:34:23.160Z,2025-10-11T00:13:27.200Z,,9.89,$927.90,Closet Essentials Recipiente plegable para almacenamiento,https://www.amazon.com/dp/B0D5TY1P36,Marca: Closet Essentials,JOYFUL ARTS
,B0D5CZQCDD,Bebé,disponible,disponible,,,2025-10-10T17:04:22.483Z,2025-10-10T21:34:32.606Z,2025-10-11T00:13:35.636Z,1384,18.99,"$1,388.12","OMFUNS - Cesta rectangular de almacenamiento para luna y estrellas, estilo clásico, plegable, con asas, organizador grande, cajas de juguetes, estante de guardería, cesta de lavandería, decoración del",https://www.amazon.com/dp/B0D5CZQCDD,DEVRANSTORE,QIAOOZ
,B0D5BCBP8M,Bebé,no disponible,disponible,,,2025-10-10T17:04:22.483Z,2025-10-10T21:34:40.210Z,2025-10-11T00:13:45.298Z,,10,"$1,267.07","OMFUNS - Cesta rectangular de almacenamiento de murciélago arco iris, diseño de murciélago, diseño de luna de Halloween, cubos de almacenamiento plegables con asas, cajas grandes organizadoras, cajas",https://www.amazon.com/dp/B0D5BCBP8M,Marca: OMFUNS,QIAOOZ
,B0D5B81FQ5,Bebé,no listado,disponible,,,2025-10-10T17:04:22.483Z,2025-10-10T21:34:48.269Z,2025-10-11T00:13:53.834Z,,18.99,"$1,580.26","OMFUNS - Cesta rectangular de almacenamiento para tractores, camiones, coches, cubos de almacenamiento plegables con asas, grandes cajas organizadoras, estanterías de juguetes, clóset, guardería,",https://www.amazon.com/dp/B0D5B81FQ5,,QIAOOZ
,B0D59ZQ7SG,Bebé,disponible,disponible,,,2025-10-10T17:04:22.483Z,2025-10-10T21:34:54.639Z,2025-10-11T00:14:02.870Z,1269,25.99,"$1,620.10","Pantryily Caja de juguetes extragrande para niñas, cajas organizadoras plegables de almacenamiento de juguetes para niños, cestas de almacenamiento para sala de estar, sala de juegos, clóset, 35.8 x",https://www.amazon.com/dp/B0D59ZQ7SG,TASBLENDS,Pantryily
,B0D1VCNXF1,Bebé,disponible,disponible,,,2025-10-10T17:04:22.483Z,2025-10-10T21:35:03.791Z,2025-10-11T00:14:12.558Z,1230,16.99,"$1,177.06","Saiories - Organizador de lazos para el cabello para niñas - Organizador de accesorios para el cabello de macramé con 20 ganchos de metal y 7 eslingas - Almacenamiento para colgar en la pared,",https://www.amazon.com/dp/B0D1VCNXF1,CRAZYBIG STORE,You Dan Store
,B0CS48D5HS,Bebé,no disponible,disponible,,,2025-10-10T17:04:34.221Z,2025-10-10T21:35:10.627Z,2025-10-11T00:14:21.674Z,,23.57,"$1,313.60","BROLEO Funda Opaca para bebé, Funda Opaca para Cuna, Ventana Rápida, Versátil, Cómoda, Transpirable, Ajuste Perfecto, Cremalleras Dobles Elásticas para Exteriores (96 * 69 * 47CM)",https://www.amazon.com/dp/B0CS48D5HS,Marca: BROLEO,Cryfokt
,B0CQNY69R7,Bebé,no disponible,disponible,,,2025-10-10T17:04:34.222Z,2025-10-10T21:35:17.779Z,2025-10-11T00:14:31.111Z,,18.99,"$1,309.10","YETTASBIN - Cesta de cuerda de algodón de flores silvestres con diseño de flores silvestres grande y redonda para bebé, manta de juguete, almacenamiento de libros, para recámara, baño, decoración del",https://www.amazon.com/dp/B0CQNY69R7,Marca: YETTASBIN,YETTASBIN
,B0CPJGRD74,Bebé,no disponible,disponible,,,2025-10-10T17:04:34.222Z,2025-10-10T21:35:26.857Z,2025-10-11T01:15:49.632Z,,107.99,"$5,472.98","SPOFLYINN - Organizador de Almacenamiento de Juguetes para niños con 6 contenedores extraíbles, Multiusos, 3 Niveles, para recámara, Sala de Juegos, Sala de Estar, Color Amarillo",https://www.amazon.com/dp/B0CPJGRD74,Marca: SPOFLYINN,
,B0CKVJSVM6,Bebé,no disponible,disponible,,,2025-10-10T17:04:34.222Z,2025-10-10T21:35:34.004Z,2025-10-11T00:14:49.186Z,,48.68,"$1,959.15","oceanside Funda De Colchón, Tela Oxford Impermeable, Bolsa De Colchón Extraíble, Funda De Almacenamiento De Colchón Reutilizable para Interiores Y Exteriores(208 * 40.6 * 200.6cm)",https://www.amazon.com/dp/B0CKVJSVM6,Marca: oceanside,Oceanside warehouse
,B0CFBH7WQK,Bebé,disponible,disponible,,,2025-10-10T17:04:34.222Z,2025-10-10T21:35:41.781Z,2025-10-11T00:14:59.038Z,4441,59.99,"$4,585.29","TOOKYLAND - Caja de almacenamiento de juguetes de madera - Pecho superior y banco de asientos con tapa, bisagra de seguridad, pizarrón y pegatinas, organizador de juguetes para niños de 3 años +",https://www.amazon.com/dp/B0CFBH7WQK,Twenty Market,P. Selection Products
,B0C7Z5VCLP,Bebé,no disponible,disponible,,,2025-10-10T17:04:34.222Z,2025-10-10T21:35:51.459Z,2025-10-11T00:15:07.810Z,,19.99,"$1,337.39","Funky Qiu - Cesta de almacenamiento con diseño de cactus y flores, botánica, grande, con asa, plegable, Canastos Organizadores de tela para guardería, recámara, 15 x 11 x 9.5 pulgadas, 1 paquete",https://www.amazon.com/dp/B0C7Z5VCLP,Marca: Funky Qiu,jingyingbaar
,B0C33PCB3Q,Bebé,no disponible,disponible,,,2025-10-10T17:04:34.222Z,2025-10-10T21:35:58.225Z,2025-10-11T00:15:15.732Z,,21.99,"$1,393.70","Funky Qiu - Cesta de almacenamiento de oso de animales del bosque con asa plegable, organizador de tela para guardería, recámara, 15 x 11 x 9.5 pulgadas, 1 paquete",https://www.amazon.com/dp/B0C33PCB3Q,Marca: Funky Qiu,qiuqiuLe
,B09WMLHG9J,Bebé,no disponible,disponible,,,2025-10-10T17:04:34.222Z,2025-10-10T21:36:06.220Z,2025-10-11T00:15:24.530Z,,34.99,"$2,672.39","HUXINO Cesta de almacenamiento, diseño de dinosaurios de animales lindos, caja de almacenamiento plegable para ropa, juguetes, cesta de lavandería para estantes, clóset, habitación de los niños, paquete de 2",https://www.amazon.com/dp/B09WMLHG9J,Marca: HUXINO,HUXINO
,B09KT7HRL9,Bebé,no disponible,disponible,,,2025-10-10T17:04:34.222Z,2025-10-10T21:36:14.597Z,2025-10-11T00:15:32.950Z,,69.5,"$2,971.11","Juego de ropa de cama de 3 piezas con temática deportiva azul para cuna de bebé, bordado, con temática deportiva, juego de ropa de cama, 1 edredón, 1 sábana bajera, 1 bolsa de almacenamiento de pañales",https://www.amazon.com/dp/B09KT7HRL9,Marca: CribMATE,CribMATE
,B09K658JJY,Bebé,disponible,disponible,,,2025-10-10T17:04:34.222Z,2025-10-10T21:36:21.135Z,2025-10-11T00:15:41.093Z,2021,64.99,"$2,607.03","Cesta cambiadora para bebé – Moisés cesta cambiadora y almohadilla de espuma gruesa con funda de colchón de algodón extraíble, 100% algodón, decoración de guardería en color arcoíris con bolsa de almacenamiento",https://www.amazon.com/dp/B09K658JJY,F4ST ORCHESTRA,Ecoade
,B097QLD2L2,Bebé,no disponible,disponible,,,2025-10-10T17:04:34.222Z,2025-10-10T21:36:29.897Z,2025-10-11T00:15:49.283Z,,59.95,"$2,680.85","Noah's Ark - Juego de ropa de cama para cuna, diseño de animales, color azul y gris",https://www.amazon.com/dp/B097QLD2L2,Marca: CribMATE,CribMATE
,B097P18T6Z,Bebé,no disponible,disponible,,,2025-10-10T17:04:34.222Z,2025-10-10T21:36:38.993Z,2025-10-11T00:15:57.252Z,,78.39,"$3,325.88","Juego de ropa de cama de cuna de Noah's Ark, 5 piezas, color azul y gris con temática de animales, juego de ropa de cama + falda, sábana bajera + bolsa de almacenamiento de pañales + cenefa de ventana",https://www.amazon.com/dp/B097P18T6Z,Marca: CribMATE,CribMATE
,B096MW8TP6,Bebé,no disponible,disponible,,,2025-10-10T17:04:34.223Z,2025-10-10T21:36:47.916Z,2025-10-11T00:16:06.961Z,,89.96,"$3,889.75","Juego de ropa de cama de cuna de Noah's Ark, 6 piezas, color azul y gris con temática de animales, juego de ropa de cama + falda, sábana bajera + bolsa de almacenamiento de pañales + manta + cenefa de ventana",https://www.amazon.com/dp/B096MW8TP6,Marca: CribMATE,CribMATE
,B09667QQX1,Bebé,no disponible,disponible,,,2025-10-10T17:04:34.223Z,2025-10-10T21:36:55.968Z,2025-10-11T00:16:17.015Z,,139,"$5,837.79","Juego de ropa de cama de 6 piezas con diseño de elefante, color morado, bordado violeta, con temática de elefante, sábana bajera, falda, bolsa de almacenamiento de pañales, funda cambiante, cenefa de ventana, 28 x 52 pulgadas",https://www.amazon.com/dp/B09667QQX1,Marca: CribMATE,CribMATE
Salud y Cuidado Personal,B0841YRLPY,Bebé,disponible,disponible,,,2025-10-10T17:04:34.223Z,2025-10-10T21:37:04.614Z,2025-10-11T00:16:25.170Z,13463,469.99,"$15,149.76","Foundations SafeSwing - Cambiador de guardería, anteriormente SafetyCraft, gabinete de madera duradera con 2 estantes integrados, almacenamiento con bisagras de cierre suave, incluye almohadilla de",https://www.amazon.com/dp/B0841YRLPY,ARNO-STORE,Foundations Childrens Products
Salud y Cuidado Personal,B07Q32K4B9,Bebé,no disponible,disponible,,,2025-10-10T17:04:34.223Z,2025-10-10T21:37:13.817Z,2025-10-11T00:16:35.894Z,,21.99,"$1,457.67",Bolsa colgante para pañales de cuna con diseño de elefante verde (elefante verde),https://www.amazon.com/dp/B07Q32K4B9,Marca: CribMATE,CribMATE
,B07B6WKBL2,Bebé,no disponible,disponible,,,2025-10-10T17:04:48.691Z,2025-10-10T21:37:20.964Z,2025-10-11T00:16:44.688Z,,52.99,"$2,454.82","Cesta de almacenamiento de cuerda de algodón con tapa, cestas tejidas grandes y asas de 15 x 13 pulgadas, para guardería, lavandería, cesta redonda blanca, piso de sala de estar en casa, contenedores",https://www.amazon.com/dp/B07B6WKBL2,Marca: Vada Designs AUTOU,BINSHUAI
,B006UEYL3C,Bebé,no disponible,disponible,,,2025-10-10T17:04:48.692Z,2025-10-10T21:37:28.003Z,2025-10-11T00:16:55.362Z,,24.94,"$1,414.58",Mickey Mouse Collapsible Canvas Storage - Blue by KidsLine,https://www.amazon.com/dp/B006UEYL3C,Marca: KidsLine,YOURBABYSHOP
,B004I991L8,Bebé,no disponible,disponible,,,2025-10-10T17:04:48.692Z,2025-10-10T21:37:34.968Z,2025-10-11T00:17:06.187Z,,15.99,"$1,037.61","SheetWorld - Funda de Almohada de Viaje cómoda, 100% percal de algodón Suave, Color Lila",https://www.amazon.com/dp/B004I991L8,Marca: SHEETWORLD.COM,SHEETWORLD
,B0CN3PX5ZY,Blancos para el Hogar,disponible,disponible,,,2025-10-10T17:07:37.298Z,2025-10-10T21:37:41.974Z,2025-10-11T00:17:16.190Z,1191,9.99,"$1,101.48","Organizador de ropa de cama plegable, contenedores de almacenamiento para sábanas, fundas de edredón y fundas de almohada, mantas, ropa paquete de 2 (Queen o King) (flor retro)",https://www.amazon.com/dp/B0CN3PX5ZY,Rio Global LLC,B. Maxwell Goods
,B0DY7DS399,Blancos para el Hogar,disponible,disponible,,,2025-10-10T17:07:37.298Z,2025-10-10T21:37:49.971Z,2025-10-11T00:17:26.058Z,859,40.21,"$2,891.37",RYTTGOP Bolsas de colchón moverse y Almacenamiento Reutilizable a Prueba de Agua a Prueba de Agua Oxford Bolchs con manijas (208 * 160 * 38 cm),https://www.amazon.com/dp/B0DY7DS399,YIWUCHA,YIWUCHA
,B0F1KY6LHQ,Blancos para el Hogar,disponible,disponible,,,2025-10-10T17:07:37.298Z,2025-10-10T21:37:57.689Z,2025-10-11T00:17:36.260Z,1237,17.09,"$1,283.85",MCXYEM - Elevador de cama para ajuste de altura de muebles (FTX 4 pulgadas (juego de 4),https://www.amazon.com/dp/B0F1KY6LHQ,FYY Store  ⭐ ⭐ ⭐ ⭐ ⭐,MCXYEM
,B0FD3NXP64,Blancos para el Hogar,no listado,disponible,,,2025-10-10T17:07:37.298Z,2025-10-10T21:38:06.766Z,2025-10-11T00:17:47.731Z,,17.59,"$1,039.14","PANIED - Toldo de cama de princesa arcoíris para niñas, mosquitero para cama individual/matrimonial/queen, red de cama colgante, decoración de recámara con kit para colgar, toldo de viaje fácil de",https://www.amazon.com/dp/B0FD3NXP64,,Luoda-shop
Meses sin Intereses,B0F43F8D3K,Blancos para el Hogar,disponible,disponible,,,2025-10-10T17:07:37.298Z,2025-10-10T21:38:12.802Z,2025-10-11T00:17:58.071Z,2365,59.84,"$2,575.90","Amélie Home - Almohada de lectura de piel sintética con bolsillo para sentarse en la cama, adulto, almohada de respaldo con funda lavable para descansar, estudiar y relajarse, color marfil 25.5",https://www.amazon.com/dp/B0F43F8D3K,STOREARENS,Amélie Home
Cocina,B07R4FSVQ2,Blancos para el Hogar,disponible,disponible,,,2025-10-10T17:07:37.298Z,2025-10-10T21:38:21.450Z,2025-10-11T00:18:08.588Z,943,20.8,"$1,127.93","Sevender Furniture Lifter 4 elevadores de Muebles de 10 x 7 x 8,5 cm, de Madera de Color Natural, para Mesa de computadora, Cama, Elevador para 4 cm de Ancho, pies de hasta 5 cm de elevación",https://www.amazon.com/dp/B07R4FSVQ2,Novayu,Sevender
,B0FF23QQVS,Blancos para el Hogar,disponible,disponible,,,2025-10-10T17:07:37.298Z,2025-10-10T21:38:31.162Z,2025-10-11T00:18:18.532Z,787,11.99,$844.56,"Puacino - Juego de 2 fundas de almohada para Halloween, 18 x 18 pulgadas, diseño de cuervo y calabaza, estampado de doble cara, fundas de cojín decorativas para sofá cama, decoración rústica gótica de",https://www.amazon.com/dp/B0FF23QQVS,MrsWhite,Puacino
,B0FB9DBYW5,Blancos para el Hogar,disponible,disponible,,,2025-10-10T17:07:37.299Z,2025-10-10T21:38:38.896Z,2025-10-11T00:18:28.976Z,1358,29.99,"$1,364.47","Almohada de espuma viscoelástica para el cuello en forma de U con funda de transporte compacta, ideal para aviones, viajes en coche y vuelos largos, artículos esenciales de viaje",https://www.amazon.com/dp/B0FB9DBYW5,Tierra Viva,Cocoon Anna
,B0F3DMW116,Blancos para el Hogar,disponible,disponible,,,2025-10-10T17:07:37.299Z,2025-10-10T21:38:47.888Z,2025-10-11T00:18:39.718Z,1177,16.62,"$1,101.48","Cowenhey - Libro de almohada de la Biblia que se abre, regalo de fiesta religiosa de la Santa Biblia cristiana, almohada decorativa de habitación para recámara, sala de estar (rojo)",https://www.amazon.com/dp/B0F3DMW116,Diamond Global Trade,REDandBLUE
,B0DP47MBLH,Blancos para el Hogar,disponible,disponible,,,2025-10-10T17:07:37.299Z,2025-10-10T21:38:54.980Z,2025-10-11T00:18:49.683Z,3447,119.99,"$4,079.87","ZZzones Flex - Almohada ajustable personalizable. Soporte firme plano flexible pendiente de patente, formas ajustables, opciones de grosor y zonas de apoyo, funda suave y transpirable, tamaño Queen,",https://www.amazon.com/dp/B0DP47MBLH,AREDIANT,Zzzones
,B0CYSW4W2N,Blancos para el Hogar,disponible,disponible,,,2025-10-10T17:07:37.299Z,2025-10-10T21:39:02.090Z,2025-10-11T00:19:00.404Z,660,9.99,$793.15,"ACAETYT - Bomba de aire recargable USB para bolsas de almacenamiento al aspiradora, mini bomba eléctrica portátil inalámbrica para inflar flotadores de piscina, bote de aire, colchón de aire, anillo",https://www.amazon.com/dp/B0CYSW4W2N,BSMS STORE,RUISHENGXIANG18-US
Cocina,B0C3HRM9C2,Blancos para el Hogar,disponible,disponible,,,2025-10-10T17:07:37.299Z,2025-10-10T21:39:10.605Z,2025-10-11T00:19:10.121Z,795,6.99,$796.75,"JustBlanks 8 bandas organizadoras de sábanas – Organización de clóset de sábanas – Organizador de juego de sábanas para clóset de lino, correas elásticas para sábana plegable, etiqueta de almacenamiento para ropa de cama (King)",https://www.amazon.com/dp/B0C3HRM9C2,QUTAYF GLOBAL,VeeTrends
,B0F6LMSQFK,Blancos para el Hogar,disponible,disponible,,,2025-10-10T17:07:37.299Z,2025-10-10T21:39:17.946Z,2025-10-11T00:19:18.667Z,1460,32.01,"$1,744.62","AmyWtb - Almohada ergonómica para juegos y regazo en forma de U, almohada de ganchillo y soporte de lectura con alivio de brazos, comodidad para jugadores, artesanos y amantes de los libros (rosa)",https://www.amazon.com/dp/B0F6LMSQFK,YAMANSUR,AMY bedding
Cocina,B0CH6JPMHD,Blancos para el Hogar,disponible,disponible,,,2025-10-10T17:07:37.299Z,2025-10-10T21:39:26.418Z,2025-10-11T00:19:29.261Z,655,9.99,$793.15,AURLOE Bandas de almacenamiento para sábanas (paquete de 4 unidades),https://www.amazon.com/dp/B0CH6JPMHD,Tierra Viva,AURLOE
,B0FLD4RMY8,Blancos para el Hogar,disponible,disponible,,,2025-10-10T17:07:37.299Z,2025-10-10T21:39:34.707Z,2025-10-11T00:19:37.088Z,782,15.29,$929.52,"YDBDAT - Juego de 2 fundas de almohada de Halloween de 18 x 18 pulgadas, fundas de almohada de felpa suave con patrón de murciélagos de lana sintética para sala de estar al aire última intervensión",https://www.amazon.com/dp/B0FLD4RMY8,Diamond Global Trade,YDBDAT
,B0DP1KSCRV,Blancos para el Hogar,disponible,disponible,,,2025-10-10T17:07:48.193Z,2025-10-10T21:39:42.569Z,2025-10-11T00:19:47.253Z,1318,24,"$1,402.09","Omy Original - Almohada inflable gigante para piso, lata de soda, fácil de inflar, uso como cojín o como decoración",https://www.amazon.com/dp/B0DP1KSCRV,OMY Design,OMY Design
,B0F389RXT1,Blancos para el Hogar,disponible,disponible,,,2025-10-10T17:07:48.193Z,2025-10-10T21:39:50.143Z,2025-10-11T00:19:55.850Z,834,16.99,$973.21,"Juego de 2 fundas de almohada de flores para primavera y verano, tulipán, bordadas, 18 x 18 pulgadas, decoración de granja, color crema y blanco, suave, de piel sintética, jacquard de felpa para sofá",https://www.amazon.com/dp/B0F389RXT1,Diamond Global Trade,YDBDAT
Meses sin Intereses,B0DSPWGMZP,Blancos para el Hogar,disponible,disponible,,,2025-10-10T17:07:48.193Z,2025-10-10T21:39:57.463Z,2025-10-11T00:20:06.272Z,1688,52.99,"$3,318.11","strusery - Almohada de lectura de cuña para apoyo de espalda, cómodo cojín de cama para sentarse, funda de terciopelo azul extraíble (azul)",https://www.amazon.com/dp/B0DSPWGMZP,Amazon Europa,FZH (SZ) LTD
,B0DRCWLL2W,Blancos para el Hogar,no disponible,disponible,,,2025-10-10T17:07:48.193Z,2025-10-10T21:40:05.224Z,2025-10-11T00:20:15.732Z,,6.99,$784.09,"4 bandas organizadoras de sábanas elásticas para sábanas, organizador y almacenamiento con correas ajustables para ropa de cama, organizador de sábanas para clóset, ropa de cama para recámara (3.3",https://www.amazon.com/dp/B0DRCWLL2W,Marca: ALLFULL,Orange Sunfly
,B0FGCYF7DP,Blancos para el Hogar,disponible,disponible,,,2025-10-10T17:07:48.193Z,2025-10-10T21:40:13.184Z,2025-10-11T00:20:24.162Z,2747,79.05,"$2,746.56","Comfy Reading Pillow with Armrests & Neck Roll, Back Support Cushion for Bed/Sofa/Floor, Washable Pillowcase with Storage Pocket, Ideal for Relaxing & Watching TV(75x40x50cm(without headrest))",https://www.amazon.com/dp/B0FGCYF7DP,KABAIHESHI,KABAIHESHI
,B0FGCW14VX,Blancos para el Hogar,disponible,disponible,,,2025-10-10T17:07:48.193Z,2025-10-10T21:40:20.817Z,2025-10-11T00:20:35.065Z,2542,73.15,"$2,541.48","Extra-Large Back Support Reading Pillow with Armrest & Neck Support, Ergonomic Lumbar Cushion for Bed, Gaming, & Relaxation – Washable Cover & Storage Bag(Jade Green,75cmx40cmx50cm (without headrest))",https://www.amazon.com/dp/B0FGCW14VX,KABAIHESHI,KABAIHESHI
,B0FMRSF171,Blancos para el Hogar,no disponible,disponible,,,2025-10-10T17:07:48.193Z,2025-10-10T21:40:27.881Z,2025-10-11T00:20:44.542Z,,39.99,"$1,776.22","ZCQGAH - Soporte ergonómico para el cuello de 360°, diseño curvado que se ajusta perfectamente alrededor de tu cuello, evitando la inclinación de la cabeza y reduciendo la tensión durante el viaje o",https://www.amazon.com/dp/B0FMRSF171,Marca: ZCQGAH,enshishixifangjienengdianqiyouxiangongsi
,B0FMRRWPW4,Blancos para el Hogar,no disponible,disponible,,,2025-10-10T17:07:48.194Z,2025-10-10T21:40:36.406Z,2025-10-11T00:20:53.429Z,,39.99,"$1,776.22","ZCQGAH - Soporte ergonómico para el cuello de 360°, diseño curvado que se ajusta perfectamente alrededor de tu cuello, evitando la inclinación de la cabeza y reduciendo la tensión durante el viaje o",https://www.amazon.com/dp/B0FMRRWPW4,Marca: ZCQGAH,enshishixifangjienengdianqiyouxiangongsi
,B0FKB9M495,Blancos para el Hogar,disponible,disponible,,,2025-10-10T17:07:48.194Z,2025-10-10T21:40:42.963Z,2025-10-11T00:21:04.004Z,1765,39.99,"$2,048.75",Portabuddy - Almohada de cuña,https://www.amazon.com/dp/B0FKB9M495,unalshop,Portabuddy USA
,B0FD6LGZFW,Blancos para el Hogar,no disponible,disponible,,,2025-10-10T17:07:48.194Z,2025-10-10T21:40:51.585Z,2025-10-11T00:21:13.681Z,,16.99,"$1,128.02","TripHug - Almohada para el cuello de viaje | Almohada para el cuello de espuma viscoelástica, almohada portátil en forma de U con soporte para el cuello, cubierta transpirable y lavable, compacta para",https://www.amazon.com/dp/B0FD6LGZFW,Marca: TripHug,TripHug
,B0F9T36ZMZ,Blancos para el Hogar,no disponible,disponible,,,2025-10-10T17:07:48.194Z,2025-10-10T21:41:00.777Z,2025-10-11T00:21:23.155Z,,12.99,$953.28,"Puacino Juego de 2 fundas de almohada de gallo, de 18 x 18 pulgadas, con estampado de doble cara, fundas de cojín de bienvenida de granja, decoración de aves de corral de pollo de campo para sofá",https://www.amazon.com/dp/B0F9T36ZMZ,Marca: Puacino,Puacino
Meses sin Intereses,B0F9DWDFTX,Blancos para el Hogar,disponible,disponible,,,2025-10-10T17:07:48.194Z,2025-10-10T21:41:09.582Z,2025-10-11T00:21:33.230Z,1796,36.09,"$1,863.38","Almohadas de lectura para sentarse en la cama para adultos, almohada de espalda para cama sentada, almohadas de marido con espuma triturada para adultos y adolescentes, almohada de apoyo para respaldo",https://www.amazon.com/dp/B0F9DWDFTX,STOREARENS,IASEAHK
,B0F913PQZW,Blancos para el Hogar,disponible,disponible,,,2025-10-10T17:07:48.194Z,2025-10-10T21:41:18.319Z,2025-10-11T00:21:44.200Z,1283,25.99,"$1,271.65","DONGPROM - Manta de vaca de las tierras altas rústica de estilo pastoral rodeada de flores silvestres ligeras mantas de franela para camping, sofá, silla, oficina, cama, decoración del hogar, regalos",https://www.amazon.com/dp/B0F913PQZW,Cuate Store,DONGPROMstore
,B0F8ZZ7B5F,Blancos para el Hogar,no listado,disponible,,,2025-10-10T17:07:48.194Z,2025-10-10T21:41:27.284Z,2025-10-11T00:21:53.586Z,,25.99,"$1,441.88","DONGPROM - Manta de estilo gótico con luna y fondo rojo, manta de franela ligera para camping, sofá, silla, oficina, cama, decoración gótica de Halloween, regalos para adultos, 60 x 50 pulgadas",https://www.amazon.com/dp/B0F8ZZ7B5F,,DONGPROMstore
,B0F7QJXX8M,Blancos para el Hogar,disponible,disponible,,,2025-10-10T17:07:48.194Z,2025-10-10T21:41:35.172Z,2025-10-11T00:22:04.175Z,1966,55.99,"$2,432.77","HOMESURE - Paquete de 2 bolsas de colchón para mudanza y almacenamiento con 8 asas, funda de colchón para mudanza, resistente, cierre de cierre fuerte, suministros de mudanza y bolsa de mudanza",https://www.amazon.com/dp/B0F7QJXX8M,Puffinshop,HOMESURE-US
,B0F4DB19XT,Blancos para el Hogar,no disponible,disponible,,,2025-10-10T17:07:48.194Z,2025-10-10T21:41:44.062Z,2025-10-11T00:22:13.694Z,,16.99,"$2,673.97","GOUTO - Almohada de apoyo lumbar y cuello con forma de hueso blanco, almohada lavable para reposacabezas en casa, oficina, coche, 19.7 x 11.8 pulgadas",https://www.amazon.com/dp/B0F4DB19XT,Marca: GOUTO,GOUTO-US
,B0DZGL9KH1,Blancos para el Hogar,disponible,disponible,,,2025-10-10T17:08:01.857Z,2025-10-10T21:41:52.329Z,2025-10-11T00:22:22.866Z,1407,22.59,"$1,341.74","Mixtrend - Almohada lumbar inflable de viaje con espuma viscoelástica, almohada de apoyo de espalda para vuelo largo, almohada esencial de apoyo de viaje para mujeres, hombres y niños (lavanda)",https://www.amazon.com/dp/B0DZGL9KH1,SkyyMart,Mixtrend Direct
Meses sin Intereses,B0DQCZHKJ8,Blancos para el Hogar,disponible,disponible,,,2025-10-10T17:08:01.857Z,2025-10-10T21:41:59.721Z,2025-10-11T00:22:33.336Z,1962,36.99,"$2,000.47","Memfydu Almohada de lectura de piel sintética gris con bolsillos, decoración de felpa a rayas de lujo, reposabrazos y soporte de espalda para reposo en cama, descanso en el sofá, tamaño extragrande",https://www.amazon.com/dp/B0DQCZHKJ8,AKCES STORE,Memfydu
,B0DPM66M3F,Blancos para el Hogar,no disponible,disponible,,,2025-10-10T17:08:01.857Z,2025-10-10T21:42:08.570Z,2025-10-11T00:22:41.877Z,,149.95,"$6,461.14","Daneey - 3 almohadas de espalda para sentarse en la cama, almohada de lectura de cuña para cama para apoyo de espalda para adultos, almohada de espalda para sofá, cama, respaldo, almohada de",https://www.amazon.com/dp/B0DPM66M3F,Marca: Daneey,TOODDLY
,B0DMW3T3ZR,Blancos para el Hogar,disponible,disponible,,,2025-10-10T17:08:01.857Z,2025-10-10T21:42:15.395Z,2025-10-11T00:22:51.973Z,782,12.99,$927.11,"Erubry - Bolsa de colchón estándar Queen para mudanzas y almacenamiento a largo plazo, a prueba de humedad, impermeable, a prueba de polvo, reutilizable, 1 paquete",https://www.amazon.com/dp/B0DMW3T3ZR,ShoppinGoods MX,Erubry US
,B0DFPYZGZQ,Blancos para el Hogar,disponible,disponible,,,2025-10-10T17:08:01.857Z,2025-10-10T21:42:23.581Z,2025-10-11T00:23:01.274Z,549,20.88,"$1,254.38","Manta de fútbol estilo fútbol, manta de 50 x 40 pulgadas, regalo para hombres y niños, suave franela roja sofá cama",https://www.amazon.com/dp/B0DFPYZGZQ,Marca: BTHRRW,BTHRRW US
,B0D9JRHQBF,Blancos para el Hogar,no disponible,disponible,,,2025-10-10T17:08:01.858Z,2025-10-10T21:42:33.510Z,2025-10-11T00:23:09.614Z,,25.89,"$1,686.34","Luxmars - Almohada de lectura con rollo de cuello desmontable y almohada de respaldo de cama grande para cama con brazos y bolsillo lateral, perfecta para apoyo de espalda mientras te relajas, juegas",https://www.amazon.com/dp/B0D9JRHQBF,Marca: Luxmars,YeRoeShop{7-12D Delivery}
,B0D89YWY85,Blancos para el Hogar,disponible,disponible,,,2025-10-10T17:08:01.858Z,2025-10-10T21:42:40.539Z,2025-10-11T00:23:19.404Z,1374,36.99,"$1,601.73","Huglanket Vizsla - Regalos para mujeres y hombres, manta con capucha, regalos para perro, mamá, perro, papá en cumpleaños, Navidad, talla única, estampado completo, Beige, Talla única",https://www.amazon.com/dp/B0D89YWY85,ŞAHMİNAVM,BestoreTech
,B0D7ZSQ4QK,Blancos para el Hogar,disponible,disponible,,,2025-10-10T17:08:01.858Z,2025-10-10T21:42:49.746Z,2025-10-11T00:23:27.826Z,3107,62.69,"$2,911.88","Almohadilla de colchón con calefacción completa, doble control eléctrico con 4 ajustes de calor y 10 horas de apagado automático, calentador de cama con capa de aire, lavable a máquina, 54 x 75",https://www.amazon.com/dp/B0D7ZSQ4QK,B&M Store.,Blunique US
,B0D5Y6BWT6,Blancos para el Hogar,no disponible,disponible,,,2025-10-10T17:08:01.858Z,2025-10-10T21:42:59.359Z,2025-10-11T00:23:39.005Z,,37.39,"$1,702.99","Bolsas de colchón para mudanza y almacenamiento, funda de colchón impermeable para mudarse con asas resistentes, cremalleras, bolsa de almacenamiento reutilizable para colchón (196 x 107 x 38 cm)",https://www.amazon.com/dp/B0D5Y6BWT6,Visita la tienda de Gavigain,Qerlong
,B0D3X2PWS9,Blancos para el Hogar,no disponible,disponible,,,2025-10-10T17:08:01.858Z,2025-10-10T21:43:08.077Z,2025-10-11T00:23:47.211Z,,30.37,"$1,843.37","Dreamique - Manta con capucha para adultos, de gran tamaño, forro polar Sherpa con capucha, ideal como regalo para mujeres, hombres y niños",https://www.amazon.com/dp/B0D3X2PWS9,Marca: Dreamique,Dreamique
,B0D2ZWG42J,Blancos para el Hogar,no disponible,disponible,,,2025-10-10T17:08:01.858Z,2025-10-10T21:43:16.056Z,2025-10-11T00:23:57.445Z,,15.09,"$1,012.23","Bolsa de colchón – Bolsa de colchón de plástico para almacenamiento en mudanza, impermeable, protector de colchón resistente para mudanzas",https://www.amazon.com/dp/B0D2ZWG42J,Visita la tienda de DIYEAH,Shanwenks
,B0D1Q8SSYT,Blancos para el Hogar,no disponible,disponible,,,2025-10-10T17:08:01.858Z,2025-10-10T21:43:23.749Z,2025-10-11T00:24:07.478Z,,39.99,"$1,838.61","Dongyuanwenju - Manta gruesa de color sólido para sofá, manta de oficina con aire acondicionado, manta de viaje, manta de primera clase (azul)",https://www.amazon.com/dp/B0D1Q8SSYT,Marca: Dongyuanwenju,nanyangxingxiu
,B0D1NHW4HR,Blancos para el Hogar,no disponible,disponible,,,2025-10-10T17:08:01.858Z,2025-10-10T21:43:32.613Z,2025-10-11T00:24:15.746Z,,8.99,$840.40,Blue and Honey Home Organizador de sábanas y almacenamiento – Bandas organizadoras de sábanas elásticas y duraderas para una fácil organización del clóset de lino – Acceso a las sábanas fácilmente –,https://www.amazon.com/dp/B0D1NHW4HR,Marca: Blue and Honey Home,Blue and Honey Home
,B0CRYMHLSK,Blancos para el Hogar,no disponible,disponible,,,2025-10-10T17:08:01.858Z,2025-10-10T21:43:39.956Z,2025-10-11T00:24:25.314Z,,38.99,"$1,935.36",Bundlewize - Organizadores y almacenamiento de sábanas,https://www.amazon.com/dp/B0CRYMHLSK,Marca: Bundlewize,azimeng
,B0CKQCLHWD,Blancos para el Hogar,disponible,disponible,,,2025-10-10T17:08:01.858Z,2025-10-10T21:43:49.260Z,2025-10-11T00:24:36.391Z,6638,129.99,"$6,534.62","SyyBhb - Cojines de repuesto con bolsillo de almacenamiento, 5 piezas, terciopelo suave grueso, lavable, antideslizante, universal para uso en mecedora, gris claro",https://www.amazon.com/dp/B0CKQCLHWD,CRA Shop,Being More
,B0CK5JDHH3,Blancos para el Hogar,no disponible,disponible,,,2025-10-10T17:08:01.859Z,2025-10-10T21:43:57.238Z,2025-10-11T00:24:46.596Z,,42,"$2,145.00","Living - Mecanismo de elevación de cama, kit de elevación de sofá, elevador de almacenamiento de cama, juego de resorte de gas para cama de almacenamiento, cama de metal ajustable, elevador de cama",https://www.amazon.com/dp/B0CK5JDHH3,Marca: Vintoro,DidiTat
,B0CHNYW31B,Blancos para el Hogar,no disponible,disponible,,,2025-10-10T17:08:11.278Z,2025-10-10T21:44:04.176Z,2025-10-11T00:24:57.376Z,,12.99,$953.28,"LEAYATST - Bandas organizadoras de sábanas de 8 piezas, organizador de almacenamiento de sábanas elástico para clóset de lino, etiquetas de sábanas para organizar (King individual Full Queen)",https://www.amazon.com/dp/B0CHNYW31B,Marca: LEAYATST,LEEYEE STORE
,B0CD892MCY,Blancos para el Hogar,disponible,disponible,,,2025-10-10T17:08:11.278Z,2025-10-10T21:44:13.351Z,2025-10-11T00:25:06.264Z,1816,37.99,"$1,930.72","Bolsa de colchón Queen para almacenamiento en movimiento, impermeable, reutilizable, con 8 asas, doble cierre, resistente, azul brillante",https://www.amazon.com/dp/B0CD892MCY,ShoppinGoods MX,CHENXIAOLONG HOME
,B0CC4PDW6Z,Blancos para el Hogar,disponible,disponible,,,2025-10-10T17:08:11.278Z,2025-10-10T21:44:21.207Z,2025-10-11T00:25:15.270Z,927,16.89,"$1,084.24","Weensmeil - Organizador de sábanas plegable moderno, paquete de 2 cajas de almacenamiento de sábanas tamaño Queen/King, color gris",https://www.amazon.com/dp/B0CC4PDW6Z,ShoppinGoods MX,Weensmeil
,B0C839QJGV,Blancos para el Hogar,disponible,disponible,,,2025-10-10T17:08:11.278Z,2025-10-10T21:44:30.636Z,2025-10-11T00:25:25.921Z,2906,16,"$1,037.87","HEST - Funda de almohada de viaje - Almohada ajustada con diseño superpuesto - nailon elástico de rendimiento, 13 x 17 pulgadas",https://www.amazon.com/dp/B0C839QJGV,Marca: HEST,HEST Official Store
,B0C7L4TC4X,Blancos para el Hogar,no disponible,disponible,,,2025-10-10T17:08:11.278Z,2025-10-10T21:44:38.794Z,2025-10-11T00:25:35.302Z,,29.99,"$1,432.29","iinfinize - Funda de almohada hecha a mano con diseño clásico de retazos de 18 pulgadas, con cierre de cierre, para interiores y exteriores, funda de cojín (beige)",https://www.amazon.com/dp/B0C7L4TC4X,Marca: iinfinize,IINFINIZE
,B0C7KQYV7V,Blancos para el Hogar,no disponible,disponible,,,2025-10-10T17:08:11.278Z,2025-10-10T21:44:46.252Z,2025-10-11T00:25:47.425Z,,4.95,$726.46,"Kelofty - 4 organizadores de sujeción de sábanas – Bandas de almacenamiento para ropa de cama, organizador de sábanas, etiquetas de sábanas, correas ajustadas, bandas elásticas para ropa de cama para suministros de recámara del hogar",https://www.amazon.com/dp/B0C7KQYV7V,Marca: Kelofty,Kelofty
Cocina,B0BJDNV768,Blancos para el Hogar,no disponible,disponible,,,2025-10-10T17:08:11.278Z,2025-10-10T21:44:54.162Z,2025-10-11T00:25:58.887Z,,49.99,"$2,447.16","PAMYO Bolsa de colchón para mudanza y almacenamiento, tamaño Queen, impermeable, reutilizable, con asas con cierre, resistente, color gris",https://www.amazon.com/dp/B0BJDNV768,Marca: PAMYO,xiaoLING EU
Cocina,B09FS9WC5N,Blancos para el Hogar,disponible,disponible,,,2025-10-10T17:08:11.278Z,2025-10-10T21:45:01.388Z,2025-10-11T00:26:09.525Z,379,26.99,"$1,347.70","Funda de almohada de seda para cabello y piel, funda de almohada de seda de morera natural de 19 momme con cierre de cierre oculto, tamaño Queen de 20 x 30 pulgadas, suave y lisa, funda de almohada 100% seda (blanco marfil, 1 unidad), bolsa de almacenamiento",https://www.amazon.com/dp/B09FS9WC5N,Marca: SOBONNY,SOBONNY
,B07KSGL8Y1,Blancos para el Hogar,no disponible,disponible,,,2025-10-10T17:08:11.278Z,2025-10-10T21:45:08.997Z,2025-10-11T00:26:19.432Z,,24.99,"$1,415.90","DK Homewares - Cojín Redondo de algodón con diseño de Patchwork, Color Verde Oscuro",https://www.amazon.com/dp/B07KSGL8Y1,Marca: DK Homewares,DK Homewares US
,B07DH21MQL,Blancos para el Hogar,no disponible,disponible,,,2025-10-10T17:08:11.279Z,2025-10-10T21:45:15.732Z,2025-10-11T00:26:28.227Z,,9.99,$868.68,"JOERRES Funda de almohada de trigo de moto – Tamaño de viaje 19inX 7inX 3in – Hecho con algodón orgánico, Gris, Pequeño",https://www.amazon.com/dp/B07DH21MQL,Marca: JOERRES,Keng
,B005GFM2MI,Blancos para el Hogar,no disponible,disponible,,,2025-10-10T17:08:11.279Z,2025-10-10T21:45:23.350Z,2025-10-11T00:26:37.718Z,,39.99,"$2,088.16",Handy Trends Kid's Inflatable Bed Inflates in Less Then 4 Minutes Includes Powerful Electric Pump Plus Storage Bag,https://www.amazon.com/dp/B005GFM2MI,Marca: Handy Trends,hottvthingsman
,B002HJ8X9W,Blancos para el Hogar,no disponible,disponible,,,2025-10-10T17:08:11.279Z,2025-10-10T21:45:29.971Z,2025-10-11T00:26:48.412Z,,50.65,"$2,391.91","Premium Blanket Rack-Large 32""",https://www.amazon.com/dp/B002HJ8X9W,Marca: Centaur,TackTomorrow
"Ropa, Zapatos y Accesorios",B09828LCW6,Cocina,no disponible,disponible,,,2025-10-10T17:08:21.839Z,2025-10-10T21:45:37.988Z,2025-10-11T00:26:58.409Z,,19.99,"$1,221.09","SamiraL - Kit de almohada de viaje con espuma viscoelástica pura, máscara de ojos contorneada 3D, tapones para los oídos y bolsa de lujo",https://www.amazon.com/dp/B09828LCW6,Marca: SamiraL,guanhanshangmao
,B0DQSG546K,Cocina,disponible,disponible,,,2025-10-10T17:08:21.839Z,2025-10-10T21:45:46.178Z,2025-10-11T00:27:06.692Z,1743,49.95,"$2,162.92","APT 1101 Dispensador de alimentos de bambú | Organizadores de cocina y almacenamiento | Organizadores herméticos de despensa y contenedor de almacenamiento | Cereales, arroz, harina, almacenamiento de",https://www.amazon.com/dp/B0DQSG546K,UMY STORE,Apt. 1101
Decoración del Hogar,B0C45RL21T,Cocina,disponible,disponible,,,2025-10-10T17:08:21.839Z,2025-10-10T21:45:54.510Z,2025-10-11T00:27:15.198Z,1621,25.99,"$1,637.18","FHTWRR Paquete de 2 marcos de arte para niños con almacenamiento, marcos de arte para niños de apertura frontal, marcos de fotos abiertos para dibujos infantiles, obras de arte para niños (negro)",https://www.amazon.com/dp/B0C45RL21T,MARJINALSHOP,ZMMonline
,B0FCDZYNL1,Cocina,disponible,disponible,,,2025-10-10T17:08:21.839Z,2025-10-10T21:46:01.681Z,2025-10-11T00:27:23.329Z,1899,35.99,"$2,477.05","QOWOEO - Paquete de 12 recipientes de almacenamiento de vidrio, transparentes, apilables, para almacenamiento de alimentos, hogar, cocina y despensa, apto para microondas/congeladores/lavaplatos",https://www.amazon.com/dp/B0FCDZYNL1,Sellbuys,Ouxun Store
,B0D7HF43Z4,Cocina,no disponible,disponible,,,2025-10-10T17:08:21.839Z,2025-10-10T21:46:10.202Z,2025-10-11T00:27:32.021Z,,31.99,"$2,026.04","GGIU - Estante magnético para nevera con tapa de madera: paquete de 2 cubos de almacenamiento de frutas y cebolla, estante magnético para especias para refrigerador y encimera de cocina, organizadores",https://www.amazon.com/dp/B0D7HF43Z4,Marca: GGIU,GGIU-US
Herramientas y Mejoras del Hogar,B0DQTH8XH6,Cocina,disponible,disponible,,,2025-10-10T17:08:21.840Z,2025-10-10T21:46:19.500Z,2025-10-11T00:27:40.268Z,1189,29.99,"$1,364.47","Sellador al aspiradora de mano para alimentos, máquina selladora al aspiradora compacta, portátil y recargable, incluye 20 bolsas selladoras al aspiradora reutilizables, ideales para conservación",https://www.amazon.com/dp/B0DQTH8XH6,Uğurlu STORE,ZLTMYI
,B0FJ5TPHMP,Cocina,no disponible,disponible,,PRICE_AND_SELLER_NOT_FOUND,2025-10-10T17:08:21.840Z,2025-10-10T21:46:27.754Z,2025-10-11T01:49:18.801Z,,,"$1,575.04","ADECTA Recipientes de almacenamiento de galletas apilables de 4 capas con tapas y asa, contenedores de almacenamiento de galletas sin BPA, portador de galletas con tapa y asa, contenedor de",https://www.amazon.com/dp/B0FJ5TPHMP,Marca: ADECTA,
,B0CYT22961,Cocina,disponible,disponible,,,2025-10-10T17:08:21.840Z,2025-10-10T21:46:36.291Z,2025-10-11T00:28:00.055Z,1113,24.99,"$1,414.02","SiliFine - Tarro de cristal para sales de baño de 94 onzas con tapa de madera, recipiente de sal de baño con cuchara, accesorios herméticos para bañera para mujer",https://www.amazon.com/dp/B0CYT22961,HAZAN,DuuiHua
,B0FK4MRQF8,Cocina,disponible,disponible,,,2025-10-10T17:08:21.840Z,2025-10-10T21:46:45.870Z,2025-10-11T00:28:09.472Z,863,16.99,"$1,029.93","Dispensador de platos de papel, 2 unidades, 7-12 pulgadas, organizador de almacenamiento de platos desechables para gabinetes, encimeras o casas rodantes, acrílico transparente para ahorro de espacio",https://www.amazon.com/dp/B0FK4MRQF8,SELDA GLOBAL,zunshunkeji
,B0F2SB6FL6,Cocina,disponible,disponible,,,2025-10-10T17:08:21.840Z,2025-10-10T21:46:53.055Z,2025-10-11T00:28:19.452Z,1738,42.45,"$2,106.19","APT 1101 - Dispensador de alimentos de 2 litros, organizadores de cocina y almacenamiento, recipientes de alimentos y dispensador de cereales para organización de despensa y contenedor de",https://www.amazon.com/dp/B0F2SB6FL6,Raskolnikovv,Apt. 1101
,B0DBHYJ5WF,Cocina,disponible,disponible,,,2025-10-10T17:08:21.840Z,2025-10-10T21:47:02.161Z,2025-10-11T00:28:29.397Z,4234,129.99,"$4,337.41","ARMRESTO - Reposabrazos multifuncional extraíble con soporte para tazas, reposabrazos de sofá con soporte de carga inalámbrico, organizador de sofá con almacenamiento, equipado con luz LED de lectura",https://www.amazon.com/dp/B0DBHYJ5WF,SHOPORIA23,BEYOND SMART HONG KONG LIMITED
,B0F62H5L34,Cocina,disponible,disponible,,,2025-10-10T17:08:31.421Z,2025-10-10T21:47:09.507Z,2025-10-11T00:28:40.987Z,1297,64.99,"$3,136.84","Máquina selladora al aspiradora, selladora de alimentos selladora al aspiradora para alimentos 80 KPA, sellado automático 8 en 1, modo seco/húmedo con cortador integrado y almacenamiento, cuenta",https://www.amazon.com/dp/B0F62H5L34,Marca: Pyukix,ANYGLAD Direct US
Muebles,B0CJJ9KLMY,Cocina,disponible,disponible,,PRICE_AND_SELLER_NOT_FOUND,2025-10-10T17:08:31.421Z,2025-10-10T21:47:18.290Z,2025-10-11T01:49:26.801Z,6847,,"$6,838.04","GAOMON - Estantería y estantería de juguetes para niños y niñas, multiestante con cubito organizador para almacenamiento de libros y juguetes, para niños, recámara, sala de juegos, pasillo, escuela de",https://www.amazon.com/dp/B0CJJ9KLMY,MZTRK,
,B0FM7WY6ZK,Cocina,disponible,disponible,,,2025-10-10T17:08:31.421Z,2025-10-10T21:47:27.430Z,2025-10-11T00:28:58.659Z,637,9.99,$793.15,"Soporte de paja de acrílico de 9.5 pulgadas para puerta de gabinete, 2 piezas ultra adhesivas para clóset montado en la puerta, organizador reutilizable para pequeños accesorios de cocina que",https://www.amazon.com/dp/B0FM7WY6ZK,Binglu,JunDing technology
,B0FL23KNFZ,Cocina,disponible,disponible,,,2025-10-10T17:08:31.421Z,2025-10-10T21:47:34.448Z,2025-10-11T00:29:08.021Z,2000,69.99,"$1,833.21","Keechee - Tablas de cortar de bambú aptas para lavaplatos, duraderas y ligeras, para cocina ocupada, fácil almacenamiento y limpiar tablas de cortar de madera con ranura para jugo, juego de 2 (M+S)",https://www.amazon.com/dp/B0FL23KNFZ,QIANTANG,Keechee
,B0FF4SGMCG,Cocina,disponible,disponible,,,2025-10-10T17:08:31.421Z,2025-10-10T21:47:41.801Z,2025-10-11T00:29:18.562Z,1356,23.99,"$1,535.36",Soporte para bolsa de basura,https://www.amazon.com/dp/B0FF4SGMCG,UMY STORE,Fujian Zhongshengda Electromechanical Technology C
,B0DRN48VXK,Cocina,disponible,disponible,,,2025-10-10T17:08:31.421Z,2025-10-10T21:47:49.166Z,2025-10-11T00:29:28.834Z,550,17.99,"$1,597.18","Kutesna - Contenedores de almacenamiento apilables, 2 tamaños, 4 unidades",https://www.amazon.com/dp/B0DRN48VXK,Amazon Estados Unidos,Kutesna
,B0D9FMHHFJ,Cocina,disponible,disponible,,,2025-10-10T17:08:31.421Z,2025-10-10T21:47:56.650Z,2025-10-11T00:29:39.508Z,489,20.99,"$1,359.95","Lixple - Organizador de cajones de bambú, organizador de cubiertos para cajón de cocina, organizador de utensilios apilables, 2 organizadores de cubiertos para cajón, bandeja de madera para caja de",https://www.amazon.com/dp/B0D9FMHHFJ,Marca: Lixple,Lixple
Decoración del Hogar,B0CKS3RNF1,Cocina,disponible,disponible,,,2025-10-10T17:08:31.421Z,2025-10-10T21:48:05.782Z,2025-10-11T00:29:49.885Z,890,31.5,"$1,724.14","Paquete de 2 marcos de arte para niños intercambiables de 10 x 12,5 W, colgadores, 2 alfombrillas para 9 x 12 pulgadas, A4, 8.5 x 11 pulgadas, proyectos de arte para niños, marcos de arte para niños,",https://www.amazon.com/dp/B0CKS3RNF1,Marca: Three Orchids,Three Orchids Shop
,B07L51777K,Cocina,no listado,disponible,,,2025-10-10T17:08:31.422Z,2025-10-10T21:48:15.721Z,2025-10-11T00:29:59.450Z,,120,"$8,155.79","Pasargad Home Grandcanyon Collection Puf de algodón, 43 cm de Ancho x 43 cm de Largo x 43 cm de Alto, Color Marfil",https://www.amazon.com/dp/B07L51777K,,KART IT
"Industria, Empresas y Ciencia",B01MQOECY6,Cocina,no disponible,disponible,,,2025-10-10T17:08:31.422Z,2025-10-10T21:48:21.984Z,2025-10-11T00:30:07.661Z,,39.99,"$1,838.61","Wooden Shoe Designs Arizona - Mapa de Corcho para Vino, Color café",https://www.amazon.com/dp/B01MQOECY6,Marca: Wooden Shoe Designs,Torched
,B00GTQYZ6O,Cocina,disponible,disponible,,,2025-10-10T17:08:31.422Z,2025-10-10T21:48:31.083Z,2025-10-11T00:30:15.809Z,17126,430.99,"$17,125.35",Contender c14509 20 bandeja de almacenamiento sin bandejas,https://www.amazon.com/dp/B00GTQYZ6O,Snorlax Store,RRI Goods
,B00GTQ37S6,Cocina,disponible,disponible,,,2025-10-10T17:08:31.422Z,2025-10-10T21:48:38.772Z,2025-10-11T00:30:24.189Z,5377,101.99,"$5,337.52","Madera diseños wd13900 libro visualización Rack, 20.3 x 61 x 25.4 cm (H x W x D)",https://www.amazon.com/dp/B00GTQ37S6,GK ALLSTORE,RRI Goods
,B000P93Q8E,Cocina,disponible,disponible,,,2025-10-10T17:08:31.422Z,2025-10-10T21:48:48.010Z,2025-10-11T00:30:33.840Z,419,16.87,"$2,044.40","Sanko PE #20 - Recipiente de almacenamiento de condimentos, color blanco",https://www.amazon.com/dp/B000P93Q8E,Amazon Japón,Amazon Japan
,B0F1F3MLN7,Decoración del Hogar,disponible,disponible,,,2025-10-10T17:08:42.921Z,2025-10-10T21:48:55.750Z,2025-10-11T00:30:43.675Z,1407,29.99,"$1,478.39","[Paquete de 2] Marcos de arte para niños, 8.5 x 11 pulgadas, apertura frontal para niños, marcos de arte cambiables, marco de almacenamiento para pared, capacidad para 50 piezas, para imágenes 3D",https://www.amazon.com/dp/B0F1F3MLN7,SAYIL STORE,Laekker Industries & Designs
,B0F2FHKZ5V,Decoración del Hogar,disponible,disponible,,,2025-10-10T17:08:42.921Z,2025-10-10T21:49:04.246Z,2025-10-11T00:30:53.311Z,1027,16.99,"$1,143.86","Scholartree - Marcos de arte para niños, paquete de 2 marcos de 8.5 x 11 pulgadas, apertura frontal para niños, marco de almacenamiento para pared, capacidad para 100 dibujos, grano de madera natural",https://www.amazon.com/dp/B0F2FHKZ5V,YAREN,Yixun-Ecommerce Design Direct
Meses sin Intereses,B0FGQL7VX2,Decoración del Hogar,disponible,disponible,,,2025-10-10T17:08:42.921Z,2025-10-10T21:49:13.013Z,2025-10-11T00:31:02.323Z,964,9.99,$906.45,"COQIRAUSEN - Estatuas de overol con globo, decoración del hogar, decoración de cerámica, bonita escultura decorativa, decoración moderna coleccionable, para sala de estar, estante, computadora de",https://www.amazon.com/dp/B0FGQL7VX2,Mishaland Store,COQIRAUSEN Direct
,B0CLVZ4NKP,Decoración del Hogar,no disponible,disponible,,,2025-10-10T17:08:42.921Z,2025-10-10T21:49:21.551Z,2025-10-11T00:31:11.862Z,,27,"$1,472.47","3 libros de imitación para decoración, libros de lujo para decoración del hogar, mesa de centro decorativa de entrada, libros apilados (color blanco, azul, café, colores pastel)",https://www.amazon.com/dp/B0CLVZ4NKP,Marca: Homestyle Decorators,HOMESTYLE DECORATORS
,B0CHF8VZLT,Decoración del Hogar,disponible,disponible,,,2025-10-10T17:08:42.921Z,2025-10-10T21:49:28.845Z,2025-10-11T00:31:20.843Z,2132,59.99,"$2,656.58","Barydat - Juego de 5 cajas de madera para exhibir cajas decorativas de madera con asas, cajas decorativas de estilo clásico de granja, cajas multiusos para frutas, verduras (color café, clásico)",https://www.amazon.com/dp/B0CHF8VZLT,POSTHASTE,Shiiajina
,B0FDFCR7GQ,Decoración del Hogar,disponible,disponible,,,2025-10-10T17:08:42.921Z,2025-10-10T21:49:35.981Z,2025-10-11T00:31:31.641Z,2181,29.99,"$2,080.19","KANEODOT - Reloj de mesa de madera clásico con caja fuerte oculta, compartimento secreto para dinero, joyas, anillos, relojes y almacenamiento de armas, reloj de mesa antiguo con pilas para sala de",https://www.amazon.com/dp/B0FDFCR7GQ,Duran STORE,Kanto Home
,B0DW43QCKK,Decoración del Hogar,disponible,disponible,,,2025-10-10T17:08:42.921Z,2025-10-10T21:49:43.229Z,2025-10-11T00:31:41.216Z,1682,28.99,"$1,595.25","Threehoney - 2 marcos de arte festoneados para niños, intercambiables, 8.5 x 11 pulgadas, apertura frontal, marco de trabajo para niños, color blanco para colgar fotos 3D, portafolios de",https://www.amazon.com/dp/B0DW43QCKK,SAYIL STORE,Miinkuan
,B0CSN52V7K,Decoración del Hogar,no disponible,disponible,,,2025-10-10T17:08:42.922Z,2025-10-10T21:49:52.111Z,2025-10-11T00:31:50.359Z,,19.99,"$1,337.39","Marcos de arte para niños cambiables, paquete de 2 [madera maciza] Marco de arte para niños, 8.5 x 11 pulgadas, marco de almacenamiento para pared, capacidad para 150 piezas, para arte 3D,",https://www.amazon.com/dp/B0CSN52V7K,Marca: GULETHUN,Gulethun
,B0CKFD5KQV,Decoración del Hogar,disponible,disponible,,,2025-10-10T17:08:42.922Z,2025-10-10T21:49:59.456Z,2025-10-11T00:31:59.209Z,7840,258.9,"$8,983.75","Li'l Davinci - clóset de arte de hasta 50 piezas de arte de 9 x 12 pulgadas, marco exterior de madera de 11.7 x 14.8 pulgadas, marco de arte para niños, apertura frontal, cuelga vertical u horizontal, blanco, paquete de 6",https://www.amazon.com/dp/B0CKFD5KQV,AkgunnStore,Luv Li'l Davinci
,B0FK4Z7GYG,Decoración del Hogar,no disponible,disponible,,,2025-10-10T17:08:42.922Z,2025-10-10T21:50:06.454Z,2025-10-11T00:32:08.619Z,,17.79,"$1,212.88","ABCHIOPQ2 - Marco de arte para niños, color azul, apertura frontal de 8.5 x 11 pulgadas, marco de arte de madera para niños, intercambiable, montado en la pared o de pie para niños, con capacidad para",https://www.amazon.com/dp/B0FK4Z7GYG,Marca: ABCHIOPQ,Rule Home
,B0F6T525T1,Decoración del Hogar,no disponible,disponible,,,2025-10-10T17:08:42.922Z,2025-10-10T21:50:15.213Z,2025-10-11T00:32:19.119Z,,12.99,$953.28,"ZTGDA - Arte de pared de estilo clásico con diseño de gato negro, retrato de steampunk, marco magnético para colgar de madera (Crow-01)",https://www.amazon.com/dp/B0F6T525T1,Marca: ZTGDA,ZTKJ666
,B0DSSG66GB,Decoración del Hogar,no disponible,disponible,,,2025-10-10T17:08:42.922Z,2025-10-10T21:50:24.455Z,2025-10-11T00:32:27.384Z,,12.99,"$1,015.40","Marcos de arte para niños, apertura frontal A4, marco de fotos para niños, muestra imágenes en retrato u paisaje, marcos de almacenamiento para niños, dibujo y manualidades, capacidad para 150 piezas",https://www.amazon.com/dp/B0DSSG66GB,Marca: timoplus,Timoplus store
,B0CKXDSGX8,Decoración del Hogar,no disponible,disponible,,,2025-10-10T17:08:42.922Z,2025-10-10T21:50:31.164Z,2025-10-11T00:32:35.763Z,,19.99,"$1,337.39","Ciyar - Marcos de arte para niños, diseño magnético de apertura frontal para álbum A4, 8.5 x 11, 10 x 12.5 pulgadas, capacidad para 150 piezas de papel (8.5 x 11, madera, 2 unidades)",https://www.amazon.com/dp/B0CKXDSGX8,Marca: Ciyar,CHUNG Official
,B0CF9W9SW9,Decoración del Hogar,disponible,disponible,,,2025-10-10T17:08:42.922Z,2025-10-10T21:50:38.159Z,2025-10-11T00:32:45.464Z,1312,31.99,"$1,643.97","sixzerone - Paquete de 2 marcos de arte cambiables para niños, apertura frontal, capacidad para 150, 10 x 12,5, marco de arte infantil con almacenamiento para exhibición, obra de arte infantil (negro)",https://www.amazon.com/dp/B0CF9W9SW9,Mall-Box,sixzerone store
,B0CBLM98BH,Decoración del Hogar,no disponible,disponible,,,2025-10-10T17:08:55.505Z,2025-10-10T21:50:47.099Z,2025-10-11T00:32:54.866Z,,30.99,"$1,709.87","COSHNIBI - Marco de arte para niños, madera compuesta, vidrio inastillable, negro, marco de fotos para niños, colocación de computadora, marco de fotos 2 en 1 montado en la pared (paquete de 2)",https://www.amazon.com/dp/B0CBLM98BH,Marca: COSHNIBI,COSHNIBI
,B09TFVB7T5,Decoración del Hogar,disponible,disponible,,,2025-10-10T17:08:55.505Z,2025-10-10T21:50:55.702Z,2025-10-11T00:33:02.998Z,1151,26.99,"$1,348.53","LIVDUCOT - Pila de libros de madera para decoración de casa de campo, apilados de libros de imitación rústicos, libros de madera para decoración moderna del hogar, libros apilados para mesas de café,",https://www.amazon.com/dp/B09TFVB7T5,Nestos Shop Ltd,Lucdecot
"Industria, Empresas y Ciencia",B0DPJYLFSN,Herramientas y Mejoras del Hogar,disponible,disponible,,,2025-10-10T17:05:02.463Z,2025-10-10T21:51:04.199Z,2025-10-11T00:33:13.799Z,3321,89.99,"$4,141.17","TEENFON clóset de almacenamiento para fregadero con pedestal, gabinete debajo del fregadero con 2 puertas y estante de almacenamiento, organizador debajo del baño para baño, verde bosque",https://www.amazon.com/dp/B0DPJYLFSN,Tesoro Azteca,Fioneso
,B09TXC5GVT,Herramientas y Mejoras del Hogar,disponible,disponible,,,2025-10-10T17:05:02.463Z,2025-10-10T21:51:12.558Z,2025-10-11T00:33:23.159Z,2033,45.99,"$2,231.95","Paquete de 5 cajas de almacenamiento cortas para cómics, marca Woodhaven Trading Firm",https://www.amazon.com/dp/B09TXC5GVT,Atishop,The Woodhaven Trading Firm
"Industria, Empresas y Ciencia",B08NPYS8ZL,Herramientas y Mejoras del Hogar,disponible,disponible,,,2025-10-10T17:05:02.463Z,2025-10-10T21:51:20.974Z,2025-10-11T00:33:31.357Z,1237,35.82,"$1,514.60","Mysummer - Juego de 4 elevadores de cama y muebles de 2 pulgadas, resistente, color negro, para sofá, silla, mesa para guardar debajo de la cama",https://www.amazon.com/dp/B08NPYS8ZL,Novayu,enjoyjune
"Industria, Empresas y Ciencia",B0F5HFD9TH,Herramientas y Mejoras del Hogar,no disponible,disponible,,,2025-10-10T17:05:02.463Z,2025-10-10T21:51:29.898Z,2025-10-11T00:33:43.600Z,,5.99,$755.80,"Paquete de 100 alfileres para falda de cama y tachuelas de tapicería con cabezas de hongo transparentes, diseño de giro en espiral para una fuerte sujeción de tela, arreglar faldas, fundas de cama",https://www.amazon.com/dp/B0F5HFD9TH,Marca: Notoke,baibeikejiy
,B0F2T1QKHT,Herramientas y Mejoras del Hogar,no listado,disponible,,,2025-10-10T17:05:02.463Z,2025-10-10T21:51:38.498Z,2025-10-11T00:33:53.667Z,,33.99,"$1,597.09","ZHIPINHUI Lámpara de noche hecha a mano con mosaico agrietado de hielo de 8 pulgadas con base de madera LED alimentada por USB, 10 niveles de brillo y 3 temperaturas de color, decoración artística",https://www.amazon.com/dp/B0F2T1QKHT,,ZHIPINHUI
,B0DZ233SPD,Herramientas y Mejoras del Hogar,disponible,disponible,,,2025-10-10T17:05:02.463Z,2025-10-10T21:51:44.422Z,2025-10-11T00:34:02.515Z,1981,29.99,"$1,884.89","Ultrawall - Estante de esquí para montaje en pared, estante de almacenamiento de esquí para 8 pares de esquís",https://www.amazon.com/dp/B0DZ233SPD,EDISON MURPHY,Ultrawall
"Industria, Empresas y Ciencia",B0FN6VM194,Herramientas y Mejoras del Hogar,disponible,disponible,,,2025-10-10T17:05:02.463Z,2025-10-10T21:51:52.814Z,2025-10-11T00:34:12.496Z,2109,41.39,"$2,025.02",ZYLARUM Muebles elevadores 6pcs | Extendentes de 4 Pulgadas de Cama y sofá de la Pierna | Risers de Muebles de plástico para Almacenamiento/Mantenimiento/Oficina en el hogar | Negro,https://www.amazon.com/dp/B0FN6VM194,Zhaoxintech's Store,Zhaoxintech's Store
"Industria, Empresas y Ciencia",B0FKZ1YPYX,Herramientas y Mejoras del Hogar,disponible,disponible,,,2025-10-10T17:05:02.463Z,2025-10-10T21:52:01.229Z,2025-10-11T00:34:20.488Z,3730,128.66,"$4,245.69","ROFBIHG 1 Par Bisagra Hidraulica con Tornillos, Cama De Sistema De Elevación, Juego De Resortes De Gas para Cama Tatami, Herrajes Cama Abatible, Bisagra Elevadora, Accesorio De Cama Color Negro(0.9m)",https://www.amazon.com/dp/B0FKZ1YPYX,LIXIAOLI-Q,LIXIAOLI-Q
"Industria, Empresas y Ciencia",B0FKZ3LYMH,Herramientas y Mejoras del Hogar,disponible,disponible,,,2025-10-10T17:05:02.463Z,2025-10-10T21:52:10.483Z,2025-10-11T00:34:29.493Z,4495,155.04,"$4,924.66","ROFBIHG 1 Par Bisagras Elevables, Cama De Sistema De Elevación, Bisagra Muelle Soporte Elevació, 1 Par Elevador De Cama con Resorte De Gas Hidráulico Tatami, Bisagra Hidraulica con Tornillos(1.2m)",https://www.amazon.com/dp/B0FKZ3LYMH,LIXIAOLI-Q,LIXIAOLI-Q
"Industria, Empresas y Ciencia",B0FHY3MSCN,Herramientas y Mejoras del Hogar,no disponible,disponible,,,2025-10-10T17:05:02.463Z,2025-10-10T21:52:19.860Z,2025-10-11T00:34:37.368Z,,44.89,"$2,039.25","Cerlyiont - Elevador de silla de cama resistente en forma de L de 6 pulgadas, antideslizante, para aumentar el espacio de almacenamiento para recámara",https://www.amazon.com/dp/B0FHY3MSCN,Marca: Cerlyiont,TangoB
"Industria, Empresas y Ciencia",B0FH5B8XRK,Herramientas y Mejoras del Hogar,disponible,disponible,,,2025-10-10T17:05:02.464Z,2025-10-10T21:52:28.193Z,2025-10-11T00:34:46.745Z,3900,135.52,"$4,422.13","ROFBIHG Juego De Mecanismos Elevables para Cama, Paquete De 2 Mecanismos De Elevación De Cama Neumática, Bisagras De Caja De Cama, Palanca Neumática Vertical De Lujo Soporte De Cama Resistente(1.1m)",https://www.amazon.com/dp/B0FH5B8XRK,LIXIAOLI-Q,LIXIAOLI-Q
"Industria, Empresas y Ciencia",B0FH5851BJ,Herramientas y Mejoras del Hogar,disponible,disponible,,,2025-10-10T17:05:02.464Z,2025-10-10T21:52:35.859Z,2025-10-11T00:34:55.007Z,2631,91.43,"$3,287.45","Kit De Mecanismo Hidráulico De Elevación De Cama, 1 Par Elevador De Cama con Resorte De Gas Hidráulico Tatami, Soporte De Elevación, Herrajes Cama Abatible, Cama De Sistema De Elevación(0.61m)",https://www.amazon.com/dp/B0FH5851BJ,LIXIAOLI-Q,LIXIAOLI-Q
"Industria, Empresas y Ciencia",B0F9P1G4H8,Herramientas y Mejoras del Hogar,disponible,disponible,,,2025-10-10T17:05:02.464Z,2025-10-10T21:52:43.471Z,2025-10-11T00:35:03.630Z,9705,325.98,"$9,704.54","Soporte Neumático De Elevación De Cama, 2 Unidades, Barra De Elevación Hidráulica Resistente, Mecanismo De Elevación De Cama De Almacenamiento, Almacenamiento Que Ahorra Espacio(Applicable to 1.8m bed",https://www.amazon.com/dp/B0F9P1G4H8,yuqi-jp,yuqi-jp
"Industria, Empresas y Ciencia",B0F9NWJ3XJ,Herramientas y Mejoras del Hogar,disponible,disponible,,,2025-10-10T17:05:02.464Z,2025-10-10T21:52:52.480Z,2025-10-11T00:35:13.241Z,9813,329.6,"$9,812.14","2 Juegos Kit De Elevación De La Cama, Elevador De Cama Compatible De 120/150/180 cm, Kit De Hardware Mecánico De Cama Palanca Neumática Vertical Soporte De Cama Resistente Soporte Neumático(Applicable",https://www.amazon.com/dp/B0F9NWJ3XJ,yuqi-jp,yuqi-jp
"Industria, Empresas y Ciencia",B0F9NQL41F,Herramientas y Mejoras del Hogar,disponible,disponible,,,2025-10-10T17:05:02.464Z,2025-10-10T21:53:01.448Z,2025-10-11T00:35:21.062Z,10028,336.82,"$10,027.34","Juego De 2 Juegos De Elevación De Cama De Resorte De Gas, Soportes De Elevación De Cama De Almacenamiento Neumático, Mecanismo De Elevación De Cama De Almacenamiento Neumático(Applicable to 1.8m bed)",https://www.amazon.com/dp/B0F9NQL41F,yuqi-jp,yuqi-jp
"Industria, Empresas y Ciencia",B0F9NK3LTJ,Herramientas y Mejoras del Hogar,disponible,disponible,,,2025-10-10T17:05:13.040Z,2025-10-10T21:53:10.463Z,2025-10-11T00:35:29.001Z,3055,102.64,"$3,575.89","YUQIWKK 2 Varillas Hidráulicas para Cama, Mecanismos Hidráulicos De Alta Resistencia, Bisagras Plegables con Resorte para Caja De Cama con Almacenamiento O Sofá Cama, Ahorra Espacio DIY",https://www.amazon.com/dp/B0F9NK3LTJ,yuqi-jp,yuqi-jp
"Industria, Empresas y Ciencia",B0F9NFMQB6,Herramientas y Mejoras del Hogar,disponible,disponible,,,2025-10-10T17:05:13.040Z,2025-10-10T21:53:17.825Z,2025-10-11T00:35:37.613Z,9974,335.02,"$9,973.54","Elevador De Cama Capacidad De 60/70/90 Kg, Kit De Hardware Mecánico De Cama, Soporte De Cama Resistente para Habitación De Invitados, Cama De Elevación para Abatible De 120, 150 Ó 180 cm(Applicable to",https://www.amazon.com/dp/B0F9NFMQB6,yuqi-jp,yuqi-jp
,B0F9DBW6HP,Herramientas y Mejoras del Hogar,disponible,disponible,,,2025-10-10T17:05:13.040Z,2025-10-10T21:53:25.611Z,2025-10-11T00:35:46.450Z,7930,169,"$7,975.94","ZZM - clóset de almacenamiento para interiores y exteriores, 34.3 x 15.1 x 33.5 pulgadas, cobertizo con 1 estante, color negro",https://www.amazon.com/dp/B0F9DBW6HP,CreativeToolsStore,ZZMJY
"Industria, Empresas y Ciencia",B0F62MK52Q,Herramientas y Mejoras del Hogar,disponible,disponible,,,2025-10-10T17:05:13.040Z,2025-10-10T21:53:34.697Z,2025-10-11T00:35:58.026Z,2582,85.49,"$3,134.67","Mecanismo De Elevación De Cama Plegable, Bisagras De Resorte De Caja De Cama De Alta Resistencia, Soporte De Elevación De Puntal De Gas, Herrajes Cama Abatible, Amortiguadores Bisagra(Negro,620mm)",https://www.amazon.com/dp/B0F62MK52Q,yuqi-jp,yuqi-jp
"Industria, Empresas y Ciencia",B0F62M2SBQ,Herramientas y Mejoras del Hogar,disponible,disponible,,,2025-10-10T17:05:13.040Z,2025-10-10T21:53:41.822Z,2025-10-11T00:36:06.788Z,2560,84.78,"$3,116.32","Soportes De Elevación De Cama De Almacenamiento Neumáticos, Soporte De Elevación Neumático Hidráulico, Varilla De Soporte Hidráulico Para Tatami, Kit De Elevación, 62/80/100/120/150 Cm(Blanco,620mm)",https://www.amazon.com/dp/B0F62M2SBQ,yuqi-jp,yuqi-jp
"Industria, Empresas y Ciencia",B0F62KW3H5,Herramientas y Mejoras del Hogar,disponible,disponible,,,2025-10-10T17:05:13.040Z,2025-10-10T21:53:49.405Z,2025-10-11T00:36:14.725Z,3045,100.8,"$3,528.58","YUQIWKK Mecanismo De Elevación De Cama Hidráulico De 2 Piezas, Kit De Hardware Mecánico De Cama Palanca Neumática, Soporte De Cama Resistente para Habitación De Invitados, Blanco/Negro(Negro,800mm)",https://www.amazon.com/dp/B0F62KW3H5,yuqi-jp,yuqi-jp
"Industria, Empresas y Ciencia",B0F62KM16W,Herramientas y Mejoras del Hogar,disponible,disponible,,,2025-10-10T17:05:13.040Z,2025-10-10T21:53:56.653Z,2025-10-11T00:36:22.655Z,4508,149.25,"$4,775.49","Mecanismo De Resortes De Cama Elevadora De 2 Piezas, Juego De Bisagras Con Resortes, Soporte De Elevación De Cama Amortiguador De Gas Elevador De Cama De Almacenamiento De Alta Resistencia(Blanco,1200",https://www.amazon.com/dp/B0F62KM16W,yuqi-jp,yuqi-jp
"Industria, Empresas y Ciencia",B0F62DMQ5P,Herramientas y Mejoras del Hogar,disponible,disponible,,,2025-10-10T17:05:13.040Z,2025-10-10T21:54:04.688Z,2025-10-11T00:36:32.193Z,3088,102.23,"$3,565.51","YUQIWKK 2 Mecanismos De Elevación De Cama, Soportes De Elevación De Cama De Almacenamiento Neumático, Mecanismo De Elevación De Cama Plegable para Cama, Sofá, Almacenamiento, Resorte De Gas(750mm)",https://www.amazon.com/dp/B0F62DMQ5P,yuqi-jp,yuqi-jp
"Industria, Empresas y Ciencia",B0F62927WY,Herramientas y Mejoras del Hogar,disponible,disponible,,,2025-10-10T17:05:13.040Z,2025-10-10T21:54:13.785Z,2025-10-11T00:36:40.510Z,3766,124.67,"$4,142.86","2 Mecanismos De Elevación De Cama, Amortiguadore Bisagra Elevable, Soportes De Elevación De Cama De Almacenamiento Neumático, Bisagras De Resorte Plegables, Ahorro De Espacio(6 Tamaños)(900mm)",https://www.amazon.com/dp/B0F62927WY,yuqi-jp,yuqi-jp
"Industria, Empresas y Ciencia",B0F5HHDVZ6,Herramientas y Mejoras del Hogar,disponible,disponible,,,2025-10-10T17:05:13.040Z,2025-10-10T21:54:23.505Z,2025-10-11T00:36:48.540Z,1544,37.99,"$2,031.85","MCXYEM - Elevadores de cama ajustables para muebles, resistentes de 4 o 8 pulgadas o 12 pulgadas, soportes de elevación antideslizantes para camas/sillas/sofás, diseño cuadrado duradero con espacio de",https://www.amazon.com/dp/B0F5HHDVZ6,Marca: MCXYEM,MCXYEM
"Industria, Empresas y Ciencia",B0F52C8YCZ,Herramientas y Mejoras del Hogar,disponible,disponible,,,2025-10-10T17:05:13.040Z,2025-10-10T21:54:32.435Z,2025-10-11T00:36:56.696Z,1390,21.69,"$1,315.26","DIYEAH - 4 elevadores de patas de muebles resistentes para cama, sofá, computadora y silla, elevadores sin muebles, aumentan la altura para una mayor estabilidad y almacenamiento y diseño debajo de la",https://www.amazon.com/dp/B0F52C8YCZ,DEVRANSTORE,Second Speed SS
"Industria, Empresas y Ciencia",B0F22ZGXMF,Herramientas y Mejoras del Hogar,no disponible,disponible,,,2025-10-10T17:05:13.040Z,2025-10-10T21:54:40.244Z,2025-10-11T00:37:06.459Z,,24.29,"$1,333.69","EXHUMKY - Elevadores de cama de alta resistencia para sofá, mesa, silla, cama, bloques de elevación para mayor altura base para almacenamiento de piso",https://www.amazon.com/dp/B0F22ZGXMF,Visita la tienda de EXHUMKY,CQIONG
"Industria, Empresas y Ciencia",B0DRQT3971,Herramientas y Mejoras del Hogar,no disponible,disponible,,,2025-10-10T17:05:13.041Z,2025-10-10T21:54:48.825Z,2025-10-11T00:37:14.746Z,,25.89,"$1,378.89","EXHUMKY - 4 elevadores de cama resistentes para sofá, mesa y computadora, para un mayor espacio de almacenamiento, bloques de soporte para marco de cama y patas de muebles",https://www.amazon.com/dp/B0DRQT3971,Visita la tienda de EXHUMKY,CQIONG
"Industria, Empresas y Ciencia",B0DR7JFX22,Herramientas y Mejoras del Hogar,no disponible,disponible,,,2025-10-10T17:05:13.041Z,2025-10-10T21:54:55.779Z,2025-10-11T00:37:24.945Z,,25.89,"$1,378.89","JEWEDECO - 4 elevadores de cama ajustables de alta resistencia para muebles de plataforma para silla y patas de mesa, aumenta la altura silenciosa, resistente al desgaste para almacenamiento de",https://www.amazon.com/dp/B0DR7JFX22,Visita la tienda de JEWEDECO,Durgant
"Industria, Empresas y Ciencia",B0DR7GVKJM,Herramientas y Mejoras del Hogar,no listado,disponible,,,2025-10-10T17:05:13.041Z,2025-10-10T22:20:37.140Z,2025-10-11T00:37:36.238Z,,16.39,"$1,048.98","AUTSUPPL - 2 elevadores de cama ajustables para muebles, bloques de apoyo resistentes para cama, sofá, computadora, sofá, elevan tus muebles para almacenamiento adicional y fácil limpieza",https://www.amazon.com/dp/B0DR7GVKJM,,Sanacen
"Industria, Empresas y Ciencia",B0DQBP28TT,Herramientas y Mejoras del Hogar,no disponible,disponible,,,2025-10-10T17:05:13.041Z,2025-10-10T22:20:47.081Z,2025-10-11T00:37:44.902Z,,24.29,"$1,333.69","HYTROVE - 4 elevadores de cama resistentes para muebles de elevación de altura, soporte resistente para sofá, mesa, sofá y cama, muebles para crear espacio de almacenamiento para proteger los suelos",https://www.amazon.com/dp/B0DQBP28TT,Visita la tienda de HYTROVE,BEAUTYUE
"Industria, Empresas y Ciencia",B0D9J8519P,Herramientas y Mejoras del Hogar,no disponible,disponible,,,2025-10-10T17:05:28.598Z,2025-10-10T22:20:54.673Z,2025-10-11T00:37:53.213Z,,328.69,"$10,735.54","Mecanismo de elevación de cama plegable, Bisagra de elevación de cama con varilla neumática de equilibrio, Amortiguador de bisagra de soporte de tapa con resorte de gas de alta resistencia(Applicable",https://www.amazon.com/dp/B0D9J8519P,Marca: ROFBIHG,LIXIAOLI-Q
"Industria, Empresas y Ciencia",B0D9J6MZ9X,Herramientas y Mejoras del Hogar,disponible,disponible,,,2025-10-10T17:05:28.598Z,2025-10-10T22:21:01.849Z,2025-10-11T00:38:03.930Z,12972,335.92,"$10,948.22","Juegos de dos bisagras para canapé, Kit de elevación de cama de almacenamiento de resorte de gas de alta resistencia, varilla de soporte hidráulica para caja de cama, tatami, sofá(Applicable to 1.8m b",https://www.amazon.com/dp/B0D9J6MZ9X,LIXIAOLI-Q,LIXIAOLI-Q
"Industria, Empresas y Ciencia",B0D7PB24FW,Herramientas y Mejoras del Hogar,no disponible,disponible,,,2025-10-10T17:05:28.598Z,2025-10-10T22:21:11.193Z,2025-10-11T00:38:12.337Z,,188.79,"$6,079.79","Kit de Mecanismo de Elevación de Cama de Almacenamiento 60/80/90/100/110/120/150 cm Juego De Bisagras De Marco De Cama De Almacenamiento De Elevación Elevación Hidráulica Pistones de Gas(Blanco,110cm/",https://www.amazon.com/dp/B0D7PB24FW,Marca: ROFBIHG,LIXIAOLI-Q
"Industria, Empresas y Ciencia",B0D6QPQHP3,Herramientas y Mejoras del Hogar,disponible,disponible,,,2025-10-10T17:05:28.598Z,2025-10-10T22:21:19.365Z,2025-10-11T00:38:20.291Z,5945,189.81,"$6,047.35",ROFBIHG 2 Pzs Mecanismos Elevadores De Cama HidráUlicos 61/75/90/110/120/150 cm Elevador De Tapa De Almacenamiento De Cama HidráUlico Accesorios De Cama Plegable Resorte De Gas Negro(150cm/5FT),https://www.amazon.com/dp/B0D6QPQHP3,LIXIAOLI-Q,LIXIAOLI-Q
"Industria, Empresas y Ciencia",B0CJXYVSBD,Herramientas y Mejoras del Hogar,no disponible,disponible,,,2025-10-10T17:05:28.598Z,2025-10-10T22:21:26.566Z,2025-10-11T00:38:28.907Z,,49,"$2,342.21","Living - Kit de elevación de cama plegable y elevable, 2,75 mm, 23.6 pulgadas, mecanismos de elevación de cama hidráulica, juego de muelles de gas, un par de elevador de cama de almacenamiento para",https://www.amazon.com/dp/B0CJXYVSBD,Marca: DUTTIETY,YUYUUA
"Industria, Empresas y Ciencia",B0CDQTLT2Y,Herramientas y Mejoras del Hogar,disponible,disponible,,,2025-10-10T17:05:28.598Z,2025-10-10T22:21:34.894Z,2025-10-11T00:38:38.613Z,160,13.99,$981.30,"Tablero de madera rústico de casa de campo con flores botánicas de un solo interruptor de luz, cubierta decorativa de 1 pandilla, placa frontal eléctrica para baño, recámara, accesorios de decoración",https://www.amazon.com/dp/B0CDQTLT2Y,Marca: Yamxbfa,hengxin wp
,B0FDKKWQ31,Juguetes y Juegos,disponible,disponible,,,2025-10-10T17:12:48.081Z,2025-10-10T22:21:42.863Z,2025-10-11T00:38:49.537Z,995,15.99,$962.42,"BrainyBees - Bolsa de juguetes de playa extragrande con cordón - Bolsa de malla para juguetes de arena, elementos esenciales ligeros para la piscina, color verde neón",https://www.amazon.com/dp/B0FDKKWQ31,kaanbetul,SY-Store
,B0DCVXWNCV,Juguetes y Juegos,disponible,disponible,,,2025-10-10T17:12:48.081Z,2025-10-10T22:21:50.717Z,2025-10-11T00:39:00.159Z,1037,28.51,"$1,383.29","Rexmica - 2 bolsas grandes de almacenamiento de juguetes compatibles con ladrillos de juguete, bolsas de viaje de juguete para bloques de construcción, azulejos magnéticos de construcción, coches de",https://www.amazon.com/dp/B0DCVXWNCV,CATTLESIV,Lujin Direct
,B0CTYMRY9D,Juguetes y Juegos,disponible,disponible,,,2025-10-10T17:12:48.081Z,2025-10-10T22:21:57.775Z,2025-10-11T00:39:08.507Z,969,18.99,"$1,081.34","WRITWAA 1 pieza de cofre del pirata para niños, disfraz de pirata, juguete para bebé, estilo clásico, decoración de boda, juguetes para bebés, juguetes para exteriores,",https://www.amazon.com/dp/B0CTYMRY9D,SEVENTEEN DESIGN,Saieli
,B0FB75ZHKN,Juguetes y Juegos,disponible,disponible,,,2025-10-10T17:12:48.081Z,2025-10-10T22:22:06.394Z,2025-10-11T00:39:17.092Z,5134,139.99,"$5,427.91","Montessori Mesa de actividades multifunción hecha a mano de madera de abedul con almacenamiento, compatible con Lego, Duplo y Mega Bloks, mesa de juego para niños con pista de coche, caja de arena con",https://www.amazon.com/dp/B0FB75ZHKN,MZTRK,Epic Selection Enterprise LLC
Muebles,B0FGXQGFTC,Juguetes y Juegos,disponible,disponible,,,2025-10-10T17:12:48.082Z,2025-10-10T22:22:13.861Z,2025-10-11T00:39:25.104Z,1804,39.99,"$1,963.54","Organizador de almacenamiento de animales de peluche del canal viejo, almacenamiento de peluche de madera, organizador de almacenamiento de juguetes para ahorrar espacio, soporte de zoológico para",https://www.amazon.com/dp/B0FGXQGFTC,Asia Silk Store,Old Canal
Muebles,B0FBVBRPKX,Juguetes y Juegos,disponible,disponible,,,2025-10-10T17:12:48.082Z,2025-10-10T22:22:21.863Z,2025-10-11T00:39:34.689Z,1126,22.99,"$1,241.37","Rexmica - Paquete de 2 bolsas de almacenamiento de juguetes con cordón compatible con ladrillos Lego, bolsa de almacenamiento de juguetes para bloques de construcción, azulejos magnéticos, juegos de",https://www.amazon.com/dp/B0FBVBRPKX,DAMTE LLC,Lujin Direct
,B0FBW59HXY,Juguetes y Juegos,no disponible,disponible,,,2025-10-10T17:12:48.082Z,2025-10-10T22:22:30.411Z,2025-10-11T00:39:44.487Z,,22.99,"$1,297.21","CUTHOLLOW Organizador de almacenamiento de coche de juguete compatible con Hot Wheels – con 48 compartimentos y divisores ajustables, mini estuche portátil para coche de caja de cerillas, color azul",https://www.amazon.com/dp/B0FBW59HXY,Marca: CUTHOLLOW,CUTHOLLOW
,B0CHDSK3H4,Juguetes y Juegos,disponible,disponible,,,2025-10-10T17:12:48.082Z,2025-10-10T22:22:39.472Z,2025-10-11T00:39:55.034Z,871,19.99,"$1,050.45","Red de almacenamiento de animales de peluche o hamaca, red de hamaca de juguete para colgar en la esquina de animales de peluche, red de peluche para recámara, cuarto de niños, exhibición de juguetes",https://www.amazon.com/dp/B0CHDSK3H4,MegaMondo,Littleguoguo
,B0B52CNWFY,Juguetes y Juegos,no disponible,disponible,,,2025-10-10T17:12:48.082Z,2025-10-10T22:22:48.844Z,2025-10-11T00:40:06.100Z,,12.95,$951.96,"Bolsa de almacenamiento de malla de nailon turquesa para cocinar con niños, herramientas de cocina y hornear para niños, 17 x 11 pulgadas, cierre de cordón, asas resistentes para colgar,",https://www.amazon.com/dp/B0B52CNWFY,Marca: Cooking with Kids,Cooking with Kids
,B00IPK599Y,Juguetes y Juegos,disponible,disponible,,,2025-10-10T17:12:48.082Z,2025-10-10T22:22:55.481Z,2025-10-11T00:40:14.937Z,4323,55.95,"$4,239.00","Guidecraft Expressions - Estantería de Almacenamiento de Madera para niños, para Escuela, Sala de Juegos y Muebles de recámara",https://www.amazon.com/dp/B00IPK599Y,SWORD LIMITED M. X.,Guidecraft
Muebles,B0CLGSZRTD,Meses sin Intereses,disponible,disponible,,,2025-10-10T17:11:14.630Z,2025-10-10T22:23:03.738Z,2025-10-11T00:40:25.284Z,4230,76.33,"$4,229.01","NELYE - Estantería organizadora de 6 cubos – Contenedor de contenedores de almacenamiento de tela, estante abierto con compartimentos simples, estantería de roble",https://www.amazon.com/dp/B0CLGSZRTD,e-vilop (Facturamos CFDI),NELYE DIRECT
Muebles,B0F66J4KQP,Meses sin Intereses,disponible,disponible,,,2025-10-10T17:11:14.630Z,2025-10-10T22:23:11.387Z,2025-10-11T00:40:34.184Z,805,13.99,$952.69,"6 bolsas organizadoras de almacenamiento de juguetes, PVC azul y rojo rosa, impermeable, transparente, para sala de estar, juegos de mesa, bolsas de almacenamiento de juguetes al aire última",https://www.amazon.com/dp/B0F66J4KQP,CRAZYBIG STORE,SONG-M
Muebles,B0F2MLV5BY,Meses sin Intereses,disponible,disponible,,,2025-10-10T17:11:14.630Z,2025-10-10T22:23:20.069Z,2025-10-11T00:40:43.819Z,6348,129.99,"$7,107.35","Organizador de almacenamiento de libros de juguetes para niños, estantería grande con 7 contenedores extraíbles, estantería para bebés y almacenamiento de juguetes, estante de libros de 4 niveles para",https://www.amazon.com/dp/B0F2MLV5BY,STOREARENS,FINETEX US
Muebles,B0DWSK8587,Meses sin Intereses,disponible,disponible,,,2025-10-10T17:11:14.630Z,2025-10-10T22:23:29.584Z,2025-10-11T00:40:53.115Z,1536,34.99,"$1,834.90","pioncrey - Puf hexagonal con 2 bolsillos y asa, pufs de pana cómodos, otomano de almacenamiento antideslizante, reposapiés de espuma para sofá, recámara (beige)",https://www.amazon.com/dp/B0DWSK8587,AKCES STORE,XYZEYI
Muebles,B0F9PDQSZD,Meses sin Intereses,disponible,disponible,,,2025-10-10T17:11:14.630Z,2025-10-10T22:23:38.066Z,2025-10-11T00:41:02.513Z,2305,42.99,"$2,630.45","XIVIRACK Carrito de cocina de 3 niveles con estantes ajustables – Carrito de almacenamiento para microondas y organizador rodante, ruedas industriales para espacios pequeños, panel negro de 15.7 x",https://www.amazon.com/dp/B0F9PDQSZD,STOREARENS,xiewei Store
Muebles,B0FLPT44FF,Meses sin Intereses,disponible,disponible,,,2025-10-10T17:11:14.630Z,2025-10-10T22:23:46.844Z,2025-10-11T00:41:12.910Z,2061,49.99,"$2,335.01","Almacenamiento de animales de peluche con bolsas de almacenamiento, tubos de PVC resistentes, organizador de almacenamiento de juguetes con ruedas de freno, estante de almacenamiento para sala de",https://www.amazon.com/dp/B0FLPT44FF,ZEN GLOBAL,MoonlightJOY
Obras de Arte y Material Decorativo,B09T2PYV6V,Meses sin Intereses,disponible,disponible,,,2025-10-10T17:11:14.631Z,2025-10-10T22:23:54.456Z,2025-10-11T00:41:24.028Z,1886,43.44,"$1,938.68","Arte de pared con diseño de árbol de la vida en lona, imágenes de paisaje natural, decoración del hogar, pinturas coloridas del bosque, para sala de estar, baño, recámara, cocina, decoración de 20 x 40 pulgadas, ilustraciones enmarcadas, fácil de colgar",https://www.amazon.com/dp/B09T2PYV6V,Novayu,yuelianlong
Muebles,B07Z44WZJ1,Meses sin Intereses,disponible,disponible,,,2025-10-10T17:11:14.631Z,2025-10-10T22:24:04.430Z,2025-10-11T00:41:32.826Z,3280,63.23,"$2,537.00",Play and Go 49026 Bolsa de Almacenamiento de Espacio Fluorescente (Play & GO),https://www.amazon.com/dp/B07Z44WZJ1,e-vilop (Facturamos CFDI),Limolin LLC
Muebles,B0DWNCTFWM,Meses sin Intereses,disponible,disponible,,,2025-10-10T17:11:28.071Z,2025-10-10T22:24:13.975Z,2025-10-11T00:41:41.920Z,5248,89.99,"$5,240.33","2BYF - Juego de 2 taburetes redondos de terciopelo tapizado para sala de estar, otomanos, reposapiés multifuncional, color azul",https://www.amazon.com/dp/B0DWNCTFWM,e-vilop (Facturamos CFDI),Sunreal Furnishings
Muebles,B0CW1TL51K,Meses sin Intereses,disponible,disponible,,,2025-10-10T17:11:28.071Z,2025-10-10T22:24:22.217Z,2025-10-11T00:41:50.656Z,5442,39.99,"$5,423.50","AOPNOMU - Estantería y estantería para niños, varios estantes con 3 cajones de tela plegables, estante de exhibición de libros y juguetes, organizador de almacenamiento de juguetes para recámara, sala",https://www.amazon.com/dp/B0CW1TL51K,e-vilop (Facturamos CFDI),AOPNOMU
Muebles,B0CHTNSTCY,Meses sin Intereses,disponible,disponible,,,2025-10-10T17:11:28.071Z,2025-10-10T22:24:28.963Z,2025-10-11T00:42:01.594Z,5299,99,"$5,298.01","Gouchee Home Belgique - Puf de Terciopelo Redondo (20 x 12 Pulgadas), Color Rosa otomana",https://www.amazon.com/dp/B0CHTNSTCY,e-vilop (Facturamos CFDI),GOUCHEE HOME
Muebles,B0FJ6YKWG6,Meses sin Intereses,disponible,disponible,,,2025-10-10T17:11:28.071Z,2025-10-10T22:24:37.246Z,2025-10-11T00:42:09.531Z,867,6.99,$818.18,"Red de almacenamiento de juguetes colgante, hamaca de cuerda de algodón con anillos de madera, organizador montado en la pared para animales de peluche, diseño triangular (blanco)",https://www.amazon.com/dp/B0FJ6YKWG6,CRAZYBIG STORE,fxqtomio Sweet life
Muebles,B0FH7BTW5V,Meses sin Intereses,disponible,disponible,,,2025-10-10T17:11:28.071Z,2025-10-10T22:24:45.855Z,2025-10-11T00:42:19.156Z,4288,79.99,"$4,457.52",Buy1CrossGo Organizador de juguetes con patrón de gato,https://www.amazon.com/dp/B0FH7BTW5V,WALKERSSTORE,Buy1CrossGo
Muebles,B0FH7B5VSG,Meses sin Intereses,disponible,disponible,,,2025-10-10T17:11:28.072Z,2025-10-10T22:24:53.803Z,2025-10-11T00:42:29.006Z,3037,59.99,"$3,305.26",Buy1CrossGo 3 neumáticos 9 contenedores Organizador de juguetes,https://www.amazon.com/dp/B0FH7B5VSG,WALKERSSTORE,Buy1CrossGo
Muebles,B0F52SQ8S9,Meses sin Intereses,disponible,disponible,,,2025-10-10T17:11:28.072Z,2025-10-10T22:25:00.930Z,2025-10-11T00:42:39.446Z,1378,45.99,"$2,004.34","BENCHRY - Soporte de metal para guardar zoológico, soporte de juguetes para niños, organizador de juguetes resistente, perfecto para niños y niñas, cuarto de juegos, habitación de niños, color rosa",https://www.amazon.com/dp/B0F52SQ8S9,Amazon Estados Unidos,Lei Peng
Obras de Arte y Material Decorativo,B0DWJLZLXX,Meses sin Intereses,disponible,disponible,,,2025-10-10T17:11:28.072Z,2025-10-10T22:25:09.527Z,2025-10-11T00:42:48.312Z,647,6.99,$715.91,"Yomisex - Póster inspirador de diente de león alemán, decoración de pared con afirmaciones positivas, lona botánico motivacional de flores silvestres enmarcado para oficina en casa, 12 x 16 pulgadas",https://www.amazon.com/dp/B0DWJLZLXX,MALL OF MEXİCO,HAOJUNENR
Muebles,B0CH8LTMK9,Meses sin Intereses,disponible,disponible,,,2025-10-10T17:11:41.590Z,2025-10-10T22:25:18.626Z,2025-10-11T00:42:56.636Z,3350,96.99,"$4,192.10","Dorriss - Banco otomano de almacenamiento para sala de estar, otomano con bandeja, recámara, taburete de almacenamiento, otomanos, tapa de mesa de centro, reposapiés con patas de extremo de la cama,",https://www.amazon.com/dp/B0CH8LTMK9,ONEBLOOD STORE,DORRISS
,B07KB8QC18,Meses sin Intereses,disponible,disponible,,,2025-10-10T17:11:41.590Z,2025-10-10T22:25:28.379Z,2025-10-11T00:43:04.898Z,8433,119,"$8,185.03","Poufs&Pillows Puf Artisanal de Cuero auténtico - Hecho a Mano - Vacio/con Relleno - Otomana, cojin de Suelo, reposapiés … (Gris, Vacio)",https://www.amazon.com/dp/B07KB8QC18,e-vilop (Facturamos CFDI),Sophia's Home
,B0F1784Z9B,Muebles,disponible,disponible,,,2025-10-10T17:09:06.721Z,2025-10-10T22:25:36.055Z,2025-10-11T00:43:13.775Z,1423,29.99,"$1,436.71","Organizador sobre la puerta para armas de juguete, colgador de puerta de almacenamiento de juguetes con bolsillos y ranuras para lanzadores de espuma para niños, dardos, anteojos, organizador de",https://www.amazon.com/dp/B0F1784Z9B,profesor store,Mefirt
,B0CZS1B4HR,Muebles,disponible,disponible,,,2025-10-10T17:09:06.721Z,2025-10-10T22:25:44.847Z,2025-10-11T00:43:23.358Z,5080,99.99,"$6,552.69","Boucle - Banco otomano de Almacenamiento para recámara en el Extremo de la Cama, Asiento tapizado Sherpa para Zapatos de Playa para Entrada, pie de Cama, cojín Rectangular, Cofre Acolchado Lindo para",https://www.amazon.com/dp/B0CZS1B4HR,TRADE OF MX,ASD Furniture
,B0DK51PPXY,Muebles,disponible,disponible,,,2025-10-10T17:09:06.721Z,2025-10-10T22:25:52.308Z,2025-10-11T01:16:18.427Z,4564,91.45,"$4,576.12","FURNinspire - Estantería de madera para niños de 3 niveles, estantería para niños con correa de tres capas, organizador de almacenamiento de libros y juguetes, estante de exhibición de libros, sala de",https://www.amazon.com/dp/B0DK51PPXY,MegaMondo,
,B0FGDC8KCS,Muebles,disponible,disponible,,,2025-10-10T17:09:06.721Z,2025-10-10T22:26:01.406Z,2025-10-11T00:43:42.429Z,2463,49.99,"$2,441.00","Almacenamiento de animales de peluche - Organizador de juguetes de madera de 58 pulgadas con bandas elásticas y ruedas giratorias, sostiene juguetes de felpa masivos para guardería, sala de juegos",https://www.amazon.com/dp/B0FGDC8KCS,A_DEM,zhourui-us
,B0FGHZ87T9,Muebles,disponible,disponible,,,2025-10-10T17:09:06.721Z,2025-10-10T22:26:10.147Z,2025-10-11T00:43:50.248Z,2137,59.99,"$2,656.58","Zoo extragrande de almacenamiento de animales de peluche con ruedas, soporte de animales de peluche de madera, organizador de juguetes de peluche, zoológico de animales con banda elástica y red para",https://www.amazon.com/dp/B0FGHZ87T9,BEST SUPPLY,youyangli
,B0FCMGMJM4,Muebles,disponible,disponible,,,2025-10-10T17:09:06.721Z,2025-10-10T22:26:19.996Z,2025-10-11T00:43:59.510Z,3600,110.02,"$3,688.85","Estera De Dormir Verano De Rota Con Ajenjo, Colchón De Enfriamiento De Verano Almohadilla De Topper Con Funda De Almohada, Estera Plegable De Doble Cara Con Seda Helada Para Casa Escuela Dormitorio(Gr",https://www.amazon.com/dp/B0FCMGMJM4,CongYue,CongYue
,B0DFVV92QW,Muebles,disponible,disponible,,,2025-10-10T17:09:06.721Z,2025-10-10T22:26:27.815Z,2025-10-11T00:44:07.442Z,1239,16.9,"$1,341.05","3 bolsas de almacenamiento de juguetes de PVC transparente con cierre y asa, almacenamiento de juegos de mesa reutilizable, impermeable, organizador de almacenamiento de juguetes para bloques de",https://www.amazon.com/dp/B0DFVV92QW,SWORD LIMITED M. X.,SHUENEG
,B0F9JTSZ3R,Muebles,disponible,disponible,,,2025-10-10T17:09:06.722Z,2025-10-10T22:26:35.674Z,2025-10-11T00:44:18.117Z,1839,129.99,"$6,149.47","SEVOBAL - clóset buffet con almacenamiento, moderno acento estriado Credenza con 2 puertas, armarios de entrada para consola multimedia buffet con estantes ajustables para sala de estar, comedor",https://www.amazon.com/dp/B0F9JTSZ3R,Marca: SEVOBAL,SEVOBAL Direct
,B0CL9LBPWJ,Muebles,disponible,disponible,,,2025-10-10T17:09:06.722Z,2025-10-10T22:26:45.480Z,2025-10-11T00:44:28.876Z,936,18.99,"$1,138.31","Bolsas de colchón para mudanza, cierre de cierre, no se decolora, resistente al desgarro, ultra grueso, impermeable, resistente al agua, funda de colchón para mover King..",https://www.amazon.com/dp/B0CL9LBPWJ,yildiz store,Jzbearapt
,B0DSGYMH67,Muebles,disponible,disponible,,,2025-10-10T17:09:06.722Z,2025-10-10T22:26:53.610Z,2025-10-11T00:44:37.793Z,2206,63.99,"$2,638.65","Mloong - Almacenamiento de zoológico de animales de peluche, de madera rosa, regalo para guardería, sala de juegos, habitación de niños, recámara (54 pulgadas)",https://www.amazon.com/dp/B0DSGYMH67,UMY STORE,Mloong Baby Store
,B0DK8W3J42,Muebles,disponible,disponible,,,2025-10-10T17:09:18.388Z,2025-10-10T22:27:01.703Z,2025-10-11T00:44:46.011Z,1957,42.29,"$2,612.59","Honkazita Reproductor de discos de soporte para hasta 200 álbumes, mesa de almacenamiento de vinilo con computadora de madera extendido, soporte para reproductor de discos para álbumes, soporte de",https://www.amazon.com/dp/B0DK8W3J42,Sellbuys,yumingwanhui
,B0FLP46V42,Muebles,disponible,disponible,,,2025-10-10T17:09:18.388Z,2025-10-10T22:27:10.210Z,2025-10-11T01:16:28.381Z,4856,49.99,"$3,703.85","DUMOS - Marco de Cama de tamaño Individual, Base de colchón de Plataforma de Metal con Soporte de Listones de Acero, no Necesita somier, Espacio de Almacenamiento Debajo de la Base, fácil Montaje",https://www.amazon.com/dp/B0FLP46V42,Marca: DUMOS,
,B0DPMZVGNK,Muebles,disponible,disponible,,,2025-10-10T17:09:18.388Z,2025-10-10T22:27:17.754Z,2025-10-11T00:45:06.453Z,1933,60.99,"$2,447.25","Kid Zen Mama - Estantería Montessori de 3 niveles, almacenamiento pequeño para niños, ligero, sin BPA, HDPE, bordes redondeados, montaje sin herramientas, fácil de limpiar, perfecto para guardería y",https://www.amazon.com/dp/B0DPMZVGNK,GREENJIN,Kid Zen Mama
,B0FL2VX2T9,Muebles,disponible,disponible,,,2025-10-10T17:09:18.388Z,2025-10-10T22:27:24.793Z,2025-10-11T00:45:18.408Z,2291,39.99,"$2,244.05","Torre de almacenamiento de animales de peluche de madera, organizador vertical de zoológico de animales congestionados con placa de identificación, jaula mediana de animales de peluche para habitación",https://www.amazon.com/dp/B0FL2VX2T9,CasaNovaMX,Acenova US
,B0DZTMGQ6G,Muebles,disponible,disponible,,,2025-10-10T17:09:18.388Z,2025-10-10T22:27:34.993Z,2025-10-11T00:45:28.231Z,2006,54.99,"$2,463.66","BBLIKE - Organizador de almacenamiento para niños con 4 contenedores extraíbles, organizador de almacenamiento de juguetes para niños, soporte de animales de peluche para recámara, sala de juegos",https://www.amazon.com/dp/B0DZTMGQ6G,TASBLENDS,BBlike US
,B0DB21LJSB,Muebles,disponible,disponible,,,2025-10-10T17:09:18.388Z,2025-10-10T22:27:44.106Z,2025-10-11T00:45:38.107Z,1028,23.99,"$1,209.99","Teenyyou - 2 fundas para puf sin rellenar, sin relleno, taburete de piel de conejo sintético, para el piso, para silla de piso, para sala de estar, recámara, decoración del hogar (gris, 20 x 15",https://www.amazon.com/dp/B0DB21LJSB,Huma's Shop,YiTray
,B0D9N8TL8R,Muebles,disponible,disponible,,,2025-10-10T17:09:18.389Z,2025-10-10T22:27:53.658Z,2025-10-11T00:45:48.529Z,1130,23.99,"$1,323.92",Organizador de almacenamiento de juguetes para Lego Play Mat Bag – cubeta de almacenamiento de juguetes Duplo para niños – Cesta de almacenamiento de cubeta duro con tapa lata como regalo (amarillo),https://www.amazon.com/dp/B0D9N8TL8R,THEBOSS LTD,SUMBABO
,B0DMW5WBZP,Muebles,disponible,disponible,,,2025-10-10T17:09:18.389Z,2025-10-10T22:28:00.764Z,2025-10-11T00:45:58.816Z,1221,27.59,"$1,359.64","Rexmica - 4 bolsas de almacenamiento para azulejos magnéticos de construcción, bolsa organizadora de almacenamiento de juguetes de PVC transparente, bolsa magnética para juguetes de viaje para",https://www.amazon.com/dp/B0DMW5WBZP,SEVENTEEN DESIGN,Lujin Direct
,B0CGXM8386,Muebles,no disponible,disponible,,,2025-10-10T17:09:18.389Z,2025-10-10T22:28:08.838Z,2025-10-11T00:46:08.661Z,,9.99,"$1,101.48","Snug A - Puf de peluche para niños - Bolsa para niños - Bolsa para niños - Tienda de juguetes de peluche para niños, mantas, toallas, ropa y lino, decoración de recámara - Puf de almacenamiento para",https://www.amazon.com/dp/B0CGXM8386,Marca: Snug A Babies,Wonder Products Store
,B0FP4N3KH2,Muebles,disponible,disponible,,,2025-10-10T17:09:18.389Z,2025-10-10T22:28:17.996Z,2025-10-11T00:46:17.489Z,1724,39.99,"$1,963.54","WORLDMX - Almacenamiento de animales de peluche con almacenamiento adicional, soporte de almacenamiento de peluche de madera de gran capacidad, organizador de zoológico",https://www.amazon.com/dp/B0FP4N3KH2,A_DEM,WORLDMX
,B0FH9YFPQN,Muebles,disponible,disponible,,,2025-10-10T17:09:18.389Z,2025-10-10T22:28:25.198Z,2025-10-11T00:46:27.370Z,5142,89,"$5,047.79","BUZUEY - Estantería de metal para niños y organizador de almacenamiento de juguetes, estantería para niños de 6 niveles, estante para revistas, estante para libros para habitaciones de niños, aula",https://www.amazon.com/dp/B0FH9YFPQN,SAYIL STORE,BUZUEY
,B0F845TY3W,Muebles,disponible,disponible,,,2025-10-10T17:09:30.894Z,2025-10-10T22:28:32.646Z,2025-10-11T00:46:37.576Z,1188,25.99,"$1,375.57","Sunnymove - Paquete de 10 bolsas grandes de almacenamiento de juguetes, organizador de almacenamiento de juguetes con etiqueta de nombre, impermeable, transparente, PVC, organizador transparente",https://www.amazon.com/dp/B0F845TY3W,Asia Silk Store,JiaaoHua
,B0DRJDKJ75,Muebles,disponible,disponible,,,2025-10-10T17:09:30.894Z,2025-10-10T22:28:40.149Z,2025-10-11T00:46:46.509Z,1694,19.99,"$1,330.43","Bolsas de almacenamiento de juguetes, 6 paquetes, bolsas de almacenamiento transparentes reutilizables con bolsillo frontal y cierre, bolsas organizadoras de juguetes impermeables",https://www.amazon.com/dp/B0DRJDKJ75,SkyyMart,Hsm-Direct
,B0D5CDK9HY,Muebles,no disponible,disponible,"page.goto: Timeout 15000ms exceeded.
Call log:
[2m  - navigating to ""https://www.amazon.com.mx/dp/B0D5CDK9HY"", waiting until ""domcontentloaded""[22m
",,2025-10-10T17:09:30.894Z,2025-10-10T22:28:47.511Z,2025-10-11T00:46:56.705Z,,69.99,"$3,325.35","Mesa sensorial con 2 contenedores de almacenamiento plegables, mesa multifunción de arena de madera y agua con tablero de doble cara y dispensador de rollo de papel, mesa de juego de actividad, uso en",https://www.amazon.com/dp/B0D5CDK9HY,,Bateso
,B07KSG5G8S,Muebles,no disponible,disponible,"page.goto: net::ERR_NAME_NOT_RESOLVED at https://www.amazon.com.mx/dp/B07KSG5G8S
Call log:
[2m  - navigating to ""https://www.amazon.com.mx/dp/B07KSG5G8S"", waiting until ""domcontentloaded""[22m
",,2025-10-10T17:09:30.894Z,2025-10-10T22:29:07.060Z,2025-10-11T00:47:06.743Z,,21.4,"$1,306.71","DK Homewares - Puf otomano de retazos de estilo indio clásico, color rosa, redondo, reposapiés, puf de algodón bordado, taburete de pie, tradicional, 16 x 16 x 13 cm",https://www.amazon.com/dp/B07KSG5G8S,,DK Homewares US
,B01G0YZ6EE,Muebles,no disponible,disponible,"page.goto: net::ERR_NAME_NOT_RESOLVED at https://www.amazon.com.mx/dp/B01G0YZ6EE
Call log:
[2m  - navigating to ""https://www.amazon.com.mx/dp/B01G0YZ6EE"", waiting until ""domcontentloaded""[22m
",,2025-10-10T17:09:30.894Z,2025-10-10T22:29:21.047Z,2025-10-11T00:47:16.369Z,,169,"$6,389.52","Mina - Puf otomano de piel marroquí, 20 pulgadas de diámetro y 13 pulgadas de altura (blanco)",https://www.amazon.com/dp/B01G0YZ6EE,,Souvenirs and more
,B0FM6YFB2W,Muebles,no disponible,disponible,"page.goto: net::ERR_NAME_NOT_RESOLVED at https://www.amazon.com.mx/dp/B0FM6YFB2W
Call log:
[2m  - navigating to ""https://www.amazon.com.mx/dp/B0FM6YFB2W"", waiting until ""domcontentloaded""[22m
",,2025-10-10T17:09:30.894Z,2025-10-10T22:29:37.823Z,2025-10-11T01:16:37.767Z,,100.02,"$6,657.89","Gabinete de Almacenamiento de Juguetes, estantería y estantería para niños de Tres Niveles para Almacenamiento de Libros y Juguetes, Estante múltiple con gabinete para niños y niñas, para jardín de",https://www.amazon.com/dp/B0FM6YFB2W,,
,B0CB2Y23B3,Muebles,no disponible,disponible,"page.goto: net::ERR_NAME_NOT_RESOLVED at https://www.amazon.com.mx/dp/B0CB2Y23B3
Call log:
[2m  - navigating to ""https://www.amazon.com.mx/dp/B0CB2Y23B3"", waiting until ""domcontentloaded""[22m
",,2025-10-10T17:09:30.894Z,2025-10-10T22:29:42.993Z,2025-10-11T00:47:36.147Z,,21.87,"$1,255.68","Funda para silla de puf de almacenamiento de animales de peluche para niños, lindo Shiba Inu, perro amarillo, grande, juguete de peluche para decoración de recámara, funda organizadora, sin frijoles",https://www.amazon.com/dp/B0CB2Y23B3,,MissSoul Direct
,B0C5JN2HLB,Muebles,no disponible,disponible,"page.goto: net::ERR_NAME_NOT_RESOLVED at https://www.amazon.com.mx/dp/B0C5JN2HLB
Call log:
[2m  - navigating to ""https://www.amazon.com.mx/dp/B0C5JN2HLB"", waiting until ""domcontentloaded""[22m
",,2025-10-10T17:09:30.895Z,2025-10-10T22:29:53.522Z,2025-10-11T00:47:47.002Z,,59.99,"$4,945.66","BOTLOG Organizador de Almacenamiento de Juguetes con estantería, estantería para niños, clóset de Almacenamiento de Juguetes con Cubos y estantería para habitación de niños, Sala de Juegos, Pasillo,",https://www.amazon.com/dp/B0C5JN2HLB,,LEBESTT
,B0FCKMLXRS,Muebles,no disponible,disponible,"page.goto: net::ERR_NAME_NOT_RESOLVED at https://www.amazon.com.mx/dp/B0FCKMLXRS
Call log:
[2m  - navigating to ""https://www.amazon.com.mx/dp/B0FCKMLXRS"", waiting until ""domcontentloaded""[22m
",,2025-10-10T17:09:30.895Z,2025-10-10T22:29:58.949Z,2025-10-11T00:47:57.211Z,,189.99,"$9,181.40","Back2School Express - Gabinete de almacenamiento escalonado con 6 compartimentos, organizador de juguetes, natural",https://www.amazon.com/dp/B0FCKMLXRS,,Back2School Express
,B0FFSVBFBJ,Muebles,no disponible,disponible,"page.goto: net::ERR_NAME_NOT_RESOLVED at https://www.amazon.com.mx/dp/B0FFSVBFBJ
Call log:
[2m  - navigating to ""https://www.amazon.com.mx/dp/B0FFSVBFBJ"", waiting until ""domcontentloaded""[22m
",,2025-10-10T17:09:30.895Z,2025-10-10T22:30:02.202Z,2025-10-11T00:48:07.715Z,,38.87,"$2,135.82","AXHOP - Organizador de almacenamiento de animales de peluche, 5 niveles, 8 bolsillos laterales, almacenamiento de 64 pulgadas, ahorro de espacio en la esquina para recámara de niños y sala de juegos",https://www.amazon.com/dp/B0FFSVBFBJ,,AXHOP Baby US
,B0F4CN54Y5,Muebles,no disponible,disponible,"page.goto: net::ERR_NAME_NOT_RESOLVED at https://www.amazon.com.mx/dp/B0F4CN54Y5
Call log:
[2m  - navigating to ""https://www.amazon.com.mx/dp/B0F4CN54Y5"", waiting until ""domcontentloaded""[22m
",,2025-10-10T17:09:30.895Z,2025-10-10T22:30:10.576Z,2025-10-11T00:48:17.002Z,,199.99,"$11,091.87","JINKUR - clóset de almacenamiento de metal con puertas de bloqueo y 3 estantes ajustables, armarios de almacenamiento con cerradura para el hogar, oficina, cochera, cocina, despensa (blanco)",https://www.amazon.com/dp/B0F4CN54Y5,,JINKUR
,B0DM1VL2NR,Muebles,no disponible,disponible,"page.goto: net::ERR_NAME_NOT_RESOLVED at https://www.amazon.com.mx/dp/B0DM1VL2NR
Call log:
[2m  - navigating to ""https://www.amazon.com.mx/dp/B0DM1VL2NR"", waiting until ""domcontentloaded""[22m
",,2025-10-10T17:09:30.895Z,2025-10-10T22:30:19.263Z,2025-10-11T00:48:27.420Z,,95.99,"$5,289.61","Qiaoxuan - Mesa de juego de construcción 2 en 1 compatible con Lego, mesa de juego multiactividad de madera con tablero de bloque y almacenamiento, mesa reversible para almacenar debajo de las camas o",https://www.amazon.com/dp/B0DM1VL2NR,,Yiren Furniture
,B0DHKWGPRZ,Muebles,no disponible,disponible,"page.goto: net::ERR_NAME_NOT_RESOLVED at https://www.amazon.com.mx/dp/B0DHKWGPRZ
Call log:
[2m  - navigating to ""https://www.amazon.com.mx/dp/B0DHKWGPRZ"", waiting until ""domcontentloaded""[22m
",,2025-10-10T17:09:30.895Z,2025-10-10T22:30:24.199Z,2025-10-11T00:48:38.191Z,,89.99,"$4,904.18","CMFYDAILY - Estantería infantil de 4 niveles con almacenamiento, estantería para niños de cinco capas, almacenamiento de libros y juguetes, vitrina para sala de juegos, recámara, aula, guardería",https://www.amazon.com/dp/B0DHKWGPRZ,,Anko Lanko
,B0D83GNHXV,Muebles,no disponible,disponible,"page.goto: net::ERR_NAME_NOT_RESOLVED at https://www.amazon.com.mx/dp/B0D83GNHXV
Call log:
[2m  - navigating to ""https://www.amazon.com.mx/dp/B0D83GNHXV"", waiting until ""domcontentloaded""[22m
",,2025-10-10T17:09:30.895Z,2025-10-10T22:30:32.945Z,2025-10-11T01:16:47.031Z,,79.5,"$4,768.35","GarveeHome Librería y clóset de Almacenamiento de Juguetes, Estante de 3 Niveles con Organizador de Cubos para Juguetes, para Sala de Juegos, recámara y Pasillo, Blanco",https://www.amazon.com/dp/B0D83GNHXV,,
,B0C4R56QTG,Muebles,no disponible,disponible,"page.goto: net::ERR_NAME_NOT_RESOLVED at https://www.amazon.com.mx/dp/B0C4R56QTG
Call log:
[2m  - navigating to ""https://www.amazon.com.mx/dp/B0C4R56QTG"", waiting until ""domcontentloaded""[22m
",,2025-10-10T17:09:42.334Z,2025-10-10T22:30:42.024Z,2025-10-11T00:48:58.076Z,,145,"$5,429.04","WOOD&ROOM Montessori - Organizador de libros inspirado en Montessori para habitación de niños para aula y hogar, promueve la independencia y el aprendizaje, estantería resistente y segura para juguetes y libros (estante 4S)",https://www.amazon.com/dp/B0C4R56QTG,,Wood & Design
,B00GLVKHUA,Muebles,no disponible,disponible,"page.goto: net::ERR_NAME_NOT_RESOLVED at https://www.amazon.com.mx/dp/B00GLVKHUA
Call log:
[2m  - navigating to ""https://www.amazon.com.mx/dp/B00GLVKHUA"", waiting until ""domcontentloaded""[22m
",,2025-10-10T17:09:42.334Z,2025-10-10T22:30:47.757Z,2025-10-11T00:49:07.115Z,,189.95,"$7,569.58",GuideCraft See and Store Dress-Up Center - Natural G98102,https://www.amazon.com/dp/B00GLVKHUA,,Guidecraft
,B0FLJBKDSR,Muebles,no disponible,disponible,"page.goto: net::ERR_NAME_NOT_RESOLVED at https://www.amazon.com.mx/dp/B0FLJBKDSR
Call log:
[2m  - navigating to ""https://www.amazon.com.mx/dp/B0FLJBKDSR"", waiting until ""domcontentloaded""[22m
",,2025-10-10T17:09:42.334Z,2025-10-10T22:30:52.672Z,2025-10-11T00:49:17.739Z,,42.99,"$5,787.56","VPSMAT - Torre de rack de DVD, gabinete de 8 niveles con estantes ajustables para almacenamiento de DVD para sala de estar, recámara, oficina",https://www.amazon.com/dp/B0FLJBKDSR,,Vpsmat Home
,B0FL2WKZS6,Muebles,no disponible,disponible,"page.goto: net::ERR_NAME_NOT_RESOLVED at https://www.amazon.com.mx/dp/B0FL2WKZS6
Call log:
[2m  - navigating to ""https://www.amazon.com.mx/dp/B0FL2WKZS6"", waiting until ""domcontentloaded""[22m
",,2025-10-10T17:09:42.334Z,2025-10-10T22:30:55.865Z,2025-10-11T00:49:28.837Z,,99.99,"$4,008.94","Torre de almacenamiento de animales de peluche de madera, organizador vertical de zoológico de animales tapizados con placa de identificación, jaula mediana de animales de peluche para habitación de",https://www.amazon.com/dp/B0FL2WKZS6,,Acenova US
,B0FGHHXRDX,Muebles,no disponible,disponible,"page.goto: net::ERR_NAME_NOT_RESOLVED at https://www.amazon.com.mx/dp/B0FGHHXRDX
Call log:
[2m  - navigating to ""https://www.amazon.com.mx/dp/B0FGHHXRDX"", waiting until ""domcontentloaded""[22m
",,2025-10-10T17:09:42.335Z,2025-10-10T22:31:09.194Z,2025-10-11T00:49:38.193Z,,30.99,"$1,719.11","Zayysoha Organizador de almacenamiento de animales de peluche y almacenamiento de juguetes, estante de madera para hamaca de animales de peluche, esquina de hamaca, guardería, sala de juegos, recámara",https://www.amazon.com/dp/B0FGHHXRDX,,ruipingjia
,B0FFN3YTX7,Muebles,no disponible,disponible,"page.goto: net::ERR_NAME_NOT_RESOLVED at https://www.amazon.com.mx/dp/B0FFN3YTX7
Call log:
[2m  - navigating to ""https://www.amazon.com.mx/dp/B0FFN3YTX7"", waiting until ""domcontentloaded""[22m
",,2025-10-10T17:09:42.335Z,2025-10-10T22:31:13.675Z,2025-10-11T00:49:49.128Z,,19.99,"$1,164.13","Lejapwat Organizador de almacenamiento de bolsas de juguetes para adultos con bloqueo, contenedores de almacenamiento de juguetes con bloqueo, caja con bloqueo, contenedor de viaje de gran capacidad",https://www.amazon.com/dp/B0FFN3YTX7,,Lejapwat
,B0FDQJ6W8G,Muebles,no disponible,disponible,"page.goto: net::ERR_NAME_NOT_RESOLVED at https://www.amazon.com.mx/dp/B0FDQJ6W8G
Call log:
[2m  - navigating to ""https://www.amazon.com.mx/dp/B0FDQJ6W8G"", waiting until ""domcontentloaded""[22m
",,2025-10-10T17:09:42.335Z,2025-10-10T22:31:17.559Z,2025-10-11T00:49:59.699Z,,16.99,"$1,190.41","Paquete de 6 bolsas de almacenamiento de juguetes transparentes, 9.4 x 6.9 x 5.1 pulgadas, bolsas organizadoras de juguetes de PVC transparente con cierre, bolsa organizadora de almacenamiento de",https://www.amazon.com/dp/B0FDQJ6W8G,,classical melody
,B0FDKXG6HB,Muebles,no disponible,disponible,"page.goto: net::ERR_NAME_NOT_RESOLVED at https://www.amazon.com.mx/dp/B0FDKXG6HB
Call log:
[2m  - navigating to ""https://www.amazon.com.mx/dp/B0FDKXG6HB"", waiting until ""domcontentloaded""[22m
",,2025-10-10T17:09:42.335Z,2025-10-10T22:31:36.317Z,2025-10-11T00:50:09.910Z,,35.95,"$1,799.93","BEBOAN - Paquete de 6 bolsas de almacenamiento con compartimento, organizador portátil de PVC transparente con asa y cremalleras, organizador impermeable para Lego, juego de mesa, bloques de",https://www.amazon.com/dp/B0FDKXG6HB,,Auleep Direct
,B0F998XKH7,Muebles,no disponible,disponible,"page.goto: net::ERR_NAME_NOT_RESOLVED at https://www.amazon.com.mx/dp/B0F998XKH7
Call log:
[2m  - navigating to ""https://www.amazon.com.mx/dp/B0F998XKH7"", waiting until ""domcontentloaded""[22m
",,2025-10-10T17:09:42.335Z,2025-10-10T22:31:41.630Z,2025-10-11T00:50:19.980Z,,39.99,"$2,230.80","PANIED - Almacenamiento de juguetes de peluche de 53 pulgadas de alto, organizador de juguetes de peluche que ahorra espacio y almacenamiento en casa de juegos, sala de juegos, recámara, sin",https://www.amazon.com/dp/B0F998XKH7,,Luoda-shop
,B0F841PVPY,Muebles,no disponible,disponible,"page.goto: net::ERR_NAME_NOT_RESOLVED at https://www.amazon.com.mx/dp/B0F841PVPY
Call log:
[2m  - navigating to ""https://www.amazon.com.mx/dp/B0F841PVPY"", waiting until ""domcontentloaded""[22m
",,2025-10-10T17:09:42.335Z,2025-10-10T22:31:52.075Z,2025-10-11T00:50:29.466Z,,34.99,"$2,031.92","BENCHRY - Organizador de almacenamiento de animales de peluche extragrande con ruedas de freno, organizador de zoológico para guardería, sala de juegos, recámara de niños, color blanco",https://www.amazon.com/dp/B0F841PVPY,,Lei Peng
,B0F4W99HRH,Muebles,no disponible,disponible,"page.goto: net::ERR_NAME_NOT_RESOLVED at https://www.amazon.com.mx/dp/B0F4W99HRH
Call log:
[2m  - navigating to ""https://www.amazon.com.mx/dp/B0F4W99HRH"", waiting until ""domcontentloaded""[22m
",,2025-10-10T17:09:42.335Z,2025-10-10T22:31:57.076Z,2025-10-11T00:50:39.792Z,,24.69,"$1,171.37","Qoroos - Hamaca de almacenamiento para colgar en la pared, 42 cm de ancho, para colgar en la pared, diseño de macramé, red organizadora de juguetes para animales de peluche",https://www.amazon.com/dp/B0F4W99HRH,,AtalantaTech
,B0F1N31BJF,Muebles,no disponible,disponible,"page.goto: net::ERR_NAME_NOT_RESOLVED at https://www.amazon.com.mx/dp/B0F1N31BJF
Call log:
[2m  - navigating to ""https://www.amazon.com.mx/dp/B0F1N31BJF"", waiting until ""domcontentloaded""[22m
",,2025-10-10T17:09:53.453Z,2025-10-10T22:32:02.203Z,2025-10-11T00:50:48.836Z,,39.99,"$1,963.54","HOOSTEADY - Organizador y almacenamiento de animales de peluche, soporte para animales de peluche de madera, jaula grande de 54 pulgadas, soporte para animales de zoológico y colección para sala de",https://www.amazon.com/dp/B0F1N31BJF,,Dorleek
,B0DSBB2LXX,Muebles,no disponible,disponible,"page.goto: net::ERR_NAME_NOT_RESOLVED at https://www.amazon.com.mx/dp/B0DSBB2LXX
Call log:
[2m  - navigating to ""https://www.amazon.com.mx/dp/B0DSBB2LXX"", waiting until ""domcontentloaded""[22m
",,2025-10-10T17:09:53.453Z,2025-10-10T22:32:06.569Z,2025-10-11T00:50:59.035Z,,38.99,"$2,104.62","Remittur Caja de juguetes extragrande con bolsillos de malla, organizador de almacenamiento de juguetes con 3 cajones pequeños para juguetes pequeños",https://www.amazon.com/dp/B0DSBB2LXX,,Remittur
,B08VP26JM1,Muebles,no disponible,disponible,"page.goto: net::ERR_NAME_NOT_RESOLVED at https://www.amazon.com.mx/dp/B08VP26JM1
Call log:
[2m  - navigating to ""https://www.amazon.com.mx/dp/B08VP26JM1"", waiting until ""domcontentloaded""[22m
",,2025-10-10T17:09:53.454Z,2025-10-10T22:32:10.843Z,2025-10-11T00:51:07.427Z,,189.99,"$7,776.43","Guidecraft EdQ Essentials - Organizador de almacenamiento abierto de dos estantes de 76 cm, color blanco con 3 contenedores de tela: estanterías multiusos de madera y organizador de almacenamiento de juguetes; muebles de escuela en casa y aula",https://www.amazon.com/dp/B08VP26JM1,,Guidecraft
,B0DYMLG27Y,Muebles,no disponible,disponible,"page.goto: net::ERR_NAME_NOT_RESOLVED at https://www.amazon.com.mx/dp/B0DYMLG27Y
Call log:
[2m  - navigating to ""https://www.amazon.com.mx/dp/B0DYMLG27Y"", waiting until ""domcontentloaded""[22m
",,2025-10-10T17:09:53.454Z,2025-10-10T22:32:15.422Z,2025-10-11T00:51:15.907Z,,55.8,"$4,004.08","PRINKROOMY - Estantería de 3 niveles, bonito organizador de libros blancos, estantes independientes y organizador de cubos para recámara, sala de estar, oficina, escuela",https://www.amazon.com/dp/B0DYMLG27Y,,LuXes
,B0DXZ3FM4Y,Muebles,no disponible,disponible,"page.goto: net::ERR_NAME_NOT_RESOLVED at https://www.amazon.com.mx/dp/B0DXZ3FM4Y
Call log:
[2m  - navigating to ""https://www.amazon.com.mx/dp/B0DXZ3FM4Y"", waiting until ""domcontentloaded""[22m
",,2025-10-10T17:09:53.454Z,2025-10-10T22:32:19.486Z,2025-10-11T00:51:23.713Z,,36,"$3,292.28",Luxe L 100% piel sintética Go-pufs Knock-Down cubeta mediano Teddy Boucle otomano de almacenamiento | 15 x 15 x 15 pulgadas | Rosa,https://www.amazon.com/dp/B0DXZ3FM4Y,,Home-Gifts-Usa
,B0CNLMLQ9Z,Muebles,disponible,disponible,,,2025-10-10T17:09:53.454Z,2025-10-10T22:32:25.249Z,2025-10-11T01:16:55.583Z,13707,451.88,"$17,391.59","Favfurish - Cama de plataforma de tamaño matrimonial con cabecera de almacenamiento y estación de carga, marco de cama de madera multifuncional con tamaño individual, estantes y cajones extraíbles, no",https://www.amazon.com/dp/B0CNLMLQ9Z,Tasci Store,
,B0CMY21QK7,Muebles,disponible,disponible,,,2025-10-10T17:09:53.454Z,2025-10-10T22:32:36.936Z,2025-10-11T01:17:05.828Z,16082,406.83,"$16,081.78","YOPTO Cama de Plataforma de Madera de Pino de tamaño matrimonial con rodar, cajones, 2 Puertos y 2 enchufes USB, Cama de Almacenamiento con estantes extraíbles, no Necesita somier, Perfecta para",https://www.amazon.com/dp/B0CMY21QK7,OskiStore,
,B0F37J8HM2,Muebles,disponible,disponible,,,2025-10-10T17:09:53.454Z,2025-10-10T22:32:44.528Z,2025-10-11T00:51:53.726Z,3238,59.99,"$3,237.56","Organizador de almacenamiento de animales de peluche, soporte para juguetes de zoológico para habitaciones de niños, salas de juegos, dormitorios",https://www.amazon.com/dp/B0F37J8HM2,A_DEM,Wooden  home  products
,B0D9DV93CN,Muebles,disponible,disponible,,,2025-10-10T17:09:53.455Z,2025-10-10T22:32:52.730Z,2025-10-11T00:52:01.893Z,5106,99.99,"$5,105.97","Organizadores de juguetes de plástico y forma de autobús de almacenamiento, 2 capas con 2 contenedores de almacenamiento, gabinete abierto, tapa de placa base de bloques de construcción",https://www.amazon.com/dp/B0D9DV93CN,SWORD LIMITED M. X.,Deer COCO Store
,B079V15ZZY,Muebles,no disponible,disponible,,,2025-10-10T17:09:53.455Z,2025-10-10T22:33:01.518Z,2025-10-11T00:52:10.148Z,,12.09,$847.21,ipackboxes – tamaño Queen colchón bolsa – ideal para mover y almacenar – 60 x 10 x 90 – 2 mil de grosor,https://www.amazon.com/dp/B079V15ZZY,Marca: iPackBoxes,HealthandOutdoors
,B079TZ86RD,Muebles,disponible,disponible,,,2025-10-10T17:09:53.455Z,2025-10-10T22:33:08.997Z,2025-10-11T00:52:20.175Z,1049,17.9,"$1,112.94",ipackboxes – tamaño Queen colchón bolsa – Paquete de 2 – 60 x 10 x 90 – 2 mil de grosor,https://www.amazon.com/dp/B079TZ86RD,Marca: iPackBoxes,HealthandOutdoors
,B0F5PYNN1N,Muebles,disponible,disponible,,,2025-10-10T17:09:53.455Z,2025-10-10T22:33:17.247Z,2025-10-11T00:52:28.374Z,796,14.99,$921.80,"6 bolsas de almacenamiento transparentes, bolsas de almacenamiento de juguetes reutilizables, diseño impermeable, adecuadas para rompecabezas, bloques de construcción, cosméticos, papelería, libros",https://www.amazon.com/dp/B0F5PYNN1N,SWORD LIMITED M. X.,Yan Jie2024
,B0FQVJ9GQQ,Muebles,no disponible,disponible,,,2025-10-10T17:09:53.455Z,2025-10-10T22:33:25.378Z,2025-10-11T01:17:14.645Z,,8.54,$889.83,"Greaton, Bolsa de colchón para mudanzas y Almacenamiento, Funda Protectora de colchón Resistente, Bolsas de Almacenamiento Impermeables para colchones, Poliuretano, Resistente a desgarros, tamaño",https://www.amazon.com/dp/B0FQVJ9GQQ,Marca: Greaton,
,B0FQVFVB3H,Muebles,no disponible,disponible,,,2025-10-10T17:10:02.428Z,2025-10-10T22:33:32.449Z,2025-10-11T01:17:24.765Z,,8.14,$878.47,"Nutan, Bolsa de colchón para mudanza y Almacenamiento, Funda Protectora de colchón Resistente, Bolsas de Almacenamiento Impermeables para colchones, Poliuretano, Resistente al desgarro, tamaño",https://www.amazon.com/dp/B0FQVFVB3H,Marca: Nutan,
,B0FQVCNTF1,Muebles,disponible,disponible,,,2025-10-10T17:10:02.428Z,2025-10-10T22:33:41.959Z,2025-10-11T01:17:32.421Z,937,8.74,$934.31,"Treaton, Bolsa de colchón para mudanza y Almacenamiento, Funda Protectora de colchón Resistente, Bolsas de Almacenamiento Impermeables, Poliuretano, Resistente al desgarro, tamaño Queen",https://www.amazon.com/dp/B0FQVCNTF1,DIMA GLOBAL,
,B0FPDN8P1N,Muebles,no disponible,disponible,,,2025-10-10T17:10:02.428Z,2025-10-10T22:33:51.184Z,2025-10-11T00:53:05.676Z,,95.78,"$5,692.39","LKHKK - Puf redondo de algodón de punto, otomano versátil o cojín de piso, capacidad de peso 200 libras, acento decorativo, gris",https://www.amazon.com/dp/B0FPDN8P1N,Marca: LKHKK,Jingyi Electronic
,B0FPD71WFH,Muebles,no disponible,disponible,,,2025-10-10T17:10:02.429Z,2025-10-10T22:33:59.501Z,2025-10-11T00:53:15.541Z,,85.67,"$5,463.99","LKHKK Puf funcional de punto para relajación y asiento, 100% algodón, elegante diseño beige",https://www.amazon.com/dp/B0FPD71WFH,Marca: LKHKK,Jingyi Electronic
,B0FPC29QKT,Muebles,no disponible,disponible,,,2025-10-10T17:10:02.429Z,2025-10-10T22:34:08.265Z,2025-10-11T00:53:25.714Z,,29.99,"$1,556.80","Organizador de almacenamiento de juguetes de peluche en esquina, cuerda elástica de arco iris, almacenamiento con gancho/luz colorida, ajustable, altura doble, almacenamiento multifuncional para",https://www.amazon.com/dp/B0FPC29QKT,Marca: SKONYON,SKONYON
,B0FN45LCMG,Muebles,no disponible,disponible,,,2025-10-10T17:10:02.429Z,2025-10-10T22:34:17.796Z,2025-10-11T00:53:34.864Z,,41.99,"$2,664.72","SAYUUM - Organizador de almacenamiento giratorio de animales de peluche, ideal para guardar juguetes de peluche de madera, zoológico para guardería, sala de juegos, recámara, sala de descanso, 16 x 16",https://www.amazon.com/dp/B0FN45LCMG,Marca: SAYUUM,Sayuum
,B0FM3KLL12,Muebles,no disponible,disponible,,,2025-10-10T17:10:02.429Z,2025-10-10T22:34:27.124Z,2025-10-11T00:53:44.369Z,,69.99,"$3,059.14","Torre de almacenamiento de animales de peluche de madera alta para habitación de los niños, organizador de almacenamiento de juguetes con placa de identificación de oso y ruedas blancas, estante de",https://www.amazon.com/dp/B0FM3KLL12,Marca: May Eileen,May Eileen
,B0FKMRGG4C,Muebles,disponible,disponible,,,2025-10-10T17:10:02.429Z,2025-10-10T22:34:35.817Z,2025-10-11T00:53:53.941Z,1994,134.99,"$9,101.27","DAYARUS - Mesa de actividades para niños pequeños con almacenamiento, mesa de arte de madera para niños, computadora de lectura para niños de 3 a 8 años, mesas de riñón para recámara/dibujo, mesas de",https://www.amazon.com/dp/B0FKMRGG4C,Marca: DAYARUS,Chairus
,B0FKGRSMWN,Muebles,disponible,disponible,,,2025-10-10T17:10:02.429Z,2025-10-10T22:34:45.161Z,2025-10-11T00:54:02.136Z,1593,25.99,"$1,506.98","Gooo&Ma - Bolsa de almacenamiento de colchón con cierre, protector impermeable para movimiento, transparente (naranja, Queen)",https://www.amazon.com/dp/B0FKGRSMWN,DIMA GLOBAL,GOOO&MA
,B0FKGMQ5CX,Muebles,no disponible,disponible,,,2025-10-10T17:10:02.429Z,2025-10-10T22:34:54.207Z,2025-10-11T00:54:12.178Z,,49.99,"$2,432.62","Woodfinity - Caja organizadora de juguetes de peluche extragrande de 54 pulgadas, soporte para ahorro de espacio para recámara o sala de juegos de niños",https://www.amazon.com/dp/B0FKGMQ5CX,Marca: Woodfinity,WOODFINITY
,B0FJRFWST3,Muebles,no disponible,disponible,,,2025-10-10T17:10:02.429Z,2025-10-10T22:35:02.910Z,2025-10-11T00:54:21.888Z,,49.99,"$3,502.47","Sonharlar - Cómoda de perfil curvado para recámara, cómoda, organizador de 5 cajones de almacenamiento, cambiador café con contenedores de tela para clóset, sala de estar, habitación de niños (café",https://www.amazon.com/dp/B0FJRFWST3,Marca: Sonharlar,BluePhoenix-Auto
,B0FJMBJRPJ,Muebles,disponible,disponible,,,2025-10-10T17:10:02.429Z,2025-10-10T22:35:10.745Z,2025-10-11T00:54:32.942Z,1965,39.99,"$2,164.12","SHWWQUE - Organizador de juguetes de madera con ruedas, 54 pulgadas de alto, ahorro de espacio, almacenamiento de zoológico con banda elástica, jaula de juguete de gran capacidad para salas de juegos",https://www.amazon.com/dp/B0FJMBJRPJ,A_DEM,SHWWQUE
,B0FHPDDGX1,Muebles,no disponible,disponible,,,2025-10-10T17:10:02.429Z,2025-10-10T22:35:17.479Z,2025-10-11T00:54:42.865Z,,49.99,"$2,495.53","Torre zoológico de almacenamiento de animales de peluche, jaula de almacenamiento de juguetes de madera, soporte de juguetes de peluche con cordones elásticos, contenedor, ruedas, organizador de",https://www.amazon.com/dp/B0FHPDDGX1,Marca: HOYWOUL,SZSWYMY
,B0FHHNSV6P,Muebles,disponible,disponible,,,2025-10-10T17:10:02.429Z,2025-10-10T22:35:25.997Z,2025-10-11T00:54:53.760Z,2639,51.99,"$2,667.44","HMAZAE - Organizador de juguetes de peluche extragrande de 56 pulgadas con ruedas, soporte para animales de peluche de madera con contenedor extraíble, almacenamiento de peluche de zoológico para",https://www.amazon.com/dp/B0FHHNSV6P,CRAZYBIG STORE,SZYXHSW
,B0FHB142S7,Muebles,no disponible,disponible,,,2025-10-10T17:10:02.429Z,2025-10-10T22:35:34.616Z,2025-10-11T00:55:04.829Z,,7.99,$812.11,"Cadena de almacenamiento colgante de algodón de 80 pulgadas para almacenamiento de animales de peluche con 20 clips de metal, soporte de exhibición de animales de peluche para pared o esquina sala de",https://www.amazon.com/dp/B0FHB142S7,Marca: wewoaia,zhizaiqiangxin
,B0FH1TFKM7,Muebles,no disponible,disponible,,,2025-10-10T17:10:17.033Z,2025-10-10T22:35:43.580Z,2025-10-11T00:55:12.638Z,,71.99,"$4,169.47","Klorgan Organizador grande de almacenamiento de juguetes con estantería, organizadores de juguetes y almacenamiento con 12 contenedores de almacenamiento, organizador de juguetes multiusos de 4",https://www.amazon.com/dp/B0FH1TFKM7,Marca: Klorgan,Hoperising
,B0FGCJP4FW,Muebles,disponible,disponible,,,2025-10-10T17:10:17.033Z,2025-10-10T22:35:51.729Z,2025-10-11T00:55:21.159Z,1721,29.99,"$1,723.32","Caja de juguetes para niños y niñas, almacenamiento de cofre de juguetes con ruedas, almacenamiento de animales de peluche, organizador de almacenamiento de juguetes para niños, caja de juguetes para",https://www.amazon.com/dp/B0FGCJP4FW,AISHAM FOREVER,Fortune Teller-SHOP
,B0FFH9S5HW,Muebles,disponible,disponible,,,2025-10-10T17:10:17.033Z,2025-10-10T22:35:58.846Z,2025-10-11T00:55:30.636Z,3282,97.91,"$3,371.20","Estera De Dormir Verano De Rota, Estera De Dormir Verano Enfriamiento, Colchón De Ratán Transpirable Suave Plegable Con Funda De Almohada, Colchoneta De Dormir De Verano Para Hogar Dormitorio(150*195c",https://www.amazon.com/dp/B0FFH9S5HW,CongYue,CongYue
,B0FFGZ31R9,Muebles,no disponible,disponible,,,2025-10-10T17:10:17.033Z,2025-10-10T22:36:08.417Z,2025-10-11T00:55:38.747Z,,129.99,"$6,887.43","QIPAKA - Mesita de noche acanalada negra con estación de carga USB, cómoda de madera de 3 cajones, mesita de noche moderna con cajones silenciosos y gran mesa auxiliar de almacenamiento para recámara",https://www.amazon.com/dp/B0FFGZ31R9,Marca: QIPAKA,WZ E-commerce
,B0FF4XRXBR,Muebles,no disponible,disponible,,,2025-10-10T17:10:17.033Z,2025-10-10T22:36:17.300Z,2025-10-11T00:55:47.582Z,,28.59,"$1,766.97","AiDwell Bolsas grandes de almacenamiento de juguetes de 13 x 7.1 x 9.5 pulgadas, 6 paquetes de tablas reutilizables de PVC transparente con cierre de viaje, bolsas organizadoras impermeables",https://www.amazon.com/dp/B0FF4XRXBR,Marca: AiDwell,Xun Ting Hu
,B0FD3342G9,Muebles,disponible,disponible,,,2025-10-10T17:10:17.034Z,2025-10-10T22:36:25.872Z,2025-10-11T00:55:58.162Z,1742,35.99,"$1,918.17","LUCKNOCK Mesa auxiliar de madera maciza, pequeña mesa auxiliar clásico, mesa auxiliar estrecha con almacenamiento, mesita de noche delgada para espacios pequeños, recámara, sala de estar, granja",https://www.amazon.com/dp/B0FD3342G9,Rio Global LLC,LUCKNOCK
,B0FCDZDMRP,Muebles,disponible,disponible,,,2025-10-10T17:10:17.034Z,2025-10-10T22:36:34.594Z,2025-10-11T00:56:06.640Z,764,15.99,"$1,004.10","Bolsa de almacenamiento con 2 ganchos, tubo para tapete de juego con ranuras de plástico transparente, organizador portátil para tapete TCG/RPG (13 tubos, negro)",https://www.amazon.com/dp/B0FCDZDMRP,Asia Silk Store,CHONG-LC
,B0FBZ6DH6J,Muebles,disponible,disponible,,,2025-10-10T17:10:17.034Z,2025-10-10T22:36:43.258Z,2025-10-11T00:56:15.417Z,6016,134.99,"$6,021.15","Back2School Express - Gabinete de almacenamiento móvil de 2 estantes, estante de libros, natural",https://www.amazon.com/dp/B0FBZ6DH6J,Mishaland Store,Back2School Express
,B0F9XDDVGK,Muebles,no disponible,disponible,,,2025-10-10T17:10:17.034Z,2025-10-10T22:36:50.724Z,2025-10-11T00:56:24.452Z,,84.19,"$6,324.20","HXUHUWS Puf cuadrado para asientos o decoración del hogar, relleno con abalorio de poliestireno, color coral, 16 pulgadas",https://www.amazon.com/dp/B0F9XDDVGK,Marca: HXUHUWS,AOGAOKEJIYOUXIANGONGSI
,B0F9WLQJCV,Muebles,no disponible,disponible,,,2025-10-10T17:10:17.034Z,2025-10-10T22:36:57.240Z,2025-10-11T00:56:33.500Z,,189,"$7,152.58","Montessori - clóset de almacenamiento de madera de 5 secciones con 2 organizadores en forma de árbol, estantería de 2 estantes, organizador de aula para niños, estante de libros para habitaciones de",https://www.amazon.com/dp/B0F9WLQJCV,Marca: Acenova,Acenova US
,B0F9NG3FLJ,Muebles,no disponible,disponible,,,2025-10-10T17:10:17.034Z,2025-10-10T22:37:05.530Z,2025-10-11T00:56:43.643Z,,107.52,"$6,248.86","HXUHUWS - Puf redondo con encanto para mayor comodidad y estilo, diseño de punto suave, color gris",https://www.amazon.com/dp/B0F9NG3FLJ,Marca: HXUHUWS,AOGAOKEJIYOUXIANGONGSI
,B0F9K57W8B,Muebles,no disponible,disponible,,,2025-10-10T17:10:17.034Z,2025-10-10T22:37:13.488Z,2025-10-11T00:56:53.514Z,,127.46,"$6,641.96","HXUHUWS Mejora la decoración moderna con acogedor puf de punto, redondo de 20 pulgadas, elegante cubierta de tela para espacios de vida, marfil",https://www.amazon.com/dp/B0F9K57W8B,Marca: HXUHUWS,AOGAOKEJIYOUXIANGONGSI
,B0F9FH2KYB,Muebles,no disponible,disponible,,,2025-10-10T17:10:17.034Z,2025-10-10T22:37:22.741Z,2025-10-11T00:57:02.044Z,,24.99,"$1,415.90","GLADTRAX - Puf inflable redondo otomano, reposapiés de felpilla de relleno, otomano de almacenamiento con mango portátil, almohada de piso de 21 x 9 pulgadas para sala de estar, recámara, habitación",https://www.amazon.com/dp/B0F9FH2KYB,Marca: GLADTRAX,GLADTRAX
,B0F8MXG72Q,Muebles,disponible,disponible,,,2025-10-10T17:10:30.320Z,2025-10-10T22:37:30.297Z,2025-10-11T00:57:11.555Z,5408,99.99,"$5,409.13",Paisure - Estantería infantil,https://www.amazon.com/dp/B0F8MXG72Q,yildiz store,PAISURE DIRECT
,B0F7HH29FD,Muebles,disponible,disponible,,,2025-10-10T17:10:30.321Z,2025-10-10T22:37:39.467Z,2025-10-11T00:57:22.416Z,2257,49.99,"$2,896.92","SWTYMIKI - Cómoda con estante para colgar - 3 cajones de tela para recámara - Torre de almacenamiento alta reversible, clóset organizador de ropa de espacio pequeño para departamento, recámara, 49.21",https://www.amazon.com/dp/B0F7HH29FD,Velmora MX,SWTY HOME US
,B0F6W9TCMN,Muebles,disponible,disponible,,,2025-10-10T17:10:30.321Z,2025-10-10T22:37:48.062Z,2025-10-11T00:57:33.415Z,10824,295.7,"$9,309.95","HUANGWUZ Moroccan Pouf Ottoman Cover, Unstuffed Faux Leather Footstool, Comfortable Foot Rest Storage Ottoman for Home Decor",https://www.amazon.com/dp/B0F6W9TCMN,HUANGWUZHOU,HUANGWUZHOU
,B0F6V6BKXR,Muebles,disponible,disponible,,,2025-10-10T17:10:30.321Z,2025-10-10T22:37:57.479Z,2025-10-11T00:57:43.497Z,23027,620.67,"$18,867.87","WANGJISSA Leather Upholstered Cube Pouf for Living Room Coffee Table – Solid Wood Square Footstool, Brown Aged Leather, 40x40x35cm(Orange,35x35x40cm)",https://www.amazon.com/dp/B0F6V6BKXR,WANGJIUS,WANGJIUS
,B0F6V49Z1K,Muebles,disponible,disponible,,,2025-10-10T17:10:30.321Z,2025-10-10T22:38:06.036Z,2025-10-11T00:57:52.987Z,27619,744.44,"$22,508.27","WANGJISSA Leather Upholstered Cube Pouf for Living Room Coffee Table – Solid Wood Square Footstool, Brown Aged Leather, 40x40x35cm(Beige,40x40x35cm)",https://www.amazon.com/dp/B0F6V49Z1K,WANGJIUS,WANGJIUS
,B0F6B9L4KV,Muebles,no disponible,disponible,,,2025-10-10T17:10:30.321Z,2025-10-10T22:38:15.426Z,2025-10-11T00:58:01.407Z,,19.99,"$1,212.61","Paquete de 6 bolsas de almacenamiento de juguetes, bolsas de juguetes para organizar juguetes para niños, bolsas de almacenamiento transparentes reutilizables con cierre para uso de viajes, accesorios",https://www.amazon.com/dp/B0F6B9L4KV,Marca: panthra,jiningshimayuanfeidianzi
,B0F5WMFNZ2,Muebles,disponible,disponible,,,2025-10-10T17:10:30.321Z,2025-10-10T22:38:24.081Z,2025-10-11T00:58:09.212Z,989,19.99,"$1,221.09","Bolsas de almacenamiento de juguetes reutilizables de PVC transparente, 11.8 pulgadas de largo x 3.9 pulgadas de ancho x 8.66 pulgadas de alto, organizador impermeable para bloques de construcción",https://www.amazon.com/dp/B0F5WMFNZ2,A_DEM,The Containerie
,B0F4DCP1NN,Muebles,no disponible,disponible,,,2025-10-10T17:10:30.321Z,2025-10-10T22:38:31.151Z,2025-10-11T00:58:19.414Z,,33.99,"$1,807.38",Bolsas grandes de almacenamiento de juguetes,https://www.amazon.com/dp/B0F4DCP1NN,Marca: VNEIRY,VNEIRY
,B0F3JNSG7Y,Muebles,no disponible,disponible,,,2025-10-10T17:10:30.321Z,2025-10-10T22:38:39.019Z,2025-10-11T00:58:28.704Z,,7.97,$811.58,Útil red de hamaca de juguete de 5.9 pies para almacenamiento de animales de peluche,https://www.amazon.com/dp/B0F3JNSG7Y,Marca: SUQIKMX,XTian7whs
,B0F3GCBVQW,Muebles,disponible,disponible,,,2025-10-10T17:10:30.321Z,2025-10-10T22:38:45.759Z,2025-10-11T00:58:37.573Z,919,13.99,$952.69,"Bolsas grandes de almacenamiento de juguetes transparentes con cierre, bolsas organizadoras de juguetes impermeables de PVC reutilizables con asa portátil para bloques de construcción, rompecabezas",https://www.amazon.com/dp/B0F3GCBVQW,AISHAM FOREVER,ARTISS-HOME
,B0F3C8Q1CF,Muebles,no disponible,disponible,,,2025-10-10T17:10:30.321Z,2025-10-10T22:38:55.040Z,2025-10-11T00:58:46.247Z,,9.99,$868.68,"CERETIA - Paquete de 2 cadenas de almacenamiento colgantes de algodón de 80 pulgadas para almacenamiento de animales de peluche con 20 clips de metal, cadena organizadora de animales de peluche para",https://www.amazon.com/dp/B0F3C8Q1CF,Marca: CERETIA,Boomright
,B0F32KJN89,Muebles,no disponible,disponible,,,2025-10-10T17:10:30.322Z,2025-10-10T22:39:02.786Z,2025-10-11T00:58:55.539Z,,25.99,"$1,506.58","Pechor Organizador de almacenamiento de juguetes, 3 piezas de carcasa dura transparente con cierre reutilizable para juguetes, piezas de rompecabezas, bloques de construcción, manualidades (con 16",https://www.amazon.com/dp/B0F32KJN89,Marca: Pechor,Pechor-US
,B0F2HGST88,Muebles,disponible,disponible,,,2025-10-10T17:10:30.322Z,2025-10-10T22:39:11.664Z,2025-10-11T00:59:06.213Z,6519,179.99,"$7,828.08",RUPOLX Art Table Oak-IqNVwK-YMH-50,https://www.amazon.com/dp/B0F2HGST88,Tierra Viva,Carrieryu
,B0F2HF4H5T,Muebles,disponible,disponible,,,2025-10-10T17:10:30.322Z,2025-10-10T22:39:20.298Z,2025-10-11T00:59:16.984Z,5830,149.99,"$7,055.94",RUPOLX Art Table Espresso-pw0jAp-KH-50,https://www.amazon.com/dp/B0F2HF4H5T,MZTRK,Carrieryu
,B0F223YCVN,Muebles,disponible,disponible,,,2025-10-10T17:10:30.322Z,2025-10-10T22:39:28.082Z,2025-10-11T00:59:26.858Z,7628,199.95,"$8,187.24","Guidecraft Taiga - Estantería de 2 estantes - Blanco: Estantería de 30 Pulgadas y Unidad de Almacenamiento para dormitorios o Salas de Juegos, Muebles de Madera para Libros, Juguetes, Suministros",https://www.amazon.com/dp/B0F223YCVN,NOIASTORE,Guidecraft
,B0F18PP1CT,Muebles,disponible,disponible,,,2025-10-10T17:10:41.268Z,2025-10-10T22:39:36.589Z,2025-10-11T00:59:35.453Z,1431,32.99,"$1,555.63","Nitial - 12 bolsas de juguete para niños organizando contenedores de almacenamiento de juguetes de PVC transparente con cierre bolsas impermeables para juegos de mesa, bloques de construcción",https://www.amazon.com/dp/B0F18PP1CT,Asia Silk Store,YuirXuam
,B0DT1MPVZV,Muebles,disponible,disponible,,,2025-10-10T17:10:41.269Z,2025-10-10T22:39:43.646Z,2025-10-11T00:59:44.207Z,552,39.99,"$2,374.25","Yueyocici Puf redondo de relleno otomano, pufs de pana con relleno de trozos de espuma, taburete de pie peludo y esponjoso, color beige de 26 pulgadas",https://www.amazon.com/dp/B0DT1MPVZV,Marca: Yueyocici,HIYIFAN
,B0DSC6MWMK,Muebles,disponible,disponible,,,2025-10-10T17:10:41.269Z,2025-10-10T22:39:52.032Z,2025-10-11T00:59:54.503Z,544,8.99,$840.40,"Cadena de almacenamiento de animales de peluche, soporte para juguetes de 80 pulgadas, para colgar o en la esquina, adecuado para colgar juguetes de peluche, sombreros, calcetines, fotos, tarjetas de",https://www.amazon.com/dp/B0DSC6MWMK,Marca: CCYLTL,CCYLTL-US
,B0DRJCT8VQ,Muebles,disponible,disponible,,,2025-10-10T17:10:41.269Z,2025-10-10T22:40:00.526Z,2025-10-11T01:00:05.128Z,1566,29.99,"$1,549.21","facdiwok Carro rodante de 3 niveles, de malla resistente al óxido, con ruedas y 4 ganchos laterales, montaje sin herramientas, para cocina, baño, lavandería, sala de estar, despensa, recámara",https://www.amazon.com/dp/B0DRJCT8VQ,NISAN GLOBAL,Facdiwok Shop
,B0DPQ5F29L,Muebles,disponible,disponible,,,2025-10-10T17:10:41.269Z,2025-10-10T22:40:08.879Z,2025-10-11T01:00:15.984Z,5658,94.99,"$5,949.27","TrailBlaze - Gabinete de almacenamiento de juguetes, estantería infantil de tres niveles y estantería para almacenamiento de libros y juguetes, multiestante con organizador de cubito para recámara,",https://www.amazon.com/dp/B0DPQ5F29L,Cuate Store,Chengchengxian
,B0DP2D4FL7,Muebles,no disponible,disponible,,,2025-10-10T17:10:41.269Z,2025-10-10T22:40:17.518Z,2025-10-11T01:00:26.604Z,,53.99,"$3,709.19","Wimarsbon - Taburete redondo de almacenamiento otomano, moderno sherpa, taburete de cambiador con bandeja abatible, silla de maquillaje para decoración del hogar, reposapiés tapizado para sala de",https://www.amazon.com/dp/B0DP2D4FL7,Marca: Wimarsbon,Wimarsbon Express
,B0DMW1M1K2,Muebles,disponible,disponible,,,2025-10-10T17:10:41.269Z,2025-10-10T22:40:26.434Z,2025-10-11T01:00:35.323Z,3896,109.99,"$6,431.27","Gabinete de almacenamiento de piso de baño con 4 cajones, gabinete de baño con puerta corredera, organizador de almacenamiento rústico para cocina, sala de estar, estilo rústico, blanco",https://www.amazon.com/dp/B0DMW1M1K2,Marca: Halitaa,Toin
,B0DKT5CVM9,Muebles,no disponible,disponible,,,2025-10-10T17:10:41.269Z,2025-10-10T22:40:35.672Z,2025-10-11T01:00:44.807Z,,79.99,"$9,323.46","Hawkrown - clóset de almacenamiento de baño de 67 pulgadas de alto con luces, organizador delgado y estrecho de gabinete de baño con puertas y estantes ajustables, clóset de toallas no empotrado para",https://www.amazon.com/dp/B0DKT5CVM9,Marca: Hawkrown,Hawkrown
,B0DKNYST7N,Muebles,no disponible,disponible,,,2025-10-10T17:10:41.269Z,2025-10-10T22:40:43.418Z,2025-10-11T01:00:54.146Z,,8.98,$840.13,"YJWZWE - Cadena de almacenamiento de animales de peluche de 78 pulgadas, organizador de animales con 20 clips de macramé, decoración de almacenamiento de juguetes para la pared de recámara",https://www.amazon.com/dp/B0DKNYST7N,Marca: YJWZWE,sjkhfire
,B0DHVHY6P5,Muebles,disponible,disponible,,,2025-10-10T17:10:41.269Z,2025-10-10T22:40:51.328Z,2025-10-11T01:01:04.711Z,5557,53.99,"$5,556.26","GarveeHome - Gabinete de almacenamiento de juguetes blanco, estantería y estantería para niños de tres niveles para almacenamiento de libros y juguetes, estante múltiple con organizador de cubito para",https://www.amazon.com/dp/B0DHVHY6P5,Asia Silk Store,GarveeHome
,B0DCYRYK5X,Muebles,disponible,disponible,,,2025-10-10T17:10:41.269Z,2025-10-10T22:41:00.079Z,2025-10-11T01:01:13.386Z,4902,92.99,"$5,280.19","Nightcore - Librería Infantil de 6 Cubos, Organizador de Lectura con cojín de Asiento, Organizador de Almacenamiento de Juguetes Multiusos, Esquina de Lectura con contenedores para recámara, Sala de",https://www.amazon.com/dp/B0DCYRYK5X,CAYIRAN,Nightcore
,B0DCTVTSTK,Muebles,disponible,disponible,,,2025-10-10T17:10:41.269Z,2025-10-10T22:41:08.794Z,2025-10-11T01:01:23.417Z,4707,79.99,"$4,706.03","Estantería y clóset de almacenamiento de juguetes, organizador de 2 niveles con 2 cubos grandes, madera de ingeniería, antiinclinación, perfecto para sala de juegos, guardería, aula - Dimensiones",https://www.amazon.com/dp/B0DCTVTSTK,GK ALLSTORE,KATIADP SHOP
,B0DCC7LG7Q,Muebles,no disponible,disponible,,,2025-10-10T17:10:41.269Z,2025-10-10T22:41:18.621Z,2025-10-11T01:01:31.584Z,,122.73,"$7,072.33","Jaipur Living, puf de Yute, otomano Relleno Triangular, café/Crema, 18 Pulgadas",https://www.amazon.com/dp/B0DCC7LG7Q,Marca: Jaipur Living,
,B0DBHMV8RT,Muebles,disponible,disponible,,,2025-10-10T17:10:51.976Z,2025-10-10T22:41:26.135Z,2025-10-11T01:01:41.270Z,5869,109.99,"$5,868.03","OOOK - Perchero y clóset para niños con espejo, altura adecuada para guardar ropa con dispositivo antipunta, ayuda a los niños a manejar su propia ropa, bonitos tocadores para recámara, cuarto de",https://www.amazon.com/dp/B0DBHMV8RT,SWORD LIMITED M. X.,Tuo Bei Ke Ji
,B0D8BCJ3ZY,Muebles,disponible,disponible,,,2025-10-10T17:10:51.976Z,2025-10-10T22:41:34.696Z,2025-10-11T01:01:52.254Z,3999,158.89,"$10,169.27","chairus - Mesa de entrada con consola estrecha de ratán de 46 pulgadas para entrada, pasillo, sala de estar, color negro",https://www.amazon.com/dp/B0D8BCJ3ZY,Marca: chairus,Chairus
,B0D6YZM43Z,Muebles,disponible,disponible,,,2025-10-10T17:10:51.976Z,2025-10-10T22:41:43.571Z,2025-10-11T01:02:03.430Z,4582,69.99,"$5,530.97","coucheta - Estantería infantil y almacenamiento de juguetes, estante de juguetes de 36 pulgadas con 4 cubos, baúl de almacenamiento multifuncional para libros, juguetes, organizador de almacenamiento",https://www.amazon.com/dp/B0D6YZM43Z,Cuate Store,KATIADP SHOP
,B0D5HWD4RC,Muebles,no disponible,disponible,,,2025-10-10T17:10:51.976Z,2025-10-10T22:41:51.483Z,2025-10-11T01:02:13.921Z,,42.99,"$5,282.11","Estantería para niños, organizador de almacenamiento de juguetes con 3 cajones de tela plegables y patas de pino, organizador de libros y juguetes para niños, estantería de madera para habitación de",https://www.amazon.com/dp/B0D5HWD4RC,Marca: ALYIAMXL,anmuwei
,B0D46WBRKR,Muebles,no disponible,disponible,,,2025-10-10T17:10:51.976Z,2025-10-10T22:42:01.010Z,2025-10-11T01:02:24.758Z,,27.99,"$4,123.44","Saicool - Gabinete de almacenamiento de piso de baño, organizador lateral de madera no empotrado con 4 cajones y kit antipuntas para baño, sala de estar, pasillo, oficina, estudio, color blanco",https://www.amazon.com/dp/B0D46WBRKR,Marca: Saicool,star-venus
,B0CZQ5W1LP,Muebles,disponible,disponible,,,2025-10-10T17:10:51.976Z,2025-10-10T22:42:08.079Z,2025-10-11T01:02:34.237Z,2299,49.99,"$3,219.60","clóset de almacenamiento de metal de 24.5 pulgadas de alto con candado – clóset de bloqueo para empleados pequeños con cerradura de acero, estante ajustable y pies, gabinete con cerradura de una sola",https://www.amazon.com/dp/B0CZQ5W1LP,Marca: pozdeg,pozdeg
,B0CS32L6ZB,Muebles,disponible,disponible,,,2025-10-10T17:10:51.977Z,2025-10-10T22:42:17.828Z,2025-10-11T01:02:44.530Z,819,19.99,"$1,275.00","Nitial - Paquete de 6 bolsas de almacenamiento de juguetes transparentes de PVC con cierre para niños, bloques de construcción, juegos de mesa, Navidad, San Valentín, regalo de cumpleaños (negro)",https://www.amazon.com/dp/B0CS32L6ZB,Marca: Nitial,YuirXuam
,B0CPL3P9QR,Muebles,no disponible,disponible,,,2025-10-10T17:10:51.977Z,2025-10-10T22:42:25.880Z,2025-10-11T01:02:53.879Z,,99.99,"$4,958.80","Juego de computadora y silla de estudio para niños, altura ajustable de graffiti, cajón de almacenamiento de computadora, patas antideslizantes, adecuado para un peso máximo de 200 libras, adecuado",https://www.amazon.com/dp/B0CPL3P9QR,Marca: TQUEG,HRTU
,B0CNRMJD3T,Muebles,disponible,disponible,,,2025-10-10T17:10:51.977Z,2025-10-10T22:42:34.713Z,2025-10-11T01:03:03.149Z,238,25.99,"$1,441.88","FLOCNOKY Red grande de animales de peluche o hamaca, almacenamiento de animales de peluche, macramé, red para colgar en la esquina de animales de peluche, hamaca organizadora de juguetes para sala de",https://www.amazon.com/dp/B0CNRMJD3T,Marca: FLOCNOKY,Funnes Tech
,B0CHBCXYHF,Muebles,disponible,disponible,,,2025-10-10T17:10:51.977Z,2025-10-10T22:42:41.584Z,2025-10-11T01:03:11.713Z,987,22.99,"$1,241.37","R REVOLEURT - Red grande de animales de peluche o hamaca para juguetes de peluche, para colgar en la pared, soporte para animales de peluche, ideas de almacenamiento de animales de peluche, hamaca de",https://www.amazon.com/dp/B0CHBCXYHF,All Sales today,Revoleurt
,B0C4L5GHLG,Muebles,disponible,disponible,,,2025-10-10T17:10:51.977Z,2025-10-10T22:42:50.910Z,2025-10-11T01:03:21.990Z,5456,143.99,"$7,784.24","LukeAlon - Taburete de maquillaje de lino con almacenamiento, tapizado giratorio de 360° con respaldo plegable, moderno reposapiés cilíndrico para sala de estar, recámara, estampado de vaca",https://www.amazon.com/dp/B0C4L5GHLG,Marca: LukeAlon,XULONG PRODUCT
,B0BT5SD94Y,Muebles,disponible,disponible,,,2025-10-10T17:10:51.977Z,2025-10-10T22:43:00.406Z,2025-10-11T01:03:32.548Z,3896,96,"$4,295.89","Pasargad Home Grandcanyon - Pufs de algodón de primera calidad, 3 patas de madera maciza, parte superior tejida a mano, para sentarse, taburete de pie, pufs redondos para sala de estar, decoración de habitación de lujo, 12 x 12 x 17 pulgadas de alto, blanco/negro",https://www.amazon.com/dp/B0BT5SD94Y,Misamel Store,KART IT
,B0FL19SRMF,Obras de Arte y Material Decorativo,no disponible,disponible,,,2025-10-10T17:11:04.783Z,2025-10-10T22:43:08.372Z,2025-10-11T01:03:43.025Z,,49.99,"$2,370.23","Arte colorido de la pared de la cocina, tarro de albañil, lona, decoración de la pared, especias, fotos de comida, cuadros rústicos, naturaleza muerta, pintura, hierbas clásico, especias",https://www.amazon.com/dp/B0FL19SRMF,Marca: AIYISU,AIYISU DECOR
,B0FC2D46HR,Obras de Arte y Material Decorativo,no disponible,disponible,,,2025-10-10T17:11:04.784Z,2025-10-10T22:43:15.427Z,2025-10-11T01:03:53.837Z,,12.74,$946.14,"YGSDZY - Póster de definición de médico, lona de madera, decoración de pared de oficina, decoración de la oficina del hogar, colgador de póster de lona de pared, regalos de agradecimiento a la",https://www.amazon.com/dp/B0FC2D46HR,Marca: YGSDZY,LROFDSJBFKJ
,B0DS7JR171,Obras de Arte y Material Decorativo,disponible,disponible,,,2025-10-10T17:11:04.784Z,2025-10-10T22:43:22.398Z,2025-10-11T01:04:02.861Z,742,11.69,$836.84,"Koesus - Marco para colgar pósteres gótico clásico de King Raven, 12 x 16 pulgadas, místico, bohemio, sol y luna, botánico, floral, corona, cuervo, lona, decoración de pared enmarcada para recámara,",https://www.amazon.com/dp/B0DS7JR171,HAZAN,gansuanyishangmaoyouxiangongsi
,B0F2GFDZ8D,Obras de Arte y Material Decorativo,no disponible,disponible,,,2025-10-10T17:11:04.784Z,2025-10-10T22:43:30.578Z,2025-10-11T01:04:12.962Z,,4.99,$727.78,"TopXmai - Póster decorativo de pared para mujer, con marco, regalo de agradecimiento para compañeros de trabajo y mujeres, lona para colgar en la pared, para oficina o hogar, 12 x 16 pulgadas, F021",https://www.amazon.com/dp/B0F2GFDZ8D,Marca: TopXmai,lizhijus
,B0F1Y99V5F,Obras de Arte y Material Decorativo,no disponible,disponible,,,2025-10-10T17:11:04.784Z,2025-10-10T22:43:39.217Z,2025-10-11T01:04:22.452Z,,7.99,$812.11,"dsjaidh Sometimes You Forget You Are Awesome - Marco para colgar pósteres, diseño bohemio de flores silvestres con marco de madera, citas inspiradoras para colgar en la pared, impresiones para colgar",https://www.amazon.com/dp/B0F1Y99V5F,Marca: dsjaidh,maomingkangtuanmaoyiyouxiangongsi
,B0DZ6JHZRK,Obras de Arte y Material Decorativo,no disponible,disponible,,,2025-10-10T17:11:04.784Z,2025-10-10T22:43:48.408Z,2025-10-11T01:04:31.467Z,,10.19,$874.24,"Koesus - Marco decorativo bohemio para pared, diseño floral, 12 x 16 pulgadas, clásico, moderno, vibrante, botánico, lona, para decoración de pared del hogar, recámara, sala de estar",https://www.amazon.com/dp/B0DZ6JHZRK,Marca: Koesus,gansuanyishangmaoyouxiangongsi
,B0DW8BSQVN,Obras de Arte y Material Decorativo,no disponible,disponible,,,2025-10-10T17:11:04.784Z,2025-10-10T22:43:55.500Z,2025-10-11T01:04:41.916Z,,139.9,"$8,691.25","LASMOND - Cuadro abstracto para pared, diseño de árbol de la vida, diseño panorámico moderno y grande, enmarcado para recámara, sala de estar, baño, oficina, decoración del hogar (30 x 60 pulgadas)",https://www.amazon.com/dp/B0DW8BSQVN,Marca: LASMOND,Lasmond
,B0D4QWZNM1,Obras de Arte y Material Decorativo,no disponible,disponible,,,2025-10-10T17:11:04.784Z,2025-10-10T22:44:02.381Z,2025-10-11T01:04:50.441Z,,11.99,$924.99,"LUVADIAN - Decoración de pared de oficina, arte inspirador de pared para oficina, esta oficina se ejecuta en trabajo duro, marco para colgar pósteres, decoración divertida de oficina, arte de pared",https://www.amazon.com/dp/B0D4QWZNM1,Marca: LUVADIAN,wuwenfan01
,B0D4QVTH35,Obras de Arte y Material Decorativo,disponible,disponible,,,2025-10-10T17:11:04.785Z,2025-10-10T22:44:09.208Z,2025-10-11T01:05:00.185Z,787,11.99,$844.56,"LUVADIAN - Arte de pared de cocina, bonito marco para colgar pósteres, decoración de pared, 12 x 16 pulgadas",https://www.amazon.com/dp/B0D4QVTH35,MrsWhite,wuwenfan01
,B0CNZKWT4B,Obras de Arte y Material Decorativo,no disponible,disponible,,,2025-10-10T17:11:04.785Z,2025-10-10T22:44:16.709Z,2025-10-11T01:05:09.555Z,,9.99,$868.68,OOzie recámara,https://www.amazon.com/dp/B0CNZKWT4B,Marca: OOzie,Giselle's
,B0F2T78CXX,"Ropa, Zapatos y Accesorios",disponible,disponible,,,2025-10-10T17:12:57.543Z,2025-10-10T22:44:25.009Z,2025-10-11T01:05:19.521Z,549,9.99,$868.68,"ProCase Joyero con Joyas para Niñas, Organizador Joyería Infantil Musical con Muñeca Unicornio Giratoria para Chica Pequeña Collar Pendiente Pulsera Anillo Lápiz Labial -Rosa Unicornio(Joyero solo)",https://www.amazon.com/dp/B0F2T78CXX,Visita la tienda de ProCase,Tech Vendor
,B0F3HKPMHY,"Ropa, Zapatos y Accesorios",disponible,disponible,,,2025-10-10T17:12:57.543Z,2025-10-10T22:44:32.895Z,2025-10-11T01:05:29.339Z,1710,29.99,"$1,697.04","JHKKU - Mantas portátiles para niños, súper suaves, cálidas, acogedoras, de gran tamaño, regalos de 3 a 14 años para niños, niñas y adolescentes con bolsillo",https://www.amazon.com/dp/B0F3HKPMHY,ATIK GLOBAL STORE,JHKKU-M
,B0DQYP66BM,"Ropa, Zapatos y Accesorios",disponible,disponible,,,2025-10-10T17:12:57.543Z,2025-10-10T22:44:41.356Z,2025-10-11T01:05:38.802Z,338,17.99,"$1,218.69",INNEWSHOMI - Almohada de cuello compacta de 35 x 66 pulgadas con bolsa para reposacabezas de coche para viajes por carretera y camping (rosa),https://www.amazon.com/dp/B0DQYP66BM,Marca: INNEWSHOMI,INNEWS
,B0F8NQDFWV,"Ropa, Zapatos y Accesorios",disponible,disponible,,,2025-10-10T17:12:57.543Z,2025-10-10T22:44:50.189Z,2025-10-11T01:05:49.545Z,1085,18.99,"$1,101.86","SARISUN Almohadas de viaje para aviones, combo de almohada de avión con máscara de ojos 3D para un vuelo largo, soporte de 360°, soporte para dormir en la cabeza, reposacabezas de avión para dormir",https://www.amazon.com/dp/B0F8NQDFWV,DEVRANSTORE,SARISUN
,B0F9WKNLM4,"Ropa, Zapatos y Accesorios",disponible,disponible,,,2025-10-10T17:12:57.543Z,2025-10-10T22:44:59.960Z,2025-10-11T01:05:59.427Z,899,19.99,"$1,164.13","JMBNH - Almohada de viaje de espuma viscoelástica para el cuello para avión lavable, funda de seda ergonómica, con caja de almacenamiento, color gris",https://www.amazon.com/dp/B0F9WKNLM4,MegaMondo,ERWUDAFA
,B0FFGX1D7N,"Ropa, Zapatos y Accesorios",disponible,disponible,,,2025-10-10T17:12:57.543Z,2025-10-10T22:45:09.709Z,2025-10-11T01:06:09.661Z,1356,35.1,"$1,596.42","Back2 Almohadas de viaje para aviones, almohada de espuma viscoelástica para el cuello para viajar, diseño ergonómico de viaje con tapones para los oídos, almohada de avión de rebote rápido, artículos",https://www.amazon.com/dp/B0FFGX1D7N,A_DEM,Back2 US Official
,B0FCS6HX7H,"Ropa, Zapatos y Accesorios",disponible,disponible,,,2025-10-10T17:12:57.544Z,2025-10-10T22:45:17.637Z,2025-10-11T01:06:18.992Z,1444,29.99,"$1,421.18","ZEOPRIX Almohada de viaje, almohada de espuma viscoelástica para el cuello, soporte ergonómico para el cuello con funda lavable y transpirable, incluye máscara de ojos, tapones para los oídos y bolsa",https://www.amazon.com/dp/B0FCS6HX7H,MaviNil Store,ZEOPRIX
,B0BWY8D44K,"Ropa, Zapatos y Accesorios",disponible,disponible,,,2025-10-10T17:12:57.544Z,2025-10-10T22:45:25.275Z,2025-10-11T01:06:28.788Z,691,7.48,$728.46,"Vicoter Bandeja organizadora de anillos, 7 ranuras, caja de almacenamiento de aretes de terciopelo con tapa transparente, caja de exhibición de joyas para niñas, esposa, mamá, mujeres (rosa)",https://www.amazon.com/dp/B0BWY8D44K,PELLY LLC,KOOZON
,B0FCS3YDX8,"Ropa, Zapatos y Accesorios",disponible,disponible,,,2025-10-10T17:12:57.544Z,2025-10-10T22:45:34.203Z,2025-10-11T01:06:39.361Z,1018,19.99,"$1,050.45","Reposapiés inflable, almohada inflable para asiento de coche, reposapiés inflable para aviones, coche, almohada de viaje para oficina en casa, trenes (gris 2 unidades), 14.5 pulgadas de largo x 11.8",https://www.amazon.com/dp/B0FCS3YDX8,Turex,Dingcai
,B0F5HNSZ98,"Ropa, Zapatos y Accesorios",disponible,disponible,,PRICE_AND_SELLER_NOT_FOUND,2025-10-10T17:12:57.544Z,2025-10-10T22:45:42.429Z,2025-10-11T01:49:37.666Z,4988,,"$7,440.99","DUMOS - Mueble de joyería con espejo de 6 LED, montado en la pared o en la puerta, 47.2 pulgadas de alto, organizadores de cosméticos de gran capacidad, idea de regalo, color blanco",https://www.amazon.com/dp/B0F5HNSZ98,Kelev 24,
,B0DL5W9PQD,"Ropa, Zapatos y Accesorios",disponible,disponible,,,2025-10-10T17:12:57.544Z,2025-10-10T22:45:51.014Z,2025-10-11T01:06:59.694Z,1810,26,"$1,442.15","Almohada de viaje para el cuello, almohada para el cuello, avión, almohada de viaje de espuma viscoelástica 360, almohada en forma de U, para viajes, adecuada para aviones, oficinas y coches. (negro)",https://www.amazon.com/dp/B0DL5W9PQD,Sky Direct LLC,XingMinDa-US
,B0CT5YQK77,"Ropa, Zapatos y Accesorios",no disponible,disponible,,,2025-10-10T17:12:57.544Z,2025-10-10T22:45:59.428Z,2025-10-11T01:07:10.944Z,,12.99,$953.28,"JIUYUAEZ - Joyero para niña, caja de almacenamiento de mesa, color rosa, regalo de Navidad, regalo de cumpleaños, regalo de Navidad, caja de joyería para niños",https://www.amazon.com/dp/B0CT5YQK77,Marca: JIUYUAEZ,Girl jewelry box
,B0FCSM9THX,"Ropa, Zapatos y Accesorios",disponible,disponible,,,2025-10-10T17:12:57.544Z,2025-10-10T22:46:08.847Z,2025-10-11T01:07:21.428Z,192,29.99,"$1,494.42","ZEOPRIX Almohada de viaje para el cuello de espuma viscoelástica, funda transpirable y lavable, soporte ergonómico ajustable para el cuello con máscara de ojos, tapones para los oídos y bolsa para",https://www.amazon.com/dp/B0FCSM9THX,Marca: ZEOPRIX,ZEOPRIX
,B0DHCKGKVY,"Ropa, Zapatos y Accesorios",no disponible,disponible,,,2025-10-10T17:12:57.544Z,2025-10-10T22:46:16.333Z,2025-10-11T01:07:30.507Z,,24.99,"$1,540.68","FuWeave - 6 regalos de viaje para mujer, incluye caja de joyería rosa, soporte para pasaporte, etiqueta de equipaje, máscara de ojos, manta, vela perfumada, accesorios de viaje para mujeres, regalos",https://www.amazon.com/dp/B0DHCKGKVY,Marca: FuWeave,ChongYann
,B0FGD55HCN,"Ropa, Zapatos y Accesorios",no disponible,disponible,,,2025-10-10T17:12:57.544Z,2025-10-10T22:46:23.676Z,2025-10-11T01:07:39.005Z,,18.55,"$1,171.90","Gloserin - Almohada inflable de viaje para aviones, almohada de avión para soportar cuello, utilizada para aviones, trenes, coches, incluye bolsa de almacenamiento, máscara de ojos y tapones para los",https://www.amazon.com/dp/B0FGD55HCN,Marca: Gloserin,GLOSERIN
,B0DTK7FW8G,"Ropa, Zapatos y Accesorios",no disponible,disponible,,,2025-10-10T17:13:06.715Z,2025-10-10T22:46:33.082Z,2025-10-11T01:07:47.818Z,,15.99,"$1,099.73","Quatish - Almohada de viaje para el cuello, forma de memoria 100 % pura, soporte mejorado para la barbilla y hebilla ajustable para un vuelo cómodo y largo, almohada para el cuello, reposacabezas para",https://www.amazon.com/dp/B0DTK7FW8G,Marca: Quatish,Quatish
,B0DT6JQXKW,"Ropa, Zapatos y Accesorios",disponible,disponible,,,2025-10-10T17:13:06.715Z,2025-10-10T22:46:42.705Z,2025-10-11T01:07:56.537Z,1677,27.99,"$1,677.99","Spicalife - Juego de almohadas de viaje para cuello, exquisita caja de almacenamiento de moda, espuma viscoelástica premium, velcro ajustable, diseño ergonómico para cuello, ideal para viajes, oficina",https://www.amazon.com/dp/B0DT6JQXKW,DEVRANSTORE,Spicalife
,B0DRV3SVQD,"Ropa, Zapatos y Accesorios",disponible,disponible,,,2025-10-10T17:13:06.715Z,2025-10-10T22:46:50.797Z,2025-10-11T01:08:05.746Z,2959,52.43,"$2,349.70","Lihou PapaQ - Joyero musical para bailarina con cerradura de espejo para niñas, almacenamiento de joyas de madera blanca, regalo perfecto para niños, gran regalo para Navidad y todas las día festivo",https://www.amazon.com/dp/B0DRV3SVQD,Sky Direct LLC,dongguanshilihaolipinzhizaoyouxiangongsi
,B0DQPX1G5R,"Ropa, Zapatos y Accesorios",no disponible,disponible,,,2025-10-10T17:13:06.715Z,2025-10-10T22:46:58.220Z,2025-10-11T01:08:15.566Z,,27.99,"$1,438.11","Joeeway - Almohada de cuello para viajes, 100% espuma viscoelástica pura para aviones, soporte de cuello para dormir de largo vuelo, tren, azul oscuro",https://www.amazon.com/dp/B0DQPX1G5R,Marca: Joeeway,Joeeway
,B0DPJPNCRZ,"Ropa, Zapatos y Accesorios",disponible,disponible,,,2025-10-10T17:13:06.715Z,2025-10-10T22:47:05.940Z,2025-10-11T01:08:24.226Z,1506,25.88,"$1,438.57","Almohada de viaje para niños para asiento de coche con manguito de mano, cuello de dibujos animados y reposacabezas para cinturón de seguridad para coche, viajes por carretera, almohada de viaje de",https://www.amazon.com/dp/B0DPJPNCRZ,Huma's Shop,MissSoul Direct
,B0DDZRQ8J9,"Ropa, Zapatos y Accesorios",disponible,disponible,,,2025-10-10T17:13:06.715Z,2025-10-10T22:47:12.955Z,2025-10-11T01:08:32.439Z,823,10.99,$875.45,"VTRAVEL Almohadas de viaje para aviones, almohada de viaje 2024, almohada de viaje para el cuello, almohada de espuma viscoelástica, almohada para el cuello, almohada para viajes, adecuada para",https://www.amazon.com/dp/B0DDZRQ8J9,MaviNil Store,VTRAVEL
,B09R1W5229,"Ropa, Zapatos y Accesorios",disponible,disponible,,,2025-10-10T17:13:06.716Z,2025-10-10T22:47:20.406Z,2025-10-11T01:08:41.222Z,1313,39.99,"$1,621.77","GOLDORANGE - Almohada de viaje grande para el cuello, la mejor almohada de espuma viscoelástica para el cuello, para el tren, el coche, el autobús, la oficina en casa, el descanso para dormir con bolsa de transporte compacta, color negro, L",https://www.amazon.com/dp/B09R1W5229,Binglu,Goldorange
,B0D1H4N55B,"Ropa, Zapatos y Accesorios",no disponible,disponible,,,2025-10-10T17:13:06.716Z,2025-10-10T22:47:29.060Z,2025-10-11T01:08:50.052Z,,55,"$2,698.56","Pillow 's Pillow - Almohada de viaje, gran experiencia de dormir para viajes, muy ligera, partículas de espuma suave, lavables y fáciles de almacenar, transpirable, ideal para cirugía ocular macular",https://www.amazon.com/dp/B0D1H4N55B,Marca: Pillow's Pillow,Pillow's Pillow
,B0FKNDMY7V,"Ropa, Zapatos y Accesorios",no disponible,disponible,,,2025-10-10T17:13:06.716Z,2025-10-10T22:47:36.736Z,2025-10-11T01:08:59.028Z,,19.99,"$1,150.49","Almohadas inflables de viaje para aviones, almohada de viaje para tren, oficina, coche, con soporte de barbilla y cuello, almohada de viaje para apoyo al sueño con máscara de ojos, bolsa de",https://www.amazon.com/dp/B0FKNDMY7V,Marca: HANILUX,HANILUX STORE
,B0DPFYW7CB,"Ropa, Zapatos y Accesorios",no disponible,disponible,,,2025-10-10T17:13:06.716Z,2025-10-10T22:47:44.728Z,2025-10-11T01:09:08.556Z,,19.99,"$1,371.49","LuxoCare - Almohada inflable suave para el cuello de viaje, color lavanda 3D, cómoda y extraíble, lavable a máquina, almohada de apoyo para el cuello, kit de viaje con máscara de ojos, bolsa de",https://www.amazon.com/dp/B0DPFYW7CB,Marca: LuxoCare,HeNanShengLeShiJianCaiYouXianGongSi
,B0CZPGTSCH,"Ropa, Zapatos y Accesorios",no disponible,disponible,,,2025-10-10T17:13:06.716Z,2025-10-10T22:47:53.506Z,2025-10-11T01:09:17.499Z,,37.61,"$1,966.03","Pillow Almohadas for el cuello con capucha for viajes, almohada for el cuello de espuma viscoelástica con soporte for la cabeza de 360°, cómoda con máscara for los ojos, tapones for los oídos y bolsa",https://www.amazon.com/dp/B0CZPGTSCH,Marca: SNIME,ZhengmingStore
,B0D3D8M367,"Ropa, Zapatos y Accesorios",no disponible,disponible,,,2025-10-10T17:13:06.716Z,2025-10-10T22:48:02.658Z,2025-10-11T01:09:27.660Z,,18.99,"$1,352.19","KOMAFO - Almohada de viaje 2024, almohada de viaje Wander Plus, almohada de viaje de espuma viscoelástica, almohada de viaje para el cuello, almohada de viaje de espuma viscoelástica para aviones,",https://www.amazon.com/dp/B0D3D8M367,Marca: KOMAFO,KOMAFO
,B0CQLWQLH3,"Ropa, Zapatos y Accesorios",no disponible,disponible,,,2025-10-10T17:13:06.716Z,2025-10-10T22:48:11.029Z,2025-10-11T01:09:38.121Z,,22.69,"$1,288.75","Almohada de cuello de dos caras para viajes, una almohada de tubo de terciopelo suave. Con funcionalidad de almacenamiento adicional, es tu almohada plegable para el cuello y bolsa de almacenamiento",https://www.amazon.com/dp/B0CQLWQLH3,Marca: My Brand1,diefengwumaoyiyouxiangongsi
,B0FKG217D6,"Ropa, Zapatos y Accesorios",no disponible,disponible,,,2025-10-10T17:13:06.716Z,2025-10-10T22:48:20.282Z,2025-10-11T01:09:48.799Z,,12.99,$994.73,"Mini bolsa de joyería de viaje, mini bolsa de viaje con hebilla, organizador portátil plegable de joyería de viaje, caja pequeña para arete, anillos, collares",https://www.amazon.com/dp/B0FKG217D6,Marca: DreaVant,LOULONG
,B0FD7B1136,"Ropa, Zapatos y Accesorios",no disponible,disponible,,,2025-10-10T17:13:06.716Z,2025-10-10T22:48:26.897Z,2025-10-11T01:09:57.949Z,,16.99,"$1,242.16","TripHug Almohada de espuma viscoelástica para el cuello, almohada de viaje ergonómica en forma de U con soporte para el cuello, funda transpirable y lavable, incluye bolsa de almacenamiento, ideal",https://www.amazon.com/dp/B0FD7B1136,Marca: TripHug,TripHug
,B0FD3J5SQD,"Ropa, Zapatos y Accesorios",no disponible,disponible,,,2025-10-10T17:13:06.716Z,2025-10-10T22:48:36.351Z,2025-10-11T01:10:06.986Z,,14.99,"$1,009.59","Bailarina - Caja de música para niñas - Joyero de música bailarina - Joyero de bailarina con melodía de cisne Lake, color rosa con 1 cajón de almacenamiento para collares/pulseras,",https://www.amazon.com/dp/B0FD3J5SQD,Marca: Laxury,yanglixiagodtag
,B0F7XR6ZPV,"Ropa, Zapatos y Accesorios",no disponible,disponible,,,2025-10-10T17:13:17.998Z,2025-10-10T22:48:43.451Z,2025-10-11T01:10:18.526Z,,5.49,$741.79,"Paquete de 3 fundas de almohada para el cuello, color gris, reutilizable, en forma de U, con cierre, lavable, suave, para avión, fundas de repuesto para comodidad de viaje (sin relleno)",https://www.amazon.com/dp/B0F7XR6ZPV,Marca: Neyauo,lonely coffee
,B0F5H26LL3,"Ropa, Zapatos y Accesorios",disponible,disponible,,,2025-10-10T17:13:17.998Z,2025-10-10T22:48:50.196Z,2025-10-11T01:10:28.166Z,249,13.7,"$1,325.23","Tri-tra Almohada de viaje, almohada de espuma viscoelástica de 360 grados, almohada de viaje para el cuello viene con máscaras para los ojos, tapones para los oídos, accesorio ideal para aviones",https://www.amazon.com/dp/B0F5H26LL3,Marca: Tri-tra,Doc.Sleep
,B0F3VZHSHH,"Ropa, Zapatos y Accesorios",no disponible,disponible,,,2025-10-10T17:13:17.998Z,2025-10-10T22:48:57.687Z,2025-10-11T01:10:36.999Z,,11.99,"$1,136.21","Kopeme - Almohada para el cuello, tipo bomba, almohada en forma de U, válvula doble, almohada portátil, reposacabezas, almohada para el cuello, almohada de aire, inflable prensado manualmente",https://www.amazon.com/dp/B0F3VZHSHH,Marca: Kopeme,Chenbdhdn
,B0F13HTV3Y,"Ropa, Zapatos y Accesorios",disponible,disponible,,,2025-10-10T17:13:17.998Z,2025-10-10T22:49:05.965Z,2025-10-11T01:10:45.747Z,1224,29.95,"$1,534.39","Manta de viaje, manta de franela 2 en 1, compacta para viajes, oficina, hogar, accesorios esenciales de viaje para avión y automóvil, manta compacta de oficina (rosa)",https://www.amazon.com/dp/B0F13HTV3Y,MCK MALL,Brensglunt
,B0DZJ6LP2J,"Ropa, Zapatos y Accesorios",no disponible,disponible,,,2025-10-10T17:13:17.998Z,2025-10-10T22:49:15.671Z,2025-10-11T01:10:56.100Z,,14.99,"$1,196.49","Nubé - Almohada para el cuello de viaje, ultraligera y cómoda de espuma viscoelástica con cierre de almacenamiento para avión, coche y hogar, accesorio de viaje para cabeza y cuello, con tela fresca,",https://www.amazon.com/dp/B0DZJ6LP2J,Marca: Nubé,Nubé
,B0DZ16QKPH,"Ropa, Zapatos y Accesorios",disponible,disponible,,,2025-10-10T17:13:17.998Z,2025-10-10T22:49:23.462Z,2025-10-11T01:11:04.937Z,1488,13.99,"$1,414.29","Owanresly - Juego de almohada de viaje de espuma viscoelástica para el cuello con máscara de ojos, tapones para los oídos y bolsa de almacenamiento, almohada para el cuello, avión, coche, uso",https://www.amazon.com/dp/B0DZ16QKPH,Mishaland Store,HongFeng-technology
,B0DLTZFNHH,"Ropa, Zapatos y Accesorios",no disponible,disponible,,,2025-10-10T17:13:17.998Z,2025-10-10T22:49:32.298Z,2025-10-11T01:11:15.619Z,,19.88,"$1,209.44","CRIQEKD - Almohada de viaje para aviones, almohada de viaje para el cuello, almohada de viaje, almohada de viaje para el cuello para viajar, adecuada para aviones, oficinas y coches",https://www.amazon.com/dp/B0DLTZFNHH,Marca: CRIQEKD,Criqekd
,B0CMDHBXL6,"Ropa, Zapatos y Accesorios",disponible,disponible,,,2025-10-10T17:13:17.999Z,2025-10-10T22:49:41.134Z,2025-10-11T01:11:24.917Z,4108,159,"$4,684.74","NorSari - Manta deportiva y envoltura portátil, The Bergen Sport, grafito",https://www.amazon.com/dp/B0CMDHBXL6,Mishaland Store,NorSari
,B0CDG6JVD6,"Ropa, Zapatos y Accesorios",no disponible,disponible,,,2025-10-10T17:13:17.999Z,2025-10-10T22:49:48.806Z,2025-10-11T01:11:35.103Z,,21.99,"$1,272.51","Susiyo - Almohada de viaje clásica con estampado de leopardo, almohada de espuma viscoelástica para el cuello, funda suave, cómoda y transpirable, lavable a máquina para el hogar, oficina, descanso, avión, coche, uso familiar",https://www.amazon.com/dp/B0CDG6JVD6,Marca: susiyo,CENXINL
,B0CDG46D14,"Ropa, Zapatos y Accesorios",no disponible,disponible,,,2025-10-10T17:13:17.999Z,2025-10-10T22:49:56.913Z,2025-10-11T01:11:44.620Z,,21.99,"$1,393.70","Susiyo - Almohada de viaje con teñido anudado, espuma viscoelástica, para el cuello, suave, cómoda y transpirable, lavable a máquina, para el hogar, oficina, descanso, avión, coche, uso familiar",https://www.amazon.com/dp/B0CDG46D14,Marca: susiyo,CENXINL
,B00R3AF3XO,"Ropa, Zapatos y Accesorios",no disponible,disponible,,,2025-10-10T17:13:17.999Z,2025-10-10T22:50:04.111Z,2025-10-11T01:11:53.656Z,,9.99,$993.20,"Soca Memory Foam Forma de U Almohada de Viaje Cuello Soporte Cabeza cojín de Apoyo – Ideal Regalo de Navidad, Marrón",https://www.amazon.com/dp/B00R3AF3XO,Marca: Soca,Bookishbunny
,B07VXCQCNF,Salud y Cuidado Personal,disponible,disponible,,,2025-10-10T17:13:28.171Z,2025-10-10T22:50:12.803Z,2025-10-11T01:12:02.991Z,967,24.99,"$1,235.24","Cedar Home Bloques de cedro para almacenamiento de ropa | Bolas de cedro y anillos de cedro | Ambientador de armario | Protección de ropa y prevención de la humedad | 40 piezas, 30 anillos de cedro y bonificación de 10 bolas de cedro, vendedor de Estados Unidos",https://www.amazon.com/dp/B07VXCQCNF,INTERSHOPMX,Cedar Home
,B0DPKSK26R,Salud y Cuidado Personal,disponible,disponible,,,2025-10-10T17:13:28.172Z,2025-10-10T22:50:20.967Z,2025-10-11T01:12:12.539Z,1547,33.99,"$1,923.24","Juego de 3 almohadas de cuña para dormir con reflujo ácido, GERD, almohada de apoyo triangular ajustable con palabras positivas para respaldo/rodilla/pierna, alivio de ronquidos, cubierta de espuma",https://www.amazon.com/dp/B0DPKSK26R,Rio Bravo,HUIMAX