also_appears_in,asin,batch_number,category,disponibilidad_mx,disponibilidad_usa,error_verificacion_mx,error_verificacion_usa,extracted_at,fecha_verificacion_mx,fecha_verificacion_usa,precio_actual_mx,precio_actual_usd,price,title,url_mx,url_usa,vendedor_actual_mx,vendedor_actual_usa
,B078Y61JXG,5,Salud y Cuidado Personal,disponible,no disponible,,,2025-10-29T22:24:37.578Z,2025-10-30T05:15:49.890Z,2025-10-30T17:18:01.458Z,570.13,,$574.98,Summit Chemical Co. - Mosquito Dunk (6 unidades),https://www.amazon.com.mx/dp/B078Y61JXG,https://www.amazon.com/dp/B078Y61JXG,GUTTIDIRECT,
,B08CY55XDB,5,Salud y Cuidado Personal,disponible,disponible,,,2025-10-29T22:24:37.579Z,2025-10-30T05:15:59.451Z,2025-10-30T17:18:09.498Z,939.57,26.99,$899.72,LONDON MOLE Eyewear | Gafas de lectura Moley | Gafas redondas | Lectores geniales | Gafas de lectura elegantes | Unisex para hombre y mujer,https://www.amazon.com.mx/dp/B08CY55XDB,https://www.amazon.com/dp/B08CY55XDB,GUTTIDIRECT,Newgate World Ltd
,B07212SMJ8,5,Salud y Cuidado Personal,disponible,no disponible,,,2025-10-29T22:24:37.579Z,2025-10-30T05:16:08.665Z,2025-10-30T17:18:16.809Z,472.76,,$470.60,"FeetPeople Premium Shoe Cream 1.5 Oz, Various Colors!",https://www.amazon.com.mx/dp/B07212SMJ8,https://www.amazon.com/dp/B07212SMJ8,M&H Customer Friendly Store,
,B002VWH7RE,5,Salud y Cuidado Personal,disponible,no disponible,,,2025-10-29T22:24:37.579Z,2025-10-30T05:16:17.287Z,2025-10-30T17:18:23.993Z,1243,,"$1,174.81",Seals Cubierta de nailon para cabina,https://www.amazon.com.mx/dp/B002VWH7RE,https://www.amazon.com/dp/B002VWH7RE,Marca: Seals,
,B0CQ3MQR7C,5,Salud y Cuidado Personal,disponible,no disponible,,,2025-10-29T22:24:37.579Z,2025-10-30T05:16:24.716Z,2025-10-30T17:18:32.477Z,1781.55,,"$1,711.79","Transparent Labs Aislado de proteína de suero de leche alimentado con pasto: sabor natural, proteína de suero de leche en polvo sin gluten con 28 g de proteína por porción y 9 aminoácidos esenciales",https://www.amazon.com.mx/dp/B0CQ3MQR7C,https://www.amazon.com/dp/B0CQ3MQR7C,BROWN LEAVES LLC,
,B0DGQPFRWD,5,Salud y Cuidado Personal,disponible,disponible,,,2025-10-29T22:24:37.579Z,2025-10-30T05:16:32.372Z,2025-10-30T17:18:39.691Z,472.02,8.19,$462.18,"Kit de 4 cepillos de brillo para zapatos de caballo para hombres y mujeres. Horsehair - cepillo para polvo para pulir zapatos, cepillo para polvo limpiador de gamuza de mango largo, aplicadores de",https://www.amazon.com.mx/dp/B0DGQPFRWD,https://www.amazon.com/dp/B0DGQPFRWD,GUTTIDIRECT,3A-International (USA)
,B09BTH239Y,5,Salud y Cuidado Personal,disponible,no disponible,,,2025-10-29T22:24:37.579Z,2025-10-30T05:16:40.985Z,2025-10-30T17:18:47.466Z,717.74,,$706.35,"Likas Jabón de papaya original, paquete de 1 - JUEGO DE 4",https://www.amazon.com.mx/dp/B09BTH239Y,https://www.amazon.com/dp/B09BTH239Y,GUTTIDIRECT,
,B08VD3GCW3,5,Salud y Cuidado Personal,disponible,no disponible,,,2025-10-29T22:24:37.579Z,2025-10-30T05:16:50.800Z,2025-10-30T17:18:53.914Z,594.53,,$584.01,AODULO Youth Long Sleeve T Shirts Kids Sun Shirts Hoodies Rash Guard UPF50+ Quick Dry Fit for Running Workout Playing,https://www.amazon.com.mx/dp/B08VD3GCW3,https://www.amazon.com/dp/B08VD3GCW3,Rendomin,
,B0CQC8547H,5,Salud y Cuidado Personal,disponible,no disponible,,,2025-10-29T22:24:37.579Z,2025-10-30T05:16:58.670Z,2025-10-30T17:19:02.215Z,529,,$574.98,"Euthymol- “Pasta Dentífrica Blanqueadora EUTHYMOL (3.7fl oz) Eliminación de Manchas en 2 Semanas, Frescura Duradera para Sen",https://www.amazon.com.mx/dp/B0CQC8547H,https://www.amazon.com/dp/B0CQC8547H,quanax,
,B0C4317BLY,5,Salud y Cuidado Personal,disponible,no disponible,,,2025-10-29T22:24:37.580Z,2025-10-30T05:17:06.501Z,2025-10-30T17:19:10.878Z,688.5,,$687.30,"WHOLE WORLD WELLNESS Extracto De Azafrán 100% Puro Apoyo Antioxidante Para El Estado De Ánimo, La Concentración, La Memoria, La Digestión, La Inmunidad, Los Ojos, La Piel, El Cerebro, El Pes",https://www.amazon.com.mx/dp/B0C4317BLY,https://www.amazon.com/dp/B0C4317BLY,Brownstone Brooklyn,
,B0C2H4ZN3R,5,Salud y Cuidado Personal,disponible,disponible,,,2025-10-29T22:24:37.580Z,2025-10-30T05:17:13.960Z,2025-10-30T17:19:18.185Z,1221.73,36.99,"$1,144.61","COOTRY - Traje de baño de manga corta para mujer, 2 piezas, talla grande, protección contra erupciones, traje de baño y pantalones cortos, UPF 50+",https://www.amazon.com.mx/dp/B0C2H4ZN3R,https://www.amazon.com/dp/B0C2H4ZN3R,PEACEE STOREE,Lady Outlet Store
,B0CMMSWNS6,5,Salud y Cuidado Personal,disponible,no disponible,,,2025-10-29T22:24:37.580Z,2025-10-30T05:17:23.107Z,2025-10-30T17:19:26.885Z,1047.14,,$969.31,Zero Shine- Tarro - smp mate 2.0,https://www.amazon.com.mx/dp/B0CMMSWNS6,https://www.amazon.com/dp/B0CMMSWNS6,DOFER,
,B09KV7ZLPF,5,Salud y Cuidado Personal,disponible,no disponible,,,2025-10-29T22:24:37.580Z,2025-10-30T05:17:31.772Z,2025-10-30T17:19:34.762Z,890.91,,$889.80,Atizon Long Sleeve Ruffle Dress for Women Feminine V Neck Polka Dot Loose Mini Dress,https://www.amazon.com.mx/dp/B09KV7ZLPF,https://www.amazon.com/dp/B09KV7ZLPF,ELEGANCE LLC.,
,B0DSHWDY62,5,Salud y Cuidado Personal,disponible,no disponible,,,2025-10-29T22:24:37.580Z,2025-10-30T05:17:40.610Z,2025-10-30T17:19:41.800Z,529.71,,$518.81,"Qucship Potente XXL - Limpiador de basura espumoso y desodorantes tabletas – Paquete de 24 unidades, limpiador de eliminación de basura con aroma a cítricos, limpiador de drenaje para fregadero para 1",https://www.amazon.com.mx/dp/B0DSHWDY62,https://www.amazon.com/dp/B0DSHWDY62,BİLGİ LTD,
,B0C4YQTN79,5,Salud y Cuidado Personal,disponible,disponible,,,2025-10-29T22:24:37.580Z,2025-10-30T05:17:49.722Z,2025-10-30T17:19:48.546Z,1023.77,29.69,$972.16,"ATTRACO Traje de baño de una pieza con bloques de color para mujer, traje de baño deportivo con espalda cruzada",https://www.amazon.com.mx/dp/B0C4YQTN79,https://www.amazon.com/dp/B0C4YQTN79,Rendosa,ATTRACO
,B0B6B5FQ5X,5,Salud y Cuidado Personal,disponible,no disponible,,,2025-10-29T22:24:37.580Z,2025-10-30T05:17:58.235Z,2025-10-30T17:19:57.045Z,632.02,,$601.75,"CARELAND- Parches de gel de lidocaína al 4%, 18 unidades | Parches de máxima potencia para aliviar el dolor muscular en el cuello, la rodilla y la espalda",https://www.amazon.com.mx/dp/B0B6B5FQ5X,https://www.amazon.com/dp/B0B6B5FQ5X,TIME OF SHOP,
,B07G8168W8,5,Salud y Cuidado Personal,disponible,no disponible,,,2025-10-29T22:24:49.617Z,2025-10-30T05:18:05.889Z,2025-10-30T17:20:04.703Z,857.93,,$853.33,"DMSO - Botella de vidrio de grado farmacéutico con 99.9% de pureza y bajo olor, 3.3 onzas (sulfóxido de dimetilo) con cuentagotas",https://www.amazon.com.mx/dp/B07G8168W8,https://www.amazon.com/dp/B07G8168W8,GUTTIDIRECT,
,B07VKMWQSN,5,Salud y Cuidado Personal,disponible,disponible,,,2025-10-29T22:24:49.617Z,2025-10-30T05:18:14.435Z,2025-10-30T17:20:12.998Z,514.98,8.99,$481.16,"Face Shadow - Funda grande para anteojos de sol (tamaño XL), Marrón, Medium",https://www.amazon.com.mx/dp/B07VKMWQSN,https://www.amazon.com/dp/B07VKMWQSN,MSTZKN SHİPMENT,"wellworths co.,ltd"
,B0CYZVXG7D,5,Salud y Cuidado Personal,disponible,no disponible,,,2025-10-29T22:24:49.618Z,2025-10-30T05:18:23.388Z,2025-10-30T17:20:20.152Z,1036.94,,"$1,004.55",DR. MORITZ- “Gomitas de Magnesio Calma sin Azúcar para Niños y Adultos Gomitas de Magnesio para Niños Citrato de Magnesio,https://www.amazon.com.mx/dp/B0CYZVXG7D,https://www.amazon.com/dp/B0CYZVXG7D,RVDSHOP,
,B0D4299GN1,5,Salud y Cuidado Personal,disponible,no disponible,,,2025-10-29T22:24:49.618Z,2025-10-30T05:18:32.284Z,2025-10-30T17:20:28.643Z,541,,$508.17,"Gribell - Spray profesional elástico para zapatos, para piel, botas y zapatos, pies anchos, suavizante de piel y estirador, botas, guantes, bolsas para mujeres y hombres, 4 onzas líquidas, Claro,",https://www.amazon.com.mx/dp/B0D4299GN1,https://www.amazon.com/dp/B0D4299GN1,MSTZKN SHİPMENT,
,B0DF7D3ZZQ,5,Salud y Cuidado Personal,disponible,no disponible,,,2025-10-29T22:24:49.618Z,2025-10-30T05:18:46.721Z,2025-10-30T17:20:41.593Z,927.95,,$899.72,"LILICARE Suplemento de fisetina: liposomal de súper absorción, 98% de pureza, 1200 mg de fisetina con quercetina, resveratrol, extracto de té verde para un envejecimiento saludable y longevidad, sa",https://www.amazon.com.mx/dp/B0DF7D3ZZQ,https://www.amazon.com/dp/B0DF7D3ZZQ,MARVEL INC.,
,B0DD7K9JXF,5,Salud y Cuidado Personal,disponible,no disponible,,,2025-10-29T22:24:49.618Z,2025-10-30T05:18:56.477Z,2025-10-30T17:20:49.586Z,508.7,,$505.40,"SEWAK AL NOOR-Paquete de 12 palitos de Miswak para dientes con soporte - Cepillo de dientes natural para blanquear los dientes, salud bucal y aliento fresco - Sellado al vacío con sabor natural",https://www.amazon.com.mx/dp/B0DD7K9JXF,https://www.amazon.com/dp/B0DD7K9JXF,SRKSB LLC,
,B0BZ1796Z4,5,Salud y Cuidado Personal,disponible,no disponible,,,2025-10-29T22:24:49.618Z,2025-10-30T05:19:05.378Z,2025-10-30T17:20:56.964Z,641.14,,$624.25,"FRESH KICKS Foul Ballz - Pelotas desodorantes para zapatos, paquete de 6 – quitar los zapatos malolientes rápidamente – Lucha contra el olor de los tenis fuertes – Insertos ambientadores de zapatos de",https://www.amazon.com.mx/dp/B0BZ1796Z4,https://www.amazon.com/dp/B0BZ1796Z4,GUTTIDIRECT,
,B0DP5HNQV3,5,Salud y Cuidado Personal,disponible,no disponible,,,2025-10-29T22:24:49.618Z,2025-10-30T05:19:13.392Z,2025-10-30T17:21:03.555Z,430.99,,$434.63,"ARMAS PHARMACEUTICALS Gotas Para Los Ojos Armas Allergy, Alivio De La Picazón, Actúa En Minutos, Alivio Por Hasta 12 Horas, Concentración Recetada, Solución Antihistamínica De Ketotifeno, Suministro P",https://www.amazon.com.mx/dp/B0DP5HNQV3,https://www.amazon.com/dp/B0DP5HNQV3,SRKSB LLC,
,B08L61FDV8,5,Salud y Cuidado Personal,disponible,no disponible,,,2025-10-29T22:24:49.618Z,2025-10-30T05:19:20.936Z,2025-10-30T17:21:11.092Z,2191.15,,"$2,198.90","Juven Therapeutic Nutrition - Mezcla de bebidas en polvo para apoyo curativo de heridas, incluye proteína de colágeno, naranja y ponche de frutas, 30 unidades",https://www.amazon.com.mx/dp/B08L61FDV8,https://www.amazon.com/dp/B08L61FDV8,Premium Global,
,B07P15RVRP,5,Salud y Cuidado Personal,disponible,no disponible,,,2025-10-29T22:24:49.619Z,2025-10-30T05:19:29.178Z,2025-10-30T17:21:18.719Z,508.3,,$503.76,"SmellWell Desodorantes para zapatos, carbón de bambú activado + minerales, inserto de ambientador natural para zapatos, bolsos, guantes y más, Perfumado - Black Zebra, 2 Count (Pack of 1)",https://www.amazon.com.mx/dp/B07P15RVRP,https://www.amazon.com/dp/B07P15RVRP,SRKSB LLC,
,B09BMC183Y,5,Salud y Cuidado Personal,disponible,no disponible,,,2025-10-29T22:24:49.619Z,2025-10-30T05:19:38.954Z,2025-10-30T17:21:26.605Z,628.95,,$615.85,"Valtrum Alivio Rápido Y Eficaz. El Único Gel De Uso Externo Con Componentes Naturales Y Acción Potente, Cuyos Efectos Se Perciben A Los 40 Segundos De Su Uso.",https://www.amazon.com.mx/dp/B09BMC183Y,https://www.amazon.com/dp/B09BMC183Y,GUTTIDIRECT,
,B0CLHK7SLB,5,Salud y Cuidado Personal,disponible,no disponible,,,2025-10-29T22:24:49.619Z,2025-10-30T05:19:47.520Z,2025-10-30T17:21:34.697Z,1522.68,,"$1,446.00","ProT Gold- “Disparo de Proteína de Colágeno Líquido, 17g de Proteína Transparente NanoHidrolizado de Colágeno Alimentado con Pasto, 2g de Arginina fo",https://www.amazon.com.mx/dp/B0CLHK7SLB,https://www.amazon.com/dp/B0CLHK7SLB,SEONGSAN,
,B0C6V6MQZN,5,Salud y Cuidado Personal,disponible,no disponible,,,2025-10-29T22:24:49.619Z,2025-10-30T05:19:55.276Z,2025-10-30T17:21:43.146Z,704.63,,$664.71,SAFECASTLE- “ThyroKi Tabletas de yoduro de potasio 130 mg (150 tabletas) Tabletas de disolución rápida de soporte para tiroides | Pot,https://www.amazon.com.mx/dp/B0C6V6MQZN,https://www.amazon.com/dp/B0C6V6MQZN,TIME OF SHOP,
,B0CNKCJ2VH,5,Salud y Cuidado Personal,disponible,disponible,,,2025-10-29T22:24:49.619Z,2025-10-30T05:20:04.198Z,2025-10-30T17:21:50.732Z,512.93,9.99,$504.03,"Endoto Plantillas de espuma viscoelástica para Skechers zapatos mujer, Insoles inserts inserto acolchadas de reemplazo para mayor comodidad y alivio del dolor en los pies-Negro 41 EU",https://www.amazon.com.mx/dp/B0CNKCJ2VH,https://www.amazon.com/dp/B0CNKCJ2VH,SIDE SHOP,Endoto® Online
,B0DT9K92B4,5,Salud y Cuidado Personal,disponible,no disponible,,,2025-10-29T22:24:49.619Z,2025-10-30T05:20:12.346Z,2025-10-30T17:21:58.811Z,505.57,,$503.76,"Freshmile Pastillas de enjuague bucal de viaje para fumadores-Sin flúor ni alcohol, para el tratamiento del mal aliento y el blanqueamiento natural, sabor menta (60 unidades)",https://www.amazon.com.mx/dp/B0DT9K92B4,https://www.amazon.com/dp/B0DT9K92B4,SRKSB LLC,
,B07NKNL3RJ,5,Salud y Cuidado Personal,disponible,no disponible,,,2025-10-29T22:24:49.619Z,2025-10-30T05:20:19.879Z,2025-10-30T17:22:05.673Z,964.17,,$920.21,"REFLUX GOURMET - Terapia de alginato totalmente natural con menta y chocolate para el rescate, reflujo ácido, ERGE, LPR, alivio de la acidez estomacal, elaborado con ingredientes totalmente",https://www.amazon.com.mx/dp/B07NKNL3RJ,https://www.amazon.com/dp/B07NKNL3RJ,GUTTIDIRECT,
,B0DFN9TGNJ,5,Salud y Cuidado Personal,disponible,no disponible,,,2025-10-29T22:25:03.795Z,2025-10-30T05:20:28.911Z,2025-10-30T17:22:12.914Z,1236.4,,"$1,196.47","XL Science Kong Xxl: Píldoras Para Aumentar El Rendimiento Y Agrandar El Pene De Los Hombres. Añada De 3 A 6"" En 60 Días. Aumente El Tamaño, El Impulso, La Fuerza Y La Resistencia. Mejore El Rendimien",https://www.amazon.com.mx/dp/B0DFN9TGNJ,https://www.amazon.com/dp/B0DFN9TGNJ,Abundant Peace,
,B0DBMWPQ1D,5,Salud y Cuidado Personal,disponible,no disponible,,,2025-10-29T22:25:03.795Z,2025-10-30T05:20:37.844Z,2025-10-30T17:22:20.654Z,622.04,,$619.69,"fygg- Fygg Pasta de Dientes Libre de Fluoruro, Nano Hidroxiapatita (Menta Suave) | Recomendado por Dentista para Remereral",https://www.amazon.com.mx/dp/B0DBMWPQ1D,https://www.amazon.com/dp/B0DBMWPQ1D,Natural  Mx ⭐ (Facturamos),
,B0BBDV81RL,5,Salud y Cuidado Personal,disponible,disponible,,,2025-10-29T22:25:03.795Z,2025-10-30T05:20:47.068Z,2025-10-30T17:22:28.797Z,1617.77,49.98,"$1,606.56","KEFITEVD - chamarra casual a prueba de viento para hombre, chamarra cortavientos con cierre completa, chamarra acolchado cálido de invierno",https://www.amazon.com.mx/dp/B0BBDV81RL,https://www.amazon.com/dp/B0BBDV81RL,Ovolos,CAVVA
,B087C9VNXF,5,Salud y Cuidado Personal,disponible,no disponible,,,2025-10-29T22:25:03.796Z,2025-10-30T05:20:55.126Z,2025-10-30T17:22:36.445Z,573.99,,$569.78,"Iyasa Holistics Polvo Orgánico De Bacopa (Hoja De Brahmi), Superalimento Ayurvédico Orgánico Certificado, Tónico Para El Cabello Y El Cerebro, Bolsa Resellable De 8 Oz 8 Onzas (Paquete De 1)",https://www.amazon.com.mx/dp/B087C9VNXF,https://www.amazon.com/dp/B087C9VNXF,GUTTIDIRECT,
,B071DNRC63,5,Salud y Cuidado Personal,disponible,no disponible,,,2025-10-29T22:25:03.796Z,2025-10-30T05:21:03.574Z,2025-10-30T17:22:43.586Z,986.35,,$978.14,PerfecDraw Precision Cigar Draw Enhancer Tool & Nubber,https://www.amazon.com.mx/dp/B071DNRC63,https://www.amazon.com/dp/B071DNRC63,SRKSB LLC,
,B0DFZVXRL2,5,Salud y Cuidado Personal,disponible,no disponible,,,2025-10-29T22:25:03.796Z,2025-10-30T05:21:12.953Z,2025-10-30T17:22:51.888Z,606.27,,$599.16,"Semillas orgánicas de brotes de brócoli (8 onzas) – Sin OMG, semillas de reliquia para brotar y microgreens",https://www.amazon.com.mx/dp/B0DFZVXRL2,https://www.amazon.com/dp/B0DFZVXRL2,SHOPENZA,
,B0979V9FT3,5,Salud y Cuidado Personal,disponible,no disponible,,,2025-10-29T22:25:03.796Z,2025-10-30T05:21:21.242Z,2025-10-30T17:22:59.558Z,515.42,,$507.07,Swipz - Toallitas limpiadoras para zapatos y zapatillas – Kit completo de borrador para zapatos de tenis – Paños limpiadores instantáneos de suela de piel blanco en 12 paquetes de viaje,https://www.amazon.com.mx/dp/B0979V9FT3,https://www.amazon.com/dp/B0979V9FT3,SRKSB LLC,
,B0FHKG8RWX,5,Salud y Cuidado Personal,disponible,no disponible,,,2025-10-29T22:25:03.796Z,2025-10-30T05:21:29.826Z,2025-10-30T17:23:07.648Z,613.45,,$599.02,"Mars Made Barra facial de niacinamida con sésamo negro, barra de jabón nutritiva e hidratante para todo tipo de piel, cuidado de la piel coreano vegano y apto para viajes (3.35 oz, 3.35 onzas)",https://www.amazon.com.mx/dp/B0FHKG8RWX,https://www.amazon.com/dp/B0FHKG8RWX,GUTTIDIRECT,
,B00QRZEL8O,5,Salud y Cuidado Personal,disponible,no disponible,,,2025-10-29T22:25:03.796Z,2025-10-30T05:21:44.374Z,2025-10-30T17:23:19.766Z,1874.52,,"$1,912.31","Trofolastin Scar Reducer Reductor De Cicatrices E Carreras 5x7,5 cm 5 pieces by Skin Care",https://www.amazon.com.mx/dp/B00QRZEL8O,https://www.amazon.com/dp/B00QRZEL8O,FEEL EXTRA MX,
,B0BB7HLC26,5,Salud y Cuidado Personal,disponible,disponible,,,2025-10-29T22:25:03.796Z,2025-10-30T05:21:53.910Z,2025-10-30T17:23:27.596Z,369,45.99,"$1,353.37","SENSERISE - Chaleco acolchado para mujer, de gran tamaño, ligero, chamarra acolchada hinchada, para invierno, otoño",https://www.amazon.com.mx/dp/B0BB7HLC26,https://www.amazon.com/dp/B0BB7HLC26,Marca: SENSERISE,SENSERISE
,B0F5WZMRL7,5,Salud y Cuidado Personal,disponible,no disponible,,,2025-10-29T22:25:03.796Z,2025-10-30T05:22:03.688Z,2025-10-30T17:23:34.893Z,810.73,,$804.62,milDAO® – 30 pastillas | 1.000.000 HDU por tableta | DAO altamente activo para la intolerancia a la histamina | 100% vegano y vegetal | con catalasa | liofilizado | En funda de aluminio con gel de,https://www.amazon.com.mx/dp/B0F5WZMRL7,https://www.amazon.com/dp/B0F5WZMRL7,SRKSB LLC,
,B0DPQ5GY5G,5,Salud y Cuidado Personal,disponible,no disponible,,,2025-10-29T22:25:03.797Z,2025-10-30T05:22:13.401Z,2025-10-30T17:23:42.823Z,514.52,,$518.78,GOGIFTGO Aceite De Cyperus Rotundus Aceite De Cyperus Aceite De Cyperus Rotundus Para Depilación Aceite De Cyperus Natural Calmante Y Suave Reduce El Crecimiento Del Vello Corporal Piel Suav,https://www.amazon.com.mx/dp/B0DPQ5GY5G,https://www.amazon.com/dp/B0DPQ5GY5G,SRKSB LLC,
,B0DSCBNS7L,5,Salud y Cuidado Personal,disponible,no disponible,,,2025-10-29T22:25:03.797Z,2025-10-30T05:22:22.787Z,2025-10-30T17:23:51.117Z,1145.78,,"$1,125.56","Glamommy Kit de recuperación posparto para mujeres, cuidados posparto, biberón, espray refrescante, ropa interior desechable posparto, compresas posparto, compresas frías y calientes, protectores relajantes.",https://www.amazon.com.mx/dp/B0DSCBNS7L,https://www.amazon.com/dp/B0DSCBNS7L,SRKSB LLC,
,B09VCG8GRM,5,Salud y Cuidado Personal,disponible,no disponible,,,2025-10-29T22:25:03.797Z,2025-10-30T05:22:31.872Z,2025-10-30T17:23:58.613Z,1244.82,,"$1,239.53","LIPOELASTIC PU 03 - Banda de compresión unisex para postcirugía, diadema de otoplastia autoadherente, vendaje cómodo para las orejas",https://www.amazon.com.mx/dp/B09VCG8GRM,https://www.amazon.com/dp/B09VCG8GRM,DUKKI LLC,
,B09GF71BDL,5,Salud y Cuidado Personal,disponible,no disponible,,,2025-10-29T22:25:03.797Z,2025-10-30T05:22:41.651Z,2025-10-30T17:24:06.703Z,709.47,,No disponible,VagiBiom- “Supositorio de Lactobacillus: Microbioma Balance de Flora y Régimen de Control de Olores; Equilibrio y Nutrición,https://www.amazon.com.mx/dp/B09GF71BDL,https://www.amazon.com/dp/B09GF71BDL,CyK Deals,
,B07BH8GKFB,5,Salud y Cuidado Personal,disponible,no disponible,,,2025-10-29T22:25:03.797Z,2025-10-30T05:22:50.112Z,2025-10-30T17:24:14.658Z,1268.92,,"$1,230.04","Levels Nutrition Proteína De Suero De Leche En Polvo Alimentada Con Pasto Levels, Sin Ingredientes Artificiales, 24 G De Proteína, Sabor Vainilla Y Canela, 2 Libras 28 Porciones (Paquete De 1)",https://www.amazon.com.mx/dp/B07BH8GKFB,https://www.amazon.com/dp/B07BH8GKFB,SHOPENZA,
,B0DPQMFV2T,5,Salud y Cuidado Personal,disponible,no disponible,,,2025-10-29T22:25:16.204Z,2025-10-30T05:22:59.909Z,2025-10-30T17:24:21.760Z,979.75,,$964.16,PUFFIAIR Difusor De Hierbas En Forma De Pluma Para Desintoxicar Los Pulmones Y Refrescar El Ambiente Bucal Con Extractos De Gordolobo Tomillo Y Menta Verde,https://www.amazon.com.mx/dp/B0DPQMFV2T,https://www.amazon.com/dp/B0DPQMFV2T,SHOPENZA,
,B09V6RCRZM,5,Salud y Cuidado Personal,disponible,no disponible,,,2025-10-29T22:25:16.204Z,2025-10-30T05:23:09.346Z,2025-10-30T17:24:29.926Z,680.85,,$679.74,ESENTA PELICULA BARRERA SPRAY 50 ML,https://www.amazon.com.mx/dp/B09V6RCRZM,https://www.amazon.com/dp/B09V6RCRZM,ConvaTec México,
,B0D4B6X7WQ,5,Salud y Cuidado Personal,disponible,no disponible,,,2025-10-29T22:25:16.204Z,2025-10-30T05:23:19.417Z,2025-10-30T17:24:37.934Z,1256.94,,"$1,247.88",Eko CORE 500 Estuche para estetoscopio digital,https://www.amazon.com.mx/dp/B0D4B6X7WQ,https://www.amazon.com/dp/B0D4B6X7WQ,Abundant Peace,
,B0BBMKPRK1,5,Salud y Cuidado Personal,disponible,disponible,,,2025-10-29T22:25:16.204Z,2025-10-30T05:23:29.582Z,2025-10-30T17:24:44.684Z,1164.97,32.99,"$1,094.36",FAHIZO Men's Dress Shirt Regular Fit Casual Long Sleeve Stripe Stretch Soild,https://www.amazon.com.mx/dp/B0BBMKPRK1,https://www.amazon.com/dp/B0BBMKPRK1,Novayu,FAHIZO
,B07SQ3NJYD,5,Salud y Cuidado Personal,disponible,no disponible,,,2025-10-29T22:25:16.204Z,2025-10-30T05:23:39.467Z,2025-10-30T17:24:51.916Z,658.74,,$656.39,"SOLUGEL FISIOCREM Fisiocrem Solugel - Masaje Masaje Para Cuello, Hombros Y Espalda Con Árnica - 100 Ml",https://www.amazon.com.mx/dp/B07SQ3NJYD,https://www.amazon.com/dp/B07SQ3NJYD,SHOPENZA,
,B09F7PZV4Q,5,Salud y Cuidado Personal,disponible,no disponible,,,2025-10-29T22:25:16.204Z,2025-10-30T05:23:48.968Z,2025-10-30T17:24:59.627Z,656.48,,$657.51,WELCOS KWAILNARA Milk Body Lotion 560 g / 19.75 oz. (Strawberry),https://www.amazon.com.mx/dp/B09F7PZV4Q,https://www.amazon.com/dp/B09F7PZV4Q,DUKKI LLC,
,B0CLXNKQ62,5,Salud y Cuidado Personal,disponible,no disponible,,,2025-10-29T22:25:16.205Z,2025-10-30T05:23:58.672Z,2025-10-30T17:25:07.769Z,899.16,,$858.83,"CARELAND- Parches de gel de lidocaína al 4%, 35 unidades | Parches de máxima potencia para aliviar el dolor muscular en el cuello, la rodilla y la espalda",https://www.amazon.com.mx/dp/B0CLXNKQ62,https://www.amazon.com/dp/B0CLXNKQ62,TIME OF SHOP,
,B0C76YTGBH,5,Salud y Cuidado Personal,disponible,no disponible,,,2025-10-29T22:25:16.205Z,2025-10-30T05:24:08.228Z,2025-10-30T17:25:14.682Z,515.86,,$503.53,"MEKER Aceite de visón para botas de piel, acondicionador de piel y limpiador de 3.5 onzas, totalmente natural, impermeable, suavizan y restauran los zapatos",https://www.amazon.com.mx/dp/B0C76YTGBH,https://www.amazon.com/dp/B0C76YTGBH,PRCOM,
,B0CNL3G38V,5,Salud y Cuidado Personal,disponible,no disponible,,,2025-10-29T22:25:16.205Z,2025-10-30T05:24:17.371Z,2025-10-30T17:25:22.745Z,499,,$504.50,"Quitch - Parche para aliviar la picazón de mosquitos, tratamiento de picadura de insectos después de la mordedura, alternativa de crema antipicazón, alivio de la picadura de insectos, crucero, viajes",https://www.amazon.com.mx/dp/B0CNL3G38V,https://www.amazon.com/dp/B0CNL3G38V,Intenza y Enzo,
,B00M03VRKM,5,Salud y Cuidado Personal,disponible,no disponible,,,2025-10-29T22:25:16.205Z,2025-10-30T05:24:27.342Z,2025-10-30T17:25:31.543Z,1119.63,,"$1,051.08",Rainforest Pharmacy Sangre de Drago Peruvian Dragon Blood Liquid 4 fl oz by Rainforest Pharmacy,https://www.amazon.com.mx/dp/B00M03VRKM,https://www.amazon.com/dp/B00M03VRKM,TIME OF SHOP,
,B0CRZ3SCQ2,5,Salud y Cuidado Personal,disponible,no disponible,,,2025-10-29T22:25:16.205Z,2025-10-30T05:24:35.498Z,2025-10-30T17:25:38.999Z,1049,,"$1,042.89","Euthymol Pasta de Dientes Original (3.7 fl oz, Paquete de 3) - Sin Fluoruro, para Dientes Sensibles y Encías",https://www.amazon.com.mx/dp/B0CRZ3SCQ2,https://www.amazon.com/dp/B0CRZ3SCQ2,251 SHOP,
,B07RCZ862F,5,Salud y Cuidado Personal,disponible,disponible,,,2025-10-29T22:25:16.205Z,2025-10-30T05:24:44.437Z,2025-10-30T17:25:47.291Z,766.58,19.99,$734.96,"Mojo Compression Socks - USA Made Knee-High Closed Toe Support Hose for Varicose Veins, DVT, Lymphedema - 20-30mmHg, Opaque, Unisex",https://www.amazon.com.mx/dp/B07RCZ862F,https://www.amazon.com/dp/B07RCZ862F,M&H Customer Friendly Store,MOJO COMPRESSION SOCKS
,B09M87JK8V,5,Salud y Cuidado Personal,disponible,no disponible,,,2025-10-29T22:25:16.205Z,2025-10-30T05:25:06.892Z,2025-10-30T17:25:59.301Z,628.68,,$619.71,"EVOKE OCCU Aceite esencial de sándalo, aceite de sándalo premium para difusor, jabón para velas, enorme 4 onzas líquidas",https://www.amazon.com.mx/dp/B09M87JK8V,https://www.amazon.com/dp/B09M87JK8V,DOFER,
,B09HJNNZKY,5,Salud y Cuidado Personal,disponible,no disponible,,,2025-10-29T22:25:16.205Z,2025-10-30T05:25:19.967Z,2025-10-30T17:26:06.863Z,1719.66,,"$1,687.48","ANDROGENESIS Gel De Apoyo Natural Para Niveles Bajos De Testosterona: Potenciador De Testosterona Para Hombres: Recuperación Muscular, Refuerzo De Energía, Envejecimiento Saludable 4 Onzas Líquidas(Pa",https://www.amazon.com.mx/dp/B09HJNNZKY,https://www.amazon.com/dp/B09HJNNZKY,SHOPENZA,
,B07CPZP7PY,5,Salud y Cuidado Personal,disponible,no disponible,,,2025-10-29T22:25:16.205Z,2025-10-30T05:25:31.114Z,2025-10-30T17:26:14.210Z,758.48,,$737.35,SILKWORLD Men's Swim Trunks Quick Dry Beach Shorts with Pockets,https://www.amazon.com.mx/dp/B07CPZP7PY,https://www.amazon.com/dp/B07CPZP7PY,Rendosa,
,B0886813T8,5,Salud y Cuidado Personal,disponible,no disponible,,,2025-10-29T22:25:16.206Z,2025-10-30T05:25:41.452Z,2025-10-30T17:26:22.189Z,1243.85,,"$1,196.47",MigreLief- Kit de apoyo nutricional y confort para personas que sufren migraña MigreLief Original Daily Triple Therapy F,https://www.amazon.com.mx/dp/B0886813T8,https://www.amazon.com/dp/B0886813T8,DUKKI LLC,
,B0CHZ1QG6R,5,Salud y Cuidado Personal,disponible,no disponible,,,2025-10-29T22:25:27.759Z,2025-10-30T05:25:53.521Z,2025-10-30T17:26:30.076Z,579.28,,$575.89,MONOHERB- “Extracto de Damiana 1000 mg 90 Cápsulas Vegetarianas,https://www.amazon.com.mx/dp/B0CHZ1QG6R,https://www.amazon.com/dp/B0CHZ1QG6R,SHOPENZA,
,B0D5HRJ38H,5,Salud y Cuidado Personal,disponible,no disponible,,,2025-10-29T22:25:27.759Z,2025-10-30T05:26:04.387Z,2025-10-30T17:26:36.718Z,692.81,,$714.16,"Paquete de 60 parches de recuperación – Despierta refrescados y energizados con nuestro parche de ingredientes 100% naturales para fiestas, respetuoso con la piel e impermeable, aplicar antes de beber",https://www.amazon.com.mx/dp/B0D5HRJ38H,https://www.amazon.com/dp/B0D5HRJ38H,Abundant Peace,
,B0CQC5FLYD,5,Salud y Cuidado Personal,disponible,no disponible,,,2025-10-29T22:25:27.759Z,2025-10-30T05:26:15.332Z,2025-10-30T17:26:44.773Z,700.5,,$701.44,"Airtag - Insertos de soporte para niños y ancianos, Airtag Case para rastrear tus pasos y zapatos, Azul, 175-190mm",https://www.amazon.com.mx/dp/B0CQC5FLYD,https://www.amazon.com/dp/B0CQC5FLYD,SRKSB LLC,
,B0CP3WZYG8,5,Salud y Cuidado Personal,disponible,no disponible,,,2025-10-29T22:25:27.759Z,2025-10-30T05:26:26.335Z,2025-10-30T17:26:52.830Z,1924.28,,"$1,897.35","Equip- “Alimentos Prime Protein Powder | Limpio, Grass Fed Beef Protein Isolate | Carnivore Protein Powder | Pa",https://www.amazon.com.mx/dp/B0CP3WZYG8,https://www.amazon.com/dp/B0CP3WZYG8,SHOPENZA,
,B08L6YYXZ3,5,Salud y Cuidado Personal,disponible,no disponible,,,2025-10-29T22:25:27.759Z,2025-10-30T05:26:36.535Z,2025-10-30T17:27:01.086Z,1278.92,,"$1,230.04","Levels Nutrition Proteína De Suero De Leche En Polvo Alimentada Con Pasto Levels, Sin Ingredientes Artificiales, 24 G De Proteína, Mantequilla De Maní Con Sabor A Chocolate, 2 Libras 26 Porciones(Paqu",https://www.amazon.com.mx/dp/B08L6YYXZ3,https://www.amazon.com/dp/B08L6YYXZ3,Lumexa Online MX,
,B0CPBS8HZ2,5,Salud y Cuidado Personal,disponible,no disponible,,,2025-10-29T22:25:27.759Z,2025-10-30T05:26:46.759Z,2025-10-30T17:27:08.021Z,613.23,,$609.35,"TRUEMED- “Suplemento de Taurato de Magnesio para la Salud Cardiovascular, Taurato de Magnesio 1500mg, Alta Absorción,",https://www.amazon.com.mx/dp/B0CPBS8HZ2,https://www.amazon.com/dp/B0CPBS8HZ2,SHOPENZA,
,B0BMGZCXMP,5,Salud y Cuidado Personal,disponible,disponible,,,2025-10-29T22:25:27.760Z,2025-10-30T05:26:57.692Z,2025-10-30T17:27:16.877Z,1169.36,35.99,"$1,144.96",ATTRACO - Vestidos de tenis para mujer con bolsillos cortos y brasier con cuello en V y espalda cruzada,https://www.amazon.com.mx/dp/B0BMGZCXMP,https://www.amazon.com/dp/B0BMGZCXMP,Rendosa,ATTRACO
,B0FG914PVK,5,Salud y Cuidado Personal,disponible,disponible,,,2025-10-29T22:25:27.760Z,2025-10-30T05:27:07.286Z,2025-10-30T17:27:24.500Z,589.43,12.95,$587.03,"Casanero - Paquete de 12 esponjas de silicona para fregar resistentes, antiarañazos, reutilizables, sin olor, limpieza multiusos para platos, antiadherentes, encimeras",https://www.amazon.com.mx/dp/B0FG914PVK,https://www.amazon.com/dp/B0FG914PVK,Rendomin,BLACK NEON
,B071ZLPCYY,5,Salud y Cuidado Personal,disponible,no disponible,,,2025-10-29T22:25:27.760Z,2025-10-30T05:27:16.655Z,2025-10-30T17:27:31.506Z,789.23,,$759.66,Samsara Herbs Polen de pino en polvo cosechado salvaje – 99% de pared celular agrietada (4 onzas/114 g),https://www.amazon.com.mx/dp/B071ZLPCYY,https://www.amazon.com/dp/B071ZLPCYY,MARVEL INC.,
,B01MR5YEB0,5,Salud y Cuidado Personal,disponible,no disponible,,,2025-10-29T22:25:27.760Z,2025-10-30T05:27:25.682Z,2025-10-30T17:27:39.934Z,491.65,,$496.89,Meltonian Tarro Esmalte de zapatos para Unisex adulto,https://www.amazon.com.mx/dp/B01MR5YEB0,https://www.amazon.com/dp/B01MR5YEB0,GUTTIDIRECT,
,B0C4KR9CKV,5,Salud y Cuidado Personal,disponible,no disponible,,,2025-10-29T22:25:27.760Z,2025-10-30T05:27:33.928Z,2025-10-30T17:27:48.336Z,1556.47,,"$1,506.03",HAMCHOROK Rg+ Antienvejecimiento Korean-Beauty Palillo de gelatina de colágeno de granada (60),https://www.amazon.com.mx/dp/B0C4KR9CKV,https://www.amazon.com/dp/B0C4KR9CKV,LueKeen,
,B0CXTJPKZF,5,Salud y Cuidado Personal,disponible,no disponible,,,2025-10-29T22:25:27.760Z,2025-10-30T05:27:42.339Z,2025-10-30T17:27:55.317Z,2653.16,,"$2,628.46",Limpiador ultrasónico de cápsulas dentales Zima | Blanco ártico | Máquina limpiador ultrasónico de retención | Limpiador de protector bucal | Limpiador de protector nocturno | Limpiador de alineador |,https://www.amazon.com.mx/dp/B0CXTJPKZF,https://www.amazon.com/dp/B0CXTJPKZF,SEONGSAN,
,B0DFWLNNQX,5,Salud y Cuidado Personal,disponible,no disponible,,,2025-10-29T22:25:27.760Z,2025-10-30T05:27:52.653Z,2025-10-30T17:28:03.318Z,4281.38,,"$4,160.71","JZBRAIN - Masajeador de recuperación de piernas de compresión de aire: regalos para él y ella, sistema profesional de recuperación de piernas completas para alivio del dolor en circulación, botas de",https://www.amazon.com.mx/dp/B0DFWLNNQX,https://www.amazon.com/dp/B0DFWLNNQX,SEONGSAN,
,B08FD1DVLL,5,Salud y Cuidado Personal,disponible,no disponible,,,2025-10-29T22:25:27.760Z,2025-10-30T05:28:01.062Z,2025-10-30T17:28:10.418Z,541,,$518.01,"HONENNA - Lencería semi transparente para mantenerse hasta el muslo, medias altas de encaje, talla A-F",https://www.amazon.com.mx/dp/B08FD1DVLL,https://www.amazon.com/dp/B08FD1DVLL,MSTZKN SHİPMENT,
,B0DB26ZW9J,5,Salud y Cuidado Personal,disponible,no disponible,,,2025-10-29T22:25:27.761Z,2025-10-30T05:28:09.307Z,2025-10-30T17:28:17.776Z,492.68,,$503.76,"barras de jabón de caqui para personas mayores, desodorante natural para el cuerpo y el rostro, para controlar el olor corporal, eliminar el mal olor corporal, desodorizante para hombres y mujeres,",https://www.amazon.com.mx/dp/B0DB26ZW9J,https://www.amazon.com/dp/B0DB26ZW9J,M&H Customer Friendly Store,
,B0CLGL5QLM,5,Salud y Cuidado Personal,disponible,disponible,,,2025-10-29T22:25:27.761Z,2025-10-30T05:28:17.328Z,2025-10-30T17:28:25.836Z,1080.85,32.99,"$1,036.08","NATURE NERDS Removedor de placa para dientes, kit de cepillado de dientes de mascotas, herramientas dentales para quitar placa y tartar, seguro para perros y gatos, con luz LED, blanco",https://www.amazon.com.mx/dp/B0CLGL5QLM,https://www.amazon.com/dp/B0CLGL5QLM,M&H Customer Friendly Store,Nature Nerds US
,B004KAJ2YG,5,Salud y Cuidado Personal,disponible,no disponible,,,2025-10-29T22:25:39.922Z,2025-10-30T05:28:34.260Z,2025-10-30T17:28:38.432Z,504.27,,$505.40,"North by Honeywell 20BF4B Burn Free, 4 Ounce",https://www.amazon.com.mx/dp/B004KAJ2YG,https://www.amazon.com/dp/B004KAJ2YG,SHOPENZA,
,B0B4K4MZMH,5,Salud y Cuidado Personal,disponible,disponible,,,2025-10-29T22:25:39.922Z,2025-10-30T05:28:44.698Z,2025-10-30T17:28:46.715Z,1598.52,49.99,"$1,521.54","BRONAX - Tenis para Correr de Carretera con Puntera Ancha para Mujer, Tenis Deportivos Anchos con Suela de Goma",https://www.amazon.com.mx/dp/B0B4K4MZMH,https://www.amazon.com/dp/B0B4K4MZMH,SEONGSAN,JSG Sneakers
,B0F5WBHBG6,5,Salud y Cuidado Personal,disponible,no disponible,,,2025-10-29T22:25:39.922Z,2025-10-30T05:28:54.352Z,2025-10-30T17:28:54.044Z,465.9,,$434.39,"Paquete de 3 cucharadas para creatina de 5 g - Cucharas medidoras blancas calibradas para creatina monohidrato en polvo - Cuchara precisa de 5 gramos para suplementos, antes del entrenamiento, uso en",https://www.amazon.com.mx/dp/B0F5WBHBG6,https://www.amazon.com/dp/B0F5WBHBG6,kaanbetul,
,B0DGRDL5S8,5,Salud y Cuidado Personal,disponible,no disponible,,,2025-10-29T22:25:39.922Z,2025-10-30T05:29:02.307Z,2025-10-30T17:29:01.368Z,1205.45,,"$1,166.92","DR. MORITZ Paquete de magnesio: gomitas de magnesio para calmar la mente para adultos (200 mg, 30 unidades) y gomitas de magnesio para niños (120 unidades, paquete de 2): gomitas de citrato de magne",https://www.amazon.com.mx/dp/B0DGRDL5S8,https://www.amazon.com/dp/B0DGRDL5S8,RVDSHOP,
,B07GRVXDHF,5,Salud y Cuidado Personal,disponible,no disponible,,,2025-10-29T22:25:39.922Z,2025-10-30T05:29:11.859Z,2025-10-30T17:29:09.424Z,924.03,,$882.10,shermie Women's Pullover Batwing Sleeve Loose Hollow Knit Sweaters Plus Size Spring Sweaters,https://www.amazon.com.mx/dp/B07GRVXDHF,https://www.amazon.com/dp/B07GRVXDHF,RVDSHOP,
,B0921QW6S8,5,Salud y Cuidado Personal,disponible,no disponible,,,2025-10-29T22:25:39.923Z,2025-10-30T05:29:20.864Z,2025-10-30T17:29:16.207Z,1194.13,,"$1,147.74","Nick & Hannah- Niveles de Proteína de Suero Alimentada con Hierba en Polvo, Sin Artificiales, 24G de Proteína, Doble Chocolate, 2LB",https://www.amazon.com.mx/dp/B0921QW6S8,https://www.amazon.com/dp/B0921QW6S8,Lumexa Online MX,
,B0BG6F1WWS,5,Salud y Cuidado Personal,disponible,no disponible,,,2025-10-29T22:25:39.923Z,2025-10-30T05:29:29.252Z,2025-10-30T17:29:24.172Z,621.11,,$618.47,"NATPAT - Parche de enfoque para mejorar el enfoque para niños y adultos, apoyo cerebral saludable para atención, enfoque y concentración, libre de químicos y drogas, 24 unidades, parche natural",https://www.amazon.com.mx/dp/B0BG6F1WWS,https://www.amazon.com/dp/B0BG6F1WWS,SRKSB LLC,
,B0F13MNKFC,5,Salud y Cuidado Personal,disponible,no disponible,,,2025-10-29T22:25:39.923Z,2025-10-30T05:29:38.033Z,2025-10-30T17:29:33.088Z,849.17,,$806.05,"Fizz & Rizz Bomba de Baño Misteriosa de Joyería: Anillos, Collares, Pendientes, Pulseras Sorpresa Y La Oportunidad de Descubrir Joyas de Gran Valor. Regalos Perfectos para Diversas Ocasiones.",https://www.amazon.com.mx/dp/B0F13MNKFC,https://www.amazon.com/dp/B0F13MNKFC,LueKeen,
,B0CKHMTKZT,5,Salud y Cuidado Personal,disponible,no disponible,,,2025-10-29T22:25:39.923Z,2025-10-30T05:29:46.931Z,2025-10-30T17:29:41.326Z,1066.64,,"$1,062.09","Rosmolo 800 Mg De Sulforafano Liposomal, Potente Suministro Dual Para Una Máxima Absorción Y Potencia, Extracto De Brócoli De Espectro Completo, Suplemento Antioxidante Y Hepático, 120 Cápsu",https://www.amazon.com.mx/dp/B0CKHMTKZT,https://www.amazon.com/dp/B0CKHMTKZT,TIME OF SHOP,
,B004XXVV6W,5,Salud y Cuidado Personal,disponible,no disponible,,,2025-10-29T22:25:39.923Z,2025-10-30T05:29:55.038Z,2025-10-30T17:29:49.485Z,700,,$737.35,"Thyrosafe Potassium Iodide Tablets, 65 Mg, 20-Count",https://www.amazon.com.mx/dp/B004XXVV6W,https://www.amazon.com/dp/B004XXVV6W,MegaOfertas MX,
,B00D5TD0KA,5,Salud y Cuidado Personal,disponible,no disponible,,,2025-10-29T22:25:39.923Z,2025-10-30T05:30:04.114Z,2025-10-30T17:29:57.117Z,701.34,,$667.96,Nushine White Gold Polish 50ml - eco-friendly formulation by Nushine,https://www.amazon.com.mx/dp/B00D5TD0KA,https://www.amazon.com/dp/B00D5TD0KA,MYSILKROAD LLC,
,B0DK91BF92,5,Salud y Cuidado Personal,disponible,no disponible,,,2025-10-29T22:25:39.923Z,2025-10-30T05:30:11.261Z,2025-10-30T17:30:04.155Z,705.74,,$688.72,"Paquete de 4 Repelente de Arañas de Aceite de Menta para Interiores, Potente Repelente de Arañas con Ingredientes a Base de Plantas, Mantén la Araña lejos de Interior y Exterior, Sótano, cochera",https://www.amazon.com.mx/dp/B0DK91BF92,https://www.amazon.com/dp/B0DK91BF92,SHOPENZA,
,B0DKY8NZJ3,5,Salud y Cuidado Personal,disponible,no disponible,,,2025-10-29T22:25:39.923Z,2025-10-30T05:30:19.469Z,2025-10-30T17:30:11.893Z,639.54,,$628.07,"POLVOS DE SULPHA MENPER Polvo antibiótico con bacitracina, primeros auxilios para aliviar el dolor, polvo cicatrizante para heridas, medicamento esencial para el cuidado de heridas en viajes, curación",https://www.amazon.com.mx/dp/B0DKY8NZJ3,https://www.amazon.com/dp/B0DKY8NZJ3,M&H Customer Friendly Store,
,B0BQNDR8YN,5,Salud y Cuidado Personal,disponible,no disponible,,,2025-10-29T22:25:39.923Z,2025-10-30T05:30:27.803Z,2025-10-30T17:30:19.349Z,577.2,,$565.29,"StarPass Labs- EVERYDAZE Solución esencial de colágeno Jelly Stick | Péptido Vegano Granada 10 Paquetes Cabello, Piel, N",https://www.amazon.com.mx/dp/B0BQNDR8YN,https://www.amazon.com/dp/B0BQNDR8YN,SRKSB LLC,
,B084BV1VPF,5,Salud y Cuidado Personal,disponible,no disponible,,,2025-10-29T22:25:39.924Z,2025-10-30T05:30:36.315Z,2025-10-30T17:30:26.193Z,1059.57,,"$1,073.02","DMSO Pharma Grado 99,9% Ph. EUR. 250 ml | DMSO líquido puro en botella de vidrio ámbar | sin diluir e inodoro, fabricado en Alemania",https://www.amazon.com.mx/dp/B084BV1VPF,https://www.amazon.com/dp/B084BV1VPF,DUKKI LLC,
,B01FSZQU50,5,Salud y Cuidado Personal,disponible,no disponible,,,2025-10-29T22:25:39.924Z,2025-10-30T05:30:45.288Z,2025-10-30T17:30:34.346Z,622.04,,$619.36,Vinilin (Shostakovsky Balsam) 50g/1.8oz,https://www.amazon.com.mx/dp/B01FSZQU50,https://www.amazon.com/dp/B01FSZQU50,SRKSB LLC,
,B016OA5YK0,5,Salud y Cuidado Personal,disponible,no disponible,,,2025-10-29T22:25:52.823Z,2025-10-30T05:30:55.254Z,2025-10-30T17:30:42.451Z,952.32,,$901.20,Hot to Go Paquetes de Calor Reutilizables: Compra 4 y obtén 4 Gratis,https://www.amazon.com.mx/dp/B016OA5YK0,https://www.amazon.com/dp/B016OA5YK0,ALIPA COMERCIALIZADORA/ FACTURAMOS TU COMPRA,
,B07G7HQQKZ,5,Salud y Cuidado Personal,disponible,disponible,,,2025-10-29T22:25:52.824Z,2025-10-30T05:31:06.007Z,2025-10-30T17:30:49.336Z,1133,34.94,"$1,093.54",Stivali Father Son Matching Swim Trunks - Flamingo Modern Swimming Trunk Set with Elastic Waistband - Daddy Son Bathing Suits,https://www.amazon.com.mx/dp/B07G7HQQKZ,https://www.amazon.com/dp/B07G7HQQKZ,RVDSHOP,Onix Venture Group
,B0DD54CG8Q,5,Salud y Cuidado Personal,disponible,no disponible,,,2025-10-29T22:25:52.824Z,2025-10-30T05:31:15.554Z,2025-10-30T17:30:56.154Z,627.56,,$600.11,YAHVE Desodorante Yodora Clásico máxima protección. 2.11oz Desodorante Yodora Máxima Protección 60gr Despensa Colombiana,https://www.amazon.com.mx/dp/B0DD54CG8Q,https://www.amazon.com/dp/B0DD54CG8Q,REMERE,
,B0006NZBU0,5,Salud y Cuidado Personal,disponible,no disponible,,,2025-10-29T22:25:52.824Z,2025-10-30T05:31:23.281Z,2025-10-30T17:31:03.544Z,1233.63,,"$1,173.35",Madaus Agiolax Granules 250g by Madaus,https://www.amazon.com.mx/dp/B0006NZBU0,https://www.amazon.com/dp/B0006NZBU0,SRKSB LLC,
,B0195KJNBW,5,Salud y Cuidado Personal,disponible,no disponible,,,2025-10-29T22:25:52.824Z,2025-10-30T05:31:38.237Z,2025-10-30T17:31:15.395Z,719,,$698.28,Adapt Spray Removedor de Adhesivo Médico Hollister 7737 No Irritante 50 ml 1.7 fl oz. Cantidad 1 unidad,https://www.amazon.com.mx/dp/B0195KJNBW,https://www.amazon.com/dp/B0195KJNBW,Natural  Mx ⭐ (Facturamos),
,B0CDTVF8HY,5,Salud y Cuidado Personal,disponible,no disponible,,,2025-10-29T22:25:52.824Z,2025-10-30T05:31:47.019Z,2025-10-30T17:31:23.657Z,709.73,,$665.60,"Jules D. Collares con colgante de lágrima grande para mujer, coloridos collares con abalorio para día festivo",https://www.amazon.com.mx/dp/B0CDTVF8HY,https://www.amazon.com/dp/B0CDTVF8HY,Ovolos,
,B0BMW2XXSJ,5,Salud y Cuidado Personal,disponible,no disponible,,,2025-10-29T22:25:52.824Z,2025-10-30T05:31:54.639Z,2025-10-30T17:31:31.032Z,502.68,,$503.76,SEWAK AL NOOR- ACERCA DEL MISWAK: Sewak Al Noor Miswak es una ramita para limpiar los dientes hecha del árbol Salvadora Persica. Se puede utilizar de manera eficaz como un cepillo de dientes natural,https://www.amazon.com.mx/dp/B0BMW2XXSJ,https://www.amazon.com/dp/B0BMW2XXSJ,SHOPENZA,
,B0DCTTWTD9,5,Salud y Cuidado Personal,disponible,no disponible,,,2025-10-29T22:25:52.824Z,2025-10-30T05:32:03.689Z,2025-10-30T17:31:38.913Z,1766.51,,"$1,711.79","Air-Scent Aceite difusor para Hotel Inspirado en el Aroma del Hotel Ritz Carlton - N.º 1014 - Mezcla de aceites Esenciales AirScent - Botella de Aceite aromático de 500 ml y 16,9 FL oz para difusore",https://www.amazon.com.mx/dp/B0DCTTWTD9,https://www.amazon.com/dp/B0DCTTWTD9,SEONGSAN,
,B06XX65GS1,5,Salud y Cuidado Personal,disponible,no disponible,,,2025-10-29T22:25:52.824Z,2025-10-30T05:32:11.539Z,2025-10-30T17:31:45.684Z,2428.86,,"$2,418.10","Suero alimentado con césped crudo, vacas saludables felices, procesado en frío sin desnaturalizar, 100% alimento de zacate, proteína de suero en polvo, sin OMG, 80 Ounce",https://www.amazon.com.mx/dp/B06XX65GS1,https://www.amazon.com/dp/B06XX65GS1,SHOPENZA,
,B0D6KBDV64,5,Salud y Cuidado Personal,disponible,no disponible,,,2025-10-29T22:25:52.824Z,2025-10-30T05:32:19.773Z,2025-10-30T17:31:53.507Z,1025.78,,$994.84,"Evgoisle - Kit de pulido y brillo de zapatos, kit de cuidado de zapatos de viaje negro y café y neutro, kit de brillo de zapatos para botas de hombre",https://www.amazon.com.mx/dp/B0D6KBDV64,https://www.amazon.com/dp/B0D6KBDV64,AURATEM,
,B09PRB56RC,5,Salud y Cuidado Personal,disponible,no disponible,,,2025-10-29T22:25:52.825Z,2025-10-30T05:32:28.232Z,2025-10-30T17:32:01.796Z,516.8,,$505.40,KUKKA essential oils Kukka Aceite Esencial De Madera De Cedro Para La Piel Del Cabello Y Difusor - Aceite Esencial 100% Natural Aceite De Madera De Cedro Para El Cabello Aromaterapia Aroma P,https://www.amazon.com.mx/dp/B09PRB56RC,https://www.amazon.com/dp/B09PRB56RC,GUTTIDIRECT,
,B08633YQ18,5,Salud y Cuidado Personal,disponible,no disponible,,,2025-10-29T22:25:52.825Z,2025-10-30T05:32:35.939Z,2025-10-30T17:32:09.067Z,906.86,,$905.75,"Gafas de sol de conducción diurnas y nocturnas para hombres y mujeres, gafas de sol polarizadas HD antirreflejos",https://www.amazon.com.mx/dp/B08633YQ18,https://www.amazon.com/dp/B08633YQ18,Abundant Peace,
,B0CNJKDRY3,5,Salud y Cuidado Personal,disponible,no disponible,,,2025-10-29T22:25:52.825Z,2025-10-30T05:32:43.303Z,2025-10-30T17:32:16.035Z,714.27,,$711.62,"RiseWell- INGREDIENTES NATURALES, SIN SABOR AGREGADO: ¡Pasta de dientes sin sabor para personas sensibles al gusto! Nuestra pasta de dientes mineral sin sabor limpia suavemente sin edulcorantes artifi",https://www.amazon.com.mx/dp/B0CNJKDRY3,https://www.amazon.com/dp/B0CNJKDRY3,SIDE SHOP,
,B09P8SF46C,5,Salud y Cuidado Personal,disponible,no disponible,,,2025-10-29T22:25:52.825Z,2025-10-30T05:32:50.843Z,2025-10-30T17:32:24.095Z,641.14,,$634.31,"Dew Well- - Toallitas desodorantes Refresh: un nuevo comienzo cuando estás en movimiento - Sin aluminio, parabenos ni sulfatos",https://www.amazon.com.mx/dp/B09P8SF46C,https://www.amazon.com/dp/B09P8SF46C,GUTTIDIRECT,
,B07PQ3DDHF,5,Salud y Cuidado Personal,disponible,no disponible,,,2025-10-29T22:25:52.825Z,2025-10-30T05:32:59.944Z,2025-10-30T17:32:31.625Z,1305.15,,"$1,257.84",Endoten Control Loción para Adulto Unisex 200 Ml,https://www.amazon.com.mx/dp/B07PQ3DDHF,https://www.amazon.com/dp/B07PQ3DDHF,M&H Customer Friendly Store,
,B0DG63R9XW,5,Salud y Cuidado Personal,disponible,disponible,,,2025-10-29T22:25:52.825Z,2025-10-30T05:33:07.434Z,2025-10-30T17:32:39.889Z,1047.73,44.95,"$1,043.79",Soothefy - Gorra de alivio de migraña – Máscara de ojos deslizable incorporada – Alivio natural del dolor de cabeza – Sombrero de resaca de compresión de 360° con gel de refrigeración para tensión y,https://www.amazon.com.mx/dp/B0DG63R9XW,https://www.amazon.com/dp/B0DG63R9XW,DUKKI LLC,Soothefy
,B0DXHGTMQL,5,Salud y Cuidado Personal,disponible,no disponible,,,2025-10-29T22:26:09.180Z,2025-10-30T05:33:14.969Z,2025-10-30T17:32:47.725Z,2676.55,,"$2,681.10","The AirScent Difusor sin agua – Difusor de aroma de aire frío para hogares, oficinas, hoteles y spas – Difusor de aromaterapia para aroma estético – Negro – 4.5 oz – Fragancia no incluida",https://www.amazon.com.mx/dp/B0DXHGTMQL,https://www.amazon.com/dp/B0DXHGTMQL,BROWN LEAVES LLC,
,B0DT9K7DZ5,5,Salud y Cuidado Personal,disponible,no disponible,,,2025-10-29T22:26:09.180Z,2025-10-30T05:33:22.006Z,2025-10-30T17:32:54.726Z,773.86,,$769.98,"Freshmile - Tabletas de pasta dental blanqueadora con nano-hidroxiapatita (NHA), blanqueamiento y reparación de dientes naturales, xilitol para un aliento fresco, sin flúor, protege los dientes y",https://www.amazon.com.mx/dp/B0DT9K7DZ5,https://www.amazon.com/dp/B0DT9K7DZ5,SRKSB LLC,
,B09PR99NRQ,5,Salud y Cuidado Personal,disponible,no disponible,,,2025-10-29T22:26:09.181Z,2025-10-30T05:33:29.806Z,2025-10-30T17:33:02.421Z,589.67,,$573.12,"KUKKA essential oils Kukka Aceite De Clavo Para El Cuidado Bucal, Dientes Y Encías Aceite Esencial De Clavo - Aceite Esencial De Clavo 100% Natural Para El Cuidado Bucal - Aceite De Clavo Na",https://www.amazon.com.mx/dp/B09PR99NRQ,https://www.amazon.com/dp/B09PR99NRQ,MARVEL INC.,
,B0B72GDYF4,5,Salud y Cuidado Personal,disponible,no disponible,,,2025-10-29T22:26:09.181Z,2025-10-30T05:33:38.067Z,2025-10-30T17:33:09.934Z,508.91,,$506.42,"ONE-CARE Agujas Para Bolígrafos, 31 G X 8 Mm, Caja De 100, Ajuste Universal",https://www.amazon.com.mx/dp/B0B72GDYF4,https://www.amazon.com/dp/B0B72GDYF4,DUKKI LLC,
,B0DD4268YF,5,Salud y Cuidado Personal,disponible,disponible,,,2025-10-29T22:26:09.181Z,2025-10-30T05:33:46.089Z,2025-10-30T17:33:17.187Z,667.83,15.99,$678.49,"lvonge Apósito De Espuma De Silicona Para El Sacro Con Borde Suave, Vendajes Para Heridas Del Sacro, Apósito Sacro Impermeable Y Transpirable Para Úlceras Por Presión, Úlceras Sacras Y Escaras En Los",https://www.amazon.com.mx/dp/B0DD4268YF,https://www.amazon.com/dp/B0DD4268YF,Rendomin,Lvonge Store
,B0CMHTL3BG,5,Salud y Cuidado Personal,disponible,no disponible,,,2025-10-29T22:26:09.181Z,2025-10-30T05:33:55.004Z,2025-10-30T17:33:24.961Z,427.56,,$429.95,FERIHA- Jabón facial marroquí índigo Nila: elaborado a mano con aceite de argán y manteca de karité,https://www.amazon.com.mx/dp/B0CMHTL3BG,https://www.amazon.com/dp/B0CMHTL3BG,M&H Customer Friendly Store,
,B0CQ2SF4T7,5,Salud y Cuidado Personal,disponible,no disponible,,,2025-10-29T22:26:09.181Z,2025-10-30T05:34:02.259Z,2025-10-30T17:33:32.680Z,996.52,,$975.60,Cause Human- Crema para la fimosis de 7 días | Tratamiento sin esteroides para un alivio rápido en casa | Resultados visibles en 7 días* |,https://www.amazon.com.mx/dp/B0CQ2SF4T7,https://www.amazon.com/dp/B0CQ2SF4T7,SRKSB LLC,
,B07VNN2ZDR,5,Salud y Cuidado Personal,disponible,no disponible,,,2025-10-29T22:26:09.181Z,2025-10-30T05:34:11.659Z,2025-10-30T17:33:40.945Z,2235,,"$2,239.04","UltraHealth- Ascent 100% Proteína de Suero en Polvo Aislado de Proteína de Suero Post Entrenamiento, Cero Sabores Artificiales y Dulces",https://www.amazon.com.mx/dp/B07VNN2ZDR,https://www.amazon.com/dp/B07VNN2ZDR,VITABUENA,
,B0DJNK6V1Y,5,Salud y Cuidado Personal,disponible,no disponible,,,2025-10-29T22:26:09.181Z,2025-10-30T05:34:25.255Z,2025-10-30T17:33:54.502Z,814.7,,$825.45,"Buzbug - Zapper LED para interiores y exteriores, lámpara de vida útil duradera de 10 años, batería recargable de 5200 mAh, Zapper portátil de mosquitos para camping, trampa para moscas - MA015C",https://www.amazon.com.mx/dp/B0DJNK6V1Y,https://www.amazon.com/dp/B0DJNK6V1Y,M&H Customer Friendly Store,
,B00JZVC40Y,5,Salud y Cuidado Personal,disponible,no disponible,,,2025-10-29T22:26:09.182Z,2025-10-30T05:34:32.659Z,2025-10-30T17:34:02.689Z,552.8,,$543.21,"First Defense Nasal Screens - Multi-Size and Quantity Packs (1-Pack, Medium) by First Defense",https://www.amazon.com.mx/dp/B00JZVC40Y,https://www.amazon.com/dp/B00JZVC40Y,GUTTIDIRECT,
,B0DJH2823T,5,Salud y Cuidado Personal,disponible,disponible,,,2025-10-29T22:26:09.182Z,2025-10-30T05:34:40.567Z,2025-10-30T17:34:11.240Z,1350.01,45.99,"$1,337.98","Repelente ultrasónico de mouse, repelente de ratones, repelente ultrasónico de plagas para interiores, 2025 mejorado, repelente ultrasónico de roedores de 360° con sensor PIR y luz estroboscópica LED",https://www.amazon.com.mx/dp/B0DJH2823T,https://www.amazon.com/dp/B0DJH2823T,SHOPENZA,Chimo Living
,B091FQ7FJ9,5,Salud y Cuidado Personal,disponible,no disponible,,,2025-10-29T22:26:09.182Z,2025-10-30T05:34:49.401Z,2025-10-30T17:34:19.696Z,1467.39,,"$1,415.82","ProT Gold- “Proteína de Colágeno en Polvo, 17g Proteína NanoHidrolizada Alimentada con Pasto Colágeno, Vitamina C, 2g Arginina fo",https://www.amazon.com.mx/dp/B091FQ7FJ9,https://www.amazon.com/dp/B091FQ7FJ9,SHOPENZA,
,B0DLH3TTYB,5,Salud y Cuidado Personal,disponible,no disponible,,,2025-10-29T22:26:09.182Z,2025-10-30T05:34:58.337Z,2025-10-30T17:34:27.542Z,659.49,,$651.59,"Never There Bombas de Baño Portátiles Y Discretas: Sin Olores, Ruidos Ni Manchas. Cápsulas Espumosas para Inodoro Y Eliminador de Olores para Mujeres Y Hombres.",https://www.amazon.com.mx/dp/B0DLH3TTYB,https://www.amazon.com/dp/B0DLH3TTYB,BELGUCAN Global,
,B093RCJTG4,5,Salud y Cuidado Personal,disponible,no disponible,,,2025-10-29T22:26:09.182Z,2025-10-30T05:35:05.790Z,2025-10-30T17:34:34.972Z,646.04,,$637.84,"Allday Gel de boca seca – Xilitol de máxima resistencia, acción rápida, no ácido (paquete de 2)",https://www.amazon.com.mx/dp/B093RCJTG4,https://www.amazon.com/dp/B093RCJTG4,DUKKI LLC,
,B0D12P5YT3,5,Salud y Cuidado Personal,disponible,no disponible,,,2025-10-29T22:26:09.182Z,2025-10-30T05:35:12.969Z,2025-10-30T17:34:42.026Z,799.42,,$819.87,Nukisa 10 Botellas Compatibles Con La Solución de Limpieza Tineco de 500 Ml Por Botella. Limpiador de Suelos Con Aromas de Lavanda Y Naranja. Compatible Con Todas Las Aspiradoras Robot Con Función De,https://www.amazon.com.mx/dp/B0D12P5YT3,https://www.amazon.com/dp/B0D12P5YT3,M&H Customer Friendly Store,
,B0D1HVCY1B,5,Salud y Cuidado Personal,disponible,no disponible,,,2025-10-29T22:26:09.182Z,2025-10-30T05:35:20.444Z,2025-10-30T17:34:48.909Z,556.53,,$551.79,EarthNutri- Kiradi™ Tabletas de Yoduro de Potasio 65 mg (20 Tabletas) en Envase con Sello Blister Foil Potasio,https://www.amazon.com.mx/dp/B0D1HVCY1B,https://www.amazon.com/dp/B0D1HVCY1B,SHOPENZA,
,B08XYCBSC6,5,Salud y Cuidado Personal,disponible,no disponible,,,2025-10-29T22:26:17.456Z,2025-10-30T05:35:29.485Z,2025-10-30T17:34:57.483Z,1706.3,,"$1,687.48",Universal Flare Care | 97% of Skin Issues | All Natural Flare Up Solution With Propolis & Egg Yolk Extract 4 oz | Body Mositurizer,https://www.amazon.com.mx/dp/B08XYCBSC6,https://www.amazon.com/dp/B08XYCBSC6,AUTO MATE,
,B0CP96S2PF,5,Salud y Cuidado Personal,disponible,no disponible,,,2025-10-29T22:26:17.456Z,2025-10-30T05:35:37.098Z,2025-10-30T17:35:04.692Z,711.29,,$707.24,"Yorsfun Eliminación De Cera Para Los Oídos - Limpiador De Oídos Recargable Inalámbrico Wifi, Lista De Solo Artículos Elegibles Para Fsa, Lente De Cámara Hd 1080P Y Juego De Orejas De 7 Pieza",https://www.amazon.com.mx/dp/B0CP96S2PF,https://www.amazon.com/dp/B0CP96S2PF,SHOPENZA,
,B01A67BN70,5,Salud y Cuidado Personal,disponible,no disponible,,,2025-10-29T22:26:17.456Z,2025-10-30T05:35:45.944Z,2025-10-30T17:35:12.984Z,945.07,,$919.92,Segunda generación de ajuste (prueba inmunoquímica fecal) para cáncer colorrectal (2),https://www.amazon.com.mx/dp/B01A67BN70,https://www.amazon.com/dp/B01A67BN70,Abundant Peace,
,B085CFBBP6,5,Salud y Cuidado Personal,disponible,no disponible,,,2025-10-29T22:26:17.456Z,2025-10-30T05:35:54.461Z,2025-10-30T17:35:20.892Z,1542.98,,"$1,515.74",AAProTools DN-2319 - Sistema de caja de fibra rica en plaquetas para cirugía dental,https://www.amazon.com.mx/dp/B085CFBBP6,https://www.amazon.com/dp/B085CFBBP6,AUTO MATE,
,B076GF2LY2,5,Salud y Cuidado Personal,disponible,no disponible,,,2025-10-29T22:26:17.456Z,2025-10-30T05:36:03.019Z,2025-10-30T17:35:28.426Z,659.35,,$656.39,"The ROIHI-TSUBOKO - Yeso tipo frío, alivio para el dolor intolerable",https://www.amazon.com.mx/dp/B076GF2LY2,https://www.amazon.com/dp/B076GF2LY2,SHOPENZA,
,B0BGQX17NZ,5,Salud y Cuidado Personal,disponible,no disponible,,,2025-10-29T22:26:17.456Z,2025-10-30T05:36:11.212Z,2025-10-30T17:35:36.858Z,1294.59,,"$1,283.65","Máquina de escultura corporal masajeador eléctrico de celulitis con 3 almohadillas para orejas lavables, máquina de masaje de cuerpo completo de mano para espalda, abdomen, glúteos, piernas, brazos,",https://www.amazon.com.mx/dp/B0BGQX17NZ,https://www.amazon.com/dp/B0BGQX17NZ,SHOPENZA,
,B0DSPFHX6Y,5,Salud y Cuidado Personal,disponible,no disponible,,,2025-10-29T22:26:17.456Z,2025-10-30T05:36:20.371Z,2025-10-30T17:35:44.033Z,709.24,,$670.28,"CURECURE Parches Para Prevenir El Mal De Altura, Aumentan La Ingesta De Oxígeno Y Favorecen Rápidamente La Aclimatación A Grandes Altitudes, 60 Unidades 60 Piezas Blanco",https://www.amazon.com.mx/dp/B0DSPFHX6Y,https://www.amazon.com/dp/B0DSPFHX6Y,Ovolos,
,B0DM92K8Q2,5,Salud y Cuidado Personal,disponible,no disponible,,,2025-10-29T22:26:17.456Z,2025-10-30T05:36:27.238Z,2025-10-30T17:35:51.434Z,461.2,,$459.00,NewPos Tiras Reactivas para Infecciones Urinarias: 50 Tiras Reactivas 3-1 para El Tratamiento de Infecciones Urinarias Y Vejiga - Lecturas Precisas En Casa - Kit de Tira Reactiva para Análisis de Orin,https://www.amazon.com.mx/dp/B0DM92K8Q2,https://www.amazon.com/dp/B0DM92K8Q2,M&H Customer Friendly Store,
,B00WJZAOS2,5,Salud y Cuidado Personal,disponible,no disponible,,,2025-10-29T22:26:17.456Z,2025-10-30T05:36:34.871Z,2025-10-30T17:35:59.505Z,459.06,,$495.81,"Soothe Eye Ointment by Bausch & Lomb, Lubricant Relief for Dry Eyes, 3.5 g",https://www.amazon.com.mx/dp/B00WJZAOS2,https://www.amazon.com/dp/B00WJZAOS2,Natural  Mx ⭐ (Facturamos),
,B08BRBF5NV,5,Salud y Cuidado Personal,disponible,no disponible,,,2025-10-29T22:26:17.457Z,2025-10-30T05:36:42.364Z,2025-10-30T17:36:07.132Z,1505.69,,"$1,431.54","Superior Products Dark Fury (anteriormente rabia), 3.78 L",https://www.amazon.com.mx/dp/B08BRBF5NV,https://www.amazon.com/dp/B08BRBF5NV,RVDSHOP,
,B09RG32WVQ,5,Salud y Cuidado Personal,disponible,no disponible,,,2025-10-29T22:26:17.457Z,2025-10-30T05:36:50.176Z,2025-10-30T17:36:14.637Z,748.17,,$698.70,Eannatto Tocotrienols Supplements 125MG 30 Softgels,https://www.amazon.com.mx/dp/B09RG32WVQ,https://www.amazon.com/dp/B09RG32WVQ,MSTZKN SHİPMENT,
,B0CLYXHWPS,5,Salud y Cuidado Personal,disponible,no disponible,,,2025-10-29T22:26:17.457Z,2025-10-30T05:36:57.930Z,2025-10-30T17:36:23.436Z,896.1,,$873.59,Heat It Up! - Paquetes Reutilizables - 8 Paquetes de Calor Instantáneos para Compresas Calientes - Almohadillas para Utilizar como Calentadores de Bolsillo o para el Alivio del Dolor,https://www.amazon.com.mx/dp/B0CLYXHWPS,https://www.amazon.com/dp/B0CLYXHWPS,SHOPENZA,
,B01MQJZI9D,5,Salud y Cuidado Personal,disponible,no disponible,,,2025-10-29T22:26:17.457Z,2025-10-30T05:37:10.073Z,2025-10-30T17:36:35.181Z,1479.75,,"$1,432.33",WHC – UnoCardio X2 – Triglyceride Omega-3 ácidos grasos – 1270 mg de pescado Suplemento de aceite (622 mg EPA / 420 mg DHA/Total 1150 mg de Omega 3 por porción),https://www.amazon.com.mx/dp/B01MQJZI9D,https://www.amazon.com/dp/B01MQJZI9D,Abundant Peace,
,B08L9G71ZV,5,Salud y Cuidado Personal,disponible,no disponible,,,2025-10-29T22:26:17.457Z,2025-10-30T05:37:17.884Z,2025-10-30T17:36:43.212Z,1177.55,,"$1,108.48","LMNOOP “Lmnoop Pomada Reparadora Perianal: Tratamientos Para Fístula Anal, Fisura Anal, Absceso Perianal, Alivio Rápido Del Dolor, Ardor, Picazón, Hinchazón, Sangrado E Incomodidad Por Tiña",https://www.amazon.com.mx/dp/B08L9G71ZV,https://www.amazon.com/dp/B08L9G71ZV,TIME OF SHOP,
,B09K7DH1V6,5,Salud y Cuidado Personal,disponible,no disponible,,,2025-10-29T22:26:17.457Z,2025-10-30T05:37:25.960Z,2025-10-30T17:36:51.961Z,679.16,,$663.60,Essences Bulgaria Aceite Esencial de Hoja de Laurel Orgánico 10ml | Laurus nobilis | 100% Puro y Natural | Sin Diluir | Grado Terapéutico | Granja Familiar | Destilado al Vapor | Sin OMG | Vegano,https://www.amazon.com.mx/dp/B09K7DH1V6,https://www.amazon.com/dp/B09K7DH1V6,DUKKI LLC,
,B07SSTYG3S,5,Salud y Cuidado Personal,disponible,no disponible,,,2025-10-29T22:26:17.457Z,2025-10-30T05:37:34.482Z,2025-10-30T17:37:00.405Z,1884.11,,"$1,769.02","TYLER Glamorous Wash, Diva, 907 g. - 2 unidades.",https://www.amazon.com.mx/dp/B07SSTYG3S,https://www.amazon.com/dp/B07SSTYG3S,MARVEL INC.,
,B0D9FXN3XD,5,Salud y Cuidado Personal,disponible,no disponible,,,2025-10-29T22:26:26.948Z,2025-10-30T05:37:42.998Z,2025-10-30T17:37:08.990Z,897.68,,$865.37,"Yadool Detergente Líquido Concentrado para Ropa de Seda y Lana, Sin Fragancia, Sin Químicos, Limpieza Suave, 16.91 Onzas",https://www.amazon.com.mx/dp/B0D9FXN3XD,https://www.amazon.com/dp/B0D9FXN3XD,M&H Customer Friendly Store,
,B0D3Q41RLW,5,Salud y Cuidado Personal,disponible,no disponible,,,2025-10-29T22:26:26.948Z,2025-10-30T05:37:50.148Z,2025-10-30T17:37:15.652Z,1368.66,,"$1,352.48",Kids Happy Morning DUO: Clean & Vegan Skin Care for Kids Bundle | Niños Skin Care Cloud Face Wash + SPF 20 Mineral Face Cream | Sin tratamiento | Sin medidor | Fun | Fácil de usar Skincare para niños,https://www.amazon.com.mx/dp/B0D3Q41RLW,https://www.amazon.com/dp/B0D3Q41RLW,SHOPENZA,
,B004HKQNYG,5,Salud y Cuidado Personal,disponible,no disponible,,,2025-10-29T22:26:26.948Z,2025-10-30T05:37:58.214Z,2025-10-30T17:37:22.578Z,781.71,,$759.65,"Plantur 39 Phyto-Caffeine Shampoo for Colored, Stressed Hair 250 ml",https://www.amazon.com.mx/dp/B004HKQNYG,https://www.amazon.com/dp/B004HKQNYG,M&H Customer Friendly Store,
,B00C4YJL96,5,Salud y Cuidado Personal,disponible,no disponible,,,2025-10-29T22:26:26.948Z,2025-10-30T05:38:05.261Z,2025-10-30T17:37:29.969Z,627.39,,$626.47,"finipil Lait 50,1.5 fl oz, 44 ml by finipil Lait",https://www.amazon.com.mx/dp/B00C4YJL96,https://www.amazon.com/dp/B00C4YJL96,SHOPENZA,
,B0FG2PRBRY,5,Salud y Cuidado Personal,disponible,disponible,,,2025-10-29T22:26:26.948Z,2025-10-30T05:38:13.604Z,2025-10-30T17:37:37.849Z,914.21,25.99,$890.22,"Repelente ultrasónico de control de plagas, repelente electrónico de arañas para interiores para insectos, cucarachas, roedores, hormigas, insectos, ratas, ratas, tapones, para casa, hogar, cocina",https://www.amazon.com.mx/dp/B0FG2PRBRY,https://www.amazon.com/dp/B0FG2PRBRY,GUTTIDIRECT,Frogoom Trading Inc.
,B016JPPDVU,5,Salud y Cuidado Personal,disponible,no disponible,,,2025-10-29T22:26:26.949Z,2025-10-30T05:38:20.373Z,2025-10-30T17:37:45.938Z,1185.01,,"$1,176.86",Bruce Hardwood & Laminate Floor Cleanr - 64oz Refill - by Bruce Foods,https://www.amazon.com.mx/dp/B016JPPDVU,https://www.amazon.com/dp/B016JPPDVU,AURATEM,
,B0CPJ3NJFJ,5,Salud y Cuidado Personal,disponible,no disponible,,,2025-10-29T22:26:26.949Z,2025-10-30T05:38:28.647Z,2025-10-30T17:37:53.698Z,694.29,,$680.70,"AiricePac Compresa De Hielo Para Aliviar El Dolor De Rodilla, Envoltura De Gel Reutilizable Para Lesiones, Hinchazón, Cirugía De Reemplazo De Rodilla, Terapia Con Compresas Frías Para Artritis, Desgar",https://www.amazon.com.mx/dp/B0CPJ3NJFJ,https://www.amazon.com/dp/B0CPJ3NJFJ,Rendomin,
,B0CL7KY8R5,5,Salud y Cuidado Personal,disponible,no disponible,,,2025-10-29T22:26:26.949Z,2025-10-30T05:38:37.807Z,2025-10-30T17:38:02.361Z,1393.76,,"$1,432.33","NUUD Family Pack – Nueva fórmula – Desodorante natural en crema vegana contra el olor a sudor – Cosmética natural sin aluminio, alcohol, productos químicos y pruebas en animales – suficiente para 40",https://www.amazon.com.mx/dp/B0CL7KY8R5,https://www.amazon.com/dp/B0CL7KY8R5,FAHA ST,
,B0CP8G2NQF,5,Salud y Cuidado Personal,disponible,no disponible,,,2025-10-29T22:26:26.949Z,2025-10-30T05:38:45.923Z,2025-10-30T17:38:10.347Z,442.19,,$434.39,Natrulo- Jabón en barra de sebo de res: jabón de sebo de vaca alimentado con pasto totalmente natural sin fragancia: gel de baño hidratante para rostro y cuerpo,https://www.amazon.com.mx/dp/B0CP8G2NQF,https://www.amazon.com/dp/B0CP8G2NQF,GUTTIDIRECT,
,B0CWG9ZRMB,5,Salud y Cuidado Personal,disponible,no disponible,,,2025-10-29T22:26:26.949Z,2025-10-30T05:38:54.369Z,2025-10-30T17:38:18.467Z,1206.65,,"$1,201.26",Lonvera- Cápsulas de hígado de res alimentado con pasto | Suplemento de hígado desecado | Pastillas de hígado liofilizado | 30 porciones,https://www.amazon.com.mx/dp/B0CWG9ZRMB,https://www.amazon.com/dp/B0CWG9ZRMB,SHOPENZA,
,B0CGLD34FL,5,Salud y Cuidado Personal,disponible,no disponible,,,2025-10-29T22:26:26.949Z,2025-10-30T05:39:03.688Z,2025-10-30T17:38:26.467Z,823.79,,$784.84,"QoQiu Dilatadores De Silicona Para Piso Pélvico Para Mujeres Con Escamas Finas, Paquete De 5 Rosa Con Bolsa De Almacenamiento, Masajeador De Varita Pélvica, Entrenador Muscular Del Suelo Pél",https://www.amazon.com.mx/dp/B0CGLD34FL,https://www.amazon.com/dp/B0CGLD34FL,M&H Customer Friendly Store,
,B0CPMC61SR,5,Salud y Cuidado Personal,disponible,no disponible,,,2025-10-29T22:26:26.949Z,2025-10-30T05:39:12.567Z,2025-10-30T17:38:33.248Z,621.82,,$619.25,SUNNY SAM- “Gomitas de Magnesio Sin Azúcar para Niños y Adolescentes 500mg Gomitas Tranquilas de Citrato de Magnesio Masticable Mag,https://www.amazon.com.mx/dp/B0CPMC61SR,https://www.amazon.com/dp/B0CPMC61SR,SHOPENZA,
,B00JIV463E,5,Salud y Cuidado Personal,disponible,no disponible,,,2025-10-29T22:26:26.949Z,2025-10-30T05:39:19.968Z,2025-10-30T17:38:40.308Z,1160.05,,"$1,153.98",Caboki Hair Loss Concealer 25g BLACK by Caboki,https://www.amazon.com.mx/dp/B00JIV463E,https://www.amazon.com/dp/B00JIV463E,BELGUCAN Global,
,B0DM2284X8,5,Salud y Cuidado Personal,disponible,no disponible,,,2025-10-29T22:26:26.950Z,2025-10-30T05:39:27.515Z,2025-10-30T17:38:47.164Z,532.06,,$526.88,"VOERUY- 【EXFOLIANTE DETOX PARA AXILAS】¡Dígale adiós a la acumulación persistente, los olores desagradables y el tono de piel desigual con nuestro exfoliante para axilas con árbol de té y menta! Diseña",https://www.amazon.com.mx/dp/B0DM2284X8,https://www.amazon.com/dp/B0DM2284X8,M&H Customer Friendly Store,
,B0B9P4N3TR,5,Salud y Cuidado Personal,disponible,disponible,,,2025-10-29T22:26:26.950Z,2025-10-30T05:39:35.981Z,2025-10-30T17:38:54.674Z,679.36,16.9,$668.07,"FERIHA- Jabón negro marroquí de primera calidad con aceite de argán orgánico, 100% auténtico, jabón artesanal Beldi, de origen Cr",https://www.amazon.com.mx/dp/B0B9P4N3TR,https://www.amazon.com/dp/B0B9P4N3TR,M&H Customer Friendly Store,DarFeriha
,B0CFSVH4L7,5,Salud y Cuidado Personal,disponible,no disponible,,,2025-10-29T22:26:26.950Z,2025-10-30T05:39:43.714Z,2025-10-30T17:39:02.903Z,803.5,,$807.16,Saltair- - Aceite corporal Santal Bloom - Hidratante corporal nutritivo,https://www.amazon.com.mx/dp/B0CFSVH4L7,https://www.amazon.com/dp/B0CFSVH4L7,AMY Marketplace,
,B071FVB86H,5,Salud y Cuidado Personal,disponible,no disponible,,,2025-10-29T22:26:39.153Z,2025-10-30T05:39:56.399Z,2025-10-30T17:39:16.027Z,2346,,"$2,262.24","Levels Nutrition Proteína De Suero De Leche En Polvo Alimentada Con Pasto Levels, Sin Ingredientes Artificiales, 24 G De Proteína, Chocolate Moca, 5 Lb 71 Porciones (Paquete De 1)",https://www.amazon.com.mx/dp/B071FVB86H,https://www.amazon.com/dp/B071FVB86H,Lumexa Online MX,
,B0FDWJNT83,5,Salud y Cuidado Personal,disponible,no disponible,,,2025-10-29T22:26:39.153Z,2025-10-30T05:40:03.852Z,2025-10-30T17:39:24.143Z,542.35,,$505.40,"Shinyclean - Tabletas detergentes para lavado de botellas con enzima natural, sin cloro y fragancia, seguro para bebés | Compatible con Momcozy Baby Brezza y todas las marcas | Potencia de oxígeno",https://www.amazon.com.mx/dp/B0FDWJNT83,https://www.amazon.com/dp/B0FDWJNT83,MARVEL INC.,
,B0B4J7RZGV,5,Salud y Cuidado Personal,disponible,no disponible,,,2025-10-29T22:26:39.153Z,2025-10-30T05:40:11.238Z,2025-10-30T17:39:31.203Z,551.51,,$531.54,"VOGSIG- “Pasta de dientes de espuma para niños, pasta de dientes para niños pequeños con bajo fluoruro, pasta de dientes de espuma para niños para dientes en forma de U",https://www.amazon.com.mx/dp/B0B4J7RZGV,https://www.amazon.com/dp/B0B4J7RZGV,MARVEL INC.,
,B07N7LQHZQ,5,Salud y Cuidado Personal,disponible,no disponible,,,2025-10-29T22:26:39.153Z,2025-10-30T05:40:20.276Z,2025-10-30T17:39:39.102Z,750,,$713.69,Exershield- Loción pre-natación: crema protectora para nadadores: protege la piel de los efectos de sequedad y picazón de las heces.,https://www.amazon.com.mx/dp/B07N7LQHZQ,https://www.amazon.com/dp/B07N7LQHZQ,REG VITAMINS,
,B085ZL2MT2,5,Salud y Cuidado Personal,disponible,no disponible,,,2025-10-29T22:26:39.153Z,2025-10-30T05:40:27.766Z,2025-10-30T17:39:46.290Z,2699.97,,"$2,695.94","Cubierta para sonda de ultrasonido, sin látex, desechable, transparente, 6 pulgadas x 48 pulgadas, embalaje individual",https://www.amazon.com.mx/dp/B085ZL2MT2,https://www.amazon.com/dp/B085ZL2MT2,BROWN LEAVES LLC,
,B0CP9R1Y1H,5,Salud y Cuidado Personal,disponible,no disponible,,,2025-10-29T22:26:39.154Z,2025-10-30T05:40:35.827Z,2025-10-30T17:39:54.311Z,926.14,,$887.23,DR. MORITZ- “Gomitas de Magnesio Calma sin Azúcar para Niños y Adultos Gomitas de Magnesio para Niños Citrato de Magnesio,https://www.amazon.com.mx/dp/B0CP9R1Y1H,https://www.amazon.com/dp/B0CP9R1Y1H,GUTTIDIRECT,
,B0FB8V8VCJ,5,Salud y Cuidado Personal,disponible,no disponible,,,2025-10-29T22:26:39.154Z,2025-10-30T05:40:43.259Z,2025-10-30T17:40:02.355Z,645.75,,$619.36,"Liebnest - 150 tabletas detergentes para lavador de biberones de bebé, tabletas de lavado de biberones compatibles con Momcozy Baby Brezza, lavadoras de biberones adultos, seguras y sin leche",https://www.amazon.com.mx/dp/B0FB8V8VCJ,https://www.amazon.com/dp/B0FB8V8VCJ,Rendosa,
,B00C1W12MK,5,Salud y Cuidado Personal,disponible,no disponible,,,2025-10-29T22:26:39.154Z,2025-10-30T05:40:51.400Z,2025-10-30T17:40:11.230Z,598.02,,$596.46,Fisiocrem Solugel 60gm by Planet Health,https://www.amazon.com.mx/dp/B00C1W12MK,https://www.amazon.com/dp/B00C1W12MK,SRKSB LLC,
,B0CTDYBM28,5,Salud y Cuidado Personal,disponible,no disponible,,,2025-10-29T22:26:39.154Z,2025-10-30T05:40:59.091Z,2025-10-30T17:40:18.614Z,511.55,,$504.41,"BOUBONI - Juego de 55 baberos de bebé para decoración de bricolaje, incluye 10 baberos blancos, 12 marcadores de tela, 12 plantillas, 20 pinzas para ropa, 1 cuerda de cáñamo para juegos de baby shower",https://www.amazon.com.mx/dp/B0CTDYBM28,https://www.amazon.com/dp/B0CTDYBM28,SRKSB LLC,
,B0D2DC82BB,5,Salud y Cuidado Personal,disponible,no disponible,,,2025-10-29T22:26:39.154Z,2025-10-30T05:41:08.568Z,2025-10-30T17:40:27.145Z,509.84,,$504.30,"CMWGKBC Aceite Anticelulítico Aceite De Masaje Para Terapia De Masaje, Aceite Corporal Para Estiramiento De La Piel Y Removedor De Celulitis En Muslos Y Glúteos, Aceite De Masaje Para Tratam",https://www.amazon.com.mx/dp/B0D2DC82BB,https://www.amazon.com/dp/B0D2DC82BB,M&H Customer Friendly Store,
,B0CFX53CL2,5,Salud y Cuidado Personal,disponible,no disponible,,,2025-10-29T22:26:39.154Z,2025-10-30T05:41:16.563Z,2025-10-30T17:40:35.825Z,582.45,,$574.77,MobileDetect - Kit de prueba de detección de residuos de múltiples fármacos - Detector rápido de residuos de superficie,https://www.amazon.com.mx/dp/B0CFX53CL2,https://www.amazon.com/dp/B0CFX53CL2,DUKKI LLC,
,B000BF3UEC,5,Salud y Cuidado Personal,disponible,no disponible,,,2025-10-29T22:26:39.154Z,2025-10-30T05:41:24.648Z,2025-10-30T17:40:42.514Z,599,,$584.75,QD4008SC - Anasept Antimicrobial Wound Cleanser 8 oz. Spray Bottle,https://www.amazon.com.mx/dp/B000BF3UEC,https://www.amazon.com/dp/B000BF3UEC,Chock & Roll,
,B0CGXVKJJC,5,Salud y Cuidado Personal,disponible,no disponible,,,2025-10-29T22:26:39.154Z,2025-10-30T05:41:32.494Z,2025-10-30T17:40:49.889Z,707.84,,$695.56,Remedy Enjuague Bucal Natural Y Eliminador De Cálculos Amigdalinos Calma Y Cura Las Amígdalas Aloe Vera Vitaminas Y Extractos De Raíces Sin Alcohol Parabenos Ni Gluten Menta 473 Ml Refresca,https://www.amazon.com.mx/dp/B0CGXVKJJC,https://www.amazon.com/dp/B0CGXVKJJC,MARVEL INC.,
,B078HRLSKS,5,Salud y Cuidado Personal,disponible,no disponible,,,2025-10-29T22:26:39.155Z,2025-10-30T05:41:40.586Z,2025-10-30T17:40:57.170Z,463.9,,$463.47,Varon Dandy After Shave 3.3 Fl Oz,https://www.amazon.com.mx/dp/B078HRLSKS,https://www.amazon.com/dp/B078HRLSKS,SRKSB LLC,
,B0DJ2T1FSK,5,Salud y Cuidado Personal,disponible,no disponible,,,2025-10-29T22:26:39.155Z,2025-10-30T05:41:48.624Z,2025-10-30T17:41:04.033Z,1438.93,,"$1,495.45","Modanais - Carrito organizador de pañales para bebé, carrito de almacenamiento con ruedas de 3 niveles, esencial para el almacenamiento de la guardería, divisores desmontables, para cuna, recámara",https://www.amazon.com.mx/dp/B0DJ2T1FSK,https://www.amazon.com/dp/B0DJ2T1FSK,Lumexa Online MX,
,B09NL8K3S9,5,Salud y Cuidado Personal,disponible,no disponible,,,2025-10-29T22:26:39.155Z,2025-10-30T05:41:56.341Z,2025-10-30T17:41:13.313Z,2019.55,,"$1,996.83","SecuriGene Kit De Prueba Domiciliaria De Paternidad De Adn Premium - Resultados En 1-3 Días Laborables, Envío De Devolución Gratis Por Laboratorios",https://www.amazon.com.mx/dp/B09NL8K3S9,https://www.amazon.com/dp/B09NL8K3S9,BROWN LEAVES LLC,
,B07NX1PCHC,5,Salud y Cuidado Personal,disponible,no disponible,,,2025-10-29T22:26:52.355Z,2025-10-30T05:42:05.303Z,2025-10-30T17:41:21.179Z,842.68,,$828.54,"Kum: Semen sintético/Semen falso, sabor auténtico",https://www.amazon.com.mx/dp/B07NX1PCHC,https://www.amazon.com/dp/B07NX1PCHC,M&H Customer Friendly Store,
,B0DKXDMH6M,5,Salud y Cuidado Personal,disponible,no disponible,,,2025-10-29T22:26:52.355Z,2025-10-30T05:42:14.295Z,2025-10-30T17:41:29.341Z,561.92,,$522.03,"Wisesso Envoltura De Hielo Para Muñeca, Guantes De Hielo Reutilizables Para Compresas Frías Y Calientes, Guantes De Hielo Para Artritis, Lesiones, Síndrome Del Túnel Carpiano, Tendinitis, Hinchazón, S",https://www.amazon.com.mx/dp/B0DKXDMH6M,https://www.amazon.com/dp/B0DKXDMH6M,MARVEL INC.,
,B0DGYZLP71,5,Salud y Cuidado Personal,disponible,no disponible,,,2025-10-29T22:26:52.355Z,2025-10-30T05:42:21.474Z,2025-10-30T17:41:37.343Z,719.06,,$711.39,Crema hidratante para el pene para hombres Crema totalmente natural para la salud del pene Crema para aliviar el roce y la irritación para aumentar la sensibilidad y el placer del pene Gel para la,https://www.amazon.com.mx/dp/B0DGYZLP71,https://www.amazon.com/dp/B0DGYZLP71,SRKSB LLC,
,B0BJHC87C9,5,Salud y Cuidado Personal,disponible,no disponible,,,2025-10-29T22:26:52.355Z,2025-10-30T05:42:29.820Z,2025-10-30T17:41:44.314Z,722.32,,$714.25,"Geologie Desodorante Natural Moab | Bergamota + Enebro Aroma para Hombres y Mujeres | Piel Sensible Segura | Sin Aluminio, Sin Hornear Sin Soda, Probado Por Dermatólogos, Vegano, Sin Sulfatos, Sin Par",https://www.amazon.com.mx/dp/B0BJHC87C9,https://www.amazon.com/dp/B0BJHC87C9,BELGUCAN Global,
,B000HHO7VE,5,Salud y Cuidado Personal,disponible,no disponible,,,2025-10-29T22:26:52.355Z,2025-10-30T05:42:42.431Z,2025-10-30T17:41:56.498Z,347.28,,$688.72,Corona ungüento,https://www.amazon.com.mx/dp/B000HHO7VE,https://www.amazon.com/dp/B000HHO7VE,bluemed,
,B0CMFXLQV2,5,Salud y Cuidado Personal,disponible,no disponible,,,2025-10-29T22:26:52.356Z,2025-10-30T05:42:51.183Z,2025-10-30T17:42:03.930Z,507.09,,$494.64,Komilón-Suplemento Dietético 4fl oz,https://www.amazon.com.mx/dp/B0CMFXLQV2,https://www.amazon.com/dp/B0CMFXLQV2,GUTTIDIRECT,
,B0B28SFVSP,5,Salud y Cuidado Personal,disponible,no disponible,,,2025-10-29T22:26:52.356Z,2025-10-30T05:42:59.577Z,2025-10-30T17:42:10.847Z,607.28,,$598.47,"ANKOOY 3 Pack Aceite De Jengibre, Aceite De Jengibre Masaje De Drenaje Linfático, Aceite De Jengibre Drenaje Vientre, Aceite De Masaje De Jengibre Drenaje Linfático,100% Aceite De Masaje Na",https://www.amazon.com.mx/dp/B0B28SFVSP,https://www.amazon.com/dp/B0B28SFVSP,SRKSB LLC,
,B0BJ5YSTGG,5,Salud y Cuidado Personal,disponible,no disponible,,,2025-10-29T22:26:52.356Z,2025-10-30T05:43:07.269Z,2025-10-30T17:42:18.325Z,467.3,,$460.17,"White Flower Aceite Bálsamo Analgésico Externo Flor Blanca 10Ml/ 0.338Fl Oz., Auténtico Importación De Estados Unidos (1 Paquete)",https://www.amazon.com.mx/dp/B0BJ5YSTGG,https://www.amazon.com/dp/B0BJ5YSTGG,GUTTIDIRECT,
,B0DJPLMCBR,5,Salud y Cuidado Personal,disponible,no disponible,,,2025-10-29T22:26:52.356Z,2025-10-30T05:43:14.484Z,2025-10-30T17:42:24.736Z,665.01,,$662.10,Z!NGHA Natural Aromatherapy Nasal Stick – Boost Focus & Enhance Breathing | Portable Sinus Relief & Relaxation Nasal Inhaler Stick | Intake Breathing Essential Oil Blend for Stress and Congestion,https://www.amazon.com.mx/dp/B0DJPLMCBR,https://www.amazon.com/dp/B0DJPLMCBR,GUTTIDIRECT,
,B0CJQJ1TWF,5,Salud y Cuidado Personal,disponible,no disponible,,,2025-10-29T22:26:52.356Z,2025-10-30T05:43:22.177Z,2025-10-30T17:42:33.519Z,730.03,,$724.73,"JUSIZA Aleppo Soap (4 Pack - 7 oz each)%20 Laurel Oil,%80 Olive Oil, Traditional Production, Natural - Vegan – Handmade",https://www.amazon.com.mx/dp/B0CJQJ1TWF,https://www.amazon.com/dp/B0CJQJ1TWF,DUKKI LLC,
,B0CGBHJSMC,5,Salud y Cuidado Personal,disponible,no disponible,,,2025-10-29T22:26:52.356Z,2025-10-30T05:43:29.831Z,2025-10-30T17:42:41.093Z,1915.63,,"$1,837.50","Toallitas secas 100% algodón puro, 1200 unidades, uso húmedo o seco, suave y sensible, hipoalergénico, extra fuerte y absorbente, perfecto para cambios de pañales, secreción nasal, baba, hora de",https://www.amazon.com.mx/dp/B0CGBHJSMC,https://www.amazon.com/dp/B0CGBHJSMC,Lumexa Online MX,
,B017DI74XM,5,Salud y Cuidado Personal,disponible,no disponible,,,2025-10-29T22:26:52.356Z,2025-10-30T05:43:39.328Z,2025-10-30T17:42:49.051Z,828.08,,$819.73,Xerostom Xerostom Gel Sustituto De Saliva Boca Seca (2/Paquete),https://www.amazon.com.mx/dp/B017DI74XM,https://www.amazon.com/dp/B017DI74XM,DUKKI LLC,
,B087D927ZP,5,Salud y Cuidado Personal,disponible,disponible,,,2025-10-29T22:26:52.356Z,2025-10-30T05:43:47.482Z,2025-10-30T17:42:56.062Z,1009,29.99,"$1,006.98","FreezeSleeve Manga de compresión para terapia fría – Manga natural para alivio del dolor para músculos y articulaciones – Tamaño para hombres, mujeres y niños – Fabricado en Estados Unidos – para artritis, lesiones y recuperación deportiva",https://www.amazon.com.mx/dp/B087D927ZP,https://www.amazon.com/dp/B087D927ZP,Marca: FreezeSleeve,
,B0013G6IGA,5,Salud y Cuidado Personal,disponible,no disponible,,,2025-10-29T22:26:52.357Z,2025-10-30T05:43:56.504Z,2025-10-30T17:43:03.056Z,1670.52,,"$1,660.18",Equazen Eye Q Omega 3 y 6 180 cápsulas,https://www.amazon.com.mx/dp/B0013G6IGA,https://www.amazon.com/dp/B0013G6IGA,GUTTIDIRECT,
,B07MTPCRSP,5,Salud y Cuidado Personal,disponible,no disponible,,,2025-10-29T22:26:52.357Z,2025-10-30T05:44:04.556Z,2025-10-30T17:43:10.999Z,759.58,,$744.51,"Boswellia 100 cápsulas, 500 mg, resina de incienso orgánico (Boswellia Serrata), 100 cápsulas",https://www.amazon.com.mx/dp/B07MTPCRSP,https://www.amazon.com/dp/B07MTPCRSP,SRKSB LLC,
,B00EARSV3M,5,Salud y Cuidado Personal,disponible,no disponible,,,2025-10-29T22:26:52.357Z,2025-10-30T05:44:13.653Z,2025-10-30T17:43:18.959Z,640.79,,$619.36,pompeia lotion. traditional 100ml bottle imported from france,https://www.amazon.com.mx/dp/B00EARSV3M,https://www.amazon.com/dp/B00EARSV3M,GUTTIDIRECT,
,B079RM57S1,5,Salud y Cuidado Personal,disponible,no disponible,,,2025-10-29T22:27:02.059Z,2025-10-30T05:44:20.266Z,2025-10-30T17:43:25.959Z,906.4,,$898.83,"Healing Bottoms Supositorio De Fisura Anal | Formulación Experta Para Sangrado Rectal Debido A Fisura Anal, Hemorroides, Diarrea Y Estreñimiento | Fabricado Con Curcumina Natural Y Extracto De Cúrcuma",https://www.amazon.com.mx/dp/B079RM57S1,https://www.amazon.com/dp/B079RM57S1,SHOPENZA,
,B0DMWBKKGK,5,Salud y Cuidado Personal,disponible,no disponible,,,2025-10-29T22:27:02.059Z,2025-10-30T05:44:28.427Z,2025-10-30T17:43:32.832Z,506.23,,$504.03,"Air-Scent Aceite difusor para hotel inspirado en el aroma del hotel Baccarat - Aceite esencial Love Affair - Mezcla AirScent n.º 1023 - Botella de aceite aromático de 10 ml y 0,34 fl oz para difusor",https://www.amazon.com.mx/dp/B0DMWBKKGK,https://www.amazon.com/dp/B0DMWBKKGK,SHOPENZA,
,B08YSB2M34,5,Salud y Cuidado Personal,disponible,no disponible,,,2025-10-29T22:27:02.059Z,2025-10-30T05:44:36.413Z,2025-10-30T17:43:39.806Z,655.26,,$646.35,Nampons para hemorragias nasales – Tapones nasales para epístaxis (paquete de 6),https://www.amazon.com.mx/dp/B08YSB2M34,https://www.amazon.com/dp/B08YSB2M34,SRKSB LLC,
,B078YY6BM7,5,Salud y Cuidado Personal,disponible,no disponible,,,2025-10-29T22:27:02.059Z,2025-10-30T05:44:45.651Z,2025-10-30T17:43:48.419Z,1588.1,,"$1,560.57","Barry's Restore It All Products – Kit de propietario de casa Scratch-B-Gone | El kit de venta número 1 utilizado para quitar arañazos, óxido, decoloración y más del acero inoxidable sin revestimiento.",https://www.amazon.com.mx/dp/B078YY6BM7,https://www.amazon.com/dp/B078YY6BM7,SRKSB LLC,
,B0DGVP5LDS,5,Salud y Cuidado Personal,disponible,no disponible,,,2025-10-29T22:27:02.059Z,2025-10-30T05:44:55.083Z,2025-10-30T17:43:55.713Z,502.69,,$503.31,Crema humectante de sebo de res para la piel Sebo de res batido 100% alimentado con pasto Aceite de jojoba orgánico Manteca de karité orgánica Ayuda con el eccema y la rosácea Fabricado en EE. UU.,https://www.amazon.com.mx/dp/B0DGVP5LDS,https://www.amazon.com/dp/B0DGVP5LDS,SRKSB LLC,
,B0D5HTJYHG,5,Salud y Cuidado Personal,disponible,no disponible,,,2025-10-29T22:27:02.059Z,2025-10-30T05:45:02.959Z,2025-10-30T17:44:02.486Z,946.1,,$969.31,"Paquete de 120 parches de recuperación – Despierta refrescante y energizado con nuestro parche de ingredientes 100% naturales para fiestas, respetuoso con la piel e impermeable, aplicar antes de",https://www.amazon.com.mx/dp/B0D5HTJYHG,https://www.amazon.com/dp/B0D5HTJYHG,DUKKI LLC,
,B0CD4RPV5D,5,Salud y Cuidado Personal,disponible,no disponible,,,2025-10-29T22:27:02.059Z,2025-10-30T05:45:11.087Z,2025-10-30T17:44:09.038Z,719.53,,$711.84,"DCH Labs Dch Roll-On Para Alivio Del Dolor Nervioso, Lidocaína Y Mentol De Máxima Fuerza, Con Árnica Y Aloe Para Alivio En Dedos De Los Pies, Pies, Manos Y Piernas, Ideal Para Neuropatía, 3",https://www.amazon.com.mx/dp/B0CD4RPV5D,https://www.amazon.com/dp/B0CD4RPV5D,SRKSB LLC,
,B07449R8M4,5,Salud y Cuidado Personal,disponible,no disponible,,,2025-10-29T22:27:02.059Z,2025-10-30T05:45:19.624Z,2025-10-30T17:44:17.268Z,442.44,,$445.85,"Cera di Cupra""Bianca per Pelli Normali"" crema para piel normal, fórmula antiedad, tubo de 75 ml [importación italiana]",https://www.amazon.com.mx/dp/B07449R8M4,https://www.amazon.com/dp/B07449R8M4,SRKSB LLC,
,B0CPPLW83G,5,Salud y Cuidado Personal,disponible,no disponible,,,2025-10-29T22:27:02.060Z,2025-10-30T05:45:32.721Z,2025-10-30T17:44:28.801Z,516.41,,$508.48,"Wovarkie- ""3 paquetes de aceite Yoni para mujeres, aceite femenino 100% natural, desodorante íntimo para mujeres, elimina el olor",https://www.amazon.com.mx/dp/B0CPPLW83G,https://www.amazon.com/dp/B0CPPLW83G,DOFER,
,B08K7NDMBQ,5,Salud y Cuidado Personal,disponible,no disponible,,,2025-10-29T22:27:02.060Z,2025-10-30T05:45:41.016Z,2025-10-30T17:44:36.244Z,741.54,,$723.52,Bravado Labs - Penile Health Cream 4oz,https://www.amazon.com.mx/dp/B08K7NDMBQ,https://www.amazon.com/dp/B08K7NDMBQ,M&H Customer Friendly Store,
,B0DB9ZWGHF,5,Salud y Cuidado Personal,disponible,no disponible,,,2025-10-29T22:27:02.060Z,2025-10-30T05:45:49.080Z,2025-10-30T17:44:44.590Z,515.8,,$515.76,"Jabón de ácido kójico para la hiperpigmentación – Gel de baño de papaya kójica para aclarar la piel – El jabón para manchas oscuras reduce el acné, las cicatrices y unifica el tono de la piel – Gel",https://www.amazon.com.mx/dp/B0DB9ZWGHF,https://www.amazon.com/dp/B0DB9ZWGHF,GUTTIDIRECT,
,B0CM7Y376N,5,Salud y Cuidado Personal,disponible,no disponible,,,2025-10-29T22:27:02.060Z,2025-10-30T05:45:56.710Z,2025-10-30T17:44:53.131Z,486.74,,$503.58,NC NATURAL CURES Parches De Recuperación Para Fiestas: Paquete De 42 Parches Para Fiestas Nocturnas: Despiértate Renovado Y Con Energía Con Un Parche Que No Daña La Piel; Adhesivo Fuerte Para Un Ajust,https://www.amazon.com.mx/dp/B0CM7Y376N,https://www.amazon.com/dp/B0CM7Y376N,SHERIFF EXPRESS,
,B09XP4LGL1,5,Salud y Cuidado Personal,disponible,no disponible,,,2025-10-29T22:27:02.060Z,2025-10-30T05:46:04.337Z,2025-10-30T17:45:01.889Z,949.68,,$940.99,WELMATE- Alivio de la mucosidad | Guaifenesina 600 mg | Soporte durante 12 horas | Alivio temporal de la tos y el dolor nasal y del pecho,https://www.amazon.com.mx/dp/B09XP4LGL1,https://www.amazon.com/dp/B09XP4LGL1,DUKKI LLC,
,B08N467JNZ,5,Salud y Cuidado Personal,disponible,no disponible,,,2025-10-29T22:27:02.060Z,2025-10-30T05:46:12.908Z,2025-10-30T17:45:08.935Z,975.7,,$943.04,"Formula Trim- Nueva Zelanda Mejillón de Labios Verdes para Humanos 19,000mg Porción Congelado Seco Perna Canaliculus wit",https://www.amazon.com.mx/dp/B08N467JNZ,https://www.amazon.com/dp/B08N467JNZ,DUKKI LLC,
,B09V1VK7W8,5,Salud y Cuidado Personal,disponible,no disponible,,,2025-10-29T22:27:02.060Z,2025-10-30T05:46:21.745Z,2025-10-30T17:45:17.717Z,919.19,,$909.30,"LR SuperFood Starter Culture L. Reuteri Probiótico como recomendado por Dr. William Davis Super Gut, Lácteos cultivados en MD de yogur lácteos bajos y lentos Lactobacillus",https://www.amazon.com.mx/dp/B09V1VK7W8,https://www.amazon.com/dp/B09V1VK7W8,SHOPENZA,
,B09BD5D4MC,5,Salud y Cuidado Personal,disponible,no disponible,,,2025-10-29T22:27:02.060Z,2025-10-30T05:46:29.737Z,2025-10-30T17:45:26.534Z,904.37,,$861.14,Nampons para hemorragias nasales – 12 tapones nasales estériles para detener las hemorragias nasales rápidamente,https://www.amazon.com.mx/dp/B09BD5D4MC,https://www.amazon.com/dp/B09BD5D4MC,TIME OF SHOP,
,B0D9PDZCC5,5,Salud y Cuidado Personal,disponible,no disponible,,,2025-10-29T22:27:12.843Z,2025-10-30T05:46:38.826Z,2025-10-30T17:45:33.972Z,813.65,,$792.90,Z!NGHA Natural Aromatherapy Nasal Stick – Boost Focus & Enhance Breathing | Portable Sinus Relief & Relaxation Nasal Inhaler Stick | Intake Breathing Essential Oil Blend for Stress and Congestion,https://www.amazon.com.mx/dp/B0D9PDZCC5,https://www.amazon.com/dp/B0D9PDZCC5,MARVEL INC.,
,B0BZFM4ZW5,5,Salud y Cuidado Personal,disponible,no disponible,,,2025-10-29T22:27:12.843Z,2025-10-30T05:46:48.005Z,2025-10-30T17:45:42.047Z,1087.8,,"$1,081.69","Santo Remedio Circulacion Plus, Suplemento Nutricional, Extracto De Remolacha, Superalimento Para Circulación Y Corazón, Energía Y Resistencia, Apoya Óxido Nítrico Y Circulación, Sabor A Cer",https://www.amazon.com.mx/dp/B0BZFM4ZW5,https://www.amazon.com/dp/B0BZFM4ZW5,GUTTIDIRECT,
,B0CX3Y2Y1X,5,Salud y Cuidado Personal,disponible,no disponible,,,2025-10-29T22:27:12.843Z,2025-10-30T05:46:56.207Z,2025-10-30T17:45:49.882Z,1292.68,,"$1,246.76",MONOHERB- “Lactoferrina Pura 500 mg 180 Cápsulas Vegetales 180 Porciones Sin Aditivos,https://www.amazon.com.mx/dp/B0CX3Y2Y1X,https://www.amazon.com/dp/B0CX3Y2Y1X,TIME OF SHOP,
,B0C4XPYKCG,5,Salud y Cuidado Personal,disponible,no disponible,,,2025-10-29T22:27:12.843Z,2025-10-30T05:47:03.516Z,2025-10-30T17:45:56.371Z,915.55,,$880.86,"WELCOS- Set de loción corporal y limpiador corporal con leche KWAILNARA (560 g/19,75 oz cada uno) (fresa)",https://www.amazon.com.mx/dp/B0C4XPYKCG,https://www.amazon.com/dp/B0C4XPYKCG,RVDSHOP,
,B0CS6VFPRV,5,Salud y Cuidado Personal,disponible,no disponible,,,2025-10-29T22:27:12.843Z,2025-10-30T05:47:11.918Z,2025-10-30T17:46:03.755Z,913.7,,$905.13,SUNNY SAM- “Gomitas de Magnesio para Niños y Adultos 100mg Calm Magnesium Chews Sup Masticable con Citrato de Magnesio,https://www.amazon.com.mx/dp/B0CS6VFPRV,https://www.amazon.com/dp/B0CS6VFPRV,GUTTIDIRECT,
,B0BBSVYS7B,5,Salud y Cuidado Personal,disponible,no disponible,,,2025-10-29T22:27:12.843Z,2025-10-30T05:47:20.369Z,2025-10-30T17:46:11.674Z,1397.46,,"$1,346.01","TRUVANI – Polvo de proteína a base de plantas sabor Vainilla Chai– Proteína orgánica certificada USDA en polvo, vegano, sin OMG, sin gluten",https://www.amazon.com.mx/dp/B0BBSVYS7B,https://www.amazon.com/dp/B0BBSVYS7B,M&H Customer Friendly Store,
,B09QXNXZS9,5,Salud y Cuidado Personal,disponible,no disponible,,,2025-10-29T22:27:12.844Z,2025-10-30T05:47:28.756Z,2025-10-30T17:46:18.790Z,877.12,,$865.31,Noshinku Kit De Recarga De Desinfectante De Manos Bergamota: Bolsa De Recarga + Paquete De Pulverizador | Niebla Desinfectante Antibacteriana Orgánica Con Aceites Hidratantes | Mata 99.9% Gé,https://www.amazon.com.mx/dp/B09QXNXZS9,https://www.amazon.com/dp/B09QXNXZS9,DUKKI LLC,
,B0DJMCLNGC,5,Salud y Cuidado Personal,disponible,no disponible,,,2025-10-29T22:27:12.844Z,2025-10-30T05:47:37.064Z,2025-10-30T17:46:27.235Z,789.69,,$783.74,"Wellcatcher Suplemento para la salud intestinal con gomitas de butirato: gomitas de butirato con fibra probiótica y prebiótica para mujeres y hombres, sin azúcar, para favorecer el metabolismo diges",https://www.amazon.com.mx/dp/B0DJMCLNGC,https://www.amazon.com/dp/B0DJMCLNGC,TIME OF SHOP,
,B0CH1B3CV2,5,Salud y Cuidado Personal,disponible,no disponible,,,2025-10-29T22:27:12.844Z,2025-10-30T05:47:44.418Z,2025-10-30T17:46:35.397Z,1050,,"$1,080.65",HealthAZ Parches para herpes labial HEALTH AZ+ CMD 15 (paquete de 3),https://www.amazon.com.mx/dp/B0CH1B3CV2,https://www.amazon.com/dp/B0CH1B3CV2,Intenza y Enzo,
,B000KU92VS,5,Salud y Cuidado Personal,disponible,no disponible,,,2025-10-29T22:27:12.844Z,2025-10-30T05:47:52.704Z,2025-10-30T17:46:43.115Z,784.55,,$752.30,Complan Nutritious Vitamin Rich Drink Original Flavour 450g 7-8 Servings by Complan,https://www.amazon.com.mx/dp/B000KU92VS,https://www.amazon.com/dp/B000KU92VS,PEACEE STOREE,
,B0DHVYLZJH,5,Salud y Cuidado Personal,disponible,no disponible,,,2025-10-29T22:27:12.844Z,2025-10-30T05:48:00.334Z,2025-10-30T17:46:50.183Z,702.3,,$691.01,"Euthymol Set de viaje de pasta de dientes original EUTHYMOL (1,4 fl oz)",https://www.amazon.com.mx/dp/B0DHVYLZJH,https://www.amazon.com/dp/B0DHVYLZJH,SRKSB LLC,
,B0CS69FQ8H,5,Salud y Cuidado Personal,disponible,no disponible,,,2025-10-29T22:27:12.844Z,2025-10-30T05:48:07.712Z,2025-10-30T17:46:57.520Z,999.19,,$983.08,SUNNY SAM- “Gomitas de Magnesio Sin Azúcar para Niños y Adolescentes 500mg Gomitas Tranquilas de Citrato de Magnesio Masticable Mag,https://www.amazon.com.mx/dp/B0CS69FQ8H,https://www.amazon.com/dp/B0CS69FQ8H,DUKKI LLC,
,B0DBTNJW4G,5,Salud y Cuidado Personal,disponible,no disponible,,,2025-10-29T22:27:12.844Z,2025-10-30T05:48:21.009Z,2025-10-30T17:47:09.758Z,974.08,,$966.69,"LAB 52 LAB52 Kids Oral Spray Duo Set, pasta de dientes para niños pequeños que ayuda a reparar caries y refresca el aliento, anticaries para niños sin flúor para recién nacidos y niños en edad prees",https://www.amazon.com.mx/dp/B0DBTNJW4G,https://www.amazon.com/dp/B0DBTNJW4G,SHOPENZA,
,B09XJKTBTL,5,Salud y Cuidado Personal,disponible,no disponible,,,2025-10-29T22:27:12.844Z,2025-10-30T05:48:29.225Z,2025-10-30T17:47:18.454Z,465.06,,$466.85,"B-Sure Almohadillas de hamamelis prehumedecidas, 40 unidades",https://www.amazon.com.mx/dp/B09XJKTBTL,https://www.amazon.com/dp/B09XJKTBTL,SHOPENZA,
,B09P8SQT6V,5,Salud y Cuidado Personal,disponible,no disponible,,,2025-10-29T22:27:12.845Z,2025-10-30T05:48:36.727Z,2025-10-30T17:47:26.244Z,643.43,,$635.58,"Dew Well- - Toallitas desodorantes Refresh: un nuevo comienzo cuando estás en movimiento - Sin aluminio, parabenos ni sulfatos",https://www.amazon.com.mx/dp/B09P8SQT6V,https://www.amazon.com/dp/B09P8SQT6V,BELGUCAN Global,
,B0DNZGHHTZ,5,Salud y Cuidado Personal,disponible,no disponible,,,2025-10-29T22:27:12.845Z,2025-10-30T05:48:44.524Z,2025-10-30T17:47:35.040Z,673.29,,$640.79,"ALFLOD - Juego de 2 escobillas de ducha de 12 pulgadas doradas para puertas de ducha, juegos de ropa de baño, paredes de ducha de azulejos, baño, ventana, parabrisas de vidrio y coche, espejos y",https://www.amazon.com.mx/dp/B0DNZGHHTZ,https://www.amazon.com/dp/B0DNZGHHTZ,MARVEL INC.,
,B08T6DQ48C,5,Salud y Cuidado Personal,disponible,no disponible,,,2025-10-29T22:27:27.099Z,2025-10-30T05:48:52.792Z,2025-10-30T17:47:43.262Z,1330.87,,"$1,291.40","Heart & Soil Grass Fed Bone Matrix - Supports Bone and Joint Health, Strength, and Flexibility (180 Capsules)",https://www.amazon.com.mx/dp/B08T6DQ48C,https://www.amazon.com/dp/B08T6DQ48C,DUKKI LLC,
,B0DK2VJZFR,5,Salud y Cuidado Personal,disponible,disponible,,,2025-10-29T22:27:27.099Z,2025-10-30T05:48:59.856Z,2025-10-30T17:47:51.308Z,1031.23,29.99,"$1,023.92","SONORAN - Calcetines de compresión de viscosa de bambú para mujeres y hombres (6 pares) de 20 a 30 mmHg de alto soporte para enfermeras, viajes embarazadas",https://www.amazon.com.mx/dp/B0DK2VJZFR,https://www.amazon.com/dp/B0DK2VJZFR,Rendosa,Sonoran Official
,B0DGWXTRDJ,5,Salud y Cuidado Personal,disponible,no disponible,,,2025-10-29T22:27:27.099Z,2025-10-30T05:49:07.661Z,2025-10-30T17:47:59.722Z,3609.78,,"$3,775.08","Audífonos con funda de carga de larga duración, audífonos invisibles para personas mayores con cancelación inteligente de ruido, dispositivos de audífonos completamente en el canal, fácil control",https://www.amazon.com.mx/dp/B0DGWXTRDJ,https://www.amazon.com/dp/B0DGWXTRDJ,BROWN LEAVES LLC,
,B0DFYJ2HXL,5,Salud y Cuidado Personal,disponible,disponible,,,2025-10-29T22:27:27.099Z,2025-10-30T05:49:15.125Z,2025-10-30T17:48:07.121Z,1151.32,34.99,"$1,098.22","Threlaco 25 Unidades De Intercambiadores De Calor Y Humedad Hme Para Traqueotomía, Paquete Individual, Humidificador Para Traqueotomía, Suministros Para Traqueotomía",https://www.amazon.com.mx/dp/B0DFYJ2HXL,https://www.amazon.com/dp/B0DFYJ2HXL,LueKeen,Jinyogoder
,B0CS3T52KL,5,Salud y Cuidado Personal,disponible,no disponible,,,2025-10-29T22:27:27.099Z,2025-10-30T05:49:22.901Z,2025-10-30T17:48:15.744Z,750.53,,$741.16,"COLONOX - Kit de detección de enfermedades colorrectales, fácil de usar, prueba de colon de sangre oculta fecal (FIT o FOB) para detección temprana (2 pruebas)",https://www.amazon.com.mx/dp/B0CS3T52KL,https://www.amazon.com/dp/B0CS3T52KL,SRKSB LLC,
,B01FZ4ZBB8,5,Salud y Cuidado Personal,disponible,no disponible,,,2025-10-29T22:27:27.099Z,2025-10-30T05:49:31.134Z,2025-10-30T17:48:23.537Z,718.22,,$712.15,DermoXEN 4Men Gel Íntimo para Hombres | Higiene Masculina Equilibrada en pH | Jabón Antibacterial para el Área Genital con Mentol | Combate el Mal Olor en la Ingles | Gel Íntimo Diario para Hombres,https://www.amazon.com.mx/dp/B01FZ4ZBB8,https://www.amazon.com/dp/B01FZ4ZBB8,SHOPENZA,
,B002HTREHE,5,Salud y Cuidado Personal,disponible,no disponible,,,2025-10-29T22:27:27.099Z,2025-10-30T05:49:39.326Z,2025-10-30T17:48:30.228Z,690.75,,$675.32,"Rosebud Bálsamo para Labios de Tres generosas Capas, 0.8 onzas",https://www.amazon.com.mx/dp/B002HTREHE,https://www.amazon.com/dp/B002HTREHE,GUTTIDIRECT,
,B084ZJ6541,5,Salud y Cuidado Personal,disponible,no disponible,,,2025-10-29T22:27:27.100Z,2025-10-30T05:49:47.401Z,2025-10-30T17:48:38.090Z,550.05,,$691.63,"Sensodyne Sensitivity & Gum Whitening Toothpaste, Toothpaste for Sensitive Teeth & Gum Problems, 3.4 Ounces (Pack of 3)",https://www.amazon.com.mx/dp/B084ZJ6541,https://www.amazon.com/dp/B084ZJ6541,ASI PROVEEDORA S DE RL,
,B0CSM1DCMB,5,Salud y Cuidado Personal,disponible,no disponible,,,2025-10-29T22:27:27.100Z,2025-10-30T05:49:54.778Z,2025-10-30T17:48:44.918Z,456.55,,$459.00,"Formit Crafts- ""Perlas termoplásticas para reparación de dientes: para empastes dentales caseros: perlas térmicas moldeables para reparación de dientes""",https://www.amazon.com.mx/dp/B0CSM1DCMB,https://www.amazon.com/dp/B0CSM1DCMB,SHOPENZA,
,B07WQYQ9TV,5,Salud y Cuidado Personal,disponible,no disponible,,,2025-10-29T22:27:27.100Z,2025-10-30T05:50:02.390Z,2025-10-30T17:48:53.417Z,1169.68,,"$1,144.39",Fruit Fly & Drain Fly Killer – Tratamiento de gel de drenaje comercial simple – Elimina las moscas de fruta/alcantarillado y las infestaciones de mosquitos de cualquier desagüe Rápido y fácil - 1,https://www.amazon.com.mx/dp/B07WQYQ9TV,https://www.amazon.com/dp/B07WQYQ9TV,SRKSB LLC,
,B0CD4QH7YG,5,Salud y Cuidado Personal,disponible,no disponible,,,2025-10-29T22:27:27.100Z,2025-10-30T05:50:11.587Z,2025-10-30T17:49:00.927Z,950.49,,$944.38,"DCH Labs Dch Roll-On Para Alivio Del Dolor Nervioso, Lidocaína Y Mentol De Máxima Fuerza, Con Árnica Y Aloe Para Alivio En Dedos De Los Pies, Pies, Manos Y Piernas, Ideal Para Neuropatía, 3",https://www.amazon.com.mx/dp/B0CD4QH7YG,https://www.amazon.com/dp/B0CD4QH7YG,SHOPENZA,
,B0BXFLTQB2,5,Salud y Cuidado Personal,disponible,no disponible,,,2025-10-29T22:27:27.100Z,2025-10-30T05:50:19.427Z,2025-10-30T17:49:07.951Z,688.45,,$638.23,"J MAC BOTANICALS J Mac Botanicals, Aceite De Salvia Orgánico (Botella De Vidrio De 4 Oz, Sin Gotero), Aceite Esencial De Salvia Officinalis Orgánico, Cuidado De La Piel, Masaje, Difusores, B",https://www.amazon.com.mx/dp/B0BXFLTQB2,https://www.amazon.com/dp/B0BXFLTQB2,MSTZKN SHİPMENT,
,B01M5JP7TK,5,Salud y Cuidado Personal,disponible,no disponible,,,2025-10-29T22:27:27.100Z,2025-10-30T05:50:26.656Z,2025-10-30T17:49:15.319Z,719.53,,$714.16,"BONUS SIZE Vitamin E Cream 42,000 I.U. - 50% MORE FREE 6 oz. by Colonial Dames",https://www.amazon.com.mx/dp/B01M5JP7TK,https://www.amazon.com/dp/B01M5JP7TK,SRKSB LLC,
,B0CMXJ2Q2X,5,Salud y Cuidado Personal,disponible,no disponible,,,2025-10-29T22:27:27.100Z,2025-10-30T05:50:34.296Z,2025-10-30T17:49:23.097Z,516.02,,$492.09,"STFOCE - Parche adhesivo para embeber con aceite de ricino, de algodón orgánico autoadhesivo y antiderrames, no requiere lavado, portátil (no se incluye el aceite), 1 paquete de 20 unidades",https://www.amazon.com.mx/dp/B0CMXJ2Q2X,https://www.amazon.com/dp/B0CMXJ2Q2X,MARVEL INC.,
,B0C4NHPZC4,5,Salud y Cuidado Personal,disponible,no disponible,,,2025-10-29T22:27:27.101Z,2025-10-30T05:50:41.286Z,2025-10-30T17:49:31.430Z,1307.05,,"$1,255.98","BLUELAND - Jabón de manos Duo, 2 dispensadores de jabón de manos recargables con 8 tabletas de recarga, aromas variados, 8 x 9 onzas líquidas",https://www.amazon.com.mx/dp/B0C4NHPZC4,https://www.amazon.com/dp/B0C4NHPZC4,OLALOOK LLC,
,B0D6J2RS3B,5,Salud y Cuidado Personal,disponible,no disponible,,,2025-10-29T22:27:27.101Z,2025-10-30T05:50:49.068Z,2025-10-30T17:49:39.061Z,1622.41,,"$1,570.61","Hotel Collection | Sweet Taboo Pro-Pod Oil Blend | Aceite difusor de aroma de aromaterapia inspirado en el hotel de lujo | Maderas blancas, granada y peonía, 1.8 fl oz 50 ml",https://www.amazon.com.mx/dp/B0D6J2RS3B,https://www.amazon.com/dp/B0D6J2RS3B,Rendosa,
,B0D2587QXX,5,Salud y Cuidado Personal,disponible,no disponible,,,2025-10-29T22:27:37.499Z,2025-10-30T05:51:01.978Z,2025-10-30T17:49:52.261Z,954.8,,$946.11,"PRIMALS - Cepillo de dientes de cerdas de jabalí y bambú (paquete de 4) - Cerdas de jabalí 100% auténticas, sin plástico y nailon",https://www.amazon.com.mx/dp/B0D2587QXX,https://www.amazon.com/dp/B0D2587QXX,SHOPENZA,
,B0DDVSDK2S,5,Salud y Cuidado Personal,disponible,no disponible,,,2025-10-29T22:27:37.499Z,2025-10-30T05:51:11.950Z,2025-10-30T17:49:59.834Z,690.75,,$675.38,Mantequilla Corporal con Olor Seductor y Delicado Efecto Brillo para Piel Seca Mantequilla Corporal con Olor Seductor y Delicado Efecto Brillante para Piel Seca 240ml,https://www.amazon.com.mx/dp/B0DDVSDK2S,https://www.amazon.com/dp/B0DDVSDK2S,GUTTIDIRECT,
,B08Z6HBVJP,5,Salud y Cuidado Personal,disponible,no disponible,,,2025-10-29T22:27:37.499Z,2025-10-30T05:51:20.485Z,2025-10-30T17:50:08.020Z,1058.82,,"$1,046.83","Reflux Gourmet - Singe Serve Rescue Pack (25) - Rescate de caramelo de vainilla y rescate de chocolate menta: terapia de alginato totalmente natural, proporciona alivio de reflujo, suplemento natural para ERD, LPR, alivio de ardor estomacal",https://www.amazon.com.mx/dp/B08Z6HBVJP,https://www.amazon.com/dp/B08Z6HBVJP,MARVEL INC.,
,B0CT922QYK,5,Salud y Cuidado Personal,disponible,no disponible,,,2025-10-29T22:27:37.499Z,2025-10-30T05:51:28.384Z,2025-10-30T17:50:15.228Z,913.33,,$911.32,"JOYLI Nutrition VMINZP- CoQ10 400mg Cápsulas Blandas Alta Absorción Co Q10, 400mg Cápsulas Blandas para Salud Cardíaca y Producción de Energía",https://www.amazon.com.mx/dp/B0CT922QYK,https://www.amazon.com/dp/B0CT922QYK,SHOPENZA,
,B00E4MMQ4I,5,Salud y Cuidado Personal,disponible,no disponible,,,2025-10-29T22:27:37.499Z,2025-10-30T05:51:36.153Z,2025-10-30T17:50:23.350Z,760.59,,$752.01,"Anbesol Líquido De Alivio Instantáneo Del Dolor De Máxima Fuerza, 0.41 Oz (Paquete De 3)",https://www.amazon.com.mx/dp/B00E4MMQ4I,https://www.amazon.com/dp/B00E4MMQ4I,DUKKI LLC,
,B0DDXW51MV,5,Salud y Cuidado Personal,disponible,no disponible,,,2025-10-29T22:27:37.499Z,2025-10-30T05:51:44.028Z,2025-10-30T17:50:31.288Z,503.23,,$504.03,"plomala Tabletas de pasta de dientes 150P - Nano hidroxiapatita, tabletas de pasta de dientes masticables para dientes sensibles, sin flúor ni plástico, aptas para viajes - 3.2 0Z",https://www.amazon.com.mx/dp/B0DDXW51MV,https://www.amazon.com/dp/B0DDXW51MV,SRKSB LLC,
,B0F23KH8MN,5,Salud y Cuidado Personal,disponible,disponible,,,2025-10-29T22:27:37.499Z,2025-10-30T05:51:51.423Z,2025-10-30T17:50:38.129Z,1034.7,28.49,$984.25,"VOTZAAQ - Taburete de ducha de acero inoxidable, taburete de ducha para interior de ducha, banco de ducha en esquina para afeitar, reposapiés de ducha para baño pequeño, asiento de ducha negro mate",https://www.amazon.com.mx/dp/B0F23KH8MN,https://www.amazon.com/dp/B0F23KH8MN,M&H Customer Friendly Store,WAJA HOME
,B0DK1LC29F,5,Salud y Cuidado Personal,disponible,no disponible,,,2025-10-29T22:27:37.499Z,2025-10-30T05:51:59.096Z,2025-10-30T17:50:46.370Z,577.19,,$568.36,"KeLeek Pasta de dientes multipéptidos con veneno de avispa y abeja para dientes sensibles, problemas de gingivitis y encías sangrantes. Aliento fresco durante 12 horas. 3,7 oz (paquete de 1).",https://www.amazon.com.mx/dp/B0DK1LC29F,https://www.amazon.com/dp/B0DK1LC29F,Ovolos,
,B01LZRMFKP,5,Salud y Cuidado Personal,disponible,no disponible,,,2025-10-29T22:27:37.499Z,2025-10-30T05:52:07.511Z,2025-10-30T17:50:54.708Z,839.89,,$831.51,Anima Mundi Apothecary - Organic/Wildcrafted Herbal Smoke/Healthy Lungs,https://www.amazon.com.mx/dp/B01LZRMFKP,https://www.amazon.com/dp/B01LZRMFKP,GUTTIDIRECT,
,B0CPM9XBYJ,5,Salud y Cuidado Personal,disponible,no disponible,,,2025-10-29T22:27:37.500Z,2025-10-30T05:52:14.529Z,2025-10-30T17:51:03.054Z,540.72,,$549.11,SUNNY SAM- “Gomitas de Magnesio para Niños y Adultos 100mg Calm Magnesium Chews Sup Masticable con Citrato de Magnesio,https://www.amazon.com.mx/dp/B0CPM9XBYJ,https://www.amazon.com/dp/B0CPM9XBYJ,Rendomin,
,B0C6DZWY7R,5,Salud y Cuidado Personal,disponible,no disponible,,,2025-10-29T22:27:37.500Z,2025-10-30T05:52:22.490Z,2025-10-30T17:51:11.281Z,764.49,,$734.07,Nasola Kojic Acid Body Wash + Turmeric Vitamin C,https://www.amazon.com.mx/dp/B0C6DZWY7R,https://www.amazon.com/dp/B0C6DZWY7R,GUTTIDIRECT,
,B01HT9VOKO,5,Salud y Cuidado Personal,disponible,no disponible,,,2025-10-29T22:27:37.500Z,2025-10-30T05:52:29.551Z,2025-10-30T17:51:18.119Z,585.33,,$581.00,"Kärcher Glasreiniger-Konzentrat RM 503 (Volumen: 0,5 l, streifenfreie Reinigung von Glas, Fenster, Spiegel und Duschkabinen)",https://www.amazon.com.mx/dp/B01HT9VOKO,https://www.amazon.com/dp/B01HT9VOKO,SHOPENZA,
,B0DZNPX631,5,Salud y Cuidado Personal,disponible,no disponible,,,2025-10-29T22:27:37.500Z,2025-10-30T05:52:37.875Z,2025-10-30T17:51:26.578Z,697.44,,$696.50,"QCROAD SQUISHY Taba - Kit de manualidades blando – 50 piezas y 70 piezas súper completas, juego de pegamento de silicona blando, con moldes, herramientas y extras para diversión creativa y artesanal",https://www.amazon.com.mx/dp/B0DZNPX631,https://www.amazon.com/dp/B0DZNPX631,M&H Customer Friendly Store,
,B0D5VF5QRB,5,Salud y Cuidado Personal,disponible,no disponible,,,2025-10-29T22:27:37.500Z,2025-10-30T05:52:44.871Z,2025-10-30T17:51:34.527Z,1318.37,,"$1,308.68",ProMix Nutrition- Promix Electrolito Limón Lima Simple Porción en Barra Paquetes 30ct,https://www.amazon.com.mx/dp/B0D5VF5QRB,https://www.amazon.com/dp/B0D5VF5QRB,DUKKI LLC,
,B0CBMM49XR,5,Salud y Cuidado Personal,disponible,no disponible,,,2025-10-29T22:27:37.500Z,2025-10-30T05:52:52.813Z,2025-10-30T17:51:41.449Z,882.62,,$865.31,"Kit de tijeras Nurse is Love, 3 piezas, tijeras de mayo y vendaje de acero inoxidable de estilo moderno para primeros auxilios, veterinario, estudiantes multiherramienta con identificador de encanto,",https://www.amazon.com.mx/dp/B0CBMM49XR,https://www.amazon.com/dp/B0CBMM49XR,M&H Customer Friendly Store,
,B01C7X6G3C,5,Salud y Cuidado Personal,disponible,no disponible,,,2025-10-29T22:27:37.500Z,2025-10-30T05:53:00.909Z,2025-10-30T17:51:48.165Z,645.27,,$649.48,"DHARMA RESEARCH Polvo de pómez dental, bolsa de 1 libra – Abrasivo multiusos para limpieza, pulido, productos de belleza, trabajo de laboratorio dental y caída de rocas",https://www.amazon.com.mx/dp/B01C7X6G3C,https://www.amazon.com/dp/B01C7X6G3C,Abundant Peace,
,B0FCYL76CS,5,Salud y Cuidado Personal,disponible,disponible,,,2025-10-29T22:27:52.618Z,2025-10-30T05:53:09.958Z,2025-10-30T17:51:55.831Z,1581.4,45.95,"$1,467.92",ZENO Lámpara solar Bug Zapper,https://www.amazon.com.mx/dp/B0FCYL76CS,https://www.amazon.com/dp/B0FCYL76CS,MARVEL INC.,ZENO US
,B09ND67KHY,5,Salud y Cuidado Personal,disponible,no disponible,,,2025-10-29T22:27:52.618Z,2025-10-30T05:53:17.750Z,2025-10-30T17:52:03.546Z,542.35,,$506.73,"Elitribe- Gel potenciador del entrenamiento Hot Cream Sweat: loción corporal reafirmante, quemagrasas y anticelulítica para todo tipo de piel",https://www.amazon.com.mx/dp/B09ND67KHY,https://www.amazon.com/dp/B09ND67KHY,MARVEL INC.,
,B0C9MRFWN4,5,Salud y Cuidado Personal,disponible,no disponible,,,2025-10-29T22:27:52.618Z,2025-10-30T05:53:26.627Z,2025-10-30T17:52:10.598Z,616.27,,$608.82,KUKKA essential oils Kukka Aceite Esencial De Lima Para La Piel - Aceite Esencial De Aceite De Lima 100% Natural - Aceite De Aromaterapia De Lima Para Difusor Cabello Velas Y Aroma Para Hace,https://www.amazon.com.mx/dp/B0C9MRFWN4,https://www.amazon.com/dp/B0C9MRFWN4,GUTTIDIRECT,
,B0D2BK2L6L,5,Salud y Cuidado Personal,disponible,no disponible,,,2025-10-29T22:27:52.618Z,2025-10-30T05:53:34.408Z,2025-10-30T17:52:18.459Z,754.95,,$746.38,"PurelyWHITE DELUXE Polvo Blanqueador Simply Purple: Oculta Manchas, No Produce Sensibilidad; Polvo Blanqueador Apto Para Esmalte Dental Para Manchas De Café, Té, Comida, Vino Y Tabaco. 1 Onza(Paquete",https://www.amazon.com.mx/dp/B0D2BK2L6L,https://www.amazon.com/dp/B0D2BK2L6L,DUKKI LLC,
,B00UR66B1Y,5,Salud y Cuidado Personal,disponible,no disponible,,,2025-10-29T22:27:52.618Z,2025-10-30T05:53:47.351Z,2025-10-30T17:52:30.207Z,781,,$763.64,"1Above Anti Jet Lag Flight Drink, 25-Hour Pack (10 effervescent tablets) by 1Above",https://www.amazon.com.mx/dp/B00UR66B1Y,https://www.amazon.com/dp/B00UR66B1Y,SHOPENZA,
,B0CBSR7HZT,5,Salud y Cuidado Personal,disponible,no disponible,,,2025-10-29T22:27:52.618Z,2025-10-30T05:53:55.764Z,2025-10-30T17:52:37.197Z,1092.03,,"$1,085.29","UltraSpa Skincare BioLabs PRO Natural Bioidentical 2.5 Estro Cream, Combo For Women Two-Month Supply (Lavender-3oz)",https://www.amazon.com.mx/dp/B0CBSR7HZT,https://www.amazon.com/dp/B0CBSR7HZT,SHOPENZA,
,B09ZLBRQQ7,5,Salud y Cuidado Personal,disponible,no disponible,,,2025-10-29T22:27:52.618Z,2025-10-30T05:54:03.110Z,2025-10-30T17:52:44.529Z,591.4,,$574.98,"Dude's Love Orgánico - Aceite De Masaje Sensual Floral Comestible Para Pareja - Lamible | Aroma De Serenidad Para Momentos Sexuales Íntimos - Sin Manchas Y No Pegajoso | Con Aceite De Coco,",https://www.amazon.com.mx/dp/B09ZLBRQQ7,https://www.amazon.com/dp/B09ZLBRQQ7,GUTTIDIRECT,
,B0CRT3C3TC,5,Salud y Cuidado Personal,disponible,no disponible,,,2025-10-29T22:27:52.619Z,2025-10-30T05:54:11.376Z,2025-10-30T17:52:52.532Z,648.03,,$633.42,Healov- Gel de baño de caqui para controlar el olor corporal: jabón desodorante purificador para eliminar los olores corporales nocivos.,https://www.amazon.com.mx/dp/B0CRT3C3TC,https://www.amazon.com/dp/B0CRT3C3TC,M&H Customer Friendly Store,
,B0DMWQ8HLL,5,Salud y Cuidado Personal,disponible,no disponible,,,2025-10-29T22:27:52.619Z,2025-10-30T05:54:20.747Z,2025-10-30T17:53:00.557Z,631.78,,$622.56,"fygg Pasta de dientes con nanohidroxiapatita y prebióticos Fygg (crema de coco, 4 oz) - Pasta de dientes sin flúor ni SLS con hidroxiapatita - Pasta de dientes con nHA para dientes sensibles - Pasta",https://www.amazon.com.mx/dp/B0DMWQ8HLL,https://www.amazon.com/dp/B0DMWQ8HLL,M&H Customer Friendly Store,
,B0CTCPQ6N9,5,Salud y Cuidado Personal,disponible,no disponible,,,2025-10-29T22:27:52.619Z,2025-10-30T05:54:29.189Z,2025-10-30T17:53:09.282Z,509.68,,$505.40,"ANMEATE-Termómetro de Frente sin Contacto para Adultos, termómetro Digital infrarrojo para niños, termómetro para bebés sin Contacto, Lectura precisa con Pantalla Grande, silencioso",https://www.amazon.com.mx/dp/B0CTCPQ6N9,https://www.amazon.com/dp/B0CTCPQ6N9,DUKKI LLC,
,B0DLB7WW5P,5,Salud y Cuidado Personal,disponible,disponible,,,2025-10-29T22:27:52.619Z,2025-10-30T05:54:37.300Z,2025-10-30T17:53:16.585Z,952.27,23.19,$995.85,"UNIMADE - Paquete de 100 toallas faciales (12 x 12 pulgadas), paños de lavado y toallas de mano altamente suaves, paños de limpieza de microfibra multiusos de secado rápido para baño, hotel, spa y",https://www.amazon.com.mx/dp/B0DLB7WW5P,https://www.amazon.com/dp/B0DLB7WW5P,Abundant Peace,Unimade Global
,B0BWRHRTWS,5,Salud y Cuidado Personal,disponible,no disponible,,,2025-10-29T22:27:52.619Z,2025-10-30T05:54:45.969Z,2025-10-30T17:53:24.670Z,505.57,,$503.76,"TENICORE Almohadillas Para Juanetes, Alivio De Juanetes, Almohadillas Para Ampollas Para Mujeres Y Hombres, Vendajes Hidrocoloides, Almohadillas Protectoras Para Callos En Los Dedos De Los Pies Y Los",https://www.amazon.com.mx/dp/B0BWRHRTWS,https://www.amazon.com/dp/B0BWRHRTWS,SRKSB LLC,
,B0BDJG7HTH,5,Salud y Cuidado Personal,disponible,no disponible,,,2025-10-29T22:27:52.619Z,2025-10-30T05:54:54.690Z,2025-10-30T17:53:31.709Z,949.68,,$934.96,"BLITZU - Cinturón de hernia umbilical para hombres y mujeres, carpeta abdominal ajustable con 2 almohadillas de compresión para naval, ventral, incisional, epigástrica, hernias de ombligo,",https://www.amazon.com.mx/dp/B0BDJG7HTH,https://www.amazon.com/dp/B0BDJG7HTH,DUKKI LLC,
,B097TTQWXF,5,Salud y Cuidado Personal,disponible,no disponible,,,2025-10-29T22:27:52.619Z,2025-10-30T05:55:02.495Z,2025-10-30T17:53:39.244Z,879.74,,$865.90,Zeebo Tabletas – Pure Honest Placebo Tabletas diseñadas para ayudarte a acceder al potencial de tu mente,https://www.amazon.com.mx/dp/B097TTQWXF,https://www.amazon.com/dp/B097TTQWXF,SOCIALBOOSTI LLC,
,B095J6TRBQ,5,Salud y Cuidado Personal,disponible,no disponible,,,2025-10-29T22:27:52.619Z,2025-10-30T05:55:10.147Z,2025-10-30T17:53:45.778Z,1063.29,,"$1,056.85","THE CLEAN PEOPLE Hojas De Detergente Para Ropa - Jabón Para Ropa - Ultraconcentrado, Envase Reciclable, Antimanchas, Aroma Fresco, Paquete De 96 96 Recuento",https://www.amazon.com.mx/dp/B095J6TRBQ,https://www.amazon.com/dp/B095J6TRBQ,Premium Global,
,B01M10VVF1,5,Salud y Cuidado Personal,disponible,no disponible,,,2025-10-29T22:27:52.620Z,2025-10-30T05:55:19.011Z,2025-10-30T17:53:53.743Z,1825.06,,"$1,780.26","Orogold White Gold 24K Purifying Facial Toner from Cosmetics, 100 mL./3.38 fl. oz.",https://www.amazon.com.mx/dp/B01M10VVF1,https://www.amazon.com/dp/B01M10VVF1,BROWN LEAVES LLC,
,B09YJ61D31,5,Salud y Cuidado Personal,disponible,no disponible,,,2025-10-29T22:28:03.387Z,2025-10-30T05:55:27.323Z,2025-10-30T17:54:01.533Z,1287.75,,"$1,224.46",Zocular ZocuFoam limpiador e hidratante de párpados.,https://www.amazon.com.mx/dp/B09YJ61D31,https://www.amazon.com/dp/B09YJ61D31,GUTTIDIRECT,
,B0DG8PH9NF,5,Salud y Cuidado Personal,disponible,disponible,,,2025-10-29T22:28:03.387Z,2025-10-30T05:55:35.699Z,2025-10-30T17:54:09.451Z,772.62,19.94,$749.17,"foco infrarroja de calor, bombillas de calor de terapia de luz roja, foco infrarroja para el cuerpo, adecuada para enchufe E26/E27",https://www.amazon.com.mx/dp/B0DG8PH9NF,https://www.amazon.com/dp/B0DG8PH9NF,M&H Customer Friendly Store,Oyase
,B0B2X4JQCB,5,Salud y Cuidado Personal,disponible,no disponible,,,2025-10-29T22:28:03.387Z,2025-10-30T05:55:44.193Z,2025-10-30T17:54:18.018Z,2154.92,,"$2,128.42",Qualia Senolytic,https://www.amazon.com.mx/dp/B0B2X4JQCB,https://www.amazon.com/dp/B0B2X4JQCB,BROWN LEAVES LLC,
,B0CCW83J5G,5,Salud y Cuidado Personal,disponible,no disponible,,,2025-10-29T22:28:03.387Z,2025-10-30T05:55:52.205Z,2025-10-30T17:54:26.213Z,1138.53,,"$1,085.29","UltraSpa Skincare- Crema BioLabs PRO Natural Bioidentical Estro 2.5, combinación para mujeres, suministro para dos meses (sin fragancia, 3 oz)",https://www.amazon.com.mx/dp/B0CCW83J5G,https://www.amazon.com/dp/B0CCW83J5G,GUTTIDIRECT,
,B07HWVJZLK,5,Salud y Cuidado Personal,disponible,no disponible,,,2025-10-29T22:28:03.387Z,2025-10-30T05:56:00.545Z,2025-10-30T17:54:33.250Z,663.84,,$655.37,Spray limpiador de seda de crisal y flores secas (14.5 oz) - Suministros florales para plantas artificiales - Suministros de arreglos florales - Suministros de floristería ideales - Accesorios de,https://www.amazon.com.mx/dp/B07HWVJZLK,https://www.amazon.com/dp/B07HWVJZLK,GUTTIDIRECT,
,B0D894BK7K,5,Salud y Cuidado Personal,disponible,no disponible,,,2025-10-29T22:28:03.387Z,2025-10-30T05:56:08.672Z,2025-10-30T17:54:41.425Z,1008.99,,"$1,001.69","Plantful Bombas De Baño Naturales, Orgánicas Y Hechas A Mano, 12 Juegos De Regalo, Aromaterapia, Humectación, Aceites Esenciales, Baño De Burbujas Para Niños, Regalos Perfectos Para Hombres Y Mujeres,",https://www.amazon.com.mx/dp/B0D894BK7K,https://www.amazon.com/dp/B0D894BK7K,Musmus MX Oficial,
,B0CV5YD89L,5,Salud y Cuidado Personal,disponible,no disponible,,,2025-10-29T22:28:03.388Z,2025-10-30T05:56:16.024Z,2025-10-30T17:54:48.681Z,755.49,,$746.37,Brookethorne Naturals Aceite De Masaje De Drenaje Linfático | Aceite De Masaje 100% Natural Para Terapia De Masaje | Calidad Premium Con Eucalipto Y Mentol De Árnica | Para Recuperación Y De,https://www.amazon.com.mx/dp/B0CV5YD89L,https://www.amazon.com/dp/B0CV5YD89L,SHOPENZA,
,B09JWKKR25,5,Salud y Cuidado Personal,disponible,no disponible,,,2025-10-29T22:28:03.388Z,2025-10-30T05:56:23.600Z,2025-10-30T17:54:56.679Z,878.83,,$873.26,NutriONN Aceite De Semilla Negra Orgánico - Aceite De Semilla De Comino Negro Líquido Orgánico Certificado Por La Usda - Alto Contenido De Timoquinona - Sin Ogm Y Prensado En Frío - Rica Fuente De Áci,https://www.amazon.com.mx/dp/B09JWKKR25,https://www.amazon.com/dp/B09JWKKR25,SHOPENZA,
,B0CKP4T9T2,5,Salud y Cuidado Personal,disponible,no disponible,,,2025-10-29T22:28:03.388Z,2025-10-30T05:56:37.236Z,2025-10-30T17:55:09.877Z,748.21,,$741.45,Timgle- 100 toallitas desodorantes de viaje envueltas individualmente Desodorante antitranspirante para axilas Toallitas para el sudor y el cuerpo,https://www.amazon.com.mx/dp/B0CKP4T9T2,https://www.amazon.com/dp/B0CKP4T9T2,M&H Customer Friendly Store,
,B07X9MLZ4J,5,Salud y Cuidado Personal,disponible,no disponible,,,2025-10-29T22:28:03.388Z,2025-10-30T05:56:44.887Z,2025-10-30T17:55:17.309Z,823.19,,$817.51,"Reliance Medical - Tubo de repuesto para estetoscopio Littmann® Classic III®, Azul marino",https://www.amazon.com.mx/dp/B07X9MLZ4J,https://www.amazon.com/dp/B07X9MLZ4J,FuCai Official,
,B00X3N4BDS,5,Salud y Cuidado Personal,disponible,no disponible,,,2025-10-29T22:28:03.388Z,2025-10-30T05:56:52.594Z,2025-10-30T17:55:25.018Z,464,,$444.84,Jolen Regular 30 ml Facial Bleach by Jolen,https://www.amazon.com.mx/dp/B00X3N4BDS,https://www.amazon.com/dp/B00X3N4BDS,DOFER,
,B0DS62X1QK,5,Salud y Cuidado Personal,disponible,no disponible,,,2025-10-29T22:28:03.388Z,2025-10-30T05:57:00.854Z,2025-10-30T17:55:32.603Z,1036.68,,"$1,117.78",Tonsil Stone Remover Kit,https://www.amazon.com.mx/dp/B0DS62X1QK,https://www.amazon.com/dp/B0DS62X1QK,Rendomin,
,B0F1YHZRZW,5,Salud y Cuidado Personal,disponible,no disponible,,,2025-10-29T22:28:03.388Z,2025-10-30T05:57:09.635Z,2025-10-30T17:55:41.162Z,659,,$457.51,"Freshmile Tabletas de Pasta Dental Blanqueadora sin Flúor con Nanohidroxiapatita,Púrpura,Para Dientes Sensibles,60 Unidades,Portátiles y Veganas",https://www.amazon.com.mx/dp/B0F1YHZRZW,https://www.amazon.com/dp/B0F1YHZRZW,Marca: Freshmile,
,B0DLW7D8TJ,5,Salud y Cuidado Personal,disponible,disponible,,,2025-10-29T22:28:03.388Z,2025-10-30T05:57:16.751Z,2025-10-30T17:55:48.426Z,770.46,20.19,$742.04,"Codera para hombres y mujeres, codo para tendinitis, codo de tenis y codo de golfista, correa de codo ajustable (negro, M/L)",https://www.amazon.com.mx/dp/B0DLW7D8TJ,https://www.amazon.com/dp/B0DLW7D8TJ,GUTTIDIRECT,BraceMundo
,B0DS2WNHM6,5,Salud y Cuidado Personal,disponible,no disponible,,,2025-10-29T22:28:03.388Z,2025-10-30T05:57:25.312Z,2025-10-30T17:55:56.440Z,1734.96,,"$1,724.77","Air-Scent Aceite Difusor Santal N.º 1033 - Airscent Santal-33-Inspired Fragrance Oil Blend - Botella De Vidrio De 500 Ml, 16,9 Onzas Líquidas Para Difusores Y Humidificadores De Aromaterapia - Dupes D",https://www.amazon.com.mx/dp/B0DS2WNHM6,https://www.amazon.com/dp/B0DS2WNHM6,JERNHOVED,
,B0D482VYQY,5,Salud y Cuidado Personal,disponible,no disponible,,,2025-10-29T22:28:03.389Z,2025-10-30T05:57:34.181Z,2025-10-30T17:56:03.218Z,1068.06,,"$1,056.02",CleanBoss- Eat Cleaner TripleAction Fruit + Veggie Wash Refill 64 oz Elimina residuos dañinos Mantiene los productos,https://www.amazon.com.mx/dp/B0D482VYQY,https://www.amazon.com/dp/B0D482VYQY,IY Network,
,B0BWLHGCPK,5,Salud y Cuidado Personal,disponible,no disponible,,,2025-10-29T22:28:15.759Z,2025-10-30T05:57:43.205Z,2025-10-30T17:56:10.512Z,665.01,,$650.13,"Ameo Life Aerosol Nasal De Plata Coloidal Con Infusión De Aloe, 24 Ppm: Aerosol Nasal Con Ingredientes Naturales Para Aliviar La Congestión Nasal, La Congestión Sinusal, La Mucosidad Y La Irritación;",https://www.amazon.com.mx/dp/B0BWLHGCPK,https://www.amazon.com/dp/B0BWLHGCPK,GUTTIDIRECT,
,B0B5R3VQJ3,5,Salud y Cuidado Personal,disponible,no disponible,,,2025-10-29T22:28:15.759Z,2025-10-30T05:57:51.923Z,2025-10-30T17:56:17.566Z,1275.99,,"$1,200.37","heat it - Sanador electrónico de picaduras de insectos para el tratamiento inteligente de picaduras de insectos con calor | Trata la picazón y el dolor de abejas, avispas, picaduras de moscas de caballo y picaduras de mosquitos (Apple iPhones)",https://www.amazon.com.mx/dp/B0B5R3VQJ3,https://www.amazon.com/dp/B0B5R3VQJ3,Boon Shopping,
,B007117M1Q,5,Salud y Cuidado Personal,disponible,no disponible,,,2025-10-29T22:28:15.759Z,2025-10-30T05:58:01.465Z,2025-10-30T17:56:25.719Z,1200.45,,"$1,165.13","Cramp 911 Muscle Relaxing Roll-on Lotion, Net Wt. 0.71 oz.(21ml), Box by Cramp 911",https://www.amazon.com.mx/dp/B007117M1Q,https://www.amazon.com/dp/B007117M1Q,DUKKI LLC,
,B0991WVTM7,5,Salud y Cuidado Personal,disponible,no disponible,,,2025-10-29T22:28:15.759Z,2025-10-30T05:58:10.549Z,2025-10-30T17:56:34.030Z,582.45,,$574.54,"pH-D Feminine Health Support pH-D - Enjuague instantáneo con ácido bórico, vegano, sin parabenos, libre de crueldad (6 onzas líquidas (paquete de 2))",https://www.amazon.com.mx/dp/B0991WVTM7,https://www.amazon.com/dp/B0991WVTM7,DUKKI LLC,
,B006F3YX3Q,5,Salud y Cuidado Personal,disponible,no disponible,,,2025-10-29T22:28:15.759Z,2025-10-30T05:58:18.658Z,2025-10-30T17:56:41.915Z,534.16,,$527.10,"Cleure pasta dental natural, sin menta, sin SLS, sin flúor, con xilitol, bicarbonato de sodio, sin gluten, (6,2 oz), 6.2 Ounce",https://www.amazon.com.mx/dp/B006F3YX3Q,https://www.amazon.com/dp/B006F3YX3Q,DUKKI LLC,
,B0D3Y3MQRS,5,Salud y Cuidado Personal,disponible,no disponible,,,2025-10-29T22:28:15.759Z,2025-10-30T05:58:26.893Z,2025-10-30T17:56:48.866Z,1652.14,,"$1,649.24","Hotel Collection - Juego de aceites difusores de 50 ml, aceites de fragancia de aromaterapia, inspirados en hoteles de 5 estrellas, aromas de hotel de lujo, paquete de 3 botellas de 50 ml",https://www.amazon.com.mx/dp/B0D3Y3MQRS,https://www.amazon.com/dp/B0D3Y3MQRS,MYSILKROAD LLC,
,B004DP9X06,5,Salud y Cuidado Personal,disponible,no disponible,,,2025-10-29T22:28:15.759Z,2025-10-30T05:58:35.626Z,2025-10-30T17:56:57.384Z,903.15,,$866.74,Eyewash Pods 20ml- by Firstaid.co.uk,https://www.amazon.com.mx/dp/B004DP9X06,https://www.amazon.com/dp/B004DP9X06,Sky Ecommerce Store,
,B0D83MYW7N,5,Salud y Cuidado Personal,disponible,disponible,,,2025-10-29T22:28:15.760Z,2025-10-30T05:58:44.044Z,2025-10-30T17:57:04.740Z,542.35,9.99,$503.76,"MINGFIX Kit De Reparación De Gafas De Sol Para Gafas, Kit De Herramientas De Reparación De Gafas Magnéticas Con Tornillos Surtidos, Almohadillas Para La Nariz, Juego De Puntas De Destornilla",https://www.amazon.com.mx/dp/B0D83MYW7N,https://www.amazon.com/dp/B0D83MYW7N,MARVEL INC.,Minga Direct
,B001E0S6W4,5,Salud y Cuidado Personal,disponible,no disponible,,,2025-10-29T22:28:15.760Z,2025-10-30T05:58:52.951Z,2025-10-30T17:57:12.050Z,994.29,,$977.34,Alvera Deod Aloe Herb (pack of 6),https://www.amazon.com.mx/dp/B001E0S6W4,https://www.amazon.com/dp/B001E0S6W4,DUKKI LLC,
,B0DDTGMMQW,5,Salud y Cuidado Personal,disponible,disponible,,,2025-10-29T22:28:15.760Z,2025-10-30T05:59:00.808Z,2025-10-30T17:57:19.846Z,774.41,19.99,$750.29,"lvonge Apósito De Espuma De Silicona Con Borde Suave, Paquete De 20, 4 X 4"", Apósitos Para Heridas, Muy Absorbentes, Grandes, Impermeables, Para El Cuidado De Heridas, Úlceras En Las Piernas, Úlceras",https://www.amazon.com.mx/dp/B0DDTGMMQW,https://www.amazon.com/dp/B0DDTGMMQW,M&H Customer Friendly Store,Lvonge Store
,B0DRJF2VX3,5,Salud y Cuidado Personal,disponible,no disponible,,,2025-10-29T22:28:15.760Z,2025-10-30T05:59:09.660Z,2025-10-30T17:57:28.754Z,510.17,,$503.76,"BUAEL- 【El paquete incluye】Recibirás 50 toallitas desodorantes envasadas individualmente en una caja, lo que te proporcionará un suministro suficiente para un uso a largo plazo. Cada toallita está env",https://www.amazon.com.mx/dp/B0DRJF2VX3,https://www.amazon.com/dp/B0DRJF2VX3,M&H Customer Friendly Store,
,B0D25W8SQB,5,Salud y Cuidado Personal,disponible,no disponible,,,2025-10-29T22:28:15.760Z,2025-10-30T05:59:17.060Z,2025-10-30T17:57:36.705Z,688.4,,$680.85,"Suplementos de glucosamina y condroitina de Putaojun con MSM Gomitas de glucosamina y condroitina de saúco para adultos, mujeres y hombres Gomitas de glucosamina y condroitina Suplemento para articul",https://www.amazon.com.mx/dp/B0D25W8SQB,https://www.amazon.com/dp/B0D25W8SQB,ArtBlue,
,B0CP6YM78R,5,Salud y Cuidado Personal,disponible,no disponible,,,2025-10-29T22:28:15.760Z,2025-10-30T05:59:29.274Z,2025-10-30T17:57:48.662Z,585.83,,$595.95,"TTLALA- Tratamiento para eliminar el acné en los glúteos, crema humectante con 2% de ácido salicílico, aceite de árbol de té y hamamelis.",https://www.amazon.com.mx/dp/B0CP6YM78R,https://www.amazon.com/dp/B0CP6YM78R,M&H Customer Friendly Store,
,B0CJ8C2KWF,5,Salud y Cuidado Personal,disponible,no disponible,,,2025-10-29T22:28:15.760Z,2025-10-30T05:59:37.054Z,2025-10-30T17:57:56.039Z,1300.92,,"$1,196.47","EXTREME NUTRITION LABS- ""Hard Fox #1 Ultimate Performance 3"" Píldoras de agrandamiento para hombres de tamaño adicional en 60 días",https://www.amazon.com.mx/dp/B0CJ8C2KWF,https://www.amazon.com/dp/B0CJ8C2KWF,MARVEL INC.,
,B08NWFTFS5,5,Salud y Cuidado Personal,disponible,no disponible,,,2025-10-29T22:28:15.760Z,2025-10-30T05:59:46.282Z,2025-10-30T17:58:04.296Z,737.33,,$737.35,"Hierro natural con vitamina C – 20 mg – Suplemento de goma de gran sabor – Sin gluten vegetariano sin OMG masticable – para anemia y déficit de hierro – para adultos, hombres, mujeres – 90 gomitas",https://www.amazon.com.mx/dp/B08NWFTFS5,https://www.amazon.com/dp/B08NWFTFS5,SHOPENZA,
,B0DM6QWLSH,5,Salud y Cuidado Personal,disponible,no disponible,,,2025-10-29T22:28:15.761Z,2025-10-30T05:59:53.871Z,2025-10-30T17:58:11.445Z,616.02,,$598.94,"Made by Dentists Pasta De Dientes Profesional Para Reconstrucción Del Esmalte, Paquete De 2, Pasta De Dientes Remineralizante Con Nanohidroxiapatita Y Fluoruro De Sodio, Aprobada Por La Ada, Vegana, 2",https://www.amazon.com.mx/dp/B0DM6QWLSH,https://www.amazon.com/dp/B0DM6QWLSH,GUTTIDIRECT,
,B0C78GRRQ4,5,Salud y Cuidado Personal,disponible,no disponible,,,2025-10-29T22:28:24.685Z,2025-10-30T06:00:01.658Z,2025-10-30T17:58:18.349Z,666.01,,$645.44,Sobeautis- Jabón de Alepo natural con 40% de aceite de laurel y 60% de aceite de oliva: limpiador terapéutico de hidratación profunda para una piel radiante.,https://www.amazon.com.mx/dp/B0C78GRRQ4,https://www.amazon.com/dp/B0C78GRRQ4,GUTTIDIRECT,
,B07XKPTB7J,5,Salud y Cuidado Personal,disponible,no disponible,,,2025-10-29T22:28:24.686Z,2025-10-30T06:00:08.677Z,2025-10-30T17:58:24.902Z,690.63,,$689.52,"Cartel Bio - Tubos de cigarrillos sin blanquear con filtro, 1 caja con 200 tubos",https://www.amazon.com.mx/dp/B07XKPTB7J,https://www.amazon.com/dp/B07XKPTB7J,GUTTIDIRECT,
,1952970776,5,Software,disponible,disponible,,,2025-10-29T22:28:30.347Z,2025-10-30T06:00:16.341Z,2025-10-30T17:58:32.820Z,654.43,15.75,$636.92,"Learning Without Tears - My Printing Book Student Workbook, edición actual - Serie de escritura a mano sin lágrimas - Libro de escritura de primer grado - Letras, lecciones de artes de idiomas - para uso escolar o doméstico",https://www.amazon.com.mx/dp/1952970776,https://www.amazon.com/dp/1952970776,M&H Customer Friendly Store,Learning Without Tears
,B0CQCNQ4N4,5,Software,disponible,no disponible,,,2025-10-29T22:28:30.347Z,2025-10-30T06:00:23.697Z,2025-10-30T17:58:40.722Z,2073.04,,"$2,080.91",Server 2022 Standard 64 bit | 16 core,https://www.amazon.com.mx/dp/B0CQCNQ4N4,https://www.amazon.com/dp/B0CQCNQ4N4,Premium Global,
Videojuegos,B09G3X363J,5,Software,disponible,no disponible,,,2025-10-29T22:28:30.347Z,2025-10-30T06:00:31.566Z,2025-10-30T17:58:48.889Z,985.88,,$960.65,MechWarrior 5: Mercenaries (Xbox Series X),https://www.amazon.com.mx/dp/B09G3X363J,https://www.amazon.com/dp/B09G3X363J,Abundant Peace,
,B08WBLBTLW,5,Software,disponible,disponible,,,2025-10-29T22:28:30.347Z,2025-10-30T06:00:38.586Z,2025-10-30T17:58:55.479Z,2196.48,85.32,"$2,215.18","CorelDRAW Essentials 2021 | Graphics Design Software for Occasional Users | Illustration, Layout, and Photo Editing [PC Disc]",https://www.amazon.com.mx/dp/B08WBLBTLW,https://www.amazon.com/dp/B08WBLBTLW,MYSILKROAD LLC,Toner Amozon
Videojuegos,B07B8Q1S44,5,Software,disponible,disponible,,,2025-10-29T22:28:30.347Z,2025-10-30T06:00:47.090Z,2025-10-30T17:59:03.984Z,1187.63,36.24,"$1,152.49",LEGO Harry Potter: Years 1-4 (Essentials) /PS3,https://www.amazon.com.mx/dp/B07B8Q1S44,https://www.amazon.com/dp/B07B8Q1S44,GUTTIDIRECT,GameSource
,B0F1SYWBBX,5,Videojuegos,disponible,disponible,,,2025-10-29T22:28:36.750Z,2025-10-30T06:00:54.306Z,2025-10-30T17:59:11.675Z,1249.4,49.99,"$1,447.38","Kuitmor Pink Switch Controller,Hello Kitty Hall Effect Controllers Wireless for Switch 2/1/OLED/Lite,PC,Android,iOS | Bluetooth + Wired,1000mAh Battery,6-Axis Gyro,Dual Vibration,RGB Breathing Light",https://www.amazon.com.mx/dp/B0F1SYWBBX,https://www.amazon.com/dp/B0F1SYWBBX,Amazon Europa,CreatMore-US
,B0B4SS94M6,5,Videojuegos,disponible,disponible,,,2025-10-29T22:28:36.750Z,2025-10-30T06:01:02.263Z,2025-10-30T17:59:19.187Z,745.67,19.99,$737.35,Warhammer 40000: Darktide,https://www.amazon.com.mx/dp/B0B4SS94M6,https://www.amazon.com/dp/B0B4SS94M6,SHOPENZA,Curbside Group
,B0DHVF6GY8,5,Videojuegos,disponible,disponible,,,2025-10-29T22:28:36.750Z,2025-10-30T06:01:10.728Z,2025-10-30T17:59:27.766Z,1202.33,39.99,"$1,230.04","Auriculares inalámbricos para juegos, sonido envolvente 7.1, auriculares USB para juegos de 2.4 GHz con Bluetooth 5.4, batería de 100 H, micrófono con cancelación de ruido ENC, luz RGB, auriculares",https://www.amazon.com.mx/dp/B0DHVF6GY8,https://www.amazon.com/dp/B0DHVF6GY8,Abundant Peace,yongmai-store
,B0DB8WX2FG,5,Videojuegos,disponible,disponible,,,2025-10-29T22:28:36.750Z,2025-10-30T06:01:19.315Z,2025-10-30T17:59:35.792Z,653.84,16.99,$667.77,"ElitePlay - Funda de Silicona Antideslizante para Mando Xbox, con Empuñaduras de Pulgar y Diseño de Araña, para Xbox Series X, Series S y Xbox One",https://www.amazon.com.mx/dp/B0DB8WX2FG,https://www.amazon.com/dp/B0DB8WX2FG,GUTTIDIRECT,ElitePlay
,B0B4SV3MSF,5,Videojuegos,disponible,disponible,,,2025-10-29T22:28:36.751Z,2025-10-30T06:01:26.966Z,2025-10-30T17:59:42.674Z,1212.87,38.93,"$1,176.28",Warhammer 40000: Darktide Imperial Edition,https://www.amazon.com.mx/dp/B0B4SV3MSF,https://www.amazon.com/dp/B0B4SV3MSF,PRCOM,Curbside Group
,B0CJL2X9W7,5,Videojuegos,disponible,disponible,,,2025-10-29T22:28:36.751Z,2025-10-30T06:01:34.878Z,2025-10-30T17:59:50.443Z,914.9,23.69,$872.96,"PEGZONE Modular Headphone and Controller Holder for Game, Clamp-on Pegboard, Rotatable Controller Stand with Cable Hooks, Gaming Accessory for Xbox PS5 PS4 Nintendo Switch, 3Pcs Pegboard, Red",https://www.amazon.com.mx/dp/B0CJL2X9W7,https://www.amazon.com/dp/B0CJL2X9W7,M&H Customer Friendly Store,Humanmotion
,B0DSPSCCDM,5,Videojuegos,disponible,disponible,,,2025-10-29T22:28:36.751Z,2025-10-30T06:01:44.177Z,2025-10-30T17:59:57.750Z,1357.7,45.11,"$1,446.16","Machenike G5PRO Max SE Mando de Juego Inalámbrico 1000Hz para NS/PC/iOS/Android con Base de Carga, Controlador para PC con Joystick y Gatillos de Efecto Hall/Giroscopio, Retroiluminación RGB",https://www.amazon.com.mx/dp/B0DSPSCCDM,https://www.amazon.com/dp/B0DSPSCCDM,Ottoman Oasis,Machenike US STORE
,B0CJLTHDD6,5,Videojuegos,disponible,disponible,,,2025-10-29T22:28:36.751Z,2025-10-30T06:01:51.614Z,2025-10-30T18:00:06.743Z,772.86,17.99,$719.73,"PEGZONE Headphone and Controller Holder, Rotating Gaming Accessories Organizer for Xbox PS5 PS4 Nintendo Switch, Modular Desk Controller Stand with Cable Hooks, 2Pcs Pegboard, Black",https://www.amazon.com.mx/dp/B0CJLTHDD6,https://www.amazon.com/dp/B0CJLTHDD6,M&H Customer Friendly Store,Humanmotion
,B0CX96JW6T,5,Videojuegos,disponible,disponible,,,2025-10-29T22:28:36.751Z,2025-10-30T06:02:00.773Z,2025-10-30T18:00:13.807Z,1511.41,44.99,"$1,498.90","PEGZONE Controller and Headphone Holder Wall Mount, Modular Gaming Pegboard with Accessories, Controller Stand for Xbox PS5 PS4 Switch, Video Game Storage, Disc Shelf Organizer, 14pcs Pegboard, Black",https://www.amazon.com.mx/dp/B0CX96JW6T,https://www.amazon.com/dp/B0CX96JW6T,SHOPENZA,Humanmotion
,B0CTTCQRPR,5,Videojuegos,disponible,disponible,,,2025-10-29T22:28:36.751Z,2025-10-30T06:02:14.029Z,2025-10-30T18:00:25.305Z,890.14,24.99,$853.33,Hupaivrmrar Left Locating Ring Flex Cable For Meta Oculus Quest 2 VR Handle Controller cable Repair Replacement Part Accessory Number 330-00911-04 LH or 330-00912-04 LH,https://www.amazon.com.mx/dp/B0CTTCQRPR,https://www.amazon.com/dp/B0CTTCQRPR,Rendosa,Hupaivr
,B0CYGCKYK1,5,Videojuegos,disponible,disponible,,,2025-10-29T22:28:36.751Z,2025-10-30T06:02:23.107Z,2025-10-30T18:00:32.619Z,1246.23,39.99,"$1,201.87","Joysfusion - Emulador NFC, almacena 3000 datos NFC, compatible con escaneo ilimitado, visualización de 1.2 pulgadas, controles de botón fáciles, recargable para juego sin fin, compatible con más de 50",https://www.amazon.com.mx/dp/B0CYGCKYK1,https://www.amazon.com/dp/B0CYGCKYK1,SEONGSAN,Joysfusion
,B0C49F6NG6,5,Videojuegos,disponible,disponible,,,2025-10-29T22:28:36.751Z,2025-10-30T06:02:31.548Z,2025-10-30T18:00:41.089Z,1145.4,35.99,"$1,155.10","Wireless Gaming Headset with Microphone, 2.4G & Type C Transmitter - 30h Battery Life - RGB Lighting Gaming Headphones for PS5, PS4, PC, Phone",https://www.amazon.com.mx/dp/B0C49F6NG6,https://www.amazon.com/dp/B0C49F6NG6,MYSILKROAD LLC,WU MEIJIAO store
,B0DQ648HVB,5,Videojuegos,disponible,disponible,,,2025-10-29T22:28:36.751Z,2025-10-30T06:02:39.380Z,2025-10-30T18:00:48.516Z,1011.42,29.99,$969.31,Alaskan Road Truckers: Highway Edition - Playstation 5,https://www.amazon.com.mx/dp/B0DQ648HVB,https://www.amazon.com/dp/B0DQ648HVB,LueKeen,Curbside Group
,B0DJ1FG981,5,Videojuegos,disponible,disponible,,,2025-10-29T22:28:36.752Z,2025-10-30T06:02:46.852Z,2025-10-30T18:00:56.333Z,1491.48,49.99,"$1,521.32","Placa frontal para PS5 Placas laterales PlayStation 5 Edición Digital Spider Console - Funda de repuesto para consola de araña, placa negra antiarañazos, protector de piel",https://www.amazon.com.mx/dp/B0DJ1FG981,https://www.amazon.com/dp/B0DJ1FG981,AUTO MATE,Vortex Merchandise
,B0BQND84CB,5,Videojuegos,disponible,disponible,,,2025-10-29T22:28:47.943Z,2025-10-30T06:02:54.346Z,2025-10-30T18:01:04.555Z,827.59,23.91,$806.49,Truck & Logistics Simulator,https://www.amazon.com.mx/dp/B0BQND84CB,https://www.amazon.com/dp/B0BQND84CB,DUKKI LLC,Delicious Box
,B0B4QNJDCD,5,Videojuegos,disponible,disponible,,,2025-10-29T22:28:47.943Z,2025-10-30T06:03:02.484Z,2025-10-30T18:01:12.629Z,1373.95,45.62,"$1,355.94",YOMAWARI: LOST IN THE DARK - PlayStation 4,https://www.amazon.com.mx/dp/B0B4QNJDCD,https://www.amazon.com/dp/B0B4QNJDCD,SRKSB LLC,
,B07MR496WN,5,Videojuegos,disponible,disponible,,,2025-10-29T22:28:47.943Z,2025-10-30T06:03:10.611Z,2025-10-30T18:01:20.866Z,767.95,32.99,$750.29,"HEYSTOP Case Compatible with Nintendo Switch Carry Case Pouch with Switch Cover Case HD Switch Screen Protector Thumb Grips Caps for Nintendo Switch Console Accessories, Black, L, Modern",https://www.amazon.com.mx/dp/B07MR496WN,https://www.amazon.com/dp/B07MR496WN,Rendosa,HEYSTOP Authorized MO-US
,B0D7Z13LDG,5,Videojuegos,disponible,disponible,,,2025-10-29T22:28:47.943Z,2025-10-30T06:03:19.321Z,2025-10-30T18:01:28.645Z,1508.18,50.99,"$1,491.88","EWEADN Teclado mecánico para juegos estilo máquina de escribir, teclados mecánicos con cable, teclados LED retroiluminados, botón de control de medios, teclado de computadora con cable, interruptor",https://www.amazon.com.mx/dp/B0D7Z13LDG,https://www.amazon.com/dp/B0D7Z13LDG,SEONGSAN,Yiershi Store
,B0B5GCZVC1,5,Videojuegos,disponible,disponible,,,2025-10-29T22:28:47.943Z,2025-10-30T06:03:27.723Z,2025-10-30T18:01:35.672Z,1555.82,48.99,"$1,506.11","STRASSE SIM Racing Shoes - Special Grip, Thin & Lightweight for Hours of Comfortable Pedal Work in Sim Cockpit, Gran Turismo, PS4, PS5 Prestige Games",https://www.amazon.com.mx/dp/B0B5GCZVC1,https://www.amazon.com/dp/B0B5GCZVC1,BEST SUPPLY,syumicolle
,B0DFGH4ZL6,5,Videojuegos,disponible,no disponible,,,2025-10-29T22:28:47.943Z,2025-10-30T06:03:36.236Z,2025-10-30T18:01:42.637Z,1036.56,,"$1,002.64","Kuitmor Fuzzy Crossbody Bag Compatible with Switch/OLED and Other Little Accessories, Large Capacity Switch Travel Carrying Case with 2 Removable Shoulder Strap",https://www.amazon.com.mx/dp/B0DFGH4ZL6,https://www.amazon.com/dp/B0DFGH4ZL6,LueKeen,
,B0F4D23HW4,5,Videojuegos,disponible,disponible,,,2025-10-29T22:28:47.943Z,2025-10-30T06:03:44.309Z,2025-10-30T18:01:50.238Z,744.84,15.99,$674.59,"Eslick Elite Head Strap Compatible with Apple Vision Pro, Adjustable Strap Reduce Facial Pressure and Balance Weight, Enhanced Comfort and Gaming Immersion Strap for Vision Pro Accessories",https://www.amazon.com.mx/dp/B0F4D23HW4,https://www.amazon.com/dp/B0F4D23HW4,Amaazon . com,Bohlen
,B0DTF5FLDV,5,Videojuegos,disponible,disponible,,,2025-10-29T22:28:47.944Z,2025-10-30T06:03:52.366Z,2025-10-30T18:01:58.090Z,668.94,14.99,$619.36,"Fuente de alimentación y cable AV para Gamecube, adaptador de corriente CA NGC y juego de cables AV, cable de alimentación compatible con consola Nintendo Gamecube",https://www.amazon.com.mx/dp/B0DTF5FLDV,https://www.amazon.com/dp/B0DTF5FLDV,MARVEL INC.,ChuangDaDianZi
,B0DK11SJ7N,5,Videojuegos,disponible,disponible,,,2025-10-29T22:28:47.944Z,2025-10-30T06:04:00.146Z,2025-10-30T18:02:05.922Z,2044.57,69.99,"$2,003.12","GuileKeys Leverless Controller Arcade Stick GK-21, All-Button Arcade Controller 21Keys for PS4/PS3/PC/Switch(PS5 w/Converter), Arcade Fight Stick with RGB/Turbo/Hot-Swap/Low Profile Switch Black",https://www.amazon.com.mx/dp/B0DK11SJ7N,https://www.amazon.com/dp/B0DK11SJ7N,SEONGSAN,GuileKeys
,B0D7BR14LF,5,Videojuegos,disponible,disponible,,,2025-10-29T22:28:47.944Z,2025-10-30T06:04:09.337Z,2025-10-30T18:02:13.117Z,1501.39,42.74,"$1,450.39","XRhinorth Racing Shifter Stand Handbrake Desk Mount For Racing Sim Shifter Handbrake Compatible with Logitech G Driving Force, Thrustmaster TH8A, TSSH",https://www.amazon.com.mx/dp/B0D7BR14LF,https://www.amazon.com/dp/B0D7BR14LF,Rendosa,XRhinorth
,B0DSD2BZDP,5,Videojuegos,disponible,disponible,,,2025-10-29T22:28:47.944Z,2025-10-30T06:04:16.653Z,2025-10-30T18:02:22.062Z,618.21,12.99,$575.31,Lmcpa Dockable Case for Nintendo Switch 2 (2025)[7.9 inch] - TPU Grip Protective Cover for Switch New Gen 2025 Console & Joy-Con Controller Accessories - Black,https://www.amazon.com.mx/dp/B0DSD2BZDP,https://www.amazon.com/dp/B0DSD2BZDP,MARVEL INC.,PKBD Flagship-Store-US
,B0D3PTHLST,5,Videojuegos,disponible,disponible,,,2025-10-29T22:28:47.944Z,2025-10-30T06:04:24.680Z,2025-10-30T18:02:30.097Z,542.35,9.99,$508.48,"heclynis - Batería de driver PS5 de 3000 mAh, batería recargable PS5, batería de repuesto DualSense para driver PlayStation 5 (no para PS 5 DualSense Edge)",https://www.amazon.com.mx/dp/B0D3PTHLST,https://www.amazon.com/dp/B0D3PTHLST,MARVEL INC.,HAIKEL YH
,B0F2FJK49G,5,Videojuegos,disponible,no disponible,,,2025-10-29T22:28:47.944Z,2025-10-30T06:04:32.605Z,2025-10-30T18:02:36.710Z,675.14,,$665.29,"HEYSTOP - Funda protectora compatible con Nintendo Switch 2 bolsa de transporte con más espacio, funda protectora para Nintendo Switch 2 accesorios, negro",https://www.amazon.com.mx/dp/B0F2FJK49G,https://www.amazon.com/dp/B0F2FJK49G,SIDE SHOP,
,B0DSZXT8SR,5,Videojuegos,disponible,disponible,,,2025-10-29T22:28:47.944Z,2025-10-30T06:04:40.345Z,2025-10-30T18:02:44.186Z,1059.19,29.99,$969.31,"Machenike G1 Pro Mando de Juego Inalámbrico 1000Hz para PC/Windows/Android/iOS/Switch, Controlador para PC con Joystick y Gatillos TMR/Giroscopio",https://www.amazon.com.mx/dp/B0DSZXT8SR,https://www.amazon.com/dp/B0DSZXT8SR,MSTZKN SHİPMENT,Machenike US STORE
,B0CZYLYLCT,5,Videojuegos,disponible,disponible,,,2025-10-29T22:28:47.944Z,2025-10-30T06:04:48.211Z,2025-10-30T18:02:51.528Z,1513.55,53.99,"$1,561.46","Machenike K500A-B61W 60% teclado mecánico inalámbrico para juegos, 61 teclas, interruptor rojo lineal intercambiable en caliente, retroiluminación RGB dinámico, antifantasma, teclas PBT de doble",https://www.amazon.com.mx/dp/B0CZYLYLCT,https://www.amazon.com/dp/B0CZYLYLCT,MYSILKROAD LLC,PCOnline US
,B0BHM7QTNB,5,Videojuegos,disponible,disponible,,,2025-10-29T22:28:47.944Z,2025-10-30T06:05:01.864Z,2025-10-30T18:03:05.055Z,1245.07,40,"$1,201.49",Loop8: Summer of Gods-Celestial Limited Ed,https://www.amazon.com.mx/dp/B0BHM7QTNB,https://www.amazon.com/dp/B0BHM7QTNB,DUKKI LLC,
,B0C9522912,5,Videojuegos,disponible,disponible,,,2025-10-29T22:28:55.693Z,2025-10-30T06:05:09.165Z,2025-10-30T18:03:13.375Z,742.37,19.99,$734.96,Blasphemous 2 - Xbox Series X,https://www.amazon.com.mx/dp/B0C9522912,https://www.amazon.com/dp/B0C9522912,SHOPENZA,Curbside Group
,B0BXFB9HFM,5,Videojuegos,disponible,disponible,,,2025-10-29T22:28:55.693Z,2025-10-30T06:05:17.123Z,2025-10-30T18:03:21.759Z,1452.8,49.95,"$1,432.33",I-PAC 2 Arcade Game Controller Interface (IPAC2),https://www.amazon.com.mx/dp/B0BXFB9HFM,https://www.amazon.com/dp/B0BXFB9HFM,Premium Global,T-Molding com - ArcadeRenovations com
,B0CM3PGZH6,5,Videojuegos,disponible,disponible,,,2025-10-29T22:28:55.693Z,2025-10-30T06:05:24.589Z,2025-10-30T18:03:28.902Z,1453.95,49.99,"$1,433.22",Ender Lilies: Quietus of the Knights (UK Import),https://www.amazon.com.mx/dp/B0CM3PGZH6,https://www.amazon.com/dp/B0CM3PGZH6,LueKeen,AdWise Pro Retail
,B07TVDTNJZ,5,Videojuegos,disponible,no disponible,,,2025-10-29T22:28:55.693Z,2025-10-30T06:05:31.381Z,2025-10-30T18:03:35.956Z,1333.77,,"$1,307.85",Burgertime Party! - Nintendo Switch,https://www.amazon.com.mx/dp/B07TVDTNJZ,https://www.amazon.com/dp/B07TVDTNJZ,Premium Global,
,B07N2LT3WH,5,Videojuegos,disponible,disponible,,,2025-10-29T22:28:55.693Z,2025-10-30T06:05:40.397Z,2025-10-30T18:03:43.616Z,747.01,19.99,$750.29,Wii U - Base de carga para mando a distancia Wii y Wii U Gamepad con 2 baterías recargables e indicador LED,https://www.amazon.com.mx/dp/B07N2LT3WH,https://www.amazon.com/dp/B07N2LT3WH,SRKSB LLC,YZlolmeo
,B083GCFDBK,5,Videojuegos,disponible,disponible,,,2025-10-29T22:28:55.694Z,2025-10-30T06:05:48.912Z,2025-10-30T18:03:51.193Z,541,9.99,$503.76,Otakulicious Wii Sensor Bar USB for Wii U Motion Dolphin Bar for Nintendo Console,https://www.amazon.com.mx/dp/B083GCFDBK,https://www.amazon.com/dp/B083GCFDBK,MSTZKN SHİPMENT,Otakulicious RETAILER
,B09L7LPVYL,5,Videojuegos,disponible,disponible,,,2025-10-29T22:28:55.694Z,2025-10-30T06:05:57.524Z,2025-10-30T18:03:59.344Z,593.09,11.99,$550.00,LZYDD - Cable de carga USB-C para Corsair K70 Pro RGB TKL teclado mecánico para juegos y Dark Core RGB Pro SE/Corsair Sabre RGB PRO mouse inalámbrico para juegos,https://www.amazon.com.mx/dp/B09L7LPVYL,https://www.amazon.com/dp/B09L7LPVYL,MARVEL INC.,LZYDD Store
,B0B62HCSXS,5,Videojuegos,disponible,no disponible,,,2025-10-29T22:28:55.694Z,2025-10-30T06:06:05.804Z,2025-10-30T18:04:07.275Z,750.99,,$745.70,"HEYSTOP - Funda protectora para cubierta de vapor transparente, compatible con Steam Deck 2022, protector de cubierta suave de TPU con protección completa, absorción de golpes, diseño antideslizante y",https://www.amazon.com.mx/dp/B0B62HCSXS,https://www.amazon.com/dp/B0B62HCSXS,SRKSB LLC,
,B0BVBLGHTY,5,Videojuegos,disponible,disponible,,,2025-10-29T22:28:55.694Z,2025-10-30T06:06:14.306Z,2025-10-30T18:04:16.273Z,932.18,27.5,$925.89,WWE 2K22 Standard Edition - PlayStation 4,https://www.amazon.com.mx/dp/B0BVBLGHTY,https://www.amazon.com/dp/B0BVBLGHTY,SIDE SHOP,GameSource
,B0BJTBPR28,5,Videojuegos,disponible,disponible,,,2025-10-29T22:28:55.694Z,2025-10-30T06:06:21.960Z,2025-10-30T18:04:24.352Z,4047.64,199.99,"$3,790.25",Syberia: The World Before Collector's Edition (PS5) - Package May Vary,https://www.amazon.com.mx/dp/B0BJTBPR28,https://www.amazon.com/dp/B0BJTBPR28,KayaaStoree,
,B0CD3B5LHH,5,Videojuegos,disponible,disponible,,,2025-10-29T22:28:55.694Z,2025-10-30T06:06:29.619Z,2025-10-30T18:04:31.414Z,644.08,14.99,$619.36,P5 Controller Charger Station Compatible with PlayStation 5 Dualsense Controllers - LED Light Dual Stand Charger Dock P5 Controller Charging Station Accessories for P5,https://www.amazon.com.mx/dp/B0CD3B5LHH,https://www.amazon.com/dp/B0CD3B5LHH,MARVEL INC.,HEYLICOOL-Direct
,B0CYPR8M6V,5,Videojuegos,disponible,disponible,,,2025-10-29T22:28:55.694Z,2025-10-30T06:06:37.145Z,2025-10-30T18:04:38.367Z,717.06,17.99,$696.25,"Replacement Game Card Cartridge Reader Slot Compatible with Nintendo Switch, Game Card Reader with Headphones Jack Plug Port Repair Tools for Switch NS Console",https://www.amazon.com.mx/dp/B0CYPR8M6V,https://www.amazon.com/dp/B0CYPR8M6V,LueKeen,Jiveler
,B0D2VV5WXN,5,Videojuegos,disponible,disponible,,,2025-10-29T22:28:55.694Z,2025-10-30T06:06:44.117Z,2025-10-30T18:04:45.460Z,720.03,17.99,$698.70,"ASTONEY - 10 protectores de caja transparente para NES Cart, cartucho NES funda de plástico transparente de calidad premium, protector de plástico transparente extra resistente con película extraíble",https://www.amazon.com.mx/dp/B0D2VV5WXN,https://www.amazon.com/dp/B0D2VV5WXN,Rendomin,HexaGear
,B0D451D5F2,5,Videojuegos,disponible,disponible,,,2025-10-29T22:28:55.694Z,2025-10-30T06:06:52.161Z,2025-10-30T18:04:52.696Z,1173.27,37.99,"$1,162.41","Choopp Xbox Controller, 2.4GHz Wireless Xbox Controller, Xbox One Controller with 1000mAh Battery, Programmable, Turbo Function, 4 Lighting Modes, for Xbox Series X|S, Xbox One X|S, Xbox One, PC",https://www.amazon.com.mx/dp/B0D451D5F2,https://www.amazon.com/dp/B0D451D5F2,SHOPENZA,Choopp
,B0CHVS5MYF,5,Videojuegos,disponible,disponible,,,2025-10-29T22:28:55.694Z,2025-10-30T06:07:00.187Z,2025-10-30T18:05:00.699Z,579.52,12.99,$573.74,Gepicest Accessories Kit Set 2 Pair Black White Wrist Strap for Dual Joycon Remote Comfort Controller 2 Pack,https://www.amazon.com.mx/dp/B0CHVS5MYF,https://www.amazon.com/dp/B0CHVS5MYF,Rendosa,Gepicest
,B0BQN6FSJS,5,Videojuegos,disponible,disponible,,,2025-10-29T22:28:55.694Z,2025-10-30T06:07:07.742Z,2025-10-30T18:05:08.875Z,938.25,26.87,$916.81,Scars Above (PS5),https://www.amazon.com.mx/dp/B0BQN6FSJS,https://www.amazon.com/dp/B0BQN6FSJS,Rendosa,GameSource
,B0CC1KF29W,5,Videojuegos,disponible,disponible,,,2025-10-29T22:29:09.027Z,2025-10-30T06:07:14.858Z,2025-10-30T18:05:17.609Z,856.6,23.99,$840.33,"Wall Mount for Xbox One S, Metal Wall Mount Holder for Xbox One S with Detachable 2 Controller Holder & Headphone Hanger",https://www.amazon.com.mx/dp/B0CC1KF29W,https://www.amazon.com/dp/B0CC1KF29W,SHOPENZA,SAIHAOTECH
,B0C9J3MVGD,5,Videojuegos,disponible,disponible,,,2025-10-29T22:29:09.027Z,2025-10-30T06:07:22.178Z,2025-10-30T18:05:26.221Z,1563.83,54.99,"$1,566.40",Dead Or School - Nintendo Switch (EU Import),https://www.amazon.com.mx/dp/B0C9J3MVGD,https://www.amazon.com/dp/B0C9J3MVGD,SHOPENZA,GAMESCAPES (USA)
,B07SQPP75F,5,Videojuegos,disponible,no disponible,,,2025-10-29T22:29:09.027Z,2025-10-30T06:07:29.666Z,2025-10-30T18:05:33.939Z,732.97,,$734.96,"HEYSTOP Funda Compatible con Nintendo Switch OLED Modelo 2021, Funda Protectora de PC acoplable con cómoda Funda de TPU Joy-con Grip y 6 Tapas para Pulgar",https://www.amazon.com.mx/dp/B07SQPP75F,https://www.amazon.com/dp/B07SQPP75F,Abundant Peace,
,B089KL3FDD,5,Videojuegos,disponible,no disponible,,,2025-10-29T22:29:09.027Z,2025-10-30T06:07:41.957Z,2025-10-30T18:05:46.459Z,685.42,,$688.72,"HEYSTOP - Funda protectora para Nintendo Switch, funda compatible con Nintendo Switch y mando JoyCon con interruptor protector de visualización de vidrio templado",https://www.amazon.com.mx/dp/B089KL3FDD,https://www.amazon.com/dp/B089KL3FDD,Abundant Peace,
,B09DP5KBP8,5,Videojuegos,disponible,disponible,,,2025-10-29T22:29:09.027Z,2025-10-30T06:07:49.319Z,2025-10-30T18:05:55.438Z,872.09,25.99,$863.45,"HEYSTOP Switch OLED - Funda compatible con Nintendo Switch OLED modelo 2021, accesorios 9 en 1 para Switch OLED modelo con funda protectora acoplable, protector de pantalla HD y 6 tapas de agarre para pulgar",https://www.amazon.com.mx/dp/B09DP5KBP8,https://www.amazon.com/dp/B09DP5KBP8,SIDE SHOP,HEYSTOP Authorized MO-US
,B08WLZ8FRX,5,Videojuegos,disponible,no disponible,,,2025-10-29T22:29:09.027Z,2025-10-30T06:07:57.226Z,2025-10-30T18:06:04.353Z,6333.95,,"$6,567.92","HAYMAKER Noise Cancelling Bluetooth Gaming Headphones - Dirac 3D Surround with 30+ Hr Battery, Touch Controls and RGB - Gaming Headsets for PS5, Xbox, PC, Switch & Mobile",https://www.amazon.com.mx/dp/B08WLZ8FRX,https://www.amazon.com/dp/B08WLZ8FRX,Tierra Viva,