also_appears_in,asin,batch_number,category,disponibilidad_mx,disponibilidad_usa,error_verificacion_mx,error_verificacion_usa,extracted_at,fecha_verificacion_mx,fecha_verificacion_usa,precio_actual_mx,precio_actual_usd,price,title,url_mx,url_usa,vendedor_actual_mx,vendedor_actual_usa
,B07L57MTF6,2,Herramientas y Mejoras del Hogar,disponible,disponible,,,2025-10-29T22:08:03.756Z,2025-10-30T03:48:53.499Z,2025-10-30T15:54:32.604Z,3857.26,139.99,"$3,699.03","Convertidor de voltaje de 120 V a 100 V, 1600 vatios, convertidor de voltaje toroidal reducido para electrodomésticos japoneses utilizados en Estados Unidos [certificado CE, CQC]",https://www.amazon.com.mx/dp/B07L57MTF6,https://www.amazon.com/dp/B07L57MTF6,SEONGSAN,UMISOUND
,B0FHZC54QZ,2,Herramientas y Mejoras del Hogar,disponible,disponible,,,2025-10-29T22:08:03.756Z,2025-10-30T03:49:02.427Z,2025-10-30T15:54:41.285Z,858.61,22.99,$806.94,"Hoja de diamante de 4.5 pulgadas para corte de azulejos, hoja de corte en seco ultrafina sin astillar, se adapta a amoladora angular para mármol, cerámica, azulejos de porcelana",https://www.amazon.com.mx/dp/B0FHZC54QZ,https://www.amazon.com/dp/B0FHZC54QZ,TIME OF SHOP,LOZLIN TOOLS
,B0F294PG12,2,Herramientas y Mejoras del Hogar,disponible,no disponible,,,2025-10-29T22:08:03.756Z,2025-10-30T03:49:09.416Z,2025-10-30T15:54:49.484Z,1229.22,,"$1,203.62",Paquete de 2 baterías de repuesto compatibles con Makita BL1860B BL1860B de 18 V de repuesto para batería Makita BL1860 BL1850B BL1840B BL1830B BL1820 Herramientas inalámbricas,https://www.amazon.com.mx/dp/B0F294PG12,https://www.amazon.com/dp/B0F294PG12,BROWN LEAVES LLC,
Hogar y Cocina,B0DCJHLRXM,2,Herramientas y Mejoras del Hogar,disponible,no disponible,,,2025-10-29T22:08:03.756Z,2025-10-30T03:49:17.534Z,2025-10-30T15:54:57.657Z,1318.31,,"$1,267.51","Soporte para dispensador de agua de madera, (36.5 pulgadas de alto y 11.8 pulgadas de ancho, soporte de agua para dispensador de botellas de 1 a 5 galones, soporte para jarra de agua con 2 estantes",https://www.amazon.com.mx/dp/B0DCJHLRXM,https://www.amazon.com/dp/B0DCJHLRXM,M&H Customer Friendly Store,
,B0DQPPFJMW,2,Herramientas y Mejoras del Hogar,disponible,disponible,,,2025-10-29T22:08:03.756Z,2025-10-30T03:49:25.791Z,2025-10-30T15:55:04.869Z,537.36,11.99,$550.29,"LaienSafety - Chaleco reflectante de seguridad para hombres y mujeres, chaleco de construcción de malla de alta visibilidad, cumple con las normas ANSI/ISEA",https://www.amazon.com.mx/dp/B0DQPPFJMW,https://www.amazon.com/dp/B0DQPPFJMW,M&H Customer Friendly Store,Ekkosafety
,B0F4QGWVFN,2,Herramientas y Mejoras del Hogar,disponible,disponible,,,2025-10-29T22:08:03.756Z,2025-10-30T03:49:32.831Z,2025-10-30T15:55:12.145Z,1370.72,45.99,"$1,369.21","Ventilador de escape de baño de 3 velocidades con sensor de humedad y control remoto, temporizador, control de humedad y temperatura, silencioso mejorado ventilador de baño de 2600 RPM para ático",https://www.amazon.com.mx/dp/B0F4QGWVFN,https://www.amazon.com/dp/B0F4QGWVFN,SHERIFF EXPRESS,MUYIStore
,B0D6VF2895,2,Herramientas y Mejoras del Hogar,disponible,no disponible,,,2025-10-29T22:08:03.756Z,2025-10-30T03:49:40.419Z,2025-10-30T15:55:20.233Z,1406.25,,"$1,320.20","Extintor 8 en 1 mejorado para el hogar, vehículo, coche, cocina, barco, pequeños extintores de incendios con soporte para fuego clase A B C K, portátil, no tóxico, para evitar el reencendido, fácil de",https://www.amazon.com.mx/dp/B0D6VF2895,https://www.amazon.com/dp/B0D6VF2895,MARVEL INC.,
,B0BMWFT69M,2,Herramientas y Mejoras del Hogar,disponible,disponible,,,2025-10-29T22:08:03.757Z,2025-10-30T03:49:47.978Z,2025-10-30T15:55:27.794Z,1440.11,49.95,"$1,445.26","EZ Outlet Extensor de toma de corriente eléctrica Acceso a salidas difíciles de alcanzar. Cuenta con USB-A, USB-C y 2 salidas de CA, se extiende de 22 a 34 pulgadas, gira 180°. Uso detrás de sofás,",https://www.amazon.com.mx/dp/B0BMWFT69M,https://www.amazon.com/dp/B0BMWFT69M,Amazon Estados Unidos,WatchdogProducts
,B0DQ599TVR,2,Herramientas y Mejoras del Hogar,disponible,disponible,,,2025-10-29T22:08:03.757Z,2025-10-30T03:49:56.947Z,2025-10-30T15:55:35.342Z,564.01,12.56,$563.11,"TECSIX - Adaptador de viaje universal en todo el mundo, adaptador de enchufe europeo con 2 USB C, 2 salidas USB A y múltiples CA, convertidor de corriente internacional para UE EE. UU., Reino Unido",https://www.amazon.com.mx/dp/B0DQ599TVR,https://www.amazon.com/dp/B0DQ599TVR,Rendomin,Tecsix Direct
,B0CN1ZP3SF,2,Herramientas y Mejoras del Hogar,disponible,no disponible,,,2025-10-29T22:08:03.757Z,2025-10-30T03:50:04.452Z,2025-10-30T15:55:42.791Z,536.52,,$506.01,"Lareko Azulejos de PVC de Madera Gris Naturaleza, 36 x 6 Pulgadas, 36 Piezas, Impermeables y Autoadhesivos",https://www.amazon.com.mx/dp/B0CN1ZP3SF,https://www.amazon.com/dp/B0CN1ZP3SF,SRKSB LLC,
Hogar y Cocina,B09B1B6J9S,2,Herramientas y Mejoras del Hogar,disponible,disponible,,,2025-10-29T22:08:03.757Z,2025-10-30T03:50:12.979Z,2025-10-30T15:55:51.141Z,995.58,29.99,$966.16,"EASZZZ - Lámpara de noche para bebé, lámpara de noche para lactancia, suave sin BPA, silicona táctil para cuidar los ojos, diseño de fácil tirón, atenuación continua, paquete de 1",https://www.amazon.com.mx/dp/B09B1B6J9S,https://www.amazon.com/dp/B09B1B6J9S,IY Network,EASZZZ
,B0DC5DZTG7,2,Herramientas y Mejoras del Hogar,disponible,no disponible,,,2025-10-29T22:08:03.757Z,2025-10-30T03:50:20.847Z,2025-10-30T15:55:59.163Z,1323.98,,"$1,330.40",Temple Tool - Sierra japonesa de 9.5 ryoba con diseño de sierra de mano en Estados Unidos,https://www.amazon.com.mx/dp/B0DC5DZTG7,https://www.amazon.com/dp/B0DC5DZTG7,Abundant Peace,
,B0C5RF23G9,2,Herramientas y Mejoras del Hogar,disponible,disponible,,,2025-10-29T22:08:03.757Z,2025-10-30T03:50:28.254Z,2025-10-30T15:56:08.233Z,765.49,19.99,$763.64,ArcRidge Reflective Safety Vest for Men and Women - Class 2 High Visibility Construction Vest - Dual Tone Reflective Strips,https://www.amazon.com.mx/dp/B0C5RF23G9,https://www.amazon.com/dp/B0C5RF23G9,GUTTIDIRECT,ArcRidge
,B0DPZQ9TTT,2,Herramientas y Mejoras del Hogar,disponible,disponible,,,2025-10-29T22:08:03.757Z,2025-10-30T03:50:34.994Z,2025-10-30T15:56:15.642Z,1558.63,49.49,"$1,489.42","POPOSOAP - Bomba solar para fuente con kit de filtro de estanque, 8W con múltiples filtros, 8 patrones de agua diferentes, negro, adecuado para jardín",https://www.amazon.com.mx/dp/B0DPZQ9TTT,https://www.amazon.com/dp/B0DPZQ9TTT,M&H Customer Friendly Store,Beiqian
,B0D3XBM5M6,2,Herramientas y Mejoras del Hogar,disponible,disponible,,,2025-10-29T22:08:03.757Z,2025-10-30T03:50:43.120Z,2025-10-30T15:56:23.979Z,1122.11,36.99,"$1,144.61","Convertidor de voltaje de viaje de 220 V a 110 V: Convertidor de voltaje universal internacional de Estados Unidos a Europa, transformador de enchufe de regleta de alimentación eléctrica de 2000 W",https://www.amazon.com.mx/dp/B0D3XBM5M6,https://www.amazon.com/dp/B0D3XBM5M6,SHERIFF EXPRESS,RGBER
,B0F1Y2YRTF,2,Herramientas y Mejoras del Hogar,disponible,no disponible,,,2025-10-29T22:08:03.757Z,2025-10-30T03:50:50.911Z,2025-10-30T15:56:31.473Z,1582.32,,"$1,581.21","Manija de puerta de paso interior dorada para pasillo, palanca de puerta moleteada redonda resistente sin bloqueo interior, acabado de latón satinado, reversible para puertas de lado derecho e",https://www.amazon.com.mx/dp/B0F1Y2YRTF,https://www.amazon.com/dp/B0F1Y2YRTF,AUTO MATE,
Hogar y Cocina,B0CL5259TV,2,Herramientas y Mejoras del Hogar,disponible,disponible,,,2025-10-29T22:08:17.174Z,2025-10-30T03:50:59.506Z,2025-10-30T15:56:39.486Z,2394.24,79.99,"$2,370.10","Streamlet Red Light Therapy Device for Face, Body, Dual Chip Clinical 60 LED Combo 660nm 850nm, High Power Near Infrared Light Therapy Lamp for Skin Care, Pain Relief, Improve Sleep (300W)",https://www.amazon.com.mx/dp/B0CL5259TV,https://www.amazon.com/dp/B0CL5259TV,Lumexa Online MX,Streamlet Health
,B0F8HM4F41,2,Herramientas y Mejoras del Hogar,disponible,disponible,,,2025-10-29T22:08:17.174Z,2025-10-30T03:51:07.289Z,2025-10-30T15:56:47.695Z,3240.87,119.99,"$3,236.26","Richelock IU52 - Cerradura de puerta con teclado de doble cara, para todo tipo de clima, entrada sin llave totalmente impermeable con códigos programables de doble cara, la misma llave en ambos lados",https://www.amazon.com.mx/dp/B0F8HM4F41,https://www.amazon.com/dp/B0F8HM4F41,FEEL EXTRA MX,Richelock LLC
,B0DG5L5XWD,2,Herramientas y Mejoras del Hogar,disponible,disponible,,,2025-10-29T22:08:17.174Z,2025-10-30T03:51:16.509Z,2025-10-30T15:56:55.843Z,1877.72,69.99,"$1,943.75","Toma de mesa emergente, enchufe de computadora emergente, enchufe central para encimera, tira multimedia, caja de conexión con USB 3.0/2 x AC/2 x HDMI/USB-A/USB-C/LAN para computadora de conferencias",https://www.amazon.com.mx/dp/B0DG5L5XWD,https://www.amazon.com/dp/B0DG5L5XWD,SEONGSAN,integrateds
,B0C53HRV25,2,Herramientas y Mejoras del Hogar,disponible,no disponible,,,2025-10-29T22:08:17.174Z,2025-10-30T03:51:24.883Z,2025-10-30T15:57:03.881Z,715.74,,$703.90,"Blukar - Linterna LED ultra potente 500000 lúmenes, linterna recargable de 5000 mAh, linterna táctica IPX6, resistente al agua, 5 modos y zoomable para acampar/emergencia (con 3 pilas AAA), color",https://www.amazon.com.mx/dp/B0C53HRV25,https://www.amazon.com/dp/B0C53HRV25,GUTTIDIRECT,
,B0D83MSJ9C,2,Herramientas y Mejoras del Hogar,disponible,disponible,,,2025-10-29T22:08:17.174Z,2025-10-30T03:51:38.158Z,2025-10-30T15:57:16.640Z,2829.6,105.89,"$2,818.04","Kit herrajes puerta granero deslizante oculta 81 cm con mecanismo de cierre suave, apertura de paso 61 a 71 cm, sistema riel de aluminio oculto, soporte de pared puerta interior madera (sin puerta)",https://www.amazon.com.mx/dp/B0D83MSJ9C,https://www.amazon.com/dp/B0D83MSJ9C,BROWN LEAVES LLC,Ceakian
,B0DC5F4QJC,2,Herramientas y Mejoras del Hogar,disponible,no disponible,,,2025-10-29T22:08:17.174Z,2025-10-30T03:51:46.037Z,2025-10-30T15:57:24.916Z,1877.56,,"$1,816.84","Temple Tool Co. - Sierra japonesa de tracción – Corte rasgado 9.5 – Sierra de mano para colas de milano, espigas, carpintería fina",https://www.amazon.com.mx/dp/B0DC5F4QJC,https://www.amazon.com/dp/B0DC5F4QJC,SEONGSAN,
,B0C7Q3TKZH,2,Herramientas y Mejoras del Hogar,disponible,no disponible,,,2025-10-29T22:08:17.174Z,2025-10-30T03:51:54.484Z,2025-10-30T15:57:32.921Z,733.87,,$725.98,"Fisima - Regla grande de acero inoxidable para medida, borde recto, 1 metro, 40 pulgadas, 100 cm",https://www.amazon.com.mx/dp/B0C7Q3TKZH,https://www.amazon.com/dp/B0C7Q3TKZH,BELGUCAN Global,
,B0DGTBQMNK,2,Herramientas y Mejoras del Hogar,disponible,disponible,,,2025-10-29T22:08:17.174Z,2025-10-30T03:52:03.267Z,2025-10-30T15:57:41.124Z,347.87,3.99,$365.03,"Letras de aluminio negro de 3 pulgadas, 4 pulgadas, 5 pulgadas, 6 pulgadas, 8 pulgadas, números de dirección de casa flotante para exteriores, letras de números de puerta de metal modernas, letras de",https://www.amazon.com.mx/dp/B0DGTBQMNK,https://www.amazon.com/dp/B0DGTBQMNK,GUTTIDIRECT,YJ-WORKSHOP
,B0DT4B4SXR,2,Herramientas y Mejoras del Hogar,disponible,no disponible,,,2025-10-29T22:08:17.174Z,2025-10-30T03:52:11.731Z,2025-10-30T15:57:48.444Z,1293.93,,"$1,242.97","Herramienta de vibración de azulejos para batería Dewalt de 20 V, máquina de nivelación de vibración de azulejos, herramienta de ventosa de azulejos con medidor de nivel de burbuja, 5 velocidades",https://www.amazon.com.mx/dp/B0DT4B4SXR,https://www.amazon.com/dp/B0DT4B4SXR,SEONGSAN,
,B0CXQ4WDTB,2,Herramientas y Mejoras del Hogar,disponible,no disponible,,,2025-10-29T22:08:17.175Z,2025-10-30T03:52:20.952Z,2025-10-30T15:57:57.023Z,1671.96,,"$1,662.46","Tacos franceses de 50 pulgadas, soporta 500 libras, colgador de barra Z resistente para fotos, espejos y arte, kit de colgar cuadros de acero de aleación para paneles, estante, gabinete (2 pares)",https://www.amazon.com.mx/dp/B0CXQ4WDTB,https://www.amazon.com/dp/B0CXQ4WDTB,STAWAMUS LLC,
,B0D659KY4L,2,Herramientas y Mejoras del Hogar,disponible,no disponible,,,2025-10-29T22:08:17.175Z,2025-10-30T03:52:30.153Z,2025-10-30T15:58:05.413Z,983.58,,$927.96,"MEKER - Paquete de 48 paquetes de cambio de color de fuego, fogatas, chimeneas al aire última intervensión, hoguera, fuego colorido cambiante, accesorios perfectos para acampar contra incendios para",https://www.amazon.com.mx/dp/B0D659KY4L,https://www.amazon.com/dp/B0D659KY4L,SEONGSAN,
,B0DGCK6W8G,2,Herramientas y Mejoras del Hogar,disponible,no disponible,,,2025-10-29T22:08:17.175Z,2025-10-30T03:52:39.580Z,2025-10-30T15:58:13.364Z,1347.72,,"$1,283.79","Descalcificador electrónico de agua para toda la casa, reduce la escala de cal, sistema acondicionador de agua dura, sistema alternativo sin ablandador de agua salada",https://www.amazon.com.mx/dp/B0DGCK6W8G,https://www.amazon.com/dp/B0DGCK6W8G,M&H Customer Friendly Store,
,B0DP6R98WJ,2,Herramientas y Mejoras del Hogar,disponible,no disponible,,,2025-10-29T22:08:17.175Z,2025-10-30T03:52:48.863Z,2025-10-30T15:58:20.796Z,1425.73,,"$1,391.67","MEDUSA Herramientas de acero inoxidable para paneles de yeso con herramienta angular ajustable y reversible, rodillo para esquinas desmontable y reemplazable, y charola para masilla antideslizante",https://www.amazon.com.mx/dp/B0DP6R98WJ,https://www.amazon.com/dp/B0DP6R98WJ,MUCH & MORE,
,B0DNQ6VY2W,2,Herramientas y Mejoras del Hogar,disponible,no disponible,,,2025-10-29T22:08:17.175Z,2025-10-30T03:52:56.699Z,2025-10-30T15:58:28.416Z,783.13,,$722.54,"Borde de goma, borde de canal en U autoadhesivo, protector de borde en forma de U para vidrio, madera contrachapada, tablero de madera, material EPDM, ancho de ranura 5/16 pulgadas (8 mm), longitud 10",https://www.amazon.com.mx/dp/B0DNQ6VY2W,https://www.amazon.com/dp/B0DNQ6VY2W,ATLAS COCO,
,B0D83LV28B,2,Herramientas y Mejoras del Hogar,disponible,disponible,,,2025-10-29T22:08:17.175Z,2025-10-30T03:53:05.226Z,2025-10-30T15:58:35.962Z,3190.34,115.98,"$3,052.00","Kit herrajes puerta granero deslizante oculta 91 cm con mecanismo de cierre suave, apertura de paso 71 a 81 cm, sistema riel de aluminio oculto, soporte de pared puerta interior madera (sin puerta)",https://www.amazon.com.mx/dp/B0D83LV28B,https://www.amazon.com/dp/B0D83LV28B,ElBazarMexicano,Ceakian
,B0CRZ1CMP4,2,Herramientas y Mejoras del Hogar,disponible,disponible,,,2025-10-29T22:08:17.175Z,2025-10-30T03:53:12.104Z,2025-10-30T15:58:44.226Z,1897.82,62.99,"$1,867.91","POPOSOAP Filtro de estanque con kits de fuente de bomba, filtro de estanque de 660 GPH con bomba de estanque de 40 W y kit de fuente, filtros de estanque Koi para estanques al aire última intervensión",https://www.amazon.com.mx/dp/B0CRZ1CMP4,https://www.amazon.com/dp/B0CRZ1CMP4,SEONGSAN,Beiqian
,B0C69WJTK2,2,Herramientas y Mejoras del Hogar,disponible,no disponible,,,2025-10-29T22:08:27.304Z,2025-10-30T03:53:21.026Z,2025-10-30T15:58:52.173Z,1372.63,,"$1,339.64","Angus Stoke Funda para cuchillos de piel negra | Premium Kocherkniserrolle grande | Bolsa de cocina de piel de búfalo de agua de alta calidad | Bolsa de cocina Bosse, Negro , Estuche para cuchillos",https://www.amazon.com.mx/dp/B0C69WJTK2,https://www.amazon.com/dp/B0C69WJTK2,IY Network,
,B0D3CVSHSY,2,Herramientas y Mejoras del Hogar,disponible,disponible,,,2025-10-29T22:08:27.304Z,2025-10-30T03:53:30.565Z,2025-10-30T15:58:59.652Z,1485.98,43.99,"$1,427.20","Tondiamo Válvula de retorno de drenaje para evitar que las aguas residuales y el agua de lluvia fluyan hacia atrás (PVC blanco, 4 pulgadas)",https://www.amazon.com.mx/dp/B0D3CVSHSY,https://www.amazon.com/dp/B0D3CVSHSY,SEONGSAN,Sandsa
,B0CYQ1QSQP,2,Herramientas y Mejoras del Hogar,disponible,disponible,,,2025-10-29T22:08:27.304Z,2025-10-30T03:53:39.466Z,2025-10-30T15:59:08.089Z,3049.8,115,"$3,048.69","FINOSEN - Herramientas de puerta corredera oculta de 36 pulgadas con mecanismo de cierre suave, pista de aluminio, pista de piso invisible, ajuste mínimo de ancho de apertura de 28 pulgadas, sistema",https://www.amazon.com.mx/dp/B0CYQ1QSQP,https://www.amazon.com/dp/B0CYQ1QSQP,DREAMERY GLOBAL,FINOSEN
,B0DJBS2ZNH,2,Herramientas y Mejoras del Hogar,disponible,no disponible,,,2025-10-29T22:08:27.305Z,2025-10-30T03:53:48.634Z,2025-10-30T15:59:15.249Z,624.26,,$621.02,"Sierra japonesa de corte empotrado 6"" hoja de repuesto",https://www.amazon.com.mx/dp/B0DJBS2ZNH,https://www.amazon.com/dp/B0DJBS2ZNH,SRKSB LLC,
,B0BJLDN6L2,2,Herramientas y Mejoras del Hogar,disponible,no disponible,,,2025-10-29T22:08:27.305Z,2025-10-30T03:53:56.493Z,2025-10-30T15:59:23.722Z,1349.13,,"$1,297.39","WOKK - Soporte de pared de madera para bicicleta, soporte de pared horizontal para el hogar o el cochera, estante de bicicleta de pared para departamento, tu elegante almacenamiento de bicicleta",https://www.amazon.com.mx/dp/B0BJLDN6L2,https://www.amazon.com/dp/B0BJLDN6L2,Lumexa Online MX,
,B0DWSH5NN6,2,Herramientas y Mejoras del Hogar,disponible,disponible,,,2025-10-29T22:08:27.305Z,2025-10-30T03:54:05.900Z,2025-10-30T15:59:32.019Z,809.23,20.99,$770.97,"Cordones elásticos de grado marino, resistentes al aire última intervensión, rollo de cordón elástico, cordón elástico 100% y cordón elástico absorbente para cubierta de kayak, camping, manualidades",https://www.amazon.com.mx/dp/B0DWSH5NN6,https://www.amazon.com/dp/B0DWSH5NN6,MARVEL INC.,Win168
,B0CBRZXXJK,2,Herramientas y Mejoras del Hogar,disponible,disponible,,,2025-10-29T22:08:27.305Z,2025-10-30T03:54:13.435Z,2025-10-30T15:59:40.449Z,1746.97,60.81,"$1,714.01","Plancha de alambre manual, enderezadora de alambre de cable, herramienta de enderezamiento de alambre de cobre de hierro para cable de 4 m2 / < O.D.3.5 mm de núcleo único / 0.5-2.0 mm de alambre de",https://www.amazon.com.mx/dp/B0CBRZXXJK,https://www.amazon.com/dp/B0CBRZXXJK,SEONGSAN,JTH-Trading
,B0DCJH3FMS,2,Herramientas y Mejoras del Hogar,disponible,disponible,,,2025-10-29T22:08:27.305Z,2025-10-30T03:54:20.719Z,2025-10-30T15:59:47.166Z,1708.49,56.9,"$1,629.04","SENSYX - Detector de fugas de refrigerante recargable HVAC, detector de freón halógeno, detección de aire acondicionado, buscador de gas automotriz (SFD201 detector de gas refrigerante y combustible",https://www.amazon.com.mx/dp/B0DCJH3FMS,https://www.amazon.com/dp/B0DCJH3FMS,SEONGSAN,Pangaea LLC
,B0D8TCGPYD,2,Herramientas y Mejoras del Hogar,disponible,disponible,,,2025-10-29T22:08:27.305Z,2025-10-30T03:54:33.767Z,2025-10-30T16:00:00.595Z,1369.13,43.99,"$1,322.82",Relaxweex - 4 unidades de alarma contra incendios para alarma de incendios de 12/24 V CC de sonido y luz de emergencia de doble acción manual con bocina de seguridad para el hogar u oficina,https://www.amazon.com.mx/dp/B0D8TCGPYD,https://www.amazon.com/dp/B0D8TCGPYD,LueKeen,HanTsing
,B0DTDDS4GK,2,Herramientas y Mejoras del Hogar,disponible,no disponible,,,2025-10-29T22:08:27.305Z,2025-10-30T03:54:42.279Z,2025-10-30T16:00:07.547Z,1026.87,,"$1,021.39","Piezas de repuesto de válvula de descarga de inodoro compatibles con la torre de la serie Toto THU, para inodoros de dos piezas, para orificio de descarga de 3 pulgadas, incluye kits de reparación",https://www.amazon.com.mx/dp/B0DTDDS4GK,https://www.amazon.com/dp/B0DTDDS4GK,Rendosa,
,B0DGWXTRDJ,2,Herramientas y Mejoras del Hogar,disponible,no disponible,,,2025-10-29T22:08:27.305Z,2025-10-30T03:54:49.625Z,2025-10-30T16:00:15.093Z,3611.73,,"$3,762.82","Audífonos con funda de carga de larga duración, audífonos invisibles para personas mayores con cancelación inteligente de ruido, dispositivos de audífonos completamente en el canal, fácil control",https://www.amazon.com.mx/dp/B0DGWXTRDJ,https://www.amazon.com/dp/B0DGWXTRDJ,BROWN LEAVES LLC,
,B08X4KX1VW,2,Herramientas y Mejoras del Hogar,disponible,no disponible,,,2025-10-29T22:08:27.305Z,2025-10-30T03:54:57.256Z,2025-10-30T16:00:22.262Z,837.88,,$802.26,"Pegamento calcomanía Guru CA con activador (2 x 3.5 oz - 2 x 14.5 onzas) CA pegamento juego para carpintería con micropuntas, cianoacrilato súper pegamento para plástico, vidrio, cerámica, bricolaje",https://www.amazon.com.mx/dp/B08X4KX1VW,https://www.amazon.com/dp/B08X4KX1VW,DOFER,
Hogar y Cocina,B0BXT1SDNJ,2,Herramientas y Mejoras del Hogar,disponible,disponible,,,2025-10-29T22:08:27.305Z,2025-10-30T03:55:06.689Z,2025-10-30T16:00:29.035Z,784.59,19.99,$769.27,"AISINYI - Cabezal de ducha de alta presión, cabezal de ducha de 6 pulgadas con reemplazo ajustable perfecto, restrictor extraíble, fácil instalación para tus cabezales de ducha de baño (chapado en",https://www.amazon.com.mx/dp/B0BXT1SDNJ,https://www.amazon.com/dp/B0BXT1SDNJ,M&H Customer Friendly Store,AISINYI
,B0C5W8W9SD,2,Herramientas y Mejoras del Hogar,disponible,no disponible,,,2025-10-29T22:08:27.306Z,2025-10-30T03:55:13.943Z,2025-10-30T16:00:37.561Z,1224.78,,"$1,208.04","Angus Stoke - Bolsa de piel para cuchillos de chef, 7 ranuras y 1 bolsillo con cierre, funda de piel genuino de búfalo Nils (caoba)",https://www.amazon.com.mx/dp/B0C5W8W9SD,https://www.amazon.com/dp/B0C5W8W9SD,SRKSB LLC,
,B0BRD2MX15,2,Herramientas y Mejoras del Hogar,disponible,no disponible,,,2025-10-29T22:08:27.306Z,2025-10-30T03:55:21.917Z,2025-10-30T16:00:46.064Z,541,,$532.38,"Cuadrados de arranque de fuego 64 - Arrancadores de fuego para chimenea, chimenea, parrilla de barbacoa, fuego de camping, estufa de leña, resistente al agua y seguro, sin olor, accesorios de camping",https://www.amazon.com.mx/dp/B0BRD2MX15,https://www.amazon.com/dp/B0BRD2MX15,MSTZKN SHİPMENT,
,B0C2B6RSDX,2,Herramientas y Mejoras del Hogar,disponible,no disponible,,,2025-10-29T22:08:27.306Z,2025-10-30T03:55:29.235Z,2025-10-30T16:00:54.857Z,559.32,,$551.79,"TP-Link's 1st Matter Interruptor de luz inteligente: control de voz con asistente Siri, Alexa y Google | Certificado UL | Temporizador y programación | Instalación fácil guiada | Se requiere cable neutro | Solo poste | Tapo S505",https://www.amazon.com.mx/dp/B0C2B6RSDX,https://www.amazon.com/dp/B0C2B6RSDX,SRKSB LLC,
Hogar y Cocina,B0CFJXRGSC,2,Herramientas y Mejoras del Hogar,disponible,disponible,,,2025-10-29T22:08:40.392Z,2025-10-30T03:55:38.783Z,2025-10-30T16:01:03.591Z,540.99,9.99,$503.76,"Kit de reparación de piel para muebles de 4 x 63 pulgadas, parche de reparación de cinta de piel autoadhesivo para sofá y asiento de coche, sofá, asiento de barco, silla, café",https://www.amazon.com.mx/dp/B0CFJXRGSC,https://www.amazon.com/dp/B0CFJXRGSC,MSTZKN SHİPMENT,OAZ
,B0CVV5XF6P,2,Herramientas y Mejoras del Hogar,disponible,no disponible,,,2025-10-29T22:08:40.392Z,2025-10-30T03:55:46.198Z,2025-10-30T16:01:10.904Z,833.54,,$789.10,"BARIEN (5 tamaños: 3 - 4 - 5 - 6 - 8 pulgadas) - Juego de 4 patas de madera para muebles, patas cuadradas para sofá, patas de sofá, patas de repuesto modernas de mediados de siglo café para sillón,",https://www.amazon.com.mx/dp/B0CVV5XF6P,https://www.amazon.com/dp/B0CVV5XF6P,ElBazarMexicano,
,B0DHGY2GRH,2,Herramientas y Mejoras del Hogar,disponible,no disponible,,,2025-10-29T22:08:40.392Z,2025-10-30T03:55:54.336Z,2025-10-30T16:01:18.395Z,414.2,,$411.27,Cinta adhesiva para Sonny Baby – 108 almohadillas para orejas adhesivas de doble cara con pegamento transparente para masilla de repuesto de Sonny,https://www.amazon.com.mx/dp/B0DHGY2GRH,https://www.amazon.com/dp/B0DHGY2GRH,M&H Customer Friendly Store,
,B0C3CZTPV1,2,Herramientas y Mejoras del Hogar,disponible,no disponible,,,2025-10-29T22:08:40.393Z,2025-10-30T03:56:02.489Z,2025-10-30T16:01:25.243Z,556.6,,$646.10,"WENHUALI - 2 ruedas de pulido para banco, dureza 9P, rueda de pulido de 6 pulgadas, gran ahorro de tiempo para limpiar las marcas en palos de golf de metal, grano 180 de 1 pulgada de grosor para cenador de 1/2 pulgadas",https://www.amazon.com.mx/dp/B0C3CZTPV1,https://www.amazon.com/dp/B0C3CZTPV1,Amazon Estados Unidos,
,B0D1KJ43N3,2,Herramientas y Mejoras del Hogar,disponible,no disponible,,,2025-10-29T22:08:40.393Z,2025-10-30T03:56:10.254Z,2025-10-30T16:01:33.613Z,1301.37,,"$1,296.03","Btowin VCF - Patas de madera para muebles de 22 cm con ruedas, 4 patas negras de madera maciza para gabinete, calabaza redonda de madera torneada de madera para sofá, sillón, silla, reclinable,",https://www.amazon.com.mx/dp/B0D1KJ43N3,https://www.amazon.com/dp/B0D1KJ43N3,Lumexa Online MX,
,B0CRR4D9XJ,2,Herramientas y Mejoras del Hogar,disponible,no disponible,,,2025-10-29T22:08:40.393Z,2025-10-30T03:56:18.359Z,2025-10-30T16:01:41.145Z,1010.31,,"$1,003.60","Borde de Goma, Protector Autoadhesivo en Forma de U para tableros de contrachapado, Borde de Madera en Forma de U de 10 mm, reparación Flexible de Muebles, Longitud de 6 m",https://www.amazon.com.mx/dp/B0CRR4D9XJ,https://www.amazon.com/dp/B0CRR4D9XJ,SIDE SHOP,
,B0DZGVK13J,2,Herramientas y Mejoras del Hogar,disponible,disponible,,,2025-10-29T22:08:40.393Z,2025-10-30T03:56:27.149Z,2025-10-30T16:01:48.847Z,675.65,14.99,$642.14,"Semrien - 120 bridas de montaje a presión, varios tamaños, nailon negro, abrazaderas de montaje a presión, abrazaderas de arnés de alambre, 6 tipos de bridas de cierre a presión, bridas de alambre",https://www.amazon.com.mx/dp/B0DZGVK13J,https://www.amazon.com/dp/B0DZGVK13J,Novayu,Semsow
Hogar y Cocina,B0CP5NZGQ1,2,Herramientas y Mejoras del Hogar,disponible,no disponible,,,2025-10-29T22:08:40.393Z,2025-10-30T03:56:34.843Z,2025-10-30T16:01:55.835Z,1221.65,,"$1,198.65","Larkvue - Cadena de luces LED de 96 pies para exteriores, impermeables, con 30+2 bombillas de plástico regulables, luces Edison clásico de 2700 K, color blanco",https://www.amazon.com.mx/dp/B0CP5NZGQ1,https://www.amazon.com/dp/B0CP5NZGQ1,SRKSB LLC,
,B0D73NMKGG,2,Herramientas y Mejoras del Hogar,disponible,no disponible,,,2025-10-29T22:08:40.393Z,2025-10-30T03:56:43.464Z,2025-10-30T16:02:03.267Z,542.11,,$530.56,"Pegamento de reparación de metal, 2 partes de metal a metal, pegamento de soldadura de 1.7 onzas, relleno de metal líquido, adecuado para metal, plástico, cerámica y acero, pegamento epoxi de alta",https://www.amazon.com.mx/dp/B0D73NMKGG,https://www.amazon.com/dp/B0D73NMKGG,MARVEL INC.,
Hogar y Cocina,B0B9SBW99F,2,Herramientas y Mejoras del Hogar,disponible,disponible,,,2025-10-29T22:08:40.393Z,2025-10-30T03:56:51.156Z,2025-10-30T16:02:10.144Z,1131.55,29.99,"$1,137.12","Asiento de inodoro comercial resistente abierto sin funda, material grueso, nunca se afloja, elástico, blanco (18.5 pulgadas), 1 paquete",https://www.amazon.com.mx/dp/B0B9SBW99F,https://www.amazon.com/dp/B0B9SBW99F,F4ST ORCHESTRA,CCBELLA
,B0CGMKG8RC,2,Herramientas y Mejoras del Hogar,disponible,disponible,,,2025-10-29T22:08:40.393Z,2025-10-30T03:56:59.559Z,2025-10-30T16:02:17.590Z,357.99,4.42,$375.04,"National Gun Trusts - Hecho en Estados Unidos - Tarjetas de huellas dactilares FD-258 2025, paquete de 6 - Versión 11-1-20",https://www.amazon.com.mx/dp/B0CGMKG8RC,https://www.amazon.com/dp/B0CGMKG8RC,GUTTIDIRECT,NationalGunTrusts
Hogar y Cocina,B0DLB52VPX,2,Herramientas y Mejoras del Hogar,disponible,disponible,,,2025-10-29T22:08:40.393Z,2025-10-30T03:57:07.677Z,2025-10-30T16:02:25.733Z,681.59,15.99,$642.48,"httpsmp - Tira de luz LED para exteriores de 32.8 pies, resistente al agua, IP68 exterior RGB+IC con aplicación/control remoto, modo persecución, cuerda de sincronización de música para balcón",https://www.amazon.com.mx/dp/B0DLB52VPX,https://www.amazon.com/dp/B0DLB52VPX,M&H Customer Friendly Store,httpsmp
,B004DP9X06,2,Herramientas y Mejoras del Hogar,disponible,no disponible,,,2025-10-29T22:08:40.394Z,2025-10-30T03:57:20.055Z,2025-10-30T16:02:39.756Z,903.15,,$863.46,Eyewash Pods 20ml- by Firstaid.co.uk,https://www.amazon.com.mx/dp/B004DP9X06,https://www.amazon.com/dp/B004DP9X06,Sky Ecommerce Store,
,B000TZ1SG6,2,Herramientas y Mejoras del Hogar,disponible,no disponible,,,2025-10-29T22:08:40.394Z,2025-10-30T03:57:28.336Z,2025-10-30T16:02:47.127Z,1396.98,,"$1,342.38",PFIZER Equine Kopertox Dressing,https://www.amazon.com.mx/dp/B000TZ1SG6,https://www.amazon.com/dp/B000TZ1SG6,M&H Customer Friendly Store,
,B0CD83ZB3B,2,Herramientas y Mejoras del Hogar,disponible,no disponible,,,2025-10-29T22:08:40.394Z,2025-10-30T03:57:37.268Z,2025-10-30T16:02:54.248Z,823.81,,$816.83,LOZAGU - Juego de 16 tuercas magnéticas largas para taladro de impacto | Juego de destornilladores de tuercas de 6 pulgadas de largo | SAE y métrico | vástago hexagonal de 1/4 pulgadas | acero Cr-V,https://www.amazon.com.mx/dp/B0CD83ZB3B,https://www.amazon.com/dp/B0CD83ZB3B,M&H Customer Friendly Store,
,B0D7KWWWPX,2,Herramientas y Mejoras del Hogar,disponible,no disponible,,,2025-10-29T22:08:40.394Z,2025-10-30T03:57:45.255Z,2025-10-30T16:03:02.633Z,484.46,,$458.78,"GURADESIGN - Juego de adaptadores de enchufe de impacto de 11 piezas, vástago hexagonal de 3/6 pulgadas, adaptador de taladro y driver para destornilladores de impacto de 1/4"", 3/8"", 1/2""",https://www.amazon.com.mx/dp/B0D7KWWWPX,https://www.amazon.com/dp/B0D7KWWWPX,Rendomin,
,B0CLLQWZ2W,2,Herramientas y Mejoras del Hogar,disponible,disponible,,,2025-10-29T22:08:53.798Z,2025-10-30T03:57:53.946Z,2025-10-30T16:03:09.556Z,2033.57,74.99,"$2,028.80","Unsvorns Almohada nasal, conjunto de sistema de marco de máscara nasal CPAP, máscara nasal de nariz pequeña, mediana y grande",https://www.amazon.com.mx/dp/B0CLLQWZ2W,https://www.amazon.com/dp/B0CLLQWZ2W,OLALOOK LLC,Unsvorns Direct
,B07S3Q4PWP,2,Herramientas y Mejoras del Hogar,disponible,no disponible,,,2025-10-29T22:08:53.799Z,2025-10-30T03:58:02.376Z,2025-10-30T16:03:16.786Z,779.54,,$760.77,Fischer's Bee Repelente rápido de abeja para quitar las abejas de miel del equipo de apicultura de una manera segura y orgánica (botella de 8 onzas),https://www.amazon.com.mx/dp/B07S3Q4PWP,https://www.amazon.com/dp/B07S3Q4PWP,IY Network,
Hogar y Cocina,B0BC4DS54B,2,Herramientas y Mejoras del Hogar,disponible,disponible,,,2025-10-29T22:08:53.799Z,2025-10-30T03:58:11.388Z,2025-10-30T16:03:24.891Z,706.45,18.99,$711.84,"LEDBeam 912 921 - foco LED para luces de marcha atrás, alta potencia, 7035, chipset, sin errores, T15 906 922 W16 W, 6000 K, blanco, paquete de 2",https://www.amazon.com.mx/dp/B0BC4DS54B,https://www.amazon.com/dp/B0BC4DS54B,DUKKI LLC,LEDBeam Technologies
,B0CLRS7CBL,2,Herramientas y Mejoras del Hogar,disponible,no disponible,,,2025-10-29T22:08:53.799Z,2025-10-30T03:58:20.185Z,2025-10-30T16:03:33.217Z,517.55,,$509.03,LOZAGU Juego de 17 destornilladores de tuercas magnéticas | SAE y métrico | Kit maestro de brocas de tuercas hexagonales de alta calidad | vástago hexagonal de 1/4 pulgadas | acero Cr-V (17,https://www.amazon.com.mx/dp/B0CLRS7CBL,https://www.amazon.com/dp/B0CLRS7CBL,SRKSB LLC,
,B0CTNXCB9K,2,Herramientas y Mejoras del Hogar,disponible,disponible,,,2025-10-29T22:08:53.799Z,2025-10-30T03:58:28.298Z,2025-10-30T16:03:42.120Z,1127.55,35,"$1,103.42","MODL Infinity Tool 2.0 Correas modulares (Paquete de 4) – Multiherramienta Flexible, Correa de Engranaje, Dispositivo portátil para Aventuras al Aire última intervensión, Supervivencia, Camping",https://www.amazon.com.mx/dp/B0CTNXCB9K,https://www.amazon.com/dp/B0CTNXCB9K,SRKSB LLC,"MODL, Inc."
,B0DSW2PKXY,2,Herramientas y Mejoras del Hogar,disponible,disponible,,,2025-10-29T22:08:53.799Z,2025-10-30T03:58:37.103Z,2025-10-30T16:03:49.746Z,540.99,9.99,$507.22,"Fursafe&Q - Copas de goma antideslizantes, para muebles, suelos de madera dura, posavasos con agarre antideslizante para el piso, tapones de cama para evitar deslizamientos, almohadillas para orejas",https://www.amazon.com.mx/dp/B0DSW2PKXY,https://www.amazon.com/dp/B0DSW2PKXY,MSTZKN SHİPMENT,Fursafe
Hogar y Cocina,B0DK9RMZMQ,2,Herramientas y Mejoras del Hogar,disponible,disponible,,,2025-10-29T22:08:53.799Z,2025-10-30T03:58:44.278Z,2025-10-30T16:03:58.164Z,746.89,18.99,$736.63,"FARVIGOR - Soporte de pared para papel higiénico, autoadhesivo, con estante, de acero inoxidable, impermeable, para baño, rollo de papel higiénico, a prueba de gato, perro, color gris",https://www.amazon.com.mx/dp/B0DK9RMZMQ,https://www.amazon.com/dp/B0DK9RMZMQ,SIDE SHOP,LaniEco US
,B0DKP6FBS7,2,Herramientas y Mejoras del Hogar,disponible,disponible,,,2025-10-29T22:08:53.799Z,2025-10-30T03:58:51.889Z,2025-10-30T16:04:06.771Z,567.57,9.96,$535.60,"Juego de 112 piezas, surtido de tuercas de bloqueo, tamaños métricos (M3, M4, M5, M6, M8, M10, M12), acero inoxidable 304, acabado brillante, inserto de nailon, con estuche resistente, tamaño",https://www.amazon.com.mx/dp/B0DKP6FBS7,https://www.amazon.com/dp/B0DKP6FBS7,Confido,HirtuOtter-USA
,B0D94RN2N6,2,Herramientas y Mejoras del Hogar,disponible,disponible,,,2025-10-29T22:08:53.799Z,2025-10-30T03:59:00.299Z,2025-10-30T16:04:15.050Z,596.65,12.99,$580.31,"CANAANIN - Soporte de sujeción con cierre, color resistente para cinturón de herramientas, organizado, fuerte y eficiente para almacenamiento de herramientas de electricista, reutilizable, portátil",https://www.amazon.com.mx/dp/B0D94RN2N6,https://www.amazon.com/dp/B0D94RN2N6,Rendomin,CANAANIN LLC
,B0D32V3SNT,2,Herramientas y Mejoras del Hogar,disponible,disponible,,,2025-10-29T22:08:53.800Z,2025-10-30T03:59:08.218Z,2025-10-30T16:04:22.988Z,804.51,18.04,$791.07,"Tiras de transición de piso de vinilo para puerta de umbral autoadhesivas de 36 pulgadas, umbral de 3/4 pulgadas ~ 4/5 pulgadas, tiras de transición para puertas, reductor de bordes para puerta/piso",https://www.amazon.com.mx/dp/B0D32V3SNT,https://www.amazon.com/dp/B0D32V3SNT,MUCH & MORE,Transition Strip
,B0D25ZJ53C,2,Herramientas y Mejoras del Hogar,disponible,disponible,,,2025-10-29T22:08:53.800Z,2025-10-30T03:59:16.342Z,2025-10-30T16:04:31.727Z,1621.8,47.99,"$1,611.69","Gisafai - 2 rejillas de ventilación de aleación de aluminio de 12 x 18 pulgadas, ventilación de pared con rejilla de retorno de visualización con tornillos, para ventilación de puertas exteriores",https://www.amazon.com.mx/dp/B0D25ZJ53C,https://www.amazon.com/dp/B0D25ZJ53C,MUCH & MORE,Mulisiu
,B0DBVCSRC8,2,Herramientas y Mejoras del Hogar,disponible,no disponible,,,2025-10-29T22:08:53.800Z,2025-10-30T03:59:23.180Z,2025-10-30T16:04:40.378Z,814.18,,$781.07,"Yaliuliu - Patas de muebles de madera modernas de mediados de siglo de 4 pulgadas, paquete de 4 – patas cuadradas de repuesto para sofá, sillón, mesa, cambiador, clóset, cama, silla, banco, mesita de",https://www.amazon.com.mx/dp/B0DBVCSRC8,https://www.amazon.com/dp/B0DBVCSRC8,MYSILKROAD LLC,
,B0002XI6GU,2,Herramientas y Mejoras del Hogar,disponible,no disponible,,,2025-10-29T22:08:53.800Z,2025-10-30T03:59:31.417Z,2025-10-30T16:04:48.433Z,877.59,,$852.27,"TUF-FOOT Liquid Foot, Hoof and Paw Protection - 7 oz",https://www.amazon.com.mx/dp/B0002XI6GU,https://www.amazon.com/dp/B0002XI6GU,DUKKI LLC,
,B0CQR8YYRR,2,Herramientas y Mejoras del Hogar,disponible,no disponible,,,2025-10-29T22:08:53.800Z,2025-10-30T03:59:40.574Z,2025-10-30T16:04:55.092Z,939.99,,$940.47,"Barydat Domino Tenon madera de haya de 5 mm x 19 mm x 30 mm, paquete de 300 pinzas sueltas de madera de haya compatibles con bloque de clavija de inserción de dominó para sistemas de carpintería,",https://www.amazon.com.mx/dp/B0CQR8YYRR,https://www.amazon.com/dp/B0CQR8YYRR,Abundant Peace,
,B0C9TN4VYX,2,Herramientas y Mejoras del Hogar,disponible,no disponible,,,2025-10-29T22:08:53.800Z,2025-10-30T03:59:47.735Z,2025-10-30T16:05:02.320Z,644.01,,$637.90,"MEKER - Paquete de 24 paquetes de cambio de color de fuego, fogatas, chimeneas al aire última intervensión, hoguera, fuego colorido cambiante, accesorios perfectos para acampar contra incendios para",https://www.amazon.com.mx/dp/B0C9TN4VYX,https://www.amazon.com/dp/B0C9TN4VYX,SRKSB LLC,
,B0DRPL4QBD,2,Herramientas y Mejoras del Hogar,disponible,disponible,,,2025-10-29T22:08:53.800Z,2025-10-30T03:59:56.200Z,2025-10-30T16:05:10.999Z,482.24,8.54,$478.45,"Berpahome - Señal de alto voltaje de peligro de choque eléctrico, 2 unidades, 10 x 7 pulgadas, plástico de 120 mil, protección UV, resistente a la intemperie, impermeable, tinta duradera, fácil de",https://www.amazon.com.mx/dp/B0DRPL4QBD,https://www.amazon.com/dp/B0DRPL4QBD,Rendosa,BerpaHome
Hogar y Cocina,B0F6VB9V13,2,Herramientas y Mejoras del Hogar,disponible,disponible,,,2025-10-29T22:09:08.012Z,2025-10-30T04:00:08.989Z,2025-10-30T16:05:24.497Z,488.95,7.99,$461.37,"Soporte de papel higiénico de ovejas, paquete de 1 bonito organizador de papel higiénico de animales, decoración y accesorios únicos de baño de granja, almacenamiento moderno en rollo de pañuelos",https://www.amazon.com.mx/dp/B0F6VB9V13,https://www.amazon.com/dp/B0F6VB9V13,MSTZKN SHİPMENT,The Big Giggle Factory
,B0D8SNJR5D,2,Herramientas y Mejoras del Hogar,disponible,disponible,,,2025-10-29T22:09:08.012Z,2025-10-30T04:00:16.690Z,2025-10-30T16:05:32.370Z,366.29,4.99,$388.15,"Números de casa de metal modernos de 4 pulgadas, números de dirección de metal y letras, número de buzón de puerta negra, letra de dirección de casa y número para oficina, hogar, granja exterior (0)",https://www.amazon.com.mx/dp/B0D8SNJR5D,https://www.amazon.com/dp/B0D8SNJR5D,DUKKI LLC,YJ-WORKSHOP
,B0BFGN5Y1R,2,Herramientas y Mejoras del Hogar,disponible,disponible,,,2025-10-29T22:09:08.013Z,2025-10-30T04:00:26.333Z,2025-10-30T16:05:41.644Z,890.2,26.99,$912.66,"Everness - Paquete de 3 mangueras cortas de repuesto para N20, reduce las fugas de aire y el sonido ruidoso, incluye 3 tubos cortos, codos de liberación rápida y giratorios en un solo paquete",https://www.amazon.com.mx/dp/B0BFGN5Y1R,https://www.amazon.com/dp/B0BFGN5Y1R,BELGUCAN Global,USA in Style
,B0DRFXGL7D,2,Herramientas y Mejoras del Hogar,disponible,disponible,,,2025-10-29T22:09:08.013Z,2025-10-30T04:00:34.865Z,2025-10-30T16:05:50.738Z,552.22,9.9,$505.83,"Clips de manguera de polvo para mangueras Festool D27, clips de 37 mm de diámetro, organizador de manguera para lijadora Festool y extractor de polvo (juego de 10)",https://www.amazon.com.mx/dp/B0DRFXGL7D,https://www.amazon.com/dp/B0DRFXGL7D,Novayu,JODDMTTY
,B0CF4GL3G8,2,Herramientas y Mejoras del Hogar,disponible,no disponible,,,2025-10-29T22:09:08.013Z,2025-10-30T04:00:42.562Z,2025-10-30T16:05:57.440Z,1361.81,,"$1,376.57","DMMNS - Batería mejorada de 20 V 6000 mAh, repuesto para BY519601 BY519603 BY519702, compatible con Skil PWRCORE 20 20 V Series Batería de herramientas eléctricas inalámbricas (no compatible con",https://www.amazon.com.mx/dp/B0CF4GL3G8,https://www.amazon.com/dp/B0CF4GL3G8,MYSILKROAD LLC,
,B0DZT5HPD3,2,Herramientas y Mejoras del Hogar,disponible,no disponible,,,2025-10-29T22:09:08.013Z,2025-10-30T04:00:50.958Z,2025-10-30T16:06:05.906Z,1284.76,,"$1,264.95","Tapete antideslizante para escaleras a juego para escalones de madera, alfombra cuadrada de 30 x 30 pulgadas, con respaldo de goma, lavable para escaleras de seguridad para interiores para niños",https://www.amazon.com.mx/dp/B0DZT5HPD3,https://www.amazon.com/dp/B0DZT5HPD3,SEONGSAN,
,B0DCC691HD,2,Herramientas y Mejoras del Hogar,disponible,no disponible,,,2025-10-29T22:09:08.013Z,2025-10-30T04:00:58.429Z,2025-10-30T16:06:13.094Z,649.35,,$655.15,"Txcucc - Juego de patas de madera sin terminar de 2 pulgadas para patas de cambiador, sofá, gabinete, otomano, bricolaje, patas de muebles de madera, juego de 4 tornillos M8 (2 pulgadas)",https://www.amazon.com.mx/dp/B0DCC691HD,https://www.amazon.com/dp/B0DCC691HD,M&H Customer Friendly Store,
,B0CTBTSXXV,2,Herramientas y Mejoras del Hogar,disponible,disponible,,,2025-10-29T22:09:08.013Z,2025-10-30T04:01:07.336Z,2025-10-30T16:06:19.834Z,1593.3,49.9,"$1,514.38",TYESTAND CPT-4 - Soportes de fregadero de montaje inferior ajustables de acero inoxidable para fregadero de cocina resistente (28-39.4 pulgadas (71-100 cm),https://www.amazon.com.mx/dp/B0CTBTSXXV,https://www.amazon.com/dp/B0CTBTSXXV,M&H Customer Friendly Store,Mansheng Store
,B0CH84WK5T,2,Herramientas y Mejoras del Hogar,disponible,disponible,,,2025-10-29T22:09:08.013Z,2025-10-30T04:01:15.071Z,2025-10-30T16:06:27.071Z,1339.83,36,"$1,321.11","TONYNOL Barra de extensión de impacto de 1 pulgada, 3 piezas (4"", 6"", 10""), acero Cr-Mo, con una funda de almacenamiento.",https://www.amazon.com.mx/dp/B0CH84WK5T,https://www.amazon.com/dp/B0CH84WK5T,M&H Customer Friendly Store,TONYNOL
,B0CCP6GQZM,2,Herramientas y Mejoras del Hogar,disponible,disponible,,,2025-10-29T22:09:08.013Z,2025-10-30T04:01:23.337Z,2025-10-30T16:06:34.923Z,704.68,15.99,$701.29,"Paquete de 20 bandejas organizadoras de caja de herramientas, 5 tamaños grandes de 12 pulgadas y almacenamiento, para martillo, llave, tornillo, organización de caja de herramientas de piezas",https://www.amazon.com.mx/dp/B0CCP6GQZM,https://www.amazon.com/dp/B0CCP6GQZM,BELGUCAN Global,xinzewei
Hogar y Cocina,B0B5SNS71N,2,Herramientas y Mejoras del Hogar,disponible,disponible,,,2025-10-29T22:09:08.013Z,2025-10-30T04:01:30.399Z,2025-10-30T16:06:43.065Z,874.55,23.99,$840.33,"WZKALY Soporte de papel higiénico con estante, dispensador de toallitas desechables y almacenamiento que se adapta a cualquier baño, mantiene tus toallitas húmedas ocultas – Organizador de baño de acero inoxidable para montaje en pared – (negro mate, rollo regular)",https://www.amazon.com.mx/dp/B0B5SNS71N,https://www.amazon.com/dp/B0B5SNS71N,M&H Customer Friendly Store,WZKALY-USA
,B0BGX8486C,2,Herramientas y Mejoras del Hogar,disponible,no disponible,,,2025-10-29T22:09:08.013Z,2025-10-30T04:01:38.021Z,2025-10-30T16:06:50.639Z,805.22,,$796.50,TITISKIN 151122-14 - Mango de interruptor de cubierta para pulidor DW849 tipo 2 y 3,https://www.amazon.com.mx/dp/B0BGX8486C,https://www.amazon.com/dp/B0BGX8486C,BELGUCAN Global,
,B0D7HFBGW7,2,Herramientas y Mejoras del Hogar,disponible,no disponible,,,2025-10-29T22:09:08.014Z,2025-10-30T04:01:46.494Z,2025-10-30T16:06:58.005Z,411.38,,$391.86,"Tuercas en T de 1/4 a 20 (paquete de 50), acero chapado en zinc, resistente a la corrosión, longitud del barril de 5/16 pulgadas, tuerca en T de 4 puntas para madera, soportes para escalada en roca,",https://www.amazon.com.mx/dp/B0D7HFBGW7,https://www.amazon.com/dp/B0D7HFBGW7,MSTZKN SHİPMENT,
,B0DQTFVZCZ,2,Herramientas y Mejoras del Hogar,disponible,disponible,,,2025-10-29T22:09:08.014Z,2025-10-30T04:01:53.708Z,2025-10-30T16:07:06.090Z,633.28,13.99,$609.13,"SOGCASE - Bolsa de herramientas con cinturón de herramientas para hombres, organizador de herramientas con cordón para trabajo al aire última intervensión",https://www.amazon.com.mx/dp/B0DQTFVZCZ,https://www.amazon.com/dp/B0DQTFVZCZ,Ovolos,SOGCASE us
Hogar y Cocina,B08M31MZ22,2,Herramientas y Mejoras del Hogar,disponible,no disponible,,,2025-10-29T22:09:08.014Z,2025-10-30T04:02:01.440Z,2025-10-30T16:07:14.082Z,1519.84,,"$1,549.20","MWZ - Apliques de pared modernos negros para iluminación, paquete de 2 lámparas rústicas doradas, sencillez, acabado bronce, brazo oscilante, luces de pared industriales para recámara, sala de estar,",https://www.amazon.com.mx/dp/B08M31MZ22,https://www.amazon.com/dp/B08M31MZ22,SRKSB LLC,
,B0C4LBW467,2,Herramientas y Mejoras del Hogar,disponible,no disponible,,,2025-10-29T22:09:08.014Z,2025-10-30T04:02:09.128Z,2025-10-30T16:07:22.307Z,760.12,,$747.41,"Rueda de pulido para taladro, 11 piezas de rueda de pulido para taladro con ejes hexagonales de 0.25 pulgadas, herramienta de pulido en forma de rueda para aluminio chapado en cromo para faros",https://www.amazon.com.mx/dp/B0C4LBW467,https://www.amazon.com/dp/B0C4LBW467,MYSILKROAD LLC,
,B08HCDL5T8,2,Herramientas y Mejoras del Hogar,disponible,no disponible,,,2025-10-29T22:09:17.537Z,2025-10-30T04:02:17.186Z,2025-10-30T16:07:30.039Z,2065.54,,"$1,994.84",Carril de guía lineal 2 rieles deslizantes lineales HGR de 20 a 1000 mm + 4 bloques de rodamiento riel de guía lineal para bricolaje enrutadores CNC Tornos fresadores,https://www.amazon.com.mx/dp/B08HCDL5T8,https://www.amazon.com/dp/B08HCDL5T8,High Quailty,
,B0BG98MRR8,2,Herramientas y Mejoras del Hogar,disponible,no disponible,,,2025-10-29T22:09:17.537Z,2025-10-30T04:02:24.074Z,2025-10-30T16:07:37.932Z,857.23,,$856.12,"WICKED WAX - (2 onzas) - Protección para cuchillos de corte - Para acero, madera, epoxi, plástico y piel, 100% orgánico y seguro para alimentos - (hecho en Estados Unidos) - Limpieza total y",https://www.amazon.com.mx/dp/B0BG98MRR8,https://www.amazon.com/dp/B0BG98MRR8,Abundant Peace,
,B0CRR5B2JV,2,Herramientas y Mejoras del Hogar,disponible,disponible,,,2025-10-29T22:09:17.537Z,2025-10-30T04:02:31.085Z,2025-10-30T16:07:45.508Z,1052.25,28.99,"$1,008.59","NFESOLAR Aireador solar de 4 W para estanque con batería de respaldo integrado de 2200 mAh, 3 modos de trabajo, 2 piedras de aire, bomba de aire solar para estanques de peces hidropónico",https://www.amazon.com.mx/dp/B0CRR5B2JV,https://www.amazon.com/dp/B0CRR5B2JV,MSTZKN SHİPMENT,NFESOLAR
Hogar y Cocina,B001U1KDDC,2,Herramientas y Mejoras del Hogar,disponible,no disponible,,,2025-10-29T22:09:17.537Z,2025-10-30T04:02:40.053Z,2025-10-30T16:07:53.618Z,854.01,,$835.10,Rust Kutter- Rust Converter 32oz,https://www.amazon.com.mx/dp/B001U1KDDC,https://www.amazon.com/dp/B001U1KDDC,LueKeen,
,B0CJ81D549,2,Herramientas y Mejoras del Hogar,disponible,disponible,,,2025-10-29T22:09:17.537Z,2025-10-30T04:02:53.442Z,2025-10-30T16:08:04.948Z,858,18.99,$806.63,"Set de 45 Cajas Organizadoras Cajones, Cajas Herramientas Almacenaje Plastico, Herramientas Mecanico Tornillos Accesorios y Piezas Pequeñas Organizador, Adecuado Aara Taller Mecanico Cochera, gris",https://www.amazon.com.mx/dp/B0CJ81D549,https://www.amazon.com/dp/B0CJ81D549,Ovolos,xinzewei
,B09SGLKB78,2,Herramientas y Mejoras del Hogar,disponible,no disponible,,,2025-10-29T22:09:17.537Z,2025-10-30T04:03:02.399Z,2025-10-30T16:08:13.840Z,1750.3,,"$1,744.19","AL-NEW Kit de limpieza y protección de 2 pasos | Limpia, restaura y protege tus muebles de patio al aire libre, puertas de garaje, luces exteriores, marcos de ventana y más (16 onzas)",https://www.amazon.com.mx/dp/B09SGLKB78,https://www.amazon.com/dp/B09SGLKB78,LueKeen,
,B0D9VD639C,2,Herramientas y Mejoras del Hogar,disponible,disponible,,,2025-10-29T22:09:17.537Z,2025-10-30T04:03:09.924Z,2025-10-30T16:08:22.115Z,946.51,24.89,$940.40,"WUEIBUZUDAO - Pies niveladores de alta resistencia, pies niveladores de máquina base de 2.3 pulgadas de diámetro, pies niveladores rosca M12, capacidad de 1200 libras, capacidad para banco de trabajo",https://www.amazon.com.mx/dp/B0D9VD639C,https://www.amazon.com/dp/B0D9VD639C,MYSILKROAD LLC,QUN246
,B0D3112ZP1,2,Herramientas y Mejoras del Hogar,disponible,no disponible,,,2025-10-29T22:09:17.537Z,2025-10-30T04:03:17.989Z,2025-10-30T16:08:30.305Z,660.73,,$620.30,"Placa frontal de acero para torno de madera, placa frontal de 3 pulgadas, placa frontal para torno de madera, placa frontal para husillo de 3/4 pulgadas x 16TPI",https://www.amazon.com.mx/dp/B0D3112ZP1,https://www.amazon.com/dp/B0D3112ZP1,MARVEL INC.,
,B09Y137DN9,2,Herramientas y Mejoras del Hogar,disponible,disponible,,,2025-10-29T22:09:17.538Z,2025-10-30T04:03:25.528Z,2025-10-30T16:08:39.221Z,416.01,5,$388.38,"AM1NAH - Papel pintado metálico con textura industrial, color gris oscuro, color café",https://www.amazon.com.mx/dp/B09Y137DN9,https://www.amazon.com/dp/B09Y137DN9,MARVEL INC.,microenergyshop
,B0D8KZ38WP,2,Herramientas y Mejoras del Hogar,disponible,no disponible,,,2025-10-29T22:09:17.538Z,2025-10-30T04:03:34.134Z,2025-10-30T16:08:47.809Z,768.75,,$767.64,Hopson Tools - Broca de carburo sólido para máquinas de unión DF500 Domino (6 mm de diámetro),https://www.amazon.com.mx/dp/B0D8KZ38WP,https://www.amazon.com/dp/B0D8KZ38WP,Abundant Peace,
,B0FG9CDMVV,2,Hogar y Cocina,disponible,no disponible,,,2025-10-29T22:09:23.807Z,2025-10-30T04:03:41.423Z,2025-10-30T16:08:55.139Z,1087.67,,"$1,086.56","Titan by Arctic Zone - Fiambrera expandible aislada, resistente a los aplastamientos con 2 paredes de hielo y forro a prueba de fugas, bolsa de preparación de comidas con correa y contenedor para",https://www.amazon.com.mx/dp/B0FG9CDMVV,https://www.amazon.com/dp/B0FG9CDMVV,Abundant Peace,
,B0DGQPFRWD,2,Hogar y Cocina,disponible,disponible,,,2025-10-29T22:09:23.807Z,2025-10-30T04:03:48.837Z,2025-10-30T16:09:03.913Z,472.02,8.19,$462.18,"Kit de 4 cepillos de brillo para zapatos de caballo para hombres y mujeres. Horsehair - cepillo para polvo para pulir zapatos, cepillo para polvo limpiador de gamuza de mango largo, aplicadores de",https://www.amazon.com.mx/dp/B0DGQPFRWD,https://www.amazon.com/dp/B0DGQPFRWD,GUTTIDIRECT,3A-International (USA)
Libros,B0CRLC59G4,2,Hogar y Cocina,disponible,disponible,,,2025-10-29T22:09:23.807Z,2025-10-30T04:03:57.478Z,2025-10-30T16:09:11.489Z,390,4.99,$389.42,"Libro de recetas perfecto en blanco, libro de recetas para escribir en tus propias recetas, organizar tus recetas, cubierta impermeable y 186 páginas en blanco (verde primavera)",https://www.amazon.com.mx/dp/B0CRLC59G4,https://www.amazon.com/dp/B0CRLC59G4,YENER EMIRHAN KAYA,Serrenf-Direct
,B07212SMJ8,2,Hogar y Cocina,disponible,no disponible,,,2025-10-29T22:09:23.807Z,2025-10-30T04:04:06.242Z,2025-10-30T16:09:18.937Z,472.76,,$470.60,"FeetPeople Premium Shoe Cream 1.5 Oz, Various Colors!",https://www.amazon.com.mx/dp/B07212SMJ8,https://www.amazon.com/dp/B07212SMJ8,M&H Customer Friendly Store,
,B0DSHWDY62,2,Hogar y Cocina,disponible,no disponible,,,2025-10-29T22:09:23.808Z,2025-10-30T04:04:14.233Z,2025-10-30T16:09:26.431Z,529.71,,$518.81,"Qucship Potente XXL - Limpiador de basura espumoso y desodorantes tabletas – Paquete de 24 unidades, limpiador de eliminación de basura con aroma a cítricos, limpiador de drenaje para fregadero para 1",https://www.amazon.com.mx/dp/B0DSHWDY62,https://www.amazon.com/dp/B0DSHWDY62,BİLGİ LTD,
,B0CKN8CKSV,2,Hogar y Cocina,disponible,disponible,,,2025-10-29T22:09:23.808Z,2025-10-30T04:04:21.874Z,2025-10-30T16:09:34.471Z,1617.14,48.99,"$1,602.06","Windyun - 100 bolsas de vino de arpillera, bolsas de regalo con etiquetas, 5.9 x 13.8 pulgadas, bolsas de vino de yute lisas para bodas, cumpleaños, catas a ciegas, Navidad, viajes, fiestas (azul",https://www.amazon.com.mx/dp/B0CKN8CKSV,https://www.amazon.com/dp/B0CKN8CKSV,SIDE SHOP,QaooJung
,B0D85JP55S,2,Hogar y Cocina,disponible,no disponible,,,2025-10-29T22:09:23.808Z,2025-10-30T04:04:30.794Z,2025-10-30T16:09:42.198Z,764.11,,$747.85,"Vivenzia - Bloques de cedro para almacenamiento de ropa, 40 tablones, bloques aromáticos para armarios, tablones de cedro para armarios",https://www.amazon.com.mx/dp/B0D85JP55S,https://www.amazon.com/dp/B0D85JP55S,SRKSB LLC,
Libros,B0F3CHJ7SV,2,Hogar y Cocina,disponible,no disponible,,,2025-10-29T22:09:23.808Z,2025-10-30T04:04:39.266Z,2025-10-30T16:09:50.137Z,868,,$836.83,"Mooliwe 4 Pcs Diamond Painting Notebook for Adults, Diamond Art Journal DIY Art Kits Sets A5 Leather Painting Sketchbook Back to School Supplies Gifts for Adults Beginners(Bohemian)",https://www.amazon.com.mx/dp/B0F3CHJ7SV,https://www.amazon.com/dp/B0F3CHJ7SV,XIJIANG,
,B0D9M5CYLN,2,Hogar y Cocina,disponible,no disponible,,,2025-10-29T22:09:23.808Z,2025-10-30T04:04:46.720Z,2025-10-30T16:09:58.809Z,763.05,,$747.85,"Estante para sombrero de vaquero para pared, soporte de pared para sombrero de vaquero con capacidad para hasta 4 sombreros, colgador de madera de metal rústico occidental con tablero de letrero de",https://www.amazon.com.mx/dp/B0D9M5CYLN,https://www.amazon.com/dp/B0D9M5CYLN,M&H Customer Friendly Store,
,B0D4299GN1,2,Hogar y Cocina,disponible,no disponible,,,2025-10-29T22:09:23.808Z,2025-10-30T04:04:54.077Z,2025-10-30T16:10:06.170Z,541,,$508.17,"Gribell - Spray profesional elástico para zapatos, para piel, botas y zapatos, pies anchos, suavizante de piel y estirador, botas, guantes, bolsas para mujeres y hombres, 4 onzas líquidas, Claro,",https://www.amazon.com.mx/dp/B0D4299GN1,https://www.amazon.com/dp/B0D4299GN1,MSTZKN SHİPMENT,
,B0DQ544PFF,2,Hogar y Cocina,disponible,no disponible,,,2025-10-29T22:09:23.808Z,2025-10-30T04:05:01.833Z,2025-10-30T16:10:14.176Z,1946.93,,"$1,843.38","Royal Luxe - Edredón de Fibra de plumón de Ganso – Relleno de edredón tamaño Queen, 100% algodón, edredón Ligero para Todas Las Estaciones, Ultra Suave y Lujosa, Ropa de Cama de Hotel, 88 x 88",https://www.amazon.com.mx/dp/B0DQ544PFF,https://www.amazon.com/dp/B0DQ544PFF,M&H Customer Friendly Store,
Libros,B0D9KKQV7C,2,Hogar y Cocina,disponible,disponible,,,2025-10-29T22:09:23.808Z,2025-10-30T04:05:10.244Z,2025-10-30T16:10:22.265Z,825,19.99,$747.85,"GoShambar Libro de recetas en blanco para escribir en tus propias recetas, cuaderno de recetas de piel, diario de recetas con capacidad para 150 recetas (recetas largas y recetas cortas) (naranja)",https://www.amazon.com.mx/dp/B0D9KKQV7C,https://www.amazon.com/dp/B0D9KKQV7C,HARCIN-STORE,GoShambar
,B0979V9FT3,2,Hogar y Cocina,disponible,no disponible,,,2025-10-29T22:09:23.809Z,2025-10-30T04:05:17.963Z,2025-10-30T16:10:29.687Z,515.42,,$507.07,Swipz - Toallitas limpiadoras para zapatos y zapatillas – Kit completo de borrador para zapatos de tenis – Paños limpiadores instantáneos de suela de piel blanco en 12 paquetes de viaje,https://www.amazon.com.mx/dp/B0979V9FT3,https://www.amazon.com/dp/B0979V9FT3,SRKSB LLC,
,B0CYQGD9YF,2,Hogar y Cocina,disponible,disponible,,,2025-10-29T22:09:23.809Z,2025-10-30T04:05:27.454Z,2025-10-30T16:10:37.069Z,1085.7,25.99,"$1,038.89","Kidaddle - Manta con peso de 7 libras para niños (azul), almohadilla de felpa con peso para regazo con bolsa de viaje para edades de 6 a 12 años",https://www.amazon.com.mx/dp/B0CYQGD9YF,https://www.amazon.com/dp/B0CYQGD9YF,MUCH & MORE,StockYourHome
,B0D9QF5SCT,2,Hogar y Cocina,disponible,disponible,,,2025-10-29T22:09:23.809Z,2025-10-30T04:05:39.985Z,2025-10-30T16:10:49.951Z,1395.29,43.99,"$1,364.61","Decoraciones Inflables de Halloween Al Aire Libre - Temática de Mouse, Calabaza Inflable, Lindas Decoraciones para Fiestas, Jardín y Césped",https://www.amazon.com.mx/dp/B0D9QF5SCT,https://www.amazon.com/dp/B0D9QF5SCT,TIME OF SHOP,Scoolary
Libros,B07LGDGGPW,2,Hogar y Cocina,disponible,disponible,,,2025-10-29T22:09:23.809Z,2025-10-30T04:05:48.921Z,2025-10-30T16:10:56.883Z,520.15,9.99,$533.01,"Eleclassi - Juego de 6 manteles desechables de plástico de primera calidad, 54 x 108 pulgadas, mantel de plástico desechable para mesa rectangular de hasta 8 pies, mantel rectangular rojo",https://www.amazon.com.mx/dp/B07LGDGGPW,https://www.amazon.com/dp/B07LGDGGPW,GUTTIDIRECT,TRUSTAO
,B0DDSP8GNC,2,Hogar y Cocina,disponible,no disponible,,,2025-10-29T22:09:32.484Z,2025-10-30T04:05:57.188Z,2025-10-30T16:11:03.954Z,1102.34,,"$1,025.96","Perchas de madera con hombros anchos, acabado suave de alta calidad, antideslizantes, anchas, ganchos de madera, paquete de 10 unidades, para clóset, chamarra, vestido, soporta hasta 20 libras, gancho",https://www.amazon.com.mx/dp/B0DDSP8GNC,https://www.amazon.com/dp/B0DDSP8GNC,MARVEL INC.,
,B0CSKK2735,2,Hogar y Cocina,disponible,no disponible,,,2025-10-29T22:09:32.484Z,2025-10-30T04:06:05.377Z,2025-10-30T16:11:11.047Z,839.1,,$835.04,"Fabricoat - Pintura de tela – Restaura o cambia el color de cualquier tela, pinta directamente sobre la tela, transforma cualquier cosa, sofás, pantallas de lámpara, interiores de automóviles (500 ml,",https://www.amazon.com.mx/dp/B0CSKK2735,https://www.amazon.com/dp/B0CSKK2735,GUTTIDIRECT,
,B0FG914PVK,2,Hogar y Cocina,disponible,disponible,,,2025-10-29T22:09:32.484Z,2025-10-30T04:06:14.814Z,2025-10-30T16:11:20.374Z,589.43,12.95,$587.03,"Casanero - Paquete de 12 esponjas de silicona para fregar resistentes, antiarañazos, reutilizables, sin olor, limpieza multiusos para platos, antiadherentes, encimeras",https://www.amazon.com.mx/dp/B0FG914PVK,https://www.amazon.com/dp/B0FG914PVK,Rendomin,BLACK NEON
,B0C76YTGBH,2,Hogar y Cocina,disponible,no disponible,,,2025-10-29T22:09:32.484Z,2025-10-30T04:06:22.333Z,2025-10-30T16:11:27.563Z,515.86,,$503.53,"MEKER Aceite de visón para botas de piel, acondicionador de piel y limpiador de 3.5 onzas, totalmente natural, impermeable, suavizan y restauran los zapatos",https://www.amazon.com.mx/dp/B0C76YTGBH,https://www.amazon.com/dp/B0C76YTGBH,PRCOM,
,B0D8FW1MVX,2,Hogar y Cocina,disponible,no disponible,,,2025-10-29T22:09:32.485Z,2025-10-30T04:06:31.348Z,2025-10-30T16:11:35.227Z,644.14,,$657.51,"Bluebird - Pasta de modelado de 28.5 onzas / 800 GM - Alta densidad, acrílico medio, para textura y grosor, aditivo de dimensiones",https://www.amazon.com.mx/dp/B0D8FW1MVX,https://www.amazon.com/dp/B0D8FW1MVX,GUTTIDIRECT,
,B0DLW6J1W8,2,Hogar y Cocina,disponible,no disponible,,,2025-10-29T22:09:32.485Z,2025-10-30T04:06:39.496Z,2025-10-30T16:11:42.200Z,1046.66,,"$1,033.13","Uzecpk Kits de encuadernación de libros, materiales de encuadernación de libros, suministros de encuadernación, kit de encuadernación, kit de fabricación de libros con punzón de carpeta de huesos de",https://www.amazon.com.mx/dp/B0DLW6J1W8,https://www.amazon.com/dp/B0DLW6J1W8,M&H Customer Friendly Store,
,B07SRRQS5B,2,Hogar y Cocina,disponible,no disponible,,,2025-10-29T22:09:32.485Z,2025-10-30T04:06:48.450Z,2025-10-30T16:11:49.687Z,670.75,,$654.38,"napfun Almohada de cuello para viajes, almohada de cuello de viaje mejorada para avión 100% espuma viscoelástica pura para dormir en vuelo, reposacabezas y accesorios portátiles de avión, color gris claro",https://www.amazon.com.mx/dp/B07SRRQS5B,https://www.amazon.com/dp/B07SRRQS5B,M&H Customer Friendly Store,
,B0F25YMFVZ,2,Hogar y Cocina,disponible,no disponible,,,2025-10-29T22:09:32.485Z,2025-10-30T04:06:57.095Z,2025-10-30T16:11:57.262Z,859.17,,$863.45,"FlyDOIT - Alfombras decorativas grandes, diseño teñido anudado, pelo largo, esponjosas, ultrasuaves, afelpadas, modernas, mullidas, para hogar, residencia universitaria, blanco/gris, 1.2 x 1.6 metros",https://www.amazon.com.mx/dp/B0F25YMFVZ,https://www.amazon.com/dp/B0F25YMFVZ,SHERIFF EXPRESS,
,B0DMD7CPNR,2,Hogar y Cocina,disponible,no disponible,,,2025-10-29T22:09:32.485Z,2025-10-30T04:07:05.590Z,2025-10-30T16:12:05.313Z,1600.3,,"$1,594.19","Harwaya - Estantes flotantes de 36 pulgadas de largo para pared, estantes grandes para libros de pared para recámara, estantería rústica de madera montada en la pared para sala de estar, oficina,",https://www.amazon.com.mx/dp/B0DMD7CPNR,https://www.amazon.com/dp/B0DMD7CPNR,LueKeen,
,B0D6R9SR13,2,Hogar y Cocina,disponible,no disponible,,,2025-10-29T22:09:32.485Z,2025-10-30T04:07:14.699Z,2025-10-30T16:12:12.912Z,1111.7,,"$1,068.26","Regalos de cumpleaños para mujeres, amistad, regalos únicos para el día de la madre, para mamá, con bolsa de lona",https://www.amazon.com.mx/dp/B0D6R9SR13,https://www.amazon.com/dp/B0D6R9SR13,Ovolos,
,B0D5QJVXPB,2,Hogar y Cocina,disponible,no disponible,,,2025-10-29T22:09:32.485Z,2025-10-30T04:07:21.998Z,2025-10-30T16:12:20.700Z,2301.46,,"$2,296.94","Amagenix - Persianas enrollables para exteriores (8 pies de ancho x 8 pies de alto), persianas enrollables para exteriores con 90% de protección UV, postes de dos secciones con tela de una pieza",https://www.amazon.com.mx/dp/B0D5QJVXPB,https://www.amazon.com/dp/B0D5QJVXPB,Lumexa Online MX,
,B0DQ549CMX,2,Hogar y Cocina,disponible,no disponible,,,2025-10-29T22:09:32.485Z,2025-10-30T04:07:30.307Z,2025-10-30T16:12:29.345Z,2178.64,,"$2,108.46","Royal Luxe - Edredón de Fibra de plumón de Ganso – Relleno de edredón tamaño King, 100% algodón, edredón Ligero para Todas Las Estaciones, Ultra Suave y Lujosa, Ropa de Cama de Hotel, 104 x 88",https://www.amazon.com.mx/dp/B0DQ549CMX,https://www.amazon.com/dp/B0DQ549CMX,SRKSB LLC,
,B0BPXYLMJD,2,Hogar y Cocina,disponible,no disponible,,,2025-10-29T22:09:32.485Z,2025-10-30T04:07:38.627Z,2025-10-30T16:12:36.609Z,534.21,,$528.59,Frankincense Resins | Incienso Boswellia Sacra Frankincense | Incienso Chruch Inciense Goma de Olibanum Bulk |Luban 100 gramos (3.5 oz),https://www.amazon.com.mx/dp/B0BPXYLMJD,https://www.amazon.com/dp/B0BPXYLMJD,DUKKI LLC,
,B0CSMD77FP,2,Hogar y Cocina,disponible,disponible,,,2025-10-29T22:09:32.486Z,2025-10-30T04:07:48.399Z,2025-10-30T16:12:43.657Z,1084.03,27.54,"$1,053.34","Shinylin - 12 bolsas de lona estéticas a granel, bolsa de compras para regalo de Acción de Gracias para mujeres",https://www.amazon.com.mx/dp/B0CSMD77FP,https://www.amazon.com/dp/B0CSMD77FP,Rendomin,Rhygdom
,B0CL9J467P,2,Hogar y Cocina,disponible,no disponible,,,2025-10-29T22:09:32.486Z,2025-10-30T04:07:55.842Z,2025-10-30T16:12:51.207Z,2848.03,,"$2,748.01","VIHOSE - Árbol de abedul con luz de Navidad de 6 pies y 384 luces LED de Navidad, ramita artificial con luz blanca cálida, para decoración de interiores y exteriores para el hogar, fiesta, día festivo",https://www.amazon.com.mx/dp/B0CL9J467P,https://www.amazon.com/dp/B0CL9J467P,Ozden Store,
,B0F66TVDFT,2,Hogar y Cocina,disponible,no disponible,,,2025-10-29T22:09:42.674Z,2025-10-30T04:08:03.998Z,2025-10-30T16:12:57.929Z,533.45,,$507.89,"Vela de otoño, velas perfumadas de calabaza con especias para el hogar, vela de aromaterapia natural de soja y otoño, velas de aromaterapia, velas de tarro de 7 onzas, regalos de otoño para mujeres y",https://www.amazon.com.mx/dp/B0F66TVDFT,https://www.amazon.com/dp/B0F66TVDFT,IY Network,
,B0DDKMJ11R,2,Hogar y Cocina,disponible,disponible,,,2025-10-29T22:09:42.674Z,2025-10-30T04:08:11.469Z,2025-10-30T16:13:06.402Z,675.25,14.99,$646.59,"Paterr - 4 bolsas de recuerdo de la ciudad, Nueva York, Chicago Seattle Los Ángeles, Boston San Francisco París Italia Las Vegas Nashville",https://www.amazon.com.mx/dp/B0DDKMJ11R,https://www.amazon.com/dp/B0DDKMJ11R,TIME OF SHOP,GureJion
,B0D5PTTMT3,2,Hogar y Cocina,disponible,no disponible,,,2025-10-29T22:09:42.674Z,2025-10-30T04:08:20.343Z,2025-10-30T16:13:13.708Z,2305.23,,"$2,296.94","Amagenix - Persianas enrollables para exteriores (8 pies de ancho x 8 pies de alto), persianas enrollables para exteriores con 90% de protección UV, postes de dos secciones con tela de una pieza,",https://www.amazon.com.mx/dp/B0D5PTTMT3,https://www.amazon.com/dp/B0D5PTTMT3,Lumexa Online MX,
,B01MR5YEB0,2,Hogar y Cocina,disponible,no disponible,,,2025-10-29T22:09:42.674Z,2025-10-30T04:08:33.493Z,2025-10-30T16:13:26.561Z,499.36,,$496.89,Meltonian Tarro Esmalte de zapatos para Unisex adulto,https://www.amazon.com.mx/dp/B01MR5YEB0,https://www.amazon.com/dp/B01MR5YEB0,GUTTIDIRECT,
,B0DZX4N63B,2,Hogar y Cocina,disponible,no disponible,,,2025-10-29T22:09:42.674Z,2025-10-30T04:08:40.903Z,2025-10-30T16:13:35.311Z,3909.24,,"$4,009.59","Mesa de centro moderna de vidrio de mediados de siglo para sala de estar, mesas de café pequeñas, adecuada para recámara, sala de estar, recepción, oficina (negro/transparente, pequeño)",https://www.amazon.com.mx/dp/B0DZX4N63B,https://www.amazon.com/dp/B0DZX4N63B,SRKSB LLC,
,B00D5TD0KA,2,Hogar y Cocina,disponible,no disponible,,,2025-10-29T22:09:42.675Z,2025-10-30T04:08:48.899Z,2025-10-30T16:13:44.394Z,701.34,,$667.96,Nushine White Gold Polish 50ml - eco-friendly formulation by Nushine,https://www.amazon.com.mx/dp/B00D5TD0KA,https://www.amazon.com/dp/B00D5TD0KA,MYSILKROAD LLC,
,B0DJCYM85W,2,Hogar y Cocina,disponible,no disponible,,,2025-10-29T22:09:42.675Z,2025-10-30T04:08:57.349Z,2025-10-30T16:13:51.901Z,1089.37,,"$1,079.04","Arena de fundición de malla ultradelgada de alta calidad 400 sin aceite para manualidades de joyería de metal, arena de fundición excepcional para réplicas detalladas en plata, cobre, bronce y más,",https://www.amazon.com.mx/dp/B0DJCYM85W,https://www.amazon.com/dp/B0DJCYM85W,SIDE SHOP,
,B0D6KBDV64,2,Hogar y Cocina,disponible,no disponible,,,2025-10-29T22:09:42.675Z,2025-10-30T04:09:06.109Z,2025-10-30T16:14:00.260Z,1026.33,,$994.84,"Evgoisle - Kit de pulido y brillo de zapatos, kit de cuidado de zapatos de viaje negro y café y neutro, kit de brillo de zapatos para botas de hombre",https://www.amazon.com.mx/dp/B0D6KBDV64,https://www.amazon.com/dp/B0D6KBDV64,AURATEM,
,B0F2SXZ3GL,2,Hogar y Cocina,disponible,no disponible,,,2025-10-29T22:09:42.675Z,2025-10-30T04:09:13.381Z,2025-10-30T16:14:08.385Z,635.74,,$670.89,"Tabla de lavar para lavar a mano, de plástico, para el hogar, portátil, con soporte para jabón (A-gris)",https://www.amazon.com.mx/dp/B0F2SXZ3GL,https://www.amazon.com/dp/B0F2SXZ3GL,SHERIFF EXPRESS,
,B0DFLM2JM1,2,Hogar y Cocina,disponible,no disponible,,,2025-10-29T22:09:42.675Z,2025-10-30T04:09:21.830Z,2025-10-30T16:14:15.525Z,1099.69,,"$1,066.08","BSRHOME - Juego de 9 marcos de fotos de 8 x 8 pulgadas, muestra imágenes de 4 x 4 pulgadas con alfombrilla o 8 x 8 pulgadas sin alfombrilla, marcos cuadrados de fotos para pared o mesa, madera natural",https://www.amazon.com.mx/dp/B0DFLM2JM1,https://www.amazon.com/dp/B0DFLM2JM1,MARVEL INC.,
,B0D9Q68KWC,2,Hogar y Cocina,disponible,no disponible,,,2025-10-29T22:09:42.675Z,2025-10-30T04:09:30.421Z,2025-10-30T16:14:23.502Z,1223.13,,"$1,251.00","FansArriche Airbrush Paint, 44 colores con 6 diluyente acríaire ceppintura de conjunto, listo para pulveria base de agua opy neón y pintura acríiridiscente para principiantes, artistas, 20 ml/botella",https://www.amazon.com.mx/dp/B0D9Q68KWC,https://www.amazon.com/dp/B0D9Q68KWC,M&H Customer Friendly Store,
,B0DTPVLNZT,2,Hogar y Cocina,disponible,no disponible,,,2025-10-29T22:09:42.675Z,2025-10-30T04:09:37.848Z,2025-10-30T16:14:32.224Z,506.95,,$503.76,"Kit de resina UV con luz, pegamento UV de 60 g con luz recargable, calcomanía UV de 5 segundos de curado rápido, kit de reparación transparente para resina de soldadura, unión de joyas, plástico",https://www.amazon.com.mx/dp/B0DTPVLNZT,https://www.amazon.com/dp/B0DTPVLNZT,M&H Customer Friendly Store,
,B0DFMJN48C,2,Hogar y Cocina,disponible,disponible,,,2025-10-29T22:09:42.675Z,2025-10-30T04:09:46.975Z,2025-10-30T16:14:39.736Z,1431.38,37.99,"$1,343.81","TEXAS LINEN CO. Juego de sábanas de percal King 100% algodón orgánico, sábanas de percal de algodón topo King, sábanas de percal de 4 piezas, tamaño King, sábanas crujientes y refrescantes, se adapta",https://www.amazon.com.mx/dp/B0DFMJN48C,https://www.amazon.com/dp/B0DFMJN48C,MARVEL INC.,Texas Linen Co.
,B0DLH3TTYB,2,Hogar y Cocina,disponible,no disponible,,,2025-10-29T22:09:42.676Z,2025-10-30T04:09:54.994Z,2025-10-30T16:14:48.869Z,659.49,,$651.59,"Never There Bombas de Baño Portátiles Y Discretas: Sin Olores, Ruidos Ni Manchas. Cápsulas Espumosas para Inodoro Y Eliminador de Olores para Mujeres Y Hombres.",https://www.amazon.com.mx/dp/B0DLH3TTYB,https://www.amazon.com/dp/B0DLH3TTYB,BELGUCAN Global,
,B0DJNK6V1Y,2,Hogar y Cocina,disponible,no disponible,,,2025-10-29T22:09:42.676Z,2025-10-30T04:10:03.530Z,2025-10-30T16:14:57.035Z,814.7,,$825.45,"Buzbug - Zapper LED para interiores y exteriores, lámpara de vida útil duradera de 10 años, batería recargable de 5200 mAh, Zapper portátil de mosquitos para camping, trampa para moscas - MA015C",https://www.amazon.com.mx/dp/B0DJNK6V1Y,https://www.amazon.com/dp/B0DJNK6V1Y,M&H Customer Friendly Store,
,B0DFX1LXRV,2,Hogar y Cocina,disponible,no disponible,,,2025-10-29T22:09:50.532Z,2025-10-30T04:10:12.869Z,2025-10-30T16:15:05.951Z,1424.46,,"$1,410.77","DMWOODFL Espejo de longitud completa arqueado de 58 x 18 pulgadas, de pie o montado en la pared con soporte, marco de aluminio y vidrio a prueba de roturas, espejo no empotrado dorado para recámara",https://www.amazon.com.mx/dp/B0DFX1LXRV,https://www.amazon.com/dp/B0DFX1LXRV,SRKSB LLC,
,B0DWXL721J,2,Hogar y Cocina,disponible,disponible,,,2025-10-29T22:09:50.533Z,2025-10-30T04:10:20.969Z,2025-10-30T16:15:13.337Z,463.18,6.99,$434.39,"Brohood - Grasa de grado alimenticio para batidora de soporte de cocina, 4.5 onzas de grasa apta para alimentos, universalmente para licuadoras, batidoras de soporte y procesadores de alimentos, evita",https://www.amazon.com.mx/dp/B0DWXL721J,https://www.amazon.com/dp/B0DWXL721J,MSTZKN SHİPMENT,FunnyUS
,B0DJH2823T,2,Hogar y Cocina,disponible,disponible,,,2025-10-29T22:09:50.533Z,2025-10-30T04:10:27.864Z,2025-10-30T16:15:21.830Z,1350.01,45.99,"$1,337.98","Repelente ultrasónico de mouse, repelente de ratones, repelente ultrasónico de plagas para interiores, 2025 mejorado, repelente ultrasónico de roedores de 360° con sensor PIR y luz estroboscópica LED",https://www.amazon.com.mx/dp/B0DJH2823T,https://www.amazon.com/dp/B0DJH2823T,SHOPENZA,Chimo Living
,B0DQDC3XLV,2,Hogar y Cocina,disponible,no disponible,,,2025-10-29T22:09:50.533Z,2025-10-30T04:10:36.193Z,2025-10-30T16:15:29.807Z,921.97,,$879.87,"JCJMY - Marco de fotos A2 de 16,5 x 23,4 pulgadas, color negro con alfombrilla A3 de 11,7 x 16,5 pulgadas, con alfombrilla o 16,5 x 23,4 pulgadas, marco grande para colgar en la pared con plexiglás,",https://www.amazon.com.mx/dp/B0DQDC3XLV,https://www.amazon.com/dp/B0DQDC3XLV,IY Network,
,B0D12P5YT3,2,Hogar y Cocina,disponible,no disponible,,,2025-10-29T22:09:50.533Z,2025-10-30T04:10:45.163Z,2025-10-30T16:15:38.039Z,799.42,,$817.21,Nukisa 10 Botellas Compatibles Con La Solución de Limpieza Tineco de 500 Ml Por Botella. Limpiador de Suelos Con Aromas de Lavanda Y Naranja. Compatible Con Todas Las Aspiradoras Robot Con Función De,https://www.amazon.com.mx/dp/B0D12P5YT3,https://www.amazon.com/dp/B0D12P5YT3,M&H Customer Friendly Store,
,B0D17MDSQR,2,Hogar y Cocina,disponible,no disponible,,,2025-10-29T22:09:50.533Z,2025-10-30T04:10:53.576Z,2025-10-30T16:15:45.445Z,754,,$749.72,"LPUSA - Velas cónicas altas marrones en espiral, velas pastel sin aroma para día festivo, bodas y decoración del hogar, 10 pulgadas, paquete de 12 (café degradado E)",https://www.amazon.com.mx/dp/B0D17MDSQR,https://www.amazon.com/dp/B0D17MDSQR,Rendomin,
,B001CE8JPQ,2,Hogar y Cocina,disponible,disponible,,,2025-10-29T22:09:50.533Z,2025-10-30T04:11:02.974Z,2025-10-30T16:15:53.533Z,946.5,27.95,$919.03,Micro Stitch Starter Kit-642210,https://www.amazon.com.mx/dp/B001CE8JPQ,https://www.amazon.com/dp/B001CE8JPQ,IY Network,Universal Sewing Supply
,B0DNDQY4V5,2,Hogar y Cocina,disponible,no disponible,,,2025-10-29T22:09:50.533Z,2025-10-30T04:11:11.076Z,2025-10-30T16:16:00.743Z,1658.41,,"$1,598.30","Woodure - Organizador de almacenamiento de juguetes de peluche, estantes pequeños, adecuado para juguetes de peluche, muñecos",https://www.amazon.com.mx/dp/B0DNDQY4V5,https://www.amazon.com/dp/B0DNDQY4V5,M&H Customer Friendly Store,
,B0CTQWGXPZ,2,Hogar y Cocina,disponible,no disponible,,,2025-10-29T22:09:50.534Z,2025-10-30T04:11:23.643Z,2025-10-30T16:16:12.607Z,827.55,,$819.21,"Fabricoat - Pintura de Tela para Restaurar o Cambiar el Color - Pinta Directamente Sobre Sofás, Pantallas de Lámpara, Interiores de Coche - Transforma Cualquier Cosa (500 ml, Gris)",https://www.amazon.com.mx/dp/B0CTQWGXPZ,https://www.amazon.com/dp/B0CTQWGXPZ,DUKKI LLC,
,B0D25B9T6K,2,Hogar y Cocina,disponible,disponible,,,2025-10-29T22:09:50.534Z,2025-10-30T04:11:32.794Z,2025-10-30T16:16:21.379Z,769.49,19.99,$766.12,"2 tapetes lavables para interiores de 18 x 30 pulgadas, antideslizantes, retro, absorbentes, para recámara, cocina, entrada, baño (18 x 30 pulgadas)",https://www.amazon.com.mx/dp/B0D25B9T6K,https://www.amazon.com/dp/B0D25B9T6K,SRKSB LLC,TIAN LIN1
,B0CLH9ZJMP,2,Hogar y Cocina,disponible,no disponible,,,2025-10-29T22:09:50.534Z,2025-10-30T04:11:40.753Z,2025-10-30T16:16:30.970Z,1936.95,,"$1,827.54","Sunny Side Up - Juego de edredón de 7 piezas tamaño matrimonial para niños de Bluey & Friends, incluye edredón, sábanas y funda de almohada, juego de cama de microfibra supersuave",https://www.amazon.com.mx/dp/B0CLH9ZJMP,https://www.amazon.com/dp/B0CLH9ZJMP,Smile Happy Store,
,B0DHGNNV2R,2,Hogar y Cocina,disponible,no disponible,,,2025-10-29T22:09:50.534Z,2025-10-30T04:11:49.377Z,2025-10-30T16:16:39.076Z,970.5,,$919.13,"THETCHRY - Tablas de cortar de grano final para cocina, tabla de cortar de madera, tabla de cortar de madera de acacia con ranura de jugo y asa, bloque de carnicero para carne, pan y frutas, 14",https://www.amazon.com.mx/dp/B0DHGNNV2R,https://www.amazon.com/dp/B0DHGNNV2R,SRKSB LLC,
,B0DY7Z42TC,2,Hogar y Cocina,disponible,disponible,,,2025-10-29T22:09:50.534Z,2025-10-30T04:11:58.702Z,2025-10-30T16:16:47.257Z,767.26,17.99,$704.08,"FuWeave - 2 toallas de mano de color rosa para baño, coqueta, moqueta, 100% algodón, absorbentes, decorativas, tela jacquard, decoración de baño, regalo, 13.7 x 29.5 pulgadas",https://www.amazon.com.mx/dp/B0DY7Z42TC,https://www.amazon.com/dp/B0DY7Z42TC,MSTZKN SHİPMENT,ChongYann
,B0DFLRHTF6,2,Hogar y Cocina,disponible,no disponible,,,2025-10-29T22:09:50.534Z,2025-10-30T04:12:06.481Z,2025-10-30T16:16:55.336Z,1046.66,,"$1,032.15","BSRHOME - Juego de 9 marcos de fotos de 8 x 8 pulgadas para imágenes de 4 x 4 pulgadas con alfombrilla o 8 x 8 pulgadas sin alfombrilla, marcos cuadrados de fotos para pared o mesa, dorado",https://www.amazon.com.mx/dp/B0DFLRHTF6,https://www.amazon.com/dp/B0DFLRHTF6,M&H Customer Friendly Store,
,B0CH55JWTJ,2,Hogar y Cocina,disponible,no disponible,,,2025-10-29T22:09:50.534Z,2025-10-30T04:12:13.941Z,2025-10-30T16:17:03.356Z,864.6,,$849.97,"PLEARTY Kintsugi - Kit de reparación de 50 ml de resina de linaza apta para alimentos, a prueba de lavaplatos, 60 g, polvo metálico de mica dorada en polvo de 15 páginas, el kit de Kintsugi más",https://www.amazon.com.mx/dp/B0CH55JWTJ,https://www.amazon.com/dp/B0CH55JWTJ,SRKSB LLC,
,B0C99BWS4C,2,Hogar y Cocina,disponible,no disponible,,,2025-10-29T22:10:03.067Z,2025-10-30T04:12:22.352Z,2025-10-30T16:17:10.881Z,1378.35,,"$1,336.81","LAVAUK - Frutero de madera de mango, tazón negro decorativo con pedestal de acabado natural, 12 pulgadas de diámetro, aspecto de doble tono, uso como centro de mesa para encimera de cocina o mesa de",https://www.amazon.com.mx/dp/B0C99BWS4C,https://www.amazon.com/dp/B0C99BWS4C,PEACEE STOREE,
,B0F43FHBR2,2,Hogar y Cocina,disponible,disponible,,,2025-10-29T22:10:03.067Z,2025-10-30T04:12:31.481Z,2025-10-30T16:17:17.976Z,394.7,4.99,$389.42,"TERPINK - Paquete de 2 tapas magnéticas para pajitas compatibles con vasos BrüMate All Era y Resa, tapas de silicona compatibles con accesorios Brumate, cubiertas de pajita, protectores de BPA (gris",https://www.amazon.com.mx/dp/B0F43FHBR2,https://www.amazon.com/dp/B0F43FHBR2,IY Network,MirageLeo8492
,B0CV3J3M6D,2,Hogar y Cocina,disponible,disponible,,,2025-10-29T22:10:03.067Z,2025-10-30T04:12:40.047Z,2025-10-30T16:17:25.109Z,2088.95,69.95,"$2,082.84","Vision Home - Cortinas opacas plisadas de lino con mezcla de lino para oscurecer la habitación, 84 pulgadas, para sala de estar, recámara, aislamiento térmico, cortinas plisadas con ganchos, 2 paneles",https://www.amazon.com.mx/dp/B0CV3J3M6D,https://www.amazon.com/dp/B0CV3J3M6D,ELEGANCE LLC.,VISION HOME
,B0DBKSSG52,2,Hogar y Cocina,disponible,no disponible,,,2025-10-29T22:10:03.068Z,2025-10-30T04:12:49.292Z,2025-10-30T16:17:33.256Z,912.69,,$901.11,"TIPSYTREE - Soporte para sombreros de vaquero, estante para sombreros de vaquero para pared con capacidad para hasta 6 sombreros, estantes de madera y metal occidentales, decoración rústica de tablero",https://www.amazon.com.mx/dp/B0DBKSSG52,https://www.amazon.com/dp/B0DBKSSG52,BELGUCAN Global,
,B0DJVY5C9D,2,Hogar y Cocina,disponible,no disponible,,,2025-10-29T22:10:03.068Z,2025-10-30T04:12:57.137Z,2025-10-30T16:17:40.757Z,639.87,,$626.87,"ICIMBI-Kit de moldes de supositorios reutilizables, 2 ml, moldes de supositorios de silicona | El kit incluye 4 bandejas para moldes de supositorios y 10 goteros para líquidos",https://www.amazon.com.mx/dp/B0DJVY5C9D,https://www.amazon.com/dp/B0DJVY5C9D,ArtBlue,
,B0D482VKTV,2,Hogar y Cocina,disponible,no disponible,,,2025-10-29T22:10:03.068Z,2025-10-30T04:13:04.764Z,2025-10-30T16:17:48.931Z,1801.41,,"$1,798.33","NUTUNI - Cáscara perforada para pizza, 16 pulgadas, paleta de pizza de aluminio, cáscara de pizza grande para hornear pan casero de pizza",https://www.amazon.com.mx/dp/B0D482VKTV,https://www.amazon.com/dp/B0D482VKTV,SEONGSAN,
,B0DBRTNPSJ,2,Hogar y Cocina,disponible,no disponible,,,2025-10-29T22:10:03.068Z,2025-10-30T04:13:13.395Z,2025-10-30T16:17:55.769Z,1362.35,,"$1,306.98","KNODOS - Tamper de café calibrado de 58 mm de nogal, autonivelante y 30 libras con resorte de diseño de base ondulada de acero inoxidable con 20 libras, 25 libras / 30 libras (58,3 mm)",https://www.amazon.com.mx/dp/B0DBRTNPSJ,https://www.amazon.com/dp/B0DBRTNPSJ,GUTTIDIRECT,
,B0D9FXN3XD,2,Hogar y Cocina,disponible,no disponible,,,2025-10-29T22:10:03.068Z,2025-10-30T04:13:20.758Z,2025-10-30T16:18:03.177Z,897.68,,$862.56,"Yadool Detergente Líquido Concentrado para Ropa de Seda y Lana, Sin Fragancia, Sin Químicos, Limpieza Suave, 16.91 Onzas",https://www.amazon.com.mx/dp/B0D9FXN3XD,https://www.amazon.com/dp/B0D9FXN3XD,M&H Customer Friendly Store,
,B0FG2PRBRY,2,Hogar y Cocina,disponible,disponible,,,2025-10-29T22:10:03.068Z,2025-10-30T04:13:29.886Z,2025-10-30T16:18:10.635Z,914.21,25.99,$890.22,"Repelente ultrasónico de control de plagas, repelente electrónico de arañas para interiores para insectos, cucarachas, roedores, hormigas, insectos, ratas, ratas, tapones, para casa, hogar, cocina",https://www.amazon.com.mx/dp/B0FG2PRBRY,https://www.amazon.com/dp/B0FG2PRBRY,GUTTIDIRECT,Frogoom Trading Inc.
,B016JPPDVU,2,Hogar y Cocina,disponible,no disponible,,,2025-10-29T22:10:03.068Z,2025-10-30T04:13:37.407Z,2025-10-30T16:18:18.354Z,1185.65,,"$1,176.86",Bruce Hardwood & Laminate Floor Cleanr - 64oz Refill - by Bruce Foods,https://www.amazon.com.mx/dp/B016JPPDVU,https://www.amazon.com/dp/B016JPPDVU,AURATEM,
,B0CJNPT6B6,2,Hogar y Cocina,disponible,no disponible,,,2025-10-29T22:10:03.068Z,2025-10-30T04:13:45.783Z,2025-10-30T16:18:26.558Z,877.85,,$833.56,"LPUSA - Velas cónicas de 12 pulgadas, sin perfume, sin humo, larga y alta, para veleros, palos, bodas, advientos, decoración del hogar, cenas, Navidad, juego de 12",https://www.amazon.com.mx/dp/B0CJNPT6B6,https://www.amazon.com/dp/B0CJNPT6B6,MARVEL INC.,
,B0DZNT6XQY,2,Hogar y Cocina,disponible,no disponible,,,2025-10-29T22:10:03.068Z,2025-10-30T04:13:54.182Z,2025-10-30T16:18:33.971Z,1546.09,,"$1,531.40","Juego de 2 tablas de cortar de bambú resistentes antideslizantes sobre el fregadero, grano sólido, tabla de cortar de madera gruesa, extragrande, grande, pequeño, mejor madera orgánica de madera dura",https://www.amazon.com.mx/dp/B0DZNT6XQY,https://www.amazon.com/dp/B0DZNT6XQY,SIDE SHOP,
,B0BD6Q1LZV,2,Hogar y Cocina,disponible,disponible,,,2025-10-29T22:10:03.069Z,2025-10-30T04:14:03.252Z,2025-10-30T16:18:41.217Z,1599.61,52.99,"$1,635.96","FELIDESIGN - Riel de cortina de techo para divisor de habitación, juego de rieles de montaje en techo con ganchos de rodillo, blanco, 6 pies - 9 pies",https://www.amazon.com.mx/dp/B0BD6Q1LZV,https://www.amazon.com/dp/B0BD6Q1LZV,SHERIFF EXPRESS,TINGXING
,B0CQT4Y4NF,2,Hogar y Cocina,disponible,no disponible,,,2025-10-29T22:10:03.069Z,2025-10-30T04:14:17.128Z,2025-10-30T16:18:54.316Z,1095.34,,"$1,070.57","LAMIT - Cortinas de lino para sala de estar y recámara, cortinas de arpillera con ojales de bronce para decoración de habitaciones, 52 x 84 pulgadas, juego de 2 paneles, color café",https://www.amazon.com.mx/dp/B0CQT4Y4NF,https://www.amazon.com/dp/B0CQT4Y4NF,TIME OF SHOP,
,B09WLF49ND,2,Hogar y Cocina,disponible,no disponible,,,2025-10-29T22:10:03.069Z,2025-10-30T04:14:26.606Z,2025-10-30T16:19:02.097Z,568.31,,$551.79,"KISREL Resina UV 300 g, kit de resina UV mejorado, tipo duro, resina epoxi UV de curado transparente, para manualidades, joyería",https://www.amazon.com.mx/dp/B09WLF49ND,https://www.amazon.com/dp/B09WLF49ND,Rendomin,
,B0DG7WCFCF,2,Hogar y Cocina,disponible,no disponible,,,2025-10-29T22:10:03.069Z,2025-10-30T04:14:34.182Z,2025-10-30T16:19:09.388Z,1666.49,,"$1,668.08","HIMEET - Juego de edredón matrimonial, 7 piezas, edredón, 208 x 218 cm, diseño de pliegues en pinza, juego de cama matrimonial con sábanas, almohadas y fundas, color naranja quemado terracota",https://www.amazon.com.mx/dp/B0DG7WCFCF,https://www.amazon.com/dp/B0DG7WCFCF,Abundant Peace,
,B0DQ8C8NCB,2,Hogar y Cocina,disponible,no disponible,,,2025-10-29T22:10:15.040Z,2025-10-30T04:14:43.030Z,2025-10-30T16:19:17.968Z,2961.96,,"$3,098.84","UNIKOME Edredón de plumas de ganso con diseño de pliegues de pellizco, relleno de edredón para todas las estaciones con funda de algodón 100% (King, blanco, 106 x 90 pulgadas)",https://www.amazon.com.mx/dp/B0DQ8C8NCB,https://www.amazon.com/dp/B0DQ8C8NCB,SEONGSAN,
,B0DHV7TJ36,2,Hogar y Cocina,disponible,no disponible,,,2025-10-29T22:10:15.040Z,2025-10-30T04:14:51.433Z,2025-10-30T16:19:24.568Z,758.88,,$734.96,"Fangfey Art: Decoración de pared de baño con león blanco y negro, arte único en lona impermeable, 8 x 10 pulgadas, para baño",https://www.amazon.com.mx/dp/B0DHV7TJ36,https://www.amazon.com/dp/B0DHV7TJ36,SRKSB LLC,
,B0CRDVBBY8,2,Hogar y Cocina,disponible,no disponible,,,2025-10-29T22:10:15.040Z,2025-10-30T04:14:58.671Z,2025-10-30T16:19:31.995Z,1216.44,,"$1,178.36","GLENCREAG MMT-3041 - Caja humidor de cigarros para 55 Unidades, diseño Transparente con Forro y Divisor de Cedro español, higrómetro Digital, cajón de Accesorios y humidificador, Regalo para",https://www.amazon.com.mx/dp/B0CRDVBBY8,https://www.amazon.com/dp/B0CRDVBBY8,M&H Customer Friendly Store,
,B0CKYQ4HM8,2,Hogar y Cocina,disponible,no disponible,,,2025-10-29T22:10:15.040Z,2025-10-30T04:15:06.554Z,2025-10-30T16:19:38.600Z,920.78,,$979.59,"CoolGift Mart Now Playing - Soporte para discos de vinilo, soporte para discos iluminados, exhibición de acrílico de madera con luces blancas cálidas para álbumes, decoración de habitación, para",https://www.amazon.com.mx/dp/B0CKYQ4HM8,https://www.amazon.com/dp/B0CKYQ4HM8,BELGUCAN Global,
,B0CNT6LD1Q,2,Hogar y Cocina,disponible,no disponible,,,2025-10-29T22:10:15.040Z,2025-10-30T04:15:14.311Z,2025-10-30T16:19:47.249Z,641.15,,$626.02,"Línea de gas Kegerator de CO2 de 5 pies y líneas de cerveza, manguera de gas de CO2 rojo ID de 5/16 pulgadas y líneas de barril de cerveza transparente de 3/16 pulgadas, tubo de PVC de grado",https://www.amazon.com.mx/dp/B0CNT6LD1Q,https://www.amazon.com/dp/B0CNT6LD1Q,LueKeen,
,B0BP4GV1TM,2,Hogar y Cocina,disponible,no disponible,,,2025-10-29T22:10:15.040Z,2025-10-30T04:15:23.719Z,2025-10-30T16:19:55.208Z,1217.63,,"$1,206.03","NATURE SUPPLIES - Juego de 3 unidades, 16.4 pulgadas Estantería de libros de guardería, estanterías de pared para decoración de habitación de niños, organizador de bebé para sala de juegos, estante de",https://www.amazon.com.mx/dp/B0BP4GV1TM,https://www.amazon.com/dp/B0BP4GV1TM,M&H Customer Friendly Store,
,B0D9N8PV8T,2,Hogar y Cocina,disponible,no disponible,,,2025-10-29T22:10:15.040Z,2025-10-30T04:15:32.828Z,2025-10-30T16:20:03.140Z,815.1,,$792.70,"DevotedWalls - Figura de Nuestra Señora de Guadalupe de 7 pulgadas, estatua mexicana de fe y esperanza, colección de santos católicos, regalo religioso, decoración del hogar y la iglesia, católica",https://www.amazon.com.mx/dp/B0D9N8PV8T,https://www.amazon.com/dp/B0D9N8PV8T,MARVEL INC.,
,B0CCDSXX11,2,Hogar y Cocina,disponible,no disponible,,,2025-10-29T22:10:15.040Z,2025-10-30T04:15:41.880Z,2025-10-30T16:20:11.356Z,975.31,,$941.05,"Juego de 4 individuales redondos, hechos a mano de yute natural trenzado y cordón de algodón blanco, resistentes al calor, diámetro de 32 cm, doble cara, marrón claro.",https://www.amazon.com.mx/dp/B0CCDSXX11,https://www.amazon.com/dp/B0CCDSXX11,TIME OF SHOP,
,B0CGTNMKDL,2,Hogar y Cocina,disponible,no disponible,,,2025-10-29T22:10:15.041Z,2025-10-30T04:15:49.713Z,2025-10-30T16:20:18.688Z,1809.28,,"$1,802.44","AOSKY - Persianas enrollables opacas para ventanas de oscurecimiento de habitación, persianas enrolladas con sistema de resorte, protección UV, persianas de puerta para el hogar y la oficina (44",https://www.amazon.com.mx/dp/B0CGTNMKDL,https://www.amazon.com/dp/B0CGTNMKDL,AISHAM FOREVER,
,B0DK5TS3FK,2,Hogar y Cocina,disponible,no disponible,,,2025-10-29T22:10:15.041Z,2025-10-30T04:15:58.778Z,2025-10-30T16:20:25.208Z,2492.16,,"$2,407.66","Countewol - Película de privacidad para ventana, película de vidrio para ventana, película de arco iris, no adhesiva, reutilizable, decorativa para habitación (arco iris de hoja, 45 x 157 pulgadas)",https://www.amazon.com.mx/dp/B0DK5TS3FK,https://www.amazon.com/dp/B0DK5TS3FK,Lumexa Online MX,
,B0F3X5RTVR,2,Hogar y Cocina,disponible,no disponible,,,2025-10-29T22:10:15.041Z,2025-10-30T04:16:07.095Z,2025-10-30T16:20:32.686Z,730.11,,$724.73,ROSE COTTAGE - Paquete grande de 12 sobres perfumados para colgar en fontanería hawaiana,https://www.amazon.com.mx/dp/B0F3X5RTVR,https://www.amazon.com/dp/B0F3X5RTVR,SRKSB LLC,
,B0DKJV8PDS,2,Hogar y Cocina,disponible,disponible,,,2025-10-29T22:10:15.041Z,2025-10-30T04:16:15.765Z,2025-10-30T16:20:41.010Z,1630.99,47.99,"$1,558.34","Hicarer - 4 piezas decorativas redondas y modernas para pared, espejo de metal, para recámara, sala de estar, entrada, comedor, pasillo (negro)",https://www.amazon.com.mx/dp/B0DKJV8PDS,https://www.amazon.com/dp/B0DKJV8PDS,Sky Ecommerce Store,Zheweir
,B07HHWGLFS,2,Hogar y Cocina,disponible,no disponible,,,2025-10-29T22:10:15.041Z,2025-10-30T04:16:24.971Z,2025-10-30T16:20:48.245Z,654.07,,$667.77,"Deschem - Termómetro de vidrio Celsius, 0 a 200 °C, longitud 300 mm, medidor de temperatura de laboratorio",https://www.amazon.com.mx/dp/B07HHWGLFS,https://www.amazon.com/dp/B07HHWGLFS,BELGUCAN Global,
,B0F3C48F8N,2,Hogar y Cocina,disponible,no disponible,,,2025-10-29T22:10:15.041Z,2025-10-30T04:16:32.458Z,2025-10-30T16:20:57.108Z,487.18,,$505.40,"FeelfunFeather - 300 plumas blancas para manualidades, 10 estilos mixtos decorativos natual pequeñas plumas para manualidades, ropa, joyas, pelo, boda, fiesta",https://www.amazon.com.mx/dp/B0F3C48F8N,https://www.amazon.com/dp/B0F3C48F8N,SHERIFF EXPRESS,
,B0DCG9V2LZ,2,Hogar y Cocina,disponible,no disponible,,,2025-10-29T22:10:15.041Z,2025-10-30T04:16:40.229Z,2025-10-30T16:21:04.996Z,1008.95,,$926.26,"HuggieGems - Paquete de 4 estantes magnéticos para almacenamiento de especias para refrigerador y horno, organizadores de nevera de madera y almacenamiento",https://www.amazon.com.mx/dp/B0DCG9V2LZ,https://www.amazon.com/dp/B0DCG9V2LZ,GUTTIDIRECT,
,B0F3VCGN91,2,Hogar y Cocina,disponible,no disponible,,,2025-10-29T22:10:15.042Z,2025-10-30T04:16:48.043Z,2025-10-30T16:21:13.547Z,590.53,,$586.42,"Organizador de baño de bambú, estante de almacenamiento pequeño para maquillaje, perfume, cuidado de la piel, estante de exhibición de cosméticos naturales para cambiador, fregadero, cocina, 10.2 x",https://www.amazon.com.mx/dp/B0F3VCGN91,https://www.amazon.com/dp/B0F3VCGN91,Rendomin,
,B0B5YH6VXB,2,Hogar y Cocina,disponible,no disponible,,,2025-10-29T22:10:24.458Z,2025-10-30T04:16:55.728Z,2025-10-30T16:21:21.818Z,1073.55,,"$1,064.54","Bask - Velas cónicas de 10 pulgadas, sin perfume y sin goteo, quema durante 8 horas, decoración del hogar para mesa, cocina y recámara, perfectas para una cita romántica o aniversario, paquete de 30",https://www.amazon.com.mx/dp/B0B5YH6VXB,https://www.amazon.com/dp/B0B5YH6VXB,BELGUCAN Global,
,B0DNWM224G,2,Hogar y Cocina,disponible,disponible,,,2025-10-29T22:10:24.459Z,2025-10-30T04:17:09.495Z,2025-10-30T16:21:33.410Z,886.5,23.99,$843.07,"NROZIET - Paquete de 1000 tazas de muestra de papel para degustar, taza de papel pequeña de 0.5 onzas, mini tazas de porción médica con forro a prueba de agua para chupitos de gelatina, postre",https://www.amazon.com.mx/dp/B0DNWM224G,https://www.amazon.com/dp/B0DNWM224G,Rendomin,NROZIET
,B09D6L3BWF,2,Hogar y Cocina,disponible,no disponible,,,2025-10-29T22:10:24.459Z,2025-10-30T04:17:18.135Z,2025-10-30T16:21:42.058Z,1113.85,,"$1,107.59","Kit de evaluación de oro y plata, 10 K, 14 K, 18 K, 22 K, 24 K, platino y paladio, metales preciosos 999 925 chatarra",https://www.amazon.com.mx/dp/B09D6L3BWF,https://www.amazon.com/dp/B09D6L3BWF,BELGUCAN Global,
,B0CDLQMKGG,2,Hogar y Cocina,disponible,disponible,,,2025-10-29T22:10:24.459Z,2025-10-30T04:17:25.113Z,2025-10-30T16:21:48.835Z,1081.99,32.86,"$1,070.97","Belledorm - Funda para somier, transforma tu cama con esta falda de cama de gamuza sintética totalmente elástica y elástica de 4 lados (carbón, matrimonial/matrimonial XL)",https://www.amazon.com.mx/dp/B0CDLQMKGG,https://www.amazon.com/dp/B0CDLQMKGG,SRKSB LLC,Belledorm
,B0CRHNDL91,2,Hogar y Cocina,disponible,no disponible,,,2025-10-29T22:10:24.459Z,2025-10-30T04:17:32.579Z,2025-10-30T16:21:55.438Z,523.3,,$508.97,"VIYYIEA - lona decorativo enmarcado para pared con soporte, impresión botánica minimalista, bohemio, arte de pared, diseño rústico, clásico de plantas, granja, casa de campo, cocina, decoración",https://www.amazon.com.mx/dp/B0CRHNDL91,https://www.amazon.com/dp/B0CRHNDL91,KRONOS STORE,
,B0CXLSR12H,2,Hogar y Cocina,disponible,no disponible,,,2025-10-29T22:10:24.459Z,2025-10-30T04:17:41.685Z,2025-10-30T16:22:04.335Z,920.99,,$922.58,"Soporte ergonómico inclinado para teclado de computadora, de acrílico, facilita el trabajo de tecleo, elevador de teclado con cómodo reposamuñecas, oficina, hogar, para todos los tamaños de teclado",https://www.amazon.com.mx/dp/B0CXLSR12H,https://www.amazon.com/dp/B0CXLSR12H,Abundant Peace,
,B0CY2KJR6L,2,Hogar y Cocina,disponible,no disponible,,,2025-10-29T22:10:24.459Z,2025-10-30T04:17:50.000Z,2025-10-30T16:22:11.688Z,2460.15,,"$2,373.09","Paquete de 7 estaciones de manipulación espresso y distribuidor de café, agitador WDT y espresso, embudo de dosificación de café, embudo de dosificación de café y visualización de disco espresso,",https://www.amazon.com.mx/dp/B0CY2KJR6L,https://www.amazon.com/dp/B0CY2KJR6L,LueKeen,
,B0CZJRGYYQ,2,Hogar y Cocina,disponible,disponible,,,2025-10-29T22:10:24.459Z,2025-10-30T04:17:59.260Z,2025-10-30T16:22:19.209Z,1863.89,59.99,"$1,843.38","BILEEHOME - Alfombra abstracta rosa de 5 x 7 pulgadas para sala de estar, lavable y antideslizante para recámara",https://www.amazon.com.mx/dp/B0CZJRGYYQ,https://www.amazon.com/dp/B0CZJRGYYQ,SHERIFF EXPRESS,BILEE-HOME
,B0DXLBC3KN,2,Hogar y Cocina,disponible,no disponible,,,2025-10-29T22:10:24.459Z,2025-10-30T04:18:07.441Z,2025-10-30T16:22:28.193Z,693.71,,$686.32,"Paquete de 12 velas cónicas azul marino, velas sin goteo de 10 pulgadas, tiempo de combustión de larga duración de 7 a 8 horas, perfectas para decoración del hogar, cena, fiesta, meditación",https://www.amazon.com.mx/dp/B0DXLBC3KN,https://www.amazon.com/dp/B0DXLBC3KN,SRKSB LLC,
,B0C4DXJQ77,2,Hogar y Cocina,disponible,disponible,,,2025-10-29T22:10:24.460Z,2025-10-30T04:18:15.830Z,2025-10-30T16:22:37.109Z,1738.46,49.99,"$1,727.69","Zzlpp - Juego de edredón tamaño king, 7 piezas, cama de sirsaca color negro en bolsa, todas las estaciones, 1 edredón, 2 fundas de almohada, 2 fundas de cojín, 1 sábana encimera, 1 sábana bajera",https://www.amazon.com.mx/dp/B0C4DXJQ77,https://www.amazon.com/dp/B0C4DXJQ77,SRKSB LLC,tianhuihome
,B0D53WN4DJ,2,Hogar y Cocina,disponible,no disponible,,,2025-10-29T22:10:24.460Z,2025-10-30T04:18:24.649Z,2025-10-30T16:22:45.134Z,589.91,,$585.52,"Obra de arte enmarcada, divertida, para colgar de la pared, vaca de las Tierras Altas, para baño, estilo rústico, decoración, 30 x 40 cm",https://www.amazon.com.mx/dp/B0D53WN4DJ,https://www.amazon.com/dp/B0D53WN4DJ,SRKSB LLC,
,B0D95SSQSG,2,Hogar y Cocina,disponible,no disponible,,,2025-10-29T22:10:24.460Z,2025-10-30T04:18:32.669Z,2025-10-30T16:22:52.823Z,3462.92,,"$3,626.99","Juego de 2 mesitas de noche flotantes modernas con cajón y estante abierto, cubrecito, pequeña mesita de noche con estación de carga, mesillas de noche montadas en la pared, juego de 2 para recámara,",https://www.amazon.com.mx/dp/B0D95SSQSG,https://www.amazon.com/dp/B0D95SSQSG,SRKSB LLC,
,B0CLVTP8ZX,2,Hogar y Cocina,disponible,no disponible,,,2025-10-29T22:10:24.460Z,2025-10-30T04:18:41.815Z,2025-10-30T16:23:00.848Z,591.4,,$584.00,"Cashmere Fragrance Oil (2 Fl oz) | Great for Making Homemade Soap, Candles, Lotion, Bath Bombs, Skin & Body Care | Vegan, Phthalate & Paraben Free",https://www.amazon.com.mx/dp/B0CLVTP8ZX,https://www.amazon.com/dp/B0CLVTP8ZX,GUTTIDIRECT,
,B0DQCV594K,2,Hogar y Cocina,disponible,no disponible,,,2025-10-29T22:10:24.460Z,2025-10-30T04:18:50.741Z,2025-10-30T16:23:08.915Z,1020.89,,"$1,056.07","Cesta de lavandería con ruedas, cesta de lavandería con tapa, cesta plegable para ropa sucia con ruedas con marco de bambú y bolsa para recámara, recámara, lavandería, color rosa",https://www.amazon.com.mx/dp/B0DQCV594K,https://www.amazon.com/dp/B0DQCV594K,SRKSB LLC,
,B0DLP3V472,2,Hogar y Cocina,disponible,disponible,,,2025-10-29T22:10:24.460Z,2025-10-30T04:18:59.855Z,2025-10-30T16:23:17.178Z,1568.88,45.99,"$1,513.71","Kakania Alfombra Boho Marroquí Neutro 5 x 7 Pulgadas, Lavable, Suave, Antideslizante, Interior, Dormitorio, Comedor",https://www.amazon.com.mx/dp/B0DLP3V472,https://www.amazon.com/dp/B0DLP3V472,M&H Customer Friendly Store,KakaniaDirect
,B0BN9XYTCZ,2,Hogar y Cocina,disponible,no disponible,,,2025-10-29T22:10:24.460Z,2025-10-30T04:19:08.409Z,2025-10-30T16:23:24.590Z,821.63,,$812.86,"BYUNER Cesta de ducha portátil con asa y divisores ajustables para recámara universitario, organizador de almacenamiento de baño de plástico grande, color gris",https://www.amazon.com.mx/dp/B0BN9XYTCZ,https://www.amazon.com/dp/B0BN9XYTCZ,BELGUCAN Global,
,B09KWYYVP4,2,Hogar y Cocina,disponible,no disponible,,,2025-10-29T22:10:40.618Z,2025-10-30T04:19:17.738Z,2025-10-30T16:23:31.338Z,1285.51,,"$1,237.40","Jura 24191 Tabletas de limpieza, paquete de 25",https://www.amazon.com.mx/dp/B09KWYYVP4,https://www.amazon.com/dp/B09KWYYVP4,DUKKI LLC,
,B09VKGQD82,2,Hogar y Cocina,disponible,no disponible,,,2025-10-29T22:10:40.619Z,2025-10-30T04:19:27.636Z,2025-10-30T16:23:39.057Z,500.29,,$504.03,"Grasa de grado alimenticio de 4 onzas para batidora de soporte Kitchenaid, universalmente compatible con mezcladores de soporte de cocina, equipada con junta 9709511 4162324 y espátula",https://www.amazon.com.mx/dp/B09VKGQD82,https://www.amazon.com/dp/B09VKGQD82,SRKSB LLC,
,B078YY6BM7,2,Hogar y Cocina,disponible,no disponible,,,2025-10-29T22:10:40.619Z,2025-10-30T04:19:35.638Z,2025-10-30T16:23:48.063Z,1588.1,,"$1,560.57","Barry's Restore It All Products – Kit de propietario de casa Scratch-B-Gone | El kit de venta número 1 utilizado para quitar arañazos, óxido, decoloración y más del acero inoxidable sin revestimiento.",https://www.amazon.com.mx/dp/B078YY6BM7,https://www.amazon.com/dp/B078YY6BM7,SRKSB LLC,
,B0D25MQBV1,2,Hogar y Cocina,disponible,disponible,,,2025-10-29T22:10:40.619Z,2025-10-30T04:19:43.880Z,2025-10-30T16:23:56.717Z,1787.47,49.99,"$1,673.32","Almacenamiento de animales de peluche, organizador de almacenamiento de juguetes de tubo de metal, soporte extragrande para animales de peluche con ruedas de freno, organizador de zoológico de",https://www.amazon.com.mx/dp/B0D25MQBV1,https://www.amazon.com/dp/B0D25MQBV1,MARVEL INC.,Onward-online
,B005W6DRNY,2,Hogar y Cocina,disponible,no disponible,,,2025-10-29T22:10:40.619Z,2025-10-30T04:19:53.485Z,2025-10-30T16:24:05.098Z,679.25,,$678.49,"Bluapple Bluapple 2 Pack, 2 PK",https://www.amazon.com.mx/dp/B005W6DRNY,https://www.amazon.com/dp/B005W6DRNY,SRKSB LLC,
,B0CYM25QZF,2,Hogar y Cocina,disponible,no disponible,,,2025-10-29T22:10:40.619Z,2025-10-30T04:20:06.696Z,2025-10-30T16:24:17.113Z,1147.09,,"$1,088.63","Kit de fabricación de velas con plato caliente para adultos, juego de velas de soja con derretimiento de cera para principiantes, jarra de madera de imitación, pistola de calor, termómetro,",https://www.amazon.com.mx/dp/B0CYM25QZF,https://www.amazon.com/dp/B0CYM25QZF,M&H Customer Friendly Store,
,B0F18D3C11,2,Hogar y Cocina,disponible,disponible,,,2025-10-29T22:10:40.619Z,2025-10-30T04:20:15.551Z,2025-10-30T16:24:25.660Z,767.66,20.99,$789.32,"Soporte de pared para sombreros de vaquero, paquete de 4 soportes para sombreros de vaquero, gancho de herradura de metal, decoración de herradura, gancho para sombrero occidental para pared, soporte",https://www.amazon.com.mx/dp/B0F18D3C11,https://www.amazon.com/dp/B0F18D3C11,M&H Customer Friendly Store,Hydermus Direct
,B0CTKQP1Y3,2,Hogar y Cocina,disponible,no disponible,,,2025-10-29T22:10:40.619Z,2025-10-30T04:20:24.306Z,2025-10-30T16:24:33.750Z,1025.78,,$992.22,"CANWUPON - Soporte para sombrero de vaquero para pared, diseño de estilo salvaje occidental con 6 ganchos para sombrero para montaje en pared, soporte para sombrero y colgador para almacenamiento y",https://www.amazon.com.mx/dp/B0CTKQP1Y3,https://www.amazon.com/dp/B0CTKQP1Y3,ArtBlue,
,B0D3XBB94M,2,Hogar y Cocina,disponible,no disponible,,,2025-10-29T22:10:40.619Z,2025-10-30T04:20:32.612Z,2025-10-30T16:24:40.475Z,711.71,,$691.66,"Álbum de fotos grande autoadhesivo álbum de recortes para fotos de 4 x 6, 5 x 7, 8 x 10, álbum magnético de lino, 40 páginas para regalos de boda familiares con bolígrafo de metal y tablero de",https://www.amazon.com.mx/dp/B0D3XBB94M,https://www.amazon.com/dp/B0D3XBB94M,Abundant Peace,
,B0D7NKNV3H,2,Hogar y Cocina,disponible,no disponible,,,2025-10-29T22:10:40.620Z,2025-10-30T04:20:40.548Z,2025-10-30T16:24:47.342Z,905.09,,$864.93,"Paquete de muestras de pigmentos de tierra natural y minerales | 20 colores | pigmentos, fabricación de pintura, epoxi | joyería, fabricación de jabón |",https://www.amazon.com.mx/dp/B0D7NKNV3H,https://www.amazon.com/dp/B0D7NKNV3H,M&H Customer Friendly Store,
,B0CJVDDZ87,2,Hogar y Cocina,disponible,disponible,,,2025-10-29T22:10:40.620Z,2025-10-30T04:20:48.611Z,2025-10-30T16:24:54.560Z,1092.83,30.99,"$1,080.60","Ziliny - Mini sartenes de hierro fundido de 5 x 5 x 1.3 pulgadas, juego pequeño de ramekin, cazuela negra, utensilios de cocina, apto para horno, mini sartenes para cocina, interior y exterior (4",https://www.amazon.com.mx/dp/B0CJVDDZ87,https://www.amazon.com/dp/B0CJVDDZ87,BELGUCAN Global,Jineepy
,B0CRSXVFFN,2,Hogar y Cocina,disponible,no disponible,,,2025-10-29T22:10:40.620Z,2025-10-30T04:20:56.622Z,2025-10-30T16:25:01.852Z,629.55,,$622.57,"Juego de 96 platos y servilletas de fiesta temática mexicana, decoración de fiesta de cumpleaños, festival mexicano, vajilla floral de madera rústica, sirve 24 invitados, suministros de fiesta de",https://www.amazon.com.mx/dp/B0CRSXVFFN,https://www.amazon.com/dp/B0CRSXVFFN,SRKSB LLC,
,B0CQR2653W,2,Hogar y Cocina,disponible,no disponible,,,2025-10-29T22:10:40.620Z,2025-10-30T04:21:04.410Z,2025-10-30T16:25:09.654Z,1629.85,,"$1,619.01","2 cubos de soporte de registro, estante de almacenamiento para muebles, apilable, 80-110 vinilo, caja de almacenamiento, cubeta organizador de madera natural",https://www.amazon.com.mx/dp/B0CQR2653W,https://www.amazon.com/dp/B0CQR2653W,SRKSB LLC,
,B0CZ14KC8T,2,Hogar y Cocina,disponible,no disponible,,,2025-10-29T22:10:40.620Z,2025-10-30T04:21:12.377Z,2025-10-30T16:25:16.911Z,1272.87,,"$1,233.02","KNODOS - Herramienta de distribución de café de nogal de 58 mm con profundidad ajustable, nivelador de café de acero inoxidable, accesorios para cafetera",https://www.amazon.com.mx/dp/B0CZ14KC8T,https://www.amazon.com/dp/B0CZ14KC8T,M&H Customer Friendly Store,
,B0DFPW3C7N,2,Hogar y Cocina,disponible,no disponible,,,2025-10-29T22:10:40.620Z,2025-10-30T04:21:20.506Z,2025-10-30T16:25:25.086Z,512.93,,$503.97,"Caja de letreros divertida de reglas de baño para niños, juego colorido de decoración de baño para niños para guardería, escuela primaria, habitación familiar de los niños, accesorios de decoración de",https://www.amazon.com.mx/dp/B0DFPW3C7N,https://www.amazon.com/dp/B0DFPW3C7N,FuCai Official,
,B0D1G11NX6,2,Hogar y Cocina,disponible,no disponible,,,2025-10-29T22:10:40.620Z,2025-10-30T04:21:27.649Z,2025-10-30T16:25:31.775Z,765.45,,$720.78,OHHLIHOME Organizador de cajones de especias de bambú – Paquete de 4 bandejas de especias de 13 x 4.7 x 1.6 pulgadas – Inserto de cajones para tarros de especias – Organizador de condimentos para,https://www.amazon.com.mx/dp/B0D1G11NX6,https://www.amazon.com/dp/B0D1G11NX6,M&H Customer Friendly Store,
,B0CS4H997F,2,Hogar y Cocina,disponible,no disponible,,,2025-10-29T22:10:54.451Z,2025-10-30T04:21:35.624Z,2025-10-30T16:25:39.576Z,520.97,,$516.65,"Pequeño organizador de cubiertos de bambú, organizador de cajones de cocina, soporte para utensilios, bandeja para cubiertos y cuchara con divisores de cajones ranurados",https://www.amazon.com.mx/dp/B0CS4H997F,https://www.amazon.com/dp/B0CS4H997F,Raskolnikovv,
,B0D2DHHRT7,2,Hogar y Cocina,disponible,disponible,,,2025-10-29T22:10:54.451Z,2025-10-30T04:21:44.118Z,2025-10-30T16:25:47.893Z,588.01,12.99,$587.92,"ROVOZAR - Estuche para lápices de videojuegos para niños y niñas, caja de lápices con driver de juego para niños, bolsa de lápices de gran capacidad con compartimentos con cierre para oficina y",https://www.amazon.com.mx/dp/B0D2DHHRT7,https://www.amazon.com/dp/B0D2DHHRT7,M&H Customer Friendly Store,ThinkwelL06
,B0F53N56KQ,2,Hogar y Cocina,disponible,disponible,,,2025-10-29T22:10:54.451Z,2025-10-30T04:21:52.647Z,2025-10-30T16:25:54.787Z,760.97,17.99,$717.40,"Bettdow BETTODW Ventilador de computadora, 100 ventiladores de mesa de viento de alta velocidad, 12 horas de tiempo fresco, visualización digital, modos de luz ajustables, ventilador portátil para",https://www.amazon.com.mx/dp/B0F53N56KQ,https://www.amazon.com/dp/B0F53N56KQ,ElBazarMexicano,FYKJ_Official
,B0DJNJQWHZ,2,Hogar y Cocina,disponible,no disponible,,,2025-10-29T22:10:54.451Z,2025-10-30T04:22:00.497Z,2025-10-30T16:26:03.063Z,618.21,,$580.31,"Decoración de baño con marco para niños, divertido arte de pared en blanco y negro, lindo pingüinos en la tina, pintura en lona con dibujos de animales de granja",https://www.amazon.com.mx/dp/B0DJNJQWHZ,https://www.amazon.com/dp/B0DJNJQWHZ,MARVEL INC.,
,B0D6YKVSQT,2,Hogar y Cocina,disponible,disponible,,,2025-10-29T22:10:54.451Z,2025-10-30T04:22:08.824Z,2025-10-30T16:26:11.013Z,1453.41,37.99,"$1,417.35","6 juegos de portavelas moderno con cubierta de chimenea, portavelas cónico de vidrio, portavelas para velas cónicas, soporte grande de vidrio de 12 pulgadas, con mangas cilíndricas para boda",https://www.amazon.com.mx/dp/B0D6YKVSQT,https://www.amazon.com/dp/B0D6YKVSQT,MUCH & MORE,MCCKLE Garments
,B0CYNNRQGV,2,Hogar y Cocina,disponible,no disponible,,,2025-10-29T22:10:54.451Z,2025-10-30T04:22:17.579Z,2025-10-30T16:26:17.801Z,1008.98,,$978.71,"KORRTFID - Soporte para discos de vinilo, soporte para almacenamiento de álbumes, luz blanca cálida con letras acrílicas a prueba de huellas dactilares (letras plateadas)",https://www.amazon.com.mx/dp/B0CYNNRQGV,https://www.amazon.com/dp/B0CYNNRQGV,SRKSB LLC,
,B0CT5HGL6S,2,Hogar y Cocina,disponible,disponible,,,2025-10-29T22:10:54.452Z,2025-10-30T04:22:26.220Z,2025-10-30T16:26:26.853Z,1429.72,42.99,"$1,437.68","Rugcomf Runners - Alfombra antideslizante de 2 x 10 pies de largo, lavable con respaldo de goma, alfombra floral suave para pasillos, cocina, lavandería, recámara, baño (verde)",https://www.amazon.com.mx/dp/B0CT5HGL6S,https://www.amazon.com/dp/B0CT5HGL6S,SIDE SHOP,Rugcomf Store
,B0DGG7VJDK,2,Hogar y Cocina,disponible,no disponible,,,2025-10-29T22:10:54.452Z,2025-10-30T04:22:34.535Z,2025-10-30T16:26:35.038Z,2040.17,,"$1,928.70","Evermagin - Bandeja plegable de TV de 21 pulgadas de ancho x 28 pulgadas de alto para comer, pequeña mesa plegable en forma de C con ranuras para tabletas y teléfonos, se desliza debajo de la mesa",https://www.amazon.com.mx/dp/B0DGG7VJDK,https://www.amazon.com/dp/B0DGG7VJDK,URBANJUST,
,B0D9QF7MLK,2,Hogar y Cocina,disponible,disponible,,,2025-10-29T22:10:54.452Z,2025-10-30T04:22:42.520Z,2025-10-30T16:26:42.746Z,644.59,13.99,$609.13,"FuWeave - 6 toallas de cocina de Navidad a cuadros de búfalo, 21.26 x 14.17 pulgadas, absorbentes de Navidad, paños de cocina decorativos, para invierno, cocina, regalos de inauguración de la casa",https://www.amazon.com.mx/dp/B0D9QF7MLK,https://www.amazon.com/dp/B0D9QF7MLK,MSTZKN SHİPMENT,ChongYann
,B0DNZGHHTZ,2,Hogar y Cocina,disponible,no disponible,,,2025-10-29T22:10:54.452Z,2025-10-30T04:22:56.617Z,2025-10-30T16:26:56.288Z,673.29,,$640.79,"ALFLOD - Juego de 2 escobillas de ducha de 12 pulgadas doradas para puertas de ducha, juegos de ropa de baño, paredes de ducha de azulejos, baño, ventana, parabrisas de vidrio y coche, espejos y",https://www.amazon.com.mx/dp/B0DNZGHHTZ,https://www.amazon.com/dp/B0DNZGHHTZ,MARVEL INC.,
,B0C3DP4F7W,2,Hogar y Cocina,disponible,no disponible,,,2025-10-29T22:10:54.452Z,2025-10-30T04:23:05.678Z,2025-10-30T16:27:04.964Z,1338.05,,"$1,375.45","Lwiiom - Varillas de cortina dobles con soportes de ramo de aluminio y acabados redondos, barras de cortina blancas mate para ventanas de 48 a 86 pulgadas, 1 pulgada delantera y 5/8 pulgadas trasera",https://www.amazon.com.mx/dp/B0C3DP4F7W,https://www.amazon.com/dp/B0C3DP4F7W,SRKSB LLC,
,B0DKTBBKR8,2,Hogar y Cocina,disponible,no disponible,,,2025-10-29T22:10:54.452Z,2025-10-30T04:23:13.626Z,2025-10-30T16:27:13.199Z,1596.68,,"$1,557.18","CroBlissful - Juego de 2 soportes para cajas de almacenamiento de CD de madera con asas de transporte, estante organizador para fundas de películas, DVD, cada juego puede almacenar hasta 36 unidades",https://www.amazon.com.mx/dp/B0DKTBBKR8,https://www.amazon.com/dp/B0DKTBBKR8,MUCH & MORE,
,B0CYFLGFGG,2,Hogar y Cocina,disponible,disponible,,,2025-10-29T22:10:54.452Z,2025-10-30T04:23:22.547Z,2025-10-30T16:27:21.655Z,934.14,27.59,$928.54,"Qinyoung - Juego de 25 regalos de despedida de soltera, para invitados, fiestas, infusor de corazón, cuchara más empinada para té suelto con tarjetas de agradecimiento, bolsas de organza, recuerdo de",https://www.amazon.com.mx/dp/B0CYFLGFGG,https://www.amazon.com/dp/B0CYFLGFGG,BELGUCAN Global,HouKonng
,B0DN9YK14N,2,Hogar y Cocina,disponible,no disponible,,,2025-10-29T22:10:54.452Z,2025-10-30T04:23:30.750Z,2025-10-30T16:27:29.807Z,708.73,,$673.21,"HQCHOOSE - Organizador de colonia de madera para hombre, 4 niveles de 12.8 pulgadas, soporte de exhibición de perfume de nogal negro, estante de baño, decoración de recámara para mujer, soporte de",https://www.amazon.com.mx/dp/B0DN9YK14N,https://www.amazon.com/dp/B0DN9YK14N,Rendomin,
,B07WQYQ9TV,2,Hogar y Cocina,disponible,no disponible,,,2025-10-29T22:10:54.453Z,2025-10-30T04:23:38.456Z,2025-10-30T16:27:38.031Z,1169.68,,"$1,144.39",Fruit Fly & Drain Fly Killer – Tratamiento de gel de drenaje comercial simple – Elimina las moscas de fruta/alcantarillado y las infestaciones de mosquitos de cualquier desagüe Rápido y fácil - 1,https://www.amazon.com.mx/dp/B07WQYQ9TV,https://www.amazon.com/dp/B07WQYQ9TV,SRKSB LLC,
,B0DGLCHLKT,2,Hogar y Cocina,disponible,no disponible,,,2025-10-29T22:10:54.453Z,2025-10-30T04:23:47.314Z,2025-10-30T16:27:45.056Z,1376.67,,"$1,370.56","MTLEE - Juego de 20 velas de bautismo para invitados, portavelas de madera con etiquetas de velas y cajas de regalo para bautizos, bodas, fiestas, baby shower (beige, gracias)",https://www.amazon.com.mx/dp/B0DGLCHLKT,https://www.amazon.com/dp/B0DGLCHLKT,Lumexa Online MX,
,B0CKX4VWH4,2,Hogar y Cocina,disponible,disponible,,,2025-10-29T22:11:06.928Z,2025-10-30T04:23:55.479Z,2025-10-30T16:27:52.053Z,1720.88,49.99,"$1,669.64","Zzlpp - Juego de Edredón Queen de 7 Piezas, Cama de Pelo Crema en Una Bolsa Con Sábanas, Ropa de Cama Boho para Todas las Estaciones Con 1 Edredón, 2 Fundas de Almohada, 2 Fundas",https://www.amazon.com.mx/dp/B0CKX4VWH4,https://www.amazon.com/dp/B0CKX4VWH4,MUCH & MORE,tianhuihome
,B0D93Z8TB8,2,Hogar y Cocina,disponible,no disponible,,,2025-10-29T22:11:06.929Z,2025-10-30T04:24:04.243Z,2025-10-30T16:27:59.354Z,2009.25,,"$1,888.57","Estantería flotante para guardar fotos, juego de 2, estantes grandes de 56 pulgadas de largo para guardar juguetes, estantería para niños montada en la pared para sala de estar, recámara, marcos de",https://www.amazon.com.mx/dp/B0D93Z8TB8,https://www.amazon.com/dp/B0D93Z8TB8,MARVEL INC.,
,B07D16SZLD,2,Hogar y Cocina,disponible,no disponible,,,2025-10-29T22:11:06.929Z,2025-10-30T04:24:12.024Z,2025-10-30T16:28:08.184Z,729.77,,$725.52,"iNee 100% algodón entrelazado tela de piel de muñeca Waldorf, 1 yarda, carne",https://www.amazon.com.mx/dp/B07D16SZLD,https://www.amazon.com/dp/B07D16SZLD,SRKSB LLC,
,B0DJX9J12S,2,Hogar y Cocina,disponible,no disponible,,,2025-10-29T22:11:06.929Z,2025-10-30T04:24:20.450Z,2025-10-30T16:28:16.597Z,1726.19,,"$1,708.14","YAOHUOO - Soporte grande para impresora de 22 x 15 pulgadas con cajón de almacenamiento, mesa para impresora debajo del computadora de 2 niveles para oficina en casa, carrito de impresora para máquina",https://www.amazon.com.mx/dp/B0DJX9J12S,https://www.amazon.com/dp/B0DJX9J12S,High Quailty,
,B0DXD6JD9S,2,Hogar y Cocina,disponible,no disponible,,,2025-10-29T22:11:06.929Z,2025-10-30T04:24:29.028Z,2025-10-30T16:28:23.849Z,530.76,,$524.65,"Funda de caja de pañuelos gris, cuadrada, soporte de caja de pañuelos grises, soporte de pañuelos para accesorios de baño, soportes de pañuelos de baño",https://www.amazon.com.mx/dp/B0DXD6JD9S,https://www.amazon.com/dp/B0DXD6JD9S,M&H Customer Friendly Store,
,B0CP7B9DLM,2,Hogar y Cocina,disponible,no disponible,,,2025-10-29T22:11:06.929Z,2025-10-30T04:24:37.547Z,2025-10-30T16:28:31.339Z,746.88,,$740.52,"Dispensador de rollo de papel Kraft de 12 pulgadas con caballete para rollo de papel Kraft para montaje en pared, dispensador de rollo de papel de madera para cocina, sala de bricolaje, oficina, escuela, negocios, listas de comestibles, proyectos de arte",https://www.amazon.com.mx/dp/B0CP7B9DLM,https://www.amazon.com/dp/B0CP7B9DLM,SIDE SHOP,
,B0CW63M8QF,2,Hogar y Cocina,disponible,no disponible,,,2025-10-29T22:11:06.929Z,2025-10-30T04:24:45.542Z,2025-10-30T16:28:39.695Z,994.58,,$987.78,"MTLEE - Juego de 50 velas de mariposa para baby shower, velas de té, 50 tarjetas de agradecimiento y 50 bolsas de recuerdos, regalos para invitados de baby shower, rosa",https://www.amazon.com.mx/dp/B0CW63M8QF,https://www.amazon.com/dp/B0CW63M8QF,Rendomin,
,B0BZ4RR7T2,2,Hogar y Cocina,disponible,no disponible,,,2025-10-29T22:11:06.929Z,2025-10-30T04:24:54.313Z,2025-10-30T16:28:46.680Z,930.49,,$922.92,"Stonlif - Urnas de madera conmemorativas para mascotas para cenizas de perro o gato, urna de madera pequeña de 3 pulgadas cúbicas con diseño de patas en forma de corazón para cenizas para perros, urna",https://www.amazon.com.mx/dp/B0BZ4RR7T2,https://www.amazon.com/dp/B0BZ4RR7T2,BELGUCAN Global,
,B0DS1PQZ2P,2,Hogar y Cocina,disponible,no disponible,,,2025-10-29T22:11:06.929Z,2025-10-30T04:25:01.679Z,2025-10-30T16:28:54.157Z,2131.71,,"$2,052.59","AOSKY - Persianas enrollables para exteriores, persianas enrollables, para porche, pérgola, balcón, patio, ventanas, 72 pulgadas de ancho x 96 pulgadas de alto, color gris",https://www.amazon.com.mx/dp/B0DS1PQZ2P,https://www.amazon.com/dp/B0DS1PQZ2P,Rendosa,
,B0DCBY1K4H,2,Hogar y Cocina,disponible,no disponible,,,2025-10-29T22:11:06.930Z,2025-10-30T04:25:09.143Z,2025-10-30T16:29:02.447Z,1310.8,,"$1,279.99","ZEXVIDA Mesa redonda para bebidas, pequeña mesa de pedestal, mesa auxiliar redonda pequeña para espacios estrechos, mesa Martini para sala de estar, recámara, baño, balcón (negro)",https://www.amazon.com.mx/dp/B0DCBY1K4H,https://www.amazon.com/dp/B0DCBY1K4H,Rendomin,
,B0DT1PF1LC,2,Hogar y Cocina,disponible,no disponible,,,2025-10-29T22:11:06.930Z,2025-10-30T04:25:17.674Z,2025-10-30T16:29:09.794Z,1367.56,,"$1,349.58","Relquorax - Perchero para niños con almacenamiento, estante para vestir, ropa infantil, ropa pequeña, para disfraz, bambú (blanco)",https://www.amazon.com.mx/dp/B0DT1PF1LC,https://www.amazon.com/dp/B0DT1PF1LC,M&H Customer Friendly Store,
,B01HT9VOKO,2,Hogar y Cocina,disponible,no disponible,,,2025-10-29T22:11:06.930Z,2025-10-30T04:25:25.050Z,2025-10-30T16:29:17.663Z,585.33,,$581.00,"Kärcher Glasreiniger-Konzentrat RM 503 (Volumen: 0,5 l, streifenfreie Reinigung von Glas, Fenster, Spiegel und Duschkabinen)",https://www.amazon.com.mx/dp/B01HT9VOKO,https://www.amazon.com/dp/B01HT9VOKO,SHOPENZA,
,B0CM5ZVGKH,2,Hogar y Cocina,disponible,no disponible,,,2025-10-29T22:11:06.930Z,2025-10-30T04:25:33.275Z,2025-10-30T16:29:24.590Z,854.59,,$833.54,"Juego de difusor de varillas de flores con aroma a menta de eucalipto silvestre para accesorios de baño, decoración de estantes y ambientadores, varillas con aceites esenciales y hojas de 5.8 onzas",https://www.amazon.com.mx/dp/B0CM5ZVGKH,https://www.amazon.com/dp/B0CM5ZVGKH,Ovolos,
,B0DJNTVR4N,2,Hogar y Cocina,disponible,no disponible,,,2025-10-29T22:11:06.930Z,2025-10-30T04:25:47.006Z,2025-10-30T16:29:36.927Z,1039.96,,"$1,057.41","Decoración de pared para guardería de bebé, juego de 3 pinturas artísticas de pared para guardería de Pascua, lindas imágenes de conejito rosa animal para habitación de niños y niñas, recámara,",https://www.amazon.com.mx/dp/B0DJNTVR4N,https://www.amazon.com/dp/B0DJNTVR4N,Rendomin,
,B0DY7TM3K1,2,Hogar y Cocina,disponible,no disponible,,,2025-10-29T22:11:06.930Z,2025-10-30T04:25:54.304Z,2025-10-30T16:29:45.605Z,1075.54,,"$1,045.77","NelyBet - Soporte para utensilios de cubiertos para encimera de fiesta, juego de 3 contenedores para organizador de cubiertos para cuchara y tenedor, blanco y negro",https://www.amazon.com.mx/dp/B0DY7TM3K1,https://www.amazon.com/dp/B0DY7TM3K1,Rendosa,
,B09572DSLH,2,Hogar y Cocina,disponible,no disponible,,,2025-10-29T22:11:20.293Z,2025-10-30T04:26:02.523Z,2025-10-30T16:29:52.516Z,1211.01,,"$1,203.14","Shadow Box 33 x 40 cm fondo de lino y 8 pines de palo de madera maciza caja de memoria para fotos, recuerdos deportivos, premios, medallas y entradas.",https://www.amazon.com.mx/dp/B09572DSLH,https://www.amazon.com/dp/B09572DSLH,SRKSB LLC,
,B0CC914KZ1,2,Hogar y Cocina,disponible,no disponible,,,2025-10-29T22:11:20.293Z,2025-10-30T04:26:11.794Z,2025-10-30T16:30:00.955Z,2001.67,,"$1,987.55","MOZEAL - Velas de pilar doradas extra grandes de 4 x 12 pulgadas (juego de 2), sin perfume, sin goteo, sin humo, larga limpieza, perfectas para bodas y decoración de Navidad",https://www.amazon.com.mx/dp/B0CC914KZ1,https://www.amazon.com/dp/B0CC914KZ1,SIDE SHOP,
,B0DT235QBC,2,Hogar y Cocina,disponible,disponible,,,2025-10-29T22:11:20.293Z,2025-10-30T04:26:20.110Z,2025-10-30T16:30:09.417Z,448.18,7.69,$452.09,"Humidificador portátil pequeño, humidificador personal USB de computadora para coche, habitación de oficina, recámara, apagado automático, 2 modos de niebla, súper silencioso (220 ml, verde)",https://www.amazon.com.mx/dp/B0DT235QBC,https://www.amazon.com/dp/B0DT235QBC,SRKSB LLC,YITIHUA
,B0DF2Y2JKJ,2,Hogar y Cocina,disponible,no disponible,,,2025-10-29T22:11:20.293Z,2025-10-30T04:26:27.284Z,2025-10-30T16:30:16.899Z,1619.01,,"$1,603.92","SEVENSUN - Juego de 5 ganchos de ganchillo de 2,5 mm, 3,5 mm, 4,5 mm, 5,5 mm, 6,5 mm, 6,5 mm, ganchos de ganchillo ergonómicos pulidos a mano, gancho de ganchillo de acero inoxidable, aguja de",https://www.amazon.com.mx/dp/B0DF2Y2JKJ,https://www.amazon.com/dp/B0DF2Y2JKJ,MUCH & MORE,
,B0CNGS3FQB,2,Hogar y Cocina,disponible,no disponible,,,2025-10-29T22:11:20.293Z,2025-10-30T04:26:34.893Z,2025-10-30T16:30:25.350Z,666.54,,$682.93,"Pintura para aerógrafo, 16 colores con 2 más delgados, listo para rociar, juego de pintura para aerógrafo, pintura acrílica a base de agua, para metal, modelos de plástico, lona, madera, 20 ml/botella",https://www.amazon.com.mx/dp/B0CNGS3FQB,https://www.amazon.com/dp/B0CNGS3FQB,BELGUCAN Global,
,B0FCYL76CS,2,Hogar y Cocina,disponible,disponible,,,2025-10-29T22:11:20.293Z,2025-10-30T04:26:43.491Z,2025-10-30T16:30:32.731Z,1581.4,45.95,"$1,467.92",ZENO Lámpara solar Bug Zapper,https://www.amazon.com.mx/dp/B0FCYL76CS,https://www.amazon.com/dp/B0FCYL76CS,MARVEL INC.,ZENO US
,B0DPZPYK22,2,Hogar y Cocina,disponible,no disponible,,,2025-10-29T22:11:20.294Z,2025-10-30T04:26:51.962Z,2025-10-30T16:30:40.852Z,1086.59,,"$1,046.39","MISSEND - Reposapiés de ducha de 38 cm, taburete de ducha de acacia para afeitar las piernas, banco de ducha en esquina con estante Starage para espacios interiores pequeños de ducha",https://www.amazon.com.mx/dp/B0DPZPYK22,https://www.amazon.com/dp/B0DPZPYK22,M&H Customer Friendly Store,
,B0BQCMS3LD,2,Hogar y Cocina,disponible,disponible,,,2025-10-29T22:11:20.294Z,2025-10-30T04:27:01.012Z,2025-10-30T16:30:49.779Z,931.94,23.99,$843.07,"Decorelia - Mantel impermeable para fiesta de boda, mantel de lino sólido tela a prueba de derrames para comedor, granja, restaurante (60 x 120 pulgadas (10-12 asientos), color café)",https://www.amazon.com.mx/dp/B0BQCMS3LD,https://www.amazon.com/dp/B0BQCMS3LD,Rendosa,Decorelia
,B0DNP6WHDL,2,Hogar y Cocina,disponible,no disponible,,,2025-10-29T22:11:20.294Z,2025-10-30T04:27:09.010Z,2025-10-30T16:30:57.582Z,1154.12,,"$1,148.01","TANEMUDO - 14 cuencos pequeños de madera pulida para batidos, ensalada de acai y regalos veganos, decoración de cocina rústica natural",https://www.amazon.com.mx/dp/B0DNP6WHDL,https://www.amazon.com/dp/B0DNP6WHDL,LueKeen,
,B0D9XSX7SM,2,Hogar y Cocina,disponible,no disponible,,,2025-10-29T22:11:20.294Z,2025-10-30T04:27:16.576Z,2025-10-30T16:31:05.292Z,870.54,,$902.36,"WDS WONDROUS - Juego de 8 piezas de belén blanco y dorado mini cifras de belén moderna escena de la sagrada familia, colección religiosa de resina y madera para niños, estante de mesa de Navidad para",https://www.amazon.com.mx/dp/B0D9XSX7SM,https://www.amazon.com/dp/B0D9XSX7SM,Rendomin,
,B0DLB7WW5P,2,Hogar y Cocina,disponible,disponible,,,2025-10-29T22:11:20.294Z,2025-10-30T04:27:23.773Z,2025-10-30T16:31:13.955Z,952.27,23.19,$995.85,"UNIMADE - Paquete de 100 toallas faciales (12 x 12 pulgadas), paños de lavado y toallas de mano altamente suaves, paños de limpieza de microfibra multiusos de secado rápido para baño, hotel, spa y",https://www.amazon.com.mx/dp/B0DLB7WW5P,https://www.amazon.com/dp/B0DLB7WW5P,Abundant Peace,Unimade Global
,B0DDXTCCT4,2,Hogar y Cocina,disponible,no disponible,,,2025-10-29T22:11:20.294Z,2025-10-30T04:27:32.151Z,2025-10-30T16:31:21.861Z,1782.6,,"$1,751.92","PureSwan - Alfombra de baño de 36 x 60 pulgadas, alfombra de baño extragrande, de felpilla gruesa, absorbente y lavable, antideslizante, para baño, ducha, fregadero, color topo",https://www.amazon.com.mx/dp/B0DDXTCCT4,https://www.amazon.com/dp/B0DDXTCCT4,Rendosa,
,B0CMCZVNS9,2,Hogar y Cocina,disponible,disponible,,,2025-10-29T22:11:20.294Z,2025-10-30T04:27:41.286Z,2025-10-30T16:31:30.124Z,2504.58,79.99,"$2,410.33","Acrylicolor Mesa Auxiliar de Acrílico Transparente con Estante, 40 x 50 x 30 cm (Clear)",https://www.amazon.com.mx/dp/B0CMCZVNS9,https://www.amazon.com/dp/B0CMCZVNS9,Lumexa Online MX,Acrylicolor
,B0DBZ1R4R5,2,Hogar y Cocina,disponible,no disponible,,,2025-10-29T22:11:20.295Z,2025-10-30T04:27:49.244Z,2025-10-30T16:31:37.896Z,1566.61,,"$1,552.18","Kit de fabricación de moldes de silicona, goma de silicona líquida elástica de 156 onzas para hacer moldes de silicona, fundición, silicona de moldeo translúcida de 18 A de secado rápido para moldes",https://www.amazon.com.mx/dp/B0DBZ1R4R5,https://www.amazon.com/dp/B0DBZ1R4R5,SRKSB LLC,
,B0DPGZ4NDR,2,Hogar y Cocina,disponible,no disponible,,,2025-10-29T22:11:20.295Z,2025-10-30T04:27:56.397Z,2025-10-30T16:31:45.263Z,524.71,,$518.01,"Daieeparty - Plumas de cola de gallo azul aguamarina, 100 plumas de cola de gallo de 8 a 10 pulgadas de largo, para chal de plumas, manualidades, decoración de boda",https://www.amazon.com.mx/dp/B0DPGZ4NDR,https://www.amazon.com/dp/B0DPGZ4NDR,KRONOS STORE,
,B0DRD5D776,2,Hogar y Cocina,disponible,disponible,,,2025-10-29T22:11:33.764Z,2025-10-30T04:28:04.906Z,2025-10-30T16:31:53.895Z,964.16,26.99,$897.10,"Landical - Rosarios de madera de olivo con bolsillo de madera de olivo, 24 piezas, con colgante de mini cruz para el bautismo de oración para el mes del santo rosario para hombres y mujeres, regalo",https://www.amazon.com.mx/dp/B0DRD5D776,https://www.amazon.com/dp/B0DRD5D776,Ovolos,COOLgooee
,B095J6TRBQ,2,Hogar y Cocina,disponible,no disponible,,,2025-10-29T22:11:33.765Z,2025-10-30T04:28:12.701Z,2025-10-30T16:32:00.628Z,1063.87,,"$1,053.42","THE CLEAN PEOPLE Hojas De Detergente Para Ropa - Jabón Para Ropa - Ultraconcentrado, Envase Reciclable, Antimanchas, Aroma Fresco, Paquete De 96 96 Recuento",https://www.amazon.com.mx/dp/B095J6TRBQ,https://www.amazon.com/dp/B095J6TRBQ,Premium Global,
,B0DJL7RCZ6,2,Hogar y Cocina,disponible,no disponible,,,2025-10-29T22:11:33.765Z,2025-10-30T04:28:20.095Z,2025-10-30T16:32:08.212Z,681.2,,$678.61,"Secado de flores de gel de sílice: secado de flores de arena de sílice de 3 libras, color indicativo de arena de sílice para secar flores, secado de flores de sílice para decoración de boda",https://www.amazon.com.mx/dp/B0DJL7RCZ6,https://www.amazon.com/dp/B0DJL7RCZ6,BELGUCAN Global,
,B07HWVJZLK,2,Hogar y Cocina,disponible,no disponible,,,2025-10-29T22:11:33.765Z,2025-10-30T04:28:32.269Z,2025-10-30T16:32:21.088Z,663.84,,$655.37,Spray limpiador de seda de crisal y flores secas (14.5 oz) - Suministros florales para plantas artificiales - Suministros de arreglos florales - Suministros de floristería ideales - Accesorios de,https://www.amazon.com.mx/dp/B07HWVJZLK,https://www.amazon.com/dp/B07HWVJZLK,GUTTIDIRECT,
,B0BGJ86T5N,2,Hogar y Cocina,disponible,no disponible,,,2025-10-29T22:11:33.765Z,2025-10-30T04:28:40.975Z,2025-10-30T16:32:29.179Z,1313.54,,"$1,281.82","Paquete de 2 barras de cortina para ventanas de 48 a 84 pulgadas, barras de cortina ajustables con tapas de aluminio de alta calidad y soportes envolventes completos, 3/4 pulgadas de diámetro, barras",https://www.amazon.com.mx/dp/B0BGJ86T5N,https://www.amazon.com/dp/B0BGJ86T5N,Ovolos,
,B0B7WMW7BW,2,Hogar y Cocina,disponible,disponible,,,2025-10-29T22:11:33.765Z,2025-10-30T04:28:48.315Z,2025-10-30T16:32:36.872Z,798.52,20.99,$786.76,"Byondeth - Varillas de cortina para ventanas de 16 a 48 o 60 pulgadas, longitud máxima ajustable, barra de cortina de ventana de 1 pulgada de diámetro, con tapa de extremo de aluminio, níquel",https://www.amazon.com.mx/dp/B0B7WMW7BW,https://www.amazon.com/dp/B0B7WMW7BW,BELGUCAN Global,Byondeth
,B0DRVPV9BH,2,Hogar y Cocina,disponible,no disponible,,,2025-10-29T22:11:33.765Z,2025-10-30T04:28:56.884Z,2025-10-30T16:32:45.750Z,1462.5,,"$1,440.51","Puf redondo otomano de 20 x 15 pulgadas, puf otomano, parte superior, suave, cómodo, pequeño reposapiés, puf alto, otomano, redondo, esponjoso, bohemio, otomanos, para sala de estar",https://www.amazon.com.mx/dp/B0DRVPV9BH,https://www.amazon.com/dp/B0DRVPV9BH,M&H Customer Friendly Store,
,B0F14XNS1P,2,Hogar y Cocina,disponible,no disponible,,,2025-10-29T22:11:33.765Z,2025-10-30T04:29:06.101Z,2025-10-30T16:32:52.658Z,1450.59,,"$1,406.90","Giwil - Carrito de almacenamiento delgado con ruedas de 4 niveles, organizador de baño, estantería móvil, con tapa de madera y asa para cocina, lavandería, lugares estrechos, color blanco",https://www.amazon.com.mx/dp/B0F14XNS1P,https://www.amazon.com/dp/B0F14XNS1P,Ovolos,
,B0D1V7T78X,2,Hogar y Cocina,disponible,no disponible,,,2025-10-29T22:11:33.765Z,2025-10-30T04:29:14.028Z,2025-10-30T16:33:00.066Z,1454.5,,"$1,445.32","Juego de funda de edredón de color naranja quemado esponjoso, juego de funda de edredón de piel sintética, 1 pieza (1 funda de edredón de felpa), juego de ropa de cama de piel sintética, tamaño King,",https://www.amazon.com.mx/dp/B0D1V7T78X,https://www.amazon.com/dp/B0D1V7T78X,Rendosa,
,B0DST1SC14,2,Hogar y Cocina,disponible,no disponible,,,2025-10-29T22:11:33.766Z,2025-10-30T04:29:22.783Z,2025-10-30T16:33:07.445Z,1019.45,,"$1,012.63","Arte de pared de Jesús con versículos de la Biblia para decoración de pared, arte cristiano, lona de Jesús, carteles de pared para recámara, sala de estar, escritura, imágenes bohemias de Jesús (niña",https://www.amazon.com.mx/dp/B0DST1SC14,https://www.amazon.com/dp/B0DST1SC14,M&H Customer Friendly Store,
,B0F13JWGQQ,2,Hogar y Cocina,disponible,disponible,,,2025-10-29T22:11:33.766Z,2025-10-30T04:29:31.445Z,2025-10-30T16:33:13.877Z,840.83,23.19,$839.72,"Nayoroom - Juego de ropa de cama con lazo rosa de tamaño individual, diseño de lazo de corazón con estampado de coqueta, 2 piezas, funda de edredón con cierre de cierre, microfibra suave y",https://www.amazon.com.mx/dp/B0F13JWGQQ,https://www.amazon.com/dp/B0F13JWGQQ,Abundant Peace,Omelas
,B0D482VYQY,2,Hogar y Cocina,disponible,no disponible,,,2025-10-29T22:11:33.766Z,2025-10-30T04:29:39.116Z,2025-10-30T16:33:21.567Z,1068.06,,"$1,056.02",CleanBoss- Eat Cleaner TripleAction Fruit + Veggie Wash Refill 64 oz Elimina residuos dañinos Mantiene los productos,https://www.amazon.com.mx/dp/B0D482VYQY,https://www.amazon.com/dp/B0D482VYQY,IY Network,
,B0C9ZRV1KD,2,Hogar y Cocina,disponible,no disponible,,,2025-10-29T22:11:33.766Z,2025-10-30T04:29:48.185Z,2025-10-30T16:33:28.877Z,2104.48,,"$2,095.14","Marco de copetudo para alfombras, marco de 27.5 x 27.5 pulgadas, marco para hacer alfombras, kit de herramientas de madera para hacer alfombras, adecuado para alfombras eléctricas, costura, bordado,",https://www.amazon.com.mx/dp/B0C9ZRV1KD,https://www.amazon.com/dp/B0C9ZRV1KD,Rendomin,
,B0CB85LXQP,2,Hogar y Cocina,disponible,disponible,,,2025-10-29T22:11:33.766Z,2025-10-30T04:29:55.689Z,2025-10-30T16:33:35.974Z,1462.46,45.99,"$1,617.30","Purgreen - Reposapiés pequeño de piel sintética con estilo y funcional para asientos adicionales en sala de estar, entrada u oficina",https://www.amazon.com.mx/dp/B0CB85LXQP,https://www.amazon.com/dp/B0CB85LXQP,Amazon Estados Unidos,Dream Building Time
,B0BWYNQZDY,2,Hogar y Cocina,disponible,disponible,,,2025-10-29T22:11:48.300Z,2025-10-30T04:30:03.985Z,2025-10-30T16:33:43.795Z,713.64,15.98,$682.19,"YJ.GWL - Alfombra bohemia de área floral, 2 x 3, lavable a máquina, alfombra de entrada pequeña, alfombra suave para entrada, cocina, recámara, antideslizante, no desprende pelusa, color rojo",https://www.amazon.com.mx/dp/B0BWYNQZDY,https://www.amazon.com/dp/B0BWYNQZDY,MARVEL INC.,YEne
,B0BNFXGVYN,2,Hogar y Cocina,disponible,no disponible,,,2025-10-29T22:11:48.301Z,2025-10-30T04:30:12.966Z,2025-10-30T16:33:52.514Z,1642.08,,"$1,601.26","Varillas de cortina dobles de 72 a 144 pulgadas, varillas de cortina dobles negras mate con remates de tapa, barra de cortina doble ajustable de 1 pulgada delantera y 5/8 pulgadas trasera, varillas de",https://www.amazon.com.mx/dp/B0BNFXGVYN,https://www.amazon.com/dp/B0BNFXGVYN,M&H Customer Friendly Store,
,B0CNTN3BXP,2,Hogar y Cocina,disponible,no disponible,,,2025-10-29T22:11:48.301Z,2025-10-30T04:30:21.402Z,2025-10-30T16:34:00.460Z,1531.05,,"$1,538.27","Obsidiian Crafting Flint Knapping Tool - Kit de herramientas de época de piedra de cristal de dragón, herramientas de siesta de pedernal para profesionales y principiantes, incluyendo 1 escamadora de",https://www.amazon.com.mx/dp/B0CNTN3BXP,https://www.amazon.com/dp/B0CNTN3BXP,BROWN LEAVES LLC,
,B0D1FNJ216,2,Hogar y Cocina,disponible,no disponible,,,2025-10-29T22:11:48.301Z,2025-10-30T04:30:29.025Z,2025-10-30T16:34:07.965Z,791.22,,$764.76,"VIYYIEA - Arte de pared con marco dorado en lago, sala de estar, recámara, paisaje del lago, decoración de pared, decoración rústica retro, impresiones en lona, marco antiguo, pinturas de paisaje",https://www.amazon.com.mx/dp/B0D1FNJ216,https://www.amazon.com/dp/B0D1FNJ216,Rendosa,
,B0BJPFHC5F,2,Hogar y Cocina,disponible,no disponible,,,2025-10-29T22:11:48.301Z,2025-10-30T04:30:37.997Z,2025-10-30T16:34:15.432Z,630.31,,$657.51,"Libro de visitas de boda con papel de aluminio dorado, 17.78 x 22.86 cm, bolígrafo y letrero de mesa incluido, libro de registro de resgistry para boda, despedida de soltera, baby shower, graduación,",https://www.amazon.com.mx/dp/B0BJPFHC5F,https://www.amazon.com/dp/B0BJPFHC5F,GUTTIDIRECT,
,B0DXPM5WRB,2,Hogar y Cocina,disponible,no disponible,,,2025-10-29T22:11:48.301Z,2025-10-30T04:30:45.394Z,2025-10-30T16:34:23.915Z,3465.9,,"$3,490.49","WUGCHDA - Cuarto de accesorios para tienda de ropa, vestidor portátil para boutique, vestuario móvil con cortina de sombreado, vestidor de protección temporal móvil de 78 x 39 x 37 pulgadas",https://www.amazon.com.mx/dp/B0DXPM5WRB,https://www.amazon.com/dp/B0DXPM5WRB,Sky Ecommerce Store,
,B0D3TP6XJN,2,Hogar y Cocina,disponible,disponible,,,2025-10-29T22:11:48.301Z,2025-10-30T04:30:53.713Z,2025-10-30T16:34:32.129Z,1098.34,33.99,"$1,094.25","rabbitgoo - Película de privacidad para ventana, película decorativa para ventanas de vidrio, bloqueo solar, calcomanía estático para inquilinos, cubierta de calcomanía esmerilado para puerta del",https://www.amazon.com.mx/dp/B0D3TP6XJN,https://www.amazon.com/dp/B0D3TP6XJN,DUKKI LLC,Authorized Rabbitgoo Seller Globegou
,B081NTTHJ6,2,Hogar y Cocina,disponible,no disponible,,,2025-10-29T22:11:48.301Z,2025-10-30T04:31:02.508Z,2025-10-30T16:34:38.901Z,411.34,,$412.61,"Ziffs Home® - 120 varillas difusoras de fibra negra, 20 cm x 4 mm, varillas gruesas para varillas de fibra para difusores",https://www.amazon.com.mx/dp/B081NTTHJ6,https://www.amazon.com/dp/B081NTTHJ6,DUKKI LLC,
,B07XKPTB7J,2,Hogar y Cocina,disponible,no disponible,,,2025-10-29T22:11:48.301Z,2025-10-30T04:31:09.563Z,2025-10-30T16:34:46.439Z,690.63,,$689.52,"Cartel Bio - Tubos de cigarrillos sin blanquear con filtro, 1 caja con 200 tubos",https://www.amazon.com.mx/dp/B07XKPTB7J,https://www.amazon.com/dp/B07XKPTB7J,GUTTIDIRECT,
,B09RGHFVGN,2,Hogar y Cocina,disponible,no disponible,,,2025-10-29T22:11:48.302Z,2025-10-30T04:31:21.897Z,2025-10-30T16:34:59.178Z,1014.18,,$979.05,Difusor de varillas de repuesto de sándalo de 17 onzas líquidas (500 ml) – Difusor de habitación – Fragancia para el hogar – Difusores perfumados para aromaterapia – Ambientador – Fragancia,https://www.amazon.com.mx/dp/B09RGHFVGN,https://www.amazon.com/dp/B09RGHFVGN,GUTTIDIRECT,
,B0F23X4D6Q,2,Hogar y Cocina,disponible,no disponible,,,2025-10-29T22:11:48.302Z,2025-10-30T04:31:30.633Z,2025-10-30T16:35:07.058Z,1092.83,,"$1,064.02","Película de privacidad para ventanas, vidrieras de manchas decorativas estáticas, tinte esmerilado para ventana para decoración del hogar, cuarto de baño, puerta de coche, pegatinas con efecto",https://www.amazon.com.mx/dp/B0F23X4D6Q,https://www.amazon.com/dp/B0F23X4D6Q,PEACEE STOREE,
,B0DDPKDS6V,2,Hogar y Cocina,disponible,disponible,,,2025-10-29T22:11:48.302Z,2025-10-30T04:31:39.517Z,2025-10-30T16:35:14.432Z,1071.88,26.99,"$1,062.29","Manta de playa turca de gran tamaño, tamaño XXL, de algodón, a prueba de arena, tejido bohemio, extra grande, sin arena, manta gigante, manta gruesa, colcha grande, XL, picnic, camping, necesidades de",https://www.amazon.com.mx/dp/B0DDPKDS6V,https://www.amazon.com/dp/B0DDPKDS6V,Smooth House,Vikumond
,B0CGVSC4W8,2,Hogar y Cocina,disponible,disponible,,,2025-10-29T22:11:48.302Z,2025-10-30T04:31:47.060Z,2025-10-30T16:35:22.085Z,858.67,21.99,$839.50,"Alfombra bohemia lavable para cocina, parte trasera de goma antideslizante, oriental, floral, clásico, larga alfombra para pasillo, entrada, interior, recámara, 2 x 6 pies, musgo, verde oliva, beige",https://www.amazon.com.mx/dp/B0CGVSC4W8,https://www.amazon.com/dp/B0CGVSC4W8,RVDSHOP,BILEE-HOME
,B0BYYKMCD9,2,Hogar y Cocina,disponible,disponible,,,2025-10-29T22:11:48.302Z,2025-10-30T04:31:56.894Z,2025-10-30T16:35:29.458Z,1976.99,62.99,"$1,964.91","SUNROX - Cojín de espuma viscoelástica de gel con lazos, ultra duradero, resistente al agua, para exteriores, interiores, reversible, para silla de 17 x 16 pulgadas, juego de 4 unidades, color índigo jaspeado",https://www.amazon.com.mx/dp/B0BYYKMCD9,https://www.amazon.com/dp/B0BYYKMCD9,SIDE SHOP,SUNROX
,B0CJ6TC2DC,2,Hogar y Cocina,disponible,no disponible,,,2025-10-29T22:11:48.302Z,2025-10-30T04:32:05.009Z,2025-10-30T16:35:37.281Z,1153.08,,"$1,077.03","HONCESTA Cesta de almacenamiento grande de 18 x 18 x 14 pulgadas con tapa, cesta de manta para sala de estar, caja de almacenamiento de cuerda de algodón tejida, contenedor de juguetes para perros con",https://www.amazon.com.mx/dp/B0CJ6TC2DC,https://www.amazon.com/dp/B0CJ6TC2DC,MARVEL INC.,
,B0C934QNBQ,2,Hogar y Cocina,disponible,disponible,,,2025-10-29T22:12:00.654Z,2025-10-30T04:32:13.015Z,2025-10-30T16:35:45.045Z,714.46,16.99,$678.49,"Barra de cortina de tensión de 30 a 64 pulgadas, barra de cortina blanca ajustable extensible de tensión de resorte, barra de cortina sin perforación, barras de cortina con resorte para ventanas",https://www.amazon.com.mx/dp/B0C934QNBQ,https://www.amazon.com/dp/B0C934QNBQ,M&H Customer Friendly Store,MEXAU
,B0D3KY17H3,2,Hogar y Cocina,disponible,no disponible,,,2025-10-29T22:12:00.654Z,2025-10-30T04:32:21.515Z,2025-10-30T16:35:53.497Z,592.79,,$553.62,"TaoQ C 15 conchas de estrellas de mar y vieira, conchas de mar naturales de 2 a 4 pulgadas, conchas de mar blancas grandes para manualidades, decoración de bodas, fiestas temáticas de playa, pecera y",https://www.amazon.com.mx/dp/B0D3KY17H3,https://www.amazon.com/dp/B0D3KY17H3,MSTZKN SHİPMENT,
,B0F3HQCM74,2,Hogar y Cocina,disponible,disponible,,,2025-10-29T22:12:00.654Z,2025-10-30T04:32:29.070Z,2025-10-30T16:36:00.757Z,665.16,14.59,$656.10,"BAYOGITA - Divertidas toallas de mano de Yorkshire Terrier, regalos de Yorkshire Terrier Yorkie para mujeres, lindas toallas de mano para perros Yorkie para niños, baño, baño, baño, 16 x 24 pulgadas",https://www.amazon.com.mx/dp/B0F3HQCM74,https://www.amazon.com/dp/B0F3HQCM74,Novayu,BAYOGITA
,B0DKJPJJ56,2,Hogar y Cocina,disponible,no disponible,,,2025-10-29T22:12:00.654Z,2025-10-30T04:32:37.010Z,2025-10-30T16:36:07.941Z,1645.39,,"$1,639.28","BGCOPPER Estatua de madera del Sagrado Corazón de Jesús, adorno hecho a mano, figura católica, regalo religioso para decoración del hogar, Navidad, 7 pulgadas",https://www.amazon.com.mx/dp/B0DKJPJJ56,https://www.amazon.com/dp/B0DKJPJJ56,OLALOOK LLC,
,B0C5JSZBD1,2,Hogar y Cocina,disponible,disponible,,,2025-10-29T22:12:00.654Z,2025-10-30T04:32:43.751Z,2025-10-30T16:36:16.238Z,736.79,18.99,$727.09,"GÜTEWERK Rascador de Ducha, de Silicona, para baño, mampara de Ducha y Ventana, Accesorio de baño, 23 cm, con Soporte sin taladrar",https://www.amazon.com.mx/dp/B0C5JSZBD1,https://www.amazon.com/dp/B0C5JSZBD1,SRKSB LLC,GUTEWERK
,B0D2S2V4XP,2,Hogar y Cocina,disponible,disponible,,,2025-10-29T22:12:00.655Z,2025-10-30T04:32:51.775Z,2025-10-30T16:36:24.403Z,611.31,12.89,$599.57,"Peace & Tidy - Contenedor de almacenamiento transparente con cierre – 5.5 x 8.5 pulgadas, organizador apilable para juguetes, manualidades y despensa, contenedor de plástico duradero con protección",https://www.amazon.com.mx/dp/B0D2S2V4XP,https://www.amazon.com/dp/B0D2S2V4XP,BELGUCAN Global,Kintla Carved
,B0CMM9BBSF,2,Hogar y Cocina,disponible,disponible,,,2025-10-29T22:12:00.655Z,2025-10-30T04:32:58.987Z,2025-10-30T16:36:33.134Z,831.14,19.99,$781.85,"AAQ Paquete de 4 marcos de fotos de 5 x 7 pulgadas con plexiglás, marcos de fotos para pared y mesa",https://www.amazon.com.mx/dp/B0CMM9BBSF,https://www.amazon.com/dp/B0CMM9BBSF,Rendosa,xuanou
,B0DGGNPX71,2,Hogar y Cocina,disponible,no disponible,,,2025-10-29T22:12:00.655Z,2025-10-30T04:33:07.451Z,2025-10-30T16:36:42.290Z,663.35,,$651.88,"HUARCEY - lona enmarcado para pared, estante de sala de estar, decoración clásico, decoración estética, jacintos salvajes, pinturas de paisaje, decoración de pared de granja, decoración de mesa retro",https://www.amazon.com.mx/dp/B0DGGNPX71,https://www.amazon.com/dp/B0DGGNPX71,PEACEE STOREE,
,B0DHCPSGQW,2,Hogar y Cocina,disponible,no disponible,,,2025-10-29T22:12:00.655Z,2025-10-30T04:33:16.454Z,2025-10-30T16:36:50.416Z,1827.36,,"$1,821.25","lona enmarcado de Jesús, arte de pared, pintura cristiana de la mano de Dios, imágenes de la Biblia de religión, carteles impresos para iglesia, sala de estar, decoración del hogar, 24 x 36 pulgadas",https://www.amazon.com.mx/dp/B0DHCPSGQW,https://www.amazon.com/dp/B0DHCPSGQW,SHERIFF EXPRESS,
,B0CLM88ZQP,2,Hogar y Cocina,disponible,no disponible,,,2025-10-29T22:12:00.655Z,2025-10-30T04:33:24.813Z,2025-10-30T16:36:59.444Z,1057.73,,"$1,045.67","Juego de sábanas tamaño individual de 3 piezas para niños, de Disney Pixar Cars Lightning McQueen, con coche de carreras, incluye funda de almohada, sábanas de microfibra súper suave",https://www.amazon.com.mx/dp/B0CLM88ZQP,https://www.amazon.com/dp/B0CLM88ZQP,IY Network,
,B09YM5BVQJ,2,Hogar y Cocina,disponible,no disponible,,,2025-10-29T22:12:00.655Z,2025-10-30T04:33:31.605Z,2025-10-30T16:37:06.602Z,432.86,,$448.75,"LinsKind 110 paquetes de 100 CC de absorción de oxígeno de grado alimenticio (10 paquetes en bolsa de aspiradora individual, 11 paquetes de 10), absorbentes de oxígeno para almacenamiento de",https://www.amazon.com.mx/dp/B09YM5BVQJ,https://www.amazon.com/dp/B09YM5BVQJ,M&H Customer Friendly Store,
,B0F1FLN4B8,2,Hogar y Cocina,disponible,no disponible,,,2025-10-29T22:12:00.655Z,2025-10-30T04:33:40.172Z,2025-10-30T16:37:14.503Z,831.88,,$821.15,"Skylety - Juego de 6 piezas de regalo de propuesta de Madrina de mariposa, taza de vidrio de 16 onzas, tarro de vela perfumada A6, bolígrafo con texto «Will You Be My Godmother» de Godchild regalos",https://www.amazon.com.mx/dp/B0F1FLN4B8,https://www.amazon.com/dp/B0F1FLN4B8,Rendomin,
,B0DR8F6DFS,2,Hogar y Cocina,disponible,no disponible,,,2025-10-29T22:12:00.655Z,2025-10-30T04:33:47.050Z,2025-10-30T16:37:22.159Z,1471.1,,"$1,497.86","MAHANCRIS - Mesa de sofá con estación de carga, delgada detrás de la mesa del sofá, 39.5 pulgadas de largo x 5.9 pulgadas de ancho x 31.5 pulgadas de alto, mesas largas de entrada para sala de estar",https://www.amazon.com.mx/dp/B0DR8F6DFS,https://www.amazon.com/dp/B0DR8F6DFS,Rendomin,
,B09NBDD3M5,2,Hogar y Cocina,disponible,no disponible,,,2025-10-29T22:12:00.655Z,2025-10-30T04:33:54.314Z,2025-10-30T16:37:30.472Z,449.42,,$451.01,"Selric Tex 270 - Hilo de poliéster para coser de 370 yardas #277 T270 840D, resistente a los rayos UV, hilo de tapicería de alta resistencia para piel, mercado al aire última intervensión, cortinas,",https://www.amazon.com.mx/dp/B09NBDD3M5,https://www.amazon.com/dp/B09NBDD3M5,Abundant Peace,
,B00PWZ0XNM,2,Hogar y Cocina,disponible,no disponible,,,2025-10-29T22:12:00.656Z,2025-10-30T04:34:07.721Z,2025-10-30T16:37:43.657Z,561.92,,$573.12,"Fluid Film FLUIAS11 Lubricante/inhibidor de corrosión, 11.75 oz, 12 Pulgadas, Original Version, 12"" (30.48cm)",https://www.amazon.com.mx/dp/B00PWZ0XNM,https://www.amazon.com/dp/B00PWZ0XNM,MARVEL INC.,
,B0F1CXXH9W,2,Hogar y Cocina,disponible,disponible,,,2025-10-29T22:12:13.689Z,2025-10-30T04:34:16.701Z,2025-10-30T16:37:51.756Z,1159.5,34.99,"$1,158.17","Loopiske - 60 servilletas de gasa azul cielo, lavables, para otoño, bohemio, rústico, de gasa a granel, 21 x 21 pulgadas, para boda, fiesta, novia, baby shower, decoración de mesa de cumpleaños",https://www.amazon.com.mx/dp/B0F1CXXH9W,https://www.amazon.com/dp/B0F1CXXH9W,Lumexa Online MX,Loopiske
,B0CCJ3QZSR,2,Hogar y Cocina,disponible,no disponible,,,2025-10-29T22:12:13.689Z,2025-10-30T04:34:25.830Z,2025-10-30T16:38:00.242Z,715.74,,$708.08,"Reveal - Juego de extintores de incendios en polvo de humo de color de revelación de género, suministros de fiesta 100% biodegradables, para decoraciones e ideas memorables de revelación de género del",https://www.amazon.com.mx/dp/B0CCJ3QZSR,https://www.amazon.com/dp/B0CCJ3QZSR,GUTTIDIRECT,
,B0CCB11Z1Z,2,Hogar y Cocina,disponible,disponible,,,2025-10-29T22:12:13.689Z,2025-10-30T04:34:34.138Z,2025-10-30T16:38:09.051Z,2529,69.99,"$2,636.38","Resina epoxi de curado rápido de 2 galones, 4 horas, resina de fundición transparente y autonivelante, 8-10 horas, kit de resina epoxi de curado rápido para manualidades",https://www.amazon.com.mx/dp/B0CCB11Z1Z,https://www.amazon.com/dp/B0CCB11Z1Z,quanax,Homeprint
,B0DP1C1D52,2,Hogar y Cocina,disponible,no disponible,,,2025-10-29T22:12:13.690Z,2025-10-30T04:34:42.852Z,2025-10-30T16:38:15.625Z,1377.78,,"$1,365.49",Shelf & Nook Travertino Cuencos decorativos para decoración del hogar. Tazón para llave para mesa de entrada en una selección de 3 colores. (café),https://www.amazon.com.mx/dp/B0DP1C1D52,https://www.amazon.com/dp/B0DP1C1D52,Rendosa,
,B0DJVZ45MZ,2,Hogar y Cocina,disponible,disponible,,,2025-10-29T22:12:13.690Z,2025-10-30T04:34:50.892Z,2025-10-30T16:38:22.953Z,566.4,12.99,$586.01,"TWINKLEMON 12 plantillas de flores grandes para pintar sobre madera de 12 x 12 pulgadas, plantilla de pared gigante con pinceles, plantillas florales de patrón grande, plantilla de pintura de girasol",https://www.amazon.com.mx/dp/B0DJVZ45MZ,https://www.amazon.com/dp/B0DJVZ45MZ,Rendomin,Twinklemon
,B0DB2NK2Z8,2,Hogar y Cocina,disponible,no disponible,,,2025-10-29T22:12:13.690Z,2025-10-30T04:34:59.067Z,2025-10-30T16:38:30.871Z,1295.64,,"$1,287.42","HJ - Juego de 5 accesorios de baño de vidrio transparente, 4 mm, decoración de baño de madera y vidrio resistente (dispensador de jabón de loción, botella de aromaterapia, jabonera, soporte para",https://www.amazon.com.mx/dp/B0DB2NK2Z8,https://www.amazon.com/dp/B0DB2NK2Z8,Lumexa Online MX,
,B0DFCVJB24,2,Hogar y Cocina,disponible,no disponible,,,2025-10-29T22:12:13.690Z,2025-10-30T04:35:07.818Z,2025-10-30T16:38:39.652Z,716.95,,$671.23,"YUjieSTC - Estantería pequeña de pared de aleación de aluminio de 3.0 mm, estante flotante pequeño, para baño, recámara, sala de estar, cocina, oficina (6.5 pulgadas negro)",https://www.amazon.com.mx/dp/B0DFCVJB24,https://www.amazon.com/dp/B0DFCVJB24,MSTZKN SHİPMENT,
,B0DJNFXZFK,2,Hogar y Cocina,disponible,no disponible,,,2025-10-29T22:12:13.690Z,2025-10-30T04:35:15.111Z,2025-10-30T16:38:47.995Z,1278.92,,"$1,275.73","VIYYIEA - Arte enmarcado para pared para sala de estar, grúas, impresión en lona clásico, decoración del hogar, imagen de animales, decoración de pared de baño, regalos para amigos o familiares, 20",https://www.amazon.com.mx/dp/B0DJNFXZFK,https://www.amazon.com/dp/B0DJNFXZFK,Lumexa Online MX,
,B0CKYTLY7R,2,Hogar y Cocina,disponible,no disponible,,,2025-10-29T22:12:13.690Z,2025-10-30T04:35:24.412Z,2025-10-30T16:38:55.134Z,602.29,,$580.31,"Regalos de boda de 10 aniversario para esposa, marido, pareja, regalo de 10 años de aniversario de boda para ella, él",https://www.amazon.com.mx/dp/B0CKYTLY7R,https://www.amazon.com/dp/B0CKYTLY7R,Ovolos,
,B0D221VFPB,2,Hogar y Cocina,disponible,no disponible,,,2025-10-29T22:12:13.690Z,2025-10-30T04:35:32.619Z,2025-10-30T16:39:02.646Z,920.2,,$944.33,"HYDERMUS - Soporte para sombrero de vaquero para pared, paquete de 2 unidades de metal para sombrero de vaquero de hierro, ganchos de herradura, almacenamiento de sombrero de vaquero organizador para",https://www.amazon.com.mx/dp/B0D221VFPB,https://www.amazon.com/dp/B0D221VFPB,SHERIFF EXPRESS,
,B0D78GQ9J3,2,Hogar y Cocina,disponible,disponible,,,2025-10-29T22:12:13.690Z,2025-10-30T04:35:41.057Z,2025-10-30T16:39:10.545Z,703.56,17.5,$677.38,ENHYPEN ROMANCE: UNTOLD 2nd álbum completo (ENGENE JAKE Ver),https://www.amazon.com.mx/dp/B0D78GQ9J3,https://www.amazon.com/dp/B0D78GQ9J3,GUTTIDIRECT,K-STARS
,B0DT1X5W9W,2,Hogar y Cocina,disponible,no disponible,,,2025-10-29T22:12:13.690Z,2025-10-30T04:35:49.030Z,2025-10-30T16:39:18.485Z,884.72,,$849.19,"Velinjowy Woden - Bandeja de valet para hombre con bandeja de acacia Woden, bandeja de llaves para hombre, bandeja decorativa, bandeja de volcado para mesita de noche",https://www.amazon.com.mx/dp/B0DT1X5W9W,https://www.amazon.com/dp/B0DT1X5W9W,Red Pure,
,B094W9CJP2,2,Hogar y Cocina,disponible,no disponible,,,2025-10-29T22:12:13.691Z,2025-10-30T04:35:56.436Z,2025-10-30T16:39:26.245Z,509.4,,$518.33,Lifestyle Basics - Solución humectante de cigarros de 16 onzas (473 ml) - Líquido humidificador - Fórmula de solución PG de propilenglicol de primera calidad - 70% HR - Seguro y no tóxico,https://www.amazon.com.mx/dp/B094W9CJP2,https://www.amazon.com/dp/B094W9CJP2,DUKKI LLC,
,B0CN4X4CQH,2,Hogar y Cocina,disponible,no disponible,,,2025-10-29T22:12:13.691Z,2025-10-30T04:36:05.080Z,2025-10-30T16:39:33.829Z,837.53,,$787.55,"JCJMY - Juego de 4 marcos de fotos de 10 x 14 pulgadas, color negro para pintura de diamante de 30 x 40 cm, montaje en pared horizontal o verticalmente, 10 x 14 pulgadas, marco de fotos para póster de",https://www.amazon.com.mx/dp/B0CN4X4CQH,https://www.amazon.com/dp/B0CN4X4CQH,MUCH & MORE,
,B0DT6WL9Z1,2,Hogar y Cocina,disponible,no disponible,,,2025-10-29T22:12:13.691Z,2025-10-30T04:36:12.952Z,2025-10-30T16:39:41.834Z,957.58,,$911.68,"SafeDelux - Juego de bandejas plegables de madera con cargador de cono y máquina de preenrollado, bandeja rodante con cargador de cono, kit completo de bandejas rodantes con tubo y cepillo para polvo",https://www.amazon.com.mx/dp/B0DT6WL9Z1,https://www.amazon.com/dp/B0DT6WL9Z1,Ovolos,
,B0D2XFS8C7,2,Hogar y Cocina,disponible,no disponible,,,2025-10-29T22:12:13.691Z,2025-10-30T04:36:21.955Z,2025-10-30T16:39:50.364Z,969.69,,$964.34,"GMFrames - Marco de estola de graduación con estera negra en forma de V, vidrio HD, ideal para mostrar fajín de graduación o medalla, caoba con abalorio doradas",https://www.amazon.com.mx/dp/B0D2XFS8C7,https://www.amazon.com/dp/B0D2XFS8C7,Rendomin,
,B0F4JM5961,2,Hogar y Cocina,disponible,no disponible,,,2025-10-29T22:12:25.379Z,2025-10-30T04:36:30.083Z,2025-10-30T16:39:57.609Z,505.9,,$503.76,"HOMEBROS - Soporte de pared para corbatas, de madera con 24 ganchos de metal, giratorio de 360°, gran capacidad, negro, 2 unidades",https://www.amazon.com.mx/dp/B0F4JM5961,https://www.amazon.com/dp/B0F4JM5961,Rendosa,
,B0DSRT6F4V,2,Hogar y Cocina,disponible,no disponible,,,2025-10-29T22:12:25.379Z,2025-10-30T04:36:38.180Z,2025-10-30T16:40:05.400Z,818.8,,$783.26,"Marco de fotos de My First Year, tablero de fotos de un año, collage de fotos de los primeros doce meses y recuerdo neutro de género, ideal para baby shower, regalo de recuerdo de mamá nueva y",https://www.amazon.com.mx/dp/B0DSRT6F4V,https://www.amazon.com/dp/B0DSRT6F4V,MSTZKN SHİPMENT,
,B0CKZBPDBY,2,Hogar y Cocina,disponible,disponible,,,2025-10-29T22:12:25.379Z,2025-10-30T04:36:46.044Z,2025-10-30T16:40:14.198Z,731.08,17.99,$750.29,"LEXMORE - Juego de 8 manteles individuales tejidos de vinilo/plástico para mesa de cocina, interior/exterior, lavables, manteles individuales lavables (cubeta plateado)",https://www.amazon.com.mx/dp/B0CKZBPDBY,https://www.amazon.com/dp/B0CKZBPDBY,SHERIFF EXPRESS,Lexmore Direct
,B0DD3MYVH9,2,Hogar y Cocina,disponible,no disponible,,,2025-10-29T22:12:25.379Z,2025-10-30T04:36:59.722Z,2025-10-30T16:40:26.857Z,1420.89,,"$1,442.36","Crucifijo de pared crucifijo de madera de olivo de 14 pulgadas, resina pintada a mano Jesús en crucifijo de madera, decoración católica del hogar, regalos religiosos de inauguración de la casa",https://www.amazon.com.mx/dp/B0DD3MYVH9,https://www.amazon.com/dp/B0DD3MYVH9,M&H Customer Friendly Store,
,B0B6HRQVNS,2,Hogar y Cocina,disponible,disponible,,,2025-10-29T22:12:25.380Z,2025-10-30T04:37:07.776Z,2025-10-30T16:40:34.713Z,893.98,24.99,$886.80,"TEXAS LINEN CO. Juego de fundas de almohada de algodón egipcio de lujo de 2 a 1000 hilos para dormir, suave y sedosa, funda de almohada refrescante, fundas de almohada extralargas de calidad de hotel",https://www.amazon.com.mx/dp/B0B6HRQVNS,https://www.amazon.com/dp/B0B6HRQVNS,IY Network,Texas Linen Co.
,B0CRKPRTWX,2,Hogar y Cocina,disponible,no disponible,,,2025-10-29T22:12:25.380Z,2025-10-30T04:37:17.283Z,2025-10-30T16:40:43.475Z,799.97,,$737.35,"Juego de 6 posavasos espeluznantes de personajes de películas de terror con soporte, accesorios de películas de terror para decoración de fiestas, posavasos redondos únicos de Halloween para mesa de",https://www.amazon.com.mx/dp/B0CRKPRTWX,https://www.amazon.com/dp/B0CRKPRTWX,MSTZKN SHİPMENT,
,B0C8WCPP5R,2,Hogar y Cocina,disponible,no disponible,,,2025-10-29T22:12:25.380Z,2025-10-30T04:37:26.454Z,2025-10-30T16:40:52.244Z,1010.94,,$998.82,"Marco de fotos de madera de roble de 9 x 12 pulgadas, juego de 2 marcos de fotos de madera maciza natural, soporte de pared de vidrio real",https://www.amazon.com.mx/dp/B0C8WCPP5R,https://www.amazon.com/dp/B0C8WCPP5R,Rendosa,
,B0CWTV2NQ1,2,Hogar y Cocina,disponible,disponible,,,2025-10-29T22:12:25.380Z,2025-10-30T04:37:34.294Z,2025-10-30T16:40:58.904Z,1315.51,37.99,"$1,301.14","cubeta de hielo moderno aislado de 3.2 l con tapa de silicona, cuchara, colador, cubeta de hielo de acero inoxidable de doble pared para fiestas y bar de cócteles, ideal para regalo (blanco perla)",https://www.amazon.com.mx/dp/B0CWTV2NQ1,https://www.amazon.com/dp/B0CWTV2NQ1,M&H Customer Friendly Store,iHoo
,B0DYK2G9JW,2,Hogar y Cocina,disponible,disponible,,,2025-10-29T22:12:25.380Z,2025-10-30T04:37:42.259Z,2025-10-30T16:41:07.545Z,528.07,8.99,$493.04,"Joshey - 6 pajitas de repuesto y valores de mordida compatibles con Infantino My First Tumbler Kids de 9 onzas, paquete de 6 puntas de silicona de repuesto a prueba de derrames (blanco, azul, morado",https://www.amazon.com.mx/dp/B0DYK2G9JW,https://www.amazon.com/dp/B0DYK2G9JW,Novayu,dong guan shi wei di man si ke ji you xian gong si
,B0BG4XYQ25,2,Hogar y Cocina,disponible,no disponible,,,2025-10-29T22:12:25.380Z,2025-10-30T04:37:49.455Z,2025-10-30T16:41:15.649Z,666.01,,$658.71,"Servilleteros de madera, juego de 12 servilleteros hechos a mano para decoración de mesa de cena, bodas, hogar, cocina, decoración, cena, fiestas, uso diario, duradero, versátil (crema), fácil",https://www.amazon.com.mx/dp/B0BG4XYQ25,https://www.amazon.com/dp/B0BG4XYQ25,GUTTIDIRECT,
,B0F4C329VP,2,Hogar y Cocina,disponible,no disponible,,,2025-10-29T22:12:25.380Z,2025-10-30T04:37:58.602Z,2025-10-30T16:41:24.049Z,488.95,,$468.07,"HEYINSHEN - Marco de fotos de graduación de jardín de infantes, marco de fotos de graduación preescolar, 4 x 6 pulgadas, marco de fotos de graduación de jardín de infantes, 2025, para hijo, hija",https://www.amazon.com.mx/dp/B0F4C329VP,https://www.amazon.com/dp/B0F4C329VP,MSTZKN SHİPMENT,
,B09W45KPT2,2,Hogar y Cocina,disponible,disponible,,,2025-10-29T22:12:25.380Z,2025-10-30T04:38:05.385Z,2025-10-30T16:41:32.801Z,1472.57,42.99,"$1,438.24","Buzbug Matamoscas de alto voltaje, atraído a insectos voladores, utilizado como matador de moscas e insectos, limpiador de insectos, lámpara de mosquitos, matamoscas y asesino de avispas para cocina y jardín",https://www.amazon.com.mx/dp/B09W45KPT2,https://www.amazon.com/dp/B09W45KPT2,M&H Customer Friendly Store,LLKS Tech
,B0D448L7Q9,2,Hogar y Cocina,disponible,disponible,,,2025-10-29T22:12:25.381Z,2025-10-30T04:38:13.489Z,2025-10-30T16:41:40.561Z,818.85,21.99,$810.46,"Dingbaayee Faraday - Tela Faraday de 43 x 118 pulgadas con cinta Faraday de grado militar, tela Faraday de níquel y cobre para WiFi, GPS",https://www.amazon.com.mx/dp/B0D448L7Q9,https://www.amazon.com/dp/B0D448L7Q9,FuCai Official,Dingbaayee
,B0D8TFHH3F,2,Hogar y Cocina,disponible,no disponible,,,2025-10-29T22:12:25.381Z,2025-10-30T04:38:20.122Z,2025-10-30T16:41:48.465Z,1021.73,,$968.58,"KLM - Estante de exhibición para botellas de licor, organizador de jarabe de café, estante de vino para encimera de 3 pasos, mini bar, estante retro para whisky, licores",https://www.amazon.com.mx/dp/B0D8TFHH3F,https://www.amazon.com/dp/B0D8TFHH3F,IY Network,
,B0C852T96P,2,Hogar y Cocina,disponible,no disponible,,,2025-10-29T22:12:37.438Z,2025-10-30T04:38:27.776Z,2025-10-30T16:41:55.717Z,728.47,,$710.33,Bandeja decorativa para decoración del hogar,https://www.amazon.com.mx/dp/B0C852T96P,https://www.amazon.com/dp/B0C852T96P,Ovolos,
,B0CTC65BLP,2,Hogar y Cocina,disponible,no disponible,,,2025-10-29T22:12:37.438Z,2025-10-30T04:38:36.539Z,2025-10-30T16:42:04.374Z,1639.75,,"$1,630.91","ASmileIndeep - Soporte de exhibición para monedas de 5 filas con capacidad para 50 monedas para montaje en pared o mesa, vitrina militar de madera maciza para coleccionables, nogal",https://www.amazon.com.mx/dp/B0CTC65BLP,https://www.amazon.com/dp/B0CTC65BLP,SRKSB LLC,
,B001FVW1P0,2,Hogar y Cocina,disponible,no disponible,,,2025-10-29T22:12:37.438Z,2025-10-30T04:38:43.629Z,2025-10-30T16:42:12.653Z,1376.02,,"$1,311.06","Basic Coatings SQK CONC GAL Squeaky Concentrate Cleaner, 1 gal",https://www.amazon.com.mx/dp/B001FVW1P0,https://www.amazon.com/dp/B001FVW1P0,Rendomin,
,B0F5W5QNJV,2,Hogar y Cocina,disponible,no disponible,,,2025-10-29T22:12:37.438Z,2025-10-30T04:38:52.006Z,2025-10-30T16:42:20.210Z,825.52,,$784.82,"Kcvvcr - Almohada de flores de color naranja, almohada decorativa de felpa con forma de flor de 45 cm para cama",https://www.amazon.com.mx/dp/B0F5W5QNJV,https://www.amazon.com/dp/B0F5W5QNJV,Novayu,
,B0CZLQ4RRK,2,Hogar y Cocina,disponible,disponible,,,2025-10-29T22:12:37.438Z,2025-10-30T04:38:59.658Z,2025-10-30T16:42:28.261Z,581.19,10.99,$526.88,"Gernaice - Camino de mesa bohemio, 2 unidades, bordado de lino y algodón para decoración del hogar, 24 pulgadas de largo x 13 pulgadas de ancho, color blanco crema",https://www.amazon.com.mx/dp/B0CZLQ4RRK,https://www.amazon.com/dp/B0CZLQ4RRK,Novayu,Gernaice
,B0C3XHX55B,2,Hogar y Cocina,disponible,no disponible,,,2025-10-29T22:12:37.438Z,2025-10-30T04:39:06.922Z,2025-10-30T16:42:36.992Z,688.9,,$640.60,"OSBANG Tarro de 15 Purpurina Que Brilla en la Oscuridad: 12 Colores de Purpurina Brillante y 3 Colores de Copos de Papel Dorado, Purpurina Muy Luminosa para Manualidades con Resina, cosméticos, uñas,",https://www.amazon.com.mx/dp/B0C3XHX55B,https://www.amazon.com/dp/B0C3XHX55B,Ovolos,
,B0C68Y5D6P,2,Hogar y Cocina,disponible,disponible,,,2025-10-29T22:12:37.439Z,2025-10-30T04:39:14.703Z,2025-10-30T16:42:43.625Z,1245.51,32.99,"$1,247.10","Bamboo Story - Papel Higiénico de Bambú de Alta Calidad, Sin PFA, Sin Blanquear, 3 Capas y 300 Hojas, Certificado FSC, Café Orgánico",https://www.amazon.com.mx/dp/B0C68Y5D6P,https://www.amazon.com/dp/B0C68Y5D6P,Abundant Peace,Bamboo Story
,B0C9R744XC,2,Hogar y Cocina,disponible,no disponible,,,2025-10-29T22:12:37.439Z,2025-10-30T04:39:23.521Z,2025-10-30T16:42:52.605Z,598.56,,$589.56,Green Pollywog | Kit de marco de madera con huella de pata de perro | (2) marcos de fotos verticales de madera de 4 x 6 pulgadas | Almohadilla de tinta extragrande de tacto limpio | Regalos de impresión de pata de perro | Almohadilla de tinta sin ensuciar | Marco de fotos conmemorativo para mascotas,https://www.amazon.com.mx/dp/B0C9R744XC,https://www.amazon.com/dp/B0C9R744XC,Rendomin,
,B07D6W6MTW,2,Hogar y Cocina,disponible,no disponible,,,2025-10-29T22:12:37.439Z,2025-10-30T04:39:31.994Z,2025-10-30T16:43:01.257Z,958.24,,$954.23,"Iron OUT Gel quitamanchas para óxido, Pastillas, Blanco, 18 unidades, 1",https://www.amazon.com.mx/dp/B07D6W6MTW,https://www.amazon.com/dp/B07D6W6MTW,Rendosa,
,B0D428WKRR,2,Hogar y Cocina,disponible,no disponible,,,2025-10-29T22:12:37.439Z,2025-10-30T04:39:44.530Z,2025-10-30T16:43:13.935Z,560.08,,$532.76,"Linecooo - Manta de forro polar morado profundo, 50 x 60 pulgadas, para sofá cama, manta de franela de microfibra súper suave y acogedora con diseño a cuadros 3D, ligera para adultos, mujeres y niñas",https://www.amazon.com.mx/dp/B0D428WKRR,https://www.amazon.com/dp/B0D428WKRR,MSTZKN SHİPMENT,
,B0CPDYKMXR,2,Hogar y Cocina,disponible,no disponible,,,2025-10-29T22:12:37.439Z,2025-10-30T04:39:53.896Z,2025-10-30T16:43:22.182Z,825.87,,$814.18,"Hogaryo - Marco de Fotos 11 x 14 Pulgadas, Color Café, 3 Piezas en 1 Juego, Muestra Imágenes 8 x 10 Con Alfombrilla o 11 x 14 Sin Ella",https://www.amazon.com.mx/dp/B0CPDYKMXR,https://www.amazon.com/dp/B0CPDYKMXR,IY Network,
,B0CC9769KX,2,Hogar y Cocina,disponible,no disponible,,,2025-10-29T22:12:37.439Z,2025-10-30T04:40:01.851Z,2025-10-30T16:43:29.537Z,845.78,,$784.38,"Encendedor de cigarros todo en uno con cortador de cigarros en V, punzón de cigarros integrado, soporte de cigarros, llama Jet Quad a prueba de viento, juego de encendedor de antorcha recargable 4 en",https://www.amazon.com.mx/dp/B0CC9769KX,https://www.amazon.com/dp/B0CC9769KX,MARVEL INC.,
,B0CRRML9Z5,2,Hogar y Cocina,disponible,no disponible,,,2025-10-29T22:12:37.439Z,2025-10-30T04:40:09.026Z,2025-10-30T16:43:37.267Z,1261.53,,"$1,250.01","Cofre del tesoro de madera – 11 x 7.1 x 5.5 pulgadas, elegante caja de almacenamiento con tapa robusta con bisagras, baúl decorativo de inspiración clásico para recuerdos (negro)",https://www.amazon.com.mx/dp/B0CRRML9Z5,https://www.amazon.com/dp/B0CRRML9Z5,MUCH & MORE,
,B0C1TXCYW6,2,Hogar y Cocina,disponible,disponible,,,2025-10-29T22:12:37.440Z,2025-10-30T04:40:17.770Z,2025-10-30T16:43:45.352Z,759.07,18.89,$751.51,Hobekoee Juego de agujas de tejer con estuche,https://www.amazon.com.mx/dp/B0C1TXCYW6,https://www.amazon.com/dp/B0C1TXCYW6,Rendosa,Homeasy online
,B0CPSGBCGB,2,Hogar y Cocina,disponible,no disponible,,,2025-10-29T22:12:37.440Z,2025-10-30T04:40:25.091Z,2025-10-30T16:43:52.534Z,755.72,,$658.35,"FinalFind - Marco de fotos de 5 x 7 pulgadas con alfombrilla para marcos de fotos de 4 x 6 pulgadas, color negro de grano de madera de 5 x 7 pulgadas para montaje en mesa o pared (paquete de 4, negro)",https://www.amazon.com.mx/dp/B0CPSGBCGB,https://www.amazon.com/dp/B0CPSGBCGB,Rendomin,
,B0D6BF3N9P,2,Hogar y Cocina,disponible,disponible,,,2025-10-29T22:12:37.440Z,2025-10-30T04:40:33.003Z,2025-10-30T16:44:00.668Z,526.08,10.63,$519.97,"Volkate - Paquete de 2 baterías recargables D de litio con cable de carga USB-C, batería LR20 de 1,5 V, tamaño D, 7500 mWh, para linternas, linternas, controles remotos, radios, ventiladores,",https://www.amazon.com.mx/dp/B0D6BF3N9P,https://www.amazon.com/dp/B0D6BF3N9P,M&H Customer Friendly Store,LeKai
,B09Q5HXW9J,2,Hogar y Cocina,disponible,no disponible,,,2025-10-29T22:12:52.513Z,2025-10-30T04:40:40.752Z,2025-10-30T16:44:08.996Z,1302.37,,"$1,232.25","SMIBUY Percheros con estante montado en la pared, perchero de entrada de 29.2 pulgadas para pared, estante colgante de bambú con 5 ganchos dobles de metal para baño, dormitorio, cocina, sala de estar, vestíbulo (natural)",https://www.amazon.com.mx/dp/B09Q5HXW9J,https://www.amazon.com/dp/B09Q5HXW9J,MARVEL INC.,
,B0BCM8XWR1,2,Hogar y Cocina,disponible,no disponible,,,2025-10-29T22:12:52.513Z,2025-10-30T04:40:48.441Z,2025-10-30T16:44:16.704Z,538.7,,$547.10,"Clean People Washing Machine Cleaner - Eco Friendly Washer Machine Cleaner Tablets for Removing Odor, Grime & Scale Buildup - Front Load and Top Load Laundry Machine Cleaner - 6 Count",https://www.amazon.com.mx/dp/B0BCM8XWR1,https://www.amazon.com/dp/B0BCM8XWR1,Natural  Mx ⭐ (Facturamos),
,B0D77DK5G2,2,Hogar y Cocina,disponible,no disponible,,,2025-10-29T22:12:52.513Z,2025-10-30T04:40:56.593Z,2025-10-30T16:44:24.735Z,570,,$568.89,"Plantillas de Navidad pequeñas para manualidades, reutilizables de 3 pulgadas, plantillas de Navidad para pintar en rodajas de madera, bandeja de nivel, decoración de etiquetas de regalo",https://www.amazon.com.mx/dp/B0D77DK5G2,https://www.amazon.com/dp/B0D77DK5G2,Abundant Peace,
,B0CT6CMVCB,2,Hogar y Cocina,disponible,no disponible,,,2025-10-29T22:12:52.514Z,2025-10-30T04:41:04.679Z,2025-10-30T16:44:32.995Z,956.16,,$941.46,"Posavasos de pelota de golf y vasos de whisky y vasos de whisky: accesorios de golf para hombres y mujeres golfistas; cesta de día festivo fresca (1 vaso, no personalizado)",https://www.amazon.com.mx/dp/B0CT6CMVCB,https://www.amazon.com/dp/B0CT6CMVCB,Novayu,
,B0CYZ47P26,2,Hogar y Cocina,disponible,no disponible,,,2025-10-29T22:12:52.514Z,2025-10-30T04:41:12.790Z,2025-10-30T16:44:40.142Z,593.3,,$598.18,"ZZWUAPT - Rotuladores de doble punta azul para rotuladores artísticos, 24 rotuladores de colores para colorear para adultos, kit de manualidades",https://www.amazon.com.mx/dp/B0CYZ47P26,https://www.amazon.com/dp/B0CYZ47P26,SRKSB LLC,
,B09XSCQFM1,2,Hogar y Cocina,disponible,disponible,,,2025-10-29T22:12:52.514Z,2025-10-30T04:41:21.350Z,2025-10-30T16:44:47.564Z,1969.88,59.99,"$1,947.83",FluffCo. Down Alternative King Size Pillows | Luxury Hotel-Quality Pillow | Luxurious Breathable Microfiber Polyester Pillow | 300 Thread Count (King Size Soft - Pack of 1),https://www.amazon.com.mx/dp/B09XSCQFM1,https://www.amazon.com/dp/B09XSCQFM1,Rendosa,Fluff Co
,B099612FNT,2,Hogar y Cocina,disponible,disponible,,,2025-10-29T22:12:52.514Z,2025-10-30T04:41:29.685Z,2025-10-30T16:44:55.162Z,818.98,21.99,$812.51,"Choc Chick - Almohada para niños pequeños, 20 x 14 pulgadas, lavable a máquina, suaves, hipoalergénicas, para niños, lindos, almohadas perfectas para dormir de 2 años (gato)",https://www.amazon.com.mx/dp/B099612FNT,https://www.amazon.com/dp/B099612FNT,SHERIFF EXPRESS,Chocchick Direct
,B096ZNB76Q,2,Hogar y Cocina,disponible,no disponible,,,2025-10-29T22:12:52.514Z,2025-10-30T04:41:38.643Z,2025-10-30T16:45:03.142Z,542.72,,$520.93,"Kit de esparcidor y espátula, 3.5 pulgadas, 5 pulgadas, 7 pulgadas en forma de T y espátula de 13.4 pulgadas, varillas de crepes de material de madera natural para cualquier crepé, con cepillo de silicona, juego de 5",https://www.amazon.com.mx/dp/B096ZNB76Q,https://www.amazon.com/dp/B096ZNB76Q,SRKSB LLC,
,B0CXXM4761,2,Hogar y Cocina,disponible,no disponible,,,2025-10-29T22:12:52.514Z,2025-10-30T04:41:45.996Z,2025-10-30T16:45:10.837Z,722.16,,$709.91,"FONDCANYON Best Friends Ever - Marco de fotos para amigos, mejor amigo, regalos para mejores amigos, regalos de amistad para hombres, mujeres, amigos, cumpleaños, Navidad, niñas (foto de 4 x 6",https://www.amazon.com.mx/dp/B0CXXM4761,https://www.amazon.com/dp/B0CXXM4761,MSTZKN SHİPMENT,
,B0CKN23FTJ,2,Hogar y Cocina,disponible,disponible,,,2025-10-29T22:12:52.514Z,2025-10-30T04:41:54.410Z,2025-10-30T16:45:17.598Z,713.61,16.99,$710.42,"Jetec - 32 bolsas de malla con cierre, almacenamiento de juguetes, bolsa organizadora de bikini, bolsas para guardar, trajes de baño, impermeable, con cierre, reutilizable, rompecabezas, multiusos",https://www.amazon.com.mx/dp/B0CKN23FTJ,https://www.amazon.com/dp/B0CKN23FTJ,Rendosa,Wilgera
,B09Q95639G,2,Hogar y Cocina,disponible,no disponible,,,2025-10-29T22:12:52.514Z,2025-10-30T04:42:02.712Z,2025-10-30T16:45:26.320Z,1203.15,,"$1,169.57","WELITTCON - Caja de madera grande decorativa de madera con tapa con bisagras y llave de bloqueo, caja de almacenamiento de acacia de alta calidad, cajas de madera de regalo de memoria, 11 x 8.5 x 5",https://www.amazon.com.mx/dp/B09Q95639G,https://www.amazon.com/dp/B09Q95639G,MUCH & MORE,
,B0CJ9DXHYH,2,Hogar y Cocina,disponible,no disponible,,,2025-10-29T22:12:52.515Z,2025-10-30T04:42:11.082Z,2025-10-30T16:45:33.486Z,774.16,,$772.95,"Beeveer - 20 piezas de coches de madera sin acabar, juguetes de coche, juguetes de madera pintables, manualidades de madera para pintar autos para estudiantes, actividades en el hogar, manualidades, proyectos de manualidades, recuerdos de fiesta",https://www.amazon.com.mx/dp/B0CJ9DXHYH,https://www.amazon.com/dp/B0CJ9DXHYH,Rendosa,
,B0CNK2WHP3,2,Hogar y Cocina,disponible,disponible,,,2025-10-29T22:12:52.515Z,2025-10-30T04:42:19.534Z,2025-10-30T16:45:40.424Z,1120.44,34.59,"$1,113.11","CZL - Juego de 4 fundas para sillas de comedor, con cierre mejorada, color negro, para comedor, funda elástica de jacquard para sillas de comedor, extraíble y lavable",https://www.amazon.com.mx/dp/B0CNK2WHP3,https://www.amazon.com/dp/B0CNK2WHP3,SIDE SHOP,Kee Electric
,B01GGHR5BM,2,Hogar y Cocina,disponible,disponible,,,2025-10-29T22:12:52.515Z,2025-10-30T04:42:32.044Z,2025-10-30T16:45:52.782Z,767.81,19.95,$765.56,ViscoDisc Canning Buddies- Wide Mouth Mason Jar Inserts,https://www.amazon.com.mx/dp/B01GGHR5BM,https://www.amazon.com/dp/B01GGHR5BM,Abundant Peace,ViscoDisc
,B09X33YKHY,2,Hogar y Cocina,disponible,no disponible,,,2025-10-29T22:12:52.515Z,2025-10-30T04:42:39.927Z,2025-10-30T16:45:59.943Z,1670.96,,"$1,591.33","VANLAXY Route 66 - Caja de almacenamiento en miniatura, modelo de gasolinera, decoración clásico con bomba de gas, modelo de motocicleta, cajones, joyero, caja de joyería, gabinete retro para",https://www.amazon.com.mx/dp/B09X33YKHY,https://www.amazon.com/dp/B09X33YKHY,Ovolos,
,B0BYD4VYF3,2,Hogar y Cocina,disponible,no disponible,,,2025-10-29T22:13:04.138Z,2025-10-30T04:42:47.918Z,2025-10-30T16:46:07.414Z,690.88,,$683.28,"Ddrihlees - Repelente de mosquitos electrónico para uso en interiores, incluye 2 recambios repelentes de 280 horas, sin velas ni llamas, sin DEET, para el hogar, recámara, oficina, cocina (blanco)",https://www.amazon.com.mx/dp/B0BYD4VYF3,https://www.amazon.com/dp/B0BYD4VYF3,GUTTIDIRECT,
,B0DL6C8LK6,2,Hogar y Cocina,disponible,no disponible,,,2025-10-29T22:13:04.138Z,2025-10-30T04:42:56.199Z,2025-10-30T16:46:15.458Z,984.37,,$953.06,"HomArtist - Tarros cuadrados de vidrio con tapas de bambú, paquete de 4 tarros de ensalada de frutas con tapas, tarros de almacenamiento de vidrio herméticos con tapas para aperitivos, dulces, avena,",https://www.amazon.com.mx/dp/B0DL6C8LK6,https://www.amazon.com/dp/B0DL6C8LK6,Ovolos,
,B0CGHY8LZM,2,Hogar y Cocina,disponible,no disponible,,,2025-10-29T22:13:04.138Z,2025-10-30T04:43:05.176Z,2025-10-30T16:46:23.744Z,705.64,,$667.96,"CLEARALIF - Sábanas suavizantes de tela, aroma de lino fresco, 160 cargas, ecológicas, ideales para viajes, apartamentos, dormitorios",https://www.amazon.com.mx/dp/B0CGHY8LZM,https://www.amazon.com/dp/B0CGHY8LZM,MYSILKROAD LLC,
,B0D7VN64SZ,2,Hogar y Cocina,disponible,no disponible,,,2025-10-29T22:13:04.138Z,2025-10-30T04:43:12.850Z,2025-10-30T16:46:31.533Z,1916.59,,"$1,908.40","Graceware - Bandeja para tina de nogal sólido, 35 x 9 x 2.5 pulgadas, pies ajustables, antiinclinación, accesorio de baño de lujo",https://www.amazon.com.mx/dp/B0D7VN64SZ,https://www.amazon.com/dp/B0D7VN64SZ,Lumexa Online MX,
,B0CKS7LTDN,2,Hogar y Cocina,disponible,no disponible,,,2025-10-29T22:13:04.138Z,2025-10-30T04:43:19.928Z,2025-10-30T16:46:39.423Z,482.76,,$462.48,"South Beach Crafts 10 piezas de plumas de pavo real genuinas de origen ético, de 10 a 12 pulgadas para manualidades, decoración de atuendo festivo, disfraces de Halloween, diseño vibrante de ojos que",https://www.amazon.com.mx/dp/B0CKS7LTDN,https://www.amazon.com/dp/B0CKS7LTDN,MSTZKN SHİPMENT,
,B0D48RBLYJ,2,Hogar y Cocina,disponible,disponible,,,2025-10-29T22:13:04.138Z,2025-10-30T04:43:27.436Z,2025-10-30T16:46:46.557Z,356.78,4.58,$378.59,"HDSupplies - 100 anillos de acero inoxidable 304, calibre 21 (0,7 mm de grosor)",https://www.amazon.com.mx/dp/B0D48RBLYJ,https://www.amazon.com/dp/B0D48RBLYJ,DUKKI LLC,HDSupplies
,B0CJR68ZDH,2,Hogar y Cocina,disponible,no disponible,,,2025-10-29T22:13:04.138Z,2025-10-30T04:43:34.502Z,2025-10-30T16:46:53.808Z,1905.07,,"$1,966.91","Bandeja negra redonda grande de 20 pulgadas, bandeja otomana negra extragrande, bandejas de madera para servir, bandejas decorativas con asas para el hogar y la cocina",https://www.amazon.com.mx/dp/B0CJR68ZDH,https://www.amazon.com/dp/B0CJR68ZDH,SHERIFF EXPRESS,
,B0D3DZ1PYR,2,Hogar y Cocina,disponible,no disponible,,,2025-10-29T22:13:04.139Z,2025-10-30T04:43:42.381Z,2025-10-30T16:47:01.756Z,952.41,,$851.57,"euwazram Marco rústico blanco de 14 x 22 pulgadas, marco individual, marco de 14 x 22 pulgadas, marco para póster de 12 x 18 pulgadas, marcos de fotos para obras de arte, rompecabezas, fotos y",https://www.amazon.com.mx/dp/B0D3DZ1PYR,https://www.amazon.com/dp/B0D3DZ1PYR,Novayu,
,B0CSV8QL6S,2,Hogar y Cocina,disponible,no disponible,,,2025-10-29T22:13:04.139Z,2025-10-30T04:43:50.263Z,2025-10-30T16:47:08.918Z,827.86,,$817.96,"Sunny Side Up Minecraft - Manta de viaje de felpa – mide 40 x 50 pulgadas, accesorios de viaje súper suaves y acogedores con Creeper & Enderman",https://www.amazon.com.mx/dp/B0CSV8QL6S,https://www.amazon.com/dp/B0CSV8QL6S,BELGUCAN Global,
,B0C5ZPF1ND,2,Hogar y Cocina,disponible,disponible,,,2025-10-29T22:13:04.139Z,2025-10-30T04:43:58.979Z,2025-10-30T16:47:16.884Z,1446.09,40.99,"$1,498.15","Maxdot - 12 botellas de jarabe de 25 onzas con bomba de cuello largo, dispensador de plástico de jarabe para cafetería, accesorios para fiestas en casa",https://www.amazon.com.mx/dp/B0C5ZPF1ND,https://www.amazon.com/dp/B0C5ZPF1ND,F4ST ORCHESTRA,OTHERPRET
,B0D7Q8VNVJ,2,Hogar y Cocina,disponible,no disponible,,,2025-10-29T22:13:04.139Z,2025-10-30T04:44:06.503Z,2025-10-30T16:47:25.482Z,2014.17,,"$1,996.88","Jesús Walks On Water - lona decorativo para pared, diseño de cristo salva al cordero perdido, decoración de pared, póster cristiano, para sala de estar, recámara, iglesia, listo para colgar",https://www.amazon.com.mx/dp/B0D7Q8VNVJ,https://www.amazon.com/dp/B0D7Q8VNVJ,FISHERSON HOME,
,B0B9FLHMS8,2,Hogar y Cocina,disponible,no disponible,,,2025-10-29T22:13:04.139Z,2025-10-30T04:44:13.918Z,2025-10-30T16:47:33.324Z,647.85,,$640.78,"3-in-1 Laundry Pods, 32 Count Box, High Efficiency (HE), Ultra Concentrate with Powerful Stain Lifter Technology, Fabric Softener With Cheery Blossom Scent, Detergent Pods",https://www.amazon.com.mx/dp/B0B9FLHMS8,https://www.amazon.com/dp/B0B9FLHMS8,GUTTIDIRECT,
,B0D3VF3BG2,2,Hogar y Cocina,disponible,disponible,,,2025-10-29T22:13:04.139Z,2025-10-30T04:44:22.675Z,2025-10-30T16:47:39.976Z,875.53,22.77,$844.27,"BKBOT - Juego de 3 marcos de fotos de metal dorado con vidrio HD, se adapta a 3 x 5 con alfombrilla o 4 x 6 sin tapete para colgar en la pared y expositor de mesa",https://www.amazon.com.mx/dp/B0D3VF3BG2,https://www.amazon.com/dp/B0D3VF3BG2,Ovolos,BKABOT
,B0CY82HF8C,2,Hogar y Cocina,disponible,no disponible,,,2025-10-29T22:13:04.139Z,2025-10-30T04:44:30.710Z,2025-10-30T16:47:48.060Z,550.92,,$521.15,"Picrit - Marco de Fotos para Enmarcar Cuadros de 9,5 x 13 pulgadas, Marco de Fotos para Montaje en Pared, Color Negro",https://www.amazon.com.mx/dp/B0CY82HF8C,https://www.amazon.com/dp/B0CY82HF8C,MSTZKN SHİPMENT,
,B08TWN41SS,2,Hogar y Cocina,disponible,no disponible,,,2025-10-29T22:13:15.966Z,2025-10-30T04:44:38.654Z,2025-10-30T16:47:56.522Z,979.03,,$946.38,"QINOL Organizador de Cubiertos para Cajon con tapa, 5 Compartimentos Plásticos Separador de Cubiertos para Cajon para Para Cuchillos, Tenedores, Cucharas Cocina, para Cocina, Camping (Blanco)",https://www.amazon.com.mx/dp/B08TWN41SS,https://www.amazon.com/dp/B08TWN41SS,RVDSHOP,
,B0D8LN385V,2,Hogar y Cocina,disponible,no disponible,,,2025-10-29T22:13:15.966Z,2025-10-30T04:44:47.098Z,2025-10-30T16:48:04.486Z,772.43,,$762.98,"Kit de accesorios de expreso para tamper espresso de 51 mm: juego de tamper espresso, herramientas de café y expreso, herramientas de barista | kit de espresso para máquinas de café espresso de",https://www.amazon.com.mx/dp/B0D8LN385V,https://www.amazon.com/dp/B0D8LN385V,SRKSB LLC,
,B0CX518JYQ,2,Juguetes y Juegos,disponible,disponible,,,2025-10-29T22:15:09.565Z,2025-10-30T04:44:54.479Z,2025-10-30T16:48:12.598Z,1130.6,34.99,"$1,094.66","ZipString Luma - El Juguete Patentado Que Brilla en la Oscuridad Que Vuela un Lazo de Cuerda, CREA Formas y Trucos infinitos LED Integrado para diversión Brillante. Regalo Perfecto para niños y",https://www.amazon.com.mx/dp/B0CX518JYQ,https://www.amazon.com/dp/B0CX518JYQ,M&H Customer Friendly Store,ZipString
,B0D8PWR35W,2,Juguetes y Juegos,disponible,disponible,,,2025-10-29T22:15:09.565Z,2025-10-30T04:45:02.426Z,2025-10-30T16:48:21.841Z,1881.95,66.99,"$1,873.80","Croknit - Disfraz de sirena de 8 piezas para mujer, disfraces de Halloween, lentejuelas brillantes, falda de sirena, vestido de princesas para adultos",https://www.amazon.com.mx/dp/B0D8PWR35W,https://www.amazon.com/dp/B0D8PWR35W,MYSILKROAD LLC,Qinhenes
,B0D9ZP62TR,2,Juguetes y Juegos,disponible,no disponible,,,2025-10-29T22:15:09.565Z,2025-10-30T04:45:15.261Z,2025-10-30T16:48:35.275Z,390,,$637.30,"Schylling NeeDoh Nice Berg - Cubo Nice Cube Gigante, Juguete sensorial para apretar con una Textura Muy sólida, para Edades de 3 años en adelante, un Cubo",https://www.amazon.com.mx/dp/B0D9ZP62TR,https://www.amazon.com/dp/B0D9ZP62TR,Marca: Needoh,
Libros,B0C7HDNPP6,2,Juguetes y Juegos,disponible,disponible,,,2025-10-29T22:15:09.565Z,2025-10-30T04:45:23.835Z,2025-10-30T16:48:44.189Z,591.74,12.99,$573.12,"Weecent - 24 cuadernos de recuerdos de fiesta de pata de perro para niños, cachorros, animales, cuadernos de bolsillo en espiral, suministros de recompensas para cumpleaños, profesores, aula,",https://www.amazon.com.mx/dp/B0C7HDNPP6,https://www.amazon.com/dp/B0C7HDNPP6,XIJIANG,Weecent us
,B0DR785D92,2,Juguetes y Juegos,disponible,no disponible,,,2025-10-29T22:15:09.565Z,2025-10-30T04:45:31.758Z,2025-10-30T16:48:51.847Z,518.36,,$508.43,"120 globos de color burdeos, 18, 12, 10, 5 pulgadas, globos granate de diferentes tamaños, kit de arco de globos de color burdeos para cumpleaños, graduación, boda, baby shower, día de San Valentín,",https://www.amazon.com.mx/dp/B0DR785D92,https://www.amazon.com/dp/B0DR785D92,M&H Customer Friendly Store,
,B01GZI65OU,2,Juguetes y Juegos,disponible,no disponible,,,2025-10-29T22:15:09.565Z,2025-10-30T04:45:39.959Z,2025-10-30T16:49:00.253Z,506.13,,$501.30,"2pcs BeautyMood 60"" White Pearl Bead Necklaces Flapper Beads Party Accessory Beads Accessory",https://www.amazon.com.mx/dp/B01GZI65OU,https://www.amazon.com/dp/B01GZI65OU,PEACEE STOREE,
,B0CTS4LJ8K,2,Juguetes y Juegos,disponible,no disponible,,,2025-10-29T22:15:09.565Z,2025-10-30T04:45:46.841Z,2025-10-30T16:49:08.457Z,869.94,,$835.94,MrBeast Lab Swarms Mega Lab - 12 Unidades Surtido 1,https://www.amazon.com.mx/dp/B0CTS4LJ8K,https://www.amazon.com/dp/B0CTS4LJ8K,MARVEL INC.,
Libros,B0196QL0IY,2,Juguetes y Juegos,disponible,no disponible,,,2025-10-29T22:15:09.565Z,2025-10-30T04:45:55.519Z,2025-10-30T16:49:16.367Z,381,,$550.00,"Tiger Tribe, Hadas del Bosque, 1ea",https://www.amazon.com.mx/dp/B0196QL0IY,https://www.amazon.com/dp/B0196QL0IY,Marca: Tiger Tribe,
,B0DZPH21Y9,2,Juguetes y Juegos,disponible,no disponible,,,2025-10-29T22:15:09.566Z,2025-10-30T04:46:02.934Z,2025-10-30T16:49:24.362Z,756.22,,$774.36,LOUFOR - Kits de arcilla seca al aire para mascotas (#001-Pets Group),https://www.amazon.com.mx/dp/B0DZPH21Y9,https://www.amazon.com/dp/B0DZPH21Y9,MYSILKROAD LLC,
,B0DBKRJW23,2,Juguetes y Juegos,disponible,no disponible,,,2025-10-29T22:15:09.566Z,2025-10-30T04:46:09.958Z,2025-10-30T16:49:31.658Z,1598.19,,"$1,592.40","RENGENG Espada iluminada, réplica de anime de plástico recargable de 40 pulgadas con cinturón y soporte, espada de anime de textura original",https://www.amazon.com.mx/dp/B0DBKRJW23,https://www.amazon.com/dp/B0DBKRJW23,TIME OF SHOP,
,B0DJPVPDP7,2,Juguetes y Juegos,disponible,disponible,,,2025-10-29T22:15:09.566Z,2025-10-30T04:46:19.354Z,2025-10-30T16:49:39.434Z,1076.44,29.99,"$1,015.92","Run Beaver Run - Un juego de mesa familiar de ritmo rápido con registro rodante, diseño fácil de viajar, perfecto para niños de 5 a 2 a 4 jugadores, incluye piezas de castor y tablero de juego",https://www.amazon.com.mx/dp/B0DJPVPDP7,https://www.amazon.com/dp/B0DJPVPDP7,MYSILKROAD LLC,LukiLab
,B0D98MW4KP,2,Juguetes y Juegos,disponible,no disponible,,,2025-10-29T22:15:09.566Z,2025-10-30T04:46:27.369Z,2025-10-30T16:49:48.418Z,1265.1,,"$1,225.57",Nekojima | Evita los gatos traviesos mientras construye cuidadosamente una red eléctrica japonesa | Juego de destreza para apilar y tejer | Divertido juego familiar para niños y adultos de 8 años en,https://www.amazon.com.mx/dp/B0D98MW4KP,https://www.amazon.com/dp/B0D98MW4KP,SHOPENZA,
,B0D1XXVKKL,2,Juguetes y Juegos,disponible,no disponible,,,2025-10-29T22:15:09.566Z,2025-10-30T04:46:36.928Z,2025-10-30T16:49:57.036Z,644.32,,$615.80,"LHDUOFA Suministros para fiesta de tambor, batería de música, decoraciones para fiesta de cumpleaños, incluye tambores, pancarta de feliz cumpleaños, decoración para tartas, globos para bateristas",https://www.amazon.com.mx/dp/B0D1XXVKKL,https://www.amazon.com/dp/B0D1XXVKKL,GOLDEN SWORD,
,B0DK3DS81T,2,Juguetes y Juegos,disponible,no disponible,,,2025-10-29T22:15:09.566Z,2025-10-30T04:46:43.963Z,2025-10-30T16:50:04.946Z,1878.93,,"$1,867.91","Woodtoe Montessori - Espejo con barra de dominadas para bebé, montaje en pared, 58.42 x 41.91 x 3.18 cm",https://www.amazon.com.mx/dp/B0DK3DS81T,https://www.amazon.com/dp/B0DK3DS81T,SEONGSAN,
,B0DKRHHLKN,2,Juguetes y Juegos,disponible,no disponible,,,2025-10-29T22:15:09.566Z,2025-10-30T04:46:52.522Z,2025-10-30T16:50:13.301Z,1540.19,,"$1,531.40","Juguetes hechos a mano para esgrima de madera, juego de mesa de estrategia de Whack A Globo, globo de bambú hombre batalla premontado, desafío amigos, favorito de la noche de juego, juegos de fiesta",https://www.amazon.com.mx/dp/B0DKRHHLKN,https://www.amazon.com/dp/B0DKRHHLKN,Lumexa Online MX,
,B0DGKSBJM9,2,Juguetes y Juegos,disponible,no disponible,,,2025-10-29T22:15:09.566Z,2025-10-30T04:47:01.756Z,2025-10-30T16:50:22.045Z,793.79,,$789.32,"Trubic - Juego de 46 piezas para hacer té de limo Boba para niñas de 8 a 12 años, juguetes de comida de juguete de simulación, tazas de té de burbujas, bolsa, slime transparente, complementos",https://www.amazon.com.mx/dp/B0DGKSBJM9,https://www.amazon.com/dp/B0DGKSBJM9,SHERIFF EXPRESS,
,B0D8DN3VDT,2,Juguetes y Juegos,disponible,no disponible,,,2025-10-29T22:15:25.187Z,2025-10-30T04:47:09.246Z,2025-10-30T16:50:29.485Z,840.28,,$834.17,"16 juguetes para perros robot para niñas, juguetes para niñas de 3, 4, 5, 6, 7, 8 años, niños y niñas, juguetes realistas para cachorros de 5-7, 6-8, ideas para regalos de cumpleaños para niñas de 3",https://www.amazon.com.mx/dp/B0D8DN3VDT,https://www.amazon.com/dp/B0D8DN3VDT,SRKSB LLC,
,B01LXZ03W9,2,Juguetes y Juegos,disponible,no disponible,,,2025-10-29T22:15:25.187Z,2025-10-30T04:47:17.326Z,2025-10-30T16:50:36.645Z,704.27,,$690.59,Decal Setting Solution-Micro Scale Micro Sol 102 + Micro Set 101 Package Decal,https://www.amazon.com.mx/dp/B01LXZ03W9,https://www.amazon.com/dp/B01LXZ03W9,SRKSB LLC,
,B0D6PQDD6J,2,Juguetes y Juegos,disponible,no disponible,,,2025-10-29T22:15:25.187Z,2025-10-30T04:47:25.471Z,2025-10-30T16:50:44.960Z,1488.99,,"$1,412.12",Poppy Playtime - Muñeco de peluche Smiling Critters de 35 cm (DogDay),https://www.amazon.com.mx/dp/B0D6PQDD6J,https://www.amazon.com/dp/B0D6PQDD6J,ElBazarMexicano,
,B09D1MKGXV,2,Juguetes y Juegos,disponible,no disponible,,,2025-10-29T22:15:25.187Z,2025-10-30T04:47:33.840Z,2025-10-30T16:50:53.468Z,1175.83,,"$1,110.93",Blu Track Classic - Juego de iniciación de 4.5 m,https://www.amazon.com.mx/dp/B09D1MKGXV,https://www.amazon.com/dp/B09D1MKGXV,Alisson Trade,
,B088C3FFRJ,2,Juguetes y Juegos,disponible,no disponible,,,2025-10-29T22:15:25.187Z,2025-10-30T04:47:42.678Z,2025-10-30T16:51:02.091Z,1542.84,,"$1,534.90","Megwoz - Juego gigante de torre para niños y adultos, 57 bloques de madera de pino de Nueva Zelanda apilables a más de 4.2 pies juegos familiares para interiores y exteriores, juegos de patio para",https://www.amazon.com.mx/dp/B088C3FFRJ,https://www.amazon.com/dp/B088C3FFRJ,M&H Customer Friendly Store,
,B0FCW68T72,2,Juguetes y Juegos,disponible,no disponible,,,2025-10-29T22:15:25.187Z,2025-10-30T04:47:50.061Z,2025-10-30T16:51:10.082Z,999.69,,$980.12,Epic Collectibles Pop Baloncesto: OKC Thunder - Figura de vinilo Shai Gilgeous Alexander (SGA) incluida con protector de caja compatible con Funko,https://www.amazon.com.mx/dp/B0FCW68T72,https://www.amazon.com/dp/B0FCW68T72,DUKKI LLC,
,B001TNR7VM,2,Juguetes y Juegos,disponible,no disponible,,,2025-10-29T22:15:25.187Z,2025-10-30T04:48:02.486Z,2025-10-30T16:51:21.583Z,502.23,,$501.75,General Pencil Company The Masters Brush Cleaner & Preserver 1 Oz.,https://www.amazon.com.mx/dp/B001TNR7VM,https://www.amazon.com/dp/B001TNR7VM,SHOPENZA,
,B0DJBF9HZB,2,Juguetes y Juegos,disponible,no disponible,,,2025-10-29T22:15:25.188Z,2025-10-30T04:48:11.979Z,2025-10-30T16:51:28.988Z,682.15,,$668.32,"Juego de mesa de béisbol, juego de tablero de dados de béisbol, madera maciza, 12 abalorio y dados coloridos, manual incluido, portátil, perfecto para fiestas en casa, noche familiar y viajes por",https://www.amazon.com.mx/dp/B0DJBF9HZB,https://www.amazon.com/dp/B0DJBF9HZB,SHOPENZA,
,B0CV3KSKXS,2,Juguetes y Juegos,disponible,no disponible,,,2025-10-29T22:15:25.188Z,2025-10-30T04:48:20.469Z,2025-10-30T16:51:37.999Z,643.58,,$599.17,PullCrease Axolotl - Decoración de fiesta de cumpleaños de 34 pulgadas con papel de aluminio Axolotl - Globos inflables para fiesta de verano para regalo temático de playa (rosa),https://www.amazon.com.mx/dp/B0CV3KSKXS,https://www.amazon.com/dp/B0CV3KSKXS,MARVEL INC.,
,B0D8PWT2BV,2,Juguetes y Juegos,disponible,disponible,,,2025-10-29T22:15:25.188Z,2025-10-30T04:48:29.117Z,2025-10-30T16:51:44.654Z,2157.64,71.99,"$2,146.65","Hoemwarm - Juego de 122 piezas de regalos de fiesta de spa para niños, batas de satén para niñas, salón de uñas y bolsas de mano para fiestas de pijamas, cumpleaños y Halloween, juego completo de spa",https://www.amazon.com.mx/dp/B0D8PWT2BV,https://www.amazon.com/dp/B0D8PWT2BV,MB Exclusive,whasme
,B0CLJ2BVTL,2,Juguetes y Juegos,disponible,no disponible,,,2025-10-29T22:15:25.188Z,2025-10-30T04:48:37.736Z,2025-10-30T16:51:52.232Z,677.35,,$635.49,"40 piezas de accesorios para fotomatón de Francia, accesorios para fotomatón francés Htabiol, decoraciones para fiestas de Francia, decoración para fiestas francesas, apto para cumpleaños temáticos de",https://www.amazon.com.mx/dp/B0CLJ2BVTL,https://www.amazon.com/dp/B0CLJ2BVTL,Ovolos,
,B0CNQ4C9J7,2,Juguetes y Juegos,disponible,no disponible,,,2025-10-29T22:15:25.188Z,2025-10-30T04:48:45.103Z,2025-10-30T16:52:00.087Z,1377.72,,"$1,438.80","Mantic Games: Worms Hilarante juego de mesa que incorpora toda la diversión y travesuras del clásico videojuego, edad 10+, 2-6 jugadores",https://www.amazon.com.mx/dp/B0CNQ4C9J7,https://www.amazon.com/dp/B0CNQ4C9J7,BROWN LEAVES LLC,
,B0CSN8P86Z,2,Juguetes y Juegos,disponible,no disponible,,,2025-10-29T22:15:25.188Z,2025-10-30T04:48:52.309Z,2025-10-30T16:52:07.507Z,4116.41,,"$4,365.29","Pikler Triangle Set with Cushion Large, 5 in 1 Montessori Foldable Climbing Set, Climbing Indoor Playground Set for Toddlers, Wooden Climbing Toys with Ramp and Arch Climber for Kids (Wooden Color)",https://www.amazon.com.mx/dp/B0CSN8P86Z,https://www.amazon.com/dp/B0CSN8P86Z,OZP STORE,
,B0978F3K1Z,2,Juguetes y Juegos,disponible,no disponible,,,2025-10-29T22:15:25.188Z,2025-10-30T04:49:00.781Z,2025-10-30T16:52:15.639Z,735,,$763.35,Disney - Muñeca Merida Classic — Brave — 11 ½ pulgadas,https://www.amazon.com.mx/dp/B0978F3K1Z,https://www.amazon.com/dp/B0978F3K1Z,Blue Steel Toys,
,B0BPXTFVVY,2,Juguetes y Juegos,disponible,no disponible,,,2025-10-29T22:15:25.188Z,2025-10-30T04:49:08.797Z,2025-10-30T16:52:23.316Z,606,,$644.57,HOTCAN - Soporte para varita mágica de madera y soporte de exhibición - Fusión mística de madera de haya y metal - Emblema de búho - 3 ranuras,https://www.amazon.com.mx/dp/B0BPXTFVVY,https://www.amazon.com/dp/B0BPXTFVVY,ZUNOXA,
,B07HHWFZ5J,2,Juguetes y Juegos,disponible,no disponible,,,2025-10-29T22:15:25.188Z,2025-10-30T04:49:17.534Z,2025-10-30T16:52:30.660Z,1834.52,,"$1,800.33",DGT3000 LE - Temporizador de Ajedrez Aprobado por Fide,https://www.amazon.com.mx/dp/B07HHWFZ5J,https://www.amazon.com/dp/B07HHWFZ5J,BROWN LEAVES LLC,
,B08Y88ZLVS,2,Juguetes y Juegos,disponible,no disponible,,,2025-10-29T22:15:38.962Z,2025-10-30T04:49:26.395Z,2025-10-30T16:52:38.620Z,781.15,,$779.82,"Handicraftviet Varita mágica de Madera Tallada a Mano/Varita de Bruja de Madera Real/Varita de Mago de 15 pies para Halloween, Navidad y Fiesta de cumpleaños, Varita de Madera (S5)",https://www.amazon.com.mx/dp/B08Y88ZLVS,https://www.amazon.com/dp/B08Y88ZLVS,PRCOM,
,B0DHMZKS39,2,Juguetes y Juegos,disponible,no disponible,,,2025-10-29T22:15:38.962Z,2025-10-30T04:49:34.267Z,2025-10-30T16:52:46.782Z,2080.24,,"$2,068.50","Vitrina compatible con Hot Wheels Garage & Matchbox Cars con luz LED Escala 1/64 Caja de almacenamiento de coches de juguete fundido a troquel, 5 niveles para un máximo de 75 coches, funda de",https://www.amazon.com.mx/dp/B0DHMZKS39,https://www.amazon.com/dp/B0DHMZKS39,LueKeen,
,B0DXL1QQXQ,2,Juguetes y Juegos,disponible,no disponible,,,2025-10-29T22:15:38.962Z,2025-10-30T04:49:42.787Z,2025-10-30T16:52:54.799Z,719.99,,$735.34,Someie GSI Creos Gundam Marker Pour Type GM301 Negro y GM302 Gris y Borrador GM300 y Borrador Tipo Knock-Tipo Flujo de Borrador Plumas de Panel Forro,https://www.amazon.com.mx/dp/B0DXL1QQXQ,https://www.amazon.com/dp/B0DXL1QQXQ,GUTTIDIRECT,
,B0DPQK1ZZ8,2,Juguetes y Juegos,disponible,no disponible,,,2025-10-29T22:15:38.963Z,2025-10-30T04:49:51.099Z,2025-10-30T16:53:03.552Z,819.18,,$760.55,"Quzzil - Juego de 24 recuerdos de boda, regalos de boda para invitados Tic Tac Toe Mini juegos de mesa de madera de 3.54 x 2.76 pulgadas, Mr and Mrs Happily Ever After para invitados, despedida de",https://www.amazon.com.mx/dp/B0DPQK1ZZ8,https://www.amazon.com/dp/B0DPQK1ZZ8,Rendosa,
,B0DN18GH9L,2,Juguetes y Juegos,disponible,no disponible,,,2025-10-29T22:15:38.963Z,2025-10-30T04:49:58.390Z,2025-10-30T16:53:12.508Z,448.29,,$439.53,"Decoraciones para fiestas de cumpleaños de amigos incluyen el programa de televisión de The Friends Happy Birthday Banner para tartas, globos para amigos, suministros para fiestas de cumpleaños",https://www.amazon.com.mx/dp/B0DN18GH9L,https://www.amazon.com/dp/B0DN18GH9L,SRKSB LLC,
,B0CBCVNCH7,2,Juguetes y Juegos,disponible,no disponible,,,2025-10-29T22:15:38.963Z,2025-10-30T04:50:07.444Z,2025-10-30T16:53:20.009Z,1050.55,,"$1,007.17","Disney Store - Muñeca oficial de la historia de Tiana de La Princesa y el Sapo de 28 cm, juguete totalmente articulable, en traje brillante, figura de juguete para edades de 3 años y más",https://www.amazon.com.mx/dp/B0CBCVNCH7,https://www.amazon.com/dp/B0CBCVNCH7,TIME OF SHOP,
,B0DT5RCMX6,2,Juguetes y Juegos,disponible,no disponible,,,2025-10-29T22:15:38.963Z,2025-10-30T04:50:16.896Z,2025-10-30T16:53:27.470Z,1591.16,,"$1,583.56","WDXDSOB - Animal de peluche gigante amarillo de 38.5 pulgadas, almohada de vaca grande para niños y adultos, decoración de sofá y cama",https://www.amazon.com.mx/dp/B0DT5RCMX6,https://www.amazon.com/dp/B0DT5RCMX6,Rendosa,
,B0DFWBDD4V,2,Juguetes y Juegos,disponible,no disponible,,,2025-10-29T22:15:38.963Z,2025-10-30T04:50:24.483Z,2025-10-30T16:53:35.195Z,1878.98,,"$1,827.54","Doreimi - Juego de 15 dominó de tren mexicano con 8 soportes de madera, 136 números, juego de mesa portátil de viaje para niños y adultos, noche de juegos familiares",https://www.amazon.com.mx/dp/B0DFWBDD4V,https://www.amazon.com/dp/B0DFWBDD4V,Rendomin,
,B0F9PGRVW5,2,Juguetes y Juegos,disponible,no disponible,,,2025-10-29T22:15:38.963Z,2025-10-30T04:50:31.309Z,2025-10-30T16:53:42.801Z,1332.84,,"$1,316.20","The Timeless Cafe Book Nook Casa de muñecas en miniatura clásico con iluminación LED, rompecabezas 3D para decoración de libros para adultos, café regalos para amantes de los libros",https://www.amazon.com.mx/dp/B0F9PGRVW5,https://www.amazon.com/dp/B0F9PGRVW5,BROWN LEAVES LLC,
,B0D3D2MDJS,2,Juguetes y Juegos,disponible,no disponible,,,2025-10-29T22:15:38.963Z,2025-10-30T04:50:38.597Z,2025-10-30T16:53:50.958Z,1470.39,,"$1,464.28","Juego de 300 fichas de póquer con denominaciones, juego de fichas de póquer numeradas para Texas Holdem, fichas de casino profesionales, arcilla de 11.5 gramos con funda de aluminio para Texas Hold'em",https://www.amazon.com.mx/dp/B0D3D2MDJS,https://www.amazon.com/dp/B0D3D2MDJS,Lumexa Online MX,
,B0DS2CQMWX,2,Juguetes y Juegos,disponible,disponible,,,2025-10-29T22:15:38.963Z,2025-10-30T04:50:52.374Z,2025-10-30T16:54:04.130Z,1588.08,49.99,"$1,521.32","Juego de construcción moderno de casa, comedias familiares de televisión de comedia The Dunphy's House Building Set compatible con regalos Lego para fanáticos y adultos y niñas mayores de 14 años",https://www.amazon.com.mx/dp/B0DS2CQMWX,https://www.amazon.com/dp/B0DS2CQMWX,Rendosa,Fun Build
,B0DS6V1XPP,2,Juguetes y Juegos,disponible,disponible,,,2025-10-29T22:15:38.963Z,2025-10-30T04:51:01.763Z,2025-10-30T16:54:12.021Z,1319.72,39.99,"$1,334.42","Muñeca Quinceañera Oso de peluche con vestido, decoraciones de quinceañera para niñas, regalos OSO De Peluche para 15 años con vestido, Centro De Mesa Muñecas para 15 años Quinceañeras (rosa)",https://www.amazon.com.mx/dp/B0DS6V1XPP,https://www.amazon.com/dp/B0DS6V1XPP,F4ST ORCHESTRA,Cisina
,B0DZNPX631,2,Juguetes y Juegos,disponible,no disponible,,,2025-10-29T22:15:38.964Z,2025-10-30T04:51:09.631Z,2025-10-30T16:54:20.379Z,697.44,,$696.50,"QCROAD SQUISHY Taba - Kit de manualidades blando – 50 piezas y 70 piezas súper completas, juego de pegamento de silicona blando, con moldes, herramientas y extras para diversión creativa y artesanal",https://www.amazon.com.mx/dp/B0DZNPX631,https://www.amazon.com/dp/B0DZNPX631,M&H Customer Friendly Store,
,B0848PQMM8,2,Juguetes y Juegos,disponible,no disponible,,,2025-10-29T22:15:38.964Z,2025-10-30T04:51:16.877Z,2025-10-30T16:54:28.575Z,1150.67,,"$1,140.82",Disney Animators' Collection Alice Doll – 16 Inches,https://www.amazon.com.mx/dp/B0848PQMM8,https://www.amazon.com/dp/B0848PQMM8,SRKSB LLC,
,B0DR78CTFH,2,Juguetes y Juegos,disponible,no disponible,,,2025-10-29T22:15:38.964Z,2025-10-30T04:51:24.187Z,2025-10-30T16:54:37.251Z,460.21,,$459.10,"120 globos de color verde azulado, 18, 12, 10, 5 pulgadas, globos turquesas, diferentes tamaños, kit de arco de globo verde azulado para bodas, baby shower, graduación, decoraciones de fiesta de",https://www.amazon.com.mx/dp/B0DR78CTFH,https://www.amazon.com/dp/B0DR78CTFH,M&H Customer Friendly Store,
,B0FGDQ4MDY,2,Juguetes y Juegos,disponible,no disponible,,,2025-10-29T22:15:38.964Z,2025-10-30T04:51:31.518Z,2025-10-30T16:54:45.396Z,542.35,,$516.65,"hotekous - 14 cifras italianas de Brainrot divertidas y creativas de juguete de Brainrot italiano para niños, ideal tanto para jugar como para exhibir",https://www.amazon.com.mx/dp/B0FGDQ4MDY,https://www.amazon.com/dp/B0FGDQ4MDY,MARVEL INC.,
,B0BL8MZJJY,2,Juguetes y Juegos,disponible,no disponible,,,2025-10-29T22:15:51.355Z,2025-10-30T04:51:39.675Z,2025-10-30T16:54:51.905Z,1073.86,,"$1,049.88",Disney Jazm n Mu eca de peluche Aladd n 14 1/2 pulgadas,https://www.amazon.com.mx/dp/B0BL8MZJJY,https://www.amazon.com/dp/B0BL8MZJJY,Click & Go Store JM,
,B0DKZ32L6Q,2,Juguetes y Juegos,disponible,disponible,,,2025-10-29T22:15:51.356Z,2025-10-30T04:51:46.643Z,2025-10-30T16:55:00.760Z,935.92,24.95,$852.44,"Slock Master Mini dardos de alta velocidad, calibre 625, dardos afilados con cuchillas de acero de alta calidad, el paquete contiene 20 dardos mortales precisos y afilados",https://www.amazon.com.mx/dp/B0DKZ32L6Q,https://www.amazon.com/dp/B0DKZ32L6Q,Novayu,Slock Master
,B0FBRPLDWN,2,Juguetes y Juegos,disponible,no disponible,,,2025-10-29T22:15:51.356Z,2025-10-30T04:51:55.253Z,2025-10-30T16:55:07.756Z,517.74,,$509.61,"24 globos de 60 cumpleaños decoraciones para hombres y mujeres, globos de látex de oro negro",https://www.amazon.com.mx/dp/B0FBRPLDWN,https://www.amazon.com/dp/B0FBRPLDWN,AREV ST,
,B0D3GXVVDY,2,Juguetes y Juegos,disponible,disponible,,,2025-10-29T22:15:51.356Z,2025-10-30T04:52:03.457Z,2025-10-30T16:55:15.801Z,1416.44,41.99,"$1,423.63","CUBIMANA Grandes juguetes de construcción de aviones urbanos con luz LED, juego de construcción de aviones con 2 camiones para equipaje, terminal, torre de radar, regalos para niños y niñas (901",https://www.amazon.com.mx/dp/B0D3GXVVDY,https://www.amazon.com/dp/B0D3GXVVDY,SRKSB LLC,RBS Toys
,B0D3SWS13H,2,Juguetes y Juegos,disponible,no disponible,,,2025-10-29T22:15:51.356Z,2025-10-30T04:52:12.107Z,2025-10-30T16:55:23.280Z,621.03,,$614.92,"Paquete de 24 recuerdos de fiesta de limo congelado para niños, taza de limo de hielo, copo de nieve, masilla, juguete de Navidad, Pascua, cumpleaños, bolsa de regalo para el aula para niñas y niños,",https://www.amazon.com.mx/dp/B0D3SWS13H,https://www.amazon.com/dp/B0D3SWS13H,SHOPENZA,
,B0DBKTNNFV,2,Juguetes y Juegos,disponible,no disponible,,,2025-10-29T22:15:51.356Z,2025-10-30T04:52:20.323Z,2025-10-30T16:55:31.790Z,892.46,,$878.54,"Joyreal - Juguetes sensoriales de alto contraste para recién nacidos, en blanco y negro con juguetes de asiento de coche, juguetes infantiles con libro de tarjetas blancas y negras, juguetes",https://www.amazon.com.mx/dp/B0DBKTNNFV,https://www.amazon.com/dp/B0DBKTNNFV,MARVEL INC.,
,B00LFMUHI2,2,Juguetes y Juegos,disponible,no disponible,,,2025-10-29T22:15:51.356Z,2025-10-30T04:52:27.724Z,2025-10-30T16:55:40.310Z,740.19,,$719.46,Paquete doble de cera de tejo Sun-Glo #5 Speed,https://www.amazon.com.mx/dp/B00LFMUHI2,https://www.amazon.com/dp/B00LFMUHI2,Premium Global,
,B0D2XK8JCY,2,Juguetes y Juegos,disponible,no disponible,,,2025-10-29T22:15:51.356Z,2025-10-30T04:52:36.346Z,2025-10-30T16:55:47.838Z,791.81,,$783.13,"Yuntau - Juego de 24 piezas de decoración de fiesta con temática occidental, centro de mesa de vaquero, mini linterna de herradura de la suerte, decoración de rueda de madera, para manualidades,",https://www.amazon.com.mx/dp/B0D2XK8JCY,https://www.amazon.com/dp/B0D2XK8JCY,BELGUCAN Global,
,B0DNCD1D4Q,2,Juguetes y Juegos,disponible,disponible,,,2025-10-29T22:15:51.356Z,2025-10-30T04:52:44.455Z,2025-10-30T16:55:55.876Z,785.94,19.99,$736.55,"Tarjetas de ejercicio de terapia somática para regulación del sistema nervioso, 50 tarjetas de entrenamiento de terapia somática | Tarta de tarjeta de teoría polivagal infásica | Tierra, liberación de",https://www.amazon.com.mx/dp/B0DNCD1D4Q,https://www.amazon.com/dp/B0DNCD1D4Q,Ovolos,lift enterprises
,B0BZ4M8QL2,2,Juguetes y Juegos,disponible,disponible,,,2025-10-29T22:15:51.356Z,2025-10-30T04:52:52.878Z,2025-10-30T16:56:04.288Z,1239.76,38.99,"$1,191.00","Liliful - Juego de 200 bolas de bingo de rifa numeradas 1-200 con ventana de fácil lectura, mini bolas de plástico para noche de juego y actividades de grupo grande, rojo",https://www.amazon.com.mx/dp/B0BZ4M8QL2,https://www.amazon.com/dp/B0BZ4M8QL2,ArtBlue,Xianewqia
,B0CMYX53KM,2,Juguetes y Juegos,disponible,disponible,,,2025-10-29T22:15:51.357Z,2025-10-30T04:53:00.460Z,2025-10-30T16:56:11.444Z,1083.24,29.95,"$1,101.57","bindrz - Carpeta de carga superior de 9 bolsillos, capacidad para 252 cargadores superiores, álbum de cierre sin anillo, bolsillos laterales para CCG TCG MTG y tarjetas deportivas en soportes de",https://www.amazon.com.mx/dp/B0CMYX53KM,https://www.amazon.com/dp/B0CMYX53KM,Rendosa,bindrz
,B0DZXXCZXN,2,Juguetes y Juegos,disponible,no disponible,,,2025-10-29T22:15:51.357Z,2025-10-30T04:53:08.304Z,2025-10-30T16:56:19.820Z,525.01,,$523.43,"Globos cuadrados de pared de globo de color negro y dorado con fondo de pared, 25 globos cuadrados de doble cara con lazos para graduación, cumpleaños, baby shower, novia, fiesta, decoración de arco",https://www.amazon.com.mx/dp/B0DZXXCZXN,https://www.amazon.com/dp/B0DZXXCZXN,KRONOS STORE,
,B0DMFRBX97,2,Juguetes y Juegos,disponible,no disponible,,,2025-10-29T22:15:51.357Z,2025-10-30T04:53:16.245Z,2025-10-30T16:56:27.129Z,618.21,,$576.80,"JIENSA Sprunki - Caja misteriosa de figuras de acción, caja misteriosa Sprunki (paquete de 5)",https://www.amazon.com.mx/dp/B0DMFRBX97,https://www.amazon.com/dp/B0DMFRBX97,MARVEL INC.,
,B0CYQD2G2M,2,Juguetes y Juegos,disponible,no disponible,,,2025-10-29T22:15:51.357Z,2025-10-30T04:53:24.747Z,2025-10-30T16:56:36.243Z,642.22,,$648.03,"TangTuan - Juego de 53 globos de letras plateadas, de la A a la Z para personalizar nombres y frases en carteles de suministros de fiesta, inflado con bomba de globo, para mujeres y hombres,",https://www.amazon.com.mx/dp/B0CYQD2G2M,https://www.amazon.com/dp/B0CYQD2G2M,Rendosa,
,B0DT5QJWRM,2,Juguetes y Juegos,disponible,no disponible,,,2025-10-29T22:15:51.357Z,2025-10-30T04:53:36.721Z,2025-10-30T16:56:49.617Z,1582.3,,"$1,548.39","WDXDSOB - Animal de peluche gigante de vaca montañosa de 38.5 pulgadas, color café, almohada de vaca grande, regalo para niños y adultos, decoración de sofá y cama",https://www.amazon.com.mx/dp/B0DT5QJWRM,https://www.amazon.com/dp/B0DT5QJWRM,M&H Customer Friendly Store,
,B0DK4PLV9D,2,Juguetes y Juegos,disponible,disponible,,,2025-10-29T22:15:51.357Z,2025-10-30T04:53:44.252Z,2025-10-30T16:56:58.049Z,1272.23,39.99,"$1,240.70","TianYueFly - Cometa gigante para adultos en 3D, cometas gigantes de una sola línea de 120 pulgadas con dos colas 3D de 16 pies, cometa grande de playa para adultos",https://www.amazon.com.mx/dp/B0DK4PLV9D,https://www.amazon.com/dp/B0DK4PLV9D,MUCH & MORE,TianYueFly
,B0F4XG3WRF,2,Juguetes y Juegos,disponible,no disponible,,,2025-10-29T22:16:06.102Z,2025-10-30T04:53:52.282Z,2025-10-30T16:57:04.667Z,1031.23,,"$1,002.09","Kabinka Commander - Caja de cubierta para MTG con emblema de metal, caja de tarjeta con bandeja de dados, capacidad para 100 tarjetas de doble manga para PTCG, estuche de almacenamiento de tarjetas",https://www.amazon.com.mx/dp/B0F4XG3WRF,https://www.amazon.com/dp/B0F4XG3WRF,Rendosa,
,B0DR2VZMZL,2,Juguetes y Juegos,disponible,no disponible,,,2025-10-29T22:16:06.102Z,2025-10-30T04:54:00.145Z,2025-10-30T16:57:13.201Z,437.16,,$418.37,"Vela Cumpleaños con Temática Coches Carreras, Velas Cumpleaños Números a Cuadros Velas en Blanco y Negro Adorno Tarta Feliz Cumpleaños para Niños Fiestas Temática Coches Carreras (Número 3)",https://www.amazon.com.mx/dp/B0DR2VZMZL,https://www.amazon.com/dp/B0DR2VZMZL,MSTZKN SHİPMENT,
,B0D5XHNPH1,2,Juguetes y Juegos,disponible,no disponible,,,2025-10-29T22:16:06.102Z,2025-10-30T04:54:07.653Z,2025-10-30T16:57:20.056Z,686.14,,$680.03,"Juguetes Montessori para niños pequeños, juguetes para bebés de 0 a 6 a 12 meses, caja de pañuelos de madera de 1 año para aprendizaje educativo con pañuelos de tela, regalos para niños y niñas para",https://www.amazon.com.mx/dp/B0D5XHNPH1,https://www.amazon.com/dp/B0D5XHNPH1,Rendomin,
,B0F1XQP5PF,2,Juguetes y Juegos,disponible,no disponible,,,2025-10-29T22:16:06.103Z,2025-10-30T04:54:15.408Z,2025-10-30T16:57:28.659Z,487.15,,$443.57,"30 piezas de decoración de oso revelación de género, decoración de tartas, oso revelación de género, decoración para niños y niñas, gemelos baby shower",https://www.amazon.com.mx/dp/B0F1XQP5PF,https://www.amazon.com/dp/B0F1XQP5PF,SURE_FIRE,
,B0CKW6D2Y8,2,Juguetes y Juegos,disponible,no disponible,,,2025-10-29T22:16:06.103Z,2025-10-30T04:54:24.227Z,2025-10-30T16:57:36.499Z,1798.45,,"$1,716.01","BlissfulPixie - Muñeca Waldorf hecha a mano - Fruzie de 12 pulgadas, trapo suave con linda felpa de peluche, ideal para bebés y niños pequeños",https://www.amazon.com.mx/dp/B0CKW6D2Y8,https://www.amazon.com/dp/B0CKW6D2Y8,qiuxushenzen8511xdsw,
,B0F1MJ6KJV,2,Juguetes y Juegos,disponible,disponible,,,2025-10-29T22:16:06.103Z,2025-10-30T04:54:33.073Z,2025-10-30T16:57:44.928Z,488.95,7.99,$468.07,"JCitimix Its A Girl Baby Shower Decoraciones, decoraciones de baby girl con su bandera a niña, pompones de papel, cinta rizadora",https://www.amazon.com.mx/dp/B0F1MJ6KJV,https://www.amazon.com/dp/B0F1MJ6KJV,MSTZKN SHİPMENT,YFSMY
,B0BYVSJ7NY,2,Juguetes y Juegos,disponible,no disponible,,,2025-10-29T22:16:06.103Z,2025-10-30T04:54:41.740Z,2025-10-30T16:57:52.038Z,889.12,,$946.38,"UBABER - Peluche de elefante grande de 19.2 pulgadas, juguete de peluche inteligente para niños, niñas y mujeres, decoración de habitación súper suave (gris).",https://www.amazon.com.mx/dp/B0BYVSJ7NY,https://www.amazon.com/dp/B0BYVSJ7NY,MEI9 zxcvbdr,
,B089VZGHLF,2,Juguetes y Juegos,disponible,no disponible,,,2025-10-29T22:16:06.103Z,2025-10-30T04:54:50.891Z,2025-10-30T16:57:59.537Z,1278.43,,"$1,229.59","Island Falls Home - Kit de jardín Zen de 11 x 8 Pulgadas Hermoso Juego de Regalo de Mini Roca con decoración Japonesa para el hogar, computadora de Oficina. Zen Sand Garden, 6 Herramientas, 15",https://www.amazon.com.mx/dp/B089VZGHLF,https://www.amazon.com/dp/B089VZGHLF,LueKeen,
,B0DYTW3FN6,2,Juguetes y Juegos,disponible,no disponible,,,2025-10-29T22:16:06.103Z,2025-10-30T04:55:02.163Z,2025-10-30T16:58:06.341Z,528.41,,$518.01,"Suministros para fiesta de cumpleaños de construcción, juego de 9 globos de construcción con número dorado 2, globos de 2 años, globos de aluminio de Mylar para camiones de construcción grande para",https://www.amazon.com.mx/dp/B0DYTW3FN6,https://www.amazon.com/dp/B0DYTW3FN6,DERYA KANPOLAT,
,B0C9M7X385,2,Juguetes y Juegos,disponible,no disponible,,,2025-10-29T22:16:06.103Z,2025-10-30T04:55:09.188Z,2025-10-30T16:58:13.921Z,528.41,,$516.97,"BRZIKWT - 50 globos de fiesta de 12 pulgadas, color naranja y blanco con globos de confeti naranja, perfectos para bodas, cumpleaños, baby shower, Halloween, fiestas familiares",https://www.amazon.com.mx/dp/B0C9M7X385,https://www.amazon.com/dp/B0C9M7X385,DERYA KANPOLAT,
,B0DL9RBHQT,2,Juguetes y Juegos,disponible,no disponible,,,2025-10-29T22:16:06.103Z,2025-10-30T04:55:15.633Z,2025-10-30T16:58:22.306Z,765.77,,$762.69,"Foyucool Kit de casa en miniatura, kit de casa pequeña con luz LED, mini kits de construcción de casas para adultos para construir, regalo único para cumpleaños, Navidad, casa de flores",https://www.amazon.com.mx/dp/B0DL9RBHQT,https://www.amazon.com/dp/B0DL9RBHQT,M&H Customer Friendly Store,
,B09FK8BX94,2,Juguetes y Juegos,disponible,no disponible,,,2025-10-29T22:16:06.103Z,2025-10-30T04:55:24.382Z,2025-10-30T16:58:29.946Z,579.12,,$596.24,"BSCOOL - Libro de dibujo, coloración y actividades: Nail Studio | Cuaderno de bocetos de diseño de moda | con pegatinas y guías | para niños de 5 años en adelante",https://www.amazon.com.mx/dp/B09FK8BX94,https://www.amazon.com/dp/B09FK8BX94,BS-SHOPPING,
,B0CFPX9M7J,2,Juguetes y Juegos,disponible,no disponible,,,2025-10-29T22:16:06.103Z,2025-10-30T04:55:32.557Z,2025-10-30T16:58:38.155Z,1454.99,,"$1,455.45","Tonecheer - Kit de computadora para adultos, rompecabezas de madera 3D, decoración de biblioteca, decoración de biblioteca, kit de casa en miniatura chino Booknook con sensor de movimiento corporal",https://www.amazon.com.mx/dp/B0CFPX9M7J,https://www.amazon.com/dp/B0CFPX9M7J,AISHAM FOREVER,
,B0DR2Q3P6W,2,Juguetes y Juegos,disponible,no disponible,,,2025-10-29T22:16:06.104Z,2025-10-30T04:55:40.967Z,2025-10-30T16:58:45.637Z,446.57,,$418.37,"Vela Cumpleaños con Temática Coches Carreras, Velas Cumpleaños Números a Cuadros Velas en Blanco y Negro Adorno Tarta Feliz Cumpleaños para Niños Fiestas Temática Coches Carreras (Número 2)",https://www.amazon.com.mx/dp/B0DR2Q3P6W,https://www.amazon.com/dp/B0DR2Q3P6W,Ronı,
,B0BWTHZZVC,2,Juguetes y Juegos,disponible,no disponible,,,2025-10-29T22:16:06.104Z,2025-10-30T04:55:47.771Z,2025-10-30T16:58:53.357Z,872.09,,$866.14,VERSAINSECT ll Clothes Dress Outfits for 6-7 inch Girl Dolls Dress-up Accessories Kids Toys Birthday Gifts,https://www.amazon.com.mx/dp/B0BWTHZZVC,https://www.amazon.com/dp/B0BWTHZZVC,SIDE SHOP,
,B0C36TWJSD,2,Juguetes y Juegos,disponible,no disponible,,,2025-10-29T22:16:06.104Z,2025-10-30T04:55:55.248Z,2025-10-30T16:59:00.822Z,581.18,,$575.07,"Paquete de 80 suministros de fiesta de neón brillante, decoración de fiesta brillante, juego de decoración reactiva con luz negra, pancarta fluorescente, guirnalda de luz negra, estrellas colgantes,",https://www.amazon.com.mx/dp/B0C36TWJSD,https://www.amazon.com/dp/B0C36TWJSD,M&H Customer Friendly Store,
,B01N54YTDA,2,Juguetes y Juegos,disponible,no disponible,,,2025-10-29T22:16:17.956Z,2025-10-30T04:56:03.132Z,2025-10-30T16:59:08.865Z,2383.82,,"$2,332.75","Hockey Revolution Dryland Bodenfliesen – Glatte ineinandergreifende Trainingsfläche Zum Aufkleben, Schießen, Vorbeigehen – geeignet für den Innen- und Außenbereich",https://www.amazon.com.mx/dp/B01N54YTDA,https://www.amazon.com/dp/B01N54YTDA,YAGAN STORE,
,B0C9N2KW87,2,Juguetes y Juegos,disponible,no disponible,,,2025-10-29T22:16:17.956Z,2025-10-30T04:56:10.861Z,2025-10-30T16:59:17.398Z,773.81,,$750.29,"Ben Louis Juego de 24 libros para colorear para niños con 24 lápices apilables, mini libros para colorear a granel para edades de 2 a 4 a 8 a 12 años, libros de actividades pequeños",https://www.amazon.com.mx/dp/B0C9N2KW87,https://www.amazon.com/dp/B0C9N2KW87,M&H Customer Friendly Store,
,B0D3LQNX1L,2,Juguetes y Juegos,disponible,disponible,,,2025-10-29T22:16:17.956Z,2025-10-30T04:56:24.003Z,2025-10-30T16:59:30.436Z,1219.23,38.99,"$1,241.83","Backgammon - Juego de mesa clásico con funda de piel de primera calidad, juego de estrategia de viaje portátil para adultos y niños, adecuado como (15 pulgadas, azul marino)",https://www.amazon.com.mx/dp/B0D3LQNX1L,https://www.amazon.com/dp/B0D3LQNX1L,SHERIFF EXPRESS,Collager
,B09PNS3G7H,2,Juguetes y Juegos,disponible,no disponible,,,2025-10-29T22:16:17.956Z,2025-10-30T04:56:32.544Z,2025-10-30T16:59:39.680Z,855.57,,$795.55,"FDLS Soporte de dardos montado en la pared que muestra 15 dardos de punta de acero o punta blanda, organizador de dardos para pared con gancho de metal, viene con marcador de línea de lanzamiento de dardos, bolsa de accesorios y afilador de dardos",https://www.amazon.com.mx/dp/B09PNS3G7H,https://www.amazon.com/dp/B09PNS3G7H,Ovolos,
,B0CC56HCW7,2,Juguetes y Juegos,disponible,no disponible,,,2025-10-29T22:16:17.956Z,2025-10-30T04:56:41.022Z,2025-10-30T16:59:47.024Z,148,,$528.59,"Nariolar - Pegamento transparente para rompecabezas con aplicador, adecuado para fijar y colgar rompecabezas, secado rápido, 8 onzas",https://www.amazon.com.mx/dp/B0CC56HCW7,https://www.amazon.com/dp/B0CC56HCW7,Marca: Nariolar,
,B0BTJ5TX9Y,2,Juguetes y Juegos,disponible,disponible,,,2025-10-29T22:16:17.956Z,2025-10-30T04:56:47.761Z,2025-10-30T16:59:55.035Z,821.88,19.99,$832.69,"caretoto - Alas doradas de hada para adultos, alas transparentes y brillantes, disfraz de mariposa para Halloween, alas de ángel para mujeres y niñas",https://www.amazon.com.mx/dp/B0BTJ5TX9Y,https://www.amazon.com/dp/B0BTJ5TX9Y,M&H Customer Friendly Store,Caretoto direct
,B0C4GYS3GD,2,Juguetes y Juegos,disponible,no disponible,,,2025-10-29T22:16:17.957Z,2025-10-30T04:56:55.497Z,2025-10-30T17:00:02.790Z,649.26,,$645.92,"CUTEROOM - Kit de casa de muñecas en miniatura para muebles de madera con cubierta antipolvo y luz LED y accesorios, diseño de casa de muñecas de la serie QT de tres estilos (QT047)",https://www.amazon.com.mx/dp/B0C4GYS3GD,https://www.amazon.com/dp/B0C4GYS3GD,SRKSB LLC,
,B0BNLNJLY4,2,Juguetes y Juegos,disponible,no disponible,,,2025-10-29T22:16:17.957Z,2025-10-30T04:57:02.930Z,2025-10-30T17:00:11.560Z,1385.54,,"$1,365.87","Playbees Fort - Kit de construcción con varillas y conectores, 145 piezas, de 4 a 8 años, 8 a 12 STEM juguete de construcción, juego de construcción para niños, tienda de campaña de juego para",https://www.amazon.com.mx/dp/B0BNLNJLY4,https://www.amazon.com/dp/B0BNLNJLY4,DUKKI LLC,
,B08Y89JP26,2,Juguetes y Juegos,disponible,no disponible,,,2025-10-29T22:16:17.957Z,2025-10-30T04:57:11.448Z,2025-10-30T17:00:19.554Z,666.01,,$651.20,"Handicraftviet - Varita mágica de Madera de 15 Pulgadas, Varita mágica de Madera Real/Varita mágica Coleccionable, Regalo mágico para Halloween, Navidad y Fiesta de cumpleaños (S10)",https://www.amazon.com.mx/dp/B08Y89JP26,https://www.amazon.com/dp/B08Y89JP26,GUTTIDIRECT,
,B0CV34J4T8,2,Juguetes y Juegos,disponible,no disponible,,,2025-10-29T22:16:17.957Z,2025-10-30T04:57:19.349Z,2025-10-30T17:00:26.814Z,569.89,,$560.72,"PullCrease Capybara - Banner inflable de papel de aluminio para fiestas, bodas, baby shower, decoración (12 unidades, naranja en la cabeza)",https://www.amazon.com.mx/dp/B0CV34J4T8,https://www.amazon.com/dp/B0CV34J4T8,SOCIALBOOSTI LLC,
,B0D9JX9SBS,2,Juguetes y Juegos,disponible,no disponible,,,2025-10-29T22:16:17.957Z,2025-10-30T04:57:27.878Z,2025-10-30T17:00:35.264Z,807.15,,$801.55,"60 hojas de papel de acuarela, prensa en frío, 300 g/m²/140 libras de papel de color de agua a granel para niños y adultos, papel de pintura de dibujo de acuarela de color blanco roto para suministros",https://www.amazon.com.mx/dp/B0D9JX9SBS,https://www.amazon.com/dp/B0D9JX9SBS,Rendomin,
,B0CFPZ2FSX,2,Libros,disponible,disponible,,,2025-10-29T22:16:27.037Z,2025-10-30T04:57:35.218Z,2025-10-30T17:00:42.608Z,658,15.99,$644.57,"Maxhoo - Funda de lona encerada para cuaderno Moleskine Cahier, con bolsillo con cierre, para planificador, cuaderno de bocetos, plumas, 9 x 14 cm, oliva",https://www.amazon.com.mx/dp/B0CFPZ2FSX,https://www.amazon.com/dp/B0CFPZ2FSX,XIJIANG,DaoQuNa
,B0DYXQM8G8,2,Libros,disponible,no disponible,,,2025-10-29T22:16:27.037Z,2025-10-30T04:57:42.639Z,2025-10-30T17:00:51.007Z,658.74,,$673.34,Dashspark Bible Study Kit - Bible Journaling Supplies Kit for Women - Highlighters and Pens with Aesthetic Journal Notebook,https://www.amazon.com.mx/dp/B0DYXQM8G8,https://www.amazon.com/dp/B0DYXQM8G8,AURATEM,
,B00B4H8VJ0,2,Libros,disponible,no disponible,,,2025-10-29T22:16:27.037Z,2025-10-30T04:57:51.125Z,2025-10-30T17:00:58.623Z,1432.85,,"$1,392.63","Bradley Smokers BT5FV120 Bisquettes, 5 Flavor Variety, 120-Pack",https://www.amazon.com.mx/dp/B00B4H8VJ0,https://www.amazon.com/dp/B00B4H8VJ0,M&H Customer Friendly Store,
,B0DQXWX9SJ,2,Libros,disponible,no disponible,,,2025-10-29T22:16:27.038Z,2025-10-30T04:57:59.935Z,2025-10-30T17:01:06.140Z,609.95,,$550.00,"&And Per Se - Cuaderno de diario con puntos de bala, tapa dura de piel A5, 176 páginas numeradas de papel de puntos de grosor de 100 g/m², 2 hojas de plantillas incluidas, 5.7 x 8 pulgadas (azul",https://www.amazon.com.mx/dp/B0DQXWX9SJ,https://www.amazon.com/dp/B0DQXWX9SJ,doa store,
,B0DBH7W6YL,2,Libros,disponible,disponible,,,2025-10-29T22:16:27.038Z,2025-10-30T04:58:06.586Z,2025-10-30T17:01:13.793Z,502,7.99,$457.51,"Bloc de notas de 3 x 5 pulgadas, paquete de 10 bloc de notas en blanco, 50 hojas por rasguño para listas de compras de comestibles, papel blanco pequeño para escribir notas rápidas, trabajo en casa",https://www.amazon.com.mx/dp/B0DBH7W6YL,https://www.amazon.com/dp/B0DBH7W6YL,XIJIANG,TTF
,B0DQXW63Q2,2,Libros,disponible,no disponible,,,2025-10-29T22:16:27.038Z,2025-10-30T04:58:14.063Z,2025-10-30T17:01:22.357Z,527.66,,$526.55,"And Per Se - Cuaderno de diario con puntos, tapa dura de cuero A5, 176 páginas numeradas de papel de puntos de grosor de 100 g/m², 2 hojas de plantillas incluidas, 5.7 x 8 pulgadas (lavanda claro)",https://www.amazon.com.mx/dp/B0DQXW63Q2,https://www.amazon.com/dp/B0DQXW63Q2,XIJIANG,
,B0CG2LPFHD,2,Libros,disponible,no disponible,,,2025-10-29T22:16:27.038Z,2025-10-30T04:58:21.900Z,2025-10-30T17:01:30.960Z,2439.38,,"$2,382.45","MEMO Whiteboard Wallet - Mini Cuaderno de Bolsillo y Cartera de Aluminio con Bloqueo RFID - Bloc de Notas de Borrado en Seco con 6 Ranuras para Tarjetas, Bolígrafo y Cierre Magnético - Negro Carbón",https://www.amazon.com.mx/dp/B0CG2LPFHD,https://www.amazon.com/dp/B0CG2LPFHD,SEONGSAN,
,B09VGRBRLN,2,Libros,disponible,disponible,,,2025-10-29T22:16:27.038Z,2025-10-30T04:58:29.144Z,2025-10-30T17:01:38.152Z,983,25.99,"$1,009.68","Cuaderno pequeño a granel, paquete de 60, tamaño A6 (10.7 x 13.9 cm), mini cuadernos para bocetos en blanco, cubierta colorida, diarios de bolsillo sin forro para niños, bloc de notas de dibujo, 30 hojas/60 páginas.",https://www.amazon.com.mx/dp/B09VGRBRLN,https://www.amazon.com/dp/B09VGRBRLN,XIJIANG,Dynta
,B0DWDPM6ZC,2,Libros,disponible,no disponible,,,2025-10-29T22:16:27.038Z,2025-10-30T04:58:36.380Z,2025-10-30T17:01:45.981Z,1292,,"$1,277.81","EGOSUNNY - Agenda A5 sin fecha: cubierta de piel texturizado de cocodrilo de 5.8 x 8.3 pulgadas, carpeta recargable de 6 anillos con 80 hojas, divisores y bolígrafo de metal, organizador de diario",https://www.amazon.com.mx/dp/B0DWDPM6ZC,https://www.amazon.com/dp/B0DWDPM6ZC,XIJIANG,
,B0DS5X8Z5P,2,Libros,disponible,no disponible,,,2025-10-29T22:16:27.038Z,2025-10-30T04:58:43.801Z,2025-10-30T17:01:53.198Z,1105.52,,$982.67,"Epakh - 72 piezas de regalo cristiano español a granel para iglesia, cuaderno religioso, versículo bíblico, llavero con escritura inspiradora para mujeres y hombres, regalo de fiesta de bautismo en la",https://www.amazon.com.mx/dp/B0DS5X8Z5P,https://www.amazon.com/dp/B0DS5X8Z5P,HARCIN-STORE,
,B0CH2Z9D3H,2,Libros,disponible,no disponible,,,2025-10-29T22:16:27.038Z,2025-10-30T04:58:51.127Z,2025-10-30T17:02:00.853Z,881,,$784.80,"Ansopu - Cuaderno B5 de papel cuadriculado con tapa dura de piel sintética, 360 páginas numeradas, papel grueso cuadriculado de 100 g/m², para escribir, para mujer y hombre, 19 x 25.5 cm, rosa",https://www.amazon.com.mx/dp/B0CH2Z9D3H,https://www.amazon.com/dp/B0CH2Z9D3H,BG3 STORE,
,B0F12KQFN5,2,Libros,disponible,no disponible,,,2025-10-29T22:16:27.039Z,2025-10-30T04:59:04.059Z,2025-10-30T17:02:14.117Z,480,,$452.24,"Cuaderno de diario en espiral con forro, A5 de tapa dura en espiral para mujeres y hombres, 150 páginas numeradas en espiral, cuadernos de 100 g/m² con rayas universitarias para escribir notas, tomar",https://www.amazon.com.mx/dp/B0F12KQFN5,https://www.amazon.com/dp/B0F12KQFN5,LIVADE,
,B0CSG9FLQP,2,Libros,disponible,disponible,,,2025-10-29T22:16:27.039Z,2025-10-30T04:59:12.117Z,2025-10-30T17:02:22.132Z,1434.26,45,"$1,346.24",El sistema de aprendizaje de Jun Yuh | Tu herramienta diaria para una experiencia de aprendizaje transformada | Descubre el éxito académico | Negro,https://www.amazon.com.mx/dp/B0CSG9FLQP,https://www.amazon.com/dp/B0CSG9FLQP,SEONGSAN,THE LEARNING SYSTEM
,B0BVH199DL,2,Libros,disponible,no disponible,,,2025-10-29T22:16:27.039Z,2025-10-30T04:59:20.897Z,2025-10-30T17:02:30.449Z,609,,$604.29,"BLUMOST - Cuaderno de cuadrícula de puntos de bala A5 con 280 páginas, papel de puntos grueso de 100 g/m², diario de piel con puntos de tapa dura para mujeres y hombres, 5.75 x 8.38 pulgadas, color",https://www.amazon.com.mx/dp/B0BVH199DL,https://www.amazon.com/dp/B0BVH199DL,XIJIANG,
,B0DSVVQ5QZ,2,Libros,disponible,disponible,,,2025-10-29T22:16:27.039Z,2025-10-30T04:59:27.943Z,2025-10-30T17:02:38.718Z,591,9.87,$573.12,"Wheatwin - Cuaderno de vaquera, suministros de oficina occidental, cosas occidentales para mujeres, regalos retro de vaca occidental, cuaderno espiral de tapa dura con rayas universitarias 5.5 x 8.3",https://www.amazon.com.mx/dp/B0DSVVQ5QZ,https://www.amazon.com/dp/B0DSVVQ5QZ,XIJIANG,Wheatwin
,B0BTT9DLMT,2,Libros,disponible,no disponible,,,2025-10-29T22:16:37.129Z,2025-10-30T04:59:34.720Z,2025-10-30T17:02:46.850Z,814.53,,$813.41,Binibi - Libro musical español para niños pequeños Sol Solecito y otras rimas infantiles | Aprendizaje español para niños | Libro de sonido infantil bilingüe | Libro en inglés para bebés,https://www.amazon.com.mx/dp/B0BTT9DLMT,https://www.amazon.com/dp/B0BTT9DLMT,XIJIANG,
,B0DS2HRXB8,2,Libros,disponible,disponible,,,2025-10-29T22:16:37.129Z,2025-10-30T04:59:41.734Z,2025-10-30T17:02:54.071Z,519,9.99,$503.76,"PRSTENLY - Regalo de jubilación para mujeres y hombres, regalos de jubilación para mujeres, profesores, amigos, enfermera, jefe, jubilado, despedida, despedida, regalos para compañeros de trabajo",https://www.amazon.com.mx/dp/B0DS2HRXB8,https://www.amazon.com/dp/B0DS2HRXB8,XIJIANG,Qiushi US
,B0CWNYKFHS,2,Libros,disponible,disponible,,,2025-10-29T22:16:37.129Z,2025-10-30T04:59:48.975Z,2025-10-30T17:03:03.293Z,743.23,18.99,$725.13,"Swillood - Funda para planificador A5, funda de piel para cuaderno, diario, accesorios de planificador con ranuras para tarjetas, soporte para bolígrafos, pestañas de índice de calendario, marcador y",https://www.amazon.com.mx/dp/B0CWNYKFHS,https://www.amazon.com/dp/B0CWNYKFHS,XIJIANG,Swillood Store
,B0CMTRQ39Z,2,Libros,disponible,no disponible,,,2025-10-29T22:16:37.130Z,2025-10-30T04:59:56.589Z,2025-10-30T17:03:10.341Z,908.2,,$852.35,"PERCUN B5 - Cuaderno de diario con forro – 365 páginas grandes de piel para escribir mujeres y hombres, cuaderno de tapa dura con páginas gruesas de 100 g/m², diario para viajes, trabajo, escuela,",https://www.amazon.com.mx/dp/B0CMTRQ39Z,https://www.amazon.com/dp/B0CMTRQ39Z,ALITTA,
,B0C53BC1SQ,2,Libros,disponible,disponible,,,2025-10-29T22:16:37.130Z,2025-10-30T05:00:04.555Z,2025-10-30T17:03:17.907Z,866.22,24.99,$879.24,"Fulmoon - 100 cuadernos motivacionales a granel para empleados, bloc de notas de bolsillo pequeño, mini diario, regalos de equipo, para apreciación de los empleados, uso en la oficina (café)",https://www.amazon.com.mx/dp/B0C53BC1SQ,https://www.amazon.com/dp/B0C53BC1SQ,XIJIANG,Yuanweius
,B0CR5MW77L,2,Libros,disponible,no disponible,,,2025-10-29T22:16:37.130Z,2025-10-30T05:00:13.554Z,2025-10-30T17:03:24.559Z,844.5,,$768.91,"PERCUN B5 - Cuaderno de diario con forro – 365 páginas grandes de piel para escribir mujeres y hombres, cuaderno de tapa dura con páginas gruesas de 100 g/m², diario para viajes, trabajo, escuela,",https://www.amazon.com.mx/dp/B0CR5MW77L,https://www.amazon.com/dp/B0CR5MW77L,HARCIN-STORE,
,B0F9LHCX75,2,Libros,disponible,no disponible,,,2025-10-29T22:16:37.130Z,2025-10-30T05:00:20.779Z,2025-10-30T17:03:32.780Z,697,,$572.59,"Cuaderno de diario forrado para mujeres y hombres, diario de piel de tapa dura para escribir, cuaderno A5 con rayas universitarias para trabajo y toma de notas, perfecto para suministros de oficina",https://www.amazon.com.mx/dp/B0F9LHCX75,https://www.amazon.com/dp/B0F9LHCX75,FEEL EXTRA MX,
,B0DWDLD1S6,2,Libros,disponible,no disponible,,,2025-10-29T22:16:37.130Z,2025-10-30T05:00:28.338Z,2025-10-30T17:03:40.113Z,1307,,"$1,284.88","EGOSUNNY - Agenda A5 sin fecha: cubierta de piel texturizado de cocodrilo de 5.8 x 8.3 pulgadas, carpeta recargable de 6 anillos con 80 hojas, divisores y bolígrafo de metal, organizador de diario",https://www.amazon.com.mx/dp/B0DWDLD1S6,https://www.amazon.com/dp/B0DWDLD1S6,FEEL EXTRA MX,
,B0CJY73GR5,2,Libros,disponible,disponible,,,2025-10-29T22:16:37.130Z,2025-10-30T05:00:36.808Z,2025-10-30T17:03:47.785Z,507,9.99,$503.76,"Cuaderno de papel gráfico, diario en espiral de 8.5 x 11 pulgadas, cuadernos de cuadrícula grande A4 para mujeres y hombres, papel gráfico de 100 g/m², diarios de plástico en espiral de tapa dura para",https://www.amazon.com.mx/dp/B0CJY73GR5,https://www.amazon.com/dp/B0CJY73GR5,XIJIANG,UEBZFOCS
,B0F2YYJQSD,2,Libros,disponible,no disponible,,,2025-10-29T22:16:37.130Z,2025-10-30T05:00:45.393Z,2025-10-30T17:03:56.433Z,1828,,$634.30,"Cuaderno forrado de 365 páginas, diario de piel A5 para escribir mujeres y hombres, cuaderno de tapa dura con papel grueso de 100 g/m², cuaderno diario diario para viajes, trabajo, escuela, toma de",https://www.amazon.com.mx/dp/B0F2YYJQSD,https://www.amazon.com/dp/B0F2YYJQSD,BG3 STORE,
,B0B5KWVTWK,2,Libros,disponible,disponible,,,2025-10-29T22:16:37.131Z,2025-10-30T05:00:52.544Z,2025-10-30T17:04:04.928Z,379,3,$342.14,Greeting Life Animal Die Cut Memo Cat ETN-125,https://www.amazon.com.mx/dp/B0B5KWVTWK,https://www.amazon.com/dp/B0B5KWVTWK,XIJIANG,Southern Alps Market
,B0DTYDXLQ9,2,Libros,disponible,no disponible,,,2025-10-29T22:16:37.131Z,2025-10-30T05:01:00.608Z,2025-10-30T17:04:13.284Z,1530.98,,"$1,345.09","&And Per Se - Cuaderno de diario forrado (10 paquetes), 160 páginas, A5 de 5.7 x 8 pulgadas, cuaderno de papel grueso con rayas universitarias para escribir, cuadernos de tapa dura para mujeres",https://www.amazon.com.mx/dp/B0DTYDXLQ9,https://www.amazon.com/dp/B0DTYDXLQ9,BG3 STORE,
,B0F47VVC6F,2,Libros,disponible,disponible,,,2025-10-29T22:16:37.131Z,2025-10-30T05:01:08.456Z,2025-10-30T17:04:20.935Z,539,9.99,$503.76,"PRSTENLY - Regalo de jubilación para mujer, regalos de jubilación para mujeres, maestras, amigas, enfermera, jefe, jubilado, despedida, despedida, regalos para compañeros de trabajo, diario de piel de",https://www.amazon.com.mx/dp/B0F47VVC6F,https://www.amazon.com/dp/B0F47VVC6F,,Qiushi US
,B0CRPW5HVH,2,Libros,disponible,no disponible,,,2025-10-29T22:16:37.131Z,2025-10-30T05:01:16.067Z,2025-10-30T17:04:28.230Z,1048,,$964.97,"ACTIONDRAKE - Cuaderno para mujeres y hombres, 288 páginas A5 de piel de tapa dura para escribir, viajes, negocios, trabajo y escuela, cuadernos con rayas universitarias para tomar notas, bloc de",https://www.amazon.com.mx/dp/B0CRPW5HVH,https://www.amazon.com/dp/B0CRPW5HVH,OLALOOK LLC,
,B0CDK97KCQ,2,Libros,disponible,disponible,,,2025-10-29T22:16:49.201Z,2025-10-30T05:01:24.129Z,2025-10-30T17:04:36.953Z,1126,21.99,$817.86,"Cuaderno de diario con forro, 365 páginas A4 grandes diarios para escribir cuaderno a rayas universitarias, diario de piel de tapa dura para mujeres y hombres, cuaderno diario para el trabajo, toma de",https://www.amazon.com.mx/dp/B0CDK97KCQ,https://www.amazon.com/dp/B0CDK97KCQ,Mel Trade,Woarilco
,B0DKDQ99KT,2,Libros,disponible,no disponible,,,2025-10-29T22:16:49.201Z,2025-10-30T05:01:30.523Z,2025-10-30T17:04:45.249Z,743,,$714.71,"Velaris City of Starlight - Diario de piel sintética Velaris City of Starlight, libro de regalo para amantes de los libros, cuaderno de velaris, cuaderno de 320 páginas con bolígrafo, 1 paquete azul",https://www.amazon.com.mx/dp/B0DKDQ99KT,https://www.amazon.com/dp/B0DKDQ99KT,BG3 STORE,
,B0C6V1PK4X,2,Libros,disponible,disponible,,,2025-10-29T22:16:49.201Z,2025-10-30T05:01:42.236Z,2025-10-30T17:04:58.499Z,789.86,20.97,$760.10,"Diario de autodominio para hombres – Diario de productividad diaria para felicidad, diario de gratitud, atención plena y reflexión, diario de objetivos, diario guiado para hombres y mujeres – Diario",https://www.amazon.com.mx/dp/B0C6V1PK4X,https://www.amazon.com/dp/B0C6V1PK4X,GUTTIDIRECT,Realizations
,B0DJPJ6LT2,2,Libros,disponible,disponible,,,2025-10-29T22:16:49.201Z,2025-10-30T05:01:50.106Z,2025-10-30T17:05:06.422Z,924,,$946.38,20 Set Employee Appreciation Gift Inspirational Weekly Planners Notebook with Sticky Note Ballpoint Pen Bulk Thank You Gift for Vet Tech Coworker Teacher Team Worker Medical Assistant(Bright Color),https://www.amazon.com.mx/dp/B0DJPJ6LT2,https://www.amazon.com/dp/B0DJPJ6LT2,AURATEM,Kuananzee
,B0D8HVNBKL,2,Libros,disponible,no disponible,,,2025-10-29T22:16:49.201Z,2025-10-30T05:01:58.302Z,2025-10-30T17:05:15.105Z,541,,$508.97,"Mini cuadernos cuadrados pequeños de 5 x 5 pulgadas, 80 g/m², páginas en blanco, cuadernos de bocetos de viaje, bolsillo de tapa dura, cuaderno de escritura, diario en blanco, planificador de notas,",https://www.amazon.com.mx/dp/B0D8HVNBKL,https://www.amazon.com/dp/B0D8HVNBKL,BG3 STORE,
,B0DGQB55DK,2,Libros,disponible,disponible,,,2025-10-29T22:16:49.201Z,2025-10-30T05:02:05.894Z,2025-10-30T17:05:23.430Z,608,11.75,$544.44,"NOLTY Business - Agenda básica A5 semanal 2025, edición china, camel",https://www.amazon.com.mx/dp/B0DGQB55DK,https://www.amazon.com/dp/B0DGQB55DK,Luxury Best Store,NOLTY
,B0D78HTQSS,2,Libros,disponible,no disponible,,,2025-10-29T22:16:49.201Z,2025-10-30T05:02:12.856Z,2025-10-30T17:05:31.573Z,719,,$670.29,"MINICAGIE - Diario de piel para hombre, cubierta suave, 256 páginas, diarios forrados para escribir cuadernos de león A5, diario inspirador clásico, 5.7 x 8.3 pulgadas, verde",https://www.amazon.com.mx/dp/B0D78HTQSS,https://www.amazon.com/dp/B0D78HTQSS,BG3 STORE,
,B0DD441CTD,2,Libros,disponible,no disponible,,,2025-10-29T22:16:49.202Z,2025-10-30T05:02:20.987Z,2025-10-30T17:05:39.747Z,387,,$662.12,LBWCER Boss Appreciation Gift Mentor Gift Notebook Great Leaders Notebook Leader Supervisor PM Mentor Retirement Gift Coworker Farewell Leather Journal Notebooks (Great gray),https://www.amazon.com.mx/dp/B0DD441CTD,https://www.amazon.com/dp/B0DD441CTD,,
,B09SV7KFL7,2,Libros,disponible,disponible,,,2025-10-29T22:16:49.202Z,2025-10-30T05:02:27.663Z,2025-10-30T17:05:47.370Z,740,16.73,$672.85,"BUKE - Cuaderno de cuadrícula de puntos tamaño A5, 180 g/m², papel grueso de bambú blanco, cena, 5 cuadrícula de puntos de 5 mm, 160 páginas, bordes plateados de colores, tapa dura de tela impermeable",https://www.amazon.com.mx/dp/B09SV7KFL7,https://www.amazon.com/dp/B09SV7KFL7,SURE_FIRE,BUKE
,B0CYLPCPLP,2,Libros,disponible,disponible,,,2025-10-29T22:16:49.202Z,2025-10-30T05:02:35.548Z,2025-10-30T17:05:54.887Z,1124,29.99,$979.05,"Diario en relieve de ojo de dragón 3D, cuaderno de grabado de resina, cuaderno Dnd para amantes del dragón, 100 hojas de papel en blanco, bloc de notas de viaje de tapa dura para escribir, cuaderno de",https://www.amazon.com.mx/dp/B0CYLPCPLP,https://www.amazon.com/dp/B0CYLPCPLP,OLALOOK LLC,Selento
,B0CQX3M7QS,2,Libros,disponible,no disponible,,,2025-10-29T22:16:49.202Z,2025-10-30T05:02:43.234Z,2025-10-30T17:06:03.042Z,647.74,,$579.87,"Resurhang - Cuaderno de piel con forro de 3 bolígrafos con caja de regalo, regalo de agradecimiento para profesores, enfermeras, compañeros de trabajo",https://www.amazon.com.mx/dp/B0CQX3M7QS,https://www.amazon.com/dp/B0CQX3M7QS,HARCIN-STORE,
,B0CX99RZP3,2,Libros,disponible,disponible,,,2025-10-29T22:16:49.202Z,2025-10-30T05:02:50.217Z,2025-10-30T17:06:09.646Z,505,8.99,$494.37,LEAGIM Diario en blanco de 192 páginas (café),https://www.amazon.com.mx/dp/B0CX99RZP3,https://www.amazon.com/dp/B0CX99RZP3,XIJIANG,LEAGIM
,B0D412W1JS,2,Libros,disponible,disponible,,,2025-10-29T22:16:49.202Z,2025-10-30T05:02:57.070Z,2025-10-30T17:06:16.791Z,597,9.99,$540.93,"30 piezas de regalos de la semana de veterinario técnico, mini cuaderno motivacional, pequeños diarios inspiradores a granel para mujeres, hombres, jefes, enfermeras, personal de gestión de casos",https://www.amazon.com.mx/dp/B0D412W1JS,https://www.amazon.com/dp/B0D412W1JS,ShoppinGoods MX,Saltdeew
,B0D1CRJK65,2,Libros,disponible,no disponible,,,2025-10-29T22:16:49.202Z,2025-10-30T05:03:04.136Z,2025-10-30T17:06:24.391Z,479,,$428.40,ZUIMER 3Pack Pocket Notebook Small Notebook Journal Notebook 4 inches x 5.7 inches 200 Pages Leather Cover With Pen Holder Page Marker Ribbons (Black*3),https://www.amazon.com.mx/dp/B0D1CRJK65,https://www.amazon.com/dp/B0D1CRJK65,SURE_FIRE,
,B07DMYF13V,2,Libros,disponible,no disponible,,,2025-10-29T22:17:00.212Z,2025-10-30T05:03:12.502Z,2025-10-30T17:06:31.285Z,544,,$516.97,Beyong Pocket Bullet Journal Refillable Travelers Notebook Men & Women Leather Journals to Write in Art Sketchbook Travel Dairy Best Gifts for Teens Girls and Boys (7 inch Dark Blue),https://www.amazon.com.mx/dp/B07DMYF13V,https://www.amazon.com/dp/B07DMYF13V,LIVADE,
,B0CDQ988PH,2,Libros,disponible,no disponible,,,2025-10-29T22:17:00.212Z,2025-10-30T05:03:20.735Z,2025-10-30T17:06:39.477Z,1140,,"$1,055.17","Yeaqee 20 piezas de regalo inspirador de graduación A6 de piel diario con bolígrafo 2025 graduados bloc de notas para estudiantes, empleados, maestros, graduados, agradecimiento, compañero de trabajo",https://www.amazon.com.mx/dp/B0CDQ988PH,https://www.amazon.com/dp/B0CDQ988PH,FEEL EXTRA MX,
,B0C77JGTCG,2,Libros,disponible,disponible,,,2025-10-29T22:17:00.212Z,2025-10-30T05:03:27.746Z,2025-10-30T17:06:47.580Z,690,16.89,$663.37,"WHLBHG - Cuaderno de piel de hadas para amantes de las hadas, regalo inspirado en los fanáticos de los cuentos de hadas de piensa feliz, regalo inspirado para amigos y hermanas (pensar en pensamientos",https://www.amazon.com.mx/dp/B0C77JGTCG,https://www.amazon.com/dp/B0C77JGTCG,XIJIANG,LKWHJYE
,B0BTRXP1YY,2,Libros,disponible,no disponible,,,2025-10-29T22:17:00.212Z,2025-10-30T05:03:34.848Z,2025-10-30T17:06:55.927Z,1196,,$744.28,"Wiisdatek College Ruled Journal Notebook- 312 Pages A4 Softcover Large Journal, 100GSM Thick Paper, Leather Journal for Women Men Work School, 8.5''×11''-Dark Green",https://www.amazon.com.mx/dp/B0BTRXP1YY,https://www.amazon.com/dp/B0BTRXP1YY,HARCIN-STORE,
,B0C817RBMN,2,Libros,disponible,disponible,,,2025-10-29T22:17:00.212Z,2025-10-30T05:03:42.152Z,2025-10-30T17:07:02.521Z,807,19.99,$825.45,"Cuadernos en espiral de 5 temas, tapa dura a rayas universitarias A5 (8.5 x 5.7 pulgadas), 5 diarios para trabajo, estudio, toma de notas, regalos, 160 páginas/80 hojas, bolsillo trasero, para estudiantes, oficina, negocios, diario",https://www.amazon.com.mx/dp/B0C817RBMN,https://www.amazon.com/dp/B0C817RBMN,AURATEM,Dynta
,B0BQXNMHFH,2,Libros,disponible,disponible,,,2025-10-29T22:17:00.212Z,2025-10-30T05:03:50.173Z,2025-10-30T17:07:10.588Z,502.62,8.99,$480.63,"KAAYEE - Diario de piel para médicos, regalo de 140 páginas, diario de viaje, recargable, cuaderno de bocetos, diarios de escritura, regalos de Navidad y cumpleaños para médicos",https://www.amazon.com.mx/dp/B0BQXNMHFH,https://www.amazon.com/dp/B0BQXNMHFH,XIJIANG,Cailailo
,B0C78495FZ,2,Libros,disponible,no disponible,,,2025-10-29T22:17:00.212Z,2025-10-30T05:03:57.585Z,2025-10-30T17:07:19.857Z,985,,$862.56,"SETTINI - piel vegano de tapa dura, grueso, 120 g/m², 192 páginas, papel rayado, soporte para bolígrafo | caja de regalo (café moca)",https://www.amazon.com.mx/dp/B0C78495FZ,https://www.amazon.com/dp/B0C78495FZ,FEEL EXTRA MX,
,B002VWH7RE,2,Libros,disponible,no disponible,,,2025-10-29T22:17:00.213Z,2025-10-30T05:04:05.061Z,2025-10-30T17:07:26.443Z,1243,,"$1,174.81",Seals Cubierta de nailon para cabina,https://www.amazon.com.mx/dp/B002VWH7RE,https://www.amazon.com/dp/B002VWH7RE,Marca: Seals,