also_appears_in,asin,batch_number,category,disponibilidad_mx,error_verificacion_mx,extracted_at,fecha_verificacion_mx,precio_actual_mx,price,title,url_mx,vendedor_actual_mx
,B0D496H9YV,5,Herramientas y Mejoras del Hogar,disponible,,2025-11-03T14:59:00.623Z,2025-11-03T21:53:37.454Z,4770.51,"$5,044.76","Aqara Smart Lock U300, cerradura de puerta de entrada sin llave con asa, rosca de materia con llaves Apple Home, teclado de visualización táctil, bloqueo de palanca inteligente compatible con Apple",https://www.amazon.com.mx/dp/B0D496H9YV,BEST SUPPLY
,B07L57MTF6,5,Herramientas y Mejoras del Hogar,disponible,,2025-11-03T14:59:00.624Z,2025-11-03T21:53:45.886Z,3752.66,"$4,106.72","Convertidor de voltaje de 120 V a 100 V, 1600 vatios, convertidor de voltaje toroidal reducido para electrodomésticos japoneses utilizados en Estados Unidos [certificado CE, CQC]",https://www.amazon.com.mx/dp/B07L57MTF6,HNEN
,B0DKNK53YF,5,Herramientas y Mejoras del Hogar,disponible,,2025-11-03T14:59:00.624Z,2025-11-03T21:53:54.568Z,828.41,"$1,180.88","Philips 2 Pack Solar Security Light Outdoor 302 LED 1200lm, Solar-Powered Waterproof Wall-Mounted Floodlight w/PIR Motion Sensor, 3 Heads, IP65 Waterproof, 3 Modes",https://www.amazon.com.mx/dp/B0DKNK53YF,Amazon Estados Unidos
,B01FSMUDPQ,5,Herramientas y Mejoras del Hogar,disponible,,2025-11-03T14:59:00.624Z,2025-11-03T21:54:02.834Z,903.45,"$1,216.60",SKROSS Pro World Travel - Adaptador de Viaje con enchufes a Tierra,https://www.amazon.com.mx/dp/B01FSMUDPQ,Amazon Estados Unidos
,B0F6TLWWM4,5,Herramientas y Mejoras del Hogar,disponible,,2025-11-03T14:59:00.624Z,2025-11-03T21:54:11.337Z,435.03,$688.97,"foco LED roja para dormir regulable, foco 100% de bloqueo de luz azul de 650 nm que promueve la melatonina, bombillas A19 de 7 W E26 para recámara, cuarto de bebé, 4 paquetes",https://www.amazon.com.mx/dp/B0F6TLWWM4,Amazon Estados Unidos
,B0DB5FTP82,5,Herramientas y Mejoras del Hogar,disponible,,2025-11-03T14:59:00.624Z,2025-11-03T21:54:19.182Z,669.15,$915.03,"WARSUN - Linterna LED de bolsillo compacta y multimodo, 675 lúmenes, recargable por USB-C, IPX4, material doble, con modo estroboscópico rojo/azul, ideal para uso diario y viajes (2)",https://www.amazon.com.mx/dp/B0DB5FTP82,Amazon Estados Unidos
,B0CCP46LWX,5,Herramientas y Mejoras del Hogar,disponible,,2025-11-03T14:59:00.624Z,2025-11-03T21:54:28.151Z,1323.49,"$1,618.62","EPTTECH Smart TLC2206 Indicador wifi de monitor de nivel de líquido, agua, aceite, combustible con control remoto, sensor Tuya inteligente",https://www.amazon.com.mx/dp/B0CCP46LWX,Amazon Estados Unidos
,B0DQ599TVR,5,Herramientas y Mejoras del Hogar,disponible,,2025-11-03T14:59:00.624Z,2025-11-03T21:54:36.480Z,575.95,$602.67,"TECSIX - Adaptador de viaje universal en todo el mundo, adaptador de enchufe europeo con 2 USB C, 2 salidas USB A y múltiples CA, convertidor de corriente internacional para UE EE. UU., Reino Unido",https://www.amazon.com.mx/dp/B0DQ599TVR,Rendomin
,B0DBRDCHWV,5,Herramientas y Mejoras del Hogar,disponible,,2025-11-03T14:59:00.624Z,2025-11-03T21:54:44.510Z,1020.15,"$1,105.85",LAVA The Original Lamp - Lámpara Techno cromado de 14.5 pulgadas - Lámpara clásica de movimiento líquido - Líquido rosa y azul - Artículo #2097 (Exclusivo de Amazon),https://www.amazon.com.mx/dp/B0DBRDCHWV,NEW AGE SHOPPING
,B09B1B6J9S,5,Herramientas y Mejoras del Hogar,disponible,,2025-11-03T14:59:00.625Z,2025-11-03T21:54:54.083Z,995.11,"$1,040.64","EASZZZ - Lámpara de noche para bebé, lámpara de noche para lactancia, suave sin BPA, silicona táctil para cuidar los ojos, diseño de fácil tirón, atenuación continua, paquete de 1",https://www.amazon.com.mx/dp/B09B1B6J9S,IY Network
,B0CBTGTC2R,5,Herramientas y Mejoras del Hogar,disponible,,2025-11-03T14:59:00.625Z,2025-11-03T21:55:03.082Z,754.54,$789.41,"EPICKA - Adaptador de viaje universal, cargador de pared con adaptador de enchufe internacional con 20 W USB-C PD y USB-A QC, adaptador de tamaño de bolsillo todo en uno para Estados Unidos, EU UK AUS (bolsillo 111, negro)",https://www.amazon.com.mx/dp/B0CBTGTC2R,DUKKI LLC
,B0DK4XJ9HF,5,Herramientas y Mejoras del Hogar,disponible,,2025-11-03T14:59:00.625Z,2025-11-03T21:55:11.372Z,2301.12,"$2,316.22","HOTO SNAPBLOQ™ S-A01 - Mini destornillador eléctrico de 3,7 V con 56 puntas y 3 ajustes de par, mini destornillador de precisión, 250 RPM, luz LED más brillante, kit de herramientas de reparación para",https://www.amazon.com.mx/dp/B0DK4XJ9HF,NEW AGE SHOPPING
,B08LDBFQ4C,5,Herramientas y Mejoras del Hogar,disponible,,2025-11-03T14:59:00.625Z,2025-11-03T21:55:20.779Z,685.08,$686.05,"S7 l5-30r to 5-15p, 20 Inch Power Cord Plug Adapter 15Amp 5-15P Male to 30Amp L5-30R Female With Twist Lock",https://www.amazon.com.mx/dp/B08LDBFQ4C,Corner Stone LLC
,B0FHBCBZ9Y,5,Herramientas y Mejoras del Hogar,disponible,,2025-11-03T14:59:00.625Z,2025-11-03T21:55:27.718Z,2675.18,"$2,688.27","Bucamao - Línea de vida autoretráctil de 50 pies, alambre de acero de protección contra caídas SRL, cordón retráctil de seguridad de carcasa de aluminio, equipo de techo de EPP",https://www.amazon.com.mx/dp/B0FHBCBZ9Y,Binglu
,B0FD2HTQB8,5,Herramientas y Mejoras del Hogar,disponible,,2025-11-03T14:59:00.625Z,2025-11-03T21:55:35.025Z,806.46,"$1,365.71","Lava The Original Lamp - Lámpara de movimiento líquido de cohete retro de 14.5 pulgadas, cera amarilla y líquido morado - Artículo #2391 (Exclusivo de Amazon)",https://www.amazon.com.mx/dp/B0FD2HTQB8,Amazon Estados Unidos
,B0CZY5JVKY,5,Herramientas y Mejoras del Hogar,disponible,,2025-11-03T14:59:00.625Z,2025-11-03T21:55:43.237Z,766.02,$779.10,"Rutland Products Dry Mix 21125 Mortero refractario, 2550F, cemento de fuego curado al aire, gris oscuro, tina de 2.5 libras",https://www.amazon.com.mx/dp/B0CZY5JVKY,KRONOS STORE
,B0CGXFPWNJ,5,Herramientas y Mejoras del Hogar,disponible,,2025-11-03T14:59:12.502Z,2025-11-03T21:55:51.084Z,473.08,$688.97,"43-54-1220 - Protector de seguridad para amoladora angular Milwauke 2780-20, 2781-20, 6117-30, 6117-31, 6124-30 (protector de hoja de rueda de 5 pulgadas)",https://www.amazon.com.mx/dp/B0CGXFPWNJ,Amazon Estados Unidos
,B0CKP4SYL7,5,Herramientas y Mejoras del Hogar,disponible,,2025-11-03T14:59:12.502Z,2025-11-03T21:55:59.278Z,859.55,"$1,266.94","Generador de línea de módulo de línea verde de alta potencia enfocable de 520 nm, 5 V, localizador lineal verde de alta potencia, para corte y grabado posicionamiento",https://www.amazon.com.mx/dp/B0CKP4SYL7,Amazon Estados Unidos
,B0DNM798MB,5,Herramientas y Mejoras del Hogar,disponible,,2025-11-03T14:59:12.503Z,2025-11-03T21:56:07.864Z,724.35,$774.07,"Longriver R7 - Filtro de ducha de alta capacidad para agua dura, 99,99 %, elimina el cloro, metales pesados y sustancias nocivas, suavizante de agua de ducha, mejora tu piel y cabello, chapado en",https://www.amazon.com.mx/dp/B0DNM798MB,SRKSB LLC
,B0C6PKTKXP,5,Herramientas y Mejoras del Hogar,disponible,,2025-11-03T14:59:12.503Z,2025-11-03T21:56:16.968Z,1875.44,"$1,973.89","Aceite de Tung puro de 3.78 L para madera para exteriores/interiores, sellador de madera de grado alimenticio, aceite de Tung para madera seguro para alimentos, sellador impermeable para madera,",https://www.amazon.com.mx/dp/B0C6PKTKXP,Rendomin
,B0FMDMZTP6,5,Herramientas y Mejoras del Hogar,disponible,,2025-11-03T14:59:12.503Z,2025-11-03T21:56:29.766Z,890.85,"$1,707.56","Herramienta de ensanchamiento de valla de alambre de acero resistente, multiusos, para valla de alambre de púas y alambre liso, herramienta de reparación de empalme y estiramiento de alambre de 32",https://www.amazon.com.mx/dp/B0FMDMZTP6,Amazon Estados Unidos
,B08LYT7829,5,Herramientas y Mejoras del Hogar,disponible,,2025-11-03T14:59:12.503Z,2025-11-03T21:56:37.609Z,2570.07,"$2,586.86","Muzata - Barandilla de aluminio de 6 pies con 6 pulgadas, barandilla de cable negro, barandilla superior, escalera, interior y exterior, HL10 BPA",https://www.amazon.com.mx/dp/B08LYT7829,ONEBLOOD STORE
,B0756LBB6H,5,Herramientas y Mejoras del Hogar,disponible,,2025-11-03T14:59:12.503Z,2025-11-03T21:56:45.562Z,929.03,$979.03,AlbaChem - Removedor de vinilo de transferencia de calor para telas 20 fl. oz,https://www.amazon.com.mx/dp/B0756LBB6H,GUTTIDIRECT
,B0DG2NMKBT,5,Herramientas y Mejoras del Hogar,disponible,,2025-11-03T14:59:12.503Z,2025-11-03T21:56:54.327Z,1875.62,"$1,993.79","Afyuol - Luces de fotos para pared, funciona con pilas, 16 pulgadas, para pinturas, CCT, recargable, regulable, con control remoto, para sala de estar, diana, baño, 2 unidades",https://www.amazon.com.mx/dp/B0DG2NMKBT,Rendomin
,B0DJVZBG6Z,5,Herramientas y Mejoras del Hogar,disponible,,2025-11-03T14:59:12.503Z,2025-11-03T21:57:03.047Z,1176.08,"$1,281.57","Fuyoooo - 2 linternas de papel chino de 20 pulgadas, visualización blanca grande, redonda y oblata, visualización colgante de papel de arroz, visualización de luz plegable para decoración interior del",https://www.amazon.com.mx/dp/B0DJVZBG6Z,NEW AGE SHOPPING
,B0DCJH3FMS,5,Herramientas y Mejoras del Hogar,disponible,,2025-11-03T14:59:12.503Z,2025-11-03T21:57:10.920Z,1661.92,"$1,736.08","SENSYX - Detector de fugas de refrigerante recargable HVAC, detector de freón halógeno, detección de aire acondicionado, buscador de gas automotriz (SFD201 detector de gas refrigerante y combustible",https://www.amazon.com.mx/dp/B0DCJH3FMS,NEW AGE SHOPPING
,B0DF5YTCJ1,5,Herramientas y Mejoras del Hogar,disponible,,2025-11-03T14:59:12.503Z,2025-11-03T21:57:21.089Z,871.08,"$1,003.97","Paquete de 2 adhesivos de reparación todo en uno para azulejos sueltos, huecos y crujientes, madera, LVT, LVP y piso laminado. ¡Simplemente taladra y rellena! Fácil de apretar. Fabricado en Estados",https://www.amazon.com.mx/dp/B0DF5YTCJ1,DUKKI LLC
,B0CZNZGGS7,5,Herramientas y Mejoras del Hogar,disponible,,2025-11-03T14:59:12.503Z,2025-11-03T21:57:29.456Z,3097.78,"$3,411.52","Aqara Smart Lock U50, cerradura de puerta de entrada sin llave con llave Apple Home, cerradura de cerrojo Bluetooth, control remoto de aplicación, compatible con Apple HomeKit, Matter, Google Home,",https://www.amazon.com.mx/dp/B0CZNZGGS7,"NATOH,TRADE,LLC"
,B0CBJZF5V4,5,Herramientas y Mejoras del Hogar,disponible,,2025-11-03T14:59:12.504Z,2025-11-03T21:57:37.483Z,890.85,"$1,622.21","Carril de seguridad para inodoro, marco de seguridad médica desmontable ajustable para ancianos y discapacitados, asas resistentes, se adapta a la mayoría de inodoros",https://www.amazon.com.mx/dp/B0CBJZF5V4,Amazon Estados Unidos
,B089M1BH1K,5,Herramientas y Mejoras del Hogar,disponible,,2025-11-03T14:59:12.504Z,2025-11-03T21:57:45.027Z,453.98,$638.63,"BAOMING - foco LED G9 regulable de 4 W, equivalente a halógeno T4 G9, 2700 K, blanco cálido suave, 120 V, sin parpadeo, iluminación de lámpara de 450 lm (paquete de 5)",https://www.amazon.com.mx/dp/B089M1BH1K,Amazon Estados Unidos
,B0FDQ7V83Z,5,Herramientas y Mejoras del Hogar,disponible,,2025-11-03T14:59:12.504Z,2025-11-03T21:57:53.734Z,944.72,$954.82,"XTKHRZ - foco infrarroja de calor, bombillas infrarrojas de 275 W, foco de terapia de luz roja, lámpara de calor infrarrojo cercano para base E26/E27",https://www.amazon.com.mx/dp/B0FDQ7V83Z,NEW AGE SHOPPING
,B0C4V7PW6Y,5,Herramientas y Mejoras del Hogar,disponible,,2025-11-03T14:59:12.504Z,2025-11-03T21:58:02.484Z,986.19,"$1,060.06","Magnetpro - Imán de interruptor multiusos, sistema de imán con máx. Fuerza de extracción de 200 libras, imán de encendido/apagado para elevación, trabajo y posicionamiento de soldadura, filtración de",https://www.amazon.com.mx/dp/B0C4V7PW6Y,GUTTIDIRECT
,B08X4KX1VW,5,Herramientas y Mejoras del Hogar,disponible,,2025-11-03T14:59:22.789Z,2025-11-03T21:58:12.173Z,836.71,$838.08,"Pegamento calcomanía Guru CA con activador (2 x 3.5 oz - 2 x 14.5 onzas) CA pegamento juego para carpintería con micropuntas, cianoacrilato súper pegamento para plástico, vidrio, cerámica, bricolaje",https://www.amazon.com.mx/dp/B08X4KX1VW,DOFER
,B0F7SCTCSC,5,Herramientas y Mejoras del Hogar,disponible,,2025-11-03T14:59:22.789Z,2025-11-03T21:58:22.508Z,765.38,$808.59,"Botella de relleno de grietas mágicas de 1 libra, fácil de reparar grietas para hormigón, mampostería y asfalto, duradera y resistente a la intemperie",https://www.amazon.com.mx/dp/B0F7SCTCSC,DUKKI LLC
,B0D7ZKLJ1Y,5,Herramientas y Mejoras del Hogar,disponible,,2025-11-03T14:59:22.789Z,2025-11-03T21:58:31.678Z,2664.91,"$2,736.93","EK ENNOKING - Barra de luz LED ámbar de 52 pulgadas de una sola fila súper brillante Combo de inundación de punto LED de trabajo para conducción de luz antiniebla para camioneta todoterreno,",https://www.amazon.com.mx/dp/B0D7ZKLJ1Y,CANLI TRADE
,B0D8TCGPYD,5,Herramientas y Mejoras del Hogar,disponible,,2025-11-03T14:59:22.790Z,2025-11-03T21:58:39.748Z,1399.34,"$1,457.28",Relaxweex - 4 unidades de alarma contra incendios para alarma de incendios de 12/24 V CC de sonido y luz de emergencia de doble acción manual con bocina de seguridad para el hogar u oficina,https://www.amazon.com.mx/dp/B0D8TCGPYD,NEW AGE SHOPPING
,B0BZSD2L1W,5,Herramientas y Mejoras del Hogar,disponible,,2025-11-03T14:59:22.790Z,2025-11-03T21:58:49.498Z,4200,"$5,269.14","Aqara Smart Lock U100, cerradura de puerta de entrada sin llave con llave Apple Home, teclado de visualización táctil, cerrojo electrónico Bluetooth, IP65 resistente a la intemperie, compatible con",https://www.amazon.com.mx/dp/B0BZSD2L1W,VENTAS ARIZONA (facturamos sus pedidos)
,B0D4VNCMZV,5,Herramientas y Mejoras del Hogar,disponible,,2025-11-03T14:59:22.790Z,2025-11-03T21:58:56.891Z,3700.17,"$3,966.72","Stokk Sistema de ósmosis inversa, filtro de agua de ósmosis inversa sin tanque de 8 etapas, reduce PFAS TDS, sistema RO debajo del fregadero, 2:1 puro para drenar, NSF/ANSI 58 y 42, listado FCC",https://www.amazon.com.mx/dp/B0D4VNCMZV,OskiStore
,B0D8BD2P64,5,Herramientas y Mejoras del Hogar,disponible,,2025-11-03T14:59:22.790Z,2025-11-03T21:59:04.495Z,2074.49,"$2,128.51","clóset de bambú para pared, gabinete de ratán con estantes y puertas, gabinete de pared sobre inodoro, organizador de almacenamiento para lavadero, cocina, sala de estar",https://www.amazon.com.mx/dp/B0D8BD2P64,M&H Customer Friendly Store
,B0CPXQ4XQK,5,Herramientas y Mejoras del Hogar,disponible,,2025-11-03T14:59:22.790Z,2025-11-03T21:59:12.925Z,2141.18,"$2,143.50","HOTO - cepillo para polvo de limpieza eléctrico inalámbrico, IPX7 de cuerpo completo impermeable, cepillo para polvo de limpieza de baño, máximo 22 pulgadas de lb, cepillo para polvo de ducha con",https://www.amazon.com.mx/dp/B0CPXQ4XQK,qiuxushenzen8511xdsw
,B0DNZ4L78R,5,Herramientas y Mejoras del Hogar,disponible,,2025-11-03T14:59:22.790Z,2025-11-03T21:59:26.695Z,3017.12,"$3,073.50","Luz de trabajo recargable con soporte de trípode, 5000 K, regulable, 9000 lúmenes, luz de trabajo temporal inalámbrica con batería de litio de 4400 mAh, lámpara de larga duración para lugar de",https://www.amazon.com.mx/dp/B0DNZ4L78R,Rendomin
,B0F1SGJQJ7,5,Herramientas y Mejoras del Hogar,disponible,,2025-11-03T14:59:22.790Z,2025-11-03T21:59:36.450Z,2303.08,"$2,437.04","SDS-Plus - Taladro giratorio inalámbrico para batería Dewalt de 20 V, motor sin escobillas, embrague de seguridad, 4 funciones, luz LED con control de vibración, 5 taladros con bolsa de transporte",https://www.amazon.com.mx/dp/B0F1SGJQJ7,SRKSB LLC
,B0BLMQ8BXB,5,Herramientas y Mejoras del Hogar,disponible,,2025-11-03T14:59:22.790Z,2025-11-03T21:59:44.604Z,1186.43,"$1,236.02","HOTO - Juego de destornilladores eléctricos, juego de destornilladores recargables de 3,6 V con 25 puntas de acero S2, juego de destornilladores inalámbricos con luz LED, diseño todo en uno, 1500 mAh",https://www.amazon.com.mx/dp/B0BLMQ8BXB,NEW AGE SHOPPING
,B004BN5RUU,5,Herramientas y Mejoras del Hogar,disponible,,2025-11-03T14:59:22.790Z,2025-11-03T21:59:52.769Z,490.38,$519.00,"Vallejo Black Primer Acrylic Polyurethane, 60ml",https://www.amazon.com.mx/dp/B004BN5RUU,BELGUCAN Global
,B0CKWYZBKT,5,Herramientas y Mejoras del Hogar,disponible,,2025-11-03T14:59:22.790Z,2025-11-03T22:00:00.544Z,2155.68,"$2,353.85","eyassi Lámpara de pie de arco con 3 temperaturas de color, lámpara de pie dorada con control remoto y foco regulable, lámpara de pie bohemia con pantallas de ratán y tela, lámpara alta ajustable para sala de estar, recámara",https://www.amazon.com.mx/dp/B0CKWYZBKT,Lumexa Online MX
,B0BZ4J4RHR,5,Herramientas y Mejoras del Hogar,disponible,,2025-11-03T14:59:22.791Z,2025-11-03T22:00:08.390Z,1779.93,"$1,922.11","MhyTogn Juego de 2 apliques de pared de ratán natural, con visualización de mimbre tejida bohemia, acabado de pintura de latón envejecido, para cambiador, escalera, chimenea, sala de estar, mesita de noche, pasillo",https://www.amazon.com.mx/dp/B0BZ4J4RHR,Rendosa
,B0C7V33VT7,5,Herramientas y Mejoras del Hogar,disponible,,2025-11-03T14:59:22.791Z,2025-11-03T22:00:17.533Z,653,$682.97,"Fanttik X5 Max - Herramienta manual de mano, juego de destornilladores de precisión, puntas magnéticas 50 en 1, juego de destornilladores pequeños, funda magnética emergente, giro de 360°,",https://www.amazon.com.mx/dp/B0C7V33VT7,DS STOREE
,B004BGJFKK,5,Herramientas y Mejoras del Hogar,disponible,,2025-11-03T14:59:22.791Z,2025-11-03T22:00:25.509Z,1219.45,"$1,271.26",Blue Lake and Pond Dye - 1 Gallon,https://www.amazon.com.mx/dp/B004BGJFKK,M&H Customer Friendly Store
,B0D4Z7SX71,5,Herramientas y Mejoras del Hogar,disponible,,2025-11-03T14:59:33.945Z,2025-11-03T22:00:34.086Z,1560.84,"$1,939.37","AOSU Timbre de puerta inalámbrico, visión de cabeza a pie, detección inteligente de paquetes, timbre de video WiFi de 2.4 G con timbre, soporte de almacenamiento local, detección inteligente de seres",https://www.amazon.com.mx/dp/B0D4Z7SX71,Amazon Estados Unidos
,B0F1F3SFT6,5,Herramientas y Mejoras del Hogar,disponible,,2025-11-03T14:59:33.945Z,2025-11-03T22:00:43.591Z,420.21,$758.25,"IFTHFOUR - Proyector de luz nocturna con sensor de movimiento, lámpara LED recargable para galaxia, lámpara de luna para niños, recámara, decoración de guardería, regalo perfecto para Navidad",https://www.amazon.com.mx/dp/B0F1F3SFT6,Amazon Estados Unidos
,B0CHJQMW73,5,Herramientas y Mejoras del Hogar,disponible,,2025-11-03T14:59:33.945Z,2025-11-03T22:00:51.927Z,1963.88,"$2,175.74","Aplique de pared de 3 luces para baño, estilo rústico, de madera, con visualización de mimbre bohemio, adecuado para recámara, pasillo y sala de estar, aplique de pared de ratán negro",https://www.amazon.com.mx/dp/B0CHJQMW73,M&H Customer Friendly Store
,B0BY6H8VVR,5,Herramientas y Mejoras del Hogar,disponible,,2025-11-03T14:59:33.945Z,2025-11-03T22:01:00.176Z,1086.62,"$1,089.31","BEARUT - Estantería de madera para enrutador WiFi para montaje en pared, caja de almacenamiento para módem, cubierta organizada para gestión de cables de regleta de alimentación, 14.9 x 9.8 x 5.4",https://www.amazon.com.mx/dp/B0BY6H8VVR,NEW AGE SHOPPING
,B0CHBQP7CS,5,Herramientas y Mejoras del Hogar,disponible,,2025-11-03T14:59:33.946Z,2025-11-03T22:01:08.799Z,677.63,$708.39,"ebpsneer - Cinta de borde de chapa de madera de nogal negro, 2 pulgadas x 50 pies, plancha con cinta adhesiva autoderretida en caliente, rollo de madera flexible para estantes MDF para reparación de",https://www.amazon.com.mx/dp/B0CHBQP7CS,M&H Customer Friendly Store
,B0DJ32YJHT,5,Herramientas y Mejoras del Hogar,disponible,,2025-11-03T14:59:33.946Z,2025-11-03T22:01:16.578Z,2346.73,"$2,854.64","LOOP GEAR SK05 - Linterna recargable de 2850 lm, con banco de energía de 6000 mAh, linterna impermeable IP68, luz magnética de camping con luz lateral de inundación/punto/RGB para senderismo al aire",https://www.amazon.com.mx/dp/B0DJ32YJHT,Amazon Estados Unidos
,B0D7PD7X2Q,5,Herramientas y Mejoras del Hogar,disponible,,2025-11-03T14:59:33.946Z,2025-11-03T22:01:25.331Z,3033.84,"$3,324.74","Taranta - Escalera de 4 escalones, aluminio ligero plegable de 4 peldaños con pedal ancho antideslizante, escalera de 350 libras de capacidad para el hogar, cocina, oficina, grano de madera",https://www.amazon.com.mx/dp/B0D7PD7X2Q,Denis WM Store
,B0995GR79P,5,Herramientas y Mejoras del Hogar,disponible,,2025-11-03T14:59:33.946Z,2025-11-03T22:01:33.787Z,2329.12,"$2,508.71","Super Stars - Kit de herramientas de abocinamiento de 1/4 pulgadas - 3/4 pulgadas, herramienta de abocinada HVAC 45° tipo excéntrico con cortador de tubos para tubo de cobre (kit 5 en 1)",https://www.amazon.com.mx/dp/B0995GR79P,HNEN
,B0DS2QT1YZ,5,Herramientas y Mejoras del Hogar,disponible,,2025-11-03T14:59:33.946Z,2025-11-03T22:01:43.411Z,952.19,$959.62,"Filtros de agua de repuesto para Berkey, paquete de 2 elementos de purificación negros para sistema de filtración por gravedad BB9-2",https://www.amazon.com.mx/dp/B0DS2QT1YZ,Rendosa
,B0F48GDDF6,5,Herramientas y Mejoras del Hogar,disponible,,2025-11-03T14:59:33.946Z,2025-11-03T22:01:52.555Z,872.12,"$1,193.59","Leinuosen - Buzón de pared de acrílico grande con bloqueo de 8.54 x 3 x 12.2 pulgadas, caja de bloqueo con ranura y cierre magnético, caja de seguridad transparente con llave para casa, exterior",https://www.amazon.com.mx/dp/B0F48GDDF6,Amazon Estados Unidos
,B0088P10OO,5,Herramientas y Mejoras del Hogar,disponible,,2025-11-03T14:59:33.946Z,2025-11-03T22:02:00.835Z,3776.26,"$5,084.31",New 20 lb Aluminum CO2 Cylinder with Handle and New CGA320 Valve,https://www.amazon.com.mx/dp/B0088P10OO,Amazon Estados Unidos
,B07T2VZ9YC,5,Herramientas y Mejoras del Hogar,disponible,,2025-11-03T14:59:33.946Z,2025-11-03T22:02:08.118Z,735.91,$789.65,"Boeshield T-9 protección contra óxido y corrosión/inhibidor y lubricación impermeable, 12 onzas",https://www.amazon.com.mx/dp/B07T2VZ9YC,DUKKI LLC
,B002FB4AH6,5,Herramientas y Mejoras del Hogar,disponible,,2025-11-03T14:59:33.946Z,2025-11-03T22:02:20.704Z,389.42,$389.42,Moen P5030 - Gancho para albornoz (cromado),https://www.amazon.com.mx/dp/B002FB4AH6,SHENDULLAR LTD
,B0B59J7V21,5,Herramientas y Mejoras del Hogar,disponible,,2025-11-03T14:59:33.947Z,2025-11-03T22:02:28.357Z,963.44,"$1,114.48","Luces de camino de Navidad Jumbo C9 para exteriores – 8.5 pies, 5 luces LED C9 para pasarela, cubierta de luz C7 Jumbo multicolor, luces de Navidad para decoración al aire última intervensión para",https://www.amazon.com.mx/dp/B0B59J7V21,SHERIFF EXPRESS
,B0BM6HC66Z,5,Herramientas y Mejoras del Hogar,disponible,,2025-11-03T14:59:33.947Z,2025-11-03T22:02:37.787Z,4434.02,"$4,598.63","Aecxm - Paquete de 2 estantes de pared ajustables de 1 x 4 pies, capacidad de carga de 500 libras, estantes flotantes de metal para cochera (negro)",https://www.amazon.com.mx/dp/B0BM6HC66Z,SRKSB LLC
,B000R9U3OW,5,Herramientas y Mejoras del Hogar,disponible,,2025-11-03T14:59:33.947Z,2025-11-03T22:02:46.946Z,730,$732.12,"Vallejo Capa de imprimación 028010, Color Blanco, 400ML",https://www.amazon.com.mx/dp/B000R9U3OW,GameFare
,B0CT87QLT6,5,Herramientas y Mejoras del Hogar,disponible,,2025-11-03T14:59:43.845Z,2025-11-03T22:02:54.143Z,906.68,$929.65,"KPW - llave para fregadero de baño, 2 o 3 agujeros, juego central chapado en cromo de 4 pulgadas, 2 asas, chapado en plástico ABS, no metálico, llave de baño con mangueras de suministro de agua de",https://www.amazon.com.mx/dp/B0CT87QLT6,MUCH & MORE
,B0F946XT7B,5,Herramientas y Mejoras del Hogar,disponible,,2025-11-03T14:59:43.845Z,2025-11-03T22:03:02.434Z,2821.12,"$2,936.14","Fanttik K2 Ultra - Taladro atornillador inalámbrico con batería de 2500 mAh, máximo 30 Nm, máx. 1250 rpm, función TapSwitch, portabrocas de 10 mm y kit de herramientas para bricolaje y bricolaje",https://www.amazon.com.mx/dp/B0F946XT7B,Living Storers
,B0CQC81LDM,5,Herramientas y Mejoras del Hogar,disponible,,2025-11-03T14:59:43.845Z,2025-11-03T22:03:11.776Z,1579.58,"$1,638.99","Asistencia de aire para cortador láser, grabador láser de asistencia de aire láser para madera y metal de 22 l/min de salida de aire para láser de asistencia de aire para proteger la lente láser",https://www.amazon.com.mx/dp/B0CQC81LDM,NEW AGE SHOPPING
,B0DJXTXZB3,5,Herramientas y Mejoras del Hogar,disponible,,2025-11-03T14:59:43.845Z,2025-11-03T22:03:20.763Z,6183.75,"$7,566.18","Probador de fibra OTDR, WANLUTECH 1550nm 24dB 5.5 pulgadas visualización táctil de modo único OTDR Soporte 1310/1490/1577/1625nm Prueba en vivo VFL OPM LS Mapa de eventos OLT (prueba de pérdida óptica",https://www.amazon.com.mx/dp/B0DJXTXZB3,Amazon Estados Unidos
,B0D1LKT7G9,5,Herramientas y Mejoras del Hogar,disponible,,2025-11-03T14:59:43.845Z,2025-11-03T22:03:28.750Z,3082.73,"$3,469.77","NKU - Lámpara de pie con 5 cabezales y múltiples cabezales con filtros reemplazables, iluminación ambiental para recámara, sala de estar, 182 cm, chapado en cromo, único, moderno, colorido y con",https://www.amazon.com.mx/dp/B0D1LKT7G9,OskiStore
,B0C3LZ24BS,5,Herramientas y Mejoras del Hogar,disponible,,2025-11-03T14:59:43.845Z,2025-11-03T22:03:38.535Z,657.7,"$1,041.12","SHALL - Juego de alicates de bloqueo de 6 piezas, alicates de agarre de viceversa, 5 pulgadas, 7 y 10 pulgadas, alicates de bloqueo de mandíbula curvada, 6-1/2 pulgadas y 9-1/2 alicates de bloqueo de nariz larga, abrazadera en C de bloqueo de 6 pulgadas, mango TPR de dos colores, bolsa enrollable incluida",https://www.amazon.com.mx/dp/B0C3LZ24BS,Amazon Estados Unidos
,B09SVH12ZG,5,Herramientas y Mejoras del Hogar,disponible,,2025-11-03T14:59:43.846Z,2025-11-03T22:03:47.252Z,3609.11,"$3,949.46",LOCKSTAR® Cerradura de puerta inteligente • Cerradura de puerta sin llave • Múltiples métodos de entrada – Aplicación • Identificación táctil de huellas dactilares • Código de teclado • Tarjeta FOB,https://www.amazon.com.mx/dp/B09SVH12ZG,SEONGSAN
,B0CMG9CQB7,5,Herramientas y Mejoras del Hogar,disponible,,2025-11-03T14:59:43.846Z,2025-11-03T22:03:55.127Z,2042,"$2,128.51","G-SAFAVA - Lámpara de pie de madera de 62 pulgadas para sala de estar, color dorado con interruptor de pie, lámparas altas para recámara, lámparas de pie de esquina modernas de mediados de siglo, para",https://www.amazon.com.mx/dp/B0CMG9CQB7,SRKSB LLC
,B0DT1C7MMH,5,Herramientas y Mejoras del Hogar,disponible,,2025-11-03T14:59:43.846Z,2025-11-03T22:04:03.183Z,544.58,$773.35,"IXGPUTS Bomba de agua GMB-D-23130, 1.2L/min, DC 12V, compatible con Midea, Avalon, Primo, Brio, reemplaza DP005A2, fácil instalación",https://www.amazon.com.mx/dp/B0DT1C7MMH,Amazon Estados Unidos
,B08B7X9LQ7,5,Herramientas y Mejoras del Hogar,disponible,,2025-11-03T14:59:43.846Z,2025-11-03T22:04:11.687Z,746.59,$758.25,"Eletorot - Paraguas de patio, luces recargables al aire última intervensión para decoración de patio, luces de mesa de patio, 28 luces LED 3 modos de iluminación, accesorios de piscina, decoración de",https://www.amazon.com.mx/dp/B08B7X9LQ7,SRKSB LLC
,B08Y1PJZZH,5,Herramientas y Mejoras del Hogar,disponible,,2025-11-03T14:59:43.846Z,2025-11-03T22:04:21.322Z,1512.71,"$1,543.10","Aqara Smart Hub M2 (se Requiere Wi-Fi de 2.4 GHz), Smart Home Bridge para Sistema de Alarma, Automatización del hogar, Compatible con Alexa, Google Assistant, Apple HomeKit e IFTTT",https://www.amazon.com.mx/dp/B08Y1PJZZH,M&H Customer Friendly Store
,B0DL31LV5T,5,Herramientas y Mejoras del Hogar,disponible,,2025-11-03T14:59:43.846Z,2025-11-03T22:04:28.712Z,872.92,$884.10,"WANGMINGTU - Paquete de 12 mini linterna para centros de mesa de vaquero, ideas de decoración de fiesta occidental, decoración de boda, camping con vela LED parpadeante de 4 pulgadas, decoración de",https://www.amazon.com.mx/dp/B0DL31LV5T,Rendosa
,B0D3WG815Q,5,Herramientas y Mejoras del Hogar,disponible,,2025-11-03T14:59:43.846Z,2025-11-03T22:04:37.631Z,1034.53,"$1,073.25","Aoyosic - Juego de 7 bolas de vidrio de planeta con base de madera LED, 3D Galaxy Moon Saturn Crystal Ball Nightlight para meditación positiva energía decoración bolas para el hogar para regalos de",https://www.amazon.com.mx/dp/B0D3WG815Q,PRCOM
,B07TYYP2PB,5,Herramientas y Mejoras del Hogar,disponible,,2025-11-03T14:59:43.846Z,2025-11-03T22:04:46.787Z,1171.09,"$1,240.09",Kichgather - Tina de arroz de madera para sushi de 10.6 pulgadas (10.6 pulgadas),https://www.amazon.com.mx/dp/B07TYYP2PB,NEW AGE SHOPPING
,B0C17W3Q9B,5,Herramientas y Mejoras del Hogar,disponible,,2025-11-03T14:59:43.846Z,2025-11-03T22:04:55.782Z,719.46,$806.19,"axolotl lamp,3.15 inch 3D K9 Crystal Ball Axolotl Night Light with Wooden Base,16 colors change,remote control,color box,Birthday Christmas axolotl Gift",https://www.amazon.com.mx/dp/B0C17W3Q9B,M&H Customer Friendly Store
,B0CZP2ZBG2,5,Herramientas y Mejoras del Hogar,disponible,,2025-11-03T14:59:43.846Z,2025-11-03T22:05:04.169Z,679.84,$683.21,"luckystyle - Luces solares para jardín, paquete de 4 luces solares mejoradas",https://www.amazon.com.mx/dp/B0CZP2ZBG2,Amazon Estados Unidos
,B0CKLPKJ92,5,Herramientas y Mejoras del Hogar,disponible,,2025-11-03T14:59:56.166Z,2025-11-03T22:05:18.219Z,1049.11,"$1,266.70","EDC - Multiherramienta de barra de palanca con destornillador de carraca bidireccional y bolígrafo eterno, llaves, barra de palanca, abrebotellas y cajas, tu versátil compañero para llevar todos los",https://www.amazon.com.mx/dp/B0CKLPKJ92,STOR UYAR
,B0DQTHGQ9T,5,Herramientas y Mejoras del Hogar,disponible,,2025-11-03T14:59:56.166Z,2025-11-03T22:05:26.721Z,1391,"$1,518.17","Thiovanek - Guantes de linterna LED recargables para ciclismo nocturno, pesca nocturna, reparación durante la oscuridad, guantes de ciclismo para hombres regalos",https://www.amazon.com.mx/dp/B0DQTHGQ9T,Marca: Thiovanek
,B0CPDV9RWH,5,Herramientas y Mejoras del Hogar,disponible,,2025-11-03T14:59:56.167Z,2025-11-03T22:05:34.752Z,915.47,$915.48,"HOUHUI - Luz de doble sensor de movimiento para interiores debajo de la cama, tira de luces LED activadas por movimiento de 16.4 pies para mesita de noche, luz blanca cálida debajo del gabinete, dos",https://www.amazon.com.mx/dp/B0CPDV9RWH,GREENJIN
,B00A5BRUJS,5,Herramientas y Mejoras del Hogar,disponible,,2025-11-03T14:59:56.167Z,2025-11-03T22:05:43.619Z,2310.07,"$2,888.92",JIF Marine DSH-KS - Kit de Mesa Rectangular Color Marfil,https://www.amazon.com.mx/dp/B00A5BRUJS,Amazon Estados Unidos
,B0DP2KDQQX,5,Herramientas y Mejoras del Hogar,disponible,,2025-11-03T14:59:56.167Z,2025-11-03T22:05:51.602Z,914.67,"$1,005.16","funcomer Levitating dorado Snitch Light - Lámpara de decoración de computadora para niñas y mujeres, hombres, regalos de Navidad, cumpleaños, decoración de habitación, luces nocturnas",https://www.amazon.com.mx/dp/B0DP2KDQQX,MFH GLOBAL
,B0B9XD85JD,5,Herramientas y Mejoras del Hogar,disponible,,2025-11-03T14:59:56.167Z,2025-11-03T22:05:58.624Z,928.83,$928.84,"Espátula de aluminio para pizza con mango plegable de madera de 12 pulgadas, para pizza familiar, horno de pizza, pizza, masa, pan y pastelería",https://www.amazon.com.mx/dp/B0B9XD85JD,All Sales today
,B0CYH86Q7K,5,Herramientas y Mejoras del Hogar,disponible,,2025-11-03T14:59:56.167Z,2025-11-03T22:06:07.514Z,567.87,$588.52,"OAZ - Kit de reparación de piel para muebles de 4 x 63 pulgadas, parche de reparación de cinta de piel autoadhesivo para sofá y asiento de coche, sofá, asiento de barco, silla, café clásico",https://www.amazon.com.mx/dp/B0CYH86Q7K,Abundant Peace
,B0DGTK3DYH,5,Herramientas y Mejoras del Hogar,disponible,,2025-11-03T14:59:56.167Z,2025-11-03T22:06:15.260Z,985.43,"$1,034.89","NSTTYK CMCB202-2 Batería 3.5Ah 20V para Craftsman V20 Batería CMCB202 CMCB204 CMCB206, para todas las herramientas inalámbricas V20* CMCD700C1 CMCK700D2 CMCV002B CMCG400B CMCS6000B 4444 CMCMCM01D2",https://www.amazon.com.mx/dp/B0DGTK3DYH,SRKSB LLC
,B0B9HVCWCC,5,Herramientas y Mejoras del Hogar,disponible,,2025-11-03T14:59:56.167Z,2025-11-03T22:06:24.117Z,1769.33,"$1,826.22",Módulo inteligente Yale Wi-Fi,https://www.amazon.com.mx/dp/B0B9HVCWCC,NEW AGE SHOPPING
,B091XXDHJ5,5,Herramientas y Mejoras del Hogar,disponible,,2025-11-03T14:59:56.167Z,2025-11-03T22:06:32.517Z,765.01,"$1,173.45","Powerwings BL1021B 2,0 Ah 12 V/10,8 V batería de repuesto para Makita 12 V Max CXT batería de iones de litio BL1021B BL1016 BL1041B 197339-1 197406-2 BL1040B BL1015B",https://www.amazon.com.mx/dp/B091XXDHJ5,Amazon Estados Unidos
,B0BG54HMS9,5,Herramientas y Mejoras del Hogar,disponible,,2025-11-03T14:59:56.167Z,2025-11-03T22:06:40.999Z,2795.88,"$2,796.38","Dong Cheng - Taladro de martillo giratorio SDS-Plus de 1-1/8 pulgadas con embrague de seguridad, martillo de demolición con cable resistente de 9.2 amperios para hormigón, 3.6 julios, incluyendo 3",https://www.amazon.com.mx/dp/B0BG54HMS9,HNEN
,B0CR3WYXBY,5,Herramientas y Mejoras del Hogar,disponible,,2025-11-03T14:59:56.168Z,2025-11-03T22:06:49.028Z,918.69,"$1,005.08","Juexica - Juego de 30 hojas de chapa de madera de 7.9 x 7.9 pulgadas, paquete variado de revestimientos de madera cuadradas, grosor diferente, para marquetería, incrustaciones, proyectos de",https://www.amazon.com.mx/dp/B0CR3WYXBY,NEW AGE SHOPPING
,B0BPBR8NGH,5,Herramientas y Mejoras del Hogar,disponible,,2025-11-03T14:59:56.168Z,2025-11-03T22:06:57.189Z,2689.16,"$2,848.16","SMIBUY - Gabinete de baño para montaje en la pared, organizador de almacenamiento de bambú sobre el retrete, botiquín de ahorro de espacio con 2 puertas y estantes ajustables (blanco)",https://www.amazon.com.mx/dp/B0BPBR8NGH,IY Network
,B0CG1JZ4Y3,5,Herramientas y Mejoras del Hogar,disponible,,2025-11-03T14:59:56.168Z,2025-11-03T22:07:06.824Z,1705.19,"$1,947.28","FIGDIFOR - Lámpara de pie para recámara, 3 temperaturas de color, minimalista con tapa de lámpara flexible, lámparas de pie modernas doradas para sala de estar, lámpara de pie simple para oficina de",https://www.amazon.com.mx/dp/B0CG1JZ4Y3,Rendomin
,B09YYM5829,5,Herramientas y Mejoras del Hogar,disponible,,2025-11-03T14:59:56.168Z,2025-11-03T22:07:14.676Z,631.68,$708.39,Glitter Paint 300g (150g x2),https://www.amazon.com.mx/dp/B09YYM5829,GUTTIDIRECT
,B0CYZMBSY3,5,Herramientas y Mejoras del Hogar,disponible,,2025-11-03T14:59:56.168Z,2025-11-03T22:07:23.071Z,1888.08,"$1,970.53",Riel guía de sierra de riel de 55 pulgadas para dewalt,https://www.amazon.com.mx/dp/B0CYZMBSY3,SIDE SHOP
,B0DJ6NJ7SC,5,Herramientas y Mejoras del Hogar,disponible,,2025-11-03T15:00:09.382Z,2025-11-03T22:07:31.202Z,1232.95,"$1,721.70",Paquete de 2 luces solares para exteriores resistentes al agua: 3000 W luces solares de inundación para exteriores IP66 sensor de movimiento de 6500 K de seguridad exterior LED de anochecer a amanecer,https://www.amazon.com.mx/dp/B0DJ6NJ7SC,Amazon Estados Unidos
,B0DKN5P5JJ,5,Herramientas y Mejoras del Hogar,disponible,,2025-11-03T15:00:09.382Z,2025-11-03T22:07:39.960Z,873.62,"$1,256.39","Philips 2 Pack Solar Security Light Outdoor LED 800lm, Solar-Powered Waterproof Wall-Mounted Floodlight w/PIR Motion Sensor and Remote Control, IP65 Waterproof, 3 Modes",https://www.amazon.com.mx/dp/B0DKN5P5JJ,Amazon Estados Unidos
,B09VGJY5W5,5,Herramientas y Mejoras del Hogar,disponible,,2025-11-03T15:00:09.383Z,2025-11-03T22:07:48.178Z,2837.02,"$2,999.67","ACEBINTE 4 unidades de poste de soporte, telescópico de acero ajustable sistema de soporte de tercera mano, barra de soporte, soporta barras de construcción de hasta 150 libras para gatos de gabinete, barras de carga, paneles de yeso se extiende de 49 pulgadas a 114 pulgadas",https://www.amazon.com.mx/dp/B09VGJY5W5,Luxury Best Store
,B000Y4MSPC,5,Herramientas y Mejoras del Hogar,disponible,,2025-11-03T15:00:09.383Z,2025-11-03T22:07:57.192Z,1181.44,"$1,185.68","RUTLAND PRODUCTS, Black Rutland - Pintura para Estufa Plana de 1200 Grados F, 16 onzas líquidas, onzas líquidas (Paquete de 1)",https://www.amazon.com.mx/dp/B000Y4MSPC,qiuxushenzen8511xdsw
,B07G8CVQNK,5,Herramientas y Mejoras del Hogar,disponible,,2025-11-03T15:00:09.383Z,2025-11-03T22:08:11.333Z,4129.42,"$4,443.53","Igloohome Keybox 3 Caja de seguridad para llaves de Airbnb, con acceso remoto, Bluetooth, y Contraseña Numérica",https://www.amazon.com.mx/dp/B07G8CVQNK,Living Storers
,B097T3ZY7S,5,Herramientas y Mejoras del Hogar,disponible,,2025-11-03T15:00:09.383Z,2025-11-03T22:08:20.946Z,1262.42,"$1,265.84","12 paquetes de Raplacement Humi DX (plus), resellables y rentables (suministro de un año), suministros de gran valor por Medihealer",https://www.amazon.com.mx/dp/B097T3ZY7S,qiuxushenzen8511xdsw
,B0DFLDZ6W5,5,Herramientas y Mejoras del Hogar,disponible,,2025-11-03T15:00:09.383Z,2025-11-03T22:08:29.612Z,2336.86,"$2,490.97","GOEBLESON - Juego de 2 lámparas de mesa modernas de 25.6 pulgadas, lámparas de noche altas con luz nocturna, lámpara de mesita de noche con salida de CA, puertos USB A+C, luz de computadora para",https://www.amazon.com.mx/dp/B0DFLDZ6W5,Lumexa Online MX
,B0C3GY2PJ2,5,Herramientas y Mejoras del Hogar,disponible,,2025-11-03T15:00:09.383Z,2025-11-03T22:08:37.998Z,2001.63,"$2,227.52","Lámpara de pie de arco para sala de estar con 3 temperaturas de color, lámparas de pie de granja con control remoto y foco regulable, lámpara de pie bohemia con pantallas de ratán y tela, lámpara alta ajustable para recámara, oficina",https://www.amazon.com.mx/dp/B0C3GY2PJ2,Bedos Store
,B0DP76YZ6T,5,Herramientas y Mejoras del Hogar,disponible,,2025-11-03T15:00:09.383Z,2025-11-03T22:08:47.128Z,691.8,$691.81,"Uxney - Barras de relleno de madera, 20 colores, lápices de cera de reparación de madera, marcadores de madera para muebles de retocar para reparar arañazos, abolladuras, grietas y agujeros en suelos",https://www.amazon.com.mx/dp/B0DP76YZ6T,Ovolos
,B0C8HQKCRF,5,Herramientas y Mejoras del Hogar,disponible,,2025-11-03T15:00:09.383Z,2025-11-03T22:08:55.631Z,407.08,$513.01,"ArrogantF SPX0710G Etiqueta adhesiva para etiqueta de repuesto de válvula multipuerto Hayward, para válvulas de filtro de arena serie Hayward Pro y Vl SPX710, piezas de filtro de piscina, se adapta a bomba de piscina de válvula Hayward Variflo XL",https://www.amazon.com.mx/dp/B0C8HQKCRF,Amazon Estados Unidos
,B0DF771LDJ,5,Herramientas y Mejoras del Hogar,disponible,,2025-11-03T15:00:09.383Z,2025-11-03T22:09:02.412Z,851.36,$854.38,"4396508 - Filtro de agua para refrigerador Kenmore 9085, compatible con EDR5RXD1 9010 4396510 4392857 4396547 46-9010 NLC240V WF-NLC240V, filtro EveryDrop 5 de repuesto, paquete de 3",https://www.amazon.com.mx/dp/B0DF771LDJ,Abundant Peace
,B0CB424SC1,5,Herramientas y Mejoras del Hogar,disponible,,2025-11-03T15:00:09.384Z,2025-11-03T22:09:09.884Z,4139,"$4,386.23","WORKPRO - Barra de soporte telescópica de acero de 54 a 114 pulgadas, sistema de soporte rápido ajustable de tercera mano con capacidad de 150 libras para gato de gabinete, conector de yeso y barras",https://www.amazon.com.mx/dp/B0CB424SC1,noc noc
,B0CN35DDPM,5,Herramientas y Mejoras del Hogar,disponible,,2025-11-03T15:00:09.384Z,2025-11-03T22:09:16.839Z,837.61,$859.17,"Lámpara de terror clásico, decoración de terror, decoración de películas de terror, regalos de terror, lámpara de agua de coleccionista aterrador, decoraciones de terror, regalo único de coleccionista",https://www.amazon.com.mx/dp/B0CN35DDPM,NEW AGE SHOPPING
,B0CZRVN1NK,5,Herramientas y Mejoras del Hogar,disponible,,2025-11-03T15:00:09.384Z,2025-11-03T22:09:25.505Z,1400.05,"$1,432.11","HOTO - Juego de destornilladores eléctricos, 12+20 puntas adicionales, destornillador inalámbrico de 3.6 V recargable USB-C, 3 ajustes de par, batería de 1500 mAh, luz LED para reparaciones de muebles",https://www.amazon.com.mx/dp/B0CZRVN1NK,NEW AGE SHOPPING
,B0D7981N6V,5,Herramientas y Mejoras del Hogar,disponible,,2025-11-03T15:00:09.384Z,2025-11-03T22:09:34.849Z,860.55,$885.55,"Lingvee - Proyector de luz de Navidad con 1 diapositivas de película, luces LED para proyector de día festivo, reflectores para exteriores, impermeables, decoración de paisaje, lámpara de proyección",https://www.amazon.com.mx/dp/B0D7981N6V,Rendosa
,B088CZFW4X,5,Herramientas y Mejoras del Hogar,disponible,,2025-11-03T15:00:09.384Z,2025-11-03T22:09:43.341Z,1173.27,"$1,281.57","F54T5/865/HO - foco fluorescente de tubo de 46 pulgadas, 54 W, 6500 K, luz diurna de 4200 lúmenes, alta salida, base G5 de bi-pines, bombillas de crecimiento T5 de 4 pies, paquete de 5",https://www.amazon.com.mx/dp/B088CZFW4X,STOR UYAR
,B0C24458ZW,5,Herramientas y Mejoras del Hogar,disponible,,2025-11-03T15:00:21.239Z,2025-11-03T22:09:53.091Z,1271.2,"$1,281.57","Reloj despertador de lámpara de mesa con puertos USB y toma de CA, junto a la lámpara con altavoces de estación de carga y radio, toma de corriente con control táctil Lámpara de mesita de noche",https://www.amazon.com.mx/dp/B0C24458ZW,BEST SUPPLY
,B0CW1Z3WSK,5,Herramientas y Mejoras del Hogar,disponible,,2025-11-03T15:00:21.239Z,2025-11-03T22:10:01.476Z,1682.2,"$1,682.21","BWT Aqualizer Filtro de agua para el hogar, azul, incluye 1 cartucho de filtro de magnesio, filtro de agua potable para alimentos y bebidas, filtros de escala cal, cloro, plomo y cobre",https://www.amazon.com.mx/dp/B0CW1Z3WSK,fortivo store
,B0CN1H7CBC,5,Herramientas y Mejoras del Hogar,disponible,,2025-11-03T15:00:21.239Z,2025-11-03T22:10:10.443Z,505.56,$613.45,"QITIM - Toma de corriente con interruptor de encendido, interruptor de enchufe eléctrico de doble puerto, para cruceros, lámparas de difícil acceso, electrodomésticos de cocina, eficiencia energética,",https://www.amazon.com.mx/dp/B0CN1H7CBC,Amazon Estados Unidos
,B07RF99S1R,5,Herramientas y Mejoras del Hogar,disponible,,2025-11-03T15:00:21.239Z,2025-11-03T22:10:17.942Z,1369.36,"$1,775.16","JONATHAN Y JYL1035A Perry - Lámpara de mesa LED de cerámica y metal de 20 pulgadas, lámpara clásica de mesita de noche para recámara, sala de estar, oficina, universidad, estantería LED incluida,",https://www.amazon.com.mx/dp/B07RF99S1R,Amazon Estados Unidos
,B09YTNLDJG,5,Herramientas y Mejoras del Hogar,disponible,,2025-11-03T15:00:21.239Z,2025-11-03T22:10:26.993Z,4015.17,"$4,080.83","HOTO Juego de herramientas de taladro sin escobillas inalámbricas, aspecto excepcional, hebilla oculta, visualización LED única, visualización digital inteligente, seguro, exquisito y práctico, kit de taladro de gama alta para uso doméstico y diario",https://www.amazon.com.mx/dp/B09YTNLDJG,qiuxushenzen8511xdsw
,B0DFCM2PX9,5,Herramientas y Mejoras del Hogar,disponible,,2025-11-03T15:00:21.239Z,2025-11-03T22:10:35.533Z,2888.13,"$2,995.83","Taranta - Escalera plegable portátil de 3 escalones, con pedal ancho, taburete ligero de aluminio con práctico agarre, escalera de 350 libras de capacidad para el hogar, la oficina, grano de madera",https://www.amazon.com.mx/dp/B0DFCM2PX9,MX Shipment's
,B0BM6GSMVV,5,Herramientas y Mejoras del Hogar,disponible,,2025-11-03T15:00:21.239Z,2025-11-03T22:10:43.270Z,4140.56,"$4,316.95","Aecxm - Estantería de cochera de 2 niveles, estilo moderno, 24 x 36 pulgadas, soporte de pared (negro)",https://www.amazon.com.mx/dp/B0BM6GSMVV,ArtBlue
,B07R6XCW3D,5,Herramientas y Mejoras del Hogar,disponible,,2025-11-03T15:00:21.239Z,2025-11-03T22:10:51.976Z,893.15,$979.99,Mapei UltraCare Grout Release 1QT.,https://www.amazon.com.mx/dp/B07R6XCW3D,NEW AGE SHOPPING
,B07B62YX49,5,Herramientas y Mejoras del Hogar,disponible,,2025-11-03T15:00:21.239Z,2025-11-03T22:11:04.625Z,890.85,"$1,880.40","Jonathan Y JYL1031A Gaston - Lámpara de mesa LED de resina de 20.5 pulgadas, casa de campo, tradicional, cabaña, rústica, oficina, sala de estar, habitación familiar, comedor, recámara, pasillo,",https://www.amazon.com.mx/dp/B07B62YX49,Amazon Estados Unidos
,B096DSHKT6,5,Herramientas y Mejoras del Hogar,disponible,,2025-11-03T15:00:21.240Z,2025-11-03T22:11:12.383Z,954.64,$963.69,"Shop-Vac 90663 Bolsas de filtro desechables de 15 a 22 galones, paquete de 6",https://www.amazon.com.mx/dp/B096DSHKT6,HNEN
,B0CMTWHGZ8,5,Herramientas y Mejoras del Hogar,disponible,,2025-11-03T15:00:21.240Z,2025-11-03T22:11:20.450Z,2638.78,"$2,887.72","Estune Blueprint - Abrazaderas colgantes para almacenamiento de papel de construcción, planes de pósteres y artes (6, 24 pulgadas)",https://www.amazon.com.mx/dp/B0CMTWHGZ8,BROWN LEAVES LLC
,B07B5W1VJS,5,Herramientas y Mejoras del Hogar,disponible,,2025-11-03T15:00:21.240Z,2025-11-03T22:11:29.863Z,3792.2,"$3,848.77","JONATHAN Y JYL5003A-SET2 - Juego de 2 lámparas de mesa Harper de 27 pulgadas de mármol/vidrio LED lámpara de mesa moderna contemporánea para mesita de noche para recámara, sala de estar, blanco/latón",https://www.amazon.com.mx/dp/B07B5W1VJS,Red Pure
,B019MU7YVG,5,Herramientas y Mejoras del Hogar,disponible,,2025-11-03T15:00:21.240Z,2025-11-03T22:11:38.874Z,1152.25,"$1,141.09",DIGITEN 0-999999 LED Digital contador + Sensor interruptor fotoeléctrico + reflector transportadora ceñir automático,https://www.amazon.com.mx/dp/B019MU7YVG,HNEN
,B0DGXS5917,5,Herramientas y Mejoras del Hogar,disponible,,2025-11-03T15:00:21.240Z,2025-11-03T22:11:47.013Z,2190.56,"$2,273.78","PENGJBATTER - Batería de litio de 80 V 3.5 Ah para Greenworks 80 V GBA80400 GBA80250 GBA80200, 3500 mAh de alta capacidad, apto para Greenworks 80 V herramientas eléctricas PW80L420 TL80L00 LMB407",https://www.amazon.com.mx/dp/B0DGXS5917,New Shire LLC
,B0CL6PPVB7,5,Herramientas y Mejoras del Hogar,disponible,,2025-11-03T15:00:21.240Z,2025-11-03T22:11:55.646Z,1155.22,"$1,216.84","FLSFU - Lámpara colgante estilo bohemio, con cable enchufable, lámpara colgante con visualización de macramé hecha a mano, accesorios colgantes para sala de estar, recámara",https://www.amazon.com.mx/dp/B0CL6PPVB7,Rendosa
,B07Y4R519D,5,Herramientas y Mejoras del Hogar,disponible,,2025-11-03T15:00:32.687Z,2025-11-03T22:12:04.219Z,680.78,"$1,034.89","Pinspot - Lámpara con mando a distancia, JLPOW superbrillante, mini luces LED RGBW de 15 W, efecto de escenario, ideal para DJ, discoteca, fiesta, bar, club, espectáculo, boda, teatro infantil",https://www.amazon.com.mx/dp/B07Y4R519D,Amazon Estados Unidos
,B0DQTMH1PM,5,Herramientas y Mejoras del Hogar,disponible,,2025-11-03T15:00:32.687Z,2025-11-03T22:12:12.710Z,1041.75,"$1,060.06",Alarma de cama para adultos mayores con sensor de movimiento inalámbrico para personas mayores (2 sensores + 1 receptor),https://www.amazon.com.mx/dp/B0DQTMH1PM,Abundant Peace
,B0CTHN8HY8,5,Herramientas y Mejoras del Hogar,disponible,,2025-11-03T15:00:32.687Z,2025-11-03T22:12:20.501Z,1776.85,"$1,810.64","Baobab Tree Park - Lámpara de pie de madera con estantes, visualización de lino, estilo bohemio, para sala de estar, con foco de tres colores incluida, interruptor de pie, lista ETL",https://www.amazon.com.mx/dp/B0CTHN8HY8,Rendomin
,B0CHGDFL2W,5,Herramientas y Mejoras del Hogar,disponible,,2025-11-03T15:00:32.687Z,2025-11-03T22:12:28.078Z,1574.88,"$1,669.92","TorkStrap HD750 | Correas de amarre autotensantes de 14 x 1.5 pulgadas, se adaptan automáticamente a los cambios de carga, resistencia a la rotura de 2500 libras, alternativa a las correas de carraca,",https://www.amazon.com.mx/dp/B0CHGDFL2W,MFH GLOBAL
,B0DDNQJ315,5,Herramientas y Mejoras del Hogar,disponible,,2025-11-03T15:00:32.687Z,2025-11-03T22:12:37.851Z,484.72,$484.72,"Kit de reparación de porcelana y fibra de vidrio, bañera, azulejo, ducha, kit de reparación de bañera para cerámica, mármol, cuarzo, granito, resistente al agua y a prueba de fugas, agujeros y",https://www.amazon.com.mx/dp/B0DDNQJ315,SHENDULLAR LTD
,B088FWYHJD,5,Herramientas y Mejoras del Hogar,disponible,,2025-11-03T15:00:32.687Z,2025-11-03T22:12:45.991Z,1729.81,"$1,729.82","Lámpara colgante de vidrio, moderna lámpara colgante negra con visualización cilíndrica ámbar, accesorio de iluminación colgante industrial clásico para cocina, isla comedor, pasillo",https://www.amazon.com.mx/dp/B088FWYHJD,KRONOS STORE
,B0BNVG42WZ,5,Herramientas y Mejoras del Hogar,disponible,,2025-11-03T15:00:32.687Z,2025-11-03T22:12:55.804Z,900.53,"$1,060.06",Peasur 8 Paquete LED luz solar Exterior,https://www.amazon.com.mx/dp/B0BNVG42WZ,Maviburada
,B0BBV9R1V4,5,Herramientas y Mejoras del Hogar,disponible,,2025-11-03T15:00:32.687Z,2025-11-03T22:13:03.674Z,2697.49,"$2,840.49","HBKEEN Brocas de diamante húmedo de 5 pulgadas para hormigón con barra de refuerzo, ladrillo, bloque, mampostería, profundidad de perforación de 15 pulgadas, rosca de 1-1/4-7 pulgadas, segmentos",https://www.amazon.com.mx/dp/B0BBV9R1V4,HNEN
,B0BCGHNNG7,5,Herramientas y Mejoras del Hogar,disponible,,2025-11-03T15:00:32.687Z,2025-11-03T22:13:11.687Z,2475.71,"$2,818.68","OCASAMI - Banco de trabajo portátil para carpintería, mesa de trabajo, mesa de trabajo con clips de fijación tipo G y bloques de límite, para el hogar, estudios de carpintería, fijo para procesar",https://www.amazon.com.mx/dp/B0BCGHNNG7,Store Kahraman
,B07RZVZZ39,5,Herramientas y Mejoras del Hogar,disponible,,2025-11-03T15:00:32.688Z,2025-11-03T22:13:20.018Z,852.42,"$1,466.63","GLOROUSCHU - Arnés de seguridad de cuerpo completo, protección contra caídas, cumple con la norma OSHA/ANSI, certificación ASTM F1774 | Cordón interno de absorción de golpes (naranja)",https://www.amazon.com.mx/dp/B07RZVZZ39,Amazon Estados Unidos
,B0D9VYBFCS,5,Herramientas y Mejoras del Hogar,disponible,,2025-11-03T15:00:32.688Z,2025-11-03T22:13:29.013Z,2027.97,"$2,072.90","Afatnao - Lámpara de uñas mejorada para computadora, 34 pulgadas plegable con soporte para teléfono, 3 modos de lámpara de manicura LED de 3000 K-6000 K, luz de media luna para extensión de pestañas,",https://www.amazon.com.mx/dp/B0D9VYBFCS,Lumexa Online MX
,B0BWNBY7V6,5,Herramientas y Mejoras del Hogar,disponible,,2025-11-03T15:00:32.688Z,2025-11-03T22:13:37.354Z,2278.25,"$2,370.63","INQMEGA Cámaras de seguridad solares Tuya inteligentes, 3MP FHD WiFi 360° vista 15000mAh cámaras alimentadas por energía solar para el hogar, sensor de movimiento PIR luz de inundación con sirena, audio bidireccional, visión nocturna a color, TUYA Smart Life",https://www.amazon.com.mx/dp/B0BWNBY7V6,Lumexa Online MX
,B0D2NJ224B,5,Herramientas y Mejoras del Hogar,disponible,,2025-11-03T15:00:32.688Z,2025-11-03T22:13:44.559Z,2043.06,"$2,146.49","SlHYFMO - Juego de 2 luces colgantes recargables que cambian de color RGB con mando a distancia de hasta 50 horas de uso, color negro clásico, sin cableado para recámara, sala de estar",https://www.amazon.com.mx/dp/B0D2NJ224B,BEST SUPPLY
,B07XF1CCFD,5,Herramientas y Mejoras del Hogar,disponible,,2025-11-03T15:00:32.688Z,2025-11-03T22:13:58.132Z,543.83,$789.41,"HRX STB - Manija de puerta autoadhesiva con borde para tirar, sin tornillos, despegar y pegar en vidrio, madera, metal, plástico, perilla para puertas correderas para frentes de cocina, cajones y paneles de cambiador, paquete de 2 unidades, color negro",https://www.amazon.com.mx/dp/B07XF1CCFD,Amazon Estados Unidos
,B0BTLFQBZP,5,Herramientas y Mejoras del Hogar,disponible,,2025-11-03T15:00:32.688Z,2025-11-03T22:14:06.471Z,900.98,$900.96,"Loviga - Kit de sello universal para puerta corredera portátil para aire acondicionado y secadora, 100% sellado de doble manguera, kit de ventilación portátil para puerta corrediza de aire acondicionado, 25 x 192 ~ 232 centímetros de longitud ajustable para aire acondicionado.",https://www.amazon.com.mx/dp/B0BTLFQBZP,SHENDULLAR LTD
,B0CSFLVKVB,5,Herramientas y Mejoras del Hogar,disponible,,2025-11-03T15:00:32.688Z,2025-11-03T22:14:13.611Z,1373.47,"$1,607.83",WECACHWE 6000mAh 28V Batería de repuesto para herramientas eléctricas Milwaukee 28V Batería 0726-20 0726-22 0719-20 0719-22 0779-20 22 0928-29 Kit combinado de herramientas inalámbricas con 4,https://www.amazon.com.mx/dp/B0CSFLVKVB,Lumexa Online MX
,B07SQ4R65K,5,Herramientas y Mejoras del Hogar,disponible,,2025-11-03T15:00:41.680Z,2025-11-03T22:14:23.129Z,738.85,$789.41,"HOPOPRO NBC News - Cabezal de ducha de alta presión recomendado con 5 modos de 4.1 pulgadas, cabezal de ducha fijo de alto flujo para una experiencia de ducha de lujo incluso a baja presión de agua",https://www.amazon.com.mx/dp/B07SQ4R65K,Rendomin
,B07WHHBR4F,5,Herramientas y Mejoras del Hogar,disponible,,2025-11-03T15:00:41.680Z,2025-11-03T22:14:31.553Z,540.38,$562.15,H2OK Limpiador de enfriador de agua,https://www.amazon.com.mx/dp/B07WHHBR4F,GUTTIDIRECT
,B0063TQ7HW,5,Herramientas y Mejoras del Hogar,disponible,,2025-11-03T15:00:41.680Z,2025-11-03T22:14:39.430Z,685.29,$734.99,"Vallejo White Primer Acrylic Polyurethane, 200ml",https://www.amazon.com.mx/dp/B0063TQ7HW,GUTTIDIRECT
,B0D3QH1MZX,5,Herramientas y Mejoras del Hogar,disponible,,2025-11-03T15:00:41.680Z,2025-11-03T22:14:47.048Z,1391.75,"$1,392.80","LASUK - Mochila de herramientas resistente con hombro acolchado y organizador de herramientas extraíble, mochila de trabajo resistente al agua, para electricista, fontanero, HVAC, reparador de cables,",https://www.amazon.com.mx/dp/B0D3QH1MZX,HNEN
,B0B827GYQF,5,Herramientas y Mejoras del Hogar,disponible,,2025-11-03T15:00:41.681Z,2025-11-03T22:14:55.101Z,1832.91,"$2,461.97","Siren - Sistema PA para camiones y coches de emergencia, sirenas de policía para vehículos con control remoto inalámbrico, 20 tonos, 200 W, 118-130 DB, con micrófono de mano, 2 adicionales para",https://www.amazon.com.mx/dp/B0B827GYQF,Amazon Estados Unidos
,B0832LR1GL,5,Herramientas y Mejoras del Hogar,disponible,,2025-11-03T15:00:41.681Z,2025-11-03T22:15:03.605Z,1099.37,"$1,105.61","SAMODRA - Accesorio para bidé de agua fría no eléctrico, accesorio para asiento de inodoro con controles de presión, boquillas dobles retráctiles autolimpiables para lavado frontal y trasero, níquel",https://www.amazon.com.mx/dp/B0832LR1GL,Maviburada
,B0B42WXMNH,5,Herramientas y Mejoras del Hogar,disponible,,2025-11-03T15:00:41.681Z,2025-11-03T22:15:11.918Z,725.8,"$1,143.24","Sailupxinyuan - Estanterías de kayak para almacenamiento al aire última intervensión, soporte de pared para cochera, ganchos de pared resistentes para canoa, escalera, bicicleta, sillas plegables",https://www.amazon.com.mx/dp/B0B42WXMNH,Amazon Estados Unidos
,B0FFB7Z9G8,5,Herramientas y Mejoras del Hogar,disponible,,2025-11-03T15:00:41.681Z,2025-11-03T22:15:18.910Z,608.6,$612.02,"YELENEW - Faroles solares de globos de aire caliente para Halloween, impermeables al aire última intervensión, decoración de jardín de metal, farol solar con globos de aire caliente con luces",https://www.amazon.com.mx/dp/B0FFB7Z9G8,Rendosa
,B0DJCMGXJ8,5,Herramientas y Mejoras del Hogar,disponible,,2025-11-03T15:00:41.681Z,2025-11-03T22:15:27.961Z,1983.27,"$2,110.53","Filtro RO para sistema de ósmosis inversa CRS-RO800 CrispTaste sin tanque Filtro de agua de ósmosis inversa, reduce PFAS TDS, sistema RO debajo del fregadero",https://www.amazon.com.mx/dp/B0DJCMGXJ8,FEEL EXTRA MX
,B0DTH9WL5G,5,Herramientas y Mejoras del Hogar,disponible,,2025-11-03T15:00:41.681Z,2025-11-03T22:15:36.720Z,2105.3,"$2,711.76","Cerradura de puerta inteligente con huellas dactilares para puerta delantera, cerrojo de entrada sin llave con asa, juego de teclado digital, control de aplicación, bloqueo automático, fácil",https://www.amazon.com.mx/dp/B0DTH9WL5G,Amazon Estados Unidos
,B0CV5CTJLR,5,Herramientas y Mejoras del Hogar,disponible,,2025-11-03T15:00:41.681Z,2025-11-03T22:15:43.627Z,2586.47,"$2,793.99","Tandefio - Fregadero de cocina no empotrado para exteriores, de acero inoxidable, fregadero portátil de un solo tazón, utilidad comercial para restaurante, cafetería, bar, hotel, cochera, lavadero",https://www.amazon.com.mx/dp/B0CV5CTJLR,Bedos Store
,B0D4LVM6G9,5,Herramientas y Mejoras del Hogar,disponible,,2025-11-03T15:00:41.681Z,2025-11-03T22:15:51.757Z,1543.85,"$1,645.71","Lámpara rosa para habitación de niñas, lámparas táctiles regulables de 3 vías con puerto USB, lámpara de niñas con visualización de borla, lámpara de mesa rosa para recámara, sala de estar, cambiador,",https://www.amazon.com.mx/dp/B0D4LVM6G9,SHERIFF EXPRESS
,B0CRYZGVK4,5,Herramientas y Mejoras del Hogar,disponible,,2025-11-03T15:00:41.681Z,2025-11-03T22:16:00.271Z,1012.21,"$1,075.40","JXMXRPV - Cable de extensión para panel solar de 20 pies, 10 AWG (6 mm²) con manga de fibra, adaptador de cable para panel solar para paneles solares para el hogar, barco, RV (20 pies, 10 AWG)",https://www.amazon.com.mx/dp/B0CRYZGVK4,Rendosa
,B0DBD6VRW7,5,Herramientas y Mejoras del Hogar,disponible,,2025-11-03T15:00:41.681Z,2025-11-03T22:16:09.351Z,3143.52,"$3,858.60",Cable de acero inoxidable negro para barandilla – 500 pies 1/8 pulgadas T316 cuerda de alambre para cubierta kit de sistema de barandilla de cable,https://www.amazon.com.mx/dp/B0DBD6VRW7,Lumexa Online MX
,B082X32N3S,5,Herramientas y Mejoras del Hogar,disponible,,2025-11-03T15:00:41.682Z,2025-11-03T22:16:16.526Z,780.27,$780.28,"CLY - Kit de Tira de Luz LED UV Negra de 33 Pies, 600 Unidades de Abalorio de Lámpara, Accesorios Flexibles de 12 V, para Decoración de Navidad Fluorescente",https://www.amazon.com.mx/dp/B082X32N3S,Corner Stone LLC
,B0CCP6GQZM,5,Herramientas y Mejoras del Hogar,disponible,,2025-11-03T15:00:41.682Z,2025-11-03T22:16:25.586Z,690.53,$762.80,"Paquete de 20 bandejas organizadoras de caja de herramientas, 5 tamaños grandes de 12 pulgadas y almacenamiento, para martillo, llave, tornillo, organización de caja de herramientas de piezas",https://www.amazon.com.mx/dp/B0CCP6GQZM,BELGUCAN Global
,B08CVSCQHD,5,Herramientas y Mejoras del Hogar,disponible,,2025-11-03T15:00:52.815Z,2025-11-03T22:16:34.471Z,904.51,$904.49,"Mason Bee House - Colmena de abeja de madera natural hecha a mano recubierta con cera para una larga vida útil a prueba de agua y larga vida útil, atrae polinizadores de abeja pacíficos para mejorar la productividad de tu jardín",https://www.amazon.com.mx/dp/B08CVSCQHD,Corner Stone LLC
,B016HM7QRE,5,Herramientas y Mejoras del Hogar,disponible,,2025-11-03T15:00:52.815Z,2025-11-03T22:16:48.549Z,801.11,$879.55,IMAGE - Linterna LED portátil para Camping con Ventilador de Techo,https://www.amazon.com.mx/dp/B016HM7QRE,GUTTIDIRECT
,B0CH9KZXWR,5,Herramientas y Mejoras del Hogar,disponible,,2025-11-03T15:00:52.815Z,2025-11-03T22:16:57.179Z,1230.89,"$1,365.71","Weilisi - Anillo de luz de computadora de 10.2 pulgadas con soporte para reuniones de zoom, anillo de luz para computadora con abrazadera, rotación de 360° y luz de videoconferencia, altura flexible,",https://www.amazon.com.mx/dp/B0CH9KZXWR,M&H Customer Friendly Store
,B0C5XN7KV2,5,Herramientas y Mejoras del Hogar,disponible,,2025-11-03T15:00:52.815Z,2025-11-03T22:17:04.951Z,679.19,$679.20,"Aqara - Extensión de tira LED T1, requiere tira LED T1 (se vende por separado). Extensión de luz LED RGBIC de 3.28 pies con 16 millones de colores/efectos de degradado blanco sintonizables (1 paquete",https://www.amazon.com.mx/dp/B0C5XN7KV2,GREENJIN
,B0C9TXVN77,5,Herramientas y Mejoras del Hogar,disponible,,2025-11-03T15:00:52.815Z,2025-11-03T22:17:12.997Z,2486.39,"$2,548.03","TYBEEU Palmera iluminada de 5 pies, 136 luces LED con cocos brillantes, regulable, certificado UL, impermeable, ideal para decoración de interiores y exteriores",https://www.amazon.com.mx/dp/B0C9TXVN77,SRKSB LLC
,B0C4FQTQ47,5,Herramientas y Mejoras del Hogar,disponible,,2025-11-03T15:00:52.815Z,2025-11-03T22:17:22.062Z,1079.75,"$1,114.48","Moderna lámpara de mesa LED sin cables, 4000 mAh, batería recargable de computadora, luz de cocina de 3 niveles de brillo, portátil, diseño minimalista, para cenas, mesas de café, restaurante y",https://www.amazon.com.mx/dp/B0C4FQTQ47,M&H Customer Friendly Store
,B0B253K4W9,5,Herramientas y Mejoras del Hogar,disponible,,2025-11-03T15:00:52.816Z,2025-11-03T22:17:29.967Z,681,$934.45,"DongCheng - Destornillador eléctrico inalámbrico de 4 V, 2000 mAh, destornillador recargable con batería con 3 ajustes de par de hasta 5 N.m, 300 RPM, luces LED duales, 8 puntas de tornillo magnéticas",https://www.amazon.com.mx/dp/B0B253K4W9,MULTIHERRAMIENTAS
,B0C38NR1CH,5,Herramientas y Mejoras del Hogar,disponible,,2025-11-03T15:00:52.816Z,2025-11-03T22:17:38.641Z,804.03,"$1,344.37",Reemplazo directo para manguera de drenaje Tennant 1043538 T3 T5,https://www.amazon.com.mx/dp/B0C38NR1CH,Amazon Estados Unidos
,B0C9GKRJPW,5,Herramientas y Mejoras del Hogar,disponible,,2025-11-03T15:00:52.816Z,2025-11-03T22:17:47.233Z,4612.43,"$4,853.70","NEBICALS 3/4 pulgadas. Llave dinamométrica de 100-600 pies. Llave de 48 pulgadas, menos esfuerzo para equipos todoterreno, camiones, CDI, casas",https://www.amazon.com.mx/dp/B0C9GKRJPW,Bedos Store
,B0D4D4N7MW,5,Herramientas y Mejoras del Hogar,disponible,,2025-11-03T15:00:52.816Z,2025-11-03T22:17:55.287Z,506.96,$502.70,"Pegamento transparente de CA grueso, calcomanía de cianoacrilato para suela de zapatos, reparación de cerámica, plástico, piel, vidrio, modelo de metal, bota de madera, cerámica, acuario, piedra de",https://www.amazon.com.mx/dp/B0D4D4N7MW,MSTZKN SHİPMENT
,B0BRHKNX46,5,Herramientas y Mejoras del Hogar,disponible,,2025-11-03T15:00:52.816Z,2025-11-03T22:18:03.837Z,773.28,$789.41,"GiveGreatGift 13 regalos de aniversario de boda para él, recuerdo de matrimonio de 13 años para hombres, regalo de aniversario de encaje para marido",https://www.amazon.com.mx/dp/B0BRHKNX46,Rendomin
,B09V17ZYQJ,5,Herramientas y Mejoras del Hogar,disponible,,2025-11-03T15:00:52.816Z,2025-11-03T22:18:12.374Z,3259.12,"$3,272.95","Lámpara de pie de arco de color dorado contemporáneo de 73 pulgadas con cúpula colgante, base de mármol ajustable para casa de campo sobre el sofá, luz de pie, lámpara de esquina de trabajo",https://www.amazon.com.mx/dp/B09V17ZYQJ,GREENJIN
,B0CYBVW9P9,5,Herramientas y Mejoras del Hogar,disponible,,2025-11-03T15:00:52.816Z,2025-11-03T22:18:20.963Z,543.83,$808.83,"Glooglitter - Letrero de neón tropical de 11.8 pulgadas de palmera, luz de neón para decoración de pared, luces LED coloridas para recámara, bar, playa, restaurante, fiesta, regalo",https://www.amazon.com.mx/dp/B0CYBVW9P9,Amazon Estados Unidos
,B003J43920,5,Herramientas y Mejoras del Hogar,disponible,,2025-11-03T15:00:52.816Z,2025-11-03T22:18:28.049Z,746.53,$762.80,"Marlig Industries Fix A Leak - Sellador de Fugas para Piscina, 8 onzas",https://www.amazon.com.mx/dp/B003J43920,Marca: Marlig Industries
,B0D48CW5QB,5,Herramientas y Mejoras del Hogar,disponible,,2025-11-03T15:00:52.816Z,2025-11-03T22:18:36.758Z,6725.96,"$7,540.29","Lámpara rectangular moderna de vidrio negro y dorado para comedor, lámpara colgante de techo lineal, larga de 32 pulgadas, lámpara ovalada de lujo, 8 luces para cocina, isla y sala de estar",https://www.amazon.com.mx/dp/B0D48CW5QB,İMERA
,B09HX54D41,5,Herramientas y Mejoras del Hogar,disponible,,2025-11-03T15:00:52.816Z,2025-11-03T22:18:45.517Z,2612.25,"$2,648.71","uyoyous - Hoja de goma sólida de silicona, 80 x 40 x 1/8 pulgadas, resistente al calor, impermeable, negro",https://www.amazon.com.mx/dp/B09HX54D41,SEONGSAN
,B0BDL1K1QQ,5,Herramientas y Mejoras del Hogar,disponible,,2025-11-03T15:01:02.809Z,2025-11-03T22:18:52.624Z,1234.61,"$1,243.93","Qaubauyt - Lámpara de pie LED inteligente con control de aplicación y colores RGB, lámpara de pie regulable para sala de estar, recámara, juegos, control remoto, temporizador, foco de 9 W incluida",https://www.amazon.com.mx/dp/B0BDL1K1QQ,SRKSB LLC
,B0CYZCTTML,5,Herramientas y Mejoras del Hogar,disponible,,2025-11-03T15:01:02.809Z,2025-11-03T22:19:00.785Z,462.76,$480.41,"Erfoni - Papel pintado de rayas gris y blanco para despegar y pegar, moderno papel de contacto autoadhesivo gris de 17.7 x 118 pulgadas, papel de pared extraíble a rayas para recámara, sala de estar",https://www.amazon.com.mx/dp/B0CYZCTTML,Corner Stone LLC
,B0C6LPLQDH,5,Herramientas y Mejoras del Hogar,disponible,,2025-11-03T15:01:02.809Z,2025-11-03T22:19:08.193Z,478.18,$714.14,"XIITIA - 4 monitores de medición de voltaje de CA 80-300 V, voltímetro digital LCD, panel de voltaje de CA 110 V, 220 V, línea eléctrica, monitor de prueba de voltios para el hogar enchufe a toma de",https://www.amazon.com.mx/dp/B0C6LPLQDH,Amazon Estados Unidos
,B097BJ8WP7,5,Herramientas y Mejoras del Hogar,disponible,,2025-11-03T15:01:02.809Z,2025-11-03T22:19:15.953Z,1068.04,"$1,109.92","Fanttik E1 Pro Mini destornillador eléctrico, juego de destornilladores de precisión con luz LED, 24 puntas magnéticas, máx. 3 N.m, almacenamiento magnético, eje de 5/32 pulgadas, juego de",https://www.amazon.com.mx/dp/B097BJ8WP7,Abundant Peace
,B0CZHLG361,5,Herramientas y Mejoras del Hogar,disponible,,2025-11-03T15:01:02.809Z,2025-11-03T22:19:24.911Z,1645.66,"$1,773.72","Surtime - Ventiladores de techo con luces, 36 ventiladores de techo de perfil bajo con luz y control remoto/aplicación, montaje empotrado, reversible de CC, ventiladores de techo modernos regulables",https://www.amazon.com.mx/dp/B0CZHLG361,Rendosa
,B077MW2Z2V,5,Herramientas y Mejoras del Hogar,disponible,,2025-11-03T15:01:02.809Z,2025-11-03T22:19:37.327Z,4588.76,"$4,756.13","JONATHAN Y JYL2047A-SET2 - Juego de 2 lámparas de mesa Victoria de 27 pulgadas, vidrio LED, lámpara moderna y contemporánea, mesita de noche, lámpara de noche para recámara, sala de estar, oficina, universidad, estantería, transparente",https://www.amazon.com.mx/dp/B077MW2Z2V,Luxury Best Store
,B0DNMCJW7R,5,Herramientas y Mejoras del Hogar,disponible,,2025-11-03T15:01:02.809Z,2025-11-03T22:19:46.115Z,1939.5,"$2,024.95","Fitlume - Lámpara de luz LED de media luna para tatuajes, extensiones de pestañas, uñas, belleza, estética y artistas, altura ajustable, brillo regulable, con bandeja móvil, color blanco",https://www.amazon.com.mx/dp/B0DNMCJW7R,Lumexa Online MX
,B0C3J74VZ7,5,Herramientas y Mejoras del Hogar,disponible,,2025-11-03T15:01:02.810Z,2025-11-03T22:19:53.585Z,1362.52,"$1,497.32","3-Light Farmhouse Vanity Light for Bathroom, Wood Bathroom Light Fixtures Over Mirror, Rustic Sconces Wall Lighting with Elegant Metal Lampshade for Living Room, Bedroom, Hallway",https://www.amazon.com.mx/dp/B0C3J74VZ7,F4ST ORCHESTRA
,B0BN3Q9HZ5,5,Herramientas y Mejoras del Hogar,disponible,,2025-11-03T15:01:02.810Z,2025-11-03T22:20:01.407Z,747.27,$808.83,"Biling - Fuente solar para baño de pájaros, kit de panel solar, bomba de agua solar para exteriores con tubo de 4 pies para baño de colibrí, estanque pequeño y pecera",https://www.amazon.com.mx/dp/B0BN3Q9HZ5,M&H Customer Friendly Store
,B001E4AQHS,5,Herramientas y Mejoras del Hogar,disponible,,2025-11-03T15:01:02.810Z,2025-11-03T22:20:10.501Z,959.66,$959.63,"Briwax - Esmalte de cera transparente para muebles, 1 libra (paquete de 1), 16 onzas",https://www.amazon.com.mx/dp/B001E4AQHS,DS STOREE
,B09MQFPY95,5,Herramientas y Mejoras del Hogar,disponible,,2025-11-03T15:01:02.810Z,2025-11-03T22:20:19.068Z,2575.76,"$2,575.77","Paquete de 2 luces de noche, aplique de pared con dos puertos de carga USB, lámpara de lectura regulable con visualización de tela e interruptor de encendido/apagado, para hogar u hotel, níquel",https://www.amazon.com.mx/dp/B09MQFPY95,Red Pure
,B0B6XYMV9S,5,Herramientas y Mejoras del Hogar,disponible,,2025-11-03T15:01:02.810Z,2025-11-03T22:20:27.579Z,817.94,$863.25,"Rust-Oleum 372011 Transformations Basics - Pintura para clóset y recorte, cuarto de galón, espresso",https://www.amazon.com.mx/dp/B0B6XYMV9S,DUKKI LLC
,B09CGTGRQ1,5,Herramientas y Mejoras del Hogar,disponible,,2025-11-03T15:01:02.810Z,2025-11-03T22:20:35.553Z,1467.91,"$1,563.72","Lámpara de pie LONRISWAY, 52 pulgadas, luz cálida, diseño simple moderno, visualización de tela Tyvek, LED, madera, blanca",https://www.amazon.com.mx/dp/B09CGTGRQ1,Lumexa Online MX
,B08T6319ZJ,5,Herramientas y Mejoras del Hogar,disponible,,2025-11-03T15:01:02.810Z,2025-11-03T22:20:43.367Z,1923.9,"$1,929.78","C&T Juego de martillos de 6 piezas, mango de fibra de vidrio y mazo, trabajo de metal, kit de cochera para casa, herramientas mecánicas, martillo de trineo, martillo herrero, martillo de bola |",https://www.amazon.com.mx/dp/B08T6319ZJ,ENG DEALS LTD
,B0BXX9L4TM,5,Herramientas y Mejoras del Hogar,disponible,,2025-11-03T15:01:02.810Z,2025-11-03T22:20:50.854Z,1355,"$1,722.66","Lámparas de ratán para techo, 3 luces bohemias de montaje empotrado, lámpara de techo tejida a mano, lámpara de sombra de jaula rústica para pasillo, recámara, cocina, granja, vestíbulo de entrada",https://www.amazon.com.mx/dp/B0BXX9L4TM,mei10 mingfengshanxia
,B0D2L5SDHG,5,Herramientas y Mejoras del Hogar,disponible,,2025-11-03T15:01:02.811Z,2025-11-03T22:20:59.706Z,4798.46,"$6,954.40","FAHKNS - Kit Redondo de Cacerola para Hoguera, de Acero Inoxidable 304 de 25 Pulgadas con Encendido y Kit de Manguera de propano para hogueras y Chimenea, Color Plateado",https://www.amazon.com.mx/dp/B0D2L5SDHG,Amazon Estados Unidos
,B0DHCRTDZY,5,Herramientas y Mejoras del Hogar,disponible,,2025-11-03T15:01:14.738Z,2025-11-03T22:21:06.349Z,1061.87,"$1,061.88","Paquete de 2 filtros de repuesto VF4000, para aspiradora Ridgd Standard Wet Dry Vac de 5 a 20 galones, aspiradora Husky de 6 a 9 galones y aspiradora Craftsman Shop 17816 9-17816",https://www.amazon.com.mx/dp/B0DHCRTDZY,Corner Stone LLC
,B09CTY55BL,5,Herramientas y Mejoras del Hogar,disponible,,2025-11-03T15:01:14.739Z,2025-11-03T22:21:14.394Z,1142.9,"$1,344.37","Ueemph - Kit de aseo de caballos (12 piezas): cepillos, bolsa de almacenamiento, raspador de sudor, peine de melena, guantes de aseo, regalo de caballo para niñas (negro)",https://www.amazon.com.mx/dp/B09CTY55BL,Lumexa Online MX
,B07J1GW4RB,5,Herramientas y Mejoras del Hogar,disponible,,2025-11-03T15:01:14.739Z,2025-11-03T22:21:23.173Z,802.8,$802.80,"Pro-Grade, Slim, 1 x .6 Soportes de brida con tornillos, paquete de 100 unidades. Alta resistencia, bases negras con cremallera para la gestión de cables. Anclaje permanente a pared, escritorio o zócalo. Ejecutar cables en su hogar u oficina",https://www.amazon.com.mx/dp/B07J1GW4RB,SHENDULLAR LTD
,B0FF9P5J31,5,Herramientas y Mejoras del Hogar,disponible,,2025-11-03T15:01:14.739Z,2025-11-03T22:21:30.726Z,2645.62,"$2,645.62","FansArriche - Pintura para aerógrafo, 48 colores con 4 más delgados y 2 imprimaciones, juego de pintura con pincel de aire acrílico iridiscente a base de agua, 30 ml/botella",https://www.amazon.com.mx/dp/B0FF9P5J31,SHENDULLAR LTD
,B07WC8JSZK,5,Herramientas y Mejoras del Hogar,disponible,,2025-11-03T15:01:14.739Z,2025-11-03T22:21:39.011Z,1302.05,"$1,361.87",ARASHIYAMA #6000 sin soporte y sin Nagura Super Acabado Piedra de afilar para profesionales *F/S*,https://www.amazon.com.mx/dp/B07WC8JSZK,NEW AGE SHOPPING
,B0C6DYP8P4,5,Herramientas y Mejoras del Hogar,disponible,,2025-11-03T15:01:14.739Z,2025-11-03T22:21:48.775Z,527.5,$527.51,"XBVV - Grasa lubricante de silicona para llave de fontanero, arandelas de goma, válvula, anillo tórico, paquete de 2 tubos de 1 oz con cepillo para polvo",https://www.amazon.com.mx/dp/B0C6DYP8P4,Corner Stone LLC
,B08K3RKT4P,5,Herramientas y Mejoras del Hogar,disponible,,2025-11-03T15:01:14.739Z,2025-11-03T22:21:57.247Z,1874.58,"$1,915.88","Rust-Oleum 367598 - Kit de revestimiento de piso para interiores de casa, semi-brillante ultra blanco",https://www.amazon.com.mx/dp/B08K3RKT4P,HNEN
,B000FK9XI0,5,Herramientas y Mejoras del Hogar,disponible,,2025-11-03T15:01:14.739Z,2025-11-03T22:22:06.448Z,912.45,$897.30,"RUTLAND PRODUCTS 80 - Pintura en Aerosol de Alta Temperatura, 1 onzas líquidas, Color Negro, 12 Unidades",https://www.amazon.com.mx/dp/B000FK9XI0,Red Pure
,B0BR677694,5,Herramientas y Mejoras del Hogar,disponible,,2025-11-03T15:01:14.739Z,2025-11-03T22:22:15.462Z,2186.08,"$2,297.04",Cambrian Medical Instrumental Algerbrush Ii 1Mm Completo,https://www.amazon.com.mx/dp/B0BR677694,FEEL EXTRA MX
,B07MS8C7LL,5,Herramientas y Mejoras del Hogar,disponible,,2025-11-03T15:01:14.739Z,2025-11-03T22:22:29.189Z,577,$614.17,"Gsparts Harris Stay-Silv SSWF7 - Pasta blanca para soldadura de alta temperatura, color plateado",https://www.amazon.com.mx/dp/B07MS8C7LL,SRKSB LLC
,B0774Y11V1,5,Herramientas y Mejoras del Hogar,disponible,,2025-11-03T15:01:14.739Z,2025-11-03T22:22:37.850Z,1247.98,"$1,345.81","Tinte concentrado de trazador rojo - Tinte fluorescente altamente concentrado para rastreo de agua y detección de fugas, 1 galón (128 onzas)",https://www.amazon.com.mx/dp/B0774Y11V1,DUKKI LLC
,B09TW787J9,5,Herramientas y Mejoras del Hogar,disponible,,2025-11-03T15:01:14.740Z,2025-11-03T22:22:46.796Z,914.07,$919.87,"Juego de 22 cristales curativos, kits de cuarzo de chakra en caja de madera (7 piedras crudas y 7 piedras de chakra caídas, pulsera de lava, collar de chakra y péndulo de amatista, piedra de",https://www.amazon.com.mx/dp/B09TW787J9,NEW AGE SHOPPING
,B0CCDYCGQX,5,Herramientas y Mejoras del Hogar,disponible,,2025-11-03T15:01:14.740Z,2025-11-03T22:22:54.102Z,1333.4,"$1,445.54","Lámpara de cambiador para baño, de madera de 3 luces sobre espejo, apliques rústicos de pared con visualización de metal para sala de estar, recámara, pasillo",https://www.amazon.com.mx/dp/B0CCDYCGQX,SHERIFF EXPRESS
,B005EXO06S,5,Herramientas y Mejoras del Hogar,disponible,,2025-11-03T15:01:14.740Z,2025-11-03T22:23:03.144Z,919.58,"$1,306.26",Knipex 35-21-115 - Alicates de precisión para electrónica,https://www.amazon.com.mx/dp/B005EXO06S,Amazon Estados Unidos
,B09WV8PVR3,5,Herramientas y Mejoras del Hogar,disponible,,2025-11-03T15:01:14.740Z,2025-11-03T22:23:10.274Z,1583.19,"$1,644.03","MASIVEL - Lámpara colgante moderna de vidrio chapado en cromo, mini globo regulable, LED para colgar en el techo, luz de vidrio de burbuja de lujo, luz de isla para comedor y recámara",https://www.amazon.com.mx/dp/B09WV8PVR3,NEW AGE SHOPPING
,B0DF55HV2Z,5,Herramientas y Mejoras del Hogar,disponible,,2025-11-03T15:01:14.740Z,2025-11-03T22:23:18.087Z,753.7,"$1,185.68","Torre de regleta de alimentación con cargador inalámbrico, torre de protección contra sobretensiones de enchufe plano con cable de extensión de 6 pies, 12 salidas múltiples CA, 4 USB (2 USB C), torre",https://www.amazon.com.mx/dp/B0DF55HV2Z,Amazon Estados Unidos
,B09K3M3YJV,5,Herramientas y Mejoras del Hogar,disponible,,2025-11-03T15:01:29.809Z,2025-11-03T22:23:27.192Z,1326.75,"$1,326.76","Paquete de 4 barras de luz negra de 40 W, IP66 impermeable, luz LED negra con enchufe e interruptor + cable de 6 pies, cada una se ilumina de 25 x 25 pies, para exteriores, fiesta brillante, Halloween",https://www.amazon.com.mx/dp/B09K3M3YJV,Novayu
,B01M09PBYX,5,Herramientas y Mejoras del Hogar,disponible,,2025-11-03T15:01:29.809Z,2025-11-03T22:23:34.478Z,780.11,$890.34,"Muzata - Paquete de 6 unidades de canal LED de aluminio en forma de U, con forma de U, color plateado, con cubierta blanca lechosa, fácil instalación, U1SW WW 1M",https://www.amazon.com.mx/dp/B01M09PBYX,NEW AGE SHOPPING
,B00IA2J4E8,5,Herramientas y Mejoras del Hogar,disponible,,2025-11-03T15:01:29.809Z,2025-11-03T22:23:42.086Z,4821.45,"$5,624.17",YELLOW JACKET 60652 Eight Head Torque Wrench Kit,https://www.amazon.com.mx/dp/B00IA2J4E8,Amazon Estados Unidos
,B002LW778I,5,Herramientas y Mejoras del Hogar,disponible,,2025-11-03T15:01:29.810Z,2025-11-03T22:23:50.565Z,1353.17,"$1,448.89",Shapton Whetstone M15 - Piedra de afilar mediana en bruto #1000,https://www.amazon.com.mx/dp/B002LW778I,GUTTIDIRECT
,B0DRG84ML9,5,Herramientas y Mejoras del Hogar,disponible,,2025-11-03T15:01:29.810Z,2025-11-03T22:23:57.964Z,1076,"$1,105.61","Ecoviva UKF8001 Filtro de agua de repuesto para filtro 4, 4RXD1, UK F8001AXX, UKF8001AXX-200, 4396395, 46-9006, WF295, Puriclean II, RWF0900A, paquete de 3",https://www.amazon.com.mx/dp/B0DRG84ML9,Marca: Ecoviva
,B0C3GFQW9Z,5,Herramientas y Mejoras del Hogar,disponible,,2025-11-03T15:01:29.810Z,2025-11-03T22:24:04.631Z,1080.24,"$1,491.32","LENONE - Luces flotantes para piscina con energía solar, 6.5 pulgadas, luz blanca cálida, luces solares para piscina que flotan, bolas flotantes impermeables actualizadas para decoración de patio y",https://www.amazon.com.mx/dp/B0C3GFQW9Z,STOREARENS
,B07GJ46PZT,5,Herramientas y Mejoras del Hogar,disponible,,2025-11-03T15:01:29.810Z,2025-11-03T22:24:12.296Z,1145.71,"$1,145.72","KASTFORCE KF1004 - Estante de Almacenamiento de Madera de 3 Niveles de 100 Libras por Nivel con Tornillos duraderos de Chapa metálica, Estante de Madera, Estante de Taller",https://www.amazon.com.mx/dp/B07GJ46PZT,GREENJIN
,B08HWDH8V5,5,Herramientas y Mejoras del Hogar,disponible,,2025-11-03T15:01:29.810Z,2025-11-03T22:24:20.562Z,502.57,$525.95,"[Último 2022] tapones para los oídos para dormir nadar, 8 pares de tapones de silicona reutilizables moldeables con cancelación de ruido para tiro, nadadores, ronquidos, conciertos, aviones, viajes, trabajo, estudio",https://www.amazon.com.mx/dp/B08HWDH8V5,SRKSB LLC
,B07MNC2C5Z,5,Herramientas y Mejoras del Hogar,disponible,,2025-11-03T15:01:29.810Z,2025-11-03T22:24:29.369Z,2223.38,"$2,274.26","JONATHAN Y JYL6116A Edison - Lámpara de trabajo LED de metal de 19.3 pulgadas, contemporánea para recámara, sala de estar, oficina, recámara universitario, mesa de centro, librería, negro/latón dorado",https://www.amazon.com.mx/dp/B07MNC2C5Z,M&H Customer Friendly Store
,B0B5DNWJZJ,5,Herramientas y Mejoras del Hogar,disponible,,2025-11-03T15:01:29.810Z,2025-11-03T22:24:36.458Z,626.81,$663.80,"Makevivi - Cable de extensión de interruptor de encendido/apagado impermeable para exteriores, resistente 125 V/250 V, cable SJTW negro (1.5 pies, negro)",https://www.amazon.com.mx/dp/B0B5DNWJZJ,Rendosa
,B08L6T5WVS,5,Herramientas y Mejoras del Hogar,disponible,,2025-11-03T15:01:29.810Z,2025-11-03T22:24:44.956Z,1883.13,"$1,926.18","Rust-Oleum 367592 Kit de revestimiento de piso interior para el hogar, gris envejecido mate",https://www.amazon.com.mx/dp/B08L6T5WVS,HNEN
,B09XHTMRXH,5,Herramientas y Mejoras del Hogar,disponible,,2025-11-03T15:01:29.810Z,2025-11-03T22:24:53.590Z,1564.63,"$1,644.03","HOTO - Kit de herramientas para el hogar, juego básico de herramientas de mano con caja de almacenamiento, incluye destornillador, llave, martillo, cinta métrica, alicates, ideal para el hogar",https://www.amazon.com.mx/dp/B09XHTMRXH,ONEBLOOD STORE
,B07D7H4LN9,5,Herramientas y Mejoras del Hogar,disponible,,2025-11-03T15:01:29.811Z,2025-11-03T22:25:02.319Z,997.44,"$1,071.81",Mapei UltraCare Eliminador de brumas epoxi,https://www.amazon.com.mx/dp/B07D7H4LN9,Abundant Peace
,B09RW2FDZX,5,Herramientas y Mejoras del Hogar,disponible,,2025-11-03T15:01:29.811Z,2025-11-03T22:25:16.140Z,611.74,$626.40,"AYAO - Hojas de sierra de cinta de 56-1/8 pulgadas x 1/4 pulgadas x 6TPI para Delta 28-180, 28-185 8 pulgadas y otros, 2 unidades",https://www.amazon.com.mx/dp/B09RW2FDZX,Amazon Estados Unidos
,B0DF6DFDBK,5,Herramientas y Mejoras del Hogar,disponible,,2025-11-03T15:01:29.811Z,2025-11-03T22:25:24.830Z,734.43,"$1,141.57","umbolite - Lámpara de pie LED, lámpara de pie de lectura, cuello de cisne ajustable, 3 alturas, brillo doble de 10 W, lámpara de pie portátil para extensiones de pestañas, maquillaje, oficina",https://www.amazon.com.mx/dp/B0DF6DFDBK,Amazon Estados Unidos
,B000PS9TQI,5,Herramientas y Mejoras del Hogar,disponible,,2025-11-03T15:01:29.811Z,2025-11-03T22:25:33.812Z,1008.38,"$1,058.14","Bernz-O-Matic ST2200T - Kit de antorcha de butano de micro llama, pequeño, negro",https://www.amazon.com.mx/dp/B000PS9TQI,GUTTIDIRECT
,B0C4TP9WJN,5,Herramientas y Mejoras del Hogar,disponible,,2025-11-03T15:01:43.336Z,2025-11-03T22:25:41.828Z,1954.56,"$2,144.57","Salida automática emergente, salida desplegable de 4.3 pulgadas para encimera con cargador inalámbrico de 15 W, 3 enchufe de CA, 1 USB-A 1 enchufe oculto USB-C de 5 pies para cocina, hogar, oficina",https://www.amazon.com.mx/dp/B0C4TP9WJN,qiuxushenzen8511xdsw
,B00NWZ1RCK,5,Herramientas y Mejoras del Hogar,disponible,,2025-11-03T15:01:43.336Z,2025-11-03T22:25:50.542Z,7888.61,"$8,202.64","APEC Water Systems ROES-PH75 Essence Series - Sistema de filtro de agua potable de ósmosis inversa ultra seguro y certificado de 6 etapas, color blanco",https://www.amazon.com.mx/dp/B00NWZ1RCK,MX Shipment's
,B0D5L8XBZK,5,Herramientas y Mejoras del Hogar,disponible,,2025-11-03T15:01:43.336Z,2025-11-03T22:25:58.981Z,1260.95,"$1,260.95","Starburst - Juego de 6 luces solares de fuegos artificiales con 8 modos impermeables y control remoto tipo C, temporizador regulable, para patio, pérgola, fiesta, boda, Navidad",https://www.amazon.com.mx/dp/B0D5L8XBZK,SHENDULLAR LTD
,B0B24GDQ9Y,5,Herramientas y Mejoras del Hogar,disponible,,2025-11-03T15:01:43.336Z,2025-11-03T22:26:06.676Z,2594.45,"$3,187.37","Sowtowe Tensor de cable de acero inoxidable 3/16, 60 unidades, kit de sistema de barandilla de cables, para postes de madera y metal, sistema de barandilla de cables",https://www.amazon.com.mx/dp/B0B24GDQ9Y,Amazon Estados Unidos
,B0C5XKHCWM,5,Herramientas y Mejoras del Hogar,disponible,,2025-11-03T15:01:43.336Z,2025-11-03T22:26:14.970Z,1514.25,"$1,562.52","Tira de luces LED Aqara T1,6.5 pies RGBIC cortables, 16 millones de colores/efectos de degradado blanco sintonizable, compatible con Apple Homekit, Alexa, Matter Over Bridge, requiere Zigbee 3.0 Hub",https://www.amazon.com.mx/dp/B0C5XKHCWM,NEW AGE SHOPPING
,B005EXOX7O,5,Herramientas y Mejoras del Hogar,disponible,,2025-11-03T15:01:43.336Z,2025-11-03T22:26:21.771Z,980.05,"$1,154.75",KNIPEX - Tijeras de cable aisladas de 1000 V,https://www.amazon.com.mx/dp/B005EXOX7O,Visita la tienda de KNIPEX
,B0C88ZVLM3,5,Herramientas y Mejoras del Hogar,disponible,,2025-11-03T15:01:43.336Z,2025-11-03T22:26:29.034Z,519.2,$538.18,"Aqara Tarjeta NFC para cerraduras inteligentes U100, U50, U200 y U300, tarjeta de acceso para cerraduras de puerta de entrada sin llave, tarjeta NFC funciona con cerrojo electrónico Bluetooth Aqara, 1",https://www.amazon.com.mx/dp/B0C88ZVLM3,Corner Stone LLC
,B0CL92QV6K,5,Herramientas y Mejoras del Hogar,disponible,,2025-11-03T15:01:43.337Z,2025-11-03T22:26:37.084Z,2033.69,"$2,065.42","Huepar - Poste Profesional de Nivel Láser de 12 Pies/3.7 m Con Trípode y Montaje de 1/4 x 20 Pulgadas Para Rotatorio y Línea, Telescópico Ajustable Con Adaptador",https://www.amazon.com.mx/dp/B0CL92QV6K,ShopVısta
,B0B3XJTQ3T,5,Herramientas y Mejoras del Hogar,disponible,,2025-11-03T15:01:43.337Z,2025-11-03T22:26:45.001Z,968.15,$984.79,"VIODAIM - Velas solares para exteriores, resistentes al agua: pilar parpadeante sin llama, juego de 3 luces de sensor recargables de anochecer a amanecer, 3 x 4/5/6 pulgadas, color blanco",https://www.amazon.com.mx/dp/B0B3XJTQ3T,SRKSB LLC
,B0BGJCMD69,5,Herramientas y Mejoras del Hogar,disponible,,2025-11-03T15:01:43.337Z,2025-11-03T22:26:52.904Z,2444.72,"$2,444.73","TPAMSWO - Juego de 2 lámparas de mesa costeras de ratán retro de 24 pulgadas, para recámara, sala de estar, hogar, mesita de noche (con puertos de carga USB C+A 5 V 2.1A)",https://www.amazon.com.mx/dp/B0BGJCMD69,LogiFix
,B0CGRGLRXQ,5,Herramientas y Mejoras del Hogar,disponible,,2025-11-03T15:01:43.337Z,2025-11-03T22:27:00.970Z,497.12,$703.59,"Zxglxinyao - Juego de 990 tornillos autorroscantes para chapa de acero inoxidable M3/M4/M5/M6, tornillos de madera Phillips Drive para tornillos de hormigón para cubierta de paneles de yeso (500",https://www.amazon.com.mx/dp/B0CGRGLRXQ,Amazon Estados Unidos
,B0CZP6KP8N,5,Herramientas y Mejoras del Hogar,disponible,,2025-11-03T15:01:43.337Z,2025-11-03T22:27:08.997Z,1406.48,"$1,417.49","NICRON L71 - Linterna de 1800 lúmenes con imán, luz de trabajo recargable tipo C de rotación de 90 grados, linternas de mano impermeables IP65 para camping, exteriores, emergencia, Negro -, US-L71",https://www.amazon.com.mx/dp/B0CZP6KP8N,qiuxushenzen8511xdsw
,B0BQMC5GPW,5,Herramientas y Mejoras del Hogar,disponible,,2025-11-03T15:01:43.337Z,2025-11-03T22:27:17.691Z,3879.37,"$4,126.85","3.3 Cub Home Safe Fire proof impermeable, caja fuerte grande a prueba de fuego con bolsa ignífuga, llave de teclado digital y estante extraíble, caja fuerte personal de seguridad para el hogar, dinero",https://www.amazon.com.mx/dp/B0BQMC5GPW,MX Shipment's
,B000SOU62K,5,Herramientas y Mejoras del Hogar,disponible,,2025-11-03T15:01:43.337Z,2025-11-03T22:27:26.363Z,791.64,"$1,126.22","Grip-On MG2K GRMG2K - Alicates de bloqueo de aleación de aluminio de 4 pulgadas, color plateado",https://www.amazon.com.mx/dp/B000SOU62K,Amazon Estados Unidos
,B08P9NHSSY,5,Herramientas y Mejoras del Hogar,disponible,,2025-11-03T15:01:43.337Z,2025-11-03T22:27:33.791Z,981,$981.00,"Okatsune 103 podadoras de derivación de uso general, mediana versión 2020 (1 unidad)",https://www.amazon.com.mx/dp/B08P9NHSSY,SHENDULLAR LTD
,B0CNXFP755,5,Herramientas y Mejoras del Hogar,disponible,,2025-11-03T15:01:43.337Z,2025-11-03T22:27:41.141Z,628.98,$783.42,"Broca de taladro mejorada de 4 x 16 pulgadas para plantar, taladro de jardín con cuchillas de doble punta afilada, taladro de hielo, broca en espiral para excavadora de agujeros de poste para taladro",https://www.amazon.com.mx/dp/B0CNXFP755,Amazon Estados Unidos
,B098P56C58,5,Herramientas y Mejoras del Hogar,disponible,,2025-11-03T15:01:58.160Z,2025-11-03T22:27:49.839Z,512.2,$512.21,"Wudnaye - Papel pintado floral para despegar y pegar, papel pintado de cactus de 17.7 pulgadas x 118.7 pulgadas, papel pintado clásico floral extraíble para papel de pared de baño",https://www.amazon.com.mx/dp/B098P56C58,Corner Stone LLC
,B088NBF616,5,Herramientas y Mejoras del Hogar,disponible,,2025-11-03T15:01:58.161Z,2025-11-03T22:28:02.294Z,1644.38,"$2,038.38","Furniware - 50 bisagras de gabinete de cierre suave de 3/4 pulgadas para gabinete de marco facial, acero inoxidable, ángulo de apertura de 105°, bisagras de puerta ocultas, ajuste de 3 vías",https://www.amazon.com.mx/dp/B088NBF616,Amazon Estados Unidos
,B0BYZ92H2M,5,Herramientas y Mejoras del Hogar,disponible,,2025-11-03T15:01:58.161Z,2025-11-03T22:28:11.649Z,397.68,$412.57,"JIEHENG - Pegatinas de atenuación de luz, calcomanías de cubierta LED, 2 hojas blancas y negras, 50% de atenuación de luces LED (corte 50% atenuación blanca y negra)",https://www.amazon.com.mx/dp/B0BYZ92H2M,PRCOM
,B0D2R6L97X,5,Herramientas y Mejoras del Hogar,disponible,,2025-11-03T15:01:58.161Z,2025-11-03T22:28:20.387Z,1874.25,"$2,142.18","Lámpara de pie de arco con control remoto, luz LED regulable con temperatura de 3 colores, lámpara de pie negra con visualización de doble tambor de ratán y tela, lámpara de pie alta bohemia para sala",https://www.amazon.com.mx/dp/B0D2R6L97X,Bedos Store
,B08P9BLPPJ,5,Herramientas y Mejoras del Hogar,disponible,,2025-11-03T15:01:58.161Z,2025-11-03T22:28:29.585Z,889.36,$889.86,Hanaix - Cargador de litio de 12 V para Ryobi CB120L CB121L BPL-1220 L1212R CD100 130503001 130503005 (no para CB120N) para cargador portátil Ryobi de 12 V,https://www.amazon.com.mx/dp/B08P9BLPPJ,HNEN
,B0DQW32H2M,5,Herramientas y Mejoras del Hogar,disponible,,2025-11-03T15:01:58.161Z,2025-11-03T22:28:37.162Z,890.85,"$1,265.26","Wondrastical - Paquete de 2 linternas LED bronce, clásicas, 4 modos, recargables, resistentes al agua, con control remoto, para exteriores e interiores, camping, patio, jardín, camino",https://www.amazon.com.mx/dp/B0DQW32H2M,Amazon Estados Unidos
,B0CM8WTY86,5,Herramientas y Mejoras del Hogar,disponible,,2025-11-03T15:01:58.161Z,2025-11-03T22:28:44.410Z,583.23,$613.21,"Linterna Led Recargable 10000 Lúmenes Altos, Potente Linterna Táctica 6 Modos, Linterna LED Recargable USB-C, luz de Flash con Zoom con Función de Memoria, Linterna de Mano Para Acampar al Aire Libre",https://www.amazon.com.mx/dp/B0CM8WTY86,SRKSB LLC
,B09N9SCK81,5,Herramientas y Mejoras del Hogar,disponible,,2025-11-03T15:01:58.161Z,2025-11-03T22:28:53.693Z,2189.8,"$2,963.71","Galtlap - Juego de 2 luces de pared con interruptor regulable, luces LED de pared para recámara con lámpara de lectura, puertos USB de níquel cepillado",https://www.amazon.com.mx/dp/B09N9SCK81,Amazon Estados Unidos
,B08DNKGHH4,5,Herramientas y Mejoras del Hogar,disponible,,2025-11-03T15:01:58.161Z,2025-11-03T22:29:00.687Z,560.9,$859.17,"Muzata 20Pack Cable Railing Kit Hand Swage Threaded Stud Tensioner for 1/8"" Cable for 4x4 2x2 Wood Metal Post Deck Stair Cable Railing Hardware T316 Stainless Steel CR39 CA6",https://www.amazon.com.mx/dp/B08DNKGHH4,Amazon Estados Unidos
,B081MN7RDD,5,Herramientas y Mejoras del Hogar,disponible,,2025-11-03T15:01:58.161Z,2025-11-03T22:29:08.230Z,1622.77,"$1,622.78","PB Swiss Tools - Juego de destornilladores Phillips PB 8242.RB | 100% fabricado en Suiza | Juego de destornilladores SwissGrip de 4 piezas de colores, tamaño PH 0/1/2/3, incluyendo práctico montaje en",https://www.amazon.com.mx/dp/B081MN7RDD,OLALOOK LLC
,B081KXTF7X,5,Herramientas y Mejoras del Hogar,disponible,,2025-11-03T15:01:58.162Z,2025-11-03T22:29:16.666Z,878.87,"$1,445.54","Pynsseu - Lámpara colgante industrial estilo granja clásico, 3 unidades, acabado negro aceitado",https://www.amazon.com.mx/dp/B081KXTF7X,Amazon Estados Unidos
,B0CT7SG63F,5,Herramientas y Mejoras del Hogar,disponible,,2025-11-03T15:01:58.162Z,2025-11-03T22:29:24.414Z,505,$683.21,"ESRICH - Pinceles de pintura, 10 paquetes/100 pinceles de nailon en miniatura",https://www.amazon.com.mx/dp/B0CT7SG63F,Amazon Estados Unidos
,B09QPQN84R,5,Herramientas y Mejoras del Hogar,disponible,,2025-11-03T15:01:58.162Z,2025-11-03T22:29:32.861Z,1678.83,"$2,449.50","Pulidora inalámbrica para coche, pulidora SPTA con 2 piezas de 12 V batería recargable de litio sin escobillas con velocidad variable, pulidora portátil con kit de almohadillas de pulido para pulir/pulir/lijado",https://www.amazon.com.mx/dp/B09QPQN84R,Amazon Estados Unidos
,B0CJV2QV8C,5,Herramientas y Mejoras del Hogar,disponible,,2025-11-03T15:01:58.162Z,2025-11-03T22:29:40.769Z,312.34,$454.52,"Paquete de 2 cierres de cierre de cierre de pico de pato, cierre de caja de herramientas, cierre de caja de herramientas, cierre de palanca con orificio para candado, pestillo de cierre de pato, cierre de hebilla de cierre de caja de herramientas",https://www.amazon.com.mx/dp/B0CJV2QV8C,Amazon Estados Unidos
,B0CMT9VKVL,5,Herramientas y Mejoras del Hogar,disponible,,2025-11-03T15:01:58.162Z,2025-11-03T22:29:48.800Z,478.18,$538.18,"AOKLIT - Juego de 8 brocas de madera con vástago hexagonal de 1/4, herramienta de corte cónico recto y cónico de 1/4 pulgadas, 5/16 pulgadas, 3/8 pulgadas, 1/2 pulgadas, negro",https://www.amazon.com.mx/dp/B0CMT9VKVL,Amazon Estados Unidos
,B0C36RYL7P,5,Herramientas y Mejoras del Hogar,disponible,,2025-11-03T15:01:58.162Z,2025-11-03T22:29:57.059Z,881.88,"$1,265.74","Get It Done Tools Serie 221 85 conectores de alambre de empalme compacto surtido con funda, incluye (40x) 221-412, (29x) 221-413, (16x) 221-415, tuercas de palanca",https://www.amazon.com.mx/dp/B0C36RYL7P,Amazon Estados Unidos
,B01NGWIGXJ,5,Herramientas y Mejoras del Hogar,disponible,,2025-11-03T15:02:10.159Z,2025-11-03T22:30:04.647Z,805.26,$968.25,"Muzata - Sistema de canal LED en forma de V con lente de cubierta blanca lechosa, difusor esmerilado, perfil de extrusión de aluminio plateado para 3528,5050,5630 luces de cinta de tira V1SW 1M WW, LV1 LW1, paquete de 5 1 m/3.3 pies",https://www.amazon.com.mx/dp/B01NGWIGXJ,HNEN
,B09TVFKLXK,5,Herramientas y Mejoras del Hogar,disponible,,2025-11-03T15:02:10.159Z,2025-11-03T22:30:13.529Z,432.92,$432.92,"Luomorgo 8 tornillos de acero inoxidable de 5/8 x 2 pulgadas, para colgar marcos de fotos de acrílico, color plateado",https://www.amazon.com.mx/dp/B09TVFKLXK,SHENDULLAR LTD
,B0CR9WC4M3,5,Herramientas y Mejoras del Hogar,disponible,,2025-11-03T15:02:10.159Z,2025-11-03T22:30:21.918Z,742.12,"$1,105.61","Bola de discoteca de 10 RPM con motor y bola de espejo de 6 pulgadas, motor de discoteca con enchufe/batería con 18 abalorio LED, 4 luces de color y control remoto, para fiesta de cumpleaños, fiesta",https://www.amazon.com.mx/dp/B0CR9WC4M3,Amazon Estados Unidos
,B08R1FS382,5,Herramientas y Mejoras del Hogar,disponible,,2025-11-03T15:02:10.159Z,2025-11-03T22:30:30.517Z,495.25,$678.42,"WESTICK Azulejos de vinilo para piso de mármol blanco para despegar y pegar, impermeables, para cocina, recámara, caravana, 30.48 x 30.48 cm, 5 unidades",https://www.amazon.com.mx/dp/B08R1FS382,Amazon Estados Unidos
,B01N7AYDPV,5,Herramientas y Mejoras del Hogar,disponible,,2025-11-03T15:02:10.159Z,2025-11-03T22:30:39.141Z,679.19,$679.20,"V1RTUS Aditivo de pintura con purpurina dorada de 100 g para acrílico, látex, emulsión, uso interior y exterior, pared, techo, madera, metal, barniz, plano, mate, brillo suave o seda",https://www.amazon.com.mx/dp/B01N7AYDPV,GREENJIN
,B005EXOUL8,5,Herramientas y Mejoras del Hogar,disponible,,2025-11-03T15:02:10.159Z,2025-11-03T22:30:52.182Z,749.06,"$1,089.79","KNIPEX - Pinzas de agarre de acero inoxidable con puntas romas, 1000 V aisladas",https://www.amazon.com.mx/dp/B005EXOUL8,Amazon Estados Unidos
,B002LVUWQI,5,Herramientas y Mejoras del Hogar,disponible,,2025-11-03T15:02:10.159Z,2025-11-03T22:31:00.921Z,1563.77,"$1,637.80","Wood Is Good WD201 Maza, 20 onzas",https://www.amazon.com.mx/dp/B002LVUWQI,HNEN
,B06XCS7VM5,5,Herramientas y Mejoras del Hogar,disponible,,2025-11-03T15:02:10.160Z,2025-11-03T22:31:09.823Z,692.03,"$1,057.90",Reading Light Built-in Button Switch Minimalist Flexible Gooseneck LED Bed Lamp Headboard Wall Surface Mount for Bedroom/Living Room,https://www.amazon.com.mx/dp/B06XCS7VM5,Amazon Estados Unidos
,B0CYC5286V,5,Herramientas y Mejoras del Hogar,disponible,,2025-11-03T15:02:10.160Z,2025-11-03T22:31:17.570Z,1701.61,"$1,769.64","Rexmica - Mochila de herramientas para hombres con 3 bolsas de herramientas, bolsa organizadora de almacenamiento de herramientas resistente con soporte acolchado para hombro y cintura, bolsa de",https://www.amazon.com.mx/dp/B0CYC5286V,Lumexa Online MX
,B0BJL2G85Y,5,Herramientas y Mejoras del Hogar,disponible,,2025-11-03T15:02:10.160Z,2025-11-03T22:31:27.531Z,1256.71,"$1,342.22","Lámpara de terapia de luz 10000 Lux, lámpara de sol feliz sin rayos UV con 3 temperaturas de color, brillo ajustable, temporizador y función de memoria, lámparas de luz solar brillante, luz de",https://www.amazon.com.mx/dp/B0BJL2G85Y,NEW AGE SHOPPING
,B01I289NRM,5,Herramientas y Mejoras del Hogar,disponible,,2025-11-03T15:02:10.160Z,2025-11-03T22:31:36.390Z,928.37,$938.52,"KRT Distributions - Láminas de plomo, rollos de plomo (1/16 x 12 x 12 pulgadas)",https://www.amazon.com.mx/dp/B01I289NRM,M&H Customer Friendly Store
,B09QFH7W41,5,Herramientas y Mejoras del Hogar,disponible,,2025-11-03T15:02:10.160Z,2025-11-03T22:31:45.628Z,1102.91,"$1,311.29","Luces hexagonales, luces hexagonales sensibles al tacto, luces hexagonales para pared LED con control remoto y fuente de alimentación USB, paneles de pared de luz LED empalmables, regalo para niños y niñas, niños, adultos (6 paquetes)",https://www.amazon.com.mx/dp/B09QFH7W41,Amazon Estados Unidos
,B07FFKJVT1,5,Herramientas y Mejoras del Hogar,disponible,,2025-11-03T15:02:10.160Z,2025-11-03T22:31:54.433Z,716.22,$716.23,"Nicron N7 600 lúmenes linterna táctica, 90 grados, minilinterna impermeable IP65, LED, 4 modos, para actividades al aire libre (no incluye baterías)",https://www.amazon.com.mx/dp/B07FFKJVT1,THE ONLINE SHOPPING
,B005EXOW4S,5,Herramientas y Mejoras del Hogar,disponible,,2025-11-03T15:02:10.160Z,2025-11-03T22:32:02.386Z,3449.81,"$4,921.54","KNIPEX - Tijeras de vinilo para conductos de cable, color rojo",https://www.amazon.com.mx/dp/B005EXOW4S,Amazon Estados Unidos
,B082VGZXX1,5,Herramientas y Mejoras del Hogar,disponible,,2025-11-03T15:02:10.160Z,2025-11-03T22:32:10.120Z,3378.23,"$4,155.14","Moen Sombra Spot Resist - Pulverizador extraíble de acero inoxidable con dispensador de jabón y limpieza eléctrica, 87701SRS",https://www.amazon.com.mx/dp/B082VGZXX1,Amazon Estados Unidos
,B0BML9547P,5,Herramientas y Mejoras del Hogar,disponible,,2025-11-03T15:02:10.160Z,2025-11-03T22:32:17.086Z,1104.36,"$1,118.07","Hrensaw Caja Eléctrica para Exteriores, Resistente al Agua IP54, Resistente a la Intemperie, Protege la Toma de Corriente, Enchufe, Tira de Alimentación, Verde",https://www.amazon.com.mx/dp/B0BML9547P,SRKSB LLC
,B07Q3YV6P4,5,Herramientas y Mejoras del Hogar,disponible,,2025-11-03T15:02:19.889Z,2025-11-03T22:32:26.686Z,797.17,$814.58,Tinte para madera - Kit de 5 colores de disolvente en polvo - Kit de manchas de madera (50 gramos),https://www.amazon.com.mx/dp/B07Q3YV6P4,Abundant Peace
,B09VXZ8231,5,Herramientas y Mejoras del Hogar,disponible,,2025-11-03T15:02:19.890Z,2025-11-03T22:32:34.864Z,732.91,$789.41,"LQ-18RY - Adaptador para baterías de litio de plataforma Milwaukee M18, se adapta a herramientas inalámbricas negras y Decker de 20 V MAX (no antiguas 18 V) - Solo adaptador, rojo, 18 M-20BD",https://www.amazon.com.mx/dp/B09VXZ8231,Abundant Peace
,B081KYGNBT,5,Herramientas y Mejoras del Hogar,disponible,,2025-11-03T15:02:19.890Z,2025-11-03T22:32:43.236Z,834.19,$834.20,"Patas de muebles de madera, 4 piezas de eje de madera maciza, M8 de repuesto, con tornillo de 5/16 pulgadas, placa de montaje y tornillos para sofá, mesa de sofá, clóset, Mid-Century Modern, 4""/9cm, Glaze",https://www.amazon.com.mx/dp/B081KYGNBT,GREENJIN
,B095W7CF15,5,Herramientas y Mejoras del Hogar,disponible,,2025-11-03T15:02:19.890Z,2025-11-03T22:32:51.625Z,750.37,"$1,294.51","Lomoky Lámpara de techo de 2 luces de granja, montaje empotrado, lámpara de techo de pasillo industrial, lámpara de techo de metal negro clásico para sala de estar, cocina, recámara, certificación UL",https://www.amazon.com.mx/dp/B095W7CF15,Amazon Estados Unidos
,B095SCVXW4,5,Herramientas y Mejoras del Hogar,disponible,,2025-11-03T15:02:19.890Z,2025-11-03T22:32:59.358Z,551.49,$551.50,"2 piezas de alambre Twister, alambre de refuerzo Twister tirar de alambre Twister, herramienta de valla de torsión de alambre de metal de hormigón",https://www.amazon.com.mx/dp/B095SCVXW4,SKY STYLE LLC
,B07W4HMR43,5,Herramientas y Mejoras del Hogar,disponible,,2025-11-03T15:02:19.890Z,2025-11-03T22:33:08.166Z,1980.84,"$1,980.84","F COME 1 paquete de 1 protector de cable de goma para rampa, 1 canal, capacidad de carga, velocidad de tráfico, cable de extensión para interior y exterior",https://www.amazon.com.mx/dp/B07W4HMR43,SHENDULLAR LTD
,B07YLLBQVQ,5,Herramientas y Mejoras del Hogar,disponible,,2025-11-03T15:02:19.890Z,2025-11-03T22:33:15.430Z,699.69,$964.89,"Juego de extractor de grifos de tornillo pelado, removedor de grifos de cabeza rota de acero, acero de alta velocidad, para quitar tornillos y pernos pelados, oxidados, rotos o corroídos(#C)",https://www.amazon.com.mx/dp/B07YLLBQVQ,Amazon Estados Unidos
,B003TSS4I0,5,Herramientas y Mejoras del Hogar,disponible,,2025-11-03T15:02:19.890Z,2025-11-03T22:33:24.162Z,1887.78,"$2,165.91","Grey Pneumatic (1226 m, unidad de 26 piezas, 26 piezas, longitud profunda, métrica, juego de zócalos principales",https://www.amazon.com.mx/dp/B003TSS4I0,Amazon Estados Unidos
,B07QYQRZN2,5,Herramientas y Mejoras del Hogar,disponible,,2025-11-03T15:02:19.890Z,2025-11-03T22:33:32.072Z,5843.7,"$5,966.19","KASTFORCE KF3002 Mesa de soldadura sin óxido de 36 x 18 pulgadas, capacidad de carga de 1200 libras, mesa de trabajo universal con agujeros de 5/8 pulgadas, grosor superior de hasta 10 Ga, soporta",https://www.amazon.com.mx/dp/B07QYQRZN2,GREENJIN
,B009YGK7ZY,5,Herramientas y Mejoras del Hogar,disponible,,2025-11-03T15:02:19.890Z,2025-11-03T22:33:44.002Z,1691.78,"$1,822.38","KNIPEX - 73 71 180 Cuchillos Herramientas LP - 7371180 TwinForce Cortador diagonal de alto rendimiento con mango sumergido, rojo",https://www.amazon.com.mx/dp/B009YGK7ZY,Amazon Estados Unidos
,B0D3GW9T74,5,Herramientas y Mejoras del Hogar,disponible,,2025-11-03T15:02:19.891Z,2025-11-03T22:33:53.221Z,757.95,$808.83,"Zevanor - Velas LED impermeables sin llama de 4 x 12 pulgadas, con temporizador, funciona con pilas, velas de plástico grandes para exteriores (420 horas, paquete de 1)",https://www.amazon.com.mx/dp/B0D3GW9T74,Rendomin
,B0D1XQC6XQ,5,Herramientas y Mejoras del Hogar,disponible,,2025-11-03T15:02:19.891Z,2025-11-03T22:34:01.695Z,2522.48,"$2,522.48","BELLO YON - 6 piezas de tablero de clavijas, tablero de clavijas, paneles organizadores de pared de metal, accesorios para pantallas de montaje, kits de tableros para paredes, cochera, sala de",https://www.amazon.com.mx/dp/B0D1XQC6XQ,Corner Stone LLC
,B00042K694,5,Herramientas y Mejoras del Hogar,disponible,,2025-11-03T15:02:19.891Z,2025-11-03T22:34:08.958Z,718.61,$718.62,"Sun Company 201-F Lev-o-gage Inclinómetro | Medidor de nivel fabricado en Estados Unidos para vehículos todoterreno, Jeep, camión, RV, cámper, remolque o barco",https://www.amazon.com.mx/dp/B00042K694,GREENJIN
,B09Y8VBNRB,5,Herramientas y Mejoras del Hogar,disponible,,2025-11-03T15:02:19.891Z,2025-11-03T22:34:17.485Z,845.12,"$1,033.93","BOTEMY B9171 - Escurridor de fregadero de cocina de 3 1/2 pulgadas, kit de montaje de colador de fregadero de acero inoxidable/tapón de drenaje para agujero de drenaje americano estándar de 3.5 pulgadas (pulido)",https://www.amazon.com.mx/dp/B09Y8VBNRB,SHERIFF EXPRESS
,B09TT2XC1T,5,Herramientas y Mejoras del Hogar,disponible,,2025-11-03T15:02:19.891Z,2025-11-03T22:34:25.101Z,591.29,$854.38,"KAKICLAY - Tapón de tiro de 36 pulgadas para parte inferior de puertas y ventanas, resistente a prueba de sonido, protector de puerta de serpiente, ponderado debajo de la puerta, bloqueador de ruido,",https://www.amazon.com.mx/dp/B09TT2XC1T,Amazon Estados Unidos
,B08STRHRYY,5,Herramientas y Mejoras del Hogar,disponible,,2025-11-03T15:02:19.891Z,2025-11-03T22:34:33.383Z,647.76,$988.86,"Kit de cinta de costura para estanque, 30 pies x 3 pulgadas, cinta de butilo de doble cara, sellado o reparación de EPDM PVC HDPE LDPE RPE LLDPE, perfecto para peces pequeños o grandes y estanques Koi",https://www.amazon.com.mx/dp/B08STRHRYY,Amazon Estados Unidos
,B07WHC5P8F,5,Herramientas y Mejoras del Hogar,disponible,,2025-11-03T15:02:32.216Z,2025-11-03T22:34:40.422Z,1350.05,"$1,819.99","KIRKAS - Lámpara de lupa LED con abrazadera, 2200 lúmenes, intensidad regulable, súper brillante, espectro completo, 5 dioptrías, lente de luz de cristal, lámpara de brazo giratorio ajustable para mesa de escritorio, banco de trabajo, color negro",https://www.amazon.com.mx/dp/B07WHC5P8F,Amazon Estados Unidos
,B0CCJPF1SZ,5,Herramientas y Mejoras del Hogar,disponible,,2025-11-03T15:02:32.216Z,2025-11-03T22:34:49.013Z,462.23,$733.56,"Kofdvdz - Clavos de calibre 23, clavos sin cabeza, 10000 piezas, 5 tamaños, 2/5 a 1-3/16 pulgadas, a menudo utilizados en una variedad de paneles de madera, plástico, instalación de gabinetes terminados y producción",https://www.amazon.com.mx/dp/B0CCJPF1SZ,Amazon Estados Unidos
,B0BWD72JB3,5,Herramientas y Mejoras del Hogar,disponible,,2025-11-03T15:02:32.216Z,2025-11-03T22:34:56.743Z,562.59,$789.41,"toolant Mesh Abrasive 9 inch Drywall Sander Sandpaper, Dust-Free Hook and Loop Drywall Sanding Disc (120 grit - 10pcs)",https://www.amazon.com.mx/dp/B0BWD72JB3,Amazon Estados Unidos
,B0CH15R42K,5,Herramientas y Mejoras del Hogar,disponible,,2025-11-03T15:02:32.216Z,2025-11-03T22:35:05.205Z,1147.09,"$1,191.43","BLOFUN - Luces de proyección de luz de estrella roja y verde, 3 modos con control remoto, Halloween, Navidad, fiesta, decoración de Año Nuevo, impermeable y a prueba de heladas",https://www.amazon.com.mx/dp/B0CH15R42K,NEW AGE SHOPPING
,B0BYJ27YBZ,5,Herramientas y Mejoras del Hogar,disponible,,2025-11-03T15:02:32.216Z,2025-11-03T22:35:12.933Z,993.53,"$1,041.12","Juego de herramientas de elevación de muebles, juego de herramientas de rotación de 360° para muebles pesados, mudanzas de muebles con 5 ruedas, carga máxima de 1200 libras, para mover muebles",https://www.amazon.com.mx/dp/B0BYJ27YBZ,NEW AGE SHOPPING
,B0B289M35X,5,Herramientas y Mejoras del Hogar,disponible,,2025-11-03T15:02:32.216Z,2025-11-03T22:35:20.699Z,2751.91,"$2,837.38","Super Stars Kit de herramientas de ensanchamiento inalámbrico tipo taladro de 1/4""-3/4"", herramienta de refrigeración excéntrica de aire acondicionado HVAC de 45°",https://www.amazon.com.mx/dp/B0B289M35X,Lumexa Online MX
,B09QGJDH9K,5,Herramientas y Mejoras del Hogar,disponible,,2025-11-03T15:02:32.217Z,2025-11-03T22:35:29.666Z,740.62,$789.41,"Morcoxina Precision Screwdriver Set, 46 in 1 Mini Screwdriver, Screwdriver Bit Sets, Multifunction Precision Screwdriver Kit, Repair Tool Kit for Electronics, Computer, Eyeglass, Phone, Watch",https://www.amazon.com.mx/dp/B09QGJDH9K,Amazon Estados Unidos
,B08X6G26Q8,5,Herramientas y Mejoras del Hogar,disponible,,2025-11-03T15:02:32.217Z,2025-11-03T22:35:37.657Z,519.58,$538.18,15 unidades de 5 V 1A TP4056 módulo de carga tipo C USB 18650 cargador de batería de litio con protección (USB tipo C),https://www.amazon.com.mx/dp/B08X6G26Q8,GUTTIDIRECT
,B0816SG9Q7,5,Herramientas y Mejoras del Hogar,disponible,,2025-11-03T15:02:32.217Z,2025-11-03T22:35:46.163Z,737.24,$737.25,"Granatan Piezas de puerta de cochera para puerta de cochera, tambor de cable de hasta 8 pulgadas de alto, elevador estándar, 400-8 (par)",https://www.amazon.com.mx/dp/B0816SG9Q7,GREENJIN
,B0761K3H82,5,Herramientas y Mejoras del Hogar,disponible,,2025-11-03T15:02:32.217Z,2025-11-03T22:35:54.727Z,655.57,$808.83,"WORKPRO - Juego de destornilladores multipuntas 12 en 1, mecanismo de carga rápida con puntas de doble extremo en el mango",https://www.amazon.com.mx/dp/B0761K3H82,XXXposisyon
,B089R7XKCY,5,Herramientas y Mejoras del Hogar,disponible,,2025-11-03T15:02:32.217Z,2025-11-03T22:36:02.748Z,1662.95,"$1,662.95","Korop - 1 par de rodillos para puerta corredera eléctrica Honda Odyssey modelos años 2005-2010 Power Slide Door Roller Assembly Reemplaza # (izquierda) 72561-SHJ-A21, 924-128. (derecha) 72521-SHJ-A21, 924-129",https://www.amazon.com.mx/dp/B089R7XKCY,SHENDULLAR LTD
,B08KDF2JH2,5,Herramientas y Mejoras del Hogar,disponible,,2025-11-03T15:02:32.217Z,2025-11-03T22:36:10.462Z,662.31,$662.31,Acxico 2 piezas de motor estándar RC500-KN 13500 DC 6V-12V 5300 RPM Mini motor de husillo redondo de 32 mm,https://www.amazon.com.mx/dp/B08KDF2JH2,SHENDULLAR LTD
,B07D5B4SPN,5,Herramientas y Mejoras del Hogar,disponible,,2025-11-03T15:02:32.217Z,2025-11-03T22:36:19.176Z,936.17,$989.82,"FramePac - Clavos en V para marcos de fotos, madera dura (AMP) 7 mm (1/4 pulgadas) [Paquete de uñas 4000 V, apiladas] - (para uso en clavadora automática en V para marcos de imágenes, clavadora",https://www.amazon.com.mx/dp/B07D5B4SPN,NEW AGE SHOPPING
,B08SQKJTQ2,5,Herramientas y Mejoras del Hogar,disponible,,2025-11-03T15:02:32.217Z,2025-11-03T22:36:31.338Z,602.37,$613.45,"Biling - Bomba solar de agua para exteriores, kit de bomba solar mejorada con estaca, bomba de agua con energía solar para baño de pájaros, jardín, patio, piscina, pecera",https://www.amazon.com.mx/dp/B08SQKJTQ2,KRONOS STORE
,B0CNT296JS,5,Herramientas y Mejoras del Hogar,disponible,,2025-11-03T15:02:32.218Z,2025-11-03T22:36:40.995Z,5477.24,"$6,433.24","Cajas fuertes de pared de 33.5 pulgadas de alto entre los pernos centros de 16 pulgadas, a prueba de fuego en la pared con estante extraíble, cerradura de combinación oculta segura para dinero, joyas,",https://www.amazon.com.mx/dp/B0CNT296JS,BEFATEK
,B082MGZT54,5,Herramientas y Mejoras del Hogar,disponible,,2025-11-03T15:02:32.218Z,2025-11-03T22:36:50.104Z,823.05,$826.14,"EZlifego Cinta adhesiva de doble cara resistente (extragrande, paquete de 2, total de 396 pulgadas), cinta adhesiva de doble cara, cinta de montaje transparente para colgar fotos,",https://www.amazon.com.mx/dp/B082MGZT54,KENYAP LLC
,B0CQS8FVSK,5,Herramientas y Mejoras del Hogar,disponible,,2025-11-03T15:02:43.632Z,2025-11-03T22:36:57.737Z,8245.45,"$8,766.24","TOCHIC - Lámpara de mesa de billar estilo clásico, 3 luces de billar con visualización de tiburón estilo Tiffany, para sala de juegos, granja, hombre, cueva, club, bar, comedor, cocina, isla",https://www.amazon.com.mx/dp/B0CQS8FVSK,ARNO-STORE
,B00IG7LCX8,5,Herramientas y Mejoras del Hogar,disponible,,2025-11-03T15:02:43.632Z,2025-11-03T22:37:06.729Z,1726.65,"$1,755.26",Automotive Car Truck tools Super CHROME VANADIUN Color Coded PARALLEL PIN PUNCH,https://www.amazon.com.mx/dp/B00IG7LCX8,qiuxushenzen8511xdsw