also_appears_in,asin,batch_number,category,disponibilidad_mx,disponibilidad_usa,error_verificacion_mx,error_verificacion_usa,extracted_at,fecha_verificacion_mx,fecha_verificacion_usa,precio_actual_mx,precio_actual_usd,price,title,url_mx,url_usa,vendedor_actual_mx,vendedor_actual_usa
,B0DXPYM4N4,5,Juguetes y Juegos,disponible,disponible,,,2025-10-31T20:32:19.978Z,2025-11-01T17:35:01.358Z,2025-11-02T17:07:22.748Z,1653.48,59.99,"$1,855.90","LOTMOFUN Organizador de rompecabezas para 1000 piezas: organizador de puzles de gran capacidad con 25 bolsillos, espacio para 50 juegos de rompecabezas, a prueba de polvo y protección, accesorio ideal",https://www.amazon.com.mx/dp/B0DXPYM4N4,https://www.amazon.com/dp/B0DXPYM4N4,Ronı,GAOXINGUS
,B08S2PFX78,5,Juguetes y Juegos,disponible,no disponible,,,2025-10-31T20:32:19.978Z,2025-11-01T17:35:09.696Z,2025-11-02T17:07:29.946Z,819.28,,$820.16,"REAL LITTLES Colección de microbolsos coleccionables, 5 Bolsas exclusivas, además de 17 sorpresas de Belleza en el Interior, Multicolor (25266)",https://www.amazon.com.mx/dp/B08S2PFX78,https://www.amazon.com/dp/B08S2PFX78,SIDE SHOP,
,B0D83QF7WS,5,Juguetes y Juegos,disponible,no disponible,,,2025-10-31T20:32:19.978Z,2025-11-01T17:35:18.250Z,2025-11-02T17:07:37.653Z,972.43,,$967.36,Drinking Quest: Belch of the Wild,https://www.amazon.com.mx/dp/B0D83QF7WS,https://www.amazon.com/dp/B0D83QF7WS,SIDE SHOP,
,B0CYZNKPBM,5,Juguetes y Juegos,disponible,no disponible,,,2025-10-31T20:32:19.978Z,2025-11-01T17:35:25.011Z,2025-11-02T17:07:45.214Z,398.29,,$397.59,Pegatinas clásico,https://www.amazon.com.mx/dp/B0CYZNKPBM,https://www.amazon.com/dp/B0CYZNKPBM,Mel Trade,
Libros,B0F1SWP84L,5,Juguetes y Juegos,disponible,no disponible,,,2025-10-31T20:32:19.978Z,2025-11-01T17:35:32.995Z,2025-11-02T17:07:53.464Z,784,,$765.85,"Thenshop - Juego de 2 cuadernos de bocetos de papel negro con 12 rotuladores metálicos, bolsillo de viaje, pintura de tapa dura, cuaderno de escritura en blanco para pintores de diario (5.5 x 5.5",https://www.amazon.com.mx/dp/B0F1SWP84L,https://www.amazon.com/dp/B0F1SWP84L,XIJIANG,
,B0D98MW4KP,5,Juguetes y Juegos,disponible,no disponible,,,2025-10-31T20:32:19.978Z,2025-11-01T17:35:40.683Z,2025-11-02T17:08:01.068Z,1300.94,,"$1,275.34",Nekojima | Evita los gatos traviesos mientras construye cuidadosamente una red eléctrica japonesa | Juego de destreza para apilar y tejer | Divertido juego familiar para niños y adultos de 8 años en,https://www.amazon.com.mx/dp/B0D98MW4KP,https://www.amazon.com/dp/B0D98MW4KP,M&H Customer Friendly Store,
,B0D9ZP62TR,5,Juguetes y Juegos,disponible,no disponible,,,2025-10-31T20:32:19.978Z,2025-11-01T17:35:51.206Z,2025-11-02T17:08:09.500Z,486.91,,$650.24,"Schylling NeeDoh Nice Berg - Cubo Nice Cube Gigante, Juguete sensorial para apretar con una Textura Muy sólida, para Edades de 3 años en adelante, un Cubo",https://www.amazon.com.mx/dp/B0D9ZP62TR,https://www.amazon.com/dp/B0D9ZP62TR,Amazon Europa,
,B0DT6SPG8K,5,Juguetes y Juegos,disponible,disponible,,,2025-10-31T20:32:19.978Z,2025-11-01T17:35:59.902Z,2025-11-02T17:08:16.826Z,2199.98,79.99,"$2,207.52","UNICO Handheld Game Console, Portable Pocket Player, Pre-Loaded 40 SNK Classic Games, Including King of Fighters, Metal Slug, etc., 4"" IPS Screen, 720 * 960 Resolution, 3500mAh Rechargeable Battery",https://www.amazon.com.mx/dp/B0DT6SPG8K,https://www.amazon.com/dp/B0DT6SPG8K,BROWN LEAVES LLC,Liangjiufang
Libros,B0DHXLZ5DW,5,Juguetes y Juegos,disponible,no disponible,,,2025-10-31T20:32:19.978Z,2025-11-01T17:36:07.624Z,2025-11-02T17:08:24.982Z,505,,$507.44,"Bloc de dibujo para niños, 50 hojas, paquete de 3 libros de dibujo encuadernados en espiral a granel de 6 x 9 pulgadas, papel de dibujo para niños para lápices de colores, suministros de arte para",https://www.amazon.com.mx/dp/B0DHXLZ5DW,https://www.amazon.com/dp/B0DHXLZ5DW,XIJIANG,
,B0D3YZBDLM,5,Juguetes y Juegos,disponible,no disponible,,,2025-10-31T20:32:19.979Z,2025-11-01T17:36:14.370Z,2025-11-02T17:08:32.860Z,398.33,,$394.39,"Laackys - Velas de araña roja y azul para 4 cumpleaños, decoración de tarta de 4 cumpleaños con temática de araña, decoración de tarta de 4 cumpleaños para niños y niñas, suministros de fiesta,",https://www.amazon.com.mx/dp/B0D3YZBDLM,https://www.amazon.com/dp/B0D3YZBDLM,SIDE SHOP,
,B08TX6R4WS,5,Juguetes y Juegos,disponible,no disponible,,,2025-10-31T20:32:19.979Z,2025-11-01T17:36:22.727Z,2025-11-02T17:08:40.650Z,2414.16,,"$2,416.16",Elf Creek Games - Honey Buzz (versión Deluxe Kickstarter),https://www.amazon.com.mx/dp/B08TX6R4WS,https://www.amazon.com/dp/B08TX6R4WS,SIDE SHOP,
,B0DBLK49NY,5,Juguetes y Juegos,disponible,no disponible,,,2025-10-31T20:32:19.979Z,2025-11-01T17:36:31.197Z,2025-11-02T17:08:49.079Z,1618.54,,"$1,566.88","Montessori Espejo con barra, juguetes de pie para bebé, marco natural de fácil montaje, espejo ajustable para bebé, muebles Montessori para niños pequeños de 6 a 18 meses, natural",https://www.amazon.com.mx/dp/B0DBLK49NY,https://www.amazon.com/dp/B0DBLK49NY,SEONGSAN,
Libros,B0DHCT2XP3,5,Juguetes y Juegos,disponible,no disponible,,,2025-10-31T20:32:19.979Z,2025-11-01T17:36:40.338Z,2025-11-02T17:08:57.374Z,787,,$818.85,"OIHEW - Juego de 2 diarios para niñas de 8 a 14 años/adolescentes/tetinas, papelería | cuaderno de recortes, diario, suministros de manualidades, juego de juguetes, Navidad, regalo de cumpleaños para",https://www.amazon.com.mx/dp/B0DHCT2XP3,https://www.amazon.com/dp/B0DHCT2XP3,XIJIANG,
,B0DSSBC79H,5,Juguetes y Juegos,disponible,disponible,,,2025-10-31T20:32:19.979Z,2025-11-01T17:36:47.506Z,2025-11-02T17:09:05.744Z,635.96,14.99,$632.65,"Supmay Hard Carrying Case for RG35XXSP Retro Handheld Game Console, Retro Game Travel Storage Holder with Mesh Bag for SD Card, USB Charging Cable, User Manual, Red",https://www.amazon.com.mx/dp/B0DSSBC79H,https://www.amazon.com/dp/B0DSSBC79H,SIDE SHOP,Supmay
,B0DSWVM4TW,5,Juguetes y Juegos,disponible,disponible,,,2025-10-31T20:32:19.979Z,2025-11-01T17:36:55.558Z,2025-11-02T17:09:13.481Z,1119.42,29.99,"$1,113.58","Disney Store - cifras de acción oficiales de Forky Talking de Toy Story, cuenta con sonidos y frases de las películas, interactúa con otras cifras y juguetes",https://www.amazon.com.mx/dp/B0DSWVM4TW,https://www.amazon.com/dp/B0DSWVM4TW,SIDE SHOP,Disney Store
Libros,B0DH34GXQ6,5,Juguetes y Juegos,disponible,disponible,,,2025-10-31T20:32:19.979Z,2025-11-01T17:37:03.360Z,2025-11-02T17:09:22.570Z,1296,37.99,"$1,300.99","Seek & Succeed DIY - Kit de diario para adolescentes (13-18) - Diario interactivo de bienestar para el crecimiento emocional, un regalo de cumpleaños y kit de arte para construir confianza",https://www.amazon.com.mx/dp/B0DH34GXQ6,https://www.amazon.com/dp/B0DH34GXQ6,NEW AGE SHOPPING,Seek & Succeed
,B088C3FFRJ,5,Juguetes y Juegos,disponible,no disponible,,,2025-10-31T20:32:29.072Z,2025-11-01T17:37:10.006Z,2025-11-02T17:09:30.400Z,1542.84,,"$1,574.42","Megwoz - Juego gigante de torre para niños y adultos, 57 bloques de madera de pino de Nueva Zelanda apilables a más de 4.2 pies juegos familiares para interiores y exteriores, juegos de patio para",https://www.amazon.com.mx/dp/B088C3FFRJ,https://www.amazon.com/dp/B088C3FFRJ,M&H Customer Friendly Store,
,B0DYTXWPF3,5,Juguetes y Juegos,disponible,disponible,,,2025-10-31T20:32:29.072Z,2025-11-01T17:37:18.367Z,2025-11-02T17:09:38.475Z,774.45,21.99,$770.42,"ANIXITECH 300 Slots Game Card Holder Binder for Animal Crossing ACNH, Mini Cards Storage Organizer with Sleeves Compatible PS Vita, SD Memory Cards, Portable Card Album Book (White)",https://www.amazon.com.mx/dp/B0DYTXWPF3,https://www.amazon.com/dp/B0DYTXWPF3,SIDE SHOP,ANIXITECH
,B001TNR7VM,5,Juguetes y Juegos,disponible,no disponible,,,2025-10-31T20:32:29.072Z,2025-11-01T17:37:26.220Z,2025-11-02T17:09:46.050Z,515.15,,$512.47,General Pencil Company The Masters Brush Cleaner & Preserver 1 Oz.,https://www.amazon.com.mx/dp/B001TNR7VM,https://www.amazon.com/dp/B001TNR7VM,SIDE SHOP,
Libros,B0DD7P3QYW,5,Juguetes y Juegos,disponible,disponible,,,2025-10-31T20:32:29.072Z,2025-11-01T17:37:34.782Z,2025-11-02T17:09:54.105Z,712,18.99,$746.88,"30 libros de pasaporte en blanco, diario de viaje, cuaderno de pasaporte azul para niños, incluye calcomanías y sellos para fiestas temáticas escolares y actividades de simulación de viajes del mundo",https://www.amazon.com.mx/dp/B0DD7P3QYW,https://www.amazon.com/dp/B0DD7P3QYW,XIJIANG,Llamau-US
,B0CV3KSKXS,5,Juguetes y Juegos,disponible,no disponible,,,2025-10-31T20:32:29.072Z,2025-11-01T17:37:47.847Z,2025-11-02T17:10:06.622Z,611.85,,$608.66,PullCrease Axolotl - Decoración de fiesta de cumpleaños de 34 pulgadas con papel de aluminio Axolotl - Globos inflables para fiesta de verano para regalo temático de playa (rosa),https://www.amazon.com.mx/dp/B0CV3KSKXS,https://www.amazon.com/dp/B0CV3KSKXS,SIDE SHOP,
,B0CB7P4R9N,5,Juguetes y Juegos,disponible,no disponible,,,2025-10-31T20:32:29.072Z,2025-11-01T17:37:56.078Z,2025-11-02T17:10:15.473Z,1225.81,,"$1,178.01",Mentari - Juego de maquillaje Bunny (MT7932),https://www.amazon.com.mx/dp/B0CB7P4R9N,https://www.amazon.com/dp/B0CB7P4R9N,QIANTANG,
,B0CSN8P86Z,5,Juguetes y Juegos,disponible,no disponible,,,2025-10-31T20:32:29.072Z,2025-11-01T17:38:04.205Z,2025-11-02T17:10:23.138Z,3981.57,,"$4,168.06","Pikler Triangle Set with Cushion Large, 5 in 1 Montessori Foldable Climbing Set, Climbing Indoor Playground Set for Toddlers, Wooden Climbing Toys with Ramp and Arch Climber for Kids (Wooden Color)",https://www.amazon.com.mx/dp/B0CSN8P86Z,https://www.amazon.com/dp/B0CSN8P86Z,Meka Storee,
Libros,B0D2WSTPKJ,5,Juguetes y Juegos,disponible,disponible,,,2025-10-31T20:32:29.073Z,2025-11-01T17:38:11.545Z,2025-11-02T17:10:30.820Z,824,15.19,$772.89,"Kit de diario para niñas, 7 8 9 10 años, regalo ideal para adolescentes y adolescentes de 7 a 14, 74 piezas, kit de manualidades de diario, suministros de diario y juego de papelería",https://www.amazon.com.mx/dp/B0D2WSTPKJ,https://www.amazon.com/dp/B0D2WSTPKJ,Mel Trade,NOWRICH Official
,B0D2XJJYF4,5,Juguetes y Juegos,disponible,no disponible,,,2025-10-31T20:32:29.073Z,2025-11-01T17:38:19.921Z,2025-11-02T17:10:38.794Z,749.66,,$748.55,"Extintor de revelación de género, paquete de 2 ideas de revelación de género para bebé, decoración de fiesta, biodegradable, revelación de género (mediano)",https://www.amazon.com.mx/dp/B0D2XJJYF4,https://www.amazon.com/dp/B0D2XJJYF4,Abundant Peace,
,B083DYKLGV,5,Juguetes y Juegos,disponible,disponible,,,2025-10-31T20:32:29.073Z,2025-11-01T17:38:28.219Z,2025-11-02T17:10:46.751Z,709.52,11.99,$708.82,"Hermitshell - Funda rígida de viaje para personas malas, el juego de fiesta salvaje que probablemente no deberías jugar + el paquete de expansión brutal NSFW",https://www.amazon.com.mx/dp/B083DYKLGV,https://www.amazon.com/dp/B083DYKLGV,ProductosTX ⭐ ⭐ ⭐ ⭐ ⭐,HermitShell Case
,B0BNDRQGDY,5,Juguetes y Juegos,disponible,no disponible,,,2025-10-31T20:32:29.073Z,2025-11-01T17:38:35.596Z,2025-11-02T17:10:54.230Z,754.93,,$752.37,"Hoarosall Tablero ocupado de dinosaurio con 8 interruptores de luz LED, tablero ocupado Montessori para niños pequeños, juguetes sensoriales Montessori para bebés de más de 1 año, niño pequeño Azul",https://www.amazon.com.mx/dp/B0BNDRQGDY,https://www.amazon.com/dp/B0BNDRQGDY,SRKSB LLC,
Libros,B0CX8K2LXY,5,Juguetes y Juegos,disponible,no disponible,,,2025-10-31T20:32:29.073Z,2025-11-01T17:38:44.489Z,2025-11-02T17:11:01.569Z,678,,$699.13,"Diario con candado para niñas de 8 a 12 años, regalos de cumpleaños para adolescentes, diario para niños, diario cerrado para niñas, diario de regreso a la escuela, regalos para niñas de 8, 9, 10, 11",https://www.amazon.com.mx/dp/B0CX8K2LXY,https://www.amazon.com/dp/B0CX8K2LXY,XIJIANG,
,B0CR17LC47,5,Juguetes y Juegos,disponible,no disponible,,,2025-10-31T20:32:29.073Z,2025-11-01T17:38:52.341Z,2025-11-02T17:11:09.430Z,515.61,,$512.93,Carcasa compatible con Ouzhimanxing_M870 Toy Foam Blaster,https://www.amazon.com.mx/dp/B0CR17LC47,https://www.amazon.com/dp/B0CR17LC47,SIDE SHOP,
Libros,B0CX58GH5B,5,Juguetes y Juegos,disponible,no disponible,,,2025-10-31T20:32:29.073Z,2025-11-01T17:39:00.645Z,2025-11-02T17:11:17.007Z,555,,$518.63,"Libros para colorear para adultos, libro de colorear para mujeres, en espiral, diseño de una cara, regalos de arte y manualidades para mujeres para relajarse, ansiedad y depresión, 30 coloridas",https://www.amazon.com.mx/dp/B0CX58GH5B,https://www.amazon.com/dp/B0CX58GH5B,ALITTA,
,B0DZXZRB2Y,5,Juguetes y Juegos,disponible,no disponible,,,2025-10-31T20:32:29.074Z,2025-11-01T17:39:09.385Z,2025-11-02T17:11:24.462Z,508.23,,$512.93,"Globos cuadrados de aluminio de pared de globo de color negro, 25 globos cuadrados de doble cara con lazos para graduación, cumpleaños, baby shower, novia, fiesta, decoración de arco",https://www.amazon.com.mx/dp/B0DZXZRB2Y,https://www.amazon.com/dp/B0DZXZRB2Y,SRKSB LLC,
Libros,B0CX58566D,5,Juguetes y Juegos,disponible,no disponible,,,2025-10-31T20:32:29.074Z,2025-11-01T17:39:18.411Z,2025-11-02T17:11:33.330Z,533,,$493.80,"ADEVIAN Coloring Books for Adult Coloring Book for Women Spiral Bound Page One Sided Design Gifts Arts and Crafts for Women to Relax, Anxiety and Depression 30 Colorful Coloring Pages of THE ENCHANTED COTTAGE",https://www.amazon.com.mx/dp/B0CX58566D,https://www.amazon.com/dp/B0CX58566D,Mel Trade,
,B0D626WLYC,5,Juguetes y Juegos,disponible,disponible,,,2025-10-31T20:32:40.463Z,2025-11-01T17:39:26.077Z,2025-11-02T17:11:41.578Z,1638.3,52.99,"$1,712.87","Shinylin 96 piezas de suministros para fiestas de pijamas de spa, a granel, incluye juego de cuencos para mezclar mascarillas faciales, espejo, diadema, coleteros, bolsas de cosméticos, paños de",https://www.amazon.com.mx/dp/B0D626WLYC,https://www.amazon.com/dp/B0D626WLYC,BS-SHOPPING,Rhygdom
,B0D8J96GXW,5,Juguetes y Juegos,disponible,disponible,,,2025-10-31T20:32:40.464Z,2025-11-01T17:39:33.899Z,2025-11-02T17:11:49.178Z,828.43,22.99,$824.11,"APENGBAOL - Juego de bloques de construcción Iron Man, reactor de arco, incluye manual de instrucciones, adecuado para todas las edades",https://www.amazon.com.mx/dp/B0D8J96GXW,https://www.amazon.com/dp/B0D8J96GXW,SIDE SHOP,jieyangshichuanjiumaoyiyouxiangongsi
Libros,B0C9H8JH42,5,Juguetes y Juegos,disponible,no disponible,,,2025-10-31T20:32:40.464Z,2025-11-01T17:39:42.930Z,2025-11-02T17:11:56.292Z,780.55,,$779.85,"Kit de diario de bricolaje para niñas, 78 piezas de diario para adolescentes y adolescentes, kit de manualidades de diario, libro de recortes y suministros de diario, juego de papelería, regalo ideal para niñas de 8, 9, 10, 11 años (azul)",https://www.amazon.com.mx/dp/B0C9H8JH42,https://www.amazon.com/dp/B0C9H8JH42,SRKSB LLC,
,B0D3GXVVDY,5,Juguetes y Juegos,disponible,disponible,,,2025-10-31T20:32:40.464Z,2025-11-01T17:39:51.217Z,2025-11-02T17:12:03.444Z,1432.46,41.99,"$1,425.00","CUBIMANA Grandes juguetes de construcción de aviones urbanos con luz LED, juego de construcción de aviones con 2 camiones para equipaje, terminal, torre de radar, regalos para niños y niñas (901",https://www.amazon.com.mx/dp/B0D3GXVVDY,https://www.amazon.com/dp/B0D3GXVVDY,SIDE SHOP,RBS Toys
,B0B1HXCSQF,5,Juguetes y Juegos,disponible,no disponible,,,2025-10-31T20:32:40.464Z,2025-11-01T17:39:59.966Z,2025-11-02T17:12:11.813Z,1041.51,,"$1,028.74","June Garden 15.5"" Dressy Friends Terry - Muñeco de Peluche Educativo para Niños y Niñas de 2 años en adelante - Juguete Suave con Hebillas Montessori",https://www.amazon.com.mx/dp/B0B1HXCSQF,https://www.amazon.com/dp/B0B1HXCSQF,GREENJIN,
,B0C7HDNPP6,5,Juguetes y Juegos,disponible,disponible,,,2025-10-31T20:32:40.464Z,2025-11-01T17:40:09.119Z,2025-11-02T17:12:19.196Z,591.74,12.99,$584.67,"Weecent - 24 cuadernos de recuerdos de fiesta de pata de perro para niños, cachorros, animales, cuadernos de bolsillo en espiral, suministros de recompensas para cumpleaños, profesores, aula,",https://www.amazon.com.mx/dp/B0C7HDNPP6,https://www.amazon.com/dp/B0C7HDNPP6,XIJIANG,Weecent us
,B0CY5G5N3R,5,Juguetes y Juegos,disponible,no disponible,,,2025-10-31T20:32:40.464Z,2025-11-01T17:40:16.653Z,2025-11-02T17:12:26.273Z,635.96,,$632.65,"Twice Merch - Decoraciones para fiestas que incluyen pancartas de feliz cumpleaños, decoración de tartas, adornos para magdalenas, globos",https://www.amazon.com.mx/dp/B0CY5G5N3R,https://www.amazon.com/dp/B0CY5G5N3R,SIDE SHOP,
,B0BYHVKRD2,5,Juguetes y Juegos,disponible,disponible,,,2025-10-31T20:32:40.464Z,2025-11-01T17:40:24.319Z,2025-11-02T17:12:34.529Z,126,9.99,$529.59,"Luolizon Diario de zorro para niñas con cerradura y llaves, lindo diario para niños, cuaderno esponjoso para escribir dibujo, juego de regalo con bolígrafo multicolor, 160 páginas",https://www.amazon.com.mx/dp/B0BYHVKRD2,https://www.amazon.com/dp/B0BYHVKRD2,,ya zhong
,B0D4PJ7S7N,5,Juguetes y Juegos,disponible,no disponible,,,2025-10-31T20:32:40.464Z,2025-11-01T17:40:36.442Z,2025-11-02T17:12:47.626Z,440.49,,$441.18,"Awenztech - Juego de 120 globos de látex rosa intenso, 18, 12, 10, 5 pulgadas, globos de látex rosa intenso, diferentes tamaños, guirnalda de globos para compromiso, despedida de soltera, decoración",https://www.amazon.com.mx/dp/B0D4PJ7S7N,https://www.amazon.com/dp/B0D4PJ7S7N,SRKSB LLC,
,B0CCPF57LN,5,Juguetes y Juegos,disponible,no disponible,,,2025-10-31T20:32:40.465Z,2025-11-01T17:40:45.505Z,2025-11-02T17:12:55.079Z,881.86,,$890.59,"Hitster - Juego de mesa The Music Party, juego de cartas, divertido juego de concursos de música, 2 a 10 jugadores, más de 300 éxitos musicales icónicos, ideal para noches de juegos, citas nocturnas",https://www.amazon.com.mx/dp/B0CCPF57LN,https://www.amazon.com/dp/B0CCPF57LN,DUKKI LLC,
Libros,B09XWVFRZM,5,Juguetes y Juegos,disponible,disponible,,,2025-10-31T20:32:40.465Z,2025-11-01T17:40:54.711Z,2025-11-02T17:13:03.183Z,644,11.99,$617.25,"Luolizon - Diario para gatos con candado para niñas, juego de regalo para escribir y dibujar, diario secreto de felpa con 160 páginas",https://www.amazon.com.mx/dp/B09XWVFRZM,https://www.amazon.com/dp/B09XWVFRZM,XIJIANG,ya zhong
,B0D3D2MDJS,5,Juguetes y Juegos,disponible,no disponible,,,2025-10-31T20:32:40.465Z,2025-11-01T17:41:02.200Z,2025-11-02T17:13:11.477Z,1511.12,,"$1,499.71","Juego de 300 fichas de póquer con denominaciones, juego de fichas de póquer numeradas para Texas Holdem, fichas de casino profesionales, arcilla de 11.5 gramos con funda de aluminio para Texas Hold'em",https://www.amazon.com.mx/dp/B0D3D2MDJS,https://www.amazon.com/dp/B0D3D2MDJS,Lumexa Online MX,
,B0D96SPW23,5,Juguetes y Juegos,disponible,no disponible,,,2025-10-31T20:32:40.465Z,2025-11-01T17:41:10.472Z,2025-11-02T17:13:19.137Z,768.95,,$713.07,"Flo-Magic - Juego de plantillas de marcador de aerógrafo encantado, unicornio, sirena, delfín, lavable, no tóxico, recargable, kit de manualidades para niños de 5, 6, 7, 8, 9 y 10 años",https://www.amazon.com.mx/dp/B0D96SPW23,https://www.amazon.com/dp/B0D96SPW23,GUTTIDIRECT,
,B0DCGMJCNK,5,Juguetes y Juegos,disponible,disponible,,,2025-10-31T20:32:40.465Z,2025-11-01T17:41:19.075Z,2025-11-02T17:13:26.078Z,929.53,23.99,$918.47,"Booba - Juguete de peluche de 12 pulgadas, personaje oficial de dibujos animados de The Hit TV Series - Regalo de peluche suave para niños, niños y niñas, figura de peluche coleccionable para jugar",https://www.amazon.com.mx/dp/B0DCGMJCNK,https://www.amazon.com/dp/B0DCGMJCNK,MYSILKROAD LLC,SuperToons Shop
,B0DH8N1B4J,5,Juguetes y Juegos,disponible,no disponible,,,2025-10-31T20:32:40.465Z,2025-11-01T17:41:27.732Z,2025-11-02T17:13:33.270Z,1553.5,,"$1,545.40","Vitrina para cochera y caja de cerillas con luz LED, escala 1/64 de juguete fundido a presión, caja de almacenamiento para ruedas calientes, cochera de estacionamiento Diorama con 4 niveles máximo 58",https://www.amazon.com.mx/dp/B0DH8N1B4J,https://www.amazon.com/dp/B0DH8N1B4J,SIDE SHOP,
,B09CTLP1L2,5,Juguetes y Juegos,disponible,no disponible,,,2025-10-31T20:32:40.465Z,2025-11-01T17:41:36.399Z,2025-11-02T17:13:41.519Z,553.5,,$591.29,Disney - Muñeca clásica Raya — Raya y el último dragón — 11 ½ pulgadas,https://www.amazon.com.mx/dp/B09CTLP1L2,https://www.amazon.com/dp/B09CTLP1L2,KODA STORE,
,B0CGRD8T3W,5,Juguetes y Juegos,disponible,no disponible,,,2025-10-31T20:32:56.538Z,2025-11-01T17:41:44.711Z,2025-11-02T17:13:50.307Z,678.68,,$675.14,"DNB - Juego de 8 soportes de madera para dominó, 3 ranuras por soporte, dominó no incluido",https://www.amazon.com.mx/dp/B0CGRD8T3W,https://www.amazon.com/dp/B0CGRD8T3W,SIDE SHOP,
,B0DPJJM7P2,5,Juguetes y Juegos,disponible,no disponible,,,2025-10-31T20:32:56.538Z,2025-11-01T17:41:53.613Z,2025-11-02T17:13:57.624Z,1006.93,,"$1,006.23","DISNEY STORE - Juego de 2 cifras oficiales de Moana – 7 cifras de Disney totalmente esculpidas incluyendo Moana, Simea, Maui, Pua con Heihei, Matangi, Loto y Moni con fondos escénicos",https://www.amazon.com.mx/dp/B0DPJJM7P2,https://www.amazon.com/dp/B0DPJJM7P2,SRKSB LLC,
,B0BRCHPHXJ,5,Juguetes y Juegos,disponible,disponible,,,2025-10-31T20:32:56.538Z,2025-11-01T17:42:02.783Z,2025-11-02T17:14:05.041Z,1216.57,31.99,"$1,210.23","Anbalulu - Azulejos magnéticos para construcción, 134 piezas de imán grande, bloques magnéticos, juguetes apilables 3D STEM para niños, niñas",https://www.amazon.com.mx/dp/B0BRCHPHXJ,https://www.amazon.com/dp/B0BRCHPHXJ,SIDE SHOP,Anbalulu
,B0D5M186MQ,5,Juguetes y Juegos,disponible,no disponible,,,2025-10-31T20:32:56.538Z,2025-11-01T17:42:11.621Z,2025-11-02T17:14:13.366Z,757.24,,$757.35,MINIX Figura de 12 cm – Maradona – Century Goal,https://www.amazon.com.mx/dp/B0D5M186MQ,https://www.amazon.com/dp/B0D5M186MQ,DUKKI LLC,
,B0CQYZVJ3R,5,Juguetes y Juegos,disponible,disponible,,,2025-10-31T20:32:56.538Z,2025-11-01T17:42:18.643Z,2025-11-02T17:14:20.904Z,475.13,8.29,$472.26,"Kit de globos de mouse de dibujos animados, guirnalda de arco, globos de confeti rojo negro amarillo para dibujos animados temáticos de mouse, suministros de fiesta de cumpleaños para niños y niñas",https://www.amazon.com.mx/dp/B0CQYZVJ3R,https://www.amazon.com/dp/B0CQYZVJ3R,Corner Stone LLC,Yuwasai
,B0FC216KM6,5,Juguetes y Juegos,disponible,disponible,,,2025-10-31T20:32:56.539Z,2025-11-01T17:42:26.905Z,2025-11-02T17:14:29.472Z,515.61,9.99,$512.93,"37 decoraciones de fiesta de cumpleaños de Hibachi, estilo japonés, decoración de fiesta con 1 decoración para tartas y 36 adornos para cupcakes para cumpleaños de anime, fiestas temáticas asiáticas",https://www.amazon.com.mx/dp/B0FC216KM6,https://www.amazon.com/dp/B0FC216KM6,SIDE SHOP,Qitai Store
,B0DWMQNJFM,5,Juguetes y Juegos,disponible,no disponible,,,2025-10-31T20:32:56.539Z,2025-11-01T17:42:34.867Z,2025-11-02T17:14:38.242Z,1965.8,,"$1,968.08",HOYOVERSE Honkai: Star Rail GSC - Figura nendoroide - Dan Heng,https://www.amazon.com.mx/dp/B0DWMQNJFM,https://www.amazon.com/dp/B0DWMQNJFM,QIANTANG,
,B09XHZD4SM,5,Juguetes y Juegos,disponible,disponible,,,2025-10-31T20:32:56.539Z,2025-11-01T17:42:44.044Z,2025-11-02T17:14:45.975Z,697.93,16.99,$699.13,"Wood Homing - 51 decoraciones de fiesta de cumpleaños de cholo, kit de fiesta de principios de la década de 2000 para adolescentes, globos temáticos de cholo negro de la vieja escuela, pancarta de",https://www.amazon.com.mx/dp/B09XHZD4SM,https://www.amazon.com/dp/B09XHZD4SM,SOCIALBOOSTI LLC,Wood Homing
,B0DZ6JFTHY,5,Juguetes y Juegos,disponible,no disponible,,,2025-10-31T20:32:56.539Z,2025-11-01T17:42:53.306Z,2025-11-02T17:14:53.808Z,1326.27,,"$1,319.33","Hahafelt - Tablero de dardos de grano de madera, protectores de pared, tablero de dardos, tablero de dardos, tablero de dardos, tablero de diana, tablero de corcho, alternativa",https://www.amazon.com.mx/dp/B0DZ6JFTHY,https://www.amazon.com/dp/B0DZ6JFTHY,SIDE SHOP,
,B0BQWYCSLL,5,Juguetes y Juegos,disponible,no disponible,,,2025-10-31T20:32:56.539Z,2025-11-01T17:43:00.921Z,2025-11-02T17:15:01.676Z,1035.13,,"$1,029.73","Disney Pocahontas - Mu eca de peluche, Pocahontas, princesa, tienda oficial, adorables peluches y regalos, regalo perfecto para ni os, mediano de 14 pulgadas, edad 0 +",https://www.amazon.com.mx/dp/B0BQWYCSLL,https://www.amazon.com/dp/B0BQWYCSLL,SIDE SHOP,
,B0D5XHNPH1,5,Juguetes y Juegos,disponible,no disponible,,,2025-10-31T20:32:56.539Z,2025-11-01T17:43:10.888Z,2025-11-02T17:15:10.381Z,686.82,,$699.13,"Juguetes Montessori para niños pequeños, juguetes para bebés de 0 a 6 a 12 meses, caja de pañuelos de madera de 1 año para aprendizaje educativo con pañuelos de tela, regalos para niños y niñas para",https://www.amazon.com.mx/dp/B0D5XHNPH1,https://www.amazon.com/dp/B0D5XHNPH1,Rendomin,
,B0CVQJYJ7Q,5,Juguetes y Juegos,disponible,no disponible,,,2025-10-31T20:32:56.539Z,2025-11-01T17:43:18.839Z,2025-11-02T17:15:18.218Z,1484.89,,"$1,399.18","MUKSSE - Juego grande de 20 cifras de acción Omnitrix, juguetes exclusivos de colección, cifras de personajes de anime con decoración de pasteles, decoración de fiesta temática de héroe alienígena,",https://www.amazon.com.mx/dp/B0CVQJYJ7Q,https://www.amazon.com/dp/B0CVQJYJ7Q,SEONGSAN,
,B0DRV7DM3X,5,Juguetes y Juegos,disponible,no disponible,,,2025-10-31T20:32:56.539Z,2025-11-01T17:43:31.397Z,2025-11-02T17:15:30.579Z,652.63,,$651.15,"Paquete de 3 unidades de slime azul para niños: incluye slime transparente, waterslime y masilla crujiente con perlas, diversión y sentido, juego de limo para niñas y niños, regalos de fiesta",https://www.amazon.com.mx/dp/B0DRV7DM3X,https://www.amazon.com/dp/B0DRV7DM3X,M&H Customer Friendly Store,
,B0F3BPZHC8,5,Juguetes y Juegos,disponible,no disponible,,,2025-10-31T20:32:56.539Z,2025-11-01T17:43:40.482Z,2025-11-02T17:15:39.125Z,525.91,,$525.78,"30 globos de látex para camión de basura, decoración de cumpleaños, reciclaje de basura, globos de gestión de residuos, suministros para fiestas de baby shower, suministros para fiestas de camión de",https://www.amazon.com.mx/dp/B0F3BPZHC8,https://www.amazon.com/dp/B0F3BPZHC8,BaskaStore,
,B0CFD47JSN,5,Juguetes y Juegos,disponible,no disponible,,,2025-10-31T20:32:56.540Z,2025-11-01T17:43:49.387Z,2025-11-02T17:15:46.881Z,1163.98,,"$1,157.91","HOROW Juego de carreras de caballos – Juego de mesa de carreras de caballos de madera con 11 caballos de metal de lujo, 2 dados y 2 tarjetas, estratégico de ritmo rápido para la noche familiar y",https://www.amazon.com.mx/dp/B0CFD47JSN,https://www.amazon.com/dp/B0CFD47JSN,SIDE SHOP,
,B0DT5QJWRM,5,Juguetes y Juegos,disponible,no disponible,,,2025-10-31T20:32:56.540Z,2025-11-01T17:43:58.250Z,2025-11-02T17:15:55.312Z,1565.67,,"$1,558.88","WDXDSOB - Animal de peluche gigante de vaca montañosa de 38.5 pulgadas, color café, almohada de vaca grande, regalo para niños y adultos, decoración de sofá y cama",https://www.amazon.com.mx/dp/B0DT5QJWRM,https://www.amazon.com/dp/B0DT5QJWRM,SRKSB LLC,
,B0D541MGR1,5,Juguetes y Juegos,disponible,disponible,,,2025-10-31T20:33:11.532Z,2025-11-01T17:44:06.280Z,2025-11-02T17:16:02.450Z,923.51,26.99,$872.09,"Spaciolo Horror Halloween Toy Building Set, Night Before Christmas Jack and The Mayor of Halloween Town, Mayor-Mobile, Creative Buildable Toy Kit Gifts for Movie Fans Friends Kids, 324PCS",https://www.amazon.com.mx/dp/B0D541MGR1,https://www.amazon.com/dp/B0D541MGR1,SRKSB LLC,Lango online
,B00LFMUHI2,5,Juguetes y Juegos,disponible,no disponible,,,2025-10-31T20:33:11.532Z,2025-11-01T17:44:15.042Z,2025-11-02T17:16:10.604Z,767.56,,$763.10,Paquete doble de cera de tejo Sun-Glo #5 Speed,https://www.amazon.com.mx/dp/B00LFMUHI2,https://www.amazon.com/dp/B00LFMUHI2,SIDE SHOP,
,B0CBB7QTJQ,5,Juguetes y Juegos,disponible,no disponible,,,2025-10-31T20:33:11.532Z,2025-11-01T17:44:22.845Z,2025-11-02T17:16:18.762Z,692.81,,$699.13,"Tabla magnética acrílica para múltiples niños, tabla de responsabilidad de recompensas de comportamiento, tabla de tareas para adolescentes, 2 tablas de borrado en seco con 6 marcadores y almohadilla",https://www.amazon.com.mx/dp/B0CBB7QTJQ,https://www.amazon.com/dp/B0CBB7QTJQ,Abundant Peace,
,B0DMFSBQDX,5,Juguetes y Juegos,disponible,no disponible,,,2025-10-31T20:33:11.532Z,2025-11-01T17:44:31.674Z,2025-11-02T17:16:26.125Z,728.24,,$728.38,"JIENSA Sprunki - Caja misteriosa de figuras de acción, caja misteriosa Sprunki (paquete de 10)",https://www.amazon.com.mx/dp/B0DMFSBQDX,https://www.amazon.com/dp/B0DMFSBQDX,SRKSB LLC,
,B089VZGHLF,5,Juguetes y Juegos,disponible,no disponible,,,2025-10-31T20:33:11.532Z,2025-11-01T17:44:40.721Z,2025-11-02T17:16:33.887Z,1284.67,,"$1,292.71","Island Falls Home - Kit de jardín Zen de 11 x 8 Pulgadas Hermoso Juego de Regalo de Mini Roca con decoración Japonesa para el hogar, computadora de Oficina. Zen Sand Garden, 6 Herramientas, 15",https://www.amazon.com.mx/dp/B089VZGHLF,https://www.amazon.com/dp/B089VZGHLF,Lumexa Online MX,
,B0DSFVJ27S,5,Juguetes y Juegos,disponible,disponible,,,2025-10-31T20:33:11.533Z,2025-11-01T17:44:50.563Z,2025-11-02T17:16:41.953Z,1096.22,26.99,"$1,090.51","6 juegos de premios de baby shower para ganadores de juegos, vela suculenta, vaso de doble pared, posavasos de corcho con corazón, bolígrafo aislado, banda de pelo, bolsa de regalo, regalo de juego de",https://www.amazon.com.mx/dp/B0DSFVJ27S,https://www.amazon.com/dp/B0DSFVJ27S,SIDE SHOP,WAYASDCU
,B0DRYSVFSW,5,Juguetes y Juegos,disponible,disponible,,,2025-10-31T20:33:11.533Z,2025-11-01T17:44:57.964Z,2025-11-02T17:16:50.313Z,1838.57,65.99,"$1,807.10","Treestone - Tienda de campaña para niños de 2 puertas con alfombrilla acolchada y luz, tienda de campaña grande para niños con 4 ventanas, casa de juegos para niños al aire última intervensión e",https://www.amazon.com.mx/dp/B0DRYSVFSW,https://www.amazon.com/dp/B0DRYSVFSW,M&H Customer Friendly Store,Kiddo Outdoors
,B0DL9FX839,5,Juguetes y Juegos,disponible,disponible,,,2025-10-31T20:33:11.533Z,2025-11-01T17:45:05.843Z,2025-11-02T17:16:57.133Z,1397.27,45.99,"$1,436.88","RoundFunny - 6 juguetes de animales de granja de 7 pulgadas, caballos de oveja, pato, cerdo, animales de peluche grandes a granel para bosques, baby showers, decoración de fiestas, regalos de",https://www.amazon.com.mx/dp/B0DL9FX839,https://www.amazon.com/dp/B0DL9FX839,FAHA ST,QiuingRain
,B08ZS3V91Z,5,Juguetes y Juegos,disponible,disponible,,,2025-10-31T20:33:11.533Z,2025-11-01T17:45:15.516Z,2025-11-02T17:17:05.497Z,1015.62,29.85,"$1,006.89","Mingshao La Espada de los Omens The Deluxe Thunder on Cats The Lion - Hoja de réplica de león con vaina de plástico, plata, plateado, Medium",https://www.amazon.com.mx/dp/B08ZS3V91Z,https://www.amazon.com/dp/B08ZS3V91Z,GUTTIDIRECT,Otakumod
,B07VV2KX19,5,Juguetes y Juegos,disponible,no disponible,,,2025-10-31T20:33:11.533Z,2025-11-01T17:45:22.990Z,2025-11-02T17:17:12.511Z,467.81,,$464.95,Annietfr Left Centre Right Dice Game Set with 3 Dices + 36 Chips - (Green Chips),https://www.amazon.com.mx/dp/B07VV2KX19,https://www.amazon.com/dp/B07VV2KX19,Corner Stone LLC,
,B0DGL3QHF7,5,Juguetes y Juegos,disponible,no disponible,,,2025-10-31T20:33:11.533Z,2025-11-01T17:45:31.206Z,2025-11-02T17:17:19.732Z,475.07,,$471.10,"SIXONEAIEN Globos de aluminio con números de araña gigante de 40 pulgadas, número grande, 3 globos para fiestas infantiles, cumpleaños y decoración de fiesta",https://www.amazon.com.mx/dp/B0DGL3QHF7,https://www.amazon.com/dp/B0DGL3QHF7,KRONOS STORE,
,B0D326JLJP,5,Juguetes y Juegos,disponible,disponible,,,2025-10-31T20:33:11.533Z,2025-11-01T17:45:39.085Z,2025-11-02T17:17:26.680Z,1645.6,54,"$1,637.02",Slumberkins - Juego completo de libros de dragón Kin de 14 pulgadas y 2 libros de cartón | Promueve la creatividad y el juego imaginativo | Herramientas sociales emocionales para mayores de 0 años,https://www.amazon.com.mx/dp/B0D326JLJP,https://www.amazon.com/dp/B0D326JLJP,SIDE SHOP,Slumberkins
,B0CYM4SHDB,5,Juguetes y Juegos,disponible,no disponible,,,2025-10-31T20:33:11.534Z,2025-11-01T17:45:48.159Z,2025-11-02T17:17:33.718Z,1127.21,,"$1,173.45","Kit de reino de libro de bricolaje – Diorama de sujetalibros con LED, rompecabezas de madera 3D, kits de casa en miniatura para bricolaje, decoración de estantería – Booknook casa de muñecas,",https://www.amazon.com.mx/dp/B0CYM4SHDB,https://www.amazon.com/dp/B0CYM4SHDB,Bluforest Mx,
,B0CZNG6WTL,5,Juguetes y Juegos,disponible,no disponible,,,2025-10-31T20:33:11.534Z,2025-11-01T17:45:57.529Z,2025-11-02T17:17:41.483Z,466.46,,$464.03,"Globos de frutas naranjas, 12 globos de papel de aluminio naranja Cutie, globos de Mylar de frutas grandes para decoración de fiesta temática de frutas cítricas, cumpleaños, baby shower",https://www.amazon.com.mx/dp/B0CZNG6WTL,https://www.amazon.com/dp/B0CZNG6WTL,Corner Stone LLC,
,B01JWMHJD2,5,Juguetes y Juegos,disponible,no disponible,,,2025-10-31T20:33:11.534Z,2025-11-01T17:46:04.980Z,2025-11-02T17:17:48.695Z,526.04,,$512.93,"Paquete grande de calcomanías de profesor para niños de Purple Ladybug Novelty, 4960 calcomanías de recompensa e incentivo para profesores en el aula y para uso a gran escala en la escuela.Incluye calcomanías de cara sonriente y estrella.",https://www.amazon.com.mx/dp/B01JWMHJD2,https://www.amazon.com/dp/B01JWMHJD2,KRONOS STORE,
,B07D7FN1V1,5,Juguetes y Juegos,disponible,no disponible,,,2025-10-31T20:33:11.534Z,2025-11-01T17:46:14.418Z,2025-11-02T17:17:56.076Z,1446.14,,"$1,458.12",Disney The Beast Classic Doll - Beauty and The Beast - 12 Inch,https://www.amazon.com.mx/dp/B07D7FN1V1,https://www.amazon.com/dp/B07D7FN1V1,BROWN LEAVES LLC,
,B0CMWY7GZQ,5,Juguetes y Juegos,disponible,disponible,,,2025-10-31T20:33:22.439Z,2025-11-01T17:46:27.776Z,2025-11-02T17:18:08.316Z,728.33,17.99,$727.63,"Juego de 100 tenedores, juego de 100 tenedores, limpiadores de tubos de plástico rojo, palillo de paleta de ojos inteligentes, haz tu propio tenedor",https://www.amazon.com.mx/dp/B0CMWY7GZQ,https://www.amazon.com/dp/B0CMWY7GZQ,NEW AGE SHOPPING,Smile forgive
,B0C8PBVPJD,5,Juguetes y Juegos,disponible,no disponible,,,2025-10-31T20:33:22.440Z,2025-11-01T17:46:35.473Z,2025-11-02T17:18:16.675Z,515.85,,$513.16,"Uorbmaio - Globos de letras para fiestas, globos de oro rosa, globos alfabetos personalizados para cumpleaños, baby shower, frase/palabra/nombre de la bandera, globos alfabeto A-Z de 16 pulgadas",https://www.amazon.com.mx/dp/B0C8PBVPJD,https://www.amazon.com/dp/B0C8PBVPJD,SIDE SHOP,
,B0DBZ1YFBY,5,Juguetes y Juegos,disponible,no disponible,,,2025-10-31T20:33:22.440Z,2025-11-01T17:46:43.748Z,2025-11-02T17:18:24.198Z,944.45,,$934.00,"Rueda Giratoria de Madera NQEUEPN para Juegos de Bodas y Eventos, Kit Completo con Soporte, Bolígrafos y Destornillador, 30cm, Unisex, Adulto, Madera",https://www.amazon.com.mx/dp/B0DBZ1YFBY,https://www.amazon.com/dp/B0DBZ1YFBY,M&H Customer Friendly Store,
,B0D5H5NK86,5,Juguetes y Juegos,disponible,no disponible,,,2025-10-31T20:33:22.440Z,2025-11-01T17:46:51.455Z,2025-11-02T17:18:31.875Z,650.13,,$649.74,"CCBLZLL - Puzzle educativo de fracción magnética – Nuevo libro magnético Montessori fracción azulejos y círculos de fracción para niños, manipuladores de matemáticas magnéticos materiales educativos",https://www.amazon.com.mx/dp/B0D5H5NK86,https://www.amazon.com/dp/B0D5H5NK86,SIDE SHOP,
,B0CF2JTRBG,5,Juguetes y Juegos,disponible,no disponible,,,2025-10-31T20:33:22.440Z,2025-11-01T17:46:59.267Z,2025-11-02T17:18:40.479Z,665.7,,$671.57,"Globos de 70 cumpleaños de color verde salvia y oro blanco con pancarta feliz 70, decoración de pasteles número 70 para decoración de fiestas de 70 años",https://www.amazon.com.mx/dp/B0CF2JTRBG,https://www.amazon.com/dp/B0CF2JTRBG,SIDE SHOP,
,B0CLNJKYWC,5,Juguetes y Juegos,disponible,no disponible,,,2025-10-31T20:33:22.440Z,2025-11-01T17:47:08.584Z,2025-11-02T17:18:48.928Z,611.85,,$608.66,"CHANECALL - Juego de 8 cifras de acción para decoración de pasteles, mini cifras de animales, suministros para fiesta de cumpleaños, Navidad, huevos de Pascua",https://www.amazon.com.mx/dp/B0CLNJKYWC,https://www.amazon.com/dp/B0CLNJKYWC,SIDE SHOP,
,B0CL4KFTSG,5,Juguetes y Juegos,disponible,no disponible,,,2025-10-31T20:33:22.440Z,2025-11-01T17:47:17.812Z,2025-11-02T17:18:57.797Z,534.22,,$531.43,"D-KINGCHY - 155 bloques de madera con patrón geométrico, para niños, tarjetas de doble cara para niños de 4 a 6 años",https://www.amazon.com.mx/dp/B0CL4KFTSG,https://www.amazon.com/dp/B0CL4KFTSG,SIDE SHOP,
,B07XC86BM5,5,Juguetes y Juegos,disponible,no disponible,,,2025-10-31T20:33:22.440Z,2025-11-01T17:47:25.536Z,2025-11-02T17:19:06.337Z,1525.63,,"$1,525.07","TUAHOO - Torre gigante para juegos al aire última intervensión (pilas a más de 4 pies), madera gigante, juego de madera de pino apilable para niños y adultos, diversión familiar, 54 bloques de torre",https://www.amazon.com.mx/dp/B07XC86BM5,https://www.amazon.com/dp/B07XC86BM5,Rendosa,
,B0DGQKSFKK,5,Juguetes y Juegos,disponible,disponible,,,2025-10-31T20:33:22.440Z,2025-11-01T17:47:33.915Z,2025-11-02T17:19:15.014Z,754.93,19.99,$752.37,"Fanfanwin - 4 piezas de decoración de carpa de circo de carnaval, Halloween, carnaval, entrada, puerta, decoración de fiesta, toldo colgante para corredores de pasillos, suministro para celebración de",https://www.amazon.com.mx/dp/B0DGQKSFKK,https://www.amazon.com/dp/B0DGQKSFKK,SRKSB LLC,Warpoumd
,B0BWTHZZVC,5,Juguetes y Juegos,disponible,no disponible,,,2025-10-31T20:33:22.441Z,2025-11-01T17:47:41.728Z,2025-11-02T17:19:23.383Z,876.66,,$872.09,VERSAINSECT ll Clothes Dress Outfits for 6-7 inch Girl Dolls Dress-up Accessories Kids Toys Birthday Gifts,https://www.amazon.com.mx/dp/B0BWTHZZVC,https://www.amazon.com/dp/B0BWTHZZVC,SIDE SHOP,
,B005D4UK58,5,Juguetes y Juegos,disponible,no disponible,,,2025-10-31T20:33:22.441Z,2025-11-01T17:47:49.996Z,2025-11-02T17:19:30.354Z,1130.78,,"$1,130.49",Juego de Mesa Senet - 2 Jugador - Madera - Antiguo - Estrategia - Egipto Antiguo - Play All Day Games,https://www.amazon.com.mx/dp/B005D4UK58,https://www.amazon.com/dp/B005D4UK58,YAGAN STORE,
,B0CRYJ2C1R,5,Juguetes y Juegos,disponible,no disponible,,,2025-10-31T20:33:22.441Z,2025-11-01T17:47:59.317Z,2025-11-02T17:19:38.184Z,473.33,,$470.86,"6 globos de color rosa con forma de nube para baby shower, cumpleaños, decoración de fiesta de cumpleaños",https://www.amazon.com.mx/dp/B0CRYJ2C1R,https://www.amazon.com/dp/B0CRYJ2C1R,SIDE SHOP,
,B0DGQ9Z7KC,5,Juguetes y Juegos,disponible,no disponible,,,2025-10-31T20:33:22.441Z,2025-11-01T17:48:07.829Z,2025-11-02T17:19:45.697Z,569.52,,$565.85,"Butter Slime - Mezcla de purpurina para niñas y niños de 8 a 12 años, con forma de lodo perfumado, suave y elástico, juguetes para fiestas de cumpleaños, color verde/rosa claro, 7 onzas",https://www.amazon.com.mx/dp/B0DGQ9Z7KC,https://www.amazon.com/dp/B0DGQ9Z7KC,Corner Stone LLC,
,B0C7WH4ZKY,5,Juguetes y Juegos,disponible,disponible,,,2025-10-31T20:33:22.441Z,2025-11-01T17:48:16.490Z,2025-11-02T17:19:53.530Z,1746.66,52.99,"$1,737.55","BCW - Papelera coleccionable para tarjetas, color rojo, capacidad para 3200 tarjetas, incluye 4 divisores, almacenamiento para tarjetas Pokémon, MTG y deportivas",https://www.amazon.com.mx/dp/B0C7WH4ZKY,https://www.amazon.com/dp/B0C7WH4ZKY,SIDE SHOP,BCW Supplies
,B0C99N77DS,5,Juguetes y Juegos,disponible,disponible,,,2025-10-31T20:33:22.441Z,2025-11-01T17:48:25.142Z,2025-11-02T17:20:01.197Z,606.33,12.99,$614.57,"JDSTY - Paquete de 24 juguetes sensoriales de Halloween para niños y niñas, regalos de fiesta de Halloween",https://www.amazon.com.mx/dp/B0C99N77DS,https://www.amazon.com/dp/B0C99N77DS,SIDE SHOP,Amyfi
,B08F4H1KCQ,5,Juguetes y Juegos,disponible,no disponible,,,2025-10-31T20:33:22.441Z,2025-11-01T17:48:33.052Z,2025-11-02T17:20:10.156Z,2087.49,,"$2,077.98","Megwoz Giant Tumble Tower - Juegos familiares para niños y adultos, 60 bloques de madera de pino de Nueva Zelanda apilables hasta 5 pies para interiores y exteriores, juegos de patio para familia",https://www.amazon.com.mx/dp/B08F4H1KCQ,https://www.amazon.com/dp/B08F4H1KCQ,SRKSB LLC,
,B075DPKD46,5,Juguetes y Juegos,disponible,no disponible,,,2025-10-31T20:33:39.421Z,2025-11-01T17:48:42.360Z,2025-11-02T17:20:17.636Z,702.74,,$719.69,"(8x8) - illo Sketchbook, Large, Square, Sketch Book, (8x8), Premium, 60kg Paper, Hardcover Notebook, Lay Flat, Smooth Paper, Thick Paper, Elastic Enclosure and Ribbon Marker",https://www.amazon.com.mx/dp/B075DPKD46,https://www.amazon.com/dp/B075DPKD46,XIJIANG,
,B0CHYHPFGG,5,Juguetes y Juegos,disponible,no disponible,,,2025-10-31T20:33:39.421Z,2025-11-01T17:48:50.860Z,2025-11-02T17:20:25.812Z,386.06,,$417.20,"Velas doradas con números de purpurina de 2.8 pulgadas, muchos colores, regalos de cumpleaños 23, 32, decoraciones de cumpleaños, velas de cumpleaños, números, velas de feliz cumpleaños para tarta, 2",https://www.amazon.com.mx/dp/B0CHYHPFGG,https://www.amazon.com/dp/B0CHYHPFGG,BİLGİ LTD,
,B0DSSWDPD8,5,Juguetes y Juegos,disponible,no disponible,,,2025-10-31T20:33:39.421Z,2025-11-01T17:49:00.468Z,2025-11-02T17:20:33.956Z,515.61,,$512.93,"WEIKA 27 piezas de decoración de cumpleaños roja y plateada, letras rojas de feliz cumpleaños 3D, globos de papel de corazón de pentagrama para niños y niñas, suministros de fiesta de cumpleaños",https://www.amazon.com.mx/dp/B0DSSWDPD8,https://www.amazon.com/dp/B0DSSWDPD8,SIDE SHOP,
,B0DG2PZVZW,5,Juguetes y Juegos,disponible,no disponible,,,2025-10-31T20:33:39.421Z,2025-11-01T17:49:08.545Z,2025-11-02T17:20:40.677Z,1624.93,,"$1,616.46","Doreimi - Juego de dominó de tren mexicano con números y 8 soportes de madera, juego doble de 12 dominó para niños, tren dominó de viaje para adultos, con 91 azulejos y cubeta mejorado, juegos de mesa",https://www.amazon.com.mx/dp/B0DG2PZVZW,https://www.amazon.com/dp/B0DG2PZVZW,SIDE SHOP,
,B09SP4184B,5,Juguetes y Juegos,disponible,no disponible,,,2025-10-31T20:33:39.421Z,2025-11-01T17:49:22.033Z,2025-11-02T17:20:53.869Z,514.01,,$512.70,"Paquete de 5 kits de limo de mantequilla, regalos de cumpleaños para niños, regalo de fiesta para niñas y niños, no pegajoso, juguete de lodo súper suave",https://www.amazon.com.mx/dp/B09SP4184B,https://www.amazon.com/dp/B09SP4184B,SRKSB LLC,
,B0CNW68B5H,5,Juguetes y Juegos,disponible,disponible,,,2025-10-31T20:33:39.421Z,2025-11-01T17:49:31.192Z,2025-11-02T17:21:01.543Z,977.7,26.99,$971.90,"Talltalk 48 recuerdos de fiesta de safari, 16 bolsas con cordón ajustable, para dulces, sorpresas, 16 pulseras de animales, 16 llaveros para niños, zoológico, cumpleaños, baby shower, suministros",https://www.amazon.com.mx/dp/B0CNW68B5H,https://www.amazon.com/dp/B0CNW68B5H,KRONOS STORE,Rujhiyu
,B0D261VVVF,5,Juguetes y Juegos,disponible,no disponible,,,2025-10-31T20:33:39.421Z,2025-11-01T17:49:40.189Z,2025-11-02T17:21:09.109Z,2209.9,,"$2,198.38","Caballete de arte para niños, pizarrón blanca magnética ajustable de doble cara y pizarrón de gis con rollo de papel, más de 100 accesorios de dibujo, regalos de cumpleaños de pintura plegable para",https://www.amazon.com.mx/dp/B0D261VVVF,https://www.amazon.com/dp/B0D261VVVF,SIDE SHOP,
,B00UY120MQ,5,Juguetes y Juegos,disponible,no disponible,,,2025-10-31T20:33:39.422Z,2025-11-01T17:49:47.657Z,2025-11-02T17:21:17.168Z,938.19,,$934.92,"C&T PUBLISHING 20290, Tex Kraft Paper Fabric 45,72 cm x 137,16 cm, Piedra",https://www.amazon.com.mx/dp/B00UY120MQ,https://www.amazon.com/dp/B00UY120MQ,MYSILKROAD LLC,
,B075YBYXRF,5,Juguetes y Juegos,disponible,no disponible,,,2025-10-31T20:33:39.422Z,2025-11-01T17:49:55.912Z,2025-11-02T17:21:24.949Z,526.04,,$521.31,"Cocodeko - Banderines de cumpleaños con 10 globos de látex para fiestas y 6 bolas de abeja para decoración de fiesta de cumpleaños, Purple, Lavender and White, 350.00",https://www.amazon.com.mx/dp/B075YBYXRF,https://www.amazon.com/dp/B075YBYXRF,KRONOS STORE,
,B0D1R8MD5H,5,Juguetes y Juegos,disponible,no disponible,,,2025-10-31T20:33:39.422Z,2025-11-01T17:50:04.968Z,2025-11-02T17:21:32.410Z,491.5,,$488.94,"Charnoel - 24 globos ninja de 6 colores de 12 pulgadas, suministros de fiesta de cumpleaños ninja para niños, globos coloridos, decoraciones de fiesta a granel",https://www.amazon.com.mx/dp/B0D1R8MD5H,https://www.amazon.com/dp/B0D1R8MD5H,SIDE SHOP,
,B0C7GPHFB1,5,Juguetes y Juegos,disponible,no disponible,,,2025-10-31T20:33:39.422Z,2025-11-01T17:50:12.072Z,2025-11-02T17:21:40.982Z,623.41,,$627.16,"Rabbmall - Decoraciones de cumpleaños moradas y plateadas para mujeres y niñas, juego de decoración de fiesta de lavanda con pancarta y globos de feliz cumpleaños, faja y corona, cortinas, mantel de",https://www.amazon.com.mx/dp/B0C7GPHFB1,https://www.amazon.com/dp/B0C7GPHFB1,SOCIALBOOSTI LLC,
,B08WRTN43Y,5,Juguetes y Juegos,disponible,no disponible,,,2025-10-31T20:33:39.422Z,2025-11-01T17:50:21.195Z,2025-11-02T17:21:48.475Z,951.07,,$957.43,"Confetti Sky [Paquete de 6] cañones de confeti de 12 pulgadas | Poppers de confeti morados para celebración de boda, fiesta de cumpleaños, bromas, graduación, Nochebuena y celebración de Año Nuevo",https://www.amazon.com.mx/dp/B08WRTN43Y,https://www.amazon.com/dp/B08WRTN43Y,SIDE SHOP,
,B0CLTNVJP2,5,Juguetes y Juegos,disponible,disponible,,,2025-10-31T20:33:39.422Z,2025-11-01T17:50:30.761Z,2025-11-02T17:21:57.185Z,1073.7,32.98,"$1,073.70","LocoLee - Kit de luces LED compatible con LEGO Tranquil Garden 10315 Zen Garden, juego de iluminación DIY compatible con LEGO Japanese Architecture 10315 (solo luces, sin modelos)",https://www.amazon.com.mx/dp/B0CLTNVJP2,https://www.amazon.com/dp/B0CLTNVJP2,SIDE SHOP,Vonado bricklight
,B087RFJH34,5,Juguetes y Juegos,disponible,no disponible,,,2025-10-31T20:33:39.422Z,2025-11-01T17:50:39.287Z,2025-11-02T17:22:05.683Z,1267.23,,"$1,293.17","LingTing Kalimba - Piano de pulgar de 17 teclas, regalo para niños y adultos, principiantes profesionales (LT-K17A, susurro de viento)",https://www.amazon.com.mx/dp/B087RFJH34,https://www.amazon.com/dp/B087RFJH34,Rendosa,
,B0D9GYP58X,5,Juguetes y Juegos,disponible,no disponible,,,2025-10-31T20:33:39.422Z,2025-11-01T17:50:48.717Z,2025-11-02T17:22:13.823Z,732.3,,$727.78,Gocozer - Pintura con libro para colorear de agua (2 unidades-unicornio y sirena),https://www.amazon.com.mx/dp/B0D9GYP58X,https://www.amazon.com/dp/B0D9GYP58X,Ovolos,
,B0BN4FG6X1,5,Juguetes y Juegos,disponible,no disponible,,,2025-10-31T20:33:39.422Z,2025-11-01T17:50:56.174Z,2025-11-02T17:22:21.322Z,765.85,,$750.31,"Kullaloo - Tela de felpa de color blanco sólido para coser | Material de abrazos súper suave | 39.5 x 29.5 | Peluches, mantas de bebé, almohadas, camas para perros, camas para gatos, gorros,",https://www.amazon.com.mx/dp/B0BN4FG6X1,https://www.amazon.com/dp/B0BN4FG6X1,SIDE SHOP,
,B0CP4DMFJ4,5,Juguetes y Juegos,disponible,no disponible,,,2025-10-31T20:33:50.849Z,2025-11-01T17:51:04.955Z,2025-11-02T17:22:29.503Z,255,,"$1,386.27","Goliath Jelly Blox Vrooom! Kit de camión | Incluye 35 bloques | Bloques de construcción para niños pequeños y preescolares que los niños pueden exprimir, estirar, aplastar, probado con seguridad y sin",https://www.amazon.com.mx/dp/B0CP4DMFJ4,https://www.amazon.com/dp/B0CP4DMFJ4,Marca: Goliath,
,B0CMGFK7XW,5,Juguetes y Juegos,disponible,no disponible,,,2025-10-31T20:33:50.849Z,2025-11-01T17:51:13.734Z,2025-11-02T17:22:37.377Z,403.63,,$401.52,"Mini escalera de jardín de 20 unidades, 2.36 x 0.78 pulgadas, accesorios de escalera miniatura de madera para decoración de casa de muñecas de paisaje",https://www.amazon.com.mx/dp/B0CMGFK7XW,https://www.amazon.com/dp/B0CMGFK7XW,SIDE SHOP,
,B0B211B39V,5,Juguetes y Juegos,disponible,disponible,,,2025-10-31T20:33:50.849Z,2025-11-01T17:51:22.604Z,2025-11-02T17:22:45.280Z,467.38,7.99,$464.95,"EBLLIWSM 100 globos largos mágicos rojos de 260 Q para decoración de centros comerciales, decoración de fiestas, actividades para padres e hijos No es fácil de dañar, brillante y hermoso.",https://www.amazon.com.mx/dp/B0B211B39V,https://www.amazon.com/dp/B0B211B39V,SIDE SHOP,Qinhui E-commerce
,B0CZ4G1GJG,5,Juguetes y Juegos,disponible,no disponible,,,2025-10-31T20:33:50.850Z,2025-11-01T17:51:30.780Z,2025-11-02T17:22:52.294Z,538.95,,$536.14,"Decoración de dinosaurio verde para el quinto cumpleaños, globos número 5, papel de aluminio grande y látex, tatuaje de dinosaurio para niñas y niños",https://www.amazon.com.mx/dp/B0CZ4G1GJG,https://www.amazon.com/dp/B0CZ4G1GJG,SIDE SHOP,
,B0C9DGXDKM,5,Juguetes y Juegos,disponible,no disponible,,,2025-10-31T20:33:50.850Z,2025-11-01T17:51:37.574Z,2025-11-02T17:22:59.717Z,409.26,,$407.12,"Velas de cumpleaños (2 velas verdes) con forma de dinosaurio, para decoración de fiesta de cumpleaños de dinosaurio, fiesta temática de reuniones",https://www.amazon.com.mx/dp/B0C9DGXDKM,https://www.amazon.com/dp/B0C9DGXDKM,SIDE SHOP,
,B0D91Z1ND9,5,Juguetes y Juegos,disponible,no disponible,,,2025-10-31T20:33:50.850Z,2025-11-01T17:51:46.512Z,2025-11-02T17:23:07.620Z,498.81,,$496.20,"Kit de arco de globo verde salvia, 147 unidades, color verde salvia y oro blanco globos para boda, compromiso, aniversario, despedida de soltera, baby shower, decoración de fiesta de cumpleaños",https://www.amazon.com.mx/dp/B0D91Z1ND9,https://www.amazon.com/dp/B0D91Z1ND9,SIDE SHOP,
,B0C3VYPR2H,5,Juguetes y Juegos,disponible,no disponible,,,2025-10-31T20:33:50.850Z,2025-11-01T17:51:54.354Z,2025-11-02T17:23:15.879Z,749.42,,$746.88,"Kigley 5 piezas de centro de mesa de helado de madera, barra de helado, carta, camión, decoración de fiesta, decoración de verano, bebé, novia, boda, graduación, suministros de cumpleaños",https://www.amazon.com.mx/dp/B0C3VYPR2H,https://www.amazon.com/dp/B0C3VYPR2H,SOCIALBOOSTI LLC,
,B074CTZJX8,5,Juguetes y Juegos,disponible,no disponible,,,2025-10-31T20:33:50.850Z,2025-11-01T17:52:02.608Z,2025-11-02T17:23:23.034Z,568.03,,$539.49,"Funcorn Toys Bath Toy, Fishing Floating Squirts Toy and Water Scoop with Organizer Bag(8 Pack), Fish Net Game in Bathtub Bathroom Pool Bath Time for Kids Toddler Baby Boys Girls, Bath Tub Spoon",https://www.amazon.com.mx/dp/B074CTZJX8,https://www.amazon.com/dp/B074CTZJX8,SKY STYLE LLC,
,B0C1ZK7MBC,5,Juguetes y Juegos,disponible,disponible,,,2025-10-31T20:33:50.850Z,2025-11-01T17:52:17.054Z,2025-11-02T17:23:34.913Z,1074.98,28.99,"$1,057.07","Chitidr - 200 piezas de mini patos de goma chirriantes a granel, juguetes de baño de patos pequeños flotadores, tina, patos, baby shower, regalos de fiesta para cumpleaños, aula, premios de carnaval,",https://www.amazon.com.mx/dp/B0C1ZK7MBC,https://www.amazon.com/dp/B0C1ZK7MBC,Tierra Viva,Elevimond
,B0006O029E,5,Juguetes y Juegos,disponible,no disponible,,,2025-10-31T20:33:50.850Z,2025-11-01T17:52:26.388Z,2025-11-02T17:23:43.754Z,481.46,,$488.71,Microscale Micro Krystal Klear # MSKK,https://www.amazon.com.mx/dp/B0006O029E,https://www.amazon.com/dp/B0006O029E,Raskolnikovv,
,B0D737JCLK,5,Juguetes y Juegos,disponible,no disponible,,,2025-10-31T20:33:50.850Z,2025-11-01T17:52:35.646Z,2025-11-02T17:23:51.026Z,443.5,,$441.18,"Cinta de plata bingsu Slime, no pegajosa, brillo crujiente, recuerdos de fiesta para niños, juguetes sensoriales para cumpleaños, Pascua, Hallowmas, regalos de Navidad, regalos para niñas y niños",https://www.amazon.com.mx/dp/B0D737JCLK,https://www.amazon.com/dp/B0D737JCLK,SIDE SHOP,
,B07XLHLP4R,5,Juguetes y Juegos,disponible,no disponible,,,2025-10-31T20:33:50.850Z,2025-11-01T17:52:42.979Z,2025-11-02T17:23:58.517Z,1444.41,,"$1,436.88","allobebe - Bicicleta de Equilibrio para bebé, Lindas Bicicletas para niños pequeños de 12 a 36 Meses, Regalos para Bicicleta de 1 año para Entrenar al bebé de pie a Correr, con Asiento Ajustable",https://www.amazon.com.mx/dp/B07XLHLP4R,https://www.amazon.com/dp/B07XLHLP4R,SIDE SHOP,
,B0CZRCGHQ4,5,Juguetes y Juegos,disponible,disponible,,,2025-10-31T20:33:50.851Z,2025-11-01T17:52:51.021Z,2025-11-02T17:24:06.808Z,743.52,17.99,$739.64,"36 collares de abalorio de noche de casino, 8 estilos a granel, chips de póker, collares de letrero, color rojo, negro, dorado, recuerdos de fiesta de casino para Las Vegas, juego nocturno",https://www.amazon.com.mx/dp/B0CZRCGHQ4,https://www.amazon.com/dp/B0CZRCGHQ4,SIDE SHOP,Sahooe
,B0CG6GNTYK,5,Juguetes y Juegos,disponible,disponible,,,2025-10-31T20:33:50.851Z,2025-11-01T17:52:58.388Z,2025-11-02T17:24:14.685Z,764.6,18.99,$759.91,"Papel clásico de algodón egipcio, 400 g/m², 40 hojas, borde cubierto, texturizado para dibujar y dibujar",https://www.amazon.com.mx/dp/B0CG6GNTYK,https://www.amazon.com/dp/B0CG6GNTYK,Ovolos,NomadCraftsCo.
,B0CZJN96VK,5,Juguetes y Juegos,disponible,no disponible,,,2025-10-31T20:33:50.851Z,2025-11-01T17:53:07.123Z,2025-11-02T17:24:21.365Z,467.38,,$464.95,"VSHILI - Velas de cumpleaños de 15 años, color rosa con número de 15 años, decoración de pastel para fiesta de feliz cumpleaños, regalos para niñas",https://www.amazon.com.mx/dp/B0CZJN96VK,https://www.amazon.com/dp/B0CZJN96VK,SIDE SHOP,
,B0D59SGGD8,5,Juguetes y Juegos,disponible,no disponible,,,2025-10-31T20:33:50.851Z,2025-11-01T17:53:14.412Z,2025-11-02T17:24:28.504Z,423.33,,$421.12,"100 globos blancos, 260 globos blancos, globos largos torcidos, globos de animales, globos largos y delgados para arco de globos, globos mágicos de cumpleaños, bodas, fiestas de Acción de Gracias",https://www.amazon.com.mx/dp/B0D59SGGD8,https://www.amazon.com/dp/B0D59SGGD8,SIDE SHOP,
,B0CF943YR8,5,Juguetes y Juegos,disponible,disponible,,,2025-10-31T20:34:06.359Z,2025-11-01T17:53:22.475Z,2025-11-02T17:24:36.600Z,692.3,14.57,$684.51,"TCGURD Carpeta de 9 bolsillos con organizador de tarjetas de bolsillo de doble cara 900, carpeta de colección de tarjetas de poliuretano, carpeta de béisbol, para tarjetas deportivas, MTG, TCG Yugioh (verde)",https://www.amazon.com.mx/dp/B0CF943YR8,https://www.amazon.com/dp/B0CF943YR8,PRCOM,TCGUARD
,B0F2N2ZV8H,5,Juguetes y Juegos,disponible,no disponible,,,2025-10-31T20:34:06.360Z,2025-11-01T17:53:29.581Z,2025-11-02T17:24:45.231Z,1837.55,,"$1,842.74","Máquina de karaoke para adultos, 2 micrófonos inalámbricos para altavoz de karaoke, micrófono portátil y altavoz compatible con expansión de micrófono de cuatro canales para fiestas en casa, picnic",https://www.amazon.com.mx/dp/B0F2N2ZV8H,https://www.amazon.com/dp/B0F2N2ZV8H,EMREM INN,
,B0CGRP5Q17,5,Juguetes y Juegos,disponible,disponible,,,2025-10-31T20:34:06.360Z,2025-11-01T17:53:38.764Z,2025-11-02T17:24:53.090Z,963.01,25.99,$957.99,"Chitidr Chinese Yoyo Diabolo Juego incluye 5 pulgadas de colores LED Diabolo iluminado con 2 piezas de palos de Diabolos, 1 pieza de cuerda y 1 bolsa de red para diversión (amarillo)",https://www.amazon.com.mx/dp/B0CGRP5Q17,https://www.amazon.com/dp/B0CGRP5Q17,SIDE SHOP,Elevimond
,B0D3L9XLS8,5,Juguetes y Juegos,disponible,disponible,,,2025-10-31T20:34:06.360Z,2025-11-01T17:53:47.696Z,2025-11-02T17:25:01.604Z,774.91,19.99,$770.87,"RUIYDZ - 28 piezas de decoración para tartas de cumpleaños, suministros para fiestas de cumpleaños, gran grúa, excavadora, cartel de tráfico, kit de decoración de pasteles, juguetes de construcción,",https://www.amazon.com.mx/dp/B0D3L9XLS8,https://www.amazon.com/dp/B0D3L9XLS8,SIDE SHOP,RUIYDZ
,B008K6IITG,5,Juguetes y Juegos,disponible,no disponible,,,2025-10-31T20:34:06.360Z,2025-11-01T17:53:55.241Z,2025-11-02T17:25:08.795Z,666,,$642.45,Djubi Ball Refill-Medium,https://www.amazon.com.mx/dp/B008K6IITG,https://www.amazon.com/dp/B008K6IITG,Marca: Djubi,
,B0CGR3NJW2,5,Juguetes y Juegos,disponible,no disponible,,,2025-10-31T20:34:06.360Z,2025-11-01T17:54:04.146Z,2025-11-02T17:25:16.092Z,702,,$698.43,"2 cuadernos cuadrados de papel de acuarela de 10 x 10 cm, 300 g/m², 60 unidades (30 hojas con texturas) tamaño de viaje para caligrafo, acuarela, acuarela, libro de bocetos, acuarela, cuaderno de papel de color de agua, azul y morado",https://www.amazon.com.mx/dp/B0CGR3NJW2,https://www.amazon.com/dp/B0CGR3NJW2,SIDE SHOP,
,B0BXSRRTDW,5,Juguetes y Juegos,disponible,no disponible,,,2025-10-31T20:34:06.360Z,2025-11-01T17:54:11.967Z,2025-11-02T17:25:23.867Z,584.84,,$584.67,"iLaFm - Kit de 151 globos azul marino y plateado para graduación, cumpleaños, boda, jubilación y decoración de Año Nuevo",https://www.amazon.com.mx/dp/B0BXSRRTDW,https://www.amazon.com/dp/B0BXSRRTDW,M&H Customer Friendly Store,
,B08V1ZV3RK,5,Juguetes y Juegos,disponible,disponible,,,2025-10-31T20:34:06.360Z,2025-11-01T17:54:21.358Z,2025-11-02T17:25:31.501Z,584.84,12.99,$584.67,"PROMO PRINTING GROUP, INC. Tarjetas para rascar Dorado Ticket (30 tarjetas)",https://www.amazon.com.mx/dp/B08V1ZV3RK,https://www.amazon.com/dp/B08V1ZV3RK,M&H Customer Friendly Store,"Promo Printing Group, Inc"
,B0B97TBT66,5,Juguetes y Juegos,disponible,disponible,,,2025-10-31T20:34:06.360Z,2025-11-01T17:54:28.921Z,2025-11-02T17:25:38.032Z,491.5,8.99,$488.94,"Serpentinas de papel crepé rosa, 8 rollos, serpentinas de fiesta para cumpleaños, boda, bebé, decoración de despedida de soltera, suministros de manualidades de Halloween (1.8 pulgadas x 82 pies /",https://www.amazon.com.mx/dp/B0B97TBT66,https://www.amazon.com/dp/B0B97TBT66,SIDE SHOP,Toyever
,B07DH9JT8S,5,Juguetes y Juegos,disponible,disponible,,,2025-10-31T20:34:06.360Z,2025-11-01T17:54:35.872Z,2025-11-02T17:25:45.604Z,504.96,4.99,$507.96,"uxcell 30 engranajes de plástico, color blanco, 10 dientes, modelo 102A, engranajes de gusano de plástico para robot de coche RC",https://www.amazon.com.mx/dp/B07DH9JT8S,https://www.amazon.com/dp/B07DH9JT8S,SIDE SHOP,uxcell
,B09PTPT2XL,5,Juguetes y Juegos,disponible,disponible,,,2025-10-31T20:34:06.361Z,2025-11-01T17:54:44.225Z,2025-11-02T17:25:54.061Z,349.56,3.09,$347.74,"DGBDPACK 125 envoltorios planos surtidos, 25 dólares, 25 níquel, 25 centavos, 50 cuartos de paquete práctico",https://www.amazon.com.mx/dp/B09PTPT2XL,https://www.amazon.com/dp/B09PTPT2XL,Corner Stone LLC,DGBDPACK
,B0CP9HSTF3,5,Juguetes y Juegos,disponible,no disponible,,,2025-10-31T20:34:06.361Z,2025-11-01T17:54:52.445Z,2025-11-02T17:26:02.557Z,630.45,,$627.16,"Motipuns - Juego de 36 juegos de manualidades de Pascua religiosas para niños, cruces de domingo, escuela, manualidades, semana santa, manualidades de color, manualidades cristianas para la escuela,",https://www.amazon.com.mx/dp/B0CP9HSTF3,https://www.amazon.com/dp/B0CP9HSTF3,SIDE SHOP,
,B0CFPZ2FSX,5,Libros,disponible,disponible,,,2025-10-31T20:34:15.344Z,2025-11-01T17:55:05.654Z,2025-11-02T17:26:14.568Z,646,15.99,$656.64,"Maxhoo - Funda de lona encerada para cuaderno Moleskine Cahier, con bolsillo con cierre, para planificador, cuaderno de bocetos, plumas, 9 x 14 cm, oliva",https://www.amazon.com.mx/dp/B0CFPZ2FSX,https://www.amazon.com/dp/B0CFPZ2FSX,XIJIANG,DaoQuNa
,B0DYXQM8G8,5,Libros,disponible,no disponible,,,2025-10-31T20:34:15.344Z,2025-11-01T17:55:13.633Z,2025-11-02T17:26:23.434Z,684.95,,$718.55,Dashspark Bible Study Kit - Bible Journaling Supplies Kit for Women - Highlighters and Pens with Aesthetic Journal Notebook,https://www.amazon.com.mx/dp/B0DYXQM8G8,https://www.amazon.com/dp/B0DYXQM8G8,High Quailty,
,1950578143,5,Libros,disponible,disponible,,,2025-10-31T20:34:15.344Z,2025-11-01T17:55:22.387Z,2025-11-02T17:26:31.817Z,1006.17,,"$1,052.81",Aprendizaje sin lágrimas - Guía de preparación y escritura para profesores de prekínder (edición actual) - Prepárate para la serie escolar - Libro de escritura prekínder - Habilidades de preescritura - para uso escolar o doméstico,https://www.amazon.com.mx/dp/1950578143,https://www.amazon.com/dp/1950578143,DREAMERY GLOBAL,Learning Without Tears
,B00DPKQEPW,5,Libros,disponible,no disponible,,,2025-10-31T20:34:15.344Z,2025-11-01T17:55:31.193Z,2025-11-02T17:26:40.103Z,756.08,,$752.14,Very Best of 30 Cuts [Importado],https://www.amazon.com.mx/dp/B00DPKQEPW,https://www.amazon.com/dp/B00DPKQEPW,SIDE SHOP,
,B0BX92PR6Q,5,Libros,disponible,disponible,,,2025-10-31T20:34:15.344Z,2025-11-01T17:55:38.739Z,2025-11-02T17:26:47.766Z,518,9.99,$512.93,"Yoment - Cuaderno A5 punteado con espiral, 160 páginas, papel grueso, tapa dura de plástico, para tomar notas, material escolar y de oficina, 174 x 253 cm, negro",https://www.amazon.com.mx/dp/B0BX92PR6Q,https://www.amazon.com/dp/B0BX92PR6Q,XIJIANG,Yoment
,B0DQXWQFSC,5,Libros,disponible,no disponible,,,2025-10-31T20:34:15.344Z,2025-11-01T17:55:46.365Z,2025-11-02T17:26:55.347Z,605.86,,$531.20,"&And Per Se - Cuaderno de diario con puntos de bala, tapa dura de piel A5, 176 páginas numeradas de papel de puntos de grosor de 100 g/m², 2 hojas de plantillas incluidas, 5.7 x 8 pulgadas (verde",https://www.amazon.com.mx/dp/B0DQXWQFSC,https://www.amazon.com/dp/B0DQXWQFSC,doa store,
,B0DJ8YMSV1,5,Libros,disponible,disponible,,,2025-10-31T20:34:15.345Z,2025-11-01T17:55:55.033Z,2025-11-02T17:27:03.041Z,687,16.99,$699.13,"20 regalos de agradecimiento a los empleados a granel, 10 juegos de cuadernos inspiradores en espiral con bolígrafos motivacionales, pequeños blocs de notas para compañeros de trabajo, personal de",https://www.amazon.com.mx/dp/B0DJ8YMSV1,https://www.amazon.com/dp/B0DJ8YMSV1,XIJIANG,Arethariyi
,B0DQXW63Q2,5,Libros,disponible,no disponible,,,2025-10-31T20:34:15.345Z,2025-11-01T17:56:02.929Z,2025-11-02T17:27:10.391Z,527.66,,$531.20,"And Per Se - Cuaderno de diario con puntos, tapa dura de cuero A5, 176 páginas numeradas de papel de puntos de grosor de 100 g/m², 2 hojas de plantillas incluidas, 5.7 x 8 pulgadas (lavanda claro)",https://www.amazon.com.mx/dp/B0DQXW63Q2,https://www.amazon.com/dp/B0DQXW63Q2,XIJIANG,
,B0CG9B7GJQ,5,Libros,disponible,disponible,,,2025-10-31T20:34:15.345Z,2025-11-01T17:56:10.329Z,2025-11-02T17:27:18.417Z,653,14.99,$651.15,"Cuaderno de tapa dura en espiral con pestañas, 8 x 10 pulgadas, con forro en espiral grande para mujeres con divisores, 240 páginas, cuaderno de composición a rayas universitarias, 5 temas para el trabajo, regreso a la escuela, regalos, negro",https://www.amazon.com.mx/dp/B0CG9B7GJQ,https://www.amazon.com/dp/B0CG9B7GJQ,XIJIANG,Yoment
,B09VGRBRLN,5,Libros,disponible,disponible,,,2025-10-31T20:34:15.345Z,2025-11-01T17:56:18.083Z,2025-11-02T17:27:26.613Z,988,25.99,"$1,017.85","Cuaderno pequeño a granel, paquete de 60, tamaño A6 (10.7 x 13.9 cm), mini cuadernos para bocetos en blanco, cubierta colorida, diarios de bolsillo sin forro para niños, bloc de notas de dibujo, 30 hojas/60 páginas.",https://www.amazon.com.mx/dp/B09VGRBRLN,https://www.amazon.com/dp/B09VGRBRLN,XIJIANG,Dynta
,B0F47YJFBZ,5,Libros,disponible,no disponible,,,2025-10-31T20:34:15.345Z,2025-11-01T17:56:25.593Z,2025-11-02T17:27:34.581Z,1232.19,,"$1,225.77","XWZMR USA - Mapa de fotos de 50 estados, mapa de EE. UU. para seguimiento de viajes, regalo para mujeres, mamás, parejas, aventureras, 24 x 36 pulgadas, decoración de pared, mapas de los Estados",https://www.amazon.com.mx/dp/B0F47YJFBZ,https://www.amazon.com/dp/B0F47YJFBZ,SIDE SHOP,
,B075ZVKXW5,5,Libros,disponible,disponible,,,2025-10-31T20:34:15.345Z,2025-11-01T17:56:33.342Z,2025-11-02T17:27:42.256Z,811,17.95,$703.47,"Funda para cuadernos de campo , Marrón, 4.2 x 5.8 inches",https://www.amazon.com.mx/dp/B075ZVKXW5,https://www.amazon.com/dp/B075ZVKXW5,Corner Stone LLC,September Leather
,B0DHZZBLJ3,5,Libros,disponible,disponible,,,2025-10-31T20:34:15.345Z,2025-11-01T17:56:42.025Z,2025-11-02T17:27:50.338Z,569,11.99,$560.90,"RUNMESS - Cuaderno de pato, Just a Girl Who Loves Ducks, regalo de pato, regalos de pato para amantes de pato, regalos de pato para mujeres, regalos temáticos de pato, lindo cuaderno en espiral de 5.5",https://www.amazon.com.mx/dp/B0DHZZBLJ3,https://www.amazon.com/dp/B0DHZZBLJ3,XIJIANG,heifhnsk
,B0CG5KTGJH,5,Libros,disponible,no disponible,,,2025-10-31T20:34:15.345Z,2025-11-01T17:56:50.426Z,2025-11-02T17:27:57.253Z,1579.05,,"$1,473.64","Paquete de 5 cuadernos de cuadrícula de puntos, 312 páginas numeradas a granel, 100 g/m², papel sin sangrado, diario de piel de tapa dura, juego de cuadernos de puntos para mujeres y hombres, oficina",https://www.amazon.com.mx/dp/B0CG5KTGJH,https://www.amazon.com/dp/B0CG5KTGJH,BG3 STORE,
,B0CZDMKMG4,5,Libros,disponible,disponible,,,2025-10-31T20:34:15.345Z,2025-11-01T17:56:58.366Z,2025-11-02T17:28:05.885Z,989,25.99,"$1,041.84","Dynta - Cuadernos pequeños en espiral de 3 x 5 pulgadas, 50 paquetes de bloc de notas de bolsillo, mini blocs de 10 colores Morandi, bloc de notas para el hogar, escuela, universidad, oficina,",https://www.amazon.com.mx/dp/B0CZDMKMG4,https://www.amazon.com/dp/B0CZDMKMG4,XIJIANG,Dynta
,B004I6J7CE,5,Libros,disponible,disponible,,,2025-10-31T20:34:15.346Z,2025-11-01T17:57:07.288Z,2025-11-02T17:28:12.908Z,851.43,23.62,$869.63,"Dotzauer, J Friedrich Method for Cello Volume 1 Cello solo edited by Nathan Stutch - International",https://www.amazon.com.mx/dp/B004I6J7CE,https://www.amazon.com/dp/B004I6J7CE,M&H Customer Friendly Store,"Zentra, LLC"
,B0CWV6FWCB,5,Libros,disponible,no disponible,,,2025-10-31T20:34:27.222Z,2025-11-01T17:57:14.558Z,2025-11-02T17:28:21.319Z,907,,$861.81,"Cuaderno de 3 unidades, tamaño A5 de tapa dura con papel de puntos grueso de 120 g/m², diarios de piel para mujeres, hombres, cuaderno de cuadrícula de puntos para escribir, cuadernos para trabajo,",https://www.amazon.com.mx/dp/B0CWV6FWCB,https://www.amazon.com/dp/B0CWV6FWCB,LTZ FASTSHIP,
,B0CQK3M5VK,5,Libros,disponible,disponible,,,2025-10-31T20:34:27.222Z,2025-11-01T17:57:22.700Z,2025-11-02T17:28:30.003Z,444,6.99,$441.18,"Bloc de notas de 4 x 6 pulgadas, 6 paquetes de almohadillas para orejas en blanco, 50 hojas por bloc de notas para escribir, almohadillas para orejas de papel blancas para el hogar, la oficina y la",https://www.amazon.com.mx/dp/B0CQK3M5VK,https://www.amazon.com/dp/B0CQK3M5VK,XIJIANG,TTF
,965750225X,5,Libros,disponible,no disponible,,,2025-10-31T20:34:27.222Z,2025-11-01T17:57:31.532Z,2025-11-02T17:28:37.678Z,490,,"$1,010.31",Las Puertas de la Gratitud,https://www.amazon.com.mx/dp/965750225X,https://www.amazon.com/dp/965750225X,"por               
		   Rabino Shalom Arush     
       			(Autor)",
,B0F8MPM43W,5,Libros,disponible,disponible,,,2025-10-31T20:34:27.222Z,2025-11-01T17:57:40.607Z,2025-11-02T17:28:45.605Z,1344,43.9,"$1,324.92","Funda de bolsillo con libro de campo, funda impermeable para cuaderno de bolsillo con cierre para planificador de diario, soporte pequeño para notas de campo y Moleskine Cahier de 3.5 x 5.5 pulgadas",https://www.amazon.com.mx/dp/B0F8MPM43W,https://www.amazon.com/dp/B0F8MPM43W,XIJIANG,Veapils
,B0CH2Z9D3H,5,Libros,disponible,no disponible,,,2025-10-31T20:34:27.222Z,2025-11-01T17:57:53.741Z,2025-11-02T17:28:58.051Z,815,,$790.29,"Ansopu - Cuaderno B5 de papel cuadriculado con tapa dura de piel sintética, 360 páginas numeradas, papel grueso cuadriculado de 100 g/m², para escribir, para mujer y hombre, 19 x 25.5 cm, rosa",https://www.amazon.com.mx/dp/B0CH2Z9D3H,https://www.amazon.com/dp/B0CH2Z9D3H,BG3 STORE,
,B0F1ZB2K56,5,Libros,disponible,disponible,,,2025-10-31T20:34:27.223Z,2025-11-01T17:58:01.229Z,2025-11-02T17:29:05.369Z,1434,48,"$1,441.45",Diario One Percent de Steven Bartlett – Destacado en el diario de un CEO Podcast – Diario de bienestar guiado para hombres y mujeres – Diario diario motivacional y reflexión de 90 días,https://www.amazon.com.mx/dp/B0F1ZB2K56,https://www.amazon.com/dp/B0F1ZB2K56,XIJIANG,FlightStory
,B0CG1LZG74,5,Libros,disponible,disponible,,,2025-10-31T20:34:27.223Z,2025-11-01T17:58:08.646Z,2025-11-02T17:29:12.285Z,1163,34.99,"$1,207.72","Yeaqee - 24 diarios de regalo inspiradores con bolígrafo de Navidad, agradecimiento A6, cuaderno de piel a granel para regalo de apreciación de los empleados, compañero de trabajo, profesor, escuela",https://www.amazon.com.mx/dp/B0CG1LZG74,https://www.amazon.com/dp/B0CG1LZG74,XIJIANG,QeeQing
,195297089X,5,Libros,disponible,disponible,,,2025-10-31T20:34:27.223Z,2025-11-01T17:58:15.979Z,2025-11-02T17:29:20.713Z,581.99,,$578.95,"Learning Without Tears Escritores de construcción, edición estudiantil, grado K, habilidades de escritura en narrativa, información, estilo de opinión, fluidez de escritura, escritura no empotrado o clase completa, para uso escolar y doméstico",https://www.amazon.com.mx/dp/195297089X,https://www.amazon.com/dp/195297089X,SIDE SHOP,Learning Without Tears
,B0DC6P9DRN,5,Libros,disponible,no disponible,,,2025-10-31T20:34:27.223Z,2025-11-01T17:58:23.492Z,2025-11-02T17:29:28.611Z,480,,$464.95,"Cuaderno de diario con espiral forrado, cuaderno de piel de tapa dura A5 para el trabajo, 14.48 x 20.83 cm, cuaderno de papel grueso de 100 g/m², cuaderno de diario encuadernado en espiral para",https://www.amazon.com.mx/dp/B0DC6P9DRN,https://www.amazon.com/dp/B0DC6P9DRN,XIJIANG,
,B0DS2HRXB8,5,Libros,disponible,disponible,,,2025-10-31T20:34:27.223Z,2025-11-01T17:58:32.443Z,2025-11-02T17:29:36.604Z,519,9.99,$512.93,"PRSTENLY - Regalo de jubilación para mujeres y hombres, regalos de jubilación para mujeres, profesores, amigos, enfermera, jefe, jubilado, despedida, despedida, regalos para compañeros de trabajo",https://www.amazon.com.mx/dp/B0DS2HRXB8,https://www.amazon.com/dp/B0DS2HRXB8,XIJIANG,Qiushi US
,B0CSG9FLQP,5,Libros,disponible,disponible,,,2025-10-31T20:34:27.223Z,2025-11-01T17:58:40.791Z,2025-11-02T17:29:44.482Z,1339.13,45,"$1,413.12",El sistema de aprendizaje de Jun Yuh | Tu herramienta diaria para una experiencia de aprendizaje transformada | Descubre el éxito académico | Negro,https://www.amazon.com.mx/dp/B0CSG9FLQP,https://www.amazon.com/dp/B0CSG9FLQP,XIJIANG,THE LEARNING SYSTEM
,B0F12THPKP,5,Libros,disponible,no disponible,,,2025-10-31T20:34:27.223Z,2025-11-01T17:58:49.145Z,2025-11-02T17:29:52.138Z,477,,$446.23,"Cuaderno de diario en espiral con forro, A5 de tapa dura en espiral para mujeres y hombres, 150 páginas numeradas en espiral, cuadernos de 100 g/m² con rayas universitarias para escribir notas de 5.7",https://www.amazon.com.mx/dp/B0F12THPKP,https://www.amazon.com/dp/B0F12THPKP,BG3 STORE,
,B0C7VBBD5S,5,Libros,disponible,no disponible,,,2025-10-31T20:34:27.223Z,2025-11-01T17:58:56.438Z,2025-11-02T17:30:00.404Z,1302,,"$1,281.29","Yeaqee 10 Cuadernos de Diario de Cuero PU Diario de Viaje Vintage Recargable Diario de 6 Anillas con Páginas a Rayas Regalo de Notas de Escritura Diaria Recompensa para Niños, A6 7"" x 5""",https://www.amazon.com.mx/dp/B0C7VBBD5S,https://www.amazon.com/dp/B0C7VBBD5S,XIJIANG,
,B0DNDZFPQ7,5,Libros,disponible,no disponible,,,2025-10-31T20:34:27.224Z,2025-11-01T17:59:05.366Z,2025-11-02T17:30:08.364Z,2106.61,,"$2,114.85","HCTBN - 4 almohadillas para orejas adhesivas para caballete, 25 x 30 pulgadas, 30 hojas/bloque, papel de alta calidad grande y blanco para profesores, hombres de negocios, trabajadores de oficina,",https://www.amazon.com.mx/dp/B0DNDZFPQ7,https://www.amazon.com/dp/B0DNDZFPQ7,SIDE SHOP,
,B0C1RTQYP7,5,Libros,disponible,disponible,,,2025-10-31T20:34:27.224Z,2025-11-01T17:59:14.056Z,2025-11-02T17:30:16.314Z,999,26.99,$981.98,"Outus - 90 minicarreteros a granel de 4 x 2.5 pulgadas, cuaderno de bolsillo pequeño, funda suave, con forro, regalo para estudiantes, profesores, compañeros de trabajo, aula, fiesta, premio",https://www.amazon.com.mx/dp/B0C1RTQYP7,https://www.amazon.com/dp/B0C1RTQYP7,XIJIANG,Yeehebe
,B0F8MHN6Y6,5,Libros,disponible,no disponible,,,2025-10-31T20:34:27.224Z,2025-11-01T17:59:22.773Z,2025-11-02T17:30:23.806Z,1703,,"$1,660.10","Cuaderno de campaña A5, cuaderno de viaje para hombres y mujeres, cubierta de cuaderno A5, resistente al agua, cubierta de lona encerada A5, con soporte para bolígrafos, incluye libro de campo",https://www.amazon.com.mx/dp/B0F8MHN6Y6,https://www.amazon.com/dp/B0F8MHN6Y6,XIJIANG,
,B0BTT9DLMT,5,Libros,disponible,no listado,,,2025-10-31T20:34:39.111Z,2025-11-01T17:59:30.696Z,2025-11-02T17:30:31.394Z,981.01,,$842.61,Binibi - Libro musical español para niños pequeños Sol Solecito y otras rimas infantiles | Aprendizaje español para niños | Libro de sonido infantil bilingüe | Libro en inglés para bebés,https://www.amazon.com.mx/dp/B0BTT9DLMT,https://www.amazon.com/dp/B0BTT9DLMT,doa store,
,B0DPPPVRSW,5,Libros,disponible,no disponible,,,2025-10-31T20:34:39.111Z,2025-11-01T17:59:37.654Z,2025-11-02T17:30:38.007Z,782.94,,$783.78,"Greatshoot Colored Poster Board 50Pcs, 11.7x16.5 10 Assorted Color Poster Paper, 230G Thickness Poster Board Bulk for School Arts & Crafts, DIY Art, Signs, Small Posters, Exhibits,Notices, and More",https://www.amazon.com.mx/dp/B0DPPPVRSW,https://www.amazon.com/dp/B0DPPPVRSW,SIDE SHOP,
,B0BJZQTJPZ,5,Libros,disponible,no disponible,,,2025-10-31T20:34:39.111Z,2025-11-01T17:59:45.551Z,2025-11-02T17:30:46.346Z,862.07,,$873.92,"YVPSI - Libro decorativo de 3 piezas de tapa dura, libros decorativos modernos apilados, decoración para decoración del hogar, estantería, mesa de centro, estantes de exhibición para sala de estar",https://www.amazon.com.mx/dp/B0BJZQTJPZ,https://www.amazon.com/dp/B0BJZQTJPZ,HNEN,
,B0C4F4CHZL,5,Libros,disponible,disponible,,,2025-10-31T20:34:39.112Z,2025-11-01T17:59:54.136Z,2025-11-02T17:30:53.265Z,1219,27.99,"$1,181.36","Dynta Cuaderno de bocetos de tapa dura en blanco, paquete de 6 paquetes sin forro, tamaño A5, 5.7 x 8.3 pulgadas, 120 hojas/240 páginas, bloc de bocetos de papel premium para libros de dibujo, suministros de arte para oficina, escuela, viajeros, diario",https://www.amazon.com.mx/dp/B0C4F4CHZL,https://www.amazon.com/dp/B0C4F4CHZL,Mel Trade,Dynta
,B07KSPXKXT,5,Libros,disponible,disponible,,,2025-10-31T20:34:39.112Z,2025-11-01T18:00:02.425Z,2025-11-02T17:31:02.055Z,1012,27.99,"$1,014.20","Huhuhero - Cuaderno con forro, paquete de 5 cuadernos de tapa dura negra para el trabajo, mujeres y hombres, diarios de piel de papel grueso de 120 g/m², para escribir notas, tomar negocios",https://www.amazon.com.mx/dp/B07KSPXKXT,https://www.amazon.com/dp/B07KSPXKXT,XIJIANG,huhuhero
,1782268464,5,Libros,disponible,no disponible,,,2025-10-31T20:34:39.112Z,2025-11-01T18:00:10.412Z,2025-11-02T17:31:10.755Z,1454,,"$1,433.22",AMERICAN CLASSICS CHILDRENS COLLECTION E,https://www.amazon.com.mx/dp/1782268464,https://www.amazon.com/dp/1782268464,FEEL EXTRA MX,
,B0DBQ6QXMG,5,Libros,disponible,disponible,,,2025-10-31T20:34:39.112Z,2025-11-01T18:00:17.133Z,2025-11-02T17:31:18.848Z,573,7.99,$497.60,"Paquete de 4 bloc de notas magnéticas para nevera con soporte para bolígrafos, lista de tareas magnéticas, lista de comestibles, lista de compras, almohadillas para orejas de notas para refrigerador",https://www.amazon.com.mx/dp/B0DBQ6QXMG,https://www.amazon.com/dp/B0DBQ6QXMG,XIJIANG,LiranAM
,1733817255,5,Libros,disponible,no disponible,,,2025-10-31T20:34:39.112Z,2025-11-01T18:00:24.823Z,2025-11-02T17:31:26.707Z,1143,,"$1,111.53",Procedimientos de Carga y Servicio de Refrigerante para Aire Acondicionado Cuaderno de Ejercicios,https://www.amazon.com.mx/dp/1733817255,https://www.amazon.com/dp/1733817255,XIJIANG,AC Service Tech LLC
,B0DXF6D4Y5,5,Libros,disponible,no disponible,,,2025-10-31T20:34:39.112Z,2025-11-01T18:00:37.771Z,2025-11-02T17:31:38.548Z,842,,$838.27,"KOPKOFT Suministros de estudio bíblico, kit de diario bíblico para mujeres con diario, estuche para bolígrafos, pestañas, resaltadores y bolígrafos, juego de accesorios bíblicos para mujeres",https://www.amazon.com.mx/dp/B0DXF6D4Y5,https://www.amazon.com/dp/B0DXF6D4Y5,XIJIANG,
,B0DGPBTKQP,5,Libros,disponible,no disponible,,,2025-10-31T20:34:39.112Z,2025-11-01T18:00:47.190Z,2025-11-02T17:31:47.520Z,734,,$699.13,"Tellingyou - 20 piezas de regalo de agradecimiento a los empleados a granel para veterinario técnico casos de gestión de la semana A6 a la lista de tareas con bolígrafos, bloc de notas motivacional",https://www.amazon.com.mx/dp/B0DGPBTKQP,https://www.amazon.com/dp/B0DGPBTKQP,KRONOS STORE,
,B0DSL3T5YF,5,Libros,disponible,no disponible,,,2025-10-31T20:34:39.112Z,2025-11-01T18:00:54.974Z,2025-11-02T17:31:55.657Z,432,,$418.32,"Cuaderno de diario con espiral forrado, cuaderno de rayas universitarias A5 para diario, toma de notas y planificación diaria, tapa dura duradera con un diseño elegante, morado",https://www.amazon.com.mx/dp/B0DSL3T5YF,https://www.amazon.com/dp/B0DSL3T5YF,Mel Trade,
,B0D2RM28V8,5,Libros,disponible,disponible,,,2025-10-31T20:34:39.113Z,2025-11-01T18:01:03.680Z,2025-11-02T17:32:04.587Z,728,16.99,$699.13,"Tellingyou 60 piezas de regalos de agradecimiento a los empleados, cuaderno inspirador a granel, cuaderno motivacional, mini bloc de notas, regalo inspirador de Navidad, para mujeres, hombres, jefes",https://www.amazon.com.mx/dp/B0D2RM28V8,https://www.amazon.com/dp/B0D2RM28V8,KRONOS STORE,Kuananzee
,B0D2KZ2Y5H,5,Libros,disponible,disponible,,,2025-10-31T20:34:39.113Z,2025-11-01T18:01:11.108Z,2025-11-02T17:32:12.883Z,672,13.99,$627.16,"Dynta - Libro de tapa dura en blanco de 5 x 5 pulgadas, paquete de 8 libros en blanco para que los niños escriban historias, regalo de Navidad, arte del hogar, cuaderno de bocetos de tapa dura blanca",https://www.amazon.com.mx/dp/B0D2KZ2Y5H,https://www.amazon.com/dp/B0D2KZ2Y5H,Corner Stone LLC,Dynta
,B0F2S371HX,5,Libros,disponible,disponible,,,2025-10-31T20:34:39.113Z,2025-11-01T18:01:19.457Z,2025-11-02T17:32:20.266Z,564,9.99,$527.72,"Qabliqo - Cuadernos en espiral de club de enfermeras de color rosa, para escribir, para enfermeras, día de la semana, para tomar notas, suministros de enfermería para enfermeras, 5.5 x 8.3 pulgadas",https://www.amazon.com.mx/dp/B0F2S371HX,https://www.amazon.com/dp/B0F2S371HX,Mel Trade,yoututu
,B0CWNYKFHS,5,Libros,disponible,disponible,,,2025-10-31T20:34:39.113Z,2025-11-01T18:01:26.247Z,2025-11-02T17:32:27.374Z,743.23,18.99,$728.38,"Swillood - Funda para planificador A5, funda de piel para cuaderno, diario, accesorios de planificador con ranuras para tarjetas, soporte para bolígrafos, pestañas de índice de calendario, marcador y",https://www.amazon.com.mx/dp/B0CWNYKFHS,https://www.amazon.com/dp/B0CWNYKFHS,XIJIANG,Swillood Store
,B0CPDGZTK8,5,Libros,disponible,no disponible,,,2025-10-31T20:34:52.710Z,2025-11-01T18:01:34.503Z,2025-11-02T17:32:36.222Z,980,,$891.41,Dot Grid Journal A4 Size Black,https://www.amazon.com.mx/dp/B0CPDGZTK8,https://www.amazon.com/dp/B0CPDGZTK8,SEONGSAN,
,B0DKXGLKL9,5,Libros,disponible,no disponible,,,2025-10-31T20:34:52.711Z,2025-11-01T18:01:42.835Z,2025-11-02T17:32:43.448Z,420,,$435.70,"Legal Pads 5 x 8 pulgadas, paquete de 6 almohadillas para orejas de notas de colores, almohadillas para orejas de papel rayadas amarillas universitarias, almohadillas para orejas de letras y letras",https://www.amazon.com.mx/dp/B0DKXGLKL9,https://www.amazon.com/dp/B0DKXGLKL9,XIJIANG,
,B0CP41VL2C,5,Libros,disponible,disponible,,,2025-10-31T20:34:52.711Z,2025-11-01T18:01:50.973Z,2025-11-02T17:32:50.283Z,499,9.99,$512.93,"PRSTENLY - Diario de piel, regalos de graduación para ella y él, diario recargable de 140 páginas, 2025 para la escuela secundaria, grado de maestría, doctorado, enfermera, ideas de regalo de",https://www.amazon.com.mx/dp/B0CP41VL2C,https://www.amazon.com/dp/B0CP41VL2C,XIJIANG,Qiushi US
,B0C53BC1SQ,5,Libros,disponible,disponible,,,2025-10-31T20:34:52.711Z,2025-11-01T18:01:59.422Z,2025-11-02T17:32:58.868Z,866.22,24.99,$942.46,"Fulmoon - 100 cuadernos motivacionales a granel para empleados, bloc de notas de bolsillo pequeño, mini diario, regalos de equipo, para apreciación de los empleados, uso en la oficina (café)",https://www.amazon.com.mx/dp/B0C53BC1SQ,https://www.amazon.com/dp/B0C53BC1SQ,XIJIANG,Yuanweius
,B0DWX57B9N,5,Libros,disponible,no disponible,,,2025-10-31T20:34:52.711Z,2025-11-01T18:02:07.579Z,2025-11-02T17:33:05.711Z,1037,,"$1,017.85","Dynta - Cuadernos con forro A4, paquete de 3 cuadernos de tapa dura de piel de 8.5 x 11 pulgadas, 200 páginas/100 hojas grandes para el trabajo, diario, tomar notas (negro, verde, azul)",https://www.amazon.com.mx/dp/B0DWX57B9N,https://www.amazon.com/dp/B0DWX57B9N,XIJIANG,
,B0BG5NBNBG,5,Libros,disponible,disponible,,,2025-10-31T20:34:52.711Z,2025-11-01T18:02:16.055Z,2025-11-02T17:33:13.900Z,644,14.59,$641.56,"Yoment - Cuadernos de tapa dura en espiral para el trabajo y la escuela, cuaderno B5 con divisores de pestañas, cuaderno multi5 sujetos a rayas universitarias, diario forrado de 240 páginas para",https://www.amazon.com.mx/dp/B0BG5NBNBG,https://www.amazon.com/dp/B0BG5NBNBG,XIJIANG,Yoment
,B0CMTRPSGX,5,Libros,disponible,no disponible,,,2025-10-31T20:34:52.711Z,2025-11-01T18:02:23.520Z,2025-11-02T17:33:21.676Z,781.16,,$790.29,"PERCUN B5 - Cuaderno de diario con forro – 365 páginas grandes de piel para escribir mujeres y hombres, cuaderno de tapa dura con páginas gruesas de 100 g/m², diario para viajes, trabajo, escuela,",https://www.amazon.com.mx/dp/B0CMTRPSGX,https://www.amazon.com/dp/B0CMTRPSGX,XIJIANG,
,B09V2TN5XF,5,Libros,disponible,disponible,,,2025-10-31T20:34:52.711Z,2025-11-01T18:02:31.598Z,2025-11-02T17:33:29.876Z,856,23.95,$865.69,"Diario clásico con candado para mujer, diario de piel con cerraduras recargables, bloqueo personal, cuaderno de escritura, diario B6, diario secreto con combinación de contraseña, 5.5 x 7.8 pulgadas",https://www.amazon.com.mx/dp/B09V2TN5XF,https://www.amazon.com/dp/B09V2TN5XF,XIJIANG,Yoment
,B0CZ3Z55YT,5,Libros,disponible,no disponible,,,2025-10-31T20:34:52.711Z,2025-11-01T18:02:39.915Z,2025-11-02T17:33:38.524Z,1286,,"$1,292.25","NomadCraftsCo. Vintage Leather Journal with Gift Box - Old Leather Bound Grimoire, Sketchbook, and Notebook - Perfect Leather Journals for Women and Men - Elegant Vintage Book for Writing and Drawing",https://www.amazon.com.mx/dp/B0CZ3Z55YT,https://www.amazon.com/dp/B0CZ3Z55YT,XIJIANG,
,B083RS33NG,5,Libros,disponible,disponible,,,2025-10-31T20:34:52.711Z,2025-11-01T18:02:48.144Z,2025-11-02T17:33:47.057Z,496.36,9.99,$512.93,"Diarios de árbol de la vida para mujeres y hombres A5 con forro ancho y rayado, cuaderno personal de 180° de papel grueso plano de piel sintético, 200 páginas (azul)",https://www.amazon.com.mx/dp/B083RS33NG,https://www.amazon.com/dp/B083RS33NG,XIJIANG,Fanery Sue
,B0CRPW5HVH,5,Libros,disponible,no disponible,,,2025-10-31T20:34:52.712Z,2025-11-01T18:02:56.682Z,2025-11-02T17:33:54.790Z,1052,,$971.47,"ACTIONDRAKE - Cuaderno para mujeres y hombres, 288 páginas A5 de piel de tapa dura para escribir, viajes, negocios, trabajo y escuela, cuadernos con rayas universitarias para tomar notas, bloc de",https://www.amazon.com.mx/dp/B0CRPW5HVH,https://www.amazon.com/dp/B0CRPW5HVH,OLALOOK LLC,
,B07BJH1RPP,5,Libros,disponible,disponible,,,2025-10-31T20:34:52.712Z,2025-11-01T18:03:05.440Z,2025-11-02T17:34:02.311Z,588,9.95,$558.68,"Travelers - Recambios semanales para cuaderno de tamaño estándar, juego de 3, total de 192 páginas, 8.25 x 4.25 pulgadas",https://www.amazon.com.mx/dp/B07BJH1RPP,https://www.amazon.com/dp/B07BJH1RPP,MX Shipment's,September Leather
,1782269967,5,Libros,disponible,no disponible,,,2025-10-31T20:34:52.712Z,2025-11-01T18:03:13.997Z,2025-11-02T17:34:11.095Z,1320,,"$1,330.98",Numberblocks and Alphablocks 5 Book Lift-the-Flap Set,https://www.amazon.com.mx/dp/1782269967,https://www.amazon.com/dp/1782269967,XIJIANG,
,B0CMZTJRCD,5,Libros,disponible,disponible,,,2025-10-31T20:34:52.712Z,2025-11-01T18:03:27.597Z,2025-11-02T17:34:24.526Z,1565.05,49.95,"$1,531.69","NomadCraftsCo. Diario de piel clásico - Cierre de cerradura, diario de libro de sombras, diario Grimoire, diario de bruja, diario clásico, 240 páginas de papel antiguo con borde de cubierta",https://www.amazon.com.mx/dp/B0CMZTJRCD,https://www.amazon.com/dp/B0CMZTJRCD,AUTO MATE,NomadCraftsCo.
,B0FDQDRXKZ,5,Libros,disponible,no disponible,,,2025-10-31T20:34:52.712Z,2025-11-01T18:03:35.359Z,2025-11-02T17:34:31.940Z,829,,$770.87,"Cuaderno de diario forrado para mujeres y hombres, 352 páginas A5 (5.7 x 8.3 pulgadas), diarios de piel de tapa dura con rayas universitarias para escribir, cuadernos diarios para trabajo, tomar notas",https://www.amazon.com.mx/dp/B0FDQDRXKZ,https://www.amazon.com/dp/B0FDQDRXKZ,HARCIN-STORE,
,B0DG513BMV,5,Libros,disponible,no disponible,,,2025-10-31T20:34:52.712Z,2025-11-01T18:03:43.436Z,2025-11-02T17:34:39.964Z,847,,$842.61,"Mooliwe 4 cuadernos de pintura de diamantes 5D para adultos, diarios de arte de diamantes, juegos de kits de arte de diamantes, A5, cuaderno de bocetos de pintura de piel para volver a la escuela,",https://www.amazon.com.mx/dp/B0DG513BMV,https://www.amazon.com/dp/B0DG513BMV,SIDE SHOP,
,B08YX3ZZVF,5,Libros,disponible,disponible,,,2025-10-31T20:35:03.642Z,2025-11-01T18:03:51.407Z,2025-11-02T17:34:48.683Z,1265,37.95,"$1,254.31","Diario de piel clásico con páginas forradas con llave, antiguo hecho a mano, con borde de decapado, de papel clásico, diario encuadernado de piel, libro de sombras, cuaderno de bocetos de piel, diario",https://www.amazon.com.mx/dp/B08YX3ZZVF,https://www.amazon.com/dp/B08YX3ZZVF,NEW AGE SHOPPING,NomadCraftsCo.
,B0D17L7YY7,5,Libros,disponible,disponible,,,2025-10-31T20:35:03.642Z,2025-11-01T18:03:58.708Z,2025-11-02T17:34:56.611Z,733,16.99,$722.67,"Biuwory - Cuaderno de diario con forro A4 para mujeres y hombres, 256 páginas de piel de tapa dura para escribir, viajes, trabajo, escuela, cuadernos con rayas universitarias para tomar notas,",https://www.amazon.com.mx/dp/B0D17L7YY7,https://www.amazon.com/dp/B0D17L7YY7,XIJIANG,Biuwory Office
,B0F889PGKM,5,Libros,disponible,disponible,,,2025-10-31T20:35:03.642Z,2025-11-01T18:04:06.562Z,2025-11-02T17:35:04.686Z,1033,23.99,$934.82,"Ciyanwcx - Juego de regalo de cuaderno de piel - Diario de tapa dura A5 con bolígrafo y 6 marcadores de corazón, caja de regalo + bolsa (rosa)",https://www.amazon.com.mx/dp/B0F889PGKM,https://www.amazon.com/dp/B0F889PGKM,ALITTA,Ciyanwcx
,B0CL7HDSY6,5,Libros,disponible,no disponible,,,2025-10-31T20:35:03.642Z,2025-11-01T18:04:14.839Z,2025-11-02T17:35:12.294Z,468,,$478.20,"QYUVK My Favorite Coworkers Gave Me This Gold Hardcover 160 Pages Spiral Notebooks, Coworker Leaving Gift, Sarcastic Farewell Gift, Goodbye Gifts for Coworkers, Coworker Birthday Gift, New Job Gift",https://www.amazon.com.mx/dp/B0CL7HDSY6,https://www.amazon.com/dp/B0CL7HDSY6,XIJIANG,
,B0F62N4M99,5,Libros,disponible,disponible,,,2025-10-31T20:35:03.643Z,2025-11-01T18:04:22.393Z,2025-11-02T17:35:20.529Z,1451,42.99,"$1,448.76","30 juegos de regalos de agradecimiento a los empleados, cuaderno en espiral inspirador a granel con nota adhesiva y bolígrafos motivacionales de bambú, regalos de agradecimiento para empleados",https://www.amazon.com.mx/dp/B0F62N4M99,https://www.amazon.com/dp/B0F62N4M99,XIJIANG,Ahuang-store
,B0DKT3SV57,5,Libros,disponible,disponible,,,2025-10-31T20:35:03.643Z,2025-11-01T18:04:30.210Z,2025-11-02T17:35:27.378Z,482,7.99,$476.59,"Paquete de 2 almohadillas para orejas magnéticas para nevera con soporte para bolígrafos, 120 hojas de bloc de notas magnéticas para nevera, lista de compras, lista de tareas, bloc de notas de notas,",https://www.amazon.com.mx/dp/B0DKT3SV57,https://www.amazon.com/dp/B0DKT3SV57,XIJIANG,LiranAM
,B0F5WFWC63,5,Libros,disponible,no disponible,,,2025-10-31T20:35:03.643Z,2025-11-01T18:04:38.675Z,2025-11-02T17:35:35.705Z,897,,$790.29,SANANT Hardcover Spiral Notebook Purple,https://www.amazon.com.mx/dp/B0F5WFWC63,https://www.amazon.com/dp/B0F5WFWC63,ALITTA,
,B0D12NXXN4,5,Libros,disponible,disponible,,,2025-10-31T20:35:03.643Z,2025-11-01T18:04:45.481Z,2025-11-02T17:35:44.583Z,1267.87,28.99,"$1,240.06","Moinchore - Juego de 10 regalos de graduación, regalos de agradecimiento a los empleados, cuaderno de piel con caja de regalo, regalo inspirador para estudiantes, compañeros de trabajo, día de",https://www.amazon.com.mx/dp/B0D12NXXN4,https://www.amazon.com/dp/B0D12NXXN4,Mel Trade,Seyeirur
,B0BXWWJ7XM,5,Libros,disponible,disponible,,,2025-10-31T20:35:03.643Z,2025-11-01T18:04:53.588Z,2025-11-02T17:35:53.135Z,907,18.99,$790.29,"Cuaderno de diario con forro, 365 páginas B5 grandes para escribir cuaderno a rayas, diario de piel de tapa dura rosa para mujeres y hombres, cuaderno diario para el trabajo, toma de notas, papel",https://www.amazon.com.mx/dp/B0BXWWJ7XM,https://www.amazon.com/dp/B0BXWWJ7XM,,Woarilco
,B0F3D3KC7M,5,Libros,disponible,disponible,,,2025-10-31T20:35:03.643Z,2025-11-01T18:05:00.108Z,2025-11-02T17:36:00.756Z,1363,33.99,"$1,207.37","Supervitae - Paquete de 12 regalos cristianos para mujeres a granel con versículo bíblico en espiral, cuadernos A5, estéticos, inspiradores, religiosos, bloc de notas de oración con escrituras para",https://www.amazon.com.mx/dp/B0F3D3KC7M,https://www.amazon.com/dp/B0F3D3KC7M,ShoppinGoods MX,Qulungudde
,B0C6V1PK4X,5,Libros,disponible,disponible,,,2025-10-31T20:35:03.643Z,2025-11-01T18:05:08.897Z,2025-11-02T17:36:07.603Z,793.7,20.97,$775.90,"Diario de autodominio para hombres – Diario de productividad diaria para felicidad, diario de gratitud, atención plena y reflexión, diario de objetivos, diario guiado para hombres y mujeres – Diario",https://www.amazon.com.mx/dp/B0C6V1PK4X,https://www.amazon.com/dp/B0C6V1PK4X,GUTTIDIRECT,Realizations
,B0DY1F7GWD,5,Libros,disponible,disponible,,,2025-10-31T20:35:03.644Z,2025-11-01T18:05:16.576Z,2025-11-02T17:36:14.847Z,913,19.99,$814.28,"Dynta - Paquete de 60 cuadernos de bolsillo de 2.5 x 4 pulgadas, con costuras de hilo a granel, pequeño cuaderno portátil, bonito bloc de notas con forro pequeño para regalo, diario, viajes (12 fundas",https://www.amazon.com.mx/dp/B0DY1F7GWD,https://www.amazon.com/dp/B0DY1F7GWD,SEONGSAN,Dynta
,B0F38BX5PY,5,Libros,disponible,no disponible,,,2025-10-31T20:35:03.644Z,2025-11-01T18:05:24.918Z,2025-11-02T17:36:22.806Z,1102,,"$1,057.27",Sayglossy 20 Sets Father's Day Gifts Bulk for Church Man of God Spiral Kraft Notebooks and Bamboo Pens Bible Verse Journaling Bible Study Supplies Christian Religious Gifts for Men Dad Godfather,https://www.amazon.com.mx/dp/B0F38BX5PY,https://www.amazon.com/dp/B0F38BX5PY,Mel Trade,
,B09SV7KFL7,5,Libros,disponible,disponible,,,2025-10-31T20:35:03.644Z,2025-11-01T18:05:32.062Z,2025-11-02T17:36:30.080Z,793,18.59,$692.73,"BUKE - Cuaderno de cuadrícula de puntos tamaño A5, 180 g/m², papel grueso de bambú blanco, cena, 5 cuadrícula de puntos de 5 mm, 160 páginas, bordes plateados de colores, tapa dura de tela impermeable",https://www.amazon.com.mx/dp/B09SV7KFL7,https://www.amazon.com/dp/B09SV7KFL7,SURE_FIRE,BUKE
,B0F1MXHJ8D,5,Libros,disponible,disponible,,,2025-10-31T20:35:03.644Z,2025-11-01T18:05:41.189Z,2025-11-02T17:36:37.793Z,656,,$608.66,"TWRVI - Cuaderno en espiral de boda, para despedida de soltera, regalos de boda, para suministros de oficina, regalos de recién casados, notas pequeñas para el gran día, cuadernos de 5.5 x 8.3",https://www.amazon.com.mx/dp/B0F1MXHJ8D,https://www.amazon.com/dp/B0F1MXHJ8D,Mel Trade,nanjingchengfengjue
,B0F2J7DY4Y,5,Libros,disponible,no disponible,,,2025-10-31T20:35:03.644Z,2025-11-01T18:05:48.963Z,2025-11-02T17:36:44.951Z,1171,,"$1,150.19","CRONELYSIA - Cuadernos con forro A5 para trabajo, 192 páginas, mediano 5.7 x 8.3 pulgadas, rayas universitarias, diarios de tapa dura de piel vegano para mujeres y hombres, paquete de 8, color negro",https://www.amazon.com.mx/dp/B0F2J7DY4Y,https://www.amazon.com/dp/B0F2J7DY4Y,BG3 STORE,
,B0F29M4N1J,5,Libros,disponible,disponible,,,2025-10-31T20:35:17.609Z,2025-11-01T18:05:57.234Z,2025-11-02T17:36:52.128Z,186,9.99,$545.90,"Regalos cristianos de color azul claro A5 para mujeres y hombres, cruz cristiana de piel sintética, clásico, regalos inspiradores, regalos religiosos, regalos religiosos, versículo bíblico, cuaderno",https://www.amazon.com.mx/dp/B0F29M4N1J,https://www.amazon.com/dp/B0F29M4N1J,,RDNOTEBOOK
,B0CJR7SFYW,5,Libros,disponible,no disponible,,,2025-10-31T20:35:17.609Z,2025-11-01T18:06:10.233Z,2025-11-02T17:37:04.141Z,1034,,$985.99,"Graph Paper Notebook, 312 Numbered Pages Large A4 Hardcover Leather Journal, 100gsm No Bleed Grid Paper Notebook with Index Pages, Squared Grid Notebook for Graphing Notes Math, 8.5'' × 11'', Brown",https://www.amazon.com.mx/dp/B0CJR7SFYW,https://www.amazon.com/dp/B0CJR7SFYW,AUTO MATE,
,B0F244TTB1,5,Libros,disponible,disponible,,,2025-10-31T20:35:17.610Z,2025-11-01T18:06:17.505Z,2025-11-02T17:37:12.725Z,1295,35.99,"$1,305.96","Dynta - Cuadernos de tapa dura, paquete de 10 diarios forrados A5, a granel, 5.8 x 8.4 pulgadas, 160 páginas/80 hojas universitarias a rayas con bucle para bolígrafo, cuadernos para trabajo, escritura",https://www.amazon.com.mx/dp/B0F244TTB1,https://www.amazon.com/dp/B0F244TTB1,XIJIANG,Dynta
,B0DWXZKVM9,5,Libros,disponible,disponible,,,2025-10-31T20:35:17.610Z,2025-11-01T18:06:25.675Z,2025-11-02T17:37:19.866Z,1062,29.99,"$1,062.18","10 juegos de cuaderno de la Biblia cristiana, cuaderno de oración a granel A6 con bolígrafos para mujeres, hombres, familia, profesores, domingo, iglesia, Navidad, caja de regalo a granel",https://www.amazon.com.mx/dp/B0DWXZKVM9,https://www.amazon.com/dp/B0DWXZKVM9,XIJIANG,Happy Corner: Grace and Faith
,B0DTQTDFNC,5,Libros,disponible,disponible,,,2025-10-31T20:35:17.610Z,2025-11-01T18:06:32.889Z,2025-11-02T17:37:26.388Z,1090,11.99,$600.30,"SNNDER Funny Science Cat Notebook Journal, Funny Cat Gifts for Cat Lovers Science Teachers Scientists, Cat Lady Mom Gifts, Cat Office Supplies, Hardcover Spiral Notebook 5.5x8.3 Inch",https://www.amazon.com.mx/dp/B0DTQTDFNC,https://www.amazon.com/dp/B0DTQTDFNC,SEONGSAN,shenzhenshixiaoyumaoyiyouxiangongsi
,B07P2JD28X,5,Libros,disponible,no disponible,,,2025-10-31T20:35:17.610Z,2025-11-01T18:06:41.179Z,2025-11-02T17:37:33.726Z,691.18,,$690.48,"Paquete de 3 linternas de luz roja, 3 modos de linterna LED roja, con zoom de largo alcance, luz roja de caza con clip para caza, detector, observación nocturna",https://www.amazon.com.mx/dp/B07P2JD28X,https://www.amazon.com/dp/B07P2JD28X,XIJIANG,
,B0DM5YBH3W,5,Libros,disponible,disponible,,,2025-10-31T20:35:17.610Z,2025-11-01T18:06:49.395Z,2025-11-02T17:37:41.094Z,501,6.99,$469.24,"Hiipeenow Team Gifts for Employees, Leather Travel Journal 140 Pages Presents, Team Appreciation Thank You Teamwork Gifts for Coworkers Boss Coach Leader Supervisor",https://www.amazon.com.mx/dp/B0DM5YBH3W,https://www.amazon.com/dp/B0DM5YBH3W,ALITTA,Haipie
,B0F1MJ33FY,5,Libros,disponible,disponible,,,2025-10-31T20:35:17.610Z,2025-11-01T18:06:57.714Z,2025-11-02T17:37:48.941Z,799,19.99,$711.52,"Cuaderno de piel de tapa dura, con forro A5, 208 páginas, 5 x 8.25 pulgadas, páginas de borde dorado con cierre de correa, viajes, trabajo, escuela, escritura, diarios para mujeres y hombres, caja de",https://www.amazon.com.mx/dp/B0F1MJ33FY,https://www.amazon.com/dp/B0F1MJ33FY,,WETLOTE
,B0C17KWC36,5,Libros,disponible,disponible,,,2025-10-31T20:35:17.610Z,2025-11-01T18:07:05.952Z,2025-11-02T17:37:57.619Z,531,9.99,$530.80,Regalos para hija de papá,https://www.amazon.com.mx/dp/B0C17KWC36,https://www.amazon.com/dp/B0C17KWC36,Abundant Peace,Giftrry
,B0F18S1XTX,5,Libros,disponible,disponible,,,2025-10-31T20:35:17.610Z,2025-11-01T18:07:13.644Z,2025-11-02T17:38:04.813Z,634,12.99,$584.67,Foritho blankbook 001,https://www.amazon.com.mx/dp/B0F18S1XTX,https://www.amazon.com/dp/B0F18S1XTX,Mel Trade,jibaimaoyi
,B0D2GZSWMP,5,Libros,disponible,disponible,,,2025-10-31T20:35:17.610Z,2025-11-01T18:07:20.614Z,2025-11-02T17:38:13.421Z,842,18.99,$827.65,"Dynta - Mini cuadernos de bolsillo de 3 x 5 a granel, pequeños cuadernos en espiral, paquetes de 30 blocs de notas para hombres, mujeres, niños, estudiantes, profesores, trabajo, toma de notas (60",https://www.amazon.com.mx/dp/B0D2GZSWMP,https://www.amazon.com/dp/B0D2GZSWMP,XIJIANG,Dynta
,B0DTKCVKLY,5,Libros,disponible,no disponible,,,2025-10-31T20:35:17.611Z,2025-11-01T18:07:28.376Z,2025-11-02T17:38:21.917Z,480,,$473.86,B1-Cat Floral-PU Notebook,https://www.amazon.com.mx/dp/B0DTKCVKLY,https://www.amazon.com/dp/B0DTKCVKLY,BG3 STORE,
,B0DZCYRN7S,5,Libros,disponible,disponible,,,2025-10-31T20:35:17.611Z,2025-11-01T18:07:35.752Z,2025-11-02T17:38:29.882Z,643,12.99,$604.18,"MOFUYU Cuaderno de cereza con lazo rosa coqueta, diario estético moderno para niñas, lindo planificador en espiral con rayas universitarias, suministros escolares de coqueta y regalos para mujeres",https://www.amazon.com.mx/dp/B0DZCYRN7S,https://www.amazon.com/dp/B0DZCYRN7S,Twenty Market,yuheuyu
,B0DZCXVWGK,5,Libros,disponible,disponible,,,2025-10-31T20:35:31.498Z,2025-11-01T18:07:43.183Z,2025-11-02T17:38:36.670Z,598,12.99,$597.33,"MOFUYU - Diario bíblico Diario bíblico Diario bueno todo el tiempo, diario floral cristiano para mujer, cuaderno de fe para tomar notas, tapa dura en espiral A5",https://www.amazon.com.mx/dp/B0DZCXVWGK,https://www.amazon.com/dp/B0DZCXVWGK,XIJIANG,yuheuyu
,B0DBC15MV2,5,Libros,disponible,disponible,,,2025-10-31T20:35:31.499Z,2025-11-01T18:07:51.529Z,2025-11-02T17:38:44.811Z,888,23.74,$884.89,"Steadfast and Sustained Church Notes Journal (nuevo tamaño más grande, 7 x 10), cuaderno de sermones y podcasts, diario guiado para escribir puntos clave, escritura y aplicación, encuadernado en",https://www.amazon.com.mx/dp/B0DBC15MV2,https://www.amazon.com/dp/B0DBC15MV2,XIJIANG,Steadfast and Sustained
,B0DYK6K9R1,5,Libros,disponible,disponible,,,2025-10-31T20:35:31.499Z,2025-11-01T18:07:59.194Z,2025-11-02T17:38:53.196Z,664,12.99,$600.10,"ICEWHITEY - Cuaderno de enfermera rosa, regalos para profesionales escolares, suministros de oficina de enfermera, diario en espiral personalizado inicial. 5.5 x 8.3 pulgadas (K)",https://www.amazon.com.mx/dp/B0DYK6K9R1,https://www.amazon.com/dp/B0DYK6K9R1,ALITTA,ICEWHITEY
,B0BS1TF8D9,5,Libros,disponible,disponible,,,2025-10-31T20:35:31.499Z,2025-11-01T18:08:05.560Z,2025-11-02T17:39:00.140Z,1879.35,59,"$1,868.86","Agenda para el hogar, 2ª edición, paquete de 15 unidades, 766 calcomanías en total, varios tamaños, hojas de calcomanías de 5 x 7 pulgadas, estampado de lámina dorada, divertidas calcomanías para planificadores del hogar, planificador de dinero, diarios y más",https://www.amazon.com.mx/dp/B0BS1TF8D9,https://www.amazon.com/dp/B0BS1TF8D9,ENG DEALS LTD,Passionate Penny Pincher
,B09YGGTBZG,5,Libros,disponible,disponible,,,2025-10-31T20:35:31.499Z,2025-11-01T18:08:13.765Z,2025-11-02T17:39:08.242Z,1274,35.99,"$1,257.30","Leelosp 50 Cuaderno de Bolsillo Pequeño de 3 x 5 Pulgadas Mini Bloc de Notas en Espiral Pequeño Papel Rayado Universitario Encuadernado, 75 Hojas/Bloc, 5 Colores Surtidos",https://www.amazon.com.mx/dp/B09YGGTBZG,https://www.amazon.com/dp/B09YGGTBZG,XIJIANG,Moonam
,B0DXYYD92W,5,Libros,disponible,disponible,,,2025-10-31T20:35:31.499Z,2025-11-01T18:08:22.417Z,2025-11-02T17:39:17.116Z,472,7.32,$472.99,FITIE Notebook 281,https://www.amazon.com.mx/dp/B0DXYYD92W,https://www.amazon.com/dp/B0DXYYD92W,BG3 STORE,Fitie
,B09NPG7CK9,5,Libros,disponible,disponible,,,2025-10-31T20:35:31.499Z,2025-11-01T18:08:28.805Z,2025-11-02T17:39:25.426Z,875,24.95,$889.68,"Diario clásico con candado para mujer, diario de piel con candado recargable, bloqueo personal, cuaderno de escritura, diario B6, diario secreto con contraseña de combinación, 5.5 x 7.8 pulgadas, púrpura..",https://www.amazon.com.mx/dp/B09NPG7CK9,https://www.amazon.com/dp/B09NPG7CK9,XIJIANG,Yoment
,B0DXPXXJGX,5,Libros,disponible,disponible,,,2025-10-31T20:35:31.499Z,2025-11-01T18:08:35.467Z,2025-11-02T17:39:33.261Z,639,12.99,$584.67,"THEBESTU Whenever You Find Yourself Doubing How Far You Can Go 160 Pages Hardcover Blank Spiral Notebook, Funny Encouragement Gifts, Religious Faith Inspirational Gifts for Teammate Daughter Student",https://www.amazon.com.mx/dp/B0DXPXXJGX,https://www.amazon.com/dp/B0DXPXXJGX,Mel Trade,kpbaodanmaoyi
,B0DXDW53K1,5,Libros,disponible,no disponible,,,2025-10-31T20:35:31.499Z,2025-11-01T18:08:47.875Z,2025-11-02T17:39:46.068Z,556,,$546.51,"Mhfpl Things I Can't Say Out Loud White Spiral Blank Notebook, Funny Flower Journal Gifts for Women Men, Birthday Appreciate Gifts for Employee Colleagues, Thank You Gifts for Coworker Work Bestie",https://www.amazon.com.mx/dp/B0DXDW53K1,https://www.amazon.com/dp/B0DXDW53K1,XIJIANG,
,B0DW988C9S,5,Libros,no disponible,disponible,,,2025-10-31T20:35:31.499Z,2025-11-01T18:08:55.309Z,2025-11-02T17:39:54.320Z,,7.49,$614.31,"EKGJW - Cuadernos divertidos para el trabajo, diario estético negro, regalos divertidos para el día del jefe, regalos para hombres y mujeres, regalos divertidos para jefe, decoración de oficina",https://www.amazon.com.mx/dp/B0DW988C9S,https://www.amazon.com/dp/B0DW988C9S,,LVJIAO
,B0C7S89VH7,5,Libros,disponible,disponible,,,2025-10-31T20:35:31.500Z,2025-11-01T18:09:02.494Z,2025-11-02T17:40:03.269Z,907,18.99,$798.75,"WritePads - Bloc de notas legales de 8.5 x 14 pulgadas, almohadilla ancha de escritura, papel canario, paquete de 6, 50 hojas por bloque, bloc de notas microperforado, fabricado en los Estados Unidos",https://www.amazon.com.mx/dp/B0C7S89VH7,https://www.amazon.com/dp/B0C7S89VH7,ALITTA,WritePads
,B0DX71TMPW,5,Libros,disponible,no disponible,,,2025-10-31T20:35:31.500Z,2025-11-01T18:09:10.604Z,2025-11-02T17:40:10.987Z,1206,,"$1,204.94","Chuangdi 6 juegos de regalos de agradecimiento a los maestros, cuaderno de piel A5 con hebilla de metal, bolígrafo de agradecimiento para mujeres, hombres, profesores, empleados, compañeros de trabajo",https://www.amazon.com.mx/dp/B0DX71TMPW,https://www.amazon.com/dp/B0DX71TMPW,XIJIANG,
,B0DR1P1QK2,5,Libros,disponible,disponible,,,2025-10-31T20:35:31.500Z,2025-11-01T18:09:17.983Z,2025-11-02T17:40:18.364Z,616,11.99,$597.03,"UYIKG She is Fearfully and Wonderfully Made Salm 139:14 - Cuaderno inspirador Biblia cristiana flor silvestre acuarela cuaderno espiral para mujeres, niñas, escuela, adolescentes, 80 hojas 5.8 x 8.3",https://www.amazon.com.mx/dp/B0DR1P1QK2,https://www.amazon.com/dp/B0DR1P1QK2,Mel Trade,IYXIONGWAN
,B0DX1RPHBF,5,Libros,disponible,disponible,,,2025-10-31T20:35:31.500Z,2025-11-01T18:09:25.326Z,2025-11-02T17:40:25.515Z,582,9.29,$676.50,"Wheatwin God Says I am Christian Cuaderno en espiral, diario de la Biblia Coquette Pink Bow, diario de oración para mujer, diario de notas de la iglesia, cuadernos de tapa dura de escrituras, 5.5 x",https://www.amazon.com.mx/dp/B0DX1RPHBF,https://www.amazon.com/dp/B0DX1RPHBF,ALITTA,Wheatwin
,B0DTYSV5Z2,5,Libros,disponible,disponible,,,2025-10-31T20:35:31.500Z,2025-11-01T18:09:32.643Z,2025-11-02T17:40:33.150Z,731,16.99,$719.33,"Chiisong - Juego de 24 bolígrafos de notas religiosos en español con versículo bíblico, regalos cristianos españoles para compañeros de trabajo, enfermera, empleado, oficina, día festivo, iglesia,",https://www.amazon.com.mx/dp/B0DTYSV5Z2,https://www.amazon.com/dp/B0DTYSV5Z2,Mel Trade,MyueiNes
,B0DWZWDY1F,5,Libros,disponible,disponible,,,2025-10-31T20:35:31.500Z,2025-11-01T18:09:40.871Z,2025-11-02T17:40:41.448Z,621,12.08,$620.09,"Wheatwin - Cuaderno cristiano en espiral con lazo coqueta de leopardo, cuaderno cristiano para mujer, diario de oración religiosa para mujer, cuaderno de tapa dura con escritura It is Well with My",https://www.amazon.com.mx/dp/B0DWZWDY1F,https://www.amazon.com/dp/B0DWZWDY1F,XIJIANG,Wheatwin
,B0DSPBH1CQ,5,Libros,disponible,disponible,,,2025-10-31T20:35:43.655Z,2025-11-01T18:09:48.643Z,2025-11-02T17:40:49.704Z,582,9.99,$545.90,"Juego de cuadernos de bolsillo de 3.1 x 5.5 pulgadas en línea y cuadrado con funda, el juego de cuadernos de bolsillo compacto y ligero no solo es adecuado para registros diarios como notas de",https://www.amazon.com.mx/dp/B0DSPBH1CQ,https://www.amazon.com/dp/B0DSPBH1CQ,ALITTA,WETLOTE Direct
,B0DMHND44P,5,Libros,disponible,disponible,,,2025-10-31T20:35:43.656Z,2025-11-01T18:09:55.159Z,2025-11-02T17:40:56.921Z,1073,33,"$1,082.28",Ink+Volt Paper Dashboard Spiral Desktop Pad Negro – Planificador de tamaño A4 para organizar horarios y hábitos de seguimiento – 52 páginas Spiral Bound Pad – Planificador de productos de oficina y,https://www.amazon.com.mx/dp/B0DMHND44P,https://www.amazon.com/dp/B0DMHND44P,XIJIANG,InkVolt
,B0DN9TW7HX,5,Libros,disponible,disponible,,,2025-10-31T20:35:43.656Z,2025-11-01T18:10:02.444Z,2025-11-02T17:41:05.348Z,664,12.99,$604.18,"VIIJJUE Dope - Cuaderno de trabajo social, color negro del mes de la historia negra, regalos para trabajadores sociales, regalos para mujeres negras, regalos para trabajadores sociales afroamericanos",https://www.amazon.com.mx/dp/B0DN9TW7HX,https://www.amazon.com/dp/B0DN9TW7HX,ALITTA,HANWENSKWER
,B0DWWZJQSM,5,Libros,disponible,no disponible,,,2025-10-31T20:35:43.656Z,2025-11-01T18:10:11.296Z,2025-11-02T17:41:12.896Z,319,,$464.95,"ALKALO - Cuaderno con forro para mujer, 200 páginas A5 de piel de tapa dura, para escribir cuaderno con rayas universitarias para el trabajo, la escuela, tomar notas de negocios, bloc de notas, 5.75 x",https://www.amazon.com.mx/dp/B0DWWZJQSM,https://www.amazon.com/dp/B0DWWZJQSM,,
,B0DMND8QQH,5,Libros,disponible,disponible,,,2025-10-31T20:35:43.656Z,2025-11-01T18:10:19.230Z,2025-11-02T17:41:20.804Z,891,19.99,$840.56,"Nextnoid - Agenda de nutrición y entrenamiento para hombres y mujeres - A5 (5.7 x 8.3 pulgadas), resistente libro de registro de entrenamiento para seguir la dieta, el gimnasio y los entrenamientos en",https://www.amazon.com.mx/dp/B0DMND8QQH,https://www.amazon.com/dp/B0DMND8QQH,SEONGSAN,Nextnoid
,B0DTQKF7YC,5,Libros,disponible,disponible,,,2025-10-31T20:35:43.656Z,2025-11-01T18:10:27.241Z,2025-11-02T17:41:29.211Z,585,11.99,$438.45,"SNNDER Faith over Fear Inspirational Christian Notebooks, Bible Journaling Notebook, Christian Journals for Women Men, Church Notes Notebook, Prayer Journal, Hardcover Spiral Notebook 5.5x8.3 Inch",https://www.amazon.com.mx/dp/B0DTQKF7YC,https://www.amazon.com/dp/B0DTQKF7YC,NEW AGE SHOPPING,shenzhenshixiaoyumaoyiyouxiangongsi
,B0DQXV2SJS,5,Libros,disponible,disponible,,,2025-10-31T20:35:43.656Z,2025-11-01T18:10:35.033Z,2025-11-02T17:41:37.678Z,1464,43.99,"$1,443.66","SOKRUXA - Diario de oración de regalos cristianos, 30 cuadernos en espiral a granel con 30 bolígrafos de la Biblia para mujeres cristianas y hombres, regalos de Pascua, suministros de iglesia para",https://www.amazon.com.mx/dp/B0DQXV2SJS,https://www.amazon.com/dp/B0DQXV2SJS,XIJIANG,Gyao
,B0DN273PNV,5,Libros,disponible,disponible,,,2025-10-31T20:35:43.656Z,2025-11-01T18:10:43.861Z,2025-11-02T17:41:46.780Z,564,9.99,$484.14,Etigifry Friendship journal Gifts for Women,https://www.amazon.com.mx/dp/B0DN273PNV,https://www.amazon.com/dp/B0DN273PNV,Mel Trade,Giftrry
,B0DKF99ZT6,5,Libros,disponible,disponible,,,2025-10-31T20:35:43.656Z,2025-11-01T18:10:51.479Z,2025-11-02T17:41:53.910Z,424,4.99,$411.24,"AZUREAL Steno Pads 2P, cuaderno en espiral de 6 x 9 pulgadas, 50 hojas, cuaderno Steno en espiral para escribir notas en la escuela, oficina, hogar (beige y verde)",https://www.amazon.com.mx/dp/B0DKF99ZT6,https://www.amazon.com/dp/B0DKF99ZT6,Mel Trade,GZWLDZ
,B0DS2FMG4G,5,Libros,disponible,disponible,,,2025-10-31T20:35:43.656Z,2025-11-01T18:11:00.268Z,2025-11-02T17:42:01.731Z,562,9.99,$550.75,"PRSTENLY - Diario de piel para esposo, regalos de To My Husband de 140 páginas, cuadernos rellenables, día del padre, aniversario, cumpleaños, Navidad, día de San Valentín, regalos de boda para él,",https://www.amazon.com.mx/dp/B0DS2FMG4G,https://www.amazon.com/dp/B0DS2FMG4G,Mel Trade,Qiushi US
,B0DT1HFQZ5,5,Libros,disponible,disponible,,,2025-10-31T20:35:43.656Z,2025-11-01T18:11:08.554Z,2025-11-02T17:42:09.749Z,879,,$879.32,"30 paquetes de mini cuadernos portátiles de bolsillo para regalos y oficina, recompensas de regreso a clase, páginas con rayas universitarias (dibujos animados)",https://www.amazon.com.mx/dp/B0DT1HFQZ5,https://www.amazon.com/dp/B0DT1HFQZ5,AURATEM,Ulema
,B0DSP3MHJK,5,Libros,disponible,disponible,,,2025-10-31T20:35:43.657Z,2025-11-01T18:11:16.425Z,2025-11-02T17:42:16.672Z,633,14.99,$673.97,"WETLOTE - Cuaderno de tapa dura A5 con soporte para bolígrafos, bordes dorados y 180° plano - Forro grande de 5 x 8.25 pulgadas, marcador, caja de regalo, diario duradero para oficina, estudio,",https://www.amazon.com.mx/dp/B0DSP3MHJK,https://www.amazon.com/dp/B0DSP3MHJK,,WETLOTE Direct
,B0DSZZ3M2B,5,Libros,disponible,disponible,,,2025-10-31T20:35:43.657Z,2025-11-01T18:11:29.653Z,2025-11-02T17:42:30.204Z,598,11.04,$592.33,Lacama 336-MS-bjb-nurse spiral notebook,https://www.amazon.com.mx/dp/B0DSZZ3M2B,https://www.amazon.com/dp/B0DSZZ3M2B,XIJIANG,Lacama
,B0DRV9LT55,5,Libros,disponible,no disponible,,,2025-10-31T20:35:43.657Z,2025-11-01T18:11:38.453Z,2025-11-02T17:42:39.686Z,558,,$553.54,"100 sobres para ahorrar dinero, carpeta de ahorro de dinero, libro de desafíos de ahorro con sobres, libro de ahorros de sobres de efectivo, libro de ahorros de 100 días de ahorro de $5050",https://www.amazon.com.mx/dp/B0DRV9LT55,https://www.amazon.com/dp/B0DRV9LT55,Mel Trade,
,B0D8KBRKNT,5,Libros,disponible,disponible,,,2025-10-31T20:35:43.657Z,2025-11-01T18:11:46.065Z,2025-11-02T17:42:47.319Z,989,24.95,"$1,093.94","Diario de viaje con indicaciones, de cuero vegano, esencial de viaje, diario de viaje Page-A-Day para mujeres y hombres, no binario, diario A5 y cuaderno de viajero, cuaderno ejecutivo",https://www.amazon.com.mx/dp/B0D8KBRKNT,https://www.amazon.com/dp/B0D8KBRKNT,ALITTA,Jamsify Studios
,B0DLNVBKWG,5,Libros,disponible,no disponible,,,2025-10-31T20:35:43.657Z,2025-11-01T18:11:53.746Z,2025-11-02T17:42:54.877Z,730,,$680.63,"Libélula Regalos para mujeres y hombres, cuaderno de piel con juego de bolígrafos, regalos inspiradores de aliento para niñas y mujeres amantes de las libélulas",https://www.amazon.com.mx/dp/B0DLNVBKWG,https://www.amazon.com/dp/B0DLNVBKWG,STOREARENS,
,B0DHCY4B9C,5,Libros,disponible,disponible,,,2025-10-31T20:35:54.038Z,2025-11-01T18:12:01.050Z,2025-11-02T17:43:03.450Z,888,24.99,$890.59,"Busybee - Diario de piel, libro de sombras, libro de hechizos, hecho a mano, con borde de cubierta, papel clásico para hombres y mujeres, cuaderno de dibujo, el mejor regalo de Navidad",https://www.amazon.com.mx/dp/B0DHCY4B9C,https://www.amazon.com/dp/B0DHCY4B9C,XIJIANG,HIDEGHAR
,B0DSGCS3ZN,5,Libros,disponible,disponible,,,2025-10-31T20:35:54.038Z,2025-11-01T18:12:08.714Z,2025-11-02T17:43:12.366Z,494,5.99,$574.62,"carta lusso Gratitude Journal, Normal, Azul",https://www.amazon.com.mx/dp/B0DSGCS3ZN,https://www.amazon.com/dp/B0DSGCS3ZN,ALITTA,Carta Lusso official
,B0D4J3FMFZ,5,Libros,disponible,no disponible,,,2025-10-31T20:35:54.038Z,2025-11-01T18:12:16.182Z,2025-11-02T17:43:19.393Z,1039,,$914.58,"DAFELO™ Diario clásico de piel genuino con cierre de solapa, diario de papel reciclado clásico para hombre y mujer, propósito de regalo, 6 x 8 pulgadas, color café",https://www.amazon.com.mx/dp/B0D4J3FMFZ,https://www.amazon.com/dp/B0D4J3FMFZ,ALITTA,
,B0DSFYHF6N,5,Libros,no disponible,disponible,,,2025-10-31T20:35:54.038Z,2025-11-01T18:12:23.908Z,2025-11-02T17:43:26.592Z,,9.99,$683.25,"RUNMESS - Cuaderno de lazo rosa coqueta, diario de estética para mujeres, regalos preparados para mujeres, suministros de oficina de coqueta, cuaderno espiral de tapa dura, 5.5 x 8.3 pulgadas",https://www.amazon.com.mx/dp/B0DSFYHF6N,https://www.amazon.com/dp/B0DSFYHF6N,,heifhnsk
,B0DJ2TQ7VY,5,Libros,disponible,disponible,,,2025-10-31T20:35:54.038Z,2025-11-01T18:12:31.735Z,2025-11-02T17:43:33.872Z,620,12.99,$545.90,"JKMBN - Cuadernos de diario de fresa, cuaderno en espiral rosa preppy, suministros de oficina rosados, lindos cuadernos para mujeres y niñas, cuadernos en espiral de tapa dura, rayas universitarias,",https://www.amazon.com.mx/dp/B0DJ2TQ7VY,https://www.amazon.com/dp/B0DJ2TQ7VY,XIJIANG,JKMBN
,B0DSFXMQ8H,5,Libros,disponible,disponible,,,2025-10-31T20:35:54.038Z,2025-11-01T18:12:39.665Z,2025-11-02T17:43:40.404Z,589,9.99,$527.72,"RUNMESS - Cuadernos cristianos con lazo rosa coqueta para mujeres, cuaderno de diario estético femenino preparado, cuaderno de diario bíblico, regalos cristianos para mujeres, cuaderno espiral de tapa",https://www.amazon.com.mx/dp/B0DSFXMQ8H,https://www.amazon.com/dp/B0DSFXMQ8H,MX Shipment's,heifhnsk
,B015F11SCW,5,Libros,disponible,disponible,,,2025-10-31T20:35:54.039Z,2025-11-01T18:12:47.075Z,2025-11-02T17:43:47.244Z,1210.25,37.97,"$1,201.32","GRILL Heat AID - Guantes de parrilla para barbacoa, a prueba de calor para asar, resistentes al fuego de 1800 °F, guantes de parrilla resistentes al calor para barbacoa y ahumador al aire última",https://www.amazon.com.mx/dp/B015F11SCW,https://www.amazon.com/dp/B015F11SCW,XIJIANG,Grill Heat Aid Chef Store
,B0DSC9VBDX,5,Libros,disponible,no disponible,,,2025-10-31T20:35:54.039Z,2025-11-01T18:12:54.236Z,2025-11-02T17:43:56.332Z,631,,$603.17,"A5 Binder Refillable Hardcover Leather Lined Jounal Notebook-5.8""×8.3"", 160 Pages, 100G Thick Paper,6 Ring Binder,Pen Loop,Pockets,Pen&Index Tabs Stickers,for Writing, Travel, Work, School, College",https://www.amazon.com.mx/dp/B0DSC9VBDX,https://www.amazon.com/dp/B0DSC9VBDX,Mel Trade,
,B0DQ3VC4S5,5,Libros,disponible,disponible,,,2025-10-31T20:35:54.039Z,2025-11-01T18:13:02.825Z,2025-11-02T17:44:05.000Z,602,11.99,$599.86,"Divertidos cuadernos para el trabajo, divertidos regalos de oficina, divertidos cuadernos para el trabajo, regalos de mordaza de oficina para compañeros de trabajo, divertidos suministros de oficina,",https://www.amazon.com.mx/dp/B0DQ3VC4S5,https://www.amazon.com/dp/B0DQ3VC4S5,XIJIANG,TIANFENGSMALL
,B0DSBNXKB1,5,Libros,disponible,disponible,,,2025-10-31T20:35:54.039Z,2025-11-01T18:13:10.776Z,2025-11-02T17:44:12.910Z,564,9.99,$512.93,"KAAYEE - Regalos de sobrina de la tía, regalos para sobrina de 140 páginas, diario recargable, día de San Valentín, cumpleaños, graduación, regalos de Navidad para sobrina de tía tía tío (rosa)",https://www.amazon.com.mx/dp/B0DSBNXKB1,https://www.amazon.com/dp/B0DSBNXKB1,Mel Trade,Cailailo
,B0CWK6FKF3,5,Libros,disponible,no disponible,,,2025-10-31T20:35:54.039Z,2025-11-01T18:13:18.984Z,2025-11-02T17:44:20.041Z,910,,"$1,063.78","Rongrong - Pegatinas para agenda de libros con 3 temas para planificadores, calendarios, diarios, perfectos para los amantes de los libros, accesorios para álbumes de recortes, 24 páginas",https://www.amazon.com.mx/dp/B0CWK6FKF3,https://www.amazon.com/dp/B0CWK6FKF3,XIJIANG,
,B0DSBJ6281,5,Libros,disponible,no disponible,,,2025-10-31T20:35:54.039Z,2025-11-01T18:13:26.516Z,2025-11-02T17:44:28.520Z,794,,$781.35,"Rseozr - Cuaderno de aniversario de boda, del 1 al 70 de lino, para aniversario, álbum de recortes, boda, aniversario, recuerdo para parejas, recién casados, matrimonio (beige, 185 páginas)",https://www.amazon.com.mx/dp/B0DSBJ6281,https://www.amazon.com/dp/B0DSBJ6281,ALITTA,
,B09SW4NMTX,5,Libros,disponible,disponible,,,2025-10-31T20:35:54.039Z,2025-11-01T18:13:34.354Z,2025-11-02T17:44:35.848Z,777.94,18.59,$692.73,"BUKE - Cuaderno de puntos de 180 g/m², papel blanco grueso de bambú, 160 páginas, 5 x 5 mm, encuadernación plana, bordes plateados de colores, marcadores y bolsillo trasero expandible (BKP-4), color",https://www.amazon.com.mx/dp/B09SW4NMTX,https://www.amazon.com/dp/B09SW4NMTX,Mel Trade,BUKE
,B0CZQ5SR67,5,Libros,disponible,disponible,,,2025-10-31T20:35:54.039Z,2025-11-01T18:13:41.895Z,2025-11-02T17:44:43.148Z,602,11.99,$579.41,"Yoment Cuaderno espiral A4 con rayas universitarias, Púrpura",https://www.amazon.com.mx/dp/B0CZQ5SR67,https://www.amazon.com/dp/B0CZQ5SR67,XIJIANG,Yoment
,B0DS2H78B3,5,Libros,disponible,disponible,,,2025-10-31T20:35:54.039Z,2025-11-01T18:13:49.433Z,2025-11-02T17:44:51.986Z,564,9.99,$527.72,"PRSTENLY - Regalos para hermanas de hermana de piel, regalos de To My Sister Gifts 140 páginas, cuadernos recargables, graduación, día de la madre, día de San Valentín, regalos de Navidad para hermana",https://www.amazon.com.mx/dp/B0DS2H78B3,https://www.amazon.com/dp/B0DS2H78B3,Mel Trade,Qiushi US
,B0D41T3X8K,5,Libros,disponible,disponible,,,2025-10-31T20:35:54.040Z,2025-11-01T18:13:56.536Z,2025-11-02T17:45:00.323Z,641,7.99,$563.01,"A4 Spiral Notebook, 300 Pages/150 Sheets Hardcover Spiral Notebook Lined Journal Notebook with Index Sticker, Back Pocket, Elastic Band Pink Notebook for Work Business School Note Taking, 8.3” x 11.6”",https://www.amazon.com.mx/dp/B0D41T3X8K,https://www.amazon.com/dp/B0D41T3X8K,XIJIANG,LiranAM
,B0DQ3Y7BMR,5,Libros,disponible,disponible,,,2025-10-31T20:36:10.163Z,2025-11-01T18:14:10.027Z,2025-11-02T17:45:13.540Z,616,11.99,$613.04,"LIANGW It is What It is Funny - Cuadernos divertidos para el trabajo, regalos de oficina divertidos para compañeros de trabajo, regalos de humor de oficina, suministros de oficina divertidos, cuaderno",https://www.amazon.com.mx/dp/B0DQ3Y7BMR,https://www.amazon.com/dp/B0DQ3Y7BMR,Mel Trade,TIANFENGSMALL
,B0DGQB55DK,5,Libros,disponible,disponible,,,2025-10-31T20:36:10.163Z,2025-11-01T18:14:19.190Z,2025-11-02T17:45:20.739Z,607,11.75,$554.96,"NOLTY Business - Agenda básica A5 semanal 2025, edición china, camel",https://www.amazon.com.mx/dp/B0DGQB55DK,https://www.amazon.com/dp/B0DGQB55DK,Mel Trade,NOLTY
,B0DS1S7966,5,Libros,disponible,disponible,,,2025-10-31T20:36:10.163Z,2025-11-01T18:14:26.427Z,2025-11-02T17:45:29.316Z,619,11.69,$565.90,Lacama 286-MS-bjb-leopard print spiral notebooks,https://www.amazon.com.mx/dp/B0DS1S7966,https://www.amazon.com/dp/B0DS1S7966,Mel Trade,Lacama
,B0D86NJ915,5,Libros,disponible,no disponible,,,2025-10-31T20:36:10.163Z,2025-11-01T18:14:33.148Z,2025-11-02T17:45:36.232Z,1349,,"$1,348.87","Dispowreath - Paquete de 10 cuadernos forrados A5 de piel de tapa dura para escribir 200 páginas, 10 colores, bloc de notas para viajes, trabajo, escuela, oficina, negocios, notas, diario, 5.7 x 8.3",https://www.amazon.com.mx/dp/B0D86NJ915,https://www.amazon.com/dp/B0D86NJ915,XIJIANG,
,B0DS1S3WZW,5,Libros,disponible,disponible,,,2025-10-31T20:36:10.163Z,2025-11-01T18:14:41.612Z,2025-11-02T17:45:43.279Z,563,9.95,$526.80,Lacama 290-MS-bjb-leopard print spiral notebooks,https://www.amazon.com.mx/dp/B0DS1S3WZW,https://www.amazon.com/dp/B0DS1S3WZW,Mel Trade,Lacama
,B0D4J34MM6,5,Libros,disponible,no disponible,,,2025-10-31T20:36:10.163Z,2025-11-01T18:14:49.615Z,2025-11-02T17:45:50.139Z,997,,$890.59,"DAFELO™ Diario de piel en relieve con cierre de correa, diario hecho a mano de piel clásico para hombre y mujer, propósito de regalo de artista, 6 x 8 pulgadas, café",https://www.amazon.com.mx/dp/B0D4J34MM6,https://www.amazon.com/dp/B0D4J34MM6,Luna Local,
,B0DFHSB54H,5,Libros,disponible,disponible,,,2025-10-31T20:36:10.163Z,2025-11-01T18:14:56.282Z,2025-11-02T17:45:57.480Z,612,12.99,$611.30,"Diario pequeño con purpurina A5 para niñas (púrpura), 8.4 x 5.7 pulgadas, 200 páginas forradas/100 hojas, diario para escribir, cuaderno de viaje A5 para mujeres con tapa dura brillante",https://www.amazon.com.mx/dp/B0DFHSB54H,https://www.amazon.com/dp/B0DFHSB54H,XIJIANG,Yonavita-US
,B09P4NVSTV,5,Libros,disponible,disponible,,,2025-10-31T20:36:10.163Z,2025-11-01T18:15:04.522Z,2025-11-02T17:46:05.327Z,764.28,19.99,$814.28,"Happy Hoos - Diario de cuaderno (8 unidades), A5, 5.5 x 8 pulgadas, bonito juego de cuaderno de tapa de papel suave, diario de escritura fino para viajes, meditación, diarios de boda y sueños, diario",https://www.amazon.com.mx/dp/B09P4NVSTV,https://www.amazon.com/dp/B09P4NVSTV,GUTTIDIRECT,Happy Hoos
,B0CSYLW4SY,5,Libros,disponible,disponible,,,2025-10-31T20:36:10.163Z,2025-11-01T18:15:11.728Z,2025-11-02T17:46:13.724Z,586,12.99,$584.67,"Resholder Set de Bolígrafo Cuaderno con Diamantes de Imitación Libreta de Bolsillo con Brillantes Bolígrafos de Cristal Mini Cuaderno de Tapa Dura Accesorios de Escritorio Oficina para Mujer(Plata,A6)",https://www.amazon.com.mx/dp/B0CSYLW4SY,https://www.amazon.com/dp/B0CSYLW4SY,XIJIANG,Environivy
,B0DP3F6T5F,5,Libros,disponible,disponible,,,2025-10-31T20:36:10.164Z,2025-11-01T18:15:19.725Z,2025-11-02T17:46:22.233Z,603,9.99,$645.84,"Eunoir - Paquete de 6 blocs de notas magnéticos para refrigerador, lista de comestibles, listas de compras, notas para nevera, diseño divertido para los amantes de los gatos, bloc de notas magnéticos",https://www.amazon.com.mx/dp/B0DP3F6T5F,https://www.amazon.com/dp/B0DP3F6T5F,ALITTA,Soul Cool goods
,B0DQKWZZZT,5,Libros,disponible,no disponible,,,2025-10-31T20:36:10.164Z,2025-11-01T18:15:26.813Z,2025-11-02T17:46:29.666Z,574,,$984.99,"Leather VILLAGE - Diario clásico hecho a mano para hombres y mujeres, cierre de bloqueo, papel de algodón con borde de cubierta de acuarela para dibujar, escribir y bocetos, 200 páginas, café",https://www.amazon.com.mx/dp/B0DQKWZZZT,https://www.amazon.com/dp/B0DQKWZZZT,,
,B0DK1M33PZ,5,Libros,disponible,no disponible,,,2025-10-31T20:36:10.164Z,2025-11-01T18:15:34.131Z,2025-11-02T17:46:37.050Z,750,,$661.00,"Libro de recetas en blanco para escribir en tus propias recetas, libro de recetas con cubierta de piel de 7 x 10 pulgadas, cuaderno de recetas grande con capacidad para más de 130 recetas, café",https://www.amazon.com.mx/dp/B0DK1M33PZ,https://www.amazon.com/dp/B0DK1M33PZ,doa store,
,B0DQ3W8JVS,5,Libros,disponible,disponible,,,2025-10-31T20:36:10.164Z,2025-11-01T18:15:42.383Z,2025-11-02T17:46:44.104Z,652,9.49,$597.03,"LIANGW Cuaderno bíblico en espiral, diario inspirador de estudio bíblico cristiano, regalos para mujeres y niñas, lindos suministros escolares de estética preparatoria, cuaderno forrado con lazo rosa",https://www.amazon.com.mx/dp/B0DQ3W8JVS,https://www.amazon.com/dp/B0DQ3W8JVS,ShoppinGoods MX,TIANFENGSMALL
,B0DHJ8WT68,5,Libros,disponible,disponible,,,2025-10-31T20:36:10.164Z,2025-11-01T18:15:49.885Z,2025-11-02T17:46:52.088Z,1287,29.99,"$1,201.68","Libros decorativos para decoración del hogar | Juego de 3 libros falsos y falsos para decoración de mesa de centro y estantes, libro decorativo con páginas en blanco reales | Juego de libros estéticos",https://www.amazon.com.mx/dp/B0DHJ8WT68,https://www.amazon.com/dp/B0DHJ8WT68,XIJIANG,DECOVOLUMES
,B0DQ3T76VW,5,Libros,disponible,disponible,,,2025-10-31T20:36:20.370Z,2025-11-01T18:15:57.921Z,2025-11-02T17:46:59.947Z,639,11.39,$584.67,"LIANGW - Diario divertido en espiral para mujeres y hombres, regalo de compañeros, cuaderno de tapa dura negra para trabajo y toma de notas, diarios para escribir, regalos divertidos para compañeros",https://www.amazon.com.mx/dp/B0DQ3T76VW,https://www.amazon.com/dp/B0DQ3T76VW,Mel Trade,TIANFENGSMALL
,B0DGHT7LFD,5,Libros,disponible,disponible,,,2025-10-31T20:36:20.371Z,2025-11-01T18:16:06.614Z,2025-11-02T17:47:07.449Z,953,23.99,$866.60,"Monoscript Diario de salud mental – Diario de atención plena de piel vegano para bienestar emocional – Diario de cuidado personal guiado con marco CBT para mujeres y hombres, diario de 12 semanas con",https://www.amazon.com.mx/dp/B0DGHT7LFD,https://www.amazon.com/dp/B0DGHT7LFD,BG3 STORE,Monoscript
,B0DFYLNSQK,5,Libros,disponible,disponible,,,2025-10-31T20:36:20.371Z,2025-11-01T18:16:14.485Z,2025-11-02T17:47:15.822Z,485,6.99,$451.25,"Bloc de notas para hacer lista, 120 páginas, 6.7 x 9.8 pulgadas, cuaderno sin fecha, planificador diario, con lista de verificación de tareas, suministros escolares para el hogar",https://www.amazon.com.mx/dp/B0DFYLNSQK,https://www.amazon.com/dp/B0DFYLNSQK,Mel Trade,LiranAM
,B0DFXZWMZG,5,Libros,disponible,disponible,,,2025-10-31T20:36:20.371Z,2025-11-01T18:16:21.691Z,2025-11-02T17:47:24.446Z,526,9.99,$526.18,"SAIL MARKAM - Diario en espiral con forro para mujeres y hombres, cuaderno en espiral de tapa dura A5 para trabajo, toma de notas, escritura, 100 g/m², 65 hojas, color verde oscuro",https://www.amazon.com.mx/dp/B0DFXZWMZG,https://www.amazon.com/dp/B0DFXZWMZG,XIJIANG,Hiwork
,B0DNW7M97T,5,Libros,disponible,disponible,,,2025-10-31T20:36:20.371Z,2025-11-01T18:16:29.090Z,2025-11-02T17:47:31.640Z,473,5.99,$434.78,"Aremdys - Diario de piel para hermanas de hermana, regalos de cumpleaños para hermanas, cuaderno de piel recargable de 140 páginas, regalo de San Valentín, boda, Navidad para hermana de hermana",https://www.amazon.com.mx/dp/B0DNW7M97T,https://www.amazon.com/dp/B0DNW7M97T,ALITTA,Cailailo
,B0DK1VBMLN,5,Libros,disponible,disponible,,,2025-10-31T20:36:20.371Z,2025-11-01T18:16:36.919Z,2025-11-02T17:47:39.389Z,968,25.99,$967.93,"Chiisong Inspirational Thank You Spiral Journal with Sticky Note Boho Aesthetic Floral Notepad Motivational Ballpoint Pen Bulk Employee Appreciation Gift for Coworker Teacher(Multicolor,10 Sets)",https://www.amazon.com.mx/dp/B0DK1VBMLN,https://www.amazon.com/dp/B0DK1VBMLN,XIJIANG,MyueiNes
,B0DNJKSCCC,5,Libros,disponible,no disponible,,,2025-10-31T20:36:20.371Z,2025-11-01T18:16:49.108Z,2025-11-02T17:47:51.988Z,679,,$663.41,"WHLBHG - Cuaderno de regalo cristiano con texto en inglés ""El Señor es mi pastor"", regalo religioso, cruz religiosa, versículo bíblico, A5, cuaderno con forro, regalo de escritura, 1 paquete (verde),",https://www.amazon.com.mx/dp/B0DNJKSCCC,https://www.amazon.com/dp/B0DNJKSCCC,Mel Trade,
,B0DJVC3SRM,5,Libros,disponible,no disponible,,,2025-10-31T20:36:20.371Z,2025-11-01T18:16:56.590Z,2025-11-02T17:48:00.630Z,686,,$673.80,"WHLBHG - Regalo de aliento cristiano de Pascua Dios dice que eres único, cuaderno inspirador, regalo de girasol, versículo de la Biblia, 200 páginas de 100 g/m², 1 paquete (rosa) (Dios dice rosa)",https://www.amazon.com.mx/dp/B0DJVC3SRM,https://www.amazon.com/dp/B0DJVC3SRM,XIJIANG,
,B0DFQ4Y2MR,5,Libros,disponible,disponible,,,2025-10-31T20:36:20.371Z,2025-11-01T18:17:03.353Z,2025-11-02T17:48:08.574Z,952,24.99,$942.03,"Note Wrap Premium Folio Cover Compatible with Rocketbook Fusion, Core, Panda - A5 Letter Size Notebook Journal Cover - Purple",https://www.amazon.com.mx/dp/B0DFQ4Y2MR,https://www.amazon.com/dp/B0DFQ4Y2MR,XIJIANG,Trailblaze Products
,B0D7G848T7,5,Libros,disponible,no disponible,,,2025-10-31T20:36:20.372Z,2025-11-01T18:17:11.611Z,2025-11-02T17:48:16.312Z,450,,$446.64,"Cofullsky - Tarjetas de Navidad con sobres y pegatinas, tarjetas de Navidad en caja para niños, familiares, amigos, 4 x 6 pulgadas, tarjetas de felicitación a granel de feliz Navidad, paquete de 18",https://www.amazon.com.mx/dp/B0D7G848T7,https://www.amazon.com/dp/B0D7G848T7,XIJIANG,
,B0DK1TJFNP,5,Libros,disponible,disponible,,,2025-10-31T20:36:20.372Z,2025-11-01T18:17:18.647Z,2025-11-02T17:48:24.520Z,1403,41.99,"$1,397.03","Chiisong Inspirational Thank You Spiral Journal with Sticky Note Boho Aesthetic Floral Notepad Motivational Ballpoint Pen Bulk Employee Appreciation Gift for Coworker Teacher (Multicolor,20 Sets)",https://www.amazon.com.mx/dp/B0DK1TJFNP,https://www.amazon.com/dp/B0DK1TJFNP,XIJIANG,MyueiNes
,B0DGV5JSDF,5,Libros,disponible,no disponible,,,2025-10-31T20:36:20.372Z,2025-11-01T18:17:26.120Z,2025-11-02T17:48:32.513Z,2490,,"$2,401.04","YEECOK Sticky Easel Pad 25 in x 30 in, 30 Sheets/Pad, 4 Pads/Pack, Sticky Flip Chart Paper for Teachers, Super Sticking Power & Bleed-Resistant",https://www.amazon.com.mx/dp/B0DGV5JSDF,https://www.amazon.com/dp/B0DGV5JSDF,SEONGSAN,
,B09M8RBWF6,5,Libros,disponible,disponible,,,2025-10-31T20:36:20.372Z,2025-11-01T18:17:34.681Z,2025-11-02T17:48:39.545Z,874.49,21.99,$873.78,"Paquete de 2 cuadernos gráficos en espiral A4 con papel grueso de 120 g/m², cuaderno en espiral con tapa dura de plástico y cierre de banda elástica, 74 hojas por paquete de 8.5 x 11 pulgadas",https://www.amazon.com.mx/dp/B09M8RBWF6,https://www.amazon.com/dp/B09M8RBWF6,XIJIANG,HongXing Direct
,B0D6BLF735,5,Libros,disponible,disponible,,,2025-10-31T20:36:20.372Z,2025-11-01T18:17:42.148Z,2025-11-02T17:48:46.845Z,1140,30.99,"$1,138.47",Dispowreath 30 Set Inspirational Spiral Undated Weekly Planners Notebooks Bulk with Pen Employee Appreciation Gift A6 Undated to Do List Notepad for Vet Tech Nurse Coworkers Team Staff,https://www.amazon.com.mx/dp/B0D6BLF735,https://www.amazon.com/dp/B0D6BLF735,XIJIANG,DuiancycGn
,B0CHF3YQB6,5,Libros,disponible,no disponible,,,2025-10-31T20:36:20.372Z,2025-11-01T18:17:48.908Z,2025-11-02T17:48:54.159Z,990,,"$1,058.52","Diario de recetas de papel - Cosecha, azul marino, 8.5 pulgadas de largo x 6 pulgadas de ancho, tapa dura | Preservar tradiciones familiares | Acabado de seda, bien organizado y duradero, espacio para",https://www.amazon.com.mx/dp/B0CHF3YQB6,https://www.amazon.com/dp/B0CHF3YQB6,XIJIANG,
,B0D48CFXG6,5,Libros,disponible,disponible,,,2025-10-31T20:36:20.372Z,2025-11-01T18:17:57.730Z,2025-11-02T17:49:03.091Z,508,7.99,$481.27,"almohadillas para orejas legales de colores, paquete de 3 almohadillas para orejas de escritura de 8.5 x 11 pulgadas, cuadernos microperforados con respaldo resistente, rayas anchas, 30 hojas por bloc",https://www.amazon.com.mx/dp/B0D48CFXG6,https://www.amazon.com/dp/B0D48CFXG6,Mel Trade,YZG-Direct
,B0DKJT5CGF,5,Libros,disponible,no disponible,,,2025-10-31T20:36:33.095Z,2025-11-01T18:18:05.411Z,2025-11-02T17:49:10.645Z,678,,$656.38,"2Pcs Composition Notebook, Cute Cartoons Printed Kawaii Planner, Japanese Sketchbook, Campus Subject Daily Journal, Notepad Travel Notebook, for College/School/Office/Girls/Boys(Pattern Random)",https://www.amazon.com.mx/dp/B0DKJT5CGF,https://www.amazon.com/dp/B0DKJT5CGF,Mel Trade,Corygo
,B0DFM67DJ6,5,Libros,disponible,disponible,,,2025-10-31T20:36:33.095Z,2025-11-01T18:18:13.043Z,2025-11-02T17:49:17.776Z,1120,32.99,"$1,159.74","Moinchore - Juego de 20 cuadernos inspiradores de la semana asistente médico, regalos de agradecimiento a los empleados a granel, planificador semanal en espiral, con notas adhesivas para compañeros",https://www.amazon.com.mx/dp/B0DFM67DJ6,https://www.amazon.com/dp/B0DFM67DJ6,XIJIANG,Seyeirur
,B0DDT7FB5S,5,Libros,disponible,no disponible,,,2025-10-31T20:36:33.095Z,2025-11-01T18:18:20.386Z,2025-11-02T17:49:25.041Z,643,,$670.57,"DORFAS - Paquete de 5 blocs de notas de 11 x 9.5 pulgadas, bloc de notas con rayas universitarias, bloc de notas de colores perforado, pequeño legal de 80 g/m², almohadilla legal de 30 hojas,",https://www.amazon.com.mx/dp/B0DDT7FB5S,https://www.amazon.com/dp/B0DDT7FB5S,XIJIANG,
,B0DD43KQ42,5,Libros,disponible,no disponible,,,2025-10-31T20:36:33.095Z,2025-11-01T18:18:27.894Z,2025-11-02T17:49:33.124Z,894,,$894.48,"Diario de piel Dispowreath - Diario inspirador con bolígrafos, bloc de notas de regalo de equipo a granel para escuela, profesor, enfermera, oficina, empleado, compañero de trabajo (letrero de equipo,",https://www.amazon.com.mx/dp/B0DD43KQ42,https://www.amazon.com/dp/B0DD43KQ42,AURATEM,
,B0DBH5KW35,5,Libros,disponible,disponible,,,2025-10-31T20:36:33.095Z,2025-11-01T18:18:35.446Z,2025-11-02T17:49:40.408Z,731,15.99,$730.39,"Hoiny Bloc de notas de 5.5 x 8.5 pulgadas, paquete de 10 bloc de notas en blanco, 50 hojas por rasguño para listas de compras de comestibles, papel blanco pequeño para escribir notas rápidas, trabajo en",https://www.amazon.com.mx/dp/B0DBH5KW35,https://www.amazon.com/dp/B0DBH5KW35,XIJIANG,TTF
,B0BGKH7SZ8,5,Libros,disponible,no disponible,,,2025-10-31T20:36:33.095Z,2025-11-01T18:18:43.373Z,2025-11-02T17:49:48.100Z,800,,$800.11,"Feela - Paquete de 6 cuadernos pequeños de bolsillo a granel, mini cuadernos de notas de tapa dura con rayas universitarias con soporte para bolígrafos para mujeres y niñas, escuela de oficina, con 6",https://www.amazon.com.mx/dp/B0BGKH7SZ8,https://www.amazon.com/dp/B0BGKH7SZ8,XIJIANG,
,B0DJPJ6LT2,5,Libros,disponible,disponible,,,2025-10-31T20:36:33.096Z,2025-11-01T18:18:52.295Z,2025-11-02T17:49:56.204Z,946,,$990.44,20 Set Employee Appreciation Gift Inspirational Weekly Planners Notebook with Sticky Note Ballpoint Pen Bulk Thank You Gift for Vet Tech Coworker Teacher Team Worker Medical Assistant(Bright Color),https://www.amazon.com.mx/dp/B0DJPJ6LT2,https://www.amazon.com/dp/B0DJPJ6LT2,AURATEM,Kuananzee
,B0DCFRWY61,5,Libros,disponible,no disponible,,,2025-10-31T20:36:33.096Z,2025-11-01T18:19:01.540Z,2025-11-02T17:50:03.459Z,632,,$631.42,"MINICAGIE - Cuaderno de diario con forro para hombres y mujeres, 256 páginas, diario negro para escribir, cuaderno de tapa dura A5, diario de trabajo diario, viajes, oficina, 5.7 x 8.5 pulgadas, color",https://www.amazon.com.mx/dp/B0DCFRWY61,https://www.amazon.com/dp/B0DCFRWY61,XIJIANG,
,B0DBHQPL9L,5,Libros,disponible,disponible,,,2025-10-31T20:36:33.096Z,2025-11-01T18:19:10.119Z,2025-11-02T17:50:10.399Z,683,14.99,$694.56,"Zaviko - almohadillas para orejas legales de colores de 8.5 x 11, paquete de 6 almohadillas para orejas de escritura de 8.5 x 11, almohadillas para orejas de notas de 8.5 x 11 pulgadas, almohadillas",https://www.amazon.com.mx/dp/B0DBHQPL9L,https://www.amazon.com/dp/B0DBHQPL9L,XIJIANG,mumukai
,B0D97X95XB,5,Libros,no disponible,disponible,,,2025-10-31T20:36:33.096Z,2025-11-01T18:19:17.330Z,2025-11-02T17:50:19.002Z,,14.99,$760.39,"Thboxes - Paquete de 8 almohadillas para orejas legales de colores, 400 hojas de almohadillas para orejas legales de 8.5 x 11 pulgadas, papel legal a rayas anchas para oficina, escuela, universidad,",https://www.amazon.com.mx/dp/B0D97X95XB,https://www.amazon.com/dp/B0D97X95XB,,LiranAM
,B0DHXQV7SR,5,Libros,disponible,no disponible,,,2025-10-31T20:36:33.096Z,2025-11-01T18:19:29.564Z,2025-11-02T17:50:32.696Z,679,,$763.43,"TSFPapier - Cuaderno de notas con rayas para el trabajo, universidad, 5.8 x 8.2 pulgadas, A5 de piel sintético, diario, 216 páginas para mujeres y hombres, escritura en el hogar, suministros escolares",https://www.amazon.com.mx/dp/B0DHXQV7SR,https://www.amazon.com/dp/B0DHXQV7SR,XIJIANG,
,B0D93PJYW7,5,Libros,disponible,disponible,,,2025-10-31T20:36:33.096Z,2025-11-01T18:19:36.873Z,2025-11-02T17:50:40.490Z,192,7.99,$464.95,"Cuaderno de diario con espiral para hombres y mujeres, diario A5, 170 páginas, cuadernos de tapa dura para trabajo y toma de notas, diarios con rayas universitarias para escribir, rosa",https://www.amazon.com.mx/dp/B0D93PJYW7,https://www.amazon.com/dp/B0D93PJYW7,,Nextnoid
,B0D8WBF1JD,5,Libros,disponible,disponible,,,2025-10-31T20:36:33.096Z,2025-11-01T18:19:44.626Z,2025-11-02T17:50:48.038Z,913,23.99,$866.60,"Yeaqee 100 hojas de papel de líneas elevadas para escritura a mano, retrato a mano, papel de escritura de jardín de infantes para niños, maestros, sensorial con línea, 11.02 x 7.87 pulgadas, color",https://www.amazon.com.mx/dp/B0D8WBF1JD,https://www.amazon.com/dp/B0D8WBF1JD,XIJIANG,QeeQing
,B0D7Z3QSXD,5,Libros,disponible,no disponible,,,2025-10-31T20:36:33.096Z,2025-11-01T18:19:52.641Z,2025-11-02T17:50:54.669Z,593,,$590.73,"Msticey Boss Lady 160 páginas en blanco - Cuaderno espiral de tapa dura de lámina dorada, regalo para propietario de negocios, regalo para jefe femenino, regalo de agradecimiento para mujeres",https://www.amazon.com.mx/dp/B0D7Z3QSXD,https://www.amazon.com/dp/B0D7Z3QSXD,XIJIANG,
,B0D77YFNGG,5,Libros,disponible,disponible,,,2025-10-31T20:36:33.096Z,2025-11-01T18:20:01.298Z,2025-11-02T17:51:02.053Z,497,9.99,$491.12,"Etigifry - Regalos cristianos para mujeres, diario de piel de aliento Etigifry, diario de escritura recargable, regalos inspiradores espirituales para mujeres, regalos de cumpleaños para mujeres",https://www.amazon.com.mx/dp/B0D77YFNGG,https://www.amazon.com/dp/B0D77YFNGG,XIJIANG,Giftrry
,B0D73VKFQ2,5,Libros,disponible,disponible,,,2025-10-31T20:36:33.097Z,2025-11-01T18:20:10.297Z,2025-11-02T17:51:09.602Z,1047,27.99,"$1,045.23","Moinchore - 20 cuadernos de piel A6 para regalo de inspiración a granel, con bolígrafo, regalos de regreso a la escuela, para estudiantes, profesores, enfermeras, compañeros de trabajo, empleados y",https://www.amazon.com.mx/dp/B0D73VKFQ2,https://www.amazon.com/dp/B0D73VKFQ2,XIJIANG,Seyeirur
,B0D4Z694JK,5,Libros,disponible,disponible,,,2025-10-31T20:36:46.741Z,2025-11-01T18:20:17.368Z,2025-11-02T17:51:16.083Z,484,6.99,$459.69,"Hoiny - Paquete de 12 mini cuadernos de bolsillo, 3.5 x 5.5 pulgadas con forro para niños, bloc de notas de cubierta colorida para viajeros, estudiantes, suministros escolares, 30 hojas/60 páginas,",https://www.amazon.com.mx/dp/B0D4Z694JK,https://www.amazon.com/dp/B0D4Z694JK,XIJIANG,TTF
,B0DH296HQM,5,Libros,disponible,disponible,,,2025-10-31T20:36:46.741Z,2025-11-01T18:20:24.404Z,2025-11-02T17:51:24.244Z,904,19.99,$823.95,"Watersay - 20 cuadernos bíblicos a granel con notas adhesivas, diario de oración estético religioso en espiral, bolígrafos bíblicos, regalos de iglesia para abuelos, pastores, escuela dominical",https://www.amazon.com.mx/dp/B0DH296HQM,https://www.amazon.com/dp/B0DH296HQM,ShoppinGoods MX,Yuueneng
,B0D46N1MT5,5,Libros,disponible,disponible,,,2025-10-31T20:36:46.742Z,2025-11-01T18:20:31.243Z,2025-11-02T17:51:32.595Z,1436,42.99,"$1,421.05","Chiisong - 20 juegos de diario inspirador en espiral con nota adhesiva, bohemio, estético, floral, bolígrafo motivacional, regalo de agradecimiento a los empleados a granel para compañeros de trabajo",https://www.amazon.com.mx/dp/B0D46N1MT5,https://www.amazon.com/dp/B0D46N1MT5,XIJIANG,MyueiNes
,B0D31KB1L6,5,Libros,disponible,disponible,,,2025-10-31T20:36:46.742Z,2025-11-01T18:20:39.558Z,2025-11-02T17:51:40.074Z,823,17.99,$780.90,"Dynta - Cuaderno de papel de color en espiral, 6 paquetes de 102 hojas / 204 páginas para estudiantes y mujeres",https://www.amazon.com.mx/dp/B0D31KB1L6,https://www.amazon.com/dp/B0D31KB1L6,XIJIANG,Dynta
,B0D2PXXY8C,5,Libros,disponible,disponible,,,2025-10-31T20:36:46.742Z,2025-11-01T18:20:46.717Z,2025-11-02T17:51:47.667Z,889,20.99,$874.51,"Dynta - Cuadernos de composición a granel, 40 paquetes de mini cuadernos de bolsillo de 3.25 x 4.5 pulgadas, rayas estrechas, 10 cuadernos de colores surtidos para escuela, oficina, hogar, universidad",https://www.amazon.com.mx/dp/B0D2PXXY8C,https://www.amazon.com/dp/B0D2PXXY8C,XIJIANG,Dynta
,B0DGLYTCMG,5,Libros,disponible,no disponible,,,2025-10-31T20:36:46.742Z,2025-11-01T18:20:54.132Z,2025-11-02T17:51:55.679Z,510,,$529.90,"Cuaderno clásico de piel A5 con papel kraft en blanco recargable – Diario de hojas sueltas de tapa suave para diario, bocetos y toma de notas (café)",https://www.amazon.com.mx/dp/B0DGLYTCMG,https://www.amazon.com/dp/B0DGLYTCMG,,
,B0D2HN7MCG,5,Libros,disponible,disponible,,,2025-10-31T20:36:46.742Z,2025-11-01T18:21:01.753Z,2025-11-02T17:52:03.517Z,846,18.99,$828.96,"Dynta - Mini cuadernos en espiral de 3 x 5 pulgadas, bloc de notas de bolsillo, paquete de 30, pequeños bloc de notas, cubierta de cartón negro para hombres, mujeres, niños, hogar, oficina, escuela,",https://www.amazon.com.mx/dp/B0D2HN7MCG,https://www.amazon.com/dp/B0D2HN7MCG,XIJIANG,Dynta
,B0D2HBD4ZZ,5,Libros,disponible,disponible,,,2025-10-31T20:36:46.742Z,2025-11-01T18:21:10.262Z,2025-11-02T17:52:10.480Z,921,21.99,$896.53,"Dynta - Cuadernos pequeños de 3 x 5 a granel, mini cuadernos en espiral, paquetes de 40 cuadernos de bolsillo, bloc de notas, bloc de notas, 10 colores surtidos para escuela, hogar, oficina, trabajo",https://www.amazon.com.mx/dp/B0D2HBD4ZZ,https://www.amazon.com/dp/B0D2HBD4ZZ,XIJIANG,Dynta
,B0DG4ZGNF4,5,Libros,disponible,no disponible,,,2025-10-31T20:36:46.742Z,2025-11-01T18:21:17.772Z,2025-11-02T17:52:18.381Z,853,,$844.64,"ikedas Woodcover Blank Recipe Book Binder to Write in Your Own Recipes, Custom Recipe Book for Handwritten Recipes, Thoughtful Recipe Binder, Recipe Journal Gift for Family Members, Baking Version",https://www.amazon.com.mx/dp/B0DG4ZGNF4,https://www.amazon.com/dp/B0DG4ZGNF4,LTZ FASTSHIP,
,B0CZDGQZ6S,5,Libros,disponible,disponible,,,2025-10-31T20:36:46.742Z,2025-11-01T18:21:25.119Z,2025-11-02T17:52:27.360Z,842,18.99,$841.68,"Dynta Mini cuadernos en espiral a granel de 3 x 5 pulgadas, 30 paquetes de bloc de notas pequeño encuadernado en la parte superior, 10 colores vibrantes, 60 hojas/120 páginas bloc de notas de bolsillo",https://www.amazon.com.mx/dp/B0CZDGQZ6S,https://www.amazon.com/dp/B0CZDGQZ6S,XIJIANG,Dynta
,B0CP5L88T4,5,Libros,disponible,disponible,,,2025-10-31T20:36:46.742Z,2025-11-01T18:21:33.115Z,2025-11-02T17:52:34.675Z,528,7.99,$594.37,"Hiipeenow - Diario de viaje de piel para nuera para el día de boda, para mi hija en la ley, regalo de viaje de 140 páginas, regalo de San Valentín, cumpleaños, aniversario, día de la madre, regalos de",https://www.amazon.com.mx/dp/B0CP5L88T4,https://www.amazon.com/dp/B0CP5L88T4,ALITTA,Haipie
,B0BVGDHW8P,5,Libros,disponible,no disponible,,,2025-10-31T20:36:46.743Z,2025-11-01T18:21:41.269Z,2025-11-02T17:52:42.523Z,827,,$769.34,"LEATHER VILLAGE - Diario de piel con estampado floral para mujeres y hombres, 200 páginas, 6 x 4 pulgadas (A6), bronceador - Libro de sombras, diario de viaje de papel en blanco clásico, cuaderno para escribir, dibujo, cuaderno de bocetos",https://www.amazon.com.mx/dp/B0BVGDHW8P,https://www.amazon.com/dp/B0BVGDHW8P,Mel Trade,
,B0DFQ8SCK3,5,Libros,disponible,no disponible,,,2025-10-31T20:36:46.743Z,2025-11-01T18:21:49.215Z,2025-11-02T17:52:51.172Z,1041,,"$1,003.62","Funda A4 para cuaderno de cohetes, planificador y diario, funda delgada de piel vegano con lazo para bolígrafo, ranuras para tarjetas y bolsillos, se adapta a Rocketbook, Panda, Fusion y la mayoría de",https://www.amazon.com.mx/dp/B0DFQ8SCK3,https://www.amazon.com/dp/B0DFQ8SCK3,NEW AGE SHOPPING,
,B0DDSYJCDW,5,Libros,disponible,disponible,,,2025-10-31T20:36:46.743Z,2025-11-01T18:21:55.665Z,2025-11-02T17:52:58.649Z,678,14.99,$694.56,"Paquete de 6 blocs de notas de 11 x 9.5 pulgadas, bloc de notas de color rosa con rayas universitarias, almohadillas para orejas de papel perforadas de 80 g/m², de papel rayado universitario, 30",https://www.amazon.com.mx/dp/B0DDSYJCDW,https://www.amazon.com/dp/B0DDSYJCDW,,Nichela US
,B0CT4FZ1X3,5,Libros,disponible,no disponible,,,2025-10-31T20:36:46.743Z,2025-11-01T18:22:07.753Z,2025-11-02T17:53:12.006Z,650,,$649.40,"Cuaderno de composición de notas actualizadas, papel de rayas anchas, resistente al sangrado de tinta, 100 hojas, tamaño 9.7 x 7.5 pulgadas. Negro mármol, paquete de 4",https://www.amazon.com.mx/dp/B0CT4FZ1X3,https://www.amazon.com/dp/B0CT4FZ1X3,ASARService,
,B0DFM88392,5,Libros,disponible,disponible,,,2025-10-31T20:36:55.668Z,2025-11-01T18:22:15.118Z,2025-11-02T17:53:20.751Z,889,22.99,$886.02,"Moinchore - Juego de 10 cuadernos inspiradores de la semana asistente médico, regalos de agradecimiento a los empleados a granel, planificador semanal en espiral, con notas adhesivas para compañeros",https://www.amazon.com.mx/dp/B0DFM88392,https://www.amazon.com/dp/B0DFM88392,XIJIANG,Seyeirur
,B0CYHB5MQJ,5,Libros,disponible,disponible,,,2025-10-31T20:36:55.668Z,2025-11-01T18:22:23.285Z,2025-11-02T17:53:27.628Z,512,7.99,$476.59,"PRSTENLY - Regalos de jubilación para mujeres y hombres 2025 - Regalo de jubilación para mujer y hombre, diario de piel de 140 páginas, retirado de despedida, regalos para compañeros de trabajo",https://www.amazon.com.mx/dp/B0CYHB5MQJ,https://www.amazon.com/dp/B0CYHB5MQJ,XIJIANG,Qiushi US
,B0DFM7C5FT,5,Libros,disponible,disponible,,,2025-10-31T20:36:55.668Z,2025-11-01T18:22:31.978Z,2025-11-02T17:53:35.376Z,1200,31.99,"$1,163.16","Moinchore - 40 cuadernos inspiradores de equipo en espiral con bolígrafos de bambú y blocs de notas adhesivos, regalos de agradecimiento a los empleados para asistentes médicos, maestros compañeros de",https://www.amazon.com.mx/dp/B0DFM7C5FT,https://www.amazon.com/dp/B0DFM7C5FT,XIJIANG,Seyeirur
,B0B3XCZN39,5,Libros,disponible,disponible,,,2025-10-31T20:36:55.668Z,2025-11-01T18:22:38.708Z,2025-11-02T17:53:42.325Z,1329,33.99,"$1,332.01","Dynta - Cuadernos en espiral con forros A5, 20 cuadernos con rayas universitarias para trabajo, escuela y viajes, buenos para estudiantes y oficina, 120 páginas/60 hojas",https://www.amazon.com.mx/dp/B0B3XCZN39,https://www.amazon.com/dp/B0B3XCZN39,XIJIANG,Dynta
,B0CRKJYDJ8,5,Libros,disponible,no disponible,,,2025-10-31T20:36:55.668Z,2025-11-01T18:22:46.199Z,2025-11-02T17:53:50.918Z,1345,,"$1,252.91","Leather VILLAGE - Diario clásico de piel encuadernado para mujeres y hombres, libro de sombras, cierre de bloqueo, 200 páginas de papel hecho a mano, color turquesa, 10 x 7 pulgadas",https://www.amazon.com.mx/dp/B0CRKJYDJ8,https://www.amazon.com/dp/B0CRKJYDJ8,AUTO MATE,
,B0D9BRNBBX,5,Libros,disponible,disponible,,,2025-10-31T20:36:55.668Z,2025-11-01T18:22:53.102Z,2025-11-02T17:53:57.821Z,472,17.99,$704.39,"HINDORO - Cuaderno de hechizos de piel encuadernado con forma de bruja y borde de cubierta de papel impreso en forma de grimoire diario sobrepensador en espiral, gótico, calavera gótica, libro antiguo",https://www.amazon.com.mx/dp/B0D9BRNBBX,https://www.amazon.com/dp/B0D9BRNBBX,,HINDORO
,B0DF7M63X1,5,Libros,disponible,no disponible,,,2025-10-31T20:36:55.669Z,2025-11-01T18:22:59.732Z,2025-11-02T17:54:06.198Z,490,,$483.45,"MushyDiary - Cuaderno A5 de piel sintética de alta calidad, 14,7 x 21,2 cm, 240 páginas, diario con rayas de 80 g/m² con soporte elástico para bolígrafos, cubierta resistente al agua y encuadernación",https://www.amazon.com.mx/dp/B0DF7M63X1,https://www.amazon.com/dp/B0DF7M63X1,BG3 STORE,
,B0CW9N9MJ4,5,Libros,disponible,disponible,,,2025-10-31T20:36:55.669Z,2025-11-01T18:23:06.369Z,2025-11-02T17:54:14.107Z,524,9.99,$524.20,"Molekaus Password Book with Tabs Password Keeper con espacio adicional para cambiar la contraseña. Cuaderno de contraseñas de tamaño mediano para hogar u oficina para inicio de sesión en Internet, 5.3",https://www.amazon.com.mx/dp/B0CW9N9MJ4,https://www.amazon.com/dp/B0CW9N9MJ4,XIJIANG,Molekaus
,B0DF79DQ3F,5,Libros,disponible,disponible,,,2025-10-31T20:36:55.669Z,2025-11-01T18:23:13.381Z,2025-11-02T17:54:22.622Z,1383,39.59,"$1,392.10","Tenceur 36 juegos de regalos de agradecimiento a los empleados, cuadernos espirales inspiradores a granel con bolígrafos motivacionales, pequeños bloc de notas para compañeros de trabajo, personal de",https://www.amazon.com.mx/dp/B0DF79DQ3F,https://www.amazon.com/dp/B0DF79DQ3F,XIJIANG,DongXean
,B0DB7TWRCF,5,Libros,disponible,disponible,,,2025-10-31T20:36:55.669Z,2025-11-01T18:23:21.265Z,2025-11-02T17:54:30.265Z,1096,23.99,"$1,090.57","Dynta Steno - Bloques de notas en espiral de 6 x 9 pulgadas, paquete de 18 blocs de notas, 60 hojas, 6 hojas de 6 colores surtidos, papel de escritura de reglas Gregg, cuadernos Steno para",https://www.amazon.com.mx/dp/B0DB7TWRCF,https://www.amazon.com/dp/B0DB7TWRCF,XIJIANG,Dynta
,B0D6FXTHRY,5,Libros,disponible,no disponible,,,2025-10-31T20:36:55.669Z,2025-11-01T18:23:28.778Z,2025-11-02T17:54:38.938Z,801,,$846.73,"Watersay 10 cuadernos coordinadores de caos, regalos de agradecimiento a los maestros, a granel, A6, diarios estéticos de piel, neutros, regalos de oficina, para mujeres, hombres, empleados",https://www.amazon.com.mx/dp/B0D6FXTHRY,https://www.amazon.com/dp/B0D6FXTHRY,XIJIANG,
,B0D2DSV6KF,5,Libros,disponible,no disponible,,,2025-10-31T20:36:55.669Z,2025-11-01T18:23:37.626Z,2025-11-02T17:54:46.059Z,546.91,,$560.90,"Planificador de presupuesto, organizador mensual de finanzas de presupuesto con cuaderno de seguimiento de gastos, libro de abalorio, organizador de facturas sin fecha y planificador de finanzas para",https://www.amazon.com.mx/dp/B0D2DSV6KF,https://www.amazon.com/dp/B0D2DSV6KF,XIJIANG,
,B0DDSTRCK4,5,Libros,disponible,disponible,,,2025-10-31T20:36:55.669Z,2025-11-01T18:23:46.036Z,2025-11-02T17:54:54.642Z,490,6.99,$459.69,"2 blocs de notas de 11 x 9.5 pulgadas, bloc de notas con rayas universitarias microperforadas, papel rayado blanco de 80 g/m², papel rayado universitario, 30 hojas para la escuela, listas de tareas",https://www.amazon.com.mx/dp/B0DDSTRCK4,https://www.amazon.com/dp/B0DDSTRCK4,Mel Trade,Nichela US
,B0CRKLGVV9,5,Libros,disponible,no disponible,,,2025-10-31T20:36:55.669Z,2025-11-01T18:23:54.500Z,2025-11-02T17:55:02.837Z,983,,$982.72,"Leather VILLAGE - Diario clásico de piel encuadernado para mujeres y hombres, libro de sombras, cierre de bloqueo, 200 páginas de papel hecho a mano, color turquesa, 7 x 5 pulgadas",https://www.amazon.com.mx/dp/B0CRKLGVV9,https://www.amazon.com/dp/B0CRKLGVV9,XIJIANG,
,B0DDSMWMVG,5,Libros,disponible,disponible,,,2025-10-31T20:36:55.669Z,2025-11-01T18:24:01.225Z,2025-11-02T17:55:11.404Z,921,22.99,$881.35,"Regalos de pastor, regalo de agradecimiento para pastores, juego de 7 piezas para mujeres y hombres, regalos únicos de pastor, vaso de piel de 20 onzas, tarjetas, carteles, marcapáginas para Navidad",https://www.amazon.com.mx/dp/B0DDSMWMVG,https://www.amazon.com/dp/B0DDSMWMVG,Mel Trade,linglshop
,B0D8YHFD1L,5,Libros,disponible,disponible,,,2025-10-31T20:36:55.670Z,2025-11-01T18:24:08.756Z,2025-11-02T17:55:19.048Z,718,14.99,$632.65,ISANOU AH-134-SNBK Spiral Notebooks,https://www.amazon.com.mx/dp/B0D8YHFD1L,https://www.amazon.com/dp/B0D8YHFD1L,ALITTA,henelas
,B0DD7KZHHR,5,Libros,disponible,no disponible,,,2025-10-31T20:37:08.008Z,2025-11-01T18:24:15.680Z,2025-11-02T17:55:26.260Z,507,,$476.59,"BIYUNRO - Cuaderno de bolsillo pequeño, cuaderno de piel para el trabajo, suministros de oficina, regalos esenciales para la escuela",https://www.amazon.com.mx/dp/B0DD7KZHHR,https://www.amazon.com/dp/B0DD7KZHHR,XIJIANG,
,B0D5QY2M3W,5,Libros,disponible,disponible,,,2025-10-31T20:37:08.008Z,2025-11-01T18:24:24.010Z,2025-11-02T17:55:33.649Z,1235,31.99,"$1,135.98","Tenceur - Juego de 20 bolígrafos motivacionales para el día de la salud mental para el empleado, regalos de agradecimiento a los empleados, a granel, para el servicio al cliente, para compañeros de",https://www.amazon.com.mx/dp/B0D5QY2M3W,https://www.amazon.com/dp/B0D5QY2M3W,XIJIANG,DongXean
,B0DD43WJP7,5,Libros,disponible,no disponible,,,2025-10-31T20:37:08.008Z,2025-11-01T18:24:31.419Z,2025-11-02T17:55:41.982Z,1250,,"$1,249.45","Diario de piel Dispowreath - Diario inspirador con bolígrafos, bloc de notas de regalo de equipo a granel para escuela, maestro, enfermera, oficina, empleado, compañero de trabajo (letrero de equipo,",https://www.amazon.com.mx/dp/B0DD43WJP7,https://www.amazon.com/dp/B0DD43WJP7,XIJIANG,
,B0D5XR81L5,5,Libros,disponible,disponible,,,2025-10-31T20:37:08.008Z,2025-11-01T18:24:43.919Z,2025-11-02T17:55:54.170Z,1183,32.99,"$1,133.92",20 Sets Employee Appreciation Gifts Weekly Planner Notebooks Inspirational Spiral Journals Thank You Bamboo Ballpoint Pens To Do List Notepad for Nurse Teacher Coworker (20),https://www.amazon.com.mx/dp/B0D5XR81L5,https://www.amazon.com/dp/B0D5XR81L5,LTZ FASTSHIP,BDZQ
,B0D17V71LQ,5,Libros,disponible,disponible,,,2025-10-31T20:37:08.008Z,2025-11-01T18:24:52.070Z,2025-11-02T17:56:01.013Z,692,14.99,$654.98,"Biuwory - Cuaderno de diario con forro B5 para mujeres y hombres, 256 páginas de piel de tapa dura para escribir, viajes, trabajo, escuela, cuadernos con rayas universitarias para tomar notas,",https://www.amazon.com.mx/dp/B0D17V71LQ,https://www.amazon.com/dp/B0D17V71LQ,XIJIANG,Biuwory Office
,B0DCP7MV1R,5,Libros,disponible,disponible,,,2025-10-31T20:37:08.008Z,2025-11-01T18:24:59.651Z,2025-11-02T17:56:09.158Z,943,24.99,$942.59,"Moinchore - Juego de 10 cuadernos inspiradores de la semana asistente médico, regalos de agradecimiento a los empleados a granel, planificador semanal en espiral, con notas adhesivas para compañeros",https://www.amazon.com.mx/dp/B0DCP7MV1R,https://www.amazon.com/dp/B0DCP7MV1R,XIJIANG,Seyeirur
,B0D17N83ZR,5,Libros,disponible,disponible,,,2025-10-31T20:37:08.009Z,2025-11-01T18:25:08.713Z,2025-11-02T17:56:16.851Z,686,14.99,$658.85,"Biuwory - Cuaderno de diario con forro B5 para mujeres y hombres, 256 páginas de piel de tapa dura para escribir, viajes, trabajo, escuela, cuadernos con rayas universitarias para tomar notas,",https://www.amazon.com.mx/dp/B0D17N83ZR,https://www.amazon.com/dp/B0D17N83ZR,XIJIANG,Biuwory Office
,B0D17MWRSP,5,Libros,disponible,no disponible,,,2025-10-31T20:37:08.009Z,2025-11-01T18:25:15.567Z,2025-11-02T17:56:25.375Z,691,,$680.56,"Biuwory - Cuaderno de diario con forro B5 para mujeres y hombres, 256 páginas de piel de tapa dura para escribir, viajes, trabajo, escuela, cuadernos con rayas universitarias para tomar notas,",https://www.amazon.com.mx/dp/B0D17MWRSP,https://www.amazon.com/dp/B0D17MWRSP,XIJIANG,
,B0DC6MJF86,5,Libros,disponible,disponible,,,2025-10-31T20:37:08.009Z,2025-11-01T18:25:22.912Z,2025-11-02T17:56:32.779Z,992,28.99,"$1,038.19","Engrowtic - Juego de 20 cuadernos con bolígrafo de apreciación a granel, cuaderno de bolsillo en espiral, diario forrado con bolígrafo, regalos de agradecimiento para empleados, maestros, enfermeras",https://www.amazon.com.mx/dp/B0DC6MJF86,https://www.amazon.com/dp/B0DC6MJF86,AURATEM,Oceanoufeed
,B0D17PRRP4,5,Libros,disponible,no disponible,,,2025-10-31T20:37:08.009Z,2025-11-01T18:25:30.685Z,2025-11-02T17:56:41.455Z,698,,$699.13,"Biuwory - Cuaderno de diario con forro A4 para mujeres y hombres, 256 páginas de piel de tapa dura para escribir, viajes, trabajo, escuela, cuadernos con rayas universitarias para tomar notas,",https://www.amazon.com.mx/dp/B0D17PRRP4,https://www.amazon.com/dp/B0D17PRRP4,XIJIANG,
,B0D9LWW6ZD,5,Libros,disponible,disponible,,,2025-10-31T20:37:08.009Z,2025-11-01T18:25:37.869Z,2025-11-02T17:56:49.561Z,718,14.99,$673.48,"Resholder Rhinestone Notebook Pen Sets Bling Pocket Notebook Crystal Pens Mini Diamond Hardcover Notebook Glitter Journal Notebook Office Desk Accessories for Women (Purple,A6)",https://www.amazon.com.mx/dp/B0D9LWW6ZD,https://www.amazon.com/dp/B0D9LWW6ZD,ALITTA,Environivy
,B0CSD2CZSV,5,Libros,disponible,disponible,,,2025-10-31T20:37:08.009Z,2025-11-01T18:25:45.185Z,2025-11-02T17:56:57.375Z,787.44,19.99,$752.37,"molekaus - Libro de recetas impermeable de tapa dura para escribir en tus recetas, cuaderno de recetas familiar simplificado para el chef en casa, diario de recetas con capacidad para 120 recetas",https://www.amazon.com.mx/dp/B0CSD2CZSV,https://www.amazon.com/dp/B0CSD2CZSV,Mel Trade,Molekaus
,B0D17MJVTY,5,Libros,disponible,no disponible,,,2025-10-31T20:37:08.009Z,2025-11-01T18:25:53.318Z,2025-11-02T17:57:05.126Z,686,,$651.15,"Biuwory - Cuaderno de diario con forro B5 para mujeres y hombres, 256 páginas de piel de tapa dura para escribir, viajes, trabajo, escuela, cuadernos con rayas universitarias para tomar notas,",https://www.amazon.com.mx/dp/B0D17MJVTY,https://www.amazon.com/dp/B0D17MJVTY,XIJIANG,
,B0D4DM4344,5,Libros,disponible,disponible,,,2025-10-31T20:37:08.009Z,2025-11-01T18:26:01.358Z,2025-11-02T17:57:13.857Z,1145,31.99,"$1,144.41","Czlotyh 20 juegos de regalos de agradecimiento a los empleados, cuadernos inspiradores en espiral con notas adhesivas, bolígrafos motivacionales de bambú para enfermera, compañera de trabajo y maestra (MAY",https://www.amazon.com.mx/dp/B0D4DM4344,https://www.amazon.com/dp/B0D4DM4344,XIJIANG,BDZQ
,B0CKBW1QGS,5,Libros,disponible,no disponible,,,2025-10-31T20:37:08.009Z,2025-11-01T18:26:08.258Z,2025-11-02T17:57:21.715Z,1010,,"$1,010.31","LEATHER VILLAGE - Diario de piel clásico de 8 x 6 pulgadas, color café, papel rayado de 240 páginas, perfecto para la oficina, viajes y uso personal, cuaderno de rayas universitarias premium para",https://www.amazon.com.mx/dp/B0CKBW1QGS,https://www.amazon.com/dp/B0CKBW1QGS,XIJIANG,
,B0D9QBDXML,5,Libros,disponible,no disponible,,,2025-10-31T20:37:18.204Z,2025-11-01T18:26:15.323Z,2025-11-02T17:57:30.742Z,1539,,"$1,443.59","VISCOO Sticky Easel Pad, 20 x 23 Inches Large Chart Paper for Teachers, 3 Pads Self Stick Easel Paper for White Board, White Sticky Anchor Chart Paper, with Sticky Note & Markers, 30 Sheets/Pad",https://www.amazon.com.mx/dp/B0D9QBDXML,https://www.amazon.com/dp/B0D9QBDXML,ALITTA,
,B0D17NH2VB,5,Libros,disponible,no disponible,,,2025-10-31T20:37:18.204Z,2025-11-01T18:26:23.581Z,2025-11-02T17:57:37.993Z,738,,$727.67,"Biuwory - Cuaderno de diario con forro A4 para mujeres y hombres, 256 páginas de piel de tapa dura para escribir, viajes, trabajo, escuela, cuadernos con rayas universitarias para tomar notas,",https://www.amazon.com.mx/dp/B0D17NH2VB,https://www.amazon.com/dp/B0D17NH2VB,XIJIANG,
,B0D17MS73H,5,Libros,disponible,disponible,,,2025-10-31T20:37:18.204Z,2025-11-01T18:26:30.122Z,2025-11-02T17:57:46.545Z,692,14.99,$681.69,"Biuwory - Cuaderno de diario con forro B5 para mujeres y hombres, 256 páginas de piel de tapa dura para escribir, viajes, trabajo, escuela, cuadernos con rayas universitarias para tomar notas,",https://www.amazon.com.mx/dp/B0D17MS73H,https://www.amazon.com/dp/B0D17MS73H,XIJIANG,Biuwory Office
,B0D2QXC2SH,5,Libros,disponible,no disponible,,,2025-10-31T20:37:18.204Z,2025-11-01T18:26:37.471Z,2025-11-02T17:57:54.906Z,3846,,"$3,850.97","ABBLE Super Sticky Easel Pad, 25 in x 30 in, White, 30 Sheets/Pad, 8 Pad/Pack, Large Easel Paper for Teachers, Self Stick Easel Paper for White Board, Wall, Windows (Pink)",https://www.amazon.com.mx/dp/B0D2QXC2SH,https://www.amazon.com/dp/B0D2QXC2SH,XIJIANG,
,B0CZRGK82P,5,Libros,disponible,no disponible,,,2025-10-31T20:37:18.204Z,2025-11-01T18:26:45.667Z,2025-11-02T17:58:01.887Z,719,,$675.14,"TSFPapier - Cuaderno de diario con rayas B5, 80 hojas / 160 páginas de 100 g/m² de papel grueso, tapa dura, cuaderno de piel para mujeres y hombres, trabajo, oficina, escuela, escritura, 7.25 x 9.6",https://www.amazon.com.mx/dp/B0CZRGK82P,https://www.amazon.com/dp/B0CZRGK82P,STOREARENS,
,B0CXJDZWCQ,5,Libros,disponible,disponible,,,2025-10-31T20:37:18.204Z,2025-11-01T18:26:52.365Z,2025-11-02T17:58:09.310Z,794,16.99,$801.66,"Tellingyou 10 juegos de regalos de agradecimiento a granel para empleados, maestros, cuadernos y bolígrafos inspiradores semanales para compañeros de trabajo de equipo (Kraft)",https://www.amazon.com.mx/dp/B0CXJDZWCQ,https://www.amazon.com/dp/B0CXJDZWCQ,ALITTA,Kuananzee
,B0CXPK3JXW,5,Libros,disponible,disponible,,,2025-10-31T20:37:18.204Z,2025-11-01T18:26:59.304Z,2025-11-02T17:58:17.888Z,688,14.99,$703.02,Zaviko 6 Pack Legal Pads 8.5 x 14 White Note Pads 8.5 x 14 Notepads 8.5 x 14 Writing Pads of Paper 8.5 x 14 Legal Notepads College Ruled White Lined Paper Pads 30 Sheets Per Legal Note Pads 8.5 x 14,https://www.amazon.com.mx/dp/B0CXPK3JXW,https://www.amazon.com/dp/B0CXPK3JXW,XIJIANG,mumukai
,B0CS7LHL16,5,Libros,disponible,no disponible,,,2025-10-31T20:37:18.204Z,2025-11-01T18:27:06.136Z,2025-11-02T17:58:25.222Z,507,,$505.71,"BIPEND - Paquete de 6 bloc de notas magnéticos para refrigerador, lista de comestibles para nevera, 50 hojas por lista de tareas arete, lista de compras (300 hojas)",https://www.amazon.com.mx/dp/B0CS7LHL16,https://www.amazon.com/dp/B0CS7LHL16,XIJIANG,
,B0D87G9WHW,5,Libros,disponible,disponible,,,2025-10-31T20:37:18.205Z,2025-11-01T18:27:18.593Z,2025-11-02T17:58:37.535Z,1746,51.99,"$1,744.64","Tellingyou 100 piezas de regalo de agradecimiento a los empleados a granel, servicio al cliente, semana A6, lista de tareas con bolígrafos, bloc de notas motivacional para compañeros de trabajo",https://www.amazon.com.mx/dp/B0D87G9WHW,https://www.amazon.com/dp/B0D87G9WHW,Luxury Best Store,Kuananzee
,B0CLXQH447,5,Libros,no disponible,disponible,,,2025-10-31T20:37:18.205Z,2025-11-01T18:27:25.845Z,2025-11-02T17:58:45.927Z,,19.95,$769.96,"HUSTLE Co. Cuaderno de reuniones para el trabajo, planificador profesional de reuniones de tapa dura, 2 páginas por sección de notas de reunión y reuniones adicionales, índice, 160 páginas, papel de",https://www.amazon.com.mx/dp/B0CLXQH447,https://www.amazon.com/dp/B0CLXQH447,,The Valiant Rose
,B0D87DLC9Y,5,Libros,no disponible,no disponible,,,2025-10-31T20:37:18.205Z,2025-11-01T18:27:33.531Z,2025-11-02T17:58:54.385Z,,,"$1,261.79","Tellingyou - Regalos de agradecimiento para empleados, voluntarios, A6, cuaderno en espiral, bolígrafos motivacionales, bloc de notas para secretarios, despachadores, compañeros de trabajo, profesores",https://www.amazon.com.mx/dp/B0D87DLC9Y,https://www.amazon.com/dp/B0D87DLC9Y,,
,B0CTTJCBBF,5,Libros,disponible,no disponible,,,2025-10-31T20:37:18.205Z,2025-11-01T18:27:41.429Z,2025-11-02T17:59:03.048Z,838,,$836.36,"ReliThick Graduation Gifts Include Bible Verse Inspirational Notebook with Gift Box Metal Bible Bookmark Ballpoint Pens Graduation Cards Class of 2024 Congrats Gift (Kraft Box,Be Strong)",https://www.amazon.com.mx/dp/B0CTTJCBBF,https://www.amazon.com/dp/B0CTTJCBBF,XIJIANG,
,B0D871WL3K,5,Libros,disponible,disponible,,,2025-10-31T20:37:18.205Z,2025-11-01T18:27:49.175Z,2025-11-02T17:59:11.142Z,925,19.99,"$1,055.66","Chuangdi - Juego de 10 juegos de regalo de agradecimiento a los empleados a granel, tecnología veterinaria, cuaderno inspirador en espiral, con nota adhesiva, bolígrafo motivacional para procesamiento",https://www.amazon.com.mx/dp/B0D871WL3K,https://www.amazon.com/dp/B0D871WL3K,ALITTA,Ranhappyoya
,B0CR1BTKMP,5,Libros,disponible,disponible,,,2025-10-31T20:37:18.205Z,2025-11-01T18:27:56.093Z,2025-11-02T17:59:18.966Z,805,19.99,$793.76,"Celercrownv Gemini Zodiac - Cuaderno con forro de tapa dura A5 con rayas universitarias, 288 páginas, para diario, negocios y escritura académica, diseño de hebilla de piel premium, regalo ideal para",https://www.amazon.com.mx/dp/B0CR1BTKMP,https://www.amazon.com/dp/B0CR1BTKMP,XIJIANG,Tricrown
,B0CT66SMPG,5,Libros,disponible,no disponible,,,2025-10-31T20:37:18.205Z,2025-11-01T18:28:02.557Z,2025-11-02T17:59:26.830Z,769,,$762.35,"Update NOTES - Cuadernos en espiral, papel de rayas anchas, resistente al purgado de tinta, 100 hojas de tamaño estándar de Estados Unidos de 10.5 x 8 pulgadas Colores sólidos: negro, azul, rojo y",https://www.amazon.com.mx/dp/B0CT66SMPG,https://www.amazon.com/dp/B0CT66SMPG,XIJIANG,
,B0BVGH5V71,5,Libros,disponible,no disponible,,,2025-10-31T20:37:31.924Z,2025-11-01T18:28:09.157Z,2025-11-02T17:59:34.247Z,827,,$822.54,"Leather Bound - Diario floral en relieve para mujeres y hombres, 200 páginas, 6 x 4 pulgadas (A6), negro, libro de sombras, diario de viaje de papel en blanco clásico, cuaderno para escribir, dibujo, cuaderno de bocetos de LEATHER VILLAGE",https://www.amazon.com.mx/dp/B0BVGH5V71,https://www.amazon.com/dp/B0BVGH5V71,Mel Trade,
,B0D2QWDS3J,5,Libros,disponible,disponible,,,2025-10-31T20:37:31.925Z,2025-11-01T18:28:16.941Z,2025-11-02T17:59:42.026Z,440,3.99,$506.85,"Thboxes - Paquete de 4 almohadillas para orejas magnéticas para nevera, 50 hojas de bloc magnético para lista de compras, lista de comestibles, para refrigerador con estuche para bolígrafo",https://www.amazon.com.mx/dp/B0D2QWDS3J,https://www.amazon.com/dp/B0D2QWDS3J,ALITTA,LiranAM
,B0D4DL9HM9,5,Libros,disponible,no disponible,,,2025-10-31T20:37:31.925Z,2025-11-01T18:28:24.208Z,2025-11-02T17:59:50.422Z,582,,$527.72,"TUZAA - Cuaderno de bolsillo pequeño, cuaderno de bolsillo de 3 x 4.4 pulgadas, tapa dura con papel de forro grueso, 200 páginas de piel mini cuaderno de notas (negro)",https://www.amazon.com.mx/dp/B0D4DL9HM9,https://www.amazon.com/dp/B0D4DL9HM9,ALITTA,
,B0D73R6Q1X,5,Libros,disponible,disponible,,,2025-10-31T20:37:31.925Z,2025-11-01T18:28:31.851Z,2025-11-02T17:59:58.524Z,1057,27.99,"$1,014.20","Moinchore - Juego de 10 regalos de Pascua cristiana para mujeres y hombres, diarios estéticos de piel A6 con versículo bíblico, oración religiosa, regalos de escuela dominical para el día de la madre,",https://www.amazon.com.mx/dp/B0D73R6Q1X,https://www.amazon.com/dp/B0D73R6Q1X,LTZ FASTSHIP,Seyeirur
,B0D4DDGCR3,5,Libros,disponible,no disponible,,,2025-10-31T20:37:31.925Z,2025-11-01T18:28:40.091Z,2025-11-02T18:00:06.899Z,145,,$478.37,"TUZAA - Cuaderno pequeño de bolsillo de 2 unidades, 7.6 x 11.2 cm, tapa dura con papel grueso forrado, 200 páginas, cubierta de piel, mini bloc de notas (negro)",https://www.amazon.com.mx/dp/B0D4DDGCR3,https://www.amazon.com/dp/B0D4DDGCR3,,
,B0D6XW8LB1,5,Libros,disponible,disponible,,,2025-10-31T20:37:31.925Z,2025-11-01T18:28:47.730Z,2025-11-02T18:00:15.199Z,299,24.99,$972.36,"Dispowreath - Juego de 10 cuadernos inspiradores de piel de agradecimiento con bolígrafos retráctiles de bambú, regalo de agradecimiento a los empleados a granel, bloc de notas de aliento para",https://www.amazon.com.mx/dp/B0D6XW8LB1,https://www.amazon.com/dp/B0D6XW8LB1,,DuiancycGn
,B0D2KYN2JT,5,Libros,disponible,disponible,,,2025-10-31T20:37:31.925Z,2025-11-01T18:28:54.817Z,2025-11-02T18:00:22.762Z,299,40.99,"$1,528.13","Dynta - Libro de tapa dura en blanco A5 (6.2 x 8.3 pulgadas), paquete de 30 libros en blanco para escribir historias, cuaderno de bocetos de tapa dura blanca para escribir dibujos y crear, 40 páginas",https://www.amazon.com.mx/dp/B0D2KYN2JT,https://www.amazon.com/dp/B0D2KYN2JT,,Dynta
,B0CY2HG78F,5,Libros,disponible,disponible,,,2025-10-31T20:37:31.925Z,2025-11-01T18:29:01.740Z,2025-11-02T18:00:30.890Z,1376,39.99,"$1,353.03","30 juegos de cuadernos de agradecimiento a los empleados, regalos en espiral, diarios inspiradores a granel, bolígrafos motivacionales de bambú para enfermera, maestra y compañero de trabajo",https://www.amazon.com.mx/dp/B0CY2HG78F,https://www.amazon.com/dp/B0CY2HG78F,XIJIANG,BDZQ
,B0D2H6SP65,5,Libros,disponible,disponible,,,2025-10-31T20:37:31.926Z,2025-11-01T18:29:09.301Z,2025-11-02T18:00:38.798Z,1176,29.99,"$1,176.26","Dynta - Bloc de notas en espiral de 3 x 5 a granel, 60 paquetes de cuadernos de bolsillo pequeño, mini blocs de notas, cubierta de cartón negro para tomar notas, escribir, oficina, escuela, trabajo,",https://www.amazon.com.mx/dp/B0D2H6SP65,https://www.amazon.com/dp/B0D2H6SP65,XIJIANG,Dynta
,B0D5YBW3Q4,5,Libros,disponible,no disponible,,,2025-10-31T20:37:31.926Z,2025-11-01T18:29:16.022Z,2025-11-02T18:00:45.833Z,269,,$934.82,"Dispowreath - Juego de 10 cuadernos de piel con bolígrafos inspiradores de agradecimiento, bloc de notas de aliento a granel para la escuela, maestro, enfermera, oficina, empleado, compañero de",https://www.amazon.com.mx/dp/B0D5YBW3Q4,https://www.amazon.com/dp/B0D5YBW3Q4,,
,B0755FQD9L,5,Libros,disponible,no disponible,,,2025-10-31T20:37:31.926Z,2025-11-01T18:29:22.823Z,2025-11-02T18:00:52.917Z,465,,$457.76,"Paquete de 50 adornos para cupcakes con purpurina dorada para tartas de matrimonio, compromiso, aniversario, cumpleaños, fiesta de San Valentín, decoración de pasteles",https://www.amazon.com.mx/dp/B0755FQD9L,https://www.amazon.com/dp/B0755FQD9L,BG3 STORE,
,B0CNK2NK8P,5,Libros,disponible,disponible,,,2025-10-31T20:37:31.926Z,2025-11-01T18:29:31.249Z,2025-11-02T18:01:00.390Z,518,9.99,$531.43,"Chivertion - Juego de 8 cuadernos y bolígrafos impermeables incluye 6 blocs de notas impermeables de tamaño de bolsillo, 3 x 5 pulgadas y 2 bolígrafos resistentes a la intemperie para escribir en",https://www.amazon.com.mx/dp/B0CNK2NK8P,https://www.amazon.com/dp/B0CNK2NK8P,XIJIANG,Surfinton
,B0CTZTNXYD,5,Libros,disponible,disponible,,,2025-10-31T20:37:31.926Z,2025-11-01T18:29:39.185Z,2025-11-02T18:01:07.825Z,645,13.99,$608.66,"Hindoro - Cuaderno de hechizos de piel encuadernado con borde de cubierta de papel impreso en grimoire diario de tercer ojo, cuaderno gótico en espiral, libro clásico antiguo para hombres y mujeres",https://www.amazon.com.mx/dp/B0CTZTNXYD,https://www.amazon.com/dp/B0CTZTNXYD,XIJIANG,HINDORO
,B0CNJWVLQJ,5,Libros,disponible,disponible,,,2025-10-31T20:37:31.926Z,2025-11-01T18:29:52.471Z,2025-11-02T18:01:21.343Z,946,22.99,$945.88,"WeLiu - Cuaderno de bolsillo a granel de 3 x 5 pulgadas, 42 paquetes de mini bloc de notas en espiral con encuadernado superior, 6 bloc de notas de color 60 hojas / 120 páginas (80 g/m²), pequeños",https://www.amazon.com.mx/dp/B0CNJWVLQJ,https://www.amazon.com/dp/B0CNJWVLQJ,XIJIANG,WeLiu.LLC
,B0CMTS9G94,5,Libros,disponible,no disponible,,,2025-10-31T20:37:44.759Z,2025-11-01T18:30:00.786Z,2025-11-02T18:01:28.877Z,4323,,"$3,850.39","VISCOO - Almohadilla adhesiva para caballete, 25 x 30 pulgadas, papel grande para profesores, 10 almohadillas para orejas de papel autoadhesivo para tablero blanco, papel de anclaje calcomanía blanco,",https://www.amazon.com.mx/dp/B0CMTS9G94,https://www.amazon.com/dp/B0CMTS9G94,SEONGSAN,
,B0D4DZKPS1,5,Libros,no disponible,no disponible,,,2025-10-31T20:37:44.759Z,2025-11-01T18:30:08.321Z,2025-11-02T18:01:36.370Z,,,$707.90,"Cuaderno de diario forrado para hombres y mujeres, 200 páginas numeradas de piel con bolígrafo, cuadernos de diario A5, diarios de papel grueso con rayas universitarias para escritura, trabajo,",https://www.amazon.com.mx/dp/B0D4DZKPS1,https://www.amazon.com/dp/B0D4DZKPS1,,
,B0CPJ9VHHD,5,Libros,disponible,disponible,,,2025-10-31T20:37:44.759Z,2025-11-01T18:30:14.613Z,2025-11-02T18:01:44.811Z,499,7.99,$497.78,"3 Pack Legal Pads Refills Note Pads, Writing Pads 8.5 x 11 Inches, Memo Pads Lined Writing Note Pads, Letter Size Legal Pad Wide Ruled Lined Pads Legal Rule for School Office（30 Sheet per Pads）",https://www.amazon.com.mx/dp/B0CPJ9VHHD,https://www.amazon.com/dp/B0CPJ9VHHD,XIJIANG,YZG-Direct
,B0CM3S2J86,5,Libros,disponible,disponible,,,2025-10-31T20:37:44.759Z,2025-11-01T18:30:22.718Z,2025-11-02T18:01:52.539Z,550,9.99,$540.27,A4-To-do-List,https://www.amazon.com.mx/dp/B0CM3S2J86,https://www.amazon.com/dp/B0CM3S2J86,XIJIANG,Artake-direct
,B0BMF2LKV8,5,Libros,disponible,disponible,,,2025-10-31T20:37:44.760Z,2025-11-01T18:30:30.360Z,2025-11-02T18:01:59.879Z,504.02,9.99,$512.93,"KAAYEE - Diario de piel para hermanas - Regalos para hermanas de 140 páginas, cuaderno de piel recargable, diario de viaje a mi hermana, regalo de hermanas Día de la Madre, regalo de cumpleaños y",https://www.amazon.com.mx/dp/B0BMF2LKV8,https://www.amazon.com/dp/B0BMF2LKV8,XIJIANG,Cailailo
,B0CQYG4J63,5,Libros,disponible,disponible,,,2025-10-31T20:37:44.760Z,2025-11-01T18:30:38.201Z,2025-11-02T18:02:08.439Z,544,11.99,$560.90,"JWVK - Cuaderno de tapa dura con diseño de flores silvestres estilo clásico, 5.5 x 8.3, cuaderno rústico de primavera floral Cottagecore para trabajo, oficina, escuela, estudiante y profesor.",https://www.amazon.com.mx/dp/B0CQYG4J63,https://www.amazon.com/dp/B0CQYG4J63,XIJIANG,Chengjuntian
,B0CL9BTV9B,5,Libros,disponible,disponible,,,2025-10-31T20:37:44.760Z,2025-11-01T18:30:46.771Z,2025-11-02T18:02:15.936Z,574,9.99,$521.55,hold fizz 513-hd-Notebooks wirebound notebooks Spiral Notebook,https://www.amazon.com.mx/dp/B0CL9BTV9B,https://www.amazon.com/dp/B0CL9BTV9B,XIJIANG,qinzhiyue
,B0CKT54R6F,5,Libros,disponible,no disponible,,,2025-10-31T20:37:44.760Z,2025-11-01T18:30:55.028Z,2025-11-02T18:02:23.385Z,591,,$584.67,"Enjoy pink compañero de trabajo regalos para mujeres diario de piel regalos de jubilación, regalos de despedida, regalos de despedida, regalos de despedida, regalos de despedida, regalos de despedida, regalos de trabajo, regalos de agradecimiento para compañeros de trabajo, amigos, mujeres, hombres, profesores, enfermera, empleado, voluntario, jefe, colega",https://www.amazon.com.mx/dp/B0CKT54R6F,https://www.amazon.com/dp/B0CKT54R6F,XIJIANG,
,B0D4584NJH,5,Libros,disponible,disponible,,,2025-10-31T20:37:44.760Z,2025-11-01T18:31:03.911Z,2025-11-02T18:02:31.734Z,1526,11.99,$607.70,"DWIYITTN - Cuaderno pequeño en espiral (morado) - 5.7 x 8.2 pulgadas, 160 páginas con forro, diario de viaje A5 para niños y niñas, con soporte para bolígrafo y bolígrafo, tapa dura, para escribir,",https://www.amazon.com.mx/dp/B0D4584NJH,https://www.amazon.com/dp/B0D4584NJH,,"SHAOGUAN XINHUA HONGDA PRINTING CO., LTD"
,B0CFX5BP61,5,Libros,disponible,disponible,,,2025-10-31T20:37:44.760Z,2025-11-01T18:31:11.767Z,2025-11-02T18:02:40.257Z,689,13.99,$629.64,"Molekaus - Diario notarial, libro notarial, 7 x 9.5 pulgadas, cuaderno notario con 236 entradas de registro, diario público notarial de actos notariales, tapa dura, páginas numeradas de 120 g/m² (color negro)",https://www.amazon.com.mx/dp/B0CFX5BP61,https://www.amazon.com/dp/B0CFX5BP61,Mel Trade,Molekaus
,B0D41TLH2R,5,Libros,disponible,disponible,,,2025-10-31T20:37:44.760Z,2025-11-01T18:31:18.540Z,2025-11-02T18:02:48.838Z,713,11.99,$685.16,"BearCake - Cuaderno de tiburón oceánico, regalos de tiburón para los amantes de los tiburones, accesorios de computadora de tiburón, suministros de oficina de tiburón, artículos de tiburón para los",https://www.amazon.com.mx/dp/B0D41TLH2R,https://www.amazon.com/dp/B0D41TLH2R,SF Lovely Store,LNQWER
,B07BWYRTB2,5,Libros,disponible,disponible,,,2025-10-31T20:37:44.760Z,2025-11-01T18:31:24.922Z,2025-11-02T18:02:57.443Z,682,13.65,$650.18,"Contract Bridge Score Pads, paquete de 3 [impreso en los Estados Unidos Puntuación actualizada]",https://www.amazon.com.mx/dp/B07BWYRTB2,https://www.amazon.com/dp/B07BWYRTB2,ALITTA,CardTallies (Kartego®)
,B0CNJNQJ9T,5,Libros,disponible,disponible,,,2025-10-31T20:37:44.760Z,2025-11-01T18:31:32.043Z,2025-11-02T18:03:04.557Z,740,14.99,$710.59,"Cuaderno de bolsillo a granel de 3 x 5 pulgadas, 18 paquetes de mini bloc de notas en espiral, almohadillas para orejas pequeñas, 6 colores, 60 hojas/120 páginas (80 g/m²) bloc de notas para el hogar,",https://www.amazon.com.mx/dp/B0CNJNQJ9T,https://www.amazon.com/dp/B0CNJNQJ9T,XIJIANG,WeLiu.LLC
,B0D17NM32K,5,Libros,disponible,no disponible,,,2025-10-31T20:37:44.761Z,2025-11-01T18:31:39.899Z,2025-11-02T18:03:12.008Z,734,,$723.87,"Biuwory - Cuaderno de diario con forro A4 para mujeres y hombres, 256 páginas de piel de tapa dura para escribir, viajes, trabajo, escuela, cuadernos con rayas universitarias para tomar notas,",https://www.amazon.com.mx/dp/B0D17NM32K,https://www.amazon.com/dp/B0D17NM32K,XIJIANG,
,B0BLMYNVH9,5,Libros,disponible,no disponible,,,2025-10-31T20:37:44.761Z,2025-11-01T18:31:47.366Z,2025-11-02T18:03:20.440Z,994,,$957.54,"Cuaderno de rayas universitarias, cuaderno grande con rayas B5, cuaderno de trabajo con 314 páginas numeradas con etiquetas de índice, papel grueso de 100 g/m², diario de piel vegano de tapa dura para mujeres y hombres, oficina escolar, verde",https://www.amazon.com.mx/dp/B0BLMYNVH9,https://www.amazon.com/dp/B0BLMYNVH9,BG3 STORE,
,B0BLMX8V4P,5,Libros,disponible,no disponible,,,2025-10-31T20:37:44.761Z,2025-11-01T18:31:55.970Z,2025-11-02T18:03:29.274Z,670,,$669.25,"Cuaderno de diario con forro, tamaño A5, cuaderno de trabajo con rayas universitarias, 314 páginas numeradas con calcomanías índices, papel grueso de 100 g/m², diario de piel vegano de tapa dura para mujeres y hombres, oficina escolar, rosa",https://www.amazon.com.mx/dp/B0BLMX8V4P,https://www.amazon.com/dp/B0BLMX8V4P,XIJIANG,
,B0CMTBPTJJ,5,Libros,disponible,disponible,,,2025-10-31T20:37:55.507Z,2025-11-01T18:32:03.836Z,2025-11-02T18:03:37.009Z,675,14.86,$691.36,PINJINGPRO - Paquete de 6 almohadillas para orejas legales de 8.5 x 11.75 y 30 hojas para la escuela,https://www.amazon.com.mx/dp/B0CMTBPTJJ,https://www.amazon.com/dp/B0CMTBPTJJ,XIJIANG,ZISFH
,B0CJTX8LDB,5,Libros,disponible,no disponible,,,2025-10-31T20:37:55.507Z,2025-11-01T18:32:10.903Z,2025-11-02T18:03:44.388Z,693,,$676.16,"TSFPapier - Cuaderno de diario con forro, 80 hojas / 160 páginas de papel grueso de 100 g/m², cuaderno de piel de tapa dura A5 para mujeres y hombres, trabajo, oficina, escritura escolar, 5.8 x 8.2 pulgadas (gris)",https://www.amazon.com.mx/dp/B0CJTX8LDB,https://www.amazon.com/dp/B0CJTX8LDB,XIJIANG,
,B0CHVSXXP7,5,Libros,disponible,disponible,,,2025-10-31T20:37:55.507Z,2025-11-01T18:32:18.366Z,2025-11-02T18:03:52.761Z,784,16.99,$717.09,"Fulmoon - 10 regalos para amantes de los libros, 5 cuadernos inspiradores con 5 bolígrafos, regalo clásico, regalo a granel, regalo de agradecimiento para los amantes de los libros, regalos de Navidad para maestros, bibliotecarios, lectores, estudiantes, compañeros de trabajo (clásico)",https://www.amazon.com.mx/dp/B0CHVSXXP7,https://www.amazon.com/dp/B0CHVSXXP7,XIJIANG,Yuanweius
,B0C7CC5568,5,Libros,disponible,disponible,,,2025-10-31T20:37:55.507Z,2025-11-01T18:32:30.567Z,2025-11-02T18:04:05.669Z,939,21.99,$930.36,"Umriox - Paquete de 4 cuadernos de espiral con forro, 160 páginas, 8.5 x 11 pulgadas, cuaderno en espiral con pestañas adhesivas, cuaderno grande para trabajo, diario de viaje, escuela",https://www.amazon.com.mx/dp/B0C7CC5568,https://www.amazon.com/dp/B0C7CC5568,XIJIANG,Umriox LLC
,B0CM68VL8Y,5,Libros,no disponible,disponible,,,2025-10-31T20:37:55.507Z,2025-11-01T18:32:38.919Z,2025-11-02T18:04:14.461Z,,60.99,"$2,265.28","YUQILIN - Paquete de 100 cuadernos a granel, cuaderno kraft de 5.5 x 8.3 A5 de tapa blanda para viajeros, estudiantes, oficina, escritura, bocetos, cuaderno de viaje, cuaderno con 72 páginas, 36 hojas",https://www.amazon.com.mx/dp/B0CM68VL8Y,https://www.amazon.com/dp/B0CM68VL8Y,,Skyline Department Store
,B0CL93KQ93,5,Libros,disponible,disponible,,,2025-10-31T20:37:55.507Z,2025-11-01T18:32:45.620Z,2025-11-02T18:04:21.835Z,739,14.99,$833.40,"WHLBHG - Cuaderno de piel para el ejército, regalo para llevar el orgullo de cómo has llegado, regalos de despliegue militar, regalos de graduación del ejército (ejército)",https://www.amazon.com.mx/dp/B0CL93KQ93,https://www.amazon.com/dp/B0CL93KQ93,ALITTA,LKWHJYE
,B0C77JGTCG,5,Libros,disponible,disponible,,,2025-10-31T20:37:55.507Z,2025-11-01T18:32:53.239Z,2025-11-02T18:04:30.070Z,690,16.89,$678.11,"WHLBHG - Cuaderno de piel de hadas para amantes de las hadas, regalo inspirado en los fanáticos de los cuentos de hadas de piensa feliz, regalo inspirado para amigos y hermanas (pensar en pensamientos",https://www.amazon.com.mx/dp/B0C77JGTCG,https://www.amazon.com/dp/B0C77JGTCG,XIJIANG,LKWHJYE
,B0CBB4938J,5,Libros,disponible,disponible,,,2025-10-31T20:37:55.507Z,2025-11-01T18:33:00.550Z,2025-11-02T18:04:38.180Z,621,13.99,$627.16,4 Cuadernos de Tapa Dura Estética Rosa Verde Estética Cuadernos de Espiral Cada Lindo Cuaderno de 100 Páginas Tamaño A5 Cuadernos de Viaje en Colores Pastel Retro para Oficina Mujer Escuela Aula,https://www.amazon.com.mx/dp/B0CBB4938J,https://www.amazon.com/dp/B0CBB4938J,XIJIANG,QingMul
,B0B28BB3BX,5,Libros,disponible,no disponible,,,2025-10-31T20:37:55.507Z,2025-11-01T18:33:09.820Z,2025-11-02T18:04:45.720Z,1786,,"$1,780.50",Leather Village - Diario de oración - 13 x 8 pulgadas - 200 papel antiguo con borde de cubierta antiguo/antiguo - Diario de estudio bíblico encuadernado en cuero,https://www.amazon.com.mx/dp/B0B28BB3BX,https://www.amazon.com/dp/B0B28BB3BX,AUTO MATE,
,B0C7Z38NPC,5,Libros,no disponible,no disponible,,,2025-10-31T20:37:55.508Z,2025-11-01T18:33:16.810Z,2025-11-02T18:04:53.738Z,,,$904.22,"Fulmoon - Juego de 40 piezas de regalos religiosos para niños a granel, versículos bíblicos motivacionales, bolígrafos cristianos, citas inspiradoras de escrituras, bloc de notas y bolígrafos para la escuela, maestros, estudiantes regalos",https://www.amazon.com.mx/dp/B0C7Z38NPC,https://www.amazon.com/dp/B0C7Z38NPC,,
,B0D17PF69J,5,Libros,disponible,disponible,,,2025-10-31T20:37:55.508Z,2025-11-01T18:33:24.425Z,2025-11-02T18:05:01.870Z,765,16.99,$724.93,"Biuwory - Cuaderno de diario con forro A4 para mujeres y hombres, 256 páginas de piel de tapa dura para escribir, viajes, trabajo, escuela, cuadernos con rayas universitarias para tomar notas,",https://www.amazon.com.mx/dp/B0D17PF69J,https://www.amazon.com/dp/B0D17PF69J,BG3 STORE,Biuwory Office
,B0CYH7QMPQ,5,Libros,disponible,disponible,,,2025-10-31T20:37:55.508Z,2025-11-01T18:33:30.854Z,2025-11-02T18:05:09.612Z,1358,37.99,"$1,347.31","Moinchore - Cuaderno de agradecimiento para la universidad, graduación de agradecimiento, planificador semanal inspirador, con bolígrafos de bambú, para estudiantes, maestros, enfermeras, empleados",https://www.amazon.com.mx/dp/B0CYH7QMPQ,https://www.amazon.com/dp/B0CYH7QMPQ,XIJIANG,Seyeirur
,B0D17NWLQ6,5,Libros,disponible,no disponible,,,2025-10-31T20:37:55.508Z,2025-11-01T18:33:37.490Z,2025-11-02T18:05:16.853Z,691,,$673.80,"Biuwory - Cuaderno de diario con forro B5 para mujeres y hombres, 256 páginas de piel de tapa dura para escribir, viajes, trabajo, escuela, cuadernos con rayas universitarias para tomar notas,",https://www.amazon.com.mx/dp/B0D17NWLQ6,https://www.amazon.com/dp/B0D17NWLQ6,XIJIANG,
,B0CDH4X9TN,5,Libros,disponible,disponible,,,2025-10-31T20:37:55.508Z,2025-11-01T18:33:45.812Z,2025-11-02T18:05:25.178Z,989,21.99,$979.21,"Paquete de 24 almohadillas para orejas de escritura legales de 5 x 8 pulgadas, papel reciclado de 80 g/m², pequeñas almohadillas para orejas legales de 25 líneas, almohadillas para orejas legales perforadas, 120 páginas, almohadillas para orejas legales impresas de una sola cara, para escuela, universidad, oficina",https://www.amazon.com.mx/dp/B0CDH4X9TN,https://www.amazon.com/dp/B0CDH4X9TN,ALITTA,Nichela US
,B0C816SR5R,5,Libros,disponible,disponible,,,2025-10-31T20:37:55.508Z,2025-11-01T18:33:52.933Z,2025-11-02T18:05:32.673Z,853,19.99,$848.55,"5 cuadernos en espiral, paquete de 5 unidades, tapa dura a rayas universitarias con 25 divisores extraíbles, 160 páginas/80 hojas cada una, A5 (8.5 x 5.7 pulgadas) con bolsillo trasero para mujeres,",https://www.amazon.com.mx/dp/B0C816SR5R,https://www.amazon.com/dp/B0C816SR5R,XIJIANG,Dynta
,B0BVVG55QM,5,Libros,disponible,disponible,,,2025-10-31T20:37:55.508Z,2025-11-01T18:34:02.042Z,2025-11-02T18:05:41.088Z,542,9.99,$540.45,"Cuaderno de tapa dura con forro de piel para mujeres y hombres, diario de árbol de la vida de 5.7 x 8.3 pulgadas para escribir, cuaderno de rayas universitarias para viajes, negocios, trabajo, oficina, tomar notas escolares, diario de papel grueso de 256 páginas (verde)",https://www.amazon.com.mx/dp/B0BVVG55QM,https://www.amazon.com/dp/B0BVVG55QM,XIJIANG,Biuwory Office
,B0BFWW7R8X,5,Libros,disponible,no disponible,,,2025-10-31T20:38:09.382Z,2025-11-01T18:34:10.324Z,2025-11-02T18:05:49.560Z,807,,$615.78,"Magic Grooved - Libro de práctica de escritura a mano para niños de 5 a 7 a 8 a 10 libros de trabajo de escritura a mano ranurados reutilizables, libros de rastreo de letras para niños de 3 a 5 años",https://www.amazon.com.mx/dp/B0BFWW7R8X,https://www.amazon.com/dp/B0BFWW7R8X,XIJIANG,
,B0B427PS5Y,5,Libros,disponible,no disponible,,,2025-10-31T20:38:09.382Z,2025-11-01T18:34:18.172Z,2025-11-02T18:05:57.114Z,941,,$910.21,"Quirky Craft - Diario de piel café, Doors of Durin, Tolkien Lord of the Ring - Cuaderno de sombras",https://www.amazon.com.mx/dp/B0B427PS5Y,https://www.amazon.com/dp/B0B427PS5Y,XIJIANG,