also_appears_in,asin,batch_number,category,disponibilidad_mx,disponibilidad_usa,error_verificacion_mx,error_verificacion_usa,extracted_at,fecha_verificacion_mx,fecha_verificacion_usa,precio_actual_mx,precio_actual_usd,price,title,url_mx,url_usa,vendedor_actual_mx,vendedor_actual_usa
,B07GBYTLPQ,4,Herramientas y Mejoras del Hogar,disponible,no disponible,,,2025-10-17T22:00:02.020Z,2025-10-27T13:49:35.790Z,2025-10-28T02:31:24.466Z,1581.43,,"$1,607.22","Ultrawall Sistema de Almacenamiento para Utensilios de cochera, 12 Piezas, Organizador de Herramientas con Ganchos, Percha de Ropa",https://www.amazon.com.mx/dp/B07GBYTLPQ,https://www.amazon.com/dp/B07GBYTLPQ,HNEN,
,B09J4BSXJD,4,Herramientas y Mejoras del Hogar,disponible,no disponible,,,2025-10-17T22:00:02.020Z,2025-10-27T13:49:43.476Z,2025-10-28T02:31:33.507Z,1246.57,,"$1,244.53","Wokyy - Destornillador de pared, soporte para alicates de bambú, soporte para martillo, estante de pared, almacenamiento de herramientas para taller de cochera, paquete de 3",https://www.amazon.com.mx/dp/B09J4BSXJD,https://www.amazon.com/dp/B09J4BSXJD,SRKSB LLC,
,B09YLPSC8P,4,Herramientas y Mejoras del Hogar,disponible,disponible,,,2025-10-17T22:00:02.020Z,2025-10-27T13:49:50.809Z,2025-10-28T02:31:41.311Z,709.15,23.99,$951.35,"UNITEDPOWER Estante de almacenamiento de taladro eléctrico, capacidad para 4 taladros, organizador de herramientas eléctricas de montaje en pared mejorado 2022 para taller, cobertizo, cochera, hogar",https://www.amazon.com.mx/dp/B09YLPSC8P,https://www.amazon.com/dp/B09YLPSC8P,Amazon Estados Unidos,Lamber Craft Innovations
,B09VKHVTSX,4,Herramientas y Mejoras del Hogar,disponible,disponible,,,2025-10-17T22:00:02.020Z,2025-10-27T13:49:58.382Z,2025-10-28T02:31:48.734Z,1056.34,26.97,"$1,070.39","AIRTOON - Organizador de herramientas de doble cara con polímero resistente a los impactos, almacenamiento de caja de hardware, excelente para tornillos, tuercas, piezas pequeñas, 34 compartimentos",https://www.amazon.com.mx/dp/B09VKHVTSX,https://www.amazon.com/dp/B09VKHVTSX,SRKSB LLC,AIRTOON
,B09P6JSQCS,4,Herramientas y Mejoras del Hogar,disponible,no disponible,,,2025-10-17T22:00:02.020Z,2025-10-27T13:50:06.672Z,2025-10-28T02:31:55.921Z,654.14,,$661.35,SANIKLITE - Funda para taladro inalámbrico,https://www.amazon.com.mx/dp/B09P6JSQCS,https://www.amazon.com/dp/B09P6JSQCS,SRKSB LLC,
,B0979R2LCC,4,Herramientas y Mejoras del Hogar,disponible,disponible,,,2025-10-17T22:00:02.020Z,2025-10-27T13:50:14.562Z,2025-10-28T02:32:04.930Z,1001.22,30,"$1,002.22",Strongarm Blue Welding Apron Flame Resistant Arc-Rated with X-tech Comfort Fastening Straps 24x36 (2023 Version),https://www.amazon.com.mx/dp/B0979R2LCC,https://www.amazon.com/dp/B0979R2LCC,SRKSB LLC,DMP Leather
,B07M5DHPDN,4,Herramientas y Mejoras del Hogar,disponible,disponible,,,2025-10-17T22:00:02.020Z,2025-10-27T13:50:22.223Z,2025-10-28T02:32:13.502Z,1597.46,44.99,"$1,617.86","Ultrawall - Estante de esquí montado en la pared de 24 pulgadas, soporta hasta 300 libras, acero recubierto de polvo con revestimiento de goma, espaciado personalizable, fácil instalación",https://www.amazon.com.mx/dp/B07M5DHPDN,https://www.amazon.com/dp/B07M5DHPDN,SRKSB LLC,Ultrawall
,B094V9X73S,4,Herramientas y Mejoras del Hogar,disponible,no disponible,,,2025-10-17T22:00:02.020Z,2025-10-27T13:50:30.647Z,2025-10-28T02:32:21.812Z,800.7,,$784.55,"Soporte de pared para esquís, snowboard, soporte de pared para 5 pares de bastones de esquí o snowboard, para casa y garaje",https://www.amazon.com.mx/dp/B094V9X73S,https://www.amazon.com/dp/B094V9X73S,Boon Shopping,
,B0DF7F9W7V,4,Herramientas y Mejoras del Hogar,disponible,no disponible,,,2025-10-17T22:00:02.020Z,2025-10-27T13:50:38.505Z,2025-10-28T02:32:30.595Z,1727.18,,"$1,755.13","Xankzi Organizador de herramientas eléctricas con soporte de pared para estación de carga, organización ampliada de cochera resistente, almacenamiento grande para herramientas de cochera (rojo, 3-1 A)",https://www.amazon.com.mx/dp/B0DF7F9W7V,https://www.amazon.com/dp/B0DF7F9W7V,SRKSB LLC,
,B07GZ9GNFQ,4,Herramientas y Mejoras del Hogar,disponible,no disponible,,,2025-10-17T22:00:02.021Z,2025-10-27T13:50:45.840Z,2025-10-28T02:32:39.339Z,1291.54,,"$1,250.98","Ultrawall Organizador de herramientas de jardín, organizador de herramientas de cochera de 48 pulgadas, soporte de pared de acero resistente para herramientas, capacidad de peso de 400 libras",https://www.amazon.com.mx/dp/B07GZ9GNFQ,https://www.amazon.com/dp/B07GZ9GNFQ,Boon Shopping,
,B0DS6B9W4X,4,Herramientas y Mejoras del Hogar,disponible,disponible,,,2025-10-17T22:00:12.547Z,2025-10-27T13:50:53.223Z,2025-10-28T02:32:46.599Z,364.71,2.99,$367.91,"Bridas con cierre, 250 bridas de nailon multiusos, bridas autobloqueables de 4 pulgadas, bridas de alambre autobloqueables utilizadas para el hogar, jardín, cochera, interior y exterior. Bridas negras",https://www.amazon.com.mx/dp/B0DS6B9W4X,https://www.amazon.com/dp/B0DS6B9W4X,SRKSB LLC,HAVE ME
,B0DM1JQ345,4,Herramientas y Mejoras del Hogar,disponible,disponible,,,2025-10-17T22:00:12.547Z,2025-10-27T13:51:01.633Z,2025-10-28T02:32:55.030Z,556.91,9.99,$493.50,"Adaptador de enchufe de EE. UU. a Reino Unido, adaptador de corriente tipo G para viajes con PD 20 W, 2 USB C y 1 puerto USB A, 3 salidas de CA, adaptador de enchufe de Irlanda para Estados Unidos a",https://www.amazon.com.mx/dp/B0DM1JQ345,https://www.amazon.com/dp/B0DM1JQ345,Novayu,Ruikai Hongchen
,B0C5SMWP3F,4,Herramientas y Mejoras del Hogar,disponible,disponible,,,2025-10-17T22:00:12.548Z,2025-10-27T13:51:09.832Z,2025-10-28T02:33:02.411Z,249.99,9.99,$504.90,"Yogcow - Interruptor de atenuación táctil LED oculto de 12 V, CC 3.7-24 V, 72 W, sensor táctil continuo, interruptores de atenuación para tira de luces LED, madera penetrable, piedra, vidrio y más, no",https://www.amazon.com.mx/dp/B0C5SMWP3F,https://www.amazon.com/dp/B0C5SMWP3F,STBTECH,STBTECH
,B0CQMN2BJH,4,Herramientas y Mejoras del Hogar,disponible,disponible,,,2025-10-17T22:00:12.548Z,2025-10-27T13:51:16.584Z,2025-10-28T02:33:11.859Z,514.85,9.99,$618.88,"ElectroEdge - Adaptador universal de viaje con 2 puertos tipo C y 2 puertos USB, adaptador de viaje todo en 1 para todo el mundo | Adaptador de enchufe europeo a Reino Unido | Adaptador de enchufe de",https://www.amazon.com.mx/dp/B0CQMN2BJH,https://www.amazon.com/dp/B0CQMN2BJH,SRKSB LLC,Electroedge
,B0DM5VTK7K,4,Herramientas y Mejoras del Hogar,disponible,no disponible,,,2025-10-17T22:00:12.548Z,2025-10-27T13:51:23.837Z,2025-10-28T02:33:19.089Z,826.38,,$794.27,"BoomChill - Timbre inalámbrico de 1080p con timbre, detección humana de IA, conversación de 2 vías, vista FHD en vivo, visión nocturna, almacenamiento en la nube, solo WiFi 2.4G, funciona con pilas,",https://www.amazon.com.mx/dp/B0DM5VTK7K,https://www.amazon.com/dp/B0DM5VTK7K,Boon Shopping,
,B0CR5MTBFV,4,Herramientas y Mejoras del Hogar,disponible,disponible,,,2025-10-17T22:00:12.548Z,2025-10-27T13:51:31.100Z,2025-10-28T02:33:26.443Z,686.8,15.99,$686.80,"PAEKQ - Encendedor de cigarrillos de coche de 14 AWG a DC DC7909 macho conector cable adaptador de 12 V/24 V CC, 8 mm, cable de fuente de alimentación con fusible de 15 A, uso para automóviles,",https://www.amazon.com.mx/dp/B0CR5MTBFV,https://www.amazon.com/dp/B0CR5MTBFV,SRKSB LLC,PaeKQ
,B0C2KF9BF4,4,Herramientas y Mejoras del Hogar,disponible,disponible,,,2025-10-17T22:00:12.548Z,2025-10-27T13:51:38.315Z,2025-10-28T02:33:34.180Z,822.28,21.99,$809.35,"Zoiinet - Interruptor de enchufe de control remoto, diseño de hebilla e interruptor de luz inalámbrico extraíble, no necesita cableado, 300 pies, 15 A/1500 W, programable, para electrodomésticos",https://www.amazon.com.mx/dp/B0C2KF9BF4,https://www.amazon.com/dp/B0C2KF9BF4,SRKSB LLC,Zoiinet Direct
,B0CLG85YVX,4,Herramientas y Mejoras del Hogar,disponible,disponible,,,2025-10-17T22:00:12.548Z,2025-10-27T13:51:46.003Z,2025-10-28T02:33:42.920Z,456.81,6.99,$439.81,"Hua HAI JI10PCS, MT3608, convertidor DC-DC, regulador de impulso, módulo de alimentación USB, 2V-24V a 5V-28V, salida 2A, micro USB",https://www.amazon.com.mx/dp/B0CLG85YVX,https://www.amazon.com/dp/B0CLG85YVX,MSTZKN SHİPMENT,shen zhen shi ai nuo de dian zi you xian gong si
,B00ZV42X1Y,4,Herramientas y Mejoras del Hogar,disponible,no disponible,,,2025-10-17T22:00:12.548Z,2025-10-27T13:51:54.887Z,2025-10-28T02:33:50.850Z,372.81,,$368.36,"400 bridas para bolsas de 5 pulgadas, bridas para cables, bridas de pan, reutilizables, con revestimiento de plástico negro, bridas de alambre para uso doméstico y oficina",https://www.amazon.com.mx/dp/B00ZV42X1Y,https://www.amazon.com/dp/B00ZV42X1Y,SRKSB LLC,
,B0CJ52L8ZY,4,Herramientas y Mejoras del Hogar,disponible,no disponible,,,2025-10-17T22:00:12.548Z,2025-10-27T13:52:02.527Z,2025-10-28T02:33:59.382Z,603.38,,$528.69,"HAUTY AC 100-240 V a CC 12 V 3 A adaptador convertidor de fuente de alimentación (listado UL) con conector de salida de 5,5 x 2,1 mm 2,5 mm CC para tira de luces LED de 12 V",https://www.amazon.com.mx/dp/B0CJ52L8ZY,https://www.amazon.com/dp/B0CJ52L8ZY,SRKSB LLC,
,B0DJJHYFZ2,4,Herramientas y Mejoras del Hogar,disponible,disponible,,,2025-10-17T22:00:12.548Z,2025-10-19T18:30:34.947Z,2025-10-28T02:34:14.466Z,1167.83,35.48,"$1,198.11","Nayoto - Juego de 1200 fusibles para coche, 520 piezas de fusibles estándar y 680 minifusores + 1 extractor para auto/RV/camión, motocicleta/yate (2A, 3A, 5A, 7.5A, 10A, 15A, 20A, 25A, 30A, 35A, 35A,",https://www.amazon.com.mx/dp/B0DJJHYFZ2,https://www.amazon.com/dp/B0DJJHYFZ2,SRKSB LLC,Nayoto
,B08GKBDXLV,4,Herramientas y Mejoras del Hogar,disponible,disponible,,,2025-10-17T22:00:12.548Z,2025-10-19T18:30:42.406Z,2025-10-28T02:34:23.073Z,481.48,7.99,$503.24,"Cable adaptador de fuente de alimentación de 9 V, 1 A, CC, 100 V, 240 V, para Arduino UNO R3 MEGA, enchufe de EE. UU. - Positivo central 5.5 x 2.1 ~ 2.5 mm",https://www.amazon.com.mx/dp/B08GKBDXLV,https://www.amazon.com/dp/B08GKBDXLV,SRKSB LLC,California JOS
,B08FSKDL8Y,4,Herramientas y Mejoras del Hogar,disponible,disponible,,,2025-10-17T22:00:12.548Z,2025-10-19T18:30:51.144Z,2025-10-28T02:34:30.723Z,757.65,18.89,$762.77,"LENKRAD Fusible reiniciable automotriz 5A, 10A, 15A, 20A, 25A, 30A, ATC ATO Manual de reinicio, surtido de fusibles para coche de restablecimiento manual de interruptor de circuito para barco, camión, SUV, VDC 28V Satandard Blade Fusibles surtido",https://www.amazon.com.mx/dp/B08FSKDL8Y,https://www.amazon.com/dp/B08FSKDL8Y,SRKSB LLC,Ocean River Technology
,B08HMXWHWR,4,Herramientas y Mejoras del Hogar,disponible,no disponible,,,2025-10-17T22:00:12.548Z,2025-10-19T18:30:59.750Z,2025-10-28T02:34:37.593Z,515.31,,$515.31,"Acxico 8 adaptadores de batería AA a tamaño D, Fundas convertidoras de plástico, Color Amarillo Paralelo",https://www.amazon.com.mx/dp/B08HMXWHWR,https://www.amazon.com/dp/B08HMXWHWR,SRKSB LLC,
,B09XL9K3QM,4,Herramientas y Mejoras del Hogar,disponible,disponible,,,2025-10-17T22:00:12.549Z,2025-10-19T18:31:08.410Z,2025-10-28T02:34:45.276Z,650.31,15.78,$650.31,RV Shore Power Inlet Charger Plug 15 Amp AC Port Plug 125 Volt Power Inlet Socket and Waterproof RV Electrical Outlet Receptacle Box Integrated Outdoor Extension Cord For Rv Power Inlet Trailer plug,https://www.amazon.com.mx/dp/B09XL9K3QM,https://www.amazon.com/dp/B09XL9K3QM,SRKSB LLC,JacEnergy Direct Store
,B0BB6W84KW,4,Herramientas y Mejoras del Hogar,disponible,no disponible,,,2025-10-17T22:00:12.549Z,2025-10-19T18:31:17.389Z,2025-10-28T02:34:53.766Z,515.31,,$515.31,Adaptador de fuente de alimentación de CA de 12 V compatible con router inalámbrico,https://www.amazon.com.mx/dp/B0BB6W84KW,https://www.amazon.com/dp/B0BB6W84KW,SRKSB LLC,
,B0DT9MZB2P,4,Herramientas y Mejoras del Hogar,disponible,disponible,,,2025-10-17T22:00:25.687Z,2025-10-19T18:31:24.683Z,2025-10-28T02:35:00.642Z,386.28,4.99,$399.11,Rindion Cord Hider 6P,https://www.amazon.com.mx/dp/B0DT9MZB2P,https://www.amazon.com/dp/B0DT9MZB2P,SRKSB LLC,YZYFQP
,B0B2DW6B75,4,Herramientas y Mejoras del Hogar,disponible,disponible,,,2025-10-17T22:00:25.687Z,2025-10-19T18:31:32.259Z,2025-10-28T02:35:08.669Z,535.12,5.96,$538.73,"Adaptador de corriente CC de 9 V Fuente de alimentación de 1 A, cable de alimentación de 9 V CC, adaptador de 9 V 1000 mA CC, enchufe de cable de 5,5 mm x 2,5 mm [La polaridad de la punta de salida",https://www.amazon.com.mx/dp/B0B2DW6B75,https://www.amazon.com/dp/B0B2DW6B75,SRKSB LLC,changyuntech
,B0DY1MK2TN,4,Herramientas y Mejoras del Hogar,disponible,disponible,,,2025-10-17T22:00:25.687Z,2025-10-19T18:31:40.302Z,2025-10-28T02:35:17.244Z,901.04,18.99,$899.66,SOLL Power Strip resistente a la intemperie,https://www.amazon.com.mx/dp/B0DY1MK2TN,https://www.amazon.com/dp/B0DY1MK2TN,MaYourStore,FFSOLL
,B095XD1TD2,4,Herramientas y Mejoras del Hogar,disponible,no disponible,,,2025-10-17T22:00:25.687Z,2025-10-19T18:31:48.736Z,2025-10-28T02:35:24.869Z,597.39,,$602.31,"MIXGOO - Cargador de fuente de alimentación de 12 V 3 A (entrada de CA 100 V-240 V, salida CC 12 V, 3 A, 36 W), convertidor de transformador de conmutación DC 5,5 mm x 2,1 mm/5,5 mm x 2,5 mm universal",https://www.amazon.com.mx/dp/B095XD1TD2,https://www.amazon.com/dp/B095XD1TD2,SRKSB LLC,
,B0DSJQTBVY,4,Herramientas y Mejoras del Hogar,disponible,disponible,,,2025-10-17T22:00:25.687Z,2025-10-19T18:31:55.455Z,2025-10-28T02:35:32.205Z,415.93,5.49,$400.94,"Liamner - Kit de 120 piezas de mini fusibles, kit surtido de fusibles para coche, mini fusibles, mini fusibles de hoja automotriz para coche, RV, camión, marina, motocicleta, accesorios para",https://www.amazon.com.mx/dp/B0DSJQTBVY,https://www.amazon.com/dp/B0DSJQTBVY,Novayu,Liamner US
,B08VWVLBWF,4,Herramientas y Mejoras del Hogar,disponible,no disponible,,,2025-10-17T22:00:25.687Z,2025-10-19T18:32:02.715Z,2025-10-28T02:35:39.748Z,622.82,,$627.03,"MIXGOO - Cargador de fuente de alimentación de 5 V 4 A (entrada de CA 100 V-240 V, salida CC 5 V, 4 A, 20 W), convertidor de transformador de conmutación DC 5,5 mm x 2,1 mm, 5,5 mm x 2,5 mm, 3,5 mm x 1,35 mm, universal",https://www.amazon.com.mx/dp/B08VWVLBWF,https://www.amazon.com/dp/B08VWVLBWF,SRKSB LLC,
,B0DQWNZ7R4,4,Herramientas y Mejoras del Hogar,disponible,disponible,,,2025-10-17T22:00:25.688Z,2025-10-19T18:32:09.532Z,2025-10-28T02:35:47.517Z,468.75,7.98,$468.75,Paquete de 10 portafusibles en línea de 12 V,https://www.amazon.com.mx/dp/B0DQWNZ7R4,https://www.amazon.com/dp/B0DQWNZ7R4,SRKSB LLC,Giwiemi
,B0BJV1GCR6,4,Herramientas y Mejoras del Hogar,disponible,no disponible,,,2025-10-17T22:00:25.688Z,2025-10-19T18:32:17.725Z,2025-10-28T02:35:55.527Z,898.08,,$899.46,"Caja eléctrica al aire última intervensión, IP54 impermeable, cubierta de salida al aire última intervensión, cubierta de cable de extensión resistente a la intemperie, cubierta de cable de extensión",https://www.amazon.com.mx/dp/B0BJV1GCR6,https://www.amazon.com/dp/B0BJV1GCR6,SRKSB LLC,
,B086DN9QT3,4,Herramientas y Mejoras del Hogar,disponible,disponible,,,2025-10-17T22:00:25.688Z,2025-10-19T18:32:26.837Z,2025-10-28T02:36:03.385Z,641.25,15.99,$651.25,"Techbee Digital Infinite Cycle Intermittent Timer Plug para toma de corriente eléctrica, 24 horas programable interruptor de encendido y apagado con cuenta regresiva (120 V, 15 A)",https://www.amazon.com.mx/dp/B086DN9QT3,https://www.amazon.com/dp/B086DN9QT3,M&H Customer Friendly Store,TechBee
,B0DCBTQ5QS,4,Herramientas y Mejoras del Hogar,disponible,disponible,,,2025-10-17T22:00:25.688Z,2025-10-19T18:32:34.347Z,2025-10-28T02:36:11.547Z,654.75,13.99,$640.44,Soporte antirrobo para timbre con un kit de montaje en ángulo ajustable diseñado específicamente para timbre de video Blink. Esta funda de soporte de montaje sin taladro es adecuada para la mayoría de,https://www.amazon.com.mx/dp/B0DCBTQ5QS,https://www.amazon.com/dp/B0DCBTQ5QS,SRKSB LLC,Beauty creator
,B0010CUKKW,4,Herramientas y Mejoras del Hogar,disponible,no disponible,,,2025-10-17T22:00:25.688Z,2025-10-19T18:32:42.554Z,2025-10-28T02:36:20.565Z,1050.02,,"$1,053.17","Rip-Tie Envoltorio para cables de alta resistencia, 1 x 6 pulgadas, 10 unidades, color negro",https://www.amazon.com.mx/dp/B0010CUKKW,https://www.amazon.com/dp/B0010CUKKW,SRKSB LLC,
,B0DK2TBQQ5,4,Herramientas y Mejoras del Hogar,disponible,disponible,,,2025-10-17T22:00:25.688Z,2025-10-19T18:32:50.884Z,2025-10-28T02:36:27.424Z,545.2,9.99,$543.82,"Bridas de cierre resistentes de 12 pulgadas, 200 libras de resistencia a la tracción con bridas de doble cara con dientes súper duraderas, bridas de alambre extra grandes de nailon ajustables para",https://www.amazon.com.mx/dp/B0DK2TBQQ5,https://www.amazon.com/dp/B0DK2TBQQ5,Amazon Estados Unidos,Rythcraft Smart
,B0CBLPR4P5,4,Herramientas y Mejoras del Hogar,disponible,disponible,,,2025-10-17T22:00:25.688Z,2025-10-19T18:32:57.569Z,2025-10-28T02:36:35.425Z,367.37,3.99,$369.86,"Aieted - Paquete de 4 herramientas de repuesto para timbre de timbre, herramienta de apertura de timbre de Blink, herramienta de pin de timbre de Blink, compatible con timbre de video Blink/modelo más",https://www.amazon.com.mx/dp/B0CBLPR4P5,https://www.amazon.com/dp/B0CBLPR4P5,SRKSB LLC,RuiKe-US
,B00NY3RH9M,4,Herramientas y Mejoras del Hogar,disponible,disponible,,,2025-10-17T22:00:25.688Z,2025-10-19T18:33:05.542Z,2025-10-28T02:36:43.317Z,264.84,7.11,$432.45,"Go Green Power GG-25603 14/3 Appliance Cord, 3-Feet",https://www.amazon.com.mx/dp/B00NY3RH9M,https://www.amazon.com/dp/B00NY3RH9M,Marca: Power By GoGreen,
,B0CKXB8R97,4,Herramientas y Mejoras del Hogar,disponible,disponible,,,2025-10-17T22:00:25.688Z,2025-10-20T01:52:11.005Z,2025-10-28T02:36:57.138Z,982.88,26.99,$963.91,"Plug'n - Tira de alimentación resistente de 8 tomas, amplio espacio, protector de sobretensiones de taller 2700J con cable de extensión de 6 pies, tira de alimentación de metal industrial de 15",https://www.amazon.com.mx/dp/B0CKXB8R97,https://www.amazon.com/dp/B0CKXB8R97,Binglu,Plug'n
,B0DBLB7FNY,4,Herramientas y Mejoras del Hogar,disponible,disponible,,,2025-10-17T22:00:25.688Z,2025-10-20T01:52:22.965Z,2025-10-28T02:37:04.456Z,500.06,9.99,$503.44,"Soporte de timbre de anillo sin taladro, soporte calcomanía para puerta compatible con timbre de video 1/2/3/3 Plus/4/(versión 2020) inalámbrico, soporte de placa de montaje para casas y apartamentos",https://www.amazon.com.mx/dp/B0DBLB7FNY,https://www.amazon.com/dp/B0DBLB7FNY,SRKSB LLC,Micogia
,B0DBL994XC,4,Herramientas y Mejoras del Hogar,disponible,disponible,,,2025-10-17T22:00:37.297Z,2025-10-20T01:52:30.696Z,2025-10-28T02:37:12.924Z,606.77,11.99,$606.77,Relaxweex - Cable de lámpara de 15 pies con botón de encendido/apagado 18awg SPT-2 cable de alimentación de repuesto transparente plateado cable de lámpara de repuesto con enchufe para iluminación de,https://www.amazon.com.mx/dp/B0DBL994XC,https://www.amazon.com/dp/B0DBL994XC,SRKSB LLC,HanTsing
,B0DBHMSYNX,4,Herramientas y Mejoras del Hogar,disponible,disponible,,,2025-10-17T22:00:37.297Z,2025-10-20T01:52:38.159Z,2025-10-28T02:37:21.984Z,538.04,19.99,$749.79,"OCTOXEQA - Bridas de goma de 32 pulgadas, bridas de silicona reutilizables, resistentes, bridas flexibles para agrupar y sostener, bridas de silicona negras para uso en interiores y exteriores (8",https://www.amazon.com.mx/dp/B0DBHMSYNX,https://www.amazon.com/dp/B0DBHMSYNX,Amazon Estados Unidos,antengsalesjp
,B0D9NCR7YH,4,Herramientas y Mejoras del Hogar,disponible,disponible,,,2025-10-17T22:00:37.297Z,2025-10-20T01:52:45.218Z,2025-10-28T02:37:30.080Z,714.71,14.69,$714.71,"T-Joan Plugs - Protector de sobretensiones de 10 tomas, 10 pies, 2480 julios, enchufe plano, disyuntor integrado PD de 20 W, montado en la pared y enchufe de computadora para recámara doméstico y",https://www.amazon.com.mx/dp/B0D9NCR7YH,https://www.amazon.com/dp/B0D9NCR7YH,SRKSB LLC,T-JOAN  Smart Home Living Hall
,B09XHXBXBP,4,Herramientas y Mejoras del Hogar,disponible,no disponible,,,2025-10-17T22:00:37.297Z,2025-10-20T01:52:52.545Z,2025-10-28T02:37:37.072Z,489,,$639.99,"Tablero rústico con textura de madera, cubierta de salida dúplex, placa de pared decorativa para interruptor de luz de granja, placa de pared para dormitorio, baño, casa de granja, habitación de campo, decoración de panel de arte",https://www.amazon.com.mx/dp/B09XHXBXBP,https://www.amazon.com/dp/B09XHXBXBP,Marca: XFSHMYTY,
,B0F2H4CKSM,4,Herramientas y Mejoras del Hogar,disponible,disponible,,,2025-10-17T22:00:37.297Z,2025-10-20T01:53:00.051Z,2025-10-28T02:37:45.407Z,834.39,16.99,$840.03,"Eletoo - Bridas con cierre verde jardín de 8 pulgadas (paquete de 1200), resistencia a la tracción de 35 libras, nailon autobloqueante PA66 resistente a los rayos UV para uso en interiores y",https://www.amazon.com.mx/dp/B0F2H4CKSM,https://www.amazon.com/dp/B0F2H4CKSM,SRKSB LLC,Eletoo
,B0D4LLGXPG,4,Herramientas y Mejoras del Hogar,disponible,no disponible,,,2025-10-17T22:00:37.298Z,2025-10-20T01:53:08.122Z,2025-10-28T02:37:53.805Z,802.12,,$807.16,"BITEPASS - Timbre de video 1080p inalámbrico con timbre, detección humana de AI, audio de 2 vías, visualización FHD en vivo, WiFi 2.4G, visión nocturna, almacenamiento en la nube, funciona con pilas,",https://www.amazon.com.mx/dp/B0D4LLGXPG,https://www.amazon.com/dp/B0D4LLGXPG,SRKSB LLC,
,B0CZ8YVN99,4,Herramientas y Mejoras del Hogar,disponible,disponible,,,2025-10-17T22:00:37.298Z,2025-10-20T01:53:16.131Z,2025-10-28T02:38:01.039Z,589.64,11.99,$594.47,"250 etiquetas de corbata con cierre de 6 pulgadas, etiquetas autobloqueantes con etiquetas de etiqueta, bridas de cables con etiquetas, para organización, etiquetas de sujeción de cables con plástico",https://www.amazon.com.mx/dp/B0CZ8YVN99,https://www.amazon.com/dp/B0CZ8YVN99,SRKSB LLC,GREEN OCEAN
,B0BC5WT8GT,4,Herramientas y Mejoras del Hogar,disponible,disponible,,,2025-10-17T22:00:37.298Z,2025-10-20T01:53:24.141Z,2025-10-28T02:38:07.921Z,604.22,14.99,$626.73,"Cable de carga de 26 pies 18V500mA Adaptador de corriente para timbres de video, Ring Video Doorbell Pro y Ring Video Doorbell 2, Transformador compatible con Zmodo Smart Doorbell y Nest Hello",https://www.amazon.com.mx/dp/B0BC5WT8GT,https://www.amazon.com/dp/B0BC5WT8GT,CATTLESIV,nayinhe
,B0CYX1WPR7,4,Herramientas y Mejoras del Hogar,disponible,disponible,,,2025-10-17T22:00:37.298Z,2025-10-20T01:53:33.344Z,2025-10-28T02:38:15.419Z,585.18,10.99,$601.98,"FunKiim - Placas de pared de arquitectura clásica, cubiertas de interruptor de luz, cubiertas de toma de corriente, placas de pared de receptáculo dúplex, placas de interruptor de material de fibra de",https://www.amazon.com.mx/dp/B0CYX1WPR7,https://www.amazon.com/dp/B0CYX1WPR7,CATTLESIV,YouKray
,B0CDQT7CVS,4,Herramientas y Mejoras del Hogar,disponible,disponible,,,2025-10-17T22:00:37.298Z,2025-10-20T01:53:42.150Z,2025-10-28T02:38:24.705Z,477.71,16.99,$480.94,Girasol clásico Granero Madera 3 Gang Luces Interruptor Cubiertas Solar Floral Triple Placa de Pared Placa de Interruptor Decorativa Placa Frontal Eléctrica Casa Casa Casa Salón Decoración,https://www.amazon.com.mx/dp/B0CDQT7CVS,https://www.amazon.com/dp/B0CDQT7CVS,SRKSB LLC,hengxin wp
,B0CNH5LM1D,4,Herramientas y Mejoras del Hogar,disponible,disponible,,,2025-10-17T22:00:37.298Z,2025-10-20T01:53:51.165Z,2025-10-28T02:38:31.558Z,558.05,11.99,$552.71,"Paquete de 2 divisores de salida de enchufe para exteriores, 3 salidas de corriente con cubierta segura, resistente al agua, multienchufe para jardín, cochera, taller, uso en interiores y exteriores,",https://www.amazon.com.mx/dp/B0CNH5LM1D,https://www.amazon.com/dp/B0CNH5LM1D,SRKSB LLC,SZKEYU
,B0CY44MS17,4,Herramientas y Mejoras del Hogar,disponible,disponible,,,2025-10-17T22:00:37.298Z,2025-10-20T01:54:00.075Z,2025-10-28T02:38:39.663Z,368.36,3.99,$368.36,"REZOSY - Paquete de 100 bridas de cierre blancas de 8 pulgadas, resistencia a la tracción, 40 libras, resistentes a los rayos UV, bridas de alambre con cierre automático, para uso en interiores y",https://www.amazon.com.mx/dp/B0CY44MS17,https://www.amazon.com/dp/B0CY44MS17,SRKSB LLC,Xindaqiang
,B0DSCFZ1JF,4,Herramientas y Mejoras del Hogar,disponible,no disponible,,,2025-10-17T22:00:37.298Z,2025-10-20T01:54:08.072Z,2025-10-28T02:38:48.018Z,406.65,,$406.65,"Fusibles estándar de 2 amperios para coche, fusible automotriz de 2 A (ATO/ATC), fusible de hoja para coche/RV/camión, SUV, motocicleta/barco",https://www.amazon.com.mx/dp/B0DSCFZ1JF,https://www.amazon.com/dp/B0DSCFZ1JF,SRKSB LLC,
,B0CN4PPF5F,4,Herramientas y Mejoras del Hogar,disponible,disponible,,,2025-10-17T22:00:37.298Z,2025-10-20T01:54:15.689Z,2025-10-28T02:38:56.909Z,747,8.99,$493.50,"200 bridas de cables reutilizables de 4 pulgadas, correas de cable multiusos para atar, cable y organizador de cables utilizados para auriculares, teléfonos, hogar, oficina y centros de datos",https://www.amazon.com.mx/dp/B0CN4PPF5F,https://www.amazon.com/dp/B0CN4PPF5F,NEXUSMART ME,iHappier
,B0DS28J32M,4,Herramientas y Mejoras del Hogar,disponible,no disponible,,,2025-10-17T22:00:37.298Z,2025-10-20T01:54:23.464Z,2025-10-28T02:39:05.695Z,404.82,,$407.56,"(25 piezas) 10 Amp Mini fusibles de coche, 10 A, fusible de hoja para coche/RV/camión, SUV, motocicleta/barco",https://www.amazon.com.mx/dp/B0DS28J32M,https://www.amazon.com/dp/B0DS28J32M,SRKSB LLC,
,B09MCSXBSQ,4,Herramientas y Mejoras del Hogar,disponible,no disponible,,,2025-10-17T22:00:37.298Z,2025-10-20T01:54:30.826Z,2025-10-28T02:39:13.895Z,717.02,,$717.02,"Aobao - Medidor de voltios, 4 unidades, enchufe plano de EE. UU., CA 80-300 V, voltímetro digital LCD, monitor de prueba de voltaje, panel de voltaje de CA 110 V, 220 V, medidor de prueba de voltios para RV",https://www.amazon.com.mx/dp/B09MCSXBSQ,https://www.amazon.com/dp/B09MCSXBSQ,SRKSB LLC,
,B0B6S712CW,4,Herramientas y Mejoras del Hogar,disponible,disponible,,,2025-10-17T22:00:47.155Z,2025-10-20T01:54:38.129Z,2025-10-28T02:39:21.069Z,841.47,22.99,$847.15,"AizzKry Foco exterior con estaca de tierra, accesorio de reflector duradero, resistente a la intemperie, resistente para patio, bandera, decoración de día festivo, 120 V, cable de alimentación de 6 pies, base de foco PAR38, verde, listado ETL, paquete de 2",https://www.amazon.com.mx/dp/B0B6S712CW,https://www.amazon.com/dp/B0B6S712CW,SRKSB LLC,Antrees
,B0B6QQMDZ4,4,Herramientas y Mejoras del Hogar,disponible,disponible,,,2025-10-17T22:00:47.155Z,2025-10-20T01:54:46.445Z,2025-10-28T02:39:28.980Z,763.13,16.99,$767.07,"Tira de alimentación para exteriores, resistente a la intemperie, 3 tomas de corriente + cable de extensión para exteriores de 6 pies con múltiples tomas, protección contra sobrecarga y a prueba de",https://www.amazon.com.mx/dp/B0B6QQMDZ4,https://www.amazon.com/dp/B0B6QQMDZ4,SRKSB LLC,FINEIN US
,B0B2PM4F9H,4,Herramientas y Mejoras del Hogar,disponible,disponible,,,2025-10-17T22:00:47.155Z,2025-10-20T01:55:01.416Z,2025-10-28T02:39:44.311Z,998.59,27.99,"$1,005.34","Ceoighe Motor de Ventilador de Escape de Baño, Conjunto de Soplador de Ventilador de S97009796 Compatible con Calentador de Techo con Bombilla Nutone Broan, 70 CFM 120 V",https://www.amazon.com.mx/dp/B0B2PM4F9H,https://www.amazon.com/dp/B0B2PM4F9H,SRKSB LLC,LiaoFire
,B09WN277MK,4,Herramientas y Mejoras del Hogar,disponible,disponible,,,2025-10-17T22:00:47.155Z,2025-10-20T01:55:08.759Z,2025-10-28T02:39:53.730Z,723.67,13.96,$728.55,"ACANORA Kit de entrelazado de generador para paneles Murray o Siemens de 150 o 200 amperios, espacio de 7/8 a 1 1/4 pulgadas, níquel cepillado",https://www.amazon.com.mx/dp/B09WN277MK,https://www.amazon.com/dp/B09WN277MK,SRKSB LLC,VOOMA US
,B09W9K4PYL,4,Herramientas y Mejoras del Hogar,disponible,disponible,,,2025-10-17T22:00:47.155Z,2025-10-20T01:55:16.524Z,2025-10-28T02:40:00.933Z,649.08,14.98,$653.47,"Placas de pared, cubiertas de salida dúplex, placas de interruptor de luz de palanca, cubierta de interruptor de luz decorador, material de fibra de bambú, placas de pared de tamaño estándar de varios",https://www.amazon.com.mx/dp/B09W9K4PYL,https://www.amazon.com/dp/B09W9K4PYL,SRKSB LLC,YouKray
,B0DMD7FKX7,4,Herramientas y Mejoras del Hogar,disponible,disponible,,,2025-10-17T22:00:47.155Z,2025-10-20T01:55:25.056Z,2025-10-28T02:40:08.894Z,580.72,24.99,$890.36,"HOPOW - Protector de sobretensiones de tira de alimentación, paquete de 2, cable de extensión plano ultra delgado de 6 pies, protector de sobretensiones con 5 tomas de corriente y 3 puertos USB (2 USB",https://www.amazon.com.mx/dp/B0DMD7FKX7,https://www.amazon.com/dp/B0DMD7FKX7,Amazon Estados Unidos,depapo
,B0869JD1R6,4,Herramientas y Mejoras del Hogar,disponible,disponible,,,2025-10-17T22:00:47.155Z,2025-10-20T01:55:32.929Z,2025-10-28T02:40:16.670Z,783.7,19.99,$799.06,"STECHRO Timbre de puerta inalámbrico, rango de 600 pies, 5 volumen ajustable, 1 alarma de contacto magnético con puerta abierta con 62 timbres modo silencio, receptor de enchufe para hogar,",https://www.amazon.com.mx/dp/B0869JD1R6,https://www.amazon.com/dp/B0869JD1R6,M&H Customer Friendly Store,STECHRO
,B095JTVJJL,4,Herramientas y Mejoras del Hogar,disponible,disponible,,,2025-10-17T22:00:47.155Z,2025-10-20T01:55:40.051Z,2025-10-28T02:40:24.893Z,889.19,19.96,$889.19,"300 pies x 3/5 pulgadas, cortado a cualquier longitud, bridas para cables, bridas de alambre, gestión de correas de cable, fácil de usar, nailon, bucle de gancho de doble cara, autorápido",https://www.amazon.com.mx/dp/B095JTVJJL,https://www.amazon.com/dp/B095JTVJJL,SRKSB LLC,Zeapa
,B0D77VQBFV,4,Herramientas y Mejoras del Hogar,disponible,disponible,,,2025-10-17T22:00:47.155Z,2025-10-20T01:55:48.735Z,2025-10-28T02:40:33.917Z,783.81,15.99,$789.10,"Placa de pared combinada, 1 palanca y 1 interruptor de luz basculante, decorativa, clásico, floral, para cocina, niñas, habitación de niños, recámara, baño, 4.5 x 4.5 pulgadas",https://www.amazon.com.mx/dp/B0D77VQBFV,https://www.amazon.com/dp/B0D77VQBFV,SRKSB LLC,TFVIVISU
,B07G9XYF8N,4,Herramientas y Mejoras del Hogar,disponible,disponible,,,2025-10-17T22:00:47.155Z,2025-10-20T01:55:55.996Z,2025-10-28T02:40:40.945Z,836.22,19.96,$836.22,"2 receptores enchufables y 2 transmisores timbre inalámbrico, rango de 1300 pies, 58 campanas, 4 niveles de sonido, impermeable IP55, indicador LED, fácil de instalar y configurar, plateado, para el hogar, la oficina y la tienda",https://www.amazon.com.mx/dp/B07G9XYF8N,https://www.amazon.com/dp/B07G9XYF8N,SRKSB LLC,Zeapa
,B00WUY0I1U,4,Herramientas y Mejoras del Hogar,disponible,no disponible,,,2025-10-17T22:00:47.155Z,2025-10-20T01:56:03.827Z,2025-10-28T02:40:49.711Z,4044.34,,"$4,229.03","uPunch HN3500 - Paquete de Reloj de Tiempo avanzado para pequeñas Empresas: Sistema Completo de Seguimiento de Tiempo para empleados con 100 Tarjetas de Tiempo, 2 bastidores, 2 Cintas y 6 Llaves",https://www.amazon.com.mx/dp/B00WUY0I1U,https://www.amazon.com/dp/B00WUY0I1U,SEONGSAN,
,B0BJVWGK1M,4,Herramientas y Mejoras del Hogar,disponible,disponible,,,2025-10-17T22:00:47.155Z,2025-10-20T01:56:12.974Z,2025-10-28T02:40:57.507Z,540.14,9.98,$540.14,"Lazos de cierre grandes resistentes al aire última intervensión de 24 pulgadas (paquete de 50), bridas resistentes con cierre de 120 libras, resistencia a la tracción al aire última intervensión,",https://www.amazon.com.mx/dp/B0BJVWGK1M,https://www.amazon.com/dp/B0BJVWGK1M,SRKSB LLC,TaotaoUS
,B0D6B1DVRT,4,Herramientas y Mejoras del Hogar,disponible,no disponible,,,2025-10-17T22:00:47.156Z,2025-10-20T01:56:20.086Z,2025-10-28T02:41:06.157Z,539.53,,$539.53,"Placa de interruptor de luz de madera maciza, placa de pared de 4.8 x 4.8 pulgadas, cubierta de interruptor de luz, placa de interruptor de madera cruda de calidad, placa de doble salida, placa",https://www.amazon.com.mx/dp/B0D6B1DVRT,https://www.amazon.com/dp/B0D6B1DVRT,Novayu,
,B09MLRSSRP,4,Herramientas y Mejoras del Hogar,disponible,disponible,,,2025-10-17T22:00:47.156Z,2025-10-20T01:56:28.537Z,2025-10-28T02:41:14.096Z,916.97,24.99,$948.33,"PowGrow Regleta de alimentación, 14 AWG NEMA 6-15P 10 pies de largo, cable de extensión de alimentación duradero 240 V, 3 tomas de corriente",https://www.amazon.com.mx/dp/B09MLRSSRP,https://www.amazon.com/dp/B09MLRSSRP,SRKSB LLC,seecam
,B07KY5LQFP,4,Herramientas y Mejoras del Hogar,disponible,no disponible,,,2025-10-17T22:00:47.156Z,2025-10-20T01:56:37.034Z,2025-10-28T02:41:20.621Z,1069.68,,"$1,168.46","Probador de circuito profesional para automoción, comprobador de diagnóstico corto y abierto, herramienta de reparación, buscador de cables, circuito de cable para coche, rastreador de cables",https://www.amazon.com.mx/dp/B07KY5LQFP,https://www.amazon.com/dp/B07KY5LQFP,SHERIFF EXPRESS,
,B0CMXCLJHT,4,Herramientas y Mejoras del Hogar,disponible,disponible,,,2025-10-17T22:00:47.156Z,2025-10-20T01:56:45.857Z,2025-10-28T02:41:28.036Z,613.1,12.98,$593.52,"LWDZLHD - Cubierta de interruptor de luz de girasol y mariposa, cubierta de toma de corriente, placa de pared eléctrica, para baño, cocina, recámara, hogar, accesorios de 4.5 x 2.7 pulgadas",https://www.amazon.com.mx/dp/B0CMXCLJHT,https://www.amazon.com/dp/B0CMXCLJHT,Novayu,Jiaying Liu 7700
,B0CHFDX73H,4,Herramientas y Mejoras del Hogar,disponible,no disponible,,,2025-10-17T22:01:02.471Z,2025-10-20T01:56:53.257Z,2025-10-28T02:41:36.759Z,813.65,,$841.41,"BITEPASS - Timbre de video 1080p inalámbrico con timbre, detección humana AI, audio de 2 vías, vista FHD en vivo, sin cables, visión nocturna, almacenamiento en la nube, alimentado por pilas,",https://www.amazon.com.mx/dp/B0CHFDX73H,https://www.amazon.com/dp/B0CHFDX73H,SRKSB LLC,
,B0CFYNMH73,4,Herramientas y Mejoras del Hogar,disponible,no disponible,,,2025-10-17T22:01:02.472Z,2025-10-20T01:57:01.391Z,2025-10-28T02:41:45.017Z,754.3,,$629.45,"Cubiertas decorativas de interruptor de luz de palanca única, placa de pared, material de fibra de bambú natural, cubiertas de placa de interruptor – estilo moderno (1 palanca de pandillas, 4 unidades)",https://www.amazon.com.mx/dp/B0CFYNMH73,https://www.amazon.com/dp/B0CFYNMH73,SRKSB LLC,
,B0BZ15KYXM,4,Herramientas y Mejoras del Hogar,disponible,disponible,,,2025-10-17T22:01:02.472Z,2025-10-20T01:57:09.667Z,2025-10-28T02:41:51.962Z,1264.95,39.99,"$1,273.50","ANOSON - Lazos grandes de 18 pulgadas (250 unidades), 20 pulgadas, bridas largas con cierre resistentes con resistencia a la tracción de 250 libras, bridas grandes, color negro",https://www.amazon.com.mx/dp/B0BZ15KYXM,https://www.amazon.com/dp/B0BZ15KYXM,SRKSB LLC,anoson
,B0BX9BPVQM,4,Herramientas y Mejoras del Hogar,disponible,disponible,,,2025-10-17T22:01:02.472Z,2025-10-20T01:57:17.394Z,2025-10-28T02:41:59.299Z,754.3,14.99,$759.39,"Placas de pared clásicas de color blanco puro, cubiertas de interruptor de luz, cubiertas de toma de corriente, placas de interruptor de varias combinaciones, placa de pared de fibra de bambú natural",https://www.amazon.com.mx/dp/B0BX9BPVQM,https://www.amazon.com/dp/B0BX9BPVQM,SRKSB LLC,YouKray
,B0BJW6NM4B,4,Herramientas y Mejoras del Hogar,disponible,disponible,,,2025-10-17T22:01:02.472Z,2025-10-20T01:57:25.477Z,2025-10-28T02:42:07.391Z,659.71,11.99,$659.71,"Bridas de cierre de 200 libras, resistentes de 18 pulgadas, 70 unidades, bridas negras grandes, cremalleras gruesas resistentes al calor, bridas de alambre grandes anchas, envolturas de lazo",https://www.amazon.com.mx/dp/B0BJW6NM4B,https://www.amazon.com/dp/B0BJW6NM4B,SRKSB LLC,YoYo Essentials
,B09KMYZMNT,4,Herramientas y Mejoras del Hogar,disponible,disponible,,,2025-10-17T22:01:02.472Z,2025-10-20T01:57:33.666Z,2025-10-28T02:42:15.512Z,366.55,3.99,$368.70,"Boacua - Bridas con cierre de 8 pulgadas (100 piezas), bridas de nailon autobloqueables, color blanco resistente, para interiores y exteriores",https://www.amazon.com.mx/dp/B09KMYZMNT,https://www.amazon.com/dp/B09KMYZMNT,SRKSB LLC,Xingtian Trading
,B08TBM621K,4,Herramientas y Mejoras del Hogar,disponible,disponible,,,2025-10-17T22:01:02.472Z,2025-10-20T01:57:50.597Z,2025-10-28T02:42:31.255Z,638.69,15.99,$668.53,"Paquete de 700 bridas de cremallera de 4 + 6 + 8 + 10 + 12 pulgadas, resistentes, 40 libras, resistentes a los rayos UV, con cremallera, tamaño pequeño, surtido de cables, color negro para el hogar, oficina, jardinería",https://www.amazon.com.mx/dp/B08TBM621K,https://www.amazon.com/dp/B08TBM621K,SHERIFF EXPRESS,NewZEPlus US
,B08H2CT8SL,4,Herramientas y Mejoras del Hogar,disponible,disponible,,,2025-10-17T22:01:02.472Z,2025-10-20T01:57:58.545Z,2025-10-28T02:42:39.049Z,525.58,9.3,$529.14,"Bridas transparentes de 8 pulgadas (longitud de atadura 6.7 pulgadas), 300 bridas de nailon, correa de cable resistente verde",https://www.amazon.com.mx/dp/B08H2CT8SL,https://www.amazon.com/dp/B08H2CT8SL,SRKSB LLC,MILEKE
,B07GYTZF35,4,Herramientas y Mejoras del Hogar,disponible,disponible,,,2025-10-17T22:01:02.472Z,2025-10-20T01:58:05.158Z,2025-10-28T02:42:47.832Z,571.73,11.99,$576.32,"Yziixi Bloques de fusibles de hoja de caja de fusibles de 6 vías con indicador de advertencia LED, cubierta a prueba de humedad para automóvil de 12 V/24 V, coche, camión, barco, autobús marino, furgoneta, 6 circuitos independientes, positivos negativos",https://www.amazon.com.mx/dp/B07GYTZF35,https://www.amazon.com/dp/B07GYTZF35,SRKSB LLC,TawTop
,B07NNRP7VX,4,Herramientas y Mejoras del Hogar,disponible,disponible,,,2025-10-17T22:01:02.472Z,2025-10-20T01:58:13.271Z,2025-10-28T02:42:56.086Z,1024.09,23.39,"$1,031.00","4 piezas de motor de sincronización síncrono motor de giro eléctrico para espátula de tazas, cuptisserie, rotador de vaso con acoplamiento flexible de 7 mm, 50/60 Hz AC100 ~ 127 V CCW/CW 4 W (2.5-3R)",https://www.amazon.com.mx/dp/B07NNRP7VX,https://www.amazon.com/dp/B07NNRP7VX,SRKSB LLC,NAIVE BLUE
,B0D5H6KWT4,4,Herramientas y Mejoras del Hogar,disponible,no disponible,,,2025-10-17T22:01:13.733Z,2025-10-20T01:58:21.736Z,2025-10-28T02:43:04.829Z,2113.18,,"$2,127.94",CAROD - Soporte para botella de agua de 5 galones con estante de mesa,https://www.amazon.com.mx/dp/B0D5H6KWT4,https://www.amazon.com/dp/B0D5H6KWT4,HNEN,
,B0CCNW6635,4,Herramientas y Mejoras del Hogar,disponible,no disponible,,,2025-10-17T22:01:13.733Z,2025-10-20T01:58:30.652Z,2025-10-28T02:43:12.612Z,5731.15,,"$5,933.85","WLJBIDET - Asiento de inodoro cuadrado para inodoros rectangulares, bidé eléctrico, asiento de inodoro con calefacción rectangular, secador de aire ajustable y agua caliente, lavado oscilante",https://www.amazon.com.mx/dp/B0CCNW6635,https://www.amazon.com/dp/B0CCNW6635,BROWN LEAVES LLC,
,B0CJFXPVKG,4,Herramientas y Mejoras del Hogar,disponible,disponible,,,2025-10-17T22:01:13.733Z,2025-10-20T01:58:40.250Z,2025-10-28T02:43:21.178Z,899.02,42.99,"$1,260.00","BriskSpring Descalcificador de agua sin sal, suavizante del calentador de agua, evita la acumulación de incrustaciones en calentadores de agua, llave, inodoro inteligente y lavadora, sistema en línea",https://www.amazon.com.mx/dp/B0CJFXPVKG,https://www.amazon.com/dp/B0CJFXPVKG,Amazon Estados Unidos,BRISKSPRING
,B0D3TDWMZ8,4,Herramientas y Mejoras del Hogar,disponible,disponible,,,2025-10-17T22:01:13.733Z,2025-10-20T01:58:47.976Z,2025-10-28T02:43:28.755Z,620.62,26.79,$959.01,"Filtro de tanque séptico para tubo de 4 pulgadas, cartucho de filtro residencial de efluente de alcantarillado, repuesto para filtros de agua debajo del fregadero, pieza de tubería de campo de",https://www.amazon.com.mx/dp/B0D3TDWMZ8,https://www.amazon.com/dp/B0D3TDWMZ8,Amazon Estados Unidos,ownfortune
,B0C9ZTQMTX,4,Herramientas y Mejoras del Hogar,disponible,no disponible,,,2025-10-17T22:01:13.733Z,2025-10-20T01:58:54.683Z,2025-10-28T02:43:36.319Z,512.24,,$899.70,"Asiento de inodoro redondo duradero con cierre suave lento, fácil de instalar y limpiar, nunca se afloja, blanco, se adapta a la mayoría de inodoros redondos",https://www.amazon.com.mx/dp/B0C9ZTQMTX,https://www.amazon.com/dp/B0C9ZTQMTX,Amazon Estados Unidos,
,B0D4KDQWK7,4,Herramientas y Mejoras del Hogar,disponible,no disponible,,,2025-10-17T22:01:13.733Z,2025-10-20T01:59:03.190Z,2025-10-28T02:43:44.529Z,1108.51,,"$1,092.86","Escaleras de manta para la sala de estar, 5.4 pies, escalera de madera, escalera de edredón, escalera decorativa, soporte de manta de escalera, escalera de granja, escalera de baño, natural",https://www.amazon.com.mx/dp/B0D4KDQWK7,https://www.amazon.com/dp/B0D4KDQWK7,SRKSB LLC,
,B0B246GJGY,4,Herramientas y Mejoras del Hogar,disponible,no disponible,,,2025-10-17T22:01:13.733Z,2025-10-20T01:59:11.461Z,2025-10-28T02:43:52.835Z,1780.64,,"$1,792.66","BLOFDE Asiento de inodoro alargado de madera para evitar cambios con bisagras de aleación de zinc, asiento de inodoro de tamaño estándar estadounidense, fácil de instalar, también fácil de limpiar,",https://www.amazon.com.mx/dp/B0B246GJGY,https://www.amazon.com/dp/B0B246GJGY,SRKSB LLC,
,B0BJCQ26KJ,4,Herramientas y Mejoras del Hogar,disponible,disponible,,,2025-10-17T22:01:13.733Z,2025-10-20T01:59:20.101Z,2025-10-28T02:44:01.038Z,4478.49,166.99,"$5,905.13","Fregadero utilitario de pie con un solo tazón de fuente con tubo de agua fría y caliente, fregadero de acero inoxidable para lavadero, baño, casa de campo",https://www.amazon.com.mx/dp/B0BJCQ26KJ,https://www.amazon.com/dp/B0BJCQ26KJ,Amazon Estados Unidos,Worcest-US
,B075SL5TX5,4,Herramientas y Mejoras del Hogar,disponible,disponible,,,2025-10-17T22:01:13.733Z,2025-10-20T01:59:26.988Z,2025-10-28T02:44:08.355Z,939.63,26.99,$939.63,"AVAbay manguera antifugas, inodoro o montaje en pared, material de acero inoxidable 304, multifunción para pulverizador de pañales, shattaf, ducha de mascotas",https://www.amazon.com.mx/dp/B075SL5TX5,https://www.amazon.com/dp/B075SL5TX5,SRKSB LLC,🅰🆅🅰🅱🅰🆈
,B0B518NDTW,4,Herramientas y Mejoras del Hogar,disponible,disponible,,,2025-10-17T22:01:13.734Z,2025-10-20T01:59:35.182Z,2025-10-28T02:44:17.232Z,5079.48,229.99,"$6,335.25","Homekicen Grifos de ducha de oro cepillado: sistema de ducha de lluvia antiguo en pared, cabezal de lluvia de 9 pulgadas y spray de mano, válvula de latón de equilibrio de presión con kit de molduras",https://www.amazon.com.mx/dp/B0B518NDTW,https://www.amazon.com/dp/B0B518NDTW,Amazon Estados Unidos,Homekicen
,B0BLHX1KXV,4,Herramientas y Mejoras del Hogar,disponible,disponible,,,2025-10-17T22:01:13.734Z,2025-10-20T01:59:43.929Z,2025-10-28T02:44:25.559Z,1904.36,59.99,"$1,917.22","YEEHEMES - Sistema de bomba dispensador de agua embotellada enchufe de EE. UU. 20 pies para manguera utilizada para máquina de café, máquina de hielo, refrigerador, cocina, camping, RV, jarra de 5",https://www.amazon.com.mx/dp/B0BLHX1KXV,https://www.amazon.com/dp/B0BLHX1KXV,SRKSB LLC,Yeehemes
,B0D4Z7XCT7,4,Herramientas y Mejoras del Hogar,disponible,disponible,,,2025-10-17T22:01:13.734Z,2025-10-20T01:59:53.015Z,2025-10-28T02:44:33.339Z,597.39,12.99,$602.31,"Ceoighe - Juego de 2 interruptores de vacío, interruptor de vacío, kit de reparación de válvula antisifón, kit de reparación de interruptor de vacío compatible con Woodford RK-17VB modelo 17 grifos de",https://www.amazon.com.mx/dp/B0D4Z7XCT7,https://www.amazon.com/dp/B0D4Z7XCT7,SRKSB LLC,LiaoFire
,B0D1TZ7HBC,4,Herramientas y Mejoras del Hogar,disponible,no disponible,,,2025-10-17T22:01:13.734Z,2025-10-20T02:00:01.270Z,2025-10-28T02:44:41.802Z,794.32,,$799.36,"Filtro de agua de repuesto para jarras y dispensadores de agua Brita, Classic 35557, OB03, Mavea 107007, reduce el cloro y el mal sabor, última intervensión de BPA, paquete de 6",https://www.amazon.com.mx/dp/B0D1TZ7HBC,https://www.amazon.com/dp/B0D1TZ7HBC,SRKSB LLC,
,B0D129Z1ZH,4,Herramientas y Mejoras del Hogar,disponible,no disponible,,,2025-10-17T22:01:13.734Z,2025-10-20T02:00:08.430Z,2025-10-28T02:44:50.874Z,742.91,,$747.93,"BOGDA W10295370A Tapas de agua de repuesto para EDR1RXD1, WHR1RXD1, W10295370, KAD1RXD1, P8RFWB2L, P8WB2L, P4RFWB, P5WB2L, 2 unidades",https://www.amazon.com.mx/dp/B0D129Z1ZH,https://www.amazon.com/dp/B0D129Z1ZH,SRKSB LLC,
,B0CT8NJJZ5,4,Herramientas y Mejoras del Hogar,disponible,no disponible,,,2025-10-17T22:01:13.734Z,2025-10-20T02:00:16.661Z,2025-10-28T02:44:58.398Z,627.34,,$627.34,"Extensor de llave de cocina de 360° con rosca hembra de 55/64 pulgadas, aireador de llave de agua con 3 modos, accesorio de rociador de llave para cocina, pieza de repuesto de llave FM22",https://www.amazon.com.mx/dp/B0CT8NJJZ5,https://www.amazon.com/dp/B0CT8NJJZ5,SRKSB LLC,
,B0CQJSV1B3,4,Herramientas y Mejoras del Hogar,disponible,no disponible,,,2025-10-17T22:01:13.734Z,2025-10-20T02:00:24.686Z,2025-10-28T02:45:07.216Z,1655.52,,"$1,721.88","Filtro de agua de repuesto compatible con jarra y dispensador Zero ZR-001 ZR-017 ZR-004 ZP-006 ZD-013 ZS-008, sistema de filtro de múltiples etapas, reduce el plomo, el cromo y PFOA/PFOS, paquete de 6",https://www.amazon.com.mx/dp/B0CQJSV1B3,https://www.amazon.com/dp/B0CQJSV1B3,SRKSB LLC,
,B0CXX8YZC6,4,Herramientas y Mejoras del Hogar,disponible,no disponible,,,2025-10-17T22:01:26.386Z,2025-10-20T02:00:40.354Z,2025-10-28T02:45:22.192Z,1882.37,,"$1,940.93","CAROD Soporte para jarra de agua de 5 galones, soporte para jarra de agua resistente con estantes de almacenamiento, soporte plegable para botellas de agua de 3 niveles de 5 galones, estante para",https://www.amazon.com.mx/dp/B0CXX8YZC6,https://www.amazon.com/dp/B0CXX8YZC6,SRKSB LLC,
,B0B45KH86P,4,Herramientas y Mejoras del Hogar,disponible,no disponible,,,2025-10-17T22:01:26.386Z,2025-10-20T02:00:49.269Z,2025-10-28T02:45:31.568Z,1085,,"$1,085.00","KOSNEW - Cabezal de ducha filtrado con manual de alta presión con filtro para agua dura, filtro KDF mejorado, cabezal de ducha con manguera y soporte ajustable, cabezal de ducha desmontable",https://www.amazon.com.mx/dp/B0B45KH86P,https://www.amazon.com/dp/B0B45KH86P,SRKSB LLC,
,B09ZV1B2RZ,4,Herramientas y Mejoras del Hogar,disponible,no disponible,,,2025-10-17T22:01:26.386Z,2025-10-20T02:00:56.311Z,2025-10-28T02:45:38.889Z,1544.73,,"$1,555.15","HoliSpa - Juego de llave de ducha negro con cabezal de ducha de lluvia de 8 pulgadas, kit de molduras de ducha de una sola manilla, válvula incluida, negro mate",https://www.amazon.com.mx/dp/B09ZV1B2RZ,https://www.amazon.com/dp/B09ZV1B2RZ,SRKSB LLC,
,B08XBFXRDD,4,Herramientas y Mejoras del Hogar,disponible,disponible,,,2025-10-17T22:01:26.386Z,2025-10-20T02:01:04.324Z,2025-10-28T02:45:46.168Z,1905.3,57.99,"$1,920.15","R&T Asiento de inodoro alargado con asiento de entrenamiento integrado, se adapta tanto a niños como a adultos, ahorro de espacio, cierre lento, fácil de instalar y limpiar, plástico, color blanco",https://www.amazon.com.mx/dp/B08XBFXRDD,https://www.amazon.com/dp/B08XBFXRDD,SRKSB LLC,R&T Technology Co. Ltd
,B09PYGCQM3,4,Herramientas y Mejoras del Hogar,disponible,disponible,,,2025-10-17T22:01:26.386Z,2025-10-20T02:01:12.241Z,2025-10-28T02:45:54.387Z,430.02,15.09,$629.07,"1222 - Kit de cartucho de repuesto para grifos de temperatura Posi de una manilla Moen, repuesto compatible con ducha Moen, latón duradero y plástico (aceite de silicona incluido, clip de retención,",https://www.amazon.com.mx/dp/B09PYGCQM3,https://www.amazon.com/dp/B09PYGCQM3,Amazon Estados Unidos,Xiang Lin Dian
,B09DKL53H7,4,Herramientas y Mejoras del Hogar,disponible,disponible,,,2025-10-17T22:01:26.386Z,2025-10-20T02:01:20.017Z,2025-10-28T02:46:02.339Z,1633.81,33.99,"$1,633.81","Lexdale - Grifo de baño con cascada para lavabo (latón cromado, 2 manijas, desagüe emergente y líneas de suministro)",https://www.amazon.com.mx/dp/B09DKL53H7,https://www.amazon.com/dp/B09DKL53H7,SRKSB LLC,Lexdale Sanitary Ware
,B095MMVF54,4,Herramientas y Mejoras del Hogar,disponible,disponible,,,2025-10-17T22:01:26.386Z,2025-10-20T02:01:28.722Z,2025-10-28T02:46:10.231Z,759.63,28.99,"$1,037.70","GENBONS - llave de baño negro cascada de una sola manija para fregadero de baño con drenaje emergente, llave de baño, un agujero o 3 agujeros con placa de cubierta",https://www.amazon.com.mx/dp/B095MMVF54,https://www.amazon.com/dp/B095MMVF54,Amazon Estados Unidos,GENBONS
,B08B5YT92Z,4,Herramientas y Mejoras del Hogar,disponible,no disponible,,,2025-10-17T22:01:26.386Z,2025-10-20T02:01:35.639Z,2025-10-28T02:46:17.772Z,884.39,,$890.36,Maxblue NSF Certified Water Filter,https://www.amazon.com.mx/dp/B08B5YT92Z,https://www.amazon.com/dp/B08B5YT92Z,SRKSB LLC,
,B094Z7WGXG,4,Herramientas y Mejoras del Hogar,disponible,disponible,,,2025-10-17T22:01:26.387Z,2025-10-20T02:01:42.810Z,2025-10-28T02:46:25.015Z,909.01,19.96,$907.63,"Anpean Brazo de ducha y brida de 8 pulgadas, color negro mate, brazo de ducha montado en el techo para cabezal de ducha de lluvia",https://www.amazon.com.mx/dp/B094Z7WGXG,https://www.amazon.com/dp/B094Z7WGXG,MaYourStore,Anpean US
,B07RJB9C55,4,Herramientas y Mejoras del Hogar,disponible,disponible,,,2025-10-17T22:01:26.387Z,2025-10-20T02:01:51.403Z,2025-10-28T02:46:32.487Z,1878.74,58.89,"$1,858.67","Rulia PB1020 - llave de cocina, llave de fregadero, llave de cocina extraíble, filtro de agua incluido",https://www.amazon.com.mx/dp/B07RJB9C55,https://www.amazon.com/dp/B07RJB9C55,Boon Shopping,RULIA
,B089B449X9,4,Herramientas y Mejoras del Hogar,disponible,disponible,,,2025-10-17T22:01:26.387Z,2025-10-20T02:01:58.314Z,2025-10-28T02:46:41.157Z,951.75,19.99,"$1,013.65","Juego de cabezal de ducha de mano de alta presión de 6 modos, recomendado por Consumer Reports HOPOPRO Cabezal de ducha de mano de alto flujo con soporte de manguera de 59 pulgadas, arandelas de goma",https://www.amazon.com.mx/dp/B089B449X9,https://www.amazon.com/dp/B089B449X9,SELLTECH,HOPOPRO
,B07PBSY2XG,4,Herramientas y Mejoras del Hogar,disponible,disponible,,,2025-10-17T22:01:26.387Z,2025-10-20T02:02:07.859Z,2025-10-28T02:46:50.438Z,774.08,13.29,$708.46,"HOMELODY Cabezal de repuesto para llave extraíble, cabezal de rociado de fregadero de cocina G1/2 de 2 funciones, chapado en cromo",https://www.amazon.com.mx/dp/B07PBSY2XG,https://www.amazon.com/dp/B07PBSY2XG,SRKSB LLC,BeToHow-US
,B07YJNMXG5,4,Herramientas y Mejoras del Hogar,disponible,disponible,,,2025-10-17T22:01:26.387Z,2025-10-20T02:02:15.472Z,2025-10-28T02:46:58.502Z,1405.46,57.99,"$1,776.51","Duttao DF-1309CCH-BG - llave para fregadero con 2 asas y desagüe desplegable, 20,3 cm, Oil-Rubbed Bronze",https://www.amazon.com.mx/dp/B07YJNMXG5,https://www.amazon.com/dp/B07YJNMXG5,Amazon Estados Unidos,Duttao
,B0D3HJJ67X,4,Herramientas y Mejoras del Hogar,disponible,no disponible,,,2025-10-17T22:01:26.387Z,2025-10-20T02:02:23.926Z,2025-10-28T02:47:05.777Z,1176.49,,"$1,210.26","Filtro de agua mejorado de repuesto para jarra y dispensador cero ZR-001 ZR-004 ZP-006 ZR-017, sistema de filtro de múltiples etapas, reduciendo eficazmente los contaminantes de plomo, cromo, PFOA y",https://www.amazon.com.mx/dp/B0D3HJJ67X,https://www.amazon.com/dp/B0D3HJJ67X,CATTLESIV,
,B07KF5Q15Y,4,Herramientas y Mejoras del Hogar,disponible,no disponible,,,2025-10-17T22:01:26.387Z,2025-10-20T02:02:31.215Z,2025-10-28T02:47:14.305Z,3165.06,,"$3,165.06","IMLEZON llave de llenado de ollas, de acero inoxidable, para uso comercial, para fregadero de cocina, plegable, elástico, con un solo agujero, dos asas",https://www.amazon.com.mx/dp/B07KF5Q15Y,https://www.amazon.com/dp/B07KF5Q15Y,SRKSB LLC,
,B0746J9HLW,4,Herramientas y Mejoras del Hogar,disponible,disponible,,,2025-10-17T22:01:26.387Z,2025-10-20T02:02:40.445Z,2025-10-28T02:47:22.248Z,1027.33,28.99,"$1,027.33","YOO.MEE ADA - Cabezal de ducha de mano para ancianos, parkinson, artritis o personas discapacitadas en acción, con dispositivo de conmutación de silicona extra grande, con mango de agarre cómodo, con ajuste de pausa con agua suave, cromado",https://www.amazon.com.mx/dp/B0746J9HLW,https://www.amazon.com/dp/B0746J9HLW,SRKSB LLC,YOO.MEE Home Plus
,B09ZTZSSB7,4,Herramientas y Mejoras del Hogar,disponible,no disponible,,,2025-10-17T22:01:37.412Z,2025-10-20T02:02:48.802Z,2025-10-28T02:47:30.313Z,1461.43,,"$1,555.15","HoliSpa - Juego de llave de ducha de níquel cepillado con cabezal de ducha de lluvia de 8 pulgadas, kit de molduras de ducha de una sola manija incluida, válvula de níquel cepillado",https://www.amazon.com.mx/dp/B09ZTZSSB7,https://www.amazon.com/dp/B09ZTZSSB7,SHERIFF EXPRESS,
,B0DB1Y2Q23,4,Herramientas y Mejoras del Hogar,disponible,no disponible,,,2025-10-17T22:01:37.412Z,2025-10-20T02:02:56.040Z,2025-10-28T02:47:38.059Z,802.89,,$802.89,"BEGULF - Toalla de baño para baño pequeño montado en la pared, estante de toallas de 2 niveles, toallero de pared para toallas enrolladas, soporte de toallas con estante de metal, organizador de",https://www.amazon.com.mx/dp/B0DB1Y2Q23,https://www.amazon.com/dp/B0DB1Y2Q23,SRKSB LLC,
,B0CQJS7BNM,4,Herramientas y Mejoras del Hogar,disponible,no disponible,,,2025-10-17T22:01:37.412Z,2025-10-20T02:03:03.367Z,2025-10-28T02:47:45.205Z,1167.07,,"$1,167.07","DESENRUIS - Filtro de agua de repuesto compatible con jarra cero y dispensador ZR-001 ZR-017 ZR-004 ZP-006 ZD-013 ZS-008, sistema de filtro multietapa, reduce el plomo, el cromo y PFOA/PFOS, paquete",https://www.amazon.com.mx/dp/B0CQJS7BNM,https://www.amazon.com/dp/B0CQJS7BNM,SRKSB LLC,
,B0C3HLTWBF,4,Herramientas y Mejoras del Hogar,disponible,no disponible,,,2025-10-17T22:01:37.412Z,2025-10-20T02:03:10.875Z,2025-10-28T02:47:52.116Z,1024.01,,"$1,037.91","FCSOTSPS - Sello inferior para puerta de ducha, 2 piezas de barrido de puerta de ducha de 1/4 x 36 pulgadas para vidrio de 1/4 pulgadas, tira de sello de puerta de ducha de vidrio sin marco, para",https://www.amazon.com.mx/dp/B0C3HLTWBF,https://www.amazon.com/dp/B0C3HLTWBF,SRKSB LLC,
,B0B2136PMB,4,Herramientas y Mejoras del Hogar,disponible,no disponible,,,2025-10-17T22:01:37.412Z,2025-10-20T02:03:27.257Z,2025-10-28T02:48:06.611Z,6241.35,,"$6,646.98","EcoChannels Fregadero de cocina, fregadero de acero inoxidable de 17 x 19 pulgadas, fregadero de estación de trabajo negro",https://www.amazon.com.mx/dp/B0B2136PMB,https://www.amazon.com/dp/B0B2136PMB,Snorlax Store,
,B0B24P96N5,4,Herramientas y Mejoras del Hogar,disponible,disponible,,,2025-10-17T22:01:37.412Z,2025-10-20T02:03:36.389Z,2025-10-28T02:48:15.832Z,1949.19,59.99,"$1,949.19","TimeArrow Grifo de lavabo de baño de 2 asas de 8 pulgadas, 3 agujeros generalizados con boquilla giratoria de 360 grados y drenaje desplegable de desbordamiento, negro mate",https://www.amazon.com.mx/dp/B0B24P96N5,https://www.amazon.com/dp/B0B24P96N5,SRKSB LLC,TimeArrow
,B09F2WLD48,4,Herramientas y Mejoras del Hogar,disponible,disponible,,,2025-10-17T22:01:37.412Z,2025-10-20T02:03:44.756Z,2025-10-28T02:48:23.000Z,1174.7,29.99,"$1,174.70","Alcachofa de ducha de mano – Filtro Watersong filtro filtro autolimpiante anti-obstrucción, 3 ajustes de cabezal de ducha con manguera de acero inoxidable de 78 pulgadas de largo, soporte ajustable, superficie de galvanoplastia, alta presión",https://www.amazon.com.mx/dp/B09F2WLD48,https://www.amazon.com/dp/B09F2WLD48,SRKSB LLC,
,B09ZV1NBN2,4,Herramientas y Mejoras del Hogar,disponible,no disponible,,,2025-10-17T22:01:37.412Z,2025-10-20T02:03:52.795Z,2025-10-28T02:48:30.842Z,227,,No disponible,"HoliSpa - Sistema de ducha negro, juego de llave de ducha con cabezal de ducha de lluvia de 10 pulgadas y de mano, juego de cabezal de ducha de alta presión montado en la pared, juego combinado de",https://www.amazon.com.mx/dp/B09ZV1NBN2,https://www.amazon.com/dp/B09ZV1NBN2,Marca: HoliSpa,
,B0DJR28446,4,Herramientas y Mejoras del Hogar,disponible,disponible,,,2025-10-17T22:01:46.656Z,2025-10-20T02:04:00.697Z,2025-10-28T02:48:38.667Z,3298.13,119.89,"$3,361.08","Kit herrajes puerta granero deslizante oculta 97 cm con mecanismo de cierre suave, apertura de paso 76 a 86 cm, sistema riel de aluminio oculto, soporte de pared puerta interior madera (sin puerta)",https://www.amazon.com.mx/dp/B0DJR28446,https://www.amazon.com/dp/B0DJR28446,OLALOOK LLC,Ceakian
,B00T5HQKTE,4,Herramientas y Mejoras del Hogar,disponible,disponible,,,2025-10-17T22:01:46.656Z,2025-10-20T02:04:10.263Z,2025-10-28T02:48:46.548Z,1857,63.99,"$1,987.49","SoHoMiLL® - perilla de puerta con teclado electrónico SoHo Mill® y juego de cerradura con llave mecánica de respaldo (cierre de resorte, no cerrojo, no conectado al teléfono), teclado frontal único YL",https://www.amazon.com.mx/dp/B00T5HQKTE,https://www.amazon.com/dp/B00T5HQKTE,ahmet acar,SoHoMiLL®
,B0DNQ4KHQ9,4,Herramientas y Mejoras del Hogar,disponible,disponible,,,2025-10-17T22:01:46.656Z,2025-10-20T02:04:18.542Z,2025-10-28T02:48:55.334Z,1178.86,36.99,"$1,185.24","Borde de Goma, Protector Autoadhesivo en Forma de U para tableros de contrachapado, estantes y encimeras. Tamaño 28 mm, Apto para 27-29 mm, Longitud 6 m.",https://www.amazon.com.mx/dp/B0DNQ4KHQ9,https://www.amazon.com/dp/B0DNQ4KHQ9,SRKSB LLC,Protalwell
,B08X4KX1VW,4,Herramientas y Mejoras del Hogar,disponible,no disponible,,,2025-10-17T22:01:46.656Z,2025-10-20T02:04:27.462Z,2025-10-28T02:49:03.945Z,826.12,,$826.12,"Pegamento calcomanía Guru CA con activador (2 x 3.5 oz - 2 x 14.5 onzas) CA pegamento juego para carpintería con micropuntas, cianoacrilato súper pegamento para plástico, vidrio, cerámica, bricolaje",https://www.amazon.com.mx/dp/B08X4KX1VW,https://www.amazon.com/dp/B08X4KX1VW,SRKSB LLC,
,B0CPY24YN8,4,Herramientas y Mejoras del Hogar,disponible,no disponible,,,2025-10-17T22:01:46.656Z,2025-10-20T02:04:37.232Z,2025-10-28T02:49:12.132Z,500.06,,$494.75,"Discos de Felpa para Muebles de 5"" x 40"", Color Negro",https://www.amazon.com.mx/dp/B0CPY24YN8,https://www.amazon.com/dp/B0CPY24YN8,SRKSB LLC,
,B0D46RDLB3,4,Herramientas y Mejoras del Hogar,disponible,disponible,,,2025-10-17T22:01:46.656Z,2025-10-20T02:04:46.769Z,2025-10-28T02:49:19.856Z,1636.4,49.99,"$1,634.52","KISREL Resina UV 2000 g, kit de resina UV mejorado, tipo duro, resina epoxi UV de curado ultravioleta para manualidades",https://www.amazon.com.mx/dp/B0D46RDLB3,https://www.amazon.com/dp/B0D46RDLB3,Amazon Estados Unidos,NJMAOJIE
,B0D9SPH9SB,4,Herramientas y Mejoras del Hogar,disponible,no disponible,,,2025-10-17T22:01:46.656Z,2025-10-20T02:04:56.107Z,2025-10-28T02:49:27.380Z,736.35,,$735.83,"Eagle Precision: Kit de tornillos 6-48, 36 piezas, 6 mm, 8 mm, 10 mm, estándar y ovalado, Torx 10, óxido negro endurecido, herramientas de precisión, montaje, armería",https://www.amazon.com.mx/dp/B0D9SPH9SB,https://www.amazon.com/dp/B0D9SPH9SB,SRKSB LLC,
,B0C3G9J8FN,4,Herramientas y Mejoras del Hogar,disponible,no disponible,,,2025-10-17T22:01:46.656Z,2025-10-20T02:05:04.127Z,2025-10-28T02:49:35.163Z,618.77,,$742.08,"tornillo de bastón de 12 pulgadas, resistente tapón para puerta de barra de caída, pestillo de tierra para vallas de madera, puertas de metal, pasador de puerta para sujetar la puerta al piso, acabado negro, paquete de 2",https://www.amazon.com.mx/dp/B0C3G9J8FN,https://www.amazon.com/dp/B0C3G9J8FN,Amazon Estados Unidos,
,B0CYP8C758,4,Herramientas y Mejoras del Hogar,disponible,disponible,,,2025-10-17T22:01:46.656Z,2025-10-20T02:05:12.588Z,2025-10-28T02:49:42.025Z,305.22,8.88,$493.40,"Soportes y soportes para extintor de incendios, paquete de 4 soportes y soportes para extintor de incendios, gancho de pared para montaje de extintor de incendios de 5 a 10 libras",https://www.amazon.com.mx/dp/B0CYP8C758,https://www.amazon.com/dp/B0CYP8C758,YongXinStore,ManZhenLi
,B0C83B9PRX,4,Herramientas y Mejoras del Hogar,disponible,no disponible,,,2025-10-17T22:01:46.657Z,2025-10-20T02:05:20.503Z,2025-10-28T02:49:49.407Z,771.39,,$771.39,"Aura Nest - Toalleros de bambú verticales, accesorios de baño, almacenamiento, toallero de pared para toallas enrolladas para muebles de baño, muebles de spa y decoración (natural, mediano)",https://www.amazon.com.mx/dp/B0C83B9PRX,https://www.amazon.com/dp/B0C83B9PRX,SRKSB LLC,
,B0DBVD451Q,4,Herramientas y Mejoras del Hogar,disponible,no disponible,,,2025-10-17T22:01:46.657Z,2025-10-20T02:05:30.337Z,2025-10-28T02:49:57.375Z,746.26,,$746.26,"Yaliuliu - Juego de 4 Patas Mueble Redondas de Madera Maciza de 6 Pulgadas, Patas de Repuesto de Madera Café con Pernos Roscados de 5/16 Pulgadas para Sofá, Sillón, Gabinete, Soporte de TV, Otomano",https://www.amazon.com.mx/dp/B0DBVD451Q,https://www.amazon.com/dp/B0DBVD451Q,SRKSB LLC,
,B0CDPQH7JW,4,Herramientas y Mejoras del Hogar,disponible,disponible,,,2025-10-17T22:01:46.657Z,2025-10-20T02:05:39.259Z,2025-10-28T02:50:05.558Z,896.23,29.99,"$1,428.59","Likapop - Patas de Mesa de Centro de Metal de 16 Pulgadas, Patas de Banco con Forma de Diamante, Patas de computadora Resistentes, Patas de Mesa Auxiliar de Metal Negro, Patas de Muebles de Bricolaje",https://www.amazon.com.mx/dp/B0CDPQH7JW,https://www.amazon.com/dp/B0CDPQH7JW,Amazon Estados Unidos,Likapop
,B07842J3M3,4,Herramientas y Mejoras del Hogar,disponible,no disponible,,,2025-10-17T22:01:46.657Z,2025-10-20T02:05:47.324Z,2025-10-28T02:50:14.717Z,586.88,,$586.88,Kit de reparación de cajones médicos DIY – Paquete de 4 piezas de repuesto de parte inferior de cajones – Fijador de cajones – No hay necesidad de reemplazo de cajones de cocina – Cajones de cocina – Fijación de cajones con,https://www.amazon.com.mx/dp/B07842J3M3,https://www.amazon.com/dp/B07842J3M3,SRKSB LLC,
,B09WCNBHD9,4,Herramientas y Mejoras del Hogar,disponible,no disponible,,,2025-10-17T22:01:46.657Z,2025-10-20T02:05:55.508Z,2025-10-28T02:50:22.230Z,512.17,,$506.28,"Hosrnovo - Clips de estante, clip de soporte ajustable para 255 pilastras estándar, soportes de estantería de metal resistentes para estantería de gabinete de cocina (plata 28)",https://www.amazon.com.mx/dp/B09WCNBHD9,https://www.amazon.com/dp/B09WCNBHD9,SRKSB LLC,
,B0CTCPBDSH,4,Herramientas y Mejoras del Hogar,disponible,disponible,,,2025-10-17T22:01:46.657Z,2025-10-20T02:06:03.560Z,2025-10-28T02:50:29.454Z,2423.33,109.99,"$3,622.14","Nebakne - clóset de 200 llaves, caja antirrobo con etiquetas para llaves, organizador de llaves ajustable, caja fuerte para la pared, para coche, oficina, casa, cochera, alquiler de negocios",https://www.amazon.com.mx/dp/B0CTCPBDSH,https://www.amazon.com/dp/B0CTCPBDSH,Amazon Estados Unidos,Nebakne Official
,B09Q3LH7BT,4,Herramientas y Mejoras del Hogar,disponible,no disponible,,,2025-10-17T22:01:46.657Z,2025-10-20T02:06:10.756Z,2025-10-28T02:50:37.148Z,145,,$577.46,"Soporte de papel higiénico de pared de madera y cuerda, rollos de pañuelos rústicos, soporte de papel montado en la pared, accesorios de baño elegantes y náuticos con tornillo autoadhesivo sin costuras",https://www.amazon.com.mx/dp/B09Q3LH7BT,https://www.amazon.com/dp/B09Q3LH7BT,Shengtangdianzi,
,B09C64PQRP,4,Herramientas y Mejoras del Hogar,disponible,no disponible,,,2025-10-17T22:01:59.830Z,2025-10-20T02:06:25.408Z,2025-10-28T02:50:52.583Z,589.06,,$593.04,"Rddconkit - 20 ganchos de aleación de zinc para colgar cuadros para el hogar, la oficina, tela de pared de madera (bronce)",https://www.amazon.com.mx/dp/B09C64PQRP,https://www.amazon.com/dp/B09C64PQRP,SRKSB LLC,
,B09H5MLDHP,4,Herramientas y Mejoras del Hogar,disponible,disponible,,,2025-10-17T22:01:59.831Z,2025-10-20T02:06:33.476Z,2025-10-28T02:51:01.185Z,541.81,12.99,$545.47,"24 protectores de piso de silicona para patas de silla, almohadillas para orejas de fieltro para muebles de madera dura, protectores de patas de silla de goma para suelos de madera dura, tapas de",https://www.amazon.com.mx/dp/B09H5MLDHP,https://www.amazon.com/dp/B09H5MLDHP,SRKSB LLC,Joeyrras
,B0BG72CS6V,4,Herramientas y Mejoras del Hogar,disponible,disponible,,,2025-10-17T22:01:59.831Z,2025-10-20T02:06:41.835Z,2025-10-28T02:51:10.498Z,1088.98,29.99,"$1,135.54","KOMOHOM - Soporte de esquina en L (15 unidades), hierro galvanizado de ángulo medio L de 4 pulgadas, resistente, soportes de fijación de juntas, soporte de esquina en ángulo recto de 90 grados para",https://www.amazon.com.mx/dp/B0BG72CS6V,https://www.amazon.com/dp/B0BG72CS6V,Amazon Estados Unidos,KOMOHOM
,B09DS5CPMH,4,Herramientas y Mejoras del Hogar,disponible,disponible,,,2025-10-17T22:01:59.831Z,2025-10-20T02:06:50.570Z,2025-10-28T02:51:18.869Z,480.4,8.99,$483.65,"Dash Cam Mount Almohadillas adhesivas – Paquete de 4 almohadillas redondas de doble cara de 56 mm fabricadas con 3M VHB – Cinta resistente al calor para parabrisas, salpicadero, GPS y soportes de",https://www.amazon.com.mx/dp/B09DS5CPMH,https://www.amazon.com/dp/B09DS5CPMH,SRKSB LLC,MASI AUTO USA
,B0D6JXLGH8,4,Herramientas y Mejoras del Hogar,disponible,disponible,,PRICE_AND_SELLER_NOT_FOUND,2025-10-17T22:01:59.831Z,2025-10-20T02:06:59.035Z,2025-10-28T02:51:26.467Z,846.49,,$845.83,"Sallbris - Linterna LED recargable potente y versátil, distancia de iluminación es muy adecuada para deportes al aire última intervensión",https://www.amazon.com.mx/dp/B0D6JXLGH8,https://www.amazon.com/dp/B0D6JXLGH8,SRKSB LLC,
,B0DKXDYG31,4,Herramientas y Mejoras del Hogar,disponible,disponible,,,2025-10-17T22:01:59.831Z,2025-10-20T02:07:08.423Z,2025-10-28T02:51:34.094Z,916.39,19.97,$890.36,"Linternas recargables de alta potencia, linternas de 7 modos recargables, linterna superbrillante, luz de flash táctica ajustable, luz de flash de alta potencia, linterna LED para emergencia en el",https://www.amazon.com.mx/dp/B0DKXDYG31,https://www.amazon.com/dp/B0DKXDYG31,SRKSB LLC,LECHENG Tech
,B0D1YCJ2CF,4,Herramientas y Mejoras del Hogar,disponible,disponible,,,2025-10-17T22:01:59.831Z,2025-10-20T02:07:16.013Z,2025-10-28T02:51:43.419Z,713.91,17.99,$713.91,"Toallero ajustable con ventosa de 16 a 27 años, extensible con ventosa, toallero de acero inoxidable para puerta de ducha de vidrio, color negro",https://www.amazon.com.mx/dp/B0D1YCJ2CF,https://www.amazon.com/dp/B0D1YCJ2CF,SRKSB LLC,Mulisiu
,B092YNPPKM,4,Herramientas y Mejoras del Hogar,disponible,disponible,,PRICE_AND_SELLER_NOT_FOUND,2025-10-17T22:01:59.831Z,2025-10-20T02:07:24.858Z,2025-10-28T02:51:50.913Z,686.01,,$690.64,"Folding Shelf Brackets 8 Inch Heavy Duty Stainless Steel Collapsible Wall Mounted Shelf for DIY Bracket,Folding Bench,Work Table, Space Saving Max Load 110lb 2pcs with Screws (8inch 2-Pack, Black)",https://www.amazon.com.mx/dp/B092YNPPKM,https://www.amazon.com/dp/B092YNPPKM,SRKSB LLC,
,B0DJ1FL7W6,4,Herramientas y Mejoras del Hogar,disponible,disponible,,,2025-10-17T22:01:59.831Z,2025-10-20T02:07:33.416Z,2025-10-28T02:51:59.114Z,368.96,7.95,$453.39,"Todays Kids - Paquete de 2 candados para puerta corredera, cerradura a prueba de niños para puerta corredera, cerradura de ventana deslizante fácil de instalar, cerradura de seguridad para puerta",https://www.amazon.com.mx/dp/B0DJ1FL7W6,https://www.amazon.com/dp/B0DJ1FL7W6,Amazon Estados Unidos,YOURBABYSHOP
,B07RKN8GTC,4,Herramientas y Mejoras del Hogar,disponible,disponible,,,2025-10-17T22:01:59.831Z,2025-10-20T02:07:42.154Z,2025-10-28T02:52:07.642Z,498,11.99,$552.71,"STYDDI - Adaptador de pistola para lavadora a presión con conector rápido de 1/4 pulgadas, arandela de presión de conexión rápida de repuesto compatible con lavadora eléctrica Portland 1750",https://www.amazon.com.mx/dp/B07RKN8GTC,https://www.amazon.com/dp/B07RKN8GTC,Sunny3-HQ,STYDDI
,B08CY145XM,4,Herramientas y Mejoras del Hogar,disponible,disponible,,,2025-10-17T22:01:59.831Z,2025-10-20T02:07:49.090Z,2025-10-28T02:52:14.998Z,517.11,6.99,$520.59,"LSYGUS 10 ganchos de metal para techo grandes de 10 cm, para uso interior y exterior",https://www.amazon.com.mx/dp/B08CY145XM,https://www.amazon.com/dp/B08CY145XM,SRKSB LLC,LSYGXYZ Direct
,B0D53XVLQV,4,Herramientas y Mejoras del Hogar,disponible,disponible,,,2025-10-17T22:01:59.831Z,2025-10-20T02:07:57.329Z,2025-10-28T02:52:23.856Z,360.61,8.49,$478.92,"Lineshading - 100 anclajes de plástico expandibles para hormigón, tubos de expansión de pared de yeso para paredes huecas, tubos de expansión de pernos de cemento (verde, 1/4 pulgadas x 1-1/4 pulgadas",https://www.amazon.com.mx/dp/B0D53XVLQV,https://www.amazon.com/dp/B0D53XVLQV,Amazon Estados Unidos,Yyjgsanfg
,B0D3ZXQSNW,4,Herramientas y Mejoras del Hogar,disponible,disponible,,,2025-10-17T22:01:59.832Z,2025-10-20T02:08:04.083Z,2025-10-28T02:52:31.762Z,483.47,13.99,$619.26,"Anclaje de yeso con pernos incluidos para tamaño de cierre de 1/4-20, anclajes de pared, paneles de yeso, resistentes para montaje en TV, kit de tornillos de anclaje de pared hueca soporta hasta 272",https://www.amazon.com.mx/dp/B0D3ZXQSNW,https://www.amazon.com/dp/B0D3ZXQSNW,Amazon Estados Unidos,Mutrust
,B09WCZDX6L,4,Herramientas y Mejoras del Hogar,disponible,no disponible,,,2025-10-17T22:01:59.832Z,2025-10-20T02:08:11.111Z,2025-10-28T02:52:39.398Z,1330.4,,"$1,308.80","DWIL Kit de reacabado de bañera y azulejos, sin olor, para reparación de encimera, revestimiento blanco, fácil aplicación de cubierta, pintura acrílica para interiores y exteriores",https://www.amazon.com.mx/dp/B09WCZDX6L,https://www.amazon.com/dp/B09WCZDX6L,SRKSB LLC,
,B07SQR2TNT,4,Herramientas y Mejoras del Hogar,disponible,disponible,,,2025-10-17T22:01:59.832Z,2025-10-20T02:08:19.736Z,2025-10-28T02:52:46.673Z,380.05,4.99,$382.62,"AZXYI calcomanía calcomanía muy alto, paquete de 9 adhesivos de repuesto para base de zócalo, cintas adhesivas de doble cara de 1.4 pulgadas para agarre plegable y base de soporte",https://www.amazon.com.mx/dp/B07SQR2TNT,https://www.amazon.com/dp/B07SQR2TNT,SRKSB LLC,AZXYI
,B0DWZV1FS2,4,Herramientas y Mejoras del Hogar,disponible,disponible,,,2025-10-17T22:01:59.832Z,2025-10-20T02:08:28.398Z,2025-10-28T02:52:55.749Z,632.61,9.99,$532.42,"JinnEterri - Juego de 240 clips de parachoques para coche, remaches de plástico de 12 tamaños más populares y 5 sujetadores de sujeción para retener, kit de remaches automáticos",https://www.amazon.com.mx/dp/B0DWZV1FS2,https://www.amazon.com/dp/B0DWZV1FS2,SRKSB LLC,LaiTerAutoHome
,B0DP419W5D,4,Herramientas y Mejoras del Hogar,disponible,no disponible,,,2025-10-17T22:02:12.576Z,2025-10-20T02:08:35.405Z,2025-10-28T02:53:03.451Z,515.13,,$525.00,"Pegamento para reparación de neumáticos, 50 ml, pegamento negro para neumáticos",https://www.amazon.com.mx/dp/B0DP419W5D,https://www.amazon.com/dp/B0DP419W5D,SRKSB LLC,
,B08BKWWFQT,4,Herramientas y Mejoras del Hogar,disponible,disponible,,,2025-10-17T22:02:12.576Z,2025-10-20T02:08:43.879Z,2025-10-28T02:53:11.199Z,1171.92,32.99,"$1,182.88",Assorted Drawer Knobs - Set of 30 Pcs - Ceramic Cupboard Pull Handle Kitchen Cabinet Wardrobe Knob Boho Room Decorative - Black and White,https://www.amazon.com.mx/dp/B08BKWWFQT,https://www.amazon.com/dp/B08BKWWFQT,SRKSB LLC,FOLK CRAFT
,B0DGCRRLDM,4,Herramientas y Mejoras del Hogar,disponible,disponible,,,2025-10-17T22:02:12.576Z,2025-10-20T02:08:51.440Z,2025-10-28T02:53:19.330Z,2079.06,64.99,"$2,092.37","Cuerdas elásticas con ganchos de 21 pulgadas, paquete de 50 unidades, correas de lona de goma resistentes con ganchos en S prensados para asegurar la carga, lonas en climas extremos, estiramiento",https://www.amazon.com.mx/dp/B0DGCRRLDM,https://www.amazon.com/dp/B0DGCRRLDM,SEONGSAN,Saber-toothed Tiger
,B09LCQV5NV,4,Herramientas y Mejoras del Hogar,disponible,disponible,,,2025-10-17T22:02:12.576Z,2025-10-20T02:08:59.999Z,2025-10-28T02:53:26.599Z,645.68,19.99,$816.10,"AKKTOL Molly - Tornillos para paneles de yeso y paredes de yeso (0.12 a 1.3 pulgadas), fáciles de usar con herramienta de ajuste, 36 anclajes de pared hueca de alta resistencia en 6 tamaños, soporta",https://www.amazon.com.mx/dp/B09LCQV5NV,https://www.amazon.com/dp/B09LCQV5NV,Amazon Estados Unidos,AKKTOL Direct
,B0C2J6M616,4,Herramientas y Mejoras del Hogar,disponible,disponible,,,2025-10-17T22:02:12.576Z,2025-10-20T02:09:15.350Z,2025-10-28T02:53:40.819Z,469.37,11.98,$569.75,"4 resortes de gas, soportes de elevación de puntales de gas de 100 N/22 libras, amortiguadores de gas, bisagras de cierre suave, tapa de puerta de gabinete para muebles, soporte de resorte hidráulico",https://www.amazon.com.mx/dp/B0C2J6M616,https://www.amazon.com/dp/B0C2J6M616,Amazon Estados Unidos,HeYiGuoJi
,B09C62TXW7,4,Herramientas y Mejoras del Hogar,disponible,disponible,,,2025-10-17T22:02:12.576Z,2025-10-20T02:09:22.547Z,2025-10-28T02:53:49.800Z,1023.77,29.98,"$1,030.69","Neoera Tope magnético para puerta (color bronce aceitado) Tope para puerta Fuerte cierre magnético para puerta para mantener la puerta abierta, antioxidante, resistente para varios tipos de puertas",https://www.amazon.com.mx/dp/B09C62TXW7,https://www.amazon.com/dp/B09C62TXW7,SRKSB LLC,NEOERA
,B0B1QXNB82,4,Herramientas y Mejoras del Hogar,disponible,disponible,,,2025-10-17T22:02:12.576Z,2025-10-20T02:09:30.362Z,2025-10-28T02:53:56.925Z,1155.48,34.99,"$1,159.02","Cerradura de puerta de granero, pestillos de puerta, pestillo de seguridad para puerta, cerradura de seguridad de 3,8 mm, cierre de puerta de aleación de zinc resistente para puerta corredera,",https://www.amazon.com.mx/dp/B0B1QXNB82,https://www.amazon.com/dp/B0B1QXNB82,SRKSB LLC,MeBantoo Lock Hardware
,B08JRWJ8RD,4,Herramientas y Mejoras del Hogar,disponible,disponible,,,2025-10-17T22:02:12.576Z,2025-10-20T02:09:37.714Z,2025-10-28T02:54:04.666Z,1251.55,39.99,"$1,260.00","Admiral Locks - Cerradura tubular de leva de 5/8 pulgadas y 180 grados, con llave similar extraíble para llaves de coche, cerradura de almacenamiento para compartimentos (5/8 pulgadas 180°, color negro, paquete de 5)",https://www.amazon.com.mx/dp/B08JRWJ8RD,https://www.amazon.com/dp/B08JRWJ8RD,SRKSB LLC,Products Quad
,B0DH1HVPK5,4,Herramientas y Mejoras del Hogar,disponible,no disponible,,,2025-10-17T22:02:12.576Z,2025-10-20T02:09:46.181Z,2025-10-28T02:54:12.979Z,480.4,,$483.65,"Peasulin - Paquete de 2 ganchos dobles de acero resistentes con detalles de madera, sin montaje, 9.72 pulgadas para toallas, abrigos, se adapta a puertas de hasta 1-3/4 pulgadas de grosor (blanco)",https://www.amazon.com.mx/dp/B0DH1HVPK5,https://www.amazon.com/dp/B0DH1HVPK5,SRKSB LLC,
,B0DM5VB1NB,4,Herramientas y Mejoras del Hogar,disponible,no disponible,,,2025-10-17T22:02:12.577Z,2025-10-20T02:09:53.435Z,2025-10-28T02:54:21.682Z,800.89,,$865.61,"Linternas recargables de alto lúmenes, paquete de 2, 980.000 L, luz de flash táctica LED superbrillante con 7 modos, zoomable, luz lateral de mazorca, USB C, linterna de mano alimentada por pilas para",https://www.amazon.com.mx/dp/B0DM5VB1NB,https://www.amazon.com/dp/B0DM5VB1NB,AMO LA PELLE,
,B0DLB7PJ7J,4,Herramientas y Mejoras del Hogar,disponible,disponible,,,2025-10-17T22:02:12.577Z,2025-10-20T02:10:02.432Z,2025-10-28T02:54:28.578Z,1376.58,35.77,"$1,376.58","FEIRONG Sistema de soporte de tercera mano, poste de soporte ajustable, barras de carga para gabinetes, paneles de yeso, 18-24 pulgadas, 2 unidades (plateado)",https://www.amazon.com.mx/dp/B0DLB7PJ7J,https://www.amazon.com/dp/B0DLB7PJ7J,SRKSB LLC,FLY-GLORY
,B0DJ7GK7F2,4,Herramientas y Mejoras del Hogar,disponible,disponible,,,2025-10-17T22:02:12.577Z,2025-10-20T02:10:11.034Z,2025-10-28T02:54:37.317Z,1058.84,29.99,"$1,051.54","Ceoighe - Juego de cerradura universal para puerta de cochera con pestillo de resorte y mango con llave, juego de cerradura para puerta de cochera individual/doble de ancho máximo a 16 pies,",https://www.amazon.com.mx/dp/B0DJ7GK7F2,https://www.amazon.com/dp/B0DJ7GK7F2,SRKSB LLC,LiaoFire
,B0DH26TWXV,4,Herramientas y Mejoras del Hogar,disponible,disponible,,,2025-10-17T22:02:12.577Z,2025-10-20T02:10:19.624Z,2025-10-28T02:54:45.685Z,640.73,13.99,$622.75,"Tanbupu - Juego de 190 anclajes y tornillos cónicos para pared de concreto con 2 brocas, 95 anclajes de pared de ladrillo y 95 tornillos autorroscantes para mampostería, mampostería, estuco de cemento",https://www.amazon.com.mx/dp/B0DH26TWXV,https://www.amazon.com/dp/B0DH26TWXV,SRKSB LLC,xunmaier
,B0DKSHYJ1K,4,Herramientas y Mejoras del Hogar,disponible,disponible,,,2025-10-17T22:02:12.577Z,2025-10-20T02:10:27.891Z,2025-10-28T02:54:53.557Z,553.56,8.99,$563.61,"228 pines de chaveta, kit surtido de pines de chaveta",https://www.amazon.com.mx/dp/B0DKSHYJ1K,https://www.amazon.com/dp/B0DKSHYJ1K,MAYLA LLC,Happyue
,B0DDKQ8J76,4,Herramientas y Mejoras del Hogar,disponible,no disponible,,,2025-10-17T22:02:12.577Z,2025-10-20T02:10:34.769Z,2025-10-28T02:55:02.121Z,522.7,,$533.04,"Cinta de doble cara para moda y ropa, cinta impermeable para ropa",https://www.amazon.com.mx/dp/B0DDKQ8J76,https://www.amazon.com/dp/B0DDKQ8J76,KODA STORE,
,B0D7C7CKQV,4,Herramientas y Mejoras del Hogar,disponible,no disponible,,,2025-10-17T22:02:12.577Z,2025-10-20T02:10:41.983Z,2025-10-28T02:55:09.753Z,2786.5,,"$2,786.50","Kit de soporte de banco de trabajo resistente, 8 soportes de esquina de ángulo recto de acero de 3 vías para bricolaje banco de trabajo personalizado, estanterías, mesa de trabajo, se adapta a madera",https://www.amazon.com.mx/dp/B0D7C7CKQV,https://www.amazon.com/dp/B0D7C7CKQV,SRKSB LLC,
,B08CZSGBBB,4,Herramientas y Mejoras del Hogar,disponible,disponible,,,2025-10-17T22:02:27.731Z,2025-10-20T02:10:49.860Z,2025-10-28T02:55:17.544Z,811.23,26.99,"$1,012.72",Spray Bottle Storage Rack Abrasive Material Hanging Rail Car Beauty Shop Accessory Display Auto Cleaning Detailing Tools Hanger,https://www.amazon.com.mx/dp/B08CZSGBBB,https://www.amazon.com/dp/B08CZSGBBB,Amazon Estados Unidos,AoKi ToToMi
,B0CQLD8TS7,4,Herramientas y Mejoras del Hogar,disponible,disponible,,,2025-10-17T22:02:27.731Z,2025-10-20T02:10:58.957Z,2025-10-28T02:55:26.014Z,1056.41,29.99,"$1,086.74","visualización para puerta de cochera para 1 cochera de 8 x 7 pies, visualización magnética de cochera con malla retráctil de fibra de vidrio y parte inferior pesada resistente, fácil montaje y paso,",https://www.amazon.com.mx/dp/B0CQLD8TS7,https://www.amazon.com/dp/B0CQLD8TS7,CATTLESIV,Qiuy
,B0D7ZHT8FH,4,Herramientas y Mejoras del Hogar,disponible,disponible,,,2025-10-17T22:02:27.731Z,2025-10-20T02:11:07.252Z,2025-10-28T02:55:32.899Z,498.13,8.99,$488.04,"RKK Kit de instalación de cerradura de puerta, cerradura de puerta, juego de sierra de agujero de acero al carbono para puertas de madera con plantilla guía (1 juego)",https://www.amazon.com.mx/dp/B0D7ZHT8FH,https://www.amazon.com/dp/B0D7ZHT8FH,SRKSB LLC,Juyingjia
,B07ZYX4F3K,4,Herramientas y Mejoras del Hogar,disponible,disponible,,,2025-10-17T22:02:27.731Z,2025-10-20T02:11:15.416Z,2025-10-28T02:55:41.951Z,627.63,14.9,$609.50,"E-riding - Paquete de 2 varitas de tráfico, LED de 21 pulgadas con 2 modos de parpadeo y clip lateral, bastón de seguridad rojo para control de tráfico, estacionamiento, aviones, dirección de coche",https://www.amazon.com.mx/dp/B07ZYX4F3K,https://www.amazon.com/dp/B07ZYX4F3K,SRKSB LLC,E-RIDING
,B0DCW3ZFYR,4,Herramientas y Mejoras del Hogar,disponible,no disponible,,,2025-10-17T22:02:27.731Z,2025-10-20T02:11:23.966Z,2025-10-28T02:55:49.176Z,761.49,,$761.49,"PIOOCAN S10Pro EDC Linterna recargable, linterna de bolsillo de 2500 lúmenes de alto brillo, mini linterna táctica potente magnética, IP68 impermeable, 5 modos de luz de flash para camping, senderismo",https://www.amazon.com.mx/dp/B0DCW3ZFYR,https://www.amazon.com/dp/B0DCW3ZFYR,SRKSB LLC,
,B0D9N6HRR1,4,Herramientas y Mejoras del Hogar,disponible,disponible,,,2025-10-17T22:02:27.731Z,2025-10-20T02:11:32.378Z,2025-10-28T02:55:57.798Z,569.06,11.88,$573.63,L Shelf Brackets - Small Light Weight 90 Degree Angle Corner Bracket: 6 Pack 2 inch Stainless Steel Solid Support with Hardware Mounting Screws - Used for DIY Repairing Build Wood Project,https://www.amazon.com.mx/dp/B0D9N6HRR1,https://www.amazon.com/dp/B0D9N6HRR1,SRKSB LLC,Binge US
,B0D8KNFS4T,4,Herramientas y Mejoras del Hogar,disponible,no disponible,,,2025-10-17T22:02:27.731Z,2025-10-20T02:11:41.319Z,2025-10-28T02:56:04.543Z,444.62,,$447.14,"Tapón magnético para puerta – Paquete de 2 topes de acero inoxidable resistentes para puerta inferior superior de la puerta, montaje en piso de pared, calcomanía 3M y tornillos, imán fuerte para",https://www.amazon.com.mx/dp/B0D8KNFS4T,https://www.amazon.com/dp/B0D8KNFS4T,SRKSB LLC,
,B0D89PLX9T,4,Herramientas y Mejoras del Hogar,disponible,disponible,,,2025-10-17T22:02:27.731Z,2025-10-20T02:11:49.264Z,2025-10-28T02:56:12.755Z,570.22,8.78,$488.28,"Tuercas de bellota, 175 piezas de tuercas hexagonales de bellota, tuercas hexagonales de nailon negro métrico - M3 M4 M5 M6 M8 M10 tapas para tuercas hexagonales de cabeza de cúpula de tornillo",https://www.amazon.com.mx/dp/B0D89PLX9T,https://www.amazon.com/dp/B0D89PLX9T,SRKSB LLC,meitong direct
,B0D63K5XSH,4,Herramientas y Mejoras del Hogar,disponible,no disponible,,,2025-10-17T22:02:27.731Z,2025-10-20T02:12:06.300Z,2025-10-28T02:56:28.222Z,1026.43,,"$1,026.43","Bisagras de caja de juguetes de cierre suave, bisagras de soporte de tapa, bisagras de pecho para caja de juguetes de madera, cierre suave, soporte de tapa de banco, bisagra resistente (paquete de 2)",https://www.amazon.com.mx/dp/B0D63K5XSH,https://www.amazon.com/dp/B0D63K5XSH,Novayu,
,B0D2Y7WV7Q,4,Herramientas y Mejoras del Hogar,disponible,disponible,,,2025-10-17T22:02:27.732Z,2025-10-20T02:12:13.220Z,2025-10-28T02:56:37.285Z,852.62,31.75,"$1,154.22","Cinta selladora para techo de RV, color blanco, 6 x 50 pies, resistente a la intemperie, resistente a los rayos UV, cinta selladora para reparación de techos de caravana, sellado de barco, ventana,",https://www.amazon.com.mx/dp/B0D2Y7WV7Q,https://www.amazon.com/dp/B0D2Y7WV7Q,Amazon Estados Unidos,HZCOYIM
,B0CYGZMFQN,4,Herramientas y Mejoras del Hogar,disponible,disponible,,,2025-10-17T22:02:27.732Z,2025-10-20T02:12:21.039Z,2025-10-28T02:56:44.632Z,475.38,7.99,$475.38,"Zhulerzil - Tapones de cama para evitar deslizamientos, paquete de 4 tapones para ruedas de muebles para piso de madera dura, tapones para marco de cama para todas las ruedas de muebles, sofá y sillas",https://www.amazon.com.mx/dp/B0CYGZMFQN,https://www.amazon.com/dp/B0CYGZMFQN,SRKSB LLC,ZhongningDirect
,B0D9N6X59F,4,Herramientas y Mejoras del Hogar,disponible,disponible,,,2025-10-17T22:02:27.732Z,2025-10-20T02:12:28.501Z,2025-10-28T02:56:53.005Z,594.48,12.88,$599.37,"Ferixan - Soporte de esquina en forma de L, soportes de estante: soporte de estantería de ángulo ligero, de acero inoxidable, 9 unidades, 2 pulgadas, con tornillos de yeso para fijación de madera,",https://www.amazon.com.mx/dp/B0D9N6X59F,https://www.amazon.com/dp/B0D9N6X59F,SRKSB LLC,Binge US
,B0D78NNRKX,4,Herramientas y Mejoras del Hogar,disponible,disponible,,,2025-10-17T22:02:27.732Z,2025-10-20T02:12:36.394Z,2025-10-28T02:57:01.380Z,1217.65,35.99,"$1,217.65","VOTZAAQ - Toalleros para baño, estante de toallas negro de 24 pulgadas con barra de toalla doble, almacenamiento de toallas de acero inoxidable de 3 niveles, soporte de toalla de baño montado en la",https://www.amazon.com.mx/dp/B0D78NNRKX,https://www.amazon.com/dp/B0D78NNRKX,SRKSB LLC,WAJA HOME
,B0D6Y29KD6,4,Herramientas y Mejoras del Hogar,disponible,disponible,,,2025-10-17T22:02:27.732Z,2025-10-20T02:12:43.719Z,2025-10-28T02:57:08.943Z,440.4,4.99,$443.38,"Reavor Números adhesivos de casa de 3 pulgadas, acrílico negro mate, estilo minimalista",https://www.amazon.com.mx/dp/B0D6Y29KD6,https://www.amazon.com/dp/B0D6Y29KD6,SRKSB LLC,Amandiss
,B089QJ1PJL,4,Herramientas y Mejoras del Hogar,disponible,no disponible,,,2025-10-17T22:02:27.732Z,2025-10-20T02:12:51.702Z,2025-10-28T02:57:17.797Z,843.71,,$845.09,"ZUONAI - Ganchos de Pared Colgadores para Colgar Abrigos y Sombreros, 4 Unidades, Ganchos de Metal Macizo, para Colgar en la Pared, para Baño, Ropa, para Recámara, Perchas, Color Dorado",https://www.amazon.com.mx/dp/B089QJ1PJL,https://www.amazon.com/dp/B089QJ1PJL,SRKSB LLC,
,B0BN197833,4,Herramientas y Mejoras del Hogar,disponible,disponible,,,2025-10-17T22:02:27.732Z,2025-10-20T02:13:00.535Z,2025-10-28T02:57:26.597Z,2844.28,94,"$2,888.92","Qeke - Nicho de ducha de acero inoxidable de 24 x 8 pulgadas, estantes dobles de nicho de pared sin tejado, almacenamiento de ducha empotrado, negro mate",https://www.amazon.com.mx/dp/B0BN197833,https://www.amazon.com/dp/B0BN197833,WAITOMO LLC,Qeke-USA
,B0D59W1PKJ,4,Herramientas y Mejoras del Hogar,disponible,no disponible,,,2025-10-17T22:02:43.296Z,2025-10-20T02:13:08.519Z,2025-10-28T02:57:34.176Z,487.1,,$581.71,"Alifa - Linternas recargables de alta luminosidad, 990000 lúmenes, linterna táctica LED, 5 modos súper brillante con zoomable, IPX67 impermeable, luz de flash de mano para acampar emergencias",https://www.amazon.com.mx/dp/B0D59W1PKJ,https://www.amazon.com/dp/B0D59W1PKJ,SRKSB LLC,
,B0B1DWCYJX,4,Herramientas y Mejoras del Hogar,disponible,disponible,,,2025-10-17T22:02:43.296Z,2025-10-20T02:13:17.162Z,2025-10-28T02:57:42.383Z,3403.41,153.11,"$3,433.66","Retsun - cepillo para polvo para puerta enrollable de 12 x 39.37 pulgadas, 3 pulgadas de ancho, cepillo para polvo para puerta de cochera, duradero, fácil de montar (3 pulgadas, 12)",https://www.amazon.com.mx/dp/B0B1DWCYJX,https://www.amazon.com/dp/B0B1DWCYJX,SRKSB LLC,"Retsun Door Industry Co.,Ltd"
,B0D1K41QXD,4,Herramientas y Mejoras del Hogar,disponible,no disponible,,,2025-10-17T22:02:43.296Z,2025-10-20T02:13:24.557Z,2025-10-28T02:57:50.964Z,528.33,,$573.27,"Amanbo - Paquete de 3 cintas adhesivas resistentes al agua, color plata, 66 yardas x 1.88 pulgadas, calcomanía fuerte total sin residuos para uso doméstico, bricolaje, proyectos, reparaciones al aire",https://www.amazon.com.mx/dp/B0D1K41QXD,https://www.amazon.com/dp/B0D1K41QXD,CATTLESIV,
,B0BTBSR6VC,4,Herramientas y Mejoras del Hogar,disponible,disponible,,,2025-10-17T22:02:43.296Z,2025-10-20T02:13:32.120Z,2025-10-28T02:57:59.088Z,606.77,10.39,$580.71,"Ansible 24 Protectores de Suelo para Patas de Silla, Almohadillas de Fieltro para Muebles, Tapas de Silicona para Sillas, Protectores de Patas de Silla para Suelos de Madera Dura (Ajuste Pequeño: 0,9",https://www.amazon.com.mx/dp/B0BTBSR6VC,https://www.amazon.com/dp/B0BTBSR6VC,Boon Shopping,seasonking
,B093FNCS63,4,Herramientas y Mejoras del Hogar,disponible,disponible,,,2025-10-17T22:02:43.296Z,2025-10-20T02:13:41.005Z,2025-10-28T02:58:07.715Z,440,10.99,$528.19,ZUONAI - Juego de 2 cerraduras deslizantes para ventana de doble bloqueo de ventana de vinilo para ventanas deslizantes verticales y horizontales,https://www.amazon.com.mx/dp/B093FNCS63,https://www.amazon.com/dp/B093FNCS63,LMCDEBhsh,ZUONAI HARDWARE
,B0DHVSQXJH,4,Herramientas y Mejoras del Hogar,disponible,disponible,,,2025-10-17T22:02:43.296Z,2025-10-20T02:13:49.688Z,2025-10-28T02:58:15.743Z,290,11.88,$550.14,"LveSunny - Protectores de pared para muebles, 23 tapones para cabecero de espuma EVA para pared, tapones de cama para cabecero, 10 unidades (20 mm de grosor) + 13 unidades (3 mm de grosor) protector",https://www.amazon.com.mx/dp/B0DHVSQXJH,https://www.amazon.com/dp/B0DHVSQXJH,Mei144  兜友好,LveSunny direct
,B09NMR57KJ,4,Herramientas y Mejoras del Hogar,disponible,disponible,,,2025-10-17T22:02:43.296Z,2025-10-20T02:13:57.850Z,2025-10-28T02:58:23.268Z,564.99,11.99,$564.99,"Parachoques de gabinete de 128 piezas de goma transparente para puerta de gabinete – Parachoques autoadhesivos de silicona para gabinetes de cocina, parachoques de cajones, cristalería y muebles",https://www.amazon.com.mx/dp/B09NMR57KJ,https://www.amazon.com/dp/B09NMR57KJ,SRKSB LLC,Fairzone
,B0D3KM75SN,4,Herramientas y Mejoras del Hogar,disponible,disponible,,,2025-10-17T22:02:43.296Z,2025-10-20T02:14:06.591Z,2025-10-28T02:58:30.973Z,1085.72,34.99,"$1,307.17","4 soportes de esquina de acero resistente, soporte de ángulo recto de 6 x 6 x 5 pulgadas de largo, soportes de estante L de bricolaje, soporte de poste de 90 grados, soporte de conector de madera de",https://www.amazon.com.mx/dp/B0D3KM75SN,https://www.amazon.com/dp/B0D3KM75SN,Amazon Estados Unidos,XZWMY-US
,B0D12XX5CL,4,Herramientas y Mejoras del Hogar,disponible,no disponible,,,2025-10-17T22:02:43.296Z,2025-10-20T02:14:14.393Z,2025-10-28T02:58:38.926Z,546.61,,$548.92,"GIUPRE - Tiras para colgar fotos, 24 pares (48 tiras) adhesivas de pared para colgar fotos en la pared sin clavos, ganchos adhesivos resistentes sin daños para colgar fotos",https://www.amazon.com.mx/dp/B0D12XX5CL,https://www.amazon.com/dp/B0D12XX5CL,SRKSB LLC,
,B0CZ3MGR22,4,Herramientas y Mejoras del Hogar,disponible,disponible,,,2025-10-17T22:02:43.297Z,2025-10-20T02:14:22.555Z,2025-10-28T02:58:46.540Z,487.47,6.49,$422.18,"DowDew - Cinta de embalaje transparente, paquete de 2, cinta de embalaje resistente, 1.88 pulgadas x 110 yardas, rollos de repuesto ultra fuertes para envío de correo, movimiento de 220 yardas en",https://www.amazon.com.mx/dp/B0CZ3MGR22,https://www.amazon.com/dp/B0CZ3MGR22,SRKSB LLC,PackIt Supply
,B09KS1R28L,4,Herramientas y Mejoras del Hogar,disponible,no disponible,,,2025-10-17T22:02:43.297Z,2025-10-20T02:14:29.881Z,2025-10-28T02:58:53.614Z,700.18,,$698.16,"Juego de 4 patas redondas de madera maciza de 2 pulgadas para sofá, cama, silla de café, escritorio, patas rectas con pernos y tornillos de 5/16 pulgadas y almohadillas de goma",https://www.amazon.com.mx/dp/B09KS1R28L,https://www.amazon.com/dp/B09KS1R28L,SRKSB LLC,
,B08J44PYT7,4,Herramientas y Mejoras del Hogar,disponible,no disponible,,,2025-10-17T22:02:43.297Z,2025-10-20T02:14:37.930Z,2025-10-28T02:59:01.170Z,1679.25,,"$1,690.58","MUZIK - Patas de mesa industriales de 30 pulgadas, paquete de 2 tubos de metal de acero gris, patas de muebles clásico, para café y patas de mesa auxiliar, 30 pulgadas de alto x 14 pulgadas de ancho",https://www.amazon.com.mx/dp/B08J44PYT7,https://www.amazon.com/dp/B08J44PYT7,SRKSB LLC,
,B07VDHN37K,4,Herramientas y Mejoras del Hogar,disponible,disponible,,,2025-10-17T22:02:43.297Z,2025-10-20T02:14:52.959Z,2025-10-28T02:59:16.376Z,584.74,12.99,$594.74,"[Actualizado] Tope de puerta de hueco grande, 3-2/5 pulgadas de ancho, barrido de puerta ampliado para puertas interiores y exteriores – Protección contra derrames, polvo, ruido y animales no deseados | 3-2/5 pulgadas de ancho x 39 pulgadas de largo, 3-2/5W x 39L, Gray-1Pack",https://www.amazon.com.mx/dp/B07VDHN37K,https://www.amazon.com/dp/B07VDHN37K,M&H Customer Friendly Store,Small homeware
,B07VV5XTGC,4,Herramientas y Mejoras del Hogar,disponible,disponible,,,2025-10-17T22:02:43.297Z,2025-10-20T02:15:01.308Z,2025-10-28T02:59:24.983Z,461.61,7.99,$464.73,"40 almohadillas para orejas redondas de fieltro resistentes para muebles, silla, patas de mesa, patas de piso, protectores de piso, se deslizan suavemente (blanco, diámetro de la almohadilla: 22 mm)",https://www.amazon.com.mx/dp/B07VV5XTGC,https://www.amazon.com/dp/B07VV5XTGC,SRKSB LLC,Gutapo
,B0D53RWX12,4,Herramientas y Mejoras del Hogar,disponible,disponible,,,2025-10-17T22:02:43.297Z,2025-10-20T02:15:08.891Z,2025-10-28T02:59:32.115Z,779.15,17.99,$791.44,"JUSTHERE Juego de 5 piezas de accesorios de baño negro mate, accesorios de baño de acero inoxidable para montaje en pared, incluye barra de toalla de 16 pulgadas, soporte de papel higiénico, anillo de",https://www.amazon.com.mx/dp/B0D53RWX12,https://www.amazon.com/dp/B0D53RWX12,SRKSB LLC,Baibao2022
,B0CYQ3DNB8,4,Herramientas y Mejoras del Hogar,disponible,disponible,,,2025-10-17T22:02:43.297Z,2025-10-20T02:15:16.703Z,2025-10-28T02:59:40.766Z,256.45,5.36,$391.82,"Abeillo - 216 fundas para agujeros de tornillo, pegatinas impermeables de PVC con cubierta redonda, 21 mm, para cubrir agujeros de tornillo en paredes y muebles (blanco), 574255_1_ePeAse2Pf",https://www.amazon.com.mx/dp/B0CYQ3DNB8,https://www.amazon.com/dp/B0CYQ3DNB8,Amazon Estados Unidos,Diirao
,B0CX8LQ8WR,4,Herramientas y Mejoras del Hogar,disponible,no disponible,,,2025-10-17T22:02:56.779Z,2025-10-20T02:15:24.569Z,2025-10-28T02:59:47.880Z,431.96,,$444.36,"Gisde - Tiras grandes para colgar fotos, resistentes, 16 pares (32 tiras), ganchos adhesivos para fotos para paredes, sin daños, ganchos de pared sin uñas, tiras adhesivas de repuesto para pósteres",https://www.amazon.com.mx/dp/B0CX8LQ8WR,https://www.amazon.com/dp/B0CX8LQ8WR,CATTLESIV,
,B00KM9T6B8,4,Herramientas y Mejoras del Hogar,disponible,no disponible,,,2025-10-17T22:02:56.779Z,2025-10-20T02:15:31.446Z,2025-10-28T02:59:55.617Z,656.2,,$656.20,Smart Surface 8727 Heavy Duty Self Adhesive Furniture Felt Pads 1-Inch Round Oatmeal 160-Piece Value Pack in Resealable Bag,https://www.amazon.com.mx/dp/B00KM9T6B8,https://www.amazon.com/dp/B00KM9T6B8,SRKSB LLC,
,B082H547F9,4,Herramientas y Mejoras del Hogar,disponible,disponible,,,2025-10-17T22:02:56.780Z,2025-10-20T02:15:39.246Z,2025-10-28T03:00:04.173Z,567.8,12.47,$567.80,"Guías de piso para puerta de granero corrediza – Guías de puerta de clóset negras (paquete de 4) por Island Hardware – Guía de riel inferior montada en el piso para todo tipo de puertas correderas,",https://www.amazon.com.mx/dp/B082H547F9,https://www.amazon.com/dp/B082H547F9,SRKSB LLC,Island-Hardware
,B073XTVGCK,4,Herramientas y Mejoras del Hogar,disponible,no disponible,,,2025-10-17T22:02:56.780Z,2025-10-20T02:15:48.063Z,2025-10-28T03:00:11.246Z,1288.1,,"$1,300.17",Super Concrete Dissolver 22 oz Spray de espuma,https://www.amazon.com.mx/dp/B073XTVGCK,https://www.amazon.com/dp/B073XTVGCK,DRMEXPORTUSA,
,B0CXSHZZ73,4,Herramientas y Mejoras del Hogar,disponible,no disponible,,,2025-10-17T22:02:56.780Z,2025-10-20T02:15:55.858Z,2025-10-28T03:00:19.515Z,515.8,,$515.80,"Tornillo de cabeza plana de 5/16-18 x 2-1/2 pulgadas (paquete de 10) Phillips Drive, acero inoxidable 304 18-8, acabado brillante, rosca completamente a máquina",https://www.amazon.com.mx/dp/B0CXSHZZ73,https://www.amazon.com/dp/B0CXSHZZ73,SRKSB LLC,
,B0CSFH4WY8,4,Herramientas y Mejoras del Hogar,disponible,no disponible,,,2025-10-17T22:02:56.780Z,2025-10-20T02:16:04.213Z,2025-10-28T03:00:26.929Z,605.63,,$609.72,"Simpracon - almohadillas para orejas de fieltro cortables para muebles con respaldo calcomanía, hojas de fieltro autoadhesivas de 40 x 4 pulgadas, rollo de fieltro resistente para proteger suelos de",https://www.amazon.com.mx/dp/B0CSFH4WY8,https://www.amazon.com/dp/B0CSFH4WY8,SRKSB LLC,
,B0CZPC36GT,4,Herramientas y Mejoras del Hogar,disponible,no disponible,,,2025-10-17T22:02:56.780Z,2025-10-20T02:16:12.100Z,2025-10-28T03:00:35.374Z,1032.45,,"$1,049.52","GH - Pestillo completo para puerta exterior para puertas de madera funciona desde/en ambos lados de la valla, funcionamiento patentado de doble cara. Pestillo de valla de madera, cierre de puerta de",https://www.amazon.com.mx/dp/B0CZPC36GT,https://www.amazon.com/dp/B0CZPC36GT,SRKSB LLC,
,B0CPYFRQSH,4,Herramientas y Mejoras del Hogar,disponible,disponible,,,2025-10-17T22:02:56.780Z,2025-10-20T02:16:19.338Z,2025-10-28T03:00:43.256Z,1350.94,24.49,"$1,349.56","awliye Brida de piso de 1 pulgada, paquete de 20 piezas de brida de hierro fundido clásico de 2,5 cm, accesorios de tubería negra",https://www.amazon.com.mx/dp/B0CPYFRQSH,https://www.amazon.com/dp/B0CPYFRQSH,SEONGSAN,ahliye
,B0C195SLVD,4,Herramientas y Mejoras del Hogar,disponible,disponible,,,2025-10-17T22:02:56.780Z,2025-10-20T02:16:27.590Z,2025-10-28T03:00:50.301Z,579.98,12.89,$583.90,"Joyangy - 8 soportes de 3 pulgadas en L, resistentes soportes de esquina en L, color negro, para madera, estantes, armarios, soporte de estante triangular de 90 grados con tornillos, soporte de ángulo recto pequeño",https://www.amazon.com.mx/dp/B0C195SLVD,https://www.amazon.com/dp/B0C195SLVD,SRKSB LLC,Cheerdaily
,B09VXP7HXZ,4,Herramientas y Mejoras del Hogar,disponible,disponible,,,2025-10-17T22:02:56.780Z,2025-10-20T02:16:35.481Z,2025-10-28T03:00:59.098Z,531.79,9.99,$533.99,"Eterart Cinta adhesiva de doble cara para suelos de madera dura y alfombras de área sobre alfombra, cinta adhesiva fuerte y extraíble, cinta adhesiva resistente, interior y exterior, libre de residuos, 2 pulgadas x 10 yardas, color blanco",https://www.amazon.com.mx/dp/B09VXP7HXZ,https://www.amazon.com/dp/B09VXP7HXZ,Rimecebuy,Eterart
,B08P7D11FH,4,Herramientas y Mejoras del Hogar,disponible,no disponible,,,2025-10-17T22:02:56.780Z,2025-10-20T02:16:43.202Z,2025-10-28T03:01:07.255Z,1117.93,,"$1,135.54","Paquete de 20 soportes de estante de 10 pulgadas, soporte flotante de metal negro resistente, soporte rústico decorativo de hierro L, soportes J para pared de ángel para estantes de madera",https://www.amazon.com.mx/dp/B08P7D11FH,https://www.amazon.com/dp/B08P7D11FH,M&H Customer Friendly Store,
,B0C54LRW2G,4,Herramientas y Mejoras del Hogar,disponible,disponible,,,2025-10-17T22:02:56.780Z,2025-10-20T02:16:50.661Z,2025-10-28T03:01:15.904Z,467.09,7.49,$432.99,"Aylaa Cinta de doble cara resistente, calcomanía extragrande de doble cara, cinta extraíble, tiras para colgar fotos, cinta adhesiva para moqueta, multiusos (10 pies)",https://www.amazon.com.mx/dp/B0C54LRW2G,https://www.amazon.com/dp/B0C54LRW2G,SRKSB LLC,Aylaa
,B0B1Q9JD5D,4,Herramientas y Mejoras del Hogar,disponible,no disponible,,,2025-10-17T22:02:56.781Z,2025-10-20T02:16:58.370Z,2025-10-28T03:01:24.317Z,1090.98,,"$1,171.32","WOSPONFAN - Juego de utensilios de cocina de madera, cucharas de madera para cocinar, juego de utensilios de cocina de Pakkawood, cuchara de espátula para servir madera, pinzas de ensalada, regalo para el hogar y la cocina",https://www.amazon.com.mx/dp/B0B1Q9JD5D,https://www.amazon.com/dp/B0B1Q9JD5D,SRKSB LLC,
,B0C81ZVJF1,4,Herramientas y Mejoras del Hogar,disponible,no disponible,,,2025-10-17T22:02:56.781Z,2025-10-20T02:17:06.739Z,2025-10-28T03:01:31.873Z,396.63,,$396.63,"YUUMEA - Cinta adhesiva de doble cara resistente, nano transparente, cinta de montaje extraíble, cinta adhesiva de doble cara, cinta adhesiva multiusos para póster para uso en el hogar y el coche (2 rollos, total 33 pies)",https://www.amazon.com.mx/dp/B0C81ZVJF1,https://www.amazon.com/dp/B0C81ZVJF1,SRKSB LLC,
,B0C68N9J6H,4,Herramientas y Mejoras del Hogar,disponible,disponible,,,2025-10-17T22:02:56.781Z,2025-10-20T02:17:13.412Z,2025-10-28T03:01:39.602Z,1022.94,29.99,"$1,033.01","Litmann Pro Outdoor - Foco portátil de 3 pilas AA mini LED de mano para exteriores, linterna de 500 lúmenes IP67 a prueba de agua para barco, senderismo, granja, emergencia, luces de búsqueda de cortes de energía",https://www.amazon.com.mx/dp/B0C68N9J6H,https://www.amazon.com/dp/B0C68N9J6H,SRKSB LLC,CHEER LLC
,B0BZ3ZC7BG,4,Herramientas y Mejoras del Hogar,disponible,no disponible,,,2025-10-17T22:02:56.781Z,2025-10-20T02:17:22.054Z,2025-10-28T03:01:47.068Z,773.24,,$773.24,"EOWCO - Linterna UV de 365 nm y 395 nm, linternas de luz negra ultravioleta, lámpara de madera con zoom, detector para manchas secas de orina de mascotas, curado de resina, rocas, buscador de escorpiones",https://www.amazon.com.mx/dp/B0BZ3ZC7BG,https://www.amazon.com/dp/B0BZ3ZC7BG,SRKSB LLC,
,B0831JK9FV,4,Herramientas y Mejoras del Hogar,disponible,disponible,,,2025-10-17T22:03:12.606Z,2025-10-20T02:17:36.797Z,2025-10-28T03:02:01.040Z,555.55,9.99,$558.47,"TEKEFT 20 Piezas De Calcetines De Lana para Muebles, Calcetines para Patas De Sillas, Deslizadores para Muebles Que Protegen Los Suelos De Madera Dura De Arañazos, Calcetines, Regalos Marrón",https://www.amazon.com.mx/dp/B0831JK9FV,https://www.amazon.com/dp/B0831JK9FV,Uğurlu STORE,TSACTE
,B0BJDVP2HT,4,Herramientas y Mejoras del Hogar,disponible,disponible,,,2025-10-17T22:03:12.606Z,2025-10-20T02:17:43.558Z,2025-10-28T03:02:10.077Z,2054.5,65.99,"$2,111.40","Leelosp 48 unidades de linterna de manivela de mano, no requiere batería, linterna de presión manual, 3 luces LED, linterna de presión para camping, senderismo, deportes al aire última intervensión, hogar, corte de energía, herramienta de seguridad de emergencia",https://www.amazon.com.mx/dp/B0BJDVP2HT,https://www.amazon.com/dp/B0BJDVP2HT,SRKSB LLC,Moonam
,B0C4LH4838,4,Herramientas y Mejoras del Hogar,disponible,no disponible,,,2025-10-17T22:03:12.606Z,2025-10-20T02:17:51.986Z,2025-10-28T03:02:18.098Z,1979.81,,"$1,998.19",4 Soportes de metal para estante 11 x 7.5 pulgadas de hierro fundido negro estantes (28 x 19 cm),https://www.amazon.com.mx/dp/B0C4LH4838,https://www.amazon.com/dp/B0C4LH4838,SRKSB LLC,
,B0B1B3VTMJ,4,Herramientas y Mejoras del Hogar,disponible,no disponible,,,2025-10-17T22:03:12.606Z,2025-10-20T02:18:00.524Z,2025-10-28T03:02:26.148Z,515.31,,$515.31,"HOMMEE Kit de reparación de pantalla: herramienta de rodillo de pantalla con rodamiento, ranura de retención de pantalla (33 pies) y gancho de extracción de ranuras para instalar y reemplazar la puerta corredera de patio de ventana",https://www.amazon.com.mx/dp/B0B1B3VTMJ,https://www.amazon.com/dp/B0B1B3VTMJ,SRKSB LLC,
,B09QBSX5LV,4,Herramientas y Mejoras del Hogar,disponible,disponible,,,2025-10-17T22:03:12.606Z,2025-10-20T02:18:08.053Z,2025-10-28T03:02:33.212Z,580.51,12.99,$584.44,"RIO Direct 4 correas de amarre resistentes, correas de amarre ajustables con hebilla de leva para motocicleta, carga, camiones, remolques, equipaje, 9.8 x 1 pulgada, color negro",https://www.amazon.com.mx/dp/B09QBSX5LV,https://www.amazon.com/dp/B09QBSX5LV,SRKSB LLC,Umriox LLC
,B0B782FNT2,4,Herramientas y Mejoras del Hogar,disponible,disponible,,,2025-10-17T22:03:12.606Z,2025-10-20T02:18:15.003Z,2025-10-28T03:02:42.265Z,742.94,13.97,$747.96,"Juego de bisagras y pestillos de acero inoxidable, bisagras de pecho de hielo, postes de pestillo y tornillos, kit de piezas de repuesto de pestillo de refrigeración de alta resistencia.",https://www.amazon.com.mx/dp/B0B782FNT2,https://www.amazon.com/dp/B0B782FNT2,SRKSB LLC,AnJuil
,B09ZPTR9TP,4,Herramientas y Mejoras del Hogar,disponible,no disponible,,,2025-10-17T22:03:12.606Z,2025-10-20T02:18:24.015Z,2025-10-28T03:02:49.773Z,1243.87,,"$1,243.87","Milliput - Juego de 10 piezas de masilla para fontaneros superfina, color blanco con herramientas de esculpión, almohadilla de lijado y guantes - Azulejo de cerámica, tina de fibra de vidrio, baño,",https://www.amazon.com.mx/dp/B09ZPTR9TP,https://www.amazon.com/dp/B09ZPTR9TP,SRKSB LLC,
,B09ZKGKNLQ,4,Herramientas y Mejoras del Hogar,disponible,no disponible,,,2025-10-17T22:03:12.606Z,2025-10-20T02:18:32.972Z,2025-10-28T03:02:58.588Z,778.9,,$778.90,"Linterna magnética recargable de alto lúmenes, luz LED súper brillante con luz de trabajo COB, USB C, 7 modos, zoomable, IPX6 impermeable táctica de bolsillo para camping de emergencia",https://www.amazon.com.mx/dp/B09ZKGKNLQ,https://www.amazon.com/dp/B09ZKGKNLQ,SRKSB LLC,
,B09V51ZDG7,4,Herramientas y Mejoras del Hogar,disponible,no disponible,,,2025-10-17T22:03:12.606Z,2025-10-20T02:18:40.862Z,2025-10-28T03:03:06.654Z,966.61,,$973.14,"4 patas de apoyo central de altura ajustable para marco de cama, patas de apoyo pesadas de listones centrales, patas de acero extra duraderas para muebles, patas de pie de cabina (5.1 a 9.6 pulgadas)",https://www.amazon.com.mx/dp/B09V51ZDG7,https://www.amazon.com/dp/B09V51ZDG7,SRKSB LLC,
,B09NMP9W25,4,Herramientas y Mejoras del Hogar,disponible,disponible,,,2025-10-17T22:03:12.607Z,2025-10-20T02:18:48.814Z,2025-10-28T03:03:14.178Z,575.07,11.99,$578.96,"Parachoques transparentes para gabinete, paquete de 100 unidades, ideales para amortiguar el sonido y proteger la superficie, protectores de goma autoadhesivos, cierre suave, almohadillas para orejas adhesivas 3M para gabinete, armarios y cajones",https://www.amazon.com.mx/dp/B09NMP9W25,https://www.amazon.com/dp/B09NMP9W25,SRKSB LLC,Fairzone
,B08SQGBB4B,4,Herramientas y Mejoras del Hogar,disponible,no disponible,,,2025-10-17T22:03:12.607Z,2025-10-20T02:18:56.600Z,2025-10-28T03:03:23.153Z,805.53,,$815.55,"OTTFF - Juego de 10 placas de amarre en T negras de 5 x 5 1/8 pulgadas, placa de reparación plana, soporte de correa de reparación de acero",https://www.amazon.com.mx/dp/B08SQGBB4B,https://www.amazon.com/dp/B08SQGBB4B,SRKSB LLC,
,B09G6QXFM4,4,Herramientas y Mejoras del Hogar,disponible,disponible,,,2025-10-17T22:03:12.607Z,2025-10-20T02:19:03.319Z,2025-10-28T03:03:30.656Z,380.05,4.99,$382.53,Black House Numbers - 5 Inch Modern Floating Address Numbers For Houses Rust Proof Zinc Alloy Easy To Install Number 1,https://www.amazon.com.mx/dp/B09G6QXFM4,https://www.amazon.com/dp/B09G6QXFM4,SRKSB LLC,Amandiss
,B09C1ZYZQB,4,Herramientas y Mejoras del Hogar,disponible,no disponible,,,2025-10-17T22:03:12.607Z,2025-10-20T02:19:11.920Z,2025-10-28T03:03:39.463Z,945.13,,$963.81,"4 patas de metal ajustables para muebles, patas de repuesto para sofá, silla, armario otomano, marco de cama resistente, patas de soporte para marco de cama con tornillos de montaje (7-13 pulgadas) (4 unidades)",https://www.amazon.com.mx/dp/B09C1ZYZQB,https://www.amazon.com/dp/B09C1ZYZQB,SRKSB LLC,
,B09WMM7T27,4,Herramientas y Mejoras del Hogar,disponible,no disponible,,,2025-10-17T22:03:12.607Z,2025-10-20T02:19:19.570Z,2025-10-28T03:03:47.170Z,1752.81,,"$1,752.81","MUSTORN Toallero de baño con barra de toalla y ganchos, estante plegable de 23.6 pulgadas, organizador de toallas de lavabo para montaje en pared, acabado gris moderno",https://www.amazon.com.mx/dp/B09WMM7T27,https://www.amazon.com/dp/B09WMM7T27,SRKSB LLC,
,B09WHCDS31,4,Herramientas y Mejoras del Hogar,disponible,disponible,,,2025-10-17T22:03:12.607Z,2025-10-20T02:19:27.894Z,2025-10-28T03:03:54.780Z,528.76,15.82,$709.16,"Quality Life - Pestillo de puerta con resorte de 15,2 x 1,2 cm, acero sólido chapado en zinc, resistente para portón trasero, 2 unidades",https://www.amazon.com.mx/dp/B09WHCDS31,https://www.amazon.com/dp/B09WHCDS31,Amazon Estados Unidos,Quality-Life
,B09TGW45H1,4,Herramientas y Mejoras del Hogar,disponible,disponible,,,2025-10-17T22:03:12.607Z,2025-10-20T02:19:36.255Z,2025-10-28T03:04:02.707Z,2098.85,49.99,"$2,115.23","Cinta de viga de cubierta para cubiertas, 6 unidades de cinta de cubierta de 1 5/8 pulgadas x 50 pies, cinta de butilo intermitente para vigas",https://www.amazon.com.mx/dp/B09TGW45H1,https://www.amazon.com/dp/B09TGW45H1,SRKSB LLC,DPEI
,B09FFZB5JX,4,Herramientas y Mejoras del Hogar,disponible,disponible,,,2025-10-17T22:03:28.012Z,2025-10-20T02:19:42.904Z,2025-10-28T03:04:10.697Z,612,12.99,$612.00,"ironwork 4 placas de gancho de madera resistente para cabecero y estribor, soporte de montaje de riel de cama con tornillos de montaje, placa de gancho universal para marco de madera",https://www.amazon.com.mx/dp/B09FFZB5JX,https://www.amazon.com/dp/B09FFZB5JX,SRKSB LLC,ironwork
,B0973CJVPJ,4,Herramientas y Mejoras del Hogar,disponible,disponible,,,2025-10-17T22:03:28.012Z,2025-10-20T02:19:50.657Z,2025-10-28T03:04:19.474Z,484.4,12.99,$577.46,"YAIRMIS - Juego de 20 tornillos de metal para ojo de metal, ganchos de acero inoxidable 304, tornillo de anillo de ojo autorroscante, fuerte para interiores (2-3/4 pulgadas)",https://www.amazon.com.mx/dp/B0973CJVPJ,https://www.amazon.com/dp/B0973CJVPJ,Amazon Estados Unidos,YAIRMIS-US
,B095WQSSQH,4,Herramientas y Mejoras del Hogar,disponible,disponible,,,2025-10-17T22:03:28.012Z,2025-10-20T02:19:58.300Z,2025-10-28T03:04:26.407Z,463.43,10.99,$552.71,"Cerradura de cierre de candado, cierre de puerta de acero inoxidable de 3 pulgadas, cierre de puerta negro mate con tornillos, cerraduras de puerta para recámara, clóset de cobertizo, paquete de 2",https://www.amazon.com.mx/dp/B095WQSSQH,https://www.amazon.com/dp/B095WQSSQH,Amazon Estados Unidos,ANXUAN BEAUTY
,B08XW5G9LQ,4,Herramientas y Mejoras del Hogar,disponible,disponible,,,2025-10-17T22:03:28.013Z,2025-10-20T02:20:05.347Z,2025-10-28T03:04:33.922Z,702.37,14.99,$707.97,"Protectores de patas de silla para suelos de madera dura, 32 piezas de silicona para patas de silla, almohadillas de fieltro para proteger suelos de madera de arañazos y ruido, movimiento suave para asientos de silla, ajuste de 3,8 a 4,65 cm",https://www.amazon.com.mx/dp/B08XW5G9LQ,https://www.amazon.com/dp/B08XW5G9LQ,SRKSB LLC,Great Deals Lit
,B08GZ6PDGY,4,Herramientas y Mejoras del Hogar,disponible,no disponible,,,2025-10-17T22:03:28.013Z,2025-10-20T02:20:21.080Z,2025-10-28T03:04:49.012Z,467.37,,$465.99,"(2mm-19.7inch, 4PCS) - Stainless Steel Safety Cable Lock,Ekunbuy Security Steel Cable Heavy Duty Cable Wire with Carabiner Lock Flexible Cable for Luggage Lock Hanging Light Plants Picture",https://www.amazon.com.mx/dp/B08GZ6PDGY,https://www.amazon.com/dp/B08GZ6PDGY,Boon Shopping,
,B07JKN87K2,4,Herramientas y Mejoras del Hogar,disponible,no disponible,,,2025-10-17T22:03:28.013Z,2025-10-20T02:20:28.404Z,2025-10-28T03:04:57.973Z,646.27,,$644.89,"BTMB Stainess Steel Door Handle Pull Plate Commercial Door Handle,Pack of 2 (299x80mm/11.77''x3.15'')",https://www.amazon.com.mx/dp/B07JKN87K2,https://www.amazon.com/dp/B07JKN87K2,Boon Shopping,
,B09MLGB385,4,Herramientas y Mejoras del Hogar,disponible,disponible,,,2025-10-17T22:03:28.013Z,2025-10-20T02:20:35.426Z,2025-10-28T03:05:06.571Z,565.87,9.99,$569.70,"Waynoda 810 piezas de 10 hojas de pegatinas autoadhesivas con purpurina dorada y plateada, calcomanías con números del alfabeto, calcomanías para letrero, buzón, cuaderno, ventana, decoración de aula,",https://www.amazon.com.mx/dp/B09MLGB385,https://www.amazon.com/dp/B09MLGB385,SRKSB LLC,Winorda
,B0B6QP92G6,4,Herramientas y Mejoras del Hogar,disponible,no disponible,,,2025-10-17T22:03:28.013Z,2025-10-20T02:20:42.932Z,2025-10-28T03:05:15.092Z,700.43,,$739.05,"Linterna UV, luz negra, linterna ultravioleta de 365 nm, 395 nm, lámpara de mano para detección de manchas de orina de mascotas, rocas y minerales, curado de pegamento, buscador de escorpiones y",https://www.amazon.com.mx/dp/B0B6QP92G6,https://www.amazon.com/dp/B0B6QP92G6,M&H Customer Friendly Store,
,B09SFRBW56,4,Herramientas y Mejoras del Hogar,disponible,no disponible,,,2025-10-17T22:03:28.013Z,2025-10-20T02:20:50.304Z,2025-10-28T03:05:23.476Z,782.36,,$782.36,"Linternas LED recargables de 10000 lúmenes altos, linterna táctica súper brillante con 5 modos, potente luz de flash con zoom, linterna de mano impermeable para emergencias de senderismo",https://www.amazon.com.mx/dp/B09SFRBW56,https://www.amazon.com/dp/B09SFRBW56,SRKSB LLC,
,B0946PCLVY,4,Herramientas y Mejoras del Hogar,disponible,no disponible,,,2025-10-17T22:03:28.013Z,2025-10-20T02:20:57.651Z,2025-10-28T03:05:31.853Z,1074.36,,"$1,081.62","Goodgoods - Paquete de 3 patas de soporte central de altura ajustable para marco de cama, patas de soporte pesado, patas de acero extra duradero, adecuado para marco de cama y otros muebles de madera",https://www.amazon.com.mx/dp/B0946PCLVY,https://www.amazon.com/dp/B0946PCLVY,SRKSB LLC,
,B07PC3JG84,4,Herramientas y Mejoras del Hogar,disponible,no disponible,,,2025-10-17T22:03:28.013Z,2025-10-20T02:21:05.304Z,2025-10-28T03:05:40.259Z,1057.93,,"$1,057.93","Cofuture - Linternas de alta luminosidad recargables, LED de 3000 lúmenes y haz de 1500 pies, linterna impermeable IP67 para camping, senderismo, al aire última intervensión, etc",https://www.amazon.com.mx/dp/B07PC3JG84,https://www.amazon.com/dp/B07PC3JG84,SRKSB LLC,
,B09D75JKR1,4,Herramientas y Mejoras del Hogar,disponible,disponible,,,2025-10-17T22:03:28.013Z,2025-10-20T02:21:12.493Z,2025-10-28T03:05:48.919Z,446.97,4.99,$460.90,Número de Casa (3),https://www.amazon.com.mx/dp/B09D75JKR1,https://www.amazon.com/dp/B09D75JKR1,SRKSB LLC,merear
,B09BDX3J3D,4,Herramientas y Mejoras del Hogar,disponible,disponible,,,2025-10-17T22:03:28.013Z,2025-10-20T02:21:20.214Z,2025-10-28T03:05:56.984Z,944.88,26.99,$939.63,"3 Pack Flashlights, LED Work Light, Work Light with Magnetic Base and Hanging Hook, 360°Rotate 5 Modes Rechargeable Work Light for Car Engines Repair, Emergency and All Tight Spots (3 Pack)",https://www.amazon.com.mx/dp/B09BDX3J3D,https://www.amazon.com/dp/B09BDX3J3D,SRKSB LLC,filear
,B096M68FKQ,4,Herramientas y Mejoras del Hogar,disponible,disponible,,,2025-10-17T22:03:28.013Z,2025-10-20T02:21:29.021Z,2025-10-28T03:06:05.468Z,517.4,18.59,$715.46,"HWAQHDYL - 6 pomos con forma de tortuga marina, manijas de puerta de gabinete, cajón, clóset, tiradores de un solo agujero para muebles",https://www.amazon.com.mx/dp/B096M68FKQ,https://www.amazon.com/dp/B096M68FKQ,Amazon Estados Unidos,YUEYA-YU
,B07W7JM1VD,4,Herramientas y Mejoras del Hogar,disponible,disponible,,,2025-10-17T22:03:28.013Z,2025-10-20T02:21:37.407Z,2025-10-28T03:06:12.654Z,540.26,20.39,$777.11,"FURNIWARE 10 bisagras de cierre suave para gabinete, bisagras de gabinete de 3/4 pulgadas, chapado en níquel, 105 grados",https://www.amazon.com.mx/dp/B07W7JM1VD,https://www.amazon.com/dp/B07W7JM1VD,Amazon Estados Unidos,Furniware US
,B07V5YR7N8,4,Herramientas y Mejoras del Hogar,disponible,disponible,,,2025-10-17T22:03:28.014Z,2025-10-20T02:21:46.229Z,2025-10-28T03:06:21.721Z,584.74,12.99,$594.74,"[Nueva actualización] Gran brecha puerta Burlete Tope, 3-2/5 pulgadas de ancho ancho puerta barrido brecha hasta 1-4/5 pulgadas para puertas interiores y exteriores – mantiene fuera corrientes, ruido, polvo y animales no deseados, 3-2/5 pulgadas de ancho x 39 pulgadas de largo, color blanco",https://www.amazon.com.mx/dp/B07V5YR7N8,https://www.amazon.com/dp/B07V5YR7N8,M&H Customer Friendly Store,Small homeware
,B07SGYN6W7,4,Herramientas y Mejoras del Hogar,disponible,no disponible,,,2025-10-17T22:03:41.437Z,2025-10-20T02:21:53.650Z,2025-10-28T03:06:29.104Z,685.89,,$684.51,D&D Technologies TCGS3S - Tope para puerta (reduce considerablemente el sonido y los daños causados por las puertas de golpeo) Para cualquier puerta de poste cuadrado de metal,https://www.amazon.com.mx/dp/B07SGYN6W7,https://www.amazon.com/dp/B07SGYN6W7,Boon Shopping,
,B0937GXMYF,4,Herramientas y Mejoras del Hogar,disponible,no disponible,,,2025-10-17T22:03:41.437Z,2025-10-20T02:22:02.436Z,2025-10-28T03:06:37.086Z,837.15,,$837.15,"4 patas de sofá de madera torneadas blancas para muebles, patas de madera, 9 cm de alto, repuesto de madera maciza, patas de muebles, patas de tocador, sofá o armario",https://www.amazon.com.mx/dp/B0937GXMYF,https://www.amazon.com/dp/B0937GXMYF,SRKSB LLC,
,B08TT9ZVM4,4,Herramientas y Mejoras del Hogar,disponible,disponible,,,2025-10-17T22:03:41.437Z,2025-10-20T02:22:09.575Z,2025-10-28T03:06:43.643Z,498.64,6.99,$498.64,"Kit para colgar imágenes, 226 ganchos para colgar fotos, accesorios para colgar fotos con ganchos de alta resistencia, alambre para colgar, clavos para colgar en la pared",https://www.amazon.com.mx/dp/B08TT9ZVM4,https://www.amazon.com/dp/B08TT9ZVM4,SRKSB LLC,Ximstos
,B08S791PXT,4,Herramientas y Mejoras del Hogar,disponible,no disponible,,,2025-10-17T22:03:41.437Z,2025-10-20T02:22:16.940Z,2025-10-28T03:06:51.997Z,922.05,,$927.09,"OTTFF 4 piezas de 4 x 4 x 1½ in 90 grados de ajuste reforzado, 4 agujeros ranurados en ángulo recto canal soporte de ángulo recto soporte de esquina de refuerzo de acero al carbono Q235B conexión fuerte",https://www.amazon.com.mx/dp/B08S791PXT,https://www.amazon.com/dp/B08S791PXT,SRKSB LLC,
,B08R3KJ71K,4,Herramientas y Mejoras del Hogar,disponible,no disponible,,,2025-10-17T22:03:41.437Z,2025-10-20T02:22:23.711Z,2025-10-28T03:06:59.232Z,498.93,,$517.81,"dophee - 4 protectores decorativos de esquina, protectores de seguridad de borde de estilo retro, para marco de fotos, álbum, joyero, caja de regalo, caja de madera, mesas, muebles de gabinete, 1.35 x 1.35 pulgadas, bronce antiguo",https://www.amazon.com.mx/dp/B08R3KJ71K,https://www.amazon.com/dp/B08R3KJ71K,SRKSB LLC,
,B08P7CZG1Z,4,Herramientas y Mejoras del Hogar,disponible,no disponible,,,2025-10-17T22:03:41.437Z,2025-10-20T02:22:31.854Z,2025-10-28T03:07:07.161Z,1191.22,,"$1,209.33","Paquete de 20 soportes de estante de 12 pulgadas, soporte flotante de metal de hierro negro resistente, soportes decorativos de granja rústica para estantes, soporte de esquina de montaje en pared para tablas de madera",https://www.amazon.com.mx/dp/B08P7CZG1Z,https://www.amazon.com/dp/B08P7CZG1Z,M&H Customer Friendly Store,
,B07D4DZC11,4,Herramientas y Mejoras del Hogar,disponible,disponible,,,2025-10-17T22:03:41.437Z,2025-10-20T02:22:40.576Z,2025-10-28T03:07:14.974Z,506.28,9.99,$506.28,"Clavos en V para marcos de fotos de madera dura, 15 mm, paquete de 400 clavos en V, sueltos, cuñas ultra fuertes para enmarcar fotos, unidas a las esquinas del marco de fotos",https://www.amazon.com.mx/dp/B07D4DZC11,https://www.amazon.com/dp/B07D4DZC11,SRKSB LLC,FramePac
,B095WMZBRM,4,Herramientas y Mejoras del Hogar,disponible,disponible,,,2025-10-17T22:03:41.438Z,2025-10-20T02:22:48.834Z,2025-10-28T03:07:22.630Z,565.22,12.37,$565.22,"Haowei - Protectores de esquina de metal para muebles, 4 piezas decorativas de seguridad, protector de ángulo para muebles, accesorios de hardware multifuncionales",https://www.amazon.com.mx/dp/B095WMZBRM,https://www.amazon.com/dp/B095WMZBRM,SRKSB LLC,haowei
,B08KXX2RJM,4,Herramientas y Mejoras del Hogar,disponible,no disponible,,,2025-10-17T22:03:41.438Z,2025-10-20T02:23:03.872Z,2025-10-28T03:07:36.207Z,1024.49,,"$1,024.49","AdamStar - Linternas pequeñas y potentes con luz de trabajo COB, base magnética, linterna recargable de lúmenes altos superbrillantes, luz LED impermeable con zoom para camping de emergencia",https://www.amazon.com.mx/dp/B08KXX2RJM,https://www.amazon.com/dp/B08KXX2RJM,SRKSB LLC,
,B08FY886C8,4,Herramientas y Mejoras del Hogar,disponible,disponible,,,2025-10-17T22:03:41.438Z,2025-10-20T02:23:11.524Z,2025-10-28T03:07:43.314Z,457.3,16.99,$717.56,"YOGO - Juego de accesorios magnéticos decorativos para puerta de cochera | Bisagras de imitación, color negro",https://www.amazon.com.mx/dp/B08FY886C8,https://www.amazon.com/dp/B08FY886C8,Amazon Estados Unidos,FoHome
,B08F2V1BKJ,4,Herramientas y Mejoras del Hogar,disponible,disponible,,,2025-10-17T22:03:41.438Z,2025-10-20T02:23:18.612Z,2025-10-28T03:07:51.668Z,497.89,7.99,$508.14,"Makers Bolt - Tornillos de matrícula negros, acero inoxidable 18-8, acabado de óxido negro aplicado en los Estados Unidos (4 unidades)",https://www.amazon.com.mx/dp/B08F2V1BKJ,https://www.amazon.com/dp/B08F2V1BKJ,SRKSB LLC,Makers Bolt
,B08CXMJLSQ,4,Herramientas y Mejoras del Hogar,disponible,no disponible,,,2025-10-17T22:03:41.438Z,2025-10-20T02:23:25.466Z,2025-10-28T03:08:00.527Z,655.42,,$659.85,"Neoera - Tapón magnético para puerta, tecnología de absorción de impactos hidráulica actualizada, sujeción magnética suave, acero inoxidable 304 de alta calidad, antioxidante, resistente para varios",https://www.amazon.com.mx/dp/B08CXMJLSQ,https://www.amazon.com/dp/B08CXMJLSQ,SRKSB LLC,
,B089D3H9MN,4,Herramientas y Mejoras del Hogar,disponible,disponible,,,2025-10-17T22:03:41.438Z,2025-10-20T02:23:32.949Z,2025-10-28T03:08:08.352Z,441.9,13.09,$584.70,"Paquete de 15 ganchos en forma de S resistentes de acero inoxidable para cocina, taller, cuarto de baño (4,3"", diámetro de 4 mm), 18pcs",https://www.amazon.com.mx/dp/B089D3H9MN,https://www.amazon.com/dp/B089D3H9MN,Amazon Estados Unidos,qihuadadianzi
,B07Z1X83KQ,4,Herramientas y Mejoras del Hogar,disponible,disponible,,,2025-10-17T22:03:41.438Z,2025-10-20T02:23:41.119Z,2025-10-28T03:08:15.171Z,578.53,9.99,$593.32,"VERSAF - Cinta de doble cara resistente, 3/4 pulgadas de 10 pies, acrílico transparente, resistente, cinta de montaje extraíble de doble cara para fijación de alfombras, decoración de pared del hogar,",https://www.amazon.com.mx/dp/B07Z1X83KQ,https://www.amazon.com/dp/B07Z1X83KQ,SRKSB LLC,VERSAF
,B07VQ8KHH9,4,Herramientas y Mejoras del Hogar,disponible,no disponible,,,2025-10-17T22:03:41.438Z,2025-10-20T02:23:48.067Z,2025-10-28T03:08:23.116Z,1011.73,,"$1,015.71","Maricome Patas de madera de repuesto para muebles, 4 y 6 pulgadas, acabado en nogal, 15.24 cm",https://www.amazon.com.mx/dp/B07VQ8KHH9,https://www.amazon.com/dp/B07VQ8KHH9,SRKSB LLC,
,B07V72NDJS,4,Herramientas y Mejoras del Hogar,disponible,disponible,,,2025-10-17T22:03:41.438Z,2025-10-20T02:23:56.707Z,2025-10-28T03:08:31.020Z,580.75,12.99,$594.74,"[Actualizado] Tope de puerta de hueco grande, 3-2/5 pulgadas de ancho, barrido de puerta ampliado para puertas interiores y exteriores – Protección contra derrames, polvo, ruido y animales no deseados | 3-2/5 pulgadas de ancho x 39 pulgadas de largo, 3-2/5W x 39L, negro-1 unidad",https://www.amazon.com.mx/dp/B07V72NDJS,https://www.amazon.com/dp/B07V72NDJS,M&H Customer Friendly Store,Small homeware
,B09BF1W158,4,Herramientas y Mejoras del Hogar,disponible,disponible,,,2025-10-17T22:03:53.531Z,2025-10-20T02:24:04.947Z,2025-10-28T03:08:39.158Z,444.92,6.99,$443.54,"WORFACE - Juego de 100 piezas de cierres de marco de fotos con 100 tornillos para manualidades, colgar imágenes, fotos, dibujo, negro (botón de giro)",https://www.amazon.com.mx/dp/B09BF1W158,https://www.amazon.com/dp/B09BF1W158,Boon Shopping,FUNKA
,B004YHJLVO,4,Herramientas y Mejoras del Hogar,disponible,disponible,,,2025-10-17T22:03:53.531Z,2025-10-20T02:24:13.025Z,2025-10-28T03:08:47.961Z,461.58,6.99,$460.20,Doorking Clave más reciente,https://www.amazon.com.mx/dp/B004YHJLVO,https://www.amazon.com/dp/B004YHJLVO,Novayu,ktopnob
,B08LH78YPZ,4,Herramientas y Mejoras del Hogar,disponible,no disponible,,,2025-10-17T22:03:53.531Z,2025-10-20T02:24:20.493Z,2025-10-28T03:08:54.831Z,699.27,,$703.99,"ZIQI Paquete de 4 cierres de perno deslizante de 3 pulgadas, bloqueo de perno de barril de alta resistencia de aleación de aluminio gruesa con tornillos de montaje para el hogar, patio, jardín, perreras (negro)",https://www.amazon.com.mx/dp/B08LH78YPZ,https://www.amazon.com/dp/B08LH78YPZ,SRKSB LLC,
,B0DH13NMZ6,4,Herramientas y Mejoras del Hogar,disponible,no disponible,,,2025-10-17T22:03:53.531Z,2025-10-20T02:24:28.071Z,2025-10-28T03:09:03.552Z,390.6,,$414.74,"Peasulin - Paquete de 2 ganchos dobles de acero resistente con detalles de madera, sin montaje, 9.72 pulgadas para toallas, abrigos, se adapta a puertas de hasta 1-3/4 pulgadas de grosor (blanco)",https://www.amazon.com.mx/dp/B0DH13NMZ6,https://www.amazon.com/dp/B0DH13NMZ6,SRKSB LLC,
,B0DCTB786P,4,Herramientas y Mejoras del Hogar,disponible,no disponible,,,2025-10-17T22:03:53.531Z,2025-10-20T02:24:35.762Z,2025-10-28T03:09:12.203Z,413.33,,$416.71,"Tiras para colgar fotos, 24 pares (48 tiras), kit de colgador de imágenes, extraíble sin daños, ganchos adhesivos fuertes para colgar marcos y colgar arte, blanco, mediano",https://www.amazon.com.mx/dp/B0DCTB786P,https://www.amazon.com/dp/B0DCTB786P,SRKSB LLC,
,B08SR1721K,4,Herramientas y Mejoras del Hogar,disponible,no disponible,,,2025-10-17T22:03:53.531Z,2025-10-20T02:24:43.646Z,2025-10-28T03:09:20.211Z,705.84,,$710.61,"Hydanle - Paquete de 16 tapones cuadrados de plástico de 2 pulgadas, 50 mm x 50 mm para poste de tubo cuadrado",https://www.amazon.com.mx/dp/B08SR1721K,https://www.amazon.com/dp/B08SR1721K,SRKSB LLC,
,B085QFYJST,4,Herramientas y Mejoras del Hogar,disponible,no disponible,,,2025-10-17T22:03:53.531Z,2025-10-20T02:24:52.127Z,2025-10-28T03:09:26.936Z,404.9,,$404.90,"Kovosch - Tope de puerta cóncavo para amortiguar el sonido de la pared, protector de pared con goma gris, diámetro exterior cubierta de acero inoxidable con borde de goma de níquel satinado, fácil de instalar, BK-1PK",https://www.amazon.com.mx/dp/B085QFYJST,https://www.amazon.com/dp/B085QFYJST,SRKSB LLC,
,B07WVX686D,4,Herramientas y Mejoras del Hogar,disponible,disponible,,,2025-10-17T22:03:53.531Z,2025-10-20T02:24:59.098Z,2025-10-28T03:09:35.292Z,375.37,7.99,$454.17,"Protector de dedo. Puertas a prueba de bebés, fáciles de usar, con tapón de espuma suave pero duradero. Evita lesiones en los dedos, golpear puertas y niños o mascotas para evitar que se bloqueen en la habitación (paquete de 6)",https://www.amazon.com.mx/dp/B07WVX686D,https://www.amazon.com/dp/B07WVX686D,Amazon Estados Unidos,FINENIC
,B07WG48D72,4,Herramientas y Mejoras del Hogar,disponible,disponible,,,2025-10-17T22:03:53.531Z,2025-10-20T02:25:07.856Z,2025-10-28T03:09:43.979Z,636.29,14.99,$636.29,"HANGDONE - Alambre para colgar fotos #5 de 50 libras, 100 pies, alambre de acero flexible calibre 16 para colgar marco/pintura y espejo",https://www.amazon.com.mx/dp/B07WG48D72,https://www.amazon.com/dp/B07WG48D72,SRKSB LLC,BLXcommerce
,B07VSS4N9K,4,Herramientas y Mejoras del Hogar,disponible,disponible,,,2025-10-17T22:03:53.532Z,2025-10-20T02:25:16.822Z,2025-10-28T03:09:52.440Z,665.61,15.99,$668.88,"Cierres y cierres para cajones de RV, paquete de 12 cierres y cierres para puertas de gabinete, 10 libras de cierre de fuerza para caravana, motor, caravana, hogar, remolque, oficina, gabinete, cajón,",https://www.amazon.com.mx/dp/B07VSS4N9K,https://www.amazon.com/dp/B07VSS4N9K,SRKSB LLC,ACIMONE
,B07VFSRN3M,4,Herramientas y Mejoras del Hogar,disponible,disponible,,,2025-10-17T22:03:53.532Z,2025-10-20T02:25:23.695Z,2025-10-28T03:09:59.335Z,603.1,9.9,$606.35,"Keys22 B01 B02 B03 B04 B05 - Juego de 2 llaves Husky para caja de herramientas Husky, B01",https://www.amazon.com.mx/dp/B07VFSRN3M,https://www.amazon.com/dp/B07VFSRN3M,SRKSB LLC,keys22
,B07TT2GFB2,4,Herramientas y Mejoras del Hogar,disponible,disponible,,,2025-10-17T22:03:53.532Z,2025-10-20T02:25:31.664Z,2025-10-28T03:10:07.802Z,1178.81,31.99,"$1,178.81","SKOLOO - Gancho para puertas de hasta 1-3/4 pulgadas de grosor, paquete de 2, colgador de puerta de metal con 5 ganchos triples, colgador negro sobre la puerta para abrigos, sombreros, toallas,",https://www.amazon.com.mx/dp/B07TT2GFB2,https://www.amazon.com/dp/B07TT2GFB2,SEONGSAN,Skoloo
,B08HV2H518,4,Herramientas y Mejoras del Hogar,disponible,no disponible,,,2025-10-17T22:03:53.532Z,2025-10-20T02:25:48.455Z,2025-10-28T03:10:22.474Z,676.12,,$676.12,"Metany - 4 patas de madera maciza para muebles, de madera blanca, redondas, patas de repuesto de 2 pulgadas de alto, patas de repuesto para sofá, gabinete, sofá, patas de repuesto (blanco)",https://www.amazon.com.mx/dp/B08HV2H518,https://www.amazon.com/dp/B08HV2H518,SRKSB LLC,
,B0D8L9WSSY,4,Herramientas y Mejoras del Hogar,disponible,disponible,,,2025-10-17T22:03:53.532Z,2025-10-20T02:25:55.525Z,2025-10-28T03:10:31.058Z,1052.64,29.28,"$1,052.64","Bisagras de caja de juguetes de cierre suave, tapa de bisagra de pecho que se mantiene abierta 105 grados con cierre suave, soporte de tapa para caja de juguetes y puertas con solapa de apertura",https://www.amazon.com.mx/dp/B0D8L9WSSY,https://www.amazon.com/dp/B0D8L9WSSY,SRKSB LLC,SparkFactory
,B0CXWHX6PG,4,Herramientas y Mejoras del Hogar,disponible,disponible,,,2025-10-17T22:03:53.532Z,2025-10-20T02:26:02.261Z,2025-10-28T03:10:39.310Z,461.6,9.99,$472.88,"Tiras resistentes para colgar imágenes, kit para colgar imágenes, 24 pares (48 tiras), extraíbles sin daños y sin uñas, tiras adhesivas, tiras de pósteres resistentes para marcos y decoración de",https://www.amazon.com.mx/dp/B0CXWHX6PG,https://www.amazon.com/dp/B0CXWHX6PG,SRKSB LLC,Kellylee
,B010SUYWRI,4,Herramientas y Mejoras del Hogar,disponible,disponible,,,2025-10-17T22:03:53.532Z,2025-10-20T02:26:10.819Z,2025-10-28T03:10:48.323Z,1622.5,40.99,"$1,704.10","cellmax cm-4r25-sp1 – (6) linterna super heavy duty 6-Volt Baterías (6, 1-packs)",https://www.amazon.com.mx/dp/B010SUYWRI,https://www.amazon.com/dp/B010SUYWRI,SRKSB LLC,Great Prices Direct
,B001BLZ692,4,Herramientas y Mejoras del Hogar,no disponible,disponible,,,2025-10-17T22:04:04.707Z,2025-10-20T02:26:18.695Z,2025-10-28T03:10:55.494Z,,22,$998.18,Bolsa de bolas espaciales de 1000 unidades,https://www.amazon.com.mx/dp/B001BLZ692,https://www.amazon.com/dp/B001BLZ692,Marca: Spaceballs,TimpTools
,B07ZZ5NJJ9,4,Herramientas y Mejoras del Hogar,disponible,disponible,,,2025-10-17T22:04:04.708Z,2025-10-20T02:26:26.229Z,2025-10-28T03:11:04.505Z,458.8,7.88,$467.05,"Juego de arandelas planas de acero inoxidable 304, 580 piezas, 9 tamaños, M2 M2.5 M3 M4 M5 M6 M8 M10 M12, adecuadas para decoración del hogar, reparación de fábricas, cocinas, tiendas y construcción",https://www.amazon.com.mx/dp/B07ZZ5NJJ9,https://www.amazon.com/dp/B07ZZ5NJJ9,SRKSB LLC,Yuezhong Store
,B078J137D6,4,Herramientas y Mejoras del Hogar,disponible,disponible,,,2025-10-17T22:04:04.708Z,2025-10-20T02:26:34.201Z,2025-10-28T03:11:12.135Z,425.01,9.95,$539.59,Home's Place - Base de acero con vástago para reemplazar las ruedas. Evita deslizamientos. Soportes de cama resistentes con insertos de plástico. Juego de 4,https://www.amazon.com.mx/dp/B078J137D6,https://www.amazon.com/dp/B078J137D6,Amazon Estados Unidos,Home's Place
,B01HGH3TL6,4,Herramientas y Mejoras del Hogar,disponible,disponible,,,2025-10-17T22:04:04.708Z,2025-10-20T02:26:42.953Z,2025-10-28T03:11:19.679Z,724.51,13.99,$729.40,"OIF Tope de puerta de goma para puertas grandes para mantener la puerta abierta de forma segura en todas las superficies, tope de puerta sin arañazos, diseño de tipo alto, color marrón",https://www.amazon.com.mx/dp/B01HGH3TL6,https://www.amazon.com/dp/B01HGH3TL6,SRKSB LLC,ORIENT INFINITY LIMITED
,B0D1P12YLN,4,Herramientas y Mejoras del Hogar,disponible,disponible,,,2025-10-17T22:04:04.708Z,2025-10-20T02:26:51.329Z,2025-10-28T03:11:27.943Z,849.56,33.5,"$1,210.26","Amasideca - Paquete de 10 tiradores de latón envejecido para gabinetes de cocina de 5 pulgadas, manijas de aleación de zinc, tiradores de cajón clásico para gabinetes sólidos",https://www.amazon.com.mx/dp/B0D1P12YLN,https://www.amazon.com/dp/B0D1P12YLN,Amazon Estados Unidos,Amasideca
,B0799DNGJY,4,Herramientas y Mejoras del Hogar,disponible,disponible,,,2025-10-17T22:04:04.708Z,2025-10-20T02:26:59.736Z,2025-10-28T03:11:36.526Z,707.95,14.99,$707.95,"Highland Farms Select Tope Decorativo de Hierro Fundido para Puerta, Tapón de Puerta Resistente, Cuña de Tope de Puerta, Negro",https://www.amazon.com.mx/dp/B0799DNGJY,https://www.amazon.com/dp/B0799DNGJY,SRKSB LLC,Ganad
,B0D91J4R86,4,Herramientas y Mejoras del Hogar,disponible,disponible,,,2025-10-17T22:04:04.708Z,2025-10-20T02:27:08.083Z,2025-10-28T03:11:44.658Z,1221.33,34.99,"$1,271.33","Cuerdas elásticas con ganchos de 10 pulgadas, 15 pulgadas, 21 pulgadas, 31 pulgadas (paquete de 20)",https://www.amazon.com.mx/dp/B0D91J4R86,https://www.amazon.com/dp/B0D91J4R86,SRKSB LLC,Saber-toothed Tiger
,B06XCXH8FZ,4,Herramientas y Mejoras del Hogar,disponible,disponible,,,2025-10-17T22:04:04.708Z,2025-10-20T02:27:14.980Z,2025-10-28T03:11:52.474Z,834.39,16.99,$840.03,"copapa piso Protección silla de oficina Caster ruedas de hule (Conjunto de 5) m1012 mm tornillo Tallo 5,1 cm, Negro/Gris",https://www.amazon.com.mx/dp/B06XCXH8FZ,https://www.amazon.com/dp/B06XCXH8FZ,SRKSB LLC,Copapa
,B085LBXZ7G,4,Herramientas y Mejoras del Hogar,disponible,no disponible,,,2025-10-17T22:04:04.708Z,2025-10-20T02:27:21.478Z,2025-10-28T03:11:59.209Z,1000.52,,$967.96,"Vnina Linterna Táctica Recargable LED de Alta Luminosidad, Base Magnética, Zoom, Resistente al Agua, 4 Modos, Potente Luz de Flash para Camping, Senderismo y Emergencias",https://www.amazon.com.mx/dp/B085LBXZ7G,https://www.amazon.com/dp/B085LBXZ7G,Boon Shopping,
,B08FDGSL2C,4,Herramientas y Mejoras del Hogar,disponible,no disponible,,,2025-10-17T22:04:04.708Z,2025-10-20T02:27:28.179Z,2025-10-28T03:12:06.542Z,598.95,,$598.95,"Colgador de fotos, ganchos para colgar cuadros, 45 kg, ganchos para colgar cuadros, ganchos para colgar cuadros, 20 piezas de madera para pintura de pared, ganchos y clavos para imágenes",https://www.amazon.com.mx/dp/B08FDGSL2C,https://www.amazon.com/dp/B08FDGSL2C,SRKSB LLC,
,B0CX8H4ZJ2,4,Herramientas y Mejoras del Hogar,disponible,no disponible,,,2025-10-17T22:04:04.708Z,2025-10-20T02:27:36.068Z,2025-10-28T03:12:14.950Z,489.39,,$503.44,"Gisde - Tiras para colgar fotos medianas, resistentes, 20 pares (40 tiras) de ganchos adhesivos para paredes sin daños, ganchos de pared sin uñas, tiras adhesivas de repuesto para pósteres (mediano-20",https://www.amazon.com.mx/dp/B0CX8H4ZJ2,https://www.amazon.com/dp/B0CX8H4ZJ2,CATTLESIV,
,B0CWZ2ZVXH,4,Herramientas y Mejoras del Hogar,disponible,no disponible,,,2025-10-17T22:04:04.708Z,2025-10-20T02:27:42.742Z,2025-10-28T03:12:22.319Z,1575.2,,"$1,585.83","Riayer - Cuerda de alambre negra de 100 pies de 1/8 pulgadas, kit de barandilla de acero inoxidable T316 de alta calidad, construcción de 7 x 7 para colgar en escaleras y exteriores, valla de jardín,",https://www.amazon.com.mx/dp/B0CWZ2ZVXH,https://www.amazon.com/dp/B0CWZ2ZVXH,SRKSB LLC,
,B0CTBH6YP2,4,Herramientas y Mejoras del Hogar,disponible,no disponible,,,2025-10-17T22:04:04.709Z,2025-10-20T02:27:51.010Z,2025-10-28T03:12:30.409Z,1052.15,,"$1,026.21","DanByte Linternas LED de Alta Luminosidad, Linternas de Mano Recargables",https://www.amazon.com.mx/dp/B0CTBH6YP2,https://www.amazon.com/dp/B0CTBH6YP2,SRKSB LLC,
,B0CPVGLY4D,4,Herramientas y Mejoras del Hogar,disponible,disponible,,,2025-10-17T22:04:04.709Z,2025-10-20T02:27:58.011Z,2025-10-28T03:12:39.264Z,688.69,16.99,$688.69,"Couzeely Cinta de doble cara resistente, resistente al agua, cinta de espuma de montaje, 36 pies de largo, 0.3 pulgadas de ancho, cinta adhesiva resistente a altas temperaturas para coche, tira de luz",https://www.amazon.com.mx/dp/B0CPVGLY4D,https://www.amazon.com/dp/B0CPVGLY4D,SRKSB LLC,Couzeely Store
,B0BJDYB9XX,4,Herramientas y Mejoras del Hogar,disponible,disponible,,,2025-10-17T22:04:04.709Z,2025-10-20T02:28:06.130Z,2025-10-28T03:12:47.600Z,594.41,12.82,$597.53,"Mengico - Juego de 1 manijas cuadradas para puerta de manija, bronce aceitado para armarios y puertas francesas, pomos de puerta interiores reversibles para diestros y zurdos",https://www.amazon.com.mx/dp/B0BJDYB9XX,https://www.amazon.com/dp/B0BJDYB9XX,CATTLESIV,Fashion Furniture Direct
,B0CD25T6PV,4,Herramientas y Mejoras del Hogar,disponible,no disponible,,,2025-10-17T22:04:04.709Z,2025-10-20T02:28:15.173Z,2025-10-28T03:12:55.298Z,517.11,,$438.59,V413,https://www.amazon.com.mx/dp/B0CD25T6PV,https://www.amazon.com/dp/B0CD25T6PV,SRKSB LLC,
,B0CBR75PWZ,4,Herramientas y Mejoras del Hogar,disponible,disponible,,,2025-10-17T22:04:14.939Z,2025-10-20T02:28:29.819Z,2025-10-28T03:13:09.684Z,1022.41,25.99,"$1,021.03","Juego de 48 calcetines para patas para muebles, de punto de alta elasticidad, protectores de piso para patas de silla, ajuste de café, se mueven fácilmente y reducen el ruido",https://www.amazon.com.mx/dp/B0CBR75PWZ,https://www.amazon.com/dp/B0CBR75PWZ,SEONGSAN,fashionlove shop
,B09Z6ZFYCM,4,Herramientas y Mejoras del Hogar,disponible,no disponible,,,2025-10-17T22:04:14.939Z,2025-10-20T02:28:38.385Z,2025-10-28T03:13:18.095Z,876.14,,$878.53,"Paquete de 6 pomos de aluminio para gabinete de 1 pulgada para tiradores de cajón de un solo agujero, acabado de oxidación dorado y gris con patrón de diamante",https://www.amazon.com.mx/dp/B09Z6ZFYCM,https://www.amazon.com/dp/B09Z6ZFYCM,SRKSB LLC,
,B09YR1Q3G7,4,Herramientas y Mejoras del Hogar,disponible,no disponible,,,2025-10-17T22:04:14.939Z,2025-10-20T02:28:46.207Z,2025-10-28T03:13:25.702Z,745.31,,$750.34,"YAIRMIS - Paquete de 12 ganchos de metal M6, ganchos de tornillo de acero inoxidable 304 resistentes, ganchos de tornillo de anillo de ojo autorroscantes, ganchos de agujero, ganchos fuertes para",https://www.amazon.com.mx/dp/B09YR1Q3G7,https://www.amazon.com/dp/B09YR1Q3G7,SRKSB LLC,
,B09KZS8JL6,4,Herramientas y Mejoras del Hogar,disponible,no disponible,,,2025-10-17T22:04:14.940Z,2025-10-20T02:28:54.723Z,2025-10-28T03:13:32.373Z,1485.81,,"$1,485.81","CUZURLUV - Soporte de estante negro, 12 x 5 pulgadas (1/4 pulgadas) de grosor, carga máxima: 420 libras, soporte de acero laminado en frío para banco de mesa, ahorro de espacio, paquete de 4",https://www.amazon.com.mx/dp/B09KZS8JL6,https://www.amazon.com/dp/B09KZS8JL6,SRKSB LLC,
,B09D2Z3M8N,4,Herramientas y Mejoras del Hogar,disponible,no disponible,,,2025-10-17T22:04:14.940Z,2025-10-20T02:29:01.516Z,2025-10-28T03:13:40.269Z,802.08,,$807.49,"2 patas de metal de altura ajustable para muebles de cama, marco de cama de acero o patas de soporte de listones de madera, patas de sofá/muebles, patas de pie (15 a 21,8 cm)",https://www.amazon.com.mx/dp/B09D2Z3M8N,https://www.amazon.com/dp/B09D2Z3M8N,SRKSB LLC,
,B08VWRC8MH,4,Herramientas y Mejoras del Hogar,disponible,no disponible,,,2025-10-17T22:04:14.940Z,2025-10-20T02:29:08.836Z,2025-10-28T03:13:48.142Z,546.61,,$550.30,"240 clavos de hardware, 3.5 cm niquelado para colgar, clavos de pared para colgar imágenes, clavos de madera, clavos largos, clavos de alambre (1-1/2 pulgadas)",https://www.amazon.com.mx/dp/B08VWRC8MH,https://www.amazon.com/dp/B08VWRC8MH,SRKSB LLC,
,B09TMQWZF2,4,Herramientas y Mejoras del Hogar,disponible,disponible,,,2025-10-17T22:04:14.940Z,2025-10-20T02:29:16.578Z,2025-10-28T03:13:55.169Z,443.19,4.5,$446.18,"LaCasa USA Gancho para toalla, acabado negro, gancho para colgar ropa, para baño, entrada, vestíbulo, oficina, hotel (negro mate)",https://www.amazon.com.mx/dp/B09TMQWZF2,https://www.amazon.com/dp/B09TMQWZF2,SRKSB LLC,LaCasa USA
,B09S5X5ND8,4,Herramientas y Mejoras del Hogar,disponible,disponible,,,2025-10-17T22:04:14.940Z,2025-10-20T02:29:24.577Z,2025-10-28T03:14:02.679Z,729.36,18.99,$729.36,"Kesvila 6 pomos de animales para cajones de cómoda, tiradores decorativos de un solo agujero, pomos de cambiador antiguos para muebles del hogar (conejo)",https://www.amazon.com.mx/dp/B09S5X5ND8,https://www.amazon.com/dp/B09S5X5ND8,SRKSB LLC,Kesvila
,B08CVQPP58,4,Herramientas y Mejoras del Hogar,disponible,disponible,,,2025-10-17T22:04:14.940Z,2025-10-20T02:29:32.653Z,2025-10-28T03:14:09.555Z,666.5,9.69,$671.00,"10 pegatinas autoadhesivas para números de habitación de casa (0-9), de plástico para buzón, hotel, departamento, puerta y letrero de dirección, 1.4 inch（0-9）, Dorado",https://www.amazon.com.mx/dp/B08CVQPP58,https://www.amazon.com/dp/B08CVQPP58,SRKSB LLC,BigTong
,B09BVRB2YN,4,Herramientas y Mejoras del Hogar,disponible,no disponible,,,2025-10-17T22:04:14.940Z,2025-10-20T02:29:40.600Z,2025-10-28T03:14:18.480Z,926.94,,$952.46,"Paquete de 4 patas de soporte central de altura ajustable para marco de cama, patas de soporte pesado, patas de soporte de acero extra duraderas, adecuadas para marcos de cama, listones centrales de cama, armarios y muebles de madera",https://www.amazon.com.mx/dp/B09BVRB2YN,https://www.amazon.com/dp/B09BVRB2YN,SRKSB LLC,
,B08R1J5V21,4,Herramientas y Mejoras del Hogar,disponible,disponible,,,2025-10-17T22:04:14.940Z,2025-10-20T02:29:48.025Z,2025-10-28T03:14:26.284Z,537.48,9.99,$537.48,"60 Almohadillas de Fieltro Protector de Piso para Patas de Madera, Color Negro, de 13/16 Pulgadas",https://www.amazon.com.mx/dp/B08R1J5V21,https://www.amazon.com/dp/B08R1J5V21,Boon Shopping,Muyush
,B08NSLNTFX,4,Herramientas y Mejoras del Hogar,disponible,disponible,,,2025-10-17T22:04:14.940Z,2025-10-20T02:29:56.074Z,2025-10-28T03:14:34.007Z,640.35,13.87,$638.97,"LuckyBeeBo Kit para colgar alambre de fotos resistente – anillo en D, tornillos, ganchos para colgar, nivel. Soporta hasta 100 libras y 50 pies (15,25 m) de acero inoxidable",https://www.amazon.com.mx/dp/B08NSLNTFX,https://www.amazon.com/dp/B08NSLNTFX,Novayu,LuckyBeeBo
,B085SVWJ2P,4,Herramientas y Mejoras del Hogar,disponible,disponible,,,2025-10-17T22:04:14.940Z,2025-10-20T02:30:04.533Z,2025-10-28T03:14:41.594Z,713.76,14.99,$713.76,"Aothpher Portarrollos de papel higiénico de latón para baño montado en la pared, acabado de latón antiguo",https://www.amazon.com.mx/dp/B085SVWJ2P,https://www.amazon.com/dp/B085SVWJ2P,SRKSB LLC,Aothpher Home
,B07QWK12QC,4,Herramientas y Mejoras del Hogar,disponible,disponible,,,2025-10-17T22:04:14.941Z,2025-10-20T02:30:12.801Z,2025-10-28T03:14:49.430Z,690.41,22.99,$865.37,LIKERAINY montaje empotrado de metal resistente,https://www.amazon.com.mx/dp/B07QWK12QC,https://www.amazon.com/dp/B07QWK12QC,Amazon Estados Unidos,Likerainy
,B0825T5NVQ,4,Herramientas y Mejoras del Hogar,disponible,disponible,,,2025-10-17T22:04:14.941Z,2025-10-20T02:30:20.754Z,2025-10-28T03:14:57.189Z,778.9,17.99,$792.52,"SKOLOO Gancho para Colgar en la Puerta, Perchero de Acero Inoxidable para Colgar Ropa, Toallas, Batas, Bolso, Ganchos para Puerta de baño, recámara, Blanco, 1 Paquete",https://www.amazon.com.mx/dp/B0825T5NVQ,https://www.amazon.com/dp/B0825T5NVQ,ERENLER STORE,Skoloo
,B07YHHW17Q,4,Herramientas y Mejoras del Hogar,disponible,disponible,,,2025-10-17T22:04:14.941Z,2025-10-20T02:30:28.830Z,2025-10-28T03:15:06.406Z,923.08,24.99,$929.32,"Leotart Cinta de carrocería de colores – Paquete variado – 12 colores 10 yardas x 1 pulgada rollos de cinta adhesiva multicolor divertida DIY kit de arte para arte, etiquetado, decoraciones de aula",https://www.amazon.com.mx/dp/B07YHHW17Q,https://www.amazon.com/dp/B07YHHW17Q,SRKSB LLC,Leotarro
,B07XG572CY,4,Herramientas y Mejoras del Hogar,disponible,no disponible,,,2025-10-17T22:04:26.598Z,2025-10-20T02:30:36.726Z,2025-10-28T03:15:14.992Z,783.54,,$787.39,"Varillas magnéticas ajustables para electrodomésticos de metal, puertas, ventanas, 2 a 16 pulgadas, paquete de 2 toallas de inodoro de fácil instalación, multiútil (negro, paquete de 2)",https://www.amazon.com.mx/dp/B07XG572CY,https://www.amazon.com/dp/B07XG572CY,SRKSB LLC,
,B07XC4MS1T,4,Herramientas y Mejoras del Hogar,disponible,no disponible,,,2025-10-17T22:04:26.598Z,2025-10-20T02:30:45.417Z,2025-10-28T03:15:23.468Z,621.18,,$841.09,"Varillas magnéticas ajustables para electrodomésticos de metal, puertas, ventanas, 16 a 28 pulgadas, paquete de 2, barra de toalla de inodoro de fácil instalación, multiusos (champaña, 2 unidades)",https://www.amazon.com.mx/dp/B07XC4MS1T,https://www.amazon.com/dp/B07XC4MS1T,Amazon Estados Unidos,
,B07X9HX3X8,4,Herramientas y Mejoras del Hogar,disponible,disponible,,,2025-10-17T22:04:26.598Z,2025-10-20T02:30:53.028Z,2025-10-28T03:15:31.899Z,1021.64,26.99,"$1,028.54","Pomos decorativos para cajones (25 unidades), diseño floral multicolor",https://www.amazon.com.mx/dp/B07X9HX3X8,https://www.amazon.com/dp/B07X9HX3X8,SRKSB LLC,FOLK CRAFT
,B07W6T73TT,4,Herramientas y Mejoras del Hogar,disponible,disponible,,,2025-10-17T22:04:26.598Z,2025-10-20T02:31:01.131Z,2025-10-28T03:15:39.092Z,839.24,20.99,$845.26,"Aothpher - Toallero Ovalado de latón para baño, diseño contemporáneo, Contemporáneo, Antique Brass Style 3, Mediano",https://www.amazon.com.mx/dp/B07W6T73TT,https://www.amazon.com/dp/B07W6T73TT,SRKSB LLC,Aothpher Home
,B07W52L4HR,4,Herramientas y Mejoras del Hogar,disponible,disponible,,,2025-10-17T22:04:26.599Z,2025-10-20T02:31:18.140Z,2025-10-28T03:15:54.271Z,838.86,17.99,$838.86,"SKOLOO - Perchero para Colgar sobre la Puerta, Negro, Acero Inoxidable, 6 Ganchos Dobles, Incluye 1 Paquete",https://www.amazon.com.mx/dp/B07W52L4HR,https://www.amazon.com/dp/B07W52L4HR,SRKSB LLC,Skoloo
,B07NH8FYL2,4,Herramientas y Mejoras del Hogar,disponible,disponible,,,2025-10-17T22:04:26.599Z,2025-10-20T02:31:26.057Z,2025-10-28T03:16:02.679Z,1243.58,35.97,"$1,243.58","Formosa Design Hardware Classic - Juego de Accesorios de baño (4 Piezas), Polished Chrome",https://www.amazon.com.mx/dp/B07NH8FYL2,https://www.amazon.com/dp/B07NH8FYL2,SRKSB LLC,Formosa Design Hardware
,B00PE3MBWS,4,Herramientas y Mejoras del Hogar,disponible,disponible,,,2025-10-17T22:04:26.599Z,2025-10-20T02:31:33.901Z,2025-10-28T03:16:11.165Z,685.11,15.59,$683.73,¡Pack de 2 SoftClose para Metal cajones/adaptador cajón de cierre suave de alta calidad/añadir-en/Retrofit/No necesitas medir requiere! (sobrevuela),https://www.amazon.com.mx/dp/B00PE3MBWS,https://www.amazon.com/dp/B00PE3MBWS,Novayu,RokHardware
,B083RCKVZJ,4,Herramientas y Mejoras del Hogar,disponible,disponible,,,2025-10-17T22:04:26.599Z,2025-10-20T02:31:42.526Z,2025-10-28T03:16:18.699Z,617.36,11.99,$617.36,"Tope para puerta sin taladros ni tornillos en la pared, cinta adhesiva 3M de acero inoxidable, tope para puerta con protector de pared de goma, paquete de 2 topes de puerta comerciales, 3 pulgadas de altura, Plateado, 3 In Height",https://www.amazon.com.mx/dp/B083RCKVZJ,https://www.amazon.com/dp/B083RCKVZJ,SRKSB LLC,LivebyCare
,B085K8QM57,4,Herramientas y Mejoras del Hogar,disponible,disponible,,,2025-10-17T22:04:26.599Z,2025-10-20T02:31:50.694Z,2025-10-28T03:16:27.132Z,639.37,23.76,$860.00,"HESTIA HARDWARE - Paquete de 10 tiradores de cajón de 2.5 pulgadas de níquel satinado y tiradores de taza para cajones, manijas de cocina de baño para gabinetes | manijas de cambiador (Z7.10.S)",https://www.amazon.com.mx/dp/B085K8QM57,https://www.amazon.com/dp/B085K8QM57,Amazon Estados Unidos,ISLAND UNIVERSE HARDWARE INC.
,B01N11S4JB,4,Herramientas y Mejoras del Hogar,disponible,disponible,,,2025-10-17T22:04:26.599Z,2025-10-20T02:31:57.759Z,2025-10-28T03:16:35.590Z,534.85,24.95,$872.14,WEDGE-IT - The Ultimate Door Stop - PINK - TWO PACK,https://www.amazon.com.mx/dp/B01N11S4JB,https://www.amazon.com/dp/B01N11S4JB,Sport Rider,CLENE BEAUTY
,B0BX3CWMRZ,4,Herramientas y Mejoras del Hogar,disponible,disponible,,,2025-10-17T22:04:26.599Z,2025-10-20T02:32:05.596Z,2025-10-28T03:16:43.614Z,474.78,19.99,$767.07,"Ravinte Hardware - Paquete de 5 tiradores de gabinete – Centro de agujeros de 5 pulgadas (128 mm), manijas de níquel cepillado satinado para cajones de cocina y armarios, herrajes de gabinete de alta",https://www.amazon.com.mx/dp/B0BX3CWMRZ,https://www.amazon.com/dp/B0BX3CWMRZ,FENGPAI,FENGPAI
,B0BGZV61S2,4,Herramientas y Mejoras del Hogar,disponible,disponible,,,2025-10-17T22:04:26.599Z,2025-10-20T02:32:14.495Z,2025-10-28T03:16:51.994Z,304.25,14.99,$626.73,"16 protectores de patas de silla gris de alta calidad para suelos de madera dura, no se caen fácilmente, muy fáciles de poner, se adapta a todas las formas de pierna, fundas de patas de taburete de bar de alta elasticidad, almohadillas para orejas para muebles",https://www.amazon.com.mx/dp/B0BGZV61S2,https://www.amazon.com/dp/B0BGZV61S2,峥霆科技,IAMZAY
,B0DC5DZTG7,4,Herramientas y Mejoras del Hogar,disponible,no disponible,,,2025-10-17T22:04:37.039Z,2025-10-20T02:32:21.919Z,2025-10-28T03:16:59.709Z,1384.29,,"$1,366.01",Temple Tool - Sierra japonesa de 9.5 ryoba con diseño de sierra de mano en Estados Unidos,https://www.amazon.com.mx/dp/B0DC5DZTG7,https://www.amazon.com/dp/B0DC5DZTG7,SEONGSAN,
,B08HVLTWVD,4,Herramientas y Mejoras del Hogar,disponible,no disponible,,,2025-10-17T22:04:37.040Z,2025-10-20T02:32:30.725Z,2025-10-28T03:17:07.976Z,2154.09,,"$2,220.64","Juego de cinceles de mortaja profesional para carpintería, acero cromo-vanadio con asas para carpintería, carpintería, tallado, artesano, juego de 3, 1/4 pulgadas, 3/8 pulgadas, 1/2 pulgadas",https://www.amazon.com.mx/dp/B08HVLTWVD,https://www.amazon.com/dp/B08HVLTWVD,BROWN LEAVES LLC,
,B0DK438PSM,4,Herramientas y Mejoras del Hogar,disponible,disponible,,,2025-10-17T22:04:37.040Z,2025-10-20T02:32:40.306Z,2025-10-28T03:17:16.425Z,380.38,4.99,$380.38,Broca de 3/64 pulgadas (paquete de 3) de grado industrial M35 cobalto titanio nitrito de aluminio – 3/64 pulgadas de diámetro y longitud total de 1-1/4 pulgadas con longitud de trabajo de 3/8 pulgadas,https://www.amazon.com.mx/dp/B0DK438PSM,https://www.amazon.com/dp/B0DK438PSM,SRKSB LLC,Owl Prime Designs
,B0BYZJG3BW,4,Herramientas y Mejoras del Hogar,disponible,disponible,,,2025-10-17T22:04:37.040Z,2025-10-20T02:32:48.283Z,2025-10-28T03:17:23.801Z,1275.01,39.99,"$1,288.43","Juego de 21 herramientas de torneado de torno indexable, vástago de 3/8 pulgadas, 10 mm, 7 piezas de soporte de herramientas de torno de metal con 14 piezas de insertos de torneado para torneado,",https://www.amazon.com.mx/dp/B0BYZJG3BW,https://www.amazon.com/dp/B0BYZJG3BW,SRKSB LLC,JOOGTO DIRECT
,B09TVQY765,4,Herramientas y Mejoras del Hogar,disponible,no disponible,,,2025-10-17T22:04:37.040Z,2025-10-20T02:32:56.698Z,2025-10-28T03:17:31.733Z,683.64,,$689.58,"Coonyard - Batería de repuesto para Mitsubishi MR-BAT6V1 de 6 V 1650 mAh MR-BAT6V1 de dióxido de litio y manganeso para Mitsubishi MR-J4, 2CR17335A-WK17, sistema PLC de driver de servomotor CNC",https://www.amazon.com.mx/dp/B09TVQY765,https://www.amazon.com/dp/B09TVQY765,SRKSB LLC,
,B0DGXQRR49,4,Herramientas y Mejoras del Hogar,disponible,no disponible,,,2025-10-17T22:04:37.040Z,2025-10-20T02:33:04.946Z,2025-10-28T03:17:40.067Z,809.82,,$809.82,"Beaiguna - Kit de plantilla de clavija autocentrante, guía de taladro para agujeros rectos con 6 bujes de taladro, kit de plantilla autocentrante premium para carpintería, herramienta de carpintería",https://www.amazon.com.mx/dp/B0DGXQRR49,https://www.amazon.com/dp/B0DGXQRR49,SRKSB LLC,
,B0CTWXB1YP,4,Herramientas y Mejoras del Hogar,disponible,no disponible,,,2025-10-17T22:04:37.040Z,2025-10-20T02:33:12.542Z,2025-10-28T03:17:49.381Z,831.78,,$833.96,"LATTOOK - Juego de 22 brocas hexagonales de extremo de bola, juego de 22 brocas hexagonales métricas y SAE de extremo de bola, juego de brocas hexagonales, acero S2 con magnético, 4 pulgadas de largo",https://www.amazon.com.mx/dp/B0CTWXB1YP,https://www.amazon.com/dp/B0CTWXB1YP,SRKSB LLC,
,B07VP21C68,4,Herramientas y Mejoras del Hogar,disponible,no disponible,,,2025-10-17T22:04:37.040Z,2025-10-20T02:33:20.705Z,2025-10-28T03:17:56.069Z,844.9,,$848.09,"Lubri-Cut Pasta de corte para perforar metal, tina de 10 onzas, fabricada en Estados Unidos, aceite de corte de cera de abejas para perforar metal, cera de corte y corte de alto rendimiento,",https://www.amazon.com.mx/dp/B07VP21C68,https://www.amazon.com/dp/B07VP21C68,SRKSB LLC,
,B0D2VN4PB6,4,Herramientas y Mejoras del Hogar,disponible,no disponible,,,2025-10-17T22:04:37.040Z,2025-10-20T02:33:30.185Z,2025-10-28T03:18:04.267Z,1325.45,,"$1,332.62","Tandefio - 4 tubos de almacenamiento para barra de soldadura de 40 pulgadas Tig cañas de almacenamiento, soporte para electrodos de soldadura, recipiente impermeable al aire (verde)",https://www.amazon.com.mx/dp/B0D2VN4PB6,https://www.amazon.com/dp/B0D2VN4PB6,SRKSB LLC,
,B0D941D5FG,4,Herramientas y Mejoras del Hogar,disponible,no disponible,,,2025-10-17T22:04:37.040Z,2025-10-20T02:33:37.712Z,2025-10-28T03:18:11.208Z,1858.62,,"$1,974.06",Capowill - Batería de repuesto para batería de iones de litio Kobalt 40V KB2540C-06 KB440-06 KB440-03 KB640-03 KB240-06 KB240C-06 KB640-06 KB245-6 KB540-06 ‎Batería para herramientas eléctricas,https://www.amazon.com.mx/dp/B0D941D5FG,https://www.amazon.com/dp/B0D941D5FG,BROWN LEAVES LLC,
,B0B8HCRM4Y,4,Herramientas y Mejoras del Hogar,disponible,disponible,,,2025-10-17T22:04:37.041Z,2025-10-20T02:33:46.807Z,2025-10-28T03:18:19.073Z,499.25,15.99,$651.25,"WHLLING Perforadora central automática de 2 piezas, perforadora central de acero endurecido de 6 pulgadas con tapa moleteada ajustable para maquinistas y carpinteros",https://www.amazon.com.mx/dp/B0B8HCRM4Y,https://www.amazon.com/dp/B0B8HCRM4Y,Amazon Estados Unidos,WHLLING
,B0B39NFQWK,4,Herramientas y Mejoras del Hogar,disponible,disponible,,,2025-10-17T22:04:37.041Z,2025-10-20T02:33:55.784Z,2025-10-28T03:18:26.798Z,856.63,25.99,$750.31,Detector de escáner de pared 5 en 1 de pared electrónica de madera de metal localizador de pernos de barra de sensor central de borde para tubo de alambre de CA vivo de metal vigueta de madera de yeso,https://www.amazon.com.mx/dp/B0B39NFQWK,https://www.amazon.com/dp/B0B39NFQWK,BROWN LEAVES LLC,Povlen Direct
,B0C8M4P7WF,4,Herramientas y Mejoras del Hogar,disponible,no disponible,,,2025-10-17T22:04:37.041Z,2025-10-20T02:34:12.252Z,2025-10-28T03:18:40.839Z,432.25,,$601.98,"Ceaeso - Púa de manguera de acero inoxidable de 1 pulgada x rosca macho NPT de 1 pulgada, para conectar mangueras de aire/agua/aceite de 1 pulgada, 2 por paquete..",https://www.amazon.com.mx/dp/B0C8M4P7WF,https://www.amazon.com/dp/B0C8M4P7WF,Amazon Estados Unidos,
,B0CB3C6JS8,4,Herramientas y Mejoras del Hogar,disponible,disponible,,,2025-10-17T22:04:37.041Z,2025-10-20T02:34:20.540Z,2025-10-28T03:18:49.773Z,1646.57,49.99,"$1,657.69","LLNDEI 1/4 Juego de llaves de impacto 83 piezas, SAE estándar (5/32-9/16 pulgada), tamaño métrico (4-15mm), mango de llave de carraca 72T, juego de herramientas mecánicas CR-V con adaptador",https://www.amazon.com.mx/dp/B0CB3C6JS8,https://www.amazon.com/dp/B0CB3C6JS8,SRKSB LLC,LLNDEI
,B09XV5676V,4,Herramientas y Mejoras del Hogar,disponible,disponible,,,2025-10-17T22:04:37.041Z,2025-10-20T02:34:29.749Z,2025-10-28T03:18:57.320Z,742.79,18.41,$734.74,"HEDYBARD Juego de 4 llaves de choque, duraderas y ajustables, con gancho en C, herramientas para sistema de coilover con mango antideslizante y bolsa portátil, color verde",https://www.amazon.com.mx/dp/B09XV5676V,https://www.amazon.com/dp/B09XV5676V,SRKSB LLC,Hedybard
,B06Y1NGVJH,4,Herramientas y Mejoras del Hogar,disponible,no disponible,,,2025-10-17T22:04:37.041Z,2025-10-20T02:34:37.479Z,2025-10-28T03:19:05.327Z,828.43,,$917.21,Aoyan M12 12V 9.0Ah batería de repuesto de iones de litio compatible con Milwaukee XC 48-11-2440 48-11-2402 48-11-2411 12-Volt M12 herramientas inalámbricas,https://www.amazon.com.mx/dp/B06Y1NGVJH,https://www.amazon.com/dp/B06Y1NGVJH,SHERIFF EXPRESS,
,B0D6RMH5FS,4,Herramientas y Mejoras del Hogar,disponible,no disponible,,,2025-10-17T22:04:48.892Z,2025-10-20T02:34:45.414Z,2025-10-28T03:19:13.415Z,1404.89,,"$1,432.09",JUNWOOD - Paquete de 2 unidades de repuesto para batería Dewalt de 20 V Max de litio compatible con baterías Dewalt XR de 20 voltios DCB200 DCB201 DCB206 DCB204 DCB207 DCD/DCF/DCG Series Herramientas,https://www.amazon.com.mx/dp/B0D6RMH5FS,https://www.amazon.com/dp/B0D6RMH5FS,Tierra Viva,
,B0D2P9GGF1,4,Herramientas y Mejoras del Hogar,disponible,disponible,,,2025-10-17T22:04:48.893Z,2025-10-20T02:34:53.213Z,2025-10-28T03:19:22.157Z,489.6,11.49,$540.33,"Follde - Portabrocas sin llave para Milwaukee, 3/8 pulgadas, 0.8-10 mm, universal, duradero",https://www.amazon.com.mx/dp/B0D2P9GGF1,https://www.amazon.com/dp/B0D2P9GGF1,Amazon Estados Unidos,RUIXUPLAY
,B0B85YHPSH,4,Herramientas y Mejoras del Hogar,disponible,no disponible,,,2025-10-17T22:04:48.893Z,2025-10-20T02:35:02.108Z,2025-10-28T03:19:29.313Z,1156.51,,"$1,125.97","XHM Awesome Fixed Blade Knife Heavy Duty, Full Tang Titanium Plated Blade, G10 Handle, Kydex Sheath, for Hunting, Outdoor Survival, Camping, EDC",https://www.amazon.com.mx/dp/B0B85YHPSH,https://www.amazon.com/dp/B0B85YHPSH,Boon Shopping,
,B00M0G4954,4,Herramientas y Mejoras del Hogar,disponible,disponible,,,2025-10-17T22:04:48.893Z,2025-10-20T02:35:10.398Z,2025-10-28T03:19:37.134Z,722.37,30.99,"$1,038.17",OTOOLWORLD Induction Gold Melting Furnace Crucible set Graphite crucible ceramic container 1KG SET by OTOOLWORLD,https://www.amazon.com.mx/dp/B00M0G4954,https://www.amazon.com/dp/B00M0G4954,Amazon Estados Unidos,OTOOLWORLD
,B09JNVVLBW,4,Herramientas y Mejoras del Hogar,disponible,no disponible,,,2025-10-17T22:04:48.893Z,2025-10-20T02:35:19.057Z,2025-10-28T03:19:44.891Z,1445.64,,"$1,447.40","WenCrew - Abrazaderas de esquina para carpintería, paquete de 4 abrazaderas de ángulo recto de 90 grados, cuadrados de sujeción de aluminio de 5.5 pulgadas, herramientas de carpintería para armarios",https://www.amazon.com.mx/dp/B09JNVVLBW,https://www.amazon.com/dp/B09JNVVLBW,Tienda Enriquecida,
,B0D1FXDGTH,4,Herramientas y Mejoras del Hogar,disponible,no disponible,,,2025-10-17T22:04:48.893Z,2025-10-20T02:35:27.906Z,2025-10-28T03:19:52.459Z,649.23,,$652.89,"Gscocl - Soporte para lápices de lápices redondos o hexagonales de 1,27 cm, varillas ferro Carpintería industrial resistente, soporte para creyones de aluminio de construcción (negro)",https://www.amazon.com.mx/dp/B0D1FXDGTH,https://www.amazon.com/dp/B0D1FXDGTH,SRKSB LLC,
,B07LG5XWVJ,4,Herramientas y Mejoras del Hogar,disponible,disponible,,,2025-10-17T22:04:48.893Z,2025-10-20T02:35:35.591Z,2025-10-28T03:19:59.959Z,700.24,25.99,$915.11,"Feiyang kit de abrazaderas de muelle de inglete para carpintería, marcos de fotos, adornos de madera, molduras",https://www.amazon.com.mx/dp/B07LG5XWVJ,https://www.amazon.com/dp/B07LG5XWVJ,Amazon Estados Unidos,Feiyang
,B0DL5YJ7NJ,4,Herramientas y Mejoras del Hogar,disponible,disponible,,,2025-10-17T22:04:48.893Z,2025-10-20T02:35:44.094Z,2025-10-28T03:20:07.679Z,552.3,9.99,$552.30,"Juego de 12 abrazaderas de resorte de plástico, 3 tamaños de clips de resorte de 3.5 pulgadas, 4.5 pulgadas, juego de 6 pulgadas, clips negros resistentes, abrazaderas de clip de telón de fondo,",https://www.amazon.com.mx/dp/B0DL5YJ7NJ,https://www.amazon.com/dp/B0DL5YJ7NJ,SRKSB LLC,WAIZE
,B0DK6TTPDX,4,Herramientas y Mejoras del Hogar,disponible,disponible,,,2025-10-17T22:04:48.893Z,2025-10-20T02:35:52.514Z,2025-10-28T03:20:15.167Z,688.54,12.77,$693.18,"23-66-2635 - Interruptor de sierra circular para Milwaukee, piezas de repuesto para sierras circulares 2730-20 2730-21 2731-21 2731-22 2631-20 2730-20 2730-20 2782-20",https://www.amazon.com.mx/dp/B0DK6TTPDX,https://www.amazon.com/dp/B0DK6TTPDX,SRKSB LLC,BaoShu-Store
,B0DJ8LDV84,4,Herramientas y Mejoras del Hogar,disponible,disponible,,,2025-10-17T22:04:48.893Z,2025-10-20T02:36:00.916Z,2025-10-28T03:20:23.304Z,876.03,23.98,$882.41,"Rpeconu KK-4835 Kit de pistón de compresor de aire, bomba de compresor de aire sin aceite, kit de repuesto para artesano para Devildiss para Dewalt para Porter para Cable, 5 unidades",https://www.amazon.com.mx/dp/B0DJ8LDV84,https://www.amazon.com/dp/B0DJ8LDV84,SRKSB LLC,jinghongli
,B0CX13FFVH,4,Herramientas y Mejoras del Hogar,disponible,no disponible,,,2025-10-17T22:04:48.893Z,2025-10-20T02:36:07.957Z,2025-10-28T03:20:31.421Z,517.27,,$627.03,"Juego de 2 brocas para enrutador de lengüeta y ranura, vástago de 1/4 pulgadas, 3 dientes ajustable en forma de T, profundidad de corte de 1/2 pulgadas, herramientas de carpintería",https://www.amazon.com.mx/dp/B0CX13FFVH,https://www.amazon.com/dp/B0CX13FFVH,CATTLESIV,
,B0DKQPS8JD,4,Herramientas y Mejoras del Hogar,disponible,no disponible,,,2025-10-17T22:04:48.893Z,2025-10-20T02:36:16.368Z,2025-10-28T03:20:38.163Z,392.57,,$395.93,"Kit de 44 ruedas de corte Auxiren para herramientas giratorias Dremel, discos de corte de resina, mini cortador de hojas de sierra circular HSS y 545 ruedas de corte de diamante para cortar madera,",https://www.amazon.com.mx/dp/B0DKQPS8JD,https://www.amazon.com/dp/B0DKQPS8JD,SRKSB LLC,
,B0DJXYD1JW,4,Herramientas y Mejoras del Hogar,disponible,disponible,,,2025-10-17T22:04:48.893Z,2025-10-20T02:36:25.552Z,2025-10-28T03:20:44.946Z,720.17,16.99,$728.41,"jiouxip Juego de llaves de servicio HVAC premium con adaptadores de punta hexagonal, llave de servicio de refrigeración SAE de doble tamaño 1/4 y 5/16 puertos",https://www.amazon.com.mx/dp/B0DJXYD1JW,https://www.amazon.com/dp/B0DJXYD1JW,SRKSB LLC,YANDI-01
,B0DL5M5GD9,4,Herramientas y Mejoras del Hogar,disponible,disponible,,,2025-10-17T22:04:48.894Z,2025-10-20T02:36:32.229Z,2025-10-28T03:20:52.538Z,906.53,23.99,$906.53,"ZSX - Compresor de aire portátil, bomba de aire de 150 PSI para coche, bomba eléctrica de bicicleta con medidor de presión digital de neumáticos, inflador de neumáticos portátil para coche compacto,",https://www.amazon.com.mx/dp/B0DL5M5GD9,https://www.amazon.com/dp/B0DL5M5GD9,SRKSB LLC,pinfengou
,B0DKSXFJDS,4,Herramientas y Mejoras del Hogar,disponible,disponible,,,2025-10-17T22:04:48.894Z,2025-10-20T02:36:40.794Z,2025-10-28T03:21:01.013Z,500.5,4.9,$503.87,"KTTOOL - Llave de palanca adaptadora, herramienta de cabezal adaptador de barra de palanca, herramientas de reparación de coche de extracción de medio eje de 3/8 pulgadas",https://www.amazon.com.mx/dp/B0DKSXFJDS,https://www.amazon.com/dp/B0DKSXFJDS,SRKSB LLC,KTTOOL
,B0DK5W1VWF,4,Herramientas y Mejoras del Hogar,disponible,no disponible,,,2025-10-17T22:04:48.894Z,2025-10-20T02:36:48.723Z,2025-10-28T03:21:08.010Z,800.85,,$806.26,"BUILDSOMETHING - Abrazadera de madera de ángulo recto, herramienta manual para mejoras del hogar, juego de abrazaderas premium con ranura guía de corte de 45 grados, paquete de 2",https://www.amazon.com.mx/dp/B0DK5W1VWF,https://www.amazon.com/dp/B0DK5W1VWF,SRKSB LLC,
,B0DBR814GB,4,Herramientas y Mejoras del Hogar,disponible,disponible,,,2025-10-17T22:04:58.683Z,2025-10-20T02:37:04.500Z,2025-10-28T03:21:22.601Z,855.98,19.99,$855.98,"Juego de destornilladores de impacto manual de 1,27 cm, 12 piezas de destornillador de impacto reversible manual de acero S2 de alta resistencia, ideal para quitar sujetadores oxidados, pernos",https://www.amazon.com.mx/dp/B0DBR814GB,https://www.amazon.com/dp/B0DBR814GB,SRKSB LLC,CreateBright Life
,B0D794K8N6,4,Herramientas y Mejoras del Hogar,disponible,disponible,,,2025-10-17T22:04:58.683Z,2025-10-20T02:37:11.619Z,2025-10-28T03:21:32.002Z,620.98,12.77,$620.98,"HOLEPU - Manguera de 4 pulgadas a 2-1/2 pulgadas para recolección de polvo - Accesorio reductor de polvo para recolección de polvo en herramienta eléctrica y aspiradora, accesorio reductor de",https://www.amazon.com.mx/dp/B0D794K8N6,https://www.amazon.com/dp/B0D794K8N6,SRKSB LLC,BaoShu-Store
,B07RNVXXV1,4,Herramientas y Mejoras del Hogar,disponible,disponible,,,2025-10-17T22:04:58.683Z,2025-10-20T02:37:20.057Z,2025-10-28T03:21:40.000Z,432.07,6.99,$432.07,"Juego de 6 pinzas de precisión, de acero inoxidable antiestático, curvadas, para electrónica, trabajo de laboratorio, joyería, manualidades, soldadura, etc., de KAVERME.",https://www.amazon.com.mx/dp/B07RNVXXV1,https://www.amazon.com/dp/B07RNVXXV1,SRKSB LLC,kaverme
,B0CVW2K2VL,4,Herramientas y Mejoras del Hogar,disponible,no disponible,,,2025-10-17T22:04:58.683Z,2025-10-20T02:37:26.853Z,2025-10-28T03:21:48.611Z,446.75,,$461.18,"SHARPRO-1/8 pulgadas de carburo de corte en espiral, 2 flautas, borde de corte central, ángulo de nariz de 178 grados que garantiza una rápida eliminación de virutas, ideal para",https://www.amazon.com.mx/dp/B0CVW2K2VL,https://www.amazon.com/dp/B0CVW2K2VL,SRKSB LLC,
,B0DJW2M5X1,4,Herramientas y Mejoras del Hogar,disponible,no disponible,,,2025-10-17T22:04:58.683Z,2025-10-20T02:37:33.864Z,2025-10-28T03:21:55.309Z,1460.34,,"$1,471.32","DKSIDKN - Batería de repuesto compatible con Milwaukee 48-11-0490, 48-11-2402, 48-11-2411, 48-11-2430, herramientas eléctricas inalámbricas y chaquetas calentadas con indicador LED (no fabricado en",https://www.amazon.com.mx/dp/B0DJW2M5X1,https://www.amazon.com/dp/B0DJW2M5X1,SEONGSAN,
,B0D41TQGVW,4,Herramientas y Mejoras del Hogar,disponible,no disponible,,,2025-10-17T22:04:58.683Z,2025-10-20T02:37:43.268Z,2025-10-28T03:22:03.030Z,1500.46,,"$1,555.15","Supowill LBX2020 20 V 6.0Ah batería de repuesto para batería de litio Black and Decker 20V MAX LBXR20 LB20 LBX20 LBX4020 LST220, compatible con herramientas inalámbricas Black and Decker",https://www.amazon.com.mx/dp/B0D41TQGVW,https://www.amazon.com/dp/B0D41TQGVW,SEONGSAN,
,B08YJN2K3F,4,Herramientas y Mejoras del Hogar,disponible,no disponible,,,2025-10-17T22:04:58.683Z,2025-10-20T02:37:50.057Z,2025-10-28T03:22:09.789Z,1048.58,,"$1,055.66","MKC Juego de 12 sierras perforadoras con punta de carburo (127 mm) para varios materiales. Madera dura, MDF, fibra de vidrio, tablero de cemento, azulejos de pared, bloque de hormigón, ladrillo, plástico.",https://www.amazon.com.mx/dp/B08YJN2K3F,https://www.amazon.com/dp/B08YJN2K3F,SRKSB LLC,
,B0D9YFZN91,4,Herramientas y Mejoras del Hogar,disponible,no disponible,,,2025-10-17T22:04:58.683Z,2025-10-20T02:37:58.801Z,2025-10-28T03:22:18.450Z,605.91,,$610.00,"Ruthex - 2 adaptadores de punta de soldadura para ERSA series 832, 842 y 102 - Punta de soldador compatible con ERSA i-Tool Pico, PTC 70 para insertar insertos roscados en impresión 3D",https://www.amazon.com.mx/dp/B0D9YFZN91,https://www.amazon.com/dp/B0D9YFZN91,SRKSB LLC,
,B0D8R5M2GX,4,Herramientas y Mejoras del Hogar,disponible,disponible,,,2025-10-17T22:04:58.683Z,2025-10-20T02:38:06.444Z,2025-10-28T03:22:27.113Z,634.43,14.99,$647.19,"EVOHONOUR Kit de herramientas para calafatear de acero inoxidable, herramienta para calafatear 4 en 1 para baño, cocina, piso, ventana, junta de fregadero, sello de marcos",https://www.amazon.com.mx/dp/B0D8R5M2GX,https://www.amazon.com/dp/B0D8R5M2GX,SRKSB LLC,Cavalierman
,B0D7H6376G,4,Herramientas y Mejoras del Hogar,disponible,disponible,,,2025-10-17T22:04:58.683Z,2025-10-20T02:38:15.008Z,2025-10-28T03:22:35.248Z,1123.35,31.89,"$1,130.87","Abrazadera de braguero de 1.57-2.36 pulgadas, 4 ganchos profesionales GZhumin de aluminio negro para iluminación de escenario con certificación TUV, resistente 100 kg abrazaderas de iluminación de 200",https://www.amazon.com.mx/dp/B0D7H6376G,https://www.amazon.com/dp/B0D7H6376G,SRKSB LLC,"Guangzhou Zhichuang Trading Co., Ltd."
,B0D78QDHBV,4,Herramientas y Mejoras del Hogar,disponible,disponible,,,2025-10-17T22:04:58.683Z,2025-10-20T02:38:23.039Z,2025-10-28T03:22:43.643Z,865.79,33.99,"$1,161.46","DOCXCDO - Plantilla de hardware para gabinete, mango de gabinete de aluminio para asas, pomos de tirador, plantilla de gabinete con punzón central automático, plantilla de hardware para puerta cajón",https://www.amazon.com.mx/dp/B0D78QDHBV,https://www.amazon.com/dp/B0D78QDHBV,Amazon Estados Unidos,DONLAI
,B0D5YXBN1T,4,Herramientas y Mejoras del Hogar,disponible,no disponible,,,2025-10-17T22:04:58.683Z,2025-10-20T02:38:30.507Z,2025-10-28T03:22:52.396Z,1152.77,,"$1,161.94","Hoja de revestimiento y piso laminado de repuesto de 13 pulgadas, compatible con Norske Tools NMAP002, color plateado",https://www.amazon.com.mx/dp/B0D5YXBN1T,https://www.amazon.com/dp/B0D5YXBN1T,SRKSB LLC,
,B0CNLWB3HG,4,Herramientas y Mejoras del Hogar,disponible,no disponible,,,2025-10-17T22:04:58.684Z,2025-10-20T02:38:38.300Z,2025-10-28T03:23:00.753Z,1937.58,,"$2,072.13",KOOMICY - Paquete de 2 baterías de 18 V 6.0 Ah de repuesto para batería Milwaukee M-18 y 1 cargador,https://www.amazon.com.mx/dp/B0CNLWB3HG,https://www.amazon.com/dp/B0CNLWB3HG,CATTLESIV,
,B0D8H5FJRT,4,Herramientas y Mejoras del Hogar,disponible,no disponible,,,2025-10-17T22:04:58.684Z,2025-10-20T02:38:46.233Z,2025-10-28T03:23:08.119Z,682.3,,$701.44,"Escáner de pared 5 en 1, detector electrónico de alta estabilidad de precisión mejorada para pernos de metal de madera, sensor de pernos para centro y borde de madera, alambre de CA y tubo de vigueta",https://www.amazon.com.mx/dp/B0D8H5FJRT,https://www.amazon.com/dp/B0D8H5FJRT,SRKSB LLC,
,B0DK8D87PD,4,Herramientas y Mejoras del Hogar,disponible,disponible,,,2025-10-17T22:04:58.684Z,2025-10-20T02:38:54.866Z,2025-10-28T03:23:16.774Z,992.65,16.99,$908.49,"Guía de taladro manual guía de taladro portátil, 17 tamaños de agujeros SAE de 1/8 pulgadas a 3/8 pulgadas, duradero y resistente al óxido, adecuado para madera, plástico y metal",https://www.amazon.com.mx/dp/B0DK8D87PD,https://www.amazon.com/dp/B0DK8D87PD,SRKSB LLC,WolfK9
,B0CYWT8YR9,4,Herramientas y Mejoras del Hogar,disponible,no disponible,,,2025-10-17T22:04:58.684Z,2025-10-20T02:39:02.505Z,2025-10-28T03:23:25.627Z,517.11,,$520.59,"BITCUT - Juego de 2 brocas de ranurado para lengüeta y ranura de 1/4 pulgadas, 3 dientes, ajustable, en forma de T, para carpintería, regalo ideal para papá, regalo para el día del padre",https://www.amazon.com.mx/dp/B0CYWT8YR9,https://www.amazon.com/dp/B0CYWT8YR9,SRKSB LLC,
,B08ZY1TK5H,4,Herramientas y Mejoras del Hogar,disponible,disponible,,,2025-10-17T22:05:13.001Z,2025-10-20T02:39:10.159Z,2025-10-28T03:23:34.209Z,709.08,18.97,$742.08,"AIRTOON Divisor de aire recto de 4 vías, divisor de compresor de aire tipo línea con 4 acopladores y enchufe MNPT de 1/4 pulgadas, accesorios de aire NPT de 1/4 pulgadas",https://www.amazon.com.mx/dp/B08ZY1TK5H,https://www.amazon.com/dp/B08ZY1TK5H,SHERIFF EXPRESS,AIRTOON
,B0C4TBCGCK,4,Herramientas y Mejoras del Hogar,disponible,no disponible,,,2025-10-17T22:05:13.001Z,2025-10-20T02:39:18.562Z,2025-10-28T03:23:42.601Z,503.93,,$503.93,"Clolasa MCC 1A Cargador compatible con Olight Arkfeld UV/Ultra/Pro, Baldr Pro R, Warrior X, Seeker 2/2 Pro, Obulb, Perun Mini/2 Mini, Valkyrie PL-Pro, macana 3 S1R S2R II",https://www.amazon.com.mx/dp/B0C4TBCGCK,https://www.amazon.com/dp/B0C4TBCGCK,SRKSB LLC,
,B0D2WBMP8S,4,Herramientas y Mejoras del Hogar,disponible,disponible,,,2025-10-17T22:05:13.002Z,2025-10-20T02:39:27.432Z,2025-10-28T03:23:50.990Z,798.98,29.99,"$1,111.02","TOBUMO - Juego de 2 herramientas de alineación de ruedas resistentes – Las placas de herramientas de alineación de punta negra contienen 2 cintas métricas, diseño de agujero para colgar, medidas",https://www.amazon.com.mx/dp/B0D2WBMP8S,https://www.amazon.com/dp/B0D2WBMP8S,Amazon Estados Unidos,Onesnt US
,B0D2L5BGFJ,4,Herramientas y Mejoras del Hogar,disponible,disponible,,,2025-10-17T22:05:13.002Z,2025-10-20T02:39:34.992Z,2025-10-28T03:23:59.566Z,432.99,13.99,$601.98,"Vouyar - Juego de 6 cepillos de limpieza de tubos de cobre para accesorios, 1/2"" 3/4"" 1"" 1"" juego de cepillos de limpieza de tubos de acero inoxidable para taladro eléctrico, vástago hexagonal de 1/4""",https://www.amazon.com.mx/dp/B0D2L5BGFJ,https://www.amazon.com/dp/B0D2L5BGFJ,Amazon Estados Unidos,XPECIAL-Kimall
,B0CWTM4YD3,4,Herramientas y Mejoras del Hogar,disponible,no disponible,,,2025-10-17T22:05:13.002Z,2025-10-20T02:39:50.418Z,2025-10-28T03:24:14.251Z,756.66,,$756.66,"NUTTUTO - Paquete de 3 hojas de sierra circular de 7-1/4 pulgadas, 24T y 40T y 60T, eje de hoja de sierra tamaño 5/8 pulgadas, TCT ATB para cortar madera, plástico, PVC, acrílico, de NUTTUTO",https://www.amazon.com.mx/dp/B0CWTM4YD3,https://www.amazon.com/dp/B0CWTM4YD3,SRKSB LLC,
,B0D1V3GHVP,4,Herramientas y Mejoras del Hogar,disponible,no disponible,,,2025-10-17T22:05:13.002Z,2025-10-20T02:39:59.142Z,2025-10-28T03:24:22.822Z,697.77,,$717.80,"Allmake - Cortador de tubos de PVC, con carraca de 2 1/2 pulgadas con cuchilla de repuesto, herramientas de fontanería resistentes para cortar plástico PVC CPVC PP PEX PPR PE tubo de escape",https://www.amazon.com.mx/dp/B0D1V3GHVP,https://www.amazon.com/dp/B0D1V3GHVP,CATTLESIV,
,B0CY899V9V,4,Herramientas y Mejoras del Hogar,disponible,no disponible,,,2025-10-17T22:05:13.002Z,2025-10-20T02:40:06.563Z,2025-10-28T03:24:29.558Z,496.05,,$498.57,"Abrazaderas de barra de 4 pulgadas para carpintería, 5 abrazaderas de agarre rápido, abrazaderas de trabajo de madera con una sola mano, mini abrazaderas de carpintería de barra pequeña para pegar",https://www.amazon.com.mx/dp/B0CY899V9V,https://www.amazon.com/dp/B0CY899V9V,SRKSB LLC,
,B0D5WB8WM7,4,Herramientas y Mejoras del Hogar,disponible,no disponible,,,2025-10-17T22:05:13.002Z,2025-10-20T02:40:14.900Z,2025-10-28T03:24:36.712Z,658.47,,$602.65,"1 juego de recortadora de bordes para carpintería con 1 cuchilla rascadora, recortadora de bandas de bordes, cepilladora de madera, cepilladora de esquinas de bordes, banda de bordes cepilladora de",https://www.amazon.com.mx/dp/B0D5WB8WM7,https://www.amazon.com/dp/B0D5WB8WM7,SRKSB LLC,
,B09ZF5LXH7,4,Herramientas y Mejoras del Hogar,disponible,disponible,,,2025-10-17T22:05:13.002Z,2025-10-20T02:40:22.909Z,2025-10-28T03:24:45.558Z,605.14,26.99,$939.16,"Herramientas de jardinería, 8 piezas de herramientas de jardín florales resistentes para regalos de cumpleaños para mujeres, kit de jardinería WANCHI rosa rojo (bolsa de herramientas de jardín,",https://www.amazon.com.mx/dp/B09ZF5LXH7,https://www.amazon.com/dp/B09ZF5LXH7,Amazon Estados Unidos,WANCHI
,B07RYTXGGD,4,Herramientas y Mejoras del Hogar,disponible,no disponible,,,2025-10-17T22:05:13.002Z,2025-10-20T02:40:30.867Z,2025-10-28T03:24:53.027Z,926.68,,$926.68,"Elemental Tools - Juego de 9 herramientas para tallar madera, cuchillo para tallar ganchos, cuchillo para tallar madera, detalle para cuchara, tazón, taza Kuksa o carpintería general, guantes",https://www.amazon.com.mx/dp/B07RYTXGGD,https://www.amazon.com/dp/B07RYTXGGD,SRKSB LLC,
,B09QM7PFBF,4,Herramientas y Mejoras del Hogar,disponible,disponible,,,2025-10-17T22:05:13.002Z,2025-10-20T02:40:38.593Z,2025-10-28T03:25:00.518Z,490.35,11.99,$490.35,"KEZKALS - Calcetines para hombre para adolescentes y adultos, bolígrafos multiherramienta 9 en 1 para hombres, rellenos de calcetines para hombres, regalos de Navidad de elefante blanco para adultos",https://www.amazon.com.mx/dp/B09QM7PFBF,https://www.amazon.com/dp/B09QM7PFBF,SRKSB LLC,DFRER-US
,B0CBGY3NZJ,4,Herramientas y Mejoras del Hogar,disponible,disponible,,,2025-10-17T22:05:13.002Z,2025-10-20T02:40:47.299Z,2025-10-28T03:25:08.552Z,1006.41,28.99,"$1,011.82","495377 491952 - Hoja de sierra para riel festool de 160 mm, 2.2 mm, 20 mm, 48T, ATB apta para festool TS 55, TSC 55, ATF 55 E, HK 55, HKC 55, Sierra de riel HKC 55 sierras de corte de inmersión",https://www.amazon.com.mx/dp/B0CBGY3NZJ,https://www.amazon.com/dp/B0CBGY3NZJ,Boon Shopping,zangea
,B0CQXMZ75V,4,Herramientas y Mejoras del Hogar,disponible,disponible,,,2025-10-17T22:05:13.003Z,2025-10-20T02:40:54.179Z,2025-10-28T03:25:16.657Z,1217.35,35,"$1,217.35","MiraclAuto - Inflador de neumáticos portátil, bomba de aire eléctrica para neumáticos de coche con medidor de presión digital, inflado 2 veces más rápido 150 PSI con luz LED de emergencia, bomba de",https://www.amazon.com.mx/dp/B0CQXMZ75V,https://www.amazon.com/dp/B0CQXMZ75V,SRKSB LLC,miraclemart
,B0D424SR8Z,4,Herramientas y Mejoras del Hogar,disponible,disponible,,,2025-10-17T22:05:13.003Z,2025-10-20T02:41:01.544Z,2025-10-28T03:25:23.420Z,180,5.98,$404.67,"Adaptador de broca de 1/4 a 4 mm, adaptador de broca hexagonal magnético, 6.35 mm exterior al sistema de 4 mm interior de micro broca de extensión de vástago para puntas de precisión juego de",https://www.amazon.com.mx/dp/B0D424SR8Z,https://www.amazon.com/dp/B0D424SR8Z,jinbihuihuangmianli,YYKJ Family
,B0D3QDTPDQ,4,Herramientas y Mejoras del Hogar,disponible,disponible,,,2025-10-17T22:05:13.003Z,2025-10-20T02:41:10.035Z,2025-10-28T03:25:31.217Z,454.13,7.69,$497.33,"Tellingyou - Cambiador de foco para techos altos y luces empotradas, herramienta de extracción de alto alcance, se adapta a otros postes de extensión roscados estándar (poste no incluido), verde",https://www.amazon.com.mx/dp/B0D3QDTPDQ,https://www.amazon.com/dp/B0D3QDTPDQ,SRKSB LLC,Kuananzee
,B0CMXFHN2W,4,Herramientas y Mejoras del Hogar,disponible,disponible,,,2025-10-17T22:05:24.041Z,2025-10-20T02:41:18.150Z,2025-10-28T03:25:39.589Z,897.51,22.6,"$1,013.65","Neitra - Regla de carpintería, 3 piezas (6/8/12 pulgadas), regla de bolsillo de metal con un tope deslizante de 45° y 30° para medir precisión, regla de aluminio para marcar pulgadas y reglas métricas tipo T cuadradas",https://www.amazon.com.mx/dp/B0CMXFHN2W,https://www.amazon.com/dp/B0CMXFHN2W,REYNA STORE,Neitra
,B0CLS5V1J9,4,Herramientas y Mejoras del Hogar,disponible,disponible,,,2025-10-17T22:05:24.041Z,2025-10-20T02:41:26.309Z,2025-10-28T03:25:47.436Z,640.11,15.29,$780.33,"DecoHongDi - Abrazaderas de escape de 2.5 pulgadas, 2 paquetes, abrazadera de banda de unión de 2 1/2 pulgadas, acero inoxidable 304 para reparación de tubos de silenciador, convertidores catalíticos",https://www.amazon.com.mx/dp/B0CLS5V1J9,https://www.amazon.com/dp/B0CLS5V1J9,Amazon Estados Unidos,Decohongdi
,B0CK1HQJ5Z,4,Herramientas y Mejoras del Hogar,disponible,disponible,,,2025-10-17T22:05:24.042Z,2025-10-20T02:41:33.564Z,2025-10-28T03:25:56.105Z,626.71,8.99,$630.94,"VG40107 2-1/2"" 120 Uñas de hardware",https://www.amazon.com.mx/dp/B0CK1HQJ5Z,https://www.amazon.com/dp/B0CK1HQJ5Z,SRKSB LLC,Valued Global BUY
,B08V4XB5NW,4,Herramientas y Mejoras del Hogar,disponible,no disponible,,,2025-10-17T22:05:24.042Z,2025-10-20T02:41:40.018Z,2025-10-28T03:26:03.500Z,699,,"$1,123.63","AKYPACH - Router de madera, herramienta de enrutador de madera, recortadora de mano, eléctrica, fresadora laminada, grabado, máquina de mano, herramienta de carpintería eléctrica para ranurar,",https://www.amazon.com.mx/dp/B08V4XB5NW,https://www.amazon.com/dp/B08V4XB5NW,Grupo FERRETERO,
,B07M8YRQFS,4,Herramientas y Mejoras del Hogar,disponible,no disponible,,,2025-10-17T22:05:24.042Z,2025-10-20T02:41:48.169Z,2025-10-28T03:26:11.558Z,1335.79,,"$1,335.79","Franklin Sensors ProSensor T11 - Buscador de pernos con 11 sensores, detector de pernos de madera y metal/escáner de pared para paneles de yeso, fabricado en los Estados Unidos",https://www.amazon.com.mx/dp/B07M8YRQFS,https://www.amazon.com/dp/B07M8YRQFS,SRKSB LLC,
,B0BX6NTSCQ,4,Herramientas y Mejoras del Hogar,disponible,disponible,,,2025-10-17T22:05:24.042Z,2025-10-20T02:41:55.547Z,2025-10-28T03:26:19.258Z,1080.44,20.99,$988.85,"LuckyGuard 100 discos de lija PSA de oro de 6 pulgadas de grano 180 autoadhesivos, papel de lija calcomanía de óxido de aluminio, papel de lija abrasivo para carpintería, madera, metal, rollo de disco",https://www.amazon.com.mx/dp/B0BX6NTSCQ,https://www.amazon.com/dp/B0BX6NTSCQ,SRKSB LLC,canyao2020
,B07BZC849V,4,Herramientas y Mejoras del Hogar,disponible,disponible,,,2025-10-17T22:05:24.042Z,2025-10-20T02:42:03.939Z,2025-10-28T03:26:26.824Z,752.81,18.47,$774.69,"Pinzas tácticas para el cabello, paquete de 4 unidades, color negro, pasadores multiherramienta, grabado láser, chapado al aspiradora, llavero multifuncional multiherramienta, cortador de caja, borde",https://www.amazon.com.mx/dp/B07BZC849V,https://www.amazon.com/dp/B07BZC849V,SRKSB LLC,TactiCouture
,B0BTN8J7KZ,4,Herramientas y Mejoras del Hogar,disponible,disponible,,,2025-10-17T22:05:24.042Z,2025-10-20T02:42:13.242Z,2025-10-28T03:26:34.730Z,1338.01,29.99,"$1,249.47","AMZKONIG - Juego de 20 almohadillas para orejas de pulido de diamante de 4 pulgadas con almohadilla de respaldo de 5/8 a 11, 18 almohadillas para orejas de pulido en húmedo y seco para pulidor de",https://www.amazon.com.mx/dp/B0BTN8J7KZ,https://www.amazon.com/dp/B0BTN8J7KZ,SRKSB LLC,AMZKONIG
,B085ZTXP1R,4,Herramientas y Mejoras del Hogar,disponible,disponible,,,2025-10-17T22:05:24.042Z,2025-10-20T02:42:20.704Z,2025-10-28T03:26:42.133Z,886.09,19.79,$884.71,"VIRIDI - Medidor de contorno con cerradura, 2 unidades de 5 y 10 pulgadas de ancho de perfil regla de medición de contorno, herramienta de duplicador de contorno para copias formas de esquinas irregulares y extrañas – Plantilla instantánea para bricolaje de madera",https://www.amazon.com.mx/dp/B085ZTXP1R,https://www.amazon.com/dp/B085ZTXP1R,Boon Shopping,VINCIO
,B0BHX1HP16,4,Herramientas y Mejoras del Hogar,disponible,disponible,,,2025-10-17T22:05:24.042Z,2025-10-20T02:42:36.794Z,2025-10-28T03:26:56.411Z,593.71,22.98,$823.58,"BTBLBITS - Broca de chaflán biselado de diamante, 0.0-2 pulgadas (50 mm) para extender los agujeros para recortar en azulejos, granito, mármol, porcelana, cerámica, con rosca de 5/8 a 11 para",https://www.amazon.com.mx/dp/B0BHX1HP16,https://www.amazon.com/dp/B0BHX1HP16,Amazon Estados Unidos,BTBLBITS
,B07TTJ2T3W,4,Herramientas y Mejoras del Hogar,disponible,disponible,,,2025-10-17T22:05:24.042Z,2025-10-20T02:42:44.898Z,2025-10-28T03:27:03.875Z,1434.24,61.99,"$1,850.77","CELL9102 Batería y cargador Combo de 18 V para Ryobi Herramientas inalámbricas de 18 V Batería y cargador P118B, capacidad de batería de 18 V Salida de 5.0 Ah",https://www.amazon.com.mx/dp/B07TTJ2T3W,https://www.amazon.com/dp/B07TTJ2T3W,Amazon Estados Unidos,aobuli
,B08TW83J1F,4,Herramientas y Mejoras del Hogar,disponible,no disponible,,,2025-10-17T22:05:24.042Z,2025-10-20T02:42:53.149Z,2025-10-28T03:27:12.320Z,1047.88,,"$1,047.88","5-1/4 Inch HSS BI-Metal Hole Saw Cutter with 1 Mandrel ,2 Drill Bit,Extra 1Inch Hole Saw for Wood, PVC, Drywall, Metal, Stainless Steel",https://www.amazon.com.mx/dp/B08TW83J1F,https://www.amazon.com/dp/B08TW83J1F,SRKSB LLC,
,B0B3RJH1BL,4,Herramientas y Mejoras del Hogar,disponible,disponible,,,2025-10-17T22:05:24.043Z,2025-10-20T02:43:01.516Z,2025-10-28T03:27:20.990Z,1979.71,59.99,"$1,968.17","KEZERS - Poste de nivel láser ajustable de 3.7 m con trípode, montaje láser de 1/4 pulgadas por 20 pulgadas para niveles láser rotativos y de línea, poste láser telescópico ajustable con adaptador",https://www.amazon.com.mx/dp/B0B3RJH1BL,https://www.amazon.com/dp/B0B3RJH1BL,Novayu,YITUOUS
,B09VG8C7SK,4,Herramientas y Mejoras del Hogar,disponible,disponible,,,2025-10-17T22:05:24.043Z,2025-10-20T02:43:10.097Z,2025-10-28T03:27:30.454Z,1238.91,35.99,"$1,238.91","Huepar Tools Pistola de calor, 10 accesorios, pistola de aire caliente con visualización digital LCD, 12.5 A, protección contra sobrecarga para manualidades, PVC retráctil y pintura de pelado",https://www.amazon.com.mx/dp/B09VG8C7SK,https://www.amazon.com/dp/B09VG8C7SK,SRKSB LLC,Huepar Tools
,B09TF5CKT1,4,Herramientas y Mejoras del Hogar,disponible,no disponible,,,2025-10-17T22:05:38.219Z,2025-10-20T02:43:17.625Z,2025-10-28T03:27:37.141Z,576.4,,$580.29,"Multi-Painter's Tool - Rascador de pintura de acero inoxidable, cuchillo de cinta, 3 pulgadas, cuchillo de masilla 15 en 1, cabezal de martillo, mango de agarre suave, multiherramienta fija para madera, lechada de papel pintado",https://www.amazon.com.mx/dp/B09TF5CKT1,https://www.amazon.com/dp/B09TF5CKT1,SRKSB LLC,
,B09PVDW316,4,Herramientas y Mejoras del Hogar,disponible,no disponible,,,2025-10-17T22:05:38.219Z,2025-10-20T02:43:24.798Z,2025-10-28T03:27:45.430Z,1317.81,,"$1,317.81","AKNgoes - Regla cuadrada para carpintería de 12 pulgadas con labios de apoyo pensativo, regla de arquitecto para trabajo de carpintero, diseño y herramientas de medición..",https://www.amazon.com.mx/dp/B09PVDW316,https://www.amazon.com/dp/B09PVDW316,SRKSB LLC,
,B09NJN3Q9K,4,Herramientas y Mejoras del Hogar,disponible,disponible,,,2025-10-17T22:05:38.219Z,2025-10-20T02:43:33.125Z,2025-10-28T03:27:53.915Z,688.55,21.49,$786.68,"Dbgogo - Regulador de mini barrilete de presión estable de 0 a 60 PSI, sin fugas, portátil, Cornelius, cerveza, cursi, al aire última intervensión, picnic, fiesta, carbonatación, CO2, bloqueo de bola",https://www.amazon.com.mx/dp/B09NJN3Q9K,https://www.amazon.com/dp/B09NJN3Q9K,Amazon Estados Unidos,Dongbeer
,B09MK54L9V,4,Herramientas y Mejoras del Hogar,disponible,disponible,,,2025-10-17T22:05:38.219Z,2025-10-20T02:43:40.709Z,2025-10-28T03:28:02.470Z,1189.28,31.22,"$1,189.28","Neitra - Bloques de configuración para carpintería, juego de 15 bloques de calibre de altura de aluminio, herramientas de medición de carpintería, barras de configuración de precisión para enrutador y",https://www.amazon.com.mx/dp/B09MK54L9V,https://www.amazon.com/dp/B09MK54L9V,SRKSB LLC,Neitra
,B09J3P6RDQ,4,Herramientas y Mejoras del Hogar,disponible,no disponible,,,2025-10-17T22:05:38.219Z,2025-10-20T02:43:49.179Z,2025-10-28T03:28:10.665Z,705.33,,$710.09,"Solike - Plantilla de aleación de aluminio para gabinete, herramienta de plantilla de mango de gabinete para una instalación rápida y precisa de manijas de puerta y pomos frontales de cajones",https://www.amazon.com.mx/dp/B09J3P6RDQ,https://www.amazon.com/dp/B09J3P6RDQ,SRKSB LLC,
,B09FN2N4ZX,4,Herramientas y Mejoras del Hogar,disponible,disponible,,,2025-10-17T22:05:38.219Z,2025-10-20T02:43:58.133Z,2025-10-28T03:28:19.182Z,528.76,18.99,$725.27,"KAYBOBEZK - Afilador de electrodos de tungsteno - Herramienta de cabeza de amoladora de tungsteno de soldadura TIG de aluminio universal, con ranura afilador de tungsteno, desplazamiento multiángulo",https://www.amazon.com.mx/dp/B09FN2N4ZX,https://www.amazon.com/dp/B09FN2N4ZX,Amazon Estados Unidos,KAYBOBE24
,B09DZ2S9ZQ,4,Herramientas y Mejoras del Hogar,disponible,disponible,,,2025-10-17T22:05:38.219Z,2025-10-20T02:44:06.239Z,2025-10-28T03:28:26.589Z,1170.05,25.49,"$1,209.33","Juego de piedra de afilar cuchillos, doble grava 400/1000 3000/8000 piedra de agua, base de bambú antideslizante, guía de ángulo, piedra de aplanamiento, guantes resistentes a cortes y más",https://www.amazon.com.mx/dp/B09DZ2S9ZQ,https://www.amazon.com/dp/B09DZ2S9ZQ,Amazon Estados Unidos,YeopAsda
,B0923X275C,4,Herramientas y Mejoras del Hogar,disponible,no disponible,,,2025-10-17T22:05:38.219Z,2025-10-20T02:44:15.341Z,2025-10-28T03:28:35.157Z,949.98,,$956.40,MKC HS1-102 juego de sierra de corona,https://www.amazon.com.mx/dp/B0923X275C,https://www.amazon.com/dp/B0923X275C,SRKSB LLC,
,B08YJW5CRH,4,Herramientas y Mejoras del Hogar,disponible,no disponible,,,2025-10-17T22:05:38.219Z,2025-10-20T02:44:22.025Z,2025-10-28T03:28:44.148Z,1236.43,,"$1,236.43","Cortador de sierra de agujero HSS BI-Metal de 8 pulgadas con mandril, broca para madera, PVC, yeso, aluminio, metal, acero inoxidable",https://www.amazon.com.mx/dp/B08YJW5CRH,https://www.amazon.com/dp/B08YJW5CRH,SRKSB LLC,
,B08TW6PBC1,4,Herramientas y Mejoras del Hogar,disponible,no disponible,,,2025-10-17T22:05:38.219Z,2025-10-20T02:44:28.884Z,2025-10-28T03:28:52.910Z,1016.9,,"$1,016.90","6-3/8 Inch HSS BI-Metal Hole Saw Cutter with 1 Mandrel ,2 Drill Bit for Wood, PVC, Drywall, Metal, Stainless Steel",https://www.amazon.com.mx/dp/B08TW6PBC1,https://www.amazon.com/dp/B08TW6PBC1,SRKSB LLC,
,B0B7WM96VV,4,Herramientas y Mejoras del Hogar,disponible,disponible,,,2025-10-17T22:05:38.220Z,2025-10-20T02:44:37.219Z,2025-10-28T03:29:00.178Z,1413.51,40.93,"$1,356.20","Vearter - Juego de 10 sierras de carburo para agujeros de metal de 5/8 a 2 pulgadas con taladro piloto, sierra para metal duro, acero inoxidable, hierro, acero suave, aluminio, aleación, plástico",https://www.amazon.com.mx/dp/B0B7WM96VV,https://www.amazon.com/dp/B0B7WM96VV,BROWN LEAVES LLC,Vearter Tools US Store
,B09DG8XZBB,4,Herramientas y Mejoras del Hogar,disponible,no disponible,,,2025-10-17T22:05:38.220Z,2025-10-20T02:44:46.901Z,2025-10-28T03:29:07.991Z,1626.31,,"$1,764.32",CHAUNVEN - Batería de repuesto para batería Makita de 18 V compatible con baterías BL1860B BL1850B BL1840B BL1830B BL1815B de 18 voltios,https://www.amazon.com.mx/dp/B09DG8XZBB,https://www.amazon.com/dp/B09DG8XZBB,STAWAMUS LLC,
,B0B56MBQYL,4,Herramientas y Mejoras del Hogar,disponible,no disponible,,,2025-10-17T22:05:38.220Z,2025-10-20T02:44:55.752Z,2025-10-28T03:29:16.299Z,645.11,,$645.11,"Multiherramienta 26 en 1, multiherramientas profesionales de acero inoxidable, alicates multiherramienta, cuchillo de bolsillo con funda de destornillador resistente, puntas reemplazables,",https://www.amazon.com.mx/dp/B0B56MBQYL,https://www.amazon.com/dp/B0B56MBQYL,SRKSB LLC,
,B09QM6GZ4R,4,Herramientas y Mejoras del Hogar,disponible,disponible,,,2025-10-17T22:05:38.220Z,2025-10-20T02:45:04.305Z,2025-10-28T03:29:24.410Z,491.24,11.99,$491.24,"KEZKALS - Relleno de medias para hombres y adultos, regalo de bolígrafo multiherramienta 9 en 1 para hombres, regalos de elefante blanco para adultos, regalos de hombre para papá, él, marido, regalos",https://www.amazon.com.mx/dp/B09QM6GZ4R,https://www.amazon.com/dp/B09QM6GZ4R,SRKSB LLC,DFRER-US
,B09T3BH9V7,4,Herramientas y Mejoras del Hogar,disponible,disponible,,,2025-10-17T22:05:38.220Z,2025-10-20T02:45:11.371Z,2025-10-28T03:29:32.934Z,609.93,11.99,$615.12,"Regalos para el día del padre de hija, juego de bolígrafos multiherramienta 9 en 1, accesorios geniales para hombres, regalos de herramientas para marido, papá, abuelo, novio, regalos para papá, regalos únicos para hombres",https://www.amazon.com.mx/dp/B09T3BH9V7,https://www.amazon.com/dp/B09T3BH9V7,SRKSB LLC,XINYIKEJIZJ
,B094QZJL2D,4,Herramientas y Mejoras del Hogar,disponible,disponible,,,2025-10-17T22:05:49.182Z,2025-10-20T02:45:26.224Z,2025-10-28T03:29:48.224Z,877.26,21.99,"$1,185.74","Juego de brocas hexagonales magnéticas SAE y métricas, AKM SAE y métricas Juego de 16 piezas para brocas de impacto, destornillador hexagonal con vástago hexagonal de 1/4 pulgadas de cambio rápido",https://www.amazon.com.mx/dp/B094QZJL2D,https://www.amazon.com/dp/B094QZJL2D,AMO LA PELLE,BeFriends
,B0923VDFHY,4,Herramientas y Mejoras del Hogar,disponible,no disponible,,,2025-10-17T22:05:49.182Z,2025-10-20T02:45:34.867Z,2025-10-28T03:29:58.173Z,906.88,,$925.16,"MKC - Cortador de sierra perforadora (140 mm, acero inoxidable, acero inoxidable, HSS, 14 mm)",https://www.amazon.com.mx/dp/B0923VDFHY,https://www.amazon.com/dp/B0923VDFHY,SRKSB LLC,
,B08SQC2K9H,4,Herramientas y Mejoras del Hogar,disponible,no disponible,,,2025-10-17T22:05:49.182Z,2025-10-20T02:45:43.476Z,2025-10-28T03:30:06.105Z,1456.66,,"$1,333.18","Lubein - Juego de 3 brocas para router (vástago de 1/4 pulgada), diseño redondo sobre panel elevado para puerta de gabinete, riel y estilo, cortador de madera para carpintería, herramienta de fresado de lengua de carburo de madera (1/4 individual)",https://www.amazon.com.mx/dp/B08SQC2K9H,https://www.amazon.com/dp/B08SQC2K9H,SRKSB LLC,
,B0983CL13X,4,Herramientas y Mejoras del Hogar,disponible,disponible,,,2025-10-17T22:05:49.182Z,2025-10-20T02:45:50.103Z,2025-10-28T03:30:14.055Z,587.59,21.39,$749.79,"Inseknm - Cortadora de bordes con cuchillas de carburo de tungsteno, cepilladora manual versátil para rebabas, cortador manual de bandas de borde para ABS, PVC, chapa y melamina, color rojo",https://www.amazon.com.mx/dp/B0983CL13X,https://www.amazon.com/dp/B0983CL13X,Amazon Estados Unidos,Insekmm
,B07WNDQVH2,4,Herramientas y Mejoras del Hogar,disponible,no disponible,,,2025-10-17T22:05:49.182Z,2025-10-20T02:45:58.362Z,2025-10-28T03:30:22.370Z,870.49,,$870.49,"HOKURU Hori Hori - Cuchillo para paisajismo, excavación, deshierbe, corte, herramienta de jardinería con funda de piel, hoja de acero inoxidable y piedra afiladora",https://www.amazon.com.mx/dp/B07WNDQVH2,https://www.amazon.com/dp/B07WNDQVH2,SRKSB LLC,
,B07G9XJTG1,4,Herramientas y Mejoras del Hogar,disponible,no disponible,,,2025-10-17T22:05:49.183Z,2025-10-20T02:46:06.511Z,2025-10-28T03:30:30.250Z,1145.36,,"$1,190.02",Afilador de cuchillos con 3 piedra de afilar de rotación de 360 grados ángulo fijo – fácil,https://www.amazon.com.mx/dp/B07G9XJTG1,https://www.amazon.com/dp/B07G9XJTG1,SRKSB LLC,
,B083SRTYZC,4,Herramientas y Mejoras del Hogar,disponible,no disponible,,,2025-10-17T22:05:49.183Z,2025-10-20T02:46:14.359Z,2025-10-28T03:30:38.313Z,893.02,,$899.06,"Accesorios de camping multiherramienta, mango de madera, martillo de hacha, rellenos de calcetines para hombres, regalos de chico, regalos de Navidad geniales y únicos para novio, marido, abuelo para senderismo, caza, bricolaje",https://www.amazon.com.mx/dp/B083SRTYZC,https://www.amazon.com/dp/B083SRTYZC,SRKSB LLC,
,B01JI9YPPY,4,Herramientas y Mejoras del Hogar,disponible,disponible,,,2025-10-17T22:05:49.183Z,2025-10-20T02:46:21.308Z,2025-10-28T03:30:47.120Z,1105.44,54.99,"$1,629.64","Naniwa NK-2091 - Sacapuntas profesionales Kagayaki #12000 con estuche de almacenamiento, 210 x 70 x 10 mm",https://www.amazon.com.mx/dp/B01JI9YPPY,https://www.amazon.com/dp/B01JI9YPPY,Amazon Estados Unidos,【Duties Included】Fun Fun Hobby Japan!
,B0DBQ437HF,4,Herramientas y Mejoras del Hogar,disponible,disponible,,,2025-10-17T22:05:49.183Z,2025-10-20T02:46:28.597Z,2025-10-28T03:30:55.277Z,793.3,14.99,$793.30,"Firewess - Manta de soldadura ignífuga, perfecta para parrillas, reparación automática, reparaciones de soldadura, soplado de vidrio (12 x 12-2 unidades)",https://www.amazon.com.mx/dp/B0DBQ437HF,https://www.amazon.com/dp/B0DBQ437HF,SRKSB LLC,Yehe Technology
,B0DBM3QSMB,4,Herramientas y Mejoras del Hogar,disponible,disponible,,,2025-10-17T22:05:49.183Z,2025-10-20T02:46:35.793Z,2025-10-28T03:31:04.104Z,3323.59,99.97,"$3,322.21","RH15A - Taladro de martillo giratorio SDS-Plus de 1-9/16 pulgadas, martillo giratorio resistente de 12.5 amperios con 4 funciones, embrague de seguridad, control de vibración, martillo de demolición",https://www.amazon.com.mx/dp/B0DBM3QSMB,https://www.amazon.com/dp/B0DBM3QSMB,ProductosTX ⭐ ⭐ ⭐ ⭐ ⭐,MilkyWay Galaxy
,B07X8XP1BC,4,Herramientas y Mejoras del Hogar,disponible,disponible,,,2025-10-17T22:05:49.183Z,2025-10-20T02:46:44.222Z,2025-10-28T03:31:11.690Z,1487,56.99,"$1,776.28","QZATTCAEN - Juego de 7 ruedas pulidoras para vías respiratorias (2 blancas, 2 naranjas, 2 azules, 1 rastrillo) 8 pulgadas de diámetro 5/8 pulgadas de diámetro 16 capas para amoladora angular",https://www.amazon.com.mx/dp/B07X8XP1BC,https://www.amazon.com/dp/B07X8XP1BC,Amazon Estados Unidos,FANXIANG
,B07SQFVJKY,4,Herramientas y Mejoras del Hogar,disponible,no disponible,,,2025-10-17T22:05:49.183Z,2025-10-20T02:46:52.481Z,2025-10-28T03:31:19.893Z,757.65,,$762.77,Malco MSHXLC 6-inch Reversible and Cleanable 1/4-inch and 5/16-inch Magnetic Hex Driver (1-pack),https://www.amazon.com.mx/dp/B07SQFVJKY,https://www.amazon.com/dp/B07SQFVJKY,SRKSB LLC,
,B07HQVGYZW,4,Herramientas y Mejoras del Hogar,disponible,disponible,,,2025-10-17T22:05:49.183Z,2025-10-20T02:47:00.449Z,2025-10-28T03:31:27.389Z,528.76,16.99,$676.00,"End Mill Sets, Tungsten Steel CNC Router Burrs End Milling Engraving Bits Drilling Hole Tool for PCB Circuit Board, Plastic, Fiber, Wood, Copper 0.5~3.175mm Set of 12",https://www.amazon.com.mx/dp/B07HQVGYZW,https://www.amazon.com/dp/B07HQVGYZW,Amazon Estados Unidos,Nertore
,B000FW7UBA,4,Herramientas y Mejoras del Hogar,disponible,no disponible,,,2025-10-17T22:05:49.183Z,2025-10-20T02:47:07.587Z,2025-10-28T03:31:35.215Z,383.29,,$383.29,AGS DE-2 - Barra de lubricante para puerta,https://www.amazon.com.mx/dp/B000FW7UBA,https://www.amazon.com/dp/B000FW7UBA,SRKSB LLC,
,B092D8CRBS,4,Herramientas y Mejoras del Hogar,disponible,no disponible,,,2025-10-17T22:05:49.183Z,2025-10-20T02:47:15.533Z,2025-10-28T03:31:42.566Z,822.14,,$827.70,MKC juego de sierra perforadora HS1-114,https://www.amazon.com.mx/dp/B092D8CRBS,https://www.amazon.com/dp/B092D8CRBS,SRKSB LLC,
,B0D95N41GM,4,Herramientas y Mejoras del Hogar,disponible,disponible,,,2025-10-17T22:06:01.948Z,2025-10-20T02:47:22.006Z,2025-10-28T03:31:50.605Z,1062.57,29.99,"$1,062.57","Fivelake Juego de 5 brocas avellanadas HSS – Broca de avellanado ajustable con punta de carburo con punta de destornillador hexagonal de liberación rápida de 1/4 pulgadas, herramientas de perforación",https://www.amazon.com.mx/dp/B0D95N41GM,https://www.amazon.com/dp/B0D95N41GM,SRKSB LLC,FIVELAKE
,B08DFYWPYL,4,Herramientas y Mejoras del Hogar,disponible,disponible,,,2025-10-17T22:06:01.948Z,2025-10-20T02:47:30.815Z,2025-10-28T03:31:58.091Z,742.91,17.99,$746.92,"Abrazaderas de esquina para carpintería, abrazaderas de 90 grados, 4 abrazaderas de esquina, abrazadera de ángulo recto, herramientas cuadradas para carpintería, herramientas de carpintería para",https://www.amazon.com.mx/dp/B08DFYWPYL,https://www.amazon.com/dp/B08DFYWPYL,SRKSB LLC,Unvary
,B088LT27W3,4,Herramientas y Mejoras del Hogar,disponible,disponible,,,2025-10-17T22:06:01.948Z,2025-10-20T02:47:38.213Z,2025-10-28T03:32:06.804Z,1594.85,37.75,"$1,459.65","TAIWAIN Router Bit 1/2 pulgadas vástago 3 piezas, broca para enrutador de bordes de lengüeta y ranura, panel elevado Ogee herramienta de fresado de madera, herramienta de corte CNC",https://www.amazon.com.mx/dp/B088LT27W3,https://www.amazon.com/dp/B088LT27W3,SRKSB LLC,TAIWAIN-BRAND
,B00TVIOMQA,4,Herramientas y Mejoras del Hogar,disponible,no disponible,,,2025-10-17T22:06:01.949Z,2025-10-20T02:47:45.382Z,2025-10-28T03:32:14.712Z,1190.77,,"$1,205.01","Jarabe de arce grifos (paquete de 10) Garantía de por vida - árbol con ahorro ácere grifos y pilotes Kit - grifos y 91,44 cm Azul línea de Unión tubos - Kit con diseño de arce",https://www.amazon.com.mx/dp/B00TVIOMQA,https://www.amazon.com/dp/B00TVIOMQA,SRKSB LLC,
,B00O9GM8B0,4,Herramientas y Mejoras del Hogar,disponible,no disponible,,,2025-10-17T22:06:01.949Z,2025-10-20T02:47:53.783Z,2025-10-28T03:32:23.271Z,706.87,,$721.81,Speedy Sharp Black by Speedy Sharp,https://www.amazon.com.mx/dp/B00O9GM8B0,https://www.amazon.com/dp/B00O9GM8B0,SRKSB LLC,
,B07BRNSNDB,4,Herramientas y Mejoras del Hogar,disponible,disponible,,,2025-10-17T22:06:01.949Z,2025-10-20T02:48:09.039Z,2025-10-28T03:32:38.679Z,601.28,7.99,$550.30,"GAO HOU - Alicates para manguera de coche, herramienta de extracción de tubería de agua, clip de refrigeración de combustible, para reparación de coche, reparación de coche, herramienta de extracción de tuberías de agua",https://www.amazon.com.mx/dp/B07BRNSNDB,https://www.amazon.com/dp/B07BRNSNDB,SRKSB LLC,BODYA Jewelry
,B076C29DDP,4,Herramientas y Mejoras del Hogar,disponible,no disponible,,,2025-10-17T22:06:01.949Z,2025-10-20T02:48:17.050Z,2025-10-28T03:32:46.540Z,856.5,,$871.84,"Peterson #1 Blue Flux, polvo grueso, lata de 1 libra",https://www.amazon.com.mx/dp/B076C29DDP,https://www.amazon.com/dp/B076C29DDP,SRKSB LLC,
,B074X7VB62,4,Herramientas y Mejoras del Hogar,disponible,disponible,,,2025-10-17T22:06:01.949Z,2025-10-20T02:48:25.043Z,2025-10-28T03:32:54.040Z,1525.38,43.99,"$1,524.00","Juego de afilado de cuchillos de alta calidad, juego de afilador de cuchillos profesional, de grano 400/1000 y 3000/8000, juego de afilador de cuchillos seguro, incluye piedra aplanadora, base de",https://www.amazon.com.mx/dp/B074X7VB62,https://www.amazon.com/dp/B074X7VB62,Boon Shopping,KNIFEPLANET
,B0D12X2HCX,4,Herramientas y Mejoras del Hogar,disponible,no disponible,,,2025-10-17T22:06:01.949Z,2025-10-20T02:48:32.402Z,2025-10-28T03:33:01.533Z,1010.77,,$923.31,"Mini pistola de pegamento caliente, aplicador de pegamento, pistola de fusión en caliente con 40 barras de pegamento para manualidades",https://www.amazon.com.mx/dp/B0D12X2HCX,https://www.amazon.com/dp/B0D12X2HCX,Novayu,
,B0BQLZ4XQX,4,Herramientas y Mejoras del Hogar,disponible,disponible,,,2025-10-17T22:06:01.949Z,2025-10-20T02:48:39.947Z,2025-10-28T03:33:08.356Z,1288.23,39.99,"$1,286.85","XDENGP Juego de 4 brocas de enrutador de rodamiento superior e inferior, vástago de 1/2 pulgada, diámetro de corte de 3/4 pulgadas",https://www.amazon.com.mx/dp/B0BQLZ4XQX,https://www.amazon.com/dp/B0BQLZ4XQX,SEONGSAN,XDENGP
,B0DC6B42V2,4,Herramientas y Mejoras del Hogar,disponible,no disponible,,,2025-10-17T22:06:01.949Z,2025-10-20T02:48:47.561Z,2025-10-28T03:33:16.174Z,556,,$825.37,"Pro - Abrazaderas de esquina para carpintería – Abrazaderas de ángulo recto ajustables de 60/90/120°, mango con resorte (paquete de 4) para marcos, gabinetes y proyectos de bricolaje – Regalos de",https://www.amazon.com.mx/dp/B0DC6B42V2,https://www.amazon.com/dp/B0DC6B42V2,Marca: Rovehika,
,B09955YQJQ,4,Herramientas y Mejoras del Hogar,disponible,no disponible,,,2025-10-17T22:06:01.949Z,2025-10-20T02:48:55.677Z,2025-10-28T03:33:24.659Z,363,,$421.48,"Juego de cuchillos para masilla, 4 unidades, cuchillo para raspador de metal para acabado de paneles de yeso, raspado de yeso, calcomanías y papel pintado (2, 3, 4, 5 pulgadas)",https://www.amazon.com.mx/dp/B09955YQJQ,https://www.amazon.com/dp/B09955YQJQ,完美名流1,
,B0B353FCR6,4,Herramientas y Mejoras del Hogar,disponible,disponible,,,2025-10-17T22:06:01.949Z,2025-10-20T02:49:03.195Z,2025-10-28T03:33:31.444Z,1118.84,29.99,"$1,176.46","DanDee - Paquete de 4 bolsas de manguera impermeables para almacenamiento, bolsa de utilidad, bolsa de manguera de alcantarillado para accesorios, almacena tu manguera de agua, negro, eléctrico, accesorios con nuestras bolsas de colores (2.0)",https://www.amazon.com.mx/dp/B0B353FCR6,https://www.amazon.com/dp/B0B353FCR6,SRKSB LLC,PzPro Inc.
,B08TW8HJ6B,4,Herramientas y Mejoras del Hogar,disponible,no disponible,,,2025-10-17T22:06:01.950Z,2025-10-20T02:49:10.642Z,2025-10-28T03:33:38.918Z,833.78,,$837.87,"PLG2SUPT - Sierra de metal HSS de 6 pulgadas para paneles de yeso de madera, plástico, aluminio, acero suave, hierro, metal, acero inoxidable, acero inoxidable, broca de sierra con árbol",https://www.amazon.com.mx/dp/B08TW8HJ6B,https://www.amazon.com/dp/B08TW8HJ6B,SRKSB LLC,
,B08TW6PXPQ,4,Herramientas y Mejoras del Hogar,disponible,no disponible,,,2025-10-17T22:06:01.950Z,2025-10-20T02:49:18.171Z,2025-10-28T03:33:46.348Z,768.62,,$773.82,"MKC Cortador de sierra perforadora HSS de 5 pulgadas para madera, PVC, yeso, aluminio, metal, acero inoxidable",https://www.amazon.com.mx/dp/B08TW6PXPQ,https://www.amazon.com/dp/B08TW6PXPQ,SRKSB LLC,
,B095KPLBWP,4,Herramientas y Mejoras del Hogar,disponible,disponible,,,2025-10-17T22:06:16.423Z,2025-10-20T02:49:25.864Z,2025-10-28T03:33:54.013Z,513.64,14.99,$626.73,"Juego de 2 llaves de tuerca, juego de herramientas para tuercas de ala, para broca hexagonal de acero, para agujero de tornillo, perno de gancho C, Q-Hanger (2 tamaños (11/17 mm)",https://www.amazon.com.mx/dp/B095KPLBWP,https://www.amazon.com/dp/B095KPLBWP,Amazon Estados Unidos,GEM66-US
,B0923XL9FJ,4,Herramientas y Mejoras del Hogar,disponible,no disponible,,,2025-10-17T22:06:16.423Z,2025-10-20T02:49:33.432Z,2025-10-28T03:34:02.533Z,982.44,,$989.07,"MKC - Juego de 6 sierras perforadoras HSS de acero de alta velocidad, 2 hojas de sierra, 1 mandril, 2 brocas para madera, PVC, yeso, aluminio, metal, acero inoxidable",https://www.amazon.com.mx/dp/B0923XL9FJ,https://www.amazon.com/dp/B0923XL9FJ,SRKSB LLC,
,B088QN7YXY,4,Herramientas y Mejoras del Hogar,disponible,disponible,,,2025-10-17T22:06:16.424Z,2025-10-20T02:49:40.289Z,2025-10-28T03:34:11.381Z,794.57,18.9,$799.94,"Merryland Expert-Line E11081042 - Rueda de corte de metal de 5 x 0.045 x 7/8 ultra fina, 25 unidades, disco de corte de acero de hierro, E11081042",https://www.amazon.com.mx/dp/B088QN7YXY,https://www.amazon.com/dp/B088QN7YXY,SRKSB LLC,Merryland Tools US
,B08TG5KKTS,4,Herramientas y Mejoras del Hogar,disponible,no disponible,,,2025-10-17T22:06:16.424Z,2025-10-20T02:49:47.585Z,2025-10-28T03:34:19.692Z,799.46,,$798.08,"Herramienta de recorte de 6,35 mm de Tough Brand Mecanizado CNC. Aluminio Billet. Herramienta espaciadora de madera. Herramienta de recorte de revelación. Herramienta de instalación.",https://www.amazon.com.mx/dp/B08TG5KKTS,https://www.amazon.com/dp/B08TG5KKTS,Novayu,
,B087L6MWLP,4,Herramientas y Mejoras del Hogar,disponible,disponible,,,2025-10-17T22:06:16.424Z,2025-10-20T02:49:55.240Z,2025-10-28T03:34:26.840Z,508.14,8.79,$506.76,"BQKKWIN Alicates de punta larga de 11 pulgadas de largo alcance, diseñados para mecánicos, técnicos y contratistas, trabajar con piezas delicadas o difíciles de alcanzar, mandíbulas fresadas, punta de aguja de acero",https://www.amazon.com.mx/dp/B087L6MWLP,https://www.amazon.com/dp/B087L6MWLP,Boon Shopping,BQKKWIN
,B07NPHP63Q,4,Herramientas y Mejoras del Hogar,disponible,disponible,,,2025-10-17T22:06:16.424Z,2025-10-20T02:50:02.892Z,2025-10-28T03:34:34.022Z,793.99,24,$799.36,Adaptador para taladro helado con mango de acero de 18 mm para Mora y taladros similares,https://www.amazon.com.mx/dp/B07NPHP63Q,https://www.amazon.com/dp/B07NPHP63Q,SRKSB LLC,Kvintor
,B0876PG5RQ,4,Herramientas y Mejoras del Hogar,disponible,disponible,,,2025-10-17T22:06:16.424Z,2025-10-20T02:50:10.871Z,2025-10-28T03:34:41.928Z,874.89,39.87,"$1,305.77","TAIWAIN Herramienta de reparación de cable de red para conector RJ45/RJ11/RJ12 de paso a través, alicates de crimpado de alambre profesional, cortadora modular compacta CAT6 CAT5e para bricolaje y profesión., 25*15*5CM, F-W5OR",https://www.amazon.com.mx/dp/B0876PG5RQ,https://www.amazon.com/dp/B0876PG5RQ,Amazon Estados Unidos,TAIWAIN-BRAND
,B08K8FW7J3,4,Herramientas y Mejoras del Hogar,disponible,disponible,,,2025-10-17T22:06:16.424Z,2025-10-20T02:50:19.302Z,2025-10-28T03:34:50.529Z,890.33,39.66,"$1,300.63","TAIWAIN RJ45 Crimpadora RJ12/RJ11 Juego de herramientas de red de crimpado, mantenimiento Ethernet, herramientas de perforación para reparación de cables CAT5 CAT6, kit de crimpado de enchufe coaxial (naranja)",https://www.amazon.com.mx/dp/B08K8FW7J3,https://www.amazon.com/dp/B08K8FW7J3,Amazon Estados Unidos,TAIWAIN-BRAND
,B0CP5NZGQ1,4,Herramientas y Mejoras del Hogar,disponible,no disponible,,,2025-10-17T22:06:30.091Z,2025-10-20T02:50:26.346Z,2025-10-28T03:34:58.376Z,1221.77,,"$1,239.84","Larkvue - Cadena de luces LED de 96 pies para exteriores, impermeables, con 30+2 bombillas de plástico regulables, luces Edison clásico de 2700 K, color blanco",https://www.amazon.com.mx/dp/B0CP5NZGQ1,https://www.amazon.com/dp/B0CP5NZGQ1,SRKSB LLC,
,B0C3H9R1PH,4,Herramientas y Mejoras del Hogar,disponible,disponible,,,2025-10-17T22:06:30.091Z,2025-10-20T02:50:34.069Z,2025-10-28T03:35:06.460Z,2178.82,65.54,"$2,215.50","SESIMENT Lámpara colgante industrial galvanizada en oro de 11.8 pulgadas, 2 unidades, accesorios colgantes mentales para isla de cocina, lámpara colgante de cúpula, accesorios de techo para",https://www.amazon.com.mx/dp/B0C3H9R1PH,https://www.amazon.com/dp/B0C3H9R1PH,HNEN,BMH LIGHTING
,B091DLFDL9,4,Herramientas y Mejoras del Hogar,disponible,disponible,,,2025-10-17T22:06:30.091Z,2025-10-20T02:50:50.927Z,2025-10-28T03:35:21.390Z,505.37,9.99,$508.79,"Bombillas de cultivo, foco LED Briignite A19, foco de crecimiento de espectro completo, foco de luz de planta E26, foco de crecimiento de 11 W equivalente a 100 W, luz de crecimiento para plantas de",https://www.amazon.com.mx/dp/B091DLFDL9,https://www.amazon.com/dp/B091DLFDL9,SRKSB LLC,Briignite LED
,B0BRCNT75K,4,Herramientas y Mejoras del Hogar,disponible,disponible,,,2025-10-17T22:06:30.091Z,2025-10-20T02:50:59.556Z,2025-10-28T03:35:30.965Z,1106.51,30.99,"$1,123.09","Lámpara colgante de enchufe dorado, luces colgantes con cable de enchufe, mini luces colgantes de latón para isla de cocina, lámpara moderna con visualización de metal, lámparas colgantes para",https://www.amazon.com.mx/dp/B0BRCNT75K,https://www.amazon.com/dp/B0BRCNT75K,SRKSB LLC,DIJIAHUA LIGHTING
,B0CNVVPQXW,4,Herramientas y Mejoras del Hogar,disponible,disponible,,,2025-10-17T22:06:30.091Z,2025-10-20T02:51:07.335Z,2025-10-28T03:35:40.279Z,1046.92,29.89,"$1,038.92","AHlove Freddy - Señales de neón para decoración de pared, luces LED de neón para recámara, cumpleaños, regalos de Navidad para niños, adaptador de corriente de 5 V, 12 x 13 pulgadas (blanco + naranja)",https://www.amazon.com.mx/dp/B0CNVVPQXW,https://www.amazon.com/dp/B0CNVVPQXW,SHERIFF EXPRESS,BYCUSTOMER
,B086QSKL4J,4,Herramientas y Mejoras del Hogar,disponible,no disponible,,,2025-10-17T22:06:30.091Z,2025-10-20T02:51:15.804Z,2025-10-28T03:35:47.308Z,1485.13,,"$1,503.11","Tresda - Luz de trabajo recargable COB de 100 W, luces LED inalámbricas de 7000 lm, luz de inundación portátil impermeable con soporte para acampar al aire última intervensión, senderismo, cochera,",https://www.amazon.com.mx/dp/B086QSKL4J,https://www.amazon.com/dp/B086QSKL4J,SRKSB LLC,
,B0D7BWWVC7,4,Herramientas y Mejoras del Hogar,disponible,no disponible,,,2025-10-17T22:06:30.091Z,2025-10-20T02:51:23.762Z,2025-10-28T03:35:54.184Z,2761.95,,"$2,780.59","LAMSU - Lámpara de pie de trípode bohemio para sala de estar, lámpara de pie de madera de ratán con pantallas de tela, lámpara de pie de mediados de siglo con estante, interruptor de pie, lámparas",https://www.amazon.com.mx/dp/B0D7BWWVC7,https://www.amazon.com/dp/B0D7BWWVC7,SRKSB LLC,
,B0D5DDR29L,4,Herramientas y Mejoras del Hogar,disponible,disponible,,,2025-10-17T22:06:30.091Z,2025-10-20T02:51:32.202Z,2025-10-28T03:36:02.477Z,659.24,11.69,$668.24,"libtit - Lámpara de techo de 7 pulgadas de bronce aceitado, montaje empotrado, lámpara de techo de 15 W, 3000 K/4000 K/6500 K, accesorio de iluminación de techo redondo ultrafino para recámara,",https://www.amazon.com.mx/dp/B0D5DDR29L,https://www.amazon.com/dp/B0D5DDR29L,Novayu,libtit Lighting Direct
,B0C398JW1J,4,Herramientas y Mejoras del Hogar,disponible,disponible,,,2025-10-17T22:06:30.091Z,2025-10-20T02:51:40.203Z,2025-10-28T03:36:10.197Z,1279.55,59.98,"$1,288.19","Luxster 2024 Punisher 40,000LM H7 Bombillas LED para faros, Chips TalonLED Ultra-Brillantes, 6000K Blanco Puro, Instalación Fácil Plug-N-Play, Resistente al agua IP68, Paquete de 2",https://www.amazon.com.mx/dp/B0C398JW1J,https://www.amazon.com/dp/B0C398JW1J,SRKSB LLC,Luxster Direct
,B0D145J3H9,4,Herramientas y Mejoras del Hogar,disponible,no disponible,,,2025-10-17T22:06:30.091Z,2025-10-20T02:51:48.781Z,2025-10-28T03:36:17.453Z,745.66,,$767.07,"EIUIO Luces solares para exteriores, luces solares impermeables al aire última intervensión, luces solares para exteriores con encendido y apagado automático y 3 modos de iluminación, luces al aire",https://www.amazon.com.mx/dp/B0D145J3H9,https://www.amazon.com/dp/B0D145J3H9,CATTLESIV,
,B09V366BDY,4,Herramientas y Mejoras del Hogar,disponible,disponible,,,2025-10-17T22:06:30.092Z,2025-10-20T02:51:57.152Z,2025-10-28T03:36:25.737Z,513.43,9.99,$513.43,"Ksipze Tira de luces LED de 100 pies RGB sincronización de música cambio de color, luces LED con control remoto de aplicación inteligente, luces LED para iluminación de dormitorio",https://www.amazon.com.mx/dp/B09V366BDY,https://www.amazon.com/dp/B09V366BDY,SRKSB LLC,Ksipze-US
,B0C6MT8MMB,4,Herramientas y Mejoras del Hogar,disponible,no disponible,,,2025-10-17T22:06:30.092Z,2025-10-20T02:52:06.257Z,2025-10-28T03:36:33.637Z,1901.36,,"$1,919.79","Arch - Lámparas de pie con control remoto, lámpara de pie regulable de 70 pulgadas, lámpara alta negra con visualización de metal colgante ajustable de 360°, lámparas de arco de pie con foco de 9 W,",https://www.amazon.com.mx/dp/B0C6MT8MMB,https://www.amazon.com/dp/B0C6MT8MMB,SRKSB LLC,
,B0B3XJTQ3T,4,Herramientas y Mejoras del Hogar,disponible,disponible,,,2025-10-17T22:06:30.092Z,2025-10-20T02:52:15.190Z,2025-10-28T03:36:40.956Z,944.88,26.99,$947.69,"VIODAIM - Velas solares para exteriores, resistentes al agua: pilar parpadeante sin llama, juego de 3 luces de sensor recargables de anochecer a amanecer, 3 x 4/5/6 pulgadas, color blanco",https://www.amazon.com.mx/dp/B0B3XJTQ3T,https://www.amazon.com/dp/B0B3XJTQ3T,SRKSB LLC,VIODAIM
,B0B76DPKR8,4,Herramientas y Mejoras del Hogar,disponible,disponible,,,2025-10-17T22:06:30.092Z,2025-10-20T02:52:22.708Z,2025-10-28T03:36:48.306Z,639.89,14.99,$639.89,"JOSU - Velas LED de té (24 unidades), velas sin llama, velas realistas que funcionan con pilas, velas parpadeantes brillantes con luz amarilla cálida para fiestas, bodas, día de San Valentín",https://www.amazon.com.mx/dp/B0B76DPKR8,https://www.amazon.com/dp/B0B76DPKR8,SRKSB LLC,cntorich
,B0D3PRLJGQ,4,Herramientas y Mejoras del Hogar,disponible,disponible,,,2025-10-17T22:06:30.092Z,2025-10-20T02:52:30.525Z,2025-10-28T03:36:55.602Z,1837.67,58.99,"$1,850.80","METHEDEECO - 2 pantallas colgantes de lino hechas a mano de 20 pulgadas, pantallas de tela plegables, linternas colgantes minimalistas beige y blancas para recámara, sala de estar, isla de cocina",https://www.amazon.com.mx/dp/B0D3PRLJGQ,https://www.amazon.com/dp/B0D3PRLJGQ,SRKSB LLC,METHEDEECO
,B09DGD7J39,4,Herramientas y Mejoras del Hogar,disponible,disponible,,,2025-10-17T22:06:30.092Z,2025-10-20T02:52:40.365Z,2025-10-28T03:37:04.433Z,380,259.89,"$7,935.93","AXILIXI - Lámpara de araña de vidrio contemporánea, 24 pulgadas, lámpara de techo de vidrio K9, lámpara de techo redonda de 5 niveles, color negro para entrada, comedor, escalera",https://www.amazon.com.mx/dp/B09DGD7J39,https://www.amazon.com/dp/B09DGD7J39,THOTOC,A AXILIXI Lighting
,B0B8NBFZTY,4,Herramientas y Mejoras del Hogar,disponible,no disponible,,,2025-10-17T22:06:42.735Z,2025-10-20T02:52:48.197Z,2025-10-28T03:37:12.135Z,520.64,,$518.62,"merrynights - Velas LED, velas de té, funciona a granel, paquete de 24 velas de vela de larga duración de 200 horas sin llama, luces de té realistas para Halloween, Navidad, boda, 1.5 pulgadas de",https://www.amazon.com.mx/dp/B0B8NBFZTY,https://www.amazon.com/dp/B0B8NBFZTY,SRKSB LLC,
,B08M31MZ22,4,Herramientas y Mejoras del Hogar,disponible,no disponible,,,2025-10-17T22:06:42.735Z,2025-10-20T02:52:56.441Z,2025-10-28T03:37:18.964Z,1568.38,,"$1,618.07","MWZ - Apliques de pared modernos negros para iluminación, paquete de 2 lámparas rústicas doradas, sencillez, acabado bronce, brazo oscilante, luces de pared industriales para recámara, sala de estar,",https://www.amazon.com.mx/dp/B08M31MZ22,https://www.amazon.com/dp/B08M31MZ22,SRKSB LLC,
,B093K6D3Y1,4,Herramientas y Mejoras del Hogar,disponible,disponible,,,2025-10-17T22:06:42.735Z,2025-10-20T02:53:04.411Z,2025-10-28T03:37:28.205Z,763.16,23.99,$888.67,"JOIONE - Velas sin llama con temporizador remoto, paquete de 6 velas de cera real que funcionan con pilas, llama parpadeante, luz cálida, luces LED eléctricas falsas para fiestas de Navidad, bodas,",https://www.amazon.com.mx/dp/B093K6D3Y1,https://www.amazon.com/dp/B093K6D3Y1,Amazon Estados Unidos,JOIONE Direct
,B01N6FLRLT,4,Herramientas y Mejoras del Hogar,disponible,disponible,,,2025-10-17T22:06:42.735Z,2025-10-20T02:53:12.769Z,2025-10-28T03:37:36.637Z,839.43,22.99,$941.69,"110 V clásico bombillas, 4PCS 110V 40w T300, 4 PCS 40W T300",https://www.amazon.com.mx/dp/B01N6FLRLT,https://www.amazon.com/dp/B01N6FLRLT,SRKSB LLC,Bravelights
,B07WR75TT6,4,Herramientas y Mejoras del Hogar,disponible,disponible,,,2025-10-17T22:06:42.735Z,2025-10-20T02:53:21.352Z,2025-10-28T03:37:45.040Z,527.46,14.99,$626.73,G9 LED Bulb 4W (40W Halogen Equivalent) 400 LM G9 Bi-pin Base LED Light Bulbs Warm White 3000K AC 120V 360° Beam Angle Non-dimmable for Home Lighting Under Cabinet (10 Pack),https://www.amazon.com.mx/dp/B07WR75TT6,https://www.amazon.com/dp/B07WR75TT6,Amazon Estados Unidos,Eco.Luma
,B0BVLM8W6V,4,Herramientas y Mejoras del Hogar,disponible,no disponible,,,2025-10-17T22:06:42.736Z,2025-10-20T02:53:29.338Z,2025-10-28T03:37:53.258Z,901.79,,"$1,262.10","AUGE LIGHT - Lámpara minimalista inalámbrica para escritorio, con luces LED recargables, moderna, regulable, con 3 niveles, para juegos, oficina en casa, recámara, sala, cocina, bar, restaurante",https://www.amazon.com.mx/dp/B0BVLM8W6V,https://www.amazon.com/dp/B0BVLM8W6V,Amazon Estados Unidos,
,B0D1VKCRHL,4,Herramientas y Mejoras del Hogar,disponible,no disponible,,,2025-10-17T22:06:42.736Z,2025-10-20T02:53:43.938Z,2025-10-28T03:38:07.696Z,403.21,,$405.94,"HEMONNKAM - Luz de lectura de libros, recargable con clip, cuidado de los ojos, 3 temperaturas de color y 5 niveles de brillo, uso nocturno para cama, larga duración, lectura por la noche en la cama",https://www.amazon.com.mx/dp/B0D1VKCRHL,https://www.amazon.com/dp/B0D1VKCRHL,SRKSB LLC,
,B0D6RJ6VRW,4,Herramientas y Mejoras del Hogar,disponible,disponible,,,2025-10-17T22:06:42.736Z,2025-10-20T02:53:52.085Z,2025-10-28T03:38:14.939Z,246.54,6.99,$418.36,"TobeBright - foco de lava de 25 W, base S11 E17, 25 W, 120 V, para lámpara de lava de 14.5 pulgadas, bombillas regulables E17, paquete de 2 unidades",https://www.amazon.com.mx/dp/B0D6RJ6VRW,https://www.amazon.com/dp/B0D6RJ6VRW,guangzhoushirenyuemaoyiyouxiangongsi,Tobebright
,B0CKLZRL27,4,Herramientas y Mejoras del Hogar,disponible,disponible,,,2025-10-17T22:06:42.736Z,2025-10-20T02:53:59.273Z,2025-10-28T03:38:23.872Z,1081.18,29.98,"$1,081.18","Zen Cigarette Tubes | Light | King Size | 5 Pack | 1250 Tubes | Premium Quality and Affordability - Includes LifeMods Bundle_AB, White",https://www.amazon.com.mx/dp/B0CKLZRL27,https://www.amazon.com/dp/B0CKLZRL27,SRKSB LLC,Modd3rzUnlimit3d
,B0DCZN3W69,4,Herramientas y Mejoras del Hogar,disponible,disponible,,,2025-10-17T22:06:42.736Z,2025-10-20T02:54:08.087Z,2025-10-28T03:38:31.562Z,2546.25,79.99,"$2,563.43","SAIWEYA - Juego de 2 lámparas de mesa de granja de 27.5 pulgadas, con puertos USB C+A y salida de CA, lámparas táctiles regulables de 3 vías para sala de estar, recámara, oficina, sala de estudio,",https://www.amazon.com.mx/dp/B0DCZN3W69,https://www.amazon.com/dp/B0DCZN3W69,SRKSB LLC,SAIWEYA
,B0C17W3Q9B,4,Herramientas y Mejoras del Hogar,disponible,no disponible,,,2025-10-17T22:06:42.736Z,2025-10-20T02:54:16.975Z,2025-10-28T03:38:39.052Z,754.49,,$764.50,"axolotl lamp,3.15 inch 3D K9 Crystal Ball Axolotl Night Light with Wooden Base,16 colors change,remote control,color box,Birthday Christmas axolotl Gift",https://www.amazon.com.mx/dp/B0C17W3Q9B,https://www.amazon.com/dp/B0C17W3Q9B,M&H Customer Friendly Store,
,B0C7YW96D1,4,Herramientas y Mejoras del Hogar,disponible,no disponible,,,2025-10-17T22:06:42.736Z,2025-10-20T02:54:24.291Z,2025-10-28T03:38:47.494Z,503.58,,$506.06,"UNILAMP - Bombillas LED azules equivalentes a 9 W, 60 W, foco azul E26 para exteriores, bombillas de color azul para fiestas decorativas para día festivo, día de Acción de Gracias, Navidad, Halloween, paquete de 4",https://www.amazon.com.mx/dp/B0C7YW96D1,https://www.amazon.com/dp/B0C7YW96D1,SRKSB LLC,
,B0C9TXVN77,4,Herramientas y Mejoras del Hogar,disponible,no disponible,,,2025-10-17T22:06:42.736Z,2025-10-20T02:54:32.661Z,2025-10-28T03:38:55.059Z,2550.17,,"$2,561.79","TYBEEU Palmera iluminada de 5 pies, 136 luces LED con cocos brillantes, regulable, certificado UL, impermeable, ideal para decoración de interiores y exteriores",https://www.amazon.com.mx/dp/B0C9TXVN77,https://www.amazon.com/dp/B0C9TXVN77,SRKSB LLC,
,B09Y8G3N5Q,4,Herramientas y Mejoras del Hogar,disponible,disponible,,,2025-10-17T22:06:42.736Z,2025-10-20T02:54:40.494Z,2025-10-28T03:39:02.863Z,1140.41,42.99,"$1,328.02","SUNREI - Luz de trabajo magnética recargable con LED, banco de energía de 180°, 1500 lúmenes, 6 modos, magnético y gancho, batería de 13500 mAh, linterna magnética para camping, reparación de",https://www.amazon.com.mx/dp/B09Y8G3N5Q,https://www.amazon.com/dp/B09Y8G3N5Q,SRKSB LLC,Official SUNREI
,B07GB5H7X8,4,Herramientas y Mejoras del Hogar,disponible,disponible,,,2025-10-17T22:06:42.736Z,2025-10-20T02:54:48.469Z,2025-10-28T03:39:11.821Z,605.07,12.88,$609.16,"Paquete de 10 bombillas de repuesto para cadena de luces para exteriores, ST40 bombillas Edison transparentes, base de tornillo E17 de 7 vatios para bombillas de repuesto para luces de cadena al aire",https://www.amazon.com.mx/dp/B07GB5H7X8,https://www.amazon.com/dp/B07GB5H7X8,SRKSB LLC,Boutiquewindow
,B07XJHND3T,4,Herramientas y Mejoras del Hogar,disponible,disponible,,,2025-10-17T22:06:42.736Z,2025-10-20T02:54:57.887Z,2025-10-28T03:39:18.993Z,680.85,24.99,$939.16,"Luces solares para exteriores [6 unidades/3 modos], luces solares de seguridad con sensor de movimiento solar, luces impermeables para exteriores, para jardín, valla de patio, cochera",https://www.amazon.com.mx/dp/B07XJHND3T,https://www.amazon.com/dp/B07XJHND3T,Amazon Estados Unidos,SEZAC Store
,B07TW7DZQZ,4,Herramientas y Mejoras del Hogar,disponible,disponible,,,2025-10-17T22:06:55.488Z,2025-10-20T02:55:05.414Z,2025-10-28T03:39:26.892Z,1324.28,39.9,"$1,339.35","Luces solares con sensor de movimiento para exteriores 1400 lúmenes, 9 vatios (110 W equivalente) Foco solar de aluminio para seguridad de inundación para jardín, entrada, garajes, puertas, cubiertas y porches, 2 años de garantía 100% gratuita (blanco, 2 unidades)",https://www.amazon.com.mx/dp/B07TW7DZQZ,https://www.amazon.com/dp/B07TW7DZQZ,Boon Shopping,amaqua solar motion light
,B09BK4T3QX,4,Herramientas y Mejoras del Hogar,disponible,no disponible,,,2025-10-17T22:06:55.488Z,2025-10-20T02:55:14.619Z,2025-10-28T03:39:34.076Z,2709.6,,"$2,709.60","Lámpara de comedor para casa de campo, luces colgantes para isla de cocina, lámparas rústicas, 4 luces de madera y metal negro, lámpara de araña rectangular para colgar en el techo, 35.4 pulgadas",https://www.amazon.com.mx/dp/B09BK4T3QX,https://www.amazon.com/dp/B09BK4T3QX,SRKSB LLC,
,B0DF5NW3WG,4,Herramientas y Mejoras del Hogar,disponible,no disponible,,,2025-10-17T22:06:55.488Z,2025-10-20T02:55:22.349Z,2025-10-28T03:39:41.771Z,2684.21,,"$2,684.21","Boho - Lámpara colgante de ratán de cocina sobre isla, 3 luces bohemias para isla de cocina, accesorios de iluminación de comedor sobre mesa, lámpara de ratán para comedor",https://www.amazon.com.mx/dp/B0DF5NW3WG,https://www.amazon.com/dp/B0DF5NW3WG,SRKSB LLC,
,B0CZJ75627,4,Herramientas y Mejoras del Hogar,disponible,disponible,,,2025-10-17T22:06:55.488Z,2025-10-20T02:55:30.630Z,2025-10-28T03:39:48.691Z,515.31,9.99,$515.31,"ANGSYLTH - 2 fundas de luz fluorescente - 4 x 2 pies para luces de techo, filtros de luz magnéticos para aula, oficina, hospitales, hogar",https://www.amazon.com.mx/dp/B0CZJ75627,https://www.amazon.com/dp/B0CZJ75627,SRKSB LLC,pujiangxianxinbangyouxiangongsi
,B0CKP571B6,4,Herramientas y Mejoras del Hogar,disponible,no disponible,,,2025-10-17T22:06:55.488Z,2025-10-20T02:55:39.463Z,2025-10-28T03:39:56.301Z,2796.7,,"$2,796.70","JARBIH - Paquete de 5 perfiles LED de aluminio para decoración de pared de techo, 1 m, 6 x 6 cm, línea de tira de esquina superior, lámpara luminosa sin techo, canal interno lineal para sala de estar",https://www.amazon.com.mx/dp/B0CKP571B6,https://www.amazon.com/dp/B0CKP571B6,SRKSB LLC,
,B09JMHF8QZ,4,Herramientas y Mejoras del Hogar,disponible,disponible,,,2025-10-17T22:06:55.488Z,2025-10-20T02:55:47.607Z,2025-10-28T03:40:04.882Z,2650.06,109.98,"$3,799.14","Qgiytp - Lámpara de techo de 8 luces Sputnik con forma de globo de vidrio mate negro y dorado de mediados de siglo, moderna lámpara de techo ajustable clásico colgante para comedor, cocina, recámara,",https://www.amazon.com.mx/dp/B09JMHF8QZ,https://www.amazon.com/dp/B09JMHF8QZ,Amazon Estados Unidos,Qgiytp
,B004SBPDFY,4,Herramientas y Mejoras del Hogar,disponible,disponible,,,2025-10-17T22:06:55.488Z,2025-10-20T02:55:55.805Z,2025-10-28T03:40:13.399Z,766.99,18.63,$772.17,"Novelty Lights 25 Pack G50 Outdoor Patio Globe Replacement Bulbs, Orange, E17/C9 Intermediate Base, 7 Watt",https://www.amazon.com.mx/dp/B004SBPDFY,https://www.amazon.com/dp/B004SBPDFY,SRKSB LLC,"Novelty Lights, LLC"
,B0BC74BPZP,4,Herramientas y Mejoras del Hogar,disponible,disponible,,,2025-10-17T22:06:55.489Z,2025-10-20T02:56:03.941Z,2025-10-28T03:40:21.248Z,881.99,23.99,$881.99,"JSKNB - Foco de 100000 lúmenes, 6 modos LED recargable como se ve en la televisión con trípode, filtros de color, luces solares superbrillantes para exteriores, de mano para caza, navegación, camping",https://www.amazon.com.mx/dp/B0BC74BPZP,https://www.amazon.com/dp/B0BC74BPZP,SRKSB LLC,jsk-Store
,B0C8CX9DCZ,4,Herramientas y Mejoras del Hogar,disponible,disponible,,,2025-10-17T22:06:55.489Z,2025-10-20T02:56:12.167Z,2025-10-28T03:40:29.351Z,858.31,24.99,$860.09,"Aaleds - Luces para interiores de caravana, 12 voltios, 1000 lúmenes, luces para caravana, 8 W, accesorios interiores para caravana, 12 V, luz de cúpula de techo para caravana, remolque, barco, coche (blanco natural, 2 unidades)",https://www.amazon.com.mx/dp/B0C8CX9DCZ,https://www.amazon.com/dp/B0C8CX9DCZ,SRKSB LLC,HongDirect
,B093K8RJ53,4,Herramientas y Mejoras del Hogar,disponible,disponible,,,2025-10-17T22:06:55.489Z,2025-10-20T02:56:19.845Z,2025-10-28T03:40:38.075Z,877.03,23.99,$877.03,"JOIONE - Velas cónicas sin llama con temporizador remoto, paquete de 6 velas parpadeantes de cera real que funcionan con pilas, luces LED eléctricas falsas para el día de la madre, Navidad, color",https://www.amazon.com.mx/dp/B093K8RJ53,https://www.amazon.com/dp/B093K8RJ53,SRKSB LLC,JOIONE Direct
,B088GRWYVS,4,Herramientas y Mejoras del Hogar,disponible,no disponible,,,2025-10-17T22:06:55.489Z,2025-10-20T02:56:33.866Z,2025-10-28T03:40:52.683Z,452.77,,$506.28,"Paquete de 2 luces LED de alambre de cobre alimentadas por energía solar, al aire última intervensión, impermeable, 8 modos de luces de hadas para jardín, patio, fiesta, Navidad, casa, Blanco Warm",https://www.amazon.com.mx/dp/B088GRWYVS,https://www.amazon.com/dp/B088GRWYVS,Amazon Estados Unidos,
,B07J55ZD89,4,Herramientas y Mejoras del Hogar,disponible,disponible,,,2025-10-17T22:06:55.489Z,2025-10-20T02:56:42.650Z,2025-10-28T03:40:59.894Z,600.17,13.99,$598.79,GOOTHY -10 Red/Yellow Flame Bulb Christmas Light Bulbs(Plus 2 Extra Bulbs)-7 watts /120 volts/E12 Base (10 Pack),https://www.amazon.com.mx/dp/B07J55ZD89,https://www.amazon.com/dp/B07J55ZD89,Boon Shopping,Goothy
,B0DFZ1ZHFL,4,Herramientas y Mejoras del Hogar,disponible,no disponible,,,2025-10-17T22:06:55.489Z,2025-10-20T02:56:51.751Z,2025-10-28T03:41:07.984Z,956.55,,$955.04,"Winawing - Lámpara de mesita de noche con base en madera con botón de impresión 3D, mesa de control USB, lámpara LED regulable, lámpara de mesita de noche con visualización PLA para recámara, sala de",https://www.amazon.com.mx/dp/B0DFZ1ZHFL,https://www.amazon.com/dp/B0DFZ1ZHFL,SRKSB LLC,
,B08L1LFCSH,4,Herramientas y Mejoras del Hogar,disponible,disponible,,,2025-10-17T22:06:55.489Z,2025-10-20T02:56:59.461Z,2025-10-28T03:41:17.022Z,1398.9,39.99,"$1,388.88","BEULT - Luz LED UFO de alta bahía de 100 W, 15000 lm, 5000 K, IP65, aprobado por UL, cable de 5 pies, con enchufe de EE. UU. Alternativa a 400 W MH/HPS ampliamente utilizado para almacén, tienda,",https://www.amazon.com.mx/dp/B08L1LFCSH,https://www.amazon.com/dp/B08L1LFCSH,Novayu,U.Light
,B09W2BNWBF,4,Herramientas y Mejoras del Hogar,disponible,disponible,,,2025-10-17T22:06:55.489Z,2025-10-20T02:57:08.607Z,2025-10-28T03:41:25.874Z,1364.33,37.99,"$1,362.95","Dekang - Lámpara de tocador de baño con níquel cepillado, moderna lámpara de pared de 2 luces para dormitorio, sala de estar, pasillo, decoración de pantallas de cristal blanco, base estándar E26, bombillas no incluidas",https://www.amazon.com.mx/dp/B09W2BNWBF,https://www.amazon.com/dp/B09W2BNWBF,Amazon Estados Unidos,Delianbang
,B0D3TCXHX8,4,Herramientas y Mejoras del Hogar,disponible,disponible,,,2025-10-17T22:06:55.489Z,2025-10-20T02:57:17.524Z,2025-10-28T03:41:34.815Z,1107.44,35.99,"$1,284.28","Señal de neón de pesca, luz de neón regulable, para decoración de pared, luces LED alimentadas por USB, gancho de pesca para tienda de equipos de pesca, yate, hombre, cueva, sala de estar, regalos",https://www.amazon.com.mx/dp/B0D3TCXHX8,https://www.amazon.com/dp/B0D3TCXHX8,Amazon Estados Unidos,Changlong-
,B0C2CFVWXZ,4,Herramientas y Mejoras del Hogar,disponible,disponible,,,2025-10-17T22:07:06.233Z,2025-10-20T02:57:24.887Z,2025-10-28T03:41:43.223Z,550.47,24.99,$890.36,"Lámpara LED INVOVNI Linkable Tri-Proof, IP66 Impermeable con 5000K para Tienda Exterior, Garaje, Lavado de Autos y Armario - Luminaria LED Estanca de 60cm/18W, Incluye Enchufe y Interruptor, SF-18W",https://www.amazon.com.mx/dp/B0C2CFVWXZ,https://www.amazon.com/dp/B0C2CFVWXZ,Amazon Estados Unidos,INVOVNI
,B01N6FQFGU,4,Herramientas y Mejoras del Hogar,disponible,disponible,,,2025-10-17T22:07:06.233Z,2025-10-20T02:57:32.273Z,2025-10-28T03:41:51.153Z,630.61,14.99,$634.86,"110 V clásico bombillas, 4pcs 110V 40w T45, 4 PCS 40w T45",https://www.amazon.com.mx/dp/B01N6FQFGU,https://www.amazon.com/dp/B01N6FQFGU,SRKSB LLC,Bravelights
,B0DHDCQV6X,4,Herramientas y Mejoras del Hogar,disponible,no disponible,,,2025-10-17T22:07:06.233Z,2025-10-20T02:57:41.154Z,2025-10-28T03:41:58.233Z,1929.31,,"$1,994.26","Juego de dos apliques de pared inalámbricos clásico que funcionan con pilas, luces de pared doradas recargables, visualización de vidrio de tulipán ámbar con iluminación de pared regulable a distancia",https://www.amazon.com.mx/dp/B0DHDCQV6X,https://www.amazon.com/dp/B0DHDCQV6X,SRKSB LLC,
,B0CLVGCVXL,4,Herramientas y Mejoras del Hogar,disponible,no disponible,,,2025-10-17T22:07:06.233Z,2025-10-20T02:57:48.525Z,2025-10-28T03:42:06.888Z,1259.17,,"$1,259.17","G-SAFAVA - Lámpara de mesa pequeña de 14.2 pulgadas para sala de estar, casa de campo, mesita de noche de resina con forma de búho dorado para recámara, lámpara de mesita de noche rústica retro",https://www.amazon.com.mx/dp/B0CLVGCVXL,https://www.amazon.com/dp/B0CLVGCVXL,SRKSB LLC,
,B0DCG9HF2N,4,Herramientas y Mejoras del Hogar,disponible,disponible,,,2025-10-17T22:07:06.233Z,2025-10-20T02:57:55.617Z,2025-10-28T03:42:14.237Z,1496.61,45.99,"$1,496.61","ECO-WILL Barra de luz LED moderna de cambiador de baño de 23.6 pulgadas, accesorio de iluminación de espejo negro de 15 W, lámpara LED regulable de 330 °, lámpara LED regulable de 6000 K, iluminación",https://www.amazon.com.mx/dp/B0DCG9HF2N,https://www.amazon.com/dp/B0DCG9HF2N,SRKSB LLC,ECOWILL-US
,B0DJ6KZ7FQ,4,Herramientas y Mejoras del Hogar,disponible,no disponible,,,2025-10-17T22:07:06.233Z,2025-10-20T02:58:02.850Z,2025-10-28T03:42:22.793Z,1616.76,,"$1,636.13","JingleChoo - Lámpara de pie de arco RGB con 3 temperaturas de color, lámpara de pie estilo bohemio de ratán regulable, aplicación y control remoto, moderna lámpara alta para leer, sala de estar,",https://www.amazon.com.mx/dp/B0DJ6KZ7FQ,https://www.amazon.com/dp/B0DJ6KZ7FQ,SRKSB LLC,
,B0DGLBDPZQ,4,Herramientas y Mejoras del Hogar,disponible,no disponible,,,2025-10-17T22:07:06.233Z,2025-10-20T02:58:10.981Z,2025-10-28T03:42:30.295Z,2203.47,,"$2,255.42","UFO - Luz LED de alta bahía, 150 W, 120 W, 90 W, ajustable, 4500 K/5000 K/5700 K, luz LED de alta bahía con cable de 5 pies, lista ETL/DLC, AC100-277 V, iluminación comercial impermeable IP65 para",https://www.amazon.com.mx/dp/B0DGLBDPZQ,https://www.amazon.com/dp/B0DGLBDPZQ,SRKSB LLC,
,B0DG2WHC68,4,Herramientas y Mejoras del Hogar,disponible,disponible,,,2025-10-17T22:07:06.233Z,2025-10-20T02:58:17.954Z,2025-10-28T03:42:39.363Z,2576.66,79.99,"$2,576.66","SAIWEYA - Juego de 2 lámparas de mesa de granja de 27.5 pulgadas, lámpara de noche regulable de 3 vías con 2 salidas USB + CA para mesita de noche, lámparas de tacto rústico clásico (negro antiguo)",https://www.amazon.com.mx/dp/B0DG2WHC68,https://www.amazon.com/dp/B0DG2WHC68,SRKSB LLC,SAIWEYA
,B0DCN8GH69,4,Herramientas y Mejoras del Hogar,disponible,no disponible,,,2025-10-17T22:07:06.233Z,2025-10-20T02:58:24.742Z,2025-10-28T03:42:47.151Z,2126.05,,"$2,126.05","Lámpara de techo rústica de madera de granja de 3 luces, montaje empotrado, de madera de roble, tambor redondo, semirempotrado, para pasillo, entrada, recámara, casa de campo, interior, color negro",https://www.amazon.com.mx/dp/B0DCN8GH69,https://www.amazon.com/dp/B0DCN8GH69,SRKSB LLC,
,B0D5383HQZ,4,Herramientas y Mejoras del Hogar,disponible,disponible,,,2025-10-17T22:07:06.233Z,2025-10-20T02:58:31.994Z,2025-10-28T03:42:54.653Z,816.41,17.09,$820.81,"Okayera - Linda luz nocturna Capybara, lámpara LED de silicona para animales con temporizador recargable USB portátil, regulable, perfecto para cumpleaños, Navidad, Pascua, mejor decoración del",https://www.amazon.com.mx/dp/B0D5383HQZ,https://www.amazon.com/dp/B0D5383HQZ,SRKSB LLC,Okayera US
,B0DCZFDH3X,4,Herramientas y Mejoras del Hogar,disponible,disponible,,,2025-10-17T22:07:06.233Z,2025-10-20T02:58:38.832Z,2025-10-28T03:43:02.858Z,681.87,11.99,$690.36,"Paquete de 2 luces solares de Navidad al aire última intervensión, impermeables, 2 modos de luces LED solares de colores para árboles de Navidad, encendido y apagado automático, decoración de Navidad",https://www.amazon.com.mx/dp/B0DCZFDH3X,https://www.amazon.com/dp/B0DCZFDH3X,SRKSB LLC,YoreZcopAMZ
,B0D8JX9WT1,4,Herramientas y Mejoras del Hogar,disponible,disponible,,,2025-10-17T22:07:06.234Z,2025-10-20T02:58:46.189Z,2025-10-28T03:43:10.921Z,682.52,15.99,$682.13,"Guirnalda de Navidad con luces, 8.2 pies, funciona con pilas, 12 bombillas LED, conos de pino, decoraciones de bayas rojas, iluminadas para interiores y exteriores, ventana, hogar, chimenea, mesa,",https://www.amazon.com.mx/dp/B0D8JX9WT1,https://www.amazon.com/dp/B0D8JX9WT1,SRKSB LLC,LINWW-US
,B00D2ZGB7G,4,Herramientas y Mejoras del Hogar,disponible,disponible,,,2025-10-17T22:07:06.234Z,2025-10-20T02:58:53.408Z,2025-10-28T03:43:19.086Z,652.12,14.98,$656.53,"Novelty Lights 25 Pack G40 Frosted White Outdoor Globe Bulbs, Light Bulbs Glass Incandescent Bulbs With 3000 Hour Lifespan, Globe String Lights Replacement Bulbs",https://www.amazon.com.mx/dp/B00D2ZGB7G,https://www.amazon.com/dp/B00D2ZGB7G,SRKSB LLC,"Novelty Lights, LLC"
,B09VBWMDHP,4,Herramientas y Mejoras del Hogar,disponible,disponible,,,2025-10-17T22:07:06.234Z,2025-10-20T02:59:02.390Z,2025-10-28T03:43:26.442Z,1047.39,29.99,"$1,057.90","Lámpara de techo cuadrada de 24 W de 12 pulgadas, muy fina, 5000 K, luz blanca de día, panel plano, moderna, 3200 lúmenes, para baño, cocina, pasillo, escalera, sala de estar",https://www.amazon.com.mx/dp/B09VBWMDHP,https://www.amazon.com/dp/B09VBWMDHP,SRKSB LLC,GlistenFind
,B0DG2DXJDS,4,Herramientas y Mejoras del Hogar,disponible,no disponible,,,2025-10-17T22:07:06.234Z,2025-10-20T02:59:18.309Z,2025-10-28T03:43:40.652Z,813.32,,$818.81,"Keretuby - Guirnalda de luces de cerezo con diseño de flor de cerezo, 33 pies, 100 LED USB, enchufe en colores pastel de flores de Navidad, lindas luces florales Diwali para techo, patio, recámara,",https://www.amazon.com.mx/dp/B0DG2DXJDS,https://www.amazon.com/dp/B0DG2DXJDS,SRKSB LLC,
,B0DDJK8LSJ,4,Herramientas y Mejoras del Hogar,disponible,disponible,,,2025-10-17T22:07:06.234Z,2025-10-20T02:59:25.300Z,2025-10-28T03:43:48.664Z,548.77,9.99,$552.48,"Lilampts - Lámpara de noche de calabaza, linda decoración de calabaza, lámpara de noche de silicona con 3 niveles regulables, luz de noche de Halloween, luz nocturna de cuarto de bebé, luz táctil de",https://www.amazon.com.mx/dp/B0DDJK8LSJ,https://www.amazon.com/dp/B0DDJK8LSJ,SRKSB LLC,Volights
,B0DBCQJFLS,4,Herramientas y Mejoras del Hogar,disponible,disponible,,,2025-10-17T22:07:16.914Z,2025-10-20T02:59:33.012Z,2025-10-28T03:43:55.884Z,673.9,15.99,$678.46,"FFZZKJ - Paquete de 2 luces de Halloween en total, 100 luces LED de 33 pies, impermeables, funciona con pilas, 8 modos de decoración de Halloween para decoración de interiores y exteriores (morado y",https://www.amazon.com.mx/dp/B0DBCQJFLS,https://www.amazon.com/dp/B0DBCQJFLS,SRKSB LLC,FZ.Store
,B0D9NJ15FS,4,Herramientas y Mejoras del Hogar,disponible,disponible,,,2025-10-17T22:07:16.914Z,2025-10-20T02:59:41.946Z,2025-10-28T03:44:03.401Z,1101.38,25.99,"$1,042.93","MOSSNDAR - Proyector decorativo de 64 patrones HD con control remoto RF, proyector de lámpara de paisaje impermeable para jardín, patio, día de la independencia, fiesta de cumpleaños, decoración de",https://www.amazon.com.mx/dp/B0D9NJ15FS,https://www.amazon.com/dp/B0D9NJ15FS,SRKSB LLC,Forde US
,B0D8B8FV9P,4,Herramientas y Mejoras del Hogar,disponible,disponible,,,2025-10-17T22:07:16.915Z,2025-10-20T02:59:50.331Z,2025-10-28T03:44:10.751Z,436.85,6.99,$447.14,"GANZQH - Luces LED de 20 pies para TV, retroiluminación LED para TV de 32 a 80 pulgadas, tira de luz LED USB con control remoto, control de aplicación, tira de luces LED RGB, sincronización de música,",https://www.amazon.com.mx/dp/B0D8B8FV9P,https://www.amazon.com/dp/B0D8B8FV9P,SRKSB LLC,QiuLights US
,B0D5CNJCD8,4,Herramientas y Mejoras del Hogar,disponible,no disponible,,,2025-10-17T22:07:16.915Z,2025-10-20T02:59:57.873Z,2025-10-28T03:44:18.193Z,5130.36,,"$5,130.36","Lámpara de araña de ratán con 5 luces estilo bohemio para comedor, color café y tejida, iluminación para lámpara de techo, recámara, sala de estar, vestíbulo, isla de cocina, costa, escalera, pasillo",https://www.amazon.com.mx/dp/B0D5CNJCD8,https://www.amazon.com/dp/B0D5CNJCD8,SRKSB LLC,
,B0D4CKG7PX,4,Herramientas y Mejoras del Hogar,disponible,no disponible,,,2025-10-17T22:07:16.915Z,2025-10-20T03:00:06.613Z,2025-10-28T03:44:26.674Z,4499.42,,"$4,509.00","Mgcanyu - Lámpara colgante estilo bohemio para isla de cocina, 17.7 pulgadas, tela a mano natural, lámpara de techo bohemia, para colgar en la costa, 5 luces, accesorio de iluminación de mimbre para",https://www.amazon.com.mx/dp/B0D4CKG7PX,https://www.amazon.com/dp/B0D4CKG7PX,SEONGSAN,
,B0DJM1PWXG,4,Herramientas y Mejoras del Hogar,disponible,disponible,,,2025-10-17T22:07:16.915Z,2025-10-20T03:00:15.070Z,2025-10-28T03:44:33.941Z,636.29,16.91,$636.29,"Proyector de luces de Halloween para exteriores/interiores, proyector de luces LED impermeable para regalo decoraciones de Halloween, proyector de día de fiesta, espectáculo de luces para Halloween",https://www.amazon.com.mx/dp/B0DJM1PWXG,https://www.amazon.com/dp/B0DJM1PWXG,SRKSB LLC,MIMIToo
,B094MN8J6V,4,Herramientas y Mejoras del Hogar,disponible,disponible,,,2025-10-17T22:07:16.915Z,2025-10-20T03:00:22.940Z,2025-10-28T03:44:42.298Z,515.61,9.48,$518.38,"Lighttop - Guirnalda de luces de hadas para interiores (6 unidades, 20 LED de alambre de cobre, funciona con pilas, para árbol de Navidad, dormitorio, boda, fiesta de cumpleaños, decoración de bricolaje (blanco cálido)",https://www.amazon.com.mx/dp/B094MN8J6V,https://www.amazon.com/dp/B094MN8J6V,SRKSB LLC,LIGHTOP US
,B0BH8WLJ98,4,Herramientas y Mejoras del Hogar,disponible,no disponible,,,2025-10-17T22:07:16.915Z,2025-10-20T03:00:32.192Z,2025-10-28T03:44:50.373Z,1512.44,,"$1,504.65","Farmhouse - Lámpara colgante rústica de madera blanca, paquete de 1",https://www.amazon.com.mx/dp/B0BH8WLJ98,https://www.amazon.com/dp/B0BH8WLJ98,SRKSB LLC,
,B0D7HPYJ5M,4,Herramientas y Mejoras del Hogar,disponible,disponible,,,2025-10-17T22:07:16.915Z,2025-10-20T03:00:40.163Z,2025-10-28T03:44:59.422Z,1918.11,59.99,"$1,930.71",Bigsnail 18 x 18 W luz de escenario con control remoto,https://www.amazon.com.mx/dp/B0D7HPYJ5M,https://www.amazon.com/dp/B0D7HPYJ5M,SRKSB LLC,Highlight-US
,B0D1TLFPTS,4,Herramientas y Mejoras del Hogar,disponible,no disponible,,,2025-10-17T22:07:16.915Z,2025-10-20T03:00:47.583Z,2025-10-28T03:45:07.032Z,1716,,"$1,742.49","Lámpara de techo de ratán, de 3 luces, estilo bohemio, moderna, tejida, color negro, bohemio, para recámara, sala de estar, comedor, foco no incluida",https://www.amazon.com.mx/dp/B0D1TLFPTS,https://www.amazon.com/dp/B0D1TLFPTS,SRKSB LLC,
,B0D1JTHXL2,4,Herramientas y Mejoras del Hogar,disponible,no disponible,,,2025-10-17T22:07:16.915Z,2025-10-20T03:00:55.991Z,2025-10-28T03:45:14.198Z,1297.21,,"$1,305.97","G-SAFAVA - Juego de 2 lámparas de mesa pequeñas de 14.2 pulgadas, para decoración del hogar, rústico, estilo clásico, mesita de noche de resina retro, color blanco",https://www.amazon.com.mx/dp/B0D1JTHXL2,https://www.amazon.com/dp/B0D1JTHXL2,SRKSB LLC,
,B08ZMSY4HH,4,Herramientas y Mejoras del Hogar,disponible,disponible,,,2025-10-17T22:07:16.915Z,2025-10-20T03:01:03.618Z,2025-10-28T03:45:21.819Z,938.37,23.98,$938.37,"Solar Mason Jar Lights,4 Pack 30 Led Fairy Hanging Jar Lights,Solar Lanterns for Outdoor Patio Party Garden Wedding Decor Lights(Mason Jars/Handles Included)",https://www.amazon.com.mx/dp/B08ZMSY4HH,https://www.amazon.com/dp/B08ZMSY4HH,SRKSB LLC,Aikeve Direct
,B0B42KTJ5S,4,Herramientas y Mejoras del Hogar,disponible,disponible,,,2025-10-17T22:07:16.915Z,2025-10-20T03:01:12.265Z,2025-10-28T03:45:28.344Z,621.18,11.99,$646.10,"Bombillas de repuesto G40 de 5 W transparentes para base de candelabro E12, bombillas de repuesto regulables para decoración de patio interior y exterior, 120 voltios (paquete de 25)",https://www.amazon.com.mx/dp/B0B42KTJ5S,https://www.amazon.com/dp/B0B42KTJ5S,SRKSB LLC,rincentd
,B0D2GWHBTH,4,Herramientas y Mejoras del Hogar,disponible,no disponible,,,2025-10-17T22:07:16.916Z,2025-10-20T03:01:19.580Z,2025-10-28T03:45:36.109Z,1354.75,,"$1,360.70","NESSTU - Linternas solares resistentes al agua: paquete de 4 luces colgantes de metal para exteriores, para jardín, patio, decoración de árbol de camino de mesa, regalos de jardinería para mujeres y",https://www.amazon.com.mx/dp/B0D2GWHBTH,https://www.amazon.com/dp/B0D2GWHBTH,SRKSB LLC,
,B0CYS7LMN6,4,Herramientas y Mejoras del Hogar,disponible,no disponible,,,2025-10-17T22:07:16.916Z,2025-10-20T03:01:28.804Z,2025-10-28T03:45:43.968Z,615.31,,$627.51,"SUEHHYY - Lámpara de mesa de noche de tela para el día de la madre, regalo para el día de la abuela, regalo de cumpleaños, Navidad, día de San Valentín, para abuela, abuela",https://www.amazon.com.mx/dp/B0CYS7LMN6,https://www.amazon.com/dp/B0CYS7LMN6,SRKSB LLC,
,B0CYSTP27F,4,Herramientas y Mejoras del Hogar,disponible,disponible,,,2025-10-17T22:07:16.916Z,2025-10-20T03:01:36.943Z,2025-10-28T03:45:52.750Z,1415.97,45.99,"$1,456.61","ZSSXOLED - 4 luces LED estroboscópicas de bastón recargables LED para botella de servicio, reutilizable, botella de champaña, luz LED para fiestas, discotecas, bar, bodas, eventos, festivales,",https://www.amazon.com.mx/dp/B0CYSTP27F,https://www.amazon.com/dp/B0CYSTP27F,CATTLESIV,lulusx
,B0BD7NGP34,4,Herramientas y Mejoras del Hogar,disponible,no disponible,,,2025-10-17T22:07:29.789Z,2025-10-20T03:01:46.010Z,2025-10-28T03:46:01.404Z,896.23,,"$1,062.45","Mancra - Paquete de 8 luces solares para valla de cubierta, luces solares para exteriores, impermeables, decoración de patio, patio, porche, entrada, 3000 K",https://www.amazon.com.mx/dp/B0BD7NGP34,https://www.amazon.com/dp/B0BD7NGP34,Amazon Estados Unidos,
,B0DDBZYQK7,4,Herramientas y Mejoras del Hogar,disponible,disponible,,,2025-10-17T22:07:29.790Z,2025-10-20T03:01:54.805Z,2025-10-28T03:46:09.502Z,3159.2,89.99,"$3,194.91","Lámpara infrarroja con soporte, lámpara de terapia de luz infrarroja, lámpara de calor infrarrojo cercano de 275 W para terapia de dolor corporal o dolor muscular, juego de lámpara de pie ajustable de",https://www.amazon.com.mx/dp/B0DDBZYQK7,https://www.amazon.com/dp/B0DDBZYQK7,SEONGSAN,Oyase
,B07D18B6JM,4,Herramientas y Mejoras del Hogar,disponible,disponible,,,2025-10-17T22:07:29.790Z,2025-10-20T03:02:10.076Z,2025-10-28T03:46:24.052Z,576.4,8.99,$580.29,"VETOUR 24 velas de té sin llama realistas LED parpadeantes luces de té con batería constante, velas falsas eléctricas de larga duración, decoración para fiestas e ideas de regalos",https://www.amazon.com.mx/dp/B07D18B6JM,https://www.amazon.com/dp/B07D18B6JM,SRKSB LLC,Vetour
,B0DB67Q1MG,4,Herramientas y Mejoras del Hogar,disponible,disponible,,,2025-10-17T22:07:29.790Z,2025-10-20T03:02:18.234Z,2025-10-28T03:46:31.542Z,1646.08,51.99,"$1,645.53","BESMYJ - Paquete de 2 linternas solares de pared para exteriores con 3 modos, sensor de movimiento del anochecer al amanecer, luces LED IP65 impermeables, lámparas de seguridad exteriores frontales",https://www.amazon.com.mx/dp/B0DB67Q1MG,https://www.amazon.com/dp/B0DB67Q1MG,SRKSB LLC,TopNice-US
,B0D6V4V51W,4,Herramientas y Mejoras del Hogar,disponible,disponible,,,2025-10-17T22:07:29.790Z,2025-10-20T03:02:25.373Z,2025-10-28T03:46:40.128Z,496.34,8.99,$498.86,"GANZQH - Tira de luces LED para recámara de 100 pies, con sincronización de música RGB, tira de luz LED que cambia de color con control remoto y de aplicación, luces para juegos, bricolaje, decoración",https://www.amazon.com.mx/dp/B0D6V4V51W,https://www.amazon.com/dp/B0D6V4V51W,SRKSB LLC,QiuLights US
,B0CWCQNFXS,4,Herramientas y Mejoras del Hogar,disponible,no disponible,,,2025-10-17T22:07:29.790Z,2025-10-20T03:02:32.484Z,2025-10-28T03:46:48.489Z,1053.46,,"$1,020.79","MUMENG - Lámpara de noche con visualización de tela, base de foco E27, bonito estilo LED de computadora con soporte ajustable, luces de noche de madera para habitación de niños, recámara, oficina,",https://www.amazon.com.mx/dp/B0CWCQNFXS,https://www.amazon.com/dp/B0CWCQNFXS,SRKSB LLC,
,B07Y391RPT,4,Herramientas y Mejoras del Hogar,disponible,disponible,,,2025-10-17T22:07:29.790Z,2025-10-20T03:02:40.208Z,2025-10-28T03:46:57.372Z,716.3,16.14,$677.43,"Briignite - Luces nocturnas que se conectan a la pared, paquete de 4 luces nocturnas con sensores de luz, luz nocturna LED para habitación de niños, luz nocturna de bebé, baño, luces de escalera, luz",https://www.amazon.com.mx/dp/B07Y391RPT,https://www.amazon.com/dp/B07Y391RPT,SRKSB LLC,Briignite LED
,B07QPS38TC,4,Herramientas y Mejoras del Hogar,disponible,disponible,,,2025-10-17T22:07:29.790Z,2025-10-20T03:02:48.136Z,2025-10-28T03:47:07.192Z,1054.41,31.99,"$1,054.41","WdtPro - Luces solares para jardín al aire última intervensión, paquete de 6, luces solares impermeables de jardín con 24 flores de lirio, luces LED que cambian de color con energía solar para patio",https://www.amazon.com.mx/dp/B07QPS38TC,https://www.amazon.com/dp/B07QPS38TC,SRKSB LLC,WdtPro
,B09D9F795R,4,Herramientas y Mejoras del Hogar,disponible,disponible,,,2025-10-17T22:07:29.790Z,2025-10-20T03:02:55.931Z,2025-10-28T03:47:14.211Z,564.85,12.48,$564.85,"Sunset Lamp Projection Led Lights with Remote, 16 Colors Night Light 360° Rotation Rainbow Lights 4 Modes Setting for Photography/Selfie/ Party/Home/Living Room/Bedroom Decor, Gifts for Women.",https://www.amazon.com.mx/dp/B09D9F795R,https://www.amazon.com/dp/B09D9F795R,SRKSB LLC,Decooly
,B004Q6GLCK,4,Herramientas y Mejoras del Hogar,disponible,disponible,,,2025-10-17T22:07:29.790Z,2025-10-20T03:03:04.089Z,2025-10-28T03:47:21.939Z,707.61,15.98,$706.23,"Novelty Lights 25 Pack C9 Outdoor Christmas Replacement Bulbs, Red, E17/C9 Intermediate Base, 7 Watt",https://www.amazon.com.mx/dp/B004Q6GLCK,https://www.amazon.com/dp/B004Q6GLCK,Boon Shopping,"Novelty Lights, LLC"
,B09NZY3ZTK,4,Herramientas y Mejoras del Hogar,disponible,disponible,,,2025-10-17T22:07:29.790Z,2025-10-20T03:03:11.319Z,2025-10-28T03:47:29.988Z,2688.08,79.99,"$2,688.08","QHIUAT - Lámpara de pared moderna para exteriores de 24 W, lámpara de pared de 35.4 pulgadas, iluminación de pared LED, impermeable, para cochera, porche, puertas de patio",https://www.amazon.com.mx/dp/B09NZY3ZTK,https://www.amazon.com/dp/B09NZY3ZTK,SRKSB LLC,QHIUAT
,B01KJ94Q1K,4,Herramientas y Mejoras del Hogar,disponible,disponible,,,2025-10-17T22:07:29.790Z,2025-10-20T03:03:19.659Z,2025-10-28T03:47:38.273Z,1187.25,37.97,"$1,196.89",PAR36 LED xenón blanco 6000 K (Eq 100 W Incandescent Iamp) Lámpara multiusos para tractor agrícola industrial todoterreno iluminación de paisaje incandescente para exteriores (terminal de inundación),https://www.amazon.com.mx/dp/B01KJ94Q1K,https://www.amazon.com/dp/B01KJ94Q1K,SRKSB LLC,HANDXEN
,B088BDLMCN,4,Herramientas y Mejoras del Hogar,disponible,no disponible,,,2025-10-17T22:07:29.790Z,2025-10-20T03:03:27.864Z,2025-10-28T03:47:46.040Z,453.59,,$530.58,"Paquete de 2 luces LED de alambre de cobre alimentadas por energía solar, al aire última intervensión, impermeable, 8 modos de luces de hadas para jardín, patio, fiesta, Navidad, casa, Blanco",https://www.amazon.com.mx/dp/B088BDLMCN,https://www.amazon.com/dp/B088BDLMCN,Amazon Estados Unidos,
,B0CRDSJF7H,4,Herramientas y Mejoras del Hogar,disponible,no disponible,,,2025-10-17T22:07:29.791Z,2025-10-20T03:03:35.362Z,2025-10-28T03:47:53.880Z,1639.29,,"$1,659.67","MITELSON - Lámpara de pie con estantes y USB, USB-C y tomas de corriente, lámpara de pie de estante alto con estación de carga, lámparas para sala de estar, lámpara de pie resistente para recámara y",https://www.amazon.com.mx/dp/B0CRDSJF7H,https://www.amazon.com/dp/B0CRDSJF7H,SRKSB LLC,
,B0CQPFM4HL,4,Herramientas y Mejoras del Hogar,disponible,disponible,,,2025-10-17T22:07:29.791Z,2025-10-20T03:03:41.711Z,2025-10-28T03:48:01.427Z,1731.14,49.99,"$1,740.27","Ciyebst Luz de media luna con soporte para teléfono, lámpara de computadora de uñas de 29 en 48 W, luz de pestañas para tecnología de pestañas, maquillaje, tatuaje, spa, salón, lámpara de tecnología",https://www.amazon.com.mx/dp/B0CQPFM4HL,https://www.amazon.com/dp/B0CQPFM4HL,SRKSB LLC,Ciyebst
,B0BZ7W3RX2,4,Herramientas y Mejoras del Hogar,disponible,no disponible,,,2025-10-17T22:07:29.791Z,2025-10-20T03:03:50.757Z,2025-10-28T03:48:10.281Z,876.27,,$882.19,"Akaco Moving Sand Art Base de madera de movimiento líquido, color 3D, arena movediza, reloj de arena de vidrio redondo, marco de arena de mar profundo, con accesorios de computadora blancos claros, para hombres, luz nocturna creativa",https://www.amazon.com.mx/dp/B0BZ7W3RX2,https://www.amazon.com/dp/B0BZ7W3RX2,SRKSB LLC,
,B09C629LCK,4,Herramientas y Mejoras del Hogar,disponible,disponible,,,2025-10-17T22:07:41.495Z,2025-10-20T03:03:57.997Z,2025-10-28T03:48:18.867Z,785.31,36.99,"$1,163.56","gardencave - Paquete de 6 luces solares decorativas para jardín al aire última intervensión, luces solares de jardín con luz cálida, impermeables, luces de paisaje para camino, patio, patio, patio",https://www.amazon.com.mx/dp/B09C629LCK,https://www.amazon.com/dp/B09C629LCK,Amazon Estados Unidos,Merryshop-U
,B095S4PP8X,4,Herramientas y Mejoras del Hogar,disponible,disponible,,,2025-10-17T22:07:41.495Z,2025-10-20T03:04:06.468Z,2025-10-28T03:48:25.463Z,608.59,13.89,$696.58,"Fielegen 20 luces LED de mariposa, 10 pies/3 metros, funciona con pilas, luces de hadas de mariposa moradas para el hogar, recámara, interior, exterior, jardín, boda, fiesta, día festivo, decoración de verano",https://www.amazon.com.mx/dp/B095S4PP8X,https://www.amazon.com/dp/B095S4PP8X,Amazon Europa,Fongmee Direct
,B0CHBC3ZPP,4,Herramientas y Mejoras del Hogar,disponible,disponible,,,2025-10-17T22:07:41.495Z,2025-10-20T03:04:14.347Z,2025-10-28T03:48:33.539Z,2595.27,82.99,"$2,608.03","VIHOSE - 8 lámparas de mesa inalámbricas, LED, portátil, recargable, con sensor táctil, 3 colores de atenuación de hasta 15 horas de batería, luz de computadora para restaurante, guardería, sala de",https://www.amazon.com.mx/dp/B0CHBC3ZPP,https://www.amazon.com/dp/B0CHBC3ZPP,SRKSB LLC,Anberaue
,B0CH11G7FL,4,Herramientas y Mejoras del Hogar,disponible,no disponible,,,2025-10-17T22:07:41.495Z,2025-10-20T03:04:23.533Z,2025-10-28T03:48:42.716Z,1508.63,,"$1,518.71","ABEAJAT - Lámpara de techo de 6 luces de níquel cepillado Sputnik, moderna lámpara de techo semi empotrada, lámpara de techo industrial de metal para sala de estar, granja, cocina recámara (níquel cepillado)",https://www.amazon.com.mx/dp/B0CH11G7FL,https://www.amazon.com/dp/B0CH11G7FL,SRKSB LLC,
,B0CBBKZC4X,4,Herramientas y Mejoras del Hogar,disponible,no disponible,,,2025-10-17T22:07:41.495Z,2025-10-20T03:04:30.887Z,2025-10-28T03:48:50.866Z,2975.16,,"$2,993.86","Lámpara de comedor sobre mesa, iluminación de isla de cocina de 4 luces, moderna lámpara de madera con altura ajustable, grandes luces colgantes industriales negras para colgar en el techo para sala",https://www.amazon.com.mx/dp/B0CBBKZC4X,https://www.amazon.com/dp/B0CBBKZC4X,CATTLESIV,
,B0B1QQV73M,4,Herramientas y Mejoras del Hogar,disponible,no disponible,,,2025-10-17T22:07:41.495Z,2025-10-20T03:04:39.174Z,2025-10-28T03:48:59.555Z,1901.43,,"$1,914.27","MOUJOE - Lámpara de techo semi empotrada de 6 luces de madera rústica Sputnik lámpara de techo de roble y negro con E26 para comedor, recámara, cocina",https://www.amazon.com.mx/dp/B0B1QQV73M,https://www.amazon.com/dp/B0B1QQV73M,SRKSB LLC,
,B0CKHQJ4DZ,4,Herramientas y Mejoras del Hogar,disponible,disponible,,,2025-10-17T22:07:41.496Z,2025-10-20T03:04:54.847Z,2025-10-28T03:49:14.073Z,875.05,25.99,$928.70,"FLRYBRG - Foco de Halloween para exteriores de 15 W con control remoto de 110 V COB LED para exteriores, luces de paisaje que cambian de color RGB para decoración de patio, árbol, camino de jardín",https://www.amazon.com.mx/dp/B0CKHQJ4DZ,https://www.amazon.com/dp/B0CKHQJ4DZ,SRKSB LLC,Xinyahe
,B0C9LTQJBY,4,Herramientas y Mejoras del Hogar,disponible,disponible,,,2025-10-17T22:07:41.496Z,2025-10-20T03:05:02.513Z,2025-10-28T03:49:21.433Z,2297.17,88.49,"$2,714.04","Elaruslux - Paquete de 12 luces LED ultradelgadas de 7 pulgadas 3CCT con caja de conexiones, 3000 K/4500 K/6000 K seleccionables, 18 W Eqv 125 W, Downlight regulable sin canas, 1600 LM de alto brillo",https://www.amazon.com.mx/dp/B0C9LTQJBY,https://www.amazon.com/dp/B0C9LTQJBY,Amazon Estados Unidos,ZJG STORE
,B0989SHGHS,4,Herramientas y Mejoras del Hogar,disponible,no disponible,,,2025-10-17T22:07:41.496Z,2025-10-20T03:05:10.817Z,2025-10-28T03:49:29.716Z,2131.88,,"$2,131.88",Elyccupa Lámpara de araña de cuentas de madera con,https://www.amazon.com.mx/dp/B0989SHGHS,https://www.amazon.com/dp/B0989SHGHS,SRKSB LLC,
,B08KVQHRCW,4,Herramientas y Mejoras del Hogar,disponible,disponible,,,2025-10-17T22:07:41.496Z,2025-10-20T03:05:19.891Z,2025-10-28T03:49:38.466Z,7255.05,249.75,"$7,686.32","A AXILIXI - Lámparas de techo modernas de 24 pulgadas, lámpara colgante de montaje empotrado, 12 luces, 5 niveles, K9, lámpara colgante grande para entrada, comedor, sala de estar, recámara",https://www.amazon.com.mx/dp/B08KVQHRCW,https://www.amazon.com/dp/B08KVQHRCW,Luxury Best Store,A AXILIXI Lighting
,B07FBFBV69,4,Herramientas y Mejoras del Hogar,disponible,disponible,,,2025-10-17T22:07:41.496Z,2025-10-20T03:05:29.955Z,2025-10-28T03:49:45.634Z,2056.26,109.99,"$2,542.18","LGL - Lámpara LED de luz temporal, alta fijación, ((150W LED Temporary Work Light Fixture))",https://www.amazon.com.mx/dp/B07FBFBV69,https://www.amazon.com/dp/B07FBFBV69,Amazon Estados Unidos,JC-LGL
,B0BZYPXB45,4,Herramientas y Mejoras del Hogar,disponible,no disponible,,,2025-10-17T22:07:41.496Z,2025-10-20T03:05:38.874Z,2025-10-28T03:49:53.093Z,890.73,,$890.73,"Wirziis - Juego de 2 ruedas de madera de 2.75 pies, poleas de montaje en techo de pared clásico de roble para lámparas colgantes de plantas de cultivo",https://www.amazon.com.mx/dp/B0BZYPXB45,https://www.amazon.com/dp/B0BZYPXB45,SRKSB LLC,
,B0CGX25HTX,4,Herramientas y Mejoras del Hogar,disponible,no disponible,,,2025-10-17T22:07:41.496Z,2025-10-20T03:05:46.038Z,2025-10-28T03:50:00.641Z,1331.9,,"$1,323.67","HBGFHG - Luces LED de pared magnéticas giratorias de 360° que funcionan con pilas, recargables por USB, regulables, luz nocturna LED para luces de lectura, luz de maquillaje e iluminación doméstica",https://www.amazon.com.mx/dp/B0CGX25HTX,https://www.amazon.com/dp/B0CGX25HTX,SRKSB LLC,
,B0BXXJ1SHG,4,Herramientas y Mejoras del Hogar,disponible,no disponible,,,2025-10-17T22:07:41.496Z,2025-10-20T03:05:54.649Z,2025-10-28T03:50:08.964Z,1808.73,,"$1,878.91","ABEAJAT Lámpara de techo de ratán, Iluminación, Lámpara de techo de montaje empotrado, 3 luces tejidas a mano, Araña de ratán rústica para pasillo, recámara, cocina, casa de campo y entrada (negro)",https://www.amazon.com.mx/dp/B0BXXJ1SHG,https://www.amazon.com/dp/B0BXXJ1SHG,SRKSB LLC,
,B0BFWCKJ37,4,Herramientas y Mejoras del Hogar,disponible,disponible,,,2025-10-17T22:07:41.496Z,2025-10-20T03:06:03.260Z,2025-10-28T03:50:17.521Z,739.02,18.99,$739.02,"JUNWEN - Tira de luces LED cortas alimentadas con pilas con intermitente, 1 pieza de luces LED flexibles que funcionan con pilas, brillante para caja de sombras, regalo de bricolaje, coche, bar,",https://www.amazon.com.mx/dp/B0BFWCKJ37,https://www.amazon.com/dp/B0BFWCKJ37,SRKSB LLC,YUQIN
,B096ZP878T,4,Herramientas y Mejoras del Hogar,disponible,disponible,,,2025-10-17T22:07:41.496Z,2025-10-20T03:06:11.527Z,2025-10-28T03:50:25.702Z,871.59,22.99,$876.63,"VOOSEI Vintage LED Edison Bulbs, 6W, Equivalent 60W, Daylight White 4000K,High Brightness,E26 Medium Base, ST58 Antique Filament Bulbs, Non Dimmable,Clear Glass,Pack of 6",https://www.amazon.com.mx/dp/B096ZP878T,https://www.amazon.com/dp/B096ZP878T,SRKSB LLC,"CULTHBERT CO.,LTD"
,B0B9ZV3CDZ,4,Herramientas y Mejoras del Hogar,disponible,disponible,,,2025-10-17T22:07:51.238Z,2025-10-20T03:06:19.049Z,2025-10-28T03:50:33.443Z,1508.91,45.98,"$1,508.91","BIEOCUR - Lámpara de pared LED moderna de 40cm, 10 W, luz de porche y patio, luz blanca esmerilada, resistente a la humedad, adecuada para cochera, entrada, casa",https://www.amazon.com.mx/dp/B0B9ZV3CDZ,https://www.amazon.com/dp/B0B9ZV3CDZ,SRKSB LLC,BIEOCUR
,B08YRD7JTF,4,Herramientas y Mejoras del Hogar,disponible,disponible,,,2025-10-17T22:07:51.239Z,2025-10-20T03:06:27.531Z,2025-10-28T03:50:40.797Z,3531.94,99.99,"$3,530.56","FinExpect Lámpara de araña moderna de 4 luces con pantalla de tambor de lino blanco de 45 cm para vestíbulo, comedor, sala de estar, cocina, latón envejecido",https://www.amazon.com.mx/dp/B08YRD7JTF,https://www.amazon.com/dp/B08YRD7JTF,Boon Shopping,Gufengdeng
,B08SVS6BNC,4,Herramientas y Mejoras del Hogar,disponible,disponible,,,2025-10-17T22:07:51.239Z,2025-10-20T03:06:35.005Z,2025-10-28T03:50:49.512Z,1193.7,33.97,"$1,192.32","Areful - Tira de luces LED de 15 pies, RGBWW que cambian de color con control remoto, tubo duradero flexible y conectable, impermeable para uso en interiores y exteriores, 17 colores y 6 modos",https://www.amazon.com.mx/dp/B08SVS6BNC,https://www.amazon.com/dp/B08SVS6BNC,Boon Shopping,T&P Designs
,B0BF48GX59,4,Herramientas y Mejoras del Hogar,disponible,no disponible,,,2025-10-17T22:07:51.239Z,2025-10-20T03:06:43.825Z,2025-10-28T03:50:56.565Z,1537.04,,"$1,406.74","CONCA - Lámpara industrial Steampunk, base E26, luz Edison rústica con base de madera enjaulada y tubo de hierro (negro)",https://www.amazon.com.mx/dp/B0BF48GX59,https://www.amazon.com/dp/B0BF48GX59,SRKSB LLC,
,B0B6NXDLT9,4,Herramientas y Mejoras del Hogar,disponible,disponible,,,2025-10-17T22:07:51.239Z,2025-10-20T03:06:50.965Z,2025-10-28T03:51:03.751Z,531.83,9.99,$534.04,"MATICOD - Luces LED para retroiluminación LED de TV, tira de luces LED RGB de 10 pies para luces de TV detrás, tira de luz LED USB para TV de 32 a 43 pulgadas, control de aplicación Bluetooth, tira de",https://www.amazon.com.mx/dp/B0B6NXDLT9,https://www.amazon.com/dp/B0B6NXDLT9,Boon Shopping,MATICOD
,B0B5TBXBMK,4,Herramientas y Mejoras del Hogar,disponible,no disponible,,,2025-10-17T22:07:51.239Z,2025-10-20T03:06:59.838Z,2025-10-28T03:51:13.118Z,4198.67,,"$4,198.67","Silla de cubeta LED de 15 pulgadas, 16 colores RGB que cambian de luz LED con mando a distancia, versátil y recargable, silla de cubeta brillante, mesa auxiliar moderna, luz de humor para recámara,",https://www.amazon.com.mx/dp/B0B5TBXBMK,https://www.amazon.com/dp/B0B5TBXBMK,SRKSB LLC,
,B0B3H9TCSB,4,Herramientas y Mejoras del Hogar,disponible,disponible,,,2025-10-17T22:07:51.239Z,2025-10-20T03:07:06.573Z,2025-10-28T03:51:20.868Z,513.43,9.99,$513.43,"GIPTPLY Tira de luces LED de 100 pies, luces LED para recámara, sincronización de música, luces LED que cambian de color con aplicación y control remoto, tiras de luz LED RGB 5050 para decoración de habitación (100 pies)",https://www.amazon.com.mx/dp/B0B3H9TCSB,https://www.amazon.com/dp/B0B3H9TCSB,SRKSB LLC,Lidou us
,B09YYDBH52,4,Herramientas y Mejoras del Hogar,disponible,disponible,,,2025-10-17T22:07:51.239Z,2025-10-20T03:07:14.564Z,2025-10-28T03:51:28.659Z,940.48,23.74,$947.14,"Larekook - Farol solar cardenal para exteriores, resistente al agua, 13 pulgadas, gran lámpara colgante decorativa, luces solares de metal para patio, césped, mesa, patio, jardín, regalos cardenales",https://www.amazon.com.mx/dp/B09YYDBH52,https://www.amazon.com/dp/B09YYDBH52,SRKSB LLC,wuyisolar
,B09V6LWFX5,4,Herramientas y Mejoras del Hogar,disponible,no disponible,,,2025-10-17T22:07:51.239Z,2025-10-20T03:07:23.539Z,2025-10-28T03:51:37.034Z,1229.22,,"$1,229.22","Livinlarge - Linterna solar para colgar al aire última intervensión, linterna solar grande de ratán impermeable con mango de cordel, luces solares brillantes para exteriores con foco Edison para",https://www.amazon.com.mx/dp/B09V6LWFX5,https://www.amazon.com/dp/B09V6LWFX5,SRKSB LLC,
,B09RT6N4BD,4,Herramientas y Mejoras del Hogar,disponible,no disponible,,,2025-10-17T22:07:51.239Z,2025-10-20T03:07:31.061Z,2025-10-28T03:51:45.273Z,1221.57,,"$1,230.80","Farol solar de ratán natural con asa, luces LED grandes impermeables decorativas de jardín, lámpara de mesa solar de ratán brillante para patio, boda, decoración del hogar",https://www.amazon.com.mx/dp/B09RT6N4BD,https://www.amazon.com/dp/B09RT6N4BD,SRKSB LLC,
,B09QYBLFLT,4,Herramientas y Mejoras del Hogar,disponible,no disponible,,,2025-10-17T22:07:51.239Z,2025-10-20T03:07:47.380Z,2025-10-28T03:52:00.018Z,1329.33,,"$1,335.66","Linterna solar impermeable de ratán para exterior, linterna decorativa bohemia luminosa con mango rústico para colgar o lámpara de mesa para vallas, porche, jardín, patio, decoración de boda",https://www.amazon.com.mx/dp/B09QYBLFLT,https://www.amazon.com/dp/B09QYBLFLT,SRKSB LLC,
,B09VBYWLPC,4,Herramientas y Mejoras del Hogar,disponible,disponible,,,2025-10-17T22:07:51.239Z,2025-10-20T03:07:55.536Z,2025-10-28T03:52:08.366Z,1647.51,49.99,"$1,658.47","GEEDIAR - Paquete de 4 luces solares flotantes para piscina inflables impermeables IP68, 14 pulgadas de luz solar LED para piscina al aire última intervensión, accesorios de piscina para piscinas enterradas, 4 unidades",https://www.amazon.com.mx/dp/B09VBYWLPC,https://www.amazon.com/dp/B09VBYWLPC,SRKSB LLC,HDLING
,B09V6ZYSWF,4,Herramientas y Mejoras del Hogar,disponible,disponible,,,2025-10-17T22:07:51.240Z,2025-10-20T03:08:04.218Z,2025-10-28T03:52:15.816Z,754.3,14.99,$759.39,"foco LED G8 Mini G8 de 3,5 W (equivalente a foco halógena de 35 W), base de dos pines T4 G8, 120 V, 3000 K, luz blanca cálida, G8 para iluminación debajo de la encimera, luz debajo del gabinete (paquete de 5)",https://www.amazon.com.mx/dp/B09V6ZYSWF,https://www.amazon.com/dp/B09V6ZYSWF,SRKSB LLC,lulusx
,B09SHDH1P5,4,Herramientas y Mejoras del Hogar,disponible,disponible,,,2025-10-17T22:07:51.240Z,2025-10-20T03:08:11.510Z,2025-10-28T03:52:22.524Z,1158.23,29.99,"$1,158.23","COOSA - Lámpara colgante de 1 luz, hecha a mano, para isla de cocina, acabado de níquel cepillado con accesorio ajustable montado en cable (tierra)",https://www.amazon.com.mx/dp/B09SHDH1P5,https://www.amazon.com/dp/B09SHDH1P5,SRKSB LLC,COOSA
,B09PL56NYJ,4,Herramientas y Mejoras del Hogar,disponible,disponible,,,2025-10-17T22:07:51.240Z,2025-10-20T03:08:19.576Z,2025-10-28T03:52:29.661Z,475.38,7.99,$475.38,"ZSSXOLED Bombillas LED C7 E12 de repuesto para lámparas de sal del Himalaya de 15 W, bombillas de luz nocturna, candelabros, bombillas LED C7, 6000 K, 2 unidades",https://www.amazon.com.mx/dp/B09PL56NYJ,https://www.amazon.com/dp/B09PL56NYJ,SRKSB LLC,lulusx
,B09P4MY2GH,4,Herramientas y Mejoras del Hogar,disponible,disponible,,,2025-10-17T22:07:51.240Z,2025-10-20T03:08:27.319Z,2025-10-28T03:52:38.043Z,967.71,24.99,$973.19,"Luces solares de jardín, luces de fuegos artificiales al aire última intervensión, paquete de 5 120 luces LED decorativas con mando a distancia, 8 modos de luz de paisaje de bricolaje, lámparas",https://www.amazon.com.mx/dp/B09P4MY2GH,https://www.amazon.com/dp/B09P4MY2GH,SRKSB LLC,RongHStec
,B09LTQY3LB,4,Herramientas y Mejoras del Hogar,disponible,disponible,,,2025-10-17T22:08:05.544Z,2025-10-20T03:08:34.971Z,2025-10-28T03:52:45.858Z,538.04,19.99,$625.56,"TFOI - Bombillas LED de emergencia recargables para fallas de alimentación en el hogar, funciona con pilas, corte de energía, camping, lectura, huracán, 12 W, 800 lm, E26, 4 unidades (luz diurna)",https://www.amazon.com.mx/dp/B09LTQY3LB,https://www.amazon.com/dp/B09LTQY3LB,Amazon Estados Unidos,qizikeji（ guangzhou ) youxiangongsi
,B09DXWN3R6,4,Herramientas y Mejoras del Hogar,disponible,disponible,,,2025-10-17T22:08:05.544Z,2025-10-20T03:08:41.949Z,2025-10-28T03:52:53.120Z,2811.61,85.49,"$2,919.29","Kaqur - Iluminación LED integrada de 7 pulgadas y 1.8 W, luces de paisaje de bajo voltaje de 12 V CA/CC, luces de pared de retención, luz de paso IP65 para exteriores, blanco suave de 2700 K, certificación ETL, 50.000 horas de vida útil, paquete de 8",https://www.amazon.com.mx/dp/B09DXWN3R6,https://www.amazon.com/dp/B09DXWN3R6,AKCES STORE,KAE KAQUR
,B09DCC35FD,4,Herramientas y Mejoras del Hogar,disponible,disponible,,,2025-10-17T22:08:05.544Z,2025-10-20T03:08:50.229Z,2025-10-28T03:53:01.363Z,4181.5,119,"$4,181.50","Moderna lámpara de araña de cristal, lámpara colgante de techo negra regulable, lámpara redonda de 16 pulgadas, gota de lluvia para sala de estar, comedor, dormitorio, vestíbulo, cocina, 3 niveles, 6 luces",https://www.amazon.com.mx/dp/B09DCC35FD,https://www.amazon.com/dp/B09DCC35FD,SRKSB LLC,A AXILIXI Lighting
,B099PKVRWL,4,Herramientas y Mejoras del Hogar,disponible,disponible,,,2025-10-17T22:08:05.544Z,2025-10-20T03:08:58.280Z,2025-10-28T03:53:09.828Z,525.29,9.99,$525.29,"Adzok - foco G8, GY8.6 con base de dos pines, no regulable, tipo T4, xenón JCD, 120 V, 35 W, halógeno de repuesto para iluminación de cocina debajo del mostrador (paquete de 5, luz blanca diurna 6000",https://www.amazon.com.mx/dp/B099PKVRWL,https://www.amazon.com/dp/B099PKVRWL,SRKSB LLC,BonHF
,B092D3ZL2K,4,Herramientas y Mejoras del Hogar,disponible,disponible,,,2025-10-17T22:08:05.544Z,2025-10-20T03:09:05.761Z,2025-10-28T03:53:17.918Z,1315.56,39.99,"$1,315.56","Guirnalda de luces para exteriores G40 de 30,5 m, bombillas inastillables regulables para luces de patio, patio, porche, boda, fiesta, iluminación comercial, lista UL",https://www.amazon.com.mx/dp/B092D3ZL2K,https://www.amazon.com/dp/B092D3ZL2K,SRKSB LLC,Tongxing Store
,B099WZNBG1,4,Herramientas y Mejoras del Hogar,disponible,disponible,,,2025-10-17T22:08:05.544Z,2025-10-20T03:09:14.715Z,2025-10-28T03:53:25.104Z,1071.6,30.98,"$1,148.14","Paquete de 2 bombillas LED equivalentes a 500 W, 7500 lúmenes, 5000 K, 60 W, luz blanca fría E26/E27, base media para exteriores, taller, garaje, almacén, fábrica, patio trasero, calle, 2 unidades",https://www.amazon.com.mx/dp/B099WZNBG1,https://www.amazon.com/dp/B099WZNBG1,SRKSB LLC,QBP Lighting
,B099NK3BMC,4,Herramientas y Mejoras del Hogar,disponible,no disponible,,,2025-10-17T22:08:05.544Z,2025-10-20T03:09:22.628Z,2025-10-28T03:53:32.921Z,948.4,,$944.92,"Vosaro - Luces solares de jardín, impermeables, decorativas, 7 colores cambiantes, luz de estaca solar para camino, patio, césped, decoración de vacaciones, 3 unidades",https://www.amazon.com.mx/dp/B099NK3BMC,https://www.amazon.com/dp/B099NK3BMC,SRKSB LLC,
,B097RY4XVN,4,Herramientas y Mejoras del Hogar,disponible,disponible,,,2025-10-17T22:08:05.544Z,2025-10-20T03:09:29.651Z,2025-10-28T03:53:41.277Z,850.59,22.99,$863.35,"Luces LED de garaje, 60 W deformables LED iluminación de techo de garaje 6000 lm E26/E27 luz de día 6500 K super brillante luz de garaje luz ajustable para garaje, banco de trabajo, granero, almacén",https://www.amazon.com.mx/dp/B097RY4XVN,https://www.amazon.com/dp/B097RY4XVN,SRKSB LLC,Enoptics
,B09633SBKT,4,Herramientas y Mejoras del Hogar,disponible,disponible,,,2025-10-17T22:08:05.545Z,2025-10-20T03:09:37.722Z,2025-10-28T03:53:49.252Z,1338.1,39.99,"$1,340.29","MOON-DE-AGE - Luces colgantes solares con control remoto, 3 colores y 2 modos de brillo temporizador de 8 pulgadas para colgar al aire última intervensión, lámpara de araña de cobertizo de gallinero,",https://www.amazon.com.mx/dp/B09633SBKT,https://www.amazon.com/dp/B09633SBKT,SRKSB LLC,Moon De Age
,B092V8V7NH,4,Herramientas y Mejoras del Hogar,disponible,disponible,,,2025-10-17T22:08:05.545Z,2025-10-20T03:09:45.780Z,2025-10-28T03:53:58.073Z,1013.55,29.69,$970.05,"NFESOLAR - Luces solares para exteriores con 16 LED, paquete de 8 luces solares brillantes multicolor para exteriores, impermeables, para caminos, jardín, césped, pasarela, Halloween, decoraciones de",https://www.amazon.com.mx/dp/B092V8V7NH,https://www.amazon.com/dp/B092V8V7NH,M&H Customer Friendly Store,NFESOLAR
,B0915MKXYH,4,Herramientas y Mejoras del Hogar,disponible,disponible,,,2025-10-17T22:08:05.545Z,2025-10-20T03:09:54.600Z,2025-10-28T03:54:05.753Z,1376.91,58.99,"$1,752.46","Gasonny Luces LED empotrables de 4 pulgadas, iluminación empotrada LED ultrafina ajustable con caja de conexiones de 9 W, 750 lm, luz de geiling regulable ETL (opción 3000 K/4000 K/5000 K, 4 unidades)",https://www.amazon.com.mx/dp/B0915MKXYH,https://www.amazon.com/dp/B0915MKXYH,Amazon Estados Unidos,Gasonny
,B08D8Y5CQS,4,Herramientas y Mejoras del Hogar,disponible,no disponible,,,2025-10-17T22:08:05.545Z,2025-10-20T03:10:02.679Z,2025-10-28T03:54:13.681Z,1616.4,,"$1,565.31","Aplique de pared para exteriores con certificación ETL, impermeable, 60 W, luz de porche exterior, lámpara de montaje en pared de aluminio esmerilado con bombillas LED E26/E27 para patio, jardín, 2 unidades, negro mate, DECLUTTR",https://www.amazon.com.mx/dp/B08D8Y5CQS,https://www.amazon.com/dp/B08D8Y5CQS,CATTLESIV,
,B07MH4HKYB,4,Herramientas y Mejoras del Hogar,disponible,disponible,,,2025-10-17T22:08:05.545Z,2025-10-20T03:10:10.551Z,2025-10-28T03:54:20.773Z,813.65,26.99,$834.22,"JandCase BR30 - foco de luz que cambia de color, RGB+luz LED cálida y blanca fría, 12 W (equivalente a 100 W), 1050 lm, control remoto, bombillas regulables multicolor para techo, base E26, paquete de",https://www.amazon.com.mx/dp/B07MH4HKYB,https://www.amazon.com/dp/B07MH4HKYB,SRKSB LLC,JCase Accessories Inc
,B09XTGSJS7,4,Herramientas y Mejoras del Hogar,disponible,disponible,,,2025-10-17T22:08:05.545Z,2025-10-20T03:10:18.131Z,2025-10-28T03:54:28.360Z,6863.78,229.9,"$7,012.65","A AXILIXI - Lámpara de araña de vidrio moderna dorada de 24 pulgadas para comedor, 12 luces de techo, colgante de gota de lluvia de lujo, color dorado para entrada, sala de estar",https://www.amazon.com.mx/dp/B09XTGSJS7,https://www.amazon.com/dp/B09XTGSJS7,Luxury Best Store,A AXILIXI Lighting
,B09M36V44B,4,Herramientas y Mejoras del Hogar,disponible,disponible,,,2025-10-17T22:08:05.545Z,2025-10-20T03:10:33.643Z,2025-10-28T03:54:42.368Z,2027.29,59.49,"$2,027.29","Gifarich - Lámparas de araña negras para comedor sobre mesa, lámparas modernas de granja para sala de estar, 9 luces industriales de metal para entrada, cocina, vestíbulo de isla",https://www.amazon.com.mx/dp/B09M36V44B,https://www.amazon.com/dp/B09M36V44B,SRKSB LLC,Gifarich -US
,B08P5995TP,4,Herramientas y Mejoras del Hogar,disponible,no disponible,,,2025-10-17T22:08:05.545Z,2025-10-20T03:10:43.115Z,2025-10-28T03:54:51.634Z,1961.28,,"$1,966.62","Fabulis - Lámpara de cambiador con 3 luces clásicas de baño, moderna lámpara de pared con visualización de vidrio transparente, elegante aplique de pared para espejo, recámara, granja, baño, sala de estar, pasillo, negro mate",https://www.amazon.com.mx/dp/B08P5995TP,https://www.amazon.com/dp/B08P5995TP,SRKSB LLC,
,B08D9NWV23,4,Herramientas y Mejoras del Hogar,disponible,disponible,,,2025-10-17T22:08:16.787Z,2025-10-20T03:10:52.214Z,2025-10-28T03:54:59.355Z,767.62,17.99,$767.62,"VSATEN - Luz nocturna de dinosaurio para niños, luz nocturna de silicona que cambia de color con sensor táctil para recámara de niños, lámpara LED recargable por USB, lámpara LED para habitación de",https://www.amazon.com.mx/dp/B08D9NWV23,https://www.amazon.com/dp/B08D9NWV23,SRKSB LLC,VSATEN-Direct
,B08D3QCHCM,4,Herramientas y Mejoras del Hogar,disponible,disponible,,,2025-10-17T22:08:16.787Z,2025-10-20T03:11:00.721Z,2025-10-28T03:55:08.230Z,607.86,12.99,$607.86,"JandCase Bombillas LED, ventilador de techo, base pequeña, bombilla redonda de 6 W, equivalente a 60 W, 3000 K, bombillas LED E12 Candelabro, bombillas LED G14 para ventilador de techo, candelabro, tocador, no regulable, listado UL, paquete de 6",https://www.amazon.com.mx/dp/B08D3QCHCM,https://www.amazon.com/dp/B08D3QCHCM,SRKSB LLC,JCase Accessories Inc
,B08B2WYHV7,4,Herramientas y Mejoras del Hogar,disponible,disponible,,,2025-10-17T22:08:16.787Z,2025-10-20T03:11:07.271Z,2025-10-28T03:55:16.060Z,763.09,15.95,$764.97,Backyadda - Botes de repuesto para antorcha (16 oz). Compatible con antorchas Tiki. Fácil apertura de llenado. Paquete de 4 unidades de metal estándar (sin tapas),https://www.amazon.com.mx/dp/B08B2WYHV7,https://www.amazon.com/dp/B08B2WYHV7,SRKSB LLC,5 Star North
,B08B146J9Q,4,Herramientas y Mejoras del Hogar,disponible,disponible,,,2025-10-17T22:08:16.787Z,2025-10-20T03:11:15.564Z,2025-10-28T03:55:25.111Z,1463.78,54.99,"$1,775.58","SAN YOUNG Barra de luz LED, cápsulas de luz LED de 4 pulgadas, 78 W, 5000 lm, luces LED de trabajo para camiones, barras de luz LED, cápsulas de 12 V, 24 V, recolección de barco, ATV, UTV, RV, focos",https://www.amazon.com.mx/dp/B08B146J9Q,https://www.amazon.com/dp/B08B146J9Q,Amazon Estados Unidos,San Young Lights
,B086MSJ47D,4,Herramientas y Mejoras del Hogar,disponible,disponible,,,2025-10-17T22:08:16.787Z,2025-10-20T03:11:22.914Z,2025-10-28T03:55:33.579Z,1185.7,45.99,"$1,193.71","JIOR - Focos solares de paisaje para exteriores, 32 LED IP65, impermeables, alimentados por energía solar, luces inalámbricas ajustables 2 en 1, para jardín, patio, entrada, piscina, patio, paquete de",https://www.amazon.com.mx/dp/B086MSJ47D,https://www.amazon.com/dp/B086MSJ47D,SRKSB LLC,yongyangshop
,B07K9SLN1F,4,Herramientas y Mejoras del Hogar,disponible,disponible,,,2025-10-17T22:08:16.787Z,2025-10-20T03:11:31.755Z,2025-10-28T03:55:41.336Z,685.71,16.99,$685.71,"Bawoo - Paquete de 6 luces LED para disco, control remoto, color blanco cálido, brillo regulable, funciona con pilas, para clóset, cocina, clóset",https://www.amazon.com.mx/dp/B07K9SLN1F,https://www.amazon.com/dp/B07K9SLN1F,SRKSB LLC,Gema US
,B0987YRLMR,4,Herramientas y Mejoras del Hogar,disponible,disponible,,,2025-10-17T22:08:16.787Z,2025-10-20T03:11:40.539Z,2025-10-28T03:55:49.232Z,1047.25,29.99,"$1,047.25","Luces solares para exteriores, 270 LED 3000 lm, luz con sensor de movimiento, IP65, impermeable, 4 cabezales, 3 modos, 330 ° gran angular 6500 K, luces de inundación inalámbricas, luces solares para",https://www.amazon.com.mx/dp/B0987YRLMR,https://www.amazon.com/dp/B0987YRLMR,SRKSB LLC,YueAo Shop
,B095WJHVMG,4,Herramientas y Mejoras del Hogar,disponible,disponible,,,2025-10-17T22:08:16.787Z,2025-10-20T03:11:47.824Z,2025-10-28T03:55:56.877Z,1068.2,32.39,"$1,084.98","Jolux - Luces LED para accesorios cerrados, bombillas LED equivalentes a 100 W, blanco suave de 2700 K, 1500 LM, base de tornillo medio E26, foco de alto lúmenes, no regulable, 6 unidades (paquete de",https://www.amazon.com.mx/dp/B095WJHVMG,https://www.amazon.com/dp/B095WJHVMG,SRKSB LLC,JOLUX
,B0D6BCR3BX,4,Herramientas y Mejoras del Hogar,disponible,disponible,,,2025-10-17T22:08:16.787Z,2025-10-20T03:11:54.897Z,2025-10-28T03:56:05.755Z,339,29.99,"$1,086.49","Liveasily Luces de Halloween, Decoración de Telaraña Solar, 14.8 x 16.4 pies, 135 Luces LED Verdes, Resistente al Agua IP44",https://www.amazon.com.mx/dp/B0D6BCR3BX,https://www.amazon.com/dp/B0D6BCR3BX,Marca: Liveasily,Lifa E-commerce
,B083GHXFTJ,4,Herramientas y Mejoras del Hogar,disponible,disponible,,,2025-10-17T22:08:16.788Z,2025-10-20T03:12:01.800Z,2025-10-28T03:56:14.477Z,531.83,9.99,$493.50,"Winzwon - Luces LED interiores para accesorios de coche para mujeres y hombres, regalos de cumpleaños para hombres, control de aplicación con puerto USB, sincronización de música, cambio de color",https://www.amazon.com.mx/dp/B083GHXFTJ,https://www.amazon.com/dp/B083GHXFTJ,Boon Shopping,Miorter
,B0822HCG21,4,Herramientas y Mejoras del Hogar,disponible,disponible,,,2025-10-17T22:08:16.788Z,2025-10-20T03:12:09.163Z,2025-10-28T03:56:22.033Z,2087.75,68.39,"$2,308.52","GLW - Luces de paisaje de 12 V, 10 W, bajo voltaje, RGB para exteriores, IP65 resistente al agua que cambia de color, luz LED de inundación, luz de pared regulable, lámpara de inundación, 16 colores, 4 modos (8 unidades)",https://www.amazon.com.mx/dp/B0822HCG21,https://www.amazon.com/dp/B0822HCG21,SRKSB LLC,GLW Lighting
,B07Y3TMQJ5,4,Herramientas y Mejoras del Hogar,disponible,disponible,,,2025-10-17T22:08:16.788Z,2025-10-20T03:12:17.422Z,2025-10-28T03:56:29.366Z,732.1,12.99,$737.04,"Luces de Navidad – Cadena de luces LED transparentes de 50 unidades, 8 modos de cable verde mini juego de luces con temporizador para árbol de Navidad, decoración interior y exterior, impermeable, blanco cálido",https://www.amazon.com.mx/dp/B07Y3TMQJ5,https://www.amazon.com/dp/B07Y3TMQJ5,SRKSB LLC,HoliDecor
,B07VZXKYXW,4,Herramientas y Mejoras del Hogar,disponible,disponible,,,2025-10-17T22:08:16.788Z,2025-10-20T03:12:26.339Z,2025-10-28T03:56:37.084Z,446,6.99,$446.00,PERFECTDAY - Luz de libro con 10 LED USB recargable con brillo de 3 niveles para protección ocular lámpara de lectura nocturna (10 LED),https://www.amazon.com.mx/dp/B07VZXKYXW,https://www.amazon.com/dp/B07VZXKYXW,SRKSB LLC,FINY PRODUCTS
,B07S3TC8F4,4,Herramientas y Mejoras del Hogar,disponible,disponible,,,2025-10-17T22:08:16.788Z,2025-10-20T03:12:33.771Z,2025-10-28T03:56:45.342Z,676.62,15.99,$681.19,"Ariceleo - Luces LED de hadas con pilas, 4 paquetes de mini luces de hadas estrelladas de alambre de cobre alimentadas por pilas, para recámara, Navidad, fiestas, boda, centro de mesa, decoración (5",https://www.amazon.com.mx/dp/B07S3TC8F4,https://www.amazon.com/dp/B07S3TC8F4,SRKSB LLC,MaiRuiSi
,B07RYKCC8P,4,Herramientas y Mejoras del Hogar,disponible,no disponible,,,2025-10-17T22:08:16.788Z,2025-10-20T03:12:41.650Z,2025-10-28T03:56:54.516Z,679.33,,$679.33,"Ariceleo - Luces LED de hadas con pilas, 4 paquetes de mini luces de hadas estrelladas de alambre de cobre alimentadas por pilas, para recámara, Navidad, fiestas, boda, centro de mesa, decoración (5",https://www.amazon.com.mx/dp/B07RYKCC8P,https://www.amazon.com/dp/B07RYKCC8P,SRKSB LLC,
,B07RVF998P,4,Herramientas y Mejoras del Hogar,disponible,disponible,,,2025-10-17T22:08:16.788Z,2025-10-20T03:12:50.068Z,2025-10-28T03:57:03.031Z,2492.34,74.95,"$2,509.00","BritTech - Letrero abierto de neón de 21 x 10 pulgadas, modelo 2025, con control remoto, ve tu negocio día o noche (21 x 10 pulgadas, azul/rojo)",https://www.amazon.com.mx/dp/B07RVF998P,https://www.amazon.com/dp/B07RVF998P,SRKSB LLC,BritTech LED Open Sign Manufacturer
,B094YDWNQY,4,Herramientas y Mejoras del Hogar,disponible,disponible,,,2025-10-17T22:08:25.273Z,2025-10-20T03:12:58.991Z,2025-10-28T03:57:11.513Z,798.81,18.99,$790.19,"XVZ - Lote de 2 farolillos solares para colgar, 30 luces LED de cristal agrietado, lámparas colgantes IP65 impermeables, lámparas solares para jardín, valla, patio, boda, Halloween, Navidad, blanco cálido",https://www.amazon.com.mx/dp/B094YDWNQY,https://www.amazon.com/dp/B094YDWNQY,SRKSB LLC,XVZ
,B08T64V91C,4,Herramientas y Mejoras del Hogar,disponible,no disponible,,,2025-10-17T22:08:25.273Z,2025-10-20T03:13:05.896Z,2025-10-28T03:57:18.910Z,2028.4,,"$2,028.40","WOCHOS Lámpara de araña retro industrial de metal y madera con 1 luz redonda para cocina, isla, vestíbulo, bar, comedor, restaurante, 19,8 cm de profundidad x 21,8 cm de alto",https://www.amazon.com.mx/dp/B08T64V91C,https://www.amazon.com/dp/B08T64V91C,SRKSB LLC,
,B0DCZDNCS9,4,Herramientas y Mejoras del Hogar,disponible,disponible,,,2025-10-17T22:08:25.273Z,2025-10-20T03:13:22.536Z,2025-10-28T03:57:33.516Z,2752.7,79.99,"$2,752.70","CONUCK - Lámpara de baño de 5 luces, accesorios de iluminación de baño sobre espejo, luz de cambiador negra con pantallas de vidrio transparente",https://www.amazon.com.mx/dp/B0DCZDNCS9,https://www.amazon.com/dp/B0DCZDNCS9,SRKSB LLC,CO-NUCK
,B08BNDM6SK,4,Herramientas y Mejoras del Hogar,disponible,disponible,,,2025-10-17T22:08:25.274Z,2025-10-20T03:13:29.936Z,2025-10-28T03:57:41.569Z,1552.68,44.99,"$1,514.51","Biling Focos solares para exteriores, luces solares brillantes de 700 lúmenes para exteriores, IP67, impermeables, luces solares para paisaje, luces ascendentes para casa, patio, camino, jardín, entrada, piscina, color blanco (paquete de 4)",https://www.amazon.com.mx/dp/B08BNDM6SK,https://www.amazon.com/dp/B08BNDM6SK,DAPHNE03 STORE,Lc_smarts
,B086MCRS3W,4,Herramientas y Mejoras del Hogar,disponible,no disponible,,,2025-10-17T22:08:25.274Z,2025-10-20T03:13:38.410Z,2025-10-28T03:57:50.038Z,605.91,,$606.85,"Paquete de 2 cadenas de 100 luces led con energía solar, cable de cobre impermeable al aire libre, 8 modos de luces de fantasía para jardín, patio, fiesta, Navidad, hogar",https://www.amazon.com.mx/dp/B086MCRS3W,https://www.amazon.com/dp/B086MCRS3W,SRKSB LLC,
,B0D9B57C3Y,4,Herramientas y Mejoras del Hogar,disponible,disponible,,,2025-10-17T22:08:25.274Z,2025-10-20T03:13:45.601Z,2025-10-28T03:57:57.491Z,3522.58,117.99,"$3,546.08","Kveosv - Lámpara de araña negra dorada moderna para comedor, 4 luces, iluminación de isla de cocina, colgante para lámparas lineales de granja de mediados de siglo con visualización de globo de vidrio",https://www.amazon.com.mx/dp/B0D9B57C3Y,https://www.amazon.com/dp/B0D9B57C3Y,SEONGSAN,zhiyik
,B0D98MGLG3,4,Herramientas y Mejoras del Hogar,disponible,disponible,,,2025-10-17T22:08:25.274Z,2025-10-20T03:13:53.079Z,2025-10-28T03:58:05.334Z,981.93,19.99,$988.56,"Decoraciones de Navidad para exteriores, 4 juegos de árbol de Navidad solar con 80 luces LED de fresa multicolor y decoración de estrella, 8 modos de iluminación, luces impermeables para caminos",https://www.amazon.com.mx/dp/B0D98MGLG3,https://www.amazon.com/dp/B0D98MGLG3,SRKSB LLC,LuPu
,B0D93DBQKM,4,Herramientas y Mejoras del Hogar,disponible,disponible,,,2025-10-17T22:08:25.274Z,2025-10-20T03:14:01.469Z,2025-10-28T03:58:13.292Z,3396.54,73.14,"$3,419.46","Pevfah Crystal - Lámpara de techo redonda chapada en cromo, moderno candelabro de 3 luces, 15.7 x 10.7 pulgadas, transparente, para sala de estar, pasillo, baño, cocina, recámara",https://www.amazon.com.mx/dp/B0D93DBQKM,https://www.amazon.com/dp/B0D93DBQKM,SRKSB LLC,Pevfah
,B0D5H6B8LL,4,Herramientas y Mejoras del Hogar,disponible,no disponible,,,2025-10-17T22:08:25.274Z,2025-10-20T03:14:09.793Z,2025-10-28T03:58:21.117Z,2990.16,,"$2,988.78","Lámparas de cambiador de baño de 5 luces, luz de baño de madera, apliques rústicos con elegante visualización de metal para sala de estar, recámara, pasillo..",https://www.amazon.com.mx/dp/B0D5H6B8LL,https://www.amazon.com/dp/B0D5H6B8LL,SEONGSAN,
,B0D52SMDY1,4,Herramientas y Mejoras del Hogar,disponible,disponible,,,2025-10-17T22:08:25.274Z,2025-10-20T03:14:16.878Z,2025-10-28T03:58:29.688Z,5494.97,199.99,"$5,453.20","Tomourd - Lámpara de pared LED de 40 W, 4000 lm, 5000 K, 360 °, gran angular, IP66, impermeable, para uso en pared para exteriores, paquete de pared, iluminación ideal para cochera (4 paquetes)",https://www.amazon.com.mx/dp/B0D52SMDY1,https://www.amazon.com/dp/B0D52SMDY1,New Shire LLC,kingying
,B0B2X5VYP4,4,Herramientas y Mejoras del Hogar,disponible,no disponible,,,2025-10-17T22:08:25.274Z,2025-10-20T03:14:24.597Z,2025-10-28T03:58:37.029Z,1143.22,,"$1,143.22","ClanKin Apliques de pared, lámpara de pared regulable para recámara industrial, iluminación de fregadero de baño para recámara, pasillo, sala de estar (1 paquete, negro con Swtich)",https://www.amazon.com.mx/dp/B0B2X5VYP4,https://www.amazon.com/dp/B0B2X5VYP4,SRKSB LLC,
,B07ZW13PJX,4,Herramientas y Mejoras del Hogar,disponible,no disponible,,,2025-10-17T22:08:25.274Z,2025-10-20T03:14:32.033Z,2025-10-28T03:58:45.747Z,595.73,,$599.76,"Kit de lámpara de cable de luz colgante, cable de foco colgante de 15 pies con certificación UL E26, kit de cable de enchufe, con interruptor de palanca de encendido/apagado + ganchos + enchufe de",https://www.amazon.com.mx/dp/B07ZW13PJX,https://www.amazon.com/dp/B07ZW13PJX,SRKSB LLC,
,B07PFTCKL3,4,Herramientas y Mejoras del Hogar,disponible,disponible,,,2025-10-17T22:08:25.274Z,2025-10-20T03:14:40.140Z,2025-10-28T03:58:54.426Z,555.56,9.99,$555.56,"LOHAS Luz nocturna enchufable, luces LED de noche regulables con sensor de anochecer a amanecer, luz nocturna de sueño de 3000 K, brillo ajustable, mini luz de 5 a 80 lm, para guardería, habitación de",https://www.amazon.com.mx/dp/B07PFTCKL3,https://www.amazon.com/dp/B07PFTCKL3,SRKSB LLC,LOHAS-LED
,B0757WG6GX,4,Herramientas y Mejoras del Hogar,disponible,no disponible,,,2025-10-17T22:08:25.275Z,2025-10-20T03:14:47.749Z,2025-10-28T03:59:01.896Z,799.68,,$771.38,"Elsent - Paquete de 4 luces LED de noche rojas reales, enchufe en luces de pared con sensor de luz, adecuado para recámara, habitación de bebé y niños (diseño único de cubierta rosa)",https://www.amazon.com.mx/dp/B0757WG6GX,https://www.amazon.com/dp/B0757WG6GX,Rimecebuy,
,B071WW3CYN,4,Herramientas y Mejoras del Hogar,disponible,no disponible,,,2025-10-17T22:08:25.275Z,2025-10-20T03:14:56.539Z,2025-10-28T03:59:09.133Z,653.64,,$653.64,"OTTFF - Juego de 16 cables colgantes de luz de 3.2 pies, cables de suspensión de techo con pinzas ajustables para luces hexagonales de cochera, paneles LED, luces de acuario, carga máxima de 7 libras",https://www.amazon.com.mx/dp/B071WW3CYN,https://www.amazon.com/dp/B071WW3CYN,SRKSB LLC,
,B06XHJP5PC,4,Herramientas y Mejoras del Hogar,disponible,no disponible,,,2025-10-17T22:08:25.275Z,2025-10-20T03:15:04.025Z,2025-10-28T03:59:16.536Z,588.74,,$587.36,"OTTFF - Juego de 8 cables de suspensión de luz de techo de 3.3 pies, acero de longitud ajustable para luz hexagonal de cochera, panel LED, luces de acuario",https://www.amazon.com.mx/dp/B06XHJP5PC,https://www.amazon.com/dp/B06XHJP5PC,Boon Shopping,
,B00ANU0HPK,4,Herramientas y Mejoras del Hogar,disponible,no disponible,,,2025-10-17T22:08:36.860Z,2025-10-20T03:15:11.358Z,2025-10-28T03:59:23.617Z,555.45,,$564.22,"Novelty Lights Traditional Christmas Bubble Light Night Light, Red Liquid, 1 Pack",https://www.amazon.com.mx/dp/B00ANU0HPK,https://www.amazon.com/dp/B00ANU0HPK,SRKSB LLC,
,B0D5TFL2YP,4,Herramientas y Mejoras del Hogar,disponible,disponible,,,2025-10-17T22:08:36.860Z,2025-10-20T03:15:18.185Z,2025-10-28T03:59:31.988Z,572.55,11.99,$605.76,"Wowza Powah - Cadena de luces de camping 4 en 1 de 32.8 pies para exteriores, almacenamiento rápido, cadena de luces y linternas, 8 modos retráctiles, esenciales, impermeables, luces de campamento",https://www.amazon.com.mx/dp/B0D5TFL2YP,https://www.amazon.com/dp/B0D5TFL2YP,Ovolos,SparkleGiGi
,B07QLQHQQ2,4,Herramientas y Mejoras del Hogar,disponible,disponible,,,2025-10-17T22:08:36.860Z,2025-10-20T03:15:26.425Z,2025-10-28T03:59:40.088Z,1638.14,46.99,"$1,638.14","YEEGO DIRECT - Barra de luz LED de 7 pulgadas, 240 W 24000 lm, luces LED todoterreno, luces de trabajo impermeables para camión, UTV, ATV, SUV, 12 V, 24 V, tractor, camioneta, barco (4 piezas)",https://www.amazon.com.mx/dp/B07QLQHQQ2,https://www.amazon.com/dp/B07QLQHQQ2,SRKSB LLC,YEEGO DIRECT
,B018FXNV0O,4,Herramientas y Mejoras del Hogar,disponible,no disponible,,,2025-10-17T22:08:36.860Z,2025-10-20T03:15:34.404Z,2025-10-28T03:59:48.751Z,673.9,,$678.46,"OTTFF 3W E27 Disco Ball Lamp RGB Rotating LED Strobe Party Bulb Stage Light for Family Party,Birthday,Festival,Desk Lamp Decoration,Remote Control",https://www.amazon.com.mx/dp/B018FXNV0O,https://www.amazon.com/dp/B018FXNV0O,SRKSB LLC,
,B004OZKLBK,4,Herramientas y Mejoras del Hogar,disponible,disponible,,,2025-10-17T22:08:36.860Z,2025-10-20T03:15:42.878Z,2025-10-28T03:59:55.708Z,731.73,11.99,$736.67,"Novelty Lights 25 Pack C7 Outdoor Christmas Replacement Bulbs, Blue, C7/E12 Candelabra Base, 5 Watt",https://www.amazon.com.mx/dp/B004OZKLBK,https://www.amazon.com/dp/B004OZKLBK,SRKSB LLC,"Novelty Lights, LLC"
,B005MZC82Q,4,Herramientas y Mejoras del Hogar,disponible,disponible,,,2025-10-17T22:08:36.860Z,2025-10-20T03:15:50.222Z,2025-10-28T04:00:03.938Z,1026.1,28.98,"$1,032.48","Novelty Lights 25 Pack S14 Outdoor Patio Edison Replacement Bulbs, E27 Medium Base, Ceramic Multi, 11 Watt",https://www.amazon.com.mx/dp/B005MZC82Q,https://www.amazon.com/dp/B005MZC82Q,SRKSB LLC,"Novelty Lights, LLC"
,B07N8K7JJ4,4,Herramientas y Mejoras del Hogar,disponible,no disponible,,,2025-10-17T22:08:36.860Z,2025-10-20T03:16:05.789Z,2025-10-28T04:00:18.665Z,650.25,,$654.64,"Great Eagle Lighting Corporation - Bombilla Foco LED A19 equivalente a 40/60/100 W equivalente a 3 vías, 3000 K, Color Blanco Suave (Paquete de 4)",https://www.amazon.com.mx/dp/B07N8K7JJ4,https://www.amazon.com/dp/B07N8K7JJ4,SRKSB LLC,
,B07GB2PGY2,4,Herramientas y Mejoras del Hogar,disponible,disponible,,,2025-10-17T22:08:36.860Z,2025-10-20T03:16:14.186Z,2025-10-28T04:00:26.870Z,782.1,15.89,$659.11,"ST38 - Guirnalda de luces de 3 m con 11 bombillas Edison transparentes, base E12 con certificación UL para porche de fiesta, patio trasero, cable negro",https://www.amazon.com.mx/dp/B07GB2PGY2,https://www.amazon.com/dp/B07GB2PGY2,SRKSB LLC,Boutiquewindow
,B073M28VC9,4,Herramientas y Mejoras del Hogar,disponible,no disponible,,,2025-10-17T22:08:36.860Z,2025-10-20T03:16:22.767Z,2025-10-28T04:00:34.449Z,814.66,,$814.66,"Elsent [Pack de 4] Enchufe en LED Brillante Azul luz de Noche con Sensor de Dusk a Dawn, Auto ON/Off – Perfecto para baño, Pasillo y Cocina",https://www.amazon.com.mx/dp/B073M28VC9,https://www.amazon.com/dp/B073M28VC9,SRKSB LLC,
,B004Q65OJQ,4,Herramientas y Mejoras del Hogar,disponible,disponible,,,2025-10-17T22:08:36.861Z,2025-10-20T03:16:31.354Z,2025-10-28T04:00:42.381Z,664.5,16.22,$670.27,"Novelty Lights 25 Pack G30 Outdoor Globe Replacement Bulbs, Red, C7/E12 Candelabra Base, 5 Watt",https://www.amazon.com.mx/dp/B004Q65OJQ,https://www.amazon.com/dp/B004Q65OJQ,SRKSB LLC,"Novelty Lights, LLC"
,B0B1V3VLXF,4,Herramientas y Mejoras del Hogar,disponible,disponible,,,2025-10-17T22:08:36.861Z,2025-10-20T03:16:39.577Z,2025-10-28T04:00:50.651Z,729,39.99,"$1,161.46","Luces láser de Navidad, proyector de luces láser para jardín al aire última intervensión, estrella de movimiento, 3 colores, rojo, verde, azul, a prueba de agua, adecuado para decoración de jardín al",https://www.amazon.com.mx/dp/B0B1V3VLXF,https://www.amazon.com/dp/B0B1V3VLXF,天天zrl來財,CAIYUE
,B0C7QQQ8V9,4,Herramientas y Mejoras del Hogar,disponible,disponible,,,2025-10-17T22:08:36.861Z,2025-10-20T03:16:47.084Z,2025-10-28T04:00:58.462Z,803.62,23.19,$988.90,"HAJAE - Letreros de neón de Jesús con luces led para decoración de pared, recámara, sala, bodas, luz regulable para decoración del hogar, eventos religiosos, regalos de Navidad y Pascua, cruz de Jesús",https://www.amazon.com.mx/dp/B0C7QQQ8V9,https://www.amazon.com/dp/B0C7QQQ8V9,Amazon Estados Unidos,Hajaed
,B094N4V1ZH,4,Herramientas y Mejoras del Hogar,disponible,disponible,,,2025-10-17T22:08:36.861Z,2025-10-20T03:16:55.516Z,2025-10-28T04:01:07.320Z,768.88,19.97,$764.60,"foco LED recargable de emergencia con gancho, se mantiene encendida cuando falla la alimentación, bombillas LED equivalentes a 1500 mAh, 12 W y 60 W para el hogar, camping, senderismo, paquete de 4",https://www.amazon.com.mx/dp/B094N4V1ZH,https://www.amazon.com/dp/B094N4V1ZH,SRKSB LLC,LingHang WuLiu
,B095RL5DHK,4,Herramientas y Mejoras del Hogar,disponible,disponible,,,2025-10-17T22:08:36.861Z,2025-10-20T03:17:03.820Z,2025-10-28T04:01:14.575Z,602,39.89,"$1,284.28","Omgomne - Lámpara colgante moderna para isla de cocina, 1 luz, color negro, oro GU10, cable de luz colgante ajustable para sala de estar, recámara, comedor, 1 paquete",https://www.amazon.com.mx/dp/B095RL5DHK,https://www.amazon.com/dp/B095RL5DHK,nong mei25,OUMONTE
,B08J6SRZ9Q,4,Herramientas y Mejoras del Hogar,disponible,no disponible,,,2025-10-17T22:08:36.861Z,2025-10-20T03:17:10.745Z,2025-10-28T04:01:21.721Z,4821.05,,"$5,066.38","Bribyit Kitchen Island Lighting, 33.5-Inch 5 Lights Farmhouse Linear Chandelier for Dining Room Pool Table Pendant Light Fixture, Rustic Wood Grain Finish, Industrial Pendant Light…",https://www.amazon.com.mx/dp/B08J6SRZ9Q,https://www.amazon.com/dp/B08J6SRZ9Q,MX Shipment's,
,B07Z8XLGRC,4,Herramientas y Mejoras del Hogar,disponible,no disponible,,,2025-10-17T22:08:36.861Z,2025-10-20T03:17:18.834Z,2025-10-28T04:01:29.627Z,4691.9,,"$5,013.37","Ventilador de techo de vidrio de 52 pulgadas con luces, 5 cuchillas de madera y hermosa lámpara, ventilador de techo moderno con motor silencioso, ventilador de araña con control remoto para recámara,",https://www.amazon.com.mx/dp/B07Z8XLGRC,https://www.amazon.com/dp/B07Z8XLGRC,MX Shipment's,
,B0DGY3C2R7,4,Herramientas y Mejoras del Hogar,disponible,disponible,,,2025-10-17T22:08:49.577Z,2025-10-20T03:17:26.193Z,2025-10-28T04:01:37.900Z,865.42,30.39,"$1,087.20","Letreros de neón de coronas de Navidad, señal de luz LED de Navidad, luces de neón para fiestas, hogar, bar, festivales, decoración de pared, alimentada por USB",https://www.amazon.com.mx/dp/B0DGY3C2R7,https://www.amazon.com/dp/B0DGY3C2R7,Amazon Estados Unidos,GC Neon Life
,B0D97C6PVG,4,Herramientas y Mejoras del Hogar,disponible,disponible,,,2025-10-17T22:08:49.577Z,2025-10-20T03:17:32.969Z,2025-10-28T04:01:45.892Z,517.4,18.99,$742.55,"Velas flotantes con varita – Paquete de 12 velas mágicas sin llama parpadeantes, luz cálida, velas LED para colgar a distancia, velas que funcionan con pilas para Navidad, decoración de fiestas",https://www.amazon.com.mx/dp/B0D97C6PVG,https://www.amazon.com/dp/B0D97C6PVG,Amazon Estados Unidos,Goodkidstoys
,B0CFT7DGNB,4,Herramientas y Mejoras del Hogar,disponible,no disponible,,,2025-10-17T22:08:49.577Z,2025-10-20T03:17:40.574Z,2025-10-28T04:01:53.873Z,475.71,,$466.62,"Letras LED pequeñas para marquesina, letras iluminadas, letras LED de 8.58 pulgadas, letrero iluminado con pilas para mesa, fiesta, cumpleaños, decoración de Navidad (rosa purpurina, letra J)",https://www.amazon.com.mx/dp/B0CFT7DGNB,https://www.amazon.com/dp/B0CFT7DGNB,SRKSB LLC,
,B0CDJFKVMF,4,Herramientas y Mejoras del Hogar,disponible,disponible,,,2025-10-17T22:08:49.577Z,2025-10-20T03:17:48.925Z,2025-10-28T04:02:01.979Z,1446.7,36.09,"$1,446.70","LOEHINLE - Lámpara colgante clásico de granja con visualización de metal, luces industriales de granero para pasillo, isla de cocina, fregadero, comedor, sala de estar, negro, 12.2 pulgadas",https://www.amazon.com.mx/dp/B0CDJFKVMF,https://www.amazon.com/dp/B0CDJFKVMF,SRKSB LLC,CLOLUE
,B0C39SXQ41,4,Herramientas y Mejoras del Hogar,disponible,disponible,,,2025-10-17T22:08:49.577Z,2025-10-20T03:17:56.754Z,2025-10-28T04:02:10.990Z,528.57,10.39,$524.19,"Luces de disco con temporizador remoto, luces LED que funcionan con pilas, luces LED para estante de pegar luces inalámbricas, luces de mostrador RGB que cambian de color, 2 unidades, color blanco",https://www.amazon.com.mx/dp/B0C39SXQ41,https://www.amazon.com/dp/B0C39SXQ41,SRKSB LLC,Digit.LED
,B092DC6W14,4,Herramientas y Mejoras del Hogar,disponible,disponible,,,2025-10-17T22:08:49.577Z,2025-10-20T03:18:03.527Z,2025-10-28T04:02:18.446Z,2229.94,65.99,"$2,271.82","Chosenior - Lámpara de baño negra, 3 luces modernas con visualización de vidrio transparente para espejo, cocina, recámara, pasillo",https://www.amazon.com.mx/dp/B092DC6W14,https://www.amazon.com/dp/B092DC6W14,SRKSB LLC,Chosenior
,B098J6LNG4,4,Herramientas y Mejoras del Hogar,disponible,disponible,,,2025-10-17T22:08:49.577Z,2025-10-20T03:18:11.217Z,2025-10-28T04:02:26.577Z,436.77,10.99,$626.73,"AKSDA - Luz LED regulable para debajo del gabinete, iluminación inalámbrica, barra magnética de luz nocturna con batería recargable, mostrador para escaleras de cocina, pasillo, fregadero",https://www.amazon.com.mx/dp/B098J6LNG4,https://www.amazon.com/dp/B098J6LNG4,BDQYQ,AKSDA-US
,B0BVBM9ZCD,4,Herramientas y Mejoras del Hogar,disponible,no disponible,,,2025-10-17T22:08:49.578Z,2025-10-20T03:18:19.962Z,2025-10-28T04:02:33.521Z,1874.94,,"$1,874.94","HiBay - Juego de 2 lámparas de noche táctiles de 17.7 pulgadas con puertos de carga USB y salida de CA, luces de noche blancas modernas para recámara, sala de estar, habitación de los niños",https://www.amazon.com.mx/dp/B0BVBM9ZCD,https://www.amazon.com/dp/B0BVBM9ZCD,SRKSB LLC,
,B09Y344K1F,4,Herramientas y Mejoras del Hogar,disponible,disponible,,,2025-10-17T22:08:49.578Z,2025-10-20T03:18:28.264Z,2025-10-28T04:02:41.699Z,457.3,14.99,$695.83,"NEROSUN Luces de Navidad multicolor que funcionan con pilas, paquete de 2 50 luces LED de 16 pies impermeables para árbol de Navidad con 8 modos, decoraciones de Navidad para interiores y exteriores, patio, boda, decoración del hogar",https://www.amazon.com.mx/dp/B09Y344K1F,https://www.amazon.com/dp/B09Y344K1F,Amazon Estados Unidos,Siny YO LLC
,B09T6YXSXQ,4,Herramientas y Mejoras del Hogar,disponible,no disponible,,,2025-10-17T22:08:49.578Z,2025-10-20T03:18:36.275Z,2025-10-28T04:02:49.573Z,529.48,,$533.06,"Tira de luz LED blanca, 16 pies/5 m SMD5050 300 LED DC12 V flexible cinta LED cortable iluminación (sin enchufe de alimentación de 12 V/adaptador)",https://www.amazon.com.mx/dp/B09T6YXSXQ,https://www.amazon.com/dp/B09T6YXSXQ,SRKSB LLC,
,B0B1Q9W2ND,4,Herramientas y Mejoras del Hogar,disponible,disponible,,,2025-10-17T22:08:49.578Z,2025-10-20T03:18:51.598Z,2025-10-28T04:03:03.686Z,1081.56,29.99,"$1,088.87","RIDALUX - Luces solares para exteriores, paquete de 8 luces solares con llama parpadeante para decoración de jardín, iluminación impermeable al aire última intervensión, linterna de llama LED para",https://www.amazon.com.mx/dp/B0B1Q9W2ND,https://www.amazon.com/dp/B0B1Q9W2ND,SRKSB LLC,RIDALUX LIGHTING
,B09XTPZXG5,4,Herramientas y Mejoras del Hogar,disponible,disponible,,,2025-10-17T22:08:49.578Z,2025-10-20T03:18:59.537Z,2025-10-28T04:03:12.376Z,3659.14,119,"$3,791.94","AXILIXI - Candelabros de cristal dorado de 16 pulgadas, lámpara colgante de techo moderna para comedor, regulable, pequeño montaje empotrado, candelabros redondos para vestíbulo, cocina, isla de entrada",https://www.amazon.com.mx/dp/B09XTPZXG5,https://www.amazon.com/dp/B09XTPZXG5,SRKSB LLC,A AXILIXI Lighting
,B09T929FVZ,4,Herramientas y Mejoras del Hogar,disponible,disponible,,,2025-10-17T22:08:49.578Z,2025-10-20T03:19:07.682Z,2025-10-28T04:03:19.260Z,2427.76,64.99,"$2,426.38",Postes de luz de cadena (paquete de 2),https://www.amazon.com.mx/dp/B09T929FVZ,https://www.amazon.com/dp/B09T929FVZ,Boon Shopping,Eslander
,B09Q5P162V,4,Herramientas y Mejoras del Hogar,disponible,no disponible,,,2025-10-17T22:08:49.578Z,2025-10-20T03:19:15.213Z,2025-10-28T04:03:27.389Z,1063.52,,"$1,062.14","Edzemuwa - Lámpara de techo de 3 luces, montaje empotrado en acabado negro mate, iluminación de granja para porche, pasillo, cocina, recámara",https://www.amazon.com.mx/dp/B09Q5P162V,https://www.amazon.com/dp/B09Q5P162V,Boon Shopping,
,B09MKLH48V,4,Herramientas y Mejoras del Hogar,disponible,disponible,,,2025-10-17T22:08:49.578Z,2025-10-20T03:19:22.621Z,2025-10-28T04:03:35.241Z,905.16,19.55,$905.16,"Nanzhujin - Linterna solar para exteriores, jardín, PVC, impermeable, 3 LED, sin llama, luces decorativas para mesa, exterior, fiesta, 00-1, cobre",https://www.amazon.com.mx/dp/B09MKLH48V,https://www.amazon.com/dp/B09MKLH48V,SRKSB LLC,nanzhujin
,B0967GT96Y,4,Herramientas y Mejoras del Hogar,disponible,no disponible,,,2025-10-17T22:08:49.578Z,2025-10-20T03:19:29.534Z,2025-10-28T04:03:43.450Z,2279.7,,"$2,279.70","HANASS MBA1237 - Lámpara de baño dorada de 21 pulgadas, 3 luces, con visualización de vidrio en acabado dorado, MBA1237",https://www.amazon.com.mx/dp/B0967GT96Y,https://www.amazon.com/dp/B0967GT96Y,SRKSB LLC,
,B093PSNZLY,4,Herramientas y Mejoras del Hogar,disponible,no disponible,,,2025-10-17T22:09:01.277Z,2025-10-20T03:19:37.404Z,2025-10-28T04:03:51.713Z,827.01,,$831.21,"WSYEAR - Regalo de Navidad para hija de mamá, ideas para regalos de mamá e hija, regalo para hija, luz nocturna, regalos para Navidad, cumpleaños, día de San Valentín, regalos de graduación",https://www.amazon.com.mx/dp/B093PSNZLY,https://www.amazon.com/dp/B093PSNZLY,Rimecebuy,
,B093KG6WXD,4,Herramientas y Mejoras del Hogar,disponible,disponible,,,2025-10-17T22:09:01.278Z,2025-10-20T03:19:46.454Z,2025-10-28T04:03:59.641Z,1081.92,23.99,"$1,081.92","Juego de 2 farolillos solares para colgar al aire libre luces decorativas para jardín, patio, porche. (Bronze)",https://www.amazon.com.mx/dp/B093KG6WXD,https://www.amazon.com/dp/B093KG6WXD,SRKSB LLC,XQL HomeDeco
,B08H2B4LCH,4,Herramientas y Mejoras del Hogar,disponible,no disponible,,,2025-10-17T22:09:01.278Z,2025-10-20T03:19:53.674Z,2025-10-28T04:04:08.549Z,3495.74,,"$3,493.72","Lucalda - Lámpara de cambiador de baño regulable de 6000 K, 26 pulgadas, color dorado champaña, luces LED de 12 W, barra acrílica, luz de cambiador de bronce champaña",https://www.amazon.com.mx/dp/B08H2B4LCH,https://www.amazon.com/dp/B08H2B4LCH,Rendomin,
,B088M42X4Z,4,Herramientas y Mejoras del Hogar,disponible,disponible,,,2025-10-17T22:09:01.278Z,2025-10-20T03:20:01.782Z,2025-10-28T04:04:15.774Z,1071.59,24.99,"$1,078.82","Biling Focos solares para exteriores, 2 en 1, luces solares de paisaje, 12 bombillas LED, luces solares IP67, impermeable, luz de pared ajustable para patio, camino, patio, jardín, entrada, piscina, color blanco (paquete de 2)",https://www.amazon.com.mx/dp/B088M42X4Z,https://www.amazon.com/dp/B088M42X4Z,SRKSB LLC,Lc_smarts
,B07WN96M7Z,4,Herramientas y Mejoras del Hogar,disponible,disponible,,,2025-10-17T22:09:01.278Z,2025-10-20T03:20:10.233Z,2025-10-28T04:04:22.666Z,645.68,22.99,$823.81,"Bombillas LED tubulares regulables de 6 W, 3000 K, blanco cálido, bombilla de filamento estilo Edison, bombilla vintage T10 equivalente a 60 W, E26 base media 550 lm, cubierta de vidrio transparente, 7.3 pulgadas (185 mm), paquete de 4",https://www.amazon.com.mx/dp/B07WN96M7Z,https://www.amazon.com/dp/B07WN96M7Z,Amazon Estados Unidos,VCTC Lighting
,B0822KLWMF,4,Herramientas y Mejoras del Hogar,disponible,disponible,,,2025-10-17T22:09:01.278Z,2025-10-20T03:20:17.544Z,2025-10-28T04:04:30.527Z,874.39,24.99,$890.36,"Biling - Focos solares para exteriores, 2 en 1, 12 bombillas LED, funciona con energía solar, IP67, impermeable, ajustable, para patio, camino, jardín, piscina, color blanco cálido (2 unidades)",https://www.amazon.com.mx/dp/B0822KLWMF,https://www.amazon.com/dp/B0822KLWMF,M&H Customer Friendly Store,Lc_smarts
,B07V4BXSVJ,4,Herramientas y Mejoras del Hogar,disponible,no disponible,,,2025-10-17T22:09:01.278Z,2025-10-20T03:20:25.442Z,2025-10-28T04:04:38.731Z,2925.79,,"$2,947.28","PUZHI HOME Isla de Cocina Negra, 3-luces Iluminación Colgante de Granja con Cortinas de Metal Lámpara Colgante Moderna para Cocina Comedor",https://www.amazon.com.mx/dp/B07V4BXSVJ,https://www.amazon.com/dp/B07V4BXSVJ,Rendomin,
,B07TSNS2YM,4,Herramientas y Mejoras del Hogar,disponible,disponible,,,2025-10-17T22:09:01.278Z,2025-10-20T03:20:33.460Z,2025-10-28T04:04:46.138Z,794.79,18.69,$805.63,"Prosperbiz - Bombillas LED regulables E12 de 6 vatios (equivalente a 60 W) G14 para ventilador de techo, luz blanca de día 5000 K, base de candelabro, forma de globo, 600 lúmenes, paquete de 6",https://www.amazon.com.mx/dp/B07TSNS2YM,https://www.amazon.com/dp/B07TSNS2YM,SRKSB LLC,Balder Direct
,B07TLS8NMM,4,Herramientas y Mejoras del Hogar,disponible,disponible,,,2025-10-17T22:09:01.278Z,2025-10-20T03:20:40.832Z,2025-10-28T04:04:53.728Z,1033.02,42.99,"$1,033.02","Lámpara de pared para exteriores con luz LED para porche, lámpara de pared cilíndrica de 60 W, resistente al agua, para jardín, patio, dormitorio, sala de estar, luz blanca nocturna, sin bombillas",https://www.amazon.com.mx/dp/B07TLS8NMM,https://www.amazon.com/dp/B07TLS8NMM,SRKSB LLC,Energy lighting
,B07MX5LLQS,4,Herramientas y Mejoras del Hogar,disponible,no disponible,,,2025-10-17T22:09:01.279Z,2025-10-20T03:20:49.094Z,2025-10-28T04:05:01.345Z,1092.41,,"$1,109.85","SUNWIND - Juego de 4 luces LED de valla para postes de madera de 4 x 4 y 5 x 5 pulgadas, color blanco cálido, impermeables, para decoración de terraza, patio o jardín (negro)",https://www.amazon.com.mx/dp/B07MX5LLQS,https://www.amazon.com/dp/B07MX5LLQS,M&H Customer Friendly Store,
,B07MG4HDKG,4,Herramientas y Mejoras del Hogar,disponible,disponible,,,2025-10-17T22:09:01.279Z,2025-10-20T03:20:56.066Z,2025-10-28T04:05:09.138Z,1281.3,35.09,"$1,376.15","Cadena de luces de patio de 50 pies con 53 bombillas de globo Edison, con certificación UL para uso en interiores y exteriores, base de enchufe E12, luces conectables para porche, cubierta, cenadores, balcón, boda, reuniones de fiesta, decoración, color negro",https://www.amazon.com.mx/dp/B07MG4HDKG,https://www.amazon.com/dp/B07MG4HDKG,SEONGSAN,Boutiquewindow
,B07Q6HDWZR,4,Herramientas y Mejoras del Hogar,disponible,disponible,,,2025-10-17T22:09:01.279Z,2025-10-20T03:21:04.815Z,2025-10-28T04:05:16.058Z,608.35,12.99,$608.35,"YUJIU - foco LED regulable de 8 W E17 para horno de microondas, luz LED de base intermedia, luz diurna de 6000 K 100 W equivalente a halógeno bajo microondas (paquete de 2)",https://www.amazon.com.mx/dp/B07Q6HDWZR,https://www.amazon.com/dp/B07Q6HDWZR,SRKSB LLC,"YuJiu,Light"
,B07DVDPYXX,4,Herramientas y Mejoras del Hogar,disponible,disponible,,,2025-10-17T22:09:01.279Z,2025-10-20T03:21:11.699Z,2025-10-28T04:05:23.533Z,681.58,14.89,$680.20,"Abeja Bombillas de repuesto G40, foco de globo transparente de 5 W para enchufes de base de rosca E12/C7, bombillas transparentes de 1.5 pulgadas para decoración de patio interior y exterior, paquete de 25",https://www.amazon.com.mx/dp/B07DVDPYXX,https://www.amazon.com/dp/B07DVDPYXX,Boon Shopping,Boutiquewindow
,B0788H7LS3,4,Herramientas y Mejoras del Hogar,disponible,disponible,,,2025-10-17T22:09:01.279Z,2025-10-20T03:21:19.468Z,2025-10-28T04:05:32.840Z,1664.28,49.99,"$1,664.28","7Pandas Bombillas LED PAR38 para inundación, bombilla halógena equivalente a 90 W, listado en ETL, cuerpo de vidrio completo, 14 W 1200 LM, uso en interiores y exteriores, paquete de 4, rojo",https://www.amazon.com.mx/dp/B0788H7LS3,https://www.amazon.com/dp/B0788H7LS3,SRKSB LLC,7Pandas
,B06XS1L7CN,4,Herramientas y Mejoras del Hogar,disponible,disponible,,,2025-10-17T22:09:01.279Z,2025-10-20T03:21:34.245Z,2025-10-28T04:05:47.273Z,705.21,18.99,$742.55,"110 V clásico bombillas, 4PCS 110V 60w A19, 4 PCS 60W A19",https://www.amazon.com.mx/dp/B06XS1L7CN,https://www.amazon.com/dp/B06XS1L7CN,M&H Customer Friendly Store,Bravelights
,B095SZ8F66,4,Herramientas y Mejoras del Hogar,disponible,disponible,,,2025-10-17T22:09:01.279Z,2025-10-20T03:21:42.298Z,2025-10-28T04:05:55.657Z,1996.04,78.98,"$2,377.56","Iluminación LED empotrable de 4 pulgadas, paquete de 6 unidades, 3CCT ultra delgada ajustable LED globo ocular Gimbal, iluminación LED empotrable de 4 pulgadas con caja de conexiones, 3000K/4000K/5000K, 9W 700LM, regulable, ETL listado",https://www.amazon.com.mx/dp/B095SZ8F66,https://www.amazon.com/dp/B095SZ8F66,KnLnny Ware,KnLnny Ware
,B0CJ8ZFB1M,4,Herramientas y Mejoras del Hogar,disponible,disponible,,,2025-10-17T22:09:11.336Z,2025-10-20T03:21:49.736Z,2025-10-28T04:06:04.997Z,6475.72,199,"$8,815.08","Moderna lámpara de araña de vidrio dorado para comedor, ramas de árbol para sala de estar, recámara, baño, cocina, vestíbulo, lámpara redonda de 30 pulgadas sobre mesa, lámparas de techo de vidrio",https://www.amazon.com.mx/dp/B0CJ8ZFB1M,https://www.amazon.com/dp/B0CJ8ZFB1M,Bedos Store,Kwolighting
,B0BXX3M18D,4,Herramientas y Mejoras del Hogar,disponible,no disponible,,,2025-10-17T22:09:11.336Z,2025-10-20T03:21:57.223Z,2025-10-28T04:06:12.953Z,1444,,"$2,220.17","iMaihom - Luz LED de seguridad con sensor de movimiento de 100 W, luces de inundación superbrillantes de 9000 lm, proyector exterior de 6500 K, impermeable IP65, detector de movimiento ajustable de 3 cabezales para patio y cochera (café)",https://www.amazon.com.mx/dp/B0BXX3M18D,https://www.amazon.com/dp/B0BXX3M18D,Lumexa Online MX,
,B09NVKQKRR,4,Herramientas y Mejoras del Hogar,disponible,disponible,,,2025-10-17T22:09:11.336Z,2025-10-20T03:22:05.486Z,2025-10-28T04:06:21.221Z,527,19.99,$791.35,"Liveasily - Paquete de 4 luces solares LED con llama parpadeante para exteriores, impermeables, para Halloween, linternas solares, luces de estaca, encendido y apagado automático, decoraciones de",https://www.amazon.com.mx/dp/B09NVKQKRR,https://www.amazon.com/dp/B09NVKQKRR,MEI01 WEKSMD,Lifa E-commerce
,B08CCZ11WQ,4,Herramientas y Mejoras del Hogar,disponible,disponible,,,2025-10-17T22:09:11.336Z,2025-10-20T03:22:13.605Z,2025-10-28T04:06:29.117Z,2088.06,87.99,"$2,623.67","Luces LED empotrables de 4 pulgadas ultrafinas ajustables con cardán LED empotrable con caja de conexiones, 9 W, 750 lm, luz de techo regulable con certificación ETL (2700 K/3000 K/3500 K/4000 K/5000",https://www.amazon.com.mx/dp/B08CCZ11WQ,https://www.amazon.com/dp/B08CCZ11WQ,Amazon Estados Unidos,Gasonny
,B08CCY492H,4,Herramientas y Mejoras del Hogar,disponible,disponible,,,2025-10-17T22:09:11.336Z,2025-10-20T03:22:21.000Z,2025-10-28T04:06:36.887Z,3823.24,169.99,"$4,728.03","Gasonny Luces LED empotrables de 4 pulgadas, ultradelgadas, ajustables, con forma de globo ocular, iluminación empotrada con caja de conexiones, 9 W, 750 lúmenes, luz de techo regulable con certificación ETL (3000 k/4000 k/5000 k, opción de 12 unidades)",https://www.amazon.com.mx/dp/B08CCY492H,https://www.amazon.com/dp/B08CCY492H,Amazon Estados Unidos,Gasonny
,B07XKQ4LWX,4,Herramientas y Mejoras del Hogar,disponible,no disponible,,,2025-10-17T22:09:23.145Z,2025-10-20T03:22:29.357Z,2025-10-28T04:06:46.109Z,1477.46,,"$1,500.51",Odie's Oil - Universal - 270ml Jar,https://www.amazon.com.mx/dp/B07XKQ4LWX,https://www.amazon.com/dp/B07XKQ4LWX,SRKSB LLC,
,B0CYZJBP41,4,Herramientas y Mejoras del Hogar,disponible,no disponible,,,2025-10-17T22:09:23.145Z,2025-10-20T03:22:37.378Z,2025-10-28T04:06:55.097Z,500.06,,$488.97,"Froluya - Papel pintado floral de color verde oscuro y dorado para despegar y pegar de 17.7 x 117.7 pulgadas, papel de contacto floral clásico para despegar y pegar flores, papel de pared autoadhesivo",https://www.amazon.com.mx/dp/B0CYZJBP41,https://www.amazon.com/dp/B0CYZJBP41,SRKSB LLC,
,B08L6THXR5,4,Herramientas y Mejoras del Hogar,disponible,no disponible,,,2025-10-17T22:09:23.145Z,2025-10-20T03:22:45.896Z,2025-10-28T04:07:03.280Z,1740.67,,"$1,819.48","Rust-Oleum 367605 - Kit de revestimiento de piso para interiores en el hogar, color negro brillante",https://www.amazon.com.mx/dp/B08L6THXR5,https://www.amazon.com/dp/B08L6THXR5,Premium Global,
,B0CBB1F1LR,4,Herramientas y Mejoras del Hogar,disponible,disponible,,,2025-10-17T22:09:23.145Z,2025-10-20T03:22:56.057Z,2025-10-28T04:07:10.954Z,1614.46,49.99,"$1,603.72","Taingwei - Pulverizador de pintura inalámbrico para batería Makita LXT de 18 V, pistola pulverizadora de pintura HVLP de 200 W con motor sin escobillas para armarios, coches, paredes, muebles, pintura",https://www.amazon.com.mx/dp/B0CBB1F1LR,https://www.amazon.com/dp/B0CBB1F1LR,SEONGSAN,Tai Jing Tech
,B0D3DVGLY6,4,Herramientas y Mejoras del Hogar,disponible,no disponible,,,2025-10-17T22:09:23.145Z,2025-10-20T03:23:04.727Z,2025-10-28T04:07:18.832Z,516.51,,$518.62,"lenify - Papel pintado de tela de zacate café para despegar y pegar, con textura, 15.7 x 118.7 pulgadas, de lino sintético, clásico, autoadhesivo, extraíble, vinilo",https://www.amazon.com.mx/dp/B0D3DVGLY6,https://www.amazon.com/dp/B0D3DVGLY6,SRKSB LLC,
,B0D62S5CSM,4,Herramientas y Mejoras del Hogar,disponible,disponible,,,2025-10-17T22:09:23.146Z,2025-10-20T03:23:13.007Z,2025-10-28T04:07:26.925Z,614.01,15.19,$631.63,"New York Fat Cap - Tapones de pintura en aerosol, boquillas y puntas para latas, suministros de arte de graffiti - Paquete de 25",https://www.amazon.com.mx/dp/B0D62S5CSM,https://www.amazon.com/dp/B0D62S5CSM,CATTLESIV,Hui Bai Jia
,B0D1R8WKF3,4,Herramientas y Mejoras del Hogar,disponible,no disponible,,,2025-10-17T22:09:23.146Z,2025-10-20T03:23:20.731Z,2025-10-28T04:07:34.569Z,618.78,,$636.54,"Tapones de pintura en aerosol, tapa de grasa de Nueva York, boquilla de lata de pray - Boquillas de pintura para latas, puntas de pintura de pray, paquete de 25",https://www.amazon.com.mx/dp/B0D1R8WKF3,https://www.amazon.com/dp/B0D1R8WKF3,CATTLESIV,
,B09PZJBF5Y,4,Herramientas y Mejoras del Hogar,disponible,disponible,,,2025-10-17T22:09:23.146Z,2025-10-20T03:23:29.418Z,2025-10-28T04:07:42.791Z,668.83,14.95,$671.97,"Oslo Home Pintura de Retoco, Negro Mate, 1 Onza, con Cepillo en Botella, Secado Rápido, Autoimpresión, Interior",https://www.amazon.com.mx/dp/B09PZJBF5Y,https://www.amazon.com/dp/B09PZJBF5Y,MARVEL INC.,Oslo Home
,B0BP6G7QY1,4,Herramientas y Mejoras del Hogar,disponible,no disponible,,,2025-10-17T22:09:23.146Z,2025-10-20T03:23:36.446Z,2025-10-28T04:07:51.276Z,574.18,,$594.74,"UBLURO 4 piezas de dinosaurios motivacionales para pared – Placas de madera para colgar en la pared, decoración de habitación de dinosaurios para niños y niños, decoración de recámara",https://www.amazon.com.mx/dp/B0BP6G7QY1,https://www.amazon.com/dp/B0BP6G7QY1,BS-SHOPPING,
,B0D3DVXYFT,4,Herramientas y Mejoras del Hogar,disponible,no disponible,,,2025-10-17T22:09:23.146Z,2025-10-20T03:23:44.272Z,2025-10-28T04:07:58.935Z,604.06,,$608.14,"lenify - Papel pintado de tela de zacate gris para despegar y pegar, con textura, 15.7 x 197.9 pulgadas, lino sintético, clásico, papel de contacto autoadhesivo, extraíble, vinilo",https://www.amazon.com.mx/dp/B0D3DVXYFT,https://www.amazon.com/dp/B0D3DVXYFT,SRKSB LLC,
,B09CMF71BQ,4,Herramientas y Mejoras del Hogar,disponible,disponible,,,2025-10-17T22:09:23.146Z,2025-10-20T03:23:52.345Z,2025-10-28T04:08:07.034Z,447.82,8.99,$454.17,"Orainege - Papel pintado autoadhesivo geométrico moderno y autoadhesivo para baño, de 17.7 x 118.1 pulgadas, papel pintado autoadhesivo geométrico moderno, despegar y pegar",https://www.amazon.com.mx/dp/B09CMF71BQ,https://www.amazon.com/dp/B09CMF71BQ,CATTLESIV,OrangDirect
,B00ESLBFM4,4,Herramientas y Mejoras del Hogar,disponible,no disponible,,,2025-10-17T22:09:23.146Z,2025-10-20T03:23:59.215Z,2025-10-28T04:08:15.120Z,1300.03,,"$1,308.80","Master Flame - Fire Retardant - Spray on application or Mix with Paint - 1 Spray Quart 32 Oz by ""Master Fog, LLC""",https://www.amazon.com.mx/dp/B00ESLBFM4,https://www.amazon.com/dp/B00ESLBFM4,SRKSB LLC,
,B09PZHRLPN,4,Herramientas y Mejoras del Hogar,disponible,no disponible,,,2025-10-17T22:09:23.146Z,2025-10-20T03:24:07.551Z,2025-10-28T04:08:21.979Z,638.5,,$642.22,"Oslo Home Pintura para retocar, acabado satinado blanco auténtico de 1 onza, con cepillo en botella, secado rápido, autoimprimación, para alquiler y reparaciones del hogar, paredes, molduras, armarios de cocina, muebles, persianas y mucho más",https://www.amazon.com.mx/dp/B09PZHRLPN,https://www.amazon.com/dp/B09PZHRLPN,SRKSB LLC,
,B0D31TXXP9,4,Herramientas y Mejoras del Hogar,disponible,disponible,,,2025-10-17T22:09:23.146Z,2025-10-20T03:24:22.312Z,2025-10-28T04:08:36.061Z,513.13,9.99,$580.64,"Brocha de pintura para retocar rellenable, paquete de 4 bolígrafos de pintura recargables fáciles de usar, múltiples aplicaciones de pinceles de retoque para paredes, madera, piso, armarios, puertas y",https://www.amazon.com.mx/dp/B0D31TXXP9,https://www.amazon.com/dp/B0D31TXXP9,SRKSB LLC,LionKingUS
,B07176GB88,4,Herramientas y Mejoras del Hogar,disponible,disponible,,,2025-10-17T22:09:23.146Z,2025-10-20T03:24:29.838Z,2025-10-28T04:08:43.948Z,400.73,11.69,$545.24,"BATTOO Dr. Seuss Oh The Places You Go Airplane Pilot - Calcomanía de pared - blanco, mate, tipográfico, adorno de cristal, vinilo, decoración de pared",https://www.amazon.com.mx/dp/B07176GB88,https://www.amazon.com/dp/B07176GB88,Amazon Estados Unidos,WallzTalk
,B0D47Q2TWR,4,Herramientas y Mejoras del Hogar,disponible,no disponible,,,2025-10-17T22:09:23.147Z,2025-10-20T03:24:36.729Z,2025-10-28T04:08:53.020Z,564.81,,$568.83,3 hojas de revestimiento autoadhesivo de pared para casa de muñecas escala 1:12 (pared con paneles de madera (gris)),https://www.amazon.com.mx/dp/B0D47Q2TWR,https://www.amazon.com/dp/B0D47Q2TWR,SRKSB LLC,
,B0BHV5MCM2,4,Herramientas y Mejoras del Hogar,disponible,no disponible,,,2025-10-17T22:09:35.848Z,2025-10-20T03:24:44.455Z,2025-10-28T04:09:00.558Z,857.25,,$857.25,"Coir Wonder 3 en 1 Absorbente de aceite, endurecedor de pintura y compuesto de barrido – 9L (3 libras) – Absorbe 6 cuartos de galón de aceite, solidifica 20 tazas de aceite de cocina, gránulos",https://www.amazon.com.mx/dp/B0BHV5MCM2,https://www.amazon.com/dp/B0BHV5MCM2,SRKSB LLC,
,B0CDVLZB72,4,Herramientas y Mejoras del Hogar,disponible,no disponible,,,2025-10-17T22:09:35.848Z,2025-10-20T03:24:53.393Z,2025-10-28T04:09:08.070Z,1273.66,,"$1,281.42","Gift Basket for Women - Happy Birthday Gift Basket For Her w/Memory Foam Pillow, Blanket, Candle, Socks, Journal, and Card - Curated Birthday Gift Set and Happy Birthday Gift Box for Women",https://www.amazon.com.mx/dp/B0CDVLZB72,https://www.amazon.com/dp/B0CDVLZB72,SRKSB LLC,
,B01N1IUYFD,4,Herramientas y Mejoras del Hogar,disponible,no disponible,,,2025-10-17T22:09:35.848Z,2025-10-20T03:25:01.946Z,2025-10-28T04:09:15.011Z,1533.03,,"$1,546.30",Odie's Wax Clear 9oz by Odie's Oil,https://www.amazon.com.mx/dp/B01N1IUYFD,https://www.amazon.com/dp/B01N1IUYFD,SRKSB LLC,
,B0036AYXLI,4,Herramientas y Mejoras del Hogar,disponible,no disponible,,,2025-10-17T22:09:35.848Z,2025-10-20T03:25:11.147Z,2025-10-28T04:09:22.529Z,514.57,,$514.57,"Mixol Universal Tints, Black (01) 20ml",https://www.amazon.com.mx/dp/B0036AYXLI,https://www.amazon.com/dp/B0036AYXLI,SRKSB LLC,
,B094J9J2YK,4,Herramientas y Mejoras del Hogar,disponible,disponible,,,2025-10-17T22:09:35.848Z,2025-10-20T03:25:19.476Z,2025-10-28T04:09:31.112Z,848.51,22.99,$854.25,"SINYOWOT - Paquete de 3 extensiones de punta de pistola rociadora sin aire con protector rojo, barra de extensión de pintura sin aire (30 cm/50 cm/75 cm)",https://www.amazon.com.mx/dp/B094J9J2YK,https://www.amazon.com/dp/B094J9J2YK,SRKSB LLC,SINYOWOT Direct
,B0D8179M6P,4,Herramientas y Mejoras del Hogar,disponible,no disponible,,,2025-10-17T22:09:35.848Z,2025-10-20T03:25:28.690Z,2025-10-28T04:09:40.157Z,634.51,,$634.51,"Decoración de pared de mariposa púrpura en 3D: juego de 6 calcomanías de pared con perlas para niñas, recámara, baby shower, boda, tarta, oficina, decoración de mariposas para baño, sala de estar",https://www.amazon.com.mx/dp/B0D8179M6P,https://www.amazon.com/dp/B0D8179M6P,SRKSB LLC,
,B09W5QPC6T,4,Herramientas y Mejoras del Hogar,disponible,no disponible,,,2025-10-17T22:09:35.848Z,2025-10-20T03:25:36.849Z,2025-10-28T04:09:48.450Z,517.11,,$520.59,"Papel pintado beige para despegar y pegar, papel pintado de contacto para paredes, papel de vinilo texturizado de 17.7 x 117.7 pulgadas, papel pintado autoadhesivo de vinilo",https://www.amazon.com.mx/dp/B09W5QPC6T,https://www.amazon.com/dp/B09W5QPC6T,SRKSB LLC,
,B01CU1MI7Y,4,Herramientas y Mejoras del Hogar,disponible,disponible,,,2025-10-17T22:09:35.848Z,2025-10-20T03:25:45.182Z,2025-10-28T04:09:55.485Z,568.82,6.99,$572.65,"Adhesivo de pared de vinilo para ratones (6.5 x 2.5 pulgadas, negro)",https://www.amazon.com.mx/dp/B01CU1MI7Y,https://www.amazon.com/dp/B01CU1MI7Y,SRKSB LLC,WallzTalk
,B0D3V6RZCY,4,Herramientas y Mejoras del Hogar,disponible,no disponible,,,2025-10-17T22:09:35.848Z,2025-10-20T03:25:53.525Z,2025-10-28T04:10:02.840Z,441.5,,$454.17,"lenify - Papel pintado de color rosa claro para despegar y pegar, papel de contacto rosa, 15.7 x 118.7 pulgadas, color rosa puro, para recámara, gabinetes de papel decorativo, vinilo extraíble",https://www.amazon.com.mx/dp/B0D3V6RZCY,https://www.amazon.com/dp/B0D3V6RZCY,CATTLESIV,
,B0D2RCVMTW,4,Herramientas y Mejoras del Hogar,disponible,disponible,,,2025-10-17T22:09:35.848Z,2025-10-20T03:26:01.680Z,2025-10-28T04:10:10.480Z,683.46,15.99,$693.76,"Orainege - Papel pintado de papel pintado floral en blanco y negro autoadhesivo, extraíble, papel de pared de contacto floral, 16.9 x 196 pulgadas",https://www.amazon.com.mx/dp/B0D2RCVMTW,https://www.amazon.com/dp/B0D2RCVMTW,SRKSB LLC,OrangDirect
,B09DBR3ZHZ,4,Herramientas y Mejoras del Hogar,disponible,disponible,,,2025-10-17T22:09:35.848Z,2025-10-20T03:26:08.903Z,2025-10-28T04:10:18.427Z,564.96,8.39,$608.87,"100 Pcs Black Disposable Face Masks, 3 Layer Black Face Masks, Breathable Disposable Masks Non-Woven",https://www.amazon.com.mx/dp/B09DBR3ZHZ,https://www.amazon.com/dp/B09DBR3ZHZ,SRKSB LLC,BestMaskDirect
,B0D4DNTWJB,4,Herramientas y Mejoras del Hogar,disponible,no disponible,,,2025-10-17T22:09:35.849Z,2025-10-20T03:26:17.282Z,2025-10-28T04:10:26.447Z,480.7,,$480.70,"lenify Papel pintado autoadhesivo azul bohemio para baño, papel de contacto azul, papel de pared autoadhesivo, para despegar y pegar, clásico, extraíble, para cocina, impermeable, vinilo de 15.7 x",https://www.amazon.com.mx/dp/B0D4DNTWJB,https://www.amazon.com/dp/B0D4DNTWJB,SRKSB LLC,
,B09Y1D2B9F,4,Herramientas y Mejoras del Hogar,disponible,disponible,,,2025-10-17T22:09:35.849Z,2025-10-20T03:26:24.366Z,2025-10-28T04:10:34.559Z,1180.8,34.99,"$1,188.51","Orainege Papel tapiz verde para despegar y pegar, papel de contacto de espiga, 17.7 x 393.3 pulgadas, moderno, geométrico, extraíble, despegar y pegar, papel de pared autoadhesivo decorativo de cheurón verde y blanco",https://www.amazon.com.mx/dp/B09Y1D2B9F,https://www.amazon.com/dp/B09Y1D2B9F,SRKSB LLC,OrangDirect
,B0C3MBQ36T,4,Herramientas y Mejoras del Hogar,disponible,disponible,,,2025-10-17T22:09:35.849Z,2025-10-20T03:26:31.071Z,2025-10-28T04:10:41.624Z,2726.9,89.99,"$2,677.69","KEZERS - Juego de cuchillas de desnatación para paneles de yeso, 12 pulgadas, 22 y 32 pulgadas + barra de mango de extensión de 35 a 81 pulgadas, cuchillo de construcción de acero inoxidable, cuchillo de paneles de yeso, aluminio extruido, tapas de extremo de alto impacto",https://www.amazon.com.mx/dp/B0C3MBQ36T,https://www.amazon.com/dp/B0C3MBQ36T,M&H Customer Friendly Store,YITUOUS
,B0BXKTM5P6,4,Herramientas y Mejoras del Hogar,disponible,no disponible,,,2025-10-17T22:09:35.849Z,2025-10-20T03:26:38.952Z,2025-10-28T04:10:49.365Z,520.94,,$524.60,"Letrero de madera para guardería para niños, bienvenido a mi cuna, cuarto de bebé, sala de juegos, decoración inspiradora de pared, regalo de baby shower para bebé recién nacido",https://www.amazon.com.mx/dp/B0BXKTM5P6,https://www.amazon.com/dp/B0BXKTM5P6,SRKSB LLC,
,B09RMXWH7V,4,Herramientas y Mejoras del Hogar,disponible,disponible,,,2025-10-17T22:09:48.697Z,2025-10-20T03:26:45.821Z,2025-10-28T04:10:57.355Z,446.97,4.99,$450.90,"STICKY DUDE McLovin Hawaii - Adhesivo de vinilo impermeable para ventana de coche, portátil, 5 pulgadas",https://www.amazon.com.mx/dp/B09RMXWH7V,https://www.amazon.com/dp/B09RMXWH7V,SRKSB LLC,STICKY DUDE ✅
,B09MBL92XB,4,Herramientas y Mejoras del Hogar,disponible,no disponible,,,2025-10-17T22:09:48.698Z,2025-10-20T03:26:53.169Z,2025-10-28T04:11:06.226Z,783.52,,$788.81,Mindset is Everything - Pegatinas de pared,https://www.amazon.com.mx/dp/B09MBL92XB,https://www.amazon.com/dp/B09MBL92XB,SRKSB LLC,
,B0B7C3X3LS,4,Herramientas y Mejoras del Hogar,disponible,disponible,,,2025-10-17T22:09:48.698Z,2025-10-20T03:27:08.862Z,2025-10-28T04:11:20.440Z,485.85,8.99,$485.85,"50 pegatinas y calcomanías para sombrero duro, divertidas pegatinas de advertencia para adultos, mecánicos, electricistas, militar, construcción, soldadores",https://www.amazon.com.mx/dp/B0B7C3X3LS,https://www.amazon.com/dp/B0B7C3X3LS,SRKSB LLC,Pet supplies house
,B01M0KLEOR,4,Herramientas y Mejoras del Hogar,disponible,no disponible,,,2025-10-17T22:09:48.698Z,2025-10-20T03:27:17.804Z,2025-10-28T04:11:29.331Z,759.73,,$759.04,"Cocotik - Azulejos de pared 3D (26,7 x 25,4 cm, antimoho y palo, 6 unidades)",https://www.amazon.com.mx/dp/B01M0KLEOR,https://www.amazon.com/dp/B01M0KLEOR,SRKSB LLC,
,B09FTH1Q1P,4,Herramientas y Mejoras del Hogar,disponible,disponible,,,2025-10-17T22:09:48.698Z,2025-10-20T03:27:24.653Z,2025-10-28T04:11:36.809Z,1595.14,69.99,"$2,023.33","Reyhui Mural de pared grande de 108 x 75 pulgadas, cascada en el bosque, decoración de pared para recámara, sala de estar, habitación de los niños (no autoadhesivo)",https://www.amazon.com.mx/dp/B09FTH1Q1P,https://www.amazon.com/dp/B09FTH1Q1P,Amazon Estados Unidos,M Rushmore
,B09W5MFHMJ,4,Herramientas y Mejoras del Hogar,disponible,no disponible,,,2025-10-17T22:09:48.698Z,2025-10-20T03:27:32.797Z,2025-10-28T04:11:45.342Z,393.42,,$393.42,"Nukofal - Papel pintado azul para despegar y pegar, 17.7 x 117.7 pulgadas, papel de contacto azul, impermeable, color sólido, moderno, autoadhesivo, extraíble, rollo de vinilo para gabinetes, estante",https://www.amazon.com.mx/dp/B09W5MFHMJ,https://www.amazon.com/dp/B09W5MFHMJ,SRKSB LLC,
,B07QQTLTLW,4,Herramientas y Mejoras del Hogar,disponible,disponible,,,2025-10-17T22:09:48.698Z,2025-10-20T03:27:40.657Z,2025-10-28T04:11:53.258Z,430.08,15.99,$668.53,"Greek Art rodillo de pintura de 7 pulgadas con patrón de bricolaje, rodillo decorativo de goma, rodillo de textura con mango de plástico, más de 300 patrones, 17.78 cm, Pattern AD8",https://www.amazon.com.mx/dp/B07QQTLTLW,https://www.amazon.com/dp/B07QQTLTLW,Amazon Estados Unidos,MULGULA
,B07QNLG3YZ,4,Herramientas y Mejoras del Hogar,disponible,disponible,,,2025-10-17T22:09:48.698Z,2025-10-20T03:27:48.081Z,2025-10-28T04:12:01.048Z,435.68,15.99,$668.53,"Greek Art rodillo de pintura de 7 pulgadas con patrón de bricolaje, rodillo decorativo de goma, rodillo de textura con mango de plástico, más de 300 patrones, 17.78 cm, Pattern AE0",https://www.amazon.com.mx/dp/B07QNLG3YZ,https://www.amazon.com/dp/B07QNLG3YZ,Amazon Estados Unidos,MULGULA
,B08G4F52R7,4,Herramientas y Mejoras del Hogar,disponible,disponible,,,2025-10-17T22:09:48.699Z,2025-10-20T03:27:55.282Z,2025-10-28T04:12:09.043Z,597.87,12.99,$601.92,"Orainege - Papel pintado floral clásico de 17.7 x 197.9 pulgadas, papel de contacto floral para despegar y pegar pájaros, flores extraíbles, mariposas, papel de pared autoadhesivo para baño",https://www.amazon.com.mx/dp/B08G4F52R7,https://www.amazon.com/dp/B08G4F52R7,SRKSB LLC,OrangDirect
,B07CJXB9YS,4,Herramientas y Mejoras del Hogar,disponible,no disponible,,,2025-10-17T22:09:48.699Z,2025-10-20T03:28:03.551Z,2025-10-28T04:12:16.865Z,1031.63,,"$1,038.60","Chalky Chicks - Pintura de gis para muebles, pintura de manualidades, pintura de gabinete, pintura de madera y pintura de muebles, pintura en aerosol lista para decoración del hogar, madera de olivo",https://www.amazon.com.mx/dp/B07CJXB9YS,https://www.amazon.com/dp/B07CJXB9YS,SRKSB LLC,
,B00VQOL1KW,4,Herramientas y Mejoras del Hogar,disponible,no disponible,,,2025-10-17T22:10:00.747Z,2025-10-20T03:28:10.991Z,2025-10-28T04:12:24.684Z,611.78,,$612.93,"KidSwitch - Extensión de interruptor de luz para niños pequeños, edición Laurie Berkner, 3 unidades, incluye 12 calcomanías artísticas temáticas, ganadoras de varios premios",https://www.amazon.com.mx/dp/B00VQOL1KW,https://www.amazon.com/dp/B00VQOL1KW,Boon Shopping,
,B07CJM8WBN,4,Herramientas y Mejoras del Hogar,disponible,no disponible,,,2025-10-17T22:10:00.748Z,2025-10-20T03:28:19.788Z,2025-10-28T04:12:31.225Z,1085.51,,"$1,085.51","Chalky Chicks - Pintura de gis para muebles, pintura de manualidades, pintura de gabinete, pintura de madera y pintura de muebles, pintura en aerosol lista para decoración del hogar, encaje viejo",https://www.amazon.com.mx/dp/B07CJM8WBN,https://www.amazon.com/dp/B07CJM8WBN,SRKSB LLC,
,B07MQBLRBK,4,Herramientas y Mejoras del Hogar,disponible,no disponible,,,2025-10-17T22:10:00.748Z,2025-10-20T03:28:27.219Z,2025-10-28T04:12:39.807Z,569,,$649.15,"Rodillo de costura de silicona profesional resistente de 45 mm para techos de PVC, TPO/EPDM, membrana de vinilo y lona, soldadura de banderines de aluminio, rodillo de mano de silicona amortiguador de",https://www.amazon.com.mx/dp/B07MQBLRBK,https://www.amazon.com/dp/B07MQBLRBK,Sunny3-HQ,
,B0BYNSQ7PC,4,Herramientas y Mejoras del Hogar,disponible,no disponible,,,2025-10-17T22:10:00.748Z,2025-10-20T03:28:35.015Z,2025-10-28T04:12:47.996Z,1048.5,,"$1,047.12","ZYJT - Bandas de borde PVC, 1 x 25 pies, sin pegar, color gris chapado en cromo, para muebles de mesa",https://www.amazon.com.mx/dp/B0BYNSQ7PC,https://www.amazon.com/dp/B0BYNSQ7PC,SEONGSAN,
,B09XK8NPSJ,4,Herramientas y Mejoras del Hogar,disponible,disponible,,,2025-10-17T22:10:00.748Z,2025-10-20T03:28:42.111Z,2025-10-28T04:12:55.370Z,1613.46,51.99,"$1,613.46","Orainege - Papel pintado de papel pintado de espina de arenque para baño, 17.7 x 592 pulgadas, color negro y negro, extraíble, para despegar y pegar, papel pintado autoadhesivo geométrico moderno",https://www.amazon.com.mx/dp/B09XK8NPSJ,https://www.amazon.com/dp/B09XK8NPSJ,SRKSB LLC,OrangDirect
,B09CMFQYHH,4,Herramientas y Mejoras del Hogar,disponible,disponible,,,2025-10-17T22:10:00.748Z,2025-10-20T03:28:49.965Z,2025-10-28T04:13:03.560Z,1201.3,35.99,"$1,200.15","Orainege - Papel pintado autoadhesivo geométrico de 17.7 x 390.00 pulgadas, papel pintado autoadhesivo de color blanco y negro",https://www.amazon.com.mx/dp/B09CMFQYHH,https://www.amazon.com/dp/B09CMFQYHH,SRKSB LLC,OrangDirect
,B07CJM8XPM,4,Herramientas y Mejoras del Hogar,disponible,disponible,,,2025-10-17T22:10:00.748Z,2025-10-20T03:28:57.644Z,2025-10-28T04:13:12.008Z,1107.76,28.95,"$1,107.76","Pintura con acabado de gis - Pintura para muebles y armarios, 16 oz, Aqua Bay",https://www.amazon.com.mx/dp/B07CJM8XPM,https://www.amazon.com/dp/B07CJM8XPM,SRKSB LLC,Chalky Chicks
,B0D6RCMZTG,4,Herramientas y Mejoras del Hogar,disponible,no disponible,,,2025-10-17T22:10:15.019Z,2025-10-20T03:29:04.302Z,2025-10-28T04:13:20.298Z,768.35,,$773.54,"Vypart 31705 31688 31687 31653 - Kit de válvula de agua para inodoro, resistente a la congelación y a las fugas, piezas de inodoro para Thetford Aqua-Magic V High and Low",https://www.amazon.com.mx/dp/B0D6RCMZTG,https://www.amazon.com/dp/B0D6RCMZTG,SRKSB LLC,
,B0DCBS9LN4,4,Herramientas y Mejoras del Hogar,disponible,disponible,,,2025-10-17T22:10:15.019Z,2025-10-20T03:29:12.248Z,2025-10-28T04:13:28.657Z,1970.79,54.99,"$1,970.79","LITBM Extensión de manguera de alcantarillado RV de 20 pies, material TPE extremadamente resistente de 24 millas para resistencia a la abrasión y protección contra aplastamientos, manguera de",https://www.amazon.com.mx/dp/B0DCBS9LN4,https://www.amazon.com/dp/B0DCBS9LN4,SRKSB LLC,MKWEN
,B0D6XS6QXF,4,Herramientas y Mejoras del Hogar,disponible,disponible,,,2025-10-17T22:10:15.019Z,2025-10-20T03:29:20.405Z,2025-10-28T04:13:37.634Z,409.54,5.89,$448.36,Dasinro Kit Surtido de Anillos O-Rings Negro 1 Unidades,https://www.amazon.com.mx/dp/B0D6XS6QXF,https://www.amazon.com/dp/B0D6XS6QXF,SRKSB LLC,Dasinro-US
,B0D5D4CDC2,4,Herramientas y Mejoras del Hogar,disponible,disponible,,,2025-10-17T22:10:15.019Z,2025-10-20T03:29:28.857Z,2025-10-28T04:13:44.950Z,487.87,7.99,$486.49,"Removedor de zuecos de drenaje de 35 pulgadas, limpiador de drenaje, removedor de zuecos de cabello con mango giratorio y 7 recargas, removedor de pelo de drenaje, serpiente de fontanería, fácil y",https://www.amazon.com.mx/dp/B0D5D4CDC2,https://www.amazon.com/dp/B0D5D4CDC2,Boon Shopping,LOOFO
,B0D3Q9XRGL,4,Herramientas y Mejoras del Hogar,disponible,no disponible,,,2025-10-17T22:10:15.019Z,2025-10-20T03:29:36.276Z,2025-10-28T04:13:53.099Z,1206.09,,"$1,214.24",Bomba de tambor de 55 galones (CYB25),https://www.amazon.com.mx/dp/B0D3Q9XRGL,https://www.amazon.com/dp/B0D3Q9XRGL,SRKSB LLC,
,B0CQM6K9X5,4,Herramientas y Mejoras del Hogar,disponible,disponible,,,2025-10-17T22:10:15.020Z,2025-10-20T03:29:51.148Z,2025-10-28T04:14:07.932Z,1636.1,58.47,"$1,815.77","Biling Pond Filter con kits de bomba de fuente, filtro de estanque Koi de 660 GPH con bombas de estanque de 40 W para estanques al aire última intervensión, kit de fuente de estanque para estanque de",https://www.amazon.com.mx/dp/B0CQM6K9X5,https://www.amazon.com/dp/B0CQM6K9X5,SRKSB LLC,Lc_smarts
,B07RS4VL8L,4,Herramientas y Mejoras del Hogar,disponible,disponible,,,2025-10-17T22:10:15.020Z,2025-10-20T03:29:59.897Z,2025-10-28T04:14:15.544Z,5451.26,178.49,"$5,710.86",Ariston Andris 4 galones. Calentador de agua eléctrico con cable de 120 voltios de 6 años,https://www.amazon.com.mx/dp/B07RS4VL8L,https://www.amazon.com/dp/B07RS4VL8L,Bedos Store,Ariston
,B07DWG25QX,4,Herramientas y Mejoras del Hogar,disponible,no disponible,,,2025-10-17T22:10:15.020Z,2025-10-20T03:30:09.152Z,2025-10-28T04:14:23.724Z,2348.26,,"$2,413.12",AmTech300 - Tratamiento de caldera de fuerza profesional (para calderas de madera al aire libre),https://www.amazon.com.mx/dp/B07DWG25QX,https://www.amazon.com/dp/B07DWG25QX,Boon Shopping,
,B0CWRVWJBD,4,Herramientas y Mejoras del Hogar,disponible,disponible,,,2025-10-17T22:10:15.020Z,2025-10-20T03:30:17.006Z,2025-10-28T04:14:31.163Z,475.71,8.49,$478.92,"Jeffdad - 6 tapas de latón para tuercas de cierre hembra de 1/2 pulgada con arandelas, accesorios de fontanería para lavadora, grifos de válvula de radiador (1/2 pulgada)",https://www.amazon.com.mx/dp/B0CWRVWJBD,https://www.amazon.com/dp/B0CWRVWJBD,SRKSB LLC,AmaShow
,B08NPR51W9,4,Herramientas y Mejoras del Hogar,disponible,no disponible,,,2025-10-17T22:10:15.020Z,2025-10-20T03:30:25.360Z,2025-10-28T04:14:39.694Z,472.71,,$577.46,"Jwodo - Kit de repuesto para mango de inodoro, acabado cromado, palancas de viaje con junta de sellado y tuerca, 2 cadenas de acero inoxidable, repuesto universal para la mayoría de inodoros de montaje lateral",https://www.amazon.com.mx/dp/B08NPR51W9,https://www.amazon.com/dp/B08NPR51W9,Amazon Estados Unidos,
,B079LZVPM1,4,Herramientas y Mejoras del Hogar,disponible,disponible,,,2025-10-17T22:10:15.020Z,2025-10-20T03:30:32.589Z,2025-10-28T04:14:46.681Z,930.19,26.25,$930.19,"Radiant Solutions Company - Cinta térmica inteligente para protección contra la congelación de tuberías de agua, con GlowCap™, termostato integrado, cinta incluida, garantía de 10 años, resistente, autorregulable, 120 V (18 pies)",https://www.amazon.com.mx/dp/B079LZVPM1,https://www.amazon.com/dp/B079LZVPM1,SRKSB LLC,Radiant Solutions Company
,B01M5D2XZQ,4,Herramientas y Mejoras del Hogar,disponible,disponible,,,2025-10-17T22:10:15.020Z,2025-10-20T03:30:39.622Z,2025-10-28T04:14:54.112Z,1135.18,34.99,"$1,149.30","GasTapper - Bomba de sifón de lujo para gas, diesel y agua, manguera de 8 pies, 4 gls/min",https://www.amazon.com.mx/dp/B01M5D2XZQ,https://www.amazon.com/dp/B01M5D2XZQ,SRKSB LLC,Cooler Shock
,B07RT72MV6,4,Herramientas y Mejoras del Hogar,disponible,disponible,,,2025-10-17T22:10:15.020Z,2025-10-20T03:30:47.482Z,2025-10-28T04:15:02.895Z,6686.76,219.99,"$7,370.38","Ariston Andris 8 galones, Calentador de Agua Eléctrico Instantáneo, Calentadores de Agua de 6 años, 120 voltios, punto de uso",https://www.amazon.com.mx/dp/B07RT72MV6,https://www.amazon.com/dp/B07RT72MV6,Snorlax Store,Ariston
,B0B64Z4FTR,4,Herramientas y Mejoras del Hogar,disponible,disponible,,,2025-10-17T22:10:15.020Z,2025-10-20T03:30:55.424Z,2025-10-28T04:15:09.867Z,2190.06,77.99,"$2,245.16",TBER Manguera de preenjuague con válvula de pulverización de 45 pulgadas flexible para lavavajillas y válvula de pulverización gris,https://www.amazon.com.mx/dp/B0B64Z4FTR,https://www.amazon.com/dp/B0B64Z4FTR,BROWN LEAVES LLC,AISTON-US
,B09MD961VT,4,Herramientas y Mejoras del Hogar,disponible,no disponible,,,2025-10-17T22:10:24.075Z,2025-10-20T03:31:03.233Z,2025-10-28T04:15:16.682Z,395.18,,$567.16,"IKSI Juntas de conectores arandelas para Bestway Coleman SaluSpa Lay-Z-Spa, A y B/C",https://www.amazon.com.mx/dp/B09MD961VT,https://www.amazon.com/dp/B09MD961VT,SRKSB LLC,
,B08SLLGRBR,4,Herramientas y Mejoras del Hogar,disponible,disponible,,,2025-10-17T22:10:24.075Z,2025-10-20T03:31:10.505Z,2025-10-28T04:15:25.207Z,982.78,18.04,$989.41,"NA - Manguera de goma resistente para agua de 1,5 m, perfecta para jardines y camas",https://www.amazon.com.mx/dp/B08SLLGRBR,https://www.amazon.com/dp/B08SLLGRBR,SRKSB LLC,DONG UNIVERSE
,B07Z14B3T9,4,Herramientas y Mejoras del Hogar,disponible,no disponible,,,2025-10-17T22:10:24.075Z,2025-10-20T03:31:17.510Z,2025-10-28T04:15:33.153Z,1633.1,,"$1,642.46","LASCO 10-0944 Línea de suministro de agua para hacer hielo, de 1 pie, trenzado de acero inoxidable, 1.5 m, Paquete de 5",https://www.amazon.com.mx/dp/B07Z14B3T9,https://www.amazon.com/dp/B07Z14B3T9,SRKSB LLC,
,B00T5J7S02,4,Herramientas y Mejoras del Hogar,disponible,no disponible,,,2025-10-17T22:10:34.479Z,2025-10-20T03:31:25.768Z,2025-10-28T04:15:40.498Z,1073.9,,"$1,077.77",QUANS 30W Warm White 12V 24V DC Ultra Bright LED Security Wash Flood light Floodlight Lamp High Power Black Case Waterproof IP65 Work in the Rain Superbright 3000K by QUANS,https://www.amazon.com.mx/dp/B00T5J7S02,https://www.amazon.com/dp/B00T5J7S02,M&H Customer Friendly Store,
,B0D53G8TTB,4,Herramientas y Mejoras del Hogar,disponible,disponible,,,2025-10-17T22:10:34.479Z,2025-10-20T03:31:34.605Z,2025-10-28T04:15:48.585Z,1390.16,47.19,"$1,728.18","MOLLE - Kit de montaje para extintor de incendios para coche, de liberación rápida, para orificios de panel rígidos tácticos de 1 a 2 pulgadas. Soporte para extintor de incendios Molle, accesorios",https://www.amazon.com.mx/dp/B0D53G8TTB,https://www.amazon.com/dp/B0D53G8TTB,Amazon Estados Unidos,Luolinyouxuan
,B0B63YVN21,4,Herramientas y Mejoras del Hogar,disponible,no disponible,,,2025-10-17T22:10:34.479Z,2025-10-20T03:31:42.009Z,2025-10-28T04:15:56.522Z,892.47,,$891.09,"15 veces más, supervisible, polvo de verificador de viento, sin olor, indicador de proyecto, polvo de caza. Detector compacto de dirección de brisa de 3 pulgadas, botella de humo y recambio a granel.",https://www.amazon.com.mx/dp/B0B63YVN21,https://www.amazon.com/dp/B0B63YVN21,Boon Shopping,
,B0BYCC8WM4,4,Herramientas y Mejoras del Hogar,disponible,disponible,,,2025-10-17T22:10:34.479Z,2025-10-20T03:31:48.993Z,2025-10-28T04:16:04.025Z,830.21,22.95,$835.82,"HerTime2 - Alarma personal para mujer Alarma de seguridad personal para mujeres de autodefensa Alarma fuerte - Luz estroboscópica - Be Safe with Personal Alarm (oro rosa), HT16723",https://www.amazon.com.mx/dp/B0BYCC8WM4,https://www.amazon.com/dp/B0BYCC8WM4,SRKSB LLC,HerTime2
,B01EDX0TA0,4,Herramientas y Mejoras del Hogar,disponible,no disponible,,,2025-10-17T22:10:34.479Z,2025-10-20T03:31:56.574Z,2025-10-28T04:16:12.307Z,594.97,,$594.97,"ThxToms S770R Natural Latex Chemical Resistant Gloves, Strong Acid, Alkali and Oil Resistant, 22 , 1 Pair by ThxToms",https://www.amazon.com.mx/dp/B01EDX0TA0,https://www.amazon.com/dp/B01EDX0TA0,SRKSB LLC,
,B08HWDH8V5,4,Herramientas y Mejoras del Hogar,disponible,disponible,,,2025-10-17T22:10:34.479Z,2025-10-20T03:32:05.591Z,2025-10-28T04:16:20.413Z,498.72,9.5,$502.10,"[Último 2022] tapones para los oídos para dormir nadar, 8 pares de tapones de silicona reutilizables moldeables con cancelación de ruido para tiro, nadadores, ronquidos, conciertos, aviones, viajes, trabajo, estudio",https://www.amazon.com.mx/dp/B08HWDH8V5,https://www.amazon.com/dp/B08HWDH8V5,SRKSB LLC,weiFun Direct
,B0BGKK8GV3,4,Herramientas y Mejoras del Hogar,disponible,disponible,,,2025-10-17T22:10:34.480Z,2025-10-20T03:32:14.804Z,2025-10-28T04:16:28.264Z,390.9,4.99,$390.90,"Reductor de tamaño de sombrero, 20 insertos autoadhesivos de 5.9 pulgadas, cinta reductora de espuma, cinta reductora de sombreros, cinta de tamaño de sombreros, reductor de tamaño de sombreros para hombres y mujeres, gorras, banda de sudor, blanco y negro",https://www.amazon.com.mx/dp/B0BGKK8GV3,https://www.amazon.com/dp/B0BGKK8GV3,SRKSB LLC,WYbarley
,B0DDH1R7P7,4,Herramientas y Mejoras del Hogar,disponible,disponible,,,2025-10-17T22:10:34.480Z,2025-10-20T03:32:23.714Z,2025-10-28T04:16:35.271Z,430.95,7.95,$462.53,"Sticky Expressions | (8 piezas) El vehículo de aviso está equipado con dispositivos de grabación de audio y video consentimiento al ingresar pegatina del coche, tamaño 3 pulgadas calcomanía fuerte",https://www.amazon.com.mx/dp/B0DDH1R7P7,https://www.amazon.com/dp/B0DDH1R7P7,Amazon Estados Unidos,Sticky Expressions Inc.
,B08DG2P4XB,4,Herramientas y Mejoras del Hogar,disponible,disponible,,,2025-10-17T22:10:34.480Z,2025-10-20T03:32:38.481Z,2025-10-28T04:16:50.107Z,469,17.74,$694.45,"SLARMOR Guantes de jardinería a prueba de espinas, para mujeres/hombres, piel vacuna gruesa, extra grandes",https://www.amazon.com.mx/dp/B08DG2P4XB,https://www.amazon.com/dp/B08DG2P4XB,Sunny3-HQ,SLARMOR
,B0B3X3PLPV,4,Herramientas y Mejoras del Hogar,disponible,disponible,,,2025-10-17T22:10:34.480Z,2025-10-20T03:32:47.478Z,2025-10-28T04:16:58.636Z,505.37,9.99,$508.79,"Womens Gardening Weeding Working Gloves, Leather Garden Glove for Women Thorn Proof No Stab for Digging, Planting,Pruning",https://www.amazon.com.mx/dp/B0B3X3PLPV,https://www.amazon.com/dp/B0B3X3PLPV,SRKSB LLC,Qiruimayi
,B07M9JPXCP,4,Herramientas y Mejoras del Hogar,disponible,disponible,,,2025-10-17T22:10:45.814Z,2025-10-20T03:32:54.800Z,2025-10-28T04:17:07.247Z,696.85,15.49,$695.47,"LifeGrip - Cinta de tracción antideslizante con rayas verdes que brillan en la oscuridad, 4 pulgadas x 30 pies, mejor agarre, fricción, calcomanía abrasivo para escaleras, peldaños de rodadura, interior y exterior, negro (4 x 30 pies)",https://www.amazon.com.mx/dp/B07M9JPXCP,https://www.amazon.com/dp/B07M9JPXCP,Boon Shopping,LifeGrip Safety
,B088B7XRW8,4,Herramientas y Mejoras del Hogar,disponible,disponible,,,2025-10-17T22:10:45.814Z,2025-10-20T03:33:03.684Z,2025-10-28T04:17:16.272Z,502.76,9.89,$506.41,"Tapones para los oídos para dormir – Vegpoet reutilizables de silicona moldeables, reducción de ruido para conciertos, natación, tiro, ronquidos, avión, músicos, motocicleta, paquete de 12 unidades",https://www.amazon.com.mx/dp/B088B7XRW8,https://www.amazon.com/dp/B088B7XRW8,SRKSB LLC,Sirui international
,B0B935N1Z8,4,Herramientas y Mejoras del Hogar,disponible,disponible,,,2025-10-17T22:10:45.815Z,2025-10-20T03:33:12.905Z,2025-10-28T04:17:23.583Z,523.7,9.39,$489.41,"Tapones ultra suaves para dormir, 60 pares de tapones para los oídos con cancelación de ruido con funda de aluminio, tapones para los oídos de grado industrial para ronquidos, trabajar, estudiar, dormir de lado, rebote lento",https://www.amazon.com.mx/dp/B0B935N1Z8,https://www.amazon.com/dp/B0B935N1Z8,SRKSB LLC,Onhear Tech
,B09XQXBLBC,4,Herramientas y Mejoras del Hogar,disponible,disponible,,,2025-10-17T22:10:45.815Z,2025-10-20T03:33:20.185Z,2025-10-28T04:17:32.550Z,1334.69,41.39,"$1,312.89","Señal de salida fotoluminiscente de aluminio, parte trasera adhesiva que brilla en la oscuridad, flechas extraíbles incluidas, 12 x 7 pulgadas, luz de salida verde no eléctrica para visibilidad de 50 pies (paquete de 2)",https://www.amazon.com.mx/dp/B09XQXBLBC,https://www.amazon.com/dp/B09XQXBLBC,Amazon Estados Unidos,SASELUX
,B09PRNYMMS,4,Herramientas y Mejoras del Hogar,disponible,no disponible,,,2025-10-17T22:10:45.815Z,2025-10-20T03:33:26.682Z,2025-10-28T04:17:41.517Z,744.05,,"$1,013.65","Troyesko Bolsa de documentos ignífuga impermeable e ignífuga, bolsa de dinero de 2300 °F, 15.7 x 11.2 pulgadas, impermeable, organizador de documentos, bolsa a prueba de fuego para objetos de valor, joyas, documentos legales, tablet A4",https://www.amazon.com.mx/dp/B09PRNYMMS,https://www.amazon.com/dp/B09PRNYMMS,Amazon Estados Unidos,
,B09JNYNX35,4,Herramientas y Mejoras del Hogar,disponible,no disponible,,,2025-10-17T22:10:45.815Z,2025-10-20T03:33:34.702Z,2025-10-28T04:17:48.973Z,658.88,,$664.62,"Guantes de jardinería de cuero para mujer, 2 pares de guantes de jardinería flexibles y transpirables a prueba de espinas para patio, el mejor regalo",https://www.amazon.com.mx/dp/B09JNYNX35,https://www.amazon.com/dp/B09JNYNX35,SRKSB LLC,
,B08BYC4NJR,4,Herramientas y Mejoras del Hogar,disponible,disponible,,,2025-10-17T22:10:58.253Z,2025-10-20T03:33:43.695Z,2025-10-28T04:17:55.776Z,819.43,19.98,$824.47,"HappyPicnic - Rodillera de esponja suave para jardín, color verde",https://www.amazon.com.mx/dp/B08BYC4NJR,https://www.amazon.com/dp/B08BYC4NJR,SRKSB LLC,IS2017
,B08DG25FY5,4,Herramientas y Mejoras del Hogar,disponible,disponible,,,2025-10-17T22:10:58.254Z,2025-10-20T03:33:50.418Z,2025-10-28T04:18:03.223Z,856.6,17.74,$730.98,"SLARMOR Guantes de jardinería a prueba de espinas, para mujeres/hombres, piel vacuna gruesa, talla grande",https://www.amazon.com.mx/dp/B08DG25FY5,https://www.amazon.com/dp/B08DG25FY5,SRKSB LLC,SLARMOR
,B07ZFD64ND,4,Herramientas y Mejoras del Hogar,disponible,disponible,,,2025-10-17T22:10:58.254Z,2025-10-20T03:33:57.697Z,2025-10-28T04:18:12.064Z,558.05,11.99,$555.82,"LifeGrip - Cinta antideslizante transparente antideslizante, 2 x 15 pies, cinta antideslizante de agarre de tracción para bañeras, barcos, escaleras, transparente, suave, cómoda para pies descalzos (2",https://www.amazon.com.mx/dp/B07ZFD64ND,https://www.amazon.com/dp/B07ZFD64ND,SRKSB LLC,LifeGrip Safety
,B07JQ6HSS2,4,Herramientas y Mejoras del Hogar,disponible,disponible,,,2025-10-17T22:10:58.254Z,2025-10-20T03:34:04.929Z,2025-10-28T04:18:21.061Z,788.04,16.99,$786.66,"Cinta de tracción antideslizante con rayas verdes brillantes y rodillo de aplicación última intervensión, 4 pulgadas x 30 pies, mejor agarre, fricción para escaleras, peldaños de banda de rodadura, negro (cinta de 4 x 30 pies + rodillo)",https://www.amazon.com.mx/dp/B07JQ6HSS2,https://www.amazon.com/dp/B07JQ6HSS2,Boon Shopping,LifeGrip Safety
,B07545JGM9,4,Herramientas y Mejoras del Hogar,disponible,disponible,,,2025-10-17T22:10:58.254Z,2025-10-20T03:34:12.448Z,2025-10-28T04:18:28.446Z,609.63,13.99,$619.44,"Charmonic, Stash Can, funciona como un cepillo para polvo auténtico, perfecto para viajes o en casa (paquete de 1)",https://www.amazon.com.mx/dp/B07545JGM9,https://www.amazon.com/dp/B07545JGM9,SRKSB LLC,Charmonic
,B0CGN8NVPY,4,Herramientas y Mejoras del Hogar,disponible,disponible,,,2025-10-17T22:10:58.254Z,2025-10-20T03:34:20.611Z,2025-10-28T04:18:36.668Z,531.17,9.99,$531.18,"20 lentes de repuesto para lentes de protección exterior, 4.25 x 2 x 0.04 pulgadas, cubierta de filtro de lente transparente para oscurecimiento automático solar, capucha de casco",https://www.amazon.com.mx/dp/B0CGN8NVPY,https://www.amazon.com/dp/B0CGN8NVPY,Novayu,RYDEDIAN
,B099DHHDK6,4,Herramientas y Mejoras del Hogar,disponible,disponible,,,2025-10-17T22:10:58.254Z,2025-10-20T03:34:28.720Z,2025-10-28T04:18:45.281Z,1449.4,39.99,"$1,449.40","Rodilleras para hombres y mujeres, para jardín, rodilleras, extra gruesas, espuma viscoelástica, para baño o yoga",https://www.amazon.com.mx/dp/B099DHHDK6,https://www.amazon.com/dp/B099DHHDK6,SRKSB LLC,kneejoys
,B08DG37GDN,4,Herramientas y Mejoras del Hogar,disponible,disponible,,,2025-10-17T22:11:10.721Z,2025-10-20T03:34:37.328Z,2025-10-28T04:18:53.240Z,735.96,17.74,$712.73,"Guantes largos de jardinería para mujeres/hombres, a prueba de espinas, rosas/moras, piel vacuna gruesa, guantes de jardín con protección de antebrazo, extra pequeños",https://www.amazon.com.mx/dp/B08DG37GDN,https://www.amazon.com/dp/B08DG37GDN,Novayu,SLARMOR
,B0B3MD1KHL,4,Herramientas y Mejoras del Hogar,disponible,disponible,,,2025-10-17T22:11:10.721Z,2025-10-20T03:34:44.250Z,2025-10-28T04:19:00.764Z,408.6,18.99,$725.27,"Womens Gardening Weeding Working Gloves, Leather Garden Glove for Women Thorn Proof No Stab for Digging, Planting,Pruning",https://www.amazon.com.mx/dp/B0B3MD1KHL,https://www.amazon.com/dp/B0B3MD1KHL,jls55236,Qiruimayi
,B09YCDB95M,4,Herramientas y Mejoras del Hogar,disponible,no disponible,,,2025-10-17T22:11:20.836Z,2025-10-20T03:34:52.406Z,2025-10-28T04:19:07.732Z,3464.87,,"$3,459.81","SOLADDER - Escalera de 5 escalones, taburete plegable con mango y pedal ancho antideslizante, escalera de hierro portátil para cocina, hogar, biblioteca, oficina (capacidad de 300 libras), color negro",https://www.amazon.com.mx/dp/B09YCDB95M,https://www.amazon.com/dp/B09YCDB95M,SHERIFF EXPRESS,
,B0C6R5XFCP,4,Herramientas y Mejoras del Hogar,disponible,disponible,,,2025-10-17T22:11:20.836Z,2025-10-20T03:35:01.284Z,2025-10-28T04:19:14.625Z,1089.6,35.99,"$1,162.61",THUNDER GRIP 32 x 4 pulgadas - Peldaños transparentes antideslizantes para escaleras de madera (paquete de 18) - Tiras autoadhesivas - Transparentes para interiores,https://www.amazon.com.mx/dp/B0C6R5XFCP,https://www.amazon.com/dp/B0C6R5XFCP,Amazon Estados Unidos,Thunder Grip
,B07D92282Q,4,Herramientas y Mejoras del Hogar,disponible,no disponible,,,2025-10-17T22:11:20.836Z,2025-10-20T03:35:09.144Z,2025-10-28T04:19:23.738Z,825.67,,$831.25,White Oak Wood Flush Mount Floor Register Vent Cover 4x10 Inch (Duct Opening) 3/4 Inch Thickness with Damper Unfinished,https://www.amazon.com.mx/dp/B07D92282Q,https://www.amazon.com/dp/B07D92282Q,Boon Shopping,
,B07RNZTDJ9,4,Herramientas y Mejoras del Hogar,disponible,no disponible,,,2025-10-17T22:11:20.836Z,2025-10-20T03:35:24.836Z,2025-10-28T04:19:37.452Z,1945.39,,"$1,938.62","SOLADDER - Escalera de 3 escalones, taburete plegable con pedal antideslizante ancho y resistente, multiusos para uso en el hogar y la cocina, ahorro de espacio, grano de madera (capacidad de 300",https://www.amazon.com.mx/dp/B07RNZTDJ9,https://www.amazon.com/dp/B07RNZTDJ9,NutriBien,
,B09F39K9LH,4,Herramientas y Mejoras del Hogar,disponible,disponible,,,2025-10-17T22:11:20.836Z,2025-10-20T03:35:34.157Z,2025-10-28T04:19:45.950Z,543.67,11.77,$547.34,"Hokmly - Sello de puerta para pelar el clima, 5 m (16 pies), tira de sellado con ranura para tarjeta para puerta y ventana (5 mm x 6 mm (horneado 0.197 x cepillo para polvo 0.236 pulgadas) gris)",https://www.amazon.com.mx/dp/B09F39K9LH,https://www.amazon.com/dp/B09F39K9LH,SRKSB LLC,DigiHk
,B0B1D6WWJ9,4,Herramientas y Mejoras del Hogar,disponible,no disponible,,,2025-10-17T22:11:20.836Z,2025-10-20T03:35:42.610Z,2025-10-28T04:19:53.121Z,531.17,,$531.17,"Bandas de melamina blanca de 3/4 x 25 pies, borde calcomanía para reparación de gabinetes, estante laminado, tablero de madera contrachapada, tablero de madera contrachapada, muebles de encimera",https://www.amazon.com.mx/dp/B0B1D6WWJ9,https://www.amazon.com/dp/B0B1D6WWJ9,SRKSB LLC,
,B0CP541HD8,4,Herramientas y Mejoras del Hogar,disponible,disponible,,,2025-10-17T22:11:20.837Z,2025-10-20T03:35:51.559Z,2025-10-28T04:20:01.694Z,399.73,5.59,$403.21,"Correa de amarre de batería de coche de 39 pulgadas, correa de hebilla ajustable de batería automática para coches, SUV, barcos (1 unidad)",https://www.amazon.com.mx/dp/B0CP541HD8,https://www.amazon.com/dp/B0CP541HD8,SRKSB LLC,GLSOWEE-USA
,B0D8VPMYR9,4,Herramientas y Mejoras del Hogar,disponible,disponible,,,2025-10-17T22:11:20.837Z,2025-10-20T03:35:59.724Z,2025-10-28T04:20:08.773Z,983.06,18.99,$989.70,"Aozey - Rollo de vinilo laminado retro 3D, pelar y pegar grano de madera de linóleo, azulejos de piso de tablones de vinilo, azulejos adhesivos para baño, cocina, RV, apto para alquiler (roble blanco,",https://www.amazon.com.mx/dp/B0D8VPMYR9,https://www.amazon.com/dp/B0D8VPMYR9,SRKSB LLC,Aozey Store
,B0CL69DK4W,4,Herramientas y Mejoras del Hogar,disponible,disponible,,,2025-10-17T22:11:20.837Z,2025-10-20T03:36:06.342Z,2025-10-28T04:20:17.553Z,1496.88,42.68,"$1,506.99","W&S - 24 paneles de madera gris césioso para paredes, azulejos de aspecto de madera para RV, sala de estar, pared decorativa, paneles de madera sintética para salpicaduras de cocina, tablones de pared",https://www.amazon.com.mx/dp/B0CL69DK4W,https://www.amazon.com/dp/B0CL69DK4W,SRKSB LLC,Wood&Stone
,B0D839HKQP,4,Herramientas y Mejoras del Hogar,disponible,disponible,,PRICE_AND_SELLER_NOT_FOUND,2025-10-17T22:11:20.837Z,2025-10-20T03:36:15.518Z,2025-10-28T04:20:24.782Z,1121.87,,"$1,158.19","Herramienta de plantilla para pisar escalera, plantilla de aluminio para pisar escalera, medidor de escalera, herramienta de medición de escalera, con marca de medición de ángulo para escaleras,",https://www.amazon.com.mx/dp/B0D839HKQP,https://www.amazon.com/dp/B0D839HKQP,SRKSB LLC,
,B0D2HWKCT5,4,Herramientas y Mejoras del Hogar,disponible,no disponible,,,2025-10-17T22:11:30.826Z,2025-10-20T03:36:23.298Z,2025-10-28T04:20:32.936Z,680.27,,$680.27,"Elvone - Tapón de puerta en forma de T, tira de silicona de 1.9 pulgadas x 20 pies para ventanas de huecos, tira de sellado de lluvia transparente",https://www.amazon.com.mx/dp/B0D2HWKCT5,https://www.amazon.com/dp/B0D2HWKCT5,SRKSB LLC,
,B0D69C42BK,4,Herramientas y Mejoras del Hogar,disponible,no disponible,,,2025-10-17T22:11:30.826Z,2025-10-20T03:36:30.711Z,2025-10-28T04:20:39.620Z,505.37,,$508.79,"Banda de melamina de 65 pies, banda de borde blanco de 3/4 x 66 pies para muebles de madera contrachapada, borde de chapa blanca flexible y prepegado, solución ideal para bandas de borde de gabinete",https://www.amazon.com.mx/dp/B0D69C42BK,https://www.amazon.com/dp/B0D69C42BK,SRKSB LLC,
,B09H2H5Y34,4,Herramientas y Mejoras del Hogar,disponible,disponible,,,2025-10-17T22:11:30.826Z,2025-10-20T03:36:38.997Z,2025-10-28T04:20:46.522Z,519.11,11.67,$626.73,"Cubierta de ventilación de fontanería Rv, tapa de ventilación de techo, cubierta de ventilación de alcantarillado de plástico para tubería de 1 a 2 3/8 pulgadas, remolque, caravana, autocaravana",https://www.amazon.com.mx/dp/B09H2H5Y34,https://www.amazon.com/dp/B09H2H5Y34,Amazon Estados Unidos,RunningFox1001
,B093WC9LRM,4,Herramientas y Mejoras del Hogar,disponible,disponible,,,2025-10-17T22:11:30.826Z,2025-10-20T03:36:47.166Z,2025-10-28T04:20:55.522Z,1284.06,31.99,"$1,311.60","Kerykwan Kit de puerta de ventana de aire acondicionado portátil con manguera de escape de 5.9 pulgadas, kit de ventilación de CA ajustable para conductos, panel de sellado de CA universal para ventana horizontal y vertical",https://www.amazon.com.mx/dp/B093WC9LRM,https://www.amazon.com/dp/B093WC9LRM,HNEN,SUCHMIX LLC
,B09D7NCHSZ,4,Herramientas y Mejoras del Hogar,disponible,disponible,,,2025-10-17T22:11:30.826Z,2025-10-20T03:36:56.281Z,2025-10-28T04:21:03.683Z,774.38,15.99,$770.22,"NUFLR - Azulejo de piso resistente al agua, piso de vinilo de mármol negro, piso de despegar y pegar, duradero para actualizar, baño, cocina, sótano (11.8 x 11.8 pulgadas, 10 unidades)",https://www.amazon.com.mx/dp/B09D7NCHSZ,https://www.amazon.com/dp/B09D7NCHSZ,SRKSB LLC,Alow
,B0CYWSWZ71,4,Herramientas y Mejoras del Hogar,disponible,disponible,,,2025-10-17T22:11:30.826Z,2025-10-20T03:37:03.366Z,2025-10-28T04:21:12.602Z,2138.5,59.57,"$2,293.60","Zetunlo - Luces LED de trabajo de 21000 lúmenes con soporte - Luz de trabajo portátil de 3 cabezales con cable de 16 pies - Luces de trabajo impermeables IP66 para exteriores interiores y exteriores,",https://www.amazon.com.mx/dp/B0CYWSWZ71,https://www.amazon.com/dp/B0CYWSWZ71,SRKSB LLC,JUXIND
,B07L3RN1YF,4,Herramientas y Mejoras del Hogar,disponible,disponible,,,2025-10-17T22:11:30.827Z,2025-10-20T03:37:10.773Z,2025-10-28T04:21:22.137Z,4141.07,148.88,"$4,620.58","Escalera telescópica ARCHOM de 15 pies – Escalera telescópica de aluminio con pies antideslizantes – Escaleras de extensión plegables portátiles para el hogar, techo loft, RV trabajo con certificación",https://www.amazon.com.mx/dp/B07L3RN1YF,https://www.amazon.com/dp/B07L3RN1YF,SRKSB LLC,treemoo
,B0CFLHYQFN,4,Herramientas y Mejoras del Hogar,disponible,disponible,,,2025-10-17T22:11:30.827Z,2025-10-20T03:37:18.402Z,2025-10-28T04:21:30.000Z,518.22,11.19,$533.09,"Tresda - Luz de trabajo inalámbrica de 18 V/20 V, luz de inundación portátil de 25 W, LED COB superbrillante con 3 modos de luz y protección de bajo voltaje (sin batería)",https://www.amazon.com.mx/dp/B0CFLHYQFN,https://www.amazon.com/dp/B0CFLHYQFN,CATTLESIV,ForLight
,B07SHBBZB3,4,Herramientas y Mejoras del Hogar,disponible,disponible,,,2025-10-17T22:11:30.827Z,2025-10-20T03:37:27.406Z,2025-10-28T04:21:38.829Z,895.56,21.99,$895.56,"LifeGrip - Bandas de rodadura de tracción antideslizantes (paquete de 10), 6 x 28 pulgadas, cinta de agarre antideslizante, cinta antideslizante para exteriores, calcomanía abrasivo de fricción de alta tracción para escalones, negro (6 x 28 x 10 unidades)",https://www.amazon.com.mx/dp/B07SHBBZB3,https://www.amazon.com/dp/B07SHBBZB3,SRKSB LLC,LifeGrip Safety
,B0D41359F3,4,Herramientas y Mejoras del Hogar,disponible,disponible,,,2025-10-17T22:11:30.827Z,2025-10-20T03:37:34.410Z,2025-10-28T04:21:47.735Z,769.36,17.99,$821.03,"2 escaleras de zancuda y 2 calcomanías con certificación de zancuda de viña, pequeña escalera magnética adecuada para camiones, SUV, automóviles",https://www.amazon.com.mx/dp/B0D41359F3,https://www.amazon.com/dp/B0D41359F3,CATTLESIV,QL Store
,B0BXGLF6DD,4,Herramientas y Mejoras del Hogar,disponible,no disponible,,,2025-10-17T22:11:30.827Z,2025-10-20T03:37:41.770Z,2025-10-28T04:21:56.567Z,1333.46,,"$1,342.47","Nrspp - Base de poste de 4 x 4 pulgadas, 4 juegos de anclaje, (tamaño interior 3.6 x 3.6 pulgadas), soporte de base de poste de cubierta de metal negro para valla al aire última intervensión, buzón,",https://www.amazon.com.mx/dp/B0BXGLF6DD,https://www.amazon.com/dp/B0BXGLF6DD,SRKSB LLC,
,B0BS2QCJF9,4,Herramientas y Mejoras del Hogar,disponible,disponible,,,2025-10-17T22:11:30.827Z,2025-10-20T03:37:49.520Z,2025-10-28T04:22:03.769Z,648.38,13.46,$652.77,"Bloque de montaje de revestimiento, kit de montaje de revestimiento con caja eléctrica integrada, lámparas de revestimiento vertical, bloques de luz de revestimiento para revestimiento de 1/2",https://www.amazon.com.mx/dp/B0BS2QCJF9,https://www.amazon.com/dp/B0BS2QCJF9,SRKSB LLC,LYCKAUS
,B01M116PI2,4,Herramientas y Mejoras del Hogar,disponible,no disponible,,,2025-10-17T22:11:41.616Z,2025-10-20T03:37:58.033Z,2025-10-28T04:22:12.233Z,1066.14,,"$1,064.76",Post Buddy – Pack de 2 de madera valla Post (Juego de reparación para la Fix 1 Broken Post),https://www.amazon.com.mx/dp/B01M116PI2,https://www.amazon.com/dp/B01M116PI2,Boon Shopping,
,B0BH7G1ZQ1,4,Herramientas y Mejoras del Hogar,disponible,disponible,,,2025-10-17T22:11:41.617Z,2025-10-20T03:38:12.933Z,2025-10-28T04:22:26.352Z,446.38,9.99,$503.44,"Zyraw - Ganchos de ojo de tornillo de alta resistencia, 3.2 pulgadas, paquete de 10 tornillos de ojo de acero al carbono plateado para madera, chapados en zinc, resistente al óxido, tornillo de ojal",https://www.amazon.com.mx/dp/B0BH7G1ZQ1,https://www.amazon.com/dp/B0BH7G1ZQ1,Amazon Estados Unidos,Zyraw
,B0B4ZJ8V5Q,4,Herramientas y Mejoras del Hogar,disponible,no disponible,,,2025-10-17T22:11:41.617Z,2025-10-20T03:38:21.323Z,2025-10-28T04:22:34.189Z,1380.78,,"$1,411.47","XDENGP - Soporte de panel y madera contrachapada (2 unidades), herramienta de elevación de madera contrachapada y herramienta de transporte de paneles de yeso, aleación de aluminio con agarre suave",https://www.amazon.com.mx/dp/B0B4ZJ8V5Q,https://www.amazon.com/dp/B0B4ZJ8V5Q,SRKSB LLC,
,B09MY898RJ,4,Herramientas y Mejoras del Hogar,disponible,no disponible,,,2025-10-17T22:11:41.617Z,2025-10-20T03:38:29.455Z,2025-10-28T04:22:41.856Z,488,,$520.59,"Sellos de esquina para puerta exterior, marco de jamba de puerta exterior, tapón de cuña con adhesivo, paquete de 10 para pelar contra el clima y protección contra corrientes de aire, sellado de esquina de espuma, aislamiento de ruido (blanco)",https://www.amazon.com.mx/dp/B09MY898RJ,https://www.amazon.com/dp/B09MY898RJ,SRKSB LLC,
,B09F3C66RP,4,Herramientas y Mejoras del Hogar,disponible,disponible,,,2025-10-17T22:11:41.617Z,2025-10-20T03:38:37.345Z,2025-10-28T04:22:49.409Z,692.79,10.79,$697.46,"16 pies 5 m (196 pulgadas), cepillo para pelar la intemperie, ranura para tarjetas, tira de sellado para puerta (7 mm x 8 mm), color gris",https://www.amazon.com.mx/dp/B09F3C66RP,https://www.amazon.com/dp/B09F3C66RP,SRKSB LLC,DigiHk
,B09D9XBCNF,4,Herramientas y Mejoras del Hogar,disponible,no disponible,,,2025-10-17T22:11:41.617Z,2025-10-20T03:38:44.596Z,2025-10-28T04:22:56.526Z,847.21,,$861.12,"MinliGUY Floor Spacers, 1/4"" & 1/2"" ABS Triangular Spacers (20 Piezas) para Vinyl Plank, Wood, LVP, Laminate Flooring Installation",https://www.amazon.com.mx/dp/B09D9XBCNF,https://www.amazon.com/dp/B09D9XBCNF,MAYLA LLC,
,B07V6CHSNV,4,Herramientas y Mejoras del Hogar,disponible,no disponible,,,2025-10-17T22:11:41.618Z,2025-10-20T03:38:52.866Z,2025-10-28T04:23:03.101Z,818.91,,$818.91,"Cubierta de ventilación de madera de roble, montaje en superficie, 4 x 10 pulgadas (abertura de hueco), 3/4 pulgadas de grosor, sin acabado, 4x10 Inch, Red Oak With Damper",https://www.amazon.com.mx/dp/B07V6CHSNV,https://www.amazon.com/dp/B07V6CHSNV,Boon Shopping,
,B0897K3H4W,4,Herramientas y Mejoras del Hogar,disponible,no disponible,,,2025-10-17T22:11:41.618Z,2025-10-20T03:39:01.348Z,2025-10-28T04:23:11.019Z,824.19,,$829.76,"DOCMON - Toallero de pared para cuarto de baño, 3,3-pies para colgar en la pared, madera blanca y cuerda escalera, con 5 peldaños para decoración de la casa de campo (lavado blanco)",https://www.amazon.com.mx/dp/B0897K3H4W,https://www.amazon.com/dp/B0897K3H4W,SRKSB LLC,
,B082PGJ71R,4,Herramientas y Mejoras del Hogar,disponible,disponible,,,2025-10-17T22:11:41.618Z,2025-10-20T03:39:08.874Z,2025-10-28T04:23:17.990Z,2905.75,109.95,"$2,905.75","Myard 32-1/4 Inches Grooved Aluminum Deck Balusters with Screws for Facemount Railing Fencing, European Baroque Silhouette Wrought Style (25-Pack, Matte Black)",https://www.amazon.com.mx/dp/B082PGJ71R,https://www.amazon.com/dp/B082PGJ71R,SRKSB LLC,PayandPack
,B082PFP4QS,4,Herramientas y Mejoras del Hogar,disponible,disponible,,,2025-10-17T22:11:55.271Z,2025-10-20T03:39:16.739Z,2025-10-28T04:23:26.763Z,1829.49,54.95,"$1,850.86","Myard - Balaustres de aluminio cuadrado ranurado de 29 pulgadas para terraza, barandilla, patio, valla de aspecto moderno (paquete de 25, color negro mate)",https://www.amazon.com.mx/dp/B082PFP4QS,https://www.amazon.com/dp/B082PFP4QS,SRKSB LLC,PayandPack
,B081SHJ6PG,4,Herramientas y Mejoras del Hogar,disponible,disponible,,,2025-10-17T22:11:55.271Z,2025-10-20T03:39:23.903Z,2025-10-28T04:23:34.065Z,1155.95,42.95,"$1,187.85","Myard Myard Balaustres de aluminio redondo hueco clásico ranurado de 29 pulgadas para cubierta barandilla porche (paquete de 25, negro mate)",https://www.amazon.com.mx/dp/B081SHJ6PG,https://www.amazon.com/dp/B081SHJ6PG,SRKSB LLC,PayandPack
,B07T3XKYGD,4,Herramientas y Mejoras del Hogar,disponible,disponible,,,2025-10-17T22:11:55.271Z,2025-10-20T03:39:32.394Z,2025-10-28T04:23:40.783Z,2157.46,63.99,"$2,157.46","Fayevorite - Pasador de mano de acero inoxidable para barandilla de cable de 1/8, extremo roscado",https://www.amazon.com.mx/dp/B07T3XKYGD,https://www.amazon.com/dp/B07T3XKYGD,SRKSB LLC,Zhigetech
,B0719F8Q31,4,Herramientas y Mejoras del Hogar,disponible,no disponible,,,2025-10-17T22:11:55.272Z,2025-10-20T03:39:40.977Z,2025-10-28T04:23:49.581Z,2108.11,,"$2,122.34","zipbolt UT Angled Ferroviario Bolt 11.560, Paquete de 5",https://www.amazon.com.mx/dp/B0719F8Q31,https://www.amazon.com/dp/B0719F8Q31,SRKSB LLC,
,B01MQX8OER,4,Herramientas y Mejoras del Hogar,disponible,disponible,,,2025-10-17T22:11:55.272Z,2025-10-20T03:39:49.486Z,2025-10-28T04:23:57.850Z,1131.97,34.99,"$1,139.62",Gutter Sense Herramienta de limpieza para canaletas,https://www.amazon.com.mx/dp/B01MQX8OER,https://www.amazon.com/dp/B01MQX8OER,SRKSB LLC,STARBOOKS LLC
,B091XV1KHD,4,Herramientas y Mejoras del Hogar,disponible,no disponible,,,2025-10-17T22:11:55.272Z,2025-10-20T03:39:57.994Z,2025-10-28T04:24:05.810Z,947.5,,$954.24,"Vypart 279838 Elemento calefactor para secadora – 279838 Elemento de calefacción, 3977393 y 3392519 Fusible térmico para secadora, 3977767 y 3387134 Kit de termostato para secadora – Sustituye a 8565582, AP309425, 398064 443333585",https://www.amazon.com.mx/dp/B091XV1KHD,https://www.amazon.com/dp/B091XV1KHD,SRKSB LLC,
,B07LF8SZC6,4,Herramientas y Mejoras del Hogar,disponible,disponible,,,2025-10-17T22:11:55.272Z,2025-10-20T03:40:06.074Z,2025-10-28T04:24:13.629Z,977.2,25.99,$987.20,"Motor de sincronización síncrona para mesa giratoria, 50 / 60 Hz, CA 100 ~ 127 V, CCW/CW, 4 W, 5 – 6 RPM/MIN CCW/CW, con conector de acoplamiento flexible de 7 mm, hecho a mano, proyecto escolar, modelo, 5-6RPM",https://www.amazon.com.mx/dp/B07LF8SZC6,https://www.amazon.com/dp/B07LF8SZC6,Binglu,NAIVE BLUE
,B081SM2BMG,4,Herramientas y Mejoras del Hogar,disponible,disponible,,,2025-10-17T22:11:55.272Z,2025-10-20T03:40:14.994Z,2025-10-28T04:24:22.485Z,1850.44,66.95,"$1,911.87","Myard Balaustres de aluminio ranurado clásico hueco redondo de 66 cm para barandilla de cubierta (50 unidades, negro mate)",https://www.amazon.com.mx/dp/B081SM2BMG,https://www.amazon.com/dp/B081SM2BMG,SRKSB LLC,PayandPack
,B0C3H6G25R,4,Herramientas y Mejoras del Hogar,disponible,no disponible,,,2025-10-17T22:12:17.601Z,2025-10-20T03:40:22.321Z,2025-10-28T04:24:30.396Z,834.91,,$834.91,"AP-1512HH - Juego de filtros de repuesto para purificadores de aire Coway Airmega AP-1512HH y 200M, 1 HEPA verdadero y 4 prefiltros de carbono",https://www.amazon.com.mx/dp/B0C3H6G25R,https://www.amazon.com/dp/B0C3H6G25R,SRKSB LLC,
,B09FP3W5F2,4,Herramientas y Mejoras del Hogar,disponible,disponible,,,2025-10-17T22:14:10.248Z,2025-10-20T03:40:30.621Z,2025-10-28T04:24:37.903Z,1219.98,29.99,"$1,228.21",BOTEMY B9178 Drenaje para fregadero de cocina (negro),https://www.amazon.com.mx/dp/B09FP3W5F2,https://www.amazon.com/dp/B09FP3W5F2,SRKSB LLC,BOTEMY Shop