also_appears_in,asin,batch_number,category,disponibilidad_mx,disponibilidad_usa,error_verificacion_mx,error_verificacion_usa,extracted_at,fecha_verificacion_mx,fecha_verificacion_usa,precio_actual_mx,precio_actual_usd,price,title,url_mx,url_usa,vendedor_actual_mx,vendedor_actual_usa
,B0FH4N1D7F,8,Juguetes y Juegos,disponible,no disponible,,,2025-10-20T00:02:19.859Z,2025-10-27T15:37:48.009Z,2025-10-28T23:08:21.652Z,862.69,,$834.13,"Juguete de bola de orbe volador, galáctico, orbe volador con luz LED, juguete mágico controlado a mano, mini dron volador, juguete de juguete genial para niños de 6, 7, 8, 9, 10 años más de edad",https://www.amazon.com.mx/dp/B0FH4N1D7F,https://www.amazon.com/dp/B0FH4N1D7F,SRKSB LLC,
,B0DBQWPZN1,8,Juguetes y Juegos,disponible,no disponible,,,2025-10-20T00:02:19.859Z,2025-10-27T15:37:56.987Z,2025-10-28T23:08:30.689Z,1072.44,,"$1,121.40","Hollowfly - 120 unidades de burbujas de boda para varitas de boda, varita de burbujas de corazón a granel para invitados, suministros de fiesta, San Valentín, aniversarios de celebración (amor para",https://www.amazon.com.mx/dp/B0DBQWPZN1,https://www.amazon.com/dp/B0DBQWPZN1,SRKSB LLC,
,B0D7CDBFGC,8,Juguetes y Juegos,disponible,disponible,,,2025-10-20T00:02:19.859Z,2025-10-27T15:38:05.697Z,2025-10-28T23:08:39.609Z,1190.17,31.19,"$1,300.96","Lilian&Gema - Juguetes de bicicleta de equilibrio para bebés para niños de más de 1 año, iluminación colorida sin pedal, bicicleta para niños de 12 a 24 meses, juguete con 4 ruedas de silencio, regalo",https://www.amazon.com.mx/dp/B0D7CDBFGC,https://www.amazon.com/dp/B0D7CDBFGC,Amazon Estados Unidos,Lilian&Gema Official Store
,B0F21PTK36,8,Juguetes y Juegos,disponible,disponible,,,2025-10-20T00:02:19.859Z,2025-10-27T15:38:13.232Z,2025-10-28T23:08:47.774Z,695.15,14.99,$709.20,"Glückpa - Regalos de juguetes para niños, pelota de fútbol con luces LED, juegos de fútbol para interiores, juguetes de concha de tortuga para niños de 3 a 12 años, regalos de cumpleaños de Navidad",https://www.amazon.com.mx/dp/B0F21PTK36,https://www.amazon.com/dp/B0F21PTK36,SRKSB LLC,ZZFamily
,B0DZH5VGV3,8,Juguetes y Juegos,disponible,no disponible,,,2025-10-20T00:02:19.860Z,2025-10-27T15:38:21.297Z,2025-10-28T23:08:55.444Z,826.88,,$786.05,"Máquina de burbujas recargable, fabricante de burbujas para niños con luz LED colorida, hace burbujas grandes, capacidad de 600 ml – Fiesta al aire última intervensión, cumpleaños, Halloween, juguetes",https://www.amazon.com.mx/dp/B0DZH5VGV3,https://www.amazon.com/dp/B0DZH5VGV3,SRKSB LLC,
,B0CJ6TWY8S,8,Juguetes y Juegos,disponible,disponible,,,2025-10-20T00:02:19.860Z,2025-10-27T15:38:30.113Z,2025-10-28T23:09:02.588Z,732.56,16.93,$689.59,Juego de 2 lanzadores de muñeca Spider Web Shooters para niños,https://www.amazon.com.mx/dp/B0CJ6TWY8S,https://www.amazon.com/dp/B0CJ6TWY8S,SHERIFF EXPRESS,jinjiangerqingstore
,B09Z2CPQ7J,8,Juguetes y Juegos,disponible,no disponible,,,2025-10-20T00:02:19.860Z,2025-10-27T15:38:38.112Z,2025-10-28T23:09:10.576Z,2097.39,,"$1,952.71","Winyea Tag Laser Tag, Lazer Tag Sets con Pistola y Chaleco Set de 4, Ideales de Regalo para Niños de 8+ Años de Edad Cool Toys, Juego al Aire Libre para Adolescentes, Niñas, Adultos y Familia",https://www.amazon.com.mx/dp/B09Z2CPQ7J,https://www.amazon.com/dp/B09Z2CPQ7J,Lumexa Online MX,
,B0DKTMG6YZ,8,Juguetes y Juegos,disponible,disponible,,,2025-10-20T00:02:19.860Z,2025-10-27T15:38:45.431Z,2025-10-28T23:09:17.766Z,805.53,18.99,$832.99,"Duck - Juguetes de juego a juego para niños, 20 patos de plástico con números, piscina infantil de 34 x 7 pulgadas, bolsa de almacenamiento, 2 redes, juegos divertidos de memoria, juego de agua al",https://www.amazon.com.mx/dp/B0DKTMG6YZ,https://www.amazon.com/dp/B0DKTMG6YZ,SRKSB LLC,FIVEDAOGANG Toys
,B0DNFJ5BVM,8,Juguetes y Juegos,disponible,disponible,,,2025-10-20T00:02:19.860Z,2025-10-27T15:38:52.974Z,2025-10-28T23:09:25.456Z,652.33,15.99,$655.66,"WHALEISLAND - Juego de 20 varitas de burbujas para niños, varita de burbujas de coche para camión, suministros de fiesta de cumpleaños, decoración de premios de aula, regalo",https://www.amazon.com.mx/dp/B0DNFJ5BVM,https://www.amazon.com/dp/B0DNFJ5BVM,SRKSB LLC,WHALEISLAND
,B0CPSHWBND,8,Juguetes y Juegos,disponible,no disponible,,,2025-10-20T00:02:19.860Z,2025-10-27T15:39:01.517Z,2025-10-28T23:09:32.477Z,1177.49,,"$1,308.50","MarcZero - 11 juguetes de playa de silicona, juguetes modernos de playa para bebés, juego de playa para viajes, juguete ecológico, cubeta de silicona, pala, 8 moldes de arena, bolsa de playa, juguetes",https://www.amazon.com.mx/dp/B0CPSHWBND,https://www.amazon.com/dp/B0CPSHWBND,SRKSB LLC,
,B07RTJDTBX,8,Juguetes y Juegos,disponible,disponible,,,2025-10-20T00:02:19.860Z,2025-10-27T15:39:09.273Z,2025-10-28T23:09:39.895Z,677.06,16.99,$680.87,"NINOSTAR - Juego de 3 bolas de juego grandes, regalo divertido para interiores y exteriores, tamaño de 14 pulgadas, se puede utilizar para jugar, decoración de habitaciones, decoración de fiestas,",https://www.amazon.com.mx/dp/B07RTJDTBX,https://www.amazon.com/dp/B07RTJDTBX,SRKSB LLC,Made-With-Love
,B0DHY1XTB1,8,Juguetes y Juegos,disponible,disponible,,,2025-10-20T00:02:19.860Z,2025-10-27T15:39:18.446Z,2025-10-28T23:09:48.046Z,1433.99,35.99,"$1,452.37","Youthkkee - Bicicleta de equilibrio para niños pequeños de 2 años, edad de 24 meses a 5 años, bicicleta de 12 pulgadas, montaje rápido, equilibrio constante, bicicleta ligera para 2 a 3 niños y niñas",https://www.amazon.com.mx/dp/B0DHY1XTB1,https://www.amazon.com/dp/B0DHY1XTB1,SRKSB LLC,zibeizibei
,B083NHN73N,8,Juguetes y Juegos,disponible,no disponible,,,2025-10-20T00:02:19.860Z,2025-10-27T15:39:26.447Z,2025-10-28T23:09:55.567Z,654,,"$1,318.08",Disney Chip - Varita de burbuja iluminada - La Bella y la Bestia,https://www.amazon.com.mx/dp/B083NHN73N,https://www.amazon.com/dp/B083NHN73N,Marca: Disney Store,
,B0DSJBWZYY,8,Juguetes y Juegos,disponible,no disponible,,,2025-10-20T00:02:19.861Z,2025-10-27T15:39:33.644Z,2025-10-28T23:10:02.872Z,1106.86,,"$1,071.78","Super pistola de agua para adultos y niños, paquete de 2 verde y azul",https://www.amazon.com.mx/dp/B0DSJBWZYY,https://www.amazon.com/dp/B0DSJBWZYY,SRKSB LLC,
,B07TW2FYNV,8,Juguetes y Juegos,disponible,disponible,,,2025-10-20T00:02:19.861Z,2025-10-27T15:39:41.021Z,2025-10-28T23:10:10.181Z,751.54,19.99,$792.84,LLMoose Hover Balón de fútbol,https://www.amazon.com.mx/dp/B07TW2FYNV,https://www.amazon.com/dp/B07TW2FYNV,SRKSB LLC,BeCreativeStore
,B0DHG16P1C,8,Juguetes y Juegos,disponible,disponible,,,2025-10-20T00:02:19.861Z,2025-10-27T15:39:48.616Z,2025-10-28T23:10:17.863Z,892.89,35.99,"$1,079.45","QPAU Dinosaurio hinchable de 1 pieza con bomba de mano, gran capacidad de carga, capacidad de carga de 220 libras, juguete de salto, interior y exterior, para niñas y niños de 5 años",https://www.amazon.com.mx/dp/B0DHG16P1C,https://www.amazon.com/dp/B0DHG16P1C,Amazon Estados Unidos,USXZY
,B0DLB2S4J5,8,Juguetes y Juegos,disponible,disponible,,,2025-10-20T00:02:32.247Z,2025-10-27T15:39:57.324Z,2025-10-28T23:10:25.127Z,1046.84,27.99,"$1,006.46","Primlect - Tapete de siesta para niños pequeños con almohada y manta, 55 x 35 pulgadas para niños, tapete enrollable para la siesta para preescolar, saco de dormir suave para niños y niñas, jardín de",https://www.amazon.com.mx/dp/B0DLB2S4J5,https://www.amazon.com/dp/B0DLB2S4J5,SRKSB LLC,Primlect
,B09XD5TFSL,8,Juguetes y Juegos,disponible,disponible,,,2025-10-20T00:02:32.247Z,2025-10-27T15:40:05.482Z,2025-10-28T23:10:33.861Z,1376.19,33.99,"$1,395.93","Tienda de campaña para niños con hoyo de bolas para niños, tiendas de campaña para niños y túnel de rastreo para niños pequeños, juguetes de casa de juegos emergentes",https://www.amazon.com.mx/dp/B09XD5TFSL,https://www.amazon.com/dp/B09XD5TFSL,Rendomin,FOSONN Store
,B08GHJM2BT,8,Juguetes y Juegos,disponible,no disponible,,,2025-10-20T00:02:32.247Z,2025-10-27T15:40:13.823Z,2025-10-28T23:10:41.053Z,798.56,,$799.24,"Soporte para dardos de madera dura montado en la pared con gancho de metal, bolsa de almacenamiento de accesorios, muestra 12 juegos de dardos de acero y punta suave (negro)",https://www.amazon.com.mx/dp/B08GHJM2BT,https://www.amazon.com/dp/B08GHJM2BT,SRKSB LLC,
,B097Y2PCND,8,Juguetes y Juegos,disponible,disponible,,,2025-10-20T00:02:32.247Z,2025-10-27T15:40:21.840Z,2025-10-28T23:10:47.739Z,1115.8,31.99,"$1,122.70","SUNWUKING - Mesa plegable de arena y agua para niños pequeños – Pozo de juego sensorial portátil para bebé con diseño plegable, diversión de verano, juego creativo, baño de mascotas, juegos de bolas y",https://www.amazon.com.mx/dp/B097Y2PCND,https://www.amazon.com/dp/B097Y2PCND,SRKSB LLC,sunwuking
,B0B8NJGLFS,8,Juguetes y Juegos,disponible,disponible,,,2025-10-20T00:02:32.247Z,2025-10-27T15:40:36.288Z,2025-10-28T23:11:01.240Z,478.26,8.99,$480.40,"SPRMUD - Juguetes coloridos de plástico para conchas marinas, conchas, estrellas de mar, juguetes para fiestas en la playa, día festivo en la piscina, buceo en la piscina, búsqueda del tesoro, regalo de fiesta, decoración de fiestas (concha marina)",https://www.amazon.com.mx/dp/B0B8NJGLFS,https://www.amazon.com/dp/B0B8NJGLFS,SRKSB LLC,SPRMUD US
,B0D2227DP2,8,Juguetes y Juegos,disponible,no disponible,,,2025-10-20T00:02:32.247Z,2025-10-27T15:40:45.257Z,2025-10-28T23:11:10.008Z,832.87,,$847.47,"Varitas de burbujas gigantes, juego de juguetes de varitas de burbujas grandes con bandeja, divertido fabricante de burbujas para niños pequeños y adultos, actividades al aire última intervensión,",https://www.amazon.com.mx/dp/B0D2227DP2,https://www.amazon.com/dp/B0D2227DP2,SRKSB LLC,
,B0D1YLQS57,8,Juguetes y Juegos,disponible,no disponible,,,2025-10-20T00:02:32.247Z,2025-10-27T15:40:53.296Z,2025-10-28T23:11:17.985Z,554.77,,$520.64,"jarbins - Juego de 2 bates de béisbol en miniatura y guantes para manualidades, bates de béisbol deportivos para decoración de tartas de cumpleaños, accesorios de casa de muñecas",https://www.amazon.com.mx/dp/B0D1YLQS57,https://www.amazon.com/dp/B0D1YLQS57,SRKSB LLC,
,B08JLXH9R8,8,Juguetes y Juegos,disponible,no disponible,,,2025-10-20T00:02:32.248Z,2025-10-27T15:41:01.418Z,2025-10-28T23:11:26.744Z,2061.94,,"$2,043.59","Tienda de campaña para niños con tipi para niñas y niños, para interior o interior, para jugar a tipi, tienda de campaña para niñas, color rosa con cheurón",https://www.amazon.com.mx/dp/B08JLXH9R8,https://www.amazon.com/dp/B08JLXH9R8,SRKSB LLC,
,B09X21N1MH,8,Juguetes y Juegos,disponible,disponible,,,2025-10-20T00:02:32.248Z,2025-10-27T15:41:07.983Z,2025-10-28T23:11:33.483Z,897.62,21.99,$920.87,Tudaymol Nerf Bullets 500 Dart oficial para Nerf N-Elite Series - Paquetes de munición de balas de espuma - Compatible con todos los Elite Blaster,https://www.amazon.com.mx/dp/B09X21N1MH,https://www.amazon.com/dp/B09X21N1MH,SRKSB LLC,Fairy-570
,B095VRB5D7,8,Juguetes y Juegos,disponible,disponible,,,2025-10-20T00:02:32.248Z,2025-10-27T15:41:16.580Z,2025-10-28T23:11:41.257Z,511.01,18.99,$863.90,"Juguetes al aire última intervensión para niños, juego de pelota de lanzamiento y captura de juguetes de playa, juegos de patio exterior para niños con 6 palas, 3 bolas, juego de juegos para patio",https://www.amazon.com.mx/dp/B095VRB5D7,https://www.amazon.com/dp/B095VRB5D7,Anyteer,Bigwish-US
,B0B9VZY5P4,8,Juguetes y Juegos,disponible,no disponible,,,2025-10-20T00:02:32.248Z,2025-10-27T15:41:24.332Z,2025-10-28T23:11:49.411Z,1947.29,,"$2,208.31","Yeeeasy - Trampolín para bebé - Mini trampolín para niños de 1 año más regalos de juguete de guardería, regalos de bebé para niños y niñas, interior y exterior, jirafa",https://www.amazon.com.mx/dp/B0B9VZY5P4,https://www.amazon.com/dp/B0B9VZY5P4,Lumexa Online MX,
,B0CTHKT3VC,8,Juguetes y Juegos,disponible,no disponible,,,2025-10-20T00:02:32.248Z,2025-10-27T15:41:31.208Z,2025-10-28T23:11:57.261Z,1182.6,,$935.30,"Pistola de agua de 600 cc para niños y adultos: paquete de 4 lanzadores de chorro súper pistola de agua con largo alcance, alta capacidad para niños y niñas, verano, piscina, playa, al aire última",https://www.amazon.com.mx/dp/B0CTHKT3VC,https://www.amazon.com/dp/B0CTHKT3VC,SRKSB LLC,
,B0D1VJKS3D,8,Juguetes y Juegos,disponible,no disponible,,,2025-10-20T00:02:32.248Z,2025-10-27T15:41:38.064Z,2025-10-28T23:12:04.535Z,1259.35,,"$1,606.55","Qtioucp - Juego de herramientas de jardinería para niños, juego de patio trasero con carretilla, juguetes educativos para aprendizaje STEM al aire última intervensión para niños y niñas",https://www.amazon.com.mx/dp/B0D1VJKS3D,https://www.amazon.com/dp/B0D1VJKS3D,Novayu,
,B0945QK918,8,Juguetes y Juegos,disponible,no disponible,,,2025-10-20T00:02:32.248Z,2025-10-27T15:41:46.127Z,2025-10-28T23:12:12.202Z,930.59,,"$1,154.63","Bubbleventi Mezcla de burbujas gigantes, fabricada en Estados Unidos, polvo 100% vegano no tóxico que hace 20 galones de solución de burbujas grandes para la diversión STEM de los niños, uso en varitas de burbujas + máquinas (hace 20 galones)",https://www.amazon.com.mx/dp/B0945QK918,https://www.amazon.com/dp/B0945QK918,SRKSB LLC,
,B0DMWSDZJQ,8,Juguetes y Juegos,disponible,no disponible,,,2025-10-20T00:02:32.248Z,2025-10-27T15:41:55.042Z,2025-10-28T23:12:19.501Z,825.5,,$596.98,Máquina de burbujas para niños,https://www.amazon.com.mx/dp/B0DMWSDZJQ,https://www.amazon.com/dp/B0DMWSDZJQ,UfukTcrT,
,B09P8KGL5S,8,Juguetes y Juegos,disponible,disponible,,,2025-10-20T00:02:32.248Z,2025-10-27T15:42:01.848Z,2025-10-28T23:12:27.409Z,1037.84,42.59,"$1,691.20","Tongmo - Red de carga de escalada, 6.5 x 9.8 pies, red de seguridad para patio de recreo, red de escalada para niños, utilizada para accesorios de casa del árbol... con bolsa de almacenamiento y mosquetones",https://www.amazon.com.mx/dp/B09P8KGL5S,https://www.amazon.com/dp/B09P8KGL5S,Kanecome,Kanecome
,B083PXYSLH,8,Juguetes y Juegos,disponible,no disponible,,,2025-10-20T00:02:47.106Z,2025-10-27T15:42:09.123Z,2025-10-28T23:12:35.853Z,782.07,,$781.16,"Paquete de 2 pistolas Blaster para niños, con 60 dardos de espuma suave y 2 muñequeras, juguetes de pistola de mano, suministros de fiesta para niños de 3, 4, 5, 6, 7, 8, 9 años",https://www.amazon.com.mx/dp/B083PXYSLH,https://www.amazon.com/dp/B083PXYSLH,SRKSB LLC,
,B09ZBDC3CR,8,Juguetes y Juegos,disponible,disponible,,,2025-10-20T00:02:47.106Z,2025-10-27T15:42:17.009Z,2025-10-28T23:12:43.084Z,639.59,13.99,$638.21,"Juguetes para ansiedad para recoger la piel, escoger piedra para la ansiedad, escoger piedra de pelar, piedra exigente con soporte de exhibición, juguetes para ansiedad de dermatilomania, kit de roca para niños y adultos con TDAH, excoriación TOC (óvalo)",https://www.amazon.com.mx/dp/B09ZBDC3CR,https://www.amazon.com/dp/B09ZBDC3CR,Boon Shopping,FidgetGone
,B09WMGJDHB,8,Juguetes y Juegos,disponible,disponible,,,2025-10-20T00:02:47.106Z,2025-10-27T15:42:24.093Z,2025-10-28T23:12:50.928Z,891.56,21.99,$846.14,"Take Me Away - Anillos de Barra oscilante Trapezoidal de 18 Pulgadas, 48 Pulgadas, Resistentes Cadenas revestidas de plástico, Juego de Columpio, Accesorios para Patio de recreo",https://www.amazon.com.mx/dp/B09WMGJDHB,https://www.amazon.com/dp/B09WMGJDHB,SRKSB LLC,TakeMeAway
,B099ZYK7K6,8,Juguetes y Juegos,disponible,disponible,,,2025-10-20T00:02:47.106Z,2025-10-27T15:42:31.260Z,2025-10-28T23:12:58.281Z,1219.38,29.99,"$1,241.16","GeerWest - Tienda de campaña para niños 3 en 1 para niños pequeños con pozo de bola de bebé y túnel de juego, casa de juegos para interiores y exteriores con túnel de escalada para niños, el mejor",https://www.amazon.com.mx/dp/B099ZYK7K6,https://www.amazon.com/dp/B099ZYK7K6,SEONGSAN,FOSONN Store
,B0995BRN1N,8,Juguetes y Juegos,disponible,no disponible,,,2025-10-20T00:02:47.106Z,2025-10-27T15:42:39.939Z,2025-10-28T23:13:07.430Z,997.62,,$959.56,"Pistolas de juguete de dinosaurio para niños pequeños de 3, 4, 5, 6, 7, 8 años, idea de regalo para niños, cumpleaños, San Valentín, Pascua, Navidad, rellenadores, Dino Blaster para niños con 30",https://www.amazon.com.mx/dp/B0995BRN1N,https://www.amazon.com/dp/B0995BRN1N,SRKSB LLC,
,B09GXPCDFS,8,Juguetes y Juegos,disponible,disponible,,,2025-10-20T00:02:47.106Z,2025-10-27T15:42:48.247Z,2025-10-28T23:13:15.282Z,1315.1,36.94,"$1,484.71","Disney Store - Varita de burbujas iluminada para niños, diseño de película auténtico, ideal para juegos al aire última intervensión y fiestas, duradera y segura para todas las edades, grande",https://www.amazon.com.mx/dp/B09GXPCDFS,https://www.amazon.com/dp/B09GXPCDFS,SRKSB LLC,Disney Store
,B0CYZV7M6Q,8,Juguetes y Juegos,disponible,disponible,,,2025-10-20T00:02:47.106Z,2025-10-27T15:42:55.207Z,2025-10-28T23:13:21.914Z,567.47,8.99,"$1,814.47","Uladis - Paquete de 2 pelotas de baloncesto acuático tamaño 3, pelota de baloncesto impermeable para piscina, tamaño 3, agarre texturizado pequeño, duradero, compatible con juegos de aro de baloncesto",https://www.amazon.com.mx/dp/B0CYZV7M6Q,https://www.amazon.com/dp/B0CYZV7M6Q,Amaazon . com,Uladis Direct
,B0D1CFSYWT,8,Juguetes y Juegos,disponible,no disponible,,,2025-10-20T00:02:47.106Z,2025-10-27T15:43:03.610Z,2025-10-28T23:13:29.207Z,1057.52,,"$1,022.80",Burbuja Kissdream,https://www.amazon.com.mx/dp/B0D1CFSYWT,https://www.amazon.com/dp/B0D1CFSYWT,SRKSB LLC,
,B0CW9Q786Z,8,Juguetes y Juegos,disponible,no disponible,,,2025-10-20T00:02:47.107Z,2025-10-27T15:43:16.411Z,2025-10-28T23:13:43.710Z,1105.36,,"$1,072.61","Minleway - Kit de baloncesto único para pintar tu propio baloncesto, 16 colores de 7.1 pulgadas, luz nocturna, control remoto, manualidades para niños y niñas, suministros de arte, regalo de",https://www.amazon.com.mx/dp/B0CW9Q786Z,https://www.amazon.com/dp/B0CW9Q786Z,SRKSB LLC,
,B0DV4BD3H2,8,Juguetes y Juegos,disponible,no disponible,,,2025-10-20T00:03:01.321Z,2025-10-27T15:43:24.329Z,2025-10-28T23:13:52.728Z,474.65,,$451.12,"Schylling NeeDoh - Juguete sensorial con una Mezcla de Colores única y arremolinos, a Partir de 3 años, el Color Puede Variar; un cubeta por Paquete",https://www.amazon.com.mx/dp/B0DV4BD3H2,https://www.amazon.com/dp/B0DV4BD3H2,SRKSB LLC,
Libros,B0D3BR2HPM,8,Juguetes y Juegos,disponible,no disponible,,,2025-10-20T00:03:01.321Z,2025-10-27T15:43:31.500Z,2025-10-28T23:14:00.230Z,505.94,,$566.29,"Libros para colorear para adultos, libro de colorear para mujeres, en espiral, diseño de una cara, regalos de arte y manualidades para mujeres para relajarse, ansiedad y depresión, 30 coloridas",https://www.amazon.com.mx/dp/B0D3BR2HPM,https://www.amazon.com/dp/B0D3BR2HPM,SRKSB LLC,
,B0BRYH4B2N,8,Juguetes y Juegos,disponible,disponible,,,2025-10-20T00:03:01.322Z,2025-10-27T15:43:39.170Z,2025-10-28T23:14:07.940Z,948.34,24.81,$872.04,"Star Wars Deluxe Imperial Star Destroyer - Kit de modelo 3D, colección de fantasía para adultos, para edades de 12 años en adelante",https://www.amazon.com.mx/dp/B0BRYH4B2N,https://www.amazon.com/dp/B0BRYH4B2N,SRKSB LLC,ToyBurg
Libros,B0CX57S4HF,8,Juguetes y Juegos,disponible,no disponible,,,2025-10-20T00:03:01.322Z,2025-10-27T15:43:47.329Z,2025-10-28T23:14:16.536Z,518,,$522.87,"ADEVIAN Coloring Books for Adult Coloring Book for Women Spiral Bound Page One Sided Design Gifts Arts and Crafts for Women to Relax, Anxiety and Depression 30 Colorful Coloring Pages of DREAM GARDEN",https://www.amazon.com.mx/dp/B0CX57S4HF,https://www.amazon.com/dp/B0CX57S4HF,SOCIALBOOSTI LLC,
,B0CR6T68WL,8,Juguetes y Juegos,disponible,disponible,,,2025-10-20T00:03:01.322Z,2025-10-27T15:43:55.278Z,2025-10-28T23:14:23.111Z,488.1,20,$755.86,Tarjetas premium para rascar de las 50 mejores películas de terror - Regalos de películas de miedo - Completa el desafío del fanático del terror,https://www.amazon.com.mx/dp/B0CR6T68WL,https://www.amazon.com/dp/B0CR6T68WL,"Charles Co., Inc.",Palettes & Prints
Libros,B0C2T43FGS,8,Juguetes y Juegos,disponible,no disponible,,,2025-10-20T00:03:01.322Z,2025-10-27T15:44:03.526Z,2025-10-28T23:14:31.762Z,244,,$389.66,"Ykimok 2 Pack College Ruled Notebook, Soft Black Cover Spiral Notebook, Memo Notepad Sketchbook, Students Office Business Diary Spiral Book Journal,100 Pages, 50 Sheets, 7.48 x 5.11 Inches",https://www.amazon.com.mx/dp/B0C2T43FGS,https://www.amazon.com/dp/B0C2T43FGS,Yueloushangmao,
,B0D7MJYWMT,8,Juguetes y Juegos,disponible,no disponible,,,2025-10-20T00:03:01.322Z,2025-10-27T15:44:11.993Z,2025-10-28T23:14:38.824Z,926.68,,$901.15,"Simgoing - Juego de 20 piezas de pintura de Navidad para pintar tu propio muñeco de nieve, Papá Noel, árbol de Navidad, estatuas de pingüino, estatuas de yeso, pinceles de pintura acrílica, bolsas de",https://www.amazon.com.mx/dp/B0D7MJYWMT,https://www.amazon.com/dp/B0D7MJYWMT,SRKSB LLC,
,B0FKML9LMS,8,Juguetes y Juegos,disponible,no disponible,,,2025-10-20T00:03:01.322Z,2025-10-27T15:44:20.924Z,2025-10-28T23:14:46.727Z,515.14,,$493.00,"100 pegatinas de estética para niñas, pegatinas de vinilo para botella de agua",https://www.amazon.com.mx/dp/B0FKML9LMS,https://www.amazon.com/dp/B0FKML9LMS,SRKSB LLC,
,B0D9QQCRWS,8,Juguetes y Juegos,disponible,disponible,,,2025-10-20T00:03:01.322Z,2025-10-27T15:44:27.649Z,2025-10-28T23:14:54.983Z,509.65,9.99,$520.64,"xackcme - Juego de 48 pegatinas de pintura de diamante para niños, diseño de flores y diamantes, diseño de mosaico, para niños, regalo para niños y niñas de 4 a 8 a 10 a 12 años",https://www.amazon.com.mx/dp/B0D9QQCRWS,https://www.amazon.com/dp/B0D9QQCRWS,SRKSB LLC,Qiyuan style
,B07FD7QRPG,8,Juguetes y Juegos,disponible,no disponible,,,2025-10-20T00:03:01.322Z,2025-10-27T15:44:35.240Z,2025-10-28T23:15:02.926Z,747.45,,$756.71,"Honeysticks - Ceras para tina de cera de abeja para niños y bebés, no tóxicas, lavables y fáciles de limpiar, solubles en agua, divertidas, pigmentos de grado alimenticio, hechas a mano en Nueva Zelanda (paquete de 7)",https://www.amazon.com.mx/dp/B07FD7QRPG,https://www.amazon.com/dp/B07FD7QRPG,SRKSB LLC,
,B0D5WGP4MY,8,Juguetes y Juegos,disponible,no disponible,,,2025-10-20T00:03:01.322Z,2025-10-27T15:44:44.394Z,2025-10-28T23:15:11.130Z,1079.99,,"$1,107.98",KipiPol 52 Pcs pista de tren de madera,https://www.amazon.com.mx/dp/B0D5WGP4MY,https://www.amazon.com/dp/B0D5WGP4MY,SRKSB LLC,
,B0BY2G619M,8,Juguetes y Juegos,disponible,no disponible,,,2025-10-20T00:03:01.323Z,2025-10-27T15:44:52.652Z,2025-10-28T23:15:18.710Z,778.42,,$884.39,"Tableta de escritura LCD, tablero de garabato recargable con pantalla colorida de 16 pulgadas, juguetes educativos para niños de 3, 4, 5, 6 años, niños, niñas, reutilizable, portátil, tableta,",https://www.amazon.com.mx/dp/B0BY2G619M,https://www.amazon.com/dp/B0BY2G619M,Rendosa,
,B0F2B1X4Q4,8,Juguetes y Juegos,disponible,no disponible,,,2025-10-20T00:03:01.323Z,2025-10-27T15:45:01.645Z,2025-10-28T23:15:27.044Z,568.9,,$540.80,"Paquete de 2 tabletas de escritura LCD para niños, tabletas de dibujo de tablero de garabato de 6.5 pulgadas, juguetes educativos para niños, juguetes de dinosaurio para niños de 3, 4, 5, 6, 7, 8 años",https://www.amazon.com.mx/dp/B0F2B1X4Q4,https://www.amazon.com/dp/B0F2B1X4Q4,SRKSB LLC,
,B0DT3Q5SRL,8,Juguetes y Juegos,disponible,no disponible,,,2025-10-20T00:03:01.323Z,2025-10-27T15:45:09.648Z,2025-10-28T23:15:34.625Z,,,$436.03,"ZHOC - Juego de pintura con agua para colorear para niños, juegos de pintura de acuarela sin desorden de bolsillo para niños de 3, 4, 5, 6, 7, 8 +, juego de pintura de color de agua, arte y",https://www.amazon.com.mx/dp/B0DT3Q5SRL,https://www.amazon.com/dp/B0DT3Q5SRL,Marca: ZHOC,
,B0FCMK218V,8,Juguetes y Juegos,disponible,no disponible,,,2025-10-20T00:03:01.323Z,2025-10-27T15:45:17.953Z,2025-10-28T23:15:42.474Z,1143.9,,"$1,143.80","Rueda de cerámica para niños, niñas juguetes de artes y manualidades para niños de 8 a 12 años, kit de manualidades de cerámica con 3 unidades de arcilla seca al aire, suministros de arte para niños",https://www.amazon.com.mx/dp/B0FCMK218V,https://www.amazon.com/dp/B0FCMK218V,SRKSB LLC,
,B09N3YZPWW,8,Juguetes y Juegos,disponible,disponible,,,2025-10-20T00:03:01.323Z,2025-10-27T15:45:28.461Z,2025-10-28T23:15:49.212Z,386,7.99,$451.12,"Pegatinas de baloncesto para zapatos de baloncesto, 50 unidades, elegantes calcomanías de vinilo para equipaje, coche, portátil, monopatín, teclado, calcomanías personalizadas (Dodger-LA-50 piezas)",https://www.amazon.com.mx/dp/B09N3YZPWW,https://www.amazon.com/dp/B09N3YZPWW,Chovys Tienda,BifrostUS
,B0BLVMS2FH,8,Juguetes y Juegos,disponible,disponible,,,2025-10-20T00:03:16.491Z,2025-10-27T15:45:37.544Z,2025-10-28T23:15:56.914Z,451.56,7.5,$450.82,"CBETF Kids Just A Girl Who Loves Slime Delantal para niñas, impermeable, regalos de cocina, Just a Girl Who Loves Slime, Talla única",https://www.amazon.com.mx/dp/B0BLVMS2FH,https://www.amazon.com/dp/B0BLVMS2FH,SRKSB LLC,girlslove
,B0CZ3HG53R,8,Juguetes y Juegos,disponible,disponible,,,2025-10-20T00:03:16.491Z,2025-10-27T15:45:44.456Z,2025-10-28T23:16:05.379Z,444.41,6.49,$431.11,"ANGUJC 60 pegatinas Kawaii Chiikawa impermeables de vinilo, para niños y adolescentes, decoraciones para botellas de agua, tarjetas, dispositivos y más, estilo moderno y divertido",https://www.amazon.com.mx/dp/B0CZ3HG53R,https://www.amazon.com/dp/B0CZ3HG53R,Boon Shopping,ANGUJC
,B0D62S827F,8,Juguetes y Juegos,disponible,no disponible,,,2025-10-20T00:03:16.491Z,2025-10-27T15:45:52.433Z,2025-10-28T23:16:13.892Z,461.84,,$455.01,"RAINFLOW Arena blanca fina de 45 ml para manualidades, arena decorativa de cuarzo Zen para jardín, para floreros, ceremonia de unidad de boda, quemador de incienso, acuario",https://www.amazon.com.mx/dp/B0D62S827F,https://www.amazon.com/dp/B0D62S827F,SRKSB LLC,
,B0BF5GZP3D,8,Juguetes y Juegos,disponible,no disponible,,,2025-10-20T00:03:16.492Z,2025-10-27T15:46:07.100Z,2025-10-28T23:16:28.519Z,667.69,,$652.12,"Kit de lámpara de luna para pintar tu propia luna, regalos geniales, luz de noche de luna 3D, artes y manualidades para niños de 8 a 12 años, suministros de arte espacial, kits de manualidades",https://www.amazon.com.mx/dp/B0BF5GZP3D,https://www.amazon.com/dp/B0BF5GZP3D,SRKSB LLC,
,B0CWQ866TM,8,Juguetes y Juegos,disponible,no disponible,,,2025-10-20T00:03:16.492Z,2025-10-27T15:46:14.981Z,2025-10-28T23:16:37.583Z,652.19,,$630.31,"BOUBONI Delantal para niños a granel con 2 bolsillos ajustables para cocinar, manualidades, para cocinar, hornear, pintar",https://www.amazon.com.mx/dp/B0CWQ866TM,https://www.amazon.com/dp/B0CWQ866TM,SURE_FIRE,
,B0D9VXM4Y5,8,Juguetes y Juegos,disponible,no disponible,,,2025-10-20T00:03:16.492Z,2025-10-27T15:46:22.184Z,2025-10-28T23:16:45.069Z,544.65,,$546.61,JZILU - Pintura con libros de agua,https://www.amazon.com.mx/dp/B0D9VXM4Y5,https://www.amazon.com/dp/B0D9VXM4Y5,SRKSB LLC,
,B0CM3F2QLT,8,Juguetes y Juegos,disponible,disponible,,,2025-10-20T00:03:16.492Z,2025-10-27T15:46:30.536Z,2025-10-28T23:16:52.205Z,396.26,4.59,$378.70,"MUYINGZHUO - Pegatinas de ballet, 50 unidades, calcomanías de vinilo para bailarina y calcomanías para portátil, botella de agua, coche de parachoques, calcomanías para niños, niños pequeños, adolescentes (ballet)",https://www.amazon.com.mx/dp/B0CM3F2QLT,https://www.amazon.com/dp/B0CM3F2QLT,SRKSB LLC,muyingzhuo
,B0CWGCWQLQ,8,Juguetes y Juegos,disponible,no disponible,,,2025-10-20T00:03:16.492Z,2025-10-27T15:46:37.700Z,2025-10-28T23:17:00.403Z,600.83,,$504.77,"Paint Your Own Unicorn Lamp Kit, suministros de arte, kit de pintura de unicornio para niños, artes y manualidades para niños de 6 a 12 años, juguetes de unicornio, regalos de cumpleaños de Navidad",https://www.amazon.com.mx/dp/B0CWGCWQLQ,https://www.amazon.com/dp/B0CWGCWQLQ,SRKSB LLC,
,B0DFPYD2RW,8,Juguetes y Juegos,disponible,disponible,,,2025-10-20T00:03:16.492Z,2025-10-27T15:46:46.525Z,2025-10-28T23:17:09.045Z,727.04,13.49,$730.41,SPROUT & SPARK STUDIO - Kit de costura para niños a partir de 5 años | Juguetes de manualidades para niñas con 7 proyectos de fieltro fáciles | Juego de iniciación de ganchillo y tejer | Muñecas de,https://www.amazon.com.mx/dp/B0DFPYD2RW,https://www.amazon.com/dp/B0DFPYD2RW,SRKSB LLC,SPROUT & SPARK STUDIO
,B0DF2G1JPK,8,Juguetes y Juegos,disponible,disponible,,,2025-10-20T00:03:16.492Z,2025-10-27T15:46:53.185Z,2025-10-28T23:17:17.577Z,665.17,17.99,$662.12,"BlissfulBlend - Tapete de agua de 160 x 40 pulgadas, para colorear para niños, sin ensuciar, para colorear y dibujar, lona mágico de color agua, juguetes educativos para niños pequeños, 3, 4, 5, 6, 7,",https://www.amazon.com.mx/dp/B0DF2G1JPK,https://www.amazon.com/dp/B0DF2G1JPK,Amazon Estados Unidos,JXBGW.STORE
,B0D9NK9B6Y,8,Juguetes y Juegos,disponible,no disponible,,,2025-10-20T00:03:16.492Z,2025-10-27T15:46:59.766Z,2025-10-28T23:17:24.603Z,634.51,,$634.51,"Realspring - 60 máscaras de papel para rascar héroes de animales del océano, máscaras de papel, kit de manualidades para vestir Mardi Gras fiesta decoración debajo del mar, decoración de actividades",https://www.amazon.com.mx/dp/B0D9NK9B6Y,https://www.amazon.com/dp/B0D9NK9B6Y,SRKSB LLC,
,B07Y1PWMBJ,8,Juguetes y Juegos,disponible,no disponible,,,2025-10-20T00:03:16.492Z,2025-10-27T15:47:08.200Z,2025-10-28T23:17:32.564Z,537.54,,$791.02,Calypso Studios by First & Main - Cruz de Arcilla reconfortante Notre Dame,https://www.amazon.com.mx/dp/B07Y1PWMBJ,https://www.amazon.com/dp/B07Y1PWMBJ,SRKSB LLC,
,B0D967NY5F,8,Juguetes y Juegos,disponible,no disponible,,,2025-10-20T00:03:16.492Z,2025-10-27T15:47:14.763Z,2025-10-28T23:17:39.594Z,552.61,,$576.40,"GWAHSA - 30 imanes de madera para manualidades, suministros de arte de madera que brillan en la oscuridad, kit de pintura para actividades infantiles, recuerdos de fiesta para niños y niñas de 4 a 8 a",https://www.amazon.com.mx/dp/B0D967NY5F,https://www.amazon.com/dp/B0D967NY5F,SRKSB LLC,
,B0D62TL7BX,8,Juguetes y Juegos,disponible,no disponible,,,2025-10-20T00:03:16.493Z,2025-10-27T15:47:22.487Z,2025-10-28T23:17:47.027Z,1118.62,,$899.88,"YEGEER - Lápices de colores a granel, 12 colores surtidos, juego de lápices de colores preafilados, para niños y adultos, premios esenciales para el aula de maestros, suministros para el regreso a la",https://www.amazon.com.mx/dp/B0D62TL7BX,https://www.amazon.com/dp/B0D62TL7BX,SRKSB LLC,
,B0D59K97W4,8,Juguetes y Juegos,disponible,disponible,,,2025-10-20T00:03:16.493Z,2025-10-27T15:47:30.254Z,2025-10-28T23:17:53.873Z,402.55,8.99,$475.71,"Paquete de 4 kits de arte de diamante para niños, animales de dibujos animados, kits de pintura de diamantes para niños principiantes, kits de mosaico para niños DIY taladro completo de puntos de",https://www.amazon.com.mx/dp/B0D59K97W4,https://www.amazon.com/dp/B0D59K97W4,Amazon Estados Unidos,queshuomaoyi
,B0D4TTSWG3,8,Juguetes y Juegos,disponible,disponible,,,2025-10-20T00:03:16.493Z,2025-10-27T15:47:38.511Z,2025-10-28T23:18:02.447Z,712.43,12.99,$691.82,"Moucuny - Kit de 470 piezas de manualidades de Halloween, kit de manualidades para niños, decoración de coronas de Halloween con fantasma, murciélagos, calabaza, gato, calcomanías para el hogar, aula,",https://www.amazon.com.mx/dp/B0D4TTSWG3,https://www.amazon.com/dp/B0D4TTSWG3,SRKSB LLC,Monnocitys
,B0D3VGN39K,8,Juguetes y Juegos,disponible,no disponible,,,2025-10-20T00:03:29.342Z,2025-10-27T15:47:45.680Z,2025-10-28T23:18:09.754Z,1093.59,,"$1,074.86",GLEEHAPY - Tabla de dibujo de mosaico,https://www.amazon.com.mx/dp/B0D3VGN39K,https://www.amazon.com/dp/B0D3VGN39K,SRKSB LLC,
,B0D9498VNH,8,Juguetes y Juegos,disponible,disponible,,,2025-10-20T00:03:29.343Z,2025-10-27T15:47:53.356Z,2025-10-28T23:18:18.522Z,544.65,8.99,$546.61,"Motipuns - 80 tarjetas de Halloween para rascar, arcoíris, kit de manualidades de Halloween, adornos de Halloween, manualidades para niños, suministros de fiesta de Halloween, regalos de cumpleaños,",https://www.amazon.com.mx/dp/B0D9498VNH,https://www.amazon.com/dp/B0D9498VNH,SRKSB LLC,Cotaerevy
,B0CZ9BS2BL,8,Juguetes y Juegos,disponible,disponible,,,2025-10-20T00:03:29.343Z,2025-10-27T15:48:01.647Z,2025-10-28T23:18:25.310Z,707.61,14.99,$648.48,"Chiisong - Kit de 24 juegos de luces de Jesús The Way para niños, lámpara de aceite, papel de seda, manualidades a granel, kit de manualidades religiosas para acampar, aventura, escuela dominical,",https://www.amazon.com.mx/dp/B0CZ9BS2BL,https://www.amazon.com/dp/B0CZ9BS2BL,SRKSB LLC,MyueiNes
,B0D3DMK26K,8,Juguetes y Juegos,disponible,disponible,,,2025-10-20T00:03:29.343Z,2025-10-27T15:48:08.613Z,2025-10-28T23:18:33.002Z,633.62,22.99,$859.57,"Kit de abalorio fusibles para niños, 11000 abalorio fusibles, 20 colores de 5 mm, juego de abalorio con caja de almacenamiento, tableros de clavijas, papel de planchado y accesorios, juego de artes y",https://www.amazon.com.mx/dp/B0D3DMK26K,https://www.amazon.com/dp/B0D3DMK26K,Amazon Estados Unidos,Jazper
,B09WVJV55D,8,Juguetes y Juegos,disponible,no disponible,,,2025-10-20T00:03:29.343Z,2025-10-27T15:48:16.634Z,2025-10-28T23:18:41.232Z,513.58,,$503.97,"Eersida - 750 pegatinas aromáticas de recompensa para niños en el aula, calcomanías motivacionales para postres y frutas para maestros, suministros escolares y aulas, premios para estudiantes (aromas",https://www.amazon.com.mx/dp/B09WVJV55D,https://www.amazon.com/dp/B09WVJV55D,SRKSB LLC,
,B0D2KRPBCW,8,Juguetes y Juegos,disponible,no disponible,,,2025-10-20T00:03:29.343Z,2025-10-27T15:48:24.827Z,2025-10-28T23:18:49.675Z,1118.72,,"$1,095.68","Wakhow - Kit de prensa de flores para adultos y niños, 11.02 x 11.02 pulgadas, kit de marcadores de flores secas, cómo presionar flores, kit de arte de flores prensadas para niños, diario de prensado",https://www.amazon.com.mx/dp/B0D2KRPBCW,https://www.amazon.com/dp/B0D2KRPBCW,SRKSB LLC,
,B0D1NQWN8M,8,Juguetes y Juegos,disponible,no disponible,,,2025-10-20T00:03:29.343Z,2025-10-27T15:48:33.113Z,2025-10-28T23:18:57.058Z,836.47,,$929.38,"lona predibujado para niños para pintar, 12 paquetes de paneles de lona de 8 x 10 pulgadas, tablero de pintura acrílica para fiestas, regreso a clases y tiempo familiar (Happy Beach)",https://www.amazon.com.mx/dp/B0D1NQWN8M,https://www.amazon.com/dp/B0D1NQWN8M,SRKSB LLC,
,B0D25TF56W,8,Juguetes y Juegos,disponible,no disponible,,,2025-10-20T00:03:29.343Z,2025-10-27T15:48:47.184Z,2025-10-28T23:19:10.842Z,897.61,,$893.69,"Juego de 24 libros para colorear para niños a granel con 24 lápices apilables, mini libros para colorear a granel para edades de 2 a 4 a 8 a 12 años, libros de actividades pequeños para regalos de",https://www.amazon.com.mx/dp/B0D25TF56W,https://www.amazon.com/dp/B0D25TF56W,NGTRADE,
,B0CT29QT8W,8,Juguetes y Juegos,disponible,disponible,,,2025-10-20T00:03:29.343Z,2025-10-27T15:48:54.409Z,2025-10-28T23:19:19.216Z,440.86,5.99,$440.86,"407 pegatinas de gemas para niños, pegatinas autoadhesivas de joyas, joyas acrílicas, pegatinas de diamantes de imitación grandes para manualidades, gemas adhesivas de piedras preciosas muticolor para",https://www.amazon.com.mx/dp/B0CT29QT8W,https://www.amazon.com/dp/B0CT29QT8W,SRKSB LLC,TTF
,B0CWGM25WX,8,Juguetes y Juegos,disponible,no disponible,,,2025-10-20T00:03:29.344Z,2025-10-27T15:49:01.579Z,2025-10-28T23:19:26.181Z,771.16,,$678.91,"Janlaugh 36 marcadores rojos lavables para colorear a granel, rotuladores de línea ancha para niños, bolígrafo de dibujo de punta cónica roja para suministros escolares, arte de viaje, baby shower,",https://www.amazon.com.mx/dp/B0CWGM25WX,https://www.amazon.com/dp/B0CWGM25WX,SRKSB LLC,
,B08V48782P,8,Juguetes y Juegos,disponible,disponible,,,2025-10-20T00:03:29.344Z,2025-10-27T15:49:08.499Z,2025-10-28T23:19:34.006Z,628.42,22.99,$883.93,"almohadillas para orejas de acuarela para ojos artísticos de 9 x 12 pulgadas, paquete de 2 (60 hojas), encuadernadas con pegamento, papel sin ácidos, 150 libras (300 g/m²), perfectas para la mayoría",https://www.amazon.com.mx/dp/B08V48782P,https://www.amazon.com/dp/B08V48782P,Amazon Estados Unidos,ARTISTIC EYE
,B07H37Z8RL,8,Juguetes y Juegos,disponible,disponible,,,2025-10-20T00:03:29.344Z,2025-10-27T15:49:16.989Z,2025-10-28T23:19:42.827Z,211.56,4.44,$357.88,Lazy Days Barbie Live Life with Love - Libro para colorear y actividades (96 páginas),https://www.amazon.com.mx/dp/B07H37Z8RL,https://www.amazon.com/dp/B07H37Z8RL,ToyWorld,Best Deals Today Y'all
,B0D14DB97M,8,Juguetes y Juegos,disponible,no disponible,,,2025-10-20T00:03:29.344Z,2025-10-27T15:49:25.103Z,2025-10-28T23:19:51.174Z,1491.34,,"$1,512.72","Jumlys - 24 cajas lavables con 12 colores, marcador de color a granel para el aula escolar, 288 marcadores de punta ancha para niños, artículos imprescindibles en el aula",https://www.amazon.com.mx/dp/B0D14DB97M,https://www.amazon.com/dp/B0D14DB97M,SRKSB LLC,
,B0CSN886Y9,8,Juguetes y Juegos,disponible,disponible,,,2025-10-20T00:03:29.344Z,2025-10-27T15:49:33.434Z,2025-10-28T23:19:57.725Z,572.74,19.99,$761.93,"Gemscream - Juego de 6 kits de pintura de animales, juego de manualidades y artes de Halloween, zoológico de safari, juguete de animales salvajes, arte y manualidades, cerámica para pintar para",https://www.amazon.com.mx/dp/B0CSN886Y9,https://www.amazon.com/dp/B0CSN886Y9,Amazon Estados Unidos,Tianyuion
,B0CS6R77ZQ,8,Juguetes y Juegos,disponible,no disponible,,,2025-10-20T00:03:29.344Z,2025-10-27T15:49:41.622Z,2025-10-28T23:20:05.555Z,918.14,,$793.99,"VercanMonth - Juego de 30 kits de arte de arena de animales oceánicos para niños, manualidades, pintura de arena, juego de tarjetas de pintura de colores para niños, manualidades, artes y actividades",https://www.amazon.com.mx/dp/B0CS6R77ZQ,https://www.amazon.com/dp/B0CS6R77ZQ,SRKSB LLC,
,B0CSPG67Z5,8,Juguetes y Juegos,disponible,no disponible,,,2025-10-20T00:03:29.345Z,2025-10-27T15:49:49.595Z,2025-10-28T23:20:13.392Z,556.46,,$625.87,"GOMIMEOR Borradores de animales para niños, 35 piezas de borrador de lápiz a granel, mini borradores de computadora para mascotas, caja del tesoro, juguetes para el aula, premios escolares, regalos de",https://www.amazon.com.mx/dp/B0CSPG67Z5,https://www.amazon.com/dp/B0CSPG67Z5,SRKSB LLC,
,B0CLZQ5VYJ,8,Juguetes y Juegos,disponible,disponible,,,2025-10-20T00:03:43.012Z,2025-10-27T15:49:58.661Z,2025-10-28T23:20:21.115Z,647.91,29.99,"$1,179.12","yzohu Asoxt Sensory Bin for Boy Girl Kid Toy - 43pcs Play Sand Art Kit with Sandbox, 4lb Color Sand, 17 Molds, Sensory Toy Birthday Gift for Girl Toddler Ages 3-8, AS001",https://www.amazon.com.mx/dp/B0CLZQ5VYJ,https://www.amazon.com/dp/B0CLZQ5VYJ,shantoushiyichengwanjuyouxiangongsi,Asoxt Direct
,B01LBLBVQS,8,Juguetes y Juegos,disponible,disponible,,,2025-10-20T00:03:43.013Z,2025-10-27T15:50:06.010Z,2025-10-28T23:20:29.502Z,737.36,26.99,$933.33,Pinwheel Crafts Girls Jewelry Making Necklace Kit DIY Custom Glass Pendant Necklace Accessory Set for Kids or Teens to Make 8 Necklaces with Step-by-Step Instructions and Craft Supplies,https://www.amazon.com.mx/dp/B01LBLBVQS,https://www.amazon.com/dp/B01LBLBVQS,Amazon Estados Unidos,Pinwheel Crafts
,B083SBPRTY,8,Juguetes y Juegos,disponible,disponible,,,2025-10-20T00:03:43.013Z,2025-10-27T15:50:13.517Z,2025-10-28T23:20:37.329Z,1019,21.99,$859.34,"Artisto Juego de libros de bocetos premium de 9 x 12 pulgadas, encuadernado en espiral, paquete de 2, 200 hojas (100 g/m2), papel de dibujo sin ácidos, ideal para niños, adolescentes y adultos.",https://www.amazon.com.mx/dp/B083SBPRTY,https://www.amazon.com/dp/B083SBPRTY,Marca: ARTISTIC EYE,ARTISTIC EYE
,B0CZNXGPYM,8,Juguetes y Juegos,disponible,no disponible,,,2025-10-20T00:03:43.013Z,2025-10-27T15:50:20.351Z,2025-10-28T23:20:44.485Z,546.14,,$490.93,"UEXINGOO - Lápices de colores multicolor con forma de huevo, lavables, para niños y niñas",https://www.amazon.com.mx/dp/B0CZNXGPYM,https://www.amazon.com/dp/B0CZNXGPYM,SRKSB LLC,
,B0CQCRQ34F,8,Juguetes y Juegos,disponible,no disponible,,,2025-10-20T00:03:43.013Z,2025-10-27T15:50:28.756Z,2025-10-28T23:20:51.551Z,743.55,,$707.71,"Jumlys - Kit de terrario de unicornio iluminado para niñas, kit de arte y manualidades de unicornio, ideal para Navidad, regalos de cumpleaños para niños de 4 a 12 años",https://www.amazon.com.mx/dp/B0CQCRQ34F,https://www.amazon.com/dp/B0CQCRQ34F,SRKSB LLC,
,B0CZ3DK6QR,8,Juguetes y Juegos,disponible,no disponible,,,2025-10-20T00:03:43.013Z,2025-10-27T15:50:36.626Z,2025-10-28T23:20:59.113Z,251,,"$1,302.55","Paquete de 3 tabletas de escritura LCD de 16 pulgadas para niños y adultos, juguetes para niños pequeños, 3, 4, 5, 6, tablero de garabato, juguetes sensoriales para niños pequeños, viajes por",https://www.amazon.com.mx/dp/B0CZ3DK6QR,https://www.amazon.com/dp/B0CZ3DK6QR,Marca: ZENZAL,
,B075DPKD46,8,Juguetes y Juegos,disponible,no disponible,,,2025-10-20T00:03:43.013Z,2025-10-27T15:50:43.282Z,2025-10-28T23:21:07.429Z,733.45,,$732.07,"(8x8) - illo Sketchbook, Large, Square, Sketch Book, (8x8), Premium, 60kg Paper, Hardcover Notebook, Lay Flat, Smooth Paper, Thick Paper, Elastic Enclosure and Ribbon Marker",https://www.amazon.com.mx/dp/B075DPKD46,https://www.amazon.com/dp/B075DPKD46,XIJIANG,
,B0CNCC79MH,8,Juguetes y Juegos,disponible,no disponible,,,2025-10-20T00:03:43.013Z,2025-10-27T15:50:50.194Z,2025-10-28T23:21:15.258Z,483.33,,$444.62,"YXOTJHS - Pintura con libros de agua, libros de acuarela para colorear para niños de 4 a 8 años, libro de pintura de agua sin desorden para niños de 2 a 4 años, artes y manualidades para niños de 4 a 6 años",https://www.amazon.com.mx/dp/B0CNCC79MH,https://www.amazon.com/dp/B0CNCC79MH,SRKSB LLC,
,B0C9G376HZ,8,Juguetes y Juegos,disponible,disponible,,,2025-10-20T00:03:43.013Z,2025-10-27T15:50:57.087Z,2025-10-28T23:21:22.950Z,659.41,23.99,$908.28,"Idea Liftoff - Juego de 12 libros para colorear para adultos, paquete con 12 libros para colorear para adultos, para mujeres, hombres con mandalas y más, libros avanzados para colorear a granel",https://www.amazon.com.mx/dp/B0C9G376HZ,https://www.amazon.com/dp/B0C9G376HZ,Amazon Estados Unidos,Idea Liftoff
,B0DSP76JYM,8,Juguetes y Juegos,disponible,disponible,,,2025-10-20T00:03:43.013Z,2025-10-27T15:51:04.679Z,2025-10-28T23:21:30.124Z,661.79,25.64,"$1,181.50",Artes y Manualidades,https://www.amazon.com.mx/dp/B0DSP76JYM,https://www.amazon.com/dp/B0DSP76JYM,Wensey,Wensey
,B0CZTXB96Y,8,Juguetes y Juegos,disponible,no disponible,,,2025-10-20T00:03:43.013Z,2025-10-27T15:51:11.466Z,2025-10-28T23:21:38.101Z,537.21,,$549.23,"ALNETI - Pintura con libros de agua para niños (papel artístico, dinosaurios)",https://www.amazon.com.mx/dp/B0CZTXB96Y,https://www.amazon.com/dp/B0CZTXB96Y,SRKSB LLC,
,B0C7QXYPVQ,8,Juguetes y Juegos,disponible,no disponible,,,2025-10-20T00:03:43.014Z,2025-10-27T15:51:24.427Z,2025-10-28T23:21:52.191Z,536.31,,$531.34,"Juguetes para niños pequeños de 1 a 2,10 pulgadas, tablet de dibujo con visualización LCD para niños, juguetes de aprendizaje para niños de 1, 2, 3, 4, 5, 6, 7, 8 años, regalos de Navidad, cumpleaños",https://www.amazon.com.mx/dp/B0C7QXYPVQ,https://www.amazon.com/dp/B0C7QXYPVQ,SRKSB LLC,
,B09DPHPMGH,8,Juguetes y Juegos,disponible,no disponible,,,2025-10-20T00:03:43.014Z,2025-10-27T15:51:32.138Z,2025-10-28T23:21:59.701Z,688.59,,$692.21,"faentwc - Kits de pintura de dinosaurios y coches de extracción 2 en 1, artes y manualidades de dinosaurios para niños pequeños",https://www.amazon.com.mx/dp/B09DPHPMGH,https://www.amazon.com/dp/B09DPHPMGH,SRKSB LLC,
,B0BY6LDQ1W,8,Juguetes y Juegos,disponible,no disponible,,,2025-10-20T00:03:43.014Z,2025-10-27T15:51:40.241Z,2025-10-28T23:22:08.490Z,879.42,,$863.25,"Berstuk Kit de prensa de flores en miniatura para adultos, el kit de conservación de flores pequeñas incluye dos prensas de 3 x 3 pulgadas, regalo ideal para los amantes de las artes y las manualidades",https://www.amazon.com.mx/dp/B0BY6LDQ1W,https://www.amazon.com/dp/B0BY6LDQ1W,SRKSB LLC,
,B0DG8SLN3G,8,Juguetes y Juegos,disponible,no disponible,,,2025-10-20T00:03:43.014Z,2025-10-27T15:51:48.939Z,2025-10-28T23:22:17.044Z,1891.97,,"$1,919.26","Caballete para niños, juguetes de caballete de arte para niños pequeños de 2 a 4 a 5 a 7 años, juguetes de 2, 3, 4, 5, 6, 7, 8 y 9 años, pizarrón blanca magnética de doble cara y pizarrón de gis con",https://www.amazon.com.mx/dp/B0DG8SLN3G,https://www.amazon.com/dp/B0DG8SLN3G,SRKSB LLC,
,B0BDQTR776,8,Juguetes y Juegos,disponible,disponible,,,2025-10-20T00:03:43.014Z,2025-10-27T15:51:57.395Z,2025-10-28T23:22:25.295Z,324.42,6.99,$426.77,"Paquete de 50 pegatinas clásico de Halloween para portátil poción de botellas de etiquetas para adolescentes, calcomanías impermeables para botellas de agua, calcomanías para regalos de trucos o golosinas para niños, recuerdos de fiesta de Halloween",https://www.amazon.com.mx/dp/B0BDQTR776,https://www.amazon.com/dp/B0BDQTR776,Amazon Estados Unidos,DadaPAO
,B0919BBYBR,8,Juguetes y Juegos,disponible,no disponible,,,2025-10-20T00:03:53.576Z,2025-10-27T15:52:05.115Z,2025-10-28T23:22:32.778Z,538.44,,$537.06,"EDIFON - Arcilla de modelado mágico, 24 colores con herramientas de escultura, arcilla suave no tóxica, autosecante para niños y adultos, regalo para niños y niñas",https://www.amazon.com.mx/dp/B0919BBYBR,https://www.amazon.com/dp/B0919BBYBR,Boon Shopping,
,B0BX9P15R7,8,Juguetes y Juegos,disponible,disponible,,,2025-10-20T00:03:53.576Z,2025-10-27T15:52:12.905Z,2025-10-28T23:22:39.958Z,599.53,8.99,$597.20,"tablet de escritura LCD de 12 pulgadas, [2 unidades] pizarrón de dibujo colorida, pizarrón de dibujo con función de bloqueo y borrado, juguetes portátiles y regalos para niños y adultos en casa, escuela, color rosa y azul",https://www.amazon.com.mx/dp/B0BX9P15R7,https://www.amazon.com/dp/B0BX9P15R7,NGTRADE,Yahuidirect
,B0BPSMV9GK,8,Juguetes y Juegos,disponible,no disponible,,,2025-10-20T00:03:53.576Z,2025-10-27T15:52:20.706Z,2025-10-28T23:22:47.969Z,490.96,,$516.99,"FanVean - Juego de lápices de colores de 50 unidades para adultos, suministros escolares, regalos para niños y adultos",https://www.amazon.com.mx/dp/B0BPSMV9GK,https://www.amazon.com/dp/B0BPSMV9GK,SRKSB LLC,
,B0B29KNHP4,8,Juguetes y Juegos,disponible,no disponible,,,2025-10-20T00:03:53.576Z,2025-10-27T15:52:27.648Z,2025-10-28T23:22:55.386Z,660.41,,$571.73,"Juego de 3 piezas de arte de papel para rayar para niños, colorido libro de dibujo mágico para niños y niñas, libro de pintura de manualidades con 3 bolígrafos para juegos de fiesta de cumpleaños, kits de proyectos de bricolaje, regalos de manualidades",https://www.amazon.com.mx/dp/B0B29KNHP4,https://www.amazon.com/dp/B0B29KNHP4,SRKSB LLC,
,B09C28NGB7,8,Juguetes y Juegos,disponible,no disponible,,,2025-10-20T00:03:53.576Z,2025-10-27T15:52:35.246Z,2025-10-28T23:23:03.889Z,663.79,,$667.29,"Juego de marcadores de doble cara para niños Happido, juego de 24 marcadores no tóxicos a base de agua con estuche, grandes suministros escolares, arte y papelería para volver a la escuela",https://www.amazon.com.mx/dp/B09C28NGB7,https://www.amazon.com/dp/B09C28NGB7,SRKSB LLC,
,B09NR6PR37,8,Juguetes y Juegos,disponible,no disponible,,,2025-10-20T00:03:53.576Z,2025-10-27T15:52:42.242Z,2025-10-28T23:23:12.008Z,924.78,,$776.68,"DLUCKY 208 piezas de suministros de arte, kit de arte de dibujo para niños y adultos, juego de arte con caballete triple de doble cara, pasteles al óleo, crayones, lápices de colores, bolígrafos de acuarela, regalo para niñas y niños, artistas, rosa",https://www.amazon.com.mx/dp/B09NR6PR37,https://www.amazon.com/dp/B09NR6PR37,SRKSB LLC,
,B097625LGQ,8,Juguetes y Juegos,disponible,no disponible,,,2025-10-20T00:03:53.576Z,2025-10-27T15:52:50.255Z,2025-10-28T23:23:20.153Z,722.43,,$690.56,Honeysticks Natural Jumbo - Pinceles de pintura (3,https://www.amazon.com.mx/dp/B097625LGQ,https://www.amazon.com/dp/B097625LGQ,SRKSB LLC,
,B08DV3BM88,8,Juguetes y Juegos,disponible,disponible,,,2025-10-20T00:03:53.576Z,2025-10-27T15:52:58.113Z,2025-10-28T23:23:28.038Z,753.91,18.99,$744.25,"Lupa de mano 10X lupa de vidrio óptico con escala de luz, lupa de joyería con escala de medida",https://www.amazon.com.mx/dp/B08DV3BM88,https://www.amazon.com/dp/B08DV3BM88,SRKSB LLC,XICICI
,B09VZ19SGT,8,Juguetes y Juegos,disponible,no disponible,,,2025-10-20T00:03:53.576Z,2025-10-27T15:53:06.521Z,2025-10-28T23:23:36.342Z,642.07,,$633.06,"Gushu 1500 Pegatinas de Espuma para Pared y Niños, 10 Colores Autoadhesivos, Calcomanías Geométricas con Ojos Brillantes, Suministros de Manualidades Preescolares (Círculo)",https://www.amazon.com.mx/dp/B09VZ19SGT,https://www.amazon.com/dp/B09VZ19SGT,SRKSB LLC,
,B08XP9DXJZ,8,Juguetes y Juegos,disponible,no disponible,,,2025-10-20T00:03:53.577Z,2025-10-27T15:53:14.822Z,2025-10-28T23:23:43.777Z,1160.85,,"$1,101.58","1405 piezas de suministros de arte y manualidades para niños, kit de arte de manualidades para niños pequeños, incluye limpiaparabrisas, pompones, plumas, caja de almacenamiento plegable, todo en uno para manualidades de bricolaje (caja verde)",https://www.amazon.com.mx/dp/B08XP9DXJZ,https://www.amazon.com/dp/B08XP9DXJZ,SRKSB LLC,
,B0826XFBZZ,8,Juguetes y Juegos,disponible,no disponible,,,2025-10-20T00:03:53.577Z,2025-10-27T15:53:22.958Z,2025-10-28T23:23:52.400Z,483.33,,$448.62,"I&Art - Libros de arte para rascar para niños, papel de arte de arañar arco iris para los mejores regalos",https://www.amazon.com.mx/dp/B0826XFBZZ,https://www.amazon.com/dp/B0826XFBZZ,SRKSB LLC,
,B0DF2T87QR,8,Juguetes y Juegos,disponible,no disponible,,,2025-10-20T00:03:53.577Z,2025-10-27T15:53:31.599Z,2025-10-28T23:23:59.990Z,879.05,,"$1,031.88","Alfombrilla de dibujo extragrande, de 60 x 40 pulgadas, con mochila con cordón, juguetes educativos para niños y niñas de 3-4 años, regalos de cumpleaños de Navidad, pintura sin desorden",https://www.amazon.com.mx/dp/B0DF2T87QR,https://www.amazon.com/dp/B0DF2T87QR,SRKSB LLC,
,B077B5P91L,8,Juguetes y Juegos,disponible,disponible,,,2025-10-20T00:03:53.577Z,2025-10-27T15:53:39.935Z,2025-10-28T23:24:06.935Z,499.23,9.19,$496.42,"bluegarlic Round Felt Circles Felt Pads Mixed Color Felt for DIY and Sewing Handcraft (1.0""-1000pcs)",https://www.amazon.com.mx/dp/B077B5P91L,https://www.amazon.com/dp/B077B5P91L,SRKSB LLC,PartyFavor Supermarket
,B0D8BK6V6Z,8,Juguetes y Juegos,disponible,no disponible,,,2025-10-20T00:03:53.577Z,2025-10-27T15:53:47.888Z,2025-10-28T23:24:14.448Z,788.87,,$775.10,"Cinnvoice - 60 piezas de manualidades de Navidad de madera para niños, decoración de Navidad en blanco, sin acabar, recortes de madera, rebanadas, adornos colgantes para árbol de Navidad, decoración",https://www.amazon.com.mx/dp/B0D8BK6V6Z,https://www.amazon.com/dp/B0D8BK6V6Z,SRKSB LLC,
,B0DD32S74Z,8,Juguetes y Juegos,disponible,disponible,,,2025-10-20T00:03:53.577Z,2025-10-27T15:53:56.005Z,2025-10-28T23:24:21.383Z,567.25,9.99,$569.70,"Esterilla de agua para niños con pintura al agua para dibujo de garabato, juguete para escribir sin líos, colorear, juguetes educativos mágicos extra grandes para niños y niñas de 2, 3, 4, 5, 6, 7, 8",https://www.amazon.com.mx/dp/B0DD32S74Z,https://www.amazon.com/dp/B0DD32S74Z,SRKSB LLC,LIANGCHEN.Store
,B0D8B97YH5,8,Juguetes y Juegos,disponible,no disponible,,,2025-10-20T00:03:53.577Z,2025-10-27T15:54:10.700Z,2025-10-28T23:24:36.014Z,676.12,,$804.60,Buscar y buscar: 22 actividades de aprendizaje preescolar para niños de 3 a 8 años | Juegos de viaje para coche y avión | Juguetes de aprendizaje para niños | Libro de juegos de mesa y actividades,https://www.amazon.com.mx/dp/B0D8B97YH5,https://www.amazon.com/dp/B0D8B97YH5,SURE_FIRE,
,B0D7GH5LN7,8,Juguetes y Juegos,disponible,disponible,,,2025-10-20T00:04:09.720Z,2025-10-27T15:54:19.686Z,2025-10-28T23:24:44.032Z,607.91,11.99,$618.91,"Memorywuu - Juego de 36 juegos de manualidades para otoño, marcos de fotos de otoño, calcomanías de fiesta de Acción de Gracias, calabaza, hoja de arce, pino, cono, marcos de fotos para decoración",https://www.amazon.com.mx/dp/B0D7GH5LN7,https://www.amazon.com/dp/B0D7GH5LN7,SRKSB LLC,Qunqee
,B0D73JPS8T,8,Juguetes y Juegos,disponible,disponible,,,2025-10-20T00:04:09.720Z,2025-10-27T15:54:27.820Z,2025-10-28T23:24:51.336Z,370.82,6.99,$517.23,"WinnerWhy - Juego de 32 adornos de Halloween que brillan en la oscuridad, kit de manualidades de pintura para ventana, incluye 200 abalorio acrílicas, 2 pigmentos luminiscentes, 32 ganchos adhesivos",https://www.amazon.com.mx/dp/B0D73JPS8T,https://www.amazon.com/dp/B0D73JPS8T,Amazon Estados Unidos,SheoQee
,B0D674XCHY,8,Juguetes y Juegos,disponible,no disponible,,,2025-10-20T00:04:09.721Z,2025-10-27T15:54:35.950Z,2025-10-28T23:24:58.429Z,1070.22,,"$1,070.22","WinnerWhy Casa encantada con marcadores de colores, kit de manualidades de pintura de Halloween, manualidades de graffiti de madera, bricolaje, calabaza, bruja, fantasma, casa encantada para niños (18",https://www.amazon.com.mx/dp/B0D674XCHY,https://www.amazon.com/dp/B0D674XCHY,SRKSB LLC,
,B0767F9T3K,8,Juguetes y Juegos,disponible,no disponible,,,2025-10-20T00:04:09.721Z,2025-10-27T15:54:44.106Z,2025-10-28T23:25:04.981Z,598.28,,$584.88,Maosifang 10 Pieces Assorted Colored Paint Brushes Set in 10 Colors and 8 Pieces Spill Proof Paint Cups,https://www.amazon.com.mx/dp/B0767F9T3K,https://www.amazon.com/dp/B0767F9T3K,SRKSB LLC,
,B06X6H6H29,8,Juguetes y Juegos,disponible,no disponible,,,2025-10-20T00:04:09.721Z,2025-10-27T15:54:51.486Z,2025-10-28T23:25:11.792Z,521.82,,$448.14,"Bassion Pack of 2 Kids Art Smocks, Children Waterproof Artist Painting Aprons Long Sleeve with 3 Pockets for Age 2-6 Years",https://www.amazon.com.mx/dp/B06X6H6H29,https://www.amazon.com/dp/B06X6H6H29,SRKSB LLC,
,B0CP8S1D9J,8,Juguetes y Juegos,disponible,no disponible,,,2025-10-20T00:04:09.721Z,2025-10-27T15:54:58.561Z,2025-10-28T23:25:19.991Z,603.38,,$521.53,"Bassion - Delantales de pintura para niños pequeños, impermeables, manga larga con 3 bolsillos para niños de 2 a 6 años, Rosado, Large",https://www.amazon.com.mx/dp/B0CP8S1D9J,https://www.amazon.com/dp/B0CP8S1D9J,SRKSB LLC,
,B0CYLG37BF,8,Juguetes y Juegos,disponible,disponible,,,2025-10-20T00:04:09.721Z,2025-10-27T15:55:05.492Z,2025-10-28T23:25:27.195Z,757.81,11.99,$584.33,"Kit de actividades de manualidades para niños, kit de manualidades de papel, kit de juguetes para niñas con pintura de diamantes y juego de disfraces de princesa, ideal para cumpleaños, fiesta de",https://www.amazon.com.mx/dp/B0CYLG37BF,https://www.amazon.com/dp/B0CYLG37BF,ProductosTX ⭐ ⭐ ⭐ ⭐ ⭐,Tone sp
,B0CTH7CJMB,8,Juguetes y Juegos,disponible,no disponible,,,2025-10-20T00:04:09.721Z,2025-10-27T15:55:13.904Z,2025-10-28T23:25:35.364Z,733.99,,$639.67,"Hockvill - tablet de escritura LCD para niños de 12 pulgadas, juguetes de aprendizaje para niños y niñas, tablero de garabato borrable para niños pequeños de 3, 4, 5, 6, 7, 8 años, artículos",https://www.amazon.com.mx/dp/B0CTH7CJMB,https://www.amazon.com/dp/B0CTH7CJMB,SRKSB LLC,
,B0CF48G4CQ,8,Juguetes y Juegos,disponible,disponible,,,2025-10-20T00:04:09.721Z,2025-10-27T15:55:22.704Z,2025-10-28T23:25:42.181Z,396.27,3.99,$396.27,"Hristmas - 504 pegatinas de Navidad, muñeco de nieve, elfo, campanas, nieve, renos, calcomanías de Navidad para niños, para manualidades, decoración y suministros de fiesta de Navidad (color A)",https://www.amazon.com.mx/dp/B0CF48G4CQ,https://www.amazon.com/dp/B0CF48G4CQ,SRKSB LLC,ZYDS-EU
,B0BYZJ4QJS,8,Juguetes y Juegos,disponible,no disponible,,,2025-10-20T00:04:09.721Z,2025-10-27T15:55:29.610Z,2025-10-28T23:25:50.547Z,538.24,,$539.04,"EDIFON Kit de arcilla seca al aire, arcilla de modelado de 36 colores con herramientas, ultraligera, segura y no tóxica, regalo ideal para niños (más de 36 colores)",https://www.amazon.com.mx/dp/B0BYZJ4QJS,https://www.amazon.com/dp/B0BYZJ4QJS,FAVORİ STORE,
,B09T2QB3MZ,8,Juguetes y Juegos,disponible,no disponible,,,2025-10-20T00:04:09.721Z,2025-10-27T15:55:38.176Z,2025-10-28T23:25:57.218Z,783.1,,$788.39,"DEUXPER Kits de fieltro de aguja para principiantes, juego de bricolaje de materiales de dragón de fieltro de lana para adultos y niños, regalo para mujeres y hombres",https://www.amazon.com.mx/dp/B09T2QB3MZ,https://www.amazon.com/dp/B09T2QB3MZ,SRKSB LLC,
,B07YSGLFGC,8,Juguetes y Juegos,disponible,no disponible,,,2025-10-20T00:04:09.722Z,2025-10-27T15:55:46.748Z,2025-10-28T23:26:05.662Z,796.23,,$810.40,"Chenille tallos coloridos tubos limpiadores a granel suministros fácil de doblar, juguetes perfectos para niños, creativo, proyectos de manualidades, arte escolar y clase de manualidades (6 mm 12 pulgadas), 1050 piezas (30 colores), 1",https://www.amazon.com.mx/dp/B07YSGLFGC,https://www.amazon.com/dp/B07YSGLFGC,M&H Customer Friendly Store,
,B0DZ5PWT8W,8,Juguetes y Juegos,disponible,disponible,,,2025-10-20T00:04:22.144Z,2025-10-27T15:55:55.045Z,2025-10-28T23:26:13.752Z,468.91,7.99,$495.31,Decoración de fiesta de cumpleaños para perro Dachshund – InIsaJace 36 piezas de decoración para cupcakes de perro Weenie,https://www.amazon.com.mx/dp/B0DZ5PWT8W,https://www.amazon.com/dp/B0DZ5PWT8W,SRKSB LLC,HuDykko
Libros,B0CF28WZZP,8,Juguetes y Juegos,disponible,disponible,,,2025-10-20T00:04:22.144Z,2025-10-27T15:56:02.539Z,2025-10-28T23:26:21.726Z,765,17.99,$863.90,Tenceur 48 Pcs Christmas Mini Notebook with Ballpoint Pen Xmas Notepad Merry Christmas Small Memo Pad Santa Snowman Pocket Notebook for Xmas Party Kids Home Party Favor Gifts (Classic Style),https://www.amazon.com.mx/dp/B0CF28WZZP,https://www.amazon.com/dp/B0CF28WZZP,XIJIANG,DongXean
,B0D7LV1K1K,8,Juguetes y Juegos,disponible,no disponible,,,2025-10-20T00:04:22.144Z,2025-10-27T15:56:10.437Z,2025-10-28T23:26:29.486Z,1244.55,,"$1,056.13","18 piezas de decoración de fiesta pirata, caja de madera de imitación, red de pesca, baúl o decoración de golosinas para fiestas de océano o pirata, regalos de aventura, cumpleaños, cabina de fotos",https://www.amazon.com.mx/dp/B0D7LV1K1K,https://www.amazon.com/dp/B0D7LV1K1K,SRKSB LLC,
,B0DS2PTFNG,8,Juguetes y Juegos,disponible,no disponible,,,2025-10-20T00:04:22.145Z,2025-10-27T15:56:19.172Z,2025-10-28T23:26:36.535Z,735.41,,$754.52,"MEBAY - Kit de arco de guirnalda de globos de color café oscuro y blanco, 155 globos de látex neutro para bosque, oso de peluche, baby shower, boda, cumpleaños, decoración de fiesta de cumpleaños",https://www.amazon.com.mx/dp/B0DS2PTFNG,https://www.amazon.com/dp/B0DS2PTFNG,SRKSB LLC,
,B09FJQSNM5,8,Juguetes y Juegos,disponible,disponible,,PRICE_AND_SELLER_NOT_FOUND,2025-10-20T00:04:22.145Z,2025-10-27T15:56:26.480Z,2025-10-28T23:26:44.368Z,899.93,,$821.89,"IGMaryBox - Diadema ajustable con cuernos de reno, cuernos de alce, disfraz de ciervo para adultos y niños, color café",https://www.amazon.com.mx/dp/B09FJQSNM5,https://www.amazon.com/dp/B09FJQSNM5,Novayu,
,B0CHBJX136,8,Juguetes y Juegos,disponible,no disponible,,,2025-10-20T00:04:22.145Z,2025-10-27T15:56:35.216Z,2025-10-28T23:26:52.903Z,537.5,,$535.62,"Globos rojos y dorados, paquete de 60 globos de fiesta de 12 pulgadas de diferentes tonos, rojos oscuros y dorados metálicos, globos de confeti para mujeres, bodas, despedidas de soltera, cumpleaños, decoraciones de fiesta de Navidad",https://www.amazon.com.mx/dp/B0CHBJX136,https://www.amazon.com/dp/B0CHBJX136,SRKSB LLC,
,B0CMZL1N52,8,Juguetes y Juegos,disponible,no disponible,,,2025-10-20T00:04:22.145Z,2025-10-27T15:56:43.875Z,2025-10-28T23:26:59.970Z,355,,$451.12,"Globos rosados metálicos, globos rosados, 50 globos de látex rosados, de 12 pulgadas, color rosa brillante, color rosa claro, y globos rosa magenta oscuro, para ocasiones de adultos, fiestas, eventos",https://www.amazon.com.mx/dp/B0CMZL1N52,https://www.amazon.com/dp/B0CMZL1N52,yb01,
,B0CMTQBGY8,8,Juguetes y Juegos,disponible,no disponible,,,2025-10-20T00:04:22.145Z,2025-10-27T15:56:58.007Z,2025-10-28T23:27:13.076Z,497.79,,$485.18,"6 globos de safari, globos de aluminio de animales de safari en la selva, globos de animales de zoológico gigante, cebra, elefante, overol, león, jirafa, globo de animales en forma de leopardo, para",https://www.amazon.com.mx/dp/B0CMTQBGY8,https://www.amazon.com/dp/B0CMTQBGY8,SRKSB LLC,
,B0CSG3MVYG,8,Juguetes y Juegos,disponible,no disponible,,,2025-10-20T00:04:22.145Z,2025-10-27T15:57:05.683Z,2025-10-28T23:27:20.920Z,549.98,,$540.27,"Globos rojos y negros, 60 paquetes de 12 pulgadas, con opciones doradas, perfectos para decoración de fiesta temática de casino, graduación, Año Nuevo y cumpleaños",https://www.amazon.com.mx/dp/B0CSG3MVYG,https://www.amazon.com/dp/B0CSG3MVYG,SRKSB LLC,
,B0D5B773PQ,8,Juguetes y Juegos,disponible,no disponible,,,2025-10-20T00:04:22.145Z,2025-10-27T15:57:13.125Z,2025-10-28T23:27:29.636Z,380,,$425.61,"12 globos de rayas blancas y negras, esqueletos de calavera de aluminio, decoraciones de fiesta de Halloween, globo de Halloween para santiago, cumpleaños, baby shower, decoración de fiesta temática",https://www.amazon.com.mx/dp/B0D5B773PQ,https://www.amazon.com/dp/B0D5B773PQ,yb01,
,B0D5BBG5NF,8,Juguetes y Juegos,disponible,no disponible,,,2025-10-20T00:04:22.145Z,2025-10-27T15:57:21.146Z,2025-10-28T23:27:37.723Z,449.4,,$481.62,"Kit de 137 globos de color rosa y naranja con estrellas, 5 10 12 18 pulgadas, globos de látex rosa claro, naranja, dorado para cumpleaños, baby shower, graduación, decoración de fiesta tropical",https://www.amazon.com.mx/dp/B0D5BBG5NF,https://www.amazon.com/dp/B0D5BBG5NF,SRKSB LLC,
,B0DCMTPLQ5,8,Juguetes y Juegos,disponible,no disponible,,,2025-10-20T00:04:22.146Z,2025-10-27T15:57:29.416Z,2025-10-28T23:27:46.108Z,590.54,,$571.73,"Kit de 150 globos de otoño, arco de globos de Acción de Gracias, guirnalda de globos con globos marrones de color naranja quemado, diferentes tamaños para cumpleaños, pequeña calabaza, boda, otoño,",https://www.amazon.com.mx/dp/B0DCMTPLQ5,https://www.amazon.com/dp/B0DCMTPLQ5,SRKSB LLC,
,B0D6YCBBH5,8,Juguetes y Juegos,disponible,no disponible,,,2025-10-20T00:04:22.146Z,2025-10-27T15:57:36.786Z,2025-10-28T23:27:54.274Z,459.53,,$461.34,"BAUANOOY Globos rojos, blancos y azules, 60 unidades de 12 pulgadas, decoraciones rojas, blancas y azules con globos de confeti para el día de la independencia, aniversario patriótico, día de los",https://www.amazon.com.mx/dp/B0D6YCBBH5,https://www.amazon.com/dp/B0D6YCBBH5,SRKSB LLC,
,B0DD4FJ37V,8,Juguetes y Juegos,disponible,no disponible,,,2025-10-20T00:04:22.146Z,2025-10-27T15:57:45.688Z,2025-10-28T23:28:01.919Z,395.51,,$378.93,"Velas de cumpleaños número 30 para tarta, velas de números dorados para decoración de pasteles de feliz cumpleaños, decoraciones de cumpleaños para ella, fiesta, aniversario, boda",https://www.amazon.com.mx/dp/B0DD4FJ37V,https://www.amazon.com/dp/B0DD4FJ37V,SRKSB LLC,
,B0DZST2FXZ,8,Juguetes y Juegos,disponible,no disponible,,,2025-10-20T00:04:22.146Z,2025-10-27T15:57:53.558Z,2025-10-28T23:28:10.374Z,467.16,,$440.65,"Globo de decoración de fiesta de cumpleaños de Frozen, 40 pulgadas, Elsa 5 globos con corona de copos de nieve, globos de Mylar para princesa Anna Elsa, suministros de cumpleaños con temática",https://www.amazon.com.mx/dp/B0DZST2FXZ,https://www.amazon.com/dp/B0DZST2FXZ,SRKSB LLC,
,B0CR5S7XD4,8,Juguetes y Juegos,disponible,no disponible,,,2025-10-20T00:04:22.146Z,2025-10-27T15:58:02.682Z,2025-10-28T23:28:16.860Z,549.72,,$520.64,"Kit de guirnalda de globos rojos y dorados, 140 unidades",https://www.amazon.com.mx/dp/B0CR5S7XD4,https://www.amazon.com/dp/B0CR5S7XD4,SRKSB LLC,
,B09L1B69D9,8,Juguetes y Juegos,disponible,no disponible,,,2025-10-20T00:04:32.245Z,2025-10-27T15:58:11.048Z,2025-10-28T23:28:23.711Z,484.18,,$500.06,"Globos de letras de 40,64 cm (40,64 cm), diseño de letras del alfabeto de la A a la Z, juego de globos para decoración de bodas, fiestas de cumpleaños, banderines, frase personalizada, 26 unidades (",https://www.amazon.com.mx/dp/B09L1B69D9,https://www.amazon.com/dp/B09L1B69D9,SRKSB LLC,
,B0CS1HWN9Z,8,Juguetes y Juegos,disponible,disponible,,,2025-10-20T00:04:32.245Z,2025-10-27T15:58:18.214Z,2025-10-28T23:28:31.108Z,711.79,17.99,$747.48,"PixiPals - 5 piezas de decoración para tartas, gorro de pastel de congelado, suministros temáticos, decoración de pasteles de cumpleaños para niños, diseño de princesa, sombrero de pastel",https://www.amazon.com.mx/dp/B0CS1HWN9Z,https://www.amazon.com/dp/B0CS1HWN9Z,SRKSB LLC,MD Reh
,B0CLY5B2M8,8,Juguetes y Juegos,disponible,no disponible,,,2025-10-20T00:04:32.245Z,2025-10-27T15:58:26.033Z,2025-10-28T23:28:38.357Z,490.24,,$634.04,"Globos de 17 cumpleaños, decoración de globos de helio, albaricoque, beige, 17 globos, café neutro, café, café, arena, crema y corazón, papel de aluminio para niñas, cumpleaños, boda, aniversario, decoración de fiesta",https://www.amazon.com.mx/dp/B0CLY5B2M8,https://www.amazon.com/dp/B0CLY5B2M8,SKY STYLE LLC,
,B0DJM83NYW,8,Juguetes y Juegos,disponible,no disponible,,,2025-10-20T00:04:32.245Z,2025-10-27T15:58:33.828Z,2025-10-28T23:28:45.940Z,502.25,,$503.63,"Globos temáticos de juguete número 4, feliz cumpleaños, coloridos con cohete y sombrero de vaquero, arco iris para fiesta infantil (4)",https://www.amazon.com.mx/dp/B0DJM83NYW,https://www.amazon.com/dp/B0DJM83NYW,SRKSB LLC,
,B0D9LSRY2Y,8,Juguetes y Juegos,disponible,no disponible,,,2025-10-20T00:04:32.246Z,2025-10-27T15:58:40.983Z,2025-10-28T23:28:53.087Z,539.13,,$515.31,"Juego de globos dorados beige y champaña, 60 globos de arena blanca retro de 12 pulgadas, color crema desnuda, con champaña metálico dorado, confeti, globos de látex para cumpleaños, bodas, bebés,",https://www.amazon.com.mx/dp/B0D9LSRY2Y,https://www.amazon.com/dp/B0D9LSRY2Y,SRKSB LLC,
,B0B6FN939F,8,Juguetes y Juegos,disponible,no disponible,,,2025-10-20T00:04:32.246Z,2025-10-27T15:58:48.343Z,2025-10-28T23:29:00.230Z,586.28,,$562.94,"45 globos náuticos para fiestas náuticas, globos de látex, decoración de ancla, velero, decoración para niños, cumpleaños, baby shower, suministros para fiestas",https://www.amazon.com.mx/dp/B0B6FN939F,https://www.amazon.com/dp/B0B6FN939F,SRKSB LLC,
,B0D46LS8KT,8,Juguetes y Juegos,disponible,no disponible,,,2025-10-20T00:04:32.246Z,2025-10-27T15:58:55.830Z,2025-10-28T23:29:08.121Z,1726.17,,"$1,720.21","HONLYNE - 302 piezas de suministros para fiestas que brillan en la oscuridad, 20 pinzas LED para el cabello de fibra óptica, 16 lentes LED, 16 varillas de espuma, 10 coronas de flores iluminadas, 40",https://www.amazon.com.mx/dp/B0D46LS8KT,https://www.amazon.com/dp/B0D46LS8KT,SRKSB LLC,
,B0D31BZPMM,8,Juguetes y Juegos,disponible,no disponible,,,2025-10-20T00:04:32.246Z,2025-10-27T15:59:03.957Z,2025-10-28T23:29:16.491Z,619.28,,$622.53,"MiniInflat - 18 globos de dados gigantes, decoración de fiesta temática de casino, 4D cuadrados, inflables, de papel de aluminio para la noche de juegos, Las Vegas, cumpleaños, Bunco, decoración de",https://www.amazon.com.mx/dp/B0D31BZPMM,https://www.amazon.com/dp/B0D31BZPMM,SRKSB LLC,
,B0CYSB8YH2,8,Juguetes y Juegos,disponible,no disponible,,,2025-10-20T00:04:32.246Z,2025-10-27T15:59:12.327Z,2025-10-28T23:29:24.811Z,716.47,,$810.51,"Banner de feliz cumpleaños preencordado – Guirnalda de bolas de fieltro, decoraciones de fiesta de arco iris, guirnalda de feliz cumpleaños, letrero de cumpleaños personalizado para decoración de",https://www.amazon.com.mx/dp/B0CYSB8YH2,https://www.amazon.com/dp/B0CYSB8YH2,SRKSB LLC,
,B0DGGFFKR9,8,Juguetes y Juegos,disponible,no disponible,,,2025-10-20T00:04:32.246Z,2025-10-27T15:59:19.162Z,2025-10-28T23:29:33.605Z,547.49,,$490.18,"Decoraciones de cumpleaños rosadas, decoraciones de cumpleaños de color rosa intenso con lápiz labial y globo de labios, globos de maquillaje para fiesta de niñas (lápiz labial)",https://www.amazon.com.mx/dp/B0DGGFFKR9,https://www.amazon.com/dp/B0DGGFFKR9,SRKSB LLC,
,B0CB1D62TQ,8,Juguetes y Juegos,disponible,no disponible,,,2025-10-20T00:04:32.246Z,2025-10-27T15:59:27.933Z,2025-10-28T23:29:42.541Z,843.39,,$807.29,"Suministros de fiesta que brillan en la oscuridad para niños y adultos, recuerdos de fiesta iluminados con 57 juguetes de luz LED, 100 varillas brillantes a granel, collares brillantes, pulseras, diadema, suministros de fiesta de neón y decoraciones",https://www.amazon.com.mx/dp/B0CB1D62TQ,https://www.amazon.com/dp/B0CB1D62TQ,SRKSB LLC,
,B0D8VV3VYJ,8,Juguetes y Juegos,disponible,no disponible,,,2025-10-20T00:04:32.246Z,2025-10-27T15:59:43.259Z,2025-10-28T23:29:57.284Z,555.84,,$521.22,"Kit de arco de globo azul polvoriento, 126 piezas de guirnalda de arco de globo azul claro y blanco, incluye globos de macarrón para boda, cumpleaños, baby shower, decoración de novia",https://www.amazon.com.mx/dp/B0D8VV3VYJ,https://www.amazon.com/dp/B0D8VV3VYJ,SRKSB LLC,
,B0CZL6J7V2,8,Juguetes y Juegos,disponible,no disponible,,,2025-10-20T00:04:32.246Z,2025-10-27T15:59:51.913Z,2025-10-28T23:30:06.182Z,844.01,,$809.82,"Juego de 25 bolsas de carreras para saco de patata, juego de bolsas para juegos al aire última intervensión, incluye bandas de carreras de 3 patas, carreras de relé de cuchara de huevo, medallas de",https://www.amazon.com.mx/dp/B0CZL6J7V2,https://www.amazon.com/dp/B0CZL6J7V2,Novayu,
,B0CNK98LVT,8,Juguetes y Juegos,disponible,no disponible,,,2025-10-20T00:04:32.247Z,2025-10-27T16:00:00.542Z,2025-10-28T23:30:14.864Z,506.28,,$506.28,Kit de guirnalda de globos dorados y blancos 4,https://www.amazon.com.mx/dp/B0CNK98LVT,https://www.amazon.com/dp/B0CNK98LVT,SRKSB LLC,
,B0CZNYXSP9,8,Juguetes y Juegos,disponible,no disponible,,,2025-10-20T00:04:32.247Z,2025-10-27T16:00:09.025Z,2025-10-28T23:30:22.505Z,594.93,,$609.86,"45 piezas de decoración de fiesta de spa, globos temáticos de spa, suministros para fiesta de cumpleaños, lápiz labial, globos de aluminio, cortinas con flecos para niñas, día de spa, fiesta de",https://www.amazon.com.mx/dp/B0CZNYXSP9,https://www.amazon.com/dp/B0CZNYXSP9,SRKSB LLC,
,B0CSYPTWZG,8,Juguetes y Juegos,disponible,no disponible,,,2025-10-20T00:04:32.247Z,2025-10-27T16:00:18.027Z,2025-10-28T23:30:29.190Z,417.38,,$434.75,"Renjiro Globos rojos y azules, 50 globos de látex de 12 pulgadas, color negro, rojo, azul, confeti, plata, para hombres, niños, baby shower, cumpleaños, graduación, fiestas",https://www.amazon.com.mx/dp/B0CSYPTWZG,https://www.amazon.com/dp/B0CSYPTWZG,SRKSB LLC,
,B0CY2B62Y6,8,Juguetes y Juegos,disponible,disponible,,,2025-10-20T00:04:41.645Z,2025-10-27T16:00:25.206Z,2025-10-28T23:30:36.753Z,366.18,11.49,$536.71,"Chunnin West Cowboy Decoración de puerta de fiesta Wild West Decoración de fiesta Cowboy Puerta Banner para colgar suministros con temática occidental para bar rústico occidental, accesorios de cabina",https://www.amazon.com.mx/dp/B0CY2B62Y6,https://www.amazon.com/dp/B0CY2B62Y6,Amazon Estados Unidos,ChunninUSA
,B0CXSLRS5W,8,Juguetes y Juegos,disponible,disponible,,,2025-10-20T00:04:41.645Z,2025-10-27T16:00:32.592Z,2025-10-28T23:30:44.115Z,678.87,16.96,$678.87,"TiAaihion Globos de Bloque de Construcción, 8 Piezas, Amarillo, Rojo, Azul, Estrella, Válvula Autosellante, Cumpleaños, Niños, Unisex",https://www.amazon.com.mx/dp/B0CXSLRS5W,https://www.amazon.com/dp/B0CXSLRS5W,SRKSB LLC,Hathor Balloon
,B0DTF4L16D,8,Juguetes y Juegos,disponible,disponible,,,2025-10-20T00:04:41.645Z,2025-10-27T16:00:39.996Z,2025-10-28T23:30:51.164Z,278.02,5.99,$402.19,"Deorfuy Decoraciones de fiesta de cumpleaños de flores silvestres – 40 piezas de mariposas y flores para baby shower, decoración floral para niñas y mujeres",https://www.amazon.com.mx/dp/B0DTF4L16D,https://www.amazon.com/dp/B0DTF4L16D,Amazon Estados Unidos,Okayokyyy
,B0D5QSY1PN,8,Juguetes y Juegos,disponible,no disponible,,,2025-10-20T00:04:41.645Z,2025-10-27T16:00:48.134Z,2025-10-28T23:30:58.451Z,495.5,,$461.54,"Kit de arco de guirnalda de globos rojos, blancos y negros, decoraciones de fiesta rojas y negras con globos blancos plateados, globos de látex para decoraciones de graduación, graduación, aniversario",https://www.amazon.com.mx/dp/B0D5QSY1PN,https://www.amazon.com/dp/B0D5QSY1PN,SRKSB LLC,
,B0D4YM9PQW,8,Juguetes y Juegos,disponible,no disponible,,,2025-10-20T00:04:41.646Z,2025-10-27T16:00:56.542Z,2025-10-28T23:31:07.313Z,698.73,,$689.40,"Kit de guirnalda de arco de globos de videojuego, globos de fiesta azul, morado, verde, negro con 2 globos de papel de aluminio con mango de juego para videojuegos, fiesta de cumpleaños, niños",https://www.amazon.com.mx/dp/B0D4YM9PQW,https://www.amazon.com/dp/B0D4YM9PQW,Novayu,
,B0CBX3777V,8,Juguetes y Juegos,disponible,no disponible,,,2025-10-20T00:04:41.646Z,2025-10-27T16:01:04.981Z,2025-10-28T23:31:14.966Z,462.59,,$462.59,"Globos de reno de aluminio de Navidad para decoración de fiesta temática de renos, suministros de decoración de Navidad, cumpleaños, decoración de balones, kits de arco, juego de globos de fiesta, 3",https://www.amazon.com.mx/dp/B0CBX3777V,https://www.amazon.com/dp/B0CBX3777V,SRKSB LLC,
,B0D45PDZ5C,8,Juguetes y Juegos,disponible,no disponible,,,2025-10-20T00:04:41.646Z,2025-10-27T16:01:13.651Z,2025-10-28T23:31:22.568Z,558.37,,$564.56,"Globos pastel, 65 globos de color pastel, globos de macarrón con purpurina dorada para arco de globos de Pascua, globos biodegradables coloridos para decoración de fiesta de cumpleaños de niñas",https://www.amazon.com.mx/dp/B0D45PDZ5C,https://www.amazon.com/dp/B0D45PDZ5C,SRKSB LLC,
,B0D9PX8DJW,8,Juguetes y Juegos,disponible,no disponible,,,2025-10-20T00:04:41.646Z,2025-10-27T16:01:21.024Z,2025-10-28T23:31:31.472Z,399,,$475.71,"HILAVO 12 globos de estrella dorada, globos de estrella de explosión dorada, globos de aluminio para cumpleaños, despedida de soltera, Año Nuevo, decoraciones de fiesta de graduación",https://www.amazon.com.mx/dp/B0D9PX8DJW,https://www.amazon.com/dp/B0D9PX8DJW,完美名流1,
,B0D4Z82D8T,8,Juguetes y Juegos,disponible,no disponible,,,2025-10-20T00:04:41.646Z,2025-10-27T16:01:29.573Z,2025-10-28T23:31:38.934Z,625.83,,$629.23,"Kit de 120 guirnaldas de arco de globo de fresa, globos rojos y rosados con globos de aluminio de fresa de 27 pulgadas para decoración de fiesta de dulce una baya, primer cumpleaños, baby shower,",https://www.amazon.com.mx/dp/B0D4Z82D8T,https://www.amazon.com/dp/B0D4Z82D8T,SRKSB LLC,
,B0D7V86FNQ,8,Juguetes y Juegos,disponible,no disponible,,,2025-10-20T00:04:41.646Z,2025-10-27T16:01:36.697Z,2025-10-28T23:31:46.031Z,471.3,,$459.72,"Velas de cumpleaños para tartas, rosas y moradas número 5 velas decoradas con caracolas, estrellas de mar y perlas para decoración de tartas temáticas de sirena (número 5)",https://www.amazon.com.mx/dp/B0D7V86FNQ,https://www.amazon.com/dp/B0D7V86FNQ,SRKSB LLC,
,B0D49H7P6H,8,Juguetes y Juegos,disponible,no disponible,,,2025-10-20T00:04:41.646Z,2025-10-27T16:01:44.441Z,2025-10-28T23:31:53.992Z,401.03,,$425.54,"BAUANOOY - 100 globos de látex rosa intenso de 12 pulgadas, globos de látex rosa brillante con cinta rosa para cumpleaños, boda, compromiso, novia, despedida de soltera decoración de fiesta tropical",https://www.amazon.com.mx/dp/B0D49H7P6H,https://www.amazon.com/dp/B0D49H7P6H,SRKSB LLC,
,B0CMD8NG9Z,8,Juguetes y Juegos,disponible,no disponible,,,2025-10-20T00:04:41.646Z,2025-10-27T16:01:51.675Z,2025-10-28T23:32:02.376Z,554.3,,$557.06,"RoundFunny 12 globos de galletas con chispas de chocolate de 21 pulgadas, globos de papel de aluminio, decoración a granel para fiesta de cumpleaños, baby shower, suministros temáticos",https://www.amazon.com.mx/dp/B0CMD8NG9Z,https://www.amazon.com/dp/B0CMD8NG9Z,SRKSB LLC,
,B0DWMTJT8P,8,Juguetes y Juegos,disponible,no disponible,,,2025-10-20T00:04:41.647Z,2025-10-27T16:01:59.767Z,2025-10-28T23:32:09.387Z,485.91,,$499.12,"DRWKAY - Kit de guirnalda de globos de confeti de oro negro y blanco, 66 globos de fiesta de látex de 12 pulgadas con cintas metálicas para decoración elegante de cumpleaños, boda, baby shower",https://www.amazon.com.mx/dp/B0DWMTJT8P,https://www.amazon.com/dp/B0DWMTJT8P,SRKSB LLC,
,B0DB85NJB1,8,Juguetes y Juegos,disponible,no disponible,,,2025-10-20T00:04:41.647Z,2025-10-27T16:02:07.928Z,2025-10-28T23:32:16.693Z,544.65,,$546.61,"Globos dobles de color blanco nude, globos neutros, globos de doble relleno, globos de color beige, perlas de arena blanca para cumpleaños, baby shower, fiesta, temática bohemia, boda, despedida de",https://www.amazon.com.mx/dp/B0DB85NJB1,https://www.amazon.com/dp/B0DB85NJB1,SRKSB LLC,
,B0DB17TW39,8,Juguetes y Juegos,disponible,disponible,,,2025-10-20T00:04:41.647Z,2025-10-27T16:02:15.116Z,2025-10-28T23:32:24.730Z,565.37,9.99,$534.66,"60 platos de papel floral azul blanco para decoración de fiesta de té, platos de postre de 7 pulgadas, vajilla desechable para novia, boda, baby shower, jardín, suministros de fiesta temáticos",https://www.amazon.com.mx/dp/B0DB17TW39,https://www.amazon.com/dp/B0DB17TW39,SRKSB LLC,ChunninUSA
,B0D7SCNCVT,8,Juguetes y Juegos,disponible,no disponible,,,2025-10-20T00:04:41.647Z,2025-10-27T16:02:29.096Z,2025-10-28T23:32:38.808Z,459.35,,$441.89,Globos de safari con temática de safari verde salvia para fiestas de cumpleaños,https://www.amazon.com.mx/dp/B0D7SCNCVT,https://www.amazon.com/dp/B0D7SCNCVT,SRKSB LLC,
,B0D49HGQ29,8,Juguetes y Juegos,disponible,no disponible,,,2025-10-20T00:04:56.507Z,2025-10-27T16:02:37.217Z,2025-10-28T23:32:46.817Z,429.13,,$427.88,"BAUANOOY 100 globos negros de 12 pulgadas, globos de látex negro con cinta para decoraciones de fiesta de cumpleaños de graduación",https://www.amazon.com.mx/dp/B0D49HGQ29,https://www.amazon.com/dp/B0D49HGQ29,SRKSB LLC,
,B0D6RCX22V,8,Juguetes y Juegos,disponible,no disponible,,,2025-10-20T00:04:56.507Z,2025-10-27T16:02:45.893Z,2025-10-28T23:32:54.905Z,434.72,,$421.14,"Zi Lan - Velas de araña morada de tercer cumpleaños, con temática de araña, número 3, decoración de tarta de araña, dibujos animados, decoración de tarta de cumpleaños para niños y niñas, suministros",https://www.amazon.com.mx/dp/B0D6RCX22V,https://www.amazon.com/dp/B0D6RCX22V,SRKSB LLC,
,B0DTQ13D9N,8,Juguetes y Juegos,disponible,no disponible,,,2025-10-20T00:04:56.507Z,2025-10-27T16:02:53.950Z,2025-10-28T23:33:04.067Z,677.12,,$749.08,"Decoraciones de cumpleaños 10, decoración de fiesta de feliz cumpleaños azul con azul azulado número 10, globos macarón polvoriento, azul, blanco, globos con flecos, decoración de pastel para",https://www.amazon.com.mx/dp/B0DTQ13D9N,https://www.amazon.com/dp/B0DTQ13D9N,SRKSB LLC,
,B0DTJTS2SX,8,Juguetes y Juegos,disponible,no disponible,,,2025-10-20T00:04:56.507Z,2025-10-27T16:03:00.564Z,2025-10-28T23:33:11.871Z,670.87,,$673.12,"Pared de globo cuadrado de aluminio rosado, blanco, 25 globos de aluminio de doble cara, telón de telón de fondo de helio y poliéster, kit de guirnalda de arco para cumpleaños, novia, aniversario",https://www.amazon.com.mx/dp/B0DTJTS2SX,https://www.amazon.com/dp/B0DTJTS2SX,STRABON MARKET,
,B0C22KB66B,8,Juguetes y Juegos,disponible,disponible,,,2025-10-20T00:04:56.507Z,2025-10-27T16:03:08.811Z,2025-10-28T23:33:20.467Z,1487.21,31.44,"$1,666.88","Tongjoy - Carpa iluminada de 4 pies, carpa grande para baby shower, decoración de telón de fondo de fiesta de cumpleaños, tablero de espuma precortado G",https://www.amazon.com.mx/dp/B0C22KB66B,https://www.amazon.com/dp/B0C22KB66B,SRKSB LLC,Dongor's
,B0BHP3DJVS,8,Juguetes y Juegos,disponible,no disponible,,,2025-10-20T00:04:56.507Z,2025-10-27T16:03:17.281Z,2025-10-28T23:33:29.198Z,621.76,,$612.69,Containlol 28 Bolsas Mágicas para Fiestas de Mago Recuerdos Escolares y Suministros de Cumpleaños para Niños y Chicos - Decoración de Fiesta,https://www.amazon.com.mx/dp/B0BHP3DJVS,https://www.amazon.com/dp/B0BHP3DJVS,SRKSB LLC,
,B0DDQ13VF3,8,Juguetes y Juegos,disponible,no disponible,,,2025-10-20T00:04:56.508Z,2025-10-27T16:03:24.851Z,2025-10-28T23:33:36.277Z,559.26,,$490.69,"Globos de plata púrpura y negro, 50 globos morados y negros, globos plateados morados metálicos para cumpleaños, baby shower, Halloween, fiesta temática de boda, graduación, despedida de soltera",https://www.amazon.com.mx/dp/B0DDQ13VF3,https://www.amazon.com/dp/B0DDQ13VF3,SRKSB LLC,
,B0B55XMZT5,8,Juguetes y Juegos,disponible,disponible,,,2025-10-20T00:04:56.508Z,2025-10-27T16:03:32.534Z,2025-10-28T23:33:43.539Z,587.82,12.99,$587.82,"Regalos divertidos para fiestas de dinosaurio, juguetes de dinosaurio, suministros para fiestas de cumpleaños, paquete de 24 huevos de dinosaurio y 24 tarjetas de incubación, regalos a granel",https://www.amazon.com.mx/dp/B0B55XMZT5,https://www.amazon.com/dp/B0B55XMZT5,SRKSB LLC,FASBET US
,B0D7PGHW5X,8,Juguetes y Juegos,disponible,no disponible,,,2025-10-20T00:04:56.508Z,2025-10-27T16:03:40.175Z,2025-10-28T23:33:50.224Z,537.71,,$521.53,"Kit de 125 guirnaldas de globos morados y negros, confeti plateado, globos morados metálicos para decoración de fiesta de cumpleaños de graduación, Halloween, fiesta de cumpleaños",https://www.amazon.com.mx/dp/B0D7PGHW5X,https://www.amazon.com/dp/B0D7PGHW5X,SRKSB LLC,
,B0D5VFZJCD,8,Juguetes y Juegos,disponible,no disponible,,,2025-10-20T00:04:56.508Z,2025-10-27T16:03:46.872Z,2025-10-28T23:33:56.925Z,665.43,,$640.73,"Kit de 182 globos de otoño, color naranja, vino, rojo, salvia, verde, mostaza, amarillo, oro metálico, kit de guirnalda para Acción de Gracias, otoño, cumpleaños, baby shower, decoración de fiesta",https://www.amazon.com.mx/dp/B0D5VFZJCD,https://www.amazon.com/dp/B0D5VFZJCD,SRKSB LLC,
,B0CZD75X6N,8,Juguetes y Juegos,disponible,no disponible,,,2025-10-20T00:04:56.508Z,2025-10-27T16:03:55.150Z,2025-10-28T23:34:04.497Z,619.88,,$538.56,"Kit de 132 globos de oro rosa y negro, globos metálicos de oro rosa y negro, diferentes tamaños de 18, 12, 10 pulgadas con globo de confeti para boda, graduación, baby shower, decoración de fiesta de",https://www.amazon.com.mx/dp/B0CZD75X6N,https://www.amazon.com/dp/B0CZD75X6N,Uğurlu STORE,
,B0D1VHDHWN,8,Juguetes y Juegos,disponible,no disponible,,,2025-10-20T00:04:56.508Z,2025-10-27T16:04:03.813Z,2025-10-28T23:34:12.032Z,829.9,,$717.48,Welcome Home Decoration - Globos de bienvenida para el hogar,https://www.amazon.com.mx/dp/B0D1VHDHWN,https://www.amazon.com/dp/B0D1VHDHWN,SRKSB LLC,
,B07Z4GQ98F,8,Juguetes y Juegos,disponible,no disponible,,,2025-10-20T00:04:56.508Z,2025-10-27T16:04:12.004Z,2025-10-28T23:34:19.146Z,485.91,,$487.32,"Willcan - Velas metálicas de tamaño Mediano de 7 cm, Color Rojo, decoración para Tartas de cumpleaños y Celebraciones para Adultos y niños, 2.75in Metallic Red Number 4, 1",https://www.amazon.com.mx/dp/B07Z4GQ98F,https://www.amazon.com/dp/B07Z4GQ98F,SRKSB LLC,
,B0CWLNJQGT,8,Juguetes y Juegos,disponible,no disponible,,,2025-10-20T00:04:56.508Z,2025-10-27T16:04:19.920Z,2025-10-28T23:34:25.859Z,557.79,,$622.77,"YGYXMY - Decoraciones de fiesta de cumpleaños azul para hombre, globos azul marino y plata con pancarta de feliz cumpleaños, pompones de pañuelo, serpentina colgante de remolino, guirnalda de borlas",https://www.amazon.com.mx/dp/B0CWLNJQGT,https://www.amazon.com/dp/B0CWLNJQGT,SRKSB LLC,
,B0DR7YLZVM,8,Juguetes y Juegos,disponible,no disponible,,,2025-10-20T00:04:56.508Z,2025-10-27T16:04:26.857Z,2025-10-28T23:34:34.345Z,619.15,,$638.35,"Adeyoo Globos verdes y blancos, 60 globos del día de San Patricio de 12 pulgadas, globos verdes oscuros, globos blancos de fiesta de látex natural para safari en la selva, cumpleaños, día de San",https://www.amazon.com.mx/dp/B0DR7YLZVM,https://www.amazon.com/dp/B0DR7YLZVM,SRKSB LLC,
,B0D5QVP43Y,8,Juguetes y Juegos,disponible,disponible,,,2025-10-20T00:04:56.509Z,2025-10-27T16:04:33.800Z,2025-10-28T23:34:42.509Z,497.98,9.99,$605.91,"Chrisfall - 12 piezas de decoración de fiesta de vaquero occidental, centro de mesa de vaquero, decoración de mesa de vaquero, decoración de fiesta temática occidental, suministros de baby shower de",https://www.amazon.com.mx/dp/B0D5QVP43Y,https://www.amazon.com/dp/B0D5QVP43Y,SRKSB LLC,Kingerhao
,B0D2KQWMLN,8,Juguetes y Juegos,disponible,no disponible,,,2025-10-20T00:05:06.538Z,2025-10-27T16:04:41.583Z,2025-10-28T23:34:49.650Z,1154.47,,"$1,125.97","Party Inspo - Decoración de cumpleaños para niña, vaca rosa, decoración de primera fiesta, guirnalda de globos mensual, foto de silla alta, póster de corona recortada, 100 unidades",https://www.amazon.com.mx/dp/B0D2KQWMLN,https://www.amazon.com/dp/B0D2KQWMLN,SRKSB LLC,
,B0CZNQ5935,8,Juguetes y Juegos,disponible,no disponible,,,2025-10-20T00:05:06.538Z,2025-10-27T16:04:49.522Z,2025-10-28T23:34:57.740Z,587.28,,$571.73,"Kit de 137 globos rojos negros y dorados con estrellas, 5 10 12 18 pulgadas, globos de látex de confeti de color rojo y negro dorado con globos Starburst para decoración de fiesta temática de",https://www.amazon.com.mx/dp/B0CZNQ5935,https://www.amazon.com/dp/B0CZNQ5935,Uğurlu STORE,
,B0DP33D5ZJ,8,Juguetes y Juegos,disponible,no disponible,,,2025-10-20T00:05:06.538Z,2025-10-27T16:04:57.924Z,2025-10-28T23:35:06.312Z,696.2,,$664.62,"Globos de videojuego de 12 cumpleaños, arco de globos de fiesta de 12 juegos, kit de guirnalda de 12 cumpleaños con número azul 12 globos de aluminio para adolescentes de 12 años, decoración de",https://www.amazon.com.mx/dp/B0DP33D5ZJ,https://www.amazon.com/dp/B0DP33D5ZJ,SRKSB LLC,
,B0DM65G45L,8,Juguetes y Juegos,disponible,no disponible,,,2025-10-20T00:05:06.539Z,2025-10-27T16:05:12.669Z,2025-10-28T23:35:21.390Z,573.87,,$576.40,"Kit de arco de guirnalda de globos rosados, globos rosados, globos rosados metálicos, para cumpleaños, princesa, boda, baby shower, decoración de fiesta del día de San Valentín (sin caja)",https://www.amazon.com.mx/dp/B0DM65G45L,https://www.amazon.com/dp/B0DM65G45L,SRKSB LLC,
,B0DMF67RYP,8,Juguetes y Juegos,disponible,no disponible,,,2025-10-20T00:05:06.539Z,2025-10-27T16:05:19.579Z,2025-10-28T23:35:29.516Z,603.38,,$605.91,"Kit de arco de guirnalda de globos azules, 168 piezas, diferentes tamaños 18, 12, 10, 5 pulgadas",https://www.amazon.com.mx/dp/B0DMF67RYP,https://www.amazon.com/dp/B0DMF67RYP,SRKSB LLC,
,B0B56FW2X8,8,Juguetes y Juegos,disponible,no disponible,,,2025-10-20T00:05:06.539Z,2025-10-27T16:05:27.023Z,2025-10-28T23:35:36.974Z,1369.28,,"$1,348.27","OLUPP - 84 lentes LED, 5 colores iluminados con 3 modos de luz, suministros de fiesta que brillan en la oscuridad, lentes brillantes para fiesta de rave, boda, cumpleaños, concierto, Año Nuevo,",https://www.amazon.com.mx/dp/B0B56FW2X8,https://www.amazon.com/dp/B0B56FW2X8,SRKSB LLC,
,B0DJ91LN5L,8,Juguetes y Juegos,disponible,no disponible,,,2025-10-20T00:05:06.539Z,2025-10-27T16:05:35.119Z,2025-10-28T23:35:44.611Z,571.06,,$569.00,"Globos de safari, 50 globos de color verde café, verde salvia, globo de albaricoque blanco marfil, globo de selva con estampado de jirafa para selva, safari, bosque, salvaje, un tema, cumpleaños, baby",https://www.amazon.com.mx/dp/B0DJ91LN5L,https://www.amazon.com/dp/B0DJ91LN5L,SRKSB LLC,
,B0DC7XKPBH,8,Juguetes y Juegos,disponible,no disponible,,,2025-10-20T00:05:06.539Z,2025-10-27T16:05:42.422Z,2025-10-28T23:35:51.930Z,768.66,,$775.10,"MEBAY - Kit de arco de guirnalda de globos de color negro, rosa y dorado, 156 globos de oro metálico, color rosa pastel, para mujeres, niñas, fiestas, cumpleaños, bodas, despedidas de soltera,",https://www.amazon.com.mx/dp/B0DC7XKPBH,https://www.amazon.com/dp/B0DC7XKPBH,SRKSB LLC,
,B0D9LVK6WX,8,Juguetes y Juegos,disponible,disponible,,,2025-10-20T00:05:06.539Z,2025-10-27T16:05:49.756Z,2025-10-28T23:35:59.287Z,149,9.99,$550.92,12 sombreros de bruja de Halloween – sombrero de bruja colgante negro con cuerda de 115 pies para decoraciones interiores y exteriores,https://www.amazon.com.mx/dp/B0D9LVK6WX,https://www.amazon.com/dp/B0D9LVK6WX,Marca: Eliluoni,Eco Chic
,B0DJKRKJW3,8,Juguetes y Juegos,disponible,no disponible,,,2025-10-20T00:05:06.539Z,2025-10-27T16:05:57.234Z,2025-10-28T23:36:06.380Z,573.87,,$571.71,"Globos de helado rosa, globo número 2, dos dulces suministros para fiesta de cumpleaños, globo de helado para decoración de fiesta de cumpleaños de niñas (2)",https://www.amazon.com.mx/dp/B0DJKRKJW3,https://www.amazon.com/dp/B0DJKRKJW3,SRKSB LLC,
,B0CY4QSMYP,8,Juguetes y Juegos,disponible,no disponible,,,2025-10-20T00:05:06.539Z,2025-10-27T16:06:04.636Z,2025-10-28T23:36:13.479Z,544.65,,$601.28,"Globos de cumpleaños para coche de carreras, 40 pulgadas, color negro, número 4, globos Mylar grande, color negro, 4 globos para 4 cumpleaños, carreras de coche, decoración de fiesta, suministros de 7",https://www.amazon.com.mx/dp/B0CY4QSMYP,https://www.amazon.com/dp/B0CY4QSMYP,SRKSB LLC,
,B0CYGPT52D,8,Juguetes y Juegos,disponible,no disponible,,,2025-10-20T00:05:06.539Z,2025-10-27T16:06:13.474Z,2025-10-28T23:36:20.337Z,351.05,,$401.26,"Velas con número de cumpleaños, corona rosa, velas de cumpleaños para tarta, con purpurina número 6, decoración de pastel con lentejuelas para niñas, mujeres, suministros de celebraciones de",https://www.amazon.com.mx/dp/B0CYGPT52D,https://www.amazon.com/dp/B0CYGPT52D,qwertyuiop13,
,B0DP2X6KQF,8,Juguetes y Juegos,disponible,disponible,,,2025-10-20T00:05:06.540Z,2025-10-27T16:06:22.574Z,2025-10-28T23:36:28.158Z,707.85,13.99,$651.85,"100 mini bebés de plástico, 1 pulgada Mardi Gras King Cake Baby para juegos de baby shower My Water Broke, pequeños bebés de plástico a granel para juegos de cubitos de hielo, regalos de fiesta de",https://www.amazon.com.mx/dp/B0DP2X6KQF,https://www.amazon.com/dp/B0DP2X6KQF,Amazon Estados Unidos,BLW US
,B0DNW3YHNN,8,Juguetes y Juegos,disponible,no disponible,,,2025-10-20T00:05:06.540Z,2025-10-27T16:06:29.922Z,2025-10-28T23:36:36.283Z,485.91,,$537.17,"Globos negros de 16 pulgadas, globos de corazón de 18 pulgadas, globos de corazón para el día de San Valentín, pancarta de globo de papel de amor para bodas, compromisos, día de galentines, decoración",https://www.amazon.com.mx/dp/B0DNW3YHNN,https://www.amazon.com/dp/B0DNW3YHNN,SRKSB LLC,
,B0DNFYVXD2,8,Juguetes y Juegos,disponible,disponible,,,2025-10-20T00:05:06.540Z,2025-10-27T16:06:36.865Z,2025-10-28T23:36:43.556Z,945.37,22.99,$947.35,"Yeepestmi - 110 bolsas de béisbol con cordón para regalos de fiesta de béisbol con mini bola, pulsera, pulseras de palmadas, llaveros, calcomanías para suministros de fiesta de béisbol",https://www.amazon.com.mx/dp/B0DNFYVXD2,https://www.amazon.com/dp/B0DNFYVXD2,Novayu,Artis-US
,B08BY2BZHB,8,Juguetes y Juegos,disponible,disponible,,PRICE_AND_SELLER_NOT_FOUND,2025-10-20T00:05:06.540Z,2025-10-27T16:06:43.581Z,2025-10-28T23:36:51.306Z,466,,$850.80,"Decoraciones de cumpleaños número 15 para hombres, mujeres, niños, niñas, suministros de fiesta de cumpleaños azul y negro con 15 globos de plata para fiesta de cumpleaños número 15 y 51",https://www.amazon.com.mx/dp/B08BY2BZHB,https://www.amazon.com/dp/B08BY2BZHB,Marca: RBYOO,
,B0DMFMZ2J5,8,Juguetes y Juegos,disponible,no disponible,,,2025-10-20T00:05:18.324Z,2025-10-27T16:06:51.970Z,2025-10-28T23:36:58.578Z,608.35,,$603.50,"32 pulgadas, 23 números de globo, globos de feliz cumpleaños, globos de 16 pulgadas, globos de estrella plateada y negra para decoraciones de cumpleaños 23 para niños, decoraciones de fiesta negra",https://www.amazon.com.mx/dp/B0DMFMZ2J5,https://www.amazon.com/dp/B0DMFMZ2J5,NGTRADE,
,B0CRGZ16M5,8,Juguetes y Juegos,disponible,no disponible,,,2025-10-20T00:05:18.325Z,2025-10-27T16:06:59.179Z,2025-10-28T23:37:07.182Z,1632.32,,"$1,655.08","Juego de carnaval de dardos con globo, caja de madera con tema de carnaval, la caja mide 16.5 x 12.5 x 4.5 pulgadas, incluye 300 globos y 6 dardos coloridos y puntos adhesivos, ideal para cumpleaños,",https://www.amazon.com.mx/dp/B0CRGZ16M5,https://www.amazon.com/dp/B0CRGZ16M5,SRKSB LLC,
,B0D62L6Z5M,8,Juguetes y Juegos,disponible,no disponible,,,2025-10-20T00:05:18.325Z,2025-10-27T16:07:06.379Z,2025-10-28T23:37:14.220Z,739.88,,$605.91,"Globos de estrella verde, 6 globos de estrella de explosión de 22 pulgadas y 10 globos de cuatro ángulos de 10 pulgadas para brujas, Halloween, cumpleaños, aniversario, decoración de fiesta de",https://www.amazon.com.mx/dp/B0D62L6Z5M,https://www.amazon.com/dp/B0D62L6Z5M,Rio Bravo,
,B0DLNTJCRJ,8,Juguetes y Juegos,disponible,no disponible,,,2025-10-20T00:05:18.325Z,2025-10-27T16:07:14.436Z,2025-10-28T23:37:21.453Z,463.09,,$422.12,"Globo gigante de números rosa de 40 pulgadas, globos rosa de helio de lámina de mylar para fiesta de cumpleaños, globos número 5 para decoraciones de cumpleaños, globos rosa 5 para decoraciones de 5",https://www.amazon.com.mx/dp/B0DLNTJCRJ,https://www.amazon.com/dp/B0DLNTJCRJ,SRKSB LLC,
,B0DN61GCVY,8,Juguetes y Juegos,disponible,disponible,,,2025-10-20T00:05:18.325Z,2025-10-27T16:07:23.051Z,2025-10-28T23:37:28.580Z,697.1,15.98,$719.27,"BiBo Juego de decoración para tartas, juego de decoraciones para cupcakes de feliz cumpleaños, juego de suministros para fiestas temáticas de juegos, decoración hecha a mano para tartas",https://www.amazon.com.mx/dp/B0DN61GCVY,https://www.amazon.com/dp/B0DN61GCVY,SRKSB LLC,BiBoSHOP
,B0B3LYNRCJ,8,Juguetes y Juegos,disponible,no disponible,,,2025-10-20T00:05:18.325Z,2025-10-27T16:07:29.774Z,2025-10-28T23:37:36.473Z,647.53,,$625.27,"HyDren - Kit de 113 guirnaldas de arco de globos de pato amarillo, 12 10 5 pulgadas, globos de látex azul, amarillo blanco, mini globos de aluminio para decoración de baby shower, suministros de",https://www.amazon.com.mx/dp/B0B3LYNRCJ,https://www.amazon.com/dp/B0B3LYNRCJ,Boon Shopping,
,B0CMLBX43N,8,Juguetes y Juegos,disponible,no disponible,,,2025-10-20T00:05:18.325Z,2025-10-27T16:07:38.637Z,2025-10-28T23:37:44.085Z,515.14,,$517.11,"12 globos de corazón blanco, globos de papel de aluminio de 18 pulgadas, globo de amor, globo de San Valentín, para fiesta de cumpleaños, boda, fiesta de compromiso, baby shower, decoración del día de",https://www.amazon.com.mx/dp/B0CMLBX43N,https://www.amazon.com/dp/B0CMLBX43N,SRKSB LLC,
,B0CY1SLYFQ,8,Juguetes y Juegos,disponible,no disponible,,,2025-10-20T00:05:18.325Z,2025-10-27T16:07:52.893Z,2025-10-28T23:37:57.655Z,714.95,,$593.07,"Kit de guirnalda de arco de globos de arena azul polvoriento, 141 unidades, pizarrón, niebla, azul, arena, blanco, beige, crema para niños, cumpleaños, oso, baby shower, revelación de género,",https://www.amazon.com.mx/dp/B0CY1SLYFQ,https://www.amazon.com/dp/B0CY1SLYFQ,SRKSB LLC,
,B0BMGGGRV3,8,Juguetes y Juegos,disponible,no disponible,,,2025-10-20T00:05:18.325Z,2025-10-27T16:08:00.775Z,2025-10-28T23:38:04.803Z,537.71,,$524.62,"Paready: Globos de fiesta de 12 pulgadas, 62 piezas, rosa y azul, confeti, baby shower, unisex, niños y adultos",https://www.amazon.com.mx/dp/B0BMGGGRV3,https://www.amazon.com/dp/B0BMGGGRV3,SRKSB LLC,
,B0CW5WTP97,8,Juguetes y Juegos,disponible,no disponible,,,2025-10-20T00:05:18.325Z,2025-10-27T16:08:08.353Z,2025-10-28T23:38:11.842Z,494.71,,$490.18,"Kit de 152 globos de color verde salvia azul polvoriento, color verde salvia, azul polvoriento, verde pastel, arena, blanco y dorado, para decoración de boda, bosque, cumpleaños, baby shower",https://www.amazon.com.mx/dp/B0CW5WTP97,https://www.amazon.com/dp/B0CW5WTP97,SRKSB LLC,
,B097XJFBN3,8,Juguetes y Juegos,disponible,no disponible,,,2025-10-20T00:05:18.326Z,2025-10-27T16:08:17.094Z,2025-10-28T23:38:19.644Z,555.73,,$553.83,"Paquete de 30 globos de perforación de héroe para niños, suministros de recuerdos de juegos de fiesta, decoración de varios colores, diseño de héroe cómico para el juego de aula escolar, entrega de",https://www.amazon.com.mx/dp/B097XJFBN3,https://www.amazon.com/dp/B097XJFBN3,SRKSB LLC,
,B0CW5GM4Y7,8,Juguetes y Juegos,disponible,no disponible,,,2025-10-20T00:05:18.326Z,2025-10-27T16:08:25.613Z,2025-10-28T23:38:28.278Z,514.98,,$499.80,"YOTHORN - Globo de construcción de aluminio 4D, globo excavador grande, globo de vehículo de ingeniería excavadora para niños, suministros de construcción para fiesta de cumpleaños para decoración",https://www.amazon.com.mx/dp/B0CW5GM4Y7,https://www.amazon.com/dp/B0CW5GM4Y7,SRKSB LLC,
,B0DJJS9K4D,8,Juguetes y Juegos,disponible,no disponible,,,2025-10-20T00:05:18.326Z,2025-10-27T16:08:32.563Z,2025-10-28T23:38:34.809Z,691.63,,$610.40,"HILAVO - Kit de guirnalda de globos para videojuegos, diseño de globos para fiesta con globo de helio de látex morado metálico para niños, cumpleaños, cumpleaños, baby shower, suministros para",https://www.amazon.com.mx/dp/B0DJJS9K4D,https://www.amazon.com/dp/B0DJJS9K4D,SRKSB LLC,
,B0CP969BX9,8,Juguetes y Juegos,disponible,disponible,,,2025-10-20T00:05:18.326Z,2025-10-27T16:08:40.856Z,2025-10-28T23:38:43.289Z,1016.78,26.99,$981.50,"RoundFunny - 86 piezas de recuerdos de fiesta de dragón, 12 piezas de cifras de juguete de dragón, 12 unidades, paquete de 12 máscaras de dragón de fieltro, 50 calcomanías de dragones, suministros de",https://www.amazon.com.mx/dp/B0CP969BX9,https://www.amazon.com/dp/B0CP969BX9,SRKSB LLC,QiuingRain
,B0CH4MZ2FR,8,Juguetes y Juegos,disponible,no disponible,,,2025-10-20T00:05:18.326Z,2025-10-27T16:08:49.415Z,2025-10-28T23:38:52.315Z,647.48,,$694.72,"Decoraciones de fiesta de flor de cerezo suministros para fiesta de cumpleaños en flor de cerezo, decoraciones japonesas, incluye pancarta de cumpleaños, decoración de tartas, globos para bodas, novias, baby shower",https://www.amazon.com.mx/dp/B0CH4MZ2FR,https://www.amazon.com/dp/B0CH4MZ2FR,SRKSB LLC,
,B0B3QND9RQ,8,Juguetes y Juegos,disponible,no disponible,,,2025-10-20T00:05:18.326Z,2025-10-27T16:08:57.317Z,2025-10-28T23:39:00.249Z,511.55,,$515.13,"45 globos de campaña, coloridos globos de fiesta de campamento, suministros de fiesta de aventura de campamento, con kits de globos de látex de cinta verde y café para niños y niñas, senderismo,",https://www.amazon.com.mx/dp/B0B3QND9RQ,https://www.amazon.com/dp/B0B3QND9RQ,SRKSB LLC,
,B0DTH7PL4F,8,Juguetes y Juegos,disponible,no disponible,,,2025-10-20T00:05:31.287Z,2025-10-27T16:09:04.769Z,2025-10-28T23:39:07.534Z,558.14,,$560.38,"Globos de estrella dorados, plateados, negros, 6 globos de aluminio de estrella explosión, para cumpleaños, aniversario, baby shower, Año Nuevo, Navidad, decoración de fiesta de discoteca",https://www.amazon.com.mx/dp/B0DTH7PL4F,https://www.amazon.com/dp/B0DTH7PL4F,SRKSB LLC,
,B0D7914W67,8,Juguetes y Juegos,disponible,no disponible,,,2025-10-20T00:05:31.287Z,2025-10-27T16:09:12.068Z,2025-10-28T23:39:16.256Z,640.62,,$638.04,"Kit de globos de Halloween, guirnalda de arco, 126 globos de fiesta de Halloween con negro, naranja, morado, verde frutal, confeti, globos, boo, araña, globos de aluminio de calabaza para decoraciones",https://www.amazon.com.mx/dp/B0D7914W67,https://www.amazon.com/dp/B0D7914W67,SOCIALBOOSTI LLC,
,B0D258NQRK,8,Juguetes y Juegos,disponible,no disponible,,,2025-10-20T00:05:31.287Z,2025-10-27T16:09:20.120Z,2025-10-28T23:39:24.260Z,506.28,,$506.28,"Af-tigonhw - Kit de arco de guirnalda de globos de color rojo, azul, amarillo y verde, globos de aluminio de estrella de champiñones, globos de circo de color para Mario cumpleaños, carnaval,",https://www.amazon.com.mx/dp/B0D258NQRK,https://www.amazon.com/dp/B0D258NQRK,SRKSB LLC,
,B087BVWXYF,8,Juguetes y Juegos,disponible,disponible,,,2025-10-20T00:05:31.287Z,2025-10-27T16:09:28.479Z,2025-10-28T23:39:31.974Z,268.74,6.59,$350.81,"Bandera de cumpleaños de animales de granja, nyard Farm temática cumpleaños fiesta fiesta de fiesta de fiesta de cumpleaños",https://www.amazon.com.mx/dp/B087BVWXYF,https://www.amazon.com/dp/B087BVWXYF,Amazon Estados Unidos,laolijiadexiaodian
,B0CBX5987W,8,Juguetes y Juegos,disponible,no disponible,,,2025-10-20T00:05:31.287Z,2025-10-27T16:09:35.523Z,2025-10-28T23:39:38.489Z,449.78,,$449.34,"Globos de pavo, globos de papel de Acción de Gracias, para decoración de fiesta temática de Turquía, suministros de decoración de otoño, cosecha de Acción de Gracias, decoración de cumpleaños, globos",https://www.amazon.com.mx/dp/B0CBX5987W,https://www.amazon.com/dp/B0CBX5987W,SRKSB LLC,
,B0CHWDS7ZW,8,Juguetes y Juegos,disponible,no disponible,,,2025-10-20T00:05:31.287Z,2025-10-27T16:09:43.910Z,2025-10-28T23:39:46.496Z,603.38,,$605.91,"Kit de arco de globos de Navidad, 137 piezas de guirnalda de globos de Navidad rosa con globos de látex rosa, azul azulado, blanco, bastón de caramelo rosa y globos de aluminio para Navidad,",https://www.amazon.com.mx/dp/B0CHWDS7ZW,https://www.amazon.com/dp/B0CHWDS7ZW,SRKSB LLC,
,B0C26FPCF5,8,Juguetes y Juegos,disponible,no disponible,,,2025-10-20T00:05:31.287Z,2025-10-27T16:09:50.933Z,2025-10-28T23:39:53.562Z,869.23,,$799.70,"Curious George - Juego de mini recuerdos de fiesta para niños, paquete con 24 paquetes de juego curiosos George Grab n Go con páginas para colorear, calcomanías y más (suministros para fiesta de cumpleaños de George)",https://www.amazon.com.mx/dp/B0C26FPCF5,https://www.amazon.com/dp/B0C26FPCF5,SRKSB LLC,
,B0D8VRJ1HH,8,Juguetes y Juegos,disponible,no disponible,,,2025-10-20T00:05:31.288Z,2025-10-27T16:09:58.884Z,2025-10-28T23:40:00.108Z,707.78,,$654.50,"Haolongfa - Kit de arco de guirnalda de globos de Navidad, globos de Navidad con caramelo de Navidad, bastón, globos de Año Nuevo 4D para decoraciones de fiestas de Navidad en interiores, cumpleaños,",https://www.amazon.com.mx/dp/B0D8VRJ1HH,https://www.amazon.com/dp/B0D8VRJ1HH,SRKSB LLC,
,B0DFX4J19W,8,Juguetes y Juegos,disponible,no disponible,,,2025-10-20T00:05:31.288Z,2025-10-27T16:10:07.200Z,2025-10-28T23:40:07.149Z,670,,$660.65,"Letrero grande 2025 Gradutaion Decoraciones 2025 para cabina de fotos para personas mayores, centros de mesa para decoración de mesa, letrero de letra número 2025 para suministros de fiesta de",https://www.amazon.com.mx/dp/B0DFX4J19W,https://www.amazon.com/dp/B0DFX4J19W,SRKSB LLC,
,B0CTHH9FHY,8,Juguetes y Juegos,disponible,no disponible,,,2025-10-20T00:05:31.288Z,2025-10-27T16:10:14.212Z,2025-10-28T23:40:15.564Z,468.83,,$461.61,"20 globos de estrella, globos de aluminio de estrella azul de 18 pulgadas, globos en forma de estrella, globos de helio, globos de helio, para fiesta de cumpleaños, aniversario, boda, baby shower,",https://www.amazon.com.mx/dp/B0CTHH9FHY,https://www.amazon.com/dp/B0CTHH9FHY,SRKSB LLC,
,B0CY4RYFNL,8,Juguetes y Juegos,disponible,no disponible,,,2025-10-20T00:05:31.288Z,2025-10-27T16:10:22.520Z,2025-10-28T23:40:23.728Z,499.5,,$498.12,"Eostankr: Globos de cumpleaños para coche de carreras, 40 pulgadas, negro número 3, decoración de fiesta, 7 piezas, para niños y niñas, unisex",https://www.amazon.com.mx/dp/B0CY4RYFNL,https://www.amazon.com/dp/B0CY4RYFNL,SRKSB LLC,
,B0D63ZS6FD,8,Juguetes y Juegos,disponible,disponible,,,2025-10-20T00:05:31.288Z,2025-10-27T16:10:37.291Z,2025-10-28T23:40:37.256Z,696.35,15.95,$673.14,"Markhomia Lemoneon - Decoración para tartas de videojuegos, diseños mejorados, V2 Battle Royale, decoración de llama para fiesta de cumpleaños, decoración de pasteles, 11 piezas/juego",https://www.amazon.com.mx/dp/B0D63ZS6FD,https://www.amazon.com/dp/B0D63ZS6FD,SRKSB LLC,Lemoneon
,B0D7T2RF37,8,Juguetes y Juegos,disponible,no disponible,,,2025-10-20T00:05:31.288Z,2025-10-27T16:10:46.097Z,2025-10-28T23:40:44.210Z,416.94,,$427.85,"OHugs - Juego de 65 globos azules que incluye 12 pulgadas, azul marino, azul marino, azul metálico, globos de fiesta azul perla para cumpleaños, baby shower, compromiso, boda, revelación de género,",https://www.amazon.com.mx/dp/B0D7T2RF37,https://www.amazon.com/dp/B0D7T2RF37,SRKSB LLC,
,B0DBHGXK8R,8,Juguetes y Juegos,disponible,no disponible,,,2025-10-20T00:05:31.288Z,2025-10-27T16:10:52.908Z,2025-10-28T23:40:52.463Z,547.82,,$529.28,"Globo negro morado azul, 60 unidades de 12 pulgadas, globos de confeti para niños, decoración de fiesta de videojuegos, baby shower, compromiso, graduación, fiestas",https://www.amazon.com.mx/dp/B0DBHGXK8R,https://www.amazon.com/dp/B0DBHGXK8R,Uğurlu STORE,
,B0DDQ3W6QS,8,Juguetes y Juegos,disponible,no disponible,,,2025-10-20T00:05:31.288Z,2025-10-27T16:10:59.306Z,2025-10-28T23:40:59.928Z,440.68,,$424.93,"Solvora Exquisito sombrero de Papá Noel, sombrero de Navidad añade encanto festivo a tu celebración.",https://www.amazon.com.mx/dp/B0DDQ3W6QS,https://www.amazon.com/dp/B0DDQ3W6QS,Novayu,
,B0DBHHVW9L,8,Juguetes y Juegos,disponible,no disponible,,,2025-10-20T00:05:31.288Z,2025-10-27T16:11:05.694Z,2025-10-28T23:41:07.280Z,677.26,,$686.80,"Kit de arco de guirnalda de globos de Halloween, más de 100 unidades, globos naranjas y negros, color morado y verde con globos de aluminio de murciélago espeluznante, tela de araña para otoño,",https://www.amazon.com.mx/dp/B0DBHHVW9L,https://www.amazon.com/dp/B0DBHHVW9L,SRKSB LLC,
,B0D7D3TZS6,8,Juguetes y Juegos,disponible,no disponible,,,2025-10-20T00:05:45.348Z,2025-10-27T16:11:14.153Z,2025-10-28T23:41:15.611Z,1156.58,,"$1,164.04","78 piezas de recuerdos de fiesta de Halloween para niños, juguetes de Halloween que brillan en la oscuridad, collares giratorios con luz a granel, pulseras, anillos LED, golosinas para Halloween,",https://www.amazon.com.mx/dp/B0D7D3TZS6,https://www.amazon.com/dp/B0D7D3TZS6,SRKSB LLC,
,B0D91YD8Z9,8,Juguetes y Juegos,disponible,disponible,,,2025-10-20T00:05:45.349Z,2025-10-27T16:11:22.470Z,2025-10-28T23:41:23.324Z,454.44,7.59,$460.06,Banner de Get Out of My Swamp - Decoración de fiesta de cumpleaños con purpurina verde,https://www.amazon.com.mx/dp/B0D91YD8Z9,https://www.amazon.com/dp/B0D91YD8Z9,SRKSB LLC,CHUIMEI
,B0D8XQSSPR,8,Juguetes y Juegos,disponible,no disponible,,,2025-10-20T00:05:45.349Z,2025-10-27T16:11:29.865Z,2025-10-28T23:41:30.533Z,515.14,,$444.62,"Party Glits - Globos de 36 perforadores para fiestas de cumpleaños, resistentes para niños, bolas hinchables con asa de goma para fiestas de cumpleaños, bolsa de regalos",https://www.amazon.com.mx/dp/B0D8XQSSPR,https://www.amazon.com/dp/B0D8XQSSPR,SRKSB LLC,
,B0D8QFZTZ5,8,Juguetes y Juegos,disponible,no disponible,,,2025-10-20T00:05:45.350Z,2025-10-27T16:11:37.551Z,2025-10-28T23:41:38.014Z,578.54,,$576.40,"Globos de coche de carreras para fiestas de cumpleaños, globos de neumáticos con ruedas Mylar, tamaño grande de 40 pulgadas, número 4 globos para 4 cumpleaños, carreras temáticas, suministros de",https://www.amazon.com.mx/dp/B0D8QFZTZ5,https://www.amazon.com/dp/B0D8QFZTZ5,NGTRADE,
,B0D7T7SBXY,8,Juguetes y Juegos,disponible,disponible,,PRICE_AND_SELLER_NOT_FOUND,2025-10-20T00:05:45.350Z,2025-10-27T16:11:45.388Z,2025-10-28T23:41:45.095Z,638.9,,$525.22,"Globos bohemios de color rosa rubor retro, 65 unidades de 12 pulgadas, color rosa polvoriento, color rosa metálico, oro rosa, nude para cumpleaños, baby shower, novia, niñas, suministros de decoración",https://www.amazon.com.mx/dp/B0D7T7SBXY,https://www.amazon.com/dp/B0D7T7SBXY,SafeHaven Shop,
,B0D6FTWSZW,8,Juguetes y Juegos,disponible,no disponible,,,2025-10-20T00:05:45.350Z,2025-10-27T16:11:53.993Z,2025-10-28T23:41:51.535Z,992.88,,"$1,005.20","OLUPP Suministros de fiesta que brillan en la oscuridad, 264 piezas de recuerdos de fiesta iluminados con lentes LED, palos brillantes, luces de dedos, pinzas para el cabello, talonjas, moldes para",https://www.amazon.com.mx/dp/B0D6FTWSZW,https://www.amazon.com/dp/B0D6FTWSZW,SRKSB LLC,
,B0D54D8R6M,8,Juguetes y Juegos,disponible,disponible,,,2025-10-20T00:05:45.350Z,2025-10-27T16:12:02.364Z,2025-10-28T23:41:58.091Z,537.71,9.99,$520.64,"Sinload - Letrero calcomanía para fiesta de cumpleaños para telón de fondo, despegar y pegar, feliz cumpleaños, baby shower, revelación de género para decoración de arco de globo, letrero de fiesta,",https://www.amazon.com.mx/dp/B0D54D8R6M,https://www.amazon.com/dp/B0D54D8R6M,SRKSB LLC,Chiixiera
,B0D4M8T8DQ,8,Juguetes y Juegos,disponible,no disponible,,,2025-10-20T00:05:45.350Z,2025-10-27T16:12:10.918Z,2025-10-28T23:42:06.122Z,515.31,,$483.13,"Wsaeig - Globo de revelación de género para bebés de 36 pulgadas con confeti, 2 globos para niños o niñas, revelación de género, color negro, grande, ideas de revelación de género",https://www.amazon.com.mx/dp/B0D4M8T8DQ,https://www.amazon.com/dp/B0D4M8T8DQ,SRKSB LLC,
,B0D3Z8NPSR,8,Juguetes y Juegos,disponible,no disponible,,,2025-10-20T00:05:45.351Z,2025-10-27T16:12:17.736Z,2025-10-28T23:42:14.109Z,603.38,,$500.06,"CIEQR One Happy Camper - Decoración para tarta de madera con temática de camping, decoración para tartas de primer cumpleaños para baby shower, fiesta de primer cumpleaños, aniversario, accesorios",https://www.amazon.com.mx/dp/B0D3Z8NPSR,https://www.amazon.com/dp/B0D3Z8NPSR,SRKSB LLC,
,B0D39RYJW7,8,Juguetes y Juegos,disponible,no disponible,,,2025-10-20T00:05:45.351Z,2025-10-27T16:12:24.194Z,2025-10-28T23:42:21.520Z,720.86,,$622.82,"Kit de globos Bobo, HKYOOD 60 globos transparentes de diferentes tamaños para cumpleaños, bodas, baby shower, interior, exterior, TPU duradero, decoraciones de fiesta, globos a granel, juego de globos",https://www.amazon.com.mx/dp/B0D39RYJW7,https://www.amazon.com/dp/B0D39RYJW7,SRKSB LLC,
,B0CWTRVP2Q,8,Juguetes y Juegos,disponible,no disponible,,,2025-10-20T00:05:45.351Z,2025-10-27T16:12:31.010Z,2025-10-28T23:42:28.272Z,753.46,,$650.90,"Decoraciones de cumpleaños 21 para niñas y ella, juego de decoración de cumpleaños 21 con pancarta, globos número 21 para fiesta de cumpleaños de 21 años",https://www.amazon.com.mx/dp/B0CWTRVP2Q,https://www.amazon.com/dp/B0CWTRVP2Q,SRKSB LLC,
,B0DCZLZWFZ,8,Juguetes y Juegos,disponible,no disponible,,,2025-10-20T00:05:45.351Z,2025-10-27T16:12:38.753Z,2025-10-28T23:42:35.015Z,544.65,,$477.62,"Decoraciones de primer cumpleaños para niña, corona 1 globo, número rosa 1 globos de 40 pulgadas, decoración de fiesta de cumpleaños con temática de gato, suministros de baby shower",https://www.amazon.com.mx/dp/B0DCZLZWFZ,https://www.amazon.com/dp/B0DCZLZWFZ,SRKSB LLC,
,B0D921VQ21,8,Juguetes y Juegos,disponible,no disponible,,,2025-10-20T00:05:45.351Z,2025-10-27T16:12:45.182Z,2025-10-28T23:42:42.657Z,511.29,,$510.81,"Kit de arco de globo verde salvia, 147 unidades, color verde salvia, dorado, arena, globos blancos para bodas, compromisos, aniversarios, despedidas de soltera, baby shower, decoraciones de fiesta de",https://www.amazon.com.mx/dp/B0D921VQ21,https://www.amazon.com/dp/B0D921VQ21,SRKSB LLC,
,B0D6BJMW79,8,Juguetes y Juegos,disponible,no disponible,,,2025-10-20T00:05:45.351Z,2025-10-27T16:12:53.263Z,2025-10-28T23:42:49.802Z,850.2,,$850.20,"Suministros para fiesta de cumpleaños de construcción, decoración de fiesta de camión volquete incluye pancarta de feliz cumpleaños, telón de fondo, juego de vajilla, mantel, decoración de pasteles,",https://www.amazon.com.mx/dp/B0D6BJMW79,https://www.amazon.com/dp/B0D6BJMW79,SRKSB LLC,
,B0CR1CM4PJ,8,Juguetes y Juegos,disponible,no disponible,,,2025-10-20T00:05:45.351Z,2025-10-27T16:13:01.757Z,2025-10-28T23:42:57.683Z,762.32,,$727.59,"Globos pastel para decoración de 8 cumpleaños para niñas, 219 globos pastel con flores, pancarta de feliz cumpleaños, decoración de pasteles, mariposas 3D, globo número 8 para decoraciones de",https://www.amazon.com.mx/dp/B0CR1CM4PJ,https://www.amazon.com/dp/B0CR1CM4PJ,Novayu,
,B0D5CRTYHR,8,Juguetes y Juegos,disponible,disponible,,,2025-10-20T00:05:45.351Z,2025-10-27T16:13:15.172Z,2025-10-28T23:43:11.022Z,744.16,15.99,$777.10,Recuerdos de fiesta de Acción de Gracias de,https://www.amazon.com.mx/dp/B0D5CRTYHR,https://www.amazon.com/dp/B0D5CRTYHR,SRKSB LLC,EZdhuawuse
,B0D4PDLXTT,8,Juguetes y Juegos,disponible,no disponible,,,2025-10-20T00:05:56.749Z,2025-10-27T16:13:21.781Z,2025-10-28T23:43:19.641Z,521.15,,$491.47,"Awenztech Globos de color rosa intenso de 12 pulgadas, globos de látex rosa fuerte, 50 globos de fiesta para bodas, compromisos, despedidas de soltera, decoraciones tropicales de fiesta de cumpleaños",https://www.amazon.com.mx/dp/B0D4PDLXTT,https://www.amazon.com/dp/B0D4PDLXTT,Novayu,
,B0D2WYFSSX,8,Juguetes y Juegos,disponible,no disponible,,,2025-10-20T00:05:56.749Z,2025-10-27T16:13:30.211Z,2025-10-28T23:43:27.613Z,1692.59,,"$1,631.97","OLUPP - 282 piezas de suministros para fiestas, 18 varillas de espuma, 18 lentes LED, 200 varillas brillantes, 30 luces de dedo, 8 diademas de orejas de conejo y 8 diademas LED para orejas de gato",https://www.amazon.com.mx/dp/B0D2WYFSSX,https://www.amazon.com/dp/B0D2WYFSSX,SRKSB LLC,
,B0D2KVDQMV,8,Juguetes y Juegos,disponible,no disponible,,,2025-10-20T00:05:56.749Z,2025-10-27T16:13:37.725Z,2025-10-28T23:43:35.792Z,779.87,,$673.90,"Kit de 152 globos de arco de color rosa claro, blanco, rosa metálico, rosa y oro rosa, con pegatinas de mariposa, para decoración de baby shower, cumpleaños, novia, fiesta de boda",https://www.amazon.com.mx/dp/B0D2KVDQMV,https://www.amazon.com/dp/B0D2KVDQMV,SRKSB LLC,
,B0CW382F94,8,Juguetes y Juegos,disponible,no disponible,,,2025-10-20T00:05:56.749Z,2025-10-27T16:13:44.974Z,2025-10-28T23:43:43.809Z,422.86,,$412.11,"YOTHORN Gold Oh - Globos de globos para bebé, 16 pulgadas OH BABY para baby shower, cartel de Oh Baby para telón de fondo, globos de letras de Oh Baby para decoraciones de revelación de género (dorado",https://www.amazon.com.mx/dp/B0CW382F94,https://www.amazon.com/dp/B0CW382F94,SRKSB LLC,
,B0D1V154NR,8,Juguetes y Juegos,disponible,no disponible,,,2025-10-20T00:05:56.749Z,2025-10-27T16:13:52.560Z,2025-10-28T23:43:50.569Z,926.12,,$870.75,"Decoración de cumpleaños azul claro, pancarta de telón de fondo, globos de papel de estrella de corazón, mantel y suministros de fiesta para niños y niñas",https://www.amazon.com.mx/dp/B0D1V154NR,https://www.amazon.com/dp/B0D1V154NR,SRKSB LLC,
,B0D5R1W5NT,8,Juguetes y Juegos,disponible,no disponible,,,2025-10-20T00:05:56.749Z,2025-10-27T16:14:00.506Z,2025-10-28T23:43:58.510Z,425.15,,$446.27,"OHOME Mantel para colorear de Navidad, decoración de Navidad y decoración de mesa, manualidades y recuerdos de fiesta, 54 x 88 pulgadas",https://www.amazon.com.mx/dp/B0D5R1W5NT,https://www.amazon.com/dp/B0D5R1W5NT,SRKSB LLC,
,B0D3LP886F,8,Juguetes y Juegos,disponible,no disponible,,,2025-10-20T00:05:56.749Z,2025-10-27T16:14:08.640Z,2025-10-28T23:44:06.254Z,515.14,,$444.62,"3 unidades de arco grande con diseño de lazo rosa macarón, fiesta de cumpleaños, baby shower niña decoración de fiesta",https://www.amazon.com.mx/dp/B0D3LP886F,https://www.amazon.com/dp/B0D3LP886F,SRKSB LLC,
,B0D3LMXJH2,8,Juguetes y Juegos,disponible,no disponible,,,2025-10-20T00:05:56.749Z,2025-10-27T16:14:16.267Z,2025-10-28T23:44:13.992Z,474.31,,$461.60,"3 unidades de arco grande con diseño de lazo azul macarón, fiesta de cumpleaños, baby shower niña decoración de fiesta",https://www.amazon.com.mx/dp/B0D3LMXJH2,https://www.amazon.com/dp/B0D3LMXJH2,SRKSB LLC,
,B0D2XWT9XB,8,Juguetes y Juegos,disponible,disponible,,,2025-10-20T00:05:56.750Z,2025-10-27T16:14:23.396Z,2025-10-28T23:44:20.628Z,517.06,9.99,$520.64,"Bandera con purpurina de In My Thirties Era para ella y decoración de fiesta de cumpleaños 30, pancarta de feliz cumpleaños de oro rosa preencordada, regalos de 30 cumpleaños para mujeres Eras Tour",https://www.amazon.com.mx/dp/B0D2XWT9XB,https://www.amazon.com/dp/B0D2XWT9XB,SRKSB LLC,AMFEOV
,B0D2K5BBCR,8,Juguetes y Juegos,disponible,no disponible,,,2025-10-20T00:05:56.750Z,2025-10-27T16:14:30.425Z,2025-10-28T23:44:29.353Z,1105.68,,"$1,107.86","Party Inspo Sweet One - Decoración para fiesta de cumpleaños para niña, 156 piezas de decoraciones para el primer cumpleaños para niña, decoración de donas coloridas, decoración de primera fiesta,",https://www.amazon.com.mx/dp/B0D2K5BBCR,https://www.amazon.com/dp/B0D2K5BBCR,SRKSB LLC,
,B0D2B98RYH,8,Juguetes y Juegos,disponible,no disponible,,,2025-10-20T00:05:56.750Z,2025-10-27T16:14:38.304Z,2025-10-28T23:44:36.394Z,688.39,,$666.40,"Decoraciones de cumpleaños rosa y negro de Saratimtou, incluye globos de color rosa intenso, claro, negros, de estrella, confeti, aluminio, pancarta, cortinas con flecos, cinta y tira decorativa",https://www.amazon.com.mx/dp/B0D2B98RYH,https://www.amazon.com/dp/B0D2B98RYH,SRKSB LLC,
,B0D6K3H17X,8,Juguetes y Juegos,disponible,disponible,,,2025-10-20T00:05:56.750Z,2025-10-27T16:14:47.220Z,2025-10-28T23:44:44.633Z,655.5,12.89,$594.73,"Tintisfafa - Letrero de feliz cumpleaños para telón de fondo, calcomanía dorada para fiesta de feliz cumpleaños para mujeres y hombres, decoración de pared grande de feliz cumpleaños para decoración",https://www.amazon.com.mx/dp/B0D6K3H17X,https://www.amazon.com/dp/B0D6K3H17X,Uğurlu STORE,CiCi888
,B0D1GH6WNL,8,Juguetes y Juegos,disponible,no disponible,,,2025-10-20T00:05:56.750Z,2025-10-27T16:14:54.519Z,2025-10-28T23:44:52.472Z,540.35,,$484.48,"Juego de globos de fiesta de sirena, color rosa, morado, azul, 60 globos de látex metálicos de 12 pulgadas para niñas, fiesta de cumpleaños, baby shower, cumpleaños, decoraciones de fiesta bajo el mar",https://www.amazon.com.mx/dp/B0D1GH6WNL,https://www.amazon.com/dp/B0D1GH6WNL,Uğurlu STORE,
,B0CGL5Z71S,8,Juguetes y Juegos,disponible,no disponible,,,2025-10-20T00:05:56.750Z,2025-10-27T16:15:02.705Z,2025-10-28T23:45:00.015Z,873.29,,$831.78,"kreat4joy - Decoración de 3 cumpleaños con temática de safari de guepardo y selva, globos de telón de fondo de globos con diseño de globos de feliz cumpleaños, decoración de tartas, diseño de leopardo número 3",https://www.amazon.com.mx/dp/B0CGL5Z71S,https://www.amazon.com/dp/B0CGL5Z71S,SRKSB LLC,
,B0CZ918MZQ,8,Juguetes y Juegos,disponible,no disponible,,,2025-10-20T00:05:56.750Z,2025-10-27T16:15:11.283Z,2025-10-28T23:45:08.353Z,543.45,,$555.98,"Lutoys - Decoración de fiesta de feliz cumpleaños, pancarta de feliz cumpleaños, color oro rosa, con forma de corazón y estrella, confeti, telón de fondo para colgar en espirales de mariposa,",https://www.amazon.com.mx/dp/B0CZ918MZQ,https://www.amazon.com/dp/B0CZ918MZQ,SRKSB LLC,
,B0962TWBLF,8,Juguetes y Juegos,disponible,no disponible,,,2025-10-20T00:05:56.750Z,2025-10-27T16:15:19.207Z,2025-10-28T23:45:14.965Z,699,,$648.26,"Uorbmaio: Globo gigante de dinosaurio 3D para decoraciones de fiesta de cumpleaños, 4 unidades, dinosaurio, Aluminio, Unisex Niños, Unisex Adultos",https://www.amazon.com.mx/dp/B0962TWBLF,https://www.amazon.com/dp/B0962TWBLF,Guerrero sellers,
,B0DC3TYF6N,8,Juguetes y Juegos,disponible,no disponible,,,2025-10-20T00:06:11.374Z,2025-10-27T16:15:26.589Z,2025-10-28T23:45:22.588Z,557.48,,$558.48,"Kit de 188 globos de Halloween para guirnalda de globos con murciélago, fantasma, araña, boo, globos de aluminio, globos de aluminio de estrella explosión para",https://www.amazon.com.mx/dp/B0DC3TYF6N,https://www.amazon.com/dp/B0DC3TYF6N,SRKSB LLC,
,B0D2KT9LYX,8,Juguetes y Juegos,disponible,disponible,,,2025-10-20T00:06:11.374Z,2025-10-27T16:15:33.858Z,2025-10-28T23:45:31.038Z,636.43,12.99,$597.39,"Bandera de Last Toast On The Coast – Decoración de fiesta de despedida de soltera, conchas marinas y copas de vino, decoración de despedida de soltera, pancarta costera de despedida de soltera",https://www.amazon.com.mx/dp/B0D2KT9LYX,https://www.amazon.com/dp/B0D2KT9LYX,SRKSB LLC,LIYANGPARTY
,B0CZ34MM65,8,Juguetes y Juegos,disponible,no disponible,,,2025-10-20T00:06:11.374Z,2025-10-27T16:15:42.099Z,2025-10-28T23:45:39.285Z,779.87,,$673.90,"Orgnafey - Globos cuadrados de papel de aluminio de color magenta caliente, decoración de fondo de pared, 25 piezas de guirnalda de arco de globos metálicos para aniversario, despedida de soltera,",https://www.amazon.com.mx/dp/B0CZ34MM65,https://www.amazon.com/dp/B0CZ34MM65,SRKSB LLC,
,B0CYC6MJ6B,8,Juguetes y Juegos,disponible,no disponible,,,2025-10-20T00:06:11.374Z,2025-10-27T16:15:55.732Z,2025-10-28T23:45:53.675Z,716.47,,$691.82,"Banner de decoración de We Apreciate You, azul y dorado, gracias por todo lo que haces, telón de fondo, decoración de fiesta de agradecimiento de los empleados, maestro, enfermera, graduación, día del",https://www.amazon.com.mx/dp/B0CYC6MJ6B,https://www.amazon.com/dp/B0CYC6MJ6B,SRKSB LLC,
,B0CXHR4JLM,8,Juguetes y Juegos,disponible,no disponible,,,2025-10-20T00:06:11.375Z,2025-10-27T16:16:03.617Z,2025-10-28T23:46:01.828Z,712.36,,$663.73,"MOMOSHERO - Kit de 175 globos de neón para decoración de fiesta de cumpleaños, fiestas, fiestas de cumpleaños con colores brillantes en la oscuridad (punto de estrella arcoiris)",https://www.amazon.com.mx/dp/B0CXHR4JLM,https://www.amazon.com/dp/B0CXHR4JLM,Uğurlu STORE,
,B0CX4WQTNS,8,Juguetes y Juegos,disponible,no disponible,,,2025-10-20T00:06:11.375Z,2025-10-27T16:16:10.877Z,2025-10-28T23:46:09.845Z,918.14,,$923.20,"Kit de 100 guirnaldas de arco de globos para fiestas mexicanas, 5 globos de taco, globos de taco, decoración de carnaval, cinco de mayo",https://www.amazon.com.mx/dp/B0CX4WQTNS,https://www.amazon.com/dp/B0CX4WQTNS,SRKSB LLC,
,B088NDDMC1,8,Juguetes y Juegos,disponible,no disponible,,,2025-10-20T00:06:11.375Z,2025-10-27T16:16:18.668Z,2025-10-28T23:46:17.168Z,691.63,,$695.00,"Globos de ducha de novia, varios globos de confeti dorados para mujeres, cumpleaños, despedidas de soltera, boda, aniversario, fiesta, decoración de 12 pulgadas, 50 paquetes, fucsia, púrpura y dorado.",https://www.amazon.com.mx/dp/B088NDDMC1,https://www.amazon.com/dp/B088NDDMC1,SRKSB LLC,
,B0D4F61SVZ,8,Juguetes y Juegos,disponible,no disponible,,,2025-10-20T00:06:11.375Z,2025-10-27T16:16:25.334Z,2025-10-28T23:46:24.527Z,491.99,,$491.99,"Globos de rueda de 30 pulgadas, globos de neumáticos de coche de carreras, ruedas de coches de carreras, suministros de decoración de fiesta de cumpleaños para hombres y niños, 6 unidades",https://www.amazon.com.mx/dp/B0D4F61SVZ,https://www.amazon.com/dp/B0D4F61SVZ,SRKSB LLC,
,B0CWTPPTXJ,8,Juguetes y Juegos,disponible,no disponible,,,2025-10-20T00:06:11.375Z,2025-10-27T16:16:33.448Z,2025-10-28T23:46:33.254Z,458.46,,$444.62,"7 globos plateados de aluminio 4D con globos de estrella para discoteca de los 70, graduación, cumpleaños y decoraciones de despedida de soltera, 22 pulgadas",https://www.amazon.com.mx/dp/B0CWTPPTXJ,https://www.amazon.com/dp/B0CWTPPTXJ,SRKSB LLC,
,B0CFPT6HQD,8,Juguetes y Juegos,disponible,no disponible,,,2025-10-20T00:06:11.375Z,2025-10-27T16:16:40.820Z,2025-10-28T23:46:42.010Z,649.1,,$596.18,Bandera de Tigres Dorados de la Universidad Tuskegee,https://www.amazon.com.mx/dp/B0CFPT6HQD,https://www.amazon.com/dp/B0CFPT6HQD,SRKSB LLC,
,B0CWH4HGY9,8,Juguetes y Juegos,disponible,no disponible,,,2025-10-20T00:06:11.375Z,2025-10-27T16:16:47.879Z,2025-10-28T23:46:49.942Z,474,,$467.66,"SJFEEVOR: Juego de 60 globos azules, 12 pulgadas, globos azul marino, metálicos y chapados en cromo para niños, cumpleaños, baby shower y revelaciones de género",https://www.amazon.com.mx/dp/B0CWH4HGY9,https://www.amazon.com/dp/B0CWH4HGY9,SRKSB LLC,
,B0CH4JN41T,8,Juguetes y Juegos,disponible,no disponible,,,2025-10-20T00:06:11.375Z,2025-10-27T16:16:55.266Z,2025-10-28T23:46:58.197Z,669.78,,$648.48,Lingtoolator Pink Princess Doll Foil Balloon Pink Heart Star Balloons Girl Head Latex Globos Kit For Princess Party Decorations Makeup Bachelorette Photo Backdrop Little Girl Adult Birthday Supply,https://www.amazon.com.mx/dp/B0CH4JN41T,https://www.amazon.com/dp/B0CH4JN41T,SRKSB LLC,
,B0CBVP9W7N,8,Juguetes y Juegos,disponible,no disponible,,,2025-10-20T00:06:11.375Z,2025-10-27T16:17:02.576Z,2025-10-28T23:47:07.136Z,603.38,,$605.91,"100 globos de enlace rápido blancos de 10 pulgadas, globos de látex para pared de globos/arcos/cadenas, fiesta de cumpleaños, boda, aniversario, graduación, decoración de fiesta de arco (blanco)",https://www.amazon.com.mx/dp/B0CBVP9W7N,https://www.amazon.com/dp/B0CBVP9W7N,SRKSB LLC,
,B09XMSL66P,8,Juguetes y Juegos,disponible,no disponible,,,2025-10-20T00:06:11.376Z,2025-10-27T16:17:10.690Z,2025-10-28T23:47:14.347Z,433.21,,$413.35,"Vinsot - Paquete de 36 globos de boxeo para decoración de fiesta de boxeo de 12 pulgadas, color rojo, negro y blanco, globos de látex para lucha, combate, lucha, deportes, suministros para fiesta de",https://www.amazon.com.mx/dp/B09XMSL66P,https://www.amazon.com/dp/B09XMSL66P,SRKSB LLC,
,B09WHG7R7T,8,Juguetes y Juegos,disponible,no disponible,,,2025-10-20T00:06:11.376Z,2025-10-27T16:17:19.198Z,2025-10-28T23:47:22.264Z,562.07,,$564.32,"Zomiboo - 45 globos bohemios de arco iris, decoraciones de cumpleaños de arco iris, 9 estilos, decoración de fiesta de baby shower, globos de látex, decoración temática bohemia para cumpleaños, boda",https://www.amazon.com.mx/dp/B09WHG7R7T,https://www.amazon.com/dp/B09WHG7R7T,SRKSB LLC,
,B09TKGZC3C,8,Juguetes y Juegos,disponible,no disponible,,,2025-10-20T00:06:11.376Z,2025-10-27T16:17:27.572Z,2025-10-28T23:47:30.143Z,485.91,,$493.24,"Zomiboo - Juego de 36 globos de fiesta de sirena bajo el mar, decoración de cumpleaños con temática de sirena, océano, púrpura, rosa, verde, confeti de látex para niños y niñas, suministros de fiesta",https://www.amazon.com.mx/dp/B09TKGZC3C,https://www.amazon.com/dp/B09TKGZC3C,SRKSB LLC,
,B0CS6M9SLV,8,Juguetes y Juegos,disponible,no disponible,,,2025-10-20T00:06:22.387Z,2025-10-27T16:17:33.938Z,2025-10-28T23:47:37.561Z,631.26,,$576.40,"LEEZZIZZ - Globos gigantes de látex de 36 pulgadas, 9 globos gigantes para decoración de suministros de cumpleaños para fiestas de niños, bodas, cumpleaños Multi",https://www.amazon.com.mx/dp/B0CS6M9SLV,https://www.amazon.com/dp/B0CS6M9SLV,SRKSB LLC,
,B0CPF282LK,8,Juguetes y Juegos,disponible,disponible,,,2025-10-20T00:06:22.387Z,2025-10-27T16:17:42.080Z,2025-10-28T23:47:44.579Z,,8.99,$475.71,"DTOFOOT Decoraciones de fiesta de fútbol, 10 piezas de centro de mesa de fútbol, decoración de mesa de panal, fútbol para cumpleaños, partido y deportes",https://www.amazon.com.mx/dp/B0CPF282LK,https://www.amazon.com/dp/B0CPF282LK,Marca: DTOFOOT,Givefavors Store
,B0C39SG9QH,8,Juguetes y Juegos,disponible,no disponible,,,2025-10-20T00:06:22.387Z,2025-10-27T16:17:50.151Z,2025-10-28T23:47:53.267Z,590.54,,$566.58,"Globos de construcción para camiones de fiesta para niños, 2º cumpleaños, decoraciones temáticas de tractor y recuerdo de fiesta",https://www.amazon.com.mx/dp/B0C39SG9QH,https://www.amazon.com/dp/B0C39SG9QH,SRKSB LLC,
,B0D3VHGMPH,8,Juguetes y Juegos,disponible,no disponible,,,2025-10-20T00:06:22.387Z,2025-10-27T16:17:58.066Z,2025-10-28T23:48:00.847Z,515.14,,$517.11,"Juego de estampado de vaca, 12 pulgadas, 60 globos de vaca azul café, globos marrones y azules para decoración de fiesta temática occidental de Bithday Farm",https://www.amazon.com.mx/dp/B0D3VHGMPH,https://www.amazon.com/dp/B0D3VHGMPH,SRKSB LLC,
,B0DNFP31R3,8,Juguetes y Juegos,disponible,disponible,,,2025-10-20T00:06:22.387Z,2025-10-27T16:18:06.060Z,2025-10-28T23:48:07.854Z,846.63,20.99,"$1,012.29","MiniInflat - 24 piezas de regalos de equipo de animadoras a granel de goma de pato que has sido animadora, animadora, equipo inspirador, regalo de fiesta de porristas (rosa)",https://www.amazon.com.mx/dp/B0DNFP31R3,https://www.amazon.com/dp/B0DNFP31R3,SRKSB LLC,SinsinRuom
,B0D1DWN3C5,8,Juguetes y Juegos,disponible,no disponible,,,2025-10-20T00:06:22.387Z,2025-10-27T16:18:13.040Z,2025-10-28T23:48:15.648Z,663.72,,$666.50,"Kit de 170 globos tropicales de arco de globos de color rosa intenso, azul, verde macarón para playa tropical hawaiana, piscina, temática de Luau, telón de fondo para fiesta de cumpleaños, baby",https://www.amazon.com.mx/dp/B0D1DWN3C5,https://www.amazon.com/dp/B0D1DWN3C5,SRKSB LLC,
,B0CJ6T4P17,8,Juguetes y Juegos,disponible,disponible,,,2025-10-20T00:06:22.388Z,2025-10-27T16:18:19.164Z,2025-10-28T23:48:22.736Z,599.08,9.99,$546.61,"LKQBBSZ - Sombrero de bruja de Halloween, color negro, grande, fruncido, para mujeres, hombres, sombrero de mago, gorra puntiaguda, accesorios para disfraz de cosplay",https://www.amazon.com.mx/dp/B0CJ6T4P17,https://www.amazon.com/dp/B0CJ6T4P17,Uğurlu STORE,pinan store
,B0CGCVV23H,8,Juguetes y Juegos,disponible,no disponible,,,2025-10-20T00:06:22.388Z,2025-10-27T16:18:33.600Z,2025-10-28T23:48:35.937Z,848.28,,$652.71,"Decoraciones de cumpleaños número 16 para niños y niñas, decoración de cumpleaños 16 de color azul y plateado, pancarta de puerta de 32 pulgadas, número 16, globos de aluminio, 33 unidades, bandera triangular, suministros de letrero para fiesta de cumpleaños de 16 años",https://www.amazon.com.mx/dp/B0CGCVV23H,https://www.amazon.com/dp/B0CGCVV23H,SRKSB LLC,
,B0C4H8H3KS,8,Juguetes y Juegos,disponible,no disponible,,,2025-10-20T00:06:22.388Z,2025-10-27T16:18:40.356Z,2025-10-28T23:48:43.401Z,680.9,,$664.30,"Geetery - 12 piezas de animales del bosque, formas de recorte de animales de madera, bosque, pintadas en bosques, decoraciones de baby shower, criaturas salvajes, centros de mesa de madera para",https://www.amazon.com.mx/dp/B0C4H8H3KS,https://www.amazon.com/dp/B0C4H8H3KS,SRKSB LLC,
,B0C39T9CWP,8,Juguetes y Juegos,disponible,disponible,,,2025-10-20T00:06:22.388Z,2025-10-27T16:18:48.951Z,2025-10-28T23:48:51.372Z,556.6,9.99,$555.22,"Juego de globos de fútbol, decoración de fiesta de cumpleaños, decoración de fiesta de cumpleaños, decoración de fiesta de cumpleaños, suministros temáticos de fútbol, decoración de fiesta de cumpleaños",https://www.amazon.com.mx/dp/B0C39T9CWP,https://www.amazon.com/dp/B0C39T9CWP,Amazon Estados Unidos,FANCY PARTY-US
,B0BYN3DQT5,8,Juguetes y Juegos,disponible,no disponible,,,2025-10-20T00:06:22.388Z,2025-10-27T16:18:56.884Z,2025-10-28T23:48:58.823Z,437.61,,$422.25,"Globos de número 7 arcoíris, globos grandes de 40 pulgadas, globos de números de aluminio gigantes, 7 globos de Mylar para 2 años de edad, decoraciones de fiesta de cumpleaños, suministros de celebración de aniversario",https://www.amazon.com.mx/dp/B0BYN3DQT5,https://www.amazon.com/dp/B0BYN3DQT5,SRKSB LLC,
,B0CHBLPSBC,8,Juguetes y Juegos,disponible,disponible,,,2025-10-20T00:06:22.388Z,2025-10-27T16:19:03.885Z,2025-10-28T23:49:05.738Z,417.2,18.49,$742.21,"CIRDOTSH - Regalos de fiesta de dinosaurio para 12 niños, suministros para fiesta de cumpleaños de dinosaurio, bolsas de regalo de dinosaurio para niños y niñas, cumpleaños, bolsas de regalo de",https://www.amazon.com.mx/dp/B0CHBLPSBC,https://www.amazon.com/dp/B0CHBLPSBC,CIRDOTSH,CIRDOTSH
,B0C4X26979,8,Juguetes y Juegos,disponible,no disponible,,,2025-10-20T00:06:22.388Z,2025-10-27T16:19:12.949Z,2025-10-28T23:49:14.361Z,690.39,,$852.61,"Kit de 121 globos de arco de oso para revelar el género, color azul, rosa y oso para que podamos bearly Waits Bear temático cumpleaños y él o ella Gerder revelen decoraciones de fiesta",https://www.amazon.com.mx/dp/B0C4X26979,https://www.amazon.com/dp/B0C4X26979,SRKSB LLC,
,B0BTHCLFRG,8,Juguetes y Juegos,disponible,no disponible,,,2025-10-20T00:06:22.388Z,2025-10-27T16:19:20.374Z,2025-10-28T23:49:22.259Z,433.08,,$387.36,"Globo número 8 de 40 pulgadas, globos de papel de aluminio rosa, 8 globos grandes, suministros de fiesta de 8, 18, 80 globos de cumpleaños para mujer y niña, aniversario de boda",https://www.amazon.com.mx/dp/B0BTHCLFRG,https://www.amazon.com/dp/B0BTHCLFRG,SRKSB LLC,
,B0BHNHP91M,8,Juguetes y Juegos,disponible,no disponible,,,2025-10-20T00:06:22.388Z,2025-10-27T16:19:28.111Z,2025-10-28T23:49:29.887Z,515.14,,$444.62,"Globo de decoración de fiesta de vaca roja rosa para fiesta de vaquera occidental, globos de vacas blancas de 12 pulgadas, color rojo rosa, plateado metálico, globos de látex para despedida de",https://www.amazon.com.mx/dp/B0BHNHP91M,https://www.amazon.com/dp/B0BHNHP91M,SRKSB LLC,
,B0CGXQD26N,8,Juguetes y Juegos,disponible,no disponible,,,2025-10-20T00:06:22.389Z,2025-10-27T16:19:35.078Z,2025-10-28T23:49:38.518Z,632.61,,$635.70,"Globos rosa rubor, 60 paquetes de globos retro rosa de 12 pulgadas de doble relleno beige nude, rosa polvoriento y oro rosa bohemio para niñas y mujeres, cumpleaños, novia, baby shower, bodas, decoración de fiesta",https://www.amazon.com.mx/dp/B0CGXQD26N,https://www.amazon.com/dp/B0CGXQD26N,SRKSB LLC,
,B0C7CMYL6H,8,Juguetes y Juegos,disponible,no disponible,,,2025-10-20T00:06:33.591Z,2025-10-27T16:19:41.837Z,2025-10-28T23:49:47.071Z,566.24,,$570.54,"Paquete de 10 globos de aluminio de fresa Gaint de 23 pulgadas, lindos globos de helio mylar de fresa para niñas lindas fiestas de verano, suministros de decoración de fiesta de cumpleaños",https://www.amazon.com.mx/dp/B0C7CMYL6H,https://www.amazon.com/dp/B0C7CMYL6H,Uğurlu STORE,
,B0C49BMZP9,8,Juguetes y Juegos,disponible,no disponible,,,2025-10-20T00:06:33.591Z,2025-10-27T16:19:50.589Z,2025-10-28T23:49:54.062Z,435.23,,$437.83,"Ayearparty 28 globos de sirena para fiestas y niñas y niños con temática bajo el mar, baby shower, cumpleaños, decoraciones coloridas que incluyen globos de látex de cola de sirena",https://www.amazon.com.mx/dp/B0C49BMZP9,https://www.amazon.com/dp/B0C49BMZP9,SRKSB LLC,
,B0BQ23C5F2,8,Juguetes y Juegos,disponible,disponible,,,2025-10-20T00:06:33.591Z,2025-10-27T16:19:59.476Z,2025-10-28T23:50:01.093Z,418.01,4.58,$387.49,"MPRVAKYF Decoración de pastel de feliz cumpleaños, decoración de pastel de acrílico, suministros de decoración de fiesta de cumpleaños (negro)",https://www.amazon.com.mx/dp/B0BQ23C5F2,https://www.amazon.com/dp/B0BQ23C5F2,SRKSB LLC,Yunhao Camera
,B0DBVFQN16,8,Juguetes y Juegos,disponible,no disponible,,,2025-10-20T00:06:33.591Z,2025-10-27T16:20:06.217Z,2025-10-28T23:50:09.305Z,603.38,,$605.91,"11 piezas de decoración temática de videojuegos, suministros para fiesta de cumpleaños número décimo para niños, driver de videojuegos, globo de lámina de Mylar, suministros de decoración de fiesta de",https://www.amazon.com.mx/dp/B0DBVFQN16,https://www.amazon.com/dp/B0DBVFQN16,SRKSB LLC,
,B0C1BW374S,8,Juguetes y Juegos,disponible,no disponible,,,2025-10-20T00:06:33.591Z,2025-10-27T16:20:14.420Z,2025-10-28T23:50:17.654Z,984.72,,$997.62,"Berry Sweet One - Decoración de fiesta de cumpleaños, decoración de fiesta de primer cumpleaños de bayas Fiesec, decoración de fiesta de primer cumpleaños, guirnalda de globos mensual, foto de silla",https://www.amazon.com.mx/dp/B0C1BW374S,https://www.amazon.com/dp/B0C1BW374S,SEONGSAN,
,B0BZHDKLSX,8,Juguetes y Juegos,disponible,disponible,,,2025-10-20T00:06:33.591Z,2025-10-27T16:20:23.413Z,2025-10-28T23:50:25.368Z,541.17,7.99,$541.17,"Kit de arco de globos, kit de guirnalda de globos, decoración de globos, tira de cinta de globos de 33 pies y 200 puntos de pegamento para globos para decoración de globos",https://www.amazon.com.mx/dp/B0BZHDKLSX,https://www.amazon.com/dp/B0BZHDKLSX,SRKSB LLC,RuoChuangMaoYiUS
,B0CGMG5S7G,8,Juguetes y Juegos,disponible,no disponible,,,2025-10-20T00:06:33.591Z,2025-10-27T16:20:30.655Z,2025-10-28T23:50:33.547Z,603.38,,$666.50,Decoraciones de 4º cumpleaños para niñas de color degradado de 4 cumpleaños con pancarta de feliz cumpleaños para baby showers suministros de fiesta de cuarto cumpleaños para niñas y niños (cuarto cumpleaños),https://www.amazon.com.mx/dp/B0CGMG5S7G,https://www.amazon.com/dp/B0CGMG5S7G,SRKSB LLC,
,B0C1B7Y936,8,Juguetes y Juegos,disponible,no disponible,,,2025-10-20T00:06:33.592Z,2025-10-27T16:20:39.209Z,2025-10-28T23:50:40.517Z,456.11,,$451.61,"Globos de fiesta de cumpleaños para coche de carreras, 40 pulgadas, tamaño grande, de Mylar de 40 pulgadas, color negro, para decoración de fiesta de 3er cumpleaños, suministros de decoración de fiesta temática de coche de carreras, juego de 9 piezas",https://www.amazon.com.mx/dp/B0C1B7Y936,https://www.amazon.com/dp/B0C1B7Y936,SRKSB LLC,
,B0DG8MQBFQ,8,Juguetes y Juegos,disponible,no disponible,,,2025-10-20T00:06:33.592Z,2025-10-27T16:20:47.752Z,2025-10-28T23:50:49.087Z,424.08,,$487.32,"SINBEE-Globos con números de color verde oscuro de 40 pulgadas, globos con números de helio y lámina de mylar para cumpleaños, globo número 3 para decoraciones de fiestas, celebraciones, graduaciones,",https://www.amazon.com.mx/dp/B0DG8MQBFQ,https://www.amazon.com/dp/B0DG8MQBFQ,SRKSB LLC,
,B0DR1YX3C2,8,Juguetes y Juegos,disponible,no disponible,,,2025-10-20T00:06:33.592Z,2025-10-27T16:20:56.406Z,2025-10-28T23:50:56.414Z,560.16,,$562.32,"Decoración para tartas de cumpleaños número 20, relleno de velas de cumpleaños 20, decoración de pasteles de feliz cumpleaños, adecuado para banquetes, fiestas, día festivo, decoración de pasteles y",https://www.amazon.com.mx/dp/B0DR1YX3C2,https://www.amazon.com/dp/B0DR1YX3C2,SRKSB LLC,
,B0C417RSN7,8,Juguetes y Juegos,disponible,no disponible,,,2025-10-20T00:06:33.592Z,2025-10-27T16:21:04.066Z,2025-10-28T23:51:04.991Z,778.85,,$858.31,"Decoraciones de Cumpleaños Rosas para Mujeres y Niñas - Cortina de Flecos, Pancarta, Globos y Letras de Globo",https://www.amazon.com.mx/dp/B0C417RSN7,https://www.amazon.com/dp/B0C417RSN7,MYSILKROAD LLC,
,B0BY1JBDFW,8,Juguetes y Juegos,disponible,no disponible,,,2025-10-20T00:06:33.592Z,2025-10-27T16:21:18.686Z,2025-10-28T23:51:18.389Z,499.55,,$499.55,"Paquete de 4 globos de panda gigantes, globos de panda de safari en la selva para decoración de fiesta de cumpleaños con temática de animales salvajes",https://www.amazon.com.mx/dp/B0BY1JBDFW,https://www.amazon.com/dp/B0BY1JBDFW,Sky Direct LLC,
,B0BB99CQFL,8,Juguetes y Juegos,disponible,no disponible,,,2025-10-20T00:06:33.592Z,2025-10-27T16:21:26.768Z,2025-10-28T23:51:25.700Z,381.03,,$358.17,"Globo de corona verde número 1 de 40 pulgadas, globo gigante grande número 1, decoración de cumpleaños de la selva, 1 globo, 1 globo, 1 fiesta de cumpleaños infantil, suministros de decoración de baby shower (verde 1)",https://www.amazon.com.mx/dp/B0BB99CQFL,https://www.amazon.com/dp/B0BB99CQFL,Boon Shopping,
,B0BV6GSBJ9,8,Juguetes y Juegos,disponible,no disponible,,,2025-10-20T00:06:33.592Z,2025-10-27T16:21:34.970Z,2025-10-28T23:51:32.906Z,1039.27,,"$1,027.18",32 PCS LED 32 PCS LED 32 PCS LED 32 PCS LED 32 PCS LED 32 PCS LED,https://www.amazon.com.mx/dp/B0BV6GSBJ9,https://www.amazon.com/dp/B0BV6GSBJ9,GREENJIN,
,B0BXYG3B32,8,Juguetes y Juegos,disponible,no disponible,,,2025-10-20T00:06:33.592Z,2025-10-27T16:21:43.977Z,2025-10-28T23:51:41.022Z,682.92,,$589.64,"Kit de guirnalda de arco de globos de coche de carreras con 145 piezas de decoración de fiesta de coche de carreras para monstruo, camión, fiesta, coche, temático, suministros de fiesta de cumpleaños",https://www.amazon.com.mx/dp/B0BXYG3B32,https://www.amazon.com/dp/B0BXYG3B32,SRKSB LLC,
,B0BDZR457R,8,Juguetes y Juegos,disponible,no disponible,,,2025-10-20T00:06:33.592Z,2025-10-27T16:21:52.094Z,2025-10-28T23:51:47.552Z,544.65,,$546.61,"Kit de arco de guirnalda de globos, 120 globos de 18 pulgadas, 12 pulgadas, 10 pulgadas, 5 pulgadas, globos de confeti dorados para boda, cumpleaños, baby shower, compromisos, aniversario, decoración de fiesta (verde salvia)",https://www.amazon.com.mx/dp/B0BDZR457R,https://www.amazon.com/dp/B0BDZR457R,SRKSB LLC,
,B09TPJ7ZJH,8,Juguetes y Juegos,disponible,no disponible,,,2025-10-20T00:06:45.169Z,2025-10-27T16:21:58.920Z,2025-10-28T23:51:55.551Z,532.96,,$411.17,"Globos gigantes de 13 números, color azul marino de 40 pulgadas, gigantes, gigantes, gigantes, gigantes, gigantes, 13 o 31 aluminio, números de helio, globos digitales de Mylar, color azul oscuro, para cumpleaños, cumpleaños, 13, 31, cumpleaños, aniversarios, eventos, decoración de fiestas, suministros",https://www.amazon.com.mx/dp/B09TPJ7ZJH,https://www.amazon.com/dp/B09TPJ7ZJH,SRKSB LLC,
,B0B8S2NVML,8,Juguetes y Juegos,disponible,no disponible,,,2025-10-20T00:06:45.169Z,2025-10-27T16:22:06.931Z,2025-10-28T23:52:04.023Z,573.87,,$487.50,"Globos blancos de látex para fiesta, paquete de 20 globos grandes de 18 pulgadas, globos de helio redondos grandes para baby shower, boda, fiesta de cumpleaños, decoración",https://www.amazon.com.mx/dp/B0B8S2NVML,https://www.amazon.com/dp/B0B8S2NVML,SRKSB LLC,
,B09CD8YVJY,8,Juguetes y Juegos,disponible,no disponible,,,2025-10-20T00:06:45.170Z,2025-10-27T16:22:15.846Z,2025-10-28T23:52:11.303Z,669.78,,$658.92,"Juego de 49 decoraciones de cumpleaños de color negro y dorado, globos, cortina de lluvia dorada y pancarta de feliz cumpleaños de 16 pulgadas para fiesta de cumpleaños",https://www.amazon.com.mx/dp/B09CD8YVJY,https://www.amazon.com/dp/B09CD8YVJY,SRKSB LLC,
,B09C3G7F5K,8,Juguetes y Juegos,disponible,disponible,,,2025-10-20T00:06:45.170Z,2025-10-27T16:22:23.255Z,2025-10-28T23:52:19.746Z,443.2,10.34,$536.71,"16 bolsas de fiesta de tiburón con asas de papel giratorias, bolsas de regalo para niños con temática de tiburón azul, bolsas de regalo para verano, océano, mar, baby shower, suministros de fiesta de cumpleaños, 6.3 x 3.1 x 8.7 pulgadas",https://www.amazon.com.mx/dp/B09C3G7F5K,https://www.amazon.com/dp/B09C3G7F5K,Amazon Estados Unidos,Kingerhao
,B097P2FRKB,8,Juguetes y Juegos,disponible,no disponible,,,2025-10-20T00:06:45.170Z,2025-10-27T16:22:31.181Z,2025-10-28T23:52:27.838Z,603.38,,$520.64,Latex Balloons White Lavender Purple- Gradient Purple color Balloons for Baby Shower Birthday Girl Wedding Anniversary Party Decorations (Voilet + Light Purple),https://www.amazon.com.mx/dp/B097P2FRKB,https://www.amazon.com/dp/B097P2FRKB,SRKSB LLC,
,B08YXB7KGW,8,Juguetes y Juegos,disponible,no disponible,,,2025-10-20T00:06:45.170Z,2025-10-27T16:22:38.371Z,2025-10-28T23:52:34.900Z,609.45,,$665.21,"Decoraciones de cumpleaños para perros, suministros de fiesta que sirven 16 unidades, incluye pancartas de cara de cachorro, servilletas, globos y cubierta de mesa, paquetes de fiesta para perritos",https://www.amazon.com.mx/dp/B08YXB7KGW,https://www.amazon.com/dp/B08YXB7KGW,SRKSB LLC,
,B07RGG3DKC,8,Juguetes y Juegos,disponible,no disponible,,,2025-10-20T00:06:45.170Z,2025-10-27T16:22:45.228Z,2025-10-28T23:52:43.497Z,507.27,,$430.08,"Party Foil - Confeti, Confetti--1cm-redfoil-50g",https://www.amazon.com.mx/dp/B07RGG3DKC,https://www.amazon.com/dp/B07RGG3DKC,SRKSB LLC,
,B09MLRMSPH,8,Juguetes y Juegos,disponible,no disponible,,,2025-10-20T00:06:45.170Z,2025-10-27T16:22:51.878Z,2025-10-28T23:52:51.038Z,483.33,,$517.11,"Kit de guirnalda de globos azul marino, 95 globos azul marino mate azul oscuro con 18 pulgadas + 12 pulgadas + 10 pulgadas + 5 pulgadas para cumpleaños, baby shower, boda, despedida de soltera",https://www.amazon.com.mx/dp/B09MLRMSPH,https://www.amazon.com/dp/B09MLRMSPH,SRKSB LLC,
,B097748WDR,8,Juguetes y Juegos,disponible,disponible,,,2025-10-20T00:06:45.170Z,2025-10-27T16:22:59.353Z,2025-10-28T23:52:58.443Z,456.4,4.99,$457.81,"Decoración para tarta de cumpleaños con texto en inglés ""Happy Birthday"" para niños y niños, camper/cazador/leñador/bosque/bosque/animal/fogata/decoración de tartas de cumpleaños",https://www.amazon.com.mx/dp/B097748WDR,https://www.amazon.com/dp/B097748WDR,SRKSB LLC,smartnice-us
,B09DYHQ95G,8,Juguetes y Juegos,disponible,disponible,,,2025-10-20T00:06:45.170Z,2025-10-27T16:23:07.484Z,2025-10-28T23:53:05.283Z,495.91,13.99,$622.53,"30 piezas de decoraciones de remolino de Halloween Party Swirl Ribbons Happy Birthday Party Suministros, decoraciones colgantes, diseños multicolores.",https://www.amazon.com.mx/dp/B09DYHQ95G,https://www.amazon.com/dp/B09DYHQ95G,Amazon Estados Unidos,dongguangshizongdakejisujiaoyouxiangongsi
,B09C5JG83P,8,Juguetes y Juegos,disponible,no disponible,,,2025-10-20T00:06:45.171Z,2025-10-27T16:23:15.265Z,2025-10-28T23:53:12.082Z,501.11,,$501.11,"Pequeños corazones de madera para manualidades, centro de mesa de madera de corazón rústico, decoración de mesa de boda para bricolaje, parches de otoño, Acción de Gracias, boda (700 piezas)",https://www.amazon.com.mx/dp/B09C5JG83P,https://www.amazon.com/dp/B09C5JG83P,SRKSB LLC,
,B0D9W31MKG,8,Juguetes y Juegos,disponible,disponible,,,2025-10-20T00:06:45.171Z,2025-10-27T16:23:23.615Z,2025-10-28T23:53:20.580Z,866.15,19.99,$834.89,"168 piezas de recuerdos de fiesta de Navidad para niños, paquete de 24 unidades de regalo de Navidad para rellenar, juguete de Navidad a granel para intercambio de regalos en el aula, rellenos de",https://www.amazon.com.mx/dp/B0D9W31MKG,https://www.amazon.com/dp/B0D9W31MKG,SRKSB LLC,Berbika
,B082197F1K,8,Juguetes y Juegos,disponible,disponible,,,2025-10-20T00:06:45.171Z,2025-10-27T16:23:29.942Z,2025-10-28T23:53:27.273Z,794.47,18.99,$654.59,"Sunbeauty - Juego de 20 piezas de centro de mesa de fieltro para decoración de fiesta bajo el mar, baby shower para niña, sirena y cumpleaños",https://www.amazon.com.mx/dp/B082197F1K,https://www.amazon.com/dp/B082197F1K,SRKSB LLC,SUNBEAUTY
,B07TCW8GRJ,8,Juguetes y Juegos,disponible,no disponible,,,2025-10-20T00:06:45.171Z,2025-10-27T16:23:36.507Z,2025-10-28T23:53:35.592Z,1103.61,,"$1,073.66","Kidohub Suministros para fiestas de cumpleaños de videojuegos, decoraciones de videojuegos, suministros para fiestas de jugador, vajilla de fiesta, mantel, pancarta de cumpleaños, globos, regalos, cajas de regalo, 185 piezas para 16 invitados",https://www.amazon.com.mx/dp/B07TCW8GRJ,https://www.amazon.com/dp/B07TCW8GRJ,SRKSB LLC,
,B07S2H59QY,8,Juguetes y Juegos,disponible,disponible,,,2025-10-20T00:06:45.171Z,2025-10-27T16:23:43.706Z,2025-10-28T23:53:42.479Z,630.94,12.99,$607.89,"D-Fokes - Gorro de pirata con estampado de calavera de pirata, accesorios de pirata, sombrero de fiesta divertido",https://www.amazon.com.mx/dp/B07S2H59QY,https://www.amazon.com/dp/B07S2H59QY,SRKSB LLC,D-Fokes
,B07R1Q2FX5,8,Juguetes y Juegos,disponible,disponible,,,2025-10-20T00:06:45.171Z,2025-10-27T16:23:57.926Z,2025-10-28T23:53:57.598Z,865.37,20.89,$829.94,"GEWONELIFE - Falda de mesa de tul arcoíris de 6 pies, falda de computadora para baby shower, decoración de fiesta de cumpleaños, falda de mesa de unicornio para rectangular y redonda (L72 pulgadas",https://www.amazon.com.mx/dp/B07R1Q2FX5,https://www.amazon.com/dp/B07R1Q2FX5,SRKSB LLC,Haefoo
,B07PB1XHSC,8,Juguetes y Juegos,disponible,no disponible,,,2025-10-20T00:06:58.511Z,2025-10-27T16:24:05.638Z,2025-10-28T23:54:05.138Z,647.19,,$649.32,"Globos de látex de 6 colores para fiestas de juegos, 12 pulgadas, para baile y cumpleaños, grandes globos sólidos para decoración de fiestas de cumpleaños y fiestas, con 1 globo tipo amante",https://www.amazon.com.mx/dp/B07PB1XHSC,https://www.amazon.com/dp/B07PB1XHSC,Aldashop,
,B077WTYLZF,8,Juguetes y Juegos,disponible,no disponible,,,2025-10-20T00:06:58.511Z,2025-10-27T16:24:12.527Z,2025-10-28T23:54:12.034Z,567.41,,$569.94,"Guirnaldas de papel con purpurina dorada de 7,3 m para colgar, decoración de luna de miel, boda, compromiso, fiesta de cumpleaños, Navidad, fiestas, centros de mesa",https://www.amazon.com.mx/dp/B077WTYLZF,https://www.amazon.com/dp/B077WTYLZF,SRKSB LLC,
,B0DHRYM9MQ,8,Juguetes y Juegos,disponible,no disponible,,,2025-10-20T00:06:58.511Z,2025-10-27T16:24:20.957Z,2025-10-28T23:54:19.318Z,712.43,,$715.80,"Kit de arco de guirnaldas de globos negros y dorados, 142 globos de confeti de oro metálico negro para decoraciones de fiesta de Año Nuevo 2025",https://www.amazon.com.mx/dp/B0DHRYM9MQ,https://www.amazon.com/dp/B0DHRYM9MQ,SRKSB LLC,
,B0D9YP93PL,8,Juguetes y Juegos,disponible,disponible,,,2025-10-20T00:06:58.511Z,2025-10-27T16:24:28.253Z,2025-10-28T23:54:27.059Z,739.37,16.99,$749.22,"Paquete de 2 cortinas de flecos de lámina de oropel negro y naranja, telón de fondo de fotos para fiestas de Halloween, para cumpleaños, aniversario, fiesta de Halloween",https://www.amazon.com.mx/dp/B0D9YP93PL,https://www.amazon.com/dp/B0D9YP93PL,SRKSB LLC,AAYM-US
,B0D7H2JYZ3,8,Juguetes y Juegos,disponible,disponible,,,2025-10-20T00:06:58.511Z,2025-10-27T16:24:35.135Z,2025-10-28T23:54:34.318Z,1017.42,25.99,$931.59,"105 piezas de decoraciones de fiesta de cumpleaños de Halloween, decoraciones de cumpleaños de Halloween, con pancarta de cumpleaños de Halloween, globos de Halloween, calcomanías de pared para",https://www.amazon.com.mx/dp/B0D7H2JYZ3,https://www.amazon.com/dp/B0D7H2JYZ3,SRKSB LLC,Funny-Party
,B0D1K1VTQM,8,Juguetes y Juegos,disponible,no disponible,,,2025-10-20T00:06:58.511Z,2025-10-27T16:24:44.005Z,2025-10-28T23:54:42.903Z,485.91,,$418.78,"Globos de látex de 5º cumpleaños, 24 unidades, color verde salvia, oro verde, dorado para quinto cumpleaños, decoración de fiesta de 5º cumpleaños para niñas y niños, suministros de decoración de",https://www.amazon.com.mx/dp/B0D1K1VTQM,https://www.amazon.com/dp/B0D1K1VTQM,SRKSB LLC,
,B0D14JKV8S,8,Juguetes y Juegos,disponible,no disponible,,,2025-10-20T00:06:58.512Z,2025-10-27T16:24:50.877Z,2025-10-28T23:54:50.550Z,1084.8,,$921.35,"Dinifee - Juego de 125 piezas para decorar un bloque, incluye letrero de ayuda a construir recuerdos, 100 bloques de madera en blanco, 24 marcadores de pintura para boda, baby shower (naranja)",https://www.amazon.com.mx/dp/B0D14JKV8S,https://www.amazon.com/dp/B0D14JKV8S,SRKSB LLC,
,B0DCF7NPP4,8,Juguetes y Juegos,disponible,no disponible,,,2025-10-20T00:06:58.512Z,2025-10-27T16:24:57.916Z,2025-10-28T23:54:58.974Z,691.63,,$695.00,"MOMOSHERO - Kit de 142 globos de Acción de Gracias para otoño, color naranja quemado, globos de oro marfil, guirnalda para regalar amigos, calabaza, arce, cumpleaños, baby shower, decoración de fiesta",https://www.amazon.com.mx/dp/B0DCF7NPP4,https://www.amazon.com/dp/B0DCF7NPP4,SRKSB LLC,
,B0D6GY2Y4L,8,Juguetes y Juegos,disponible,no disponible,,,2025-10-20T00:06:58.512Z,2025-10-27T16:25:04.911Z,2025-10-28T23:55:06.024Z,680.48,,$763.80,Kit de arco de globo rojo y negro,https://www.amazon.com.mx/dp/B0D6GY2Y4L,https://www.amazon.com/dp/B0D6GY2Y4L,Novayu,
,B0725MMNKJ,8,Juguetes y Juegos,disponible,no disponible,,,2025-10-20T00:06:58.512Z,2025-10-27T16:25:12.218Z,2025-10-28T23:55:12.873Z,416.46,,$401.48,"Palasasa - Decoración para tarta de cumpleaños con texto en inglés ""Happy Birthday"" y estrella de amor, juego de 7",https://www.amazon.com.mx/dp/B0725MMNKJ,https://www.amazon.com/dp/B0725MMNKJ,SRKSB LLC,
,B0D46FH4PD,8,Juguetes y Juegos,disponible,no disponible,,,2025-10-20T00:06:58.512Z,2025-10-27T16:25:19.176Z,2025-10-28T23:55:20.630Z,499.49,,$470.52,"VSHILI - Velas de 50 cumpleaños, velas de 50 cumpleaños, velas de cumpleaños número 50, decoración de tartas para fiestas, hombres y mujeres",https://www.amazon.com.mx/dp/B0D46FH4PD,https://www.amazon.com/dp/B0D46FH4PD,SRKSB LLC,
,B0D2XYHGRQ,8,Juguetes y Juegos,disponible,disponible,,,2025-10-20T00:06:58.512Z,2025-10-27T16:25:26.765Z,2025-10-28T23:55:28.693Z,714.8,15.99,$691.82,Globo azul morado y rosa para cumpleaños,https://www.amazon.com.mx/dp/B0D2XYHGRQ,https://www.amazon.com/dp/B0D2XYHGRQ,SRKSB LLC,YXhuang
,B0D1KD16NS,8,Juguetes y Juegos,disponible,no disponible,,,2025-10-20T00:06:58.512Z,2025-10-27T16:25:34.037Z,2025-10-28T23:55:37.643Z,937.68,,$957.41,"Suministros para fiestas de cumpleaños de dinosaurio, decoraciones de estilo dinosaurio incluyen telón de fondo, mantel, pancartas, decoración de pasteles, adornos para cupcakes, globos de látex y",https://www.amazon.com.mx/dp/B0D1KD16NS,https://www.amazon.com/dp/B0D1KD16NS,SRKSB LLC,
,B0D41DM7C4,8,Juguetes y Juegos,disponible,disponible,,,2025-10-20T00:06:58.512Z,2025-10-27T16:25:41.355Z,2025-10-28T23:55:45.185Z,544.65,7.99,$470.36,"25 decoraciones para tartas con temática de gato con 24 decoraciones para tartas para cupcakes, 1 decoración para tartas grande para juegos de gatos, suministros para fiestas de cumpleaños",https://www.amazon.com.mx/dp/B0D41DM7C4,https://www.amazon.com/dp/B0D41DM7C4,SRKSB LLC,Hua Shengze-shop
,B09ZQHVBHV,8,Juguetes y Juegos,disponible,disponible,,,2025-10-20T00:06:58.512Z,2025-10-27T16:25:49.072Z,2025-10-28T23:55:52.462Z,664.36,19.79,$781.18,"Reifier - Paquete de 6 globos de riego para plantas, bombillas de riego automático para plantas de interior y exterior, globos de agua soplados a mano y coloridos, globos de agua para plantas, mide 6 pulgadas de largo x 2.5 pulgadas de profundidad",https://www.amazon.com.mx/dp/B09ZQHVBHV,https://www.amazon.com/dp/B09ZQHVBHV,BDQYQ,REIFIER™
,B0CKVP4TTP,8,Juguetes y Juegos,disponible,no disponible,,,2025-10-20T00:06:58.512Z,2025-10-27T16:25:57.998Z,2025-10-28T23:56:00.097Z,515.14,,$517.10,"Globos rosados de látex para fiesta, paquete de 50 globos de helio rosa mate de 12 pulgadas, para cumpleaños, boda, baby shower, decoración de fiesta de revelación de género",https://www.amazon.com.mx/dp/B0CKVP4TTP,https://www.amazon.com/dp/B0CKVP4TTP,SRKSB LLC,
,B0C2H4CDJL,8,Juguetes y Juegos,disponible,no disponible,,,2025-10-20T00:07:11.753Z,2025-10-27T16:26:05.077Z,2025-10-28T23:56:07.454Z,438.54,,$423.21,"Globo de feliz cumpleaños de 16 pulgadas, globos de feliz cumpleaños rosa fuerte, pancarta de letras de papel de aluminio para decoración de fiesta de cumpleaños suministros",https://www.amazon.com.mx/dp/B0C2H4CDJL,https://www.amazon.com/dp/B0C2H4CDJL,SRKSB LLC,
,B09TVLCZH2,8,Juguetes y Juegos,disponible,no disponible,,,2025-10-20T00:07:11.753Z,2025-10-27T16:26:13.182Z,2025-10-28T23:56:15.739Z,486.26,,$448.39,"JOGILBOY 10 decoraciones para tartas de feliz cumpleaños, fuegos artificiales, decoración de tartas, cócteles, frutas, palillos de dientes para decoración de pasteles, suministros de fiesta",https://www.amazon.com.mx/dp/B09TVLCZH2,https://www.amazon.com/dp/B09TVLCZH2,Uğurlu STORE,
,B09HC95SVF,8,Juguetes y Juegos,disponible,no disponible,,,2025-10-20T00:07:11.753Z,2025-10-27T16:26:20.061Z,2025-10-28T23:56:22.384Z,544.65,,$470.36,"DUILE Globos de unicornio para decoración de fiesta de cumpleaños para niñas, juego de globos de aluminio, macarrones y arco iris, suministros de fiesta de baby shower (7)",https://www.amazon.com.mx/dp/B09HC95SVF,https://www.amazon.com/dp/B09HC95SVF,SRKSB LLC,
,B0B3XJQY7J,8,Juguetes y Juegos,disponible,disponible,,,2025-10-20T00:07:11.754Z,2025-10-27T16:26:33.410Z,2025-10-28T23:56:35.441Z,959.5,23.99,$924.58,"Falda de mesa rectangular de 9 pies, color azul real, falda de mesa plisada de poliéster, falda de computadora para profesores, recámara, falda de mesa con volantes, boda, fiesta de cumpleaños, bebé,",https://www.amazon.com.mx/dp/B0B3XJQY7J,https://www.amazon.com/dp/B0B3XJQY7J,SRKSB LLC,Ennjooyy
,B09MCNN744,8,Juguetes y Juegos,disponible,disponible,,,2025-10-20T00:07:11.754Z,2025-10-27T16:26:40.394Z,2025-10-28T23:56:43.388Z,664.31,10.99,$745.31,"Phyxin Sombrero de Papá Noel negro con lentejuelas para adultos, fiesta de Navidad, decoración del hogar",https://www.amazon.com.mx/dp/B09MCNN744,https://www.amazon.com/dp/B09MCNN744,SRKSB LLC,Phyxin
,B08JLVXWQ2,8,Juguetes y Juegos,disponible,disponible,,,2025-10-20T00:07:11.754Z,2025-10-27T16:26:47.798Z,2025-10-28T23:56:51.923Z,494.62,6.29,$400.83,"SUNBEAUTY Pancarta de cumpleaños temática de fresas con diseño de fresas y texto en inglés 'One Berry Sweet Girl', 15 piezas, rojo y verde, 13 x 19 cm",https://www.amazon.com.mx/dp/B08JLVXWQ2,https://www.amazon.com/dp/B08JLVXWQ2,SRKSB LLC,SUNBEAUTY
,B09PVG39RZ,8,Juguetes y Juegos,disponible,disponible,,,2025-10-20T00:07:11.754Z,2025-10-27T16:26:56.066Z,2025-10-28T23:56:59.217Z,513.15,8.54,$511.77,"Nivel 9 - Decoración para tartas de videojuego desbloqueado para decoración de fiesta de noveno cumpleaños, driver de videojuegos, decoración para tartas",https://www.amazon.com.mx/dp/B09PVG39RZ,https://www.amazon.com/dp/B09PVG39RZ,Boon Shopping,MTBSelf
,B093F87NFT,8,Juguetes y Juegos,disponible,no disponible,,,2025-10-20T00:07:11.754Z,2025-10-27T16:27:03.662Z,2025-10-28T23:57:06.962Z,577.66,,$580.51,"JULLIZ - Juego de 148 globos de color azul marino, plata, blanco, confeti para decoración de cumpleaños, fiesta de graduación, boda, baby shower",https://www.amazon.com.mx/dp/B093F87NFT,https://www.amazon.com/dp/B093F87NFT,SRKSB LLC,
,B088NGKH5T,8,Juguetes y Juegos,disponible,no disponible,,,2025-10-20T00:07:11.754Z,2025-10-27T16:27:12.468Z,2025-10-28T23:57:13.866Z,691.63,,$584.88,"Globos surtidos de oro azul para cumpleaños, niños, hombres, despedidas de soltero o boda fiesta suministros, Negro + azul real + dorado.",https://www.amazon.com.mx/dp/B088NGKH5T,https://www.amazon.com/dp/B088NGKH5T,SRKSB LLC,
,B089N9C4F3,8,Juguetes y Juegos,disponible,no disponible,,,2025-10-20T00:07:11.754Z,2025-10-27T16:27:20.895Z,2025-10-28T23:57:21.856Z,741.65,,$627.60,"Juego de 114 globos de arco iris, paquete de 114 globos de látex multicolor surtidos de papel de confeti para carnaval, circo, fiesta, boda, fiesta de cumpleaños",https://www.amazon.com.mx/dp/B089N9C4F3,https://www.amazon.com/dp/B089N9C4F3,SRKSB LLC,
,B07KPDFL3B,8,Juguetes y Juegos,disponible,no disponible,,,2025-10-20T00:07:11.754Z,2025-10-27T16:27:29.334Z,2025-10-28T23:57:29.054Z,632.61,,$535.61,"AKIO CRAFT Ventilador de papel, Paperfan6t-heartshape",https://www.amazon.com.mx/dp/B07KPDFL3B,https://www.amazon.com/dp/B07KPDFL3B,SRKSB LLC,
,B01DGH2ZS8,8,Juguetes y Juegos,disponible,disponible,,,2025-10-20T00:07:11.755Z,2025-10-27T16:27:37.681Z,2025-10-28T23:57:37.431Z,648.87,12.99,$584.88,SUNBEAUTY personalizable letras y símbolos pancarta Kit de decoración fiesta temática pancarta para birthda y boda G soltera decorado decorativos ventana,https://www.amazon.com.mx/dp/B01DGH2ZS8,https://www.amazon.com/dp/B01DGH2ZS8,SRKSB LLC,SUNBEAUTY
,B0D5XJG6Q4,8,Juguetes y Juegos,disponible,disponible,,,2025-10-20T00:07:11.755Z,2025-10-27T16:27:45.839Z,2025-10-28T23:57:44.814Z,370.82,7.99,$451.12,"Breling - Bandera de compromiso con purpurina para decoración de fiesta de compromiso, decoración de fiesta, decoración de compromiso, carteles de fiesta, boda, compromiso (oro champaña)",https://www.amazon.com.mx/dp/B0D5XJG6Q4,https://www.amazon.com/dp/B0D5XJG6Q4,Amazon Estados Unidos,KairKhuang
,B0CZSRW9GN,8,Juguetes y Juegos,disponible,no disponible,,,2025-10-20T00:07:11.755Z,2025-10-27T16:27:54.038Z,2025-10-28T23:57:53.177Z,259,,$416.57,"Globo dorado negro con papel de aluminio de 16 pulgadas, estrella de cinco puntas de 10 pulgadas, estrella de cuatro puntas adecuada para niños, hombres, mujeres, niños y niñas",https://www.amazon.com.mx/dp/B0CZSRW9GN,https://www.amazon.com/dp/B0CZSRW9GN,Marca: xiangsushijie,
,B0CLLWH76T,8,Juguetes y Juegos,disponible,disponible,,,2025-10-20T00:07:11.755Z,2025-10-27T16:28:00.789Z,2025-10-28T23:58:01.216Z,255,6.99,$426.77,"Abeillo - 7 piezas de decoración para tartas de discoteca, diferentes tamaños, suministros de fiesta de baile temáticos de los años 70, pequeñas bolas de discoteca para pasteles, postres, adornos de",https://www.amazon.com.mx/dp/B0CLLWH76T,https://www.amazon.com/dp/B0CLLWH76T,zhengzhoushizhengdongxinquaoertebaihuodian,Diirao
,B0B79N8D1S,8,Juguetes y Juegos,disponible,no disponible,,,2025-10-20T00:07:11.755Z,2025-10-27T16:28:07.447Z,2025-10-28T23:58:09.223Z,275,,$451.12,"Kit de globos de sirena sdquskin para decoración de cumpleaños, 6 globos con números de sirena, sirena, para niñas (número 7)",https://www.amazon.com.mx/dp/B0B79N8D1S,https://www.amazon.com/dp/B0B79N8D1S,yb01,
,B0BC4XSWKQ,8,Juguetes y Juegos,disponible,no disponible,,,2025-10-20T00:07:25.817Z,2025-10-27T16:28:14.444Z,2025-10-28T23:58:17.803Z,569.88,,$594.35,Spelman College Jaguars Banderín,https://www.amazon.com.mx/dp/B0BC4XSWKQ,https://www.amazon.com/dp/B0BC4XSWKQ,SOCIALBOOSTI LLC,
,B0DNSRCQTG,8,Juguetes y Juegos,disponible,disponible,,,2025-10-20T00:07:36.153Z,2025-10-27T16:28:21.062Z,2025-10-28T23:58:24.421Z,1048.84,31.99,$976.09,"Paquete de 15 plantas de flores de 3.6 mm, mini juegos de construcción – 1314 piezas de flores suculentas colección botánica para decoración del hogar y oficina, juguetes de bloque, recuerdos de",https://www.amazon.com.mx/dp/B0DNSRCQTG,https://www.amazon.com/dp/B0DNSRCQTG,SRKSB LLC,RBS Toys
,B0CZNY3NYV,8,Juguetes y Juegos,disponible,disponible,,,2025-10-20T00:07:36.153Z,2025-10-27T16:28:29.371Z,2025-10-28T23:58:32.571Z,750.35,29.99,"$1,006.86",Annexfun Bloques Magnéticos Mundo de Construcción Construye Mi Mundo de Ensueño de Unicornios 100 Piezas Bloques Magnéticos Regalos de Unicornios para Niñas de 4 5 6 7 8 9 Juegos,https://www.amazon.com.mx/dp/B0CZNY3NYV,https://www.amazon.com/dp/B0CZNY3NYV,Amazon Estados Unidos,Dollarsign Limited
,B07HCNJZ2F,8,Juguetes y Juegos,disponible,no disponible,,,2025-10-20T00:07:36.153Z,2025-10-27T16:28:37.764Z,2025-10-28T23:58:40.605Z,643.64,,$651.25,"BrickShield - Pegamento calcomanía de plástico para ladrillos, bloques y multiusos, ideal para manualidades, Lego, peso neto de 2.5 onzas, no tóxico, fabricado en Estados Unidos",https://www.amazon.com.mx/dp/B07HCNJZ2F,https://www.amazon.com/dp/B07HCNJZ2F,SRKSB LLC,
,B0D3GXVVDY,8,Juguetes y Juegos,disponible,disponible,,,2025-10-20T00:07:36.154Z,2025-10-27T16:28:45.726Z,2025-10-28T23:58:48.296Z,1382.07,41.99,"$1,446.55","CUBIMANA Grandes juguetes de construcción de aviones urbanos con luz LED, juego de construcción de aviones con 2 camiones para equipaje, terminal, torre de radar, regalos para niños y niñas (901",https://www.amazon.com.mx/dp/B0D3GXVVDY,https://www.amazon.com/dp/B0D3GXVVDY,ElBazarMexicano,RBS Toys
,B0CSBRH477,8,Juguetes y Juegos,disponible,no disponible,,,2025-10-20T00:07:36.154Z,2025-10-27T16:28:55.448Z,2025-10-28T23:58:57.261Z,765,,$750.88,"Juegos de armas especiales estilo soldado militar, kit de accesorios de armas militares, juguetes de bloque de construcción de equipo Swat, juegos de equipo del ejército, accesorios compatibles con",https://www.amazon.com.mx/dp/B0CSBRH477,https://www.amazon.com/dp/B0CSBRH477,SRKSB LLC,
,B0D541MGR1,8,Juguetes y Juegos,disponible,disponible,,,2025-10-20T00:07:36.154Z,2025-10-27T16:29:04.440Z,2025-10-28T23:59:05.292Z,867,24.99,$877.66,"Spaciolo Horror Halloween Toy Building Set, Night Before Christmas Jack and The Mayor of Halloween Town, Mayor-Mobile, Creative Buildable Toy Kit Gifts for Movie Fans Friends Kids, 324PCS",https://www.amazon.com.mx/dp/B0D541MGR1,https://www.amazon.com/dp/B0D541MGR1,SRKSB LLC,Lango online
,B01AS96JKC,8,Juguetes y Juegos,disponible,no disponible,,,2025-10-20T00:07:36.154Z,2025-10-27T16:29:20.458Z,2025-10-28T23:59:20.145Z,500.92,,$712.99,"Chichalk Diameter 1.5"", Interlocking Solid Plastic Building Blocks Set Early Stem Educational Toy for Preschool Kids Bo",https://www.amazon.com.mx/dp/B01AS96JKC,https://www.amazon.com/dp/B01AS96JKC,Amazon Estados Unidos,
,B0DZ71RSHQ,8,Juguetes y Juegos,disponible,no disponible,,,2025-10-20T00:07:36.154Z,2025-10-27T16:29:27.855Z,2025-10-28T23:59:29.339Z,797.38,,$808.72,Juego de construcción de tallo,https://www.amazon.com.mx/dp/B0DZ71RSHQ,https://www.amazon.com/dp/B0DZ71RSHQ,SRKSB LLC,
,B0DD74G9KN,8,Juguetes y Juegos,disponible,disponible,,,2025-10-20T00:07:36.154Z,2025-10-27T16:29:34.796Z,2025-10-28T23:59:36.679Z,1089.43,31.99,"$1,123.37","Juego de construcción de ramo de flores, 891 piezas, juego creativo de ramo de flores para bricolaje, pájaros del paraíso y ramo de lirio de agua, para decoración del hogar, oficina para adultos,",https://www.amazon.com.mx/dp/B0DD74G9KN,https://www.amazon.com/dp/B0DD74G9KN,SRKSB LLC,Chenyeus
,B0D2XHKKNS,8,Juguetes y Juegos,disponible,disponible,,,2025-10-20T00:07:36.154Z,2025-10-27T16:29:41.324Z,2025-10-28T23:59:44.178Z,893.82,24.99,"$1,005.46","SLTBEH Juguetes de construcción de flores de jardín de coral para niños de 3 a 5 años, juguetes de bloques de construcción para niñas de 2 a 4 años, regalo educativo de cumpleaños de Navidad para",https://www.amazon.com.mx/dp/B0D2XHKKNS,https://www.amazon.com/dp/B0D2XHKKNS,Amazon Estados Unidos,ChuYuanWH
,B0D3G1JCF2,8,Juguetes y Juegos,disponible,disponible,,,2025-10-20T00:07:36.154Z,2025-10-27T16:29:49.260Z,2025-10-28T23:59:52.434Z,1187.55,32.99,"$1,200.73",CAMPIR - Juego de construcción miniaturas para niños,https://www.amazon.com.mx/dp/B0D3G1JCF2,https://www.amazon.com/dp/B0D3G1JCF2,SRKSB LLC,JDSPACE
,B0093IVYJQ,8,Juguetes y Juegos,disponible,no disponible,,,2025-10-20T00:07:36.154Z,2025-10-27T16:29:57.953Z,2025-10-29T00:00:01.036Z,1059.23,,"$1,071.91",Automoblox Coches de Juguete de Madera coleccionables y Camiones – Mini S9 Police/X9 Fire/T900 Rescue 3 Pack (Compatible con Otros vehículos Mini y Micro Series),https://www.amazon.com.mx/dp/B0093IVYJQ,https://www.amazon.com/dp/B0093IVYJQ,SRKSB LLC,
,B0CMQ2TGJF,8,Juguetes y Juegos,disponible,disponible,,,2025-10-20T00:07:36.155Z,2025-10-27T16:30:04.828Z,2025-10-29T00:00:08.801Z,852.87,23.98,$852.87,"LocoLee - Kit de luces LED compatible con Lego Piranha Plant 71426 juego de iluminación creativa para bricolaje, accesorios compatibles con Lego Mario Piranha 71426 juego de construcción (solo luces,",https://www.amazon.com.mx/dp/B0CMQ2TGJF,https://www.amazon.com/dp/B0CMQ2TGJF,SRKSB LLC,Vonado bricklight
,B0B3TTQCZY,8,Juguetes y Juegos,disponible,disponible,,,2025-10-20T00:07:36.155Z,2025-10-27T16:30:12.345Z,2025-10-29T00:00:17.605Z,830.24,19.99,$830.24,Bolsa de almacenamiento de juguetes con cordón para Lego – Bolsa de almacenamiento de juguetes para niños con tapa (azul 47 pulgadas),https://www.amazon.com.mx/dp/B0B3TTQCZY,https://www.amazon.com/dp/B0B3TTQCZY,SRKSB LLC,SUMBABO
,B093TBWFX3,8,Juguetes y Juegos,disponible,disponible,,,2025-10-20T00:07:36.155Z,2025-10-27T16:30:19.717Z,2025-10-29T00:00:24.716Z,556.88,9.99,$528.84,"JNZong - Paquete de 6 placas base clásicas para construcción de ladrillos 100% compatibles, 10in x 10in, Multicolor",https://www.amazon.com.mx/dp/B093TBWFX3,https://www.amazon.com/dp/B093TBWFX3,SRKSB LLC,Everyone love
,B0DBKXCR1P,8,Juguetes y Juegos,disponible,no disponible,,,2025-10-20T00:07:48.702Z,2025-10-27T16:30:27.508Z,2025-10-29T00:00:32.983Z,890,,"$1,589.17","RENGENG Espada iluminada, réplica de anime de plástico recargable de 40 pulgadas con cinturón y soporte, espada de anime de textura original",https://www.amazon.com.mx/dp/B0DBKXCR1P,https://www.amazon.com/dp/B0DBKXCR1P,Marca: RG RENGENG,
,B0C8SSLSNX,8,Juguetes y Juegos,disponible,disponible,,,2025-10-20T00:07:48.702Z,2025-10-27T16:30:35.139Z,2025-10-29T00:00:41.333Z,320,9.95,$572.43,"Gorro de punto de calabaza para invierno, grueso, cálido, suave, lindo, gorro, para bebés, niños y niñas, para Halloween, Navidad, color naranja",https://www.amazon.com.mx/dp/B0C8SSLSNX,https://www.amazon.com/dp/B0C8SSLSNX,YunZhou-Trade,Ausejopeacstrore
,B0DBKSFCP4,8,Juguetes y Juegos,disponible,no disponible,,,2025-10-20T00:07:48.703Z,2025-10-27T16:30:41.981Z,2025-10-29T00:00:48.036Z,1558.18,,"$1,592.27","RENGENG Espada iluminada, réplica de anime de plástico recargable de 40 pulgadas con cinturón y soporte, espada de anime de textura original",https://www.amazon.com.mx/dp/B0DBKSFCP4,https://www.amazon.com/dp/B0DBKSFCP4,SRKSB LLC,
,B0FF9LPTDM,8,Juguetes y Juegos,disponible,disponible,,,2025-10-20T00:07:48.703Z,2025-10-27T16:30:51.178Z,2025-10-29T00:00:55.088Z,671.27,14.99,$754.30,"MagicRanger - Varitas mágicas iluminadas con sonido, 2 piezas de varita de bruja iluminadora para niños, cosplay, regalos de fiesta de cumpleaños, colmena",https://www.amazon.com.mx/dp/B0FF9LPTDM,https://www.amazon.com/dp/B0FF9LPTDM,SRKSB LLC,MagicRanger
,B0DFBTXVV6,8,Juguetes y Juegos,disponible,no disponible,,,2025-10-20T00:07:48.703Z,2025-10-27T16:30:58.664Z,2025-10-29T00:01:03.358Z,1098.16,,"$1,080.61","Lonico - Juego de juguetes de maquillaje de madera para niñas de 3 a 5 años con sombra de ojos, máscara, perfume, rubor, espejo, bolsa, regalos de cumpleaños para niñas juguetes de 3 a 5 años",https://www.amazon.com.mx/dp/B0DFBTXVV6,https://www.amazon.com/dp/B0DFBTXVV6,SRKSB LLC,
,B0FG2GCHM5,8,Juguetes y Juegos,disponible,disponible,,,2025-10-20T00:07:48.703Z,2025-10-27T16:31:06.139Z,2025-10-29T00:01:11.591Z,1575.21,49.99,"$1,850.78","IEEILULU - Disfraz de máscara de Michael Myers para niños, disfraz de asesino de sangre, juguetes para Halloween Cosplay",https://www.amazon.com.mx/dp/B0FG2GCHM5,https://www.amazon.com/dp/B0FG2GCHM5,DAMTE LLC,IEEILULU
,B093ZMH7HN,8,Juguetes y Juegos,disponible,disponible,,,2025-10-20T00:07:48.703Z,2025-10-27T16:31:14.517Z,2025-10-29T00:01:18.728Z,500.17,14.8,$617.89,Miffy Clip de flequillo troquelado para orejas redondas,https://www.amazon.com.mx/dp/B093ZMH7HN,https://www.amazon.com/dp/B093ZMH7HN,Amazon Estados Unidos,Astral Japan Store
,B0D296G86F,8,Juguetes y Juegos,disponible,no disponible,,,2025-10-20T00:07:48.703Z,2025-10-27T16:31:22.013Z,2025-10-29T00:01:25.855Z,1324.03,,"$1,153.21",Disfraz de oficial de policía para niños S,https://www.amazon.com.mx/dp/B0D296G86F,https://www.amazon.com/dp/B0D296G86F,SRKSB LLC,
,B08Y88Z86Y,8,Juguetes y Juegos,disponible,no disponible,,,2025-10-20T00:07:48.703Z,2025-10-27T16:31:29.170Z,2025-10-29T00:01:33.715Z,738.44,,$735.21,"Handicraftviet Varitas de Madera talladas a Mano de 15 Pulgadas para brujería Coleccionable y Cosplay Varita mágica Regalo para niños y Adultos en Halloween, Navidad, Fiesta de cumpleaños",https://www.amazon.com.mx/dp/B08Y88Z86Y,https://www.amazon.com/dp/B08Y88Z86Y,SRKSB LLC,
,B08FC5LKJT,8,Juguetes y Juegos,disponible,disponible,,,2025-10-20T00:07:48.703Z,2025-10-27T16:31:38.179Z,2025-10-29T00:01:42.298Z,545.27,14.98,$622.30,"Thorn Tree - Traje de Halloween para bebés y niñas, traje de fantasma, disfraz de fiesta para niños, ropa de bebé, 2 piezas",https://www.amazon.com.mx/dp/B08FC5LKJT,https://www.amazon.com/dp/B08FC5LKJT,Amazon Estados Unidos,Back Good
,B0CPP284SB,8,Juguetes y Juegos,disponible,no disponible,,,2025-10-20T00:07:48.703Z,2025-10-27T16:31:46.277Z,2025-10-29T00:01:50.565Z,918.71,,$663.85,"Kit de maquillaje para niños, 66 piezas, juego de maquillaje lavable para niñas pequeñas, juego de cosméticos reales, juego de maquillaje, juguete de belleza, regalo de Navidad y cumpleaños, edad de 3",https://www.amazon.com.mx/dp/B0CPP284SB,https://www.amazon.com/dp/B0CPP284SB,NutriBien,
,B0B469FH2V,8,Juguetes y Juegos,disponible,disponible,,,2025-10-20T00:07:48.704Z,2025-10-27T16:32:00.199Z,2025-10-29T00:02:04.368Z,472.7,9.95,$479.53,"Juego de accesorios para cosplay de gato de Halloween, diadema con estampado de leopardo, máscara de mascarada para mujer, accesorio de disfraz de Halloween para mujer, disfraz de fiesta",https://www.amazon.com.mx/dp/B0B469FH2V,https://www.amazon.com/dp/B0B469FH2V,SRKSB LLC,Ausejopeacstrore
,B0DGTQLP1Q,8,Juguetes y Juegos,disponible,disponible,,,2025-10-20T00:07:48.704Z,2025-10-27T16:32:07.574Z,2025-10-29T00:02:12.484Z,671.5,17.89,$640.39,Cartera de Juego para Niñas con Maquillaje de Simulación - Juguetes de Princesa con Bolso - Regalo de Cumpleaños para Niñas de 3 a 6 Años,https://www.amazon.com.mx/dp/B0DGTQLP1Q,https://www.amazon.com/dp/B0DGTQLP1Q,M&H Customer Friendly Store,Xintong district
,B0DB5MN5BB,8,Juguetes y Juegos,disponible,no disponible,,,2025-10-20T00:07:48.704Z,2025-10-27T16:32:15.488Z,2025-10-29T00:02:19.874Z,1006.92,,$933.10,"Juegos de comida de juego de madera para niños, accesorios de cocina, velcro para cortar frutas y verduras para niños, juguetes de clasificación de color Montessori para niñas y niños",https://www.amazon.com.mx/dp/B0DB5MN5BB,https://www.amazon.com/dp/B0DB5MN5BB,SRKSB LLC,
,B0756GWXW9,8,Juguetes y Juegos,disponible,no disponible,,,2025-10-20T00:07:48.704Z,2025-10-27T16:32:23.127Z,2025-10-29T00:02:27.417Z,714.42,,$699.01,ThinkGeek Minecraft Diamond Axe - Chop Your Way to Minecraft Success,https://www.amazon.com.mx/dp/B0756GWXW9,https://www.amazon.com/dp/B0756GWXW9,SRKSB LLC,
,B0D3LJGP96,8,Juguetes y Juegos,disponible,no disponible,,,2025-10-20T00:07:48.704Z,2025-10-27T16:32:30.074Z,2025-10-29T00:02:35.249Z,937.67,,$884.39,"Osalon - Juego de 2 pistolas láser con visualización LED digital, chaleco multifuncional, etiqueta láser, juguetes divertidos para niños de 8 a 12 años",https://www.amazon.com.mx/dp/B0D3LJGP96,https://www.amazon.com/dp/B0D3LJGP96,MARVEL INC.,
,B0D8SDYPT1,8,Juguetes y Juegos,disponible,no disponible,,,2025-10-20T00:07:59.115Z,2025-10-27T16:32:38.208Z,2025-10-29T00:02:44.279Z,522.27,,$506.71,"JMUQ - Máscara de Halloween para niños, 36 piezas de juegos de Halloween, kit de manualidades, papel de araña, para fiestas de Halloween, suministros para el aula, actividades de Halloween",https://www.amazon.com.mx/dp/B0D8SDYPT1,https://www.amazon.com/dp/B0D8SDYPT1,Uğurlu STORE,
,B0D6WFFLBH,8,Juguetes y Juegos,disponible,no disponible,,,2025-10-20T00:07:59.115Z,2025-10-27T16:32:45.863Z,2025-10-29T00:02:51.244Z,950.71,,$856.73,"YADIYA - Disfraz de oficial de policía para niños, disfraz de policía para niñas y niños de 3 a 10, uniforme para niñas y niños",https://www.amazon.com.mx/dp/B0D6WFFLBH,https://www.amazon.com/dp/B0D6WFFLBH,SRKSB LLC,
,B091534J6M,8,Juguetes y Juegos,disponible,no disponible,,,2025-10-20T00:07:59.115Z,2025-10-27T16:32:52.908Z,2025-10-29T00:02:59.569Z,1079.64,,"$1,186.08","umu Kids Hair Salon Playset, Wooden Makeup Toy Set, Hair Styling Toys for Girls, Kids Shaving Kit for Boys, Kids Barber Playset, Gifts for 3 4 5 Year Old Girls Boys (18 PCS)",https://www.amazon.com.mx/dp/B091534J6M,https://www.amazon.com/dp/B091534J6M,Boon Shopping,
,B091J8DPBK,8,Juguetes y Juegos,disponible,disponible,,,2025-10-20T00:07:59.115Z,2025-10-27T16:33:00.134Z,2025-10-29T00:03:08.530Z,643.64,15.99,$656.44,"Mozi Glozi - Pulsera geométrica de flujo mágico, fácil de usar, pulsera 3D, juguete en espiral, pulsera giratoria brillante en espiral para niños y adultos (amarillo)",https://www.amazon.com.mx/dp/B091J8DPBK,https://www.amazon.com/dp/B091J8DPBK,SRKSB LLC,Fun In Motion Toys
,B0C4KYGZTZ,8,Juguetes y Juegos,disponible,disponible,,,2025-10-20T00:07:59.116Z,2025-10-27T16:33:07.697Z,2025-10-29T00:03:17.777Z,288,39.99,"$1,278.29","Kitimi Kamado - Disfraz de anime para cosplay, disfraz de anime para adultos, disfraz de Halloween para mujeres y hombres",https://www.amazon.com.mx/dp/B0C4KYGZTZ,https://www.amazon.com/dp/B0C4KYGZTZ,Marca: Kitimi,ThanQu
,B0D9B5SN1V,8,Juguetes y Juegos,disponible,disponible,,,2025-10-20T00:07:59.116Z,2025-10-27T16:33:14.032Z,2025-10-29T00:03:25.604Z,1616.61,37.99,"$1,689.92",Juego de Dentista para Niños - Juguete Médico con Dientes Falsos para Pequeños de 3 a 5 Años - Disfraz de Cumpleaños,https://www.amazon.com.mx/dp/B0D9B5SN1V,https://www.amazon.com/dp/B0D9B5SN1V,Lumexa Online MX,maysida toys
,B0CYQ3G1YX,8,Juguetes y Juegos,disponible,disponible,,,2025-10-20T00:07:59.116Z,2025-10-27T16:33:21.609Z,2025-10-29T00:03:34.045Z,1053.31,29.99,$997.66,"Joycover - Disfraz de gato negro para niñas, disfraz de gato negro para niñas, disfraz de gato negro, juego de rol, disfraz de Halloween para niños de 9 a 10 años, talla L",https://www.amazon.com.mx/dp/B0CYQ3G1YX,https://www.amazon.com/dp/B0CYQ3G1YX,SRKSB LLC,QINSHANG US
,B0DK6MSV93,8,Juguetes y Juegos,disponible,disponible,,,2025-10-20T00:07:59.116Z,2025-10-27T16:33:29.466Z,2025-10-29T00:03:41.632Z,832.63,19.99,$804.63,"OPPKIE - Mascarillas Therian de zorro de gato, 42 piezas con pieles de fieltro, mallas de ojos y estrellas, máscaras peludas para pintar, máscara de animales, kit de manualidades, bricolaje para",https://www.amazon.com.mx/dp/B0DK6MSV93,https://www.amazon.com/dp/B0DK6MSV93,SRKSB LLC,OPPKIE
,B0DHLHBFG4,8,Juguetes y Juegos,disponible,disponible,,,2025-10-20T00:07:59.116Z,2025-10-27T16:33:37.276Z,2025-10-29T00:03:48.780Z,1053.21,23.99,"$1,131.64","YasinKidz Princess Dress Up para niñas con niños, kit de joyería de boutique, faldas de 3 colores, zapatos, juguetes para niñas de 3 a 6 años",https://www.amazon.com.mx/dp/B0DHLHBFG4,https://www.amazon.com/dp/B0DHLHBFG4,SRKSB LLC,Yaxini
,B0CCSMT88N,8,Juguetes y Juegos,disponible,disponible,,,2025-10-20T00:07:59.116Z,2025-10-27T16:33:45.187Z,2025-10-29T00:03:57.330Z,947.37,17.99,$908.15,"Poshetion - Disfraz de bruja iluminada para niñas, disfraz de bruja de bruja con escoba y sombrero para fiesta de disfraces de Halloween",https://www.amazon.com.mx/dp/B0CCSMT88N,https://www.amazon.com/dp/B0CCSMT88N,SRKSB LLC,Starshopone
,B0CPSDX1PC,8,Juguetes y Juegos,disponible,no disponible,,,2025-10-20T00:07:59.116Z,2025-10-27T16:33:52.557Z,2025-10-29T00:04:04.681Z,1023.16,,"$1,023.17","Gortykor - Disfraz de oficial de policía para niñas, uniforme de policía para niñas, disfraz de Halloween",https://www.amazon.com.mx/dp/B0CPSDX1PC,https://www.amazon.com/dp/B0CPSDX1PC,MYSILKROAD LLC,
,B0C7D5K62D,8,Juguetes y Juegos,disponible,no disponible,,,2025-10-20T00:07:59.116Z,2025-10-27T16:34:01.047Z,2025-10-29T00:04:11.440Z,1550.43,,"$1,422.03","Wakejoy - Disfraz de médico de la plaga para niños 7 en 1, disfraz de Halloween para niños y niñas",https://www.amazon.com.mx/dp/B0C7D5K62D,https://www.amazon.com/dp/B0C7D5K62D,MYSILKROAD LLC,
,B0D8L95KF7,8,Juguetes y Juegos,disponible,no disponible,,,2025-10-20T00:07:59.116Z,2025-10-27T16:34:08.482Z,2025-10-29T00:04:20.045Z,1285.59,,"$1,226.27","Juego de cambiador para niños y niñas, juguetes de madera",https://www.amazon.com.mx/dp/B0D8L95KF7,https://www.amazon.com/dp/B0D8L95KF7,SRKSB LLC,
,B0D9VS1DB4,8,Juguetes y Juegos,disponible,no disponible,,,2025-10-20T00:07:59.117Z,2025-10-27T16:34:16.213Z,2025-10-29T00:04:28.756Z,725.95,,$757.35,"JellyArch - Kit de 30 máscaras de gato Therian DIY para pintura en blanco a granel con hoja de tela de fieltro, malla de ojos de piel sintética para Therian Gear Stuff Masquerade Cosplay Party Favor",https://www.amazon.com.mx/dp/B0D9VS1DB4,https://www.amazon.com/dp/B0D9VS1DB4,SRKSB LLC,
,B0D8F4L87P,8,Juguetes y Juegos,disponible,no disponible,,,2025-10-20T00:07:59.117Z,2025-10-27T16:34:24.346Z,2025-10-29T00:04:35.220Z,1521.37,,"$1,602.11","Vanvimen - 64 máquinas de garras grandes para conejitos infantiles, máquinas expendedoras de juguetes con luces de sonido, dulces y premios dispensador electrónico de 3 a 4 a 4 a 8 años, regalo de",https://www.amazon.com.mx/dp/B0D8F4L87P,https://www.amazon.com/dp/B0D8F4L87P,SRKSB LLC,
,B0D8B7HYPY,8,Juguetes y Juegos,disponible,no disponible,,,2025-10-20T00:07:59.117Z,2025-10-27T16:34:38.476Z,2025-10-29T00:04:49.253Z,691.63,,$695.00,"PLUSMAYI Diadema de monstruo verde de Navidad, paquete de 1 para mujeres y niñas, disfraz de Halloween",https://www.amazon.com.mx/dp/B0D8B7HYPY,https://www.amazon.com/dp/B0D8B7HYPY,SRKSB LLC,
,B0D2VQY8BH,8,Juguetes y Juegos,disponible,no disponible,,,2025-10-20T00:08:09.396Z,2025-10-27T16:34:45.623Z,2025-10-29T00:04:58.416Z,1248.77,,"$1,155.72","Qivbicy - Disfraz de policía para niños de 3 a 12 años, exquisito disfraz de oficial de policía para niños, disfraces de Halloween para niños y niñas, tamaño",https://www.amazon.com.mx/dp/B0D2VQY8BH,https://www.amazon.com/dp/B0D2VQY8BH,qiuxushenzen8511xdsw,
,B0DDPNKXDG,8,Juguetes y Juegos,disponible,no disponible,,,2025-10-20T00:08:09.396Z,2025-10-27T16:34:52.401Z,2025-10-29T00:05:05.517Z,715.09,,$775.10,"IVENRXIU - Kit médico para niños, 16 piezas de juego médico para niños, kit médico de juego de simulación con estetoscopio real, soporte de pared de rayos X, disfraces de vestir, etc. Juguetes para",https://www.amazon.com.mx/dp/B0DDPNKXDG,https://www.amazon.com/dp/B0DDPNKXDG,Uğurlu STORE,
,B0D5L913MD,8,Juguetes y Juegos,disponible,no disponible,,,2025-10-20T00:08:09.396Z,2025-10-27T16:34:59.278Z,2025-10-29T00:05:13.791Z,565.51,,$528.84,"Seenelling - Juego de 13 máscaras Therian que brillan en la oscuridad, máscara de gato y zorro, máscara de Halloween, equipo de cosas Therian para disfraces (multicolor)",https://www.amazon.com.mx/dp/B0D5L913MD,https://www.amazon.com/dp/B0D5L913MD,SRKSB LLC,
,B0BDYLQD54,8,Juguetes y Juegos,disponible,no disponible,,,2025-10-20T00:08:09.396Z,2025-10-27T16:35:07.469Z,2025-10-29T00:05:20.787Z,1080.62,,$917.68,"RUVINCE - Pistola de dinero para películas que se ven reales, pistola de apoyo que hace que llueva, pistola de dinero de mano para juegos, películas, fiestas",https://www.amazon.com.mx/dp/B0BDYLQD54,https://www.amazon.com/dp/B0BDYLQD54,SRKSB LLC,
,B0CB7SDSMF,8,Juguetes y Juegos,disponible,no disponible,,,2025-10-20T00:08:09.396Z,2025-10-27T16:35:15.366Z,2025-10-29T00:05:27.497Z,1067.72,,"$1,249.20","Juego de herramientas para niños, 48 piezas de juguetes con taladro electrónico de juguete, bolsa de herramientas, cinturón de herramientas y cinta métrica, juegos de herramientas de construcción para niños, juguetes para niños, regalo de cumpleaños para niños y niñas a partir de 3 años",https://www.amazon.com.mx/dp/B0CB7SDSMF,https://www.amazon.com/dp/B0CB7SDSMF,Amazon Europa,
,B0CQ4C7SSC,8,Juguetes y Juegos,disponible,disponible,,,2025-10-20T00:08:09.396Z,2025-10-27T16:35:23.955Z,2025-10-29T00:05:34.937Z,1258.35,33.99,"$1,256.97","UPORPOR - Ropa de princesa iluminada para disfraz de Halloween para niñas, vestido de fiesta para niños, color rosa y morado",https://www.amazon.com.mx/dp/B0CQ4C7SSC,https://www.amazon.com/dp/B0CQ4C7SSC,Amazon Estados Unidos,UPAPUO US
,B0CG1NH62N,8,Juguetes y Juegos,disponible,disponible,,,2025-10-20T00:08:09.397Z,2025-10-27T16:35:32.286Z,2025-10-29T00:05:42.349Z,671.02,14.24,$719.90,"Hucha rosa para niños con código de contraseña y ranura para billetes de agarre automático, PhilaeEC con dinero real, caja de ahorro de dinero electrónico, regalo caliente para niños de 4, 7, 8, 9,",https://www.amazon.com.mx/dp/B0CG1NH62N,https://www.amazon.com/dp/B0CG1NH62N,SRKSB LLC,chanchandel
,B08MJG1F8V,8,Juguetes y Juegos,disponible,no disponible,,,2025-10-20T00:08:09.397Z,2025-10-27T16:35:40.785Z,2025-10-29T00:05:49.520Z,2779.01,,"$2,755.69","Banco de trabajo de herramientas eléctricas de madera para niños, juegos de herramientas de construcción, juguetes de juego de simulación, banco de trabajo de construcción con llave, destornillador, sierra inglete y martillo, regalo educativo para niños pequeños de 3 años en adelante",https://www.amazon.com.mx/dp/B08MJG1F8V,https://www.amazon.com/dp/B08MJG1F8V,SRKSB LLC,
,B08FXG8YX1,8,Juguetes y Juegos,disponible,no disponible,,,2025-10-20T00:08:09.397Z,2025-10-27T16:35:47.802Z,2025-10-29T00:05:57.335Z,1147.17,,"$1,226.27","Cocojeci - Juego de disfraces de tronco para niños, 15 piezas, juego de rol de bombero, policía, disfraz de trabajador de la construcción con accesorios para niños de 3 a 7 años",https://www.amazon.com.mx/dp/B08FXG8YX1,https://www.amazon.com/dp/B08FXG8YX1,SRKSB LLC,
,B0BJDWQ4J6,8,Juguetes y Juegos,disponible,no disponible,,,2025-10-20T00:08:09.397Z,2025-10-27T16:35:54.642Z,2025-10-29T00:06:03.939Z,933.76,,"$1,063.35","Juego de limpieza de madera para niños pequeños, 8 piezas Montessori juguetes de limpieza con escoba y fregona para niños, juego de simulación de trabajo doméstico, regalo para niños y niñas a partir",https://www.amazon.com.mx/dp/B0BJDWQ4J6,https://www.amazon.com/dp/B0BJDWQ4J6,SEONGSAN,
,B09DGRLQSR,8,Juguetes y Juegos,disponible,no disponible,,,2025-10-20T00:08:09.397Z,2025-10-27T16:36:02.510Z,2025-10-29T00:06:12.658Z,1093.21,,"$1,080.38","umu Juego de rol, accesorios de vestir, cosplay",https://www.amazon.com.mx/dp/B09DGRLQSR,https://www.amazon.com/dp/B09DGRLQSR,Boon Shopping,
,B08JZ482DW,8,Juguetes y Juegos,disponible,no disponible,,,2025-10-20T00:08:09.397Z,2025-10-27T16:36:10.302Z,2025-10-29T00:06:19.902Z,691.63,,$666.72,12 collares,https://www.amazon.com.mx/dp/B08JZ482DW,https://www.amazon.com/dp/B08JZ482DW,SRKSB LLC,
,B0D47F5JNV,8,Juguetes y Juegos,disponible,no disponible,,,2025-10-20T00:08:09.397Z,2025-10-27T16:36:17.493Z,2025-10-29T00:06:27.231Z,719.39,,$622.53,"YAOOBEY - Ropa de princesa para niñas de 4 a 6, juguetes de princesa iluminados para niñas de 3 a 4 años, regalo de Navidad",https://www.amazon.com.mx/dp/B0D47F5JNV,https://www.amazon.com/dp/B0D47F5JNV,SRKSB LLC,
,B075KFJLL3,8,Juguetes y Juegos,disponible,no disponible,,,2025-10-20T00:08:09.397Z,2025-10-27T16:36:24.647Z,2025-10-29T00:06:34.533Z,541.35,,$504.09,"d-foxes pirata cráneo Capitán disfraz gorro Cap Halloween Masquerade Fiesta Cosplay Accesorios Props con ojo parche, 1, Negro",https://www.amazon.com.mx/dp/B075KFJLL3,https://www.amazon.com/dp/B075KFJLL3,SRKSB LLC,
,B073S5QFF5,8,Juguetes y Juegos,disponible,disponible,,,2025-10-20T00:08:09.397Z,2025-10-27T16:36:32.404Z,2025-10-29T00:06:42.051Z,324.42,6.99,$426.77,"CANSHOW 1 máscara de fieltro de superhéroe negro, ajustable, ideal para fiestas, cosplay, accesorio",https://www.amazon.com.mx/dp/B073S5QFF5,https://www.amazon.com/dp/B073S5QFF5,Amazon Estados Unidos,Fu KangDa
,B0CWTNMDVD,8,Juguetes y Juegos,disponible,disponible,,,2025-10-20T00:08:09.397Z,2025-10-27T16:36:39.407Z,2025-10-29T00:06:48.656Z,1147.83,45.99,"$1,324.15",Disfraz de Dinosaurios Inflable Adulto Dino Divertido Disfraces de T-Rex Traje de Dinosaurio para Cosplay Halloween Fiesta,https://www.amazon.com.mx/dp/B0CWTNMDVD,https://www.amazon.com/dp/B0CWTNMDVD,Amazon Estados Unidos,MENGKAO
,B0CX8JLN16,8,Juguetes y Juegos,no disponible,disponible,,,2025-10-20T00:08:20.786Z,2025-10-27T16:36:45.926Z,2025-10-29T00:06:56.586Z,,27.29,"$1,160.68",YADIYA Doctor Costume for Kids Scrubs with Doctor Lab Coat for Kids Real Stethoscope Halloween Doctor Lab Costumes for Kids age 3-12,https://www.amazon.com.mx/dp/B0CX8JLN16,https://www.amazon.com/dp/B0CX8JLN16,Marca: YADIYA,SIRUICHUANGXIN
,B000W3X6C4,8,Juguetes y Juegos,disponible,no disponible,,,2025-10-20T00:08:20.786Z,2025-10-27T16:36:53.562Z,2025-10-29T00:07:04.077Z,1181.48,,"$1,913.05",Rubie's DC Comics Full Figure Supergirl Costume,https://www.amazon.com.mx/dp/B000W3X6C4,https://www.amazon.com/dp/B000W3X6C4,Amazon Estados Unidos,
,B08G1CBLLY,8,Juguetes y Juegos,disponible,disponible,,,2025-10-20T00:08:20.786Z,2025-10-27T16:37:02.140Z,2025-10-29T00:07:11.654Z,1232.03,36.99,"$1,272.11",Luxanna Child Santa Suit 9Pc Deluxe Plush Christmas Children’s Santa Claus Kids Halloween Costume Cosplay for 6+ years,https://www.amazon.com.mx/dp/B08G1CBLLY,https://www.amazon.com/dp/B08G1CBLLY,SRKSB LLC,Longyoyo
,B0D8T927RQ,8,Juguetes y Juegos,disponible,no disponible,,,2025-10-20T00:08:33.980Z,2025-10-27T16:37:17.099Z,2025-10-29T00:07:25.711Z,746.99,,$759.58,"JUWANO VoleiShot, adecuado para todas las edades, juego de mesa de voleibol, entretenido juego de habilidades de mesa de madera para 2 jugadores para fiestas y reuniones familiares",https://www.amazon.com.mx/dp/B0D8T927RQ,https://www.amazon.com/dp/B0D8T927RQ,SRKSB LLC,
,B07WF9LR3C,8,Juguetes y Juegos,disponible,no disponible,,,2025-10-20T00:08:33.980Z,2025-10-27T16:37:24.382Z,2025-10-29T00:07:34.905Z,1236.41,,"$1,275.91",LUCKY DUCK GAMES - Detectives paranormales | Juego de Mesa | Versión en inglés Edad 3+ | 2-6 Jugadores | Edades 12+ | 30-50 Minutos | Juego de Misterio de Asesinato,https://www.amazon.com.mx/dp/B07WF9LR3C,https://www.amazon.com/dp/B07WF9LR3C,Marca: Lucky Duck Games,
,B0D4LY92K6,8,Juguetes y Juegos,disponible,disponible,,,2025-10-20T00:08:33.980Z,2025-10-27T16:37:33.825Z,2025-10-29T00:07:43.537Z,1024.26,29.99,"$1,029.82","UAONO MTG - Caja de cubierta con 2 pantallas de comandante y bandeja de dados, diseño patentado, caja de doble cubierta para más de 280 tarjetas de una sola manga, caja de almacenamiento de tarjetas",https://www.amazon.com.mx/dp/B0D4LY92K6,https://www.amazon.com/dp/B0D4LY92K6,MARVEL INC.,Rushidao
,B0DVZ5WR71,8,Juguetes y Juegos,disponible,no disponible,,,2025-10-20T00:08:33.980Z,2025-10-27T16:37:42.656Z,2025-10-29T00:07:50.556Z,925.85,,$906.71,Tarjetas de tarot de rosas moradas,https://www.amazon.com.mx/dp/B0DVZ5WR71,https://www.amazon.com/dp/B0DVZ5WR71,SRKSB LLC,
,B08LPTYNPM,8,Juguetes y Juegos,disponible,no disponible,,,2025-10-20T00:08:33.980Z,2025-10-27T16:37:51.252Z,2025-10-29T00:07:57.674Z,1904.88,,"$2,002.80","Pointyard Giant Wooden 4 in a Row Game, 4 Feet Width Large Outdoor & Indoor Game Set with Coins & Carrying Bag - Line Up 4 Travel Board Games for Kids Adults Family",https://www.amazon.com.mx/dp/B08LPTYNPM,https://www.amazon.com/dp/B08LPTYNPM,M&H Customer Friendly Store,
,B0BNGY44QS,8,Juguetes y Juegos,disponible,disponible,,,2025-10-20T00:08:33.981Z,2025-10-27T16:37:59.846Z,2025-10-29T00:08:04.354Z,245.55,9.39,$502.62,"GOTHINK - Juego de 6 dominó doble para adultos con almacenamiento en caja de estaño, juego de 28 azulejos de colores para juegos de dominó de lunares para familia, regalo nocturno, juego de viaje",https://www.amazon.com.mx/dp/B0BNGY44QS,https://www.amazon.com/dp/B0BNGY44QS,Amazon Europa,Easythink
,B00E5TAYJ4,8,Juguetes y Juegos,disponible,no disponible,,,2025-10-20T00:08:33.981Z,2025-10-27T16:38:07.454Z,2025-10-29T00:08:12.733Z,960.28,,$956.40,"Bingo Dauber Sunsational/Dabber Juego de 12 - 113,4 G - colores mezclados",https://www.amazon.com.mx/dp/B00E5TAYJ4,https://www.amazon.com/dp/B00E5TAYJ4,SRKSB LLC,
,B0CTY1LC5M,8,Juguetes y Juegos,disponible,no disponible,,,2025-10-20T00:08:33.981Z,2025-10-27T16:38:17.011Z,2025-10-29T00:08:20.669Z,873.71,,$831.78,"Joyreal - Bolsa Ocupada: Juego de Búsqueda y Objetos Ocultos, 3 Juegos de Búsqueda Sensorial, Incluye Alfabeto, Comida, Pescado, Animal, 2+ - 10+",https://www.amazon.com.mx/dp/B0CTY1LC5M,https://www.amazon.com/dp/B0CTY1LC5M,SRKSB LLC,
,B0DK8R91PD,8,Juguetes y Juegos,disponible,no disponible,,,2025-10-20T00:08:33.981Z,2025-10-27T16:38:24.657Z,2025-10-29T00:08:28.123Z,921.04,,"$1,041.80","Joyreal Hide and Seek Busy Bag - Paquete de 3 juegos de búsqueda y búsqueda de objetos ocultos, búsqueda sensorial de objetos ocultos, juego de viaje para niños de 3 años, incluyendo alfabeto, comida",https://www.amazon.com.mx/dp/B0DK8R91PD,https://www.amazon.com/dp/B0DK8R91PD,SRKSB LLC,
,B0D74VR1NN,8,Juguetes y Juegos,disponible,no disponible,,,2025-10-20T00:08:33.981Z,2025-10-27T16:38:33.128Z,2025-10-29T00:08:36.644Z,830.35,,$840.85,"Change My Mind - Juego de fiesta para adultos escandaloso debate y rango - Divertida noche de juego para adultos, divertidos juegos de fiesta - Fiestas grupales - A partir de 17 años, 3 a 8 jugadores",https://www.amazon.com.mx/dp/B0D74VR1NN,https://www.amazon.com/dp/B0D74VR1NN,SRKSB LLC,
,B0CZLBQ3HZ,8,Juguetes y Juegos,disponible,no disponible,,,2025-10-20T00:08:33.981Z,2025-10-27T16:38:40.643Z,2025-10-29T00:08:45.243Z,1571.66,,"$1,504.95","Juego de dominó de tren mexicano con números y 8 bastidores de madera, juego de viaje doble de 12 dominó con cubeta de madera, juego de 91 azulejos de dominó con noche de juego familiar",https://www.amazon.com.mx/dp/B0CZLBQ3HZ,https://www.amazon.com/dp/B0CZLBQ3HZ,SRKSB LLC,
,B08VDTBK1F,8,Juguetes y Juegos,disponible,no disponible,,,2025-10-20T00:08:33.982Z,2025-10-27T16:38:47.851Z,2025-10-29T00:08:53.572Z,2077.9,,"$2,468.31","SpeedArmis - Juego de mesa gigante de madera de 4 pulgadas a fila, divertido juego de mesa para interiores y exteriores para adolescentes, incluye 42 piezas de dados y bolsa de transporte",https://www.amazon.com.mx/dp/B08VDTBK1F,https://www.amazon.com/dp/B08VDTBK1F,Rendomin,
,B0CZSFQRSX,8,Juguetes y Juegos,disponible,no disponible,,,2025-10-20T00:08:33.982Z,2025-10-27T16:38:55.179Z,2025-10-29T00:09:01.100Z,522.95,,$509.66,"Juego de 3 clavijas triangulares de madera, 4.5 pulgadas",https://www.amazon.com.mx/dp/B0CZSFQRSX,https://www.amazon.com/dp/B0CZSFQRSX,SRKSB LLC,
,B0BFQPKHK5,8,Juguetes y Juegos,disponible,disponible,,,2025-10-20T00:08:33.982Z,2025-10-27T16:39:03.284Z,2025-10-29T00:09:08.282Z,331.33,9.99,$549.00,"BABEJIA - Juego de 7 dados poliédricos para mazmorras y dragones/RPG, juegos completos de dados D&D/DND (D20, D12, D8, D6, D4 y 2×D10 [0-9 y 00-90]) con 7 bolsas",https://www.amazon.com.mx/dp/B0BFQPKHK5,https://www.amazon.com/dp/B0BFQPKHK5,BABEJIA,BABEJIA
,B07KBB1WJS,8,Juguetes y Juegos,disponible,disponible,,,2025-10-20T00:08:33.982Z,2025-10-27T16:39:11.327Z,2025-10-29T00:09:16.862Z,936.67,26.97,$932.87,"All7s Juego de Juego de Lujo Canasta, Juego de Cartas clásico para Adultos, familias y Regalos de Abuela, diversión nostálgica Ideal para 2 o más Jugadores",https://www.amazon.com.mx/dp/B07KBB1WJS,https://www.amazon.com/dp/B07KBB1WJS,SRKSB LLC,BoardGameFun
,B0B6Q77S57,8,Juguetes y Juegos,disponible,no disponible,,,2025-10-20T00:08:33.982Z,2025-10-27T16:39:18.815Z,2025-10-29T00:09:24.820Z,1420.28,,"$1,393.71","Nerkin Games Rolling Jokers – Juego de mesa estratégico de torcedura en los comodines y mármoles, diversión sin parar para grandes grupos de adultos y familiares (hasta 8 jugadores)",https://www.amazon.com.mx/dp/B0B6Q77S57,https://www.amazon.com/dp/B0B6Q77S57,SRKSB LLC,
,B0C89J773S,8,Juguetes y Juegos,disponible,disponible,,,2025-10-20T00:08:43.187Z,2025-10-27T16:39:25.730Z,2025-10-29T00:09:32.908Z,751.47,26.99,$981.81,Bolsas de carreras para saco de patatas,https://www.amazon.com.mx/dp/B0C89J773S,https://www.amazon.com/dp/B0C89J773S,Amazon Estados Unidos,F-Dream
,B0D6Q86RJS,8,Juguetes y Juegos,disponible,disponible,,,2025-10-20T00:08:43.187Z,2025-10-27T16:39:32.971Z,2025-10-29T00:09:41.155Z,495.94,7.99,$505.29,"Pedolini - Juego de mesa de viaje de 4 pulgadas a Row Connect Game (pequeño), mini 7 x 4.8 pulgadas",https://www.amazon.com.mx/dp/B0D6Q86RJS,https://www.amazon.com/dp/B0D6Q86RJS,SRKSB LLC,ZSP US Store
,B0DT1B8ZL4,8,Juguetes y Juegos,disponible,disponible,,,2025-10-20T00:08:43.188Z,2025-10-27T16:39:40.843Z,2025-10-29T00:09:49.092Z,499.8,9.95,$504.56,"Markhomia Gonggi - Juego de juego tradicional coreano, Jebi chagi, Gong-gi, Biseokchigi, Paeng-y, DDAKJI, juegos de viaje familiar (1 juego)",https://www.amazon.com.mx/dp/B0DT1B8ZL4,https://www.amazon.com/dp/B0DT1B8ZL4,Amazon Estados Unidos,Lemoneon
,B0DPLZMG41,8,Juguetes y Juegos,disponible,disponible,,,2025-10-20T00:08:43.188Z,2025-10-27T16:39:48.364Z,2025-10-29T00:09:57.261Z,697.97,15.99,$664.39,"Funda de metal PSA para parachoques de losa resistente a los rayos UV, caja magnética apilable de aluminio para tarjetas graduadas (oro metálico)",https://www.amazon.com.mx/dp/B0DPLZMG41,https://www.amazon.com/dp/B0DPLZMG41,SRKSB LLC,Safeguard TCG Solutions
,B0DBH5XSL1,8,Juguetes y Juegos,disponible,no disponible,,,2025-10-20T00:08:43.188Z,2025-10-27T16:40:01.664Z,2025-10-29T00:10:11.832Z,678.98,,$714.67,"Offelec - Juego de mesa plegable de madera con gran área de almacenamiento, 9 clavijas de metal y 2 cartas de juego, clásico portátil de viaje, juegos de cartas de mesa para niños y adultos, noche",https://www.amazon.com.mx/dp/B0DBH5XSL1,https://www.amazon.com/dp/B0DBH5XSL1,SRKSB LLC,
,B0DHKV38QZ,8,Juguetes y Juegos,disponible,no disponible,,,2025-10-20T00:08:43.188Z,2025-10-27T16:40:09.053Z,2025-10-29T00:10:19.175Z,2037.32,,"$2,027.95","Juego grande de carreras de caballos de 22.8 pulgadas, juego de mesa plegable de carreras de caballos para adultos, madera maciza gruesa con 11 lujosos caballos de metal clásicos duraderos, 143",https://www.amazon.com.mx/dp/B0DHKV38QZ,https://www.amazon.com/dp/B0DHKV38QZ,SRKSB LLC,
,B0D739FXC7,8,Juguetes y Juegos,disponible,no disponible,,,2025-10-20T00:08:43.188Z,2025-10-27T16:40:16.614Z,2025-10-29T00:10:27.184Z,651.29,,$614.48,"Juego de memoria a juego para niños de 3 a 5 a 4 a 8 años, juegos de mesa para 4 a 6 años, aviones de coche, camping, viajes, juguetes, actividades para 3 a 5 a 4 a 8 años, artículos esenciales de",https://www.amazon.com.mx/dp/B0D739FXC7,https://www.amazon.com/dp/B0D739FXC7,SRKSB LLC,
,B08VHG6771,8,Juguetes y Juegos,disponible,no disponible,,,2025-10-20T00:08:43.188Z,2025-10-27T16:40:24.481Z,2025-10-29T00:10:34.869Z,612.69,,$612.69,"Figetget Keep It Steady Fun - Juegos familiares para niños y adultos, entrenamiento de equilibrio y paciencia, juguetes de madera para juegos creativos",https://www.amazon.com.mx/dp/B08VHG6771,https://www.amazon.com/dp/B08VHG6771,SRKSB LLC,
,B0DDSHDK7H,8,Juguetes y Juegos,disponible,disponible,,,2025-10-20T00:08:43.188Z,2025-10-27T16:40:31.465Z,2025-10-29T00:10:42.657Z,754.81,16.99,$752.87,"Juego de ajedrez triángulo de cadena, juegos de mesa de estrategia para niños 4-6-8-12, juegos de mesa de ajedrez para adultos, juegos familiares para niños y adultos, juego de banda de goma",https://www.amazon.com.mx/dp/B0DDSHDK7H,https://www.amazon.com/dp/B0DDSHDK7H,Amazon Estados Unidos,Hcusus
,B0DB6FB813,8,Juguetes y Juegos,disponible,disponible,,,2025-10-20T00:08:43.188Z,2025-10-27T16:40:39.771Z,2025-10-29T00:10:50.718Z,521.15,12.95,$572.43,"Juego de cartas Bug Bash, galardonado juego de cerebro para niños de 7 a 12 años, juego de disparos de conteo rápido rápido, divertido y frenético, juegos inteligentes para niños de 7 a 12 y 2 a 4",https://www.amazon.com.mx/dp/B0DB6FB813,https://www.amazon.com/dp/B0DB6FB813,Amazon Estados Unidos,Niche Nation Games
,B0CZQWTH4V,8,Juguetes y Juegos,disponible,no disponible,,,2025-10-20T00:08:43.188Z,2025-10-27T16:40:47.872Z,2025-10-29T00:10:58.547Z,775.57,,$673.90,Seenelling Tic Tac Toe Juego de mesa Tic Tac Toe Juegos de mesa Actividades de demencia para personas mayores con plantillas a juego y rompecabezas XO Juego de mesa de ajedrez para ancianos,https://www.amazon.com.mx/dp/B0CZQWTH4V,https://www.amazon.com/dp/B0CZQWTH4V,Uğurlu STORE,
,B0CSFHXTP2,8,Juguetes y Juegos,disponible,disponible,,,2025-10-20T00:08:43.189Z,2025-10-27T16:40:55.755Z,2025-10-29T00:11:06.403Z,528.91,7.46,$530.88,"Riaaorr - Juego de dados de colores de 100 piezas, dados de colores estándar, dados de aula, dados translúcidos de 6 caras para juegos de mesa, fiestas, juegos de matemáticas en el aula",https://www.amazon.com.mx/dp/B0CSFHXTP2,https://www.amazon.com/dp/B0CSFHXTP2,SRKSB LLC,Riaaorr Direct
,B0CR6BMYR9,8,Juguetes y Juegos,disponible,no disponible,,,2025-10-20T00:08:43.189Z,2025-10-27T16:41:02.699Z,2025-10-29T00:11:14.528Z,1048.84,,"$1,068.44","BIVOMON - Juego de ajedrez magnético de madera de 15 pulgadas, juego de ajedrez único con ranuras de almacenamiento de piezas de ajedrez, juegos de ajedrez portátil de viaje plegable para niños,",https://www.amazon.com.mx/dp/B0CR6BMYR9,https://www.amazon.com/dp/B0CR6BMYR9,SRKSB LLC,
,B09XMK1TN1,8,Juguetes y Juegos,disponible,no disponible,,,2025-10-20T00:08:43.189Z,2025-10-27T16:41:10.759Z,2025-10-29T00:11:23.355Z,1001.86,,"$1,030.98","WOOD CITY Shut The Box Juego de madera para 6 jugadores, juego de matemáticas para niños y adultos con 16 dados, juego de mesa rápido de 6 vías para familiares, amigos a partir de 3 años en el aula,",https://www.amazon.com.mx/dp/B09XMK1TN1,https://www.amazon.com/dp/B09XMK1TN1,SHERIFF EXPRESS,
,B0BBH989R6,8,Juguetes y Juegos,disponible,no disponible,,,2025-10-20T00:08:43.189Z,2025-10-27T16:41:18.552Z,2025-10-29T00:11:30.038Z,540.33,,$540.33,PTS Games Erupting Volcano Motion Bubbler Juguete de estrés y relajación,https://www.amazon.com.mx/dp/B0BBH989R6,https://www.amazon.com/dp/B0BBH989R6,SRKSB LLC,
,B087JNXL2W,8,Juguetes y Juegos,disponible,no disponible,,,2025-10-20T00:08:43.189Z,2025-10-27T16:41:26.624Z,2025-10-29T00:11:38.657Z,800.43,,$824.79,"Torre de dados de bambú | Caja de madera de edición especial | Perfecto para DM's, mini juegos, jugadores de RPG, DND, mazmorras y dragones | Castillo de madera plegable hecho a mano | Cofre de dados plegable",https://www.amazon.com.mx/dp/B087JNXL2W,https://www.amazon.com/dp/B087JNXL2W,SRKSB LLC,
,B09J6QDTDD,8,Juguetes y Juegos,disponible,no disponible,,,2025-10-20T00:08:57.169Z,2025-10-27T16:41:34.132Z,2025-10-29T00:11:46.409Z,874.92,,$852.17,"Cárcel de Dados DND - Silla y Sombrero - Castiga Tus Dados de rol Malos en Nuestra Dice Jail. Accesorios/Regalos Calabozos y Dragones, Dungeons and Dragons para Dados de RPG D&D D20, D10, D8, D6, D4",https://www.amazon.com.mx/dp/B09J6QDTDD,https://www.amazon.com/dp/B09J6QDTDD,Boon Shopping,
,B0C5351ZLY,8,Juguetes y Juegos,disponible,disponible,,,2025-10-20T00:08:57.169Z,2025-10-27T16:41:42.019Z,2025-10-29T00:11:54.769Z,637.58,13.59,$641.89,"3 bolsas de maquillaje Mah Jongg, regalo de jubilación para los amantes de Mahjong, regalos divertidos para jugadores de Mahjong, bolsa de cosméticos, regalos temáticos Mahjong para amigos, idea de regalo para mamá, cumpleaños, regalos de Navidad, Blanco, Bolsa de maquillaje",https://www.amazon.com.mx/dp/B0C5351ZLY,https://www.amazon.com/dp/B0C5351ZLY,SRKSB LLC,Qizigoo
,B0CPLC64H6,8,Juguetes y Juegos,disponible,no disponible,,,2025-10-20T00:08:57.169Z,2025-10-27T16:41:49.558Z,2025-10-29T00:12:02.959Z,698.73,,$689.40,"Juego de dados de lujo para citas nocturnas – Divertido regalo romántico para parejas, 5 dados, moneda de decisión, tablero y bolsa de transporte para despedida de soltera, aniversario, boda,",https://www.amazon.com.mx/dp/B0CPLC64H6,https://www.amazon.com/dp/B0CPLC64H6,Novayu,
,B0C3HDKZWZ,8,Juguetes y Juegos,disponible,disponible,,,2025-10-20T00:08:57.169Z,2025-10-27T16:41:56.565Z,2025-10-29T00:12:11.166Z,646.36,12.99,$695.00,"3 bolsas de maquillaje Mahjong para amantes de Mahjong, regalos de Mahjong, bolsa de almacenamiento de juegos de mesa, regalos divertidos para jugadores de Mahjong, bolsa de cosméticos Lucky Mahjong, regalo de cumpleaños, Acción de Gracias, Navidad para amiga, hermana, mejor amiga, Beige, Bolsa de maquillaje",https://www.amazon.com.mx/dp/B0C3HDKZWZ,https://www.amazon.com/dp/B0C3HDKZWZ,SRKSB LLC,Qizigoo
,B08LKQLD64,8,Juguetes y Juegos,disponible,no disponible,,,2025-10-20T00:08:57.170Z,2025-10-27T16:42:03.782Z,2025-10-29T00:12:18.308Z,724.99,,$703.21,Tummple Wooden Block Stacking Game for Adults and Kids,https://www.amazon.com.mx/dp/B08LKQLD64,https://www.amazon.com/dp/B08LKQLD64,SRKSB LLC,
,B07V58V53R,8,Juguetes y Juegos,disponible,disponible,,,2025-10-20T00:08:57.170Z,2025-10-27T16:42:12.764Z,2025-10-29T00:12:25.154Z,192,22.99,$783.81,"CLADE-GRAVIM - Juego de cartas de dinosaurio, juego de cartas de dinosaurio, juego de dinosaurios (2 juegos)",https://www.amazon.com.mx/dp/B07V58V53R,https://www.amazon.com/dp/B07V58V53R,Marca: Clade-Gravim,Clade-Gravim
,B0CTJ674LV,8,Juguetes y Juegos,disponible,disponible,,,2025-10-20T00:08:57.170Z,2025-10-27T16:42:20.165Z,2025-10-29T00:12:32.193Z,528.01,12.95,$572.43,"Bird Call - Un juego de fiesta animado y deliciosamente absurdo de 5 minutos, juego de alta energía, regalos de pájaros, regalos de observación de aves, regalos para amantes de las aves, 3 a 8",https://www.amazon.com.mx/dp/B0CTJ674LV,https://www.amazon.com/dp/B0CTJ674LV,Amazon Estados Unidos,Niche Nation Games
,B09NF7CTRT,8,Juguetes y Juegos,disponible,no disponible,,,2025-10-20T00:08:57.170Z,2025-10-27T16:42:26.771Z,2025-10-29T00:12:39.421Z,194.87,,$517.00,Cardinal Games Classics Double 6 Dominó Juego,https://www.amazon.com.mx/dp/B09NF7CTRT,https://www.amazon.com/dp/B09NF7CTRT,Marca: Mindful Classics,
,B0CDC8T2F4,8,Juguetes y Juegos,disponible,no disponible,,,2025-10-20T00:08:57.170Z,2025-10-27T16:42:42.026Z,2025-10-29T00:12:54.715Z,1188.5,,"$1,174.14","Juego de ajedrez magnético de madera 2 en 1, tablas de ajedrez plegables de 15 pulgadas con 2 reinas adicionales, juegos de ajedrez portátiles de viaje con ranuras de almacenamiento de piezas, juego",https://www.amazon.com.mx/dp/B0CDC8T2F4,https://www.amazon.com/dp/B0CDC8T2F4,SRKSB LLC,
,B0BY3931G4,8,Juguetes y Juegos,disponible,no disponible,,,2025-10-20T00:08:57.170Z,2025-10-27T16:42:49.981Z,2025-10-29T00:13:04.052Z,450.21,,$453.77,STAHLHAMMERS - 10 Pack Wooden Dice Set - Standard 16mm 6 Sided - Perfect for Board Games and RPGs,https://www.amazon.com.mx/dp/B0BY3931G4,https://www.amazon.com/dp/B0BY3931G4,SRKSB LLC,
,B0DY1DB6KR,8,Juguetes y Juegos,disponible,no disponible,,,2025-10-20T00:08:57.170Z,2025-10-27T16:42:56.771Z,2025-10-29T00:13:11.186Z,729.63,,$863.90,"Tenyond - Portatarjetas para juegos de viajes, 4 unidades, color azul",https://www.amazon.com.mx/dp/B0DY1DB6KR,https://www.amazon.com/dp/B0DY1DB6KR,SRKSB LLC,
,B0BLNLV12C,8,Juguetes y Juegos,disponible,no disponible,,,2025-10-20T00:08:57.170Z,2025-10-27T16:43:03.081Z,2025-10-29T00:13:19.412Z,892.25,,$970.24,"VAMSLOVE Shut The Box Dice Game Wooden Board (L15 x W13) for 1 2 3 4 5 6 Player, 6 Sided 10 Numbers Math Games with 16 Dices for Kids Adults Families Friends Party Club (Instructions Included)",https://www.amazon.com.mx/dp/B0BLNLV12C,https://www.amazon.com/dp/B0BLNLV12C,SRKSB LLC,
,B09YCQCDB1,8,Juguetes y Juegos,disponible,disponible,,,2025-10-20T00:08:57.171Z,2025-10-27T16:43:11.543Z,2025-10-29T00:13:28.025Z,571.45,9.99,$500.06,"Yiotfandoll 20 dados poliédricos D6 de 16 mm de acrílico de 6 caras para juegos de mesa RPG MTG DND (azul, negro y rojo negro)",https://www.amazon.com.mx/dp/B09YCQCDB1,https://www.amazon.com/dp/B09YCQCDB1,SRKSB LLC,yifandoll
,B09SVHH968,8,Juguetes y Juegos,disponible,no disponible,,,2025-10-20T00:08:57.171Z,2025-10-27T16:43:18.743Z,2025-10-29T00:13:36.104Z,1045.12,,$980.40,"Prezey - Juegos de beber para adultos para fiesta | Pregame, juego de fiesta y regalo, 54 bloques",https://www.amazon.com.mx/dp/B09SVHH968,https://www.amazon.com/dp/B09SVHH968,HARCIN-STORE,
,B0CJ53441M,8,Juguetes y Juegos,disponible,no disponible,,,2025-10-20T00:09:06.076Z,2025-10-27T16:43:25.854Z,2025-10-29T00:13:45.343Z,999.41,,"$1,021.30",Juego de ajedrez magnético de madera,https://www.amazon.com.mx/dp/B0CJ53441M,https://www.amazon.com/dp/B0CJ53441M,SRKSB LLC,
,B07D3CL2PC,8,Juguetes y Juegos,disponible,no disponible,,,2025-10-20T00:09:06.076Z,2025-10-27T16:43:33.788Z,2025-10-29T00:13:52.751Z,889.36,,"$1,008.17",Dabbin' Fever Bingo Daubers - 12 Pack - Assorted Colors,https://www.amazon.com.mx/dp/B07D3CL2PC,https://www.amazon.com/dp/B07D3CL2PC,A_DEM,
,B07DK73N46,8,Juguetes y Juegos,disponible,no disponible,,,2025-10-20T00:09:06.076Z,2025-10-27T16:43:41.162Z,2025-10-29T00:14:01.018Z,472.54,,$461.61,Merytes 2 barajas de Cartas de póquer Impermeables y Cartas de Juego con PVC de plástico Flexible y Cartas de Truco clásicas,https://www.amazon.com.mx/dp/B07DK73N46,https://www.amazon.com/dp/B07DK73N46,SRKSB LLC,
,B09FDHLGWY,8,Juguetes y Juegos,disponible,disponible,,,2025-10-20T00:09:06.076Z,2025-10-27T16:43:49.814Z,2025-10-29T00:14:09.269Z,544.76,8.99,$461.60,"80 piezas de juegos de trivia de Navidad para preguntas y respuestas, juegos de trivia para la familia, juego de vacaciones de Navidad, actividades de adivinación, juegos de vacaciones para adultos, niños, compañeros de trabajo, grupos de suministros de fiesta de Navidad",https://www.amazon.com.mx/dp/B09FDHLGWY,https://www.amazon.com/dp/B09FDHLGWY,SRKSB LLC,Cenxury
,B07DXHB5DM,8,Juguetes y Juegos,disponible,no disponible,,,2025-10-20T00:09:06.076Z,2025-10-27T16:43:57.845Z,2025-10-29T00:14:16.522Z,456.12,,$446.23,Bolígrafo magnético de repuesto para tablero de dibujo magnético de repuesto para bolígrafo magnético de repuesto Magnapad A a Z y números 0-9 (amarillo),https://www.amazon.com.mx/dp/B07DXHB5DM,https://www.amazon.com/dp/B07DXHB5DM,SRKSB LLC,
,B0CN2BTM75,8,Juguetes y Juegos,disponible,disponible,,,2025-10-20T00:09:17.783Z,2025-10-27T16:44:06.080Z,2025-10-29T00:14:23.468Z,699.17,17.99,$735.12,"Siifert - 36 fichas AA de recuperación y medallones a granel, fichas AA de sobriedad, fichas AA con alcohol, medallón anónimo, aluminio, incluye 1, 2, 3, 6, 9 meses y 24 horas, lote conmemorativo de",https://www.amazon.com.mx/dp/B0CN2BTM75,https://www.amazon.com/dp/B0CN2BTM75,Abundant Peace,Shoing Shop
,B0DQ13JT7J,8,Juguetes y Juegos,disponible,disponible,,,2025-10-20T00:09:17.783Z,2025-10-27T16:44:15.426Z,2025-10-29T00:14:31.473Z,915.83,18.95,$883.00,"Forzarocket Carpeta de 9 bolsillos | Álbum de carga lateral de 288 tarjetas para juegos coleccionables y tarjetas deportivas, piel sintética con cierre (negro carbón)",https://www.amazon.com.mx/dp/B0DQ13JT7J,https://www.amazon.com/dp/B0DQ13JT7J,qiuxushenzen8511xdsw,ForzaRocket
,B0D9B9WNC5,8,Juguetes y Juegos,disponible,disponible,,,2025-10-20T00:09:17.784Z,2025-10-27T16:44:23.292Z,2025-10-29T00:14:40.834Z,594.2,12.34,$653.25,"Carpeta de 4 bolsillos para tarjetas de 400 tarjetas de álbum, soporte para tarjetas de intercambio de donas rosas con cierre para niñas y adolescentes (rosquilla rosa, 400 bolsillos)",https://www.amazon.com.mx/dp/B0D9B9WNC5,https://www.amazon.com/dp/B0D9B9WNC5,SRKSB LLC,Loganrock
,B0C7449XGJ,8,Juguetes y Juegos,disponible,disponible,,,2025-10-20T00:09:17.784Z,2025-10-27T16:44:30.326Z,2025-10-29T00:14:50.492Z,495.72,17.99,$695.82,"MUQING - 840 páginas de monedas, 20 hojas de insertos de bolsillo para monedas, suministros de almacenamiento de colección de monedas, páginas de bolsillo de colección de monedas para centavos, níquel, diez centavos, cuarto (42 bolsillos)",https://www.amazon.com.mx/dp/B0C7449XGJ,https://www.amazon.com/dp/B0C7449XGJ,Amazon Estados Unidos,MUQING ONLINE
,B09JZDMMSN,8,Juguetes y Juegos,disponible,disponible,,,2025-10-20T00:09:17.784Z,2025-10-27T16:44:38.744Z,2025-10-29T00:14:58.138Z,439.27,7.98,$454.96,"Tpoael Fundas para tarjetas, 10 protectores de tarjetas de acrílico duro, ladrillo de tarjetas transparente + 2 soportes de exhibición para tarjetas de intercambio, tarjetas deportivas estándar",https://www.amazon.com.mx/dp/B09JZDMMSN,https://www.amazon.com/dp/B09JZDMMSN,M&H Customer Friendly Store,Ginger Ring
,B0F63PQWFN,8,Juguetes y Juegos,disponible,disponible,,,2025-10-20T00:09:17.784Z,2025-10-27T16:44:47.511Z,2025-10-29T00:15:05.358Z,724.81,16.99,$730.55,"Waaaandefu Dragón impreso en 3D que brilla en la oscuridad con huevo a juego, juego de huevos de dragón con impresión 3D reactiva a los rayos UV, coleccionable 2025 actualizado para fanáticos de la",https://www.amazon.com.mx/dp/B0F63PQWFN,https://www.amazon.com/dp/B0F63PQWFN,Binglu,Waaaandefu
,B0DWSG2XWB,8,Juguetes y Juegos,disponible,disponible,,,2025-10-20T00:09:17.784Z,2025-10-27T16:44:55.631Z,2025-10-29T00:15:13.036Z,724.93,15.34,$679.09,"Toploader - Carpeta de almacenamiento con capacidad para 288 tarjetas, 9 bolsillos, con fundas para cargadores superiores rígidos de 3 x 4 pulgadas (9 negro)",https://www.amazon.com.mx/dp/B0DWSG2XWB,https://www.amazon.com/dp/B0DWSG2XWB,Amazon Estados Unidos,MOSLA
,B0CWH3V2S1,8,Juguetes y Juegos,disponible,disponible,,,2025-10-20T00:09:17.784Z,2025-10-27T16:45:03.245Z,2025-10-29T00:15:21.526Z,409.52,4.99,$409.52,"Fundas para tarjetas de 3 x 4 pulgadas, cargadores superiores para tarjetas, protectores de tarjetas de béisbol de 42 unidades de plástico duro, fundas para tarjetas deportivas, soporte transparente",https://www.amazon.com.mx/dp/B0CWH3V2S1,https://www.amazon.com/dp/B0CWH3V2S1,SRKSB LLC,JIANGLI-Direct
,B09L4LLTL8,8,Juguetes y Juegos,disponible,disponible,,,2025-10-20T00:09:17.785Z,2025-10-27T16:45:11.401Z,2025-10-29T00:15:29.697Z,638.87,14.78,$638.87,"Tpoael Fundas para tarjetas de intercambio, 20 unidades, protector de tarjetas de acrílico duro, ladrillo de tarjetas transparente + 5 soportes de exhibición para tarjetas deportivas estándar, fundas coleccionables para tarjetas de béisbol, color blanco",https://www.amazon.com.mx/dp/B09L4LLTL8,https://www.amazon.com/dp/B09L4LLTL8,SRKSB LLC,Ginger Ring
,B0CRSZWYB2,8,Juguetes y Juegos,disponible,no disponible,,,2025-10-20T00:09:17.785Z,2025-10-27T16:45:25.524Z,2025-10-29T00:15:44.329Z,992.66,,"$1,371.47","LIUYALO - Marco de pared para coleccionista, soporte de monedas de desafío militar, pasadores militares, caja de sombra con cerradura con estantes extraíbles, color negro",https://www.amazon.com.mx/dp/B0CRSZWYB2,https://www.amazon.com/dp/B0CRSZWYB2,峥霆科技,
,B0CGBYBYS8,8,Juguetes y Juegos,disponible,no disponible,,,2025-10-20T00:09:17.785Z,2025-10-27T16:45:34.199Z,2025-10-29T00:15:51.956Z,243,,No disponible,Moneda de cumpleaños de la Fuerza Aérea de Estados Unidos 2023 Diseñado para veteranos militares – Producto oficial de la Fuerza Aérea Moneda,https://www.amazon.com.mx/dp/B0CGBYBYS8,https://www.amazon.com/dp/B0CGBYBYS8,"Marca: Coins For Anything, Inc",
,B0F83S6328,8,Juguetes y Juegos,disponible,disponible,,,2025-10-20T00:09:29.977Z,2025-10-27T16:45:41.803Z,2025-10-29T00:15:59.687Z,469.73,7.99,$465.46,"Kit de captura de insectos para niños, kit de trampa de insectos con lupa 6X, juguetes de exploración educativos STEM regalos para adultos y niños niñas, atrape mariquitas, mariposas, libélulas, araña",https://www.amazon.com.mx/dp/B0F83S6328,https://www.amazon.com/dp/B0F83S6328,SRKSB LLC,LEUOA USA
Libros,B0C9H8JH42,8,Juguetes y Juegos,disponible,no disponible,,,2025-10-20T00:09:29.978Z,2025-10-27T16:45:49.554Z,2025-10-29T00:16:08.613Z,780.55,,$793.85,"Kit de diario de bricolaje para niñas, 78 piezas de diario para adolescentes y adolescentes, kit de manualidades de diario, libro de recortes y suministros de diario, juego de papelería, regalo ideal para niñas de 8, 9, 10, 11 años (azul)",https://www.amazon.com.mx/dp/B0C9H8JH42,https://www.amazon.com/dp/B0C9H8JH42,SRKSB LLC,
,B0DZ65RJSP,8,Juguetes y Juegos,disponible,no disponible,,,2025-10-20T00:09:29.978Z,2025-10-27T16:45:58.307Z,2025-10-29T00:16:15.141Z,831.77,,$806.92,"Tablero ocupado con interruptores de luz LED, juguetes Montessori para niños de 1 2 3 años, tabla de actividades sensoriales de juguete de madera para niños y niñas de más de 1 año",https://www.amazon.com.mx/dp/B0DZ65RJSP,https://www.amazon.com/dp/B0DZ65RJSP,SRKSB LLC,
Libros,B0BQC11PXP,8,Juguetes y Juegos,disponible,disponible,,,2025-10-20T00:09:29.978Z,2025-10-27T16:46:06.246Z,2025-10-29T00:16:23.200Z,599,9.99,$597.94,"Luolizon Diario de conejo con cerradura para niñas, diario para niños, juego de regalo con 2 bolígrafos de zanahoria para cumpleaños, Navidad y día de Pascua",https://www.amazon.com.mx/dp/B0BQC11PXP,https://www.amazon.com/dp/B0BQC11PXP,XIJIANG,ya zhong
,B0BNDRQGDY,8,Juguetes y Juegos,disponible,no disponible,,,2025-10-20T00:09:29.979Z,2025-10-27T16:46:14.529Z,2025-10-29T00:16:30.150Z,748.82,,$757.65,"Hoarosall Tablero ocupado de dinosaurio con 8 interruptores de luz LED, tablero ocupado Montessori para niños pequeños, juguetes sensoriales Montessori para bebés de más de 1 año, niño pequeño Azul",https://www.amazon.com.mx/dp/B0BNDRQGDY,https://www.amazon.com/dp/B0BNDRQGDY,SRKSB LLC,
,B07YJHNG78,8,Juguetes y Juegos,disponible,no disponible,,,2025-10-20T00:09:29.979Z,2025-10-27T16:46:24.060Z,2025-10-29T00:16:37.484Z,1421.23,,"$1,519.44","CERROPI Newton - Bolas de equilibrio de cuna, péndulo Newton con 7 bolas, bola clásica Newton, artilugio de ciencia física | Juguetes de escritorio y accesorios, 11 pulgadas, 65 segundos Swingtime",https://www.amazon.com.mx/dp/B07YJHNG78,https://www.amazon.com/dp/B07YJHNG78,M&H Customer Friendly Store,
,B0CP3TWF59,8,Juguetes y Juegos,disponible,no disponible,,,2025-10-20T00:09:29.979Z,2025-10-27T16:46:32.303Z,2025-10-29T00:16:45.866Z,1101.04,,"$1,026.10","Montessori - Libro ocupado para niños pequeños de 3 años, libro silencioso de fieltro 3D para bebé, libro sensorial para autismo, desarrolla habilidades motoras finas, actividades de aprendizaje",https://www.amazon.com.mx/dp/B0CP3TWF59,https://www.amazon.com/dp/B0CP3TWF59,SRKSB LLC,
,B0D2S6J4HP,8,Juguetes y Juegos,disponible,disponible,,,2025-10-20T00:09:29.979Z,2025-10-27T16:46:40.645Z,2025-10-29T00:16:53.854Z,2091.82,69.99,"$2,134.82","EMT & Paramedic Farmacology Drug Study Flashcards & Pocket Guide con preguntas de prueba, fórmulas de dosificación, indicadores IV, concentraciones, tasas de goteo y mucho más para estudiantes, EMT",https://www.amazon.com.mx/dp/B0D2S6J4HP,https://www.amazon.com/dp/B0D2S6J4HP,SRKSB LLC,Paramedic Flash
,B08D6S9RB9,8,Juguetes y Juegos,disponible,disponible,,,2025-10-20T00:09:29.979Z,2025-10-27T16:46:48.654Z,2025-10-29T00:17:01.428Z,375.14,4.31,$425.21,"Peppa Pig - Libro para colorear y actividades ""Pretty Little Peppa - 80 páginas",https://www.amazon.com.mx/dp/B08D6S9RB9,https://www.amazon.com/dp/B08D6S9RB9,SRKSB LLC,JA&P Store LLC
,B0CHYB5QL2,8,Juguetes y Juegos,disponible,disponible,,,2025-10-20T00:09:29.979Z,2025-10-27T16:46:57.160Z,2025-10-29T00:17:09.896Z,392.16,9.99,$500.06,Imanes de espuma CVC,https://www.amazon.com.mx/dp/B0CHYB5QL2,https://www.amazon.com/dp/B0CHYB5QL2,Amazon Estados Unidos,Edu-Like
,B0F6CQTZ1M,8,Juguetes y Juegos,disponible,disponible,,,2025-10-20T00:09:29.980Z,2025-10-27T16:47:05.244Z,2025-10-29T00:17:17.637Z,1057.14,26.99,"$1,576.97","Odatay Microscopio para niños, mini microscopio digital de mano para niños de 8 a 12 años, 1000 x bolsillo portátil",https://www.amazon.com.mx/dp/B0F6CQTZ1M,https://www.amazon.com/dp/B0F6CQTZ1M,SRKSB LLC,Odatay Direct
,B0CJ94LH8F,8,Juguetes y Juegos,disponible,disponible,,,2025-10-20T00:09:29.980Z,2025-10-27T16:47:12.770Z,2025-10-29T00:17:26.510Z,526.15,8.98,$504.22,"Juguetes para niños de 3 a 8 años Prismáticos para niños con manual de observación de aves para niños de 4, 5, 6, 7, 8 años, juguete al aire última intervensión para niños de 4 a 6 años, telescopio de campamento, regalo de cumpleaños para niños pequeños",https://www.amazon.com.mx/dp/B0CJ94LH8F,https://www.amazon.com/dp/B0CJ94LH8F,SRKSB LLC,Sensengmaoyi
,B0BY8C82LG,8,Juguetes y Juegos,disponible,no disponible,,,2025-10-20T00:09:29.980Z,2025-10-27T16:47:19.392Z,2025-10-29T00:17:35.279Z,1024.03,,$983.31,Paquete de 2 kit de diario para manualidades – Regalos para niñas de 8 9 10 11 12 13 14 años – Ideas geniales de regalos de cumpleaños para niñas – Arte y manualidades para adolescentes – Cosas de,https://www.amazon.com.mx/dp/B0BY8C82LG,https://www.amazon.com/dp/B0BY8C82LG,BİLGİ LTD,
,B0DBYYNMC1,8,Juguetes y Juegos,disponible,no disponible,,,2025-10-20T00:09:29.980Z,2025-10-27T16:47:28.604Z,2025-10-29T00:17:42.785Z,487.31,,$498.06,Anemeeoke - Tarjetas de flash educativas con 2 marcadores de borrado en seco,https://www.amazon.com.mx/dp/B0DBYYNMC1,https://www.amazon.com/dp/B0DBYYNMC1,SRKSB LLC,
,B0C3CH6XLP,8,Juguetes y Juegos,disponible,no disponible,,,2025-10-20T00:09:29.980Z,2025-10-27T16:47:35.516Z,2025-10-29T00:17:51.524Z,1209.48,,"$1,209.48","Juguetes para bebés 6 en 1 de 6 a 12 meses, juguete Montessori para niños pequeños de 1 a 3, juguetes para dentición infantil, bloques apilables, anillos, tirar, clasificador de juguetes",https://www.amazon.com.mx/dp/B0C3CH6XLP,https://www.amazon.com/dp/B0C3CH6XLP,SRKSB LLC,
,B0DQXPB8HS,8,Juguetes y Juegos,disponible,disponible,,,2025-10-20T00:09:29.980Z,2025-10-27T16:47:42.885Z,2025-10-29T00:17:59.804Z,587.98,10.85,$703.53,"GLMZZ - Juguete de bola magnética, 8 piezas, textura multicolor, regalo sensorial táctil para adolescentes y adultos, TDAH, autismo, ansiedad, rodillo de masaje silencioso para aliviar el estrés",https://www.amazon.com.mx/dp/B0DQXPB8HS,https://www.amazon.com/dp/B0DQXPB8HS,SRKSB LLC,J-ying
,B0DNWXGYNJ,8,Juguetes y Juegos,disponible,disponible,,,2025-10-20T00:09:43.209Z,2025-10-27T16:47:51.619Z,2025-10-29T00:18:07.932Z,1673.52,54.99,"$1,664.47",Fichas de revisión oral piloto privado – Tu solución completa de estudio para dominar el revisión PPL con facilidad por Checkride Guía de estudio – Más de 300 tarjetas que cubren todos los temas,https://www.amazon.com.mx/dp/B0DNWXGYNJ,https://www.amazon.com/dp/B0DNWXGYNJ,SRKSB LLC,Checkride Study Guide
,B0F1TDD4PT,8,Juguetes y Juegos,disponible,no disponible,,,2025-10-20T00:09:43.209Z,2025-10-27T16:47:58.524Z,2025-10-29T00:18:15.385Z,463.87,,$436.85,Kiadekoce Tarjetas de mesa multiplicación,https://www.amazon.com.mx/dp/B0F1TDD4PT,https://www.amazon.com/dp/B0F1TDD4PT,SRKSB LLC,
,B0D41ZPJHY,8,Juguetes y Juegos,disponible,no disponible,,,2025-10-20T00:09:43.209Z,2025-10-27T16:48:13.616Z,2025-10-29T00:18:30.558Z,492.1,,$538.95,"Cowcowcow Montessori - Juguetes para niños de 1, 2, 3, 4 años, juguetes para niños pequeños de 2 a 4 años, 1, 2, 3, 4 años, regalos de cumpleaños, paquete de 10 bloques de madera para clasificar y",https://www.amazon.com.mx/dp/B0D41ZPJHY,https://www.amazon.com/dp/B0D41ZPJHY,SRKSB LLC,
,B0D98C19LB,8,Juguetes y Juegos,disponible,no disponible,,,2025-10-20T00:09:43.209Z,2025-10-27T16:48:20.460Z,2025-10-29T00:18:38.210Z,651.9,,$721.84,"Libro de trabajo educativo para actividades de aprendizaje preescolar, 62 páginas reutilizables, libros de seguimiento de letras de números para niños, materiales de aprendizaje para autismo, libro",https://www.amazon.com.mx/dp/B0D98C19LB,https://www.amazon.com/dp/B0D98C19LB,SRKSB LLC,
,B0D4QWL3ZG,8,Juguetes y Juegos,disponible,no disponible,,,2025-10-20T00:09:43.210Z,2025-10-27T16:48:28.024Z,2025-10-29T00:18:45.563Z,794.47,,$757.15,"HELLO PAPAYA - Juguetes apilables de madera, 16 piezas de bloques de construcción de equilibrio, juguete acrobático de Circus Hercules, para niños y adultos de 3, 4, 5, 6 años",https://www.amazon.com.mx/dp/B0D4QWL3ZG,https://www.amazon.com/dp/B0D4QWL3ZG,SRKSB LLC,
,B0D47GK6FP,8,Juguetes y Juegos,disponible,no disponible,,,2025-10-20T00:09:43.210Z,2025-10-27T16:48:36.322Z,2025-10-29T00:18:53.385Z,1000.07,,"$1,006.39","Montessori - Libro de fieltro ocupado para niños pequeños, libro silencioso para preescolar, juego de simulación, aprendizaje temprano, juguetes educativos de viaje para niños de 2, 3, 4, 5, 6 años",https://www.amazon.com.mx/dp/B0D47GK6FP,https://www.amazon.com/dp/B0D47GK6FP,SEONGSAN,
,B0D56RHF64,8,Juguetes y Juegos,disponible,disponible,,,2025-10-20T00:09:43.210Z,2025-10-27T16:48:43.923Z,2025-10-29T00:19:01.868Z,1002.46,28.49,"$1,030.48","Microscopio para niños, microscopio portátil Ashfly 1000X para niños, mini fotos y video, microscopio de bolsillo, visualización digital de 2 pulgadas, juguetes ideales para niños y niñas de 3 a 12",https://www.amazon.com.mx/dp/B0D56RHF64,https://www.amazon.com/dp/B0D56RHF64,SRKSB LLC,AshflyOfficial
,B0CDKQGGN8,8,Juguetes y Juegos,disponible,no disponible,,,2025-10-20T00:09:43.210Z,2025-10-27T16:48:51.823Z,2025-10-29T00:19:08.426Z,918.55,,$856.97,"Juguetes para niños pequeños de coche para niños: juguetes para niños de 2 a 3 a 4 años, juguetes de construcción 5 en 1 para niños de 2 a 3 a 4 a 3 años, juguetes para bebés de 18 a 24 meses, regalos de cumpleaños de Navidad para niños",https://www.amazon.com.mx/dp/B0CDKQGGN8,https://www.amazon.com/dp/B0CDKQGGN8,Novayu,
,B0CJV2M77L,8,Juguetes y Juegos,disponible,no disponible,,,2025-10-20T00:09:43.210Z,2025-10-27T16:48:59.705Z,2025-10-29T00:19:16.061Z,703.9,,$699.31,"36 temáticos Montessori - Libro ocupado para niños de 3 años en adelante, actividades de aprendizaje preescolar para niños, juguetes educativos, herramientas para autismo y aprendizaje temprano",https://www.amazon.com.mx/dp/B0CJV2M77L,https://www.amazon.com/dp/B0CJV2M77L,SRKSB LLC,
,B0CHFZH3T2,8,Juguetes y Juegos,disponible,disponible,,,2025-10-20T00:09:43.210Z,2025-10-27T16:49:08.620Z,2025-10-29T00:19:24.092Z,662.12,11.99,$665.21,"Playbees - Mini libros de juegos para niños, paquete de 24 unidades, varios folletos educativos para juegos cerebrales, aprendizaje y entretenimiento, perfectos para niños divertidos sobre la marcha,",https://www.amazon.com.mx/dp/B0CHFZH3T2,https://www.amazon.com/dp/B0CHFZH3T2,SRKSB LLC,BetterBasics
,B0BNQPHKC3,8,Juguetes y Juegos,disponible,no disponible,,,2025-10-20T00:09:43.210Z,2025-10-27T16:49:16.416Z,2025-10-29T00:19:31.915Z,698.73,,$694.06,"Tarjetas flash de multiplicación de 3er grado | 183 tarjetas flash matemáticas y tabla de tiempos, Tablas de multiplicar para niños, tarjetas flash de mesa de tiempos y juegos, tarjetas flash de datos",https://www.amazon.com.mx/dp/B0BNQPHKC3,https://www.amazon.com/dp/B0BNQPHKC3,Novayu,
,B09MK7Q1ZZ,8,Juguetes y Juegos,disponible,disponible,,,2025-10-20T00:09:43.211Z,2025-10-27T16:49:24.767Z,2025-10-29T00:19:39.648Z,637.54,13.99,$622.96,"Juguetes de dinosaurio, libro de sonido de dinosaurio con paquete de 12 cifras de juguete, rugidos realistas, interactivos, perfectos para niños, dinosaurios, juguetes educativos para niños y niñas de",https://www.amazon.com.mx/dp/B09MK7Q1ZZ,https://www.amazon.com/dp/B09MK7Q1ZZ,SRKSB LLC,haoaoao
,B09KYCX1T8,8,Juguetes y Juegos,disponible,no disponible,,,2025-10-20T00:09:43.211Z,2025-10-27T16:49:31.695Z,2025-10-29T00:19:48.615Z,745.47,,$682.52,"Montessori Toys - Tablero ocupado para niños pequeños que aprenden a atar, hebilla, encaje, cierre, etc. Conduce a la independencia, tabla de actividades con alfabeto y rastreo de números plegable",https://www.amazon.com.mx/dp/B09KYCX1T8,https://www.amazon.com/dp/B09KYCX1T8,SRKSB LLC,
,B0DK8HKXD3,8,Juguetes y Juegos,disponible,no disponible,,,2025-10-20T00:09:43.211Z,2025-10-27T16:49:38.284Z,2025-10-29T00:19:55.638Z,1228.4,,$743.96,"Microscopio para niños, mini microscopio portátil de mano 1000X con 8 luces LED ajustables, cámara de microscopio de bolsillo con visualización LCD de 2 pulgadas para niños pequeños, educación,",https://www.amazon.com.mx/dp/B0DK8HKXD3,https://www.amazon.com/dp/B0DK8HKXD3,SRKSB LLC,
,0984527206,8,Juguetes y Juegos,disponible,disponible,,,2025-10-20T00:09:43.211Z,2025-10-27T16:49:46.484Z,2025-10-29T00:20:03.370Z,668.06,15.25,$668.06,"? WORD TEASERS SAT Vocabulario – Constructor de vocabulario para niños, adolescentes y adultos – Divertido juego de iniciación y vocabulario – Juego de palabras SAT – 150 tarjetas flash de vocabulario SAT",https://www.amazon.com.mx/dp/0984527206,https://www.amazon.com/dp/0984527206,SRKSB LLC,WordTeasers
,B078JFSH8P,8,Juguetes y Juegos,disponible,no disponible,,,2025-10-20T00:09:43.211Z,2025-10-27T16:49:55.004Z,2025-10-29T00:20:10.424Z,695.7,,$679.49,"Juguetes para niños de 3 a 8 años, prismáticos para niños, nuevos juguetes populares de Pascua al aire última intervensión para niños de 5 a 7 a 6 a 10 años, regalos para niños de 4 a 8 años, juguete",https://www.amazon.com.mx/dp/B078JFSH8P,https://www.amazon.com/dp/B078JFSH8P,SRKSB LLC,
,B0CYZT2YQ8,8,Juguetes y Juegos,disponible,no listado,,,2025-10-20T00:09:53.717Z,2025-10-27T16:50:03.901Z,2025-10-29T00:20:19.091Z,370,,$715.80,"Rompecabezas educativo de fracción magnética, juegos de aprendizaje primario, juego de ayuda para la enseñanza de fracción, suministros escolares para el hogar",https://www.amazon.com.mx/dp/B0CYZT2YQ8,https://www.amazon.com/dp/B0CYZT2YQ8,Marca: Traboto,
,B0BZMXF8BL,8,Juguetes y Juegos,disponible,no disponible,,,2025-10-20T00:09:53.717Z,2025-10-27T16:50:11.591Z,2025-10-29T00:20:24.502Z,1964.88,,"$2,047.81",Juguetes de madera para bebé,https://www.amazon.com.mx/dp/B0BZMXF8BL,https://www.amazon.com/dp/B0BZMXF8BL,SRKSB LLC,
,B096LRMKKK,8,Juguetes y Juegos,disponible,disponible,,,2025-10-20T00:09:53.717Z,2025-10-27T16:50:18.871Z,2025-10-29T00:20:33.119Z,735.92,20.99,$735.02,"Kit de terrario iluminado para niños con juguetes de unicornio, construcción de tu jardín maravilloso, regalo de noche de unicornio para niñas de 3, 4, 5, 6, 7, 8 años y más, de unicornio, regalo de cumpleaños, decoración de dormitorio",https://www.amazon.com.mx/dp/B096LRMKKK,https://www.amazon.com/dp/B096LRMKKK,M&H Customer Friendly Store,Sldales
,B08X2R5VW4,8,Juguetes y Juegos,disponible,disponible,,,2025-10-20T00:09:53.717Z,2025-10-27T16:50:25.776Z,2025-10-29T00:20:41.252Z,823,9.99,$605.91,"Luolizon - Diario para gatos para niñas con candado y 2 llaves, juego de regalo para niños con bolígrafo multicolor, 80 hojas con forro de corazón dulce",https://www.amazon.com.mx/dp/B08X2R5VW4,https://www.amazon.com/dp/B08X2R5VW4,XIJIANG,ya zhong
,B0DY5HNPGH,8,Juguetes y Juegos,disponible,disponible,,,2025-10-20T00:10:06.026Z,2025-10-27T16:50:33.073Z,2025-10-29T00:20:49.352Z,652.09,15.98,$756.01,"Bat Walkie Talkies para niños con luces intermitentes, diseño de dardos alados y nave espacial, paquete de 2 unidades de radio de 2 vías 3-12 años de edad, juguetes de senderismo al aire última",https://www.amazon.com.mx/dp/B0DY5HNPGH,https://www.amazon.com/dp/B0DY5HNPGH,SRKSB LLC,SZXIAOJXX SHOP
,B0D8HPK8CW,8,Juguetes y Juegos,disponible,disponible,,,2025-10-20T00:10:06.026Z,2025-10-27T16:50:41.552Z,2025-10-29T00:20:57.620Z,645.53,13.49,$633.26,"Funda de silicona compatible con Anbernic RG556, antiarañazos, lavable, a prueba de golpes, funda protectora de silicona para consola de juegos de mano retro RG556, color negro",https://www.amazon.com.mx/dp/B0D8HPK8CW,https://www.amazon.com/dp/B0D8HPK8CW,SRKSB LLC,JianDianDianZi
,B0D4R1NJDX,8,Juguetes y Juegos,disponible,no disponible,,,2025-10-20T00:10:06.026Z,2025-10-27T16:50:55.099Z,2025-10-29T00:21:12.116Z,871.49,,$908.87,"Dog-E Interactive Robot Luces LED Coloridas, más de 200 Sonidos y reacciones, aplicación conectada (Mayores de 6 años)",https://www.amazon.com.mx/dp/B0D4R1NJDX,https://www.amazon.com/dp/B0D4R1NJDX,DKBS STORE,
,B0D4JVBXJ6,8,Juguetes y Juegos,disponible,no disponible,,,2025-10-20T00:10:06.026Z,2025-10-27T16:51:02.630Z,2025-10-29T00:21:20.952Z,661.07,,$656.44,"STEM Toys - Kits de manualidades para niños y niñas de 5 a 7 a 8 a 13 a 8 a 10 a 12 a 14 años, kits de construcción de bricolaje para actividades infantiles, walkie talkies, regalos de cumpleaños para",https://www.amazon.com.mx/dp/B0D4JVBXJ6,https://www.amazon.com/dp/B0D4JVBXJ6,SRKSB LLC,
,B0CB7LTQWQ,8,Juguetes y Juegos,disponible,disponible,,,2025-10-20T00:10:06.027Z,2025-10-27T16:51:11.447Z,2025-10-29T00:21:28.953Z,600.04,12.1,$597.30,"Walkie Talkies - Juguetes para niñas: comedyfun Mini robots Walkies Talkies rosa, paquete de 2 regalos de cumpleaños de Navidad para niñas de 3, 4, 5, 6, 7, 8 años, juguetes para nietos de 4, 5, 6, 7",https://www.amazon.com.mx/dp/B0CB7LTQWQ,https://www.amazon.com/dp/B0CB7LTQWQ,SRKSB LLC,Xuanhuih
,B0DHS6MJNN,8,Juguetes y Juegos,disponible,disponible,,,2025-10-20T00:10:06.027Z,2025-10-27T16:51:18.895Z,2025-10-29T00:21:35.870Z,899.74,23.74,$859.63,"Walkie Talkies Juguetes para niños y niñas: paquete de 3 regalos de cumpleaños para niños de 3, 4, 5, 6, 7, 8, 9, 10 años, niños y niñas, juguete de radio de 2 vías para niños y niñas de 3 a 4 años, 4",https://www.amazon.com.mx/dp/B0DHS6MJNN,https://www.amazon.com/dp/B0DHS6MJNN,SRKSB LLC,vary toys
,B0D6Z8HQRB,8,Juguetes y Juegos,disponible,disponible,,,2025-10-20T00:10:06.027Z,2025-10-27T16:51:25.915Z,2025-10-29T00:21:44.512Z,643.18,14.99,$648.48,"Walkie Talkies para niños de 3 a 8 años: juguetes de Navidad, regalos para niños de 3, 4, 5, 6, 7, 8, 9, 10 años de edad, niños al aire última intervensión, camping, juguete de radio de 2 vías, regalo",https://www.amazon.com.mx/dp/B0D6Z8HQRB,https://www.amazon.com/dp/B0D6Z8HQRB,SRKSB LLC,vary toys
,B0D16V2KY3,8,Juguetes y Juegos,disponible,disponible,,,2025-10-20T00:10:06.027Z,2025-10-27T16:51:34.150Z,2025-10-29T00:21:52.119Z,626.29,13.99,$666.88,"Walkie Talkies Juguetes para niños: regalos de Pascua para niños de 3, 4, 5, 6, 7, 8, 9, 10, Walkie Talkies para niños, paquete de 2 juguetes de senderismo al aire última intervensión para niños de 5",https://www.amazon.com.mx/dp/B0D16V2KY3,https://www.amazon.com/dp/B0D16V2KY3,SRKSB LLC,fengkakeji
,B0DFV8KTRH,8,Juguetes y Juegos,disponible,no disponible,,,2025-10-20T00:10:06.027Z,2025-10-27T16:51:41.695Z,2025-10-29T00:22:00.016Z,742.24,,$780.29,"Cámara para niños, regalos de cumpleaños de Navidad para niños, regalos de niña de 3, 4, 5, 6, 7, 8 años, juguetes para niñas, cámara digital multifuncional con carcasa de silicona suave, tarjeta de",https://www.amazon.com.mx/dp/B0DFV8KTRH,https://www.amazon.com/dp/B0DFV8KTRH,SRKSB LLC,
,B0CPXXNM36,8,Juguetes y Juegos,disponible,no disponible,,,2025-10-20T00:10:06.027Z,2025-10-27T16:51:49.745Z,2025-10-29T00:22:08.903Z,844.64,,$806.95,"Cámara para niños, cámara digital de dinosaurios para niños y niñas, regalos de cumpleaños de Navidad, cámara selfie 1080P para juguetes de 3, 4, 5, 6, 7, 8, 9 años, azul oscuro",https://www.amazon.com.mx/dp/B0CPXXNM36,https://www.amazon.com/dp/B0CPXXNM36,SRKSB LLC,
,B0D61D7VX2,8,Juguetes y Juegos,disponible,no disponible,,,2025-10-20T00:10:19.945Z,2025-10-27T16:51:57.220Z,2025-10-29T00:22:16.031Z,480.35,,$483.54,"BLDR - Juego de construcción de Figura de acción construible para Motosierra, 0040-10 Pulgadas, Figura constructiva articulada con 311 Piezas",https://www.amazon.com.mx/dp/B0D61D7VX2,https://www.amazon.com/dp/B0D61D7VX2,Marca: BLDR,
,B0F9XWW96V,8,Juguetes y Juegos,disponible,disponible,,,2025-10-20T00:10:19.945Z,2025-10-27T16:52:04.974Z,2025-10-29T00:22:25.022Z,1370.18,39.99,"$1,381.01",BLOKEES Transformers Action Edition 03 Soundwave,https://www.amazon.com.mx/dp/B0F9XWW96V,https://www.amazon.com/dp/B0F9XWW96V,SRKSB LLC,
,B0DPJJM7P2,8,Juguetes y Juegos,disponible,no disponible,,,2025-10-20T00:10:19.946Z,2025-10-27T16:52:13.288Z,2025-10-29T00:22:32.339Z,1006.93,,"$1,006.93","DISNEY STORE - Juego de 2 cifras oficiales de Moana – 7 cifras de Disney totalmente esculpidas incluyendo Moana, Simea, Maui, Pua con Heihei, Matangi, Loto y Moni con fondos escénicos",https://www.amazon.com.mx/dp/B0DPJJM7P2,https://www.amazon.com/dp/B0DPJJM7P2,SRKSB LLC,
,B0CG17HSJX,8,Juguetes y Juegos,disponible,no disponible,,,2025-10-20T00:10:19.946Z,2025-10-27T16:52:20.906Z,2025-10-29T00:22:41.139Z,756.38,,$756.17,"JOYTOY - Figura de acción Warhammer 1/18 modelo de la colección 40,000 Action Figure Ultramarines Intercessors, regalos para cumpleaños y Navidad, 10 cm",https://www.amazon.com.mx/dp/B0CG17HSJX,https://www.amazon.com/dp/B0CG17HSJX,SRKSB LLC,
,B0F7MM5YHX,8,Juguetes y Juegos,disponible,no disponible,,,2025-10-20T00:10:19.946Z,2025-10-27T16:52:28.985Z,2025-10-29T00:22:49.029Z,1047.33,,"$1,127.77","DISNEY STORE - Juego de 8 cifras de Disney totalmente esculpidas, incluyendo Buzz Lightyear, Woody, Jessie y más en caja de doble nivel con fondos escénicos",https://www.amazon.com.mx/dp/B0F7MM5YHX,https://www.amazon.com/dp/B0F7MM5YHX,SRKSB LLC,
,B000Z4G7DK,8,Juguetes y Juegos,disponible,no disponible,,,2025-10-20T00:10:19.946Z,2025-10-27T16:52:37.905Z,2025-10-29T00:22:56.859Z,513.8,,$538.80,Anagram Toy Story 'Buzz Lightyear' Supershape Balloon (1ct) by Anagram,https://www.amazon.com.mx/dp/B000Z4G7DK,https://www.amazon.com/dp/B000Z4G7DK,SRKSB LLC,
,B0CY3KFPHK,8,Juguetes y Juegos,disponible,disponible,,,2025-10-20T00:10:19.946Z,2025-10-27T16:52:45.950Z,2025-10-29T00:23:04.615Z,485.88,13.99,$597.94,"Juego de cifras de acción T13, Titan 13 Robot Action Figure 3D Impreso Robo 13 Lucky 13 Articulado, regalo simulado para coleccionistas decoración de computadora, negro verde/rojo negro",https://www.amazon.com.mx/dp/B0CY3KFPHK,https://www.amazon.com/dp/B0CY3KFPHK,Amazon Estados Unidos,Qoopower
,B0CWQSTJJP,8,Juguetes y Juegos,disponible,no listado,,,2025-10-20T00:10:19.946Z,2025-10-27T16:52:54.081Z,2025-10-29T00:23:13.463Z,550,,$515.31,"Nemoro - Figura de acción de plástico montado en 3D de 5.54 pulgadas con barra de 13 pulgadas, titanio multiarticulado 13, decoración de escritorio T13, accesorios 12 en 1 d13, el mejor regalo de",https://www.amazon.com.mx/dp/B0CWQSTJJP,https://www.amazon.com/dp/B0CWQSTJJP,KODA STORE,
,B0D1KM7T3T,8,Juguetes y Juegos,disponible,disponible,,,2025-10-20T00:10:19.946Z,2025-10-27T16:53:02.495Z,2025-10-29T00:23:19.607Z,714.39,15.99,$783.81,"Juego de cifras de acción T13, 6 piezas T 13, figura de acción de robot Titan 13, juguetes impresos en 3D, articulados, para entusiastas del modelado, etc. regalos de cumpleaños y regalos del día del",https://www.amazon.com.mx/dp/B0D1KM7T3T,https://www.amazon.com/dp/B0D1KM7T3T,SRKSB LLC,Joe BaBa
,B0D2XZPP2Z,8,Juguetes y Juegos,disponible,disponible,,,2025-10-20T00:10:19.946Z,2025-10-27T16:53:11.443Z,2025-10-29T00:23:28.132Z,717.61,15.98,$682.28,"AKFAHOIF Mini cifras de Jesús, juego de 60 cifras de acción, cifras de Jesús pequeño, cifras de Jesús para ocultar y buscar regalos religiosos para huevos de Pascua",https://www.amazon.com.mx/dp/B0D2XZPP2Z,https://www.amazon.com/dp/B0D2XZPP2Z,Novayu,Frange
,B01N6AC9WP,8,Juguetes y Juegos,disponible,no disponible,,,2025-10-20T00:10:19.946Z,2025-10-27T16:53:19.006Z,2025-10-29T00:23:35.342Z,1344.4,,"$1,297.95","On Track USA Figure 8 Wooden Train Set, 35 Piece Deluxe Set- Comes in A Clear Container, Compatible with All Major Brands",https://www.amazon.com.mx/dp/B01N6AC9WP,https://www.amazon.com/dp/B01N6AC9WP,SRKSB LLC,
,B0F7M7NFVT,8,Juguetes y Juegos,disponible,no disponible,,,2025-10-20T00:10:19.947Z,2025-10-27T16:53:27.400Z,2025-10-29T00:23:43.789Z,1182.6,,"$1,189.62","DISNEY STORE - Juego de cifras oficiales de Lilo & Stitch – 7 cifras de Disney totalmente esculpidas incluyendo Lilo, Stitch, Nani y más en caja de doble nivel con fondos escénicos",https://www.amazon.com.mx/dp/B0F7M7NFVT,https://www.amazon.com/dp/B0F7M7NFVT,SRKSB LLC,
,B09WLFLJTV,8,Juguetes y Juegos,disponible,disponible,,,2025-10-20T00:10:19.947Z,2025-10-27T16:53:42.032Z,2025-10-29T00:23:58.641Z,1265.29,36.99,"$1,255.77","Take Apart - Juguete magnético para vehículo, 5 en 1, camiones de construcción de herramientas que se transforman en robot de dinosaurio, STEM para montar el coche con caja de almacenamiento, regalo",https://www.amazon.com.mx/dp/B09WLFLJTV,https://www.amazon.com/dp/B09WLFLJTV,SRKSB LLC,Sommer
,B07Y57YVCY,8,Juguetes y Juegos,disponible,no disponible,,,2025-10-20T00:10:19.947Z,2025-10-27T16:53:49.724Z,2025-10-29T00:24:06.614Z,598.45,,$580.87,F&M Calypso Studios by First & Main - Cruz de Bolsillo de Arcilla reconfortante de 3 cm,https://www.amazon.com.mx/dp/B07Y57YVCY,https://www.amazon.com/dp/B07Y57YVCY,SRKSB LLC,
,B0776P91R1,8,Juguetes y Juegos,disponible,no disponible,,,2025-10-20T00:10:19.947Z,2025-10-27T16:53:57.008Z,2025-10-29T00:24:13.569Z,608.26,,$535.62,"Acekid Juego de Chef para niños, 11 Kits de Juego de rol, Delantal para niñas con Sombrero de Chef, Guante de Cocina y cortadores de Galletas (Rojo Rosa)",https://www.amazon.com.mx/dp/B0776P91R1,https://www.amazon.com/dp/B0776P91R1,SRKSB LLC,
,B0BL8MZJJY,8,Juguetes y Juegos,disponible,no disponible,,,2025-10-20T00:10:31.487Z,2025-10-27T16:54:03.468Z,2025-10-29T00:24:21.288Z,1073.86,,"$1,072.48",Disney Jazm n Mu eca de peluche Aladd n 14 1/2 pulgadas,https://www.amazon.com.mx/dp/B0BL8MZJJY,https://www.amazon.com/dp/B0BL8MZJJY,Click & Go Store JM,
,B0BL9JHP19,8,Juguetes y Juegos,disponible,no disponible,,,2025-10-20T00:10:31.488Z,2025-10-27T16:54:11.590Z,2025-10-29T00:24:29.531Z,970,,"$1,050.08","Disney Store - Muñeca de peluche oficial de princesa, Moana, mediana de 36 cm, suave felpa con características bordadas, muñecas de Disney, animales de peluche para niñas",https://www.amazon.com.mx/dp/B0BL9JHP19,https://www.amazon.com/dp/B0BL9JHP19,Mindy-Store,
,B0CRLC8NLP,8,Juguetes y Juegos,disponible,disponible,,,2025-10-20T00:10:31.488Z,2025-10-27T16:54:18.961Z,2025-10-29T00:24:37.612Z,562.06,17.17,$736.64,Basic Fun Micro Teenies Winnie The Pooh & Pals - Paquete de 6 Cajas de Tesoro,https://www.amazon.com.mx/dp/B0CRLC8NLP,https://www.amazon.com/dp/B0CRLC8NLP,Marca: Micro Teenies,
,B0B84BGYN1,8,Juguetes y Juegos,disponible,disponible,,,2025-10-20T00:10:31.488Z,2025-10-27T16:54:27.529Z,2025-10-29T00:24:45.886Z,1068.82,29.99,"$1,056.13","Disney - Peluche oficial de Minnie Mouse, mediano, de 43 cm, personaje icónico de juguete en vestido y moño de lunares rojos, cuenta con orejas estructuradas y detalles bordados, para todas las edades",https://www.amazon.com.mx/dp/B0B84BGYN1,https://www.amazon.com/dp/B0B84BGYN1,SRKSB LLC,Disney Store
,B0B83Q246L,8,Juguetes y Juegos,disponible,disponible,,,2025-10-20T00:10:31.488Z,2025-10-27T16:54:35.103Z,2025-10-29T00:24:53.449Z,726.6,29.99,"$1,165.66","Disney - Peluche oficial de Winnie The Pooh, peluche de tamaño mediano de 30 cm, fabricado con tela suave al tacto con detalles bordados y lleva una playera roja clásica, para todas las edades",https://www.amazon.com.mx/dp/B0B83Q246L,https://www.amazon.com/dp/B0B83Q246L,Amazon Estados Unidos,Disney Store
,B0CBCVD2K9,8,Juguetes y Juegos,disponible,no disponible,,,2025-10-20T00:10:31.488Z,2025-10-27T16:54:42.154Z,2025-10-29T00:25:01.724Z,1056.25,,"$1,056.60",Disney Merida Plush Doll Brave Medium 15 3/4 Inch,https://www.amazon.com.mx/dp/B0CBCVD2K9,https://www.amazon.com/dp/B0CBCVD2K9,SRKSB LLC,
,B09NLQ31WT,8,Juguetes y Juegos,disponible,disponible,,,2025-10-20T00:10:31.488Z,2025-10-27T16:54:51.057Z,2025-10-29T00:25:08.971Z,395.99,14.99,$643.29,"Disney Store Tigger Plush - Peluche oficial de felpa suave con detalles bordados, adecuado para todas las edades",https://www.amazon.com.mx/dp/B09NLQ31WT,https://www.amazon.com/dp/B09NLQ31WT,VersatileMercantile,Disney Store
,B0D8R5BJL8,8,Juguetes y Juegos,disponible,disponible,,,2025-10-20T00:10:31.488Z,2025-10-27T16:54:59.326Z,2025-10-29T00:25:16.709Z,1090.36,29.99,"$1,322.45","Vposyako 5 piezas de animales de peluche para niñas, 1 gato mamá con 4 bebés, juego de juguetes de peluche suave para niños de 3 a 9, regalos para Navidad, cumpleaños, día del niño, San Valentín",https://www.amazon.com.mx/dp/B0D8R5BJL8,https://www.amazon.com/dp/B0D8R5BJL8,SRKSB LLC,Vposyako
,B08S5V1VN5,8,Juguetes y Juegos,disponible,disponible,,,2025-10-20T00:10:31.489Z,2025-10-27T16:55:08.559Z,2025-10-29T00:25:25.403Z,782.75,16.99,$809.66,"Ponyland: Music Stick Animal - Unicornio blanco y arco iris - Botón de música, palo de dos piezas resistente con cabeza de animal de felpa suave y colorida, juguete para niños a partir de 3 años",https://www.amazon.com.mx/dp/B08S5V1VN5,https://www.amazon.com/dp/B08S5V1VN5,SRKSB LLC,
,B0C4XYP4MH,8,Juguetes y Juegos,disponible,no disponible,,,2025-10-20T00:10:31.489Z,2025-10-27T16:55:16.776Z,2025-10-29T00:25:32.662Z,911.92,,$892.37,"Tonpect Highland - Animal de peluche de vaca con sonido Mooing, 9 pulgadas de color jengibre, juguete de vaca de granja para niños y niñas",https://www.amazon.com.mx/dp/B0C4XYP4MH,https://www.amazon.com/dp/B0C4XYP4MH,SRKSB LLC,
,B09ZHR3RX3,8,Juguetes y Juegos,disponible,no disponible,,,2025-10-20T00:10:31.489Z,2025-10-27T16:55:24.571Z,2025-10-29T00:25:40.109Z,2176.07,,"$2,231.73",Kinnex Collections by Amanda Quince Anos Quinceañera - Oso de peluche con vestido (centro de mesa) B16631-5 (lavanda 1),https://www.amazon.com.mx/dp/B09ZHR3RX3,https://www.amazon.com/dp/B09ZHR3RX3,SRKSB LLC,
,B0D41YS195,8,Juguetes y Juegos,disponible,no disponible,,,2025-10-20T00:10:31.489Z,2025-10-27T16:55:32.296Z,2025-10-29T00:25:48.267Z,710.53,,$710.53,"Yelakey Jesús - Muñeca de peluche de Jesús de peluche, juguetes de peluche para fiestas religiosas, regalos para niños para bautizo, Pascua, Navidad",https://www.amazon.com.mx/dp/B0D41YS195,https://www.amazon.com/dp/B0D41YS195,SRKSB LLC,
,B07F44KNTR,8,Juguetes y Juegos,disponible,no disponible,,,2025-10-20T00:10:31.489Z,2025-10-27T16:55:40.761Z,2025-10-29T00:25:56.583Z,895.76,,$895.14,warmies Pink Llama Cozy Plush Heatable Lavender Scented Stuffed Animal,https://www.amazon.com.mx/dp/B07F44KNTR,https://www.amazon.com/dp/B07F44KNTR,SRKSB LLC,
,B0DK46KVSP,8,Juguetes y Juegos,disponible,disponible,,,2025-10-20T00:10:31.489Z,2025-10-27T16:55:49.060Z,2025-10-29T00:26:04.038Z,1342.17,34.99,"$1,514.78",Lilly's Love - Peluche con peso de 5 libras | Peluche sensorial con peso para niños y adultos | Peluches lavables a máquina con interior extraíble | Animales de peluche con peso calmante para la,https://www.amazon.com.mx/dp/B0DK46KVSP,https://www.amazon.com/dp/B0DK46KVSP,SRKSB LLC,Lilly's Love
,B0DQVK8F76,8,Juguetes y Juegos,disponible,no disponible,,,2025-10-20T00:10:31.489Z,2025-10-27T16:55:56.141Z,2025-10-29T00:26:13.169Z,726.53,,$748.05,"Bsanker - Juguete de peluche de vaca de las tierras altas, lindo juguete de peluche de vaca de las tierras altas esponjosas, regalos de decoración para niñas y adultos (vacas de las tierras altas",https://www.amazon.com.mx/dp/B0DQVK8F76,https://www.amazon.com/dp/B0DQVK8F76,SRKSB LLC,
,B0DPDKGVP3,8,Juguetes y Juegos,disponible,no disponible,,,2025-10-20T00:10:31.489Z,2025-10-27T16:56:02.944Z,2025-10-29T00:26:19.630Z,624.18,,$604.68,"Ayeboovi - Juguete de cactus altavoz para niños, volumen ajustable, canto e imitando cactus con funciones de grabación y repetición, 120 canciones, regalo divertido para niños y niñas",https://www.amazon.com.mx/dp/B0DPDKGVP3,https://www.amazon.com/dp/B0DPDKGVP3,SRKSB LLC,
,B0D1KMS92Z,8,Juguetes y Juegos,disponible,disponible,,,2025-10-20T00:10:44.961Z,2025-10-27T16:56:10.734Z,2025-10-29T00:26:26.708Z,963.43,25.19,$981.27,"Jenria - Regalos de unicornio para niñas, regalos de cumpleaños de Navidad para niñas de 3, 4, 5, 6, 7, 8, 9, 10 años, ideas de regalo de cumpleaños, juguetes de unicornio, hija, sobrina, nieta",https://www.amazon.com.mx/dp/B0D1KMS92Z,https://www.amazon.com/dp/B0D1KMS92Z,SRKSB LLC,Jenria
,B0D92VJSFQ,8,Juguetes y Juegos,disponible,disponible,,,2025-10-20T00:10:44.962Z,2025-10-27T16:56:23.866Z,2025-10-29T00:26:42.029Z,891.75,19.99,$890.37,"Nuokin - Juguetes de peluche de hongos de 12 pulgadas, lindo juguete de peluche para regalo de cumpleaños, decoración del hogar, Halloween para niños (rojo)",https://www.amazon.com.mx/dp/B0D92VJSFQ,https://www.amazon.com/dp/B0D92VJSFQ,Boon Shopping,youchuankeji
,B0D92TKDV2,8,Juguetes y Juegos,disponible,disponible,,,2025-10-20T00:10:44.962Z,2025-10-27T16:56:31.193Z,2025-10-29T00:26:49.323Z,886.29,19.99,$886.29,"Nuokin - Juguetes de peluche de hongos de 12 pulgadas, lindo juguete de peluche para regalo de cumpleaños, decoración del hogar, Halloween para niños (naranja)",https://www.amazon.com.mx/dp/B0D92TKDV2,https://www.amazon.com/dp/B0D92TKDV2,SRKSB LLC,youchuankeji
,B0D5381FRD,8,Juguetes y Juegos,disponible,no disponible,,,2025-10-20T00:10:44.962Z,2025-10-27T16:56:38.716Z,2025-10-29T00:26:57.026Z,865.26,,$891.81,"Gudisi - Almohada de peluche para gato, diseño de gato, suave, regalo de cumpleaños, color rosa, 12 pulgadas",https://www.amazon.com.mx/dp/B0D5381FRD,https://www.amazon.com/dp/B0D5381FRD,SRKSB LLC,
,B0CTCBZ5D3,8,Juguetes y Juegos,disponible,no disponible,,,2025-10-20T00:10:44.962Z,2025-10-27T16:56:46.609Z,2025-10-29T00:27:05.245Z,689.21,,$689.21,"Aiideals - Almohada de pepitas de dinosaurio de pollo, regalos divertidos para adolescentes y niñas, pepitas de peluche de dinosaurio, divertida almohada de dinosaurio para niños (pequeño, Tyran Rex)",https://www.amazon.com.mx/dp/B0CTCBZ5D3,https://www.amazon.com/dp/B0CTCBZ5D3,SRKSB LLC,
,B0B6YXRT3Y,8,Juguetes y Juegos,disponible,no disponible,,,2025-10-20T00:10:44.962Z,2025-10-27T16:56:53.513Z,2025-10-29T00:27:13.732Z,1300.61,,"$1,323.13","Poutmac Oso de peluche gigante de 47 pulgadas, color café, regalo de San Valentín para novia, oso de peluche suave para Navidad, cumpleaños, día de la madre",https://www.amazon.com.mx/dp/B0B6YXRT3Y,https://www.amazon.com/dp/B0B6YXRT3Y,SRKSB LLC,
,B0D8KH2JML,8,Juguetes y Juegos,disponible,no disponible,,,2025-10-20T00:10:44.962Z,2025-10-27T16:57:00.966Z,2025-10-29T00:27:22.608Z,959.91,,"$1,155.72","Yelakey Official Jesús - Muñeca salvador de peluche para la iglesia, dominical, escuela, regalo religioso de Pascua para niños (rojo)",https://www.amazon.com.mx/dp/B0D8KH2JML,https://www.amazon.com/dp/B0D8KH2JML,Amazon Europa,
,B0D6NMRKMJ,8,Juguetes y Juegos,disponible,disponible,,,2025-10-20T00:10:44.962Z,2025-10-27T16:57:10.061Z,2025-10-29T00:27:30.179Z,1212.02,27.94,"$1,306.92","Disney Store Olaf - Juguete suave mediano para niños, personaje de peluche con textura borrosa y detalles bordados, dientes de satén, felpa de Disney, adecuado para todas las edades",https://www.amazon.com.mx/dp/B0D6NMRKMJ,https://www.amazon.com/dp/B0D6NMRKMJ,SRKSB LLC,Disney Store
,B0CH825V76,8,Juguetes y Juegos,disponible,no disponible,,,2025-10-20T00:10:44.962Z,2025-10-27T16:57:18.151Z,2025-10-29T00:27:37.941Z,966.53,,$966.53,"SuzziPals - Animales de peluche de manatí enfriables y calentables, almohadilla térmica de animales de peluche para calmar y releaxación, juguetes de peluche perfumados de lavanda, regalos de manatíes",https://www.amazon.com.mx/dp/B0CH825V76,https://www.amazon.com/dp/B0CH825V76,SRKSB LLC,
,B0CBX72HNF,8,Juguetes y Juegos,disponible,no disponible,,,2025-10-20T00:10:44.962Z,2025-10-27T16:57:25.192Z,2025-10-29T00:27:46.434Z,666.33,,$647.82,"BMZRJM - Animales de peluche de vaca de las tierras altas lindas cosas esponjosas de esqueleto de animales para bebés y niñas y niños, decoración de felpa de 11 pulgadas",https://www.amazon.com.mx/dp/B0CBX72HNF,https://www.amazon.com/dp/B0CBX72HNF,SRKSB LLC,
,B0CBMCJ17V,8,Juguetes y Juegos,disponible,no disponible,,,2025-10-20T00:10:44.962Z,2025-10-27T16:57:32.320Z,2025-10-29T00:27:54.399Z,1358.53,,"$1,176.73","WeBingo - Peluche de elefante de 4 libras, juguete de peluche con peso de elefante de 24 pulgadas, almohadas de animales de felpa con peso, regalos para niños y adultos (gris)",https://www.amazon.com.mx/dp/B0CBMCJ17V,https://www.amazon.com/dp/B0CBMCJ17V,SRKSB LLC,
,B0CLGWQCQV,8,Juguetes y Juegos,disponible,no disponible,,,2025-10-20T00:10:44.963Z,2025-10-27T16:57:39.623Z,2025-10-29T00:28:01.871Z,1399.9,,"$1,397.52","YESGIRL - Animales de peluche con peso de gato de 26.5 pulgadas, 5 libras, animales de felpa grandes con peso, bonita almohada de juguete de peluche, suave regalo de peluche kawaii para adultos,",https://www.amazon.com.mx/dp/B0CLGWQCQV,https://www.amazon.com/dp/B0CLGWQCQV,SRKSB LLC,
,B0C7PDWN3J,8,Juguetes y Juegos,disponible,no disponible,,,2025-10-20T00:10:44.963Z,2025-10-27T16:57:47.836Z,2025-10-29T00:28:08.790Z,699.43,,$696.71,"Rivoeis - Animales de peluche de vacas de las tierras altas de 10.5 pulgadas, linda figura de felpa de vaca esponjosa, juguetes realistas de ganado de las tierras altas para niños, niñas y niños",https://www.amazon.com.mx/dp/B0C7PDWN3J,https://www.amazon.com/dp/B0C7PDWN3J,SRKSB LLC,
,B0DPPLPDCK,8,Juguetes y Juegos,disponible,disponible,,,2025-10-20T00:10:44.963Z,2025-10-27T16:57:54.715Z,2025-10-29T00:28:16.837Z,742.31,16.98,$763.05,"AWNOGKUE - Juguetes de peluche de vaca de animales de peluche de 12 pulgadas, almohada de peluche suave de unicornio de 12 pulgadas, decoración de la habitación, regalos de cumpleaños para niños",https://www.amazon.com.mx/dp/B0DPPLPDCK,https://www.amazon.com/dp/B0DPPLPDCK,SRKSB LLC,XIAOZHEN-US
,B0BWK6JZZS,8,Juguetes y Juegos,disponible,no disponible,,,2025-10-20T00:10:44.963Z,2025-10-27T16:58:02.908Z,2025-10-29T00:28:23.990Z,1098.49,,"$1,083.21","Fiosnow - Oso café relajante, peluche con peso, 3.5 libras, 24 pulgadas, animales de felpa con peso para niños y adultos",https://www.amazon.com.mx/dp/B0BWK6JZZS,https://www.amazon.com/dp/B0BWK6JZZS,SRKSB LLC,
,B09Z6P1TJG,8,Juguetes y Juegos,disponible,no disponible,,,2025-10-20T00:10:44.963Z,2025-10-27T16:58:11.368Z,2025-10-29T00:28:31.290Z,3508.62,,"$3,385.56","HOUPU Juguete suave – Conejo con orejas de lop sentado, conejo blanco de Pascua de peluche con zanahoria, suave, encantador, realista de orejas largas de pie rosa (blanco, zanahoria, 29.5 pulgadas)",https://www.amazon.com.mx/dp/B09Z6P1TJG,https://www.amazon.com/dp/B09Z6P1TJG,SRKSB LLC,
,B0B5GPYB24,8,Juguetes y Juegos,disponible,no disponible,,,2025-10-20T00:10:58.777Z,2025-10-27T16:58:18.709Z,2025-10-29T00:28:39.884Z,955.54,,$955.54,Juego de Juguetes de Peluche de Zorro de 5 Piezas 1 Mami Zorro Animal de Peluche con 4 Lindos Zorros de Peluche en Su Barriga Juego de Peluche de Zorro Suave de 14 Pulgadas para Niños Niñas,https://www.amazon.com.mx/dp/B0B5GPYB24,https://www.amazon.com/dp/B0B5GPYB24,SRKSB LLC,
,B08LFX4N1M,8,Juguetes y Juegos,disponible,no disponible,,,2025-10-20T00:10:58.777Z,2025-10-27T16:58:27.287Z,2025-10-29T00:28:48.274Z,1173.69,,"$1,169.87","Lanmore Almohada de peluche de unicornio grande para niñas, color blanco, 31 pulgadas",https://www.amazon.com.mx/dp/B08LFX4N1M,https://www.amazon.com/dp/B08LFX4N1M,SRKSB LLC,
,B07JKBTNMP,8,Juguetes y Juegos,disponible,disponible,,,2025-10-20T00:10:58.778Z,2025-10-27T16:58:35.474Z,2025-10-29T00:28:56.008Z,1309.77,34.99,"$1,352.49",Drevnar The Dragon 70cm Stuffed Animal Plush by Tiger Tale Toys,https://www.amazon.com.mx/dp/B07JKBTNMP,https://www.amazon.com/dp/B07JKBTNMP,SRKSB LLC,VIAHART
,B0789DN5W2,8,Juguetes y Juegos,disponible,disponible,,,2025-10-20T00:10:58.778Z,2025-10-27T16:58:44.657Z,2025-10-29T00:29:05.124Z,969.84,25.99,"$1,030.13","MMTTAO Juguete de peluche de oso polar de 14 pulgadas, pequeño oso blanco para dormir, peluches, colección de muñecas lindas, cojín de almohada abrazable, regalos para niños y niñas, 14 pulgadas",https://www.amazon.com.mx/dp/B0789DN5W2,https://www.amazon.com/dp/B0789DN5W2,SRKSB LLC,MMTTAO US
,B076TG5V6T,8,Juguetes y Juegos,disponible,disponible,,,2025-10-20T00:10:58.778Z,2025-10-27T16:58:51.824Z,2025-10-29T00:29:12.548Z,1437.78,35.99,"$1,195.42","MMTTAO Juguete de peluche de oso polar de 20 pulgadas, grande, de oso durmiendo, suave, colección de muñecas, cojín de almohada abrazable, regalos para niños y niñas, 20 pulgadas",https://www.amazon.com.mx/dp/B076TG5V6T,https://www.amazon.com/dp/B076TG5V6T,SRKSB LLC,MMTTAO US
,B0BLK7MJ98,8,Juguetes y Juegos,disponible,no disponible,,,2025-10-20T00:10:58.778Z,2025-10-27T16:59:06.664Z,2025-10-29T00:29:26.752Z,1270.96,,"$1,270.96","Quaakssi Osos de peluche a granel 5 paquetes de juguetes de peluche de oso de peluche, regalo para niños y novias, osos de peluche de 13.5 pulgadas para Navidad, día de San Valentín, cumpleaños, fiesta de boda",https://www.amazon.com.mx/dp/B0BLK7MJ98,https://www.amazon.com/dp/B0BLK7MJ98,SRKSB LLC,
,B0BL6ZZDV9,8,Juguetes y Juegos,disponible,no disponible,,,2025-10-20T00:10:58.778Z,2025-10-27T16:59:15.065Z,2025-10-29T00:29:34.142Z,1107.84,,"$1,082.71","Juguetes de peluche de veneno de 16 pulgadas, almohada elástica para muñeca de malva de peluche suave para niños y niñas",https://www.amazon.com.mx/dp/B0BL6ZZDV9,https://www.amazon.com/dp/B0BL6ZZDV9,SRKSB LLC,
,B097D1CHRY,8,Juguetes y Juegos,disponible,no disponible,,,2025-10-20T00:10:58.778Z,2025-10-27T16:59:22.800Z,2025-10-29T00:29:41.678Z,709.03,,$719.51,"Lanmore - Juguete de peluche para perro, perro de peluche dorado Retriever, almohada de peluche de peluche de 15 pulgadas, regalo para niños y niñas, color café claro",https://www.amazon.com.mx/dp/B097D1CHRY,https://www.amazon.com/dp/B097D1CHRY,SRKSB LLC,
,B09XR2MV7J,8,Juguetes y Juegos,disponible,disponible,,,2025-10-20T00:10:58.778Z,2025-10-27T16:59:29.407Z,2025-10-29T00:29:48.469Z,824.22,36.99,"$1,178.03","Paquete de 60 mini juguetes de peluche de animales, lindo juego de llaveros de animales de peluche pequeños, rellenos de piñata, premios de carnaval para el día de San Valentín, surtido de premios de regalo de huevo de Pascua, recuerdos de fiesta",https://www.amazon.com.mx/dp/B09XR2MV7J,https://www.amazon.com/dp/B09XR2MV7J,Amazon Estados Unidos,YuDraw
,B0CTH2YRRG,8,Juguetes y Juegos,disponible,disponible,,,2025-10-20T00:11:09.737Z,2025-10-27T16:59:38.047Z,2025-10-29T00:29:57.380Z,491.82,17.99,$712.99,"EnAuRoL - Juguetes de granero de aprendizaje para niños pequeños de 3 años, 20 marionetas de dedos de animales de granja para niños, Montessori, juego de conteo, juego y clasificación de color, regalo",https://www.amazon.com.mx/dp/B0CTH2YRRG,https://www.amazon.com/dp/B0CTH2YRRG,Amazon Estados Unidos,Yinuo Toy
,B0DJJSFPF6,8,Juguetes y Juegos,disponible,disponible,,,2025-10-20T01:33:56.179Z,2025-10-27T16:59:45.505Z,2025-10-29T00:30:06.415Z,887.23,24.99,$888.28,"RULBAMN Movie Car 3 juguetes, Frank con vacas, Lightning McQueen Toys, Jackson Storm, 1:55 juguete fundido a presión para coche de gran rueda (Frank con vacas)",https://www.amazon.com.mx/dp/B0DJJSFPF6,https://www.amazon.com/dp/B0DJJSFPF6,SRKSB LLC,RULBAMN Direct
,B0C45R6NTG,8,Juguetes y Juegos,disponible,disponible,,,2025-10-20T01:33:56.179Z,2025-10-27T16:59:54.673Z,2025-10-29T00:30:14.365Z,677.06,16.99,$680.87,"Paquete de 6 aviones de juguete, juguete de avión fundido a troquel para niños de 3 a 7 a 8 a 12 años, modelo de aviones de aleación, aviones planeadores/aerolíneas juguetes de avión para niños,",https://www.amazon.com.mx/dp/B0C45R6NTG,https://www.amazon.com/dp/B0C45R6NTG,SRKSB LLC,TongS
,B083R16TXH,8,Juguetes y Juegos,disponible,disponible,,,2025-10-20T01:33:56.180Z,2025-10-27T17:00:02.855Z,2025-10-29T00:30:22.062Z,634.17,22.98,$859.34,"Coogam Take Apart - Coche de carreras con herramienta de destornillador eléctrico, juego de construcción de automóvil de juguete de habilidad motora fina, juego de aprendizaje de construcción STEM con regalos de luz y sonido para niños y niñas de 3 años",https://www.amazon.com.mx/dp/B083R16TXH,https://www.amazon.com/dp/B083R16TXH,Amazon Estados Unidos,Coogam Direct
,B0BRCSRRBL,8,Juguetes y Juegos,disponible,disponible,,,2025-10-20T01:33:56.180Z,2025-10-27T17:00:11.631Z,2025-10-29T00:30:29.215Z,1175.99,31.9,"$1,348.27","Juegos de tren para niños de 4 a 7, juego de tren con pilas con pistas (conexión magnética), compatible con Thomas, Brio, Chuggington, regalos para 3, 4, 5, 6 años (ciudad)",https://www.amazon.com.mx/dp/B0BRCSRRBL,https://www.amazon.com/dp/B0BRCSRRBL,SRKSB LLC,winde
,B09ZLBFT3N,8,Juguetes y Juegos,disponible,disponible,,,2025-10-20T01:33:56.180Z,2025-10-27T17:00:20.739Z,2025-10-29T00:30:36.530Z,909.13,23.99,$913.62,"260 pistas de carreras de construcción para juguetes infantiles, 2 coches eléctricos, 4 coches de construcción, 1 mapa y juego de pista flexible de bricolaje, juguetes de ingeniería para niños de 3,",https://www.amazon.com.mx/dp/B09ZLBFT3N,https://www.amazon.com/dp/B09ZLBFT3N,KODA STORE,kizplays
,B09CTZCTLT,8,Juguetes y Juegos,disponible,no disponible,,,2025-10-20T01:33:56.180Z,2025-10-27T17:00:28.371Z,2025-10-29T00:30:44.075Z,892.03,,$897.03,"Montessori Juguetes para niños pequeños, juguete de pista de carreras con 4 coches y 1 estacionamiento de madera, base estable, juguete de rampa de coche para niños de 1, 2 a 3 años de edad",https://www.amazon.com.mx/dp/B09CTZCTLT,https://www.amazon.com/dp/B09CTZCTLT,SRKSB LLC,
,B0D66JQQ3S,8,Juguetes y Juegos,disponible,disponible,,,2025-10-20T01:33:56.180Z,2025-10-27T17:00:35.517Z,2025-10-29T00:30:51.816Z,1083.52,29.99,"$1,083.52","MORECOLL - Juego de tren eléctrico para niños pequeños y niños con música, luces y pistas, primer tren Choo Choo, conexión magnética, regalos de cumpleaños para niños y niñas",https://www.amazon.com.mx/dp/B0D66JQQ3S,https://www.amazon.com/dp/B0D66JQQ3S,SRKSB LLC,Morecoll
,B0DSZYMW1Q,8,Juguetes y Juegos,disponible,disponible,,,2025-10-20T01:33:56.180Z,2025-10-27T17:00:43.402Z,2025-10-29T00:30:59.811Z,1219,34.99,"$1,224.41",LILYBUDS - Juego de pistas para coche,https://www.amazon.com.mx/dp/B0DSZYMW1Q,https://www.amazon.com/dp/B0DSZYMW1Q,SRKSB LLC,Mengxiangjia Toy
,B093FM8JL2,8,Juguetes y Juegos,disponible,no disponible,,,2025-10-20T01:33:56.180Z,2025-10-27T17:00:50.423Z,2025-10-29T00:31:08.661Z,973.18,,$957.02,"WOOD CITY Juego de Tren de Madera, Juego de Tren de Lujo para niños de 56 Piezas para niños de 2, 3, 4 y 5 años, vía de Tren con temática de Carga y Puente Colgante con grúa Torre, Juego de Tren navi",https://www.amazon.com.mx/dp/B093FM8JL2,https://www.amazon.com/dp/B093FM8JL2,Boon Shopping,
,B0DHRWF2JC,8,Juguetes y Juegos,disponible,no disponible,,,2025-10-20T01:33:56.180Z,2025-10-27T17:00:57.317Z,2025-10-29T00:31:16.551Z,1100.16,,"$1,248.08",Rampa de madera para coche con 5 mini coches y pistas de carreras,https://www.amazon.com.mx/dp/B0DHRWF2JC,https://www.amazon.com/dp/B0DHRWF2JC,SRKSB LLC,
,B087FTYHST,8,Juguetes y Juegos,disponible,no disponible,,,2025-10-20T01:33:56.181Z,2025-10-27T17:01:03.962Z,2025-10-29T00:31:23.968Z,1297.68,,"$1,307.76","Wood City - Juguetes para niños pequeños para 1, 2 y 3 años, juego de vehículos de madera con 7 mini coches y pistas de carreras, juguetes Montessori, regalo de manualidades para niños y niñas",https://www.amazon.com.mx/dp/B087FTYHST,https://www.amazon.com/dp/B087FTYHST,SRKSB LLC,
,B0DHKS9PRL,8,Juguetes y Juegos,disponible,no disponible,,,2025-10-20T01:33:56.181Z,2025-10-27T17:01:12.055Z,2025-10-29T00:31:32.781Z,1022.88,,$983.73,"Montessori - Juego de juguetes de tren de madera para niños, 12 unidades de coches magnéticos con caja de regalo de almacenamiento, juguete educativo STEM para niños y niñas, de 2 a 8 años, regalo de",https://www.amazon.com.mx/dp/B0DHKS9PRL,https://www.amazon.com/dp/B0DHKS9PRL,Novayu,
,B0D9PZMJQG,8,Juguetes y Juegos,disponible,disponible,,,2025-10-20T01:33:56.181Z,2025-10-27T17:01:20.811Z,2025-10-29T00:31:40.346Z,1499.16,42.99,"$1,451.25","FUYLE - Juguete de construcción de excavadora con control remoto, excavadora RC de 14 canales de 2.4 GHz con simulación de aerosol de motor real, rotación de 680°, pala de metal, luces y sonidos",https://www.amazon.com.mx/dp/B0D9PZMJQG,https://www.amazon.com/dp/B0D9PZMJQG,SRKSB LLC,FUYLE TOY
,B0FDGJQ7T9,8,Juguetes y Juegos,disponible,disponible,,,2025-10-20T01:33:56.181Z,2025-10-27T17:01:28.576Z,2025-10-29T00:31:47.017Z,655.89,13.99,$724.51,"Oitnlaughter - 36 piezas de luces LED para los dedos que brillan en la oscuridad, luz para camión, suministros de regreso a la escuela, premios de aula, regalos para niños, niñas, cumpleaños",https://www.amazon.com.mx/dp/B0FDGJQ7T9,https://www.amazon.com/dp/B0FDGJQ7T9,SRKSB LLC,Delightmi
,B0D4D534N8,8,Juguetes y Juegos,disponible,disponible,,,2025-10-20T01:33:56.181Z,2025-10-27T17:01:36.807Z,2025-10-29T00:31:55.515Z,500.92,13.99,$597.94,"YCCHENG - Juego de 15 modelos de juguetes 1:43, pequeños coches de carreras para niños pequeños de 1, 2, 3, 4, 5, 6 años, cesta de Pascua, regalo de fiesta de cumpleaños preescolar",https://www.amazon.com.mx/dp/B0D4D534N8,https://www.amazon.com/dp/B0D4D534N8,Amazon Estados Unidos,MIST INC
,B0CLRRKCZ4,8,Juguetes y Juegos,disponible,disponible,,PRICE_AND_SELLER_NOT_FOUND,2025-10-20T01:33:56.181Z,2025-10-27T17:01:50.145Z,2025-10-29T00:32:09.391Z,1267.33,,"$1,265.95","HERQUEEN - Juego de tren magnético de 54 piezas para niños, juego de ferrocarril de madera compatible con las principales marcas, pistas de doble cara para más de 3 niños y niñas",https://www.amazon.com.mx/dp/B0CLRRKCZ4,https://www.amazon.com/dp/B0CLRRKCZ4,TrademartMx,
,B09H5GZ1HP,8,Juguetes y Juegos,disponible,no disponible,,,2025-10-20T01:34:09.715Z,2025-10-27T17:01:58.481Z,2025-10-29T00:32:18.079Z,647.74,,$584.88,ZANY TRAINS - Quirky Cargo - Serie 1 - Juego de tren de madera de lujo con carga - Compatible con todos los juegos de tren de madera - Coches de tren de madera,https://www.amazon.com.mx/dp/B09H5GZ1HP,https://www.amazon.com/dp/B09H5GZ1HP,SURE_FIRE,
,B0751WKJ1K,8,Juguetes y Juegos,disponible,no disponible,,,2025-10-20T01:34:09.716Z,2025-10-27T17:02:05.173Z,2025-10-29T00:32:25.018Z,818.8,,$822.67,Automoblox Mini SC1 Chaos and HR5 Scorch 2-Pack Cars,https://www.amazon.com.mx/dp/B0751WKJ1K,https://www.amazon.com/dp/B0751WKJ1K,SRKSB LLC,
,B0F87YYWQQ,8,Juguetes y Juegos,disponible,disponible,,,2025-10-20T01:34:09.716Z,2025-10-27T17:02:12.287Z,2025-10-29T00:32:31.920Z,1031.17,26.99,"$1,035.98",KIZONLY - Juguetes para niños y niños pequeños para 7 8,https://www.amazon.com.mx/dp/B0F87YYWQQ,https://www.amazon.com/dp/B0F87YYWQQ,SRKSB LLC,Beikeweier Toys
,B0BC23W95L,8,Juguetes y Juegos,disponible,no disponible,,,2025-10-20T01:34:09.716Z,2025-10-27T17:02:19.778Z,2025-10-29T00:32:39.811Z,515.14,,$439.33,"Juego de 6 piezas de madera para rampa de coche, rampa de coche, juguete de repuesto para rampa de coche, accesorios para fiestas de carreras",https://www.amazon.com.mx/dp/B0BC23W95L,https://www.amazon.com/dp/B0BC23W95L,SRKSB LLC,
,B0B156MJ3D,8,Juguetes y Juegos,disponible,disponible,,,2025-10-20T01:34:09.716Z,2025-10-27T17:02:28.354Z,2025-10-29T00:32:47.605Z,868.7,18.64,$870.08,"Paquete de 3 lanzadores de avión, avión LED de espuma de 12.6 pulgadas, 2 modos de vuelo de catapulta de avión con 3 calcomanías de bricolaje, juguetes voladores deportivos al aire libre para niños, regalos para niños de 4, 5, 6, 7, 8, 9, 10, 12 años",https://www.amazon.com.mx/dp/B0B156MJ3D,https://www.amazon.com/dp/B0B156MJ3D,All Sales today,Stonesame
,B09W2MXTZN,8,Juguetes y Juegos,disponible,no disponible,,,2025-10-20T01:34:09.716Z,2025-10-27T17:02:35.227Z,2025-10-29T00:32:55.892Z,810.96,,$815.96,"WOOD CITY - Tren operado con pilas para pista de madera, juego de tren de locomotora eléctrica con potente motor compatible con Thomas, Brio, Chuggington, Bullet Car Toys para niños pequeños de 3 a 4",https://www.amazon.com.mx/dp/B09W2MXTZN,https://www.amazon.com/dp/B09W2MXTZN,SRKSB LLC,
,B000AQT8R0,8,Juguetes y Juegos,disponible,no disponible,,,2025-10-20T01:34:09.716Z,2025-10-27T17:02:42.629Z,2025-10-29T00:33:03.619Z,938.56,,$943.75,Suretrack Clips 14 Count,https://www.amazon.com.mx/dp/B000AQT8R0,https://www.amazon.com/dp/B000AQT8R0,SRKSB LLC,
,B07HDGLR6N,8,Juguetes y Juegos,disponible,no disponible,,,2025-10-20T01:34:19.893Z,2025-10-27T17:02:50.889Z,2025-10-29T00:33:11.349Z,329,,$590.99,"Glow Wholesale Elfie (niño) y Elvie (niña) - Juego de 2 Piezas de Elfos Divertidos y juguetones Que se comportan Mal con Cuerpo Suave y Cara de Vinilo, Color Rojo",https://www.amazon.com.mx/dp/B07HDGLR6N,https://www.amazon.com/dp/B07HDGLR6N,Aofuina-Sp,
,B0DTDJFKDL,8,Juguetes y Juegos,disponible,disponible,,,2025-10-20T01:34:19.893Z,2025-10-27T17:02:58.985Z,2025-10-29T00:33:19.773Z,383.9,14.99,$664.05,"Zendstanding - Juguetes de asiento de coche para bebés, 0 a 6 meses, juguete de actividad para carriola de bebé negro y blanco en espiral, juguetes de felpa para recién nacidos de alto contraste",https://www.amazon.com.mx/dp/B0DTDJFKDL,https://www.amazon.com/dp/B0DTDJFKDL,Shenzhenshi zhengdajun kejiyouxiangongsi,SIRL
,B0DQ8HFX6Y,8,Juguetes y Juegos,disponible,no disponible,,,2025-10-20T01:34:19.894Z,2025-10-27T17:03:06.034Z,2025-10-29T00:33:28.322Z,1096.89,,"$1,047.39","Baby Bouncer - Barra de juguete de madera compatible con Baby Bjorn, accesorio de juguete de gorila, ajuste apretado y seguro, tan divertido de ver, tocar y girar para bebés de todas las edades (búho",https://www.amazon.com.mx/dp/B0DQ8HFX6Y,https://www.amazon.com/dp/B0DQ8HFX6Y,SRKSB LLC,
,B0FDQYG53K,8,Juguetes y Juegos,disponible,no disponible,,,2025-10-20T01:34:19.894Z,2025-10-27T17:03:14.262Z,2025-10-29T00:33:36.422Z,510.73,,$526.30,"Globos rosa y verde, globos de confeti retro de 12 pulgadas, color verde salvia, rosa, nude dorado, metálico, con globo de papel de corazón para niños y niñas, selva, bosque, cumpleaños, safari",https://www.amazon.com.mx/dp/B0FDQYG53K,https://www.amazon.com/dp/B0FDQYG53K,SRKSB LLC,
,B09TXGP4JQ,8,Juguetes y Juegos,disponible,no disponible,,,2025-10-20T01:34:34.817Z,2025-10-27T17:03:22.392Z,2025-10-29T00:33:44.254Z,1126.46,,"$1,065.90","JANNIRESS Juguetes eléctricos de Bolas de Gel, Juguetes ecológicos de Bolas salpicadas, Juguetes automáticos para Juegos al Aire Libre para Actividades, Juegos en Equipo Verde Rosa",https://www.amazon.com.mx/dp/B09TXGP4JQ,https://www.amazon.com/dp/B09TXGP4JQ,Novayu,
,B07DRLT7TL,8,Juguetes y Juegos,disponible,disponible,,,2025-10-20T01:34:34.817Z,2025-10-27T17:03:30.125Z,2025-10-29T00:33:51.423Z,510.04,9.78,$737.72,(Black) - 2018 New Tree Swing Hanging Straps Kit Holds 1000kg 1.5m Extra Long Safer Lock Snap Carabiner Hooks Perfect for Tree Swing & Hammocks Carry Pouch Bag Heavy Duty,https://www.amazon.com.mx/dp/B07DRLT7TL,https://www.amazon.com/dp/B07DRLT7TL,SRKSB LLC,Pangaea LLC
,B0F3HK1FDN,8,Juguetes y Juegos,disponible,no disponible,,,2025-10-20T01:34:34.817Z,2025-10-27T17:03:38.579Z,2025-10-29T00:33:58.671Z,1484.49,,"$1,191.26","Juguetes musicales para regalos de niña de 1 año, juguetes bilingües para bebés de 6 a 12 a 18 meses, regalos para niñas de primer cumpleaños para niños, niños pequeños y educativos para niños de 1",https://www.amazon.com.mx/dp/B0F3HK1FDN,https://www.amazon.com/dp/B0F3HK1FDN,SRKSB LLC,
,B0B3Y3F5QH,8,Juguetes y Juegos,disponible,no disponible,,,2025-10-20T01:34:48.320Z,2025-10-27T17:03:45.877Z,2025-10-29T00:34:07.070Z,698.73,,$680.26,"SplashEZ Juguetes de baño sin molde de Navidad para bebés y niños pequeños, juguetes de baño sin agujeros, regalo para niños, sin moho para tina, playa, piscina, sin BPA, aptos para lavaplatos,",https://www.amazon.com.mx/dp/B0B3Y3F5QH,https://www.amazon.com/dp/B0B3Y3F5QH,SURE_FIRE,
,B0F2M6FK7F,8,Juguetes y Juegos,disponible,no disponible,,,2025-10-20T01:34:48.320Z,2025-10-27T17:03:53.529Z,2025-10-29T00:34:15.304Z,566.65,,$517.11,Café café 2 Número Globo,https://www.amazon.com.mx/dp/B0F2M6FK7F,https://www.amazon.com/dp/B0F2M6FK7F,SRKSB LLC,
,B07T9HCXBK,8,Juguetes y Juegos,disponible,disponible,,,2025-10-20T01:34:48.321Z,2025-10-27T17:04:00.790Z,2025-10-29T00:34:23.932Z,1498.06,31.54,"$1,598.37","BEKILOLE - Juguetes de bicicleta de equilibrio para niños y niñas de 1 año, entrena a tu bebé de pie a correr, ideal como regalo de primera bicicleta y primer cumpleaños",https://www.amazon.com.mx/dp/B07T9HCXBK,https://www.amazon.com/dp/B07T9HCXBK,SRKSB LLC,iRollar
,B07587YF1F,8,Juguetes y Juegos,disponible,no disponible,,,2025-10-20T01:34:48.321Z,2025-10-27T17:04:08.134Z,2025-10-29T00:34:33.269Z,636.46,,$669.91,"Kiddy Dough Kit de Herramientas para niños, Paquete de Fiesta con Formas de Animales, Incluye 24 cortadores de Colores, moldes y Accesorios para Arcilla Seca al Aire y Masa",https://www.amazon.com.mx/dp/B07587YF1F,https://www.amazon.com/dp/B07587YF1F,SEONGSAN,
,B085LLRX4H,8,Juguetes y Juegos,disponible,no disponible,,,2025-10-20T01:34:48.321Z,2025-10-27T17:04:15.365Z,2025-10-29T00:34:40.046Z,464.16,,$513.45,"Cartas de globos de plata de feliz cumpleaños (letras 3D plateadas) de lámina de Mylar | Decoración inflable de fiesta y decoración de eventos para niños y adultos, reutilizable, diversión ecológica",https://www.amazon.com.mx/dp/B085LLRX4H,https://www.amazon.com/dp/B085LLRX4H,SRKSB LLC,
,B0F9WKQFYK,8,Juguetes y Juegos,disponible,no disponible,,,2025-10-20T01:34:59.134Z,2025-10-27T17:04:29.321Z,2025-10-29T00:34:53.835Z,1817.87,,"$1,855.19","QPAU 3 en 1 - Pozo y cama elástica para niños pequeños, castillo hinchable con red de seguridad, juguetes al aire última intervensión para niños pequeños de 1 a 3, casa de rebote interior, patio de",https://www.amazon.com.mx/dp/B0F9WKQFYK,https://www.amazon.com/dp/B0F9WKQFYK,SRKSB LLC,
,B0D7SRGSSX,8,Juguetes y Juegos,disponible,no disponible,,,2025-10-20T01:34:59.134Z,2025-10-27T17:04:38.234Z,2025-10-29T00:35:02.381Z,837.81,,$845.83,Binibi - Libros musicales españoles en la fiesta de cumpleaños | Aprendizaje español para niños | Libro bilingüe infantil | Libro bilingüe para bebés y niños pequeños 1-3 | Libro en inglés para bebés,https://www.amazon.com.mx/dp/B0D7SRGSSX,https://www.amazon.com/dp/B0D7SRGSSX,SRKSB LLC,
,B0FGYFTKPS,8,Juguetes y Juegos,disponible,no disponible,,,2025-10-20T01:34:59.134Z,2025-10-27T17:04:45.395Z,2025-10-29T00:35:10.983Z,664.31,,$710.20,"Kit de arco de globos de otoño, kit de arco de globos de Acción de Gracias con globos de color otoño y láminas de estrellas para fiestas de otoño, decoraciones de festivales, entradas y fondos de",https://www.amazon.com.mx/dp/B0FGYFTKPS,https://www.amazon.com/dp/B0FGYFTKPS,SRKSB LLC,
,B0DFVYBDQD,8,Juguetes y Juegos,disponible,no disponible,,,2025-10-20T01:34:59.134Z,2025-10-27T17:04:53.025Z,2025-10-29T00:35:18.896Z,906.76,,$879.84,"WHAUU - Rueda giratoria de 12 pulgadas con soporte, 12 ranuras rueda giratoria de color con borrador, marcadores, rueda de borrado en seco de la fortuna juego para carnaval, casino y feria comercial",https://www.amazon.com.mx/dp/B0DFVYBDQD,https://www.amazon.com/dp/B0DFVYBDQD,SRKSB LLC,
,B0CT5HJY19,8,Juguetes y Juegos,disponible,no disponible,,,2025-10-20T01:34:59.135Z,2025-10-27T17:05:01.055Z,2025-10-29T00:35:27.755Z,5527.4,,"$5,653.88","BlueWood Pikler - Juego de triángulo plegable 7 en 1, juguetes de madera para escalada de bebé, con arco, rampa y escalador de escalera, gimnasios de selva para niños, azul cielo",https://www.amazon.com.mx/dp/B0CT5HJY19,https://www.amazon.com/dp/B0CT5HJY19,SRKSB LLC,
,B0DQYBMKPC,8,Juguetes y Juegos,disponible,no disponible,,,2025-10-20T01:35:06.319Z,2025-10-27T17:05:09.918Z,2025-10-29T00:35:34.787Z,3384.41,,"$3,443.26","BlueWood Pikler - Juego de triángulo, juguetes de escalada de madera para niños pequeños, escalador 7 en 1, juguetes plegables de escalada para niños, Montessori Play Jungle Gym con arco, rampa",https://www.amazon.com.mx/dp/B0DQYBMKPC,https://www.amazon.com/dp/B0DQYBMKPC,SRKSB LLC,
,B0D8FS2HHT,8,Juguetes y Juegos,disponible,no disponible,,,2025-10-20T01:35:06.319Z,2025-10-27T17:05:16.551Z,2025-10-29T00:35:41.980Z,8670.1,,"$7,184.69","Gimnasio de la selva interior para niños pequeños 8 en 1, parque de juegos de madera, azul cielo",https://www.amazon.com.mx/dp/B0D8FS2HHT,https://www.amazon.com/dp/B0D8FS2HHT,SRKSB LLC,
,B0DHX79QMF,8,Juguetes y Juegos,disponible,no disponible,,,2025-10-20T01:35:06.319Z,2025-10-27T17:05:24.707Z,2025-10-29T00:35:49.299Z,2034.81,,"$1,924.17","BuilderButler - Tablero de rompecabezas giratorio ligero de 1500 piezas con 6 cajones deslizantes y cubierta - Mesa giratoria de 360° Lazy Susan Spinning, mesa portátil de plástico de 34.2 x 26.3",https://www.amazon.com.mx/dp/B0DHX79QMF,https://www.amazon.com/dp/B0DHX79QMF,SRKSB LLC,
,B0F8NN9BWR,8,Juguetes y Juegos,disponible,no disponible,,,2025-10-20T01:35:06.319Z,2025-10-27T17:05:32.848Z,2025-10-29T00:35:56.728Z,6117.95,,"$6,516.93","2000 piezas de mesa de rompecabezas con cajones y patas, mesa de rompecabezas grande de 30 x 41 pulgadas para adultos, altura ajustable y 12 ángulos de inclinación, tablero de rompecabezas de madera",https://www.amazon.com.mx/dp/B0F8NN9BWR,https://www.amazon.com/dp/B0F8NN9BWR,SRKSB LLC,
,B0DF4P7KCM,8,Juguetes y Juegos,disponible,no disponible,,,2025-10-20T01:35:06.320Z,2025-10-27T17:05:39.757Z,2025-10-29T00:36:04.316Z,3258.02,,"$3,444.01","BlueWood Pikler - Juego de triángulo, juguetes de escalada de madera para niños pequeños, escalador 7 en 1, juguetes plegables de escalada para niños, Montessori Play Jungle Gym con arco, rampa,",https://www.amazon.com.mx/dp/B0DF4P7KCM,https://www.amazon.com/dp/B0DF4P7KCM,SRKSB LLC,
,B0DG5DQWZW,8,Juguetes y Juegos,disponible,no disponible,,,2025-10-20T01:35:06.320Z,2025-10-27T17:05:47.035Z,2025-10-29T00:36:11.622Z,904.98,,$907.63,"Rueda giratoria de 12 pulgadas, 12 ranuras personalizables, base resistente y soporte, ideal para eventos de carnaval, fiestas en casa y ferias comerciales, rueda de la fortuna, gira",https://www.amazon.com.mx/dp/B0DG5DQWZW,https://www.amazon.com/dp/B0DG5DQWZW,SRKSB LLC,
,B0D4VHPSCQ,8,Juguetes y Juegos,disponible,no disponible,,,2025-10-20T01:35:21.981Z,2025-10-27T17:05:55.111Z,2025-10-29T00:36:19.837Z,4490.52,,"$4,778.15","BlueWood 2024 - Juego de escalada Pikler 3 en 1, color azul cielo",https://www.amazon.com.mx/dp/B0D4VHPSCQ,https://www.amazon.com/dp/B0D4VHPSCQ,Novayu,
,B0D5Y1RYNB,8,Juguetes y Juegos,disponible,disponible,,,2025-10-20T01:35:21.981Z,2025-10-27T17:06:03.622Z,2025-10-29T00:36:26.849Z,422.59,3.99,$428.02,"Arañas de plástico, 30 piezas de arañas de Halloween, pequeñas arañas falsas, mini araña realista, arañas de juguete negras, arañas pequeñas a granel, arañas de goma, juguetes de broma, juguetes de",https://www.amazon.com.mx/dp/B0D5Y1RYNB,https://www.amazon.com/dp/B0D5Y1RYNB,Uğurlu STORE,Xianghuo
,B0F5HVGRFY,8,Juguetes y Juegos,disponible,no disponible,,,2025-10-20T01:35:21.982Z,2025-10-27T17:06:10.693Z,2025-10-29T00:36:35.383Z,704.2,,$469.61,"Decoración de fiesta de 3er cumpleaños, corona rosa grande de 40 pulgadas, 3 globos para niñas, decoración de cumpleaños real, suministros de fiesta, aniversarios (número 2 globos de cumpleaños de",https://www.amazon.com.mx/dp/B0F5HVGRFY,https://www.amazon.com/dp/B0F5HVGRFY,SevoSimoShop,
,B0DK9WDHH4,8,Juguetes y Juegos,disponible,disponible,,,2025-10-20T01:35:21.982Z,2025-10-27T17:06:17.477Z,2025-10-29T00:36:42.878Z,518.66,8.99,$533.12,"Tabla de actividades sensoriales, juguete sensorial de silicona para niños, TDAH y autismo, calmante para la ansiedad, silencioso, sin ensuciar, juguetes sensoriales para niños a partir de 3 años y",https://www.amazon.com.mx/dp/B0DK9WDHH4,https://www.amazon.com/dp/B0DK9WDHH4,SRKSB LLC,Cert Leidis-Direct
,B096D6GFFQ,8,Juguetes y Juegos,disponible,disponible,,,2025-10-20T01:35:33.437Z,2025-10-27T17:06:24.807Z,2025-10-29T00:36:50.181Z,966.21,24.99,"$1,000.97","Accesorios de decoración de Halloween, cabeza de zombi de látex sangriento de tamaño natural para casa encantada, fiesta de Halloween, patio, decoración de bar",https://www.amazon.com.mx/dp/B096D6GFFQ,https://www.amazon.com/dp/B096D6GFFQ,SRKSB LLC,D-Fokes
,B0F7HXHQPS,8,Juguetes y Juegos,disponible,disponible,,,2025-10-20T01:35:33.437Z,2025-10-27T17:06:31.792Z,2025-10-29T00:36:58.865Z,664.17,14.99,$678.56,"Juego de 6 ropa de muñeca de 17 cm, ropa para muñecas, accesorios para ropa de muñecas de 17 cm, playera + overoles + sombrero + cámara pequeña + anteojos + zapatos, no incluye muñeca",https://www.amazon.com.mx/dp/B0F7HXHQPS,https://www.amazon.com/dp/B0F7HXHQPS,SRKSB LLC,PENNYOH
,B0F5HPHKDM,8,Juguetes y Juegos,disponible,no disponible,,,2025-10-20T01:35:33.437Z,2025-10-27T17:06:38.733Z,2025-10-29T00:37:07.280Z,704.2,,$466.52,"Decoración de fiesta de 4 cumpleaños de princesa, corona rosa grande de 40 pulgadas, 4 globos para niñas, decoración de cumpleaños real, suministros de fiesta, regalos de aniversario (número 4 globos",https://www.amazon.com.mx/dp/B0F5HPHKDM,https://www.amazon.com/dp/B0F5HPHKDM,SevoSimoShop,
,B0CHYD6W8H,8,Juguetes y Juegos,disponible,no disponible,,,2025-10-20T01:35:33.438Z,2025-10-27T17:06:45.204Z,2025-10-29T00:37:14.353Z,2869.33,,"$2,970.81","Rueda de premio resistente de 24 pulgadas, rueda de premio de doble uso, soporte de mesa ajustable y piso, 12 ranuras, 1 soporte, kit de borrado en seco – Juego de rueda de la fortuna para carnaval, casino y feria comercial.",https://www.amazon.com.mx/dp/B0CHYD6W8H,https://www.amazon.com/dp/B0CHYD6W8H,SRKSB LLC,
,B0D1BHMRRL,8,Juguetes y Juegos,disponible,no disponible,,,2025-10-20T01:35:33.438Z,2025-10-27T17:06:53.385Z,2025-10-29T00:37:21.547Z,603,,$605.91,"Nemoro - Figura de acción Dummy13 con estampado en 3D, Robo13 con múltiples articulaciones, decoraciones de computadora para cifras de acción, el mejor regalo de festival de cumpleaños de Chritmas",https://www.amazon.com.mx/dp/B0D1BHMRRL,https://www.amazon.com/dp/B0D1BHMRRL,Marca: Nemoro,
,B09C9T1X7P,8,Juguetes y Juegos,disponible,no disponible,,,2025-10-20T01:35:45.221Z,2025-10-27T17:07:07.948Z,2025-10-29T00:37:35.392Z,615.43,,$632.85,"TECHNOK Juguetes de baño para bebés – 12 vasos apilables arcoíris para bebés con botes de baño, tren y regadera para niños pequeños – Juguetes de baño de plástico apilables – Juguete de baño con formas de animales de mar juguete para niñas y niños",https://www.amazon.com.mx/dp/B09C9T1X7P,https://www.amazon.com/dp/B09C9T1X7P,SRKSB LLC,
,B0BBFMDHBL,8,Juguetes y Juegos,disponible,no disponible,,,2025-10-20T01:35:45.222Z,2025-10-27T17:07:16.746Z,2025-10-29T00:37:44.437Z,523.05,,$546.61,"Protado - Juego de recuerdos de madera para niños, 24 tarjetas de memoria a juego con 5 pegatinas de tatuaje, juego educativo de memoria a juego para el desarrollo de aprendizaje temprano de",https://www.amazon.com.mx/dp/B0BBFMDHBL,https://www.amazon.com/dp/B0BBFMDHBL,SRKSB LLC,
,B0D5Y894K1,8,Juguetes y Juegos,disponible,disponible,,,2025-10-20T01:35:45.223Z,2025-10-27T17:07:24.441Z,2025-10-29T00:37:51.871Z,1783.57,44.99,"$1,911.09","Juguetes coloridos para bicicleta de equilibrio de bebé para regalos de niña de 1 año, bicicleta de equilibrio de 10 a 36 meses, sin pedal, 4 ruedas de silencio y asiento suave para niños de primera",https://www.amazon.com.mx/dp/B0D5Y894K1,https://www.amazon.com/dp/B0D5Y894K1,SRKSB LLC,Suneiny
,B09LYT3VGQ,8,Juguetes y Juegos,disponible,no disponible,,,2025-10-20T01:35:59.076Z,2025-10-27T17:07:31.939Z,2025-10-29T00:37:59.974Z,544.65,,$546.61,"Cutemini Mecedora en miniatura escala 1:12, accesorios para casa de muñecas, modelo de muebles pequeños para casa de muñecas, juguete, decoración del hogar, escena de tiro (rojo)",https://www.amazon.com.mx/dp/B09LYT3VGQ,https://www.amazon.com/dp/B09LYT3VGQ,SRKSB LLC,
,B0CJCKGRW1,8,Libros,disponible,disponible,,,2025-10-20T01:36:10.821Z,2025-10-27T17:07:38.523Z,2025-10-29T00:38:08.832Z,3388,,"$3,371.82",The Book. The Ultimate Guide to Rebuilding a Civilization - Inspirational Science Books for Adults - Unique Artifact - Knowledge Encyclopedia with Over 400 Pages of Detailed & Catchy Illustrations,https://www.amazon.com.mx/dp/B0CJCKGRW1,https://www.amazon.com/dp/B0CJCKGRW1,XIJIANG,Bad Idea Company
,B08CS4VHG4,8,Libros,disponible,disponible,,,2025-10-20T01:36:10.821Z,2025-10-27T17:07:47.161Z,2025-10-29T00:38:18.359Z,1220,39.99,"$1,231.90",Samurai Shodown COLLECTION nintendo switch,https://www.amazon.com.mx/dp/B08CS4VHG4,https://www.amazon.com/dp/B08CS4VHG4,XIJIANG,Strawberri Entertainment
,B0CS3YHB8M,8,Libros,disponible,no disponible,,,2025-10-20T01:36:10.821Z,2025-10-27T17:07:54.783Z,2025-10-29T00:38:26.958Z,545,,$769.35,The Wolf House [Blu-ray],https://www.amazon.com.mx/dp/B0CS3YHB8M,https://www.amazon.com/dp/B0CS3YHB8M,Amazon Estados Unidos,
,B0CR914DGV,8,Libros,disponible,no disponible,,,2025-10-20T01:36:10.821Z,2025-10-27T17:08:03.318Z,2025-10-29T00:38:34.256Z,619.1,,$688.63,"B1ykin - Juego de regalo de papelería – 3 notas adhesivas para cuadernos, cuadernos Kawaii A5 en espiral y 550 hojas, lindas notas adhesivas con kit de bolígrafos para oficina, escuela, niños,",https://www.amazon.com.mx/dp/B0CR914DGV,https://www.amazon.com/dp/B0CR914DGV,Rendomin,
,B09VGRBRLN,8,Libros,disponible,disponible,,,2025-10-20T01:36:10.821Z,2025-10-27T17:08:12.051Z,2025-10-29T00:38:43.199Z,1025,25.99,"$1,024.00","Cuaderno pequeño a granel, paquete de 60, tamaño A6 (10.7 x 13.9 cm), mini cuadernos para bocetos en blanco, cubierta colorida, diarios de bolsillo sin forro para niños, bloc de notas de dibujo, 30 hojas/60 páginas.",https://www.amazon.com.mx/dp/B09VGRBRLN,https://www.amazon.com/dp/B09VGRBRLN,XIJIANG,Dynta
,B0CVX1G1BP,8,Libros,disponible,disponible,,,2025-10-20T01:36:10.822Z,2025-10-27T17:08:19.600Z,2025-10-29T00:38:50.449Z,757,37.99,"$1,323.69","MotiMind - 10 almohadillas para orejas legales con 3 agujeros perforados, cuaderno en espiral de papel blanco, 8.5 x 11 pulgadas, bloc de notas con rayas universitarias en espiral para suministros de",https://www.amazon.com.mx/dp/B0CVX1G1BP,https://www.amazon.com/dp/B0CVX1G1BP,Amazon Estados Unidos,Xixiroon
,B09XB9CK1Y,8,Libros,disponible,no disponible,,,2025-10-20T01:36:10.822Z,2025-10-27T17:08:26.450Z,2025-10-29T00:38:59.024Z,653,,$654.55,Carpeta A5 Cuaderno de cuero Papel rayado Bloc de notas Diario de viaje A5 Planificador Diario de escritura para niñas Mujeres Hombres,https://www.amazon.com.mx/dp/B09XB9CK1Y,https://www.amazon.com/dp/B09XB9CK1Y,XIJIANG,
,B00T5HQKTE,8,Libros,disponible,disponible,,,2025-10-20T01:36:10.822Z,2025-10-27T17:08:33.974Z,2025-10-29T00:39:05.940Z,1949,63.99,"$1,887.30","SoHoMiLL® - perilla de puerta con teclado electrónico SoHo Mill® y juego de cerradura con llave mecánica de respaldo (cierre de resorte, no cerrojo, no conectado al teléfono), teclado frontal único YL",https://www.amazon.com.mx/dp/B00T5HQKTE,https://www.amazon.com/dp/B00T5HQKTE,GUTTIDIRECT,SoHoMiLL®
,B0F9X95K5H,8,Libros,disponible,no disponible,,,2025-10-20T01:36:10.822Z,2025-10-27T17:08:42.086Z,2025-10-29T00:39:14.327Z,1362,,"$1,335.48","HAPPY LOLLI LolliME Journal Kit for Girls – Fluffy Diary with Stickers & Accessories – Pink, Mint, Purple (Mint LolliME)",https://www.amazon.com.mx/dp/B0F9X95K5H,https://www.amazon.com/dp/B0F9X95K5H,BAYRAKTRADE,
,B0BXWWJ7XM,8,Libros,disponible,disponible,,,2025-10-20T01:36:10.822Z,2025-10-27T17:08:49.665Z,2025-10-29T00:39:21.600Z,539,18.99,$772.45,"Cuaderno de diario con forro, 365 páginas B5 grandes para escribir cuaderno a rayas, diario de piel de tapa dura rosa para mujeres y hombres, cuaderno diario para el trabajo, toma de notas, papel",https://www.amazon.com.mx/dp/B0BXWWJ7XM,https://www.amazon.com/dp/B0BXWWJ7XM,,Woarilco
,B0DHJ8WT68,8,Libros,disponible,disponible,,,2025-10-20T01:36:10.822Z,2025-10-27T17:08:57.569Z,2025-10-29T00:39:28.582Z,1336,34.99,"$1,339.90","Libros decorativos para decoración del hogar | Juego de 3 libros falsos y falsos para decoración de mesa de centro y estantes, libro decorativo con páginas en blanco reales | Juego de libros estéticos",https://www.amazon.com.mx/dp/B0DHJ8WT68,https://www.amazon.com/dp/B0DHJ8WT68,XIJIANG,DECOVOLUMES
,B00A3VJ7UK,8,Libros,disponible,no disponible,,,2025-10-20T01:36:10.822Z,2025-10-27T17:09:04.781Z,2025-10-29T00:39:35.777Z,569,,$558.28,Aqua Amor – Notas impermeable Bloc de notas,https://www.amazon.com.mx/dp/B00A3VJ7UK,https://www.amazon.com/dp/B00A3VJ7UK,XIJIANG,
,B0DFM88392,8,Libros,disponible,disponible,,,2025-10-20T01:36:10.822Z,2025-10-27T17:09:11.962Z,2025-10-29T00:39:43.818Z,889,22.99,$911.82,"Moinchore - Juego de 10 cuadernos inspiradores de la semana asistente médico, regalos de agradecimiento a los empleados a granel, planificador semanal en espiral, con notas adhesivas para compañeros",https://www.amazon.com.mx/dp/B0DFM88392,https://www.amazon.com/dp/B0DFM88392,XIJIANG,Seyeirur
,B0CBYFYQSJ,8,Libros,disponible,no disponible,,,2025-10-20T01:36:10.823Z,2025-10-27T17:09:19.880Z,2025-10-29T00:39:52.333Z,704,,$714.65,"JNOMOW Juego de 15 blocs de notas de 5 x 8 pulgadas, incluye 14 almohadillas para orejas legales y portapapeles de madera, 420 hojas de papel de alta calidad con rayas universitarias de 80 g/m² para escuela, oficina (14 almohadillas para orejas y portapapeles)",https://www.amazon.com.mx/dp/B0CBYFYQSJ,https://www.amazon.com/dp/B0CBYFYQSJ,MYSILKROAD LLC,
,B0DF79DQ3F,8,Libros,disponible,disponible,,,2025-10-20T01:36:10.823Z,2025-10-27T17:09:27.085Z,2025-10-29T00:40:00.866Z,1380,39.59,"$1,390.74","Tenceur 36 juegos de regalos de agradecimiento a los empleados, cuadernos espirales inspiradores a granel con bolígrafos motivacionales, pequeños bloc de notas para compañeros de trabajo, personal de",https://www.amazon.com.mx/dp/B0DF79DQ3F,https://www.amazon.com/dp/B0DF79DQ3F,XIJIANG,DongXean
,B0DD43WJP7,8,Libros,disponible,no disponible,,,2025-10-20T01:36:25.823Z,2025-10-27T17:09:34.681Z,2025-10-29T00:40:09.221Z,1250,,"$1,253.77","Diario de piel Dispowreath - Diario inspirador con bolígrafos, bloc de notas de regalo de equipo a granel para escuela, maestro, enfermera, oficina, empleado, compañero de trabajo (letrero de equipo,",https://www.amazon.com.mx/dp/B0DD43WJP7,https://www.amazon.com/dp/B0DD43WJP7,XIJIANG,
,B0CYHB5MQJ,8,Libros,disponible,disponible,,,2025-10-20T01:36:25.823Z,2025-10-27T17:09:49.655Z,2025-10-29T00:40:22.863Z,556,7.99,$555.16,"PRSTENLY - Regalos de jubilación para mujeres y hombres 2025 - Regalo de jubilación para mujer y hombre, diario de piel de 140 páginas, retirado de despedida, regalos para compañeros de trabajo",https://www.amazon.com.mx/dp/B0CYHB5MQJ,https://www.amazon.com/dp/B0CYHB5MQJ,XIJIANG,Qiushi US
,B0DCBBX783,8,Libros,disponible,disponible,,,2025-10-20T01:36:25.823Z,2025-10-27T17:09:57.271Z,2025-10-29T00:40:31.260Z,517,8.99,$516.33,"2 paquetes de bloc de notas para hacer lista, 104 páginas para hacer lista, cuaderno A5, sin fecha, planificador diario, con lista de verificación de tareas, suministros escolares para el hogar",https://www.amazon.com.mx/dp/B0DCBBX783,https://www.amazon.com/dp/B0DCBBX783,XIJIANG,LiranAM
,B0C5HKBZ73,8,Libros,disponible,disponible,,,2025-10-20T01:36:25.823Z,2025-10-27T17:10:04.876Z,2025-10-29T00:40:39.192Z,671,13.99,$673.93,"Cuaderno de diario forrado de 365 páginas A5 de grosor para escribir cuaderno a rayas, diario de piel de tapa dura rosa para mujeres y hombres, cuaderno diario para trabajo, toma de notas (5.75 x 8.38",https://www.amazon.com.mx/dp/B0C5HKBZ73,https://www.amazon.com/dp/B0C5HKBZ73,SURE_FIRE,Woarilco
,B0DBQ6QXMG,8,Libros,disponible,disponible,,,2025-10-20T01:36:25.823Z,2025-10-27T17:10:12.972Z,2025-10-29T00:40:47.898Z,706,7.99,$567.41,"Paquete de 4 bloc de notas magnéticas para nevera con soporte para bolígrafos, lista de tareas magnéticas, lista de comestibles, lista de compras, almohadillas para orejas de notas para refrigerador",https://www.amazon.com.mx/dp/B0DBQ6QXMG,https://www.amazon.com/dp/B0DBQ6QXMG,XIJIANG,LiranAM
,B0B76RYBNK,8,Libros,disponible,disponible,,,2025-10-20T01:36:25.824Z,2025-10-27T17:10:21.109Z,2025-10-29T00:40:56.411Z,865.79,34.99,"$1,229.65","Kigan Home - Libros decorativos de lino, juego de 3 (negro obsidiano) – Libros de tela neutra con guirnalda de abalorio de madera para decoración del hogar, estantes, chimenea de chimenea, mesa de",https://www.amazon.com.mx/dp/B0B76RYBNK,https://www.amazon.com/dp/B0B76RYBNK,Amazon Estados Unidos,KIGAN HOME
,B0DB7TWRCF,8,Libros,disponible,disponible,,,2025-10-20T01:36:25.824Z,2025-10-27T17:10:28.039Z,2025-10-29T00:41:03.652Z,1096,23.99,"$1,099.83","Dynta Steno - Bloques de notas en espiral de 6 x 9 pulgadas, paquete de 18 blocs de notas, 60 hojas, 6 hojas de 6 colores surtidos, papel de escritura de reglas Gregg, cuadernos Steno para",https://www.amazon.com.mx/dp/B0DB7TWRCF,https://www.amazon.com/dp/B0DB7TWRCF,XIJIANG,Dynta
,B0D86J2C4T,8,Libros,disponible,no disponible,,,2025-10-20T01:36:25.824Z,2025-10-27T17:10:35.952Z,2025-10-29T00:41:11.347Z,1297,,"$1,309.83","Dispowreath - Paquete de 10 cuadernos forrados A5 de piel de tapa dura para escribir 200 páginas, 10 colores, bloc de notas para viajes, trabajo, escuela, oficina, negocios, notas, diario, 5.7 x 8.3",https://www.amazon.com.mx/dp/B0D86J2C4T,https://www.amazon.com/dp/B0D86J2C4T,XIJIANG,
,B0D99NQ8G3,8,Libros,no disponible,disponible,,PRICE_AND_SELLER_NOT_FOUND,2025-10-20T01:36:25.824Z,2025-10-27T17:10:43.400Z,2025-10-29T00:41:18.547Z,,,$441.27,"ChicToteDesigns - Cuadernos de diario con forro para trabajo, 300 páginas B5, cuadernos gruesos para mujeres y hombres, cuadernos de tapa dura para escribir oficina (café claro)",https://www.amazon.com.mx/dp/B0D99NQ8G3,https://www.amazon.com/dp/B0D99NQ8G3,,
,B0CM926YVN,8,Libros,disponible,disponible,,,2025-10-20T01:36:25.824Z,2025-10-27T17:10:51.461Z,2025-10-29T00:41:27.177Z,1047,29.99,"$1,046.15","Diario diario de oración para mujer, 06 meses, diario bíblico con escritura semanal, diario de mapeo de versículos bíblicos, diario devocional para mujeres con ejercicios de oración, regalo espiritual",https://www.amazon.com.mx/dp/B0CM926YVN,https://www.amazon.com/dp/B0CM926YVN,XIJIANG,heavenly finds
,B0D93PJYW7,8,Libros,disponible,disponible,,,2025-10-20T01:36:25.824Z,2025-10-27T17:10:59.056Z,2025-10-29T00:41:34.745Z,1026,7.99,$461.29,"Cuaderno de diario con espiral para hombres y mujeres, diario A5, 170 páginas, cuadernos de tapa dura para trabajo y toma de notas, diarios con rayas universitarias para escribir, rosa",https://www.amazon.com.mx/dp/B0D93PJYW7,https://www.amazon.com/dp/B0D93PJYW7,,Nextnoid
,B0CMTF4PVB,8,Libros,disponible,disponible,,,2025-10-20T01:36:25.824Z,2025-10-27T17:11:06.341Z,2025-10-29T00:41:42.040Z,793,31.99,"$1,189.71","Engrowtic 20 juegos de regalo cristiano a granel para el regreso a la escuela, profesor, escrituras inspiradoras, religiosas, cuaderno bíblico en espiral con notas adhesivas, bolígrafo de oración para",https://www.amazon.com.mx/dp/B0CMTF4PVB,https://www.amazon.com/dp/B0CMTF4PVB,Amazon Estados Unidos,Oceanoufeed
,B0D7G848T7,8,Libros,disponible,no disponible,,,2025-10-20T01:36:25.824Z,2025-10-27T17:11:13.780Z,2025-10-29T00:41:49.975Z,455,,$459.31,"Cofullsky - Tarjetas de Navidad con sobres y pegatinas, tarjetas de Navidad en caja para niños, familiares, amigos, 4 x 6 pulgadas, tarjetas de felicitación a granel de feliz Navidad, paquete de 18",https://www.amazon.com.mx/dp/B0D7G848T7,https://www.amazon.com/dp/B0D7G848T7,XIJIANG,
,B0D77YFNGG,8,Libros,disponible,disponible,,,2025-10-20T01:36:25.825Z,2025-10-27T17:11:21.282Z,2025-10-29T00:41:56.903Z,498,8.79,$498.67,"Etigifry - Regalos cristianos para mujeres, diario de piel de aliento Etigifry, diario de escritura recargable, regalos inspiradores espirituales para mujeres, regalos de cumpleaños para mujeres",https://www.amazon.com.mx/dp/B0D77YFNGG,https://www.amazon.com/dp/B0D77YFNGG,XIJIANG,Giftrry
,B0D2GZSWMP,8,Libros,disponible,disponible,,,2025-10-20T01:36:41.678Z,2025-10-27T17:11:29.304Z,2025-10-29T00:42:05.442Z,842,18.99,$846.00,"Dynta - Mini cuadernos de bolsillo de 3 x 5 a granel, pequeños cuadernos en espiral, paquetes de 30 blocs de notas para hombres, mujeres, niños, estudiantes, profesores, trabajo, toma de notas (60",https://www.amazon.com.mx/dp/B0D2GZSWMP,https://www.amazon.com/dp/B0D2GZSWMP,XIJIANG,Dynta
,B0D73VKFQ2,8,Libros,disponible,disponible,,,2025-10-20T01:36:41.678Z,2025-10-27T17:11:35.703Z,2025-10-29T00:42:13.749Z,1047,27.99,"$1,050.93","Moinchore - 20 cuadernos de piel A6 para regalo de inspiración a granel, con bolígrafo, regalos de regreso a la escuela, para estudiantes, profesores, enfermeras, compañeros de trabajo, empleados y",https://www.amazon.com.mx/dp/B0D73VKFQ2,https://www.amazon.com/dp/B0D73VKFQ2,XIJIANG,Seyeirur
,B0D73R6Q1X,8,Libros,disponible,disponible,,,2025-10-20T01:36:41.678Z,2025-10-27T17:11:44.045Z,2025-10-29T00:42:21.550Z,1085,27.99,"$1,062.02","Moinchore - Juego de 10 regalos de Pascua cristiana para mujeres y hombres, diarios estéticos de piel A6 con versículo bíblico, oración religiosa, regalos de escuela dominical para el día de la madre,",https://www.amazon.com.mx/dp/B0D73R6Q1X,https://www.amazon.com/dp/B0D73R6Q1X,LTZ FASTSHIP,Seyeirur
,B07LGDGGPW,8,Libros,disponible,disponible,,,2025-10-20T01:36:41.679Z,2025-10-27T17:11:50.411Z,2025-10-29T00:42:29.876Z,520.15,9.99,$541.35,"Eleclassi - Juego de 6 manteles desechables de plástico de primera calidad, 54 x 108 pulgadas, mantel de plástico desechable para mesa rectangular de hasta 8 pies, mantel rectangular rojo",https://www.amazon.com.mx/dp/B07LGDGGPW,https://www.amazon.com/dp/B07LGDGGPW,GUTTIDIRECT,TRUSTAO
,B0D5YGL71P,8,Libros,no disponible,no disponible,,,2025-10-20T01:36:41.679Z,2025-10-27T17:11:57.502Z,2025-10-29T00:42:38.367Z,,,"$1,279.08","Diario de piel Dispowreath - Diario inspirador con bolígrafos, bloc de notas de aliento a granel para la escuela, maestro, enfermera, oficina, empleado, compañero de trabajo (letrero de",https://www.amazon.com.mx/dp/B0D5YGL71P,https://www.amazon.com/dp/B0D5YGL71P,,
,B0D2H6SP65,8,Libros,disponible,disponible,,,2025-10-20T01:36:41.679Z,2025-10-27T17:12:04.347Z,2025-10-29T00:42:45.697Z,1176,29.99,"$1,184.50","Dynta - Bloc de notas en espiral de 3 x 5 a granel, 60 paquetes de cuadernos de bolsillo pequeño, mini blocs de notas, cubierta de cartón negro para tomar notas, escribir, oficina, escuela, trabajo,",https://www.amazon.com.mx/dp/B0D2H6SP65,https://www.amazon.com/dp/B0D2H6SP65,XIJIANG,Dynta
,B0D4PY2ZXX,8,Libros,disponible,no disponible,,,2025-10-20T01:36:41.679Z,2025-10-27T17:12:11.039Z,2025-10-29T00:42:53.021Z,446,,$482.86,CICPAP - Juego de diario para parejas de él y ella,https://www.amazon.com.mx/dp/B0D4PY2ZXX,https://www.amazon.com/dp/B0D4PY2ZXX,XIJIANG,
,B0D2DSV6KF,8,Libros,disponible,no disponible,,,2025-10-20T01:36:41.679Z,2025-10-27T17:12:25.838Z,2025-10-29T00:43:06.901Z,550.8,,$517.11,"Planificador de presupuesto, organizador mensual de finanzas de presupuesto con cuaderno de seguimiento de gastos, libro de abalorio, organizador de facturas sin fecha y planificador de finanzas para",https://www.amazon.com.mx/dp/B0D2DSV6KF,https://www.amazon.com/dp/B0D2DSV6KF,XIJIANG,
,B0D41T3X8K,8,Libros,disponible,disponible,,,2025-10-20T01:36:41.679Z,2025-10-27T17:12:34.495Z,2025-10-29T00:43:15.365Z,641,7.99,$596.64,"A4 Spiral Notebook, 300 Pages/150 Sheets Hardcover Spiral Notebook Lined Journal Notebook with Index Sticker, Back Pocket, Elastic Band Pink Notebook for Work Business School Note Taking, 8.3” x 11.6”",https://www.amazon.com.mx/dp/B0D41T3X8K,https://www.amazon.com/dp/B0D41T3X8K,XIJIANG,LiranAM
,B0CYH7FV7B,8,Libros,disponible,disponible,,,2025-10-20T01:36:41.679Z,2025-10-27T17:12:42.768Z,2025-10-29T00:43:23.038Z,1043,28.99,"$1,080.15","Moinchore - Cuaderno de agradecimiento para la universidad, graduación de agradecimiento, planificador semanal inspirador, con bolígrafos de bambú, para estudiantes, profesores, enfermeras,",https://www.amazon.com.mx/dp/B0CYH7FV7B,https://www.amazon.com/dp/B0CYH7FV7B,XIJIANG,Seyeirur
,B0D31KB1L6,8,Libros,disponible,disponible,,,2025-10-20T01:36:41.680Z,2025-10-27T17:12:50.427Z,2025-10-29T00:43:31.228Z,845,17.99,$849.01,"Dynta - Cuaderno de papel de color en espiral, 6 paquetes de 102 hojas / 204 páginas para estudiantes y mujeres",https://www.amazon.com.mx/dp/B0D31KB1L6,https://www.amazon.com/dp/B0D31KB1L6,XIJIANG,Dynta
,B0C7777QLQ,8,Libros,disponible,disponible,,,2025-10-20T01:36:41.680Z,2025-10-27T17:12:57.006Z,2025-10-29T00:43:38.668Z,426,21.99,$964.95,"Paquete de 4 cuadernos de madera A4 con cubierta de madera Jounal de 80 páginas, cuaderno de bocetos de 9 x 12 pulgadas, sin forro en espiral para manualidades",https://www.amazon.com.mx/dp/B0C7777QLQ,https://www.amazon.com/dp/B0C7777QLQ,Cregugua,Cregugua
,B0D2PXXY8C,8,Libros,disponible,disponible,,,2025-10-20T01:36:41.680Z,2025-10-27T17:13:03.857Z,2025-10-29T00:43:46.719Z,889,20.99,$893.18,"Dynta - Cuadernos de composición a granel, 40 paquetes de mini cuadernos de bolsillo de 3.25 x 4.5 pulgadas, rayas estrechas, 10 cuadernos de colores surtidos para escuela, oficina, hogar, universidad",https://www.amazon.com.mx/dp/B0D2PXXY8C,https://www.amazon.com/dp/B0D2PXXY8C,XIJIANG,Dynta
,B0D2HN7MCG,8,Libros,disponible,disponible,,,2025-10-20T01:36:41.680Z,2025-10-27T17:13:11.652Z,2025-10-29T00:43:54.924Z,846,18.99,$844.62,"Dynta - Mini cuadernos en espiral de 3 x 5 pulgadas, bloc de notas de bolsillo, paquete de 30, pequeños bloc de notas, cubierta de cartón negro para hombres, mujeres, niños, hogar, oficina, escuela,",https://www.amazon.com.mx/dp/B0D2HN7MCG,https://www.amazon.com/dp/B0D2HN7MCG,XIJIANG,Dynta
,B0D17V71LQ,8,Libros,disponible,disponible,,,2025-10-20T01:36:41.680Z,2025-10-27T17:13:19.739Z,2025-10-29T00:44:02.529Z,692,14.99,$691.01,"Biuwory - Cuaderno de diario con forro B5 para mujeres y hombres, 256 páginas de piel de tapa dura para escribir, viajes, trabajo, escuela, cuadernos con rayas universitarias para tomar notas,",https://www.amazon.com.mx/dp/B0D17V71LQ,https://www.amazon.com/dp/B0D17V71LQ,XIJIANG,Biuwory Office
,B0D2HBD4ZZ,8,Libros,disponible,disponible,,,2025-10-20T01:36:55.171Z,2025-10-27T17:13:26.870Z,2025-10-29T00:44:10.453Z,921,21.99,$926.60,"Dynta - Cuadernos pequeños de 3 x 5 a granel, mini cuadernos en espiral, paquetes de 40 cuadernos de bolsillo, bloc de notas, bloc de notas, 10 colores surtidos para escuela, hogar, oficina, trabajo",https://www.amazon.com.mx/dp/B0D2HBD4ZZ,https://www.amazon.com/dp/B0D2HBD4ZZ,XIJIANG,Dynta
,B0CZDGQZ6S,8,Libros,disponible,disponible,,,2025-10-20T01:36:55.171Z,2025-10-27T17:13:34.013Z,2025-10-29T00:44:17.971Z,842,18.99,$846.00,"Dynta Mini cuadernos en espiral a granel de 3 x 5 pulgadas, 30 paquetes de bloc de notas pequeño encuadernado en la parte superior, 10 colores vibrantes, 60 hojas/120 páginas bloc de notas de bolsillo",https://www.amazon.com.mx/dp/B0CZDGQZ6S,https://www.amazon.com/dp/B0CZDGQZ6S,XIJIANG,Dynta
,B0D1KT8TL8,8,Libros,disponible,disponible,,,2025-10-20T01:36:55.171Z,2025-10-27T17:13:41.833Z,2025-10-29T00:44:24.865Z,753,29.99,"$1,055.33","INSADA - Cuaderno de oración cristiana a granel con notas adhesivas, bloc de notas pequeño, 4.1 x 5.4 pulgadas, para amigos, familia, regalos inspiradores religiosos (20 juegos)",https://www.amazon.com.mx/dp/B0D1KT8TL8,https://www.amazon.com/dp/B0D1KT8TL8,Amazon Estados Unidos,Good products for the family in the United States
,B0CF28KCMH,8,Libros,disponible,disponible,,,2025-10-20T01:36:55.171Z,2025-10-27T17:13:49.615Z,2025-10-29T00:44:32.636Z,1249,43.99,"$1,839.41",Fulmoon Employee Appreciation Gifts Thank You Gifts Inspirational Spiral Notepads Bulk with Bamboo Pen 3.9 x 5.5 Inch Motivational Notebooks for Coworker Staff Women Men Leaving Gift(50 Sets),https://www.amazon.com.mx/dp/B0CF28KCMH,https://www.amazon.com/dp/B0CF28KCMH,Amazon Estados Unidos,Yuanweius
,B0CY2HG78F,8,Libros,disponible,disponible,,,2025-10-20T01:36:55.171Z,2025-10-27T17:13:56.432Z,2025-10-29T00:44:41.434Z,1376,39.99,"$1,375.34","30 juegos de cuadernos de agradecimiento a los empleados, regalos en espiral, diarios inspiradores a granel, bolígrafos motivacionales de bambú para enfermera, maestra y compañero de trabajo",https://www.amazon.com.mx/dp/B0CY2HG78F,https://www.amazon.com/dp/B0CY2HG78F,XIJIANG,BDZQ
,B0CTTJCBBF,8,Libros,disponible,no disponible,,,2025-10-20T01:36:55.171Z,2025-10-27T17:14:04.567Z,2025-10-29T00:44:48.374Z,838,,$842.46,"ReliThick Graduation Gifts Include Bible Verse Inspirational Notebook with Gift Box Metal Bible Bookmark Ballpoint Pens Graduation Cards Class of 2024 Congrats Gift (Kraft Box,Be Strong)",https://www.amazon.com.mx/dp/B0CTTJCBBF,https://www.amazon.com/dp/B0CTTJCBBF,XIJIANG,
,B0D1G5KMML,8,Libros,disponible,disponible,,,2025-10-20T01:36:55.171Z,2025-10-27T17:14:12.871Z,2025-10-29T00:44:55.801Z,1410,59.99,"$2,492.01","miikoul 60 paquetes de cuadernos A5 con forro en espiral, cubierta de papel kraft, 8.3 x 5.5 pulgadas, 60 hojas/120 páginas, cuadernos a granel, cuaderno de tapa dura, cuadernos de viaje para oficina",https://www.amazon.com.mx/dp/B0D1G5KMML,https://www.amazon.com/dp/B0D1G5KMML,Julianxin office,Julianxin office
,B0CS7LHL16,8,Libros,disponible,no disponible,,,2025-10-20T01:36:55.172Z,2025-10-27T17:14:19.899Z,2025-10-29T00:45:02.977Z,507,,$506.41,"BIPEND - Paquete de 6 bloc de notas magnéticos para refrigerador, lista de comestibles para nevera, 50 hojas por lista de tareas arete, lista de compras (300 hojas)",https://www.amazon.com.mx/dp/B0CS7LHL16,https://www.amazon.com/dp/B0CS7LHL16,XIJIANG,
,B0CFY51V6V,8,Libros,disponible,no disponible,,,2025-10-20T01:36:55.172Z,2025-10-27T17:14:28.457Z,2025-10-29T00:45:09.856Z,1507,,"$1,507.28","Cholemy 90 piezas de regalo de agradecimiento de Navidad para empleados, regalos de agradecimiento a granel, compañero de trabajo de agradecimiento cristiano, espiral, motivacional, de bambú con",https://www.amazon.com.mx/dp/B0CFY51V6V,https://www.amazon.com/dp/B0CFY51V6V,LTZ FASTSHIP,
,B0D17NM32K,8,Libros,disponible,no disponible,,,2025-10-20T01:36:55.172Z,2025-10-27T17:14:35.882Z,2025-10-29T00:45:16.487Z,734,,$738.19,"Biuwory - Cuaderno de diario con forro A4 para mujeres y hombres, 256 páginas de piel de tapa dura para escribir, viajes, trabajo, escuela, cuadernos con rayas universitarias para tomar notas,",https://www.amazon.com.mx/dp/B0D17NM32K,https://www.amazon.com/dp/B0D17NM32K,XIJIANG,
,B0D17N83ZR,8,Libros,disponible,disponible,,,2025-10-20T01:36:55.172Z,2025-10-27T17:14:42.562Z,2025-10-29T00:45:23.948Z,686,14.99,$689.88,"Biuwory - Cuaderno de diario con forro B5 para mujeres y hombres, 256 páginas de piel de tapa dura para escribir, viajes, trabajo, escuela, cuadernos con rayas universitarias para tomar notas,",https://www.amazon.com.mx/dp/B0D17N83ZR,https://www.amazon.com/dp/B0D17N83ZR,XIJIANG,Biuwory Office
,B0CPJ9VHHD,8,Libros,disponible,disponible,,,2025-10-20T01:36:55.172Z,2025-10-27T17:14:49.897Z,2025-10-29T00:45:30.625Z,499,7.99,$476.09,"3 Pack Legal Pads Refills Note Pads, Writing Pads 8.5 x 11 Inches, Memo Pads Lined Writing Note Pads, Letter Size Legal Pad Wide Ruled Lined Pads Legal Rule for School Office（30 Sheet per Pads）",https://www.amazon.com.mx/dp/B0CPJ9VHHD,https://www.amazon.com/dp/B0CPJ9VHHD,XIJIANG,YZG-Direct
,B0CMTD4ZKL,8,Libros,disponible,no disponible,,,2025-10-20T01:36:55.172Z,2025-10-27T17:15:04.608Z,2025-10-29T00:45:45.749Z,1787,,"$1,833.02","VISCOO - Almohadilla adhesiva para caballete, 25 x 30 pulgadas, papel grande para profesores, 3 almohadillas para orejas de caballete autoadhesivo para tablero blanco, papel de tabla de anclaje",https://www.amazon.com.mx/dp/B0CMTD4ZKL,https://www.amazon.com/dp/B0CMTD4ZKL,XIJIANG,
,B0CZDF35RV,8,Libros,disponible,disponible,,,2025-10-20T01:36:55.172Z,2025-10-27T17:15:12.813Z,2025-10-29T00:45:55.066Z,1072,25.99,"$1,100.12","Dynta Mini cuadernos en espiral a granel de 3 x 5 pulgadas, 50 paquetes de bloc de notas pequeño encuadernado en la parte superior, 10 colores vibrantes, 60 hojas/120 páginas bloc de notas de bolsillo",https://www.amazon.com.mx/dp/B0CZDF35RV,https://www.amazon.com/dp/B0CZDF35RV,Luxury Best Store,Dynta
,B0CM3S2J86,8,Libros,disponible,disponible,,,2025-10-20T01:36:55.172Z,2025-10-27T17:15:20.461Z,2025-10-29T00:46:02.341Z,550,9.99,$541.15,A4-To-do-List,https://www.amazon.com.mx/dp/B0CM3S2J86,https://www.amazon.com/dp/B0CM3S2J86,XIJIANG,Artake-direct
,B0CTZTNXYD,8,Libros,disponible,disponible,,,2025-10-20T01:36:55.173Z,2025-10-27T17:15:27.919Z,2025-10-29T00:46:09.620Z,645,13.99,$648.78,"Hindoro - Cuaderno de hechizos de piel encuadernado con borde de cubierta de papel impreso en grimoire diario de tercer ojo, cuaderno gótico en espiral, libro clásico antiguo para hombres y mujeres",https://www.amazon.com.mx/dp/B0CTZTNXYD,https://www.amazon.com/dp/B0CTZTNXYD,XIJIANG,HINDORO
,B0CNJWVLQJ,8,Libros,disponible,disponible,,,2025-10-20T01:37:06.827Z,2025-10-27T17:15:35.291Z,2025-10-29T00:46:18.133Z,946,22.99,$945.42,"WeLiu - Cuaderno de bolsillo a granel de 3 x 5 pulgadas, 42 paquetes de mini bloc de notas en espiral con encuadernado superior, 6 bloc de notas de color 60 hojas / 120 páginas (80 g/m²), pequeños",https://www.amazon.com.mx/dp/B0CNJWVLQJ,https://www.amazon.com/dp/B0CNJWVLQJ,XIJIANG,WeLiu.LLC
,B0CNPQZQYQ,8,Libros,disponible,disponible,,,2025-10-20T01:37:06.828Z,2025-10-27T17:15:43.005Z,2025-10-29T00:46:25.930Z,585,20.99,$834.99,"Zhanmai - Paquete de 5 250 hojas de libros de columna de análisis, 3 agujeros, libro contable, libro contable, bloc de papel para negocios, 50 hojas por paquete, formato de una sola página, verde (6",https://www.amazon.com.mx/dp/B0CNPQZQYQ,https://www.amazon.com/dp/B0CNPQZQYQ,Amazon Estados Unidos,WooXier
,B0CNPTMSHH,8,Libros,disponible,disponible,,,2025-10-20T01:37:06.828Z,2025-10-27T17:15:50.812Z,2025-10-29T00:46:32.831Z,743,26.99,"$1,054.40","Zhanmai - Paquete de 5 250 hojas de libros de columna de análisis, 3 agujeros, libro contable, libro mayor, bloc de papel para negocios, 50 hojas por paquete, formato de una sola página, verde (13",https://www.amazon.com.mx/dp/B0CNPTMSHH,https://www.amazon.com/dp/B0CNPTMSHH,Amazon Estados Unidos,WooXier
,B0CMH2JTCT,8,Libros,disponible,disponible,,,2025-10-20T01:37:06.828Z,2025-10-27T17:15:58.925Z,2025-10-29T00:46:41.347Z,469,13.99,$615.11,"Paquete de 12 blocs de notas de 5 x 8 pulgadas, pequeñas almohadillas para orejas legales de 5 x 8 pulgadas, color blanco para el trabajo, mini bloc de notas con rayas universitarias con respaldo",https://www.amazon.com.mx/dp/B0CMH2JTCT,https://www.amazon.com/dp/B0CMH2JTCT,Amazon Estados Unidos,Roneye
,B0CM2ZQTD5,8,Libros,disponible,disponible,,,2025-10-20T01:37:06.828Z,2025-10-27T17:16:06.104Z,2025-10-29T00:46:49.290Z,787.29,32.99,"$1,128.62","Seajan - 40 juegos de regalos cristianos con versículos bíblicos a granel, con llaveros de madera, regalos de agradecimiento para Halloween, asistente médico, pastor, iglesia, oficina, empleado",https://www.amazon.com.mx/dp/B0CM2ZQTD5,https://www.amazon.com/dp/B0CM2ZQTD5,Amazon Estados Unidos,Graiinter
,B0CB897JPD,8,Libros,disponible,disponible,,,2025-10-20T01:37:06.828Z,2025-10-27T17:16:12.801Z,2025-10-29T00:46:58.112Z,686,26.99,"$1,002.06","Fulmoon - 90 unidades, regalos de agradecimiento a los empleados, 30 minicicalitarios motivacionales, 30 bolígrafos motivacionales de bambú, 30 marcadores inspiradores de madera para compañeros de",https://www.amazon.com.mx/dp/B0CB897JPD,https://www.amazon.com/dp/B0CB897JPD,Amazon Estados Unidos,Yuanweius
,B0CT66SMPG,8,Libros,disponible,no disponible,,,2025-10-20T01:37:06.828Z,2025-10-27T17:16:20.580Z,2025-10-29T00:47:05.489Z,769,,$768.31,"Update NOTES - Cuadernos en espiral, papel de rayas anchas, resistente al purgado de tinta, 100 hojas de tamaño estándar de Estados Unidos de 10.5 x 8 pulgadas Colores sólidos: negro, azul, rojo y",https://www.amazon.com.mx/dp/B0CT66SMPG,https://www.amazon.com/dp/B0CT66SMPG,XIJIANG,
,B0CCYM9X24,8,Libros,disponible,no disponible,,,2025-10-20T01:37:06.828Z,2025-10-27T17:16:27.454Z,2025-10-29T00:47:13.697Z,619,,$626.03,"Qilery 2 Pcs DIY 5d Diamond Painting Cross Notebook Kits Cover Leather Diamond Painting Sketchbook A5 Hardcover Journal Art Diary Book for Festival Birthday Gift, 5.51 x 7.87 Inches",https://www.amazon.com.mx/dp/B0CCYM9X24,https://www.amazon.com/dp/B0CCYM9X24,XIJIANG,
,B0C9H8RZNP,8,Libros,disponible,no disponible,,,2025-10-20T01:37:06.829Z,2025-10-27T17:16:34.695Z,2025-10-29T00:47:22.591Z,532,,$530.83,"OCHYIT - Cuaderno de pizarrón blanca, portátil, borrado en seco, reutilizable, borrable, doble cara, para reuniones con rotuladores, para negocios, oficina, escuela, hogar",https://www.amazon.com.mx/dp/B0C9H8RZNP,https://www.amazon.com/dp/B0C9H8RZNP,XIJIANG,
,B0CJV6L8TK,8,Libros,disponible,disponible,,,2025-10-20T01:37:06.829Z,2025-10-27T17:16:42.758Z,2025-10-29T00:47:30.088Z,1200,40.99,"$1,434.45","36 juegos de regalos de agradecimiento a los empleados, cuaderno inspirador en espiral con bolígrafos de bambú, regalos de agradecimiento para graduados universitarios, diarios motivacionales de",https://www.amazon.com.mx/dp/B0CJV6L8TK,https://www.amazon.com/dp/B0CJV6L8TK,Amazon Estados Unidos,Yuanweius
,B0CR1BTKMP,8,Libros,disponible,disponible,,,2025-10-20T01:37:06.829Z,2025-10-27T17:16:49.434Z,2025-10-29T00:47:37.532Z,805,19.99,$808.96,"Celercrownv Gemini Zodiac - Cuaderno con forro de tapa dura A5 con rayas universitarias, 288 páginas, para diario, negocios y escritura académica, diseño de hebilla de piel premium, regalo ideal para",https://www.amazon.com.mx/dp/B0CR1BTKMP,https://www.amazon.com/dp/B0CR1BTKMP,XIJIANG,Tricrown
,B0CJV57D38,8,Libros,disponible,disponible,,,2025-10-20T01:37:06.829Z,2025-10-27T17:16:56.569Z,2025-10-29T00:47:44.926Z,223,6.99,$482.86,"Utron Paquete de 6 blocs de notas magnéticos clásico para refrigerador, 50 páginas/libro de lista de comestibles para nevera, almohadilla magnética de lista de comestibles para nevera, bloc de notas de lista de comestibles, notas arete, lista",https://www.amazon.com.mx/dp/B0CJV57D38,https://www.amazon.com/dp/B0CJV57D38,YYDirect,YYDirect
,B0CPYFYVJR,8,Libros,disponible,no disponible,,,2025-10-20T01:37:06.830Z,2025-10-27T17:17:04.178Z,2025-10-29T00:47:53.067Z,546,,$744.45,60Pcs Christian Bible Gifts for Kids Bulk Bible Verse Notepads with Pencil Silicone Bracelet Religious Mini Notebook Wristband Pencil Kit Daily Prayer Faith Journal Set for School Office Home Supplies,https://www.amazon.com.mx/dp/B0CPYFYVJR,https://www.amazon.com/dp/B0CPYFYVJR,Amazon Estados Unidos,
,B0CB8NT7NH,8,Libros,disponible,no disponible,,,2025-10-20T01:37:06.830Z,2025-10-27T17:17:11.088Z,2025-10-29T00:48:00.520Z,854,,$950.45,"Yeaqee - 90 regalos de agradecimiento al profesor a granel, 30 cuadernos Kraft de agradecimiento, 30 bolígrafos para profesores, 30 marcadores inspiradores de madera para el personal de regreso a la",https://www.amazon.com.mx/dp/B0CB8NT7NH,https://www.amazon.com/dp/B0CB8NT7NH,LTZ FASTSHIP,
,B0C9ZWDVTK,8,Libros,disponible,disponible,,,2025-10-20T01:37:06.830Z,2025-10-27T17:17:18.526Z,2025-10-29T00:48:08.703Z,465,6.99,$463.90,"Ansopu - Cuaderno con forro para mujer, papel A5 de 100 g/m², tapa dura de piel rosa para escribir, diario de viaje, 160 páginas (5.75 x 8.38 pulgadas)",https://www.amazon.com.mx/dp/B0C9ZWDVTK,https://www.amazon.com/dp/B0C9ZWDVTK,XIJIANG,Woarilco
,B0CMTBPTJJ,8,Libros,disponible,disponible,,,2025-10-20T01:37:06.830Z,2025-10-27T17:17:26.023Z,2025-10-29T00:48:17.347Z,676,12.59,$674.90,PINJINGPRO - Paquete de 6 almohadillas para orejas legales de 8.5 x 11.75 y 30 hojas para la escuela,https://www.amazon.com.mx/dp/B0CMTBPTJJ,https://www.amazon.com/dp/B0CMTBPTJJ,XIJIANG,ZISFH
,B09VRPZ677,8,Libros,disponible,disponible,,,2025-10-20T01:37:20.652Z,2025-10-27T17:17:40.514Z,2025-10-29T00:48:32.156Z,348,19.99,$886.77,"Mom Music Box from Son,To My Mom Journal,Mom Keychain from Son,Mom Gifts from Sons,Birthday Gift from Son to Mom,To My Mom from Son,Mother Gifts from Son,Mom Music Gift,Mom Journal,Mom Gift Ideas",https://www.amazon.com.mx/dp/B09VRPZ677,https://www.amazon.com/dp/B09VRPZ677,BoomBoomGifts,BoomBoomGifts
,B0CCV6G4QP,8,Libros,disponible,disponible,,,2025-10-20T01:37:20.652Z,2025-10-27T17:17:47.255Z,2025-10-29T00:48:41.615Z,905,24.99,$909.04,"Diario de gratitud y diario de cuidado personal – Diario guiado de salud mental y diario de amor propio para mujeres y hombres, A5 5.8 x 8.3 pulgadas, gris – Tienda de producción",https://www.amazon.com.mx/dp/B0CCV6G4QP,https://www.amazon.com/dp/B0CCV6G4QP,XIJIANG,Productivity Store
,B0BGXXY5V8,8,Libros,disponible,disponible,,,2025-10-20T01:37:20.652Z,2025-10-27T17:17:53.768Z,2025-10-29T00:48:49.747Z,995,16.99,$856.51,"Paquete de 20 blocs de notas, 50 hojas, blocs de notas pequeños de 4 x 6 pulgadas, blocs de notas forrados para escribir en casa, oficina, escuela, recambios de rascar con bloc de notas con rayas estrechas, mini bloc de notas de bolsillo para estudiantes y profesores",https://www.amazon.com.mx/dp/B0BGXXY5V8,https://www.amazon.com/dp/B0BGXXY5V8,Mel Trade,ZISFH
,B0BVVG55QM,8,Libros,disponible,disponible,,,2025-10-20T01:37:20.652Z,2025-10-27T17:18:00.847Z,2025-10-29T00:48:58.647Z,542,9.99,$541.15,"Cuaderno de tapa dura con forro de piel para mujeres y hombres, diario de árbol de la vida de 5.7 x 8.3 pulgadas para escribir, cuaderno de rayas universitarias para viajes, negocios, trabajo, oficina, tomar notas escolares, diario de papel grueso de 256 páginas (verde)",https://www.amazon.com.mx/dp/B0BVVG55QM,https://www.amazon.com/dp/B0BVVG55QM,XIJIANG,Biuwory Office
,B0CFY5P5RN,8,Libros,no disponible,no disponible,,,2025-10-20T01:37:20.652Z,2025-10-27T17:18:08.622Z,2025-10-29T00:49:05.829Z,,,"$1,395.14","Cholemy - 90 piezas de regalos de agradecimiento a los empleados, regalos de agradecimiento a granel, compañero de trabajo de agradecimiento cristiano, espiral, motivacional, de bambú con llavero,",https://www.amazon.com.mx/dp/B0CFY5P5RN,https://www.amazon.com/dp/B0CFY5P5RN,,
,B09QRPZ85B,8,Libros,disponible,disponible,,,2025-10-20T01:37:20.652Z,2025-10-27T17:18:15.418Z,2025-10-29T00:49:13.730Z,142,4.99,$463.57,"Decorably - Paquete de 2 50 hojas de bloc de notas minimalista sin fecha, 5.5 x 8.5 pulgadas, bloc de notas fácil de quitar para las principales prioridades, lista de tareas, contactos, notas",https://www.amazon.com.mx/dp/B09QRPZ85B,https://www.amazon.com/dp/B09QRPZ85B,Ideal Enterprise Inc,Decorably US
,B0CM8CKF18,8,Libros,disponible,disponible,,,2025-10-20T01:37:20.653Z,2025-10-27T17:18:23.680Z,2025-10-29T00:49:21.924Z,738,16.99,$736.99,"Dynta - Paquete de 3 cuadernos grandes en espiral de 8.5 x 11 pulgadas, diarios con rayas universitarias para el trabajo, la escuela, buenos para estudiantes y la oficina, 160 páginas/80 hojas con",https://www.amazon.com.mx/dp/B0CM8CKF18,https://www.amazon.com/dp/B0CM8CKF18,XIJIANG,Dynta
,B0CL9BTV9B,8,Libros,disponible,disponible,,,2025-10-20T01:37:20.653Z,2025-10-27T17:18:31.502Z,2025-10-29T00:49:29.863Z,574,9.99,$573.09,hold fizz 513-hd-Notebooks wirebound notebooks Spiral Notebook,https://www.amazon.com.mx/dp/B0CL9BTV9B,https://www.amazon.com/dp/B0CL9BTV9B,XIJIANG,qinzhiyue
,B09JYP9JM1,8,Libros,disponible,disponible,,,2025-10-20T01:37:20.653Z,2025-10-27T17:18:38.657Z,2025-10-29T00:49:37.961Z,463,13.99,$597.94,"MOEPAK Cuadernos forrados para niños, cuaderno para la ansiedad, para la escuela, la oficina, escribir, notas, cubierta de silicona con forro de burbujas, espiral, para aliviar el estrés, regalo para niños (azul)",https://www.amazon.com.mx/dp/B09JYP9JM1,https://www.amazon.com/dp/B09JYP9JM1,Amazon Estados Unidos,Moepakoffical
,B0BVN9SVXW,8,Libros,disponible,no disponible,,,2025-10-20T01:37:20.653Z,2025-10-27T17:18:45.743Z,2025-10-29T00:49:46.174Z,666,,$635.70,"CARDAMONOLY Grocery List - Almohadilla magnética para nevera, 6 x 9 pulgadas, 50 hojas rasgadas, bloc de notas magnética minimalista en blanco y negro para nevera, artículo imprescindible en el",https://www.amazon.com.mx/dp/B0BVN9SVXW,https://www.amazon.com/dp/B0BVN9SVXW,XIJIANG,
,B0B1F7Y2X6,8,Libros,disponible,disponible,,,2025-10-20T01:37:20.653Z,2025-10-27T17:18:53.484Z,2025-10-29T00:49:54.623Z,516,8.99,$514.70,"Hiipeenow Regalos de sobrina de tía, 140 páginas de diario de cuero, regalo de graduación, regreso a clases, cumpleaños, Navidad, para sobrina de tía",https://www.amazon.com.mx/dp/B0B1F7Y2X6,https://www.amazon.com/dp/B0B1F7Y2X6,XIJIANG,Haipie
,B09H61V66Y,8,Libros,disponible,no disponible,,,2025-10-20T01:37:20.653Z,2025-10-27T17:19:01.044Z,2025-10-29T00:50:02.473Z,3532,,"$3,578.62","Jabihome 3D Wooden USA Map Wall Art, Wood United States Map with Push Pins, Gift for Him, US Map for Travel Gift for Men, Office Wall Decor, White Elephant Gifts, Christmas Gifts for Mom, Dad, Teacher, Boss, Men, Women (Size M: 23""L x 13""W)",https://www.amazon.com.mx/dp/B09H61V66Y,https://www.amazon.com/dp/B09H61V66Y,STAWAMUS LLC,
,B099QXTN67,8,Libros,disponible,disponible,,,2025-10-20T01:37:20.653Z,2025-10-27T17:19:09.475Z,2025-10-29T00:50:10.331Z,663,28.99,"$1,024.80","PsinzmkManor of Sage Bullet Dotted Journal - A5 Dot Grid Notebook with Premium Extra Thick 160GSM Paper (Bleed-proof), Inner Pocket, 2 Bookmarks, Elastic Closure - Linen Hardcover in Sage Green",https://www.amazon.com.mx/dp/B099QXTN67,https://www.amazon.com/dp/B099QXTN67,Amazon Estados Unidos,Manor of Sage
,B0CG23CKTK,8,Libros,disponible,disponible,,,2025-10-20T01:37:20.653Z,2025-10-27T17:19:17.070Z,2025-10-29T00:50:18.792Z,1544,55.99,"$1,852.30","Yeaqee - Juego de 100 regalos inspiradores que incluye 50 cuadernos en espiral, 50 bolígrafos con texto en espiral, puede que estés orgulloso del trabajo que hagas regalos motivacionales para",https://www.amazon.com.mx/dp/B0CG23CKTK,https://www.amazon.com/dp/B0CG23CKTK,Amazon Estados Unidos,QeeQing
,B0B7RNZ3B9,8,Libros,disponible,disponible,,,2025-10-20T01:37:20.653Z,2025-10-27T17:19:24.634Z,2025-10-29T00:50:27.693Z,488,7.99,$491.82,"MuiAng - Cuadernos pequeños en espiral de 4 x 6 pulgadas, paquete de 4 mini-bloc de notas de bolsillo con 50 hojas por bloque, perfectos para notas y listas",https://www.amazon.com.mx/dp/B0B7RNZ3B9,https://www.amazon.com/dp/B0B7RNZ3B9,XIJIANG,MuiAng-US
,B09F5XQDYJ,8,Libros,disponible,no disponible,,,2025-10-20T01:37:31.200Z,2025-10-27T17:19:32.554Z,2025-10-29T00:50:34.344Z,900,,$895.87,"vfaejll - Cuaderno de diario de piel con forro A5, juego de diario de tapa dura con bolígrafo y caja de regalo, 100 páginas, 100 g/m² de papel rayado grueso diario para hombres y mujeres, escuela,",https://www.amazon.com.mx/dp/B09F5XQDYJ,https://www.amazon.com/dp/B09F5XQDYJ,ShoppinGoods MX,
,B0B37HDTGF,8,Libros,disponible,disponible,,,2025-10-20T01:37:31.200Z,2025-10-27T17:19:39.260Z,2025-10-29T00:50:41.929Z,472,6.99,$476.50,"BGHEOUYV Notebook Journal, College Ruled Notebook Lined A5 160 Pages,Hard Cover Journals for Writing, Notebooks for Work Office School Women Men,5.7 inches x 8.4 inches(Light Blue)",https://www.amazon.com.mx/dp/B0B37HDTGF,https://www.amazon.com/dp/B0B37HDTGF,XIJIANG,BGHEOUYV
,B0BND4F256,8,Libros,disponible,disponible,,,2025-10-20T01:37:31.200Z,2025-10-27T17:19:46.544Z,2025-10-29T00:50:49.575Z,749,16.29,$748.10,"Tivcck 24 Pack Spiral Memo Books,Mini Spiral Notepads,Memo Pads,Small Notepad 3x5,Mini Note Pads Pocket Notebook,Top Bound Memo Books Bulk for Home Office Accessories,60 Sheets/Pad,6 Assorted Colors",https://www.amazon.com.mx/dp/B0BND4F256,https://www.amazon.com/dp/B0BND4F256,XIJIANG,chenkangdianzi
,B0BGJPPKP9,8,Libros,disponible,disponible,,,2025-10-20T01:37:31.200Z,2025-10-27T17:19:54.164Z,2025-10-29T00:50:58.073Z,1876,47.99,"$1,914.66","Epakh Paquete de 36 cuadernos en espiral en blanco sin forro, cuaderno en espiral A5, cubierta suave para estudiantes, cuaderno de bocetos, bloc de notas para dibujar suministros de oficina, 100 páginas/50 hojas, 8.3 x 5.5 pulgadas (negro, 36 unidades)",https://www.amazon.com.mx/dp/B0BGJPPKP9,https://www.amazon.com/dp/B0BGJPPKP9,DAPHNE03 STORE,Qeiuxinys
,B0C9ZRPXVL,8,Libros,disponible,disponible,,,2025-10-20T01:37:31.201Z,2025-10-27T17:20:02.091Z,2025-10-29T00:51:06.961Z,481,6.99,$508.87,"Ansopu - Cuaderno de diario forrado para escribir, papel grueso A5, 100 g/m², diario de tapa dura de piel para mujeres y hombres, diario de viaje, 160 páginas (5.75 x 8.38 pulgadas, café)",https://www.amazon.com.mx/dp/B0C9ZRPXVL,https://www.amazon.com/dp/B0C9ZRPXVL,BG3 STORE,Woarilco
,B0C8186CGK,8,Libros,disponible,disponible,,,2025-10-20T01:37:31.201Z,2025-10-27T17:20:15.998Z,2025-10-29T00:51:21.443Z,897,19.99,$901.38,"Cuadernos en espiral de 5 temas, 5 unidades, tapa dura a rayas universitarias con divisores extraíbles, 160 páginas/80 hojas cada una, A5 (8.5 x 5.7 pulgadas), bonito libro floral floreciente, para estudiantes, oficina, negocios, diario",https://www.amazon.com.mx/dp/B0C8186CGK,https://www.amazon.com/dp/B0C8186CGK,XIJIANG,Dynta
,B0B92MBZ17,8,Libros,disponible,no disponible,,,2025-10-20T01:37:31.201Z,2025-10-27T17:20:23.817Z,2025-10-29T00:51:28.615Z,651,,$649.92,"Paquete de 6 cuadernos a rayas universitarias, cuaderno en espiral de cubierta amarilla suave, bloc de notas, cuaderno de bocetos para estudiantes, oficina, negocios, diario en espiral, 100 páginas, 50 hojas, 7.48 x 5.11 pulgadas",https://www.amazon.com.mx/dp/B0B92MBZ17,https://www.amazon.com/dp/B0B92MBZ17,XIJIANG,
,B0B37L3STZ,8,Libros,disponible,disponible,,,2025-10-20T01:37:31.201Z,2025-10-27T17:20:32.198Z,2025-10-29T00:51:36.611Z,458,6.99,$456.43,"BGHEOUYV - Cuaderno de cuaderno con rayas universitarias A5, 160 páginas, diarios de tapa dura para escribir, cuadernos para trabajo, oficina, escuela, mujeres, hombres, 5.7 x 8.4 pulgadas (café)",https://www.amazon.com.mx/dp/B0B37L3STZ,https://www.amazon.com/dp/B0B37L3STZ,XIJIANG,BGHEOUYV
,B0BVGLK7NH,8,Libros,disponible,no disponible,,,2025-10-20T01:37:31.201Z,2025-10-27T17:20:40.536Z,2025-10-29T00:51:44.822Z,438.54,,$438.54,Libro de pintura de acuarela de bolsillo,https://www.amazon.com.mx/dp/B0BVGLK7NH,https://www.amazon.com/dp/B0BVGLK7NH,SRKSB LLC,
,9874276657,8,Libros,disponible,no disponible,,,2025-10-20T01:37:31.201Z,2025-10-27T17:20:48.625Z,2025-10-29T00:51:52.416Z,467,,$696.05,CRM y FFHH: Análisis de accidentes reales,https://www.amazon.com.mx/dp/9874276657,https://www.amazon.com/dp/9874276657,Amazon Estados Unidos,