also_appears_in,asin,batch_number,category,disponibilidad_mx,disponibilidad_usa,error_verificacion_mx,error_verificacion_usa,extracted_at,fecha_verificacion_mx,fecha_verificacion_usa,precio_actual_mx,precio_actual_usd,price,title,url_mx,url_usa,vendedor_actual_mx,vendedor_actual_usa
,B0DF7D3ZZQ,9,Salud y Cuidado Personal,disponible,no disponible,,,2025-10-31T20:46:30.761Z,2025-11-01T18:44:54.242Z,2025-11-02T18:15:46.116Z,929,,$920.07,"LILICARE Suplemento de fisetina: liposomal de súper absorción, 98% de pureza, 1200 mg de fisetina con quercetina, resveratrol, extracto de té verde para un envejecimiento saludable y longevidad, sa",https://www.amazon.com.mx/dp/B0DF7D3ZZQ,https://www.amazon.com/dp/B0DF7D3ZZQ,korakk,
,B07212S85T,9,Salud y Cuidado Personal,disponible,no disponible,,,2025-10-31T20:46:30.761Z,2025-11-01T18:45:02.953Z,2025-11-02T18:15:53.824Z,474.69,,$477.05,"FeetPeople Premium Shoe Cream 1.5 Oz, Various Colors!",https://www.amazon.com.mx/dp/B07212S85T,https://www.amazon.com/dp/B07212S85T,M&H Customer Friendly Store,
,B0D6SWQ4C2,9,Salud y Cuidado Personal,disponible,no disponible,,,2025-10-31T20:46:30.761Z,2025-11-01T18:45:11.250Z,2025-11-02T18:16:01.971Z,1256.54,,"$1,249.98","THINX - Ropa interior para todos los períodos, cintura alta, 12 tampones, aprobado por la FSA HSA, a prueba de fugas, reutilizable y controla el olor, negro, paquete de 2",https://www.amazon.com.mx/dp/B0D6SWQ4C2,https://www.amazon.com/dp/B0D6SWQ4C2,SIDE SHOP,
,B0CJ26H25Y,9,Salud y Cuidado Personal,disponible,disponible,,,2025-10-31T20:46:30.761Z,2025-11-01T18:45:19.360Z,2025-11-02T18:16:08.652Z,678.68,15.99,$675.14,"L'OLGA COLLECTION - Bolsa de maquillaje ligera y reutilizable, artículos de cambiador | Bolsa de cosméticos a prueba de salpicaduras, plegable y de viaje, impermeable, traje de baño de playa, traje de",https://www.amazon.com.mx/dp/B0CJ26H25Y,https://www.amazon.com/dp/B0CJ26H25Y,SIDE SHOP,L'OLGA
,B0F43QZV4X,9,Salud y Cuidado Personal,disponible,disponible,,,2025-10-31T20:46:30.761Z,2025-11-01T18:45:27.005Z,2025-11-02T18:16:17.171Z,305.3,1.3,$304.79,RingConn Gen 2 - Kit de tallas de aire – Tamaño primero antes de comprar – Elige entre 9 tamaños – Tamaños 6 a 14 – Solo anillo inteligente,https://www.amazon.com.mx/dp/B0F43QZV4X,https://www.amazon.com/dp/B0F43QZV4X,Corner Stone LLC,RingConn Official Store
,B07MK5Z35V,9,Salud y Cuidado Personal,disponible,no disponible,,,2025-10-31T20:46:30.761Z,2025-11-01T18:45:36.157Z,2025-11-02T18:16:24.643Z,704.55,,$700.18,"2 pares de lentes de sol de lectura bifocales para mujer, gafas de lectura Cateye vintage Jackie ovaladas, 1 Negro 1 Tortuga, Adulto",https://www.amazon.com.mx/dp/B07MK5Z35V,https://www.amazon.com/dp/B07MK5Z35V,Novayu,
,B09BTH239Y,9,Salud y Cuidado Personal,disponible,no disponible,,,2025-10-31T20:46:30.761Z,2025-11-01T18:45:44.734Z,2025-11-02T18:16:33.611Z,743.97,,$723.81,"Likas Jabón de papaya original, paquete de 1 - JUEGO DE 4",https://www.amazon.com.mx/dp/B09BTH239Y,https://www.amazon.com/dp/B09BTH239Y,GUTTIDIRECT,
,B0CNKCJ2VH,9,Salud y Cuidado Personal,disponible,disponible,,,2025-10-31T20:46:30.762Z,2025-11-01T18:45:53.916Z,2025-11-02T18:16:42.194Z,523.73,9.99,$512.93,"Endoto Plantillas de espuma viscoelástica para Skechers zapatos mujer, Insoles inserts inserto acolchadas de reemplazo para mayor comodidad y alivio del dolor en los pies-Negro 41 EU",https://www.amazon.com.mx/dp/B0CNKCJ2VH,https://www.amazon.com/dp/B0CNKCJ2VH,BG3 STORE,Endoto® Online
,B0DPQ5GY5G,9,Salud y Cuidado Personal,disponible,no disponible,,,2025-10-31T20:46:30.762Z,2025-11-01T18:46:01.717Z,2025-11-02T18:16:50.641Z,517.22,,$526.86,GOGIFTGO Aceite De Cyperus Rotundus Aceite De Cyperus Aceite De Cyperus Rotundus Para Depilación Aceite De Cyperus Natural Calmante Y Suave Reduce El Crecimiento Del Vello Corporal Piel Suav,https://www.amazon.com.mx/dp/B0DPQ5GY5G,https://www.amazon.com/dp/B0DPQ5GY5G,SRKSB LLC,
,B08VZWDWNR,9,Salud y Cuidado Personal,disponible,no disponible,,,2025-10-31T20:46:30.762Z,2025-11-01T18:46:10.021Z,2025-11-02T18:16:57.591Z,727.19,,$723.39,"2 pares de lentes de sol de lectura bifocales para mujer, gafas de lectura Cateye vintage Jackie ovaladas, 1 leopardo gris 1 leopardo marrón, Adulto",https://www.amazon.com.mx/dp/B08VZWDWNR,https://www.amazon.com/dp/B08VZWDWNR,SIDE SHOP,
,B0DT9K92B4,9,Salud y Cuidado Personal,disponible,no disponible,,,2025-10-31T20:46:30.762Z,2025-11-01T18:46:17.402Z,2025-11-02T18:17:04.833Z,499,,$512.93,"Freshmile Pastillas de enjuague bucal de viaje para fumadores-Sin flúor ni alcohol, para el tratamiento del mal aliento y el blanqueamiento natural, sabor menta (60 unidades)",https://www.amazon.com.mx/dp/B0DT9K92B4,https://www.amazon.com/dp/B0DT9K92B4,Dema Tecno,
,B00IDCOA5I,9,Salud y Cuidado Personal,disponible,no disponible,,,2025-10-31T20:46:30.762Z,2025-11-01T18:46:24.307Z,2025-11-02T18:17:12.523Z,1455.03,,"$1,469.78","MyTan Ultimate Paquete de bronceado | Incluye tanto pastillas bronceadoras de bronce y potencial, con precio de descuento, pastillas de bronceado de clase mundial, bronceado más rápido, más oscuro, más largo | 200 tabletas de bronceado",https://www.amazon.com.mx/dp/B00IDCOA5I,https://www.amazon.com/dp/B00IDCOA5I,Abundant Peace,
,B0F66VY72N,9,Salud y Cuidado Personal,disponible,no disponible,,,2025-10-31T20:46:30.762Z,2025-11-01T18:46:31.549Z,2025-11-02T18:17:20.893Z,1358.05,,"$1,350.97","Cata-Kor Alternativa Al Suplemento Nmn - Liponad Liposomal Nad Core 250 Mg - Suministro Para 60 Días - Paquete De 2 - Suplemento De Nad De Alta Pureza Para Antienvejecimiento, Energía Y Concentración",https://www.amazon.com.mx/dp/B0F66VY72N,https://www.amazon.com/dp/B0F66VY72N,SIDE SHOP,
,B0DD7K9JXF,9,Salud y Cuidado Personal,disponible,no disponible,,,2025-10-31T20:46:30.762Z,2025-11-01T18:46:39.455Z,2025-11-02T18:17:28.268Z,508.23,,$512.93,"SEWAK AL NOOR-Paquete de 12 palitos de Miswak para dientes con soporte - Cepillo de dientes natural para blanquear los dientes, salud bucal y aliento fresco - Sellado al vacío con sabor natural",https://www.amazon.com.mx/dp/B0DD7K9JXF,https://www.amazon.com/dp/B0DD7K9JXF,SRKSB LLC,
,B0C58YZ55B,9,Salud y Cuidado Personal,disponible,no disponible,,,2025-10-31T20:46:30.762Z,2025-11-01T18:46:47.385Z,2025-11-02T18:17:35.871Z,399,,$464.95,"MEKER Aceite de visón para botas de piel, acondicionador de piel y limpiador de 3.5 onzas, totalmente natural, impermeable, suavizan y restauran los zapatos, Blanco, 100g",https://www.amazon.com.mx/dp/B0C58YZ55B,https://www.amazon.com/dp/B0C58YZ55B,Kelev 24,
,B0DP5HNQV3,9,Salud y Cuidado Personal,disponible,no disponible,,,2025-10-31T20:46:30.763Z,2025-11-01T18:46:56.224Z,2025-11-02T18:17:44.210Z,440.49,,$441.18,"ARMAS PHARMACEUTICALS Gotas Para Los Ojos Armas Allergy, Alivio De La Picazón, Actúa En Minutos, Alivio Por Hasta 12 Horas, Concentración Recetada, Solución Antihistamínica De Ketotifeno, Suministro P",https://www.amazon.com.mx/dp/B0DP5HNQV3,https://www.amazon.com/dp/B0DP5HNQV3,SRKSB LLC,
,B0DSHWDY62,9,Salud y Cuidado Personal,disponible,no disponible,,,2025-10-31T20:46:40.322Z,2025-11-01T18:47:03.871Z,2025-11-02T18:17:51.828Z,529.71,,$579.41,"Qucship Potente XXL - Limpiador de basura espumoso y desodorantes tabletas – Paquete de 24 unidades, limpiador de eliminación de basura con aroma a cítricos, limpiador de drenaje para fregadero para 1",https://www.amazon.com.mx/dp/B0DSHWDY62,https://www.amazon.com/dp/B0DSHWDY62,BİLGİ LTD,
,B07P15RVRP,9,Salud y Cuidado Personal,disponible,no disponible,,,2025-10-31T20:46:40.322Z,2025-11-01T18:47:12.589Z,2025-11-02T18:17:58.748Z,511.05,,$512.93,"SmellWell Desodorantes para zapatos, carbón de bambú activado + minerales, inserto de ambientador natural para zapatos, bolsos, guantes y más, Perfumado - Black Zebra, 2 Count (Pack of 1)",https://www.amazon.com.mx/dp/B07P15RVRP,https://www.amazon.com/dp/B07P15RVRP,SRKSB LLC,
,B0DP3W4GY9,9,Salud y Cuidado Personal,disponible,no disponible,,,2025-10-31T20:46:40.322Z,2025-11-01T18:47:21.255Z,2025-11-02T18:18:06.661Z,1017.85,,"$1,225.77",Fivepropy Herramienta Mejorada Para Eliminar Cálculos Amigdalinos Con Sondas De Silicona Y Vidrio Aspiradora Electrónica Recargable 11 En 1 Con Luz Led Incorporada Combate El Mal Aliento Con,https://www.amazon.com.mx/dp/B0DP3W4GY9,https://www.amazon.com/dp/B0DP3W4GY9,EcoNova Market,
,B0DSCBNS7L,9,Salud y Cuidado Personal,disponible,no disponible,,,2025-10-31T20:46:40.322Z,2025-11-01T18:47:30.711Z,2025-11-02T18:18:14.384Z,1145.78,,"$1,135.98","Glamommy Kit de recuperación posparto para mujeres, cuidados posparto, biberón, espray refrescante, ropa interior desechable posparto, compresas posparto, compresas frías y calientes, protectores relajantes.",https://www.amazon.com.mx/dp/B0DSCBNS7L,https://www.amazon.com/dp/B0DSCBNS7L,SRKSB LLC,
,B0D95SQBDW,9,Salud y Cuidado Personal,disponible,no disponible,,,2025-10-31T20:46:40.322Z,2025-11-01T18:47:43.953Z,2025-11-02T18:18:25.834Z,467.55,,$464.95,"Super pegamento para reparación de zapatos, 30 g x 2 pegamento para zapatos resistente, pegamento para zapatos para reparación de suela de zapatos, reparación de zapatos de botas, tenis, zapatos",https://www.amazon.com.mx/dp/B0D95SQBDW,https://www.amazon.com/dp/B0D95SQBDW,Corner Stone LLC,
,B0CPC65BFZ,9,Salud y Cuidado Personal,disponible,no disponible,,,2025-10-31T20:46:40.322Z,2025-11-01T18:47:53.677Z,2025-11-02T18:18:33.400Z,750.19,,$739.54,"FRESINIDER - Apósito de espuma de silicona con borde calcomanía, vendaje para heridas, almohadilla de espuma de silicona, paquete de 10 vendajes impermeables grandes, para el cuidado de heridas y",https://www.amazon.com.mx/dp/B0CPC65BFZ,https://www.amazon.com/dp/B0CPC65BFZ,TIME OF SHOP,
,B0DPQMFV2T,9,Salud y Cuidado Personal,disponible,no disponible,,,2025-10-31T20:46:40.323Z,2025-11-01T18:48:02.126Z,2025-11-02T18:18:40.636Z,994.94,,$989.75,PUFFIAIR Difusor De Hierbas En Forma De Pluma Para Desintoxicar Los Pulmones Y Refrescar El Ambiente Bucal Con Extractos De Gordolobo Tomillo Y Menta Verde,https://www.amazon.com.mx/dp/B0DPQMFV2T,https://www.amazon.com/dp/B0DPQMFV2T,SIDE SHOP,
,B0D8W5X898,9,Salud y Cuidado Personal,disponible,no disponible,,,2025-10-31T20:46:40.323Z,2025-11-01T18:48:10.059Z,2025-11-02T18:18:48.051Z,491.5,,$488.94,RAZOKO Cera De Ortodoncia Para Brackets Puntos De Cera 120 Envase Individual Higiénico Cera Dental,https://www.amazon.com.mx/dp/B0D8W5X898,https://www.amazon.com/dp/B0D8W5X898,SIDE SHOP,
,B0CZ6RDYJ9,9,Salud y Cuidado Personal,disponible,disponible,,,2025-10-31T20:46:40.323Z,2025-11-01T18:48:18.331Z,2025-11-02T18:18:56.372Z,660.08,15.99,$656.64,"Paquete de 5 fundas para pañales con volantes – Baby Bloomers, lindos pantalones cortos de algodón para bebé, bragas para niñas pequeñas",https://www.amazon.com.mx/dp/B0CZ6RDYJ9,https://www.amazon.com/dp/B0CZ6RDYJ9,SIDE SHOP,poocen
,B07SQ3NJYD,9,Salud y Cuidado Personal,disponible,no disponible,,,2025-10-31T20:46:40.323Z,2025-11-01T18:48:25.582Z,2025-11-02T18:19:05.196Z,690.57,,$668.74,"SOLUGEL FISIOCREM Fisiocrem Solugel - Masaje Masaje Para Cuello, Hombros Y Espalda Con Árnica - 100 Ml",https://www.amazon.com.mx/dp/B07SQ3NJYD,https://www.amazon.com/dp/B07SQ3NJYD,BG3 STORE,
,B0F6KRFYG3,9,Salud y Cuidado Personal,disponible,disponible,,,2025-10-31T20:46:40.323Z,2025-11-01T18:48:34.728Z,2025-11-02T18:19:13.347Z,585.92,12.99,$585.22,"Spray de retardo de resistencia para hombre para larga duración, pulverizador de retardo para hombre, resistente | Spray de aumento de tamaño de tornillo de viaje",https://www.amazon.com.mx/dp/B0F6KRFYG3,https://www.amazon.com/dp/B0F6KRFYG3,DUKKI LLC,JJLBRO
,B0CZS66BJN,9,Salud y Cuidado Personal,disponible,no disponible,,,2025-10-31T20:46:40.323Z,2025-11-01T18:48:41.965Z,2025-11-02T18:19:21.409Z,502.91,,$512.93,"Suero aclarador de piel SMILEFACE Crema blanqueadora anal con ácido kójico, arbutina, vitamina C y vitamina E para el ano, las zonas íntimas, las partes privadas, los glúteos, la zona del bikini, el",https://www.amazon.com.mx/dp/B0CZS66BJN,https://www.amazon.com/dp/B0CZS66BJN,SRKSB LLC,
,B071DNRC63,9,Salud y Cuidado Personal,disponible,no disponible,,,2025-10-31T20:46:40.323Z,2025-11-01T18:48:51.394Z,2025-11-02T18:19:30.062Z,994.71,,$990.89,PerfecDraw Precision Cigar Draw Enhancer Tool & Nubber,https://www.amazon.com.mx/dp/B071DNRC63,https://www.amazon.com/dp/B071DNRC63,SRKSB LLC,
,B0D9SZ8PVB,9,Salud y Cuidado Personal,disponible,no disponible,,,2025-10-31T20:46:40.323Z,2025-11-01T18:48:59.974Z,2025-11-02T18:19:38.622Z,1097.05,,"$1,087.54",Tabletas de agua de hidrógeno 60 unidades 12 PPM nanoburbujas - Travel Friendly US Company,https://www.amazon.com.mx/dp/B0D9SZ8PVB,https://www.amazon.com/dp/B0D9SZ8PVB,MYSILKROAD LLC,
,B071ZLPCYY,9,Salud y Cuidado Personal,disponible,no disponible,,,2025-10-31T20:46:40.323Z,2025-11-01T18:49:08.819Z,2025-11-02T18:19:46.555Z,793.36,,$775.21,Samsara Herbs Polen de pino en polvo cosechado salvaje – 99% de pared celular agrietada (4 onzas/114 g),https://www.amazon.com.mx/dp/B071ZLPCYY,https://www.amazon.com/dp/B071ZLPCYY,MARVEL INC.,
,B0BZH14T8F,9,Salud y Cuidado Personal,disponible,no disponible,,,2025-10-31T20:46:40.324Z,2025-11-01T18:49:17.318Z,2025-11-02T18:19:54.057Z,715.91,,$512.93,"Litepak Shoe Deodorizer and Odor Eliminator Activated Charcoal Odor Absorber for Shoes and Gym Bags, Natural Bamboo Air Freshener for Boots, Closet Or Car (4 Pack)",https://www.amazon.com.mx/dp/B0BZH14T8F,https://www.amazon.com/dp/B0BZH14T8F,ProductosTX ⭐ ⭐ ⭐ ⭐ ⭐,
,B094RG2VW7,9,Salud y Cuidado Personal,disponible,no disponible,,,2025-10-31T20:46:51.044Z,2025-11-01T18:49:25.522Z,2025-11-02T18:20:02.794Z,424.56,,$428.16,HYLEYS- “Hyleys Colon Cleanse Té Sabor a Bayas Goji 25 Bolsas de Té (1 Paquete),https://www.amazon.com.mx/dp/B094RG2VW7,https://www.amazon.com/dp/B094RG2VW7,SRKSB LLC,
,B0CFSVH4L7,9,Salud y Cuidado Personal,disponible,no disponible,,,2025-10-31T20:46:51.044Z,2025-11-01T18:49:35.090Z,2025-11-02T18:20:11.685Z,844.43,,$842.84,Saltair- - Aceite corporal Santal Bloom - Hidratante corporal nutritivo,https://www.amazon.com.mx/dp/B0CFSVH4L7,https://www.amazon.com/dp/B0CFSVH4L7,GUTTIDIRECT,
,B0DDC1YMPT,9,Salud y Cuidado Personal,disponible,no disponible,,,2025-10-31T20:46:51.044Z,2025-11-01T18:49:43.909Z,2025-11-02T18:20:20.338Z,695.48,,$674.91,"Limpiador de drenaje Yugou, limpiador de drenaje de fregadero, limpiador de drenaje de espuma, limpiador de fregadero y desodorante, removedor de zuecos de drenaje para desagües de cocina, fregaderos,",https://www.amazon.com.mx/dp/B0DDC1YMPT,https://www.amazon.com/dp/B0DDC1YMPT,BG3 STORE,
,B0C76YTGBH,9,Salud y Cuidado Personal,disponible,no disponible,,,2025-10-31T20:46:51.044Z,2025-11-01T18:49:52.310Z,2025-11-02T18:20:27.968Z,523.51,,$512.70,"MEKER Aceite de visón para botas de piel, acondicionador de piel y limpiador de 3.5 onzas, totalmente natural, impermeable, suavizan y restauran los zapatos",https://www.amazon.com.mx/dp/B0C76YTGBH,https://www.amazon.com/dp/B0C76YTGBH,BG3 STORE,
,B0CNJKDRY3,9,Salud y Cuidado Personal,disponible,no disponible,,,2025-10-31T20:46:51.044Z,2025-11-01T18:50:00.702Z,2025-11-02T18:20:35.372Z,714.27,,$714.27,"RiseWell- INGREDIENTES NATURALES, SIN SABOR AGREGADO: ¡Pasta de dientes sin sabor para personas sensibles al gusto! Nuestra pasta de dientes mineral sin sabor limpia suavemente sin edulcorantes artifi",https://www.amazon.com.mx/dp/B0CNJKDRY3,https://www.amazon.com/dp/B0CNJKDRY3,SIDE SHOP,
,B0DN5Y1Z4V,9,Salud y Cuidado Personal,disponible,no disponible,,,2025-10-31T20:46:51.044Z,2025-11-01T18:50:08.415Z,2025-11-02T18:20:43.733Z,439.45,,$431.46,Mezcla de semillas de zacate para gatos sin OMG elegida por la mayoría de los gatitos y crece 19 macetas (200 pies cuadrados) en 5 días tan fresca que brota más rápido (recién empaquetada) con,https://www.amazon.com.mx/dp/B0DN5Y1Z4V,https://www.amazon.com/dp/B0DN5Y1Z4V,MSTZKN SHİPMENT,
,B0F93D74HM,9,Salud y Cuidado Personal,disponible,no disponible,,,2025-10-31T20:46:51.044Z,2025-11-01T18:50:16.872Z,2025-11-02T18:20:51.474Z,984.06,,$986.32,"Parches de capsaicina XL – 50 parches calientes de capsicum – parches de calor para espalda, rodilla, cuello y hombros, parches de revivencia de articulaciones y músculos, yeso capsicum",https://www.amazon.com.mx/dp/B0F93D74HM,https://www.amazon.com/dp/B0F93D74HM,Rendosa,
,B0CQYMPV66,9,Salud y Cuidado Personal,disponible,no disponible,,,2025-10-31T20:46:51.044Z,2025-11-01T18:50:25.948Z,2025-11-02T18:20:58.829Z,508.23,,$512.93,"Kit de limpieza de zapatos, limpiador de zapatos blanco de 6 oz que elimina la suciedad y las manchas, el polvo y la toalla, funciona en zapatos blancos, cuero, tejidos, botas, lona, gamuza",https://www.amazon.com.mx/dp/B0CQYMPV66,https://www.amazon.com/dp/B0CQYMPV66,SRKSB LLC,
,B0D83RXK3Q,9,Salud y Cuidado Personal,disponible,no disponible,,,2025-10-31T20:46:51.044Z,2025-11-01T18:50:38.750Z,2025-11-02T18:21:11.699Z,475.07,,$464.95,"QJCWXIAOX Aceite De Semilla De Granada Orgánico, Aceite De Semilla De Granada Puro Y Natural Para El Cuerpo, La Cara Y La Piel, Aceite Esencial Prensado En Frío Para El Cuidado De La Piel Antienvejeci",https://www.amazon.com.mx/dp/B0D83RXK3Q,https://www.amazon.com/dp/B0D83RXK3Q,KRONOS STORE,
,B09Q79J4V5,9,Salud y Cuidado Personal,disponible,no disponible,,,2025-10-31T20:46:51.045Z,2025-11-01T18:50:47.288Z,2025-11-02T18:21:19.904Z,770.22,,$752.60,Nécessaire El Gel Desodorante - Tratamiento Desodorizante Clínico Con 5% Aha. Vitamina B5 + B3. Sin Bumps. Sin Decoloración. Probado Por Dermatólogos. 1.7Oz,https://www.amazon.com.mx/dp/B09Q79J4V5,https://www.amazon.com/dp/B09Q79J4V5,MARVEL INC.,
,B0D41JWSQ3,9,Salud y Cuidado Personal,disponible,no disponible,,,2025-10-31T20:46:51.045Z,2025-11-01T18:50:56.529Z,2025-11-02T18:21:27.983Z,429,,$476.83,"Tearich Crema De Silicona Para Cicatrices En Gel: Tratamiento Avanzado Para Eliminar Estrías, Cicatrices Antiguas Y Recientes, Cicatrices Quirúrgicas, Quemaduras, Acné, Cesáreas Y Cicatrices Queloides",https://www.amazon.com.mx/dp/B0D41JWSQ3,https://www.amazon.com/dp/B0D41JWSQ3,Dema Tecno,
,B0CQC5FLYD,9,Salud y Cuidado Personal,disponible,no disponible,,,2025-10-31T20:46:51.045Z,2025-11-01T18:51:04.243Z,2025-11-02T18:21:34.613Z,704.17,,$701.87,"Airtag - Insertos de soporte para niños y ancianos, Airtag Case para rastrear tus pasos y zapatos, Azul, 175-190mm",https://www.amazon.com.mx/dp/B0CQC5FLYD,https://www.amazon.com/dp/B0CQC5FLYD,SRKSB LLC,
,B0CDGN1S69,9,Salud y Cuidado Personal,disponible,disponible,,,2025-10-31T20:46:51.045Z,2025-11-01T18:51:13.835Z,2025-11-02T18:21:41.805Z,821.76,21.99,$818.85,"FSRTEP - Lentes de lectura estilo Oprah para mujer, estilo Stylis con bloqueo de luz azul y bisagra de resorte",https://www.amazon.com.mx/dp/B0CDGN1S69,https://www.amazon.com/dp/B0CDGN1S69,SRKSB LLC,FSREAD-US
,B0BQNDR8YN,9,Salud y Cuidado Personal,disponible,no disponible,,,2025-10-31T20:46:51.045Z,2025-11-01T18:51:21.359Z,2025-11-02T18:21:48.720Z,577.2,,$573.01,"StarPass Labs- EVERYDAZE Solución esencial de colágeno Jelly Stick | Péptido Vegano Granada 10 Paquetes Cabello, Piel, N",https://www.amazon.com.mx/dp/B0BQNDR8YN,https://www.amazon.com/dp/B0BQNDR8YN,SRKSB LLC,
,B019660RPG,9,Salud y Cuidado Personal,disponible,no disponible,,,2025-10-31T20:46:51.045Z,2025-11-01T18:51:30.653Z,2025-11-02T18:21:56.548Z,851.16,,$848.10,Vashe Wound Solution OTC | Limpiador de heridas preservado en ácido hipocloroso puro | Cuidado de heridas en el hogar y limpiador de heridas | pH no citotóxico y neutro para la piel | 8 onzas líquidas,https://www.amazon.com.mx/dp/B019660RPG,https://www.amazon.com/dp/B019660RPG,SRKSB LLC,
,B0BGM5JJ8N,9,Salud y Cuidado Personal,disponible,no disponible,,,2025-10-31T20:46:51.045Z,2025-11-01T18:51:38.561Z,2025-11-02T18:22:05.105Z,631.77,,$620.77,Grangers Footwear Repel Plus Eco Recambio | 275 ml | Extender la vida útil de la prueba de calzado duradera,https://www.amazon.com.mx/dp/B0BGM5JJ8N,https://www.amazon.com/dp/B0BGM5JJ8N,GUTTIDIRECT,
,B0CS4137M1,9,Salud y Cuidado Personal,disponible,no disponible,,,2025-10-31T20:47:03.232Z,2025-11-01T18:51:46.110Z,2025-11-02T18:22:12.963Z,584.84,,$584.67,"Mouthology Pasta de dientes con nanohidroxiapatita al 10% (sin flúor), natural, remineralizante, blanqueadora, para dientes sensibles, sin SLS, pasta de dientes con nanohidroxiapatita y xilitol par",https://www.amazon.com.mx/dp/B0CS4137M1,https://www.amazon.com/dp/B0CS4137M1,M&H Customer Friendly Store,
,B0DKXG911Q,9,Salud y Cuidado Personal,disponible,disponible,,,2025-10-31T20:47:03.232Z,2025-11-01T18:51:55.647Z,2025-11-02T18:22:20.934Z,406.27,5.29,$405.56,"Granicell 2032 - Batería compatible con Apple AirTag CR2032 de litio de 3 V para seguridad infantil, adecuada para llaveros, sensores inteligentes, básculas, velas y más (CR2032-15)",https://www.amazon.com.mx/dp/B0DKXG911Q,https://www.amazon.com/dp/B0DKXG911Q,Abundant Peace,Granicell
,B00CJRIH7U,9,Salud y Cuidado Personal,disponible,no disponible,,,2025-10-31T20:47:03.232Z,2025-11-01T18:52:03.458Z,2025-11-02T18:22:28.472Z,487.49,,$507.67,Laundrin Fabric Mist 370ml - Classic Floral,https://www.amazon.com.mx/dp/B00CJRIH7U,https://www.amazon.com/dp/B00CJRIH7U,DUKKI LLC,
,B0BSL1FYQY,9,Salud y Cuidado Personal,disponible,no disponible,,,2025-10-31T20:47:03.232Z,2025-11-01T18:52:12.232Z,2025-11-02T18:22:37.315Z,658.7,,$656.64,"MEDIFOAM- “Apósito Hidrocoloide H Autoadhesivo (Paquete de 4"" x4” /10) Aprobado por FSA/HSA Extra Fino Grande Koean Hy",https://www.amazon.com.mx/dp/B0BSL1FYQY,https://www.amazon.com/dp/B0BSL1FYQY,SRKSB LLC,
,B0F2MJYL49,9,Salud y Cuidado Personal,disponible,disponible,,,2025-10-31T20:47:03.232Z,2025-11-01T18:52:20.414Z,2025-11-02T18:22:46.080Z,1118.04,29.99,"$1,113.58","New Fi Bug Zapper - Zapper para Exteriores, mosquiteros con luz LED, para Interiores y Exteriores, trampas eléctricas para Moscas de Insectos, enchufa el Asesino de Mosquitos para Patio y Patio",https://www.amazon.com.mx/dp/B0F2MJYL49,https://www.amazon.com/dp/B0F2MJYL49,SRKSB LLC,New Fi INC
,B0011YEMDK,9,Salud y Cuidado Personal,disponible,disponible,,,2025-10-31T20:47:03.232Z,2025-11-01T18:52:29.903Z,2025-11-02T18:22:54.214Z,1650.74,54.95,"$1,574.31","Superfeet - Plantillas azules, soporte de arco alto de grado profesional, inserciones ortopédicas para zapatos para un máximo apoyo, unisex, azul",https://www.amazon.com.mx/dp/B0011YEMDK,https://www.amazon.com/dp/B0011YEMDK,AUTO MATE,Pattern.
,B07JN137CB,9,Salud y Cuidado Personal,disponible,no disponible,,,2025-10-31T20:47:03.232Z,2025-11-01T18:52:38.892Z,2025-11-02T18:23:02.746Z,615.22,,$573.47,Inca's Herbs Muña Digestivo All Natural 2 Pack 1.23 oz,https://www.amazon.com.mx/dp/B07JN137CB,https://www.amazon.com/dp/B07JN137CB,"LA MEJOR OPCION, FACTURAMOS TODOS TUS PEDIDOS",
,B0B72GDYF4,9,Salud y Cuidado Personal,disponible,no disponible,,,2025-10-31T20:47:03.233Z,2025-11-01T18:52:48.523Z,2025-11-02T18:23:10.638Z,545.54,,$560.45,"ONE-CARE Agujas Para Bolígrafos, 31 G X 8 Mm, Caja De 100, Ajuste Universal",https://www.amazon.com.mx/dp/B0B72GDYF4,https://www.amazon.com/dp/B0B72GDYF4,MARVEL INC.,
,B07JRHV75F,9,Salud y Cuidado Personal,disponible,no disponible,,,2025-10-31T20:47:03.233Z,2025-11-01T18:52:56.764Z,2025-11-02T18:23:19.057Z,797.76,,$797.92,"Kg's - cepillo para polvo protector de botas para proteger los dedos del pie, cepillo para polvo líquido para una protección de seguridad resistente y duradera en las botas",https://www.amazon.com.mx/dp/B07JRHV75F,https://www.amazon.com/dp/B07JRHV75F,Amaazon . com,
,B0DLH3TTYB,9,Salud y Cuidado Personal,disponible,no disponible,,,2025-10-31T20:47:03.233Z,2025-11-01T18:53:04.128Z,2025-11-02T18:23:26.980Z,662.7,,$694.56,"Never There Bombas de Baño Portátiles Y Discretas: Sin Olores, Ruidos Ni Manchas. Cápsulas Espumosas para Inodoro Y Eliminador de Olores para Mujeres Y Hombres.",https://www.amazon.com.mx/dp/B0DLH3TTYB,https://www.amazon.com/dp/B0DLH3TTYB,BELGUCAN Global,
,B06XTDP7MV,9,Salud y Cuidado Personal,disponible,no disponible,,,2025-10-31T20:47:03.233Z,2025-11-01T18:53:12.799Z,2025-11-02T18:23:34.999Z,1298.81,,"$1,299.51",Superfeet Run - Plantillas de arco alto,https://www.amazon.com.mx/dp/B06XTDP7MV,https://www.amazon.com/dp/B06XTDP7MV,GUTTIDIRECT,
,B07PQ3DDHF,9,Salud y Cuidado Personal,disponible,no disponible,,,2025-10-31T20:47:03.233Z,2025-11-01T18:53:20.453Z,2025-11-02T18:23:42.786Z,1311.99,,"$1,279.23",Endoten Control Loción para Adulto Unisex 200 Ml,https://www.amazon.com.mx/dp/B07PQ3DDHF,https://www.amazon.com/dp/B07PQ3DDHF,M&H Customer Friendly Store,
,B0DCCG9NQG,9,Salud y Cuidado Personal,disponible,no disponible,,,2025-10-31T20:47:03.233Z,2025-11-01T18:53:33.455Z,2025-11-02T18:23:55.647Z,681.13,,$699.13,"VAJYKEWJY 2 paquetes de gomitas de glucosamina y condroitina de 2000 mg, glucosamina de máxima potencia con condroitina, MSM y cúrcuma, suplemento para el apoyo de las articulaciones, apoyo inmunológ",https://www.amazon.com.mx/dp/B0DCCG9NQG,https://www.amazon.com/dp/B0DCCG9NQG,ELEGANCE LLC.,
,B0BZNQHXDD,9,Salud y Cuidado Personal,disponible,no disponible,,,2025-10-31T20:47:03.233Z,2025-11-01T18:53:42.362Z,2025-11-02T18:24:04.537Z,1691.18,,"$1,690.51",GEOMETAL “Anasept Gel Para Piel Y Heridas Tubo De 3 Oz. (Paquete De 2) Cuidado Integral De Heridas Para Una Limpieza Y Curación Eficaz Ungüento Para Cicatrices Y Alivio De Quemaduras Con Alm,https://www.amazon.com.mx/dp/B0BZNQHXDD,https://www.amazon.com/dp/B0BZNQHXDD,Mishaland Store,
,B0CT4G4LJL,9,Salud y Cuidado Personal,disponible,no disponible,,,2025-10-31T20:47:03.233Z,2025-11-01T18:53:50.775Z,2025-11-02T18:24:11.581Z,447.17,,$444.84,"Hilocel CR1025 - Pilas de monedas de 3 V, batería de botón de litio 1025, batería de repuesto estable y duradera para DL1025, BR1025, KL1025, L1025, ECR1025, KCR1025... (15 unidades)",https://www.amazon.com.mx/dp/B0CT4G4LJL,https://www.amazon.com/dp/B0CT4G4LJL,SIDE SHOP,
,B0CZJW6HKF,9,Salud y Cuidado Personal,disponible,no disponible,,,2025-10-31T20:47:03.233Z,2025-11-01T18:53:57.901Z,2025-11-02T18:24:19.368Z,799.03,,$794.86,"cigtrus Inhalador De Aire Sin Humo Cigtrus - Alternativa Natural Para Fumar | Sin Tabaco, Sin Nicotina Y No Eléctrico | Alivio De Fijación Oral - Ayuda Para Dejar De Fumar Y Dejar De Vapear",https://www.amazon.com.mx/dp/B0CZJW6HKF,https://www.amazon.com/dp/B0CZJW6HKF,SIDE SHOP,
,B0CFG37RDQ,9,Salud y Cuidado Personal,disponible,no disponible,,,2025-10-31T20:47:17.528Z,2025-11-01T18:54:05.982Z,2025-11-02T18:24:26.847Z,1004.56,,"$1,010.31","FRESINIDER- “7"" x7” (Paquete de 10) Apósito de Espuma Sacra de Silicona para Heridas Adhesivo de Espuma Sacro con Borde Waterp",https://www.amazon.com.mx/dp/B0CFG37RDQ,https://www.amazon.com/dp/B0CFG37RDQ,DUKKI LLC,
,B005JS7MGI,9,Salud y Cuidado Personal,disponible,no disponible,,,2025-10-31T20:47:17.528Z,2025-11-01T18:54:15.516Z,2025-11-02T18:24:34.240Z,803.02,,$834.22,"Zederna Plantillas de madera de cedro para hombres y mujeres, eliminador de olores de pies, removedor de olores de zapatos altamente eficaz contra los pies sudorosos. Suela de cedro natural, potente desodorante para pies, 1 par. 14 tamaños",https://www.amazon.com.mx/dp/B005JS7MGI,https://www.amazon.com/dp/B005JS7MGI,SIDE SHOP,
,B0CR6MQDG7,9,Salud y Cuidado Personal,disponible,no disponible,,,2025-10-31T20:47:17.528Z,2025-11-01T18:54:23.122Z,2025-11-02T18:24:41.024Z,525.02,,$584.21,"GEIMIY Keloid Bump Removal, Silicone Scar Gel para Tratamiento de Cicatrices en la Piel, 30g",https://www.amazon.com.mx/dp/B0CR6MQDG7,https://www.amazon.com/dp/B0CR6MQDG7,Rendomin,
,B004KAJ2YG,9,Salud y Cuidado Personal,disponible,no disponible,,,2025-10-31T20:47:17.528Z,2025-11-01T18:54:30.616Z,2025-11-02T18:24:49.814Z,499,,$512.93,"North by Honeywell 20BF4B Burn Free, 4 Ounce",https://www.amazon.com.mx/dp/B004KAJ2YG,https://www.amazon.com/dp/B004KAJ2YG,Dema Tecno,
,B09NHTQCMK,9,Salud y Cuidado Personal,disponible,no disponible,,,2025-10-31T20:47:17.529Z,2025-11-01T18:54:38.663Z,2025-11-02T18:24:56.747Z,644.25,,$694.56,"oClean Limpiador de suelos para robots 750ml - apto para baldosas de cerámica, gres porcelánico, azulejos esmaltados y baldosas de gres",https://www.amazon.com.mx/dp/B09NHTQCMK,https://www.amazon.com/dp/B09NHTQCMK,CyK Deals,
,B0BY1M632C,9,Salud y Cuidado Personal,disponible,no disponible,,,2025-10-31T20:47:17.529Z,2025-11-01T18:54:47.112Z,2025-11-02T18:25:04.987Z,846.4,,$845.70,"SXDGS- Navaja de afeitar recta con estrobo Navaja de afeitar profesional de borde recto para barbero, afeitadora de acero inoxidable de primera calidad",https://www.amazon.com.mx/dp/B0BY1M632C,https://www.amazon.com/dp/B0BY1M632C,Mel Trade,
,B09P8SF46C,9,Salud y Cuidado Personal,disponible,no disponible,,,2025-10-31T20:47:17.529Z,2025-11-01T18:54:54.931Z,2025-11-02T18:25:13.101Z,644.26,,$651.15,"Dew Well- - Toallitas desodorantes Refresh: un nuevo comienzo cuando estás en movimiento - Sin aluminio, parabenos ni sulfatos",https://www.amazon.com.mx/dp/B09P8SF46C,https://www.amazon.com/dp/B09P8SF46C,GUTTIDIRECT,
,B0DM92K8Q2,9,Salud y Cuidado Personal,disponible,no disponible,,,2025-10-31T20:47:17.529Z,2025-11-01T18:55:04.131Z,2025-11-02T18:25:21.646Z,461.2,,$464.95,NewPos Tiras Reactivas para Infecciones Urinarias: 50 Tiras Reactivas 3-1 para El Tratamiento de Infecciones Urinarias Y Vejiga - Lecturas Precisas En Casa - Kit de Tira Reactiva para Análisis de Orin,https://www.amazon.com.mx/dp/B0DM92K8Q2,https://www.amazon.com/dp/B0DM92K8Q2,M&H Customer Friendly Store,
,B0D4LX75GN,9,Salud y Cuidado Personal,disponible,no disponible,,,2025-10-31T20:47:17.529Z,2025-11-01T18:55:11.807Z,2025-11-02T18:25:28.370Z,509.61,,$512.93,"yoniagood- 3 barras de jabón de caqui para controlar el olor corporal, barra de jabón corporal desodorante natural para personas mayores",https://www.amazon.com.mx/dp/B0D4LX75GN,https://www.amazon.com/dp/B0D4LX75GN,M&H Customer Friendly Store,
,B0CRQYN2F8,9,Salud y Cuidado Personal,disponible,no disponible,,,2025-10-31T20:47:17.529Z,2025-11-01T18:55:20.020Z,2025-11-02T18:25:36.174Z,504.05,,$512.93,"Feilove 4 en 1 aceite de visón acondicionador y limpiador de piel de 3.5 onzas, fórmula impermeable premium para botas y zapatos, Blanco, 6.11 x 3.35 x 2.17 inches",https://www.amazon.com.mx/dp/B0CRQYN2F8,https://www.amazon.com/dp/B0CRQYN2F8,SRKSB LLC,
,B0F1V5WBTL,9,Salud y Cuidado Personal,disponible,disponible,,,2025-10-31T20:47:17.529Z,2025-11-01T18:55:29.257Z,2025-11-02T18:25:44.308Z,832.37,21.6,$847.51,"Ultra Max Hold Plus Scope - Adhesivo seguro para dentaduras completas y parciales, paquete de 4 unidades",https://www.amazon.com.mx/dp/B0F1V5WBTL,https://www.amazon.com/dp/B0F1V5WBTL,Abundant Peace,
,B0CP96S2PF,9,Salud y Cuidado Personal,disponible,no disponible,,,2025-10-31T20:47:17.529Z,2025-11-01T18:55:37.067Z,2025-11-02T18:25:51.437Z,746.85,,$721.29,"Yorsfun Eliminación De Cera Para Los Oídos - Limpiador De Oídos Recargable Inalámbrico Wifi, Lista De Solo Artículos Elegibles Para Fsa, Lente De Cámara Hd 1080P Y Juego De Orejas De 7 Pieza",https://www.amazon.com.mx/dp/B0CP96S2PF,https://www.amazon.com/dp/B0CP96S2PF,BG3 STORE,
,B001FQ0XQY,9,Salud y Cuidado Personal,disponible,no disponible,,,2025-10-31T20:47:17.529Z,2025-11-01T18:55:46.086Z,2025-11-02T18:25:59.131Z,1761,,"$1,754.21","Superfeet Men's Orange Premium Insoles,Orange,F: 11.5 - 13 US Mens",https://www.amazon.com.mx/dp/B001FQ0XQY,https://www.amazon.com/dp/B001FQ0XQY,FEEL EXTRA MX,
,B0B9P4N3TR,9,Salud y Cuidado Personal,disponible,no disponible,,,2025-10-31T20:47:17.530Z,2025-11-01T18:55:53.614Z,2025-11-02T18:26:07.369Z,682.92,,$678.34,"FERIHA- Jabón negro marroquí de primera calidad con aceite de argán orgánico, 100% auténtico, jabón artesanal Beldi, de origen Cr",https://www.amazon.com.mx/dp/B0B9P4N3TR,https://www.amazon.com/dp/B0B9P4N3TR,M&H Customer Friendly Store,
,B0CGLD34FL,9,Salud y Cuidado Personal,disponible,no disponible,,,2025-10-31T20:47:17.530Z,2025-11-01T18:56:02.906Z,2025-11-02T18:26:14.761Z,828.11,,$818.85,"QoQiu Dilatadores De Silicona Para Piso Pélvico Para Mujeres Con Escamas Finas, Paquete De 5 Rosa Con Bolsa De Almacenamiento, Masajeador De Varita Pélvica, Entrenador Muscular Del Suelo Pél",https://www.amazon.com.mx/dp/B0CGLD34FL,https://www.amazon.com/dp/B0CGLD34FL,M&H Customer Friendly Store,
,B08SY4T8TM,9,Salud y Cuidado Personal,disponible,no disponible,,,2025-10-31T20:47:17.530Z,2025-11-01T18:56:11.726Z,2025-11-02T18:26:21.847Z,1389.23,,"$1,389.28",Kipling Agot,https://www.amazon.com.mx/dp/B08SY4T8TM,https://www.amazon.com/dp/B08SY4T8TM,GUTTIDIRECT,
,B0BZHXMVK2,9,Salud y Cuidado Personal,disponible,no disponible,,,2025-10-31T20:47:27.085Z,2025-11-01T18:56:25.298Z,2025-11-02T18:26:34.707Z,1110.02,,"$1,159.51","Rosmolo- “Palmitoyletanolamida liposomal 1000 mg + Luteolina 100 mg, Guisante Micronizado 99% Altamente Purificado Enh",https://www.amazon.com.mx/dp/B0BZHXMVK2,https://www.amazon.com/dp/B0BZHXMVK2,TIME OF SHOP,
,B0DR814CFB,9,Salud y Cuidado Personal,disponible,no disponible,,,2025-10-31T20:47:27.085Z,2025-11-01T18:56:33.675Z,2025-11-02T18:26:43.044Z,537.49,,$540.89,JOXIYECLTL CR1220 - Batería de 3 V de litio CR 1220 con celda de botón para calculadoras de relojes y juguete de control remoto (paquete de 20),https://www.amazon.com.mx/dp/B0DR814CFB,https://www.amazon.com/dp/B0DR814CFB,SIDE SHOP,
,B071FVB86H,9,Salud y Cuidado Personal,disponible,no disponible,,,2025-10-31T20:47:27.085Z,2025-11-01T18:56:40.380Z,2025-11-02T18:26:51.087Z,2357.42,,"$2,345.06","Levels Nutrition Proteína De Suero De Leche En Polvo Alimentada Con Pasto Levels, Sin Ingredientes Artificiales, 24 G De Proteína, Chocolate Moca, 5 Lb 71 Porciones (Paquete De 1)",https://www.amazon.com.mx/dp/B071FVB86H,https://www.amazon.com/dp/B071FVB86H,Lumexa Online MX,
,B0CLYXHWPS,9,Salud y Cuidado Personal,disponible,no disponible,,,2025-10-31T20:47:27.085Z,2025-11-01T18:56:49.166Z,2025-11-02T18:26:58.743Z,908.32,,$910.01,Heat It Up! - Paquetes Reutilizables - 8 Paquetes de Calor Instantáneos para Compresas Calientes - Almohadillas para Utilizar como Calentadores de Bolsillo o para el Alivio del Dolor,https://www.amazon.com.mx/dp/B0CLYXHWPS,https://www.amazon.com/dp/B0CLYXHWPS,MYSILKROAD LLC,
,B0CHN2FNZK,9,Salud y Cuidado Personal,disponible,no disponible,,,2025-10-31T20:47:27.085Z,2025-11-01T18:56:57.408Z,2025-11-02T18:27:06.518Z,518.41,,$512.93,"Plantillas de piel de cerdo para mujer, inserciones autoadhesivas para zapatos descalzos para tacones altos, zapatos de vestir, sandalias planas y botas, forros de zapatos sin calcetines, 1 par",https://www.amazon.com.mx/dp/B0CHN2FNZK,https://www.amazon.com/dp/B0CHN2FNZK,Corner Stone LLC,
,B00A1TII7C,9,Salud y Cuidado Personal,disponible,no disponible,,,2025-10-31T20:47:27.086Z,2025-11-01T18:57:05.396Z,2025-11-02T18:27:14.050Z,1067.11,,"$1,050.30","Prontosan Gel Prontosan Para Heridas, 50 G",https://www.amazon.com.mx/dp/B00A1TII7C,https://www.amazon.com/dp/B00A1TII7C,MYSILKROAD LLC,
,B0DQD852M6,9,Salud y Cuidado Personal,disponible,no disponible,,,2025-10-31T20:47:27.086Z,2025-11-01T18:57:14.121Z,2025-11-02T18:27:20.943Z,684.31,,$681.76,Code Bro Jabón Íntimo Masculino Sweet Spot - Producto De Ducha Para Hombres(250 Ml 845 Fl Oz),https://www.amazon.com.mx/dp/B0DQD852M6,https://www.amazon.com/dp/B0DQD852M6,DUKKI LLC,
,B0D9B93QN4,9,Salud y Cuidado Personal,disponible,disponible,,,2025-10-31T20:47:27.086Z,2025-11-01T18:57:22.970Z,2025-11-02T18:27:27.849Z,3164.82,99.99,"$3,146.92",Puboo Masajeador De Pies Plegable Con Calor Bañera De Hidromasaje Para Pedicura Varillas De Soporte Control Remoto 16 Bolas De Masaje Motorizadas Caja De Regalo Talla Us-115,https://www.amazon.com.mx/dp/B0D9B93QN4,https://www.amazon.com/dp/B0D9B93QN4,Rendomin,PUBOO
,B0C7BDRTNC,9,Salud y Cuidado Personal,disponible,no disponible,,,2025-10-31T20:47:27.086Z,2025-11-01T18:57:31.066Z,2025-11-02T18:27:36.202Z,1528.3,,"$1,529.94","MediNatura “Traumeel Árnica + 13 Activos Naturales Para Músculos, Articulaciones, Espalda, Lesiones, Dolor Y Dolor Relacionados Con El Ejercicio - 100 Tabletas (Paquete De 2)",https://www.amazon.com.mx/dp/B0C7BDRTNC,https://www.amazon.com/dp/B0C7BDRTNC,SIDE SHOP,
,B0093OIA3I,9,Salud y Cuidado Personal,disponible,no disponible,,,2025-10-31T20:47:27.086Z,2025-11-01T18:57:40.532Z,2025-11-02T18:27:44.633Z,590.77,,$587.69,Bracelet Mate - Jewelry Helper - Bracelet Holder - Bracelet Fastener - White by Bracelet Mate,https://www.amazon.com.mx/dp/B0093OIA3I,https://www.amazon.com/dp/B0093OIA3I,SIDE SHOP,
,B07S8B13C7,9,Salud y Cuidado Personal,disponible,no disponible,,,2025-10-31T20:47:27.086Z,2025-11-01T18:57:48.872Z,2025-11-02T18:27:52.307Z,1408.58,,"$1,401.23",Farmina- Cordero y arándanos Adultos medianos y Maxi,https://www.amazon.com.mx/dp/B07S8B13C7,https://www.amazon.com/dp/B07S8B13C7,SIDE SHOP,
,B0DJNK6V1Y,9,Salud y Cuidado Personal,disponible,no disponible,,,2025-10-31T20:47:27.086Z,2025-11-01T18:57:56.599Z,2025-11-02T18:27:59.850Z,818.97,,$814.28,"Buzbug - Zapper LED para interiores y exteriores, lámpara de vida útil duradera de 10 años, batería recargable de 5200 mAh, Zapper portátil de mosquitos para camping, trampa para moscas - MA015C",https://www.amazon.com.mx/dp/B0DJNK6V1Y,https://www.amazon.com/dp/B0DJNK6V1Y,M&H Customer Friendly Store,
,B0CL92YJZW,9,Salud y Cuidado Personal,disponible,disponible,,,2025-10-31T20:47:27.086Z,2025-11-01T18:58:06.091Z,2025-11-02T18:28:07.182Z,446.9,6.99,$441.18,"AZEN Paquete De 2 Vendaje Elástico Premium De 6 Pulgadas, Vendaje De Compresión Para Piernas, Tobillo, Rodilla, Barriga, Cuerpo, Sin Látex, Envolturas De Linfedema Para Piernas",https://www.amazon.com.mx/dp/B0CL92YJZW,https://www.amazon.com/dp/B0CL92YJZW,BG3 STORE,KAKA.STORE
,B094V4T1S2,9,Salud y Cuidado Personal,disponible,no disponible,,,2025-10-31T20:47:27.086Z,2025-11-01T18:58:15.739Z,2025-11-02T18:28:16.345Z,1167.77,,"$1,161.68","Kelaide Plantillas de soporte de arco para aliviar la fascitis plantar, inserciones ortopédicas cómodas para pies planos, dolor de pies, pronación, plantillas de zapatos para hombres y mujeres",https://www.amazon.com.mx/dp/B094V4T1S2,https://www.amazon.com/dp/B094V4T1S2,SIDE SHOP,
,B0DNQWWV7Z,9,Salud y Cuidado Personal,disponible,no disponible,,,2025-10-31T20:47:27.087Z,2025-11-01T18:58:24.079Z,2025-11-02T18:28:25.437Z,753.55,,$727.46,"MONIER Parches De Garcinia Cambogia(Paquete De 60): Parches Naturales Para Mujeres Y Hombres, Con Vitamina B12 Y Potasio, Energía, Concentración Y Apoyo Corporal, Fórmula Mejorada 1 Unidad(Paquete De",https://www.amazon.com.mx/dp/B0DNQWWV7Z,https://www.amazon.com/dp/B0DNQWWV7Z,BG3 STORE,
,B0CQ23G6GB,9,Salud y Cuidado Personal,disponible,disponible,,,2025-10-31T20:47:27.087Z,2025-11-01T18:58:32.982Z,2025-11-02T18:28:32.856Z,687.75,15.99,$669.53,"KCFEV Pastillero Pequeño De Titanio Negro Con Cadena, Estuche Pequeño Para Hombres, Resistente Al Agua, Para Aspirina Y Nitroglicerina De Emergencia, Ideal Para Rellenar Calcetines Navideños.",https://www.amazon.com.mx/dp/B0CQ23G6GB,https://www.amazon.com/dp/B0CQ23G6GB,Ovolos,Haxtec
,B000NU7H3U,9,Salud y Cuidado Personal,disponible,disponible,,,2025-10-31T20:47:38.133Z,2025-11-01T18:58:41.667Z,2025-11-02T18:28:40.596Z,1975.07,69.56,"$1,974.37","860 Select Comfort Series 20-30mmHg Women's Closed Toe Knee High Sock Size: M4, Color: Black 99 by Sigvaris",https://www.amazon.com.mx/dp/B000NU7H3U,https://www.amazon.com/dp/B000NU7H3U,FEEL EXTRA MX,eSource
,B0CWG9ZRMB,9,Salud y Cuidado Personal,disponible,no disponible,,,2025-10-31T20:47:38.133Z,2025-11-01T18:58:49.351Z,2025-11-02T18:28:48.302Z,1237.7,,"$1,231.25",Lonvera- Cápsulas de hígado de res alimentado con pasto | Suplemento de hígado desecado | Pastillas de hígado liofilizado | 30 porciones,https://www.amazon.com.mx/dp/B0CWG9ZRMB,https://www.amazon.com/dp/B0CWG9ZRMB,SIDE SHOP,
,B0CQJDVGX4,9,Salud y Cuidado Personal,disponible,no disponible,,,2025-10-31T20:47:38.133Z,2025-11-01T18:58:57.111Z,2025-11-02T18:28:56.344Z,804.08,,$799.89,"USEWIRE Encendedor de cigarros, encendedor multifuncional con cortador de cigarros en V, soporte de cigarros, sacador de cigarros y potenciador de extracción de cigarros, encendedor de antorcha de",https://www.amazon.com.mx/dp/B0CQJDVGX4,https://www.amazon.com/dp/B0CQJDVGX4,SIDE SHOP,
,B07DLGT6NK,9,Salud y Cuidado Personal,disponible,no disponible,,,2025-10-31T20:47:38.133Z,2025-11-01T18:59:06.189Z,2025-11-02T18:29:04.583Z,1268.02,,"$1,265.96",Superfeet - Plantillas de cojín de hockey - Insertos de espuma para patines - Grado profesional,https://www.amazon.com.mx/dp/B07DLGT6NK,https://www.amazon.com/dp/B07DLGT6NK,GUTTIDIRECT,
,B0D2DC82BB,9,Salud y Cuidado Personal,disponible,no disponible,,,2025-10-31T20:47:38.133Z,2025-11-01T18:59:19.928Z,2025-11-02T18:29:18.071Z,509.84,,$512.93,"CMWGKBC Aceite Anticelulítico Aceite De Masaje Para Terapia De Masaje, Aceite Corporal Para Estiramiento De La Piel Y Removedor De Celulitis En Muslos Y Glúteos, Aceite De Masaje Para Tratam",https://www.amazon.com.mx/dp/B0D2DC82BB,https://www.amazon.com/dp/B0D2DC82BB,M&H Customer Friendly Store,
,B0BNP898K2,9,Salud y Cuidado Personal,disponible,no disponible,,,2025-10-31T20:47:38.134Z,2025-11-01T18:59:28.063Z,2025-11-02T18:29:25.384Z,511.88,,$512.93,White Flower Aceite Bálsamo Analgésico Externo Flor Blanca 2.5Ml/ 0.085Fl Oz (Versión Us) (Paquete De 3),https://www.amazon.com.mx/dp/B0BNP898K2,https://www.amazon.com/dp/B0BNP898K2,DUKKI LLC,
,B00434OYLA,9,Salud y Cuidado Personal,disponible,no disponible,,,2025-10-31T20:47:38.134Z,2025-11-01T18:59:36.513Z,2025-11-02T18:29:32.623Z,1718.18,,"$1,709.22","Superfeet - Plantillas de Apoyo de Espuma viscoelástica Multiusos - Inserto Acolchado para Zapatos de Soporte de Arco para Ajustar, Grado Profesional",https://www.amazon.com.mx/dp/B00434OYLA,https://www.amazon.com/dp/B00434OYLA,SIDE SHOP,
,B0DSMHK6TS,9,Salud y Cuidado Personal,disponible,no disponible,,,2025-10-31T20:47:38.134Z,2025-11-01T18:59:44.358Z,2025-11-02T18:29:39.825Z,509.37,,$512.70,"Kit de cuidado de la salud y aseo para recién nacidos, 24 piezas, kit de cuidado de seguridad mejorado, juego de cuidado de la salud para recién nacidos, producto para el cuidado del bebé",https://www.amazon.com.mx/dp/B0DSMHK6TS,https://www.amazon.com/dp/B0DSMHK6TS,M&H Customer Friendly Store,
,B0CPTBDM55,9,Salud y Cuidado Personal,disponible,no disponible,,,2025-10-31T20:47:38.134Z,2025-11-01T18:59:52.319Z,2025-11-02T18:29:48.066Z,514.24,,$512.93,"HikmaHerb - Paquete de 12 varillas Miswak con 2 soportes - Varillas de masticar naturales selladas al vacío para dientes - Cepillo de dientes con sabor natural para blanquear los dientes, salud bucal",https://www.amazon.com.mx/dp/B0CPTBDM55,https://www.amazon.com/dp/B0CPTBDM55,SRKSB LLC,
,B0DHW12XF8,9,Salud y Cuidado Personal,disponible,no disponible,,,2025-10-31T20:47:38.134Z,2025-11-01T19:00:00.477Z,2025-11-02T18:29:54.527Z,946.71,,$941.77,"Euthymol Juego de pasta de dientes original EUTHYMOL (juego de regalo, 3,7 fl oz)",https://www.amazon.com.mx/dp/B0DHW12XF8,https://www.amazon.com/dp/B0DHW12XF8,SIDE SHOP,
,B0BVDGQQJL,9,Salud y Cuidado Personal,disponible,no disponible,,,2025-10-31T20:47:38.134Z,2025-11-01T19:00:07.881Z,2025-11-02T18:30:01.358Z,635.96,,$632.65,"Bright Autism Aceite Calmante Brillante De Bright Autism - Aceite Esencial Para Niños Para Alivio Del Estrés - Ayuda Natural Para El Sueño, Mezcla Orgánica Suave Roll-On 10Ml - Gran Adición",https://www.amazon.com.mx/dp/B0BVDGQQJL,https://www.amazon.com/dp/B0BVDGQQJL,SIDE SHOP,
,B0DJDNS5W6,9,Salud y Cuidado Personal,disponible,no disponible,,,2025-10-31T20:47:38.134Z,2025-11-01T19:00:17.318Z,2025-11-02T18:30:09.928Z,601.72,,$602.26,Healov Gel De Ducha De Caqui Para Controlar El Olor Corporal – Jabón Desodorante Natural Para Eliminar El Mal Olor – Axilas Entrepierna Bikini Pies Con Mal Olor – Jabón Desodorante Purifican,https://www.amazon.com.mx/dp/B0DJDNS5W6,https://www.amazon.com/dp/B0DJDNS5W6,M&H Customer Friendly Store,
,B0DLLH7KMW,9,Salud y Cuidado Personal,disponible,no disponible,,,2025-10-31T20:47:38.134Z,2025-11-01T19:00:25.180Z,2025-11-02T18:30:17.489Z,1212.67,,"$1,206.35","Santo Remedio Equilibrio Hormonal, Suplemento Dietético, Alivio De Los Síntomas De La Menopausia, Ayuda A Reducir Los Sofocos, Los Sudores Nocturnos Y Los Cambios De Humor, Ingredientes Clínicamente P",https://www.amazon.com.mx/dp/B0DLLH7KMW,https://www.amazon.com/dp/B0DLLH7KMW,SIDE SHOP,
,B0841WZV1V,9,Salud y Cuidado Personal,disponible,no disponible,,,2025-10-31T20:47:38.134Z,2025-11-01T19:00:33.209Z,2025-11-02T18:30:25.665Z,633.7,,$632.65,"Pumping Spray 60ml | Organic Skin Lubricant for Breast Pumping | Pump Flange Spray for Breast Shields | Vegan & Lanolin Free, Made in USA | Ayuda Pezones Doloridos y Conductos de Leche Obstruidos",https://www.amazon.com.mx/dp/B0841WZV1V,https://www.amazon.com/dp/B0841WZV1V,SRKSB LLC,
,B08P63XZ4X,9,Salud y Cuidado Personal,disponible,no disponible,,,2025-10-31T20:47:38.135Z,2025-11-01T19:00:41.281Z,2025-11-02T18:30:34.391Z,600,,$600.00,"Campho-Phenique Gel antiséptico para aliviar el Dolor y la picazón, fórmula Original",https://www.amazon.com.mx/dp/B08P63XZ4X,https://www.amazon.com/dp/B08P63XZ4X,SIDE SHOP,
,B0D9FXN3XD,9,Salud y Cuidado Personal,disponible,no disponible,,,2025-10-31T20:47:38.135Z,2025-11-01T19:00:49.240Z,2025-11-02T18:30:42.525Z,902.39,,$889.68,"Yadool Detergente Líquido Concentrado para Ropa de Seda y Lana, Sin Fragancia, Sin Químicos, Limpieza Suave, 16.91 Onzas",https://www.amazon.com.mx/dp/B0D9FXN3XD,https://www.amazon.com/dp/B0D9FXN3XD,M&H Customer Friendly Store,
,B08HQY2NPZ,9,Salud y Cuidado Personal,disponible,no disponible,,,2025-10-31T20:47:51.326Z,2025-11-01T19:00:58.255Z,2025-11-02T18:30:49.632Z,600.18,,$582.61,Namo Organics - Gond Katira Pure Organic - 250 Gm | Propiedades Refrescantes | Goma Comestible Superfood 100% Natural,https://www.amazon.com.mx/dp/B08HQY2NPZ,https://www.amazon.com/dp/B08HQY2NPZ,KRONOS STORE,
,B0DBMBKV2R,9,Salud y Cuidado Personal,disponible,no disponible,,,2025-10-31T20:47:51.326Z,2025-11-01T19:01:07.618Z,2025-11-02T18:30:57.965Z,1115.4,,"$1,106.05","Zena Fit Nutrition Zena Organic Super Greens Powder, 70+ Superfoods Drink Mix, 0 Azúcar, Fibra 3G, Frutas, Verduras, Espirulina, Chlorella, Antioxidantes, Pre Y Probióticos, Enzimas Digestiv",https://www.amazon.com.mx/dp/B0DBMBKV2R,https://www.amazon.com/dp/B0DBMBKV2R,Abundant Peace,
,B00C4YJL96,9,Salud y Cuidado Personal,disponible,no disponible,,,2025-10-31T20:47:51.326Z,2025-11-01T19:01:15.765Z,2025-11-02T18:31:04.892Z,642.68,,$640.19,"finipil Lait 50,1.5 fl oz, 44 ml by finipil Lait",https://www.amazon.com.mx/dp/B00C4YJL96,https://www.amazon.com/dp/B00C4YJL96,DUKKI LLC,
,B0BVGM488J,9,Salud y Cuidado Personal,disponible,no disponible,,,2025-10-31T20:47:51.326Z,2025-11-01T19:01:23.720Z,2025-11-02T18:31:13.096Z,569.29,,$565.85,Kitsch Manteca De Karité Para Hombres Y Mujeres | Jabón Exfoliante En Barra | Fabricado En Ee. Uu. | Jabón Hidratante De Manteca De Karité Para Una Piel Suave E Hidra 4 Onzas (Paquete De 1),https://www.amazon.com.mx/dp/B0BVGM488J,https://www.amazon.com/dp/B0BVGM488J,GUTTIDIRECT,
,B0C6LC3X5D,9,Salud y Cuidado Personal,disponible,no disponible,,,2025-10-31T20:47:51.326Z,2025-11-01T19:01:31.946Z,2025-11-02T18:31:21.484Z,2086.34,,"$2,088.03","KORBAJ PARFUMS- Perfume Emir Arabian para mujer, Eau de Parfum para hombre con naranja siciliana y bergamota de Calabria",https://www.amazon.com.mx/dp/B0C6LC3X5D,https://www.amazon.com/dp/B0C6LC3X5D,MYSILKROAD LLC,
,B0CTDYBM28,9,Salud y Cuidado Personal,disponible,no disponible,,,2025-10-31T20:47:51.327Z,2025-11-01T19:01:41.789Z,2025-11-02T18:31:30.430Z,514.24,,$512.93,"BOUBONI - Juego de 55 baberos de bebé para decoración de bricolaje, incluye 10 baberos blancos, 12 marcadores de tela, 12 plantillas, 20 pinzas para ropa, 1 cuerda de cáñamo para juegos de baby shower",https://www.amazon.com.mx/dp/B0CTDYBM28,https://www.amazon.com/dp/B0CTDYBM28,SRKSB LLC,
,B0BVNG2MB1,9,Salud y Cuidado Personal,disponible,no disponible,,,2025-10-31T20:47:51.327Z,2025-11-01T19:01:50.798Z,2025-11-02T18:31:39.096Z,922.76,,$957.77,Saltair- Gel de baño (Santal Bloom) - Paquete de 2,https://www.amazon.com.mx/dp/B0BVNG2MB1,https://www.amazon.com/dp/B0BVNG2MB1,AMY Marketplace,
,B0BWK5RNJJ,9,Salud y Cuidado Personal,disponible,no disponible,,,2025-10-31T20:47:51.327Z,2025-11-01T19:01:59.393Z,2025-11-02T18:31:46.865Z,781.75,,$790.29,HEERTEEAJ Cinturón de hernia umbilical | Cinturón de hernia abdominal para hombres y mujeres | Carpeta de hernia umbilical con 1 almohadillas de compresión de hernia | Cinturones de apoyo ventral,https://www.amazon.com.mx/dp/B0BWK5RNJJ,https://www.amazon.com/dp/B0BWK5RNJJ,Abundant Peace,
,B0D7J7V6H8,9,Salud y Cuidado Personal,disponible,no disponible,,,2025-10-31T20:47:51.327Z,2025-11-01T19:02:11.958Z,2025-11-02T18:31:59.992Z,523.29,,$512.47,"Nudge- 10% Nano Hidroxiapatita Dentífrica con Vitamina E, Libre de Fluoruro, Libre de SLS, Remineraliza y Blanquea,",https://www.amazon.com.mx/dp/B0D7J7V6H8,https://www.amazon.com/dp/B0D7J7V6H8,BG3 STORE,
,B0CP8G2NQF,9,Salud y Cuidado Personal,disponible,no disponible,,,2025-10-31T20:47:51.327Z,2025-11-01T19:02:21.721Z,2025-11-02T18:32:07.509Z,444.09,,$441.18,Natrulo- Jabón en barra de sebo de res: jabón de sebo de vaca alimentado con pasto totalmente natural sin fragancia: gel de baño hidratante para rostro y cuerpo,https://www.amazon.com.mx/dp/B0CP8G2NQF,https://www.amazon.com/dp/B0CP8G2NQF,GUTTIDIRECT,
,B0BWMR2BLZ,9,Salud y Cuidado Personal,disponible,no disponible,,,2025-10-31T20:47:51.327Z,2025-11-01T19:02:29.965Z,2025-11-02T18:32:14.316Z,793.06,,$790.29,"Cinturón de hernia umbilical | Cinturón de hernia abdominal para hombres y mujeres, carpeta de hernia umbilical con 1 almohadilla de compresión de hernia | cinturones de apoyo ventrales, epigástricos",https://www.amazon.com.mx/dp/B0BWMR2BLZ,https://www.amazon.com/dp/B0BWMR2BLZ,SRKSB LLC,
,B00E4MMQ4I,9,Salud y Cuidado Personal,disponible,no disponible,,,2025-10-31T20:47:51.327Z,2025-11-01T19:02:38.018Z,2025-11-02T18:32:22.341Z,763.88,,$757.85,"Anbesol Líquido De Alivio Instantáneo Del Dolor De Máxima Fuerza, 0.41 Oz (Paquete De 3)",https://www.amazon.com.mx/dp/B00E4MMQ4I,https://www.amazon.com/dp/B00E4MMQ4I,DUKKI LLC,
,B00CULD6YE,9,Salud y Cuidado Personal,disponible,no disponible,,,2025-10-31T20:47:51.327Z,2025-11-01T19:02:46.745Z,2025-11-02T18:32:29.563Z,1359.28,,"$1,358.58","Sigvaris Access 972CMSW99 20-30 mmHg Womens Closed Toe Knee High, Black, Medium-Short by Sigvaris",https://www.amazon.com.mx/dp/B00CULD6YE,https://www.amazon.com/dp/B00CULD6YE,Abundant Peace,
,B0DGYZLP71,9,Salud y Cuidado Personal,disponible,no disponible,,,2025-10-31T20:47:51.327Z,2025-11-01T19:02:54.529Z,2025-11-02T18:32:37.427Z,732.5,,$733.40,Crema hidratante para el pene para hombres Crema totalmente natural para la salud del pene Crema para aliviar el roce y la irritación para aumentar la sensibilidad y el placer del pene Gel para la,https://www.amazon.com.mx/dp/B0DGYZLP71,https://www.amazon.com/dp/B0DGYZLP71,SRKSB LLC,
,B00LPEO64G,9,Salud y Cuidado Personal,disponible,no disponible,,,2025-10-31T20:47:51.327Z,2025-11-01T19:03:03.634Z,2025-11-02T18:32:45.597Z,579.4,,$568.30,Kaboom Scrub Free! Toilet Cleaning System,https://www.amazon.com.mx/dp/B00LPEO64G,https://www.amazon.com/dp/B00LPEO64G,MARVEL INC.,
,B0D5WN9VP7,9,Salud y Cuidado Personal,disponible,no disponible,,,2025-10-31T20:47:51.328Z,2025-11-01T19:03:12.008Z,2025-11-02T18:32:53.714Z,827.05,,$824.11,Olidiva Crema De Ñame Silvestre Para El Equilibrio Hormonal Crema De Raíz Natural Con Hierbas Para El Apoyo Hormonal Para El Síndrome Premenstrual Y La Comodidad De La Menopausia Crema De Dí,https://www.amazon.com.mx/dp/B0D5WN9VP7,https://www.amazon.com/dp/B0D5WN9VP7,SRKSB LLC,
,B0DCPBCFFF,9,Salud y Cuidado Personal,disponible,no disponible,,,2025-10-31T20:48:07.393Z,2025-11-01T19:03:20.815Z,2025-11-02T18:33:01.924Z,641.57,,$615.11,"BURN-FIX Gel Para Quemaduras Burnfix - 3,5 G Por Sobre | Crema De Hidrogel Calmante Para Quemaduras Con Una Sensación Refrescante Instantánea | Sobres De Gel Para Quemaduras Ideales Para Botiquines De",https://www.amazon.com.mx/dp/B0DCPBCFFF,https://www.amazon.com/dp/B0DCPBCFFF,M&H Customer Friendly Store,
,B0F3JG6F82,9,Salud y Cuidado Personal,disponible,disponible,,,2025-10-31T20:48:07.393Z,2025-11-01T19:03:28.601Z,2025-11-02T18:33:08.535Z,640.78,15.19,$637.44,"Tapones para los oídos para dormir con cancelación de ruido, tapones de silicona reutilizables para dormir con 8 orejas y funda, reducción de ruido de 45 dB, alta fidelidad, protección auditiva para",https://www.amazon.com.mx/dp/B0F3JG6F82,https://www.amazon.com/dp/B0F3JG6F82,SIDE SHOP,Zephronic-US
,B0BHZT389Z,9,Salud y Cuidado Personal,disponible,no disponible,,,2025-10-31T20:48:07.394Z,2025-11-01T19:03:37.657Z,2025-11-02T18:33:16.135Z,1743.45,,"$1,744.39","XYMOGEN OptiMag Neuro - Magnesium L-Threonate, Magnesium Malate + Magnesium Glycinate Chelated Magnesium to Support Brain Health - Supports Relaxation + Stress Management (90 Capsules)",https://www.amazon.com.mx/dp/B0BHZT389Z,https://www.amazon.com/dp/B0BHZT389Z,SIDE SHOP,
,B0DKXDMH6M,9,Salud y Cuidado Personal,disponible,no disponible,,,2025-10-31T20:48:07.394Z,2025-11-01T19:03:45.310Z,2025-11-02T18:33:22.980Z,534.22,,$531.43,"Wisesso Envoltura De Hielo Para Muñeca, Guantes De Hielo Reutilizables Para Compresas Frías Y Calientes, Guantes De Hielo Para Artritis, Lesiones, Síndrome Del Túnel Carpiano, Tendinitis, Hinchazón, S",https://www.amazon.com.mx/dp/B0DKXDMH6M,https://www.amazon.com/dp/B0DKXDMH6M,SIDE SHOP,
,B0DJMCLNGC,9,Salud y Cuidado Personal,disponible,no disponible,,,2025-10-31T20:48:07.394Z,2025-11-01T19:03:52.663Z,2025-11-02T18:33:29.835Z,793.82,,$800.35,"Wellcatcher Suplemento para la salud intestinal con gomitas de butirato: gomitas de butirato con fibra probiótica y prebiótica para mujeres y hombres, sin azúcar, para favorecer el metabolismo diges",https://www.amazon.com.mx/dp/B0DJMCLNGC,https://www.amazon.com/dp/B0DJMCLNGC,TIME OF SHOP,
,B07NX1PCHC,9,Salud y Cuidado Personal,disponible,no disponible,,,2025-10-31T20:48:07.394Z,2025-11-01T19:04:00.342Z,2025-11-02T18:33:36.988Z,847.1,,$835.07,"Kum: Semen sintético/Semen falso, sabor auténtico",https://www.amazon.com.mx/dp/B07NX1PCHC,https://www.amazon.com/dp/B07NX1PCHC,M&H Customer Friendly Store,
,B0B4J7RZGV,9,Salud y Cuidado Personal,disponible,no disponible,,,2025-10-31T20:48:07.394Z,2025-11-01T19:04:10.199Z,2025-11-02T18:33:44.177Z,554.4,,$541.71,"VOGSIG- “Pasta de dientes de espuma para niños, pasta de dientes para niños pequeños con bajo fluoruro, pasta de dientes de espuma para niños para dientes en forma de U",https://www.amazon.com.mx/dp/B0B4J7RZGV,https://www.amazon.com/dp/B0B4J7RZGV,MARVEL INC.,
,B079RM57S1,9,Salud y Cuidado Personal,disponible,no disponible,,,2025-10-31T20:48:07.394Z,2025-11-01T19:04:19.107Z,2025-11-02T18:33:50.869Z,923.74,,$918.92,"Healing Bottoms Supositorio De Fisura Anal | Formulación Experta Para Sangrado Rectal Debido A Fisura Anal, Hemorroides, Diarrea Y Estreñimiento | Fabricado Con Curcumina Natural Y Extracto De Cúrcuma",https://www.amazon.com.mx/dp/B079RM57S1,https://www.amazon.com/dp/B079RM57S1,SIDE SHOP,
,B0D2MVT1PL,9,Salud y Cuidado Personal,disponible,disponible,,,2025-10-31T20:48:07.394Z,2025-11-01T19:04:26.767Z,2025-11-02T18:33:59.368Z,683.96,16.98,$680.40,multipieyo Kit De Época Esencial Para Niñas | Kit De Primer Periodo Para Niñas 10-12 | Bolsas Periódicas Para Niñas Adolescentes Para La Escuela | Regalo Del Primer Período Con Bolsa De Alma,https://www.amazon.com.mx/dp/B0D2MVT1PL,https://www.amazon.com/dp/B0D2MVT1PL,SIDE SHOP,multipie
,B0D9PTHJN8,9,Salud y Cuidado Personal,disponible,no disponible,,,2025-10-31T20:48:07.394Z,2025-11-01T19:04:33.677Z,2025-11-02T18:34:07.533Z,518.41,,$515.00,"SmildeHeal Gomitas De Citrato De Potasio De 1000 Mg, Suplemento Masticable De Potasio Para Adultos, Mujeres Y Hombres, Ayuda A Aliviar Los Calambres En Las Piernas Y A Mantener Los Músculos Saludables",https://www.amazon.com.mx/dp/B0D9PTHJN8,https://www.amazon.com/dp/B0D9PTHJN8,Corner Stone LLC,
,B08PW28H9C,9,Salud y Cuidado Personal,disponible,no disponible,,,2025-10-31T20:48:07.394Z,2025-11-01T19:04:40.503Z,2025-11-02T18:34:15.655Z,1219.29,,"$1,212.31","+ Lux Unfiltered- Tu nuevo mejor amigo: N°14 es tu humectante diario y también puede usarse como tu arma secreta entre días de bronceado para mantener tu piel suave, hidratada y prolongar tu color, po",https://www.amazon.com.mx/dp/B08PW28H9C,https://www.amazon.com/dp/B08PW28H9C,GUTTIDIRECT,
,B0D6LVVV25,9,Salud y Cuidado Personal,disponible,no disponible,,,2025-10-31T20:48:07.395Z,2025-11-01T19:04:49.556Z,2025-11-02T18:34:22.875Z,852.54,,$848.10,"NozeCalm Tapones Para Hemorragias Nasales, 6 Unidades, Alivio Rápido Para Niños Y Adultos, Tapones Para Hemorragias Nasales Con Agente Coagulante, Hipoalergénicos Y Antiadherentes, Los Tapones Para He",https://www.amazon.com.mx/dp/B0D6LVVV25,https://www.amazon.com/dp/B0D6LVVV25,SIDE SHOP,
,B001GECC0A,9,Salud y Cuidado Personal,disponible,no disponible,,,2025-10-31T20:48:07.395Z,2025-11-01T19:05:03.172Z,2025-11-02T18:34:34.940Z,465.08,,$463.38,"Major Pharmaceuticals 241969 Neutrogena T-Gel Thera-Gel Anti-Dandruff Shampoo, 251 mL",https://www.amazon.com.mx/dp/B001GECC0A,https://www.amazon.com/dp/B001GECC0A,GUTTIDIRECT,
,B0DRZ7ZK2S,9,Salud y Cuidado Personal,disponible,no disponible,,,2025-10-31T20:48:07.395Z,2025-11-01T19:05:11.569Z,2025-11-02T18:34:42.510Z,769.22,,$770.87,ZERO TRACE Toallitas Desodorantes De Viaje Zero Trace - 60 Unidades - Control De Olores 24 Horas - Mini Toallitas Desodorantes Hipoalergénicas Sin Aluminio Para Mujeres Y Hombres - Toallitas,https://www.amazon.com.mx/dp/B0DRZ7ZK2S,https://www.amazon.com/dp/B0DRZ7ZK2S,GUTTIDIRECT,
,B0DGVP5LDS,9,Salud y Cuidado Personal,disponible,no disponible,,,2025-10-31T20:48:07.395Z,2025-11-01T19:05:20.955Z,2025-11-02T18:34:50.320Z,513.78,,$512.47,Crema humectante de sebo de res para la piel Sebo de res batido 100% alimentado con pasto Aceite de jojoba orgánico Manteca de karité orgánica Ayuda con el eccema y la rosácea Fabricado en EE. UU.,https://www.amazon.com.mx/dp/B0DGVP5LDS,https://www.amazon.com/dp/B0DGVP5LDS,SRKSB LLC,
,B0DGGQPD8X,9,Salud y Cuidado Personal,disponible,no disponible,,,2025-10-31T20:48:07.395Z,2025-11-01T19:05:30.141Z,2025-11-02T18:34:57.002Z,1308.44,,"$1,301.62","Doinart Terapia De Luz Roja Para El Rostro, Lámpara De Terapia De Luz Roja Infrarroja Para El Cuerpo, Panel De Luz Roja Para El Dispositivo De Espalda, Cuidado De La Piel En Casa, Músculos, Articulaci",https://www.amazon.com.mx/dp/B0DGGQPD8X,https://www.amazon.com/dp/B0DGGQPD8X,SIDE SHOP,
,B0DJ5SMZPB,9,Salud y Cuidado Personal,disponible,no disponible,,,2025-10-31T20:48:22.800Z,2025-11-01T19:05:39.001Z,2025-11-02T18:35:05.231Z,660.08,,$656.64,"Wagomars Crema De Magnesio Para Dormir - Loción Tópica De Magnesio Para Calambres Y Dolores En Las Piernas, Relajación Muscular, Calma - Manteca Corporal Natural Para Una Hidratación Profunda - Segura",https://www.amazon.com.mx/dp/B0DJ5SMZPB,https://www.amazon.com/dp/B0DJ5SMZPB,M&H Customer Friendly Store,
,B078YY6BM7,9,Salud y Cuidado Personal,disponible,no disponible,,,2025-10-31T20:48:22.800Z,2025-11-01T19:05:48.091Z,2025-11-02T18:35:13.522Z,1596.42,,"$1,584.01","Barry's Restore It All Products – Kit de propietario de casa Scratch-B-Gone | El kit de venta número 1 utilizado para quitar arañazos, óxido, decoloración y más del acero inoxidable sin revestimiento.",https://www.amazon.com.mx/dp/B078YY6BM7,https://www.amazon.com/dp/B078YY6BM7,SRKSB LLC,
,B0D5Y6QH3C,9,Salud y Cuidado Personal,disponible,no disponible,,,2025-10-31T20:48:22.800Z,2025-11-01T19:05:57.465Z,2025-11-02T18:35:21.631Z,686.55,,$680.63,"Nukisa - 5 botellas compatibles con Tineco solución de limpieza de 500 ml por botella, aroma a naranja, limpiador de suelos compatible con todas las aspiradoras robot con trapeador y aspiradora",https://www.amazon.com.mx/dp/B0D5Y6QH3C,https://www.amazon.com/dp/B0D5Y6QH3C,CyK Deals,
,B0DRJF2VX3,9,Salud y Cuidado Personal,disponible,no disponible,,,2025-10-31T20:48:22.800Z,2025-11-01T19:06:06.476Z,2025-11-02T18:35:28.670Z,510.17,,$512.93,"BUAEL- 【El paquete incluye】Recibirás 50 toallitas desodorantes envasadas individualmente en una caja, lo que te proporcionará un suministro suficiente para un uso a largo plazo. Cada toallita está env",https://www.amazon.com.mx/dp/B0DRJF2VX3,https://www.amazon.com/dp/B0DRJF2VX3,M&H Customer Friendly Store,
,B0CW19DHNT,9,Salud y Cuidado Personal,disponible,no disponible,,,2025-10-31T20:48:22.800Z,2025-11-01T19:06:14.744Z,2025-11-02T18:35:35.555Z,509.61,,$501.04,"GV77ZF Aceite Esencial De Almizcle Blanco (4 Oz/120 Ml) - Aceites De Almizcle Blanco Utilizado En Difusores, Humidificadores, Baños Caseros, Productos De Limpieza, Yoga, Jabones Diy Y Velas",https://www.amazon.com.mx/dp/B0CW19DHNT,https://www.amazon.com/dp/B0CW19DHNT,M&H Customer Friendly Store,
,B09BD5D4MC,9,Salud y Cuidado Personal,disponible,no disponible,,,2025-10-31T20:48:22.801Z,2025-11-01T19:06:23.604Z,2025-11-02T18:35:42.600Z,876.66,,$872.09,Nampons para hemorragias nasales – 12 tapones nasales estériles para detener las hemorragias nasales rápidamente,https://www.amazon.com.mx/dp/B09BD5D4MC,https://www.amazon.com/dp/B09BD5D4MC,SIDE SHOP,
,B0DPJH2LWB,9,Salud y Cuidado Personal,disponible,no disponible,,,2025-10-31T20:48:22.801Z,2025-11-01T19:06:31.167Z,2025-11-02T18:35:50.604Z,610.93,,$607.74,Cosette Pharmaceuticals Tratamiento Para Herpes Labial O Ampollas Febriles En Rostro O Labios De Cosette Con Crema De Docosanol Al 10% - Crema De Tratamiento Para Herpes Labial O Ampollas Febriles -,https://www.amazon.com.mx/dp/B0DPJH2LWB,https://www.amazon.com/dp/B0DPJH2LWB,SIDE SHOP,
,B000KU92VS,9,Salud y Cuidado Personal,disponible,no disponible,,,2025-10-31T20:48:22.801Z,2025-11-01T19:06:39.016Z,2025-11-02T18:35:58.391Z,778.79,,$754.88,Complan Nutritious Vitamin Rich Drink Original Flavour 450g 7-8 Servings by Complan,https://www.amazon.com.mx/dp/B000KU92VS,https://www.amazon.com/dp/B000KU92VS,BG3 STORE,
,B0CVBMGS6M,9,Salud y Cuidado Personal,disponible,no disponible,,,2025-10-31T20:48:22.801Z,2025-11-01T19:06:48.059Z,2025-11-02T18:36:06.290Z,618.69,,$608.43,"Nutrius Brazilian Body Butter Cream Berry Bliss - Experience Luxe Hydration, Acai, Mango, Cocoa & Cupuacu, Vitamin C for Radiant Glow - 6 FL OZ",https://www.amazon.com.mx/dp/B0CVBMGS6M,https://www.amazon.com/dp/B0CVBMGS6M,GUTTIDIRECT,
,B0DZX93XRW,9,Salud y Cuidado Personal,disponible,disponible,,,2025-10-31T20:48:22.801Z,2025-11-01T19:06:56.270Z,2025-11-02T18:36:14.164Z,477.46,7.99,$473.08,"50 servilletas con forma de arco de Martini, con forma de vidrio, lazo negro, decoración de cumpleaños, lazo Martini, servilleta desechable para bebidas para niñas, compromiso, despedida de soltera",https://www.amazon.com.mx/dp/B0DZX93XRW,https://www.amazon.com/dp/B0DZX93XRW,Burjuva's Store,Letdesignal
,B0DKJPJ44B,9,Salud y Cuidado Personal,disponible,no disponible,,,2025-10-31T20:48:22.801Z,2025-11-01T19:07:03.435Z,2025-11-02T18:36:23.053Z,509.61,,$512.93,"VOERUY- 【JABÓN DETOX PARA AXILAS】Paquete de 2 jabones desintoxicantes para axilas de carbón activado y menta, té verde y árbol de té de VOERUY: ¡una combinación perfecta para una experiencia de limpie",https://www.amazon.com.mx/dp/B0DKJPJ44B,https://www.amazon.com/dp/B0DKJPJ44B,M&H Customer Friendly Store,
,B0CRYZJPN7,9,Salud y Cuidado Personal,disponible,no disponible,,,2025-10-31T20:48:22.801Z,2025-11-01T19:07:11.580Z,2025-11-02T18:36:30.537Z,532.97,,$512.93,"Fisroa Hojas De Detergente De Lavado De Viaje 300 Cargas Hojas De Detergente De Lavado Ecológico Hojas De Lavadora Sin Plástico, Aroma De Lino Fresco Hojas De Lavandería Sin Líquidos Tiras P",https://www.amazon.com.mx/dp/B0CRYZJPN7,https://www.amazon.com/dp/B0CRYZJPN7,CyK Deals,
,B0DPZWF65X,9,Salud y Cuidado Personal,disponible,no disponible,,,2025-10-31T20:48:22.801Z,2025-11-01T19:07:21.044Z,2025-11-02T18:36:38.161Z,518.41,,$512.93,"Air-Scent Aceite Difusor Santal N.º 1033 - Airscent Santal-33-Inspired Aroma And Essential Oil Blend - Frasco Gotero De Aceite Aromático De 10 Ml Y 0,34 Onzas Líquidas Para Difusores Y Humidificadores",https://www.amazon.com.mx/dp/B0DPZWF65X,https://www.amazon.com/dp/B0DPZWF65X,Corner Stone LLC,
,B0CPM9XBYJ,9,Salud y Cuidado Personal,disponible,no disponible,,,2025-10-31T20:48:22.801Z,2025-11-01T19:07:28.554Z,2025-11-02T18:36:45.398Z,551.9,,$559.76,SUNNY SAM- “Gomitas de Magnesio para Niños y Adultos 100mg Calm Magnesium Chews Sup Masticable con Citrato de Magnesio,https://www.amazon.com.mx/dp/B0CPM9XBYJ,https://www.amazon.com/dp/B0CPM9XBYJ,Rendomin,
,B0DYRD5FKX,9,Salud y Cuidado Personal,disponible,no disponible,,,2025-10-31T20:48:22.802Z,2025-11-01T19:07:36.692Z,2025-11-02T18:36:52.583Z,851.16,,$848.10,"Mullein - Bolígrafo difusor de hierbas, tomillo y mentol, alternativa para fumar, reemplaza el mal hábito, respira mentol",https://www.amazon.com.mx/dp/B0DYRD5FKX,https://www.amazon.com/dp/B0DYRD5FKX,SRKSB LLC,
,B0CS3VCRRY,9,Salud y Cuidado Personal,disponible,no disponible,,,2025-10-31T20:48:22.802Z,2025-11-01T19:07:45.715Z,2025-11-02T18:36:59.745Z,869.6,,$871.63,COLONOX - Kit de prueba de detección de colon en casa - Prueba de colon fácil de usar (FIT o FOB) para detección temprana (3 pruebas),https://www.amazon.com.mx/dp/B0CS3VCRRY,https://www.amazon.com/dp/B0CS3VCRRY,SRKSB LLC,
,B0D1YCM851,9,Salud y Cuidado Personal,disponible,no disponible,,,2025-10-31T20:48:38.692Z,2025-11-01T19:07:59.742Z,2025-11-02T18:37:11.649Z,773.08,,$769.05,"Allclair “Allclair Inhalador A Base De Hierbas - Alivio Natural No Medicado Para Las Náuseas, El Movimiento Y Las Náuseas Matutinas - Rápido Y Eficaz - Conveniente Y Portátil - Seguro Para U",https://www.amazon.com.mx/dp/B0D1YCM851,https://www.amazon.com/dp/B0D1YCM851,SIDE SHOP,
,B0CS3T52KL,9,Salud y Cuidado Personal,disponible,no disponible,,,2025-10-31T20:48:38.692Z,2025-11-01T19:08:08.902Z,2025-11-02T18:37:20.031Z,754.47,,$751.91,"COLONOX - Kit de detección de enfermedades colorrectales, fácil de usar, prueba de colon de sangre oculta fecal (FIT o FOB) para detección temprana (2 pruebas)",https://www.amazon.com.mx/dp/B0CS3T52KL,https://www.amazon.com/dp/B0CS3T52KL,SRKSB LLC,
,B0B55NHGF6,9,Salud y Cuidado Personal,disponible,no disponible,,,2025-10-31T20:48:38.692Z,2025-11-01T19:08:17.506Z,2025-11-02T18:37:26.524Z,658.93,,$656.86,"N-amboo Cepillo de dientes de bambú cerdas de jabalí, 100% biodegradables y naturales, 8 piezas de un paquete",https://www.amazon.com.mx/dp/B0B55NHGF6,https://www.amazon.com/dp/B0B55NHGF6,SRKSB LLC,
,B0DWXRK933,9,Salud y Cuidado Personal,disponible,no disponible,,,2025-10-31T20:48:38.692Z,2025-11-01T19:08:25.321Z,2025-11-02T18:37:34.513Z,948.77,,$943.83,"Vensure - Bastón clásico de madera para caminar con mango de latón plateado, mango de latón negro, bastón de diseño hecho a mano, bastón victoriano, bastón elegante para regalo hombres y mujeres,",https://www.amazon.com.mx/dp/B0DWXRK933,https://www.amazon.com/dp/B0DWXRK933,SIDE SHOP,
,B09JHVNZ7P,9,Salud y Cuidado Personal,disponible,no disponible,,,2025-10-31T20:48:38.692Z,2025-11-01T19:08:34.669Z,2025-11-02T18:37:42.125Z,774.16,,$770.87,"Sitz Bath Salts for Hemorrhoids Epsom Soak, 20 Organic & Natural Ingredients for Hemorrhoid and Fissure Wellness. Made in USA.",https://www.amazon.com.mx/dp/B09JHVNZ7P,https://www.amazon.com/dp/B09JHVNZ7P,MYSILKROAD LLC,
,B0CK54V3RS,9,Salud y Cuidado Personal,disponible,no disponible,,,2025-10-31T20:48:38.692Z,2025-11-01T19:08:43.272Z,2025-11-02T18:37:50.171Z,1286.16,,"$1,279.46","By Rosie Jane- Aceite corporal de uso diario (fragancia dulce): aceite perfumado con vainilla, madera de hinoki y almizcle nude con aceite de girasol",https://www.amazon.com.mx/dp/B0CK54V3RS,https://www.amazon.com/dp/B0CK54V3RS,SIDE SHOP,
,B0F6CVJYD1,9,Salud y Cuidado Personal,disponible,disponible,,,2025-10-31T20:48:38.692Z,2025-11-01T19:08:51.337Z,2025-11-02T18:37:58.475Z,924.89,26.99,$920.07,"6 paquetes de repelente ultrasónico para control de plagas, repelente electrónico de plagas en interiores para insectos, cucarachas, arañas, hormigas, insectos, ratas, mosquitos, ratas, para casa",https://www.amazon.com.mx/dp/B0F6CVJYD1,https://www.amazon.com/dp/B0F6CVJYD1,SIDE SHOP,Lickoon
,B08DK7VLWH,9,Salud y Cuidado Personal,disponible,no disponible,,,2025-10-31T20:48:38.692Z,2025-11-01T19:08:59.598Z,2025-11-02T18:38:05.327Z,608.88,,$607.74,"BUSYCO- Toallitas desodorantes Refresh Line - 15 unidades Toallitas desodorantes para mujeres con zinc, probióticos y prebióticos - D",https://www.amazon.com.mx/dp/B08DK7VLWH,https://www.amazon.com/dp/B08DK7VLWH,M&H Customer Friendly Store,
,B09ND67KHY,9,Salud y Cuidado Personal,disponible,no disponible,,,2025-10-31T20:48:38.693Z,2025-11-01T19:09:08.903Z,2025-11-02T18:38:13.332Z,518.41,,$512.93,"Elitribe- Gel potenciador del entrenamiento Hot Cream Sweat: loción corporal reafirmante, quemagrasas y anticelulítica para todo tipo de piel",https://www.amazon.com.mx/dp/B09ND67KHY,https://www.amazon.com/dp/B09ND67KHY,Corner Stone LLC,
,B01IAI1HZ0,9,Salud y Cuidado Personal,disponible,no disponible,,,2025-10-31T20:48:38.693Z,2025-11-01T19:09:17.151Z,2025-11-02T18:38:21.429Z,750.83,,$744.90,"Fixodent Crema adhesiva para dentaduras postizas original, 21 g (paquete de 8)",https://www.amazon.com.mx/dp/B01IAI1HZ0,https://www.amazon.com/dp/B01IAI1HZ0,Corner Stone LLC,
,B09GWBBP83,9,Salud y Cuidado Personal,disponible,no disponible,,,2025-10-31T20:48:38.693Z,2025-11-01T19:09:24.610Z,2025-11-02T18:38:28.775Z,706.01,,$702.33,VagiBiom- “Supositorios de Ácido Bórico con Lactobacillus: Microbioma Flora Equilibrio; Equilibra y Nutre la Salud,https://www.amazon.com.mx/dp/B09GWBBP83,https://www.amazon.com/dp/B09GWBBP83,SIDE SHOP,
,B07449R8M4,9,Salud y Cuidado Personal,disponible,no disponible,,,2025-10-31T20:48:38.693Z,2025-11-01T19:09:33.769Z,2025-11-02T18:38:35.243Z,444.77,,$452.38,"Cera di Cupra""Bianca per Pelli Normali"" crema para piel normal, fórmula antiedad, tubo de 75 ml [importación italiana]",https://www.amazon.com.mx/dp/B07449R8M4,https://www.amazon.com/dp/B07449R8M4,SRKSB LLC,
,B0D482VYQY,9,Salud y Cuidado Personal,disponible,no disponible,,,2025-10-31T20:48:38.693Z,2025-11-01T19:09:42.439Z,2025-11-02T18:38:42.311Z,1073.65,,"$1,064.01",CleanBoss- Eat Cleaner TripleAction Fruit + Veggie Wash Refill 64 oz Elimina residuos dañinos Mantiene los productos,https://www.amazon.com.mx/dp/B0D482VYQY,https://www.amazon.com/dp/B0D482VYQY,IY Network,
,B0F1CNC3VL,9,Salud y Cuidado Personal,disponible,no disponible,,,2025-10-31T20:48:38.693Z,2025-11-01T19:09:50.976Z,2025-11-02T18:38:49.572Z,777.63,,$770.64,"VIVAGO - Cepillos de dientes de bambú, cerdas medianas, paquete de 30 unidades, sin BPA, cerdas medianas para adultos, respetuoso con el medio ambiente, compostable y biodegradable, cepillo de dientes",https://www.amazon.com.mx/dp/B0F1CNC3VL,https://www.amazon.com/dp/B0F1CNC3VL,M&H Customer Friendly Store,
,B0991WVTM7,9,Salud y Cuidado Personal,disponible,no disponible,,,2025-10-31T20:48:38.693Z,2025-11-01T19:09:58.307Z,2025-11-02T18:38:57.202Z,600.11,,$584.21,"pH-D Feminine Health Support pH-D - Enjuague instantáneo con ácido bórico, vegano, sin parabenos, libre de crueldad (6 onzas líquidas (paquete de 2))",https://www.amazon.com.mx/dp/B0991WVTM7,https://www.amazon.com/dp/B0991WVTM7,BG3 STORE,
,B0BWRHRTWS,9,Salud y Cuidado Personal,disponible,no disponible,,,2025-10-31T20:48:38.693Z,2025-11-01T19:10:07.073Z,2025-11-02T18:39:03.710Z,508.23,,$512.93,"TENICORE Almohadillas Para Juanetes, Alivio De Juanetes, Almohadillas Para Ampollas Para Mujeres Y Hombres, Vendajes Hidrocoloides, Almohadillas Protectoras Para Callos En Los Dedos De Los Pies Y Los",https://www.amazon.com.mx/dp/B0BWRHRTWS,https://www.amazon.com/dp/B0BWRHRTWS,SRKSB LLC,
,B0CNCHKQV6,9,Salud y Cuidado Personal,disponible,disponible,,,2025-10-31T20:48:47.692Z,2025-11-01T19:10:15.077Z,2025-11-02T18:39:11.662Z,732.2,18.99,$728.38,"47 piezas Kit de Decoración Baberos Blancos Bebé, Que Incluye 15 Baberos Blancos para Bebé, 22 Plantillas para Pintar, 10 Marcadores de Tela, Diseño Baberos Blanco Juego de Baby Shower",https://www.amazon.com.mx/dp/B0CNCHKQV6,https://www.amazon.com/dp/B0CNCHKQV6,SIDE SHOP,JENNIY
,B08X7KHLB1,9,Salud y Cuidado Personal,disponible,no disponible,,,2025-10-31T20:48:47.692Z,2025-11-01T19:10:23.390Z,2025-11-02T18:39:19.333Z,547,,$631.50,"AleveX Pain Relieving Spray, Fast Acting & Fast Drying for Targeted Pain Relief, 3.2oz Spray by Aleve",https://www.amazon.com.mx/dp/B08X7KHLB1,https://www.amazon.com/dp/B08X7KHLB1,Intenza y Enzo,
,B0C7MGC56M,9,Salud y Cuidado Personal,disponible,no disponible,,,2025-10-31T20:48:47.692Z,2025-11-01T19:10:32.733Z,2025-11-02T18:39:27.625Z,791.18,,$814.28,"YMEYFAN- 3 piezas de gel conductor, gel refrescante para dispositivo de depilación, cuidado de la piel, gel hidratante adecuado",https://www.amazon.com.mx/dp/B0C7MGC56M,https://www.amazon.com/dp/B0C7MGC56M,Rendosa,
,B0DMZC8LL1,9,Salud y Cuidado Personal,disponible,disponible,,,2025-10-31T20:48:47.692Z,2025-11-01T19:10:41.439Z,2025-11-02T18:39:36.343Z,1184.37,36.99,"$1,221.42","Aisharery - Juego de plantillas de marcador de tela de regalo para recién nacidos, para bebés",https://www.amazon.com.mx/dp/B0DMZC8LL1,https://www.amazon.com/dp/B0DMZC8LL1,BELGUCAN Global,Aisharery
,B0CP7JTHZK,9,Salud y Cuidado Personal,disponible,no disponible,,,2025-10-31T20:48:47.693Z,2025-11-01T19:10:54.164Z,2025-11-02T18:39:49.644Z,472.11,,$477.05,"Gowgaw-Láminas de silicona de grado médico para cicatrices, cinta de silicona para cicatrices (rollo de 1,6” x 60”, 1,5 m), tratamiento profesional para eliminar cicatrices, tira de silicona reutiliza",https://www.amazon.com.mx/dp/B0CP7JTHZK,https://www.amazon.com/dp/B0CP7JTHZK,M&H Customer Friendly Store,
,B0DM6QWLSH,9,Salud y Cuidado Personal,disponible,no disponible,,,2025-10-31T20:48:47.693Z,2025-11-01T19:11:03.535Z,2025-11-02T18:39:57.246Z,611.62,,$608.43,"Made by Dentists Pasta De Dientes Profesional Para Reconstrucción Del Esmalte, Paquete De 2, Pasta De Dientes Remineralizante Con Nanohidroxiapatita Y Fluoruro De Sodio, Aprobada Por La Ada, Vegana, 2",https://www.amazon.com.mx/dp/B0DM6QWLSH,https://www.amazon.com/dp/B0DM6QWLSH,SIDE SHOP,
,B0C63BHRBH,9,Salud y Cuidado Personal,disponible,no disponible,,,2025-10-31T20:48:47.693Z,2025-11-01T19:11:11.682Z,2025-11-02T18:40:04.066Z,633.7,,$632.65,"Park Scents Aceite Esencial Santal Para Difusor - Inspirado En Santal 33 De Le Labo Aroma, Aceite Difusor Con Euro Gotero - Fragancia Aromática Lujosa, Artesanal En Usa - Frasco De Vidrio, 1",https://www.amazon.com.mx/dp/B0C63BHRBH,https://www.amazon.com/dp/B0C63BHRBH,SRKSB LLC,
,B0DMWQ8HLL,9,Salud y Cuidado Personal,disponible,no disponible,,,2025-10-31T20:48:47.693Z,2025-11-01T19:11:19.525Z,2025-11-02T18:40:12.241Z,635.08,,$632.65,"fygg Pasta de dientes con nanohidroxiapatita y prebióticos Fygg (crema de coco, 4 oz) - Pasta de dientes sin flúor ni SLS con hidroxiapatita - Pasta de dientes con nHA para dientes sensibles - Pasta",https://www.amazon.com.mx/dp/B0DMWQ8HLL,https://www.amazon.com/dp/B0DMWQ8HLL,M&H Customer Friendly Store,
,B0CQ2Z2W7C,9,Salud y Cuidado Personal,disponible,no disponible,,,2025-10-31T20:48:47.693Z,2025-11-01T19:11:28.203Z,2025-11-02T18:40:21.148Z,1093.24,,"$1,087.54","Colief- Ayuda digestiva para bebés | Gotas para los gases de los bebés | Gotas de enzima lactasa para bebés | 1,50 onzas líquidas (paquete de 2)",https://www.amazon.com.mx/dp/B0CQ2Z2W7C,https://www.amazon.com/dp/B0CQ2Z2W7C,SIDE SHOP,
,B0D5JHPGRN,9,Salud y Cuidado Personal,disponible,no disponible,,,2025-10-31T20:48:47.693Z,2025-11-01T19:11:35.748Z,2025-11-02T18:40:29.815Z,851.62,,$847.18,Clear Formulas- Licopeno 50mg 200 Cápsulas Vegetarianas (Sin OGM y Sin Gluten),https://www.amazon.com.mx/dp/B0D5JHPGRN,https://www.amazon.com/dp/B0D5JHPGRN,SIDE SHOP,
,B0D98WTNFZ,9,Salud y Cuidado Personal,disponible,no disponible,,,2025-10-31T20:48:47.693Z,2025-11-01T19:11:43.451Z,2025-11-02T18:40:37.591Z,609.84,,$608.66,"Guante de seda exfoliante: exfoliación suave y eficaz para una piel suave y radiante, ideal para preparar la piel antes del bronceado y eliminar las células muertas de la piel.",https://www.amazon.com.mx/dp/B0D98WTNFZ,https://www.amazon.com/dp/B0D98WTNFZ,M&H Customer Friendly Store,
,B088X3H2Q7,9,Salud y Cuidado Personal,disponible,no disponible,,,2025-10-31T20:48:47.693Z,2025-11-01T19:11:51.201Z,2025-11-02T18:40:45.404Z,802.24,,$798.06,"HAYEJIN- ELEGANCIA DE ARROZ PURO. Sumérgete en la suntuosa mezcla de aceite de salvado de arroz enriquecido con 592 990 ppm. Este aceite esencial, junto con el aceite de oliva y el palmitato, que no d",https://www.amazon.com.mx/dp/B088X3H2Q7,https://www.amazon.com/dp/B088X3H2Q7,SIDE SHOP,
,B0CCW83J5G,9,Salud y Cuidado Personal,disponible,no disponible,,,2025-10-31T20:48:47.693Z,2025-11-01T19:11:58.800Z,2025-11-02T18:40:54.139Z,1117.35,,"$1,111.53","UltraSpa Skincare- Crema BioLabs PRO Natural Bioidentical Estro 2.5, combinación para mujeres, suministro para dos meses (sin fragancia, 3 oz)",https://www.amazon.com.mx/dp/B0CCW83J5G,https://www.amazon.com/dp/B0CCW83J5G,SIDE SHOP,
,B07HWVJZLK,9,Salud y Cuidado Personal,disponible,no disponible,,,2025-10-31T20:48:47.694Z,2025-11-01T19:12:07.114Z,2025-11-02T18:41:02.575Z,669.25,,$675.14,Spray limpiador de seda de crisal y flores secas (14.5 oz) - Suministros florales para plantas artificiales - Suministros de arreglos florales - Suministros de floristería ideales - Accesorios de,https://www.amazon.com.mx/dp/B07HWVJZLK,https://www.amazon.com/dp/B07HWVJZLK,GUTTIDIRECT,
,B0D35WSG1K,9,Salud y Cuidado Personal,disponible,no disponible,,,2025-10-31T20:48:47.694Z,2025-11-01T19:12:15.325Z,2025-11-02T18:41:09.801Z,971.06,,$962.33,"BubbyShine, tratamiento semanal de agua de inmersión en frío 5 en 1, limpiador de inmersión en frío, limpiador de baño de hielo, estabilizador de agua para cápsulas de hielo en frío, suavizante",https://www.amazon.com.mx/dp/B0D35WSG1K,https://www.amazon.com/dp/B0D35WSG1K,IY Network,
,B01HT9VOKO,9,Salud y Cuidado Personal,disponible,no disponible,,,2025-10-31T20:48:47.694Z,2025-11-01T19:12:23.123Z,2025-11-02T18:41:18.740Z,599.21,,$596.09,"Kärcher Glasreiniger-Konzentrat RM 503 (Volumen: 0,5 l, streifenfreie Reinigung von Glas, Fenster, Spiegel und Duschkabinen)",https://www.amazon.com.mx/dp/B01HT9VOKO,https://www.amazon.com/dp/B01HT9VOKO,SIDE SHOP,
,B0DZF4K2VT,9,Salud y Cuidado Personal,disponible,no disponible,,,2025-10-31T20:49:03.282Z,2025-11-01T19:12:30.957Z,2025-11-02T18:41:27.639Z,1217.39,,"$1,244.27",Roycederm Jabón Y Gel De Ducha Antifúngicos De Árbol De Té: Paquete Para El Mal Olor Corporal Acné En La Espalda Foliculitis Tiña Versicolor Tiña Inguinal Pie De Atleta Y Tiña Limpieza Con A,https://www.amazon.com.mx/dp/B0DZF4K2VT,https://www.amazon.com/dp/B0DZF4K2VT,GUTTIDIRECT,
,B00UC8FSES,9,Salud y Cuidado Personal,disponible,no disponible,,,2025-10-31T20:49:03.282Z,2025-11-01T19:12:38.153Z,2025-11-02T18:41:34.560Z,1449,,"$1,441.45",NEST Fragrances Vela clásica perfumada de hojas de cedro y lavanda,https://www.amazon.com.mx/dp/B00UC8FSES,https://www.amazon.com/dp/B00UC8FSES,SIDE SHOP,
,B08ZL5D663,9,Salud y Cuidado Personal,disponible,no disponible,,,2025-10-31T20:49:03.282Z,2025-11-01T19:12:47.204Z,2025-11-02T18:41:42.832Z,609.76,,$607.74,"DR. SCHAVIT Dr. Schavit Laringo Spray Para La Garganta - Contiene Extracto Puro 99% De Propóleo De Abeja Crudo - Remedio 100% Natural Para La Garganta Para Adultos Y Niños - Sin Gluten, Aliv",https://www.amazon.com.mx/dp/B08ZL5D663,https://www.amazon.com/dp/B08ZL5D663,DUKKI LLC,
,B07ZWHXB82,9,Salud y Cuidado Personal,disponible,no disponible,,,2025-10-31T20:49:03.282Z,2025-11-01T19:12:56.355Z,2025-11-02T18:41:49.920Z,844.92,,$848.33,Love Ur Curls LUS - Rizador todo en uno,https://www.amazon.com.mx/dp/B07ZWHXB82,https://www.amazon.com/dp/B07ZWHXB82,Rendomin,
,B0DS1Z3TT7,9,Salud y Cuidado Personal,disponible,no disponible,,,2025-10-31T20:49:03.282Z,2025-11-01T19:13:04.433Z,2025-11-02T18:41:58.036Z,587.73,,$584.67,"Voryn Crema De Silicona Para Cicatrices Y Gel: Tratamiento Avanzado Para Eliminar Queloides En Cicatrices Quirúrgicas, Cesáreas, Lesiones, Estrías, Acné, Quemaduras, Queloides, Cicatrices Antiguas Y R",https://www.amazon.com.mx/dp/B0DS1Z3TT7,https://www.amazon.com/dp/B0DS1Z3TT7,SIDE SHOP,
,B0DJ9967JR,9,Salud y Cuidado Personal,disponible,no disponible,,,2025-10-31T20:49:03.283Z,2025-11-01T19:13:11.897Z,2025-11-02T18:42:06.361Z,660.08,,$656.64,"Yadool Eliminador de Óxido para Acero Inoxidable, Quitamanchas de Óxido Y Limpiador para Electrodomésticos Y Muebles de Acero Inoxidable - Ideal para Parrillas, Refrigeradores, Cuchillos, Sartenes Y M",https://www.amazon.com.mx/dp/B0DJ9967JR,https://www.amazon.com/dp/B0DJ9967JR,M&H Customer Friendly Store,
,B0DHG8NR7L,9,Salud y Cuidado Personal,disponible,no disponible,,,2025-10-31T20:49:03.283Z,2025-11-01T19:13:21.211Z,2025-11-02T18:42:14.888Z,1158.7,,"$1,152.65","Pumboom Estuche De Viaje Para Puros Con Encendedor, Cortador De Puros En Forma De V, Soporte Para Puros 3 En 1, Cenicero, Herramienta Para Mejorar La Perforación Y El Calado 2 En 1, Humidificador, Hig",https://www.amazon.com.mx/dp/B0DHG8NR7L,https://www.amazon.com/dp/B0DHG8NR7L,SIDE SHOP,
,B0DG8PH9NF,9,Salud y Cuidado Personal,disponible,disponible,,,2025-10-31T20:49:03.283Z,2025-11-01T19:13:28.378Z,2025-11-02T18:42:22.126Z,776.67,19.94,$769.73,"foco infrarroja de calor, bombillas de calor de terapia de luz roja, foco infrarroja para el cuerpo, adecuada para enchufe E26/E27",https://www.amazon.com.mx/dp/B0DG8PH9NF,https://www.amazon.com/dp/B0DG8PH9NF,M&H Customer Friendly Store,Oyase
,B08XYLQH45,9,Salud y Cuidado Personal,disponible,no disponible,,,2025-10-31T20:49:03.283Z,2025-11-01T19:13:41.447Z,2025-11-02T18:42:35.230Z,395.53,,$393.20,"SENLMLER Kit de herramientas profesional para limpieza de dientes, herramienta para eliminar cálculos dentales, uso personal, cuidado bucal de mascotas, con espejo dental, raspador dental y caja de almacenamiento",https://www.amazon.com.mx/dp/B08XYLQH45,https://www.amazon.com/dp/B08XYLQH45,BG3 STORE,
,B078HRLSKS,9,Salud y Cuidado Personal,disponible,no disponible,,,2025-10-31T20:49:03.283Z,2025-11-01T19:13:50.502Z,2025-11-02T18:42:43.579Z,468.64,,$471.80,Varon Dandy After Shave 3.3 Fl Oz,https://www.amazon.com.mx/dp/B078HRLSKS,https://www.amazon.com/dp/B078HRLSKS,SRKSB LLC,
,B0CPPLLBHT,9,Salud y Cuidado Personal,disponible,disponible,,,2025-10-31T20:49:03.283Z,2025-11-01T19:13:58.016Z,2025-11-02T18:42:51.362Z,1169.21,27.99,"$1,163.62","Wowflash 100 almohadillas para orejas desechables de 22 x 22 pulgadas, dpads02",https://www.amazon.com.mx/dp/B0CPPLLBHT,https://www.amazon.com/dp/B0CPPLLBHT,M&H Customer Friendly Store,WOWFLASH
,B07WBXHFTF,9,Salud y Cuidado Personal,disponible,no disponible,,,2025-10-31T20:49:03.283Z,2025-11-01T19:14:06.745Z,2025-11-02T18:42:58.350Z,1450.13,,"$1,437.10",Evian Facial Spray 24/7 Kit,https://www.amazon.com.mx/dp/B07WBXHFTF,https://www.amazon.com/dp/B07WBXHFTF,IY Network,
,B09JW29JDR,9,Salud y Cuidado Personal,disponible,no disponible,,,2025-10-31T20:49:03.283Z,2025-11-01T19:14:15.281Z,2025-11-02T18:43:06.479Z,488.99,,$512.93,"Natouch- Jabón antimicótico, barra de jabón corporal con aceite de árbol de té natural, ayuda con la tiña inguinal, la tiña y la salud de los atletas",https://www.amazon.com.mx/dp/B09JW29JDR,https://www.amazon.com/dp/B09JW29JDR,SHERIFF EXPRESS,
,B0B6PR28TY,9,Salud y Cuidado Personal,disponible,no disponible,,,2025-10-31T20:49:03.283Z,2025-11-01T19:14:23.101Z,2025-11-02T18:43:14.135Z,577.39,,$579.41,"HOPELF - Varillas de madera de 25 varillas de madera - Varillas de bambú de 1/2 x 12 pulgadas, para manualidades, variedad de varillas de madera dura, varillas de madera, varillas de bandera",https://www.amazon.com.mx/dp/B0B6PR28TY,https://www.amazon.com/dp/B0B6PR28TY,M&H Customer Friendly Store,
,B0CTCPQ6N9,9,Salud y Cuidado Personal,disponible,no disponible,,,2025-10-31T20:49:03.284Z,2025-11-01T19:14:31.694Z,2025-11-02T18:43:22.258Z,518.41,,$512.93,"ANMEATE-Termómetro de Frente sin Contacto para Adultos, termómetro Digital infrarrojo para niños, termómetro para bebés sin Contacto, Lectura precisa con Pantalla Grande, silencioso",https://www.amazon.com.mx/dp/B0CTCPQ6N9,https://www.amazon.com/dp/B0CTCPQ6N9,Corner Stone LLC,
,B0BNWBJJQH,9,Salud y Cuidado Personal,disponible,no disponible,,,2025-10-31T20:49:03.284Z,2025-11-01T19:14:41.860Z,2025-11-02T18:43:29.511Z,561.77,,$561.07,XenCare Xencare Ylang Ylang Usda Aceite Esencial Orgánico De Grado Alimenticio | 100% Puro Natural Sin Diluir | Comestible Y Seguro De Ingerir Y Para La Piel | Aromaterapia Premium Para Baño,https://www.amazon.com.mx/dp/B0BNWBJJQH,https://www.amazon.com/dp/B0BNWBJJQH,WHITE STONE SUPPLIER,
,B0CHFNLQL5,9,Salud y Cuidado Personal,disponible,no disponible,,,2025-10-31T20:49:15.939Z,2025-11-01T19:14:50.963Z,2025-11-02T18:43:38.485Z,782.85,,$794.86,"Sudstainables- Hojas de detergente para ropa ecológicas (100 hojas, 200 cargas) Tiras transparentes y libres de sustancias vegetales",https://www.amazon.com.mx/dp/B0CHFNLQL5,https://www.amazon.com/dp/B0CHFNLQL5,DUKKI LLC,
,B0D7PZZLKP,9,Salud y Cuidado Personal,disponible,no disponible,,,2025-10-31T20:49:15.940Z,2025-11-01T19:14:59.868Z,2025-11-02T18:43:45.918Z,1589.87,,"$1,572.59","Eco Wave Toallitas para bebé, 100% compostables ecológicas, sin perfume, hipoalergénicas, veganas, sin alcohol, adecuadas para pieles sensibles (paquete de 12)",https://www.amazon.com.mx/dp/B0D7PZZLKP,https://www.amazon.com/dp/B0D7PZZLKP,M&H Customer Friendly Store,
,B0CZRS4VNC,9,Salud y Cuidado Personal,disponible,disponible,,,2025-10-31T20:49:15.940Z,2025-11-01T19:15:07.840Z,2025-11-02T18:43:54.916Z,677.63,15.99,$675.14,"Threlaco - Paquete de 6 toallitas para extraer leche de limpieza rápida y sin irritantes, prácticas toallitas de limpieza para extraer leche higiénicas (rosa)",https://www.amazon.com.mx/dp/B0CZRS4VNC,https://www.amazon.com/dp/B0CZRS4VNC,M&H Customer Friendly Store,Jinyogoder
,B01C7X6G3C,9,Salud y Cuidado Personal,disponible,no disponible,,,2025-10-31T20:49:15.940Z,2025-11-01T19:15:16.024Z,2025-11-02T18:44:03.609Z,638.13,,$650.47,"DHARMA RESEARCH Polvo de pómez dental, bolsa de 1 libra – Abrasivo multiusos para limpieza, pulido, productos de belleza, trabajo de laboratorio dental y caída de rocas",https://www.amazon.com.mx/dp/B01C7X6G3C,https://www.amazon.com/dp/B01C7X6G3C,Abundant Peace,
,B0CP6YM78R,9,Salud y Cuidado Personal,disponible,no disponible,,,2025-10-31T20:49:15.940Z,2025-11-01T19:15:25.823Z,2025-11-02T18:44:11.948Z,588.43,,$606.37,"TTLALA- Tratamiento para eliminar el acné en los glúteos, crema humectante con 2% de ácido salicílico, aceite de árbol de té y hamamelis.",https://www.amazon.com.mx/dp/B0CP6YM78R,https://www.amazon.com/dp/B0CP6YM78R,M&H Customer Friendly Store,
,B07WL68X31,9,Salud y Cuidado Personal,disponible,no disponible,,,2025-10-31T20:49:15.940Z,2025-11-01T19:15:33.928Z,2025-11-02T18:44:18.734Z,462.32,,$461.02,"Gel de ducha con esencia refrescante de menta y lima, con notas de almizcle, pétalos de jazmín y orquídeas. Fórmula intensa que deja la piel naturalmente hidratada y energizada. 8,4 oz.",https://www.amazon.com.mx/dp/B07WL68X31,https://www.amazon.com/dp/B07WL68X31,GUTTIDIRECT,
,B09D41MVGJ,9,Salud y Cuidado Personal,disponible,no disponible,,,2025-10-31T20:49:15.940Z,2025-11-01T19:15:42.094Z,2025-11-02T18:44:26.039Z,660.08,,$656.64,Babyology - Aceite Calmante Para Bebés Recién Nacidos Con Aceites Esenciales Para Bebés - 100 Ml(338 Onzas Líquidas)- Lavanda - Masaje Nutritivo E Hidratante Para Fortalecer El Vínculo,https://www.amazon.com.mx/dp/B09D41MVGJ,https://www.amazon.com/dp/B09D41MVGJ,SIDE SHOP,
,B07L5YWWD5,9,Salud y Cuidado Personal,disponible,no disponible,,,2025-10-31T20:49:15.940Z,2025-11-01T19:15:51.030Z,2025-11-02T18:44:33.852Z,610.66,,$608.88,Dermactin Crepe Be Gone Crema Reafirmante Cuello Un Color Talla Única,https://www.amazon.com.mx/dp/B07L5YWWD5,https://www.amazon.com/dp/B07L5YWWD5,DUKKI LLC,
,B09PFQFMCV,9,Salud y Cuidado Personal,disponible,no disponible,,,2025-10-31T20:49:15.940Z,2025-11-01T19:16:00.773Z,2025-11-02T18:44:41.422Z,628.15,,$626.25,"GreFusion Bolsas De Basura Compostables Para Cubo De Basura De Cocina De 1,2 Galones, 125 Unidades, Bolsas De Basura Para Desechos De Alimentos De Compost Se Adapta A Cubos De Encimera De 0,75, 1, 1,2",https://www.amazon.com.mx/dp/B09PFQFMCV,https://www.amazon.com/dp/B09PFQFMCV,SRKSB LLC,
,B0DDKR54X2,9,Salud y Cuidado Personal,disponible,disponible,,,2025-10-31T20:49:15.941Z,2025-11-01T19:16:09.576Z,2025-11-02T18:44:48.591Z,1196.65,36.99,"$1,221.42","Aisharery - Juego de plantillas de marcador de tela de regalo para recién nacidos, para bebés",https://www.amazon.com.mx/dp/B0DDKR54X2,https://www.amazon.com/dp/B0DDKR54X2,BELGUCAN Global,Aisharery
,B0DT7K6HWP,9,Salud y Cuidado Personal,disponible,no disponible,,,2025-10-31T20:49:15.941Z,2025-11-01T19:16:18.270Z,2025-11-02T18:44:55.951Z,1263.73,,"$1,249.76",Truvani Proteína De Guisante Vegana En Polvo | Chocolate Y Fresa | 20 G De Proteína Vegetal Orgánica | 20 Porciones | Cetogénica | Sin Gluten Ni Lácteos | Baja En Carbohidratos | Sin Azúcar Agregada 2,https://www.amazon.com.mx/dp/B0DT7K6HWP,https://www.amazon.com/dp/B0DT7K6HWP,MYSILKROAD LLC,
,B0DNH54MX5,9,Salud y Cuidado Personal,disponible,no disponible,,,2025-10-31T20:49:15.941Z,2025-11-01T19:16:27.491Z,2025-11-02T18:45:02.923Z,567.02,,$584.67,"Gopas - Vela para amantes de los libros, ideas de regalo inspiradas para lectores, cumpleaños, regalos de lectura con temática de libros para mujeres, bibliotecario, hombres",https://www.amazon.com.mx/dp/B0DNH54MX5,https://www.amazon.com/dp/B0DNH54MX5,M&H Customer Friendly Store,
,B01IDSGRV6,9,Salud y Cuidado Personal,disponible,no disponible,,,2025-10-31T20:49:15.941Z,2025-11-01T19:16:40.182Z,2025-11-02T18:45:14.739Z,491.73,,$489.16,Pomada para cabelllo Prospectors Iron Ore 43 g,https://www.amazon.com.mx/dp/B01IDSGRV6,https://www.amazon.com/dp/B01IDSGRV6,SIDE SHOP,
,B07RH71NQG,9,Salud y Cuidado Personal,disponible,no disponible,,,2025-10-31T20:49:15.941Z,2025-11-01T19:16:47.636Z,2025-11-02T18:45:21.889Z,922.36,,$917.55,"CAREDO- “Dentífrico Tratamiento Caries para Adultos, Inicio Reparación de Cavidades Pasta de Dientes Cura Reparación de Dientes Ca",https://www.amazon.com.mx/dp/B07RH71NQG,https://www.amazon.com/dp/B07RH71NQG,SIDE SHOP,
,B0DSQVGPQ1,9,Salud y Cuidado Personal,disponible,no disponible,,,2025-10-31T20:49:15.941Z,2025-11-01T19:16:56.090Z,2025-11-02T18:45:28.772Z,618.27,,$607.74,Agridin Crema Corporal De Castaño De Indias - Crema Para Varices Alivia El Dolor Y La Hinchazón - Enriquecida Con Aceites De Castaño De Indias Romero Y Naranja - Favorece La Circulación Y El,https://www.amazon.com.mx/dp/B0DSQVGPQ1,https://www.amazon.com/dp/B0DSQVGPQ1,GUTTIDIRECT,
,B0F2HSFC3T,9,Salud y Cuidado Personal,disponible,no disponible,,,2025-10-31T20:49:15.941Z,2025-11-01T19:17:05.056Z,2025-11-02T18:45:36.592Z,969.45,,$957.99,"Velas de citronela para exteriores, repelentes de insectos de mosquitos naturales, de cera de soja, regalo ecológico para mujeres, adecuado para jardín, patio, camping, fiestas de verano",https://www.amazon.com.mx/dp/B0F2HSFC3T,https://www.amazon.com/dp/B0F2HSFC3T,M&H Customer Friendly Store,
,B08PFV6XG4,9,Salud y Cuidado Personal,disponible,no disponible,,,2025-10-31T20:49:24.275Z,2025-11-01T19:17:12.960Z,2025-11-02T18:45:43.959Z,788.92,,$778.97,"Organic Way Dried Gotu Kola Cut & Tamizado (Centella Asiatica) – Orgánico y Certificado Kosher | Crudo, Vegano, sin OMG y sin gluten | Certificado USDA | Origin - India (1/2 lb/8 onzas)",https://www.amazon.com.mx/dp/B08PFV6XG4,https://www.amazon.com/dp/B08PFV6XG4,ArtBlue,
,B01E7UKE86,9,Salud y Cuidado Personal,disponible,no disponible,,,2025-10-31T20:49:24.275Z,2025-11-01T19:17:21.448Z,2025-11-02T18:45:50.702Z,822.49,,$760.26,Super Snouts | Urinary Berry | Bladder & Urinary Tract Support | 75g Jar with Scoop,https://www.amazon.com.mx/dp/B01E7UKE86,https://www.amazon.com/dp/B01E7UKE86,FUEM LLC,
,B0C655VWBC,9,Salud y Cuidado Personal,disponible,no disponible,,,2025-10-31T20:49:24.275Z,2025-11-01T19:17:29.913Z,2025-11-02T18:45:59.206Z,599.42,,$594.03,"Juego de 2 cepillos de limpieza para inodoro, para baño, sin montaje y sin rascarse, mango antioxidante 304",https://www.amazon.com.mx/dp/B0C655VWBC,https://www.amazon.com/dp/B0C655VWBC,IY Network,
,B01N0Q92XO,9,Salud y Cuidado Personal,disponible,no disponible,,,2025-10-31T20:49:24.275Z,2025-11-01T19:17:37.719Z,2025-11-02T18:46:06.684Z,555.83,,$558.39,FIBRACOL Plus Collagen Wound Dressing with Alginate 4X4 1 Dressing each by Fibracol Plus,https://www.amazon.com.mx/dp/B01N0Q92XO,https://www.amazon.com/dp/B01N0Q92XO,SRKSB LLC,
,B0CBNHD69B,9,Salud y Cuidado Personal,disponible,no disponible,,,2025-10-31T20:49:24.275Z,2025-11-01T19:17:45.984Z,2025-11-02T18:46:14.718Z,599,,$971.35,"Baja Gold Liquid Ocean Trace Mineral Drops - Ionic Electrolytes Mineral Drops for Drinking Water & Food Flavor Enhancement - Mineral-Rich Saline Solution & Oral Cleanse - 4 fl oz, 30-Day Supply",https://www.amazon.com.mx/dp/B0CBNHD69B,https://www.amazon.com/dp/B0CBNHD69B,Marca: Baja Gold,
,B0D3PZXT2P,9,Salud y Cuidado Personal,disponible,no disponible,,,2025-10-31T20:49:24.275Z,2025-11-01T19:17:53.391Z,2025-11-02T18:46:23.391Z,497.83,,$503.33,"Bolsas de basura pequeñas de 1.2 galones: bolsas de basura de 4.5 l pequeñas para baño, recámara, oficina, (morado, 120 unidades)",https://www.amazon.com.mx/dp/B0D3PZXT2P,https://www.amazon.com/dp/B0D3PZXT2P,M&H Customer Friendly Store,
,B0CJZ9FWSR,9,Salud y Cuidado Personal,disponible,no disponible,,,2025-10-31T20:49:24.276Z,2025-11-01T19:18:01.987Z,2025-11-02T18:46:31.548Z,1202.62,,"$1,183.73","Recambio de jabón líquido para manos francés, jabón de manos natural con romero y menta elaborado con aceites esenciales, biodegradable, de origen vegetal, vegano, sin crueldad animal, sin alcohol",https://www.amazon.com.mx/dp/B0CJZ9FWSR,https://www.amazon.com/dp/B0CJZ9FWSR,M&H Customer Friendly Store,
,B0CSZ8JSX7,9,Salud y Cuidado Personal,disponible,disponible,,,2025-10-31T20:49:24.276Z,2025-11-01T19:18:11.229Z,2025-11-02T18:46:39.213Z,731.73,18.97,$727.92,"Ropa interior de circuncisión de tres madera para niños después, protección para el cuidado de la cirugía de corte prepucio de circuncisión (XS Niño Plus cintura alta 20.5 pulgadas, dibujos animados),",https://www.amazon.com.mx/dp/B0CSZ8JSX7,https://www.amazon.com/dp/B0CSZ8JSX7,SIDE SHOP,Three Wood Direct
,B0CMWRWBX8,9,Salud y Cuidado Personal,disponible,no disponible,,,2025-10-31T20:49:24.276Z,2025-11-01T19:18:19.649Z,2025-11-02T18:46:47.479Z,900.77,,$896.08,Tongueclear Gel De Lengua | Pasta Limpiadora De Lengua De Menta Fresca | Mal Aliento Y Halitosis | Eliminador De Olor Bucal | Usar Con Cepillos Y Raspadores De Lengua (Paquete De 2)...,https://www.amazon.com.mx/dp/B0CMWRWBX8,https://www.amazon.com/dp/B0CMWRWBX8,SIDE SHOP,
,B07YYKPHN9,9,Salud y Cuidado Personal,disponible,disponible,,,2025-10-31T20:49:24.276Z,2025-11-01T19:18:27.747Z,2025-11-02T18:46:54.350Z,948.77,27.99,$943.83,"Dr. Wolf - Elevadores de talón para zapatos: plantillas de 5 mm de altura para mujer, inserciones de talón de goma para discrepancia de la longitud de las piernas y alivio de la tendinitis de Aquiles,",https://www.amazon.com.mx/dp/B07YYKPHN9,https://www.amazon.com/dp/B07YYKPHN9,SIDE SHOP,Dr Dean Wolf
,B015ZSKHTA,9,Salud y Cuidado Personal,disponible,no disponible,,,2025-10-31T20:49:24.276Z,2025-11-01T19:18:35.034Z,2025-11-02T18:47:01.812Z,521.78,,$521.78,OPTIMUM MEDICAL - Hisopos de glicerina (x75) - Sopo de sabor a limón agradable sin azúcar para aliviar la boca seca (limón),https://www.amazon.com.mx/dp/B015ZSKHTA,https://www.amazon.com/dp/B015ZSKHTA,SIDE SHOP,
,B003UNOY7Y,9,Salud y Cuidado Personal,disponible,no disponible,,,2025-10-31T20:49:24.276Z,2025-11-01T19:18:42.632Z,2025-11-02T18:47:10.282Z,1318.7,,"$1,326.07","ScienceBased Health Hydroeye Cápsulas para la Hidratación Ocular, 120 unidades",https://www.amazon.com.mx/dp/B003UNOY7Y,https://www.amazon.com/dp/B003UNOY7Y,ELEGANCE LLC.,
,B003B76NVO,9,Salud y Cuidado Personal,disponible,no disponible,,,2025-10-31T20:49:24.276Z,2025-11-01T19:18:50.812Z,2025-11-02T18:47:17.246Z,779.67,,$753.74,SIXNE Celox - Gránulos hemostáticos (15 g),https://www.amazon.com.mx/dp/B003B76NVO,https://www.amazon.com/dp/B003B76NVO,KRONOS STORE,
,B001LUQ5HU,9,Salud y Cuidado Personal,disponible,no disponible,,,2025-10-31T20:49:24.276Z,2025-11-01T19:18:58.959Z,2025-11-02T18:47:25.608Z,632.1,,$639.27,"MICROBE-LIFT Vitaminas y aminoácidos, 16 onzas, (9067-L)",https://www.amazon.com.mx/dp/B001LUQ5HU,https://www.amazon.com/dp/B001LUQ5HU,GUTTIDIRECT,
,B09RQ6HG81,9,Salud y Cuidado Personal,disponible,no disponible,,,2025-10-31T20:49:24.276Z,2025-11-01T19:19:06.875Z,2025-11-02T18:47:33.649Z,1444.41,,"$1,436.88","Yes You Can! Kit de desintoxicación – El paquete incluye un YYC Detox, un YYC! Botella de agua y una mezcla de bebida de aloe vera (piña)",https://www.amazon.com.mx/dp/B09RQ6HG81,https://www.amazon.com/dp/B09RQ6HG81,SIDE SHOP,
,B0CSDKNQLC,9,Salud y Cuidado Personal,disponible,no disponible,,,2025-10-31T20:49:24.277Z,2025-11-01T19:19:15.418Z,2025-11-02T18:47:41.534Z,1242.65,,"$1,269.18","Heigble - 24 piezas de obsequios de jabón perfumados, elegantes y compactos para invitados, primera comunión y baby shower con detalles de madera y flores secas",https://www.amazon.com.mx/dp/B0CSDKNQLC,https://www.amazon.com/dp/B0CSDKNQLC,BELGUCAN Global,
,B0CL2P6RV3,9,Salud y Cuidado Personal,disponible,no disponible,,,2025-10-31T20:49:37.560Z,2025-11-01T19:19:28.684Z,2025-11-02T18:47:54.166Z,894.34,,$889.68,P Puregen Labs- “Puregen Labs Suplemento de Bicarbonato de Potasio 1020 mg | Sin OGM | Sin Gluten | Hecho en USA | 240 V,https://www.amazon.com.mx/dp/B0CL2P6RV3,https://www.amazon.com/dp/B0CL2P6RV3,SIDE SHOP,
,B0D5XGNLMX,9,Salud y Cuidado Personal,disponible,no disponible,,,2025-10-31T20:49:37.560Z,2025-11-01T19:19:36.946Z,2025-11-02T18:48:02.061Z,729.21,,$752.37,"Nukisa - 5 botellas compatibles con la solución de limpieza Tineco, 500 ml por botella, aroma a lavanda, limpiador de pisos, compatible con todas las aspiradoras robot con trapeador y aspiradora",https://www.amazon.com.mx/dp/B0D5XGNLMX,https://www.amazon.com/dp/B0D5XGNLMX,M&H Customer Friendly Store,
,B01IQCBJWG,9,Salud y Cuidado Personal,disponible,no disponible,,,2025-10-31T20:49:37.560Z,2025-11-01T19:19:45.545Z,2025-11-02T18:48:10.546Z,425.18,,$428.62,"Vicks BabyRub Soothing Ointment, 1.76 Ounce (Pack of 6) by Vicks",https://www.amazon.com.mx/dp/B01IQCBJWG,https://www.amazon.com/dp/B01IQCBJWG,DUKKI LLC,
,B0CNSZ5VHX,9,Salud y Cuidado Personal,disponible,no disponible,,,2025-10-31T20:49:37.560Z,2025-11-01T19:19:53.309Z,2025-11-02T18:48:17.066Z,1227.62,,"$1,207.72","Buzbug LED Bug Zapper Indoor Outdoor, 10 Years Lifespan Lamp Sustainable Less Power, 2m Power Cord, Durable Instant Electric Mosquito Insect Killer Fly Zapper, for Backyard Patio Home",https://www.amazon.com.mx/dp/B0CNSZ5VHX,https://www.amazon.com/dp/B0CNSZ5VHX,M&H Customer Friendly Store,
,B0CVN6769H,9,Salud y Cuidado Personal,disponible,no disponible,,,2025-10-31T20:49:37.560Z,2025-11-01T19:20:03.662Z,2025-11-02T18:48:25.216Z,851.33,,$872.09,"EROTICGEL Sakura Edition Nuru Massage Gel Powder 40G | Aloe Vera, Algas Marinas, Regaliz Y Té Verde | Hecho En Japón | Sin Parabenos Y Glicerina | Hace 1.05 Gal |Sin Perfume, Incoloro E Insí",https://www.amazon.com.mx/dp/B0CVN6769H,https://www.amazon.com/dp/B0CVN6769H,Rendosa,
,B082D71XQT,9,Salud y Cuidado Personal,disponible,no disponible,,,2025-10-31T20:49:37.561Z,2025-11-01T19:20:11.509Z,2025-11-02T18:48:32.262Z,706.73,,$702.33,"CURENEX Máscara de salmón rejuvenecedor, 30 g (paquete de 5)",https://www.amazon.com.mx/dp/B082D71XQT,https://www.amazon.com/dp/B082D71XQT,DUKKI LLC,
,B0D9L3QW5L,9,Salud y Cuidado Personal,disponible,no disponible,,,2025-10-31T20:49:37.561Z,2025-11-01T19:20:20.709Z,2025-11-02T18:48:40.426Z,730.82,,$727.01,"Himalaya Naturals Parches energéticos B12 Plus | B12 con metilcobalamina | Suministro para 30 días | Energía, resistencia y recuperación rápida",https://www.amazon.com.mx/dp/B0D9L3QW5L,https://www.amazon.com/dp/B0D9L3QW5L,SIDE SHOP,
,B081JQ1DPL,9,Salud y Cuidado Personal,disponible,disponible,,,2025-10-31T20:49:37.561Z,2025-11-01T19:20:28.328Z,2025-11-02T18:48:48.032Z,1175.13,36.76,"$1,174.43",Sigvaris Dynaven 961 Cushioned Socks - 15-20 mmHg,https://www.amazon.com.mx/dp/B081JQ1DPL,https://www.amazon.com/dp/B081JQ1DPL,Abundant Peace,eSource
,B0CYDVP82C,9,Salud y Cuidado Personal,disponible,no disponible,,,2025-10-31T20:49:37.561Z,2025-11-01T19:20:36.281Z,2025-11-02T18:48:55.215Z,1436.68,,"$1,358.31","MUSASHI- “Barra Alta en Proteína, 45g de Proteína, 2g de Azúcares Totales, Brownie de Chocolate con Leche, Post Entrenamiento y Proteína S",https://www.amazon.com.mx/dp/B0CYDVP82C,https://www.amazon.com/dp/B0CYDVP82C,FAVORİ STORE,
,B08LXTR194,9,Salud y Cuidado Personal,disponible,no disponible,,,2025-10-31T20:49:37.561Z,2025-11-01T19:20:44.648Z,2025-11-02T18:49:02.267Z,603.03,,$620.08,"Turn On Turn On Lubricante Sexual A Base De Silicona 12 Onzas Premium Lubricante Personal - Vegano Seguro, Ph Balanceado, Hipoalergénico, Sin Glicerina Ni Parabenos, Mejora A Base De Agua Pa",https://www.amazon.com.mx/dp/B08LXTR194,https://www.amazon.com/dp/B08LXTR194,DUKKI LLC,
,B01GVAAUSO,9,Salud y Cuidado Personal,disponible,no disponible,,,2025-10-31T20:49:37.561Z,2025-11-01T19:20:53.391Z,2025-11-02T18:49:10.133Z,658.55,,$656.86,Air Max Respirar mejor con este Dilatador nasal para tratar de | esta dilator Facilidad Respiración más eficaz que nasal Tiras. Desarrollado Para obtener más Flujo de Aire durante | Small & Medium | garantizada Fit. de deporte,https://www.amazon.com.mx/dp/B01GVAAUSO,https://www.amazon.com/dp/B01GVAAUSO,SRKSB LLC,
,B0CGXSCH7C,9,Salud y Cuidado Personal,disponible,no disponible,,,2025-10-31T20:49:37.561Z,2025-11-01T19:21:01.493Z,2025-11-02T18:49:17.400Z,1880.59,,"$1,880.12",LOLLIA Elegance Bubble Bath - White Amber and Mirabelle for Women - 24.8 oz Bubble Bath,https://www.amazon.com.mx/dp/B0CGXSCH7C,https://www.amazon.com/dp/B0CGXSCH7C,YAGAN STORE,
,B0D4MQHH6V,9,Salud y Cuidado Personal,disponible,no disponible,,,2025-10-31T20:49:37.561Z,2025-11-01T19:21:10.335Z,2025-11-02T18:49:25.397Z,435.41,,$440.96,"VIORY “Parches Para Mareo Por Movimiento - Paquete De 30 - No Somnoliento Detrás De La Oreja Parches Impermeables Para Mareo, Crucero, Barco, Automóvil, Barco, Avión, Parque - Esenciales De",https://www.amazon.com.mx/dp/B0D4MQHH6V,https://www.amazon.com/dp/B0D4MQHH6V,Rendomin,
,B084GF39V4,9,Salud y Cuidado Personal,disponible,disponible,,,2025-10-31T20:49:37.561Z,2025-11-01T19:21:17.981Z,2025-11-02T18:49:32.247Z,518.41,9.99,$512.93,"Pajita de lluvia – Pajitas reutilizables fáciles de limpiar que se abren para una fácil limpieza, no necesita cepillo para polvo de limpieza o limpiador, ecológicas, sin BPA, 10.5 pulgadas de largo",https://www.amazon.com.mx/dp/B084GF39V4,https://www.amazon.com/dp/B084GF39V4,Corner Stone LLC,Rain Hydration
,B08YRFHQR2,9,Salud y Cuidado Personal,disponible,no disponible,,,2025-10-31T20:49:37.562Z,2025-11-01T19:21:25.412Z,2025-11-02T18:49:40.562Z,774.45,,$770.42,"Holistic Method Gomitas De Citrato De Magnesio: Sin Azúcar, Veganas Y Sin Ogm Para Dormir Mejor Y Relajarse. Sin Azúcar Ni Alcohol. Suplemento De Magnesio Para Adultos, Adolescentes Y Niños. Cereza. 1",https://www.amazon.com.mx/dp/B08YRFHQR2,https://www.amazon.com/dp/B08YRFHQR2,SIDE SHOP,
,B07FDHNRG5,9,Salud y Cuidado Personal,disponible,no disponible,,,2025-10-31T20:49:37.562Z,2025-11-01T19:21:33.633Z,2025-11-02T18:49:46.899Z,705.78,,$703.47,"Burnshield - Apósito estéril, 10,16 x 10,16 cm, 10.16 cm x 10.16 cm",https://www.amazon.com.mx/dp/B07FDHNRG5,https://www.amazon.com/dp/B07FDHNRG5,SRKSB LLC,
,B0D5R59TPV,9,Salud y Cuidado Personal,disponible,no disponible,,,2025-10-31T20:49:49.310Z,2025-11-01T19:21:42.000Z,2025-11-02T18:49:54.221Z,756.31,,$752.37,"Aspirador nasal eléctrico para bebé, aspirador de nariz para niños, lechón de nariz impermeable para bebé, limpiador de nariz con 3 puntas de silicona, nivel de succión ajustable, función calmante de",https://www.amazon.com.mx/dp/B0D5R59TPV,https://www.amazon.com/dp/B0D5R59TPV,SIDE SHOP,
,B0CNZ1SH57,9,Salud y Cuidado Personal,disponible,no disponible,,,2025-10-31T20:49:49.310Z,2025-11-01T19:21:49.932Z,2025-11-02T18:50:02.275Z,930.54,,$934.00,"RAJOSEE Paquete De Aceite De Ricino De 32 Piezas Con Aceite De Ricino, Botella De Vidrio Prensado En Frío Orgánico De 8 Oz, Envoltura De Aceite De Ricino De Algodón Para Cintura, Espalda, Cu",https://www.amazon.com.mx/dp/B0CNZ1SH57,https://www.amazon.com/dp/B0CNZ1SH57,MYSILKROAD LLC,
,B087YL2JBV,9,Salud y Cuidado Personal,disponible,no disponible,,,2025-10-31T20:49:49.311Z,2025-11-01T19:21:57.722Z,2025-11-02T18:50:09.710Z,519.31,,$512.93,"Kenkoderm- Jabón de sal mineral para psoriasis con aceite de argán y manteca de karité, 4,25 oz, 1 barra, desarrollado por dermatólogos",https://www.amazon.com.mx/dp/B087YL2JBV,https://www.amazon.com/dp/B087YL2JBV,GUTTIDIRECT,
,B07F3GWP4T,9,Salud y Cuidado Personal,disponible,no disponible,,,2025-10-31T20:49:49.311Z,2025-11-01T19:22:07.293Z,2025-11-02T18:50:16.453Z,944.15,,No disponible,Tanya (Packs) Shisha 50g Herbal Flavor 100% Nicotine and Tobacco Free (12pk),https://www.amazon.com.mx/dp/B07F3GWP4T,https://www.amazon.com/dp/B07F3GWP4T,GUTTIDIRECT,
,B0C8HB9F28,9,Salud y Cuidado Personal,disponible,no disponible,,,2025-10-31T20:49:49.311Z,2025-11-01T19:22:20.923Z,2025-11-02T18:50:29.755Z,840.78,,$838.27,kims cosiart Set De Regalo De Bombas De Baño Con Sorpresa En El Interior Paquete De 20 Bombas De Baño Orgánicas Para Niños Bolas Efervescentes Hechas A Mano Y Seguras Para Niños Regalo De Cu,https://www.amazon.com.mx/dp/B0C8HB9F28,https://www.amazon.com/dp/B0C8HB9F28,MYSILKROAD LLC,
,B07D5F3LJV,9,Salud y Cuidado Personal,disponible,no disponible,,,2025-10-31T20:49:49.311Z,2025-11-01T19:22:30.752Z,2025-11-02T18:50:37.007Z,684.31,,$680.63,Aceite de Bardana 100ml - Arctium Lappa Root - 100% Puro & Natural - Mejor Aceite para el Cabello - Piel - Rostro - Cuidado Corporal - Botella de Vidrio - Aceite de Semilla de Bardana,https://www.amazon.com.mx/dp/B07D5F3LJV,https://www.amazon.com/dp/B07D5F3LJV,DUKKI LLC,
,B0BRV19GWC,9,Salud y Cuidado Personal,disponible,no disponible,,,2025-10-31T20:49:49.311Z,2025-11-01T19:22:39.588Z,2025-11-02T18:50:45.321Z,467.55,,$464.95,"Soporte de clip de silicona para chupete para bebé niño y niña, se adapta a la mayoría de mordedores de chupete y juguetes pequeños en su lugar, sin BPA (arena + gris claro)",https://www.amazon.com.mx/dp/B0BRV19GWC,https://www.amazon.com/dp/B0BRV19GWC,Corner Stone LLC,
,B00NO02DBC,9,Salud y Cuidado Personal,disponible,no disponible,,,2025-10-31T20:49:49.311Z,2025-11-01T19:22:47.336Z,2025-11-02T18:50:51.827Z,831.19,,$823.19,Carpal Comfort – Túnel carpiano enrollable para alivio del dolor – Ingredientes naturales y médicos – Alivia y alivia el dolor de muñeca y mano – Diseñado y recomendado por médicos – Fabricado en los Estados Unidos,https://www.amazon.com.mx/dp/B00NO02DBC,https://www.amazon.com/dp/B00NO02DBC,SRKSB LLC,
,B0BMQ7NBH7,9,Salud y Cuidado Personal,disponible,no disponible,,,2025-10-31T20:49:49.311Z,2025-11-01T19:22:56.718Z,2025-11-02T18:50:58.445Z,651.93,,$632.65,"369 Life “Parches De Mareo Por Movimiento Para Paseos En Automóvil Y Barco, Barcos, Cruceros Y Aviones Y Otras Formas De Transporte - Esenciales De Viaje, Para Adultos Y Niños (24 Unidades)",https://www.amazon.com.mx/dp/B0BMQ7NBH7,https://www.amazon.com/dp/B0BMQ7NBH7,BG3 STORE,
,B0BYYRHPBM,9,Salud y Cuidado Personal,disponible,no disponible,,,2025-10-31T20:49:49.311Z,2025-11-01T19:23:04.768Z,2025-11-02T18:51:06.329Z,545.97,,$531.43,"LANSIRY Hojas De Detergente Para Ropa - 200 Hojas Fresh Linen Scent Lavado Detergente Tiras, Compactas Ligeras Sin Líquidos Ecológicas Hipoalergénico Portátil Láminas De Jabón Para Ahorrar E",https://www.amazon.com.mx/dp/B0BYYRHPBM,https://www.amazon.com/dp/B0BYYRHPBM,CyK Deals,
,B0CXMTHZ4H,9,Salud y Cuidado Personal,disponible,no disponible,,,2025-10-31T20:49:49.311Z,2025-11-01T19:23:13.109Z,2025-11-02T18:51:15.174Z,723.7,,$719.92,"8Greens Súper Verdes En Polvo | Mezcla Prebiótica Y Probiótica Superalimentos Para La Salud Intestinal, Metabolismo, Deshinchazón, Con Fibra, Enzimas Digestivas, Orgánico: Espirulina, Clorel",https://www.amazon.com.mx/dp/B0CXMTHZ4H,https://www.amazon.com/dp/B0CXMTHZ4H,SIDE SHOP,
,B09QLHTQJQ,9,Salud y Cuidado Personal,disponible,no disponible,,,2025-10-31T20:49:49.312Z,2025-11-01T19:23:20.530Z,2025-11-02T18:51:23.523Z,635.08,,$632.65,"Duradry Am Desodorante y Antitranspirante - Desodorante Prescription Strength para Hiperhidrosis, Antitranspirante para Mujeres y Hombres, Protección Contra El Sudor de Axila, Sin Silicona - Clear Sky",https://www.amazon.com.mx/dp/B09QLHTQJQ,https://www.amazon.com/dp/B09QLHTQJQ,M&H Customer Friendly Store,
,B003QK6L40,9,Salud y Cuidado Personal,disponible,no disponible,,,2025-10-31T20:49:49.312Z,2025-11-01T19:23:28.433Z,2025-11-02T18:51:31.092Z,1358.05,,"$1,350.97","KANBERRA GEL 524003 Natural Air Purifier Gel, 8-Ounce",https://www.amazon.com.mx/dp/B003QK6L40,https://www.amazon.com/dp/B003QK6L40,SIDE SHOP,
,B0CPSGJX29,9,Salud y Cuidado Personal,disponible,no disponible,,,2025-10-31T20:49:49.312Z,2025-11-01T19:23:35.786Z,2025-11-02T18:51:37.608Z,2746.19,,"$2,731.87","Bootuu - Asiento de ducha plegable de teca de 20 pulgadas, montado en la pared, banco plegable para espacio pequeño, taburete de madera para cuidado del hogar (níquel cepillado)",https://www.amazon.com.mx/dp/B0CPSGJX29,https://www.amazon.com/dp/B0CPSGJX29,SIDE SHOP,
,B09VCV8KVY,9,Salud y Cuidado Personal,disponible,no disponible,,,2025-10-31T20:49:49.312Z,2025-11-01T19:23:43.485Z,2025-11-02T18:51:44.350Z,1496.44,,"$1,469.78","SonoHealth Oxímetro de pulso (oxímetro de punta de dedo) – Monitor de saturación de oxígeno en sangre, monitor de frecuencia cardíaca, grabación de datos, oxímetro de pulso amigable con la tecnología – habilitado para Bluetooth – Acceso a aplicaciones móviles de por vida",https://www.amazon.com.mx/dp/B09VCV8KVY,https://www.amazon.com/dp/B09VCV8KVY,QIANTANG,
,B0F2J24QBF,9,Salud y Cuidado Personal,disponible,no disponible,,,2025-10-31T20:49:49.312Z,2025-11-01T19:23:52.529Z,2025-11-02T18:51:52.480Z,443.04,,$440.73,Princess Belle Manteca Corporal De Karité Batida Con Vainilla Hidratante Corporal Para Piel Seca Cuidado Corporal Con Aroma A Vainilla Deja La Piel Hidratada Y Suave - 200 Ml(68 Onzas Líquid,https://www.amazon.com.mx/dp/B0F2J24QBF,https://www.amazon.com/dp/B0F2J24QBF,SIDE SHOP,
,B0DXKLTRX3,9,Salud y Cuidado Personal,disponible,no disponible,,,2025-10-31T20:50:00.455Z,2025-11-01T19:24:00.611Z,2025-11-02T18:51:59.561Z,830.53,,$835.90,"fenhua Entrenador de Kegel, Ejercitador de Suelo Pélvico Con App, Care+ Fortalece Tu Suelo Pélvico, para Mujeres: Principiantes Y Avanzadas (Verde Claro)",https://www.amazon.com.mx/dp/B0DXKLTRX3,https://www.amazon.com/dp/B0DXKLTRX3,AREDIANT,
,B0DG4RM9X6,9,Salud y Cuidado Personal,disponible,no disponible,,,2025-10-31T20:50:00.455Z,2025-11-01T19:24:08.843Z,2025-11-02T18:52:06.442Z,1907.74,,"$1,893.42","Batería LiFePO4 de 12 V 25 Ah, hasta 3000 ciclos profundos batería de litio recargable con BMS de 20 A incorporado para sistema solar, caravanas, ruedas de potencia, motores de curricán, scooters,",https://www.amazon.com.mx/dp/B0DG4RM9X6,https://www.amazon.com/dp/B0DG4RM9X6,Rendomin,
,B08KSLV96M,9,Salud y Cuidado Personal,disponible,no disponible,,,2025-10-31T20:50:00.455Z,2025-11-01T19:24:17.653Z,2025-11-02T18:52:15.226Z,529.53,,$526.77,"Turn On Turn On Lubricante Sexual A Base De Silicona 8 Onzas Lubricante Personal Premium - Larga Duración, Seguro Para Condones, Vegano, Ph Balanceado, Hipoalergénico, Sin Glicerina Y Parabe",https://www.amazon.com.mx/dp/B08KSLV96M,https://www.amazon.com/dp/B08KSLV96M,SIDE SHOP,
,B07PTBJVT1,9,Salud y Cuidado Personal,disponible,no disponible,,,2025-10-31T20:50:00.456Z,2025-11-01T19:24:25.505Z,2025-11-02T18:52:22.608Z,1242.92,,"$1,244.26",Slaai Makeup Melting Butter Cleanser by Drunk Elephant for Women - 3.8 oz Cleanser,https://www.amazon.com.mx/dp/B07PTBJVT1,https://www.amazon.com/dp/B07PTBJVT1,SIDE SHOP,
,B01LRQ2Y54,9,Salud y Cuidado Personal,disponible,no disponible,,,2025-10-31T20:50:00.456Z,2025-11-01T19:24:33.340Z,2025-11-02T18:52:30.886Z,774.91,,$770.87,AROMATIKA trust the power of nature Aroma Difusor con Aceite Lemongrass 100ml - Fragancia Fresca y Larga Duración - Difusor con 10 Palitos de Bambú - Mejor para Aromaterapia - SPA - Baño - Oficina,https://www.amazon.com.mx/dp/B01LRQ2Y54,https://www.amazon.com/dp/B01LRQ2Y54,SIDE SHOP,
,B0C3VJWP29,9,Salud y Cuidado Personal,disponible,no disponible,,,2025-10-31T20:50:00.456Z,2025-11-01T19:24:41.914Z,2025-11-02T18:52:38.227Z,443.49,,$441.18,"Yajna- Manteca de cacao cruda orgánica 100% pura, natural y sin refinar | Hidratante para la piel del rostro, el cuerpo y el cabello | 4 oz",https://www.amazon.com.mx/dp/B0C3VJWP29,https://www.amazon.com/dp/B0C3VJWP29,SIDE SHOP,
,B09ZQPPTK9,9,Salud y Cuidado Personal,disponible,no disponible,,,2025-10-31T20:50:00.456Z,2025-11-01T19:24:50.265Z,2025-11-02T18:52:45.990Z,600,,$584.44,"Holamay - Aceites aromáticos florales para hacer jabón y velas, aceites esenciales de primera calidad para difusores de aromaterapia - Rosa, Gardenia, Jazmín, Neroli, Violeta, Tuberosa y más aceites perfumados, 10 x 5 ml",https://www.amazon.com.mx/dp/B09ZQPPTK9,https://www.amazon.com/dp/B09ZQPPTK9,INTERSHOPMX,
,B0C3VHVL2G,9,Salud y Cuidado Personal,disponible,no disponible,,,2025-10-31T20:50:00.456Z,2025-11-01T19:24:58.902Z,2025-11-02T18:52:53.120Z,515.61,,$512.93,"Yajna- Mantequilla de aguacate cruda orgánica 100% pura, natural y sin refinar | Hidratante para la piel del rostro, el cuerpo y el cabello | 8",https://www.amazon.com.mx/dp/B0C3VHVL2G,https://www.amazon.com/dp/B0C3VHVL2G,SIDE SHOP,
,B0DCLSG71N,9,Salud y Cuidado Personal,disponible,no disponible,,,2025-10-31T20:50:00.456Z,2025-11-01T19:25:10.858Z,2025-11-02T18:53:06.222Z,760.32,,$752.37,"Crema de ñame silvestre Secret Men de Genesis Solomon Sueña en grande, vive en grande, da en grande. Natural y orgánica, diseñada para potenciar tu juego. 2 oz. Fabricada en EE. UU.",https://www.amazon.com.mx/dp/B0DCLSG71N,https://www.amazon.com/dp/B0DCLSG71N,M&H Customer Friendly Store,
,B0D1KYML4X,9,Salud y Cuidado Personal,disponible,no disponible,,,2025-10-31T20:50:00.456Z,2025-11-01T19:25:18.379Z,2025-11-02T18:53:15.064Z,515.61,,$512.93,Filtro para CPAP,https://www.amazon.com.mx/dp/B0D1KYML4X,https://www.amazon.com/dp/B0D1KYML4X,SIDE SHOP,
,B0D7BKQMG7,9,Salud y Cuidado Personal,disponible,no disponible,,,2025-10-31T20:50:00.456Z,2025-11-01T19:25:25.564Z,2025-11-02T18:53:22.749Z,649.92,,$656.64,"Tooth Troops- Tabletas reveladoras de placas para niños y adultos. 102 unidades, sabor a arándano. Las tabletas de placa ayudan a construir",https://www.amazon.com.mx/dp/B0D7BKQMG7,https://www.amazon.com/dp/B0D7BKQMG7,SRKSB LLC,
,B07VQQTXRZ,9,Salud y Cuidado Personal,disponible,no disponible,,,2025-10-31T20:50:00.456Z,2025-11-01T19:25:34.315Z,2025-11-02T18:53:29.673Z,1019.39,,"$1,010.31","Kenkoderm- Jabón de barro del Mar Muerto para psoriasis con aceite de argán y manteca de karité, 4,25 oz, 4 barras, desarrollado por dermatólogos",https://www.amazon.com.mx/dp/B07VQQTXRZ,https://www.amazon.com/dp/B07VQQTXRZ,MYSILKROAD LLC,
,B07SDLR1BC,9,Salud y Cuidado Personal,disponible,no disponible,,,2025-10-31T20:50:00.457Z,2025-11-01T19:25:42.330Z,2025-11-02T18:53:37.128Z,1234.07,,"$1,280.14","Whoopsie Wipes Toallitas secas para bebés ultra suaves, 100% algodón puro, uso húmedo o seco, suaves y sensibles, hipoalergénicas, extra fuertes y absorbentes, perfectas para cambios de pañales, secreción nasal, baba, comida y lactancia (paquete de 6)",https://www.amazon.com.mx/dp/B07SDLR1BC,https://www.amazon.com/dp/B07SDLR1BC,Kero Productos,
,B079HPT13K,9,Salud y Cuidado Personal,disponible,no disponible,,,2025-10-31T20:50:00.457Z,2025-11-01T19:25:50.029Z,2025-11-02T18:53:45.789Z,1034.44,,"$1,033.74",COCOCHOCO Clarifying Cleansing Shampoo 13.5 Fl OZ / 400ML by COCOCHOCO,https://www.amazon.com.mx/dp/B079HPT13K,https://www.amazon.com/dp/B079HPT13K,Abundant Peace,
,B003VDEOV4,9,Salud y Cuidado Personal,disponible,no disponible,,,2025-10-31T20:50:00.457Z,2025-11-01T19:25:57.982Z,2025-11-02T18:53:52.750Z,785.57,,$780.77,"End-zit Acne Control Drying Lotion (medium/dark), 0.62 Ounce",https://www.amazon.com.mx/dp/B003VDEOV4,https://www.amazon.com/dp/B003VDEOV4,M&H Customer Friendly Store,
,B0DNQX5KDR,9,Salud y Cuidado Personal,disponible,no disponible,,,2025-10-31T20:50:00.457Z,2025-11-01T19:26:06.724Z,2025-11-02T18:54:00.611Z,988.97,,$983.81,Aacnre- Juego de jabón de cúrcuma: el juego de jabón y aceite de cúrcuma contiene 4 barras de jabón de cúrcuma y 2 aceites esenciales para rostro y cuerpo.,https://www.amazon.com.mx/dp/B0DNQX5KDR,https://www.amazon.com/dp/B0DNQX5KDR,SIDE SHOP,
,B0DP4CPCF1,9,Salud y Cuidado Personal,disponible,no disponible,,,2025-10-31T20:50:16.788Z,2025-11-01T19:26:14.236Z,2025-11-02T18:54:07.068Z,569.76,,$561.13,"RM Soap Market Jabón De Manos Citrus Bliss, Jabón Líquido Para Manos Para Cocina O Baño, Jabón De Manos Hidratante Rico Y Cremoso, Fórmula Suave E Hidratante, Natural Con Aroma A Limón Picante Y Lima",https://www.amazon.com.mx/dp/B0DP4CPCF1,https://www.amazon.com/dp/B0DP4CPCF1,Corner Stone LLC,
,B095Z5PKDJ,9,Salud y Cuidado Personal,disponible,no disponible,,,2025-10-31T20:50:16.789Z,2025-11-01T19:26:22.853Z,2025-11-02T18:54:15.403Z,821.31,,$817.02,"Sensodyne Sensitivity & Gum Sensitive Toothpaste for Gingivitis, Sensitive Teeth Treatment, Clean & Fresh - 3.4 oz (Pack of 4)",https://www.amazon.com.mx/dp/B095Z5PKDJ,https://www.amazon.com/dp/B095Z5PKDJ,SIDE SHOP,
,B07C2BRK19,9,Salud y Cuidado Personal,disponible,no disponible,,,2025-10-31T20:50:16.789Z,2025-11-01T19:26:31.162Z,2025-11-02T18:54:22.329Z,850.24,,$847.18,"Nella Oneday Whitener, White Snow Whitening and Brightening Ferment Cream, Radiant Tone-Up, Korean Beauty, 1.76 Ounce",https://www.amazon.com.mx/dp/B07C2BRK19,https://www.amazon.com/dp/B07C2BRK19,SRKSB LLC,
,B09RQGBHQ9,9,Salud y Cuidado Personal,disponible,no disponible,,,2025-10-31T20:50:16.789Z,2025-11-01T19:26:38.584Z,2025-11-02T18:54:28.871Z,515.61,,$460.15,Viori- Jabón líquido corporal natural Native Essence: la tribu Red Yao ha estado cultivando arroz Longsheng de forma natural en las altas montañas de arrozales de Longsheng durante más de 2000 años. C,https://www.amazon.com.mx/dp/B09RQGBHQ9,https://www.amazon.com/dp/B09RQGBHQ9,SIDE SHOP,
,B0CQCBGXLR,9,Salud y Cuidado Personal,disponible,no disponible,,,2025-10-31T20:50:16.789Z,2025-11-01T19:26:46.201Z,2025-11-02T18:54:36.662Z,669,,$666.59,SZYKKO- Prowax Minifit para audífonos Oticon Protectores anticerumen Prowax Minifit Filtros anticerumen Prowax Minifit de Oticon,https://www.amazon.com.mx/dp/B0CQCBGXLR,https://www.amazon.com/dp/B0CQCBGXLR,Abundant Peace,
,B0B3LRWWJC,9,Salud y Cuidado Personal,disponible,no disponible,,,2025-10-31T20:50:16.789Z,2025-11-01T19:26:54.864Z,2025-11-02T18:54:43.882Z,878.59,,$866.83,Sand + Fog Vela perfumada – California Beach House – Aromas y tamaños adicionales – 100% algodón sin plomo – Velas de lujo para ambientar en tarro – Decoración perfecta para el hogar – 12 onzas,https://www.amazon.com.mx/dp/B0B3LRWWJC,https://www.amazon.com/dp/B0B3LRWWJC,M&H Customer Friendly Store,
,B07RPBZHVH,9,Salud y Cuidado Personal,disponible,no disponible,,,2025-10-31T20:50:16.789Z,2025-11-01T19:27:03.367Z,2025-11-02T18:54:51.097Z,604.23,,$608.88,"Perlas de humedad humidor | Bolsa de 8 onzas (1/2 libras) | Rock Solid 70% Humedad | Humidificación bidireccional | Mejor que el gel | Protege a 100 segundos de cigarros | Nunca necesita reemplazar,",https://www.amazon.com.mx/dp/B07RPBZHVH,https://www.amazon.com/dp/B07RPBZHVH,SRKSB LLC,
,B00394Z0PY,9,Salud y Cuidado Personal,disponible,no disponible,,,2025-10-31T20:50:16.789Z,2025-11-01T19:27:11.070Z,2025-11-02T18:54:58.316Z,1449,,"$1,441.45","NEST Fragrances NEST01MA003 - Vela clásica de ámbar marroquí, 8 onzas",https://www.amazon.com.mx/dp/B00394Z0PY,https://www.amazon.com/dp/B00394Z0PY,SIDE SHOP,
,B08PHBK2KZ,9,Salud y Cuidado Personal,disponible,no disponible,,,2025-10-31T20:50:16.789Z,2025-11-01T19:27:20.145Z,2025-11-02T18:55:06.833Z,1039.79,,"$1,033.67","Organic Way Dried Shatavari Cut & Sifted (Asparagus racemosus) - Organic & Kosher Certified | Raw, Vegan, Non GMO & Gluten Free | USDA Certified | Origin - India (1LBS / 16Oz)",https://www.amazon.com.mx/dp/B08PHBK2KZ,https://www.amazon.com/dp/B08PHBK2KZ,Rendomin,
,B0D9PSGC3P,9,Salud y Cuidado Personal,disponible,no disponible,,,2025-10-31T20:50:16.790Z,2025-11-01T19:27:29.635Z,2025-11-02T18:55:13.883Z,773.82,,$771.26,"SmildeHeal Paquete De 2 Gomitas De Suplemento De Potasio De 1000 Mg, Gomitas De Potasio Para Adultos, Que Ayudan A Aliviar Los Calambres En Las Piernas Y A Mejorar La Salud Muscular, Veganas, Sin Ogm,",https://www.amazon.com.mx/dp/B0D9PSGC3P,https://www.amazon.com/dp/B0D9PSGC3P,KRONOS STORE,
,B00EX69EXQ,9,Salud y Cuidado Personal,disponible,disponible,,,2025-10-31T20:50:16.790Z,2025-11-01T19:27:37.982Z,2025-11-02T18:55:21.988Z,735.32,18.99,$728.38,"Yoga Tune Up Therapy Ball Pair in Tote, Bright Green",https://www.amazon.com.mx/dp/B00EX69EXQ,https://www.amazon.com/dp/B00EX69EXQ,M&H Customer Friendly Store,Tune Up Fitness
,B07CJKYRCZ,9,Salud y Cuidado Personal,disponible,no disponible,,,2025-10-31T20:50:16.790Z,2025-11-01T19:27:47.874Z,2025-11-02T18:55:30.484Z,1177.76,,"$1,175.81",Schwarzkopf - BC Time Restore Q10 Plus Shampoo - For Mature and Fragile Hair (New Packaging) - 1000ml/33.8oz,https://www.amazon.com.mx/dp/B07CJKYRCZ,https://www.amazon.com/dp/B07CJKYRCZ,SIDE SHOP,
,B0CYYZ1PQB,9,Salud y Cuidado Personal,disponible,no disponible,,,2025-10-31T20:50:16.790Z,2025-11-01T19:28:02.163Z,2025-11-02T18:55:42.196Z,611.24,,$603.17,"USKICH - Juego de 20 pastillas limpiadoras de inodoros, automáticas de baño con blanqueador, limpiadores de inodoros domésticos de liberación lenta para desodorización, descalcificación contra manchas",https://www.amazon.com.mx/dp/B0CYYZ1PQB,https://www.amazon.com/dp/B0CYYZ1PQB,RVDSHOP,
,B06XJWML5X,9,Salud y Cuidado Personal,disponible,no disponible,,,2025-10-31T20:50:16.790Z,2025-11-01T19:28:11.490Z,2025-11-02T18:55:49.701Z,708.08,,$704.39,"SECURE DENTURE ADHSV,SENS",https://www.amazon.com.mx/dp/B06XJWML5X,https://www.amazon.com/dp/B06XJWML5X,SIDE SHOP,
,B000S8EQFO,9,Salud y Cuidado Personal,disponible,no disponible,,,2025-10-31T20:50:16.790Z,2025-11-01T19:28:20.431Z,2025-11-02T18:55:57.865Z,375,,$526.63,"Krud Kutter Original limpiador/desengrasante concentrado, 946 ml, Paquete individual, _",https://www.amazon.com.mx/dp/B000S8EQFO,https://www.amazon.com/dp/B000S8EQFO,Marca: Krud Kutter,
,B0B2WGMY1S,9,Salud y Cuidado Personal,disponible,no disponible,,,2025-10-31T20:50:16.790Z,2025-11-01T19:28:27.767Z,2025-11-02T18:56:06.110Z,498.37,,$512.93,"Separador de dedos, almohadillas metatarsianas, espaciadores de dedos, almohadillas metatarsianas para mujeres (3 pares), cojín metatarsiano suave y transpirable, alisador de dedos, ideal para juanetes, dedos de martillo, dolor metatarsiano para hombres y mujeres",https://www.amazon.com.mx/dp/B0B2WGMY1S,https://www.amazon.com/dp/B0B2WGMY1S,Rendosa,
,B0BV4KB4V7,9,Salud y Cuidado Personal,disponible,no disponible,,,2025-10-31T20:50:29.169Z,2025-11-01T19:28:36.423Z,2025-11-02T18:56:13.550Z,707.16,,$703.47,"Duradry- Toallitas antitranspirantes - Máxima potencia, antitranspirantes para manos y pies, toallitas desodorizantes para el sudor, T",https://www.amazon.com.mx/dp/B0BV4KB4V7,https://www.amazon.com/dp/B0BV4KB4V7,SIDE SHOP,
,B0CZSBWZCN,9,Salud y Cuidado Personal,disponible,no disponible,,,2025-10-31T20:50:29.170Z,2025-11-01T19:28:44.138Z,2025-11-02T18:56:20.233Z,621.61,,$656.64,"HUPPY- Tabletas de Pasta de Dientes, Nano Hidroxiapatita Dentífrico Blanqueamiento Natural, Libre de Fluoruro y Reminerali",https://www.amazon.com.mx/dp/B0CZSBWZCN,https://www.amazon.com/dp/B0CZSBWZCN,SHERIFF EXPRESS,