also_appears_in,asin,batch_number,category,disponibilidad_mx,disponibilidad_usa,error_verificacion_mx,error_verificacion_usa,extracted_at,fecha_verificacion_mx,fecha_verificacion_usa,precio_actual_mx,precio_actual_usd,price,title,url_mx,url_usa,vendedor_actual_mx,vendedor_actual_usa
,B0FCM4LT6G,1,Automotriz y Motocicletas,disponible,no disponible,,,2025-10-29T21:58:30.506Z,2025-10-30T02:18:41.082Z,2025-10-30T14:28:57.217Z,819.41,,$827.44,"Parche de rejilla lateral frontal compatible con Toyota Tacoma 2024 2025 – Mejora el estilo del camión, ajuste personalizado, accesorios Tacoma de 4ª generación, calcomanías de rejilla delantera para",https://www.amazon.com.mx/dp/B0FCM4LT6G,https://www.amazon.com/dp/B0FCM4LT6G,Abundant Peace,
,B0053CS4I0,1,Automotriz y Motocicletas,disponible,no disponible,,,2025-10-29T21:58:30.507Z,2025-10-30T02:18:52.238Z,2025-10-30T14:29:07.630Z,667,,$665.60,Forever Car Products - Gel negro para coche,https://www.amazon.com.mx/dp/B0053CS4I0,https://www.amazon.com/dp/B0053CS4I0,Natural  Mx ⭐ (Facturamos),
,B0CKXF3RST,1,Automotriz y Motocicletas,disponible,disponible,,,2025-10-29T21:58:30.507Z,2025-10-30T02:19:00.247Z,2025-10-30T14:29:16.588Z,4641.33,199.9,"$4,957.16","[2024 Fully Laminated Screen] CarpodGo T3 Pro Portable 60fps Wireless Carplay Android Auto,8.9 Inch 1920 * 720 IPS Touch Screen Car Stereo,Display-Only BT Mode Supports Steering Wheel Controls",https://www.amazon.com.mx/dp/B0CKXF3RST,https://www.amazon.com/dp/B0CKXF3RST,SEONGSAN,CarpodGo
,B0BQT1JLWM,1,Automotriz y Motocicletas,disponible,no disponible,,,2025-10-29T21:58:30.507Z,2025-10-30T02:19:09.087Z,2025-10-30T14:29:23.366Z,1729.33,,"$1,682.00","Insertos de calcomanía para portón trasero, compatible con Maverick 2022-2026",https://www.amazon.com.mx/dp/B0BQT1JLWM,https://www.amazon.com/dp/B0BQT1JLWM,BROWN LEAVES LLC,
,B0CTJX5CTQ,1,Automotriz y Motocicletas,disponible,no disponible,,,2025-10-29T21:58:30.507Z,2025-10-30T02:19:17.470Z,2025-10-30T14:29:31.924Z,2692.77,,"$2,659.24","Sekeseauto Protector de salpicaduras inferior del motor, apto para Honda Civic 2012, apto para Acura ILX 2013, reemplazo# 74110-TR3-A10, 74110TR3A10, cubierta inferior del coche",https://www.amazon.com.mx/dp/B0CTJX5CTQ,https://www.amazon.com/dp/B0CTJX5CTQ,Meka Storee,
,B07PXCTPV7,1,Automotriz y Motocicletas,disponible,no disponible,,,2025-10-29T21:58:30.507Z,2025-10-30T02:19:26.468Z,2025-10-30T14:29:39.676Z,759,,$806.94,BG 44k Platinum Nuevo,https://www.amazon.com.mx/dp/B07PXCTPV7,https://www.amazon.com/dp/B07PXCTPV7,SUSDEMEXOFICIAL,
,B0D4HRY3PD,1,Automotriz y Motocicletas,disponible,no disponible,,,2025-10-29T21:58:30.507Z,2025-10-30T02:19:33.946Z,2025-10-30T14:29:48.373Z,1246.6,,"$1,177.36","Dtomi - Moldura para cinturón de puerta delantera, izquierda y derecha, compatible con Dodge Vehicle Challenger 2008-2016, 2 puertas, repuesto # 55399122AG 55399123AG",https://www.amazon.com.mx/dp/B0D4HRY3PD,https://www.amazon.com/dp/B0D4HRY3PD,LueKeen,
,B0DN9TJNLG,1,Automotriz y Motocicletas,disponible,no disponible,,,2025-10-29T21:58:30.507Z,2025-10-30T02:19:41.832Z,2025-10-30T14:29:55.243Z,595.23,,$574.98,"RSACET - Pintura de retoque compatible con Mazda, color exacto para reparar rayones en carrocería de coche, Soul Red Metallic Tricoat 41V",https://www.amazon.com.mx/dp/B0DN9TJNLG,https://www.amazon.com/dp/B0DN9TJNLG,MARVEL INC.,
,B0D3XYKW9J,1,Automotriz y Motocicletas,disponible,no disponible,,,2025-10-29T21:58:30.507Z,2025-10-30T02:19:49.617Z,2025-10-30T14:30:03.301Z,1274.82,,"$1,248.02","KPY Visera para Ventana Compatible con Toyota Prius 2016-2022, Protector de Lluvia para Ventanas Laterales Estilo de Adhesión, 2016 2017 2018 2019 2020 2021 2022",https://www.amazon.com.mx/dp/B0D3XYKW9J,https://www.amazon.com/dp/B0D3XYKW9J,DUKKI LLC,
,B08BRBF5NV,1,Automotriz y Motocicletas,disponible,no disponible,,,2025-10-29T21:58:30.508Z,2025-10-30T02:19:57.539Z,2025-10-30T14:30:11.743Z,1503,,"$1,431.54","Superior Products Dark Fury (anteriormente rabia), 3.78 L",https://www.amazon.com.mx/dp/B08BRBF5NV,https://www.amazon.com/dp/B08BRBF5NV,LueKeen,
,B0DN9QX2FC,1,Automotriz y Motocicletas,disponible,no disponible,,,2025-10-29T21:58:30.508Z,2025-10-30T02:20:06.375Z,2025-10-30T14:30:19.563Z,538.43,,No disponible,"RSACET - Pintura de retoque compatible con Mazda, color exacto para reparar rayones en carrocería de coche, Polymetal Gray Metallic 47C",https://www.amazon.com.mx/dp/B0DN9QX2FC,https://www.amazon.com/dp/B0DN9QX2FC,M&H Customer Friendly Store,
,B0D4LVPWKK,1,Automotriz y Motocicletas,disponible,no disponible,,,2025-10-29T21:58:30.508Z,2025-10-30T02:20:13.502Z,2025-10-30T14:30:26.537Z,1097.42,,"$1,088.45","4 correas de sellado para ventana, adecuadas para Honda Civic 2012-2015, 4 puertas, reemplaza #72450-TR0-A01 72410-TR0-A01 72950-TR0-A01 72950-TR0-A01 72910-TR0-A01",https://www.amazon.com.mx/dp/B0D4LVPWKK,https://www.amazon.com/dp/B0D4LVPWKK,SRKSB LLC,
,B0D4M3DV3D,1,Automotriz y Motocicletas,disponible,disponible,,,2025-10-29T21:58:30.508Z,2025-10-30T02:20:22.654Z,2025-10-30T14:30:34.630Z,1219.09,35.99,"$1,133.56","ItranMc - Correa de moldura para ventana de coche, compatible con Honda Civic 2016-2021 Sedán de 4 puertas, reemplazo#72450-TEA-T01 72410-TEA-T01 72950-TEA-T01 72910-TEA-T01",https://www.amazon.com.mx/dp/B0D4M3DV3D,https://www.amazon.com/dp/B0D4M3DV3D,MARVEL INC.,ItranMC
,B0D7V7872Y,1,Automotriz y Motocicletas,disponible,no disponible,,,2025-10-29T21:58:30.508Z,2025-10-30T02:20:29.676Z,2025-10-30T14:30:41.518Z,1130.32,,"$1,153.35","IG - Visor de ventana, protector contra la lluvia, sol y viento, con cinta adhesiva, deflector de ventana lateral, extraduradero, estilo Mugen, para Nissan Kicks 2018-2024",https://www.amazon.com.mx/dp/B0D7V7872Y,https://www.amazon.com/dp/B0D7V7872Y,F4ST ORCHESTRA,
,B0DZ67VS62,1,Automotriz y Motocicletas,disponible,disponible,,,2025-10-29T21:58:30.508Z,2025-10-30T02:20:37.620Z,2025-10-30T14:30:50.266Z,1485.06,49.99,"$1,478.95","YUDE 2 luces antiniebla para Jeep Wrangler JK JL 2013-2024 edición del 10º 75º aniversario de Hard Rock Parachoques Rubicon X, radio EMC incorporada transparente 60W luces antiniebla blancas",https://www.amazon.com.mx/dp/B0DZ67VS62,https://www.amazon.com/dp/B0DZ67VS62,MYSILKROAD LLC,YUDE Direct
,B0DJQPC6X5,1,Automotriz y Motocicletas,disponible,no disponible,,,2025-10-29T21:58:30.508Z,2025-10-30T02:20:45.129Z,2025-10-30T14:30:59.152Z,3123.07,,"$2,912.71","PartsFlow GM1904106 - Moldura para puerta trasera compatible con Chevrolet Trailblazer 2002, 2003, 2004, 2005, 2006, 2007, 2008, 2009, reemplazo#19150496",https://www.amazon.com.mx/dp/B0DJQPC6X5,https://www.amazon.com/dp/B0DJQPC6X5,Sky Ecommerce Store,
,B005UO70ZO,1,Automotriz y Motocicletas,disponible,no disponible,,,2025-10-29T21:58:43.861Z,2025-10-30T02:20:53.129Z,2025-10-30T14:31:07.357Z,1335.09,,"$1,329.29",Archoil AR9100-16 Oil Additive,https://www.amazon.com.mx/dp/B005UO70ZO,https://www.amazon.com/dp/B005UO70ZO,RVDSHOP,
,B0D7M6NBK5,1,Automotriz y Motocicletas,disponible,no disponible,,,2025-10-29T21:58:43.861Z,2025-10-30T02:21:01.391Z,2025-10-30T14:31:16.262Z,2380.25,,"$2,342.53","Tuyoung - Barras transversales de techo de 260 libras para Toyota RAV4 2019-2025 con rieles laterales empotrados (no para LE 22-25/Adventure/TRD Off-Road/Hybrid Woodland Edition), techo de aluminio",https://www.amazon.com.mx/dp/B0D7M6NBK5,https://www.amazon.com/dp/B0D7M6NBK5,LueKeen,
,B0DZ2CWYTN,1,Automotriz y Motocicletas,disponible,no disponible,,,2025-10-29T21:58:43.861Z,2025-10-30T02:21:08.805Z,2025-10-30T14:31:23.950Z,522.58,,$516.47,"Pintura de retoque de borde negro brillante, kit de reparación de arañazos de rueda de aleación de coche eficiente, eliminación rápida y fácil, erupción universal y precisa de color, larga duración",https://www.amazon.com.mx/dp/B0DZ2CWYTN,https://www.amazon.com/dp/B0DZ2CWYTN,RVDSHOP,
,B0F37PF1YQ,1,Automotriz y Motocicletas,disponible,no disponible,,,2025-10-29T21:58:43.862Z,2025-10-30T02:21:17.093Z,2025-10-30T14:31:32.074Z,668.51,,$655.83,"Pintura de retoque para BMW Brooklyn Gray (C4P) - Coincidencia exacta, chips y Nicks TouchUp - Bolígrafo de pintura para reparación de arañazos, accesorios de coche para borrar arañazos del coche",https://www.amazon.com.mx/dp/B0F37PF1YQ,https://www.amazon.com/dp/B0F37PF1YQ,MARVEL INC.,
,B0DLWBG86B,1,Automotriz y Motocicletas,disponible,disponible,,,2025-10-29T21:58:43.862Z,2025-10-30T02:21:30.901Z,2025-10-30T14:31:45.121Z,619.51,13.99,$603.59,"Pintura de retoque blanca perla (PPSW) para Tesla-Exact Match–Chips and Nicks TouchUp Paint Pen reparación de arañazos, accesorios de coche para borrar arañazos del coche",https://www.amazon.com.mx/dp/B0DLWBG86B,https://www.amazon.com/dp/B0DLWBG86B,RVDSHOP,Artbreath
,B0CVC2RZFY,1,Automotriz y Motocicletas,disponible,no disponible,,,2025-10-29T21:58:43.862Z,2025-10-30T02:21:39.887Z,2025-10-30T14:31:52.802Z,1458.59,,"$1,427.68","GlueTread - Kit de reparación de neumáticos de pared lateral de 4 x 4 pulgadas, tamaño completo, kit de reparación de pinchazos para vehículos todoterreno, fórmula de goma mejorada, sin acelerador, 10",https://www.amazon.com.mx/dp/B0CVC2RZFY,https://www.amazon.com/dp/B0CVC2RZFY,Abundant Peace,
,B0DBLD4QRM,1,Automotriz y Motocicletas,disponible,no disponible,,,2025-10-29T21:58:43.862Z,2025-10-30T02:21:48.620Z,2025-10-30T14:32:01.292Z,2051.01,,"$2,036.58","Funda de carga compatible con Toyota Highlander 2020-2025, cubierta retráctil para maletero sin huecos para privacidad Highlander Accesorios",https://www.amazon.com.mx/dp/B0DBLD4QRM,https://www.amazon.com/dp/B0DBLD4QRM,FuCai Official,
,B0CRLHM34M,1,Automotriz y Motocicletas,disponible,no disponible,,,2025-10-29T21:58:43.862Z,2025-10-30T02:21:56.128Z,2025-10-30T14:32:08.045Z,1385.07,,"$1,340.94","KPY Visera para Ventana Compatible con Mazda CX-50 2023-2024 (CX50), Protector de Lluvia para Ventanas Laterales Estilo de Adhesión, 2023 2024",https://www.amazon.com.mx/dp/B0CRLHM34M,https://www.amazon.com/dp/B0CRLHM34M,GUTTIDIRECT,
,B0BPXCY8Y9,1,Automotriz y Motocicletas,disponible,no disponible,,,2025-10-29T21:58:43.862Z,2025-10-30T02:22:05.077Z,2025-10-30T14:32:16.290Z,1870.61,,"$1,924.79","Liizoo Cubierta de carga retráctil negra para maletero trasero Jeep Patriot Compass 2007-2010 2011-2016, cubierta de seguridad para maletero trasero, accesorio de coche",https://www.amazon.com.mx/dp/B0BPXCY8Y9,https://www.amazon.com/dp/B0BPXCY8Y9,Rendomin,
,B0DJKR5SMP,1,Automotriz y Motocicletas,disponible,no disponible,,,2025-10-29T21:58:43.862Z,2025-10-30T02:22:12.007Z,2025-10-30T14:32:24.459Z,2353.63,,"$2,500.44","Wonderdriver - Barras transversales para techo de 2023 libras, compatibles con Honda CRV CR-V CR-V y CRV Sport Hybrid 2023, 2024, 2025, 2026, barras transversales de aluminio resistente, barras de",https://www.amazon.com.mx/dp/B0DJKR5SMP,https://www.amazon.com/dp/B0DJKR5SMP,Amazon Estados Unidos,
,B0DZH1116Z,1,Automotriz y Motocicletas,disponible,disponible,,,2025-10-29T21:58:43.862Z,2025-10-30T02:22:19.281Z,2025-10-30T14:32:32.469Z,450.32,6.99,$435.81,"FSTURIOS - 2 calcomanías de la bandera de México, emblema de coche 3D de la bandera mexicana, decoración de parachoques, insignia de escudo de la bandera del coche, insignia de metal impermeable para",https://www.amazon.com.mx/dp/B0DZH1116Z,https://www.amazon.com/dp/B0DZH1116Z,Rendosa,FSTURIOS
,B0DFW1FLZ1,1,Automotriz y Motocicletas,disponible,no disponible,,,2025-10-29T21:58:43.863Z,2025-10-30T02:22:27.890Z,2025-10-30T14:32:39.758Z,1191.46,,"$1,140.90","Shonoppy - Aceite de aromaterapia para coche, 20 unidades, aceites esenciales, juego de fragancias mixtas para difusores de coche (no incluye difusor)",https://www.amazon.com.mx/dp/B0DFW1FLZ1,https://www.amazon.com/dp/B0DFW1FLZ1,ArtBlue,
,B0D3WMHHSF,1,Automotriz y Motocicletas,disponible,no disponible,,,2025-10-29T21:58:43.863Z,2025-10-30T02:22:35.600Z,2025-10-30T14:32:47.213Z,1857.27,,"$1,840.85",HOUCLEMIC - Tapete de carga para Volkswagen Atlas 2018-2025 2026 (no para Cross Sport) - Forro de carga TPE para todo tipo de clima con respaldo para accesorios de automóvil VW Atlas SE SEL Peak,https://www.amazon.com.mx/dp/B0D3WMHHSF,https://www.amazon.com/dp/B0D3WMHHSF,SIDE SHOP,
,B0D6NLBFQV,1,Automotriz y Motocicletas,disponible,no disponible,,,2025-10-29T21:58:43.863Z,2025-10-30T02:22:44.171Z,2025-10-30T14:32:55.904Z,692.93,,$680.11,"SHADAIWUYU 240g Reparación Piel,Negro Kit Reparación Cuero para la Reparación de Piel,Reparación de Piel,Reparación de Asientos de Coche,Repara Cuero Sofá,Renueva Cuero Chaqueta,Zapatos,Sillín",https://www.amazon.com.mx/dp/B0D6NLBFQV,https://www.amazon.com/dp/B0D6NLBFQV,MARVEL INC.,
,B0DQP4XVZT,1,Automotriz y Motocicletas,disponible,disponible,,,2025-10-29T21:58:43.863Z,2025-10-30T02:22:51.492Z,2025-10-30T14:33:02.948Z,676.25,15.8,$665.60,Sensor de presión de combustible compatible con Ford Escape 1.5L 2.0L Turbo 2013-2019 Reemplazo# BU5Z-9F972-B BU5A-9F972-CA,https://www.amazon.com.mx/dp/B0DQP4XVZT,https://www.amazon.com/dp/B0DQP4XVZT,Rendosa,ZP AUTOPART
,B0DSZSMX6S,1,Automotriz y Motocicletas,disponible,disponible,,,2025-10-29T21:58:43.863Z,2025-10-30T02:22:58.762Z,2025-10-30T14:33:11.325Z,1527.22,49.99,"$1,484.06","PowGrow - Soporte de ventosa para Starlink Mini, mini soporte Starlink para ventana de coche, techo corredizo y techo, kit de montaje de ventosa de 4.5 pulgadas con fuerte diseño de succión",https://www.amazon.com.mx/dp/B0DSZSMX6S,https://www.amazon.com/dp/B0DSZSMX6S,BROWN LEAVES LLC,seecam
,B0DLWD36GC,1,Automotriz y Motocicletas,disponible,no disponible,,,2025-10-29T21:58:57.302Z,2025-10-30T02:23:07.892Z,2025-10-30T14:33:19.517Z,668.51,,$642.48,"Pintura de retoque para BMW Black Sapphire (475) - Coincidencia exacta: chips y Nicks TouchUp - Bolígrafo de pintura para reparación de arañazos, accesorios de coche para borrar arañazos del coche",https://www.amazon.com.mx/dp/B0DLWD36GC,https://www.amazon.com/dp/B0DLWD36GC,MARVEL INC.,
,B0DJCNQSL4,1,Automotriz y Motocicletas,disponible,disponible,,,2025-10-29T21:58:57.303Z,2025-10-30T02:23:16.392Z,2025-10-30T14:33:27.757Z,1172.85,34.99,"$1,171.74","PangSing & Nan - Luz de 600 lúmenes, luz recargable y ligera, luz natural ilumina la superficie pulverizada, garantiza una cobertura uniforme, pistola de pintura versátil para automóviles con rotación",https://www.amazon.com.mx/dp/B0DJCNQSL4,https://www.amazon.com/dp/B0DJCNQSL4,MS STORE'S,PangSing Store
,B0BY6FGS7D,1,Automotriz y Motocicletas,disponible,no disponible,,,2025-10-29T21:58:57.303Z,2025-10-30T02:23:23.218Z,2025-10-30T14:33:36.562Z,2320.65,,"$2,184.42","Wonderdriver - Barras transversales compatibles con Honda Pilot 2016-2022 con rieles empotrados, barras transversales de aluminio, bolsa de carga para kayak, bicicleta, equipaje, snowboard, kayak,",https://www.amazon.com.mx/dp/B0BY6FGS7D,https://www.amazon.com/dp/B0BY6FGS7D,Sky Ecommerce Store,
,B0BYMQKCCB,1,Automotriz y Motocicletas,disponible,no disponible,,,2025-10-29T21:58:57.303Z,2025-10-30T02:23:30.239Z,2025-10-30T14:33:44.384Z,1293.48,,"$1,333.64","4 protectores de lluvia para Honda Odyssey 2011-2017, deflector de viento duradero para viseras delanteras y traseras, montaje exterior, protector de sombra de ventilación 2011, 2012, 2013, 2014,",https://www.amazon.com.mx/dp/B0BYMQKCCB,https://www.amazon.com/dp/B0BYMQKCCB,MYSILKROAD LLC,
,B0DNZQ2BXG,1,Automotriz y Motocicletas,disponible,no disponible,,,2025-10-29T21:58:57.303Z,2025-10-30T02:23:39.304Z,2025-10-30T14:33:51.135Z,1064.41,,"$1,081.98",Cámara de Asistencia para Ford Explorer 2011 2012 2013 2014 2015 Estacionamiento a Prueba de Agua IP68 de Respaldo con Vista Trasera EB5Z‑19G490‑A,https://www.amazon.com.mx/dp/B0DNZQ2BXG,https://www.amazon.com/dp/B0DNZQ2BXG,Abundant Peace,
,B0DHP6MYCB,1,Automotriz y Motocicletas,disponible,no disponible,,,2025-10-29T21:58:57.303Z,2025-10-30T02:23:46.429Z,2025-10-30T14:33:58.963Z,595.24,,$573.43,"PARTS4EV - Pintura de retoque metálica de vidrio rojo alma, 46 V, compatible con Mazda Exact Match Chips y Nicks Touch Up",https://www.amazon.com.mx/dp/B0DHP6MYCB,https://www.amazon.com/dp/B0DHP6MYCB,MARVEL INC.,
,B0DGCWKKCX,1,Automotriz y Motocicletas,disponible,disponible,,,2025-10-29T21:58:57.303Z,2025-10-30T02:23:55.058Z,2025-10-30T14:34:06.549Z,666.56,16.99,$666.68,PARTS4EV PAU/LAU - Pintura para retocar metálica de granito compatible con Jeep Exact Match Chips y Nicks Touch Up,https://www.amazon.com.mx/dp/B0DGCWKKCX,https://www.amazon.com/dp/B0DGCWKKCX,Rendomin,PARTS4EV
,B0D73NMKGG,1,Automotriz y Motocicletas,disponible,no disponible,,,2025-10-29T21:58:57.303Z,2025-10-30T02:24:02.984Z,2025-10-30T14:34:15.147Z,542.11,,$530.56,"Pegamento de reparación de metal, 2 partes de metal a metal, pegamento de soldadura de 1.7 onzas, relleno de metal líquido, adecuado para metal, plástico, cerámica y acero, pegamento epoxi de alta",https://www.amazon.com.mx/dp/B0D73NMKGG,https://www.amazon.com/dp/B0D73NMKGG,MARVEL INC.,
Bebé,B0DBKTNNFV,1,Automotriz y Motocicletas,disponible,no disponible,,,2025-10-29T21:58:57.303Z,2025-10-30T02:24:16.099Z,2025-10-30T14:34:28.098Z,892.46,,$878.54,"Joyreal - Juguetes sensoriales de alto contraste para recién nacidos, en blanco y negro con juguetes de asiento de coche, juguetes infantiles con libro de tarjetas blancas y negras, juguetes",https://www.amazon.com.mx/dp/B0DBKTNNFV,https://www.amazon.com/dp/B0DBKTNNFV,MARVEL INC.,
,B0D5HN15HW,1,Automotriz y Motocicletas,disponible,disponible,,,2025-10-29T21:58:57.303Z,2025-10-30T02:24:25.146Z,2025-10-30T14:34:35.915Z,606.61,9.94,$552.22,"YICERCARE Tapones Centrales de Rueda para Tesla Cybertruck, 4 Piezas, Negro, ABS",https://www.amazon.com.mx/dp/B0D5HN15HW,https://www.amazon.com/dp/B0D5HN15HW,MARVEL INC.,YICERCARE
,B0D1QBTWCY,1,Automotriz y Motocicletas,disponible,no disponible,,,2025-10-29T21:58:57.304Z,2025-10-30T02:24:32.932Z,2025-10-30T14:34:43.726Z,1248.24,,"$1,176.96","YQAUTEC Protectores de lluvia para Toyota Corolla 2019 2020 2021 2022 2023 2024, deflectores de viento de ventana para sedán Corolla 19-24, Ahumado, YD-293-P",https://www.amazon.com.mx/dp/B0D1QBTWCY,https://www.amazon.com/dp/B0D1QBTWCY,O-Y-A-T-A,
,B0DJT2Y1SQ,1,Automotriz y Motocicletas,disponible,no disponible,,,2025-10-29T21:58:57.304Z,2025-10-30T02:24:41.527Z,2025-10-30T14:34:50.830Z,1139.09,,"$1,134.89","Protectores de lluvia para ventana para Toyota Corola 2014-2019, protector de visera de ventana, deflector de viento, protector de lluvia para Corolla 14-19, 2015, 2016, 2017, 2018, 14, 15, 16, 17, 18",https://www.amazon.com.mx/dp/B0DJT2Y1SQ,https://www.amazon.com/dp/B0DJT2Y1SQ,MYSILKROAD LLC,
,B0DFGSZMNR,1,Automotriz y Motocicletas,disponible,disponible,,,2025-10-29T21:58:57.304Z,2025-10-30T02:24:50.374Z,2025-10-30T14:34:58.921Z,1674.41,53.99,"$1,613.53",DIAMOOKY - Caja de almacenamiento con bolsillo para puerta trasera de metal para Jeep Wrangler JL JLU 4XE 2018-2025 y Gladiator JT 2020-2022 2023 2023 2024 2025 accesorios organizador de,https://www.amazon.com.mx/dp/B0DFGSZMNR,https://www.amazon.com/dp/B0DFGSZMNR,Rendosa,Hengxiangyuan US
,B0DCZ2FWK3,1,Automotriz y Motocicletas,disponible,no disponible,,,2025-10-29T21:58:57.304Z,2025-10-30T02:24:58.970Z,2025-10-30T14:35:05.696Z,593.99,,$552.28,"Soporte magnético universal, soporte magnético para bebidas, soporte magnético para autobús, tractor, furgoneta, RV, montaje vertical u horizontal, se adapta a la mayoría de tazas, botellas, latas,",https://www.amazon.com.mx/dp/B0DCZ2FWK3,https://www.amazon.com/dp/B0DCZ2FWK3,GOLDEN SWORD,
,B099GGRR47,1,Automotriz y Motocicletas,disponible,no disponible,,,2025-10-29T21:58:57.304Z,2025-10-30T02:25:06.125Z,2025-10-30T14:35:13.314Z,1085.04,,"$1,097.33","Liquid Glass Ultimate Auto Pulido/acabado, aprobado y vendido por profesionales del mundo – 16 onzas líquidas",https://www.amazon.com.mx/dp/B099GGRR47,https://www.amazon.com/dp/B099GGRR47,DUKKI LLC,
,B0DPKZQ5M8,1,Automotriz y Motocicletas,disponible,no disponible,,,2025-10-29T21:58:57.304Z,2025-10-30T02:25:15.421Z,2025-10-30T14:35:21.713Z,1097.85,,"$1,090.55","Tarjeta SD de navegación actualizada | Tarjeta de mapa GPS compatible con CX-5 (2024-2025), CX-30/3 (2024), CX-90 (2023-2025) | Mapas USA/CAN/MEX",https://www.amazon.com.mx/dp/B0DPKZQ5M8,https://www.amazon.com/dp/B0DPKZQ5M8,MYSILKROAD LLC,
,B09S5T6QS6,1,Automotriz y Motocicletas,disponible,no disponible,,,2025-10-29T21:59:12.726Z,2025-10-30T02:25:22.654Z,2025-10-30T14:35:29.550Z,2551.9,,"$2,517.47","GYEON MOHS EVO - Revestimiento de cerámica de 50 ml para coches, el mejor revestimiento de cerámica GYEON para bricolaje, revestimiento de cerámica de polisilazano modificado con fluro extremadamente",https://www.amazon.com.mx/dp/B09S5T6QS6,https://www.amazon.com/dp/B09S5T6QS6,SEONGSAN,
Bebé,B0DP6RZ93B,1,Automotriz y Motocicletas,disponible,disponible,,,2025-10-29T21:59:12.726Z,2025-10-30T02:25:31.343Z,2025-10-30T14:35:38.173Z,1315.81,39.99,"$1,330.08","Organizador táctico de respaldo de asiento de coche, organizador táctico de respaldo de asiento Molle con 6 bolsas desmontables, universal para coche, camión, jeep, vehículo, negro",https://www.amazon.com.mx/dp/B0DP6RZ93B,https://www.amazon.com/dp/B0DP6RZ93B,M&H Customer Friendly Store,BackRider Gear USA
,B00PWZ0XNM,1,Automotriz y Motocicletas,disponible,no disponible,,,2025-10-29T21:59:12.727Z,2025-10-30T02:25:38.620Z,2025-10-30T14:35:45.611Z,553.08,,$573.12,"Fluid Film FLUIAS11 Lubricante/inhibidor de corrosión, 11.75 oz, 12 Pulgadas, Original Version, 12"" (30.48cm)",https://www.amazon.com.mx/dp/B00PWZ0XNM,https://www.amazon.com/dp/B00PWZ0XNM,FAHA ST,
,B0CNKTY4YY,1,Automotriz y Motocicletas,disponible,no disponible,,,2025-10-29T21:59:12.727Z,2025-10-30T02:25:47.174Z,2025-10-30T14:35:53.129Z,1031.23,,"$1,013.28","Gyeon Quartz Q²M Silk Dryer EVO – Toalla de microfibra coreana – Bordes con bandas de seda – Altamente absorbente, doble cara, segura para pintura, suministros de limpieza de coche, complemento",https://www.amazon.com.mx/dp/B0CNKTY4YY,https://www.amazon.com/dp/B0CNKTY4YY,Rendosa,
,B0CGR6YV1X,1,Automotriz y Motocicletas,disponible,no disponible,,,2025-10-29T21:59:12.727Z,2025-10-30T02:25:55.941Z,2025-10-30T14:36:01.975Z,2116.41,,"$2,110.30",Torchtree Convertidor catalítico universal de 4 pulgadas de acero inoxidable universal para camiones diesel Cat 81040 convertidores catalíticos de repuesto automotriz,https://www.amazon.com.mx/dp/B0CGR6YV1X,https://www.amazon.com/dp/B0CGR6YV1X,Rendomin,
,B0DXPCFW3J,1,Automotriz y Motocicletas,disponible,no disponible,,,2025-10-29T21:59:12.727Z,2025-10-30T02:26:04.683Z,2025-10-30T14:36:10.070Z,643.03,,$642.48,"EVRBUL - Kit de reparación de clip de panel de repuesto de aluminio para puerta de coche, soporte para reposabrazos de puerta, lado del pasajero, compatible con Chevrolet Silverado Avalanche Tahoe GMC",https://www.amazon.com.mx/dp/B0DXPCFW3J,https://www.amazon.com/dp/B0DXPCFW3J,SRKSB LLC,
,B0DB89PS1S,1,Automotriz y Motocicletas,disponible,disponible,,,2025-10-29T21:59:12.727Z,2025-10-30T02:26:12.551Z,2025-10-30T14:36:16.915Z,2191.94,47.49,"$2,293.13","YaberAuto - Arrancador de batería de coche 6000 A (10.0 L Gas/9.0 L Diesel), paquete de arranque portátil para coche, arranque de batería de 12 V portátil, carga rápida, 160 W DC, luces de 4 modos",https://www.amazon.com.mx/dp/B0DB89PS1S,https://www.amazon.com/dp/B0DB89PS1S,MYSILKROAD LLC,karentop
,B0DP6XYVKL,1,Automotriz y Motocicletas,disponible,disponible,,,2025-10-29T21:59:12.727Z,2025-10-30T02:26:19.437Z,2025-10-30T14:36:24.833Z,448.28,5.99,$411.27,"Tornillos de acero inoxidable Bling para marcos y cubiertas de matrícula, accesorio de diamante de vidrio brillante hecho a mano para protector de placas de tinta, deslumbrante brillante (negro)",https://www.amazon.com.mx/dp/B0DP6XYVKL,https://www.amazon.com/dp/B0DP6XYVKL,Novayu,hqxwl
,B0D12MDLS1,1,Automotriz y Motocicletas,disponible,disponible,,,2025-10-29T21:59:12.727Z,2025-10-30T02:26:27.487Z,2025-10-30T14:36:32.699Z,2445.93,79.99,"$2,437.05","Tuyoung - Barras transversales de Techo con Cerradura de 200 Libras compatibles con Forester 2014-2024 (no para Desierto), Barras transversales de Aluminio de Alta Resistencia, Barras",https://www.amazon.com.mx/dp/B0D12MDLS1,https://www.amazon.com/dp/B0D12MDLS1,High Quailty,Tuyoung
,B0777TWFG5,1,Automotriz y Motocicletas,disponible,no disponible,,,2025-10-29T21:59:12.727Z,2025-10-30T02:26:36.220Z,2025-10-30T14:36:41.164Z,690.01,,$670.55,"BG frigi-fresh 5,5 oz. (156g)",https://www.amazon.com.mx/dp/B0777TWFG5,https://www.amazon.com/dp/B0777TWFG5,SRKSB LLC,
,B0DS8T1V1G,1,Automotriz y Motocicletas,disponible,disponible,,,2025-10-29T21:59:12.727Z,2025-10-30T02:26:43.475Z,2025-10-30T14:36:50.024Z,680.08,17.09,$667.82,"Vicoca - Funda para llavero de 4 botones con llavero de corazón de diamante, accesorios de coche TPU para Rogue SL Ariya FWD Pathfinder X-Trail Sentra SV 2023 2024 2025 285E3-7LA6A, color rosa",https://www.amazon.com.mx/dp/B0DS8T1V1G,https://www.amazon.com/dp/B0DS8T1V1G,Abundant Peace,Vicoca
,B002PMPQ78,1,Automotriz y Motocicletas,disponible,no disponible,,,2025-10-29T21:59:12.728Z,2025-10-30T02:26:50.667Z,2025-10-30T14:36:57.490Z,653.88,,$666.71,Xtra-Seal Buffering Solution (32 oz.),https://www.amazon.com.mx/dp/B002PMPQ78,https://www.amazon.com/dp/B002PMPQ78,GUTTIDIRECT,
Bebé,B0D5TVFPDX,1,Automotriz y Motocicletas,disponible,disponible,,,2025-10-29T21:59:12.728Z,2025-10-30T02:27:04.370Z,2025-10-30T14:37:09.997Z,639.05,14.5,$620.91,"Almohadilla de refrigeración para carriola de algodón, almohadilla de gel para asiento de coche, transpirable y refrigerante, enfriador de asiento de coche de bebé, de doble cara, disponible para",https://www.amazon.com.mx/dp/B0D5TVFPDX,https://www.amazon.com/dp/B0D5TVFPDX,LueKeen,Bnsn
,B0D8PCQZHH,1,Automotriz y Motocicletas,disponible,no disponible,,,2025-10-29T21:59:12.728Z,2025-10-30T02:27:13.529Z,2025-10-30T14:37:17.935Z,1326.78,,"$1,345.20","Gpaentsn 300D - Funda Oxford para coche compatible con Ford Mustang S-197/S550/S650 2005-2023, fundas protectoras para carrocería de coche para resistente al viento, al polvo, a los rayos UV, protege",https://www.amazon.com.mx/dp/B0D8PCQZHH,https://www.amazon.com/dp/B0D8PCQZHH,Rendomin,
,B0DZDBZJVR,1,Automotriz y Motocicletas,disponible,disponible,,,2025-10-29T21:59:12.728Z,2025-10-30T02:27:20.808Z,2025-10-30T14:37:24.977Z,827.89,20.99,$791.48,"Cubierta de gancho de remolque compatible con accesorios Ram 1500 Classic, Warlock, Ram 2500, Ram 3500) de 2019, 2024, 202, Ram 1500 (no apto para Ram 1500 Classic, Warlock, Ram 2500, Ram 3500",https://www.amazon.com.mx/dp/B0DZDBZJVR,https://www.amazon.com/dp/B0DZDBZJVR,GREENJIN,MIDUC123
,B0DPKZYK9T,1,Automotriz y Motocicletas,disponible,no disponible,,,2025-10-29T21:59:12.728Z,2025-10-30T02:27:29.272Z,2025-10-30T14:37:32.311Z,1142.47,,"$1,081.98","Tarjeta SD de navegación más reciente | KR9D66EZ1 GPS Map SD Card | Compatible con 3/CX-30/CX-50/CX-70(2025), MX-5(2024+) | Mapas GPS actualizados de EE. UU",https://www.amazon.com.mx/dp/B0DPKZYK9T,https://www.amazon.com/dp/B0DPKZYK9T,SEONGSAN,
,B0DJSZNHP6,1,Automotriz y Motocicletas,disponible,no disponible,,,2025-10-29T21:59:25.418Z,2025-10-30T02:27:37.111Z,2025-10-30T14:37:40.770Z,1253.16,,"$1,231.37","Protectores de lluvia para ventana para Ford Edge 2007-2014 y Lincoln MKX 2007-2015, protector de visera de ventana, deflector de viento, protector de lluvia 2008, 2009, 2010, 2012, 2013, montaje",https://www.amazon.com.mx/dp/B0DJSZNHP6,https://www.amazon.com/dp/B0DJSZNHP6,MUCH & MORE,
,B0CKJB1QLT,1,Automotriz y Motocicletas,disponible,no disponible,,,2025-10-29T21:59:25.418Z,2025-10-30T02:27:44.187Z,2025-10-30T14:37:49.461Z,1036.71,,"$1,024.15","Gyeon Smoothie EVO - Manopla de microfibra para lavado de coche, sin bordes de microfibra coreana, sin arañazos, herramienta de detalle de coche, grado profesional, mejora el brillo",https://www.amazon.com.mx/dp/B0CKJB1QLT,https://www.amazon.com/dp/B0CKJB1QLT,RVDSHOP,
,B0D7ZRK6KQ,1,Automotriz y Motocicletas,disponible,disponible,,,2025-10-29T21:59:25.418Z,2025-10-30T02:27:51.378Z,2025-10-30T14:37:57.343Z,1261.46,35.99,"$1,266.72",INFIVITA - Almacenamiento para debajo del asiento - Organizador de camión para asiento trasero para Ford F150 F250 F350,https://www.amazon.com.mx/dp/B0D7ZRK6KQ,https://www.amazon.com/dp/B0D7ZRK6KQ,MYSILKROAD LLC,Botino US Store
,B0D1VPRX6G,1,Automotriz y Motocicletas,disponible,disponible,,,2025-10-29T21:59:25.418Z,2025-10-30T02:27:58.527Z,2025-10-30T14:38:04.711Z,649,14.99,$642.89,PARTS4EV - Pintura de retoque para BMW-Exact Match – Chips y Nicks Touch Up – Phytonic Blue Metallic (C1M),https://www.amazon.com.mx/dp/B0D1VPRX6G,https://www.amazon.com/dp/B0D1VPRX6G,RVDSHOP,PARTS4EV
,B09KS9JMDP,1,Automotriz y Motocicletas,disponible,no disponible,,,2025-10-29T21:59:25.418Z,2025-10-30T02:28:06.637Z,2025-10-30T14:38:11.320Z,1445.28,,"$1,361.65",Archoil AR6500 - Tratamiento diesel (40 onzas) - Aditivo para todos los vehículos diésel,https://www.amazon.com.mx/dp/B09KS9JMDP,https://www.amazon.com/dp/B09KS9JMDP,M&H Customer Friendly Store,
Bebé,B07FSXH9RF,1,Automotriz y Motocicletas,disponible,disponible,,,2025-10-29T21:59:25.418Z,2025-10-30T02:28:14.539Z,2025-10-30T14:38:19.709Z,1645.91,54.95,"$1,578.63","Totes Babies – Portaasientos de coche para carrito de compras, permite que los bebés, recién nacidos, bebés y niños pequeños se mantengan cómodos o durmiendo en el asiento del coche mientras los",https://www.amazon.com.mx/dp/B07FSXH9RF,https://www.amazon.com/dp/B07FSXH9RF,M&H Customer Friendly Store,totesbabies
,B0DH4GNHMN,1,Automotriz y Motocicletas,disponible,no disponible,,,2025-10-29T21:59:25.419Z,2025-10-30T02:28:23.923Z,2025-10-30T14:38:27.100Z,504.26,,$493.04,"StandSky Recambio De Ambientador Para Coche, Recambio De Ambientador Inteligente Para Coche, Recambio De Difusor Para Coche, Recambio De Aromatizante Para Coche, 3 Piezas De Recambio De Aroma Duradero",https://www.amazon.com.mx/dp/B0DH4GNHMN,https://www.amazon.com/dp/B0DH4GNHMN,Musmus MX Oficial,
,B0C3CD3VYM,1,Automotriz y Motocicletas,disponible,disponible,,,2025-10-29T21:59:25.419Z,2025-10-30T02:28:32.383Z,2025-10-30T14:38:35.295Z,1526.22,48.99,"$1,525.11","STRASSE SIM Racing Shoes - Special Grip, Thin & Lightweight for Hours of Comfortable Pedal Work in Sim Cockpit, Gran Turismo, PS4, PS5 Prestige Games",https://www.amazon.com.mx/dp/B0C3CD3VYM,https://www.amazon.com/dp/B0C3CD3VYM,STAWAMUS LLC,syumicolle
,B0CL1Y12L8,1,Automotriz y Motocicletas,disponible,no disponible,,,2025-10-29T21:59:25.419Z,2025-10-30T02:28:40.628Z,2025-10-30T14:38:43.269Z,1253.97,,"$1,195.68",Baxzl 21810-F2000 Soporte de motor derecho para Hyundai Elantra 2017-2020 Elantra GT 2018-2020 Kona 2018-2020 Veloster 2019 Veloster N 2019 1.4L 1.6L 2.0L L4 soporte de motor Reemplazar 21810-J9000,https://www.amazon.com.mx/dp/B0CL1Y12L8,https://www.amazon.com/dp/B0CL1Y12L8,MARVEL INC.,
,B0DPQKM7VB,1,Automotriz y Motocicletas,disponible,disponible,,,2025-10-29T21:59:25.419Z,2025-10-30T02:28:48.942Z,2025-10-30T14:38:50.551Z,652.33,15.99,$651.22,"YPHUIKI - Cubiertas de botón de interruptor de ventana mejoradas para Jeep Wrangler JL JLU 2018-2024 2025 y Gladiator JT 2020 2021 2022 2023 2024 2025 para Jeep Wrangler 4xe Accesorios, Star Red, 4",https://www.amazon.com.mx/dp/B0DPQKM7VB,https://www.amazon.com/dp/B0DPQKM7VB,Abundant Peace,YPHUIKI
Bebé,B0CHP3C1CP,1,Automotriz y Motocicletas,disponible,no disponible,,,2025-10-29T21:59:25.419Z,2025-10-30T02:28:56.858Z,2025-10-30T14:38:58.973Z,719.43,,$678.27,"Espejo para bebés de 0 a 6 meses para bebés recién nacidos, juguetes sensoriales, desarrollo del cerebro con libro de tela arrugada y juguete de dentición para niños de 3, 4, 5, 6, 9, 12 meses, artículos esenciales para bebés recién nacidos",https://www.amazon.com.mx/dp/B0CHP3C1CP,https://www.amazon.com/dp/B0CHP3C1CP,MARVEL INC.,
,B0C7GNWKV2,1,Automotriz y Motocicletas,disponible,no disponible,,,2025-10-29T21:59:25.419Z,2025-10-30T02:29:06.141Z,2025-10-30T14:39:06.201Z,680.94,,$658.35,"YzusGomumu - 2 piezas de cubierta central superior para salpicadero de coche compatible con Toyota Corolla 2009, 2010, 2011, 2012, 2013, reemplaza # 55436-12040 55436-02330 55435-02370 tablero de tablero de tablero de tablero de tablero de tablero de tablero lateral izquierdo y derecho tiras tiras",https://www.amazon.com.mx/dp/B0C7GNWKV2,https://www.amazon.com/dp/B0C7GNWKV2,MS STORE'S,
,B0F4R85CNZ,1,Automotriz y Motocicletas,disponible,no disponible,,,2025-10-29T21:59:25.419Z,2025-10-30T02:29:14.646Z,2025-10-30T14:39:13.637Z,2139.12,,"$2,129.04","Volcaner Cargo Cover para Honda CRV 2023-2025 2026 Accesorios, 【Cubierta extra, piel】 para Honda CR-V 2023-2026 (incluye híbrido) Cubierta retráctil para maletero con cubierta extra",https://www.amazon.com.mx/dp/B0F4R85CNZ,https://www.amazon.com/dp/B0F4R85CNZ,Rendomin,
,B0BWJV944H,1,Automotriz y Motocicletas,disponible,disponible,,,2025-10-29T21:59:25.419Z,2025-10-30T02:29:21.756Z,2025-10-30T14:39:21.611Z,744.09,18.99,$724.73,"Espejo retrovisor eléctrico del lado izquierdo del conductor para Ford F-150 2011-2014 con soporte trasero, espejo retrovisor convexo de punto ciego, repuesto para BL3Z-17K707-E",https://www.amazon.com.mx/dp/B0BWJV944H,https://www.amazon.com/dp/B0BWJV944H,RVDSHOP,Tejulflow direct
Bebé,B0BYD4QNMK,1,Automotriz y Motocicletas,disponible,disponible,,,2025-10-29T21:59:25.420Z,2025-10-30T02:29:28.784Z,2025-10-30T14:39:30.494Z,935.93,23.99,$934.82,"Pariiaotin - Juego de fundas de asiento de coche 3D de malla de aire frontal, lavables y transpirables, fundas de asiento de vehículo de alta calidad para el interior de coches, ajuste universal para",https://www.amazon.com.mx/dp/B0BYD4QNMK,https://www.amazon.com/dp/B0BYD4QNMK,RVDSHOP,Pariiaotin Store
,B0F1Z3NSJJ,1,Bebé,disponible,no disponible,,,2025-10-29T21:59:33.203Z,2025-10-30T02:29:37.485Z,2025-10-30T14:39:39.490Z,1064.44,,$994.84,"Tapo - Cámara de Seguridad Interior 3K 5MP para Monitor de bebé, cámara de Mascotas con Seguimiento de Movimiento Inteligente, panorámica/inclinación de 360°, visión Nocturna IR para Seguridad del",https://www.amazon.com.mx/dp/B0F1Z3NSJJ,https://www.amazon.com/dp/B0F1Z3NSJJ,SIRPC MX (ENVÍO EXPRESS EL MISMO DÍA),
,B0DDC99L6T,1,Bebé,disponible,disponible,,,2025-10-29T21:59:33.203Z,2025-10-30T02:29:50.599Z,2025-10-30T14:39:52.491Z,505.57,9.99,$518.33,"HBselect - Ropa interior de maternidad de algodón, paquete de 6 unidades de ropa interior para embarazo, posparto, ropa interior de maternidad bajo los golpes",https://www.amazon.com.mx/dp/B0DDC99L6T,https://www.amazon.com/dp/B0DDC99L6T,SRKSB LLC,HUAICE
,B0FCBQGZTF,1,Bebé,disponible,no disponible,,,2025-10-29T21:59:33.203Z,2025-10-30T02:29:59.941Z,2025-10-30T14:39:59.981Z,1801.95,,"$1,839.81","TinyShield - Cámara inalámbrica de coche para bebé, espejo de asiento trasero giratorio de 360 grados, alimentado por USB con cargador, fácil instalación, cámara de asiento trasero para bebé, visión",https://www.amazon.com.mx/dp/B0FCBQGZTF,https://www.amazon.com/dp/B0FCBQGZTF,Rendomin,
,B0CGWDRZ2W,1,Bebé,disponible,disponible,,,2025-10-29T21:59:33.203Z,2025-10-30T02:30:08.042Z,2025-10-30T14:40:06.950Z,618.21,12.99,$586.01,"ProCase Orejera Anti Ruido para Niño, Protector Auditivo NRR 24dB Earmuff Profesional de Cancelación de Ruido para Niños en Partido Juego Caza Espectáculo Autismo -Rojo",https://www.amazon.com.mx/dp/B0CGWDRZ2W,https://www.amazon.com/dp/B0CGWDRZ2W,MARVEL INC.,ChangBo Store
,B0DT4K1ZPP,1,Bebé,disponible,disponible,,,2025-10-29T21:59:33.203Z,2025-10-30T02:30:15.402Z,2025-10-30T14:40:15.492Z,712.53,18.99,$714.16,Brynmama Camisetas de Maternidad Lindas de Verano de Manga Corta Tops de Embarazo Casual Blusa Cómoda con Volante Peplum para Mujer,https://www.amazon.com.mx/dp/B0DT4K1ZPP,https://www.amazon.com/dp/B0DT4K1ZPP,Rendomin,Brynmama
,B0CZ6P7N1T,1,Bebé,disponible,no disponible,,,2025-10-29T21:59:33.203Z,2025-10-30T02:30:22.527Z,2025-10-30T14:40:23.766Z,4439.26,,"$4,448.42",FasonBaby - Columpios para bebés,https://www.amazon.com.mx/dp/B0CZ6P7N1T,https://www.amazon.com/dp/B0CZ6P7N1T,SRKSB LLC,
,B0D922NPB9,1,Bebé,disponible,disponible,,,2025-10-29T21:59:33.203Z,2025-10-30T02:30:30.316Z,2025-10-30T14:40:31.378Z,804.68,19.99,$747.85,"Pijama de Viscosa de bambú para niños y niñas, Conjuntos de Pijamas de 2 a 8 años, suavidad para niños, Ropa de Dormir de Dos Piezas, Ajuste cómodo…",https://www.amazon.com.mx/dp/B0D922NPB9,https://www.amazon.com/dp/B0D922NPB9,Ovolos,babee Reshinee Direct
,B01A67BN70,1,Bebé,disponible,no disponible,,,2025-10-29T21:59:33.203Z,2025-10-30T02:30:38.457Z,2025-10-30T14:40:38.906Z,945.07,,$919.92,Segunda generación de ajuste (prueba inmunoquímica fecal) para cáncer colorrectal (2),https://www.amazon.com.mx/dp/B01A67BN70,https://www.amazon.com/dp/B01A67BN70,Abundant Peace,
,B0DM8YW2D1,1,Bebé,disponible,disponible,,,2025-10-29T21:59:33.204Z,2025-10-30T02:30:47.613Z,2025-10-30T14:40:46.262Z,1328.24,38.99,"$1,290.10","Omzer - Cama inflable de avión para niños pequeños: extensor de asiento de avión para niños con portavasos y cinturón de seguridad, cama portátil de viaje para bebé con bolsa de viaje y bomba de mano",https://www.amazon.com.mx/dp/B0DM8YW2D1,https://www.amazon.com/dp/B0DM8YW2D1,MYSILKROAD LLC,cooserry
,B0CR32XGS8,1,Bebé,disponible,disponible,,,2025-10-29T21:59:33.204Z,2025-10-30T02:30:55.876Z,2025-10-30T14:40:54.078Z,1202.41,36.99,"$1,160.45","Twistover - Conjunto de botas de lluvia e impermeable para niños y niñas, chamarra corta con cierre, diseño de pato",https://www.amazon.com.mx/dp/B0CR32XGS8,https://www.amazon.com/dp/B0CR32XGS8,Rendosa,Ylaneyfna
,B0CT57ZRJ4,1,Bebé,disponible,no disponible,,,2025-10-29T21:59:33.204Z,2025-10-30T02:31:03.481Z,2025-10-30T14:41:01.652Z,1683.25,,"$1,657.55","Baby Outlaw- ""Kit de Ruedas y neumáticos Delanteros compatibles con Uppababy Vista 2015-2019 y Vista V2 (no Cruz), Juego de",https://www.amazon.com.mx/dp/B0CT57ZRJ4,https://www.amazon.com/dp/B0CT57ZRJ4,SEONGSAN,
,B0DLNGPB9R,1,Bebé,disponible,no disponible,,,2025-10-29T21:59:33.204Z,2025-10-30T02:31:11.789Z,2025-10-30T14:41:08.176Z,1103.39,,"$1,120.00","Babyvue - Monitor USB de coche para bebé, cámara trasera de visión nocturna de color de 4.2 pulgadas, 1080P, con ángulo ancho de 170°, espejo de asiento de coche de rotación de 360, artículo",https://www.amazon.com.mx/dp/B0DLNGPB9R,https://www.amazon.com/dp/B0DLNGPB9R,GUTTIDIRECT,
,B0DPPBX4DB,1,Bebé,disponible,disponible,,,2025-10-29T21:59:33.204Z,2025-10-30T02:31:19.901Z,2025-10-30T14:41:14.864Z,1296.72,39.99,"$1,226.04","Huukeay - Paquete de 4 camisas de maternidad para mujer, cuello redondo, playera de maternidad de manga corta, casual, playera de algodón fruncida, ropa de embarazo",https://www.amazon.com.mx/dp/B0DPPBX4DB,https://www.amazon.com/dp/B0DPPBX4DB,LueKeen,Aoemiying
,B0FDWJNT83,1,Bebé,disponible,no disponible,,,2025-10-29T21:59:33.204Z,2025-10-30T02:31:27.675Z,2025-10-30T14:41:23.191Z,542.35,,$505.40,"Shinyclean - Tabletas detergentes para lavado de botellas con enzima natural, sin cloro y fragancia, seguro para bebés | Compatible con Momcozy Baby Brezza y todas las marcas | Potencia de oxígeno",https://www.amazon.com.mx/dp/B0FDWJNT83,https://www.amazon.com/dp/B0FDWJNT83,MARVEL INC.,
,B00KHZPH74,1,Bebé,disponible,no disponible,,,2025-10-29T21:59:33.204Z,2025-10-30T02:31:36.069Z,2025-10-30T14:41:29.868Z,1550.02,,"$1,520.43",Baby Merlin's Magic Sleepsuit Cotton - Cream - 3-6 months,https://www.amazon.com.mx/dp/B00KHZPH74,https://www.amazon.com/dp/B00KHZPH74,BROWN LEAVES LLC,
,B0FB8V8VCJ,1,Bebé,disponible,no disponible,,,2025-10-29T21:59:33.204Z,2025-10-30T02:31:44.652Z,2025-10-30T14:41:37.476Z,645.75,,$619.36,"Liebnest - 150 tabletas detergentes para lavador de biberones de bebé, tabletas de lavado de biberones compatibles con Momcozy Baby Brezza, lavadoras de biberones adultos, seguras y sin leche",https://www.amazon.com.mx/dp/B0FB8V8VCJ,https://www.amazon.com/dp/B0FB8V8VCJ,Rendosa,
,B0CTDYBM28,1,Bebé,disponible,no disponible,,,2025-10-29T21:59:46.624Z,2025-10-30T02:31:53.234Z,2025-10-30T14:41:44.477Z,511.55,,$504.41,"BOUBONI - Juego de 55 baberos de bebé para decoración de bricolaje, incluye 10 baberos blancos, 12 marcadores de tela, 12 plantillas, 20 pinzas para ropa, 1 cuerda de cáñamo para juegos de baby shower",https://www.amazon.com.mx/dp/B0CTDYBM28,https://www.amazon.com/dp/B0CTDYBM28,SRKSB LLC,
,B0BWGCNKHS,1,Bebé,disponible,disponible,,,2025-10-29T21:59:46.624Z,2025-10-30T02:32:01.781Z,2025-10-30T14:41:51.892Z,1748.05,59.95,"$1,741.94","Nyte Nyte Baby - Saco de dormir sin mangas 1.-TOG, saco de dormir suave para bebé y niño pequeño",https://www.amazon.com.mx/dp/B0BWGCNKHS,https://www.amazon.com/dp/B0BWGCNKHS,JERNHOVED,Nyte Nyte Baby Boutique
,B0DR47V5QZ,1,Bebé,disponible,disponible,,,2025-10-29T21:59:46.624Z,2025-10-30T02:32:10.799Z,2025-10-30T14:41:59.505Z,2174.18,69.99,"$2,144.92","TODIBY Tapete de espuma para bebés: piel sintética impermeable para niños, tapete de juego triplegable, tapete de juego grande para parque infantil, almohadilla gruesa, colchón forrable, colchón suave",https://www.amazon.com.mx/dp/B0DR47V5QZ,https://www.amazon.com/dp/B0DR47V5QZ,M&H Customer Friendly Store,Roader
,B0DJ2T1FSK,1,Bebé,disponible,no disponible,,,2025-10-29T21:59:46.624Z,2025-10-30T02:32:18.433Z,2025-10-30T14:42:06.560Z,1438.93,,"$1,495.45","Modanais - Carrito organizador de pañales para bebé, carrito de almacenamiento con ruedas de 3 niveles, esencial para el almacenamiento de la guardería, divisores desmontables, para cuna, recámara",https://www.amazon.com.mx/dp/B0DJ2T1FSK,https://www.amazon.com/dp/B0DJ2T1FSK,Lumexa Online MX,
,B0D6W6N5Z1,1,Bebé,disponible,disponible,,,2025-10-29T21:59:46.624Z,2025-10-30T02:32:27.525Z,2025-10-30T14:42:14.837Z,1037.04,28.99,$980.94,"Evervibe - 3 pares de botines de punto para bebé recién nacido de 0 a 6 meses, zapatos acogedores para bebés y niñas",https://www.amazon.com.mx/dp/B0D6W6N5Z1,https://www.amazon.com/dp/B0D6W6N5Z1,Novayu,Huasumon
,B0CGBHJSMC,1,Bebé,disponible,no disponible,,,2025-10-29T21:59:46.624Z,2025-10-30T02:32:40.256Z,2025-10-30T14:42:27.330Z,1915.63,,"$1,837.50","Toallitas secas 100% algodón puro, 1200 unidades, uso húmedo o seco, suave y sensible, hipoalergénico, extra fuerte y absorbente, perfecto para cambios de pañales, secreción nasal, baba, hora de",https://www.amazon.com.mx/dp/B0CGBHJSMC,https://www.amazon.com/dp/B0CGBHJSMC,Lumexa Online MX,
,B0BNVRR42V,1,Bebé,disponible,disponible,,,2025-10-29T21:59:46.624Z,2025-10-30T02:32:49.268Z,2025-10-30T14:42:35.051Z,670.36,9.99,$632.25,SODLON Baby Girl Clothes Outfit Toddler Infant Clothing Ruffle Top Pants Sets Gifts Outfits for Little Girls,https://www.amazon.com.mx/dp/B0BNVRR42V,https://www.amazon.com/dp/B0BNVRR42V,MSTZKN SHİPMENT,SODLON
,B0BJDCDG1N,1,Bebé,disponible,no disponible,,,2025-10-29T21:59:46.625Z,2025-10-30T02:32:57.211Z,2025-10-30T14:42:43.242Z,789.4,,$763.86,"MINIMEIS - Parasol para niños, compatible con miniMeis G4, Negro, Poliéster Nailon, SPF 50+",https://www.amazon.com.mx/dp/B0BJDCDG1N,https://www.amazon.com/dp/B0BJDCDG1N,RVDSHOP,
Belleza,B01M5JP7TK,1,Bebé,disponible,no disponible,,,2025-10-29T21:59:46.625Z,2025-10-30T02:33:04.817Z,2025-10-30T14:42:51.544Z,719.53,,$712.22,"BONUS SIZE Vitamin E Cream 42,000 I.U. - 50% MORE FREE 6 oz. by Colonial Dames",https://www.amazon.com.mx/dp/B01M5JP7TK,https://www.amazon.com/dp/B01M5JP7TK,SRKSB LLC,
,B0C28DKMH8,1,Bebé,disponible,disponible,,,2025-10-29T21:59:46.625Z,2025-10-30T02:33:12.274Z,2025-10-30T14:42:58.219Z,627.7,12.99,$593.15,"Saloogoe - playera sin mangas de verano para mujer, ajuste holgado, cuello cuadrado plisado, sin mangas, dobladillo curvado",https://www.amazon.com.mx/dp/B0C28DKMH8,https://www.amazon.com/dp/B0C28DKMH8,MSTZKN SHİPMENT,Saloogoe
,B0DGL3BG2L,1,Bebé,disponible,no disponible,,,2025-10-29T21:59:46.625Z,2025-10-30T02:33:20.094Z,2025-10-30T14:43:06.728Z,1119.25,,"$1,051.54","QDYMXUN Protectores de Esquina de Pared autoadhesivos de Aluminio, Tiras Protectoras de Metal en Forma de L para Marco de Puerta,Borde de Muebles y protección hogar (Negro Mate, 4pcs x 1.3m x 2cm)",https://www.amazon.com.mx/dp/B0DGL3BG2L,https://www.amazon.com/dp/B0DGL3BG2L,MARVEL INC.,
,B0CGV7TNDZ,1,Bebé,disponible,disponible,,,2025-10-29T21:59:46.625Z,2025-10-30T02:33:28.235Z,2025-10-30T14:43:13.754Z,595.77,11.99,$586.14,JORMATT 6 pares de calcetines térmicos gruesos para niños y niñas con calcetines antideslizantes,https://www.amazon.com.mx/dp/B0CGV7TNDZ,https://www.amazon.com/dp/B0CGV7TNDZ,Ovolos,Jormatt
,B0DTPNHYM9,1,Bebé,disponible,disponible,,,2025-10-29T21:59:46.625Z,2025-10-30T02:33:36.069Z,2025-10-30T14:43:20.659Z,622.17,14.99,$619.36,"Burbell - Carteles mensuales de tarjetas de hito para bebé en 3D, paquete de 7 letreros de doble cara Hello World para recién nacidos, círculos de madera, para bienvenida, recién nacido, bienvenida",https://www.amazon.com.mx/dp/B0DTPNHYM9,https://www.amazon.com/dp/B0DTPNHYM9,Rendomin,Duucoepl
,B09711YRJ8,1,Bebé,disponible,disponible,,,2025-10-29T21:59:46.625Z,2025-10-30T02:33:43.563Z,2025-10-30T14:43:27.534Z,824.28,20.99,$812.11,HowJoJo - Conjunto de traje de baño de manga larga para niños y trajes de baño de dos piezas,https://www.amazon.com.mx/dp/B09711YRJ8,https://www.amazon.com/dp/B09711YRJ8,MS STORE'S,Pingee
,B0DHGY2GRH,1,Bebé,disponible,no disponible,,,2025-10-29T21:59:46.625Z,2025-10-30T02:33:50.928Z,2025-10-30T14:43:35.783Z,414.2,,$411.27,Cinta adhesiva para Sonny Baby – 108 almohadillas para orejas adhesivas de doble cara con pegamento transparente para masilla de repuesto de Sonny,https://www.amazon.com.mx/dp/B0DHGY2GRH,https://www.amazon.com/dp/B0DHGY2GRH,M&H Customer Friendly Store,
,B0D8WGR6PD,1,Bebé,disponible,disponible,,,2025-10-29T21:59:46.625Z,2025-10-30T02:33:58.266Z,2025-10-30T14:43:42.632Z,519.48,7.99,$482.64,"Calcetines de corte bajo para niños: paquetes de 15 pares – calcetines de tobillo, casuales, cómodos no se muestran para niños y niñas de 1 a 13 años",https://www.amazon.com.mx/dp/B0D8WGR6PD,https://www.amazon.com/dp/B0D8WGR6PD,M&H Customer Friendly Store,GENTABY
,B0CZ77B18D,1,Bebé,disponible,disponible,,,2025-10-29T22:00:00.902Z,2025-10-30T02:34:05.840Z,2025-10-30T14:43:50.759Z,1047.71,31.99,"$1,025.30","CPOTAM - Balancín portátil para bebé, mecedora para cualquier carriola de bebé, chupete vibratorio, velocidad ajustable, recargable, ayuda para dormir para recién nacidos, artículos esenciales para",https://www.amazon.com.mx/dp/B0CZ77B18D,https://www.amazon.com/dp/B0CZ77B18D,LueKeen,Hongyada
,B0CTCPQ6N9,1,Bebé,disponible,no disponible,,,2025-10-29T22:00:00.902Z,2025-10-30T02:34:13.125Z,2025-10-30T14:43:58.347Z,509.68,,$504.03,"ANMEATE-Termómetro de Frente sin Contacto para Adultos, termómetro Digital infrarrojo para niños, termómetro para bebés sin Contacto, Lectura precisa con Pantalla Grande, silencioso",https://www.amazon.com.mx/dp/B0CTCPQ6N9,https://www.amazon.com/dp/B0CTCPQ6N9,DUKKI LLC,
,B0DPKFY53B,1,Bebé,disponible,disponible,,,2025-10-29T22:00:00.902Z,2025-10-30T02:34:21.782Z,2025-10-30T14:44:06.737Z,1378.23,38.99,"$1,334.13","NacoMoco - Juego de ropa de cama de 3 piezas con volantes y copetudo para niñas, juego de ropa de cama de bebé ultra suave incluye edredón de cuna, sábana y falda bohemio (beige)",https://www.amazon.com.mx/dp/B0DPKFY53B,https://www.amazon.com/dp/B0DPKFY53B,MARVEL INC.,NacoMoco
,B0CJ8C2KWF,1,Bebé,disponible,no disponible,,,2025-10-29T22:00:00.902Z,2025-10-30T02:34:30.218Z,2025-10-30T14:44:15.005Z,1262.93,,"$1,196.47","EXTREME NUTRITION LABS- ""Hard Fox #1 Ultimate Performance 3"" Píldoras de agrandamiento para hombres de tamaño adicional en 60 días",https://www.amazon.com.mx/dp/B0CJ8C2KWF,https://www.amazon.com/dp/B0CJ8C2KWF,Rendomin,
,B0CWY46PNC,1,Bebé,disponible,no disponible,,,2025-10-29T22:00:00.902Z,2025-10-30T02:34:38.234Z,2025-10-30T14:44:23.541Z,561.92,,$518.33,"Cute Castle - Paquete de 12 paños de muselina para bebé, grandes, 12 x 12 pulgadas, ultra suaves, 100% algodón, súper absorbentes para eructos unisex, niño, niña, rayas",https://www.amazon.com.mx/dp/B0CWY46PNC,https://www.amazon.com/dp/B0CWY46PNC,MARVEL INC.,
,B0CJ6ST5Q3,1,Bebé,disponible,no disponible,,,2025-10-29T22:00:00.903Z,2025-10-30T02:34:47.354Z,2025-10-30T14:44:30.675Z,1132.23,,"$1,106.08","HONCESTA Cesta tejida extragrande con tapa, cesta de almacenamiento de manta de mimbre de 18 x 14 pulgadas, para sala de estar, cestas de almacenamiento de cuerda alta para juguetes, caja decorativa",https://www.amazon.com.mx/dp/B0CJ6ST5Q3,https://www.amazon.com/dp/B0CJ6ST5Q3,SRKSB LLC,
Belleza,B004L5NEWQ,1,Bebé,disponible,no disponible,,,2025-10-29T22:00:00.903Z,2025-10-30T02:34:55.976Z,2025-10-30T14:44:39.043Z,1068.58,,"$1,048.42","California Baby Super Sensitive Shampoo and Body Wash, Fragrance Free, 19 Ounce",https://www.amazon.com.mx/dp/B004L5NEWQ,https://www.amazon.com/dp/B004L5NEWQ,LA2MTY Facturamos todas tus compras,
,B0DPMT4ZN6,1,Bebé,disponible,no disponible,,,2025-10-29T22:00:00.903Z,2025-10-30T02:35:05.035Z,2025-10-30T14:44:45.935Z,685.83,,$679.72,"USBOO Bolsas de pañales desechables para bebé, 20 rollos de repuesto (paquete de 300) bolsas de basura para pañales con dispensador, accesorio para bolsa de pañales, aroma fresco en polvo",https://www.amazon.com.mx/dp/B0DPMT4ZN6,https://www.amazon.com/dp/B0DPMT4ZN6,M&H Customer Friendly Store,
,B0BPWPNZJW,1,Bebé,disponible,disponible,,,2025-10-29T22:00:00.903Z,2025-10-30T02:35:13.701Z,2025-10-30T14:44:52.345Z,586.42,15.99,$575.54,"ProCase Orejera Anti Ruido para Niño, Protector Auditivo NRR 21dB Profesional Earmuff de Cancelación de Ruido para Niños en Partido Juego Caza Espectáculo Autismo -Unicornio",https://www.amazon.com.mx/dp/B0BPWPNZJW,https://www.amazon.com/dp/B0BPWPNZJW,GUTTIDIRECT,Tech Vendor
,B0DJGW69LH,1,Bebé,disponible,no disponible,,,2025-10-29T22:00:00.903Z,2025-10-30T02:35:26.215Z,2025-10-30T14:45:04.911Z,1017.55,,$956.24,"Jiekayi - 4 protectores de esquina de metal de aluminio de 45 pulgadas, protectores de esquina autoadhesivos, tira protectora de borde de pared de metal, protectores de esquina de muebles, decoración",https://www.amazon.com.mx/dp/B0DJGW69LH,https://www.amazon.com/dp/B0DJGW69LH,MARVEL INC.,
,B0D9NR7YJ7,1,Bebé,disponible,no disponible,,,2025-10-29T22:00:00.903Z,2025-10-30T02:35:36.137Z,2025-10-30T14:45:12.488Z,612.2,,$598.18,"Winnie - Decoración de habitación para guardería, decoración clásico de cuarto de bebé, afirmaciones bíblicas para niños, arte de pared, regalos cristianos para mujeres, regalos de Navidad, regalos de",https://www.amazon.com.mx/dp/B0D9NR7YJ7,https://www.amazon.com/dp/B0D9NR7YJ7,SRKSB LLC,
,B0BWT14WQH,1,Bebé,disponible,no disponible,,,2025-10-29T22:00:00.904Z,2025-10-30T02:35:43.755Z,2025-10-30T14:45:20.612Z,519,,$479.97,WXA Kit de Cuidado Y Cuidado de La Salud Del Bebé con Cortaúñas Tijeras Aspirador Nasal Portátil Baby Basicshealth And Essentials Kit de Cuidado Infantil para Recién Nacidos Kit Verde de 18 Piezas,https://www.amazon.com.mx/dp/B0BWT14WQH,https://www.amazon.com/dp/B0BWT14WQH,Natural  Mx ⭐ (Facturamos),
,B0BLMT8DLZ,1,Bebé,disponible,disponible,,,2025-10-29T22:00:00.904Z,2025-10-30T02:35:52.158Z,2025-10-30T14:45:29.360Z,513.3,9.99,$503.76,LUCKVIEW Soporte para monitor de coche para bebé,https://www.amazon.com.mx/dp/B0BLMT8DLZ,https://www.amazon.com/dp/B0BLMT8DLZ,M&H Customer Friendly Store,Luckview US
,B0CWR6M41D,1,Bebé,disponible,disponible,,,2025-10-29T22:00:14.945Z,2025-10-30T02:36:00.422Z,2025-10-30T14:45:37.099Z,668.94,14.99,$644.63,"2 bridas de 18 mm compatibles con Spectra S1 S2 9 Plus Synergy Gold Ameda MYA Motif Luna - Extractor de leche de repuesto para piezas de bomba Spectra, protectores de extractor de leche de 18 mm",https://www.amazon.com.mx/dp/B0CWR6M41D,https://www.amazon.com/dp/B0CWR6M41D,MARVEL INC.,BSETL
,B0BW8ZCWJK,1,Bebé,disponible,no disponible,,,2025-10-29T22:00:14.946Z,2025-10-30T02:36:07.894Z,2025-10-30T14:45:44.710Z,694.31,,$645.09,"Decoración de sirena, decoración de habitación de sirena para recámara de niñas, decoración de pared de sirena, arte inspirador de sirena, regalos de sirena para niñas, mujeres, decoración de sirena",https://www.amazon.com.mx/dp/B0BW8ZCWJK,https://www.amazon.com/dp/B0BW8ZCWJK,MARVEL INC.,
,B07YFQSHZJ,1,Bebé,disponible,no disponible,,,2025-10-29T22:00:14.946Z,2025-10-30T02:36:16.096Z,2025-10-30T14:45:52.223Z,540.75,,$507.66,"Blanqueamiento dental vitamina E aceite Q-tip aplicadores para hidratar y curar labios y encías durante la piel, suavizar la piel y mejorar la resistencia de la piel, paquete de 100",https://www.amazon.com.mx/dp/B07YFQSHZJ,https://www.amazon.com/dp/B07YFQSHZJ,MSTZKN SHİPMENT,
,B0CBQM7WVZ,1,Bebé,disponible,no disponible,,,2025-10-29T22:00:14.946Z,2025-10-30T02:36:24.576Z,2025-10-30T14:45:59.733Z,529.79,,$518.01,"YOcity - Organizador de lazo para niñas y niñas, diadema de bebé, organizador para diadema de cabello para niñas, moños para el pelo, para colgar en el cuarto de guardería (blanco)",https://www.amazon.com.mx/dp/B0CBQM7WVZ,https://www.amazon.com/dp/B0CBQM7WVZ,MARVEL INC.,
,B0C6MHRF9L,1,Bebé,disponible,no disponible,,,2025-10-29T22:00:14.946Z,2025-10-30T02:36:33.175Z,2025-10-30T14:46:07.237Z,1744.85,,"$1,776.56","Taburete de cocina para niños con riel de seguridad, construcción de madera maciza, taburete de aprendizaje Montessori para niños pequeños (natural)",https://www.amazon.com.mx/dp/B0C6MHRF9L,https://www.amazon.com/dp/B0C6MHRF9L,Good2Go Store,
,B0CYH5HRRX,1,Bebé,disponible,disponible,,,2025-10-29T22:00:14.946Z,2025-10-30T02:36:41.154Z,2025-10-30T14:46:15.124Z,867.37,21.99,$861.26,"Unnivoll - Paños de muselina para eructos para bebé, 100% algodón, grandes, 20 x 10 pulgadas, extra suaves y absorbentes, paquete de 12 unidades, color blanco y verde",https://www.amazon.com.mx/dp/B0CYH5HRRX,https://www.amazon.com/dp/B0CYH5HRRX,M&H Customer Friendly Store,Unnivoll US
,B0CMQMVPYS,1,Bebé,disponible,no disponible,,,2025-10-29T22:00:14.946Z,2025-10-30T02:36:49.772Z,2025-10-30T14:46:22.466Z,559.21,,$553.10,"Nabance Kit de mano y huella para bebé, kit de impresión de huellas para perros y gatos, 6 almohadillas para orejas de impresión sin tinta, 12 tarjetas de impresión, almohadilla de sello de nariz para",https://www.amazon.com.mx/dp/B0CMQMVPYS,https://www.amazon.com/dp/B0CMQMVPYS,Abundant Peace,
,B07W8HML6W,1,Belleza,disponible,no disponible,,,2025-10-29T22:00:23.266Z,2025-10-30T02:36:58.527Z,2025-10-30T14:46:30.741Z,484.37,,$476.40,"Bek Brands- Bolas de naftalina para Matar polillas de la Ropa y escarabajos de alfombras, Bolsa de 4 oz (Paquete de 2)",https://www.amazon.com.mx/dp/B07W8HML6W,https://www.amazon.com/dp/B07W8HML6W,CyK Deals,
Deportes y Aire libre,B08VD3GCW3,1,Belleza,disponible,no disponible,,,2025-10-29T22:00:23.266Z,2025-10-30T02:37:07.566Z,2025-10-30T14:46:37.767Z,594.53,,$584.01,AODULO Youth Long Sleeve T Shirts Kids Sun Shirts Hoodies Rash Guard UPF50+ Quick Dry Fit for Running Workout Playing,https://www.amazon.com.mx/dp/B08VD3GCW3,https://www.amazon.com/dp/B08VD3GCW3,Rendomin,
,B0C2H4ZN3R,1,Belleza,disponible,disponible,,,2025-10-29T22:00:23.266Z,2025-10-30T02:37:15.585Z,2025-10-30T14:46:44.492Z,1221.73,36.99,"$1,144.61","COOTRY - Traje de baño de manga corta para mujer, 2 piezas, talla grande, protección contra erupciones, traje de baño y pantalones cortos, UPF 50+",https://www.amazon.com.mx/dp/B0C2H4ZN3R,https://www.amazon.com/dp/B0C2H4ZN3R,PEACEE STOREE,Lady Outlet Store
,B0F21N3KXV,1,Belleza,disponible,no disponible,,,2025-10-29T22:00:23.266Z,2025-10-30T02:37:23.363Z,2025-10-30T14:46:53.181Z,2430.63,,"$2,388.72","INIA - Masajeador de ojos con terapia de luz roja, calor, microcorriente y vibración, dispositivo de cuidado de la piel debajo del ojo antienvejecimiento para ojeras, hinchazón, líneas finas",https://www.amazon.com.mx/dp/B0F21N3KXV,https://www.amazon.com/dp/B0F21N3KXV,EcoNova Market,
,B09BTH239Y,1,Belleza,disponible,no disponible,,,2025-10-29T22:00:23.266Z,2025-10-30T02:37:31.277Z,2025-10-30T14:47:01.587Z,717.74,,$706.35,"Likas Jabón de papaya original, paquete de 1 - JUEGO DE 4",https://www.amazon.com.mx/dp/B09BTH239Y,https://www.amazon.com/dp/B09BTH239Y,GUTTIDIRECT,
,B09MZQ4MQY,1,Belleza,disponible,no disponible,,,2025-10-29T22:00:23.266Z,2025-10-30T02:37:40.256Z,2025-10-30T14:47:09.377Z,1240.42,,"$1,197.95","Inglot Paquete The Beauty Box - Duraline, Gel Delineador de Ojos Amc 77 y Gel Delineador de Ojos Amc 90 (3 Piezas)",https://www.amazon.com.mx/dp/B09MZQ4MQY,https://www.amazon.com/dp/B09MZQ4MQY,RVDSHOP,
,B09KV7ZLPF,1,Belleza,disponible,no disponible,,,2025-10-29T22:00:23.266Z,2025-10-30T02:37:48.844Z,2025-10-30T14:47:16.819Z,890.91,,$889.80,Atizon Long Sleeve Ruffle Dress for Women Feminine V Neck Polka Dot Loose Mini Dress,https://www.amazon.com.mx/dp/B09KV7ZLPF,https://www.amazon.com/dp/B09KV7ZLPF,ELEGANCE LLC.,
,B0C4YQTN79,1,Belleza,disponible,disponible,,,2025-10-29T22:00:23.267Z,2025-10-30T02:37:57.336Z,2025-10-30T14:47:25.618Z,1027.07,29.69,$972.16,"ATTRACO Traje de baño de una pieza con bloques de color para mujer, traje de baño deportivo con espalda cruzada",https://www.amazon.com.mx/dp/B0C4YQTN79,https://www.amazon.com/dp/B0C4YQTN79,Rendomin,ATTRACO
,B0CMMSWNS6,1,Belleza,disponible,no disponible,,,2025-10-29T22:00:23.267Z,2025-10-30T02:38:05.416Z,2025-10-30T14:47:34.548Z,1047.14,,$969.31,Zero Shine- Tarro - smp mate 2.0,https://www.amazon.com.mx/dp/B0CMMSWNS6,https://www.amazon.com/dp/B0CMMSWNS6,DOFER,
,B0DBGTMFGS,1,Belleza,disponible,no disponible,,,2025-10-29T22:00:23.267Z,2025-10-30T02:38:19.124Z,2025-10-30T14:47:47.435Z,1159.63,,"$1,154.87",PRIMERA(Prmr)𝐘𝐨𝐮𝐭𝐡 𝐑𝐚𝐝𝐢𝐚𝐧𝐜𝐞 𝐕𝐢𝐭𝐚𝐭𝐢𝐧𝐨𝐥 𝐒𝐞𝐫𝐮𝐦 - Retinol Vitamina A Vitamina C Cuidado De La Piel Hidratante Brillo Elástico Lifting Cosmética Coreana 07 Oz(21 G Paquete De 1),https://www.amazon.com.mx/dp/B0DBGTMFGS,https://www.amazon.com/dp/B0DBGTMFGS,SHOPENZA,
,B0D9Y2794Y,1,Belleza,disponible,no disponible,,,2025-10-29T22:00:23.267Z,2025-10-30T02:38:28.100Z,2025-10-30T14:47:54.615Z,391.83,,$389.42,"Wismee- Barra de pintura facial de color azul claro de CORPSE BRIDE AVATAR SALLY, satisface tu necesidad de maquillaje de Corpse Bride Avatar Sally con cobertura total, excelente pintura facial azul t",https://www.amazon.com.mx/dp/B0D9Y2794Y,https://www.amazon.com/dp/B0D9Y2794Y,SRKSB LLC,
,B0CF9GKJWQ,1,Belleza,disponible,no disponible,,,2025-10-29T22:00:23.267Z,2025-10-30T02:38:35.888Z,2025-10-30T14:48:01.383Z,1158.21,,"$1,117.78","FASNAHOK- Tiaras de boda de plata para novias, coronas de cumpleaños para niñas, tiaras y coronas de circonita cúbica para el regreso a casa",https://www.amazon.com.mx/dp/B0CF9GKJWQ,https://www.amazon.com/dp/B0CF9GKJWQ,RVDSHOP,
,B0DHLR2TJM,1,Belleza,disponible,no disponible,,,2025-10-29T22:00:23.267Z,2025-10-30T02:38:44.974Z,2025-10-30T14:48:09.437Z,747.75,,$741.64,DAE Crema Para Peinar Y Rizador 3 En 1 Hair Cactus Fruit: Controla Los Cabellos Sueltos Suaviza El Frizz Y Peina Las Puntas(06 Oz) Blanco,https://www.amazon.com.mx/dp/B0DHLR2TJM,https://www.amazon.com/dp/B0DHLR2TJM,Brownstone Brooklyn,
,B0D1NGHSZ8,1,Belleza,disponible,no disponible,,,2025-10-29T22:00:23.267Z,2025-10-30T02:38:53.126Z,2025-10-30T14:48:17.298Z,963.7,,$954.98,"Bálsamo de sebo antiarrugas Forge Men's - 1,77 oz | Crema facial antienvejecimiento - Hidratante facial para arrugas, ojeras y líneas finas | Crema hidratante de día y de noche para hombres",https://www.amazon.com.mx/dp/B0D1NGHSZ8,https://www.amazon.com/dp/B0D1NGHSZ8,GUTTIDIRECT,
,B09KV5LCVH,1,Belleza,disponible,no disponible,,,2025-10-29T22:00:23.267Z,2025-10-30T02:39:02.519Z,2025-10-30T14:48:24.632Z,700,,$760.55,"S.NATURE CREMA HIDRATANTE AQUA SQUALANE 60 ml, Hidratante, diaria, calmante, hidratante, nutritiva, elimina poros y sebo, 2.03 fl oz",https://www.amazon.com.mx/dp/B09KV5LCVH,https://www.amazon.com/dp/B09KV5LCVH,Alba's,
,B0FC1W615F,1,Belleza,disponible,disponible,,,2025-10-29T22:00:23.267Z,2025-10-30T02:39:11.257Z,2025-10-30T14:48:31.930Z,457.56,6.99,$434.39,"KMYZQDV - 2 botellas vacías de esmalte de uñas con cepillo para polvo de 15 ml a granel, mini botellas de gel para arte líquido de uñas y muestras de esmalte de bricolaje, frascos de vidrio café con",https://www.amazon.com.mx/dp/B0FC1W615F,https://www.amazon.com/dp/B0FC1W615F,PEACEE STOREE,fenghuoxiangmeng
,B0CZ4DDVGX,1,Belleza,disponible,no disponible,,,2025-10-29T22:00:33.835Z,2025-10-30T02:39:19.424Z,2025-10-30T14:48:40.292Z,680.1,,$679.59,"PRIMING WATER- Crema hidratante para todo tipo de piel, para hidratar y calmar, para S.Nature Aqua Squalane Moisturizing C",https://www.amazon.com.mx/dp/B0CZ4DDVGX,https://www.amazon.com/dp/B0CZ4DDVGX,SHOPENZA,
,B0DL4DR8DJ,1,Belleza,disponible,no disponible,,,2025-10-29T22:00:33.835Z,2025-10-30T02:39:26.173Z,2025-10-30T14:48:47.939Z,1159.42,,"$1,114.00",Fragrance World- ¡Nuevo lanzamiento 2024!,https://www.amazon.com.mx/dp/B0DL4DR8DJ,https://www.amazon.com/dp/B0DL4DR8DJ,GUTTIDIRECT,
,B0FJLXQSQ3,1,Belleza,disponible,no disponible,,,2025-10-29T22:00:33.835Z,2025-10-30T02:39:33.707Z,2025-10-30T14:48:55.525Z,415.76,,$389.42,MSPNY Suero Para El Crecimiento De Pestañas Fórmula Nutritiva Crecimiento De Pestañas Más Voluminosas Y Largas Suero Transparente Para El Crecimiento De Cejas Con Tubo De Rímel Fórmula Natur,https://www.amazon.com.mx/dp/B0FJLXQSQ3,https://www.amazon.com/dp/B0FJLXQSQ3,MARVEL INC.,
,B09QKL9S13,1,Belleza,disponible,disponible,,,2025-10-29T22:00:33.835Z,2025-10-30T02:39:42.254Z,2025-10-30T14:49:02.763Z,1066.55,33.99,"$1,058.64","Juego de repuesto para la serie P10, incluye sombrero, marco, tubo, clips en un paquete, ajuste cómodo y reemplazo duradero",https://www.amazon.com.mx/dp/B09QKL9S13,https://www.amazon.com/dp/B09QKL9S13,Rendomin,Hi-easy
,B0FHKG8RWX,1,Belleza,disponible,no disponible,,,2025-10-29T22:00:33.836Z,2025-10-30T02:39:50.151Z,2025-10-30T14:49:11.116Z,611.79,,$597.07,"Mars Made Barra facial de niacinamida con sésamo negro, barra de jabón nutritiva e hidratante para todo tipo de piel, cuidado de la piel coreano vegano y apto para viajes (3.35 oz, 3.35 onzas)",https://www.amazon.com.mx/dp/B0FHKG8RWX,https://www.amazon.com/dp/B0FHKG8RWX,GUTTIDIRECT,
,B0DPQ5GY5G,1,Belleza,disponible,no disponible,,,2025-10-29T22:00:33.836Z,2025-10-30T02:39:58.435Z,2025-10-30T14:49:19.258Z,514.52,,$517.09,GOGIFTGO Aceite De Cyperus Rotundus Aceite De Cyperus Aceite De Cyperus Rotundus Para Depilación Aceite De Cyperus Natural Calmante Y Suave Reduce El Crecimiento Del Vello Corporal Piel Suav,https://www.amazon.com.mx/dp/B0DPQ5GY5G,https://www.amazon.com/dp/B0DPQ5GY5G,SRKSB LLC,
,B0BBDV81RL,1,Belleza,disponible,disponible,,,2025-10-29T22:00:33.836Z,2025-10-30T02:40:07.304Z,2025-10-30T14:49:26.727Z,1617.77,49.98,"$1,606.56","KEFITEVD - chamarra casual a prueba de viento para hombre, chamarra cortavientos con cierre completa, chamarra acolchado cálido de invierno",https://www.amazon.com.mx/dp/B0BBDV81RL,https://www.amazon.com/dp/B0BBDV81RL,Ovolos,CAVVA
,B0073U5RPI,1,Belleza,disponible,no disponible,,,2025-10-29T22:00:33.836Z,2025-10-30T02:40:16.181Z,2025-10-30T14:49:33.985Z,586.51,,$582.68,"Sheida- Polvo de kohl tradicional: elaborado artesanalmente con métodos tradicionales ancestrales, este polvo de kohl brinda una experiencia de maquillaje de ojos clásica y auténtica que evoca la eleg",https://www.amazon.com.mx/dp/B0073U5RPI,https://www.amazon.com/dp/B0073U5RPI,Rendomin,
,B0DHGG3ZPV,1,Belleza,disponible,no disponible,,,2025-10-29T22:00:33.836Z,2025-10-30T02:40:23.425Z,2025-10-30T14:49:42.214Z,729,,$727.09,Champú orgánico para el crecimiento del cabello con romero para mujeres y hombres Champú natural para fortalecer y espesar con queratina hidrolizada para cabello fino y caída del cabello 7.4 fl.oz,https://www.amazon.com.mx/dp/B0DHGG3ZPV,https://www.amazon.com/dp/B0DHGG3ZPV,Natural  Mx ⭐ (Facturamos),
,B0D3J83CCK,1,Belleza,disponible,no disponible,,,2025-10-29T22:00:33.836Z,2025-10-30T02:40:30.899Z,2025-10-30T14:49:50.039Z,958.53,,$967.12,"One size Polvo de Desenfoque Definitivo Completo, Translúcido, para Tonos de Piel Claros A Oscuros, 1.2 Onzas (Paquete de 1)",https://www.amazon.com.mx/dp/B0D3J83CCK,https://www.amazon.com/dp/B0D3J83CCK,DUKKI LLC,
,B09Z2SKGC7,1,Belleza,disponible,no disponible,,,2025-10-29T22:00:33.836Z,2025-10-30T02:40:39.509Z,2025-10-30T14:49:58.418Z,1550.89,,"$1,516.08",FASNAHOK CZ Silver Tiaras and Crowns for Women Queen Prom Party Headpiece Wedding Bridal Crystal Large Hair Accessories,https://www.amazon.com.mx/dp/B09Z2SKGC7,https://www.amazon.com/dp/B09Z2SKGC7,BROWN LEAVES LLC,
,B09F7PZV4Q,1,Belleza,disponible,no disponible,,,2025-10-29T22:00:33.836Z,2025-10-30T02:40:47.044Z,2025-10-30T14:50:06.145Z,656.85,,$655.37,WELCOS KWAILNARA Milk Body Lotion 560 g / 19.75 oz. (Strawberry),https://www.amazon.com.mx/dp/B09F7PZV4Q,https://www.amazon.com/dp/B09F7PZV4Q,DUKKI LLC,
,B0BBNB6MGZ,1,Belleza,disponible,no disponible,,,2025-10-29T22:00:33.836Z,2025-10-30T02:40:56.258Z,2025-10-30T14:50:13.455Z,516.8,,$503.76,"Sielkin- Tratamiento para los vellos encarnados causados por la afeitadora: tratamiento para los vellos encarnados causados por la afeitadora para hombres y mujeres, para después del afeitado",https://www.amazon.com.mx/dp/B0BBNB6MGZ,https://www.amazon.com/dp/B0BBNB6MGZ,GUTTIDIRECT,
,B0979V9FT3,1,Belleza,disponible,no disponible,,,2025-10-29T22:00:33.837Z,2025-10-30T02:41:10.284Z,2025-10-30T14:50:26.257Z,515.42,,$507.07,Swipz - Toallitas limpiadoras para zapatos y zapatillas – Kit completo de borrador para zapatos de tenis – Paños limpiadores instantáneos de suela de piel blanco en 12 paquetes de viaje,https://www.amazon.com.mx/dp/B0979V9FT3,https://www.amazon.com/dp/B0979V9FT3,SRKSB LLC,
,B0D7WV74QY,1,Belleza,disponible,no disponible,,,2025-10-29T22:00:33.837Z,2025-10-30T02:41:18.978Z,2025-10-30T14:50:34.684Z,1046.28,,"$1,035.74","REFY BROW SCULPT Híbrido de cera y gel que esculpe, da forma y fija (0,28 oz/8,5 ml), transparente",https://www.amazon.com.mx/dp/B0D7WV74QY,https://www.amazon.com/dp/B0D7WV74QY,BELGUCAN Global,
,B0DBZ6VVGS,1,Belleza,disponible,no disponible,,,2025-10-29T22:00:33.837Z,2025-10-30T02:41:26.911Z,2025-10-30T14:50:43.181Z,935.14,,$951.69,"KONEUK Paquete De 36 Cremas De Manos Y Bálsamos Labiales A Granel, Regalos Para Damas De Honor, Regalos De Agradecimiento Y Regalos Para Despedidas De Soltera Con Tarjetas De Agradecimiento, Bolsas De",https://www.amazon.com.mx/dp/B0DBZ6VVGS,https://www.amazon.com/dp/B0DBZ6VVGS,ElBazarMexicano,
,B0F3HZL8Z7,1,Belleza,disponible,no disponible,,,2025-10-29T22:00:47.627Z,2025-10-30T02:41:35.713Z,2025-10-30T14:50:49.704Z,1304.49,,"$1,230.04","Neebol Kit De Tatuaje Inalámbrico - Set Completo Con 2 Fuentes De Alimentación Con Pantalla A Color, 20 Agujas Y 10 Tintas - Máquina De Tatuaje Profesional Para Principiantes",https://www.amazon.com.mx/dp/B0F3HZL8Z7,https://www.amazon.com/dp/B0F3HZL8Z7,SHOPENZA,
,B0BB7HLC26,1,Belleza,disponible,disponible,,,2025-10-29T22:00:47.627Z,2025-10-30T02:41:43.587Z,2025-10-30T14:50:58.016Z,369,45.99,"$1,353.37","SENSERISE - Chaleco acolchado para mujer, de gran tamaño, ligero, chamarra acolchada hinchada, para invierno, otoño",https://www.amazon.com.mx/dp/B0BB7HLC26,https://www.amazon.com/dp/B0BB7HLC26,Marca: SENSERISE,SENSERISE
,B0CMJBH9TZ,1,Belleza,disponible,no disponible,,,2025-10-29T22:00:47.627Z,2025-10-30T02:41:50.382Z,2025-10-30T14:51:06.091Z,582.28,,$574.28,"Lumivis- Toallitas para párpados y pestañas con aceite de árbol de té, 36 unidades: limpiador diario de ojos para blefaritis, picazón y orzuelo",https://www.amazon.com.mx/dp/B0CMJBH9TZ,https://www.amazon.com/dp/B0CMJBH9TZ,DUKKI LLC,
,B01MXROLOP,1,Belleza,disponible,no disponible,,,2025-10-29T22:00:47.627Z,2025-10-30T02:41:58.259Z,2025-10-30T14:51:13.948Z,585.71,,$590.15,BARRY’S – Loción capilar Tricopherous para el cabello 236 ml (paquete con 2 piezas),https://www.amazon.com.mx/dp/B01MXROLOP,https://www.amazon.com/dp/B01MXROLOP,DUKKI LLC,
,B0D3DBRFHB,1,Belleza,disponible,no disponible,,,2025-10-29T22:00:47.627Z,2025-10-30T02:42:06.772Z,2025-10-30T14:51:20.834Z,1837.92,,"$1,776.69","AZEN- Juego de 100 cremas de manos y bálsamos labiales a granel, obsequios para invitados de despedida de soltera con bolsa de organza",https://www.amazon.com.mx/dp/B0D3DBRFHB,https://www.amazon.com/dp/B0D3DBRFHB,RVDSHOP,
,B0BBMKPRK1,1,Belleza,disponible,disponible,,,2025-10-29T22:00:47.628Z,2025-10-30T02:42:15.540Z,2025-10-30T14:51:28.630Z,1164.97,32.99,"$1,094.36",FAHIZO Men's Dress Shirt Regular Fit Casual Long Sleeve Stripe Stretch Soild,https://www.amazon.com.mx/dp/B0BBMKPRK1,https://www.amazon.com/dp/B0BBMKPRK1,Novayu,FAHIZO
,B0CWN226NC,1,Belleza,disponible,no disponible,,,2025-10-29T22:00:47.628Z,2025-10-30T02:42:22.398Z,2025-10-30T14:51:36.343Z,1120,,"$1,152.87","Suero de vitamina C, Glow Maker con vitaminas C, E, ácido ferúlico y hialurónico, sin fragancia, galardonado suero facial iluminador e hidratante, 1.0 fl oz",https://www.amazon.com.mx/dp/B0CWN226NC,https://www.amazon.com/dp/B0CWN226NC,Tarots Universales,
,B0D24HBNJ9,1,Belleza,disponible,no disponible,,,2025-10-29T22:00:47.628Z,2025-10-30T02:42:30.022Z,2025-10-30T14:51:43.093Z,490.27,,$503.76,"HUECALM Parches antiarrugas para lifting facial con colágeno hidrolizado, cinta antiarrugas invisible para la frente, los ojos y la línea de la sonrisa, cuidado de la piel coreano nocturno K Beauty para",https://www.amazon.com.mx/dp/B0D24HBNJ9,https://www.amazon.com/dp/B0D24HBNJ9,M&H Customer Friendly Store,
,B09PMD1JQK,1,Belleza,disponible,disponible,,,2025-10-29T22:00:47.628Z,2025-10-30T02:42:38.267Z,2025-10-30T14:51:49.800Z,633.28,13.99,$596.24,"Huachi Paquete de 12 diademas con lazo para mujer, diadema anudada, orejas de conejo, turbante elástico, accesorios para el cabello",https://www.amazon.com.mx/dp/B09PMD1JQK,https://www.amazon.com/dp/B09PMD1JQK,Ovolos,Huachi
,B0DKHLYJCP,1,Belleza,disponible,no disponible,,,2025-10-29T22:00:47.628Z,2025-10-30T02:42:45.911Z,2025-10-30T14:51:58.368Z,830.84,,$735.18,"Flow Bros- Nutritivo y acondicionador: formulado con ingredientes naturales que ayudan a nutrir y acondicionar tu cabello, manteniéndolo saludable, suave y manejable.",https://www.amazon.com.mx/dp/B0DKHLYJCP,https://www.amazon.com/dp/B0DKHLYJCP,EcoNova Market,
,B08D6FY5Q6,1,Belleza,disponible,no disponible,,,2025-10-29T22:00:47.628Z,2025-10-30T02:42:54.870Z,2025-10-30T14:52:04.939Z,645.5,,$643.68,Hair Thickness Maximizer Dht Blocker Para Mujeres Y Hombres - Vegano Espesante Hidratante Fortalecedor Serum Bloqueador Dht - Tratamiento Tópico De Aceite Del Cuero Cabelludo Para Cabello Seco Y,https://www.amazon.com.mx/dp/B08D6FY5Q6,https://www.amazon.com/dp/B08D6FY5Q6,SHOPENZA,
,B0D5LV5SQD,1,Belleza,disponible,disponible,,,2025-10-29T22:00:47.628Z,2025-10-30T02:43:03.722Z,2025-10-30T14:52:13.182Z,1479.15,46.99,"$1,376.57","btartboxnails Xcoattips French Gel Uñas - Tonos de Piel French Tip Press On Uñas, Puntas Cortas de Almendra Con Gel de Uñas, Dúo Protector Francés, Lámpara de Uñas, All In One Soak Off Acrylic Fake Na",https://www.amazon.com.mx/dp/B0D5LV5SQD,https://www.amazon.com/dp/B0D5LV5SQD,SEONGSAN,BTArtboxnails
,B0C8T7WB7T,1,Belleza,disponible,disponible,,,2025-10-29T22:00:47.628Z,2025-10-30T02:43:11.283Z,2025-10-30T14:52:21.891Z,385.36,3.99,$365.03,"HVSWLY - 300 etiquetas impermeables para botellas de tamaño de viaje, etiquetas transparentes de baño y etiquetas de organización de belleza, etiquetas de botellas de viaje para champú acondicionador",https://www.amazon.com.mx/dp/B0C8T7WB7T,https://www.amazon.com/dp/B0C8T7WB7T,MSTZKN SHİPMENT,Thsclouds Direct
,B0DB26ZW9J,1,Belleza,disponible,no disponible,,,2025-10-29T22:00:47.628Z,2025-10-30T02:43:18.482Z,2025-10-30T14:52:29.501Z,492.68,,$503.76,"barras de jabón de caqui para personas mayores, desodorante natural para el cuerpo y el rostro, para controlar el olor corporal, eliminar el mal olor corporal, desodorizante para hombres y mujeres,",https://www.amazon.com.mx/dp/B0DB26ZW9J,https://www.amazon.com/dp/B0DB26ZW9J,M&H Customer Friendly Store,
,B0CZ8XX6F2,1,Belleza,disponible,no disponible,,,2025-10-29T22:00:47.629Z,2025-10-30T02:43:26.511Z,2025-10-30T14:52:37.003Z,1257.3,,"$1,238.92","AZEN- Juego de 50 cremas de manos a granel y bálsamo labial a granel, obsequios de despedida de soltera para invitados, obsequios de agradecimiento para C",https://www.amazon.com.mx/dp/B0CZ8XX6F2,https://www.amazon.com/dp/B0CZ8XX6F2,SIDE SHOP,
,B0D9NF9LJ6,1,Belleza,disponible,no disponible,,,2025-10-29T22:00:47.629Z,2025-10-30T02:43:34.691Z,2025-10-30T14:52:45.396Z,789,,$765.21,Nano Recipe Concentrado De Pdrn(Adn De Salmón) De 100000 Ppm Mezclar 1 O 2 Gotas Con El Producto Para El Cuidado De La Piel Ampolla Roll-On Mts,https://www.amazon.com.mx/dp/B0D9NF9LJ6,https://www.amazon.com/dp/B0D9NF9LJ6,Natural  Mx ⭐ (Facturamos),
,B0DFMQ4925,1,Belleza,disponible,no disponible,,,2025-10-29T22:00:55.735Z,2025-10-30T02:43:43.119Z,2025-10-30T14:52:52.191Z,679.84,,$664.04,"Concentrado de ácido tranexámico al 10% Mezcle 1 o 2 gotas en cualquier paso de su rutina de cuidado de la piel Reduce la aparición de manchas oscuras, decoloración de la piel y tono desigual 30 ml",https://www.amazon.com.mx/dp/B0DFMQ4925,https://www.amazon.com/dp/B0DFMQ4925,M&H Customer Friendly Store,
Deportes y Aire libre,B07CPZP7PY,1,Belleza,disponible,no disponible,,,2025-10-29T22:00:55.735Z,2025-10-30T02:43:56.131Z,2025-10-30T14:53:03.822Z,758.48,,$737.35,SILKWORLD Men's Swim Trunks Quick Dry Beach Shorts with Pockets,https://www.amazon.com.mx/dp/B07CPZP7PY,https://www.amazon.com/dp/B07CPZP7PY,Rendosa,
,B0C8MJJJFB,1,Belleza,disponible,no disponible,,,2025-10-29T22:00:55.735Z,2025-10-30T02:44:03.943Z,2025-10-30T14:53:12.056Z,536.33,,$521.15,"RelaxCoo Mascarilla Facial De Hielo Para Ojeras E Hinchazón, Compresa Fría Y Cálida, Paquete De Mascarilla De Gel Fría Para Mujeres Y Hombres, Migrañas, Dolor De Cabeza, Estrés Y Relaj",https://www.amazon.com.mx/dp/B0C8MJJJFB,https://www.amazon.com/dp/B0C8MJJJFB,SRKSB LLC,
,B0D98DYNJV,1,Belleza,disponible,no disponible,,,2025-10-29T22:00:55.735Z,2025-10-30T02:44:11.596Z,2025-10-30T14:53:19.557Z,537.77,,$508.94,"Pintura facial verde, barra de pintura corporal a base de crema, 【Mayor capacidad】【Alta pigmentación】【Larga duración】Producto de maquillaje de pintura profesional para",https://www.amazon.com.mx/dp/B0D98DYNJV,https://www.amazon.com/dp/B0D98DYNJV,SRKSB LLC,
,B0935MHZ1K,1,Belleza,disponible,no disponible,,,2025-10-29T22:00:55.736Z,2025-10-30T02:44:20.382Z,2025-10-30T14:53:28.199Z,1611.3,,"$1,543.50",Skinfix Crema Triple Lípido-Péptido Barrier+: Enriquecida Con Lípidos Péptidos Ácido Hialurónico Y Manteca De Karité Para Iluminar Reafirmar Y Dar Volumen 17 Oz,https://www.amazon.com.mx/dp/B0935MHZ1K,https://www.amazon.com/dp/B0935MHZ1K,GUTTIDIRECT,
,B0BMGZCXMP,1,Belleza,disponible,disponible,,,2025-10-29T22:00:55.736Z,2025-10-30T02:44:28.225Z,2025-10-30T14:53:36.837Z,1176.79,35.99,"$1,144.96",ATTRACO - Vestidos de tenis para mujer con bolsillos cortos y brasier con cuello en V y espalda cruzada,https://www.amazon.com.mx/dp/B0BMGZCXMP,https://www.amazon.com/dp/B0BMGZCXMP,Rendomin,ATTRACO
,B07RTGLCXV,1,Belleza,disponible,no disponible,,,2025-10-29T22:00:55.736Z,2025-10-30T02:44:35.997Z,2025-10-30T14:53:44.520Z,737.3,,$736.46,"Hair Thickness Maximizer Serum De Palmetto Sierra Para El Crecimiento Y Espesamiento Del Cabello - Con Aceites De Romero, Menta, Semillas De Calabaza. Tratamiento Vegano Hidratante Y Fortalecedor",https://www.amazon.com.mx/dp/B07RTGLCXV,https://www.amazon.com/dp/B07RTGLCXV,SHOPENZA,
,B0F13MNKFC,1,Belleza,disponible,no disponible,,,2025-10-29T22:00:55.736Z,2025-10-30T02:44:44.592Z,2025-10-30T14:53:52.193Z,849.17,,$806.05,"Fizz & Rizz Bomba de Baño Misteriosa de Joyería: Anillos, Collares, Pendientes, Pulseras Sorpresa Y La Oportunidad de Descubrir Joyas de Gran Valor. Regalos Perfectos para Diversas Ocasiones.",https://www.amazon.com.mx/dp/B0F13MNKFC,https://www.amazon.com/dp/B0F13MNKFC,LueKeen,
,B0D2M3HWC6,1,Belleza,disponible,no disponible,,,2025-10-29T22:00:55.736Z,2025-10-30T02:44:52.309Z,2025-10-30T14:53:59.503Z,877.43,,$851.34,Original brazilian menelas henna for eyebrows (CASTANO MEDIO),https://www.amazon.com.mx/dp/B0D2M3HWC6,https://www.amazon.com/dp/B0D2M3HWC6,M&H Customer Friendly Store,
,B08FD1DVLL,1,Belleza,disponible,no disponible,,,2025-10-29T22:00:55.736Z,2025-10-30T02:45:00.973Z,2025-10-30T14:54:07.693Z,540.99,,$518.01,"HONENNA - Lencería semi transparente para mantenerse hasta el muslo, medias altas de encaje, talla A-F",https://www.amazon.com.mx/dp/B08FD1DVLL,https://www.amazon.com/dp/B08FD1DVLL,MSTZKN SHİPMENT,
,B0BCFGG5YR,1,Belleza,disponible,no disponible,,,2025-10-29T22:00:55.736Z,2025-10-30T02:45:08.286Z,2025-10-30T14:54:15.593Z,473.35,,$457.51,"FV- Base de maquillaje líquida resistente al agua con acabado mate, ligera, sin aceite y de aspecto natural para maquillaje combinado",https://www.amazon.com.mx/dp/B0BCFGG5YR,https://www.amazon.com/dp/B0BCFGG5YR,MARVEL INC.,
,B0DGG1618F,1,Belleza,disponible,no disponible,,,2025-10-29T22:00:55.737Z,2025-10-30T02:45:16.987Z,2025-10-30T14:54:22.887Z,505,,$503.76,"sidinox Tratamiento para uñas de los pies, líquido extrafuerte para reparar uñas dañadas, descoloridas, ayuda a que crezcan, spray y cabezal de cepillo suave (paquete de 2, 1 onza líquida/30 ml)",https://www.amazon.com.mx/dp/B0DGG1618F,https://www.amazon.com/dp/B0DGG1618F,DAISY GOLD MX,
Deportes y Aire libre,B0B4K4MZMH,1,Belleza,disponible,disponible,,,2025-10-29T22:00:55.737Z,2025-10-30T02:45:26.230Z,2025-10-30T14:54:30.117Z,1599.39,49.99,"$1,521.54","BRONAX - Tenis para Correr de Carretera con Puntera Ancha para Mujer, Tenis Deportivos Anchos con Suela de Goma",https://www.amazon.com.mx/dp/B0B4K4MZMH,https://www.amazon.com/dp/B0B4K4MZMH,SEONGSAN,JSG Sneakers
,B07DV5YTRD,1,Belleza,disponible,no disponible,,,2025-10-29T22:00:55.737Z,2025-10-30T02:45:34.082Z,2025-10-30T14:54:37.858Z,1454.05,,"$1,432.77","P-Shine- KIT DE RESTAURACIÓN DE UÑAS DEFINITIVO: El juego de manicura japonesa P-Shine trasciende el cuidado de uñas tradicional, ofreciendo un fortalecedor de uñas para uñas dañadas junto con un kit",https://www.amazon.com.mx/dp/B07DV5YTRD,https://www.amazon.com/dp/B07DV5YTRD,Premium Global,
,B01FSZQU50,1,Belleza,disponible,no disponible,,,2025-10-29T22:00:55.737Z,2025-10-30T02:45:41.892Z,2025-10-30T14:54:45.494Z,622.04,,$619.36,Vinilin (Shostakovsky Balsam) 50g/1.8oz,https://www.amazon.com.mx/dp/B01FSZQU50,https://www.amazon.com/dp/B01FSZQU50,SRKSB LLC,
,B07GRVXDHF,1,Belleza,disponible,no disponible,,,2025-10-29T22:00:55.737Z,2025-10-30T02:45:49.299Z,2025-10-30T14:54:53.455Z,924.03,,$880.38,shermie Women's Pullover Batwing Sleeve Loose Hollow Knit Sweaters Plus Size Spring Sweaters,https://www.amazon.com.mx/dp/B07GRVXDHF,https://www.amazon.com/dp/B07GRVXDHF,RVDSHOP,
,B0DD54CG8Q,1,Belleza,disponible,no disponible,,,2025-10-29T22:01:08.363Z,2025-10-30T02:45:58.376Z,2025-10-30T14:55:00.266Z,627.56,,$600.11,YAHVE Desodorante Yodora Clásico máxima protección. 2.11oz Desodorante Yodora Máxima Protección 60gr Despensa Colombiana,https://www.amazon.com.mx/dp/B0DD54CG8Q,https://www.amazon.com/dp/B0DD54CG8Q,REMERE,
,B0DMTCYRY9,1,Belleza,disponible,no disponible,,,2025-10-29T22:01:08.363Z,2025-10-30T02:46:06.128Z,2025-10-30T14:55:07.342Z,831.44,,$805.38,"Orien- [ HIDRATANTE MUGWORT ZERO FILM ] Hidrata y refresca tu piel con este humectante diario liviano, diseñado para favorecer una tez saludable y equilibrada.",https://www.amazon.com.mx/dp/B0DMTCYRY9,https://www.amazon.com/dp/B0DMTCYRY9,M&H Customer Friendly Store,
,B0DQ9613CF,1,Belleza,disponible,no disponible,,,2025-10-29T22:01:08.363Z,2025-10-30T02:46:13.750Z,2025-10-30T14:55:14.466Z,328,,$675.65,Truey Tratamiento De Uñas Encarnadas De Silicona Y Aleación De Titanio Parche Corrector Corrector De Uñas Encarnadas Herramienta Para Corregir Uñas Kit Para Eliminar Uñas Encarnadas Recortab,https://www.amazon.com.mx/dp/B0DQ9613CF,https://www.amazon.com/dp/B0DQ9613CF,Marca: Truey,
,B0D83BG9R4,1,Belleza,disponible,no disponible,,,2025-10-29T22:01:08.363Z,2025-10-30T02:46:22.527Z,2025-10-30T14:55:22.047Z,688.51,,$634.31,KAISASA Champú para teñir el cabello negro 3 en 1 (Argán Marrón Oscuro),https://www.amazon.com.mx/dp/B0D83BG9R4,https://www.amazon.com/dp/B0D83BG9R4,MARVEL INC.,
,B0D2V83JT2,1,Belleza,disponible,no disponible,,,2025-10-29T22:01:08.363Z,2025-10-30T02:46:31.960Z,2025-10-30T14:55:29.655Z,931.16,,$912.98,Original brazilian menelas henna for eyebrows (PRETO),https://www.amazon.com.mx/dp/B0D2V83JT2,https://www.amazon.com/dp/B0D2V83JT2,M&H Customer Friendly Store,
,B0DHRW819R,1,Belleza,disponible,disponible,,,2025-10-29T22:01:08.363Z,2025-10-30T02:46:45.470Z,2025-10-30T14:55:42.361Z,11527.9,469.99,"$11,212.75",CurrentBody- Una revolución en la tecnología de máscaras LED para el antienvejecimiento y la renovación de la piel.,https://www.amazon.com.mx/dp/B0DHRW819R,https://www.amazon.com/dp/B0DHRW819R,LueKeen,CurrentBody
,B0DHJXS8FY,1,Belleza,disponible,no disponible,,,2025-10-29T22:01:08.363Z,2025-10-30T02:46:54.902Z,2025-10-30T14:55:51.372Z,645.12,,$623.14,"Parches para debajo de los ojos (30 pares), mascarillas de cafeína para ojos para ojeras, bolsas debajo de los ojos, parches de colágeno para ojos para arrugas e hinchazón, cuidado de la piel de los",https://www.amazon.com.mx/dp/B0DHJXS8FY,https://www.amazon.com/dp/B0DHJXS8FY,GUTTIDIRECT,
,B06XX65GS1,1,Belleza,disponible,no disponible,,,2025-10-29T22:01:08.363Z,2025-10-30T02:47:03.811Z,2025-10-30T14:55:59.469Z,2428.86,,"$2,418.10","Suero alimentado con césped crudo, vacas saludables felices, procesado en frío sin desnaturalizar, 100% alimento de zacate, proteína de suero en polvo, sin OMG, 80 Ounce",https://www.amazon.com.mx/dp/B06XX65GS1,https://www.amazon.com/dp/B06XX65GS1,SHOPENZA,
,B0BR7NPCG4,1,Belleza,disponible,disponible,,,2025-10-29T22:01:08.363Z,2025-10-30T02:47:11.852Z,2025-10-30T14:56:07.342Z,736.48,16.99,$678.49,"YFEEN - Juego de 2 soportes para diadema de acrílico de Disney, organizador de diadema, soporte para exhibición de joyas, soporte para pinzas de pelo para niñas y mujeres",https://www.amazon.com.mx/dp/B0BR7NPCG4,https://www.amazon.com/dp/B0BR7NPCG4,MaviNil Store,Mynew US
,B0DSGTHDCP,1,Belleza,disponible,no disponible,,,2025-10-29T22:01:08.364Z,2025-10-30T02:47:19.004Z,2025-10-30T14:56:14.855Z,731.49,,$722.03,PETITE PLUIE Parches Coreanos Avanzados Para Las Arrugas De La Frente De Uso Nocturno De Hidrogel Premium Antiarrugas No Pegajosos De Excelente Adherencia Y Tamaño Extragrande Para Cuello Y,https://www.amazon.com.mx/dp/B0DSGTHDCP,https://www.amazon.com/dp/B0DSGTHDCP,M&H Customer Friendly Store,
,B09P8SF46C,1,Belleza,disponible,no disponible,,,2025-10-29T22:01:08.364Z,2025-10-30T02:47:27.820Z,2025-10-30T14:56:21.819Z,641.14,,$633.64,"Dew Well- - Toallitas desodorantes Refresh: un nuevo comienzo cuando estás en movimiento - Sin aluminio, parabenos ni sulfatos",https://www.amazon.com.mx/dp/B09P8SF46C,https://www.amazon.com/dp/B09P8SF46C,GUTTIDIRECT,
Deportes y Aire libre,B07G7HQQKZ,1,Belleza,disponible,disponible,,,2025-10-29T22:01:08.364Z,2025-10-30T02:47:36.762Z,2025-10-30T14:56:28.327Z,1122.04,34.94,"$1,093.54",Stivali Father Son Matching Swim Trunks - Flamingo Modern Swimming Trunk Set with Elastic Waistband - Daddy Son Bathing Suits,https://www.amazon.com.mx/dp/B07G7HQQKZ,https://www.amazon.com/dp/B07G7HQQKZ,Premium Global,Onix Venture Group
,B07PQ3DDHF,1,Belleza,disponible,no disponible,,,2025-10-29T22:01:08.364Z,2025-10-30T02:47:45.248Z,2025-10-30T14:56:36.482Z,1305.15,,"$1,257.84",Endoten Control Loción para Adulto Unisex 200 Ml,https://www.amazon.com.mx/dp/B07PQ3DDHF,https://www.amazon.com/dp/B07PQ3DDHF,M&H Customer Friendly Store,
,B0DC6H8MSW,1,Belleza,disponible,no disponible,,,2025-10-29T22:01:08.364Z,2025-10-30T02:47:53.799Z,2025-10-30T14:56:44.768Z,625,,$621.37,"CELDYQUE Concentrado de bakuchiol coreano, mezcla casera en suero, 30 000 ppm, alternativa al retinol de alta potencia, reducción de arrugas, reafirmación y suavizado de la piel, antienvejecimiento, piel",https://www.amazon.com.mx/dp/B0DC6H8MSW,https://www.amazon.com/dp/B0DC6H8MSW,Natural  Mx ⭐ (Facturamos),
,B0DNTC1CLR,1,Belleza,disponible,disponible,,,2025-10-29T22:01:08.364Z,2025-10-30T02:48:01.140Z,2025-10-30T14:56:52.732Z,1708.36,62.98,"$1,708.00","TATTMUSE - Impresora de plantillas de tatuaje, impresora térmica inalámbrica de transferencia de tatuajes para piel con 10 piezas de papel de transferencia, impresora portátil Bluetooth para tatuajes",https://www.amazon.com.mx/dp/B0DNTC1CLR,https://www.amazon.com/dp/B0DNTC1CLR,SEONGSAN,HUIYUKJ
,B0CDTVF8HY,1,Belleza,disponible,no disponible,,,2025-10-29T22:01:08.364Z,2025-10-30T02:48:09.809Z,2025-10-30T14:57:01.366Z,709.73,,$665.60,"Jules D. Collares con colgante de lágrima grande para mujer, coloridos collares con abalorio para día festivo",https://www.amazon.com.mx/dp/B0CDTVF8HY,https://www.amazon.com/dp/B0CDTVF8HY,Ovolos,
,B0B5VGD8Y2,1,Belleza,disponible,no disponible,,,2025-10-29T22:01:20.194Z,2025-10-30T02:48:17.849Z,2025-10-30T14:57:09.570Z,655.99,,$645.62,CARE:NEL- Tratamiento para el melasma con crema facial Eliminador de manchas oscuras con centella asiática Productos de belleza para el cuidado de la piel coreanos,https://www.amazon.com.mx/dp/B0B5VGD8Y2,https://www.amazon.com/dp/B0B5VGD8Y2,DOFER,
,B0CXPRGHL4,1,Belleza,disponible,no disponible,,,2025-10-29T22:01:20.195Z,2025-10-30T02:48:24.814Z,2025-10-30T14:57:17.752Z,1327.66,,"$1,322.08","AZEN- Juego de 60 cremas de manos y bálsamos labiales a granel, obsequios para invitados de despedida de soltera con bolsa de organza, gracias",https://www.amazon.com.mx/dp/B0CXPRGHL4,https://www.amazon.com/dp/B0CXPRGHL4,SRKSB LLC,
,B0DRNF2KPZ,1,Belleza,disponible,no disponible,,,2025-10-29T22:01:20.195Z,2025-10-30T02:48:33.419Z,2025-10-30T14:57:24.931Z,891.83,,$857.52,"TENKAIWICK Paquete de 100 aplicadores de supositorios vaginales desechables para mujeres. Compatibles con la mayoría de lubricantes, cremas, geles, pastillas y supositorios. Roscados, punta suave y fi",https://www.amazon.com.mx/dp/B0DRNF2KPZ,https://www.amazon.com/dp/B0DRNF2KPZ,SHOPENZA,
,B0CFZT926Z,1,Belleza,disponible,no disponible,,,2025-10-29T22:01:20.195Z,2025-10-30T02:48:40.305Z,2025-10-30T14:57:33.078Z,405.85,,$411.50,"GIVITASOT - Botellas de bomba sin aire de 0.5 oz/15 ml, paquete de 3 botellas de bomba de tamaño de viaje, botella de viaje cosmética al aspiradora para loción, cremas, base, cosméticos, con etiquetas",https://www.amazon.com.mx/dp/B0CFZT926Z,https://www.amazon.com/dp/B0CFZT926Z,SRKSB LLC,
,B0CJ3CSZCT,1,Belleza,disponible,no disponible,,,2025-10-29T22:01:20.195Z,2025-10-30T02:48:48.767Z,2025-10-30T14:57:40.168Z,1989.54,,"$1,966.05","Aceite capilar nutritivo y protector Shu Uemura Essence Absolue | Aceite capilar ligero con múltiples beneficios | Hidrata, aporta brillo y reduce el frizz | Con aceite de camelia japonesa | Para",https://www.amazon.com.mx/dp/B0CJ3CSZCT,https://www.amazon.com/dp/B0CJ3CSZCT,BROWN LEAVES LLC,
,B0DHQXZ61N,1,Belleza,disponible,no disponible,,,2025-10-29T22:01:20.195Z,2025-10-30T02:48:57.775Z,2025-10-30T14:57:46.622Z,622.04,,$619.36,"Polvo texturizante para hombres, fácil de aplicar, agrega textura y volumen al instante, ingredientes totalmente naturales, fijación fuerte, polvo para el cabello para hombres",https://www.amazon.com.mx/dp/B0DHQXZ61N,https://www.amazon.com/dp/B0DHQXZ61N,SRKSB LLC,
,B0D424TPC2,1,Belleza,disponible,disponible,,,2025-10-29T22:01:20.195Z,2025-10-30T02:49:06.629Z,2025-10-30T14:57:54.656Z,550.08,9.98,$503.53,"Recipientes de viaje para artículos de cambiador, paquete de 4 tarros de silicona aprobados por la TSA (1.7 oz) – Contenedores cosméticos a prueba de fugas sin BPA para cremas, loción, cuidado de la",https://www.amazon.com.mx/dp/B0D424TPC2,https://www.amazon.com/dp/B0D424TPC2,Quantum Home Products,TaotaoUS
,B0CN2YKPMY,1,Belleza,disponible,no disponible,,,2025-10-29T22:01:20.195Z,2025-10-30T02:49:14.472Z,2025-10-30T14:58:02.989Z,837.14,,$804.70,"Kaxilu “Kamillosan Salbe 40G Por Kamillosan, Hecho En Alemania, 40 Gram",https://www.amazon.com.mx/dp/B0CN2YKPMY,https://www.amazon.com/dp/B0CN2YKPMY,RVDSHOP,
,B0CMHTL3BG,1,Belleza,disponible,no disponible,,,2025-10-29T22:01:20.196Z,2025-10-30T02:49:22.951Z,2025-10-30T14:58:10.551Z,427.56,,$429.95,FERIHA- Jabón facial marroquí índigo Nila: elaborado a mano con aceite de argán y manteca de karité,https://www.amazon.com.mx/dp/B0CMHTL3BG,https://www.amazon.com/dp/B0CMHTL3BG,M&H Customer Friendly Store,
,B0DDKQLRGP,1,Belleza,disponible,no disponible,,,2025-10-29T22:01:20.196Z,2025-10-30T02:49:36.664Z,2025-10-30T14:58:23.998Z,498.59,,$482.20,Champú para Teñir el Cabello (Black),https://www.amazon.com.mx/dp/B0DDKQLRGP,https://www.amazon.com/dp/B0DDKQLRGP,SRKSB LLC,
,B0CQ2SF4T7,1,Belleza,disponible,no disponible,,,2025-10-29T22:01:20.196Z,2025-10-30T02:49:45.578Z,2025-10-30T14:58:31.094Z,996.52,,$972.43,Cause Human- Crema para la fimosis de 7 días | Tratamiento sin esteroides para un alivio rápido en casa | Resultados visibles en 7 días* |,https://www.amazon.com.mx/dp/B0CQ2SF4T7,https://www.amazon.com/dp/B0CQ2SF4T7,SRKSB LLC,
,B0DH97KZ8J,1,Belleza,disponible,no disponible,,,2025-10-29T22:01:20.196Z,2025-10-30T02:49:53.713Z,2025-10-30T14:58:37.873Z,797.74,,$732.96,Producto LZ Laminado Crema Laminación para Cabello Cabello Suave y Sedoso Resultado Profesional Libre de Formaldehído Liso para Cabello,https://www.amazon.com.mx/dp/B0DH97KZ8J,https://www.amazon.com/dp/B0DH97KZ8J,MSTZKN SHİPMENT,
,B0CG4ZWBC3,1,Belleza,disponible,no disponible,,,2025-10-29T22:01:20.196Z,2025-10-30T02:50:02.383Z,2025-10-30T14:58:45.500Z,1223.89,,"$1,196.70",Makeup By Mario- MAQUILLAJE DE MARIO SurrealSkin™ Awakening Corrector 200,https://www.amazon.com.mx/dp/B0CG4ZWBC3,https://www.amazon.com/dp/B0CG4ZWBC3,Premium Global,
,B0DNZ6YNSV,1,Belleza,disponible,no disponible,,,2025-10-29T22:01:20.196Z,2025-10-30T02:50:11.172Z,2025-10-30T14:58:52.578Z,794.68,,$780.55,Peralpow Polvo De Perla Orgánico Cuidado De La Piel 100% Natural Para Hacer En Casa: Ilumina Protege La Piel Antienvejecimiento Reafirma La Piel Minimiza Los Poros Hidrata Antioxidante Mejor,https://www.amazon.com.mx/dp/B0DNZ6YNSV,https://www.amazon.com/dp/B0DNZ6YNSV,M&H Customer Friendly Store,
,B0CZ6Y5GJK,1,Belleza,disponible,no disponible,,,2025-10-29T22:01:20.196Z,2025-10-30T02:50:18.670Z,2025-10-30T14:59:00.246Z,770.71,,$751.36,"SUERO AQUA SQUALANE 50 ml | Calmante, Hidratante interior, Reparador, Cuidado de poros, Control de sebo | 1.69 Fl Oz",https://www.amazon.com.mx/dp/B0CZ6Y5GJK,https://www.amazon.com/dp/B0CZ6Y5GJK,GUTTIDIRECT,
,B0CHS5CXGC,1,Belleza,disponible,no disponible,,,2025-10-29T22:01:20.196Z,2025-10-30T02:50:27.098Z,2025-10-30T14:59:08.080Z,511.55,,$505.35,"FV- Paquete de 2 bases de maquillaje líquidas hidratantes, resistentes al agua y ligeras, acabado natural con cobertura media",https://www.amazon.com.mx/dp/B0CHS5CXGC,https://www.amazon.com/dp/B0CHS5CXGC,SRKSB LLC,
,B0DGVN8R5D,1,Belleza,disponible,no disponible,,,2025-10-29T22:01:29.412Z,2025-10-30T02:50:35.112Z,2025-10-30T14:59:16.494Z,806.34,,$782.29,FLexiknee Sistema Facial De Microinfusión Micro Revive: Kit De Microagujas Para El Hogar Con Sello De Microagujas Y Suero De Ácido Hialurónico De Grado Médico Tecnología Avanzada De Microinf,https://www.amazon.com.mx/dp/B0DGVN8R5D,https://www.amazon.com/dp/B0DGVN8R5D,M&H Customer Friendly Store,
,B0DKYJM1TM,1,Belleza,disponible,no disponible,,,2025-10-29T22:01:29.412Z,2025-10-30T02:50:42.999Z,2025-10-30T14:59:24.579Z,1052.64,,"$1,034.63",Trybello Spray Capilar Hair Helper – Suero para Crecimiento de Cabello con Biotina y Aceite de Ricino – Tratamiento Anticaída con Cafeína para un Cabello más Grueso y Abundante – Repara el Adelgazamiento de Forma Natural – Fórmula Vegana y Libre de Crueldad,https://www.amazon.com.mx/dp/B0DKYJM1TM,https://www.amazon.com/dp/B0DKYJM1TM,SHOPENZA,
,B0DSCKZVDH,1,Belleza,disponible,no disponible,,,2025-10-29T22:01:29.412Z,2025-10-30T02:50:50.527Z,2025-10-30T14:59:32.783Z,387.04,,$388.36,Hiredit Pasta De Henna 100% Natural Lista Para Usar Para Teñir El Cabello Color Marrón Rojizo(Paquete De 3) Marrón oscuro,https://www.amazon.com.mx/dp/B0DSCKZVDH,https://www.amazon.com/dp/B0DSCKZVDH,DUKKI LLC,
,B0D9R2K9SL,1,Belleza,disponible,no disponible,,,2025-10-29T22:01:29.413Z,2025-10-30T02:50:59.354Z,2025-10-30T14:59:40.603Z,976.95,,$966.38,"Champú de romero para mujeres y hombres. Aceite de romero, ceramidas y proteínas para un cabello más fuerte. Apto para todo tipo de cabello y texturas. 250 ml/8,4 fl oz",https://www.amazon.com.mx/dp/B0D9R2K9SL,https://www.amazon.com/dp/B0D9R2K9SL,BELGUCAN Global,
,B0BDTJ1ZNB,1,Belleza,disponible,no disponible,,,2025-10-29T22:01:29.413Z,2025-10-30T02:51:07.801Z,2025-10-30T14:59:47.781Z,664.72,,$653.39,"Super Nature Potent Aloe Gentle Moisture Conditioner, 30 Fluid Ounces 31.3 Ounce",https://www.amazon.com.mx/dp/B0BDTJ1ZNB,https://www.amazon.com/dp/B0BDTJ1ZNB,RVDSHOP,
,B08XYCBSC6,1,Belleza,disponible,no disponible,,,2025-10-29T22:01:29.413Z,2025-10-30T02:51:15.084Z,2025-10-30T14:59:55.114Z,1706.3,,"$1,682.00",Universal Flare Care | 97% of Skin Issues | All Natural Flare Up Solution With Propolis & Egg Yolk Extract 4 oz | Body Mositurizer,https://www.amazon.com.mx/dp/B08XYCBSC6,https://www.amazon.com/dp/B08XYCBSC6,AUTO MATE,
,B0C1TF36TS,1,Belleza,disponible,no disponible,,,2025-10-29T22:01:29.413Z,2025-10-30T02:51:22.251Z,2025-10-30T15:00:03.239Z,902.36,,$873.98,Saie Rubor Rocío - Rubor Líquido Ligero Con Un Acabado Crema Mezclable + Construible - Tinte de Mejilla Rocío Con Aplicador de Maquillaje de Varita de Pie Fulano - Rubor Terracota Cálido - Picante(.40,https://www.amazon.com.mx/dp/B0C1TF36TS,https://www.amazon.com/dp/B0C1TF36TS,DUKKI LLC,
,B0BC9KXHZC,1,Belleza,disponible,no disponible,,,2025-10-29T22:01:29.413Z,2025-10-30T02:51:29.632Z,2025-10-30T15:00:11.915Z,541.91,,$534.62,"PEACE OUT- Puntos de acné para el cuidado de la piel, parches hidrocoloides para espinillas que ayudan a eliminar las imperfecciones durante la noche, tratamiento rápido galardonado",https://www.amazon.com.mx/dp/B0BC9KXHZC,https://www.amazon.com/dp/B0BC9KXHZC,GUTTIDIRECT,
,B0DLW67H22,1,Belleza,disponible,disponible,,,2025-10-29T22:01:29.413Z,2025-10-30T02:51:36.934Z,2025-10-30T15:00:18.866Z,573.81,12.99,$573.43,"Kit de extensiones de pestañas marrones en racimos, kit de extensiones de pestañas naturales, racimos de pestañas tenues, extensiones de pestañas en racimos con rizo en C, kit de extensiones de",https://www.amazon.com.mx/dp/B0DLW67H22,https://www.amazon.com/dp/B0DLW67H22,SHOPENZA,Lanflower US
,B0CB1SG31Z,1,Belleza,disponible,no disponible,,,2025-10-29T22:01:29.413Z,2025-10-30T02:51:45.268Z,2025-10-30T15:00:27.717Z,839,,$817.89,UNOVE Deep Damage Repair Shampoo 500ml/16.91fl.oz,https://www.amazon.com.mx/dp/B0CB1SG31Z,https://www.amazon.com/dp/B0CB1SG31Z,Skin Love MX,
,B00VIXFBAM,1,Belleza,disponible,no disponible,,,2025-10-29T22:01:29.413Z,2025-10-30T02:51:54.703Z,2025-10-30T15:00:36.422Z,499.13,,$495.62,"No Gray Quick Fix Instant Touch-Up for Gray Roots (Set of 2, Dark Brown)#",https://www.amazon.com.mx/dp/B00VIXFBAM,https://www.amazon.com/dp/B00VIXFBAM,DUKKI LLC,
,B07WH24NF4,1,Belleza,disponible,no disponible,,,2025-10-29T22:01:29.413Z,2025-10-30T02:52:02.683Z,2025-10-30T15:00:43.278Z,632.56,,$621.60,"Tarte- Corrector Shape Tape, neutro claro, crema",https://www.amazon.com.mx/dp/B07WH24NF4,https://www.amazon.com/dp/B07WH24NF4,DUKKI LLC,
,B0BB6B581W,1,Belleza,disponible,no disponible,,,2025-10-29T22:01:29.413Z,2025-10-30T02:52:11.008Z,2025-10-30T15:00:51.139Z,925.19,,$920.14,"Tarte- Máscara para tubos Tartelette Máscara para tubos Tartelette, multicolor, 1, 0,27 onzas líquidas",https://www.amazon.com.mx/dp/B0BB6B581W,https://www.amazon.com/dp/B0BB6B581W,SHOPENZA,
,B0DZMSJBSB,1,Belleza,disponible,disponible,,,2025-10-29T22:01:29.414Z,2025-10-30T02:52:23.210Z,2025-10-30T15:01:04.097Z,463.05,6.99,$435.81,Tazimi 12 Hojas De Tatuajes Temporales Grandes De La Vieja Escuela Para Mujeres Hombres Y Adultos Estilo Retro Americano Tradicional Para Medio Brazo/Diy Combinación Gratuita Tatuajes Falsos,https://www.amazon.com.mx/dp/B0DZMSJBSB,https://www.amazon.com/dp/B0DZMSJBSB,Confido,yunduli
,B08KQGVVP5,1,Belleza,disponible,no disponible,,,2025-10-29T22:01:29.414Z,2025-10-30T02:52:31.185Z,2025-10-30T15:01:12.437Z,1617.42,,"$1,602.50","abril et nature - Set de Cuidado Capilar Profesional Reparador - Nature Plex, STOP Rotura - Pack Champú, Mascarilla y Sérum para Cabellos Muy Tratados o Dañados - Previene, Protege y Repara - 550 ml",https://www.amazon.com.mx/dp/B08KQGVVP5,https://www.amazon.com/dp/B08KQGVVP5,SHOPENZA,
,B0D5ZJF1YC,1,Belleza,disponible,no disponible,,,2025-10-29T22:01:29.414Z,2025-10-30T02:52:40.022Z,2025-10-30T15:01:19.567Z,755.4,,$741.14,"Spacer Mobility El Espaciador Del Dedo Del Pie, La Recuperación Desde El Suelo Hacia Arriba, Corrige Los Juanetes, La Fascitis Plantar y Corregir Los Dedos Del Pie | Espaciador Terapéutico Unisex Del",https://www.amazon.com.mx/dp/B0D5ZJF1YC,https://www.amazon.com/dp/B0D5ZJF1YC,M&H Customer Friendly Store,
,B0DFCP8HX4,1,Belleza,disponible,no disponible,,,2025-10-29T22:01:41.427Z,2025-10-30T02:52:47.597Z,2025-10-30T15:01:27.662Z,484.01,,$480.63,"Spray Identificador de Cabello para Afeitar el Rostro, Spray en Polvo para Afeitar Identificador de Cabello con Maquinillas de Afeitar, Juego Identificador de Cabello para Dermaplaning Facial de",https://www.amazon.com.mx/dp/B0DFCP8HX4,https://www.amazon.com/dp/B0DFCP8HX4,SHOPENZA,
,B01MQJZI9D,1,Belleza,disponible,no disponible,,,2025-10-29T22:01:41.427Z,2025-10-30T02:52:56.622Z,2025-10-30T15:01:35.633Z,1479.75,,"$1,427.68",WHC – UnoCardio X2 – Triglyceride Omega-3 ácidos grasos – 1270 mg de pescado Suplemento de aceite (622 mg EPA / 420 mg DHA/Total 1150 mg de Omega 3 por porción),https://www.amazon.com.mx/dp/B01MQJZI9D,https://www.amazon.com/dp/B01MQJZI9D,Abundant Peace,
,B0C8SQN7S6,1,Belleza,disponible,no disponible,,,2025-10-29T22:01:41.427Z,2025-10-30T02:53:05.412Z,2025-10-30T15:01:43.862Z,754.95,,$746.38,"EPAIS Essential Eyelash Growth Serum, Jumbo Size 15ml/0.5fl.oz - Safe & Gentle Lashes Care, Nutrient Formula for Longer, Fuller, Thicker in 2 Weeks, Peptides, Biotin, Non-Prostaglandin, Paraben-Free",https://www.amazon.com.mx/dp/B0C8SQN7S6,https://www.amazon.com/dp/B0C8SQN7S6,Natural  Mx ⭐ (Facturamos),
,B07SSTYG3S,1,Belleza,disponible,no disponible,,,2025-10-29T22:01:41.428Z,2025-10-30T02:53:14.242Z,2025-10-30T15:01:52.286Z,1884.11,,"$1,769.02","TYLER Glamorous Wash, Diva, 907 g. - 2 unidades.",https://www.amazon.com.mx/dp/B07SSTYG3S,https://www.amazon.com/dp/B07SSTYG3S,MARVEL INC.,
,B0D8LMPD3D,1,Belleza,disponible,no disponible,,,2025-10-29T22:01:41.428Z,2025-10-30T02:53:21.639Z,2025-10-30T15:01:59.730Z,455.66,,$459.00,"Meilury- Spray identificador de cabello para afeitado facial, hidratación y cuidado de la piel Spray dermaplaner, Glow Reveal Face",https://www.amazon.com.mx/dp/B0D8LMPD3D,https://www.amazon.com/dp/B0D8LMPD3D,SHOPENZA,
,B004HKQNYG,1,Belleza,disponible,no disponible,,,2025-10-29T22:01:41.428Z,2025-10-30T02:53:29.607Z,2025-10-30T15:02:07.322Z,781.71,,$759.65,"Plantur 39 Phyto-Caffeine Shampoo for Colored, Stressed Hair 250 ml",https://www.amazon.com.mx/dp/B004HKQNYG,https://www.amazon.com/dp/B004HKQNYG,M&H Customer Friendly Store,
,B00C4YJL96,1,Belleza,disponible,no disponible,,,2025-10-29T22:01:41.428Z,2025-10-30T02:53:38.245Z,2025-10-30T15:02:15.925Z,627.39,,$626.47,"finipil Lait 50,1.5 fl oz, 44 ml by finipil Lait",https://www.amazon.com.mx/dp/B00C4YJL96,https://www.amazon.com/dp/B00C4YJL96,SHOPENZA,
,B0CL7KY8R5,1,Belleza,disponible,no disponible,,,2025-10-29T22:01:41.428Z,2025-10-30T02:53:46.011Z,2025-10-30T15:02:22.216Z,1393.76,,"$1,427.68","NUUD Family Pack – Nueva fórmula – Desodorante natural en crema vegana contra el olor a sudor – Cosmética natural sin aluminio, alcohol, productos químicos y pruebas en animales – suficiente para 40",https://www.amazon.com.mx/dp/B0CL7KY8R5,https://www.amazon.com/dp/B0CL7KY8R5,FAHA ST,
,B0D61RV3PK,1,Belleza,disponible,no disponible,,,2025-10-29T22:01:41.428Z,2025-10-30T02:53:54.722Z,2025-10-30T15:02:30.424Z,706.26,,$696.43,"House of Hur-Bálsamo limpiador purificante, fórmula tipo sorbete, práctico molinillo: elimina eficazmente los residuos de maquillaje y los puntos negros sin resecar la piel.",https://www.amazon.com.mx/dp/B0D61RV3PK,https://www.amazon.com/dp/B0D61RV3PK,RM FLEX DISTRIBUIDOR,
,B0CP8G2NQF,1,Belleza,disponible,no disponible,,,2025-10-29T22:01:41.428Z,2025-10-30T02:54:02.420Z,2025-10-30T15:02:37.251Z,442.19,,$434.39,Natrulo- Jabón en barra de sebo de res: jabón de sebo de vaca alimentado con pasto totalmente natural sin fragancia: gel de baño hidratante para rostro y cuerpo,https://www.amazon.com.mx/dp/B0CP8G2NQF,https://www.amazon.com/dp/B0CP8G2NQF,GUTTIDIRECT,
,B0DMN4PRXK,1,Belleza,disponible,no disponible,,,2025-10-29T22:01:41.428Z,2025-10-30T02:54:10.688Z,2025-10-30T15:02:44.813Z,516.99,,$495.20,"Base de maquillaje 4 en 1 con FPS 50+, de larga duración y resistente al agua, que cambia de color, corrector hidratante de espectro claro para gimnasios y deportes, 30 g/1,05 fl.oz.",https://www.amazon.com.mx/dp/B0DMN4PRXK,https://www.amazon.com/dp/B0DMN4PRXK,MARVEL INC.,
,B0DMSDKLSB,1,Belleza,disponible,no disponible,,,2025-10-29T22:01:41.428Z,2025-10-30T02:54:18.161Z,2025-10-30T15:02:52.791Z,799.17,,$774.53,OOZNARY Suero Ooznary Jet Blue Con 8 Tipos De Ácido Hialurónico Y Ceramida Extra Hidratante Para La Piel(50 Ml),https://www.amazon.com.mx/dp/B0DMSDKLSB,https://www.amazon.com/dp/B0DMSDKLSB,M&H Customer Friendly Store,
,B0DQVDGC99,1,Belleza,disponible,no disponible,,,2025-10-29T22:01:41.429Z,2025-10-30T02:54:26.253Z,2025-10-30T15:03:00.317Z,1210.65,,"$1,206.26","Neebol Kit De Pistola De Tatuaje Inalámbrica, Pluma Rotativa Inalámbrica Con Memoria De Modos, Batería De 6 H, Suministros Para Tatuajes, Kit Completo De Máquina De Tatuaje, Regalo Para Principiantes",https://www.amazon.com.mx/dp/B0DQVDGC99,https://www.amazon.com/dp/B0DQVDGC99,GUTTIDIRECT,
,B08YNMFVWP,1,Belleza,disponible,no disponible,,,2025-10-29T22:01:41.429Z,2025-10-30T02:54:35.104Z,2025-10-30T15:03:06.997Z,791.6,,$782.85,"Spray de Sal Marina para Cabello Hombre Forte Series, Volumen y Textura con Acabado Natural, Realza Ondas y Rizos, Fórmula sin Alcohol, 118 ml (4 oz)",https://www.amazon.com.mx/dp/B08YNMFVWP,https://www.amazon.com/dp/B08YNMFVWP,SRKSB LLC,
,B00JIV463E,1,Belleza,disponible,no disponible,,,2025-10-29T22:01:41.429Z,2025-10-30T02:54:42.466Z,2025-10-30T15:03:14.509Z,1160.68,,"$1,150.23",Caboki Hair Loss Concealer 25g BLACK by Caboki,https://www.amazon.com.mx/dp/B00JIV463E,https://www.amazon.com/dp/B00JIV463E,BELGUCAN Global,
,B0DGVCX3NF,1,Belleza,disponible,no disponible,,,2025-10-29T22:01:41.429Z,2025-10-30T02:54:51.186Z,2025-10-30T15:03:21.677Z,652.56,,$651.45,Fazit - Parches de maquillaje – Parches de maquillaje facial – Maquillaje facial belleza – Manchas naranjas – Manchas naranjas impermeables – Manchas temporales para mujeres – 6 unidades,https://www.amazon.com.mx/dp/B0DGVCX3NF,https://www.amazon.com/dp/B0DGVCX3NF,Abundant Peace,
,B0DCSJMF9Q,1,Belleza,disponible,disponible,,,2025-10-29T22:01:54.083Z,2025-10-30T02:54:59.526Z,2025-10-30T15:03:30.455Z,453.81,7.19,$439.06,"Paquete de 10 mascarillas faciales de frutas para niños, juego de mascarillas faciales para el cuidado de la piel para fiestas de spa, mascarillas en láminas para el cuidado de la piel, humectan,",https://www.amazon.com.mx/dp/B0DCSJMF9Q,https://www.amazon.com/dp/B0DCSJMF9Q,MARVEL INC.,KaelyCosmetics
,B0DB2KTP3M,1,Belleza,disponible,no disponible,,,2025-10-29T22:01:54.083Z,2025-10-30T02:55:13.054Z,2025-10-30T15:03:43.886Z,745.77,,$739.66,"Suero de ácido tranexámico al 10%, suero para el tratamiento de manchas oscuras e hiperpigmentación: fórmula avanzada con ácido tranexámico al 10%, niacinamida al 5% y bakuchiol, 60 ml (2, 4",https://www.amazon.com.mx/dp/B0DB2KTP3M,https://www.amazon.com/dp/B0DB2KTP3M,SHOPENZA,
,B0DJNLHD62,1,Belleza,disponible,no disponible,,,2025-10-29T22:01:54.083Z,2025-10-30T02:55:22.631Z,2025-10-30T15:03:51.170Z,1196.69,,"$1,184.15","""Remedy Science ""Remedio para un envejecimiento saludable: tratamiento antienvejecimiento para arrugas, textura y tono desiguales con retinaldehído, argirelina, matrixyl 3000, ácido glicólico y ácid",https://www.amazon.com.mx/dp/B0DJNLHD62,https://www.amazon.com/dp/B0DJNLHD62,DUKKI LLC,
,B0DM2284X8,1,Belleza,disponible,no disponible,,,2025-10-29T22:01:54.083Z,2025-10-30T02:55:30.047Z,2025-10-30T15:03:58.488Z,532.06,,$526.88,"VOERUY- 【EXFOLIANTE DETOX PARA AXILAS】¡Dígale adiós a la acumulación persistente, los olores desagradables y el tono de piel desigual con nuestro exfoliante para axilas con árbol de té y menta! Diseña",https://www.amazon.com.mx/dp/B0DM2284X8,https://www.amazon.com/dp/B0DM2284X8,M&H Customer Friendly Store,
,B0B9P4N3TR,1,Belleza,disponible,no disponible,,,2025-10-29T22:01:54.083Z,2025-10-30T02:55:37.419Z,2025-10-30T15:04:05.338Z,679.36,,$668.07,"FERIHA- Jabón negro marroquí de primera calidad con aceite de argán orgánico, 100% auténtico, jabón artesanal Beldi, de origen Cr",https://www.amazon.com.mx/dp/B0B9P4N3TR,https://www.amazon.com/dp/B0B9P4N3TR,M&H Customer Friendly Store,
,B0CFSVH4L7,1,Belleza,disponible,no disponible,,,2025-10-29T22:01:54.083Z,2025-10-30T02:55:46.229Z,2025-10-30T15:04:12.192Z,803.5,,$807.16,Saltair- - Aceite corporal Santal Bloom - Hidratante corporal nutritivo,https://www.amazon.com.mx/dp/B0CFSVH4L7,https://www.amazon.com/dp/B0CFSVH4L7,AMY Marketplace,
,B0BR5XSPLF,1,Belleza,disponible,no disponible,,,2025-10-29T22:01:54.083Z,2025-10-30T02:55:53.941Z,2025-10-30T15:04:18.433Z,756.36,,$734.96,"7better LLC Crema Remoción de Estrías y Cicatrices para El Embarazo - Reparación de Cicatrices, Reafirmante Abdominal, y Suave Erradicación de Estrías Cuidado de La Piel Cuerpo",https://www.amazon.com.mx/dp/B0BR5XSPLF,https://www.amazon.com/dp/B0BR5XSPLF,M&H Customer Friendly Store,
,B07N7LQHZQ,1,Belleza,disponible,no disponible,,,2025-10-29T22:01:54.084Z,2025-10-30T02:56:02.148Z,2025-10-30T15:04:25.932Z,750,,$713.69,Exershield- Loción pre-natación: crema protectora para nadadores: protege la piel de los efectos de sequedad y picazón de las heces.,https://www.amazon.com.mx/dp/B07N7LQHZQ,https://www.amazon.com/dp/B07N7LQHZQ,REG VITAMINS,
,B07Z93JR1M,1,Belleza,disponible,no disponible,,,2025-10-29T22:01:54.084Z,2025-10-30T02:56:11.079Z,2025-10-30T15:04:33.256Z,531.96,,$505.40,"120 ml PURC máscara de tratamiento molecular para el cabello, tratamiento mágico puro para el cabello, acondicionador profundo de 5 segundos para reparar cabello dañado en seco, raíz de cabello, tratamiento tónico de queratina para cabello y piel cabelludo (120 ml)",https://www.amazon.com.mx/dp/B07Z93JR1M,https://www.amazon.com/dp/B07Z93JR1M,Boon Shopping,
,B0DH92PMKD,1,Belleza,disponible,no disponible,,,2025-10-29T22:01:54.084Z,2025-10-30T02:56:19.464Z,2025-10-30T15:04:41.355Z,892.92,,$885.34,Bronceador líquido Dew Bronze Soft Focus + contorno líquido enriquecido con glicerina de origen vegetal para difuminar sin esfuerzo y nutrir profundamente la piel. Regalos navideños en tamaño de,https://www.amazon.com.mx/dp/B0DH92PMKD,https://www.amazon.com/dp/B0DH92PMKD,SHOPENZA,
,B0D7MWNL4F,1,Belleza,disponible,no disponible,,,2025-10-29T22:01:54.084Z,2025-10-30T02:56:28.302Z,2025-10-30T15:04:49.690Z,766.63,,$745.93,"Parnell Cicamanu Suero En Cojín Mate (#23 Beige Natural, 15G)",https://www.amazon.com.mx/dp/B0D7MWNL4F,https://www.amazon.com/dp/B0D7MWNL4F,M&H Customer Friendly Store,
,B09GXQHY9P,1,Belleza,disponible,no disponible,,,2025-10-29T22:01:54.084Z,2025-10-30T02:56:37.089Z,2025-10-30T15:04:55.862Z,1406.72,,"$1,382.55","VEGAMOUR- Champú revitalizante GRO, que favorece un cabello más grueso y con más volumen, champú formulado sin sulfatos",https://www.amazon.com.mx/dp/B09GXQHY9P,https://www.amazon.com/dp/B09GXQHY9P,ELEGANCE LLC.,
,B0CRWD717W,1,Belleza,disponible,no disponible,,,2025-10-29T22:01:54.084Z,2025-10-30T02:56:46.263Z,2025-10-30T15:05:03.671Z,737.3,,$734.07,Face Lift Tape Invisible for Wrinkles | Face Tape Lifting Invisible | Facelift Tape for Face Invisible | Eye Tape Lifting Invisible | Facelift Tape | Skin Tape for Face | Face Lift Tape 192 Pieces Set,https://www.amazon.com.mx/dp/B0CRWD717W,https://www.amazon.com/dp/B0CRWD717W,SHOPENZA,
,B0B9J217C2,1,Belleza,disponible,no disponible,,,2025-10-29T22:01:54.084Z,2025-10-30T02:56:53.827Z,2025-10-30T15:05:11.834Z,690.88,,$667.95,"KWANGDONG- Péptidos de colágeno de mango Vita500 en barra de gelatina coreana con vitamina C | Colágeno marino para el cabello, la piel,",https://www.amazon.com.mx/dp/B0B9J217C2,https://www.amazon.com/dp/B0B9J217C2,GUTTIDIRECT,
,B0BTJBPQ5P,1,Belleza,disponible,no disponible,,,2025-10-29T22:01:54.084Z,2025-10-30T02:57:03.011Z,2025-10-30T15:05:19.258Z,694.85,,$679.62,"Umberto Giannini Kit de Inicio de Curl Jelly - Gelatina, Champú y Acondicionador para Rizos de Tamaño de Viaje",https://www.amazon.com.mx/dp/B0BTJBPQ5P,https://www.amazon.com/dp/B0BTJBPQ5P,M&H Customer Friendly Store,
,B078HRLSKS,1,Belleza,disponible,no disponible,,,2025-10-29T22:01:54.084Z,2025-10-30T02:57:10.773Z,2025-10-30T15:05:26.068Z,463.9,,$463.47,Varon Dandy After Shave 3.3 Fl Oz,https://www.amazon.com.mx/dp/B078HRLSKS,https://www.amazon.com/dp/B078HRLSKS,SRKSB LLC,
,B0CGVVVJ7W,1,Belleza,disponible,no disponible,,,2025-10-29T22:02:06.136Z,2025-10-30T02:57:18.208Z,2025-10-30T15:05:33.263Z,657.08,,$648.85,"SKINDINAVIA- Skindinavia The Makeup Finishing Spray, Spray fijador para novias, control de temperatura para uso durante todo el día,",https://www.amazon.com.mx/dp/B0CGVVVJ7W,https://www.amazon.com/dp/B0CGVVVJ7W,DUKKI LLC,
,B099MZGLHP,1,Belleza,disponible,no disponible,,,2025-10-29T22:02:06.136Z,2025-10-30T02:57:27.481Z,2025-10-30T15:05:41.364Z,562.48,,$561.78,"FRANKLY- LUMINOSIDAD INSTANTÁNEA Y PIEL TERSA: La sinergia de nueve péptidos, adenosina y colágeno vegano crea una tez luminosa y elástica, revitalizando la luminosidad saludable de la piel.",https://www.amazon.com.mx/dp/B099MZGLHP,https://www.amazon.com/dp/B099MZGLHP,SHOPENZA,
,B0D5Z4HGJ9,1,Belleza,disponible,no disponible,,,2025-10-29T22:02:06.136Z,2025-10-30T02:57:35.569Z,2025-10-30T15:05:48.463Z,755.4,,$741.14,"Spacer Mobility El Espaciador Del Dedo Del Pie, La Recuperación Desde El Suelo Hacia Arriba, Corrige Los Juanetes, La Fascitis Plantar y Corregir Los Dedos Del Pie | Espaciador Terapéutico Unisex Del",https://www.amazon.com.mx/dp/B0D5Z4HGJ9,https://www.amazon.com/dp/B0D5Z4HGJ9,M&H Customer Friendly Store,
,B0DGYZLP71,1,Belleza,disponible,no disponible,,,2025-10-29T22:02:06.136Z,2025-10-30T02:57:42.997Z,2025-10-30T15:05:54.948Z,719.06,,$711.39,Crema hidratante para el pene para hombres Crema totalmente natural para la salud del pene Crema para aliviar el roce y la irritación para aumentar la sensibilidad y el placer del pene Gel para la,https://www.amazon.com.mx/dp/B0DGYZLP71,https://www.amazon.com/dp/B0DGYZLP71,SRKSB LLC,
,B0BJHC87C9,1,Belleza,disponible,no disponible,,,2025-10-29T22:02:06.136Z,2025-10-30T02:57:50.924Z,2025-10-30T15:06:03.152Z,722.71,,$714.25,"Geologie Desodorante Natural Moab | Bergamota + Enebro Aroma para Hombres y Mujeres | Piel Sensible Segura | Sin Aluminio, Sin Hornear Sin Soda, Probado Por Dermatólogos, Vegano, Sin Sulfatos, Sin Par",https://www.amazon.com.mx/dp/B0BJHC87C9,https://www.amazon.com/dp/B0BJHC87C9,BELGUCAN Global,
,B092D6Z4LG,1,Belleza,disponible,no disponible,,,2025-10-29T22:02:06.137Z,2025-10-30T02:58:03.102Z,2025-10-30T15:06:15.877Z,1823.31,,"$1,827.54",GD11- Tratamiento de exosomas celulares Premium Rx | Set de cuidado de la piel estético para el hogar Premium para suero regenerador de la piel,https://www.amazon.com.mx/dp/B092D6Z4LG,https://www.amazon.com/dp/B092D6Z4LG,Premium Global,
,B09YQ8W6V2,1,Belleza,disponible,no disponible,,,2025-10-29T22:02:06.137Z,2025-10-30T02:58:11.492Z,2025-10-30T15:06:24.763Z,618.34,,$619.36,SKINTIFIC Moisturizing Cream | Face Moisturizer for All Skin | Facial Creams with Hyaluronic Acid and 5X Ceramides | Hydrating Moisturizer | Fragrance Free Non-Comedogenic,https://www.amazon.com.mx/dp/B09YQ8W6V2,https://www.amazon.com/dp/B09YQ8W6V2,Rendomin,
,B08D1M46LZ,1,Belleza,disponible,no disponible,,,2025-10-29T22:02:06.137Z,2025-10-30T02:58:19.389Z,2025-10-30T15:06:32.767Z,2043.12,,"$2,048.79",Felps Sellado térmico profesional Omega Zero Unique Nanoplastia 500ml/16.9fl.oz,https://www.amazon.com.mx/dp/B08D1M46LZ,https://www.amazon.com/dp/B08D1M46LZ,Premium Global,
,B0F385JJVM,1,Belleza,disponible,no disponible,,,2025-10-29T22:02:06.137Z,2025-10-30T02:58:26.828Z,2025-10-30T15:06:40.866Z,1033.19,,"$1,002.64","KVM Kit De Pluma De Tatuaje Oled Inalámbrica, Cartuchos Para Pistola De Tatuaje, Kit De Pistola De Tatuaje Rotativa Inalámbrica, Incluye 57 Accesorios Para Tatuajes, Ideal Para Artistas Del Tatuaje.",https://www.amazon.com.mx/dp/B0F385JJVM,https://www.amazon.com/dp/B0F385JJVM,SRKSB LLC,
,B0D7SV3GKN,1,Belleza,disponible,no disponible,,,2025-10-29T22:02:06.137Z,2025-10-30T02:58:34.413Z,2025-10-30T15:06:49.424Z,1780.58,,"$1,746.50",Alda Beauty Care- Tratamiento de queratina: el paquete combinado incluye un tratamiento de alisado de cabello con queratina brasileña de 32 oz de fórmula fuerte + champú clarificante de 16 oz y nuestr,https://www.amazon.com.mx/dp/B0D7SV3GKN,https://www.amazon.com/dp/B0D7SV3GKN,BROWN LEAVES LLC,
,B0D9D2CG16,1,Belleza,disponible,disponible,,PRICE_AND_SELLER_NOT_FOUND,2025-10-29T22:02:06.137Z,2025-10-30T02:58:41.826Z,2025-10-30T15:06:56.290Z,542.35,,$533.23,ZCMN Paquete De 2 Crema Facial Para Todo El Día Y Noche - 31 Crema Escudo Todo El Día Y 102 Crema Renovadora Nocturna -Cuidado Intensivo De La Piel Crema Hidratante E Hidratante E,https://www.amazon.com.mx/dp/B0D9D2CG16,https://www.amazon.com/dp/B0D9D2CG16,MARVEL INC.,
,B0CPHQ6WY1,1,Belleza,disponible,no disponible,,,2025-10-29T22:02:06.137Z,2025-10-30T02:58:49.428Z,2025-10-30T15:07:03.442Z,1092.5,,"$1,084.02","Sacheu Lip Liner Stay-N - Peel Off Lip Liner Tattoo, Peel Off Lip Stain, Long Lasting Lip Stain Peel Off, Infused with Hyaluronic Acid & Vitamin E, For All Skin Types, Core Bundle",https://www.amazon.com.mx/dp/B0CPHQ6WY1,https://www.amazon.com/dp/B0CPHQ6WY1,BELGUCAN Global,
,B0BMDV7SFP,1,Belleza,disponible,no disponible,,,2025-10-29T22:02:06.137Z,2025-10-30T02:58:57.929Z,2025-10-30T15:07:11.770Z,960.65,,$936.81,Face Reset Cleanser,https://www.amazon.com.mx/dp/B0BMDV7SFP,https://www.amazon.com/dp/B0BMDV7SFP,Prime Nutrition MX,
,B0CJQJ1TWF,1,Belleza,disponible,no disponible,,,2025-10-29T22:02:06.137Z,2025-10-30T02:59:06.147Z,2025-10-30T15:07:19.873Z,730.43,,$724.73,"JUSIZA Aleppo Soap (4 Pack - 7 oz each)%20 Laurel Oil,%80 Olive Oil, Traditional Production, Natural - Vegan – Handmade",https://www.amazon.com.mx/dp/B0CJQJ1TWF,https://www.amazon.com/dp/B0CJQJ1TWF,DUKKI LLC,
,B0B92R6LJG,1,Belleza,disponible,no disponible,,,2025-10-29T22:02:06.138Z,2025-10-30T02:59:14.847Z,2025-10-30T15:07:27.788Z,466,,$460.85,Tratamiento para el cabello sin enjuague Xcellerate35 - EE. UU. por Xcellerate35 para unisex - Tratamiento de 2 oz,https://www.amazon.com.mx/dp/B0B92R6LJG,https://www.amazon.com/dp/B0B92R6LJG,DOFER,
,B0CH9JJX74,1,Belleza,disponible,no disponible,,,2025-10-29T22:02:06.138Z,2025-10-30T02:59:23.461Z,2025-10-30T15:07:34.350Z,517.99,,$548.44,"Versatile High-Potency Argireline Peptide: Only Needs 2 Drops for Intensive Wrinkle Care, Tightened Pores, and Enhanced Skin Elasticity in Any Routine Acetyl Hexapeptide-8 20% Concentrate 10ml",https://www.amazon.com.mx/dp/B0CH9JJX74,https://www.amazon.com/dp/B0CH9JJX74,"LA MEJOR OPCION, FACTURAMOS TODOS TUS PEDIDOS",
,B0CJMVX491,1,Belleza,disponible,no disponible,,,2025-10-29T22:02:20.192Z,2025-10-30T02:59:30.437Z,2025-10-30T15:07:41.917Z,932.84,,$935.85,"HERBBY Champú de Color de Cabello para Cabello Gris Coverage&Color Transform Con 9 Extractos de Hierbas —Larga Duración(6-8 Semanas), Brillante, de Color Uniforme, Tinte para Cabello Instantáneo Champ",https://www.amazon.com.mx/dp/B0CJMVX491,https://www.amazon.com/dp/B0CJMVX491,M&H Customer Friendly Store,
,B00EARSV3M,1,Belleza,disponible,no disponible,,,2025-10-29T22:02:20.193Z,2025-10-30T02:59:38.358Z,2025-10-30T15:07:49.048Z,639.06,,$619.36,pompeia lotion. traditional 100ml bottle imported from france,https://www.amazon.com.mx/dp/B00EARSV3M,https://www.amazon.com/dp/B00EARSV3M,GUTTIDIRECT,
,B0CPPGHLT2,1,Belleza,disponible,no disponible,,,2025-10-29T22:02:20.193Z,2025-10-30T02:59:45.138Z,2025-10-30T15:07:57.080Z,449.6,,$449.51,"VISRIE- Paquete de 32 bálsamos labiales, bálsamo labial natural a granel con vitamina E y aceite de coco, bálsamo labial hidratante para labios secos",https://www.amazon.com.mx/dp/B0CPPGHLT2,https://www.amazon.com/dp/B0CPPGHLT2,SHOPENZA,
,B0DGVP5LDS,1,Belleza,disponible,no disponible,,,2025-10-29T22:02:20.193Z,2025-10-30T02:59:53.595Z,2025-10-30T15:08:04.594Z,502.69,,$503.31,Crema humectante de sebo de res para la piel Sebo de res batido 100% alimentado con pasto Aceite de jojoba orgánico Manteca de karité orgánica Ayuda con el eccema y la rosácea Fabricado en EE. UU.,https://www.amazon.com.mx/dp/B0DGVP5LDS,https://www.amazon.com/dp/B0DGVP5LDS,SRKSB LLC,
,B0CSGCG8V9,1,Belleza,disponible,no disponible,,,2025-10-29T22:02:20.193Z,2025-10-30T03:00:03.067Z,2025-10-30T15:08:11.866Z,743.79,,$735.36,VITAL AFFAIR Batana Oil-Aceite Para El Crecimiento Del Cabello 4 Fl Oz-Botella De Vidrio-Prensado En Frío -100% Crudo-Dr Sebi Recomendado-Nutrientes Esenciales-Para Mujeres Y Hombres Amarillo Verdoso,https://www.amazon.com.mx/dp/B0CSGCG8V9,https://www.amazon.com/dp/B0CSGCG8V9,SRKSB LLC,
,B01L2A1TGA,1,Belleza,disponible,no disponible,,,2025-10-29T22:02:20.193Z,2025-10-30T03:00:10.929Z,2025-10-30T15:08:19.655Z,768.28,,$758.08,"NEMAT ENTERPRISES Amber Perfume Oil, 10 ML#",https://www.amazon.com.mx/dp/B01L2A1TGA,https://www.amazon.com/dp/B01L2A1TGA,SRKSB LLC,
,B07449R8M4,1,Belleza,disponible,no disponible,,,2025-10-29T22:02:20.193Z,2025-10-30T03:00:18.700Z,2025-10-30T15:08:26.811Z,442.44,,$445.85,"Cera di Cupra""Bianca per Pelli Normali"" crema para piel normal, fórmula antiedad, tubo de 75 ml [importación italiana]",https://www.amazon.com.mx/dp/B07449R8M4,https://www.amazon.com/dp/B07449R8M4,SRKSB LLC,
,B092J6TYML,1,Belleza,disponible,no disponible,,,2025-10-29T22:02:20.193Z,2025-10-30T03:00:26.052Z,2025-10-30T15:08:35.052Z,643.83,,$644.57,"NOVEHA Máscara de ojos ultra cálida, tecnología de calor húmedo para ojos secos sensibles, activada por microondas, alivia el olor o el ojo rosa, tratamiento de agua térmica para ojos irritados y golpes de párpados",https://www.amazon.com.mx/dp/B092J6TYML,https://www.amazon.com/dp/B092J6TYML,SHOPENZA,
,B08K7NDMBQ,1,Belleza,disponible,no disponible,,,2025-10-29T22:02:20.193Z,2025-10-30T03:00:34.094Z,2025-10-30T15:08:43.276Z,741.54,,$723.52,Bravado Labs - Penile Health Cream 4oz,https://www.amazon.com.mx/dp/B08K7NDMBQ,https://www.amazon.com/dp/B08K7NDMBQ,M&H Customer Friendly Store,
,B0DB9ZWGHF,1,Belleza,disponible,no disponible,,,2025-10-29T22:02:20.193Z,2025-10-30T03:00:47.480Z,2025-10-30T15:08:55.841Z,515.8,,$515.76,"Jabón de ácido kójico para la hiperpigmentación – Gel de baño de papaya kójica para aclarar la piel – El jabón para manchas oscuras reduce el acné, las cicatrices y unifica el tono de la piel – Gel",https://www.amazon.com.mx/dp/B0DB9ZWGHF,https://www.amazon.com/dp/B0DB9ZWGHF,GUTTIDIRECT,
,B0D1QGKH4K,1,Belleza,disponible,no disponible,,,2025-10-29T22:02:20.194Z,2025-10-30T03:00:55.000Z,2025-10-30T15:09:04.484Z,578,,$627.34,"Tarte- Máscara de pestañas tartelette™ XL, tamaño de viaje, 0,13 onzas líquidas (paquete de 1), color negro",https://www.amazon.com.mx/dp/B0D1QGKH4K,https://www.amazon.com/dp/B0D1QGKH4K,ASI PROVEEDORA S DE RL,
,B0D4V5D5ZJ,1,Belleza,disponible,no disponible,,,2025-10-29T22:02:20.194Z,2025-10-30T03:01:03.992Z,2025-10-30T15:09:11.614Z,733.4,,$720.32,"Italwax- Top Line Orchid 0,45Kg / 1lb Perlas de cera dura para depilación Fragancia a orquídea Forma sintética",https://www.amazon.com.mx/dp/B0D4V5D5ZJ,https://www.amazon.com/dp/B0D4V5D5ZJ,GUTTIDIRECT,
,B0CGS2KTPF,1,Belleza,disponible,no disponible,,,2025-10-29T22:02:20.194Z,2025-10-30T03:01:13.032Z,2025-10-30T15:09:19.374Z,1245.74,,"$1,199.06","Dom Dom Cepillo de Pelo de Cerdas de Jabalí de Nylon, Cepillo Redondo para Secado Por Soplado, Cepillo de Soplado de Barril Mediano de 2.3"", Cepillo Antiestático, Mango de Agarre Cómodo de Corcho, Her",https://www.amazon.com.mx/dp/B0CGS2KTPF,https://www.amazon.com/dp/B0CGS2KTPF,DUKKI LLC,
,B0DJD2NN19,1,Belleza,disponible,no disponible,,,2025-10-29T22:02:20.194Z,2025-10-30T03:01:21.890Z,2025-10-30T15:09:26.645Z,672,,$677.16,"DELPHYR Tónico Facial en Espuma con Liposomas y Centella Asiática (TECA) – hidratación ligera, equilibrio de sebo y confort para piel sensible, mixta o grasa – 150 ml",https://www.amazon.com.mx/dp/B0DJD2NN19,https://www.amazon.com/dp/B0DJD2NN19,ALIPA COMERCIALIZADORA/ FACTURAMOS TU COMPRA,
,B0CG3H8V61,1,Belleza,disponible,no disponible,,,2025-10-29T22:02:20.194Z,2025-10-30T03:01:31.015Z,2025-10-30T15:09:34.612Z,1402.41,,"$1,398.27","LuminaSkin CE Ferulic Serum Skin Care Vitamin C E Ferulic Acid Serum - Vitamin C Serum for Face - Dark Spot Corrector, Anti Aging Face Care 1 Oz",https://www.amazon.com.mx/dp/B0CG3H8V61,https://www.amazon.com/dp/B0CG3H8V61,Abundant Peace,
,B0D9PLBD47,1,Belleza,disponible,no disponible,,,2025-10-29T22:02:20.194Z,2025-10-30T03:01:39.542Z,2025-10-30T15:09:42.216Z,2119.02,,"$2,105.22","VEGAMOUR Gro+ Advanced Cabelo Serum | Mejora La Densidad Del Cabello, Reduce La Caída Y Promueve Un Cuero Cabelludo Equilibrado | Para Signos Severos De Adelgazamiento | Formulado Sin Fragancia, Vegan",https://www.amazon.com.mx/dp/B0D9PLBD47,https://www.amazon.com/dp/B0D9PLBD47,STAWAMUS LLC,
,B0D1N732K4,1,Belleza,disponible,no disponible,,,2025-10-29T22:02:30.376Z,2025-10-30T03:01:47.768Z,2025-10-30T15:09:50.695Z,860.23,,$849.67,"Forge Skin Suero de noche antiarrugas Forge Men 50 ml Ingredientes esenciales: sebo de res, vitamina C, antienvejecimiento, hidratación profunda, refuerzo de colágeno, reducción de líneas finas para todo tipo",https://www.amazon.com.mx/dp/B0D1N732K4,https://www.amazon.com/dp/B0D1N732K4,BELGUCAN Global,
,B0BKYV6K5J,1,Belleza,disponible,no disponible,,,2025-10-29T22:02:30.376Z,2025-10-30T03:01:56.986Z,2025-10-30T15:09:59.406Z,1455.09,,"$1,387.05",Fable & Mane HoliRoots™ Pre-wash Hair Treatment Oil 3.4 oz/ 100 mL,https://www.amazon.com.mx/dp/B0BKYV6K5J,https://www.amazon.com/dp/B0BKYV6K5J,M&H Customer Friendly Store,
,B0DRCVH2XF,1,Belleza,disponible,no disponible,,,2025-10-29T22:02:30.376Z,2025-10-30T03:02:04.484Z,2025-10-30T15:10:07.652Z,863.11,,$837.00,"ilso- Limpieza profunda: este aceite limpiador de sebo utiliza un complejo de eliminación de sebo, un complejo de poros azules y extracto de centella asiática para eliminar el maquillaje, el sebo y la",https://www.amazon.com.mx/dp/B0DRCVH2XF,https://www.amazon.com/dp/B0DRCVH2XF,DUKKI LLC,
,B0CWDYNK7C,1,Belleza,disponible,no disponible,,,2025-10-29T22:02:30.376Z,2025-10-30T03:02:13.109Z,2025-10-30T15:10:15.884Z,510.17,,$504.06,"TPTAL Extracto De Ginseng Líquido, Ginseng Suero Anti Arrugas, Extracto De Ginseng Aceite De Suero Original Antiarrugas, Polipéptido Ginseng Rojo Coreano Esencia Anti Envejecimiento",https://www.amazon.com.mx/dp/B0CWDYNK7C,https://www.amazon.com/dp/B0CWDYNK7C,M&H Customer Friendly Store,
,B0C4XPYKCG,1,Belleza,disponible,no disponible,,,2025-10-29T22:02:30.376Z,2025-10-30T03:02:20.457Z,2025-10-30T15:10:23.834Z,915.55,,$880.86,"WELCOS- Set de loción corporal y limpiador corporal con leche KWAILNARA (560 g/19,75 oz cada uno) (fresa)",https://www.amazon.com.mx/dp/B0C4XPYKCG,https://www.amazon.com/dp/B0C4XPYKCG,RVDSHOP,
,B0792HY4BP,1,Belleza,disponible,no disponible,,,2025-10-29T22:02:30.376Z,2025-10-30T03:02:29.370Z,2025-10-30T15:10:31.893Z,558,,$551.54,"Prija Champú Fortificante con Eruca Sativa, 380 ml",https://www.amazon.com.mx/dp/B0792HY4BP,https://www.amazon.com/dp/B0792HY4BP,GUTTIDIRECT,
,B0DB2PXXPC,1,Belleza,disponible,no disponible,,,2025-10-29T22:02:30.376Z,2025-10-30T03:02:37.482Z,2025-10-30T15:10:39.282Z,1830.19,,"$1,741.58","RŌZ- Recambio de champú de base, champú, bolsa sin BPA, vegano, libre de crueldad animal, sin silicona, sin parabenos",https://www.amazon.com.mx/dp/B0DB2PXXPC,https://www.amazon.com/dp/B0DB2PXXPC,M&H Customer Friendly Store,
,B0F1713JK6,1,Belleza,disponible,no disponible,,,2025-10-29T22:02:30.376Z,2025-10-30T03:02:46.181Z,2025-10-30T15:10:47.516Z,1791.54,,"$1,709.78",SHAEIO Ritual Botanico Kit 3 Crecimiento Acelerado Ultra Reparador Sos De Origen Botánico: Shampoo De Cebolla Mascarilla Bomba Capilar Acondicionador Intensivo Plex(+ Obsequio),https://www.amazon.com.mx/dp/B0F1713JK6,https://www.amazon.com/dp/B0F1713JK6,BROWN LEAVES LLC,
,B0CVS9HDKM,1,Belleza,disponible,no disponible,,,2025-10-29T22:02:30.377Z,2025-10-30T03:02:55.158Z,2025-10-30T15:10:53.784Z,1203.18,,"$1,202.07",MAELOVE Suero Hidratante De Ácido Hialurónico Con Vitamina B5 Fórmula Ligera Y No Grasa Con Pantenol Y Resveratrol Para Una Hidratación Máxima Y Un Brillo Juvenil Reduce Las Líneas Finas Y A,https://www.amazon.com.mx/dp/B0CVS9HDKM,https://www.amazon.com/dp/B0CVS9HDKM,Abundant Peace,
,B0CYXFLP9C,1,Belleza,disponible,no disponible,,,2025-10-29T22:02:30.377Z,2025-10-30T03:03:03.845Z,2025-10-30T15:11:01.399Z,504.8,,$503.39,"Polvo de perla de agua dulce puro para el cuidado de la piel y cosméticos caseros. 80 g (2,82 oz) Polvo de perla superfino para lociones caseras | cremas | sueros | elaboración de mascarillas",https://www.amazon.com.mx/dp/B0CYXFLP9C,https://www.amazon.com/dp/B0CYXFLP9C,M&H Customer Friendly Store,
,B0DJM3MJVZ,1,Belleza,disponible,no disponible,,,2025-10-29T22:02:30.377Z,2025-10-30T03:03:12.354Z,2025-10-30T15:11:08.014Z,1341.47,,"$1,323.64","VGO Kit de cuidado de la piel en 3 pasos, con humectante de mucina de caracol al 92% de 1,76 oz, suero de vitamina C de 1,01 oz y limpiador facial de doble tubo de 3,52 oz",https://www.amazon.com.mx/dp/B0DJM3MJVZ,https://www.amazon.com/dp/B0DJM3MJVZ,Rendomin,
,B0D29SX78G,1,Belleza,disponible,no disponible,,,2025-10-29T22:02:30.377Z,2025-10-30T03:03:21.279Z,2025-10-30T15:11:15.571Z,1327.87,,"$1,311.02","JESS BEAUTY- | Crema para ojos Coffee Break con 1% de cafeína, escualano y pantenol I Belleza y cuidado personal - Korean Be",https://www.amazon.com.mx/dp/B0D29SX78G,https://www.amazon.com/dp/B0D29SX78G,M&H Customer Friendly Store,
,B0CN1R1JTP,1,Belleza,disponible,no disponible,,,2025-10-29T22:02:30.377Z,2025-10-30T03:03:29.747Z,2025-10-30T15:11:23.194Z,1418.59,,"$1,405.67","Suero de crecimiento de aceitunas africanas, para mujeres y tratamiento contra la caída del cabello para cabello encrespado y dañado, para un cabello más grueso y saludable Vitaminas naturales",https://www.amazon.com.mx/dp/B0CN1R1JTP,https://www.amazon.com/dp/B0CN1R1JTP,ELEGANCE LLC.,
,B0CCY4NDGT,1,Belleza,disponible,no disponible,,,2025-10-29T22:02:30.377Z,2025-10-30T03:03:42.071Z,2025-10-30T15:11:34.445Z,542.35,,$506.73,"FV- Base de maquillaje resistente al agua, base de maquillaje de cobertura ligera y media con acabado mate, control de grasa de larga duración.",https://www.amazon.com.mx/dp/B0CCY4NDGT,https://www.amazon.com/dp/B0CCY4NDGT,MARVEL INC.,
,B0CPJ5MC8V,1,Belleza,disponible,no disponible,,,2025-10-29T22:02:30.377Z,2025-10-30T03:03:50.753Z,2025-10-30T15:11:42.313Z,774.2,,$742.95,Double Rhythm Cat Eye Gel Esmalte de Uñas Set de 6 Colores Brillo Brillo Con Imán 9D Esmalte de Uñas Magnético Reflectante Holográfico (Rosa Nude Púrpura-Kit 35),https://www.amazon.com.mx/dp/B0CPJ5MC8V,https://www.amazon.com/dp/B0CPJ5MC8V,MSTZKN SHİPMENT,
,B0DGWTX5SY,1,Belleza,disponible,no disponible,,,2025-10-29T22:02:30.377Z,2025-10-30T03:03:58.387Z,2025-10-30T15:11:51.095Z,669.24,,$688.94,REJURAN Mascarilla Hidratante C-Pdrn: Mascarilla Facial Hidratante Que Repara La Barrera Cutánea Y Retiene La Humedad Con Pdrx Pack De 5 Productos Coreanos Para El Cuidado De La Piel,https://www.amazon.com.mx/dp/B0DGWTX5SY,https://www.amazon.com/dp/B0DGWTX5SY,SHERIFF EXPRESS,
,B0CG97QVQL,1,Belleza,disponible,disponible,,,2025-10-29T22:02:45.238Z,2025-10-30T03:04:05.536Z,2025-10-30T15:11:59.037Z,2694.84,86.99,"$2,560.21","Prokva - Estuche de maquillaje rodante con 4 bolsas extraíbles, estuche de tren de maquillaje profesional con ruedas, bolsa de viaje para maquilladores con sección de almacenamiento de pinceles",https://www.amazon.com.mx/dp/B0CG97QVQL,https://www.amazon.com/dp/B0CG97QVQL,Sky Ecommerce Store,SUMAI USA
,B0B31DYM7J,1,Belleza,disponible,disponible,,,2025-10-29T22:02:45.238Z,2025-10-30T03:04:14.718Z,2025-10-30T15:12:07.827Z,505.9,9.99,$503.76,ENROSLU Parches De Arrugas Faciales 256Pcs - Almohadillas Transparentes Reutilizables Para Tratamiento Antiarrugas Durante La Noche - Tiras Removedoras De Línea Fina Para Suavizar Los,https://www.amazon.com.mx/dp/B0B31DYM7J,https://www.amazon.com/dp/B0B31DYM7J,Rendosa,ENROSLU
,B0CQCH5CZW,1,Belleza,disponible,no disponible,,,2025-10-29T22:02:45.238Z,2025-10-30T03:04:22.349Z,2025-10-30T15:12:14.914Z,466.5,,$437.21,"OAKSII Mascarillas Debajo De Los Ojos Con Cafeína, 60 Piezas Parches Iluminadores Para Ojeras E Hinchazón Con Ácido Hialurónico, Almohadilla De Gel Para Reducir Las Ojeras",https://www.amazon.com.mx/dp/B0CQCH5CZW,https://www.amazon.com/dp/B0CQCH5CZW,MARVEL INC.,
,B0C6M14HQK,1,Belleza,disponible,no disponible,,,2025-10-29T22:02:45.238Z,2025-10-30T03:04:29.533Z,2025-10-30T15:12:23.601Z,1177.99,,"$1,197.36",TRESSON- Ampolla de oro con ADN de salmón: altamente eficaz para abordar las necesidades del envejecimiento de la piel y rejuvenecer y reparar la piel de adentro hacia afuera. Tiene un efecto increíbl,https://www.amazon.com.mx/dp/B0C6M14HQK,https://www.amazon.com/dp/B0C6M14HQK,M&H Customer Friendly Store,
,B0D1Q93GW3,1,Belleza,disponible,disponible,,,2025-10-29T22:02:45.238Z,2025-10-30T03:04:38.738Z,2025-10-30T15:12:30.819Z,1370.48,44.99,"$1,359.27","Sisily Extensiones De Cabello Con Clip Para Cabello Humano Real, Extensiones De Cabello Liso Suave Clip De Cabello Humano Real 22"" 7 Piezas De Tra",https://www.amazon.com.mx/dp/B0D1Q93GW3,https://www.amazon.com/dp/B0D1Q93GW3,Abundant Peace,Sisily hair
,B0CTMWPCCZ,1,Belleza,disponible,no disponible,,,2025-10-29T22:02:45.238Z,2025-10-30T03:04:45.868Z,2025-10-30T15:12:38.302Z,679.33,,$651.02,"Madam Glam Tono lavanda Blissfully Yours 15 ml I 0,5 fl oz - Fórmula en crema de larga duración - Esmalte en gel UV/LED - Vegano, libre de crueldad animal y sin hema",https://www.amazon.com.mx/dp/B0CTMWPCCZ,https://www.amazon.com/dp/B0CTMWPCCZ,MARVEL INC.,
,B09P8SQT6V,1,Belleza,disponible,no disponible,,,2025-10-29T22:02:45.239Z,2025-10-30T03:04:53.773Z,2025-10-30T15:12:47.013Z,643.43,,$635.58,"Dew Well- - Toallitas desodorantes Refresh: un nuevo comienzo cuando estás en movimiento - Sin aluminio, parabenos ni sulfatos",https://www.amazon.com.mx/dp/B09P8SQT6V,https://www.amazon.com/dp/B09P8SQT6V,BELGUCAN Global,
,B0DJ1KDWT5,1,Belleza,disponible,no disponible,,,2025-10-29T22:02:45.239Z,2025-10-30T03:05:01.229Z,2025-10-30T15:12:53.985Z,863.58,,$843.07,"Joyful Young- CHAMPÚ MÁGICO PARA TINTE DE CABELLO: Transforma el color del cabello en 5-20 minutos, semipermanente de larga duración hasta 6 semanas; colorea el cabello en el color deseado de manera r",https://www.amazon.com.mx/dp/B0DJ1KDWT5,https://www.amazon.com/dp/B0DJ1KDWT5,SRKSB LLC,
,B0C7WLJ1SG,1,Belleza,disponible,no disponible,,,2025-10-29T22:02:45.239Z,2025-10-30T03:05:09.651Z,2025-10-30T15:13:00.820Z,976.95,,$966.38,"Merit Rubor Crema Bálsamo Flush - 0.31 Oz/9 G (Fox (Taupe Cálido), 0.31 Oz/9 G)",https://www.amazon.com.mx/dp/B0C7WLJ1SG,https://www.amazon.com/dp/B0C7WLJ1SG,BELGUCAN Global,
,B0DNMW5WGQ,1,Belleza,disponible,no disponible,,,2025-10-29T22:02:45.239Z,2025-10-30T03:05:18.376Z,2025-10-30T15:13:08.821Z,613.86,,$568.89,Zlimer Polvo De Perla De Agua Dulce Para El Cuidado De La Piel Casero Iluminador Minimizador De Poros Antienvejecimiento 100% Natural 100 G(352 Oz) Blanco,https://www.amazon.com.mx/dp/B0DNMW5WGQ,https://www.amazon.com/dp/B0DNMW5WGQ,MARVEL INC.,
,B0842XZHQ9,1,Belleza,disponible,no disponible,,,2025-10-29T22:02:45.239Z,2025-10-30T03:05:25.511Z,2025-10-30T15:13:16.366Z,679.65,,$679.81,"Polvo curativo de arcilla de bentonita de calcio – puro orgánico farmacéutico, mejor que el grado alimenticio – Máscara desintoxicación facial, cuerpo y cabello, para uso interno, máscaras de barro natural, limpieza profunda de poros para salud y belleza",https://www.amazon.com.mx/dp/B0842XZHQ9,https://www.amazon.com/dp/B0842XZHQ9,Grupo Orange,
,B0DNX7QQCX,1,Belleza,disponible,no disponible,,,2025-10-29T22:02:45.239Z,2025-10-30T03:05:34.544Z,2025-10-30T15:13:23.693Z,491.03,,$489.36,Corlo Aceite Corporal Iluminador Líquido Resistente Al Agua Hidratante De Larga Duración Bronceador Brillo Para El Rostro(Aceite Corporal) Bronce brillante,https://www.amazon.com.mx/dp/B0DNX7QQCX,https://www.amazon.com/dp/B0DNX7QQCX,M&H Customer Friendly Store,
,B0D5DSXVVN,1,Belleza,disponible,no disponible,,,2025-10-29T22:02:45.239Z,2025-10-30T03:05:43.278Z,2025-10-30T15:13:30.198Z,815.43,,$789.65,"Menela Tinte de henna para cejas : tinte de cejas marrón claro con extracto de bambú para unas cejas más pobladas y definidas 2,5 g de henna y 15 ml de fijador Kit de tinte para cejas fácil de usar",https://www.amazon.com.mx/dp/B0D5DSXVVN,https://www.amazon.com/dp/B0D5DSXVVN,M&H Customer Friendly Store,
,B002HTREHE,1,Belleza,disponible,no disponible,,,2025-10-29T22:02:45.239Z,2025-10-30T03:05:51.284Z,2025-10-30T15:13:38.115Z,688.88,,$675.32,"Rosebud Bálsamo para Labios de Tres generosas Capas, 0.8 onzas",https://www.amazon.com.mx/dp/B002HTREHE,https://www.amazon.com/dp/B002HTREHE,GUTTIDIRECT,
,B0CRL5KLJH,1,Belleza,disponible,no disponible,,,2025-10-29T22:02:45.239Z,2025-10-30T03:05:59.867Z,2025-10-30T15:13:46.163Z,914.64,,$907.08,"Viktairy D Pantenol Líquido (1.7 Fl.Oz, 60G), Concentrado Pro-Vitamina B5 Ingrediente Activo Crudo Para Hidratación De La Piel, Dexpantenol Grado Cosmético Para Diy Suero Facial, Cabel",https://www.amazon.com.mx/dp/B0CRL5KLJH,https://www.amazon.com/dp/B0CRL5KLJH,Rendosa,
,B0C73DKQH4,1,Belleza,disponible,no disponible,,,2025-10-29T22:02:45.240Z,2025-10-30T03:06:07.528Z,2025-10-30T15:13:53.675Z,714.36,,$663.34,KEYYOU Kit de extensión de pestañas DIY 144pcs Lash Clusters Kit de extensión de pestañas con cepillo de rímel Bond y Seal Removedor de pegamento de pestañas Aplicadores de pestañas Cepillo de pestañas Almohadilla limpia para extensiones de pestañas DIY Juego de 148 piezas Y01,https://www.amazon.com.mx/dp/B0C73DKQH4,https://www.amazon.com/dp/B0C73DKQH4,MARVEL INC.,
,B0D32481QW,1,Belleza,disponible,no disponible,,,2025-10-29T22:02:58.638Z,2025-10-30T03:06:15.696Z,2025-10-30T15:14:02.249Z,747.07,,$746.74,"iFEiER- Polvo de ácido kójico iFEiER, embalaje a granel, 240 g (8,47 oz), alta pureza > 99,5%",https://www.amazon.com.mx/dp/B0D32481QW,https://www.amazon.com/dp/B0D32481QW,SHOPENZA,
,B0C4NHPZC4,1,Belleza,disponible,no disponible,,,2025-10-29T22:02:58.638Z,2025-10-30T03:06:28.060Z,2025-10-30T15:14:14.070Z,1307.05,,"$1,255.98","BLUELAND - Jabón de manos Duo, 2 dispensadores de jabón de manos recargables con 8 tabletas de recarga, aromas variados, 8 x 9 onzas líquidas",https://www.amazon.com.mx/dp/B0C4NHPZC4,https://www.amazon.com/dp/B0C4NHPZC4,OLALOOK LLC,
,B0DVCZT7ZH,1,Belleza,disponible,no disponible,,,2025-10-29T22:02:58.638Z,2025-10-30T03:06:36.405Z,2025-10-30T15:14:22.302Z,1024.99,,"$1,020.55",CELL29 Ampolla Exo-Recure Exosoma 10000 Ppm Colágeno Agua Absorción Rápida Hidratación Profunda Rejuvenecimiento Antienvejecimiento Piel De Cristal Minimizador De Poros Barrera Cutánea Cuida,https://www.amazon.com.mx/dp/B0DVCZT7ZH,https://www.amazon.com/dp/B0DVCZT7ZH,DUKKI LLC,
,B093TFSR52,1,Belleza,disponible,disponible,,,2025-10-29T22:02:58.638Z,2025-10-30T03:06:44.843Z,2025-10-30T15:14:29.776Z,572.36,12.95,$572.23,"Polvo de ácido kójico, puro 99.5%, natural, 100 g, 3.8 onzas",https://www.amazon.com.mx/dp/B093TFSR52,https://www.amazon.com/dp/B093TFSR52,SRKSB LLC,Rice Essence Laboratories
,B0DJSZ8734,1,Belleza,disponible,no disponible,,,2025-10-29T22:02:58.639Z,2025-10-30T03:06:54.146Z,2025-10-30T15:14:37.071Z,1115.38,,"$1,104.88","VGO- VGO Advanced Skin Care Set, para reparar, hidratar y calmar la piel.",https://www.amazon.com.mx/dp/B0DJSZ8734,https://www.amazon.com/dp/B0DJSZ8734,BELGUCAN Global,
,B0DDVSDK2S,1,Belleza,disponible,no disponible,,,2025-10-29T22:02:58.639Z,2025-10-30T03:07:03.449Z,2025-10-30T15:14:45.295Z,688.88,,$673.18,Mantequilla Corporal con Olor Seductor y Delicado Efecto Brillo para Piel Seca Mantequilla Corporal con Olor Seductor y Delicado Efecto Brillante para Piel Seca 240ml,https://www.amazon.com.mx/dp/B0DDVSDK2S,https://www.amazon.com/dp/B0DDVSDK2S,GUTTIDIRECT,
,B0BD94BV3K,1,Belleza,disponible,no disponible,,,2025-10-29T22:02:58.639Z,2025-10-30T03:07:10.555Z,2025-10-30T15:14:52.224Z,2560.97,,"$2,536.11",Gisada Ambassador Intense 50ml Perfume Hombre Eau de Parfum,https://www.amazon.com.mx/dp/B0BD94BV3K,https://www.amazon.com/dp/B0BD94BV3K,SEONGSAN,
,B0D4V2WY1N,1,Belleza,disponible,no disponible,,,2025-10-29T22:02:58.639Z,2025-10-30T03:07:18.896Z,2025-10-30T15:14:58.777Z,685.85,,$631.84,"Yasovigi- Kit de cuidado de la piel Sakura para mujeres adolescentes, 5 piezas de cuidado de la piel, set de regalo de viaje con limpiador, tónico,",https://www.amazon.com.mx/dp/B0D4V2WY1N,https://www.amazon.com/dp/B0D4V2WY1N,MARVEL INC.,
,B0DGL2TN7D,1,Belleza,disponible,no disponible,,,2025-10-29T22:02:58.639Z,2025-10-30T03:07:26.372Z,2025-10-30T15:15:07.064Z,1859.65,,"$1,896.46",REJURAN Crema Intensiva Para Ojos C-Pdrn - Tratamiento De Acción Rápida Para Arrugas Lifting Y Ojeras Hidratación Instantánea Y Revitalización Visible Cuidado Coreano De La Piel(22 Ml),https://www.amazon.com.mx/dp/B0DGL2TN7D,https://www.amazon.com/dp/B0DGL2TN7D,SHERIFF EXPRESS,
,B0D22LCVV5,1,Belleza,disponible,no disponible,,,2025-10-29T22:02:58.639Z,2025-10-30T03:07:35.440Z,2025-10-30T15:15:15.489Z,1233.36,,"$1,225.16",Keratina 250ML & Termo Protector 120ML Incluye Cepillo Aplicador & Manual de Instrucciones | Alisado Progresivo Organico Vegano Sin formol ni Amoniaco | Producto Colombiano,https://www.amazon.com.mx/dp/B0D22LCVV5,https://www.amazon.com/dp/B0D22LCVV5,Abundant Peace,
,B0C7WP5VDR,1,Belleza,disponible,no disponible,,,2025-10-29T22:02:58.639Z,2025-10-30T03:07:44.720Z,2025-10-30T15:15:23.805Z,837.07,,$827.16,"LAWLESS Women Forget The Filler Rellenador de labios nocturno, pastel de cumpleaños, 0,28 onzas",https://www.amazon.com.mx/dp/B0C7WP5VDR,https://www.amazon.com/dp/B0C7WP5VDR,Ovolos,
,B0CVPK7NJP,1,Belleza,disponible,no disponible,,,2025-10-29T22:02:58.639Z,2025-10-30T03:07:52.439Z,2025-10-30T15:15:32.191Z,520.39,,$507.66,"AMVital Almohadillas Limpiadoras Con Ácido Kójico Y Cúrcuma: Exfolian Suavemente, Iluminan Y Unifican El Tono De La Piel. Almohadillas Limpiadoras Exfoliantes Con Cúrcuma Hidratantes Para El Rostro. L",https://www.amazon.com.mx/dp/B0CVPK7NJP,https://www.amazon.com/dp/B0CVPK7NJP,RVDSHOP,
,B0C6DZWY7R,1,Belleza,disponible,no disponible,,,2025-10-29T22:02:58.639Z,2025-10-30T03:08:00.511Z,2025-10-30T15:15:39.445Z,764.49,,$734.07,Nasola Kojic Acid Body Wash + Turmeric Vitamin C,https://www.amazon.com.mx/dp/B0C6DZWY7R,https://www.amazon.com/dp/B0C6DZWY7R,GUTTIDIRECT,
,B0DR1T8BVS,1,Belleza,disponible,disponible,,,2025-10-29T22:02:58.639Z,2025-10-30T03:08:07.659Z,2025-10-30T15:15:47.722Z,706.09,16.99,$680.70,"HBselect - Bolsa de maquillaje de viaje, 2 piezas, bolsa de maquillaje acolchada de algodón grande, bolsa de maquillaje para mujeres y niñas, 2PCS-BOW1",https://www.amazon.com.mx/dp/B0DR1T8BVS,https://www.amazon.com/dp/B0DR1T8BVS,M&H Customer Friendly Store,HUAICE
,B0D8JCJ11S,1,Belleza,disponible,no disponible,,,2025-10-29T22:02:58.640Z,2025-10-30T03:08:15.265Z,2025-10-30T15:15:55.111Z,519.15,,$508.44,"Mousse limpiadora de cúrcuma, limpiador facial con ácido kójico para lavar la cara y reafirmar la piel, elimina el exceso de queratina y limpia profundamente los poros, 150 ml",https://www.amazon.com.mx/dp/B0D8JCJ11S,https://www.amazon.com/dp/B0D8JCJ11S,RVDSHOP,
,B0CKNHF944,1,Belleza,disponible,no disponible,,,2025-10-29T22:03:10.348Z,2025-10-30T03:08:23.238Z,2025-10-30T15:16:03.313Z,672.66,,$641.14,European Gold- Loción bronceadora ultra oscura Dark Star 6000X de 12 oz Elite Triple Bronze,https://www.amazon.com.mx/dp/B0CKNHF944,https://www.amazon.com/dp/B0CKNHF944,M&H Customer Friendly Store,
,B0DZWXNYV2,1,Belleza,disponible,no disponible,,,2025-10-29T22:03:10.348Z,2025-10-30T03:08:32.565Z,2025-10-30T15:16:10.030Z,506.94,,$503.76,"For Time Fitness Separadores de Dedos, Corrector de Juanetes para Mujeres Y Hombres, Separadores de Dedos para Mujeres, Separadores de Dedos para Hombres, Enderezador de Dedos En Martillo, Alivio de J",https://www.amazon.com.mx/dp/B0DZWXNYV2,https://www.amazon.com/dp/B0DZWXNYV2,M&H Customer Friendly Store,
,B08L6Y3DHJ,1,Belleza,disponible,no disponible,,,2025-10-29T22:03:10.348Z,2025-10-30T03:08:40.738Z,2025-10-30T15:16:17.427Z,1636.16,,"$1,579.74",Discovery Home Care Express | Restaura el ADN de la fibra capilar | Regenerar el tratamiento del cabello con protección UV,https://www.amazon.com.mx/dp/B08L6Y3DHJ,https://www.amazon.com/dp/B08L6Y3DHJ,GUTTIDIRECT,
,B09C5H6PYD,1,Belleza,disponible,no disponible,,,2025-10-29T22:03:10.348Z,2025-10-30T03:08:48.773Z,2025-10-30T15:16:24.086Z,582.03,,$573.96,"GD11 Suero facial con exosomas del programa Rx SCM | Regeneración de la piel, hidratación intensiva, suero facial humectante con CICA, alivia la piel irritada (2 ml + 5 ml)",https://www.amazon.com.mx/dp/B09C5H6PYD,https://www.amazon.com/dp/B09C5H6PYD,M&H Customer Friendly Store,
,B09ND67KHY,1,Belleza,disponible,no disponible,,,2025-10-29T22:03:10.348Z,2025-10-30T03:08:57.600Z,2025-10-30T15:16:31.092Z,542.35,,$506.73,"Elitribe- Gel potenciador del entrenamiento Hot Cream Sweat: loción corporal reafirmante, quemagrasas y anticelulítica para todo tipo de piel",https://www.amazon.com.mx/dp/B09ND67KHY,https://www.amazon.com/dp/B09ND67KHY,MARVEL INC.,
,B01FF3V870,1,Belleza,disponible,no disponible,,,2025-10-29T22:03:10.348Z,2025-10-30T03:09:05.945Z,2025-10-30T15:16:38.858Z,524.4,,$505.40,Creature Liquid Latex - CLEAR - General Purpose Professional Special Effects Liquid Latex - 16oz - Dries CLEAR,https://www.amazon.com.mx/dp/B01FF3V870,https://www.amazon.com/dp/B01FF3V870,M&H Customer Friendly Store,
,B0DD756RX4,1,Belleza,disponible,no disponible,,,2025-10-29T22:03:10.348Z,2025-10-30T03:09:18.467Z,2025-10-30T15:16:50.702Z,795.51,,$786.87,"""GEBEATY ""Kit de cuidado de la piel para hombres, hidratación profunda, humectación, kit de cuidado de la piel antienvejecimiento para hombres con líneas finas y arrugas, kit de rutina de cuidado fa",https://www.amazon.com.mx/dp/B0DD756RX4,https://www.amazon.com/dp/B0DD756RX4,BELGUCAN Global,
,B0CBSR7HZT,1,Belleza,disponible,no disponible,,,2025-10-29T22:03:10.349Z,2025-10-30T03:09:26.879Z,2025-10-30T15:16:58.313Z,1092.03,,"$1,085.29","UltraSpa Skincare BioLabs PRO Natural Bioidentical 2.5 Estro Cream, Combo For Women Two-Month Supply (Lavender-3oz)",https://www.amazon.com.mx/dp/B0CBSR7HZT,https://www.amazon.com/dp/B0CBSR7HZT,SHOPENZA,
,B0D2H9WW9M,1,Belleza,disponible,no disponible,,,2025-10-29T22:03:10.349Z,2025-10-30T03:09:35.836Z,2025-10-30T15:17:05.257Z,540.99,,$508.17,"DE'MUMU- Lápiz labial mate rosa intenso para mujeres, lápiz labial líquido resistente al agua y a las manchas que mantiene el color durante mucho tiempo, Cr",https://www.amazon.com.mx/dp/B0D2H9WW9M,https://www.amazon.com/dp/B0D2H9WW9M,MSTZKN SHİPMENT,
,B0BSP47G8F,1,Belleza,disponible,no disponible,,,2025-10-29T22:03:10.349Z,2025-10-30T03:09:44.774Z,2025-10-30T15:17:13.186Z,2893.2,,"$2,837.12","Vibriance Super C Serum for Mature Skin, Made in USA, All-In-One Formula Hydrates, Firms, Lifts, Smooths, Targets Age Spots, Wrinkles, Vitamin C Serum; 1 fl oz - Pack of 3",https://www.amazon.com.mx/dp/B0BSP47G8F,https://www.amazon.com/dp/B0BSP47G8F,SEONGSAN,
,B095SRDF5X,1,Belleza,disponible,no disponible,,,2025-10-29T22:03:10.349Z,2025-10-30T03:09:53.572Z,2025-10-30T15:17:20.298Z,738.19,,$737.35,"NOVEHA Limpiador de Párpados y Pestañas | Alivio Efectivo de Irritación, Ojos Secos, Orzuelos y Blefaritis, Ácido Hipocloroso Puro y Suave 0.02% Spray 120Ml (4Oz)",https://www.amazon.com.mx/dp/B095SRDF5X,https://www.amazon.com/dp/B095SRDF5X,SHOPENZA,
,B0CRT3C3TC,1,Belleza,disponible,no disponible,,,2025-10-29T22:03:10.349Z,2025-10-30T03:10:00.724Z,2025-10-30T15:17:28.333Z,648.03,,$633.42,Healov- Gel de baño de caqui para controlar el olor corporal: jabón desodorante purificador para eliminar los olores corporales nocivos.,https://www.amazon.com.mx/dp/B0CRT3C3TC,https://www.amazon.com/dp/B0CRT3C3TC,M&H Customer Friendly Store,
,B0DLB7WW5P,1,Belleza,disponible,disponible,,,2025-10-29T22:03:10.349Z,2025-10-30T03:10:08.983Z,2025-10-30T15:17:36.045Z,952.27,23.19,$992.62,"UNIMADE - Paquete de 100 toallas faciales (12 x 12 pulgadas), paños de lavado y toallas de mano altamente suaves, paños de limpieza de microfibra multiusos de secado rápido para baño, hotel, spa y",https://www.amazon.com.mx/dp/B0DLB7WW5P,https://www.amazon.com/dp/B0DLB7WW5P,Abundant Peace,Unimade Global
,B09CMX7X8H,1,Belleza,disponible,no disponible,,,2025-10-29T22:03:10.349Z,2025-10-30T03:10:18.421Z,2025-10-30T15:17:44.642Z,1205,,"$1,174.70","Fable and Mane Hair Oil - HoliRoots Hair Oil & Scalp Treatment. Strengthening Hair Oil for Damaged Hair with Ashwagandha Oil & Castor Oil. Serum Hair Oil for Frizzy Hair, 1.8FL oz",https://www.amazon.com.mx/dp/B09CMX7X8H,https://www.amazon.com/dp/B09CMX7X8H,CULSAN,
,B01N27J3TG,1,Belleza,disponible,no disponible,,,2025-10-29T22:03:10.349Z,2025-10-30T03:10:27.148Z,2025-10-30T15:17:51.460Z,503.96,,$502.87,"Zoha Rose Bloom (Roll-On) Perfume Oil Fragrances, 15 ml / 0.50 FL Oz",https://www.amazon.com.mx/dp/B01N27J3TG,https://www.amazon.com/dp/B01N27J3TG,SRKSB LLC,
,B01M10VVF1,1,Belleza,disponible,no disponible,,,2025-10-29T22:03:10.349Z,2025-10-30T03:10:35.597Z,2025-10-30T15:17:58.707Z,1825.06,,"$1,780.26","Orogold White Gold 24K Purifying Facial Toner from Cosmetics, 100 mL./3.38 fl. oz.",https://www.amazon.com.mx/dp/B01M10VVF1,https://www.amazon.com/dp/B01M10VVF1,BROWN LEAVES LLC,
,B0CRL387X9,1,Belleza,disponible,disponible,,,2025-10-29T22:03:25.279Z,2025-10-30T03:10:43.871Z,2025-10-30T15:18:05.773Z,1390.04,37.98,"$1,329.05","Bandeja de salón sobre ruedas con soporte, bandeja de tatuaje de aleación de hierro de alta calidad, altura ajustable, bandeja de servicio de salón con silencio de 360 grados, triciclo",https://www.amazon.com.mx/dp/B0CRL387X9,https://www.amazon.com/dp/B0CRL387X9,M&H Customer Friendly Store,Qizhou Store
,B0D9LN6VDC,1,Belleza,disponible,no disponible,,,2025-10-29T22:03:25.279Z,2025-10-30T03:10:52.030Z,2025-10-30T15:18:13.262Z,675.97,,$670.10,"CHANDO HIMALAYA Mascarilla purificante de arcilla con té verde, 100 g/3,53 oz, mascarilla de arcilla que limpia los poros con extracto de té verde y extracto de portulaca, mascarilla para controlar",https://www.amazon.com.mx/dp/B0D9LN6VDC,https://www.amazon.com/dp/B0D9LN6VDC,Abundant Peace,
,B0CS69TSRP,1,Belleza,disponible,no disponible,,,2025-10-29T22:03:25.279Z,2025-10-30T03:10:59.518Z,2025-10-30T15:18:20.788Z,721.2,,$689.68,"Champú para cuero cabelludo con agua O2 de ALIVELAB, limpieza profunda similar al agua y cuidado calmante para el cuero cabelludo sensible con picazón (11,83 fl.oz)",https://www.amazon.com.mx/dp/B0CS69TSRP,https://www.amazon.com/dp/B0CS69TSRP,M&H Customer Friendly Store,
,B0CHS91YZM,1,Belleza,disponible,no disponible,,,2025-10-29T22:03:25.279Z,2025-10-30T03:11:07.368Z,2025-10-30T15:18:27.543Z,891.58,,$865.54,"PEACE OUT- Limpiador perfeccionador de poros Skincare, limpiador facial exfoliante diario con ácido salicílico y niacinamida",https://www.amazon.com.mx/dp/B0CHS91YZM,https://www.amazon.com/dp/B0CHS91YZM,Abundant Peace,
,B0CCW83J5G,1,Belleza,disponible,no disponible,,,2025-10-29T22:03:25.279Z,2025-10-30T03:11:16.692Z,2025-10-30T15:18:36.062Z,1138.53,,"$1,085.29","UltraSpa Skincare- Crema BioLabs PRO Natural Bioidentical Estro 2.5, combinación para mujeres, suministro para dos meses (sin fragancia, 3 oz)",https://www.amazon.com.mx/dp/B0CCW83J5G,https://www.amazon.com/dp/B0CCW83J5G,GUTTIDIRECT,
,B0D3H2MJRK,1,Belleza,disponible,no disponible,,,2025-10-29T22:03:25.279Z,2025-10-30T03:11:25.672Z,2025-10-30T15:18:43.561Z,991.64,,$992.62,"Crema de manos hidratante con fragancia de plantas naturales, paquete de 48, para manos secas, set de regalo para mujeres y niñas, loción de manos, tamaño de viaje con manteca de karité, regalos",https://www.amazon.com.mx/dp/B0D3H2MJRK,https://www.amazon.com/dp/B0D3H2MJRK,M&H Customer Friendly Store,
,B0D14MCYB7,1,Belleza,disponible,no disponible,,,2025-10-29T22:03:25.280Z,2025-10-30T03:11:34.668Z,2025-10-30T15:18:50.561Z,846.51,,$794.26,"Flower Knows Strawberry Rococo Cloud Lip Cream Lápiz labial líquido mate, tinte de labios de color de larga duración y altamente pigmentado, maquillaje de labios aterciopelado impermeable para niñas y mujeres (S06 Pausa para el té, 0.12 onzas líquidas)",https://www.amazon.com.mx/dp/B0D14MCYB7,https://www.amazon.com/dp/B0D14MCYB7,MARVEL INC.,
,B0D894BK7K,1,Belleza,disponible,no disponible,,,2025-10-29T22:03:25.280Z,2025-10-30T03:11:43.101Z,2025-10-30T15:18:59.185Z,1008.99,,"$1,001.69","Plantful Bombas De Baño Naturales, Orgánicas Y Hechas A Mano, 12 Juegos De Regalo, Aromaterapia, Humectación, Aceites Esenciales, Baño De Burbujas Para Niños, Regalos Perfectos Para Hombres Y Mujeres,",https://www.amazon.com.mx/dp/B0D894BK7K,https://www.amazon.com/dp/B0D894BK7K,Musmus MX Oficial,
,B09JWKKR25,1,Belleza,disponible,no disponible,,,2025-10-29T22:03:25.280Z,2025-10-30T03:11:51.547Z,2025-10-30T15:19:05.889Z,878.83,,$873.26,NutriONN Aceite De Semilla Negra Orgánico - Aceite De Semilla De Comino Negro Líquido Orgánico Certificado Por La Usda - Alto Contenido De Timoquinona - Sin Ogm Y Prensado En Frío - Rica Fuente De Áci,https://www.amazon.com.mx/dp/B09JWKKR25,https://www.amazon.com/dp/B09JWKKR25,SHOPENZA,
,B0CKP4T9T2,1,Belleza,disponible,no disponible,,,2025-10-29T22:03:25.280Z,2025-10-30T03:11:59.928Z,2025-10-30T15:19:14.272Z,747.56,,$741.45,Timgle- 100 toallitas desodorantes de viaje envueltas individualmente Desodorante antitranspirante para axilas Toallitas para el sudor y el cuerpo,https://www.amazon.com.mx/dp/B0CKP4T9T2,https://www.amazon.com/dp/B0CKP4T9T2,M&H Customer Friendly Store,
,B07KY1TQQD,1,Belleza,disponible,no disponible,,,2025-10-29T22:03:25.280Z,2025-10-30T03:12:13.449Z,2025-10-30T15:19:27.337Z,595,,$566.45,"Seche Vive Gel Effect Top Coat Esmalte de uñas para manicura y pedicura, 14,2 g en caja, 2 unidades",https://www.amazon.com.mx/dp/B07KY1TQQD,https://www.amazon.com/dp/B07KY1TQQD,Natural  Mx ⭐ (Facturamos),
,B00X3N4BDS,1,Belleza,disponible,no disponible,,,2025-10-29T22:03:25.280Z,2025-10-30T03:12:20.753Z,2025-10-30T15:19:35.901Z,464,,$444.84,Jolen Regular 30 ml Facial Bleach by Jolen,https://www.amazon.com.mx/dp/B00X3N4BDS,https://www.amazon.com/dp/B00X3N4BDS,DOFER,
,B0CZ47M1RP,1,Belleza,disponible,no disponible,,,2025-10-29T22:03:25.280Z,2025-10-30T03:12:28.812Z,2025-10-30T15:19:42.258Z,656.85,,$645.09,NOVEHA- Limpiador espumoso para párpados XStye: alivio rápido del orzuelo: fórmula con aceite de árbol de té: limpieza diaria de párpados y párpados,https://www.amazon.com.mx/dp/B0CZ47M1RP,https://www.amazon.com/dp/B0CZ47M1RP,DUKKI LLC,
,B0CFNT25RW,1,Belleza,disponible,no disponible,,,2025-10-29T22:03:25.280Z,2025-10-30T03:12:35.824Z,2025-10-30T15:19:50.522Z,499,,$503.76,"Envy Suero De Vitamina C Con Vitamina E Y Glicerina: Piel, Reducción De Manchas Oscuras Y Antienvejecimiento, Suero Hidratante Para La Piel De Vidrio Probado Por Dermatólogos, Libre De Crueldad Para T",https://www.amazon.com.mx/dp/B0CFNT25RW,https://www.amazon.com/dp/B0CFNT25RW,Manglara Beauty,
,B0DJGHS5QY,1,Belleza,disponible,no disponible,,,2025-10-29T22:03:25.281Z,2025-10-30T03:12:43.449Z,2025-10-30T15:19:57.574Z,778.17,,$774.55,"Parche para el cuidado de imperfecciones y arrugas en los ojos, 90 g (90 unidades) | Mascarillas de ácido hialurónico para el cuidado de imperfecciones y ojeras con aceite de rosa búlgara |",https://www.amazon.com.mx/dp/B0DJGHS5QY,https://www.amazon.com/dp/B0DJGHS5QY,BELGUCAN Global,
,B0CYXR7J2H,1,Belleza,disponible,no disponible,,,2025-10-29T22:03:25.281Z,2025-10-30T03:12:51.453Z,2025-10-30T15:20:05.141Z,1196.69,,"$1,085.29",Adyan BP52816925 extensión de la garantía,https://www.amazon.com.mx/dp/B0CYXR7J2H,https://www.amazon.com/dp/B0CYXR7J2H,GOLDEN SWORD,
,B0CS8RJ62J,1,Belleza,disponible,no disponible,,,2025-10-29T22:03:36.084Z,2025-10-30T03:13:00.235Z,2025-10-30T15:20:11.921Z,738.19,,$734.96,"Fashion Base: Kit de cuidado de la piel coreano Sakura Women Beauty Gift Sets: limpiador, suero, crema facial, tónico, crema para ojos",https://www.amazon.com.mx/dp/B0CS8RJ62J,https://www.amazon.com/dp/B0CS8RJ62J,SHOPENZA,
,B0CW1Q26D1,1,Belleza,disponible,disponible,,,2025-10-29T22:03:36.084Z,2025-10-30T03:13:07.126Z,2025-10-30T15:20:19.733Z,746.88,18.99,$727.09,"Bulyoou - Bolsa de cosméticos de ciudad de 16 piezas para regalos de recuerdo de Nueva York, bolsa de maquillaje para Italia, Los Ángeles, viajes, día festivo, con cierre, para mujeres, regalos de",https://www.amazon.com.mx/dp/B0CW1Q26D1,https://www.amazon.com/dp/B0CW1Q26D1,SIDE SHOP,Chentisy
,B0CR44WYPR,1,Belleza,disponible,no disponible,,,2025-10-29T22:03:36.085Z,2025-10-30T03:13:15.803Z,2025-10-30T15:20:27.354Z,493.2,,$457.76,"Double Rhythm- Esmalte de uñas en gel de 15 ml, puro y transparente, mismo color, mismo frasco, esmalte en gel para manicura artística, salón de bricolaje en",https://www.amazon.com.mx/dp/B0CR44WYPR,https://www.amazon.com/dp/B0CR44WYPR,Sky Direct LLC,
,B0D5YBJ13T,1,Belleza,disponible,no disponible,,,2025-10-29T22:03:36.085Z,2025-10-30T03:13:24.203Z,2025-10-30T15:20:35.878Z,861.38,,$852.94,"Suero Volufiline, 100% Francia Sederma Volufiline Concentrado para dar volumen, reafirmar, realzar y dar luminosidad a la piel, cuidado de la piel para rostro, labios y cuerpo, 11 ml 0,37 fl. oz.",https://www.amazon.com.mx/dp/B0D5YBJ13T,https://www.amazon.com/dp/B0D5YBJ13T,BELGUCAN Global,
,B001E0S6W4,1,Belleza,disponible,no disponible,,,2025-10-29T22:03:36.085Z,2025-10-30T03:13:32.356Z,2025-10-30T15:20:43.254Z,995.07,,$977.34,Alvera Deod Aloe Herb (pack of 6),https://www.amazon.com.mx/dp/B001E0S6W4,https://www.amazon.com/dp/B001E0S6W4,DUKKI LLC,
,B0DRJF2VX3,1,Belleza,disponible,no disponible,,,2025-10-29T22:03:36.085Z,2025-10-30T03:13:39.321Z,2025-10-30T15:20:50.673Z,510.17,,$503.76,"BUAEL- 【El paquete incluye】Recibirás 50 toallitas desodorantes envasadas individualmente en una caja, lo que te proporcionará un suministro suficiente para un uso a largo plazo. Cada toallita está env",https://www.amazon.com.mx/dp/B0DRJF2VX3,https://www.amazon.com/dp/B0DRJF2VX3,M&H Customer Friendly Store,
,B0DGQXRFN1,1,Belleza,disponible,no disponible,,,2025-10-29T22:03:36.085Z,2025-10-30T03:13:46.362Z,2025-10-30T15:20:58.798Z,467.05,,$471.94,"Pink Sky Toallitas Desmaquillantes Individuales Brookstone: Ultrasuaves, Envueltas Individualmente, Limpian Y Eliminan El Maquillaje Con Suavidad, 40 Unidades",https://www.amazon.com.mx/dp/B0DGQXRFN1,https://www.amazon.com/dp/B0DGQXRFN1,GUTTIDIRECT,
,B0C4FSFBNP,1,Belleza,disponible,no disponible,,,2025-10-29T22:03:36.085Z,2025-10-30T03:13:53.178Z,2025-10-30T15:21:06.521Z,1466.48,,"$1,410.25",Nerium Universal NERIUM AD Night Cream,https://www.amazon.com.mx/dp/B0C4FSFBNP,https://www.amazon.com/dp/B0C4FSFBNP,DUKKI LLC,
,B0CP6YM78R,1,Belleza,disponible,no disponible,,,2025-10-29T22:03:36.085Z,2025-10-30T03:14:00.895Z,2025-10-30T15:21:14.556Z,585.83,,$595.95,"TTLALA- Tratamiento para eliminar el acné en los glúteos, crema humectante con 2% de ácido salicílico, aceite de árbol de té y hamamelis.",https://www.amazon.com.mx/dp/B0CP6YM78R,https://www.amazon.com/dp/B0CP6YM78R,M&H Customer Friendly Store,
,B0DDBVQJBX,1,Belleza,disponible,no disponible,,,2025-10-29T22:03:36.085Z,2025-10-30T03:14:08.307Z,2025-10-30T15:21:21.132Z,643.58,,$599.17,"2 piezas de gel para peinar el cabello de bebés, barra de cera con peine incorporado, barra de cera para cabello, barra de cera para el cuidado del cabello para niños, ceras para peinar para cabello",https://www.amazon.com.mx/dp/B0DDBVQJBX,https://www.amazon.com/dp/B0DDBVQJBX,MARVEL INC.,
,B0DDQ37C2D,1,Belleza,disponible,no disponible,,,2025-10-29T22:03:36.085Z,2025-10-30T03:14:16.074Z,2025-10-30T15:21:29.047Z,462.59,,$457.76,"Aceite orgánico de vitamina E (4,05 onzas líquidas), 50 000 UI de humectante para rostro y cuerpo con aceites de almendras, jojoba y rosa mosqueta, cuidado de la piel y humectante para rostro para",https://www.amazon.com.mx/dp/B0DDQ37C2D,https://www.amazon.com/dp/B0DDQ37C2D,SHOPENZA,
,B0C78GRRQ4,1,Belleza,disponible,no disponible,,,2025-10-29T22:03:36.086Z,2025-10-30T03:14:23.254Z,2025-10-30T15:21:35.435Z,666.01,,$645.44,Sobeautis- Jabón de Alepo natural con 40% de aceite de laurel y 60% de aceite de oliva: limpiador terapéutico de hidratación profunda para una piel radiante.,https://www.amazon.com.mx/dp/B0C78GRRQ4,https://www.amazon.com/dp/B0C78GRRQ4,GUTTIDIRECT,
,B0D9MJ93CF,1,Belleza,disponible,no disponible,,,2025-10-29T22:03:36.086Z,2025-10-30T03:14:31.667Z,2025-10-30T15:21:42.056Z,504.56,,$501.53,"EXSIVIA Quitapegamento para uñas para uñas postizas, uñas acrílicas y uñas con pegamento - Suero despegador suave, inodoro y sin acetona de 50 ml",https://www.amazon.com.mx/dp/B0D9MJ93CF,https://www.amazon.com/dp/B0D9MJ93CF,M&H Customer Friendly Store,
,B09XM9VFKS,1,Belleza,disponible,no disponible,,,2025-10-29T22:03:36.086Z,2025-10-30T03:14:39.382Z,2025-10-30T15:21:48.714Z,500.17,,$485.03,"ANKOOY Pacote com 12 conjuntos de creme para as mãos para mulheres e meninas, creme hidratante para as mãos com fragrância de plantas para mãos secas e rachadas, conjunto de mini loção para",https://www.amazon.com.mx/dp/B09XM9VFKS,https://www.amazon.com/dp/B09XM9VFKS,SRKSB LLC,
,B0CR2XVH7Y,1,Belleza,disponible,no disponible,,,2025-10-29T22:03:36.086Z,2025-10-30T03:14:52.861Z,2025-10-30T15:22:01.892Z,533.47,,$516.86,"RBUGR - Paquete de 39 bálsamos labiales, 12 sabores naturales, hidratante y calmante",https://www.amazon.com.mx/dp/B0CR2XVH7Y,https://www.amazon.com/dp/B0CR2XVH7Y,SRKSB LLC,
,B08SLCQGJC,1,Belleza,disponible,no disponible,,,2025-10-29T22:03:36.086Z,2025-10-30T03:15:00.034Z,2025-10-30T15:22:10.478Z,1698.23,,"$1,695.34",Vello Home Care | Terapia biomimética de fertilización capilar | Combate la pérdida de cabello | Restaura la vitalidad | Ideal para hombres y mujeres con atrofia capilar | Juego de 2,https://www.amazon.com.mx/dp/B08SLCQGJC,https://www.amazon.com/dp/B08SLCQGJC,Premium Global,
,B09V74368V,1,Belleza,disponible,no disponible,,,2025-10-29T22:03:48.432Z,2025-10-30T03:15:07.843Z,2025-10-30T15:22:17.847Z,578.32,,$577.21,"Freebird- Toallitas para el cuerpo y la cabeza para hombres, 10 unidades, grandes, sin enjuague, para adultos, desechables, con pH equilibrado, Sh",https://www.amazon.com.mx/dp/B09V74368V,https://www.amazon.com/dp/B09V74368V,Ovolos,
,B0BNJWLJBY,1,Belleza,disponible,no disponible,,,2025-10-29T22:03:48.432Z,2025-10-30T03:15:14.895Z,2025-10-30T15:22:26.641Z,1144.46,,"$1,079.76","HYDRONOVA- FÓRMULA Avanzada ILUMINADORA Y PERFECCIONADORA DE Piel con Vitamina C para Todo Tipo DE Piel: Ayuda a minimizar la aparición de Manchas oscuras y promueve una Piel más Suave, Radiante y de",https://www.amazon.com.mx/dp/B0BNJWLJBY,https://www.amazon.com/dp/B0BNJWLJBY,RVDSHOP,
,B0CRYN63KS,1,Belleza,disponible,no disponible,,,2025-10-29T22:03:48.432Z,2025-10-30T03:15:23.828Z,2025-10-30T15:22:33.938Z,912.69,,$903.07,"AZEN 30 Juegos De Crema De Manos A Granel Y Bálsamo Labial Conjunto A Granel, Regalos De Despedida De Soltera Para Invitados Con Bolsa De Organza Tarjeta De Agradecimiento, Favores",https://www.amazon.com.mx/dp/B0CRYN63KS,https://www.amazon.com/dp/B0CRYN63KS,BELGUCAN Global,
,B095CP4QRC,1,Belleza,disponible,no disponible,,,2025-10-29T22:03:48.432Z,2025-10-30T03:15:33.430Z,2025-10-30T15:22:41.611Z,657.69,,$645.09,"LOVOOD- Crema correctora de manchas oscuras: axilas, cuello, rodillas, codos, zonas íntimas y privadas - U",https://www.amazon.com.mx/dp/B095CP4QRC,https://www.amazon.com/dp/B095CP4QRC,M&H Customer Friendly Store,
,B01I5QZE3S,1,Belleza,disponible,no disponible,,,2025-10-29T22:03:48.432Z,2025-10-30T03:15:41.963Z,2025-10-30T15:22:50.194Z,693.63,,$679.39,"Hair iIllusion ( Water Resistant) Spray Resistente Al Agua, 4oz",https://www.amazon.com.mx/dp/B01I5QZE3S,https://www.amazon.com/dp/B01I5QZE3S,DUKKI LLC,
,B0CFCHWR42,1,Belleza,disponible,no disponible,,,2025-10-29T22:03:48.432Z,2025-10-30T03:15:51.026Z,2025-10-30T15:22:57.051Z,1324.5,,"$1,250.31","Ceremonia Aceite De Moska Aceite Para Cuero Cabelludo, 2 Oz/60 Ml Multicolor",https://www.amazon.com.mx/dp/B0CFCHWR42,https://www.amazon.com/dp/B0CFCHWR42,MSRL STORE US,
,B0D4V9V9HZ,1,Belleza,disponible,no disponible,,,2025-10-29T22:03:48.432Z,2025-10-30T03:15:58.711Z,2025-10-30T15:23:04.263Z,433.92,,$433.58,"MINXUEYEN- Barra de cera para el cabello para niños, gel para peinar, peine incorporado, retráctil, fácil de peinar, gel para el cabello de bebé, sin grasa",https://www.amazon.com.mx/dp/B0D4V9V9HZ,https://www.amazon.com/dp/B0D4V9V9HZ,M&H Customer Friendly Store,
,B0819BM2DD,1,Belleza,disponible,no disponible,,,2025-10-29T22:03:48.433Z,2025-10-30T03:16:06.627Z,2025-10-30T15:23:12.013Z,861.15,,$857.25,"OVANTE- Mascarilla de azufre para rosácea Demodex, mascarilla facial refrescante y calmante para pieles sensibles propensas a rosácea y D",https://www.amazon.com.mx/dp/B0819BM2DD,https://www.amazon.com/dp/B0819BM2DD,BELGUCAN Global,
,B0DL5DJ9BW,1,Belleza,disponible,disponible,,,2025-10-29T22:03:48.433Z,2025-10-30T03:16:15.121Z,2025-10-30T15:23:18.763Z,1157.76,34.99,"$1,139.70","VGRPRO - Cortapelos eléctricos para hombres, juego de cortapelos y recortadoras inalámbricas, kit de cortapelos para corte de cabello con batería larga, recortadora de pelo para uso familiar y",https://www.amazon.com.mx/dp/B0DL5DJ9BW,https://www.amazon.com/dp/B0DL5DJ9BW,Rendomin,VGRPRO Inc.
,B0D6V2WSYF,1,Belleza,disponible,no disponible,,,2025-10-29T22:03:48.433Z,2025-10-30T03:16:24.529Z,2025-10-30T15:23:26.526Z,790.12,,$772.60,"Shampoo Mix De Frutas Antioxidante de larga duración | Shampoo Mix De Frutas antioxidante | para Cabello más Fuerte, Grueso y Largo - Suave y Brillo, Champú para Crecimiento.",https://www.amazon.com.mx/dp/B0D6V2WSYF,https://www.amazon.com/dp/B0D6V2WSYF,MYSILKROAD LLC,
,B091N8X9CQ,1,Belleza,disponible,no disponible,,,2025-10-29T22:03:48.433Z,2025-10-30T03:16:32.254Z,2025-10-30T15:23:34.456Z,881.16,,$865.67,Leaf & Flower 7 Minute Blowout 6 oz,https://www.amazon.com.mx/dp/B091N8X9CQ,https://www.amazon.com/dp/B091N8X9CQ,SRKSB LLC,
,B0DMVFMDYX,1,Belleza,disponible,no disponible,,,2025-10-29T22:03:48.433Z,2025-10-30T03:16:40.244Z,2025-10-30T15:23:41.345Z,512.82,,$502.04,"yoniagood- Jabón líquido para el cuerpo que bloquea los olores: nuestra barra de jabón líquido para el cuerpo desodorante de caqui tiene ingredientes que no dañan la piel y la dejan suave y sedosa, y",https://www.amazon.com.mx/dp/B0DMVFMDYX,https://www.amazon.com/dp/B0DMVFMDYX,SRKSB LLC,
,B0195NGK6U,1,Belleza,disponible,no disponible,,,2025-10-29T22:03:48.433Z,2025-10-30T03:16:47.788Z,2025-10-30T15:23:49.104Z,698.97,,$687.90,Prevention Oncology Mouth Rinse,https://www.amazon.com.mx/dp/B0195NGK6U,https://www.amazon.com/dp/B0195NGK6U,M&H Customer Friendly Store,
,B0BY3SXP7X,1,Belleza,disponible,no disponible,,,2025-10-29T22:03:48.433Z,2025-10-30T03:16:55.752Z,2025-10-30T15:23:55.908Z,917.35,,$912.49,Double Take Awake Liner Líquido y Abrillantador Negro,https://www.amazon.com.mx/dp/B0BY3SXP7X,https://www.amazon.com/dp/B0BY3SXP7X,Rendomin,
,B0DWMN7HMQ,1,Belleza,disponible,no disponible,,,2025-10-29T22:03:48.433Z,2025-10-30T03:17:03.543Z,2025-10-30T15:24:03.245Z,767.94,,$736.55,AMZGIRL LASH Kit De Extensiones De Pestañas Manga Lash Clusters De 144 Piezas Con Adhesivo Y Sellador Pestañas Postizas Con Banda Invisible Removedor De Pegamento Y Aplicadores(Kit De 8-16 M,https://www.amazon.com.mx/dp/B0DWMN7HMQ,https://www.amazon.com/dp/B0DWMN7HMQ,Rendosa,
,B00IKFLACY,1,Belleza,disponible,no disponible,,,2025-10-29T22:03:48.434Z,2025-10-30T03:17:10.596Z,2025-10-30T15:24:10.649Z,657.9,,$639.60,Lucas Papaw Ointment 15g Tube with lip applicator - TWIN Pack for value by Lucas Remedies,https://www.amazon.com.mx/dp/B00IKFLACY,https://www.amazon.com/dp/B00IKFLACY,GUTTIDIRECT,
,B098N45C7B,1,Belleza,disponible,no disponible,,,2025-10-29T22:04:04.046Z,2025-10-30T03:17:18.427Z,2025-10-30T15:24:18.242Z,748.17,,$735.05,"Sunshine Bond - Adhesivo de repuesto para cabello – Sujeción extendida para cabello de polietileno y encaje, peluca, sistemas de peluquería – Pegamento invisible e impermeable, seguro para la piel",https://www.amazon.com.mx/dp/B098N45C7B,https://www.amazon.com/dp/B098N45C7B,MSTZKN SHİPMENT,
,B0CHJ8R113,1,Belleza,disponible,no disponible,,,2025-10-29T22:04:04.046Z,2025-10-30T03:17:26.653Z,2025-10-30T15:24:25.791Z,503.7,,$498.86,"Cilrofelr- Delineador de labios despegable, delineador de labios de larga duración con pinzas, delineador de labios despegable con acabado mate",https://www.amazon.com.mx/dp/B0CHJ8R113,https://www.amazon.com/dp/B0CHJ8R113,SHOPENZA,
,B08PK46BS9,1,Belleza,disponible,no disponible,,,2025-10-29T22:04:04.046Z,2025-10-30T03:17:39.092Z,2025-10-30T15:24:38.254Z,810.3,,$801.57,"Talsen Chemicals Optiphen Plus Preservative for Cosmetics,Optiphen Natural Presevative For Lotions Making DIY Productes, Serums (8 Ounce / 236 mL)",https://www.amazon.com.mx/dp/B08PK46BS9,https://www.amazon.com/dp/B08PK46BS9,BELGUCAN Global,
,B0D1VP6RXG,1,Belleza,disponible,no disponible,,,2025-10-29T22:04:04.046Z,2025-10-30T03:17:47.379Z,2025-10-30T15:24:46.192Z,1040.71,,$969.08,Fragrance World Spectre Eau De Parfum 80 ml,https://www.amazon.com.mx/dp/B0D1VP6RXG,https://www.amazon.com/dp/B0D1VP6RXG,KRONOS STORE,
,B0C4ZQ3FRY,1,Belleza,disponible,no disponible,,,2025-10-29T22:04:04.047Z,2025-10-30T03:17:56.205Z,2025-10-30T15:24:53.663Z,706.14,,$688.27,"Pure Primal Premium Penile Health Cream - Advanced Moisturizing Penile Cream To Increase Sensitivity For Men - Moisturizer Penile Lotion For Anti-Chafing, Redness, Dryness and Irritation - 4 oz",https://www.amazon.com.mx/dp/B0C4ZQ3FRY,https://www.amazon.com/dp/B0C4ZQ3FRY,M&H Customer Friendly Store,
,B00HNA2YW2,1,Belleza,disponible,no disponible,,,2025-10-29T22:04:04.047Z,2025-10-30T03:18:04.116Z,2025-10-30T15:25:01.826Z,880.23,,$849.67,Climbskin Hand Cream - Protect and Regenerate Your Skin (1 oz Tin),https://www.amazon.com.mx/dp/B00HNA2YW2,https://www.amazon.com/dp/B00HNA2YW2,M&H Customer Friendly Store,
,B0CQLTR6PV,1,Belleza,disponible,disponible,,,2025-10-29T22:04:04.047Z,2025-10-30T03:18:13.864Z,2025-10-30T15:25:09.126Z,666.54,15.99,$657.51,"UNIMADE - Paños removedores de maquillaje, paquete de 12 paños de lavado faciales negros, toallas faciales de microfibra de forro polar coral suave para cara, manos y baño (13 x 13 pulgadas)",https://www.amazon.com.mx/dp/B0CQLTR6PV,https://www.amazon.com/dp/B0CQLTR6PV,BELGUCAN Global,Unimade Global
,B0DSQVGPQ1,1,Belleza,disponible,no disponible,,,2025-10-29T22:04:04.047Z,2025-10-30T03:18:23.249Z,2025-10-30T15:25:17.348Z,615.27,,$595.35,Agridin Crema Corporal De Castaño De Indias - Crema Para Varices Alivia El Dolor Y La Hinchazón - Enriquecida Con Aceites De Castaño De Indias Romero Y Naranja - Favorece La Circulación Y El,https://www.amazon.com.mx/dp/B0DSQVGPQ1,https://www.amazon.com/dp/B0DSQVGPQ1,GUTTIDIRECT,
,B0C72N14TJ,1,Belleza,disponible,no disponible,,,2025-10-29T22:04:04.047Z,2025-10-30T03:18:30.038Z,2025-10-30T15:25:24.891Z,542.35,,$505.40,"YG LianKai Crema de Estrías y Cicatrices de Mango, Estrías y Crema de Eliminación de Cicatrices para El Embarazo, Estrías Cremas de Vientre Cicatrices para Arrugas, Obesidad Grasa Estrías Hidratante,",https://www.amazon.com.mx/dp/B0C72N14TJ,https://www.amazon.com/dp/B0C72N14TJ,MARVEL INC.,
,B0D8KFDH9T,1,Belleza,disponible,no disponible,,,2025-10-29T22:04:04.047Z,2025-10-30T03:18:38.321Z,2025-10-30T15:25:32.499Z,456.48,,$428.39,"HOYGI Jabón Facial De Cúrcuma, Limpiador Facial De Cúrcuma, Limpiador Espumoso De Cúrcuma Para Todo Tipo De Piel, 3,38 Onzas Líquidas/Unidad",https://www.amazon.com.mx/dp/B0D8KFDH9T,https://www.amazon.com/dp/B0D8KFDH9T,MSTZKN SHİPMENT,
,B092NF6DFC,1,Belleza,disponible,no disponible,,,2025-10-29T22:04:04.047Z,2025-10-30T03:18:45.067Z,2025-10-30T15:25:39.881Z,704.99,,$706.06,"MYSTÉRE BEAUTÉ- Exfoliante corporal con sal del Himalaya, 12 oz, con colágeno y células madre, exfoliante de sal para celulitis",https://www.amazon.com.mx/dp/B092NF6DFC,https://www.amazon.com/dp/B092NF6DFC,BS-SHOPPING,
,B08FX4G4VR,1,Belleza,disponible,no disponible,,,2025-10-29T22:04:04.048Z,2025-10-30T03:18:52.670Z,2025-10-30T15:25:47.774Z,516.8,,$509.56,Auravedic- Aceite facial Nalpamaradi Thailam | Aceite de masaje ayurvédico | Ayuda a revitalizar la piel opaca y reducir las líneas faciales,https://www.amazon.com.mx/dp/B08FX4G4VR,https://www.amazon.com/dp/B08FX4G4VR,GUTTIDIRECT,
,B0DT7VJ1TM,1,Belleza,disponible,no disponible,,,2025-10-29T22:04:04.048Z,2025-10-30T03:19:01.201Z,2025-10-30T15:25:54.410Z,786.18,,$776.67,"Pelo Baum Champú Revitalizante Para El Cabello, Tratamiento Capilar Definitivo, Complejo De Péptidos Biomiméticos Para Prevenir La Caída Del Cabello Y Promover Su Crecimiento, Fabricado En Corea(150 M",https://www.amazon.com.mx/dp/B0DT7VJ1TM,https://www.amazon.com/dp/B0DT7VJ1TM,Ovolos,
,B0D5M975JL,1,Belleza,disponible,no disponible,,,2025-10-29T22:04:04.048Z,2025-10-30T03:19:08.022Z,2025-10-30T15:26:01.521Z,601.95,,$619.36,"ulluxe Juego De Mascarillas De Arcilla Facial - Mascarilla De Arcilla De Cúrcuma Con Vitamina C, Mascarilla De Barro Del Mar Muerto Y Ácido Salicílico Para Limpieza De Poros, Puntos",https://www.amazon.com.mx/dp/B0D5M975JL,https://www.amazon.com/dp/B0D5M975JL,BS-SHOPPING,
,B00WP5IQHC,1,Belleza,disponible,no disponible,,,2025-10-29T22:04:04.048Z,2025-10-30T03:19:15.915Z,2025-10-30T15:26:08.431Z,906.29,,$873.98,Red Raspberry Seed Oil - Cold Pressed by Berry Beautiful from locally grown Raspberries - 100% Pure & Unrefined (4 fl oz),https://www.amazon.com.mx/dp/B00WP5IQHC,https://www.amazon.com/dp/B00WP5IQHC,M&H Customer Friendly Store,
,B0BSV4PZMC,1,Belleza,disponible,no disponible,,,2025-10-29T22:04:16.819Z,2025-10-30T03:19:24.166Z,2025-10-30T15:26:15.529Z,1178.15,,"$1,165.50","VACATION Vacation Classic Loción De Protección Solar Spf 50 Paquete De 3, Protector Solar De Amplio Espectro Resistente Al Agua, Loción Vegana Para Broncear Al Sol, Loción Corporal Con",https://www.amazon.com.mx/dp/B0BSV4PZMC,https://www.amazon.com/dp/B0BSV4PZMC,Rendosa,
,B07GKWTBMZ,1,Belleza,disponible,no disponible,,,2025-10-29T22:04:16.820Z,2025-10-30T03:19:32.726Z,2025-10-30T15:26:23.461Z,488.95,,$460.82,"Senkary Bolsas para secador de pelo, bolsa de viaje de algodón para secador de pelo, bolsa de almacenamiento, 11.8 pulgadas por 13.8 pulgadas (beige)",https://www.amazon.com.mx/dp/B07GKWTBMZ,https://www.amazon.com/dp/B07GKWTBMZ,MSTZKN SHİPMENT,
,B078Y61JXG,1,Deportes y Aire libre,disponible,no disponible,,,2025-10-29T22:04:24.675Z,2025-10-30T03:19:40.317Z,2025-10-30T15:26:31.153Z,570.13,,$574.98,Summit Chemical Co. - Mosquito Dunk (6 unidades),https://www.amazon.com.mx/dp/B078Y61JXG,https://www.amazon.com/dp/B078Y61JXG,GUTTIDIRECT,
,1955710198,1,Deportes y Aire libre,disponible,disponible,,,2025-10-29T22:04:24.675Z,2025-10-30T03:19:47.919Z,2025-10-30T15:26:38.773Z,935.53,26.95,$911.76,"Salud de los hombres, no requiere gimnasio: pesas rusas – logra una transformación de cuerpo completo cuando usas solo una pesa rusa",https://www.amazon.com.mx/dp/1955710198,https://www.amazon.com/dp/1955710198,GUTTIDIRECT,Hearst Product Studio
,B0DZNKWR84,1,Deportes y Aire libre,disponible,disponible,,,2025-10-29T22:04:24.675Z,2025-10-30T03:19:55.161Z,2025-10-30T15:26:47.067Z,1227.58,36.99,"$1,140.90","COOTRY - Traje de baño de manga corta para mujer, 2 piezas, talla grande, protección contra erupciones, traje de baño y pantalones cortos, UPF 50+",https://www.amazon.com.mx/dp/B0DZNKWR84,https://www.amazon.com/dp/B0DZNKWR84,Rendosa,Lady Outlet Store
,B002VWH7RE,1,Deportes y Aire libre,disponible,no disponible,,,2025-10-29T22:04:24.675Z,2025-10-30T03:20:03.927Z,2025-10-30T15:26:54.051Z,1243,,"$1,174.81",Seals Cubierta de nailon para cabina,https://www.amazon.com.mx/dp/B002VWH7RE,https://www.amazon.com/dp/B002VWH7RE,Marca: Seals,
,B0F2T433SW,1,Deportes y Aire libre,disponible,no disponible,,,2025-10-29T22:04:24.675Z,2025-10-30T03:20:11.487Z,2025-10-30T15:27:01.398Z,1519.89,,"$1,473.59","Kit de supervivencia, 262 piezas de equipo de supervivencia y suministros con bolsa de primeros auxilios y bolsa cruzada, kit de emergencia con tienda, martillo de hacha de campamento, pala de",https://www.amazon.com.mx/dp/B0F2T433SW,https://www.amazon.com/dp/B0F2T433SW,M&H Customer Friendly Store,
,B0CQ3MQR7C,1,Deportes y Aire libre,disponible,no disponible,,,2025-10-29T22:04:24.675Z,2025-10-30T03:20:24.014Z,2025-10-30T15:27:14.288Z,1781.55,,"$1,706.23","Transparent Labs Aislado de proteína de suero de leche alimentado con pasto: sabor natural, proteína de suero de leche en polvo sin gluten con 28 g de proteína por porción y 9 aminoácidos esenciales",https://www.amazon.com.mx/dp/B0CQ3MQR7C,https://www.amazon.com/dp/B0CQ3MQR7C,BROWN LEAVES LLC,
,B07K8WK8JD,1,Deportes y Aire libre,disponible,disponible,,,2025-10-29T22:04:24.676Z,2025-10-30T03:20:33.156Z,2025-10-30T15:27:21.307Z,1163.65,36,"$1,121.64","Swiftwick - Rendimiento cero (3 pares) calcetines para correr y golf, acolchados que no se muestran",https://www.amazon.com.mx/dp/B07K8WK8JD,https://www.amazon.com/dp/B07K8WK8JD,GUTTIDIRECT,Swiftwick
,B0D9MFQJQ6,1,Deportes y Aire libre,disponible,no disponible,,,2025-10-29T22:04:24.676Z,2025-10-30T03:20:41.084Z,2025-10-30T15:27:29.418Z,532.23,,$524.40,"Feraricci Calcetines de vestir casuales de color sólido para hombre, calcetines coloridos y cómodos",https://www.amazon.com.mx/dp/B0D9MFQJQ6,https://www.amazon.com/dp/B0D9MFQJQ6,Rendosa,
,B0CZ8B91CN,1,Deportes y Aire libre,disponible,disponible,,,2025-10-29T22:04:24.676Z,2025-10-30T03:20:49.678Z,2025-10-30T15:27:37.621Z,1929,69.99,"$1,921.35","Anoutway - Bomba de aire eléctrica recargable para bicicleta, máximo 120 PSI, mini bomba de neumático para bicicleta, con válvula Presta y Schrader para bicicleta eléctrica, bicicleta de montaña,",https://www.amazon.com.mx/dp/B0CZ8B91CN,https://www.amazon.com/dp/B0CZ8B91CN,Marca: anoutway,anoutway
,B07BH8GKFB,1,Deportes y Aire libre,disponible,no disponible,,,2025-10-29T22:04:24.676Z,2025-10-30T03:20:58.796Z,2025-10-30T15:27:45.683Z,1268.92,,"$1,226.04","Levels Nutrition Proteína De Suero De Leche En Polvo Alimentada Con Pasto Levels, Sin Ingredientes Artificiales, 24 G De Proteína, Sabor Vainilla Y Canela, 2 Libras 28 Porciones (Paquete De 1)",https://www.amazon.com.mx/dp/B07BH8GKFB,https://www.amazon.com/dp/B07BH8GKFB,SHOPENZA,
,B09G6BTHST,1,Deportes y Aire libre,disponible,disponible,,,2025-10-29T22:04:24.676Z,2025-10-30T03:21:07.444Z,2025-10-30T15:27:52.767Z,562.78,9.99,$553.65,Biwisy Mens Swim Trunks Quick Dry Beach Shorts Mesh Lining Swimwear Bathing Suits with Pockets,https://www.amazon.com.mx/dp/B09G6BTHST,https://www.amazon.com/dp/B09G6BTHST,GOLDEN SWORD,Lisdwdeus
,B0DV4MH4NB,1,Deportes y Aire libre,disponible,disponible,,,2025-10-29T22:04:24.676Z,2025-10-30T03:21:14.651Z,2025-10-30T15:27:59.728Z,1108.01,34.99,$940.09,"Liventra - Bolsa de pecho para hombre, también para senderismo, ciclismo, trabajo y transporte diario, sistema MOLLE, bolsillos seguros, detalles reflectantes, resistente al agua, transpirable",https://www.amazon.com.mx/dp/B0DV4MH4NB,https://www.amazon.com/dp/B0DV4MH4NB,Rendomin,Liventra Active
,B09B2TVKGB,1,Deportes y Aire libre,disponible,no disponible,,,2025-10-29T22:04:24.676Z,2025-10-30T03:21:23.599Z,2025-10-30T15:28:08.515Z,691.13,,$683.55,"Aquatabs Tabletas de purificación de Agua de 49 MG (100 Unidades) Sistema de filtración de Agua para Senderismo, mochileros, Camping, emergencias, Supervivencia y Uso doméstico. Tratamiento y",https://www.amazon.com.mx/dp/B09B2TVKGB,https://www.amazon.com/dp/B09B2TVKGB,SRKSB LLC,
,B09HJNNZKY,1,Deportes y Aire libre,disponible,no disponible,,,2025-10-29T22:04:24.676Z,2025-10-30T03:21:33.064Z,2025-10-30T15:28:16.242Z,1719.66,,"$1,687.48","ANDROGENESIS Gel De Apoyo Natural Para Niveles Bajos De Testosterona: Potenciador De Testosterona Para Hombres: Recuperación Muscular, Refuerzo De Energía, Envejecimiento Saludable 4 Onzas Líquidas(Pa",https://www.amazon.com.mx/dp/B09HJNNZKY,https://www.amazon.com/dp/B09HJNNZKY,SHOPENZA,
,B0CP5HV4VV,1,Deportes y Aire libre,disponible,disponible,,,2025-10-29T22:04:24.676Z,2025-10-30T03:21:41.618Z,2025-10-30T15:28:23.609Z,785.94,19.99,$737.35,"COOTRY - Camisetas de entrenamiento para mujer, con abertura en la espalda, verano, yoga, casual, atlético, gimnasio, deporte",https://www.amazon.com.mx/dp/B0CP5HV4VV,https://www.amazon.com/dp/B0CP5HV4VV,Ovolos,Lady Outlet Store
,B0D2H6CMDC,1,Deportes y Aire libre,disponible,no disponible,,,2025-10-29T22:04:38.055Z,2025-10-30T03:21:50.376Z,2025-10-30T15:28:31.499Z,1538.25,,"$1,509.74","Kit de supervivencia, 262 piezas de equipo de supervivencia y suministros con bolsa de primeros auxilios y bolsa cruzada, kit de emergencia con tienda, martillo de hacha de campamento, pala de",https://www.amazon.com.mx/dp/B0D2H6CMDC,https://www.amazon.com/dp/B0D2H6CMDC,SRKSB LLC,
,B0DRFK9QVN,1,Deportes y Aire libre,disponible,no disponible,,,2025-10-29T22:04:38.055Z,2025-10-30T03:21:58.542Z,2025-10-30T15:28:38.560Z,874.43,,$857.05,"Expansor de sombrero ajustado de vaquero: gorras para hombres, extensores de 4 vías, gorras de béisbol para gorras de gorras de fieltro moldeador",https://www.amazon.com.mx/dp/B0DRFK9QVN,https://www.amazon.com/dp/B0DRFK9QVN,M&H Customer Friendly Store,
,B0CP3WZYG8,1,Deportes y Aire libre,disponible,no disponible,,,2025-10-29T22:04:38.055Z,2025-10-30T03:22:08.202Z,2025-10-30T15:28:45.494Z,1924.28,,"$1,897.35","Equip- “Alimentos Prime Protein Powder | Limpio, Grass Fed Beef Protein Isolate | Carnivore Protein Powder | Pa",https://www.amazon.com.mx/dp/B0CP3WZYG8,https://www.amazon.com/dp/B0CP3WZYG8,SHOPENZA,
,B08L6YYXZ3,1,Deportes y Aire libre,disponible,no disponible,,,2025-10-29T22:04:38.055Z,2025-10-30T03:22:17.746Z,2025-10-30T15:28:52.688Z,1278.92,,"$1,230.04","Levels Nutrition Proteína De Suero De Leche En Polvo Alimentada Con Pasto Levels, Sin Ingredientes Artificiales, 24 G De Proteína, Mantequilla De Maní Con Sabor A Chocolate, 2 Libras 26 Porciones(Paqu",https://www.amazon.com.mx/dp/B08L6YYXZ3,https://www.amazon.com/dp/B08L6YYXZ3,Lumexa Online MX,
,B0D5HRJ38H,1,Deportes y Aire libre,disponible,no disponible,,,2025-10-29T22:04:38.055Z,2025-10-30T03:22:26.103Z,2025-10-30T15:28:59.790Z,692.81,,$714.16,"Paquete de 60 parches de recuperación – Despierta refrescados y energizados con nuestro parche de ingredientes 100% naturales para fiestas, respetuoso con la piel e impermeable, aplicar antes de beber",https://www.amazon.com.mx/dp/B0D5HRJ38H,https://www.amazon.com/dp/B0D5HRJ38H,Abundant Peace,
,B0F6V6WNTW,1,Deportes y Aire libre,disponible,disponible,,,2025-10-29T22:04:38.055Z,2025-10-30T03:22:33.989Z,2025-10-30T15:29:07.107Z,780.29,19.99,$734.96,"LetsJoli - Sujetadores para mujer, sin costuras, sin costuras, sin costuras, talla grande para mujeres mayores",https://www.amazon.com.mx/dp/B0F6V6WNTW,https://www.amazon.com/dp/B0F6V6WNTW,PEACEE STOREE,LetsJoli
,B09FFQN924,1,Deportes y Aire libre,disponible,no disponible,,,2025-10-29T22:04:38.055Z,2025-10-30T03:22:42.705Z,2025-10-30T15:29:14.543Z,1088.79,,"$1,054.07","Aquatabs - Tabletas de purificación de agua de 397 mg (100 unidades) Sistema de filtración de agua para camping, navegación, emergencias, supervivencia, vehículos recreativos y uso marino. Tratamiento",https://www.amazon.com.mx/dp/B09FFQN924,https://www.amazon.com/dp/B09FFQN924,GUTTIDIRECT,
,B0921QW6S8,1,Deportes y Aire libre,disponible,no disponible,,,2025-10-29T22:04:38.055Z,2025-10-30T03:22:50.770Z,2025-10-30T15:29:21.969Z,1194.13,,"$1,147.74","Nick & Hannah- Niveles de Proteína de Suero Alimentada con Hierba en Polvo, Sin Artificiales, 24G de Proteína, Doble Chocolate, 2LB",https://www.amazon.com.mx/dp/B0921QW6S8,https://www.amazon.com/dp/B0921QW6S8,Lumexa Online MX,
,B0BHBYS1ML,1,Deportes y Aire libre,disponible,disponible,,,2025-10-29T22:04:38.056Z,2025-10-30T03:22:58.882Z,2025-10-30T15:29:29.537Z,2726.45,94,"$2,621.48","Stakt - Esterilla plegable multiusos para fitness y yoga con diseño patentado, alfombrilla de entrenamiento con superficie antideslizante, portátil y ligera, para uso en estudio y hogar, como se ve en",https://www.amazon.com.mx/dp/B0BHBYS1ML,https://www.amazon.com/dp/B0BHBYS1ML,Lumexa Online MX,TechOutletUS
,B0DN56KZ83,1,Deportes y Aire libre,disponible,disponible,,,2025-10-29T22:04:38.056Z,2025-10-30T03:23:06.670Z,2025-10-30T15:29:37.531Z,1026.94,29.99,$979.05,"JoyGirl - Falda plisada de tenis con pantalones cortos de cintura alta, falda de golf, falda de entrenamiento, falda atlética con bolsillos",https://www.amazon.com.mx/dp/B0DN56KZ83,https://www.amazon.com/dp/B0DN56KZ83,Rendosa,JoyGirl
,B0DK91BF92,1,Deportes y Aire libre,disponible,no disponible,,,2025-10-29T22:04:38.056Z,2025-10-30T03:23:18.984Z,2025-10-30T15:29:51.310Z,705.74,,$688.72,"Paquete de 4 Repelente de Arañas de Aceite de Menta para Interiores, Potente Repelente de Arañas con Ingredientes a Base de Plantas, Mantén la Araña lejos de Interior y Exterior, Sótano, cochera",https://www.amazon.com.mx/dp/B0DK91BF92,https://www.amazon.com/dp/B0DK91BF92,SHOPENZA,
,B0D37KV755,1,Deportes y Aire libre,disponible,disponible,,,2025-10-29T22:04:38.056Z,2025-10-30T03:23:27.546Z,2025-10-30T15:29:58.548Z,1308.32,38.99,"$1,191.00","playera térmica de lana merino para hombre, ligera, resistente al olor + bolsa de lavandería adicional, lavable a máquina",https://www.amazon.com.mx/dp/B0D37KV755,https://www.amazon.com/dp/B0D37KV755,SEONGSAN,Merino Summit
,B0DWK135K9,1,Deportes y Aire libre,disponible,disponible,,,2025-10-29T22:04:38.056Z,2025-10-30T03:23:35.782Z,2025-10-30T15:30:07.005Z,4572.69,199,"$4,911.89","RingConn Gen 2 Air, Ultrafino Smart Ring con IA, autonomía de 10 días, anillo inteligente para hombre y mujer, sueño, estrés y frecuencia cardíaca, iOS&Android compatible (Dune Gold, 8)",https://www.amazon.com.mx/dp/B0DWK135K9,https://www.amazon.com/dp/B0DWK135K9,SEONGSAN,RingConn Official Store
,B016OA5YK0,1,Deportes y Aire libre,disponible,no disponible,,,2025-10-29T22:04:38.056Z,2025-10-30T03:23:43.018Z,2025-10-30T15:30:15.392Z,952.32,,$901.20,Hot to Go Paquetes de Calor Reutilizables: Compra 4 y obtén 4 Gratis,https://www.amazon.com.mx/dp/B016OA5YK0,https://www.amazon.com/dp/B016OA5YK0,ALIPA COMERCIALIZADORA/ FACTURAMOS TU COMPRA,
,B0D3F1XQN7,1,Deportes y Aire libre,disponible,no disponible,,,2025-10-29T22:04:38.056Z,2025-10-30T03:23:51.544Z,2025-10-30T15:30:24.078Z,1761.89,,"$1,655.58","Adoreal - Soporte de pared para pistola modularidad, soporte para pistola de 120 libras para pared con 10 ganchos de montaje, estante para escopeta de rifle con almacenamiento adicional, montaje de",https://www.amazon.com.mx/dp/B0D3F1XQN7,https://www.amazon.com/dp/B0D3F1XQN7,M&H Customer Friendly Store,
,B0D97PBHY4,1,Deportes y Aire libre,disponible,disponible,,,2025-10-29T22:04:38.056Z,2025-10-30T03:24:00.557Z,2025-10-30T15:30:31.849Z,485.79,7.99,$468.07,"BFONS - Falda de lentejuelas con borlas para danza del vientre, bufanda de cadera con oropel brillante, falda de flecos para fiestas de Halloween para mujeres",https://www.amazon.com.mx/dp/B0D97PBHY4,https://www.amazon.com/dp/B0D97PBHY4,SRKSB LLC,hometoUS
,B07VNN2ZDR,1,Deportes y Aire libre,disponible,no disponible,,,2025-10-29T22:04:48.921Z,2025-10-30T03:24:08.209Z,2025-10-30T15:30:39.050Z,2235,,"$2,231.77","UltraHealth- Ascent 100% Proteína de Suero en Polvo Aislado de Proteína de Suero Post Entrenamiento, Cero Sabores Artificiales y Dulces",https://www.amazon.com.mx/dp/B07VNN2ZDR,https://www.amazon.com/dp/B07VNN2ZDR,VITABUENA,
,B08D2S33XB,1,Deportes y Aire libre,disponible,no disponible,,,2025-10-29T22:04:48.922Z,2025-10-30T03:24:16.357Z,2025-10-30T15:30:45.800Z,525,,$508.48,"Tabletas limpiadoras de botellas de agua – Paquete de 36 unidades, biodegradables, sin cloro y sin olor, hidratación de la vejiga y limpieza de botellas de agua, elimina manchas y olores difíciles",https://www.amazon.com.mx/dp/B08D2S33XB,https://www.amazon.com/dp/B08D2S33XB,BLACK HELMET siexistelotraemos,
,B0F293GFS3,1,Deportes y Aire libre,disponible,disponible,,,2025-10-29T22:04:48.922Z,2025-10-30T03:24:24.849Z,2025-10-30T15:30:54.414Z,677.35,14.99,$632.25,"Roadbox UPF 50+ - Camisas de pesca para hombre, manga larga, protección solar UV, con máscara/sin máscara, camisas de senderismo al aire última intervensión",https://www.amazon.com.mx/dp/B0F293GFS3,https://www.amazon.com/dp/B0F293GFS3,Ovolos,Roya Direct
,B0DWJG2TD8,1,Deportes y Aire libre,disponible,disponible,,,2025-10-29T22:04:48.922Z,2025-10-30T03:24:31.614Z,2025-10-30T15:31:01.827Z,4726.2,199,"$4,911.89","RingConn Anillo Inteligente Ultrafino Air de 2.ª generación con IA, batería de 10 días de duración, Monitor de Actividad física, sueño, estrés y frecuencia cardíaca para Mujeres y Hombres, sin Cargos",https://www.amazon.com.mx/dp/B0DWJG2TD8,https://www.amazon.com/dp/B0DWJG2TD8,BROWN LEAVES LLC,RingConn Official Store
,B0DYK3LXSW,1,Deportes y Aire libre,disponible,no disponible,,,2025-10-29T22:04:48.922Z,2025-10-30T03:24:40.297Z,2025-10-30T15:31:10.744Z,605.25,,$596.96,"Tabla de equilibrio de tobillo ajustable con 2 tablas de tobillo Sidekick y 6 barras de equilibrio, fortalecedor de tobillo versátil para estabilidad, rehabilitación y alivio del dolor",https://www.amazon.com.mx/dp/B0DYK3LXSW,https://www.amazon.com/dp/B0DYK3LXSW,M&H Customer Friendly Store,
,B0DMS5JXM8,1,Deportes y Aire libre,disponible,disponible,,,2025-10-29T22:04:48.922Z,2025-10-30T03:24:48.542Z,2025-10-30T15:31:19.055Z,1597.59,44.49,"$1,474.10","Paquete de 7 pantalones cortos deportivos para hombre, gimnasio, baloncesto, correr, entrenamiento, secado rápido, color negro con bolsillos para un rendimiento casual",https://www.amazon.com.mx/dp/B0DMS5JXM8,https://www.amazon.com/dp/B0DMS5JXM8,Novayu,BOOJO Flagship Store
,B0DNZ41KFV,1,Deportes y Aire libre,disponible,no disponible,,,2025-10-29T22:04:48.922Z,2025-10-30T03:24:56.111Z,2025-10-30T15:31:27.057Z,1363.1,,"$1,430.34","Ghosthorn - Soporte para caña de pescar para cochera, soporte para hasta 10 cañas, organizador de madera, para caña de pescar, equipo de almacenamiento de equipo de pesca (3 niveles)",https://www.amazon.com.mx/dp/B0DNZ41KFV,https://www.amazon.com/dp/B0DNZ41KFV,SHERIFF EXPRESS,
,B0D2QYY7Z3,1,Deportes y Aire libre,disponible,disponible,,,2025-10-29T22:04:48.922Z,2025-10-30T03:25:04.134Z,2025-10-30T15:31:35.981Z,1259.16,37.99,"$1,238.94",Kugnala Mens Lightweight Waterproof Jacket Windproof Rain Hooded jackets for Men Hiking Cycling Travel M-5XL,https://www.amazon.com.mx/dp/B0D2QYY7Z3,https://www.amazon.com/dp/B0D2QYY7Z3,SRKSB LLC,ShengshengFuzhuang
,B0BLVT2Y9N,1,Deportes y Aire libre,disponible,disponible,,,2025-10-29T22:04:48.922Z,2025-10-30T03:25:12.589Z,2025-10-30T15:31:43.573Z,622.74,13.99,$621.37,"Blukar - Linterna LED recargable, 2000 L de alto lumen superbrillante regulable con sensor de movimiento, 8 modos, foco y reflector, IPX5 impermeable para camping, senderismo, correr, pesca, paquete",https://www.amazon.com.mx/dp/B0BLVT2Y9N,https://www.amazon.com/dp/B0BLVT2Y9N,SHERIFF EXPRESS,MatriCom
,B0DT4JQKB2,1,Deportes y Aire libre,disponible,disponible,,,2025-10-29T22:04:48.922Z,2025-10-30T03:25:21.513Z,2025-10-30T15:31:51.650Z,1302.84,39.99,"$1,240.53",FB - Bolsa magnética para gimnasio,https://www.amazon.com.mx/dp/B0DT4JQKB2,https://www.amazon.com/dp/B0DT4JQKB2,Sky Ecommerce Store,Fittbag
,B0F18HRWBQ,1,Deportes y Aire libre,disponible,no disponible,,,2025-10-29T22:04:48.923Z,2025-10-30T03:25:30.128Z,2025-10-30T15:31:59.700Z,1852.01,,"$1,850.90","Chaleco salvavidas inflable automático, chaleco salvavidas para adultos, perfil bajo PFD, soporta hasta 350 libras (YSH701)",https://www.amazon.com.mx/dp/B0F18HRWBQ,https://www.amazon.com/dp/B0F18HRWBQ,NEW AGE SHOPPING,
,B0D3V4VGWR,1,Deportes y Aire libre,disponible,disponible,,,2025-10-29T22:04:48.923Z,2025-10-30T03:25:37.275Z,2025-10-30T15:32:06.660Z,1457.95,44.54,"$1,478.27","MAOYSSEN - chamarra de esquí impermeable para hombre, chamarra de nieve cálida, resistente al viento, con capucha",https://www.amazon.com.mx/dp/B0D3V4VGWR,https://www.amazon.com/dp/B0D3V4VGWR,MYSILKROAD LLC,MAOYSSEN
,B0D7CV4L5T,1,Deportes y Aire libre,disponible,no disponible,,,2025-10-29T22:04:48.923Z,2025-10-30T03:25:45.010Z,2025-10-30T15:32:14.056Z,829,,$766.12,"APEXUP - Pelota para yoga y pilates, antideslizante, resistente, para ejercicios de fitness, equilibrio y core",https://www.amazon.com.mx/dp/B0D7CV4L5T,https://www.amazon.com/dp/B0D7CV4L5T,Marca: APEXUP,
,B0DYJKK83M,1,Deportes y Aire libre,disponible,disponible,,,2025-10-29T22:04:48.923Z,2025-10-30T03:25:53.034Z,2025-10-30T15:32:21.021Z,829.97,21.99,$817.77,"NORTHYARD - Camisa con capucha para hombre, manga larga, protección contra erupciones, para pesca, con capucha, UPF 50, senderismo, SPF UV, ligera, con capucha",https://www.amazon.com.mx/dp/B0DYJKK83M,https://www.amazon.com/dp/B0DYJKK83M,MS STORE'S,NORTHYARD
,B0D2HBDRX7,1,Deportes y Aire libre,disponible,no disponible,,,2025-10-29T22:04:48.923Z,2025-10-30T03:26:06.162Z,2025-10-30T15:32:34.089Z,730,,"$1,353.42","AIRHAS - Zapatos descalzos para hombre, sin gota, minimalistas, para gimnasio, para hombre, peso muerto, entrenamiento cruzado",https://www.amazon.com.mx/dp/B0D2HBDRX7,https://www.amazon.com/dp/B0D2HBDRX7,Marca: AIRHAS,
,B0DQKV4NHG,1,Deportes y Aire libre,disponible,no disponible,,,2025-10-29T22:04:48.923Z,2025-10-30T03:26:13.952Z,2025-10-30T15:32:41.582Z,952.77,,$942.50,"RXRXCOCO - Conjuntos de entrenamiento sin costuras para mujer, 2 piezas, sujetadores deportivos con tirantes, pantalones cortos de yoga a juego",https://www.amazon.com.mx/dp/B0DQKV4NHG,https://www.amazon.com/dp/B0DQKV4NHG,Rendosa,
,B071FVB86H,1,Deportes y Aire libre,disponible,no disponible,,,2025-10-29T22:05:04.495Z,2025-10-30T03:26:21.569Z,2025-10-30T15:32:50.419Z,2346,,"$2,262.24","Levels Nutrition Proteína De Suero De Leche En Polvo Alimentada Con Pasto Levels, Sin Ingredientes Artificiales, 24 G De Proteína, Chocolate Moca, 5 Lb 71 Porciones (Paquete De 1)",https://www.amazon.com.mx/dp/B071FVB86H,https://www.amazon.com/dp/B071FVB86H,Lumexa Online MX,
,B0DYN6X32B,1,Deportes y Aire libre,disponible,disponible,,,2025-10-29T22:05:04.496Z,2025-10-30T03:26:30.341Z,2025-10-30T15:32:58.852Z,1065.79,31.01,"$1,026.38","ATTRACO Traje de baño de una pieza con bloques de color para mujer, traje de baño deportivo con espalda cruzada",https://www.amazon.com.mx/dp/B0DYN6X32B,https://www.amazon.com/dp/B0DYN6X32B,Abundant Peace,ATTRACO
,B0DMFJW4ZJ,1,Deportes y Aire libre,disponible,no disponible,,,2025-10-29T22:05:04.496Z,2025-10-30T03:26:38.285Z,2025-10-30T15:33:06.341Z,1112.2,,"$1,101.28","SANYETS - Casco de airsoft, casco táctico negro con accesorios de airsoft, equipo táctico de airsoft",https://www.amazon.com.mx/dp/B0DMFJW4ZJ,https://www.amazon.com/dp/B0DMFJW4ZJ,SRKSB LLC,
,B0DLKZZSQT,1,Deportes y Aire libre,disponible,disponible,,,2025-10-29T22:05:04.496Z,2025-10-30T03:26:45.438Z,2025-10-30T15:33:13.283Z,664.64,14.99,$635.49,"Niorasen - Calcetines de vestir para hombre, 6 pares de calcetines de rayón de bambú suaves y transpirables, calcetines clásicos de media pantorrilla para hombres con exquisita caja",https://www.amazon.com.mx/dp/B0DLKZZSQT,https://www.amazon.com/dp/B0DLKZZSQT,Rendosa,Niorasen Direct
,B0DQQ3KTFP,1,Deportes y Aire libre,disponible,no disponible,,,2025-10-29T22:05:04.496Z,2025-10-30T03:26:54.019Z,2025-10-30T15:33:22.281Z,1688.71,,"$1,603.97","HQGZQL - Juego de tablas de Cornhole de madera maciza con 8 bolsas de frijoles, juegos portátiles para exteriores e interiores, juegos de lanzamiento de agujeros de maíz para niños, adultos y equipos",https://www.amazon.com.mx/dp/B0DQQ3KTFP,https://www.amazon.com/dp/B0DQQ3KTFP,M&H Customer Friendly Store,
,B0D8PW2SLZ,1,Deportes y Aire libre,disponible,disponible,,,2025-10-29T22:05:04.496Z,2025-10-30T03:27:02.962Z,2025-10-30T15:33:29.871Z,785.94,19.99,$774.00,NORTHYARD 2.0™ - playera deportiva para hombre,https://www.amazon.com.mx/dp/B0D8PW2SLZ,https://www.amazon.com/dp/B0D8PW2SLZ,Ovolos,NORTHYARD
,B0D8HNNFYF,1,Deportes y Aire libre,disponible,no disponible,,,2025-10-29T22:05:04.496Z,2025-10-30T03:27:10.760Z,2025-10-30T15:33:37.239Z,952,,$945.77,"APEXUP - Pelota para yoga y pilates, antideslizante, resistente, para ejercicios de fitness, equilibrio y core",https://www.amazon.com.mx/dp/B0D8HNNFYF,https://www.amazon.com/dp/B0D8HNNFYF,Marca: APEXUP,
,B0CFX53CL2,1,Deportes y Aire libre,disponible,no disponible,,,2025-10-29T22:05:04.496Z,2025-10-30T03:27:18.832Z,2025-10-30T15:33:44.743Z,582.77,,$574.77,MobileDetect - Kit de prueba de detección de residuos de múltiples fármacos - Detector rápido de residuos de superficie,https://www.amazon.com.mx/dp/B0CFX53CL2,https://www.amazon.com/dp/B0CFX53CL2,DUKKI LLC,
,B0DYDS8WXQ,1,Deportes y Aire libre,disponible,disponible,,,2025-10-29T22:05:04.496Z,2025-10-30T03:27:27.127Z,2025-10-30T15:33:52.642Z,861.18,23.99,$855.07,"NORTHYARD - Pantalones cortos deportivos para correr para hombre, secado rápido, 7 pulgadas, 5 pulgadas, 9 pulgadas, ligeros, deportivos, gimnasio, baloncesto, senderismo",https://www.amazon.com.mx/dp/B0DYDS8WXQ,https://www.amazon.com/dp/B0DYDS8WXQ,doa store,NORTHYARD
,B0BSXK2144,1,Deportes y Aire libre,disponible,no disponible,,,2025-10-29T22:05:04.496Z,2025-10-30T03:27:35.728Z,2025-10-30T15:34:00.201Z,1073.8,,"$1,038.89",Aquatabs Tabletas de purificación de agua para beber – 100 tabletas + 2 tiras de prueba de cloro – Kit de iniciación purificador de agua – para tanques de barco y RV – por Aquamarine Water Solutions,https://www.amazon.com.mx/dp/B0BSXK2144,https://www.amazon.com/dp/B0BSXK2144,DUKKI LLC,
,B0DPZLJGTQ,1,Deportes y Aire libre,disponible,disponible,,,2025-10-29T22:05:04.497Z,2025-10-30T03:27:43.024Z,2025-10-30T15:34:07.418Z,689.44,14.99,$632.25,"Doumlop - Traje de baño de una pieza para niñas, con falda de malla, con volantes, traje de baño para niñas, traje de baño de 9 a 16 años",https://www.amazon.com.mx/dp/B0DPZLJGTQ,https://www.amazon.com/dp/B0DPZLJGTQ,MSTZKN SHİPMENT,"hengfaxin Commerce Co., Ltd."
,B0D8HMSMJM,1,Deportes y Aire libre,disponible,no disponible,,,2025-10-29T22:05:04.497Z,2025-10-30T03:27:50.343Z,2025-10-30T15:34:15.717Z,5544.69,,"$5,628.23",Potente panel de hielo ArcticGlide para hockey,https://www.amazon.com.mx/dp/B0D8HMSMJM,https://www.amazon.com/dp/B0D8HMSMJM,Nurimu,
,B0DS6WFXFZ,1,Deportes y Aire libre,disponible,no disponible,,,2025-10-29T22:05:04.497Z,2025-10-30T03:27:57.994Z,2025-10-30T15:34:24.044Z,773,,$764.36,"KUANG QUAN MMA Guantes abiertos de palma y guantes de agarre, artes marciales para hombres y mujeres, deportes de combate, MMA, boxeo, Muay Thai, kickboxing",https://www.amazon.com.mx/dp/B0DS6WFXFZ,https://www.amazon.com/dp/B0DS6WFXFZ,Marca: KUANG QUAN,
,B0D66GMBNK,1,Deportes y Aire libre,disponible,disponible,,,2025-10-29T22:05:04.497Z,2025-10-30T03:28:06.592Z,2025-10-30T15:34:31.079Z,1085.23,39.89,"$1,084.12","Darong - Conjunto de 2 piezas para mujer, conjuntos de ropa de otoño de manga larga y pierna ancha, conjunto casual de descanso a juego",https://www.amazon.com.mx/dp/B0D66GMBNK,https://www.amazon.com/dp/B0D66GMBNK,Lumexa Online MX,Darong
,B0DT68LNGN,1,Deportes y Aire libre,disponible,disponible,,,2025-10-29T22:05:04.497Z,2025-10-30T03:28:14.557Z,2025-10-30T15:34:39.083Z,609.93,13.99,$608.82,"2 soportes magnéticos para cigarros, práctico soporte para cigarros con imán y diseño ajustable, apto para golf, parrilla, pesca, viajes y aventuras al aire última intervensión (negro + azul)",https://www.amazon.com.mx/dp/B0DT68LNGN,https://www.amazon.com/dp/B0DT68LNGN,Abundant Peace,Smarterto
,B0D254LHFG,1,Deportes y Aire libre,disponible,disponible,,,2025-10-29T22:05:04.497Z,2025-10-30T03:28:23.333Z,2025-10-30T15:34:47.181Z,989.93,29.99,$994.84,Inno Women's Plus Size Rash Guard Shirt Short Sleeve UPF 50+ Swimwear Workout Top 0X-6X,https://www.amazon.com.mx/dp/B0D254LHFG,https://www.amazon.com/dp/B0D254LHFG,Rendomin,INNO Choice
,B0CM7Y376N,1,Deportes y Aire libre,disponible,no disponible,,,2025-10-29T22:05:19.905Z,2025-10-30T03:28:30.083Z,2025-10-30T15:34:55.855Z,486.74,,$503.58,NC NATURAL CURES Parches De Recuperación Para Fiestas: Paquete De 42 Parches Para Fiestas Nocturnas: Despiértate Renovado Y Con Energía Con Un Parche Que No Daña La Piel; Adhesivo Fuerte Para Un Ajust,https://www.amazon.com.mx/dp/B0CM7Y376N,https://www.amazon.com/dp/B0CM7Y376N,SHERIFF EXPRESS,
,B0D8WLBW1P,1,Deportes y Aire libre,disponible,disponible,,,2025-10-29T22:05:19.905Z,2025-10-30T03:28:38.868Z,2025-10-30T15:35:02.640Z,1002.31,25.99,$923.76,"HovSiyla - Paquete de 5 camisetas de manga larga para mujer, para correr, protección contra rayos UV, casual, protección solar, entrenamiento, senderismo, camisetas para mujer",https://www.amazon.com.mx/dp/B0D8WLBW1P,https://www.amazon.com/dp/B0D8WLBW1P,PEACEE STOREE,HOVSIYLA
,B0F5Q1J44R,1,Deportes y Aire libre,disponible,disponible,,,2025-10-29T22:05:19.906Z,2025-10-30T03:28:50.606Z,2025-10-30T15:35:15.108Z,536.89,10.39,$513.09,"ITOWE - anteojos de natación para niños con correa de tela para niños de 3 a 15, a prueba de fugas, cubierta de nariz de 180° de visión clara",https://www.amazon.com.mx/dp/B0F5Q1J44R,https://www.amazon.com/dp/B0F5Q1J44R,Ovolos,iTOWE direct official
,B0DH78V9KH,1,Deportes y Aire libre,disponible,no disponible,,,2025-10-29T22:05:19.906Z,2025-10-30T03:28:59.909Z,2025-10-30T15:35:22.927Z,1138.53,,"$1,095.25","Sir Henry NASSR Riyadh Al Away #7 2024/2025 - Conjunto de regalo para aficionados, tallas juveniles",https://www.amazon.com.mx/dp/B0DH78V9KH,https://www.amazon.com/dp/B0DH78V9KH,GUTTIDIRECT,
,B0DB1B2RM6,1,Deportes y Aire libre,disponible,no disponible,,,2025-10-29T22:05:19.906Z,2025-10-30T03:29:08.835Z,2025-10-30T15:35:31.418Z,1665,,"$1,671.24",Marucci Sports Swift,https://www.amazon.com.mx/dp/B0DB1B2RM6,https://www.amazon.com/dp/B0DB1B2RM6,Marca: Marucci Sports,
,B0D9XVSRFG,1,Deportes y Aire libre,disponible,no disponible,,,2025-10-29T22:05:19.906Z,2025-10-30T03:29:16.691Z,2025-10-30T15:35:38.887Z,655.56,,$647.02,Closemate Calcetines Antideslizantes Futbol 3 Pares Medias Futbol Hombre Calcetines Deporte Altos Calcetines Largos Calcetines Antiampollas Transpirables Baloncesto,https://www.amazon.com.mx/dp/B0D9XVSRFG,https://www.amazon.com/dp/B0D9XVSRFG,MS STORE'S,
,B0C727NTZ8,1,Deportes y Aire libre,disponible,disponible,,,2025-10-29T22:05:19.906Z,2025-10-30T03:29:24.492Z,2025-10-30T15:35:46.055Z,1479.64,37.92,"$1,462.77","CCDCC - Vitrina de aluminio con marco de jersey de 1 paquete, marco de jersey de metal ligero y duradero con estera, tablero, plexiglás inastillable y kit para colgar para fútbol, béisbol, baloncesto,",https://www.amazon.com.mx/dp/B0C727NTZ8,https://www.amazon.com/dp/B0C727NTZ8,SRKSB LLC,CCDCC
,B0CX54J93X,1,Deportes y Aire libre,disponible,no disponible,,,2025-10-29T22:05:19.906Z,2025-10-30T03:29:33.211Z,2025-10-30T15:35:53.816Z,912.39,,$841.28,"Barra de yoga para el hogar y el gimnasio, barra de ejercicio de bambú para una gama completa de movimiento, incluyendo estiramiento, ejercicio, terapia física y más, barra de postura perfecta, barra",https://www.amazon.com.mx/dp/B0CX54J93X,https://www.amazon.com/dp/B0CX54J93X,High Quailty,
,B0DM6BCGQK,1,Deportes y Aire libre,disponible,disponible,,,2025-10-29T22:05:19.906Z,2025-10-30T03:29:41.961Z,2025-10-30T15:36:01.361Z,842.01,19.99,$850.56,"Mens Swim Trunks Quick Dry Board Shorts with Mesh Lining, Breathable Fit Hawaii Beach Shorts Swimwear Bathing Suits",https://www.amazon.com.mx/dp/B0DM6BCGQK,https://www.amazon.com/dp/B0DM6BCGQK,Smooth House,FENTEN STORE-USA
,B0BRVG5R8Q,1,Deportes y Aire libre,disponible,no disponible,,,2025-10-29T22:05:19.906Z,2025-10-30T03:29:50.396Z,2025-10-30T15:36:09.518Z,594.53,,$577.66,"GUIIYLGG Soporte de pared Katana para espadas, soporte acolchado de terciopelo para samurái, soporte para todas las espadas Tanto yin y yang de 1 nivel",https://www.amazon.com.mx/dp/B0BRVG5R8Q,https://www.amazon.com/dp/B0BRVG5R8Q,Rendomin,
,B0CY1ZVHH2,1,Deportes y Aire libre,disponible,disponible,,,2025-10-29T22:05:19.906Z,2025-10-30T03:29:59.973Z,2025-10-30T15:36:16.171Z,773.48,19.99,$766.51,"NORTHYARD - Camisetas atléticas para correr, de secado rápido, camisetas de entrenamiento de manga corta, camisetas deportivas de gimnasio de rendimiento",https://www.amazon.com.mx/dp/B0CY1ZVHH2,https://www.amazon.com/dp/B0CY1ZVHH2,Abundant Peace,NORTHYARD
,B0DFYJ2HXL,1,Deportes y Aire libre,disponible,disponible,,,2025-10-29T22:05:19.907Z,2025-10-30T03:30:08.115Z,2025-10-30T15:36:23.694Z,1151.32,34.99,"$1,094.66","Threlaco 25 Unidades De Intercambiadores De Calor Y Humedad Hme Para Traqueotomía, Paquete Individual, Humidificador Para Traqueotomía, Suministros Para Traqueotomía",https://www.amazon.com.mx/dp/B0DFYJ2HXL,https://www.amazon.com/dp/B0DFYJ2HXL,LueKeen,Jinyogoder
,B0DD4DRNVD,1,Deportes y Aire libre,disponible,no disponible,,,2025-10-29T22:05:19.907Z,2025-10-30T03:30:17.319Z,2025-10-30T15:36:31.883Z,1201.45,,"$1,147.00","EnigmaSoul - Soporte para barra de piscina, 7 soportes de pared con soporte para tacos y soporte para bolas, organizador de equipos de accesorios de mesa de billar para sala de juegos, cueva, color",https://www.amazon.com.mx/dp/B0DD4DRNVD,https://www.amazon.com/dp/B0DD4DRNVD,SRKSB LLC,
,B0DZNGMSLV,1,Deportes y Aire libre,disponible,disponible,,,2025-10-29T22:05:19.907Z,2025-10-30T03:30:25.209Z,2025-10-30T15:36:39.799Z,800.81,19.99,$766.51,"NORTHYARD - playera de manga larga con capucha para hombre, protección solar, pesca, correr, natación, camisetas ligeras de secado rápido, UPF 50+ para exteriores",https://www.amazon.com.mx/dp/B0DZNGMSLV,https://www.amazon.com/dp/B0DZNGMSLV,GOLDEN SWORD,NORTHYARD
,B0BVDSQTTD,1,Deportes y Aire libre,disponible,no disponible,,,2025-10-29T22:05:19.907Z,2025-10-30T03:30:34.094Z,2025-10-30T15:36:47.010Z,1499,,"$1,491.65",Pathline - Palo de Billar de Arce Canadiense de 13 mm de Punta de Arce Canadiense,https://www.amazon.com.mx/dp/B0BVDSQTTD,https://www.amazon.com/dp/B0BVDSQTTD,Marca: Pathline,
,B0D3BXSG4T,1,Deportes y Aire libre,disponible,no disponible,,,2025-10-29T22:05:19.907Z,2025-10-30T03:30:41.436Z,2025-10-30T15:36:53.762Z,1499.11,,"$1,585.74","XIEERDUO Conjunto de descanso para mujer 2025, conjunto de 2 piezas, sudadera de pierna ancha, pantalón deportivo a juego",https://www.amazon.com.mx/dp/B0D3BXSG4T,https://www.amazon.com/dp/B0D3BXSG4T,doa store,
,B0DT3P5Q19,1,Deportes y Aire libre,disponible,disponible,,,2025-10-29T22:05:29.118Z,2025-10-30T03:30:49.107Z,2025-10-30T15:37:00.600Z,1272.87,39.99,"$1,226.04",LET'S WANDER World Explorer Adventure - Botella de agua con 50 pegatinas impermeables – Acero inoxidable aislado a prueba de fugas con pajita – Botella de regalo para objetivos de viaje (azul),https://www.amazon.com.mx/dp/B0DT3P5Q19,https://www.amazon.com/dp/B0DT3P5Q19,M&H Customer Friendly Store,LETS WANDER
,B0CMXJ2Q2X,1,Deportes y Aire libre,disponible,no disponible,,,2025-10-29T22:05:29.118Z,2025-10-30T03:30:58.211Z,2025-10-30T15:37:08.683Z,516.02,,$492.09,"STFOCE - Parche adhesivo para embeber con aceite de ricino, de algodón orgánico autoadhesivo y antiderrames, no requiere lavado, portátil (no se incluye el aceite), 1 paquete de 20 unidades",https://www.amazon.com.mx/dp/B0CMXJ2Q2X,https://www.amazon.com/dp/B0CMXJ2Q2X,MARVEL INC.,
,B0C1NJ5W3G,1,Deportes y Aire libre,disponible,no disponible,,,2025-10-29T22:05:29.118Z,2025-10-30T03:31:07.290Z,2025-10-30T15:37:17.314Z,369,,$613.83,SAGA SPORTS Guantes de motocross juveniles - Protección profesional para motociclistas de cross y BMX | Equipo de alto rendimiento para niños y niñas,https://www.amazon.com.mx/dp/B0C1NJ5W3G,https://www.amazon.com/dp/B0C1NJ5W3G,Marca: SAGA SPORTS,
,B0D3D2MDJS,1,Deportes y Aire libre,disponible,no disponible,,,2025-10-29T22:05:29.118Z,2025-10-30T03:31:15.917Z,2025-10-30T15:37:24.308Z,1470.39,,"$1,464.28","Juego de 300 fichas de póquer con denominaciones, juego de fichas de póquer numeradas para Texas Holdem, fichas de casino profesionales, arcilla de 11.5 gramos con funda de aluminio para Texas Hold'em",https://www.amazon.com.mx/dp/B0D3D2MDJS,https://www.amazon.com/dp/B0D3D2MDJS,Lumexa Online MX,
,B0CQC7M8WR,1,Deportes y Aire libre,disponible,no disponible,,,2025-10-29T22:05:29.119Z,2025-10-30T03:31:24.822Z,2025-10-30T15:37:31.929Z,588.61,,$541.95,"LeIsfIt - Zapatos de agua para mujeres y hombres, zapatos anchos para nadar en la playa, zapatos descalzos de secado rápido, calcetines de agua para piscina, buceo, barco, río, yoga, lago surf",https://www.amazon.com.mx/dp/B0CQC7M8WR,https://www.amazon.com/dp/B0CQC7M8WR,Sky Direct LLC,
,B094NB8BW8,1,Deportes y Aire libre,disponible,no disponible,,,2025-10-29T22:05:29.119Z,2025-10-30T03:31:33.172Z,2025-10-30T15:37:40.669Z,2723.52,,"$2,834.10","RAW Black King size, conos prerolados, preroll",https://www.amazon.com.mx/dp/B094NB8BW8,https://www.amazon.com/dp/B094NB8BW8,Denis WM Store,
,B0D5VF5QRB,1,Deportes y Aire libre,disponible,no disponible,,,2025-10-29T22:05:29.119Z,2025-10-30T03:31:47.493Z,2025-10-30T15:37:53.608Z,1319.08,,"$1,309.39",ProMix Nutrition- Promix Electrolito Limón Lima Simple Porción en Barra Paquetes 30ct,https://www.amazon.com.mx/dp/B0D5VF5QRB,https://www.amazon.com/dp/B0D5VF5QRB,DUKKI LLC,
,B0DCZCLMBT,1,Deportes y Aire libre,disponible,disponible,,,2025-10-29T22:05:29.119Z,2025-10-30T03:31:56.086Z,2025-10-30T15:38:01.043Z,884.55,23.99,$878.53,"NORTHYARD - Camisa de correr para hombre, de manga larga, con cierre y cuarto de cierre, de secado rápido, atlética",https://www.amazon.com.mx/dp/B0DCZCLMBT,https://www.amazon.com/dp/B0DCZCLMBT,Rendosa,NORTHYARD
,B0BRD2MX15,1,Deportes y Aire libre,disponible,no disponible,,,2025-10-29T22:05:29.119Z,2025-10-30T03:32:03.864Z,2025-10-30T15:38:08.416Z,541,,$532.38,"Cuadrados de arranque de fuego 64 - Arrancadores de fuego para chimenea, chimenea, parrilla de barbacoa, fuego de camping, estufa de leña, resistente al agua y seguro, sin olor, accesorios de camping",https://www.amazon.com.mx/dp/B0BRD2MX15,https://www.amazon.com/dp/B0BRD2MX15,MSTZKN SHİPMENT,
,B0DHXTRVJM,1,Deportes y Aire libre,disponible,no disponible,,,2025-10-29T22:05:29.119Z,2025-10-30T03:32:12.218Z,2025-10-30T15:38:15.272Z,1727.34,,"$1,714.47","Tapete verde para golf para interiores y exteriores, con retorno automático de pelota, tapete de práctica de golf de 9.84 pies con 3 pelotas de golf, pelota de putter, regalos para el hogar, la",https://www.amazon.com.mx/dp/B0DHXTRVJM,https://www.amazon.com/dp/B0DHXTRVJM,SRKSB LLC,
,B0D14RVRFT,1,Deportes y Aire libre,disponible,no disponible,,,2025-10-29T22:05:29.119Z,2025-10-30T03:32:20.048Z,2025-10-30T15:38:22.781Z,773.31,,$765.41,"Tfovorlein - Camisas de recuperación de cirugía de posthombro para hombre, manga corta, cierre completo, apertura lateral, diálisis, quimioterapia",https://www.amazon.com.mx/dp/B0D14RVRFT,https://www.amazon.com/dp/B0D14RVRFT,Novayu,
,B0CVXKVWWC,1,Deportes y Aire libre,disponible,no disponible,,,2025-10-29T22:05:29.119Z,2025-10-30T03:32:28.126Z,2025-10-30T15:38:30.699Z,689.19,,$679.25,"Pure Vie Premium - Tabla de entrenamiento de fútbol de doble cara con borrado, bolígrafo y equipo de entrenamiento para entrenadores y planes de juego",https://www.amazon.com.mx/dp/B0CVXKVWWC,https://www.amazon.com/dp/B0CVXKVWWC,Rendomin,
,B0DNLXZ4ZK,1,Deportes y Aire libre,disponible,disponible,,,2025-10-29T22:05:29.119Z,2025-10-30T03:32:36.766Z,2025-10-30T15:38:37.995Z,729.23,18.29,$721.94,"Tdopsxyxw - 2 gorros de novia y novio 2025 para hombres y mujeres, divertidos y ajustables bordados, para parejas",https://www.amazon.com.mx/dp/B0DNLXZ4ZK,https://www.amazon.com/dp/B0DNLXZ4ZK,MYSILKROAD LLC,Yangaoben
,B0BDJG7HTH,1,Deportes y Aire libre,disponible,no disponible,,,2025-10-29T22:05:29.119Z,2025-10-30T03:32:44.798Z,2025-10-30T15:38:46.184Z,950.19,,$934.96,"BLITZU - Cinturón de hernia umbilical para hombres y mujeres, carpeta abdominal ajustable con 2 almohadillas de compresión para naval, ventral, incisional, epigástrica, hernias de ombligo,",https://www.amazon.com.mx/dp/B0BDJG7HTH,https://www.amazon.com/dp/B0BDJG7HTH,DUKKI LLC,
,B0DHXYVVRR,1,Deportes y Aire libre,disponible,no disponible,,,2025-10-29T22:05:29.120Z,2025-10-30T03:32:52.713Z,2025-10-30T15:38:53.861Z,1463.39,,"$1,364.76","XIEERDUO Conjunto de descanso para mujer 2025, conjunto de 2 piezas, sudadera de pierna ancha, pantalón deportivo a juego, Empalme negro, Small",https://www.amazon.com.mx/dp/B0DHXYVVRR,https://www.amazon.com/dp/B0DHXYVVRR,BROWN LEAVES LLC,
,B0DZNR7F6D,1,Deportes y Aire libre,disponible,disponible,,,2025-10-29T22:05:29.120Z,2025-10-30T03:33:01.367Z,2025-10-30T15:39:02.554Z,692.87,16.99,$678.49,"Freela - anteojos de natación para adultos con cubierta para la nariz, vidrio templado, antivaho, impermeable, 180°, transparente, visión amplia para hombres y mujeres",https://www.amazon.com.mx/dp/B0DZNR7F6D,https://www.amazon.com/dp/B0DZNR7F6D,MUCH & MORE,Freela Direct
,B0F21PYD4Y,1,Deportes y Aire libre,disponible,disponible,,,2025-10-29T22:05:40.218Z,2025-10-30T03:33:08.499Z,2025-10-30T15:39:10.676Z,1135.56,32.99,"$1,092.20","NORTHYARD - Pantalones cortos tipo cargo para hombre, ligeros, 9 pulgadas, senderismo, golf, trabajo, secado rápido, camping, viajes al aire última intervensión, pesca, con 7 bolsillos",https://www.amazon.com.mx/dp/B0F21PYD4Y,https://www.amazon.com/dp/B0F21PYD4Y,Ovolos,NORTHYARD
,B0DJ5GC7DH,1,Deportes y Aire libre,disponible,no disponible,,,2025-10-29T22:05:40.218Z,2025-10-30T03:33:15.169Z,2025-10-30T15:39:19.265Z,1315.68,,"$1,314.57",Caña de pescar,https://www.amazon.com.mx/dp/B0DJ5GC7DH,https://www.amazon.com/dp/B0DJ5GC7DH,Abundant Peace,
,B0C23XT6Q2,1,Deportes y Aire libre,disponible,disponible,,,2025-10-29T22:05:40.219Z,2025-10-30T03:33:22.601Z,2025-10-30T15:39:26.559Z,699.8,15.99,$669.90,"ANTSANG Calcetines altos hasta la rodilla para niños y niñas, 6 pares de botas largas con patrón de animales, calcetines divertidos y de 3 a 12 años",https://www.amazon.com.mx/dp/B0C23XT6Q2,https://www.amazon.com/dp/B0C23XT6Q2,Sky Direct LLC,ANTSANG
,B0DKZ32L6Q,1,Deportes y Aire libre,disponible,disponible,,,2025-10-29T22:05:40.219Z,2025-10-30T03:33:29.993Z,2025-10-30T15:39:33.423Z,902.43,24.95,$849.67,"Slock Master Mini dardos de alta velocidad, calibre 625, dardos afilados con cuchillas de acero de alta calidad, el paquete contiene 20 dardos mortales precisos y afilados",https://www.amazon.com.mx/dp/B0DKZ32L6Q,https://www.amazon.com/dp/B0DKZ32L6Q,Rendomin,Slock Master
,B0CLHVMC4W,1,Deportes y Aire libre,disponible,disponible,,,2025-10-29T22:05:40.219Z,2025-10-30T03:33:37.834Z,2025-10-30T15:39:40.437Z,1277.69,32.99,"$1,210.92","Zapatilla de viaje para hombre, bolsa de viaje para zapatos con 3 compartimentos ajustables, bolsa de baloncesto, deportes al aire libre, gimnasio",https://www.amazon.com.mx/dp/B0CLHVMC4W,https://www.amazon.com/dp/B0CLHVMC4W,SRKSB LLC,MXAYMZ
,B0DLW7D8TJ,1,Deportes y Aire libre,disponible,disponible,,,2025-10-29T22:05:40.219Z,2025-10-30T03:33:46.263Z,2025-10-30T15:39:48.249Z,770.46,20.19,$739.63,"Codera para hombres y mujeres, codo para tendinitis, codo de tenis y codo de golfista, correa de codo ajustable (negro, M/L)",https://www.amazon.com.mx/dp/B0DLW7D8TJ,https://www.amazon.com/dp/B0DLW7D8TJ,GUTTIDIRECT,BraceMundo
,B0D6W62L3P,1,Deportes y Aire libre,disponible,disponible,,,2025-10-29T22:05:40.219Z,2025-10-30T03:33:54.563Z,2025-10-30T15:39:56.884Z,1388.78,37.99,"$1,338.69","EASY BW - Bolsa de viaje grande de 65 L, mochila táctica militar, Verde oliva, 55L",https://www.amazon.com.mx/dp/B0D6W62L3P,https://www.amazon.com/dp/B0D6W62L3P,Lumexa Online MX,Elite Assault System
,B0B5R3VQJ3,1,Deportes y Aire libre,disponible,no disponible,,,2025-10-29T22:05:40.219Z,2025-10-30T03:34:02.713Z,2025-10-30T15:40:04.434Z,1275.99,,"$1,200.37","heat it - Sanador electrónico de picaduras de insectos para el tratamiento inteligente de picaduras de insectos con calor | Trata la picazón y el dolor de abejas, avispas, picaduras de moscas de caballo y picaduras de mosquitos (Apple iPhones)",https://www.amazon.com.mx/dp/B0B5R3VQJ3,https://www.amazon.com/dp/B0B5R3VQJ3,Boon Shopping,
,B0D89TLD75,1,Deportes y Aire libre,disponible,disponible,,,2025-10-29T22:05:40.219Z,2025-10-30T03:34:11.240Z,2025-10-30T15:40:12.521Z,668.98,14.99,$619.36,"AIRDYNAM - playera de béisbol para hombre, manga 3/4, cuello redondo, casual, suave, clásico, entrenamiento, atlética, clásica, ajustada",https://www.amazon.com.mx/dp/B0D89TLD75,https://www.amazon.com/dp/B0D89TLD75,SRKSB LLC,AIRDYNAM
,B0DK9JTYPJ,1,Deportes y Aire libre,disponible,disponible,,,2025-10-29T22:05:40.219Z,2025-10-30T03:34:18.648Z,2025-10-30T15:40:19.194Z,1189,36.99,"$1,140.90","Godfrey - Almohadilla de asiento de remo, antideslizante y cómoda, para barco y máquina de remo, clip opcional para barco, perfecto para Concept2, Peloton, Hydrow y Remeros de agua",https://www.amazon.com.mx/dp/B0DK9JTYPJ,https://www.amazon.com/dp/B0DK9JTYPJ,Marca: GODFREY,Britwear Limited
,B0CTS46LN6,1,Deportes y Aire libre,disponible,no disponible,,,2025-10-29T22:05:40.219Z,2025-10-30T03:34:31.634Z,2025-10-30T15:40:30.722Z,1138.53,,"$1,134.34",ORGBRAIN Barcelona Home Leo #10 clásico 2009/2010 Retro Edición Limitada Fútbol Niños Jersey Shorts Conjunto de Calcetines Juveniles Tallas Multicolor Niños Masculino Conjunto de Ropa Infantil,https://www.amazon.com.mx/dp/B0CTS46LN6,https://www.amazon.com/dp/B0CTS46LN6,GUTTIDIRECT,
,B00LFMUHI2,1,Deportes y Aire libre,disponible,no disponible,,,2025-10-29T22:05:40.219Z,2025-10-30T03:34:39.806Z,2025-10-30T15:40:37.871Z,740.59,,$717.57,Paquete doble de cera de tejo Sun-Glo #5 Speed,https://www.amazon.com.mx/dp/B00LFMUHI2,https://www.amazon.com/dp/B00LFMUHI2,Premium Global,
,B0F4MD7P2L,1,Deportes y Aire libre,disponible,disponible,,,2025-10-29T22:05:40.220Z,2025-10-30T03:34:47.719Z,2025-10-30T15:40:45.053Z,1233.94,38.69,"$1,232.83",ATTRACO - Vestidos de tenis para mujer con bolsillos cortos y brasier con cuello en V y espalda cruzada,https://www.amazon.com.mx/dp/B0F4MD7P2L,https://www.amazon.com/dp/B0F4MD7P2L,Lumexa Online MX,ATTRACO
,B0BN2XST2P,1,Deportes y Aire libre,disponible,disponible,,,2025-10-29T22:05:40.220Z,2025-10-30T03:34:56.674Z,2025-10-30T15:40:53.729Z,1661.15,55.99,"$1,742.69",Matericuo Cobertura Completa Ajuste Personalizado para 2 y 2+2 Club Cart Modelos Precedent 2004-2022/Villager & V4L (2019-2022 Golf Cart Floor Liner Mat Red,https://www.amazon.com.mx/dp/B0BN2XST2P,https://www.amazon.com/dp/B0BN2XST2P,Amazon Estados Unidos,cuncunmeili
,B0CXSNK5C7,1,Deportes y Aire libre,disponible,disponible,,,2025-10-29T22:05:40.220Z,2025-10-30T03:35:05.100Z,2025-10-30T15:41:01.964Z,773.52,18.99,$771.17,"NORTHYARD - playera sin mangas para hombre, atlética, para correr, gimnasio, sin mangas, de secado rápido, ligera, para entrenamiento deportivo",https://www.amazon.com.mx/dp/B0CXSNK5C7,https://www.amazon.com/dp/B0CXSNK5C7,HAINs,NORTHYARD
,B0DDPKDS6V,1,Deportes y Aire libre,disponible,disponible,,,2025-10-29T22:05:40.220Z,2025-10-30T03:35:12.981Z,2025-10-30T15:41:09.667Z,1071.88,26.99,"$1,062.29","Manta de playa turca de gran tamaño, tamaño XXL, de algodón, a prueba de arena, tejido bohemio, extra grande, sin arena, manta gigante, manta gruesa, colcha grande, XL, picnic, camping, necesidades de",https://www.amazon.com.mx/dp/B0DDPKDS6V,https://www.amazon.com/dp/B0DDPKDS6V,Smooth House,Vikumond
,B0C8ZPQ8JT,1,Deportes y Aire libre,disponible,disponible,,,2025-10-29T22:05:53.254Z,2025-10-30T03:35:21.242Z,2025-10-30T15:41:17.821Z,1591.81,54.99,"$1,588.98","Andean Trails, pantalones MTB, pantalones de bicicleta de montaña, pantalones de enduro, pantalones de descenso, repelente al agua",https://www.amazon.com.mx/dp/B0C8ZPQ8JT,https://www.amazon.com/dp/B0C8ZPQ8JT,BROWN LEAVES LLC,DELAGRANDA LLC
,B0CLD1CZXP,1,Deportes y Aire libre,disponible,disponible,,,2025-10-29T22:05:53.255Z,2025-10-30T03:35:29.492Z,2025-10-30T15:41:26.229Z,1169.21,29.69,"$1,165.55","ATTRACO - Traje de baño atlético de una pieza para mujer, traje de baño con espalda cruzada",https://www.amazon.com.mx/dp/B0CLD1CZXP,https://www.amazon.com/dp/B0CLD1CZXP,Rendosa,ATTRACO
,B0CX8SVF2W,1,Deportes y Aire libre,disponible,no disponible,,,2025-10-29T22:05:53.255Z,2025-10-30T03:35:37.088Z,2025-10-30T15:41:34.059Z,768.39,,$773.48,50/75-6.1 Ruedas de repuesto para neumáticos y tubos de vástago de curvatura,https://www.amazon.com.mx/dp/B0CX8SVF2W,https://www.amazon.com/dp/B0CX8SVF2W,MYSILKROAD LLC,
,B09VGHF81R,1,Deportes y Aire libre,disponible,no disponible,,,2025-10-29T22:05:53.255Z,2025-10-30T03:35:44.869Z,2025-10-30T15:41:42.019Z,1756.87,,"$1,745.06","HYOUT Traje de camuflaje con capucha Ghillie con diseño de bosque y bosque, francotirador militar 3D, ropa de hojas verdes para caza de selva, tiro, airsoft, fiesta de vida silvestre",https://www.amazon.com.mx/dp/B09VGHF81R,https://www.amazon.com/dp/B09VGHF81R,ONEBLOOD STORE,
,B0D3HG27P2,1,Deportes y Aire libre,disponible,disponible,,,2025-10-29T22:05:53.255Z,2025-10-30T03:35:53.001Z,2025-10-30T15:41:49.864Z,711.26,17.49,$703.08,"Bellcoco - Camisas tipo polo para mujer, manga 3/4 de largo, cuello en V, para verano, negocios, trabajo, casual, para el trabajo, 2025",https://www.amazon.com.mx/dp/B0D3HG27P2,https://www.amazon.com/dp/B0D3HG27P2,Rendomin,XWL
,B0D929DTL5,1,Deportes y Aire libre,disponible,disponible,,,2025-10-29T22:05:53.255Z,2025-10-30T03:36:01.149Z,2025-10-30T15:41:57.665Z,982.91,26.99,$909.69,"LITIAN - Raqueta de tenis rosa para niños de 2 a 10 años, ligera y duradera, 17 pulgadas, 19 pulgadas, 21 pulgadas, 23 pulgadas, 25 pulgadas, raquetas de tenis para niños pequeños y jóvenes",https://www.amazon.com.mx/dp/B0D929DTL5,https://www.amazon.com/dp/B0D929DTL5,Ovolos,Apex Sport Gear
,B07RCZ862F,1,Deportes y Aire libre,disponible,disponible,,,2025-10-29T22:05:53.255Z,2025-10-30T03:36:08.764Z,2025-10-30T15:42:05.404Z,766.58,19.99,$734.96,"Mojo Compression Socks - USA Made Knee-High Closed Toe Support Hose for Varicose Veins, DVT, Lymphedema - 20-30mmHg, Opaque, Unisex",https://www.amazon.com.mx/dp/B07RCZ862F,https://www.amazon.com/dp/B07RCZ862F,M&H Customer Friendly Store,MOJO COMPRESSION SOCKS
,B0B46BTJF1,1,Deportes y Aire libre,disponible,no disponible,,,2025-10-29T22:05:53.255Z,2025-10-30T03:36:16.760Z,2025-10-30T15:42:14.051Z,911.73,,$814.43,"Adoreal - Juego de 2 estantes para armas para almacenamiento, accesorio seguro para rifles y escopetas, soporte en gabinete, reposo de rifle, material de espuma con tira magnética",https://www.amazon.com.mx/dp/B0B46BTJF1,https://www.amazon.com/dp/B0B46BTJF1,MARVEL INC.,
,B0C5RF23G9,1,Deportes y Aire libre,disponible,disponible,,,2025-10-29T22:05:53.255Z,2025-10-30T03:36:24.328Z,2025-10-30T15:42:21.708Z,765.49,19.99,$763.64,ArcRidge Reflective Safety Vest for Men and Women - Class 2 High Visibility Construction Vest - Dual Tone Reflective Strips,https://www.amazon.com.mx/dp/B0C5RF23G9,https://www.amazon.com/dp/B0C5RF23G9,GUTTIDIRECT,ArcRidge
,B0CRG5LR4L,1,Deportes y Aire libre,disponible,no disponible,,,2025-10-29T22:05:53.255Z,2025-10-30T03:36:32.857Z,2025-10-30T15:42:29.296Z,1048.31,,$992.43,Arizona Ice - Bolsas de hielo industriales grandes | Sustituye a 10 libras de hielo | -16 °F (-8 °C) | Ranuras más profundas | Puede congelar bebidas | USA Company | 12 x 9 pulgadas | Paquete de dos,https://www.amazon.com.mx/dp/B0CRG5LR4L,https://www.amazon.com/dp/B0CRG5LR4L,SRKSB LLC,
,B0CRDW649W,1,Deportes y Aire libre,disponible,disponible,,,2025-10-29T22:05:53.256Z,2025-10-30T03:36:42.111Z,2025-10-30T15:42:37.833Z,876.33,25.99,$876.53,"Dovio UPF 50+ - Mallas de natación para niños y niñas, protección solar",https://www.amazon.com.mx/dp/B0CRDW649W,https://www.amazon.com/dp/B0CRDW649W,SRKSB LLC,Dovio
,B0CTNXCB9K,1,Deportes y Aire libre,disponible,disponible,,,2025-10-29T22:05:53.256Z,2025-10-30T03:36:50.294Z,2025-10-30T15:42:44.252Z,1127.55,35,"$1,103.42","MODL Infinity Tool 2.0 Correas modulares (Paquete de 4) – Multiherramienta Flexible, Correa de Engranaje, Dispositivo portátil para Aventuras al Aire última intervensión, Supervivencia, Camping",https://www.amazon.com.mx/dp/B0CTNXCB9K,https://www.amazon.com/dp/B0CTNXCB9K,SRKSB LLC,"MODL, Inc."
,B0DGM1FRB8,1,Deportes y Aire libre,disponible,disponible,,,2025-10-29T22:05:53.256Z,2025-10-30T03:36:58.441Z,2025-10-30T15:42:52.362Z,702.14,14.39,$657.28,"Sezzit - Paquete de 2 camisetas térmicas Henley para niño, acogedoras, transpirables, de manga larga para la escuela y el juego, tallas 4-18",https://www.amazon.com.mx/dp/B0DGM1FRB8,https://www.amazon.com/dp/B0DGM1FRB8,Rendomin,Sezzit
,B08XK1L3QW,1,Deportes y Aire libre,disponible,no disponible,,,2025-10-29T22:05:53.256Z,2025-10-30T03:37:05.967Z,2025-10-30T15:42:59.296Z,1086,,"$1,065.78",Chaleco de natación de neopreno para niños con correa de seguridad ajustable para niños de 1 a 3 y 3 a 6 años,https://www.amazon.com.mx/dp/B08XK1L3QW,https://www.amazon.com/dp/B08XK1L3QW,Marca: NEO-SPLASH,
,B09V6G7GNG,1,Deportes y Aire libre,disponible,disponible,,,2025-10-29T22:05:53.256Z,2025-10-30T03:37:18.517Z,2025-10-30T15:43:12.497Z,903.81,24,$881.53,"Swiftwick - Calcetines FLITE XT FIVE para correr y golf, fitness, máxima estabilidad, calcetines antideslizantes",https://www.amazon.com.mx/dp/B09V6G7GNG,https://www.amazon.com/dp/B09V6G7GNG,MSTZKN SHİPMENT,Swiftwick
,B0BQB52BXL,1,Deportes y Aire libre,disponible,no disponible,,,2025-10-29T22:05:53.256Z,2025-10-30T03:37:26.931Z,2025-10-30T15:43:20.587Z,1261.88,,"$1,228.82","Rhino Wax - Kit completo de mantenimiento de guantes de béisbol - Incluye: limpiador de guantes de béisbol (8 onzas), aceite de guante de béisbol (8 onzas), acondicionador de guantes (4 onzas), 2 cepillos de pelo de caballo y toalla de microfibra",https://www.amazon.com.mx/dp/B0BQB52BXL,https://www.amazon.com/dp/B0BQB52BXL,GUTTIDIRECT,
,B0CSDDWPQB,1,Deportes y Aire libre,disponible,disponible,,,2025-10-29T22:06:04.806Z,2025-10-30T03:37:34.564Z,2025-10-30T15:43:27.673Z,1091.62,32.99,"$1,085.51",Mulisky - Traje de baño sexy de una pieza para mujer con control de abdomen y cintura alta,https://www.amazon.com.mx/dp/B0CSDDWPQB,https://www.amazon.com/dp/B0CSDDWPQB,Rendosa,MULISKY
,B0DXP6J98F,1,Deportes y Aire libre,disponible,disponible,,,2025-10-29T22:06:04.807Z,2025-10-30T03:37:43.305Z,2025-10-30T15:43:34.941Z,542.83,9.99,$518.01,"Maxcatch - Anillos de pesca con mosca, 2.0 mm, 100 unidades, para conector de línea Leader y Tippet",https://www.amazon.com.mx/dp/B0DXP6J98F,https://www.amazon.com/dp/B0DXP6J98F,Rendomin,Maxcatch Fishing
,B0BKM35CYP,1,Deportes y Aire libre,disponible,disponible,,,2025-10-29T22:06:04.807Z,2025-10-30T03:37:51.750Z,2025-10-30T15:43:42.576Z,1023.37,29.99,$994.84,"Pantalones convertibles de senderismo para hombre, impermeables, ligeros, de secado rápido, con cierre, para pesca, al aire última intervensión, trabajo, trekking",https://www.amazon.com.mx/dp/B0BKM35CYP,https://www.amazon.com/dp/B0BKM35CYP,Rendomin,NG SPORT
,B0CXLRPTH6,1,Deportes y Aire libre,disponible,no disponible,,,2025-10-29T22:06:04.807Z,2025-10-30T03:37:58.828Z,2025-10-30T15:43:50.896Z,912.28,,$886.57,ENLUNTRA- “Cinturones de Hernia para Hombre，Cinturón de Soporte para Hernia Inguinal Ajustable para Hombres y Mujeres con 4 P de Compresión,https://www.amazon.com.mx/dp/B0CXLRPTH6,https://www.amazon.com/dp/B0CXLRPTH6,MARVEL INC.,
,B0CNVRR6JH,1,Deportes y Aire libre,disponible,disponible,,,2025-10-29T22:06:04.808Z,2025-10-30T03:38:05.915Z,2025-10-30T15:43:58.559Z,721.17,14.99,$650.15,"Regalos de cumpleaños 50 para hombres y mujeres, sombreros clásico de 1974, gorra de béisbol de 1974, para mujeres de 50 años, regalos de cumpleaños para hombres",https://www.amazon.com.mx/dp/B0CNVRR6JH,https://www.amazon.com/dp/B0CNVRR6JH,Ovolos,dayanfei
,B0CMYX53KM,1,Deportes y Aire libre,disponible,disponible,,,2025-10-29T22:06:04.808Z,2025-10-30T03:38:13.154Z,2025-10-30T15:44:06.326Z,1083.24,29.95,"$1,101.57","bindrz - Carpeta de carga superior de 9 bolsillos, capacidad para 252 cargadores superiores, álbum de cierre sin anillo, bolsillos laterales para CCG TCG MTG y tarjetas deportivas en soportes de",https://www.amazon.com.mx/dp/B0CMYX53KM,https://www.amazon.com/dp/B0CMYX53KM,Rendosa,bindrz
,B0DNJRRFC1,1,Deportes y Aire libre,disponible,disponible,,,2025-10-29T22:06:04.808Z,2025-10-30T03:38:22.139Z,2025-10-30T15:44:14.609Z,1082.37,31.95,"$1,081.26","ATTRACO Traje de baño de una pieza para mujer, traje de baño atlético con bloques de color y cierre",https://www.amazon.com.mx/dp/B0DNJRRFC1,https://www.amazon.com/dp/B0DNJRRFC1,Abundant Peace,ATTRACO
,B001H8FJIW,1,Deportes y Aire libre,disponible,no disponible,,,2025-10-29T22:06:04.808Z,2025-10-30T03:38:30.049Z,2025-10-30T15:44:22.032Z,503.3,,$497.75,"All Weather Whistles Silbato de Seguridad, Silbato para Todo Tipo de Clima, Silbato de Supervivencia de tormenta, fácil de sostener y Extremadamente Fuerte.",https://www.amazon.com.mx/dp/B001H8FJIW,https://www.amazon.com/dp/B001H8FJIW,DUKKI LLC,
,B0C9QQ742H,1,Deportes y Aire libre,disponible,no disponible,,,2025-10-29T22:06:04.808Z,2025-10-30T03:38:39.386Z,2025-10-30T15:44:30.886Z,1452.19,,"$1,493.22","Kanayu Set de Boxeo de 14 Piezas Que Incluye Casco de Boxeo Guantes para Saco de Boxeo Vendas para Manos de Boxeo Protectores Bucales Deportivos para Adultos Principiantes (Negro, Azul)",https://www.amazon.com.mx/dp/B0C9QQ742H,https://www.amazon.com/dp/B0C9QQ742H,Sunny3-HQ,
,B0DXZF3R1V,1,Deportes y Aire libre,disponible,disponible,,,2025-10-29T22:06:04.808Z,2025-10-30T03:38:47.859Z,2025-10-30T15:44:39.010Z,988.39,27.89,"$1,002.18","BECOJADDE - Mochila de senderismo pequeña de 15 L/20 L para hombres y mujeres, mochila plegable de luz para senderismo para viajes y camping",https://www.amazon.com.mx/dp/B0DXZF3R1V,https://www.amazon.com/dp/B0DXZF3R1V,SHERIFF EXPRESS,BESME
,B07HHBNKRD,1,Deportes y Aire libre,disponible,no disponible,,,2025-10-29T22:06:04.809Z,2025-10-30T03:38:56.294Z,2025-10-30T15:44:47.397Z,1412,,"$1,440.57","AirBlades – Pala de ping pong profesional para principiantes/intermedios/avanzados, pala de tenis con diseño ergonómico de mango inclinado, incluye funda para pong, blanco, rojo, negro",https://www.amazon.com.mx/dp/B07HHBNKRD,https://www.amazon.com/dp/B07HHBNKRD,ZUNOXA,
,B0C99LXK4P,1,Deportes y Aire libre,disponible,disponible,,,2025-10-29T22:06:04.809Z,2025-10-30T03:39:04.225Z,2025-10-30T15:44:54.264Z,727.85,14.98,$715.59,"ABIRAM - Calcetines de yoga antideslizantes sin dedos, para pilates, barra, ballet, motociclismo, entrenamiento para mujer",https://www.amazon.com.mx/dp/B0C99LXK4P,https://www.amazon.com/dp/B0C99LXK4P,Novayu,ABIRAM
,B0D1QGNBD6,1,Deportes y Aire libre,disponible,disponible,,,2025-10-29T22:06:04.809Z,2025-10-30T03:39:13.144Z,2025-10-30T15:45:01.529Z,1046.04,32.99,"$1,038.89","Bomba eléctrica pequeña para bicicleta de 130 PSI, portátil, con manómetro, apagado automático, batería recargable, para bicicletas de montaña, carretera y ciudad, con válvulas Presta y Schrader",https://www.amazon.com.mx/dp/B0D1QGNBD6,https://www.amazon.com/dp/B0D1QGNBD6,BELGUCAN Global,Tiiletzote store
,B0DN9M3NRG,1,Deportes y Aire libre,disponible,disponible,,,2025-10-29T22:06:04.809Z,2025-10-30T03:39:21.438Z,2025-10-30T15:45:09.554Z,774.44,19.99,$734.96,"Jinhiteam - Maillot de gimnasia para niñas, talla 2-9 años, multicolor, sin mangas, para niños pequeños",https://www.amazon.com.mx/dp/B0DN9M3NRG,https://www.amazon.com/dp/B0DN9M3NRG,Burjuva's Store,Beauty In
,B0DS8JJSHQ,1,Deportes y Aire libre,disponible,no disponible,,,2025-10-29T22:06:04.809Z,2025-10-30T03:39:29.717Z,2025-10-30T15:45:16.767Z,639.87,,$630.21,"BOXOB 10 Pares de Clips Magnéticos para Dorsales de Carrera, Hebillas para Número de Carrera de Maratón Clips de Fijación para Dorsales de Carrera para Corredores Triatlón Ciclismo Competición",https://www.amazon.com.mx/dp/B0DS8JJSHQ,https://www.amazon.com/dp/B0DS8JJSHQ,ArtBlue,
,B0DCBMTBG1,1,Deportes y Aire libre,disponible,disponible,,,2025-10-29T22:06:20.037Z,2025-10-30T03:39:37.934Z,2025-10-30T15:45:23.602Z,1225.63,37.79,"$1,192.92","AHA SELECTED - Pantalones deportivos para hombre que se mantienen frescos, de canalé alto, pantalones deportivos para fitness y correr",https://www.amazon.com.mx/dp/B0DCBMTBG1,https://www.amazon.com/dp/B0DCBMTBG1,Abundant Peace,AHA SELECTED
,B0C61M9M7L,1,Deportes y Aire libre,disponible,disponible,,,2025-10-29T22:06:20.038Z,2025-10-30T03:39:45.389Z,2025-10-30T15:45:31.499Z,805.84,18.99,$761.18,"Funda para bolsa de pelota de golf, bolsa organizadora de golf para accesorios de golf, marcador de pelota de tee, llave de teléfono celular, caja protectora de objetos de valor de golf, estuche duro",https://www.amazon.com.mx/dp/B0C61M9M7L,https://www.amazon.com/dp/B0C61M9M7L,M&H Customer Friendly Store,FZYTY Direct
,B0CFR49KBM,1,Deportes y Aire libre,disponible,disponible,,,2025-10-29T22:06:20.038Z,2025-10-30T03:39:54.393Z,2025-10-30T15:45:39.138Z,1032.01,29.99,"$1,023.27",Oxford - Zapatos deportivos para caminar ligeros y casuales con cordones para hombre,https://www.amazon.com.mx/dp/B0CFR49KBM,https://www.amazon.com/dp/B0CFR49KBM,Abundant Peace,ZHONGMENG-01
,B0CVXMJLC2,1,Deportes y Aire libre,disponible,disponible,,,2025-10-29T22:06:20.038Z,2025-10-30T03:40:07.123Z,2025-10-30T15:45:52.145Z,724.08,17.99,$703.90,"DAGM - Cinturón de empuje de cadera para mancuernas, entrenador de glúteos pesado y seguro con acolchado adicional antideslizante, úsalo con pesas rusas, mancuernas y discos, soporta hasta 500 libras",https://www.amazon.com.mx/dp/B0CVXMJLC2,https://www.amazon.com/dp/B0CVXMJLC2,M&H Customer Friendly Store,dagm
,B0DGT2NPQT,1,Deportes y Aire libre,disponible,disponible,,,2025-10-29T22:06:20.038Z,2025-10-30T03:40:16.468Z,2025-10-30T15:46:00.101Z,973.64,24.99,$925.61,"Wakefeet - Calcetines de compresión para mujeres y hombres, 3 pares, medias de compresión, calcetines de vuelo de fragancia para viajar sentado",https://www.amazon.com.mx/dp/B0DGT2NPQT,https://www.amazon.com/dp/B0DGT2NPQT,Rendosa,WAKEFEET
,B0C8CPFMTX,1,Deportes y Aire libre,disponible,no disponible,,,2025-10-29T22:06:20.038Z,2025-10-30T03:40:23.639Z,2025-10-30T15:46:07.800Z,818.12,,$804.76,"gagaiuco- “Cinturón de Hernia Umbilical para Hombre y Mujer Soporte Hernia para Hombres con 2 Almohadilla de Compresión (inguinal,",https://www.amazon.com.mx/dp/B0C8CPFMTX,https://www.amazon.com/dp/B0C8CPFMTX,M&H Customer Friendly Store,
,B0CM368JFL,1,Deportes y Aire libre,disponible,disponible,,,2025-10-29T22:06:20.038Z,2025-10-30T03:40:31.494Z,2025-10-30T15:46:14.634Z,1014.18,29.99,"$1,010.32","JOYSTREAM - Maillot de gimnasia para niñas con pantalones cortos, cierre de ballet brillante, cierre de baile en la espalda",https://www.amazon.com.mx/dp/B0CM368JFL,https://www.amazon.com/dp/B0CM368JFL,GUTTIDIRECT,JOYSTREAM
,B07R61Z2PG,1,Deportes y Aire libre,disponible,no disponible,,,2025-10-29T22:06:20.038Z,2025-10-30T03:40:39.570Z,2025-10-30T15:46:21.372Z,785,,$807.65,"Core Balance - Pelota de Ejercicio para Entrenamientos, antiestallidos y Antideslizante, Pelota de Yoga Suiza para Embarazo, Estabilidad, Fitness y Terapia física, 4 tamaños, con Bomba",https://www.amazon.com.mx/dp/B07R61Z2PG,https://www.amazon.com/dp/B07R61Z2PG,Marca: Core Balance,
,B09CPMRV1B,1,Deportes y Aire libre,disponible,disponible,,,2025-10-29T22:06:20.038Z,2025-10-30T03:40:48.256Z,2025-10-30T15:46:28.440Z,1121.33,31.99,"$1,117.17","OTU chamarra impermeable ligera con capucha para hombre, para exteriores, senderismo, viajes",https://www.amazon.com.mx/dp/B09CPMRV1B,https://www.amazon.com/dp/B09CPMRV1B,Abundant Peace,OTU Store
,B0F4XG3WRF,1,Deportes y Aire libre,disponible,no disponible,,,2025-10-29T22:06:20.038Z,2025-10-30T03:40:56.622Z,2025-10-30T15:46:36.409Z,1028.48,,"$1,002.09","Kabinka Commander - Caja de cubierta para MTG con emblema de metal, caja de tarjeta con bandeja de dados, capacidad para 100 tarjetas de doble manga para PTCG, estuche de almacenamiento de tarjetas",https://www.amazon.com.mx/dp/B0F4XG3WRF,https://www.amazon.com/dp/B0F4XG3WRF,MUCH & MORE,
,B0CSWJ6WGN,1,Deportes y Aire libre,disponible,no disponible,,,2025-10-29T22:06:20.039Z,2025-10-30T03:41:04.129Z,2025-10-30T15:46:44.928Z,974.88,,$927.02,"HovSiyla - Paquete de 1/5 camisetas deportivas para correr, para hombre, ajuste seco, para gimnasio, transpirables, para entrenamiento",https://www.amazon.com.mx/dp/B0CSWJ6WGN,https://www.amazon.com/dp/B0CSWJ6WGN,Novayu,
,B0C2CXFTGQ,1,Deportes y Aire libre,disponible,disponible,,,2025-10-29T22:06:20.039Z,2025-10-30T03:41:12.746Z,2025-10-30T15:46:52.924Z,616.47,12.99,$573.12,"Belloxis - Calcetines de fútbol para niños de 8 a 12 años, calcetines de fútbol, regalos de baloncesto, regalos de béisbol para niños de 8 a 12 años, Baloncesto multicolor, 8-12 Años",https://www.amazon.com.mx/dp/B0C2CXFTGQ,https://www.amazon.com/dp/B0C2CXFTGQ,Rendosa,Belloxis-US
,B0D941FXMY,1,Deportes y Aire libre,disponible,no disponible,,,2025-10-29T22:06:20.039Z,2025-10-30T03:41:19.939Z,2025-10-30T15:47:01.251Z,790.32,,$779.82,"DEFUNX - Funda para botella de agua de 64 onzas, soporte para jarra de agua con correa para botella de cuerpo cruzado con sistema MOLLE bolsa táctica de estilo militar",https://www.amazon.com.mx/dp/B0D941FXMY,https://www.amazon.com/dp/B0D941FXMY,MUCH & MORE,
,B0D3PW2FXL,1,Deportes y Aire libre,disponible,disponible,,,2025-10-29T22:06:20.039Z,2025-10-30T03:41:28.397Z,2025-10-30T15:47:08.313Z,687.05,15.99,$678.49,BAGPARKK - Mochila de viaje ligera y plegable de 35 litros,https://www.amazon.com.mx/dp/B0D3PW2FXL,https://www.amazon.com/dp/B0D3PW2FXL,Rendomin,Bagparkk store
,B0C5YL8JYJ,1,Deportes y Aire libre,disponible,no disponible,,,2025-10-29T22:06:20.039Z,2025-10-30T03:41:37.170Z,2025-10-30T15:47:16.618Z,567,,$566.51,"Fitgriff® Correas de tracción (Acolchadas) para Entrenamiento de Fuerza, Culturismo, Fitness, Correas de Peso Muerto, para Mujeres y Hombres",https://www.amazon.com.mx/dp/B0C5YL8JYJ,https://www.amazon.com/dp/B0C5YL8JYJ,Marca: Fitgriff,
,B0DNNQ1BHG,1,Deportes y Aire libre,disponible,no disponible,,,2025-10-29T22:06:20.039Z,2025-10-30T03:41:44.074Z,2025-10-30T15:47:24.951Z,1362.24,,"$1,336.53",Vantage Apparel - Polo Universitario de Malla de poliéster para Hombre,https://www.amazon.com.mx/dp/B0DNNQ1BHG,https://www.amazon.com/dp/B0DNNQ1BHG,Ovolos,
,B002GOVIZO,1,Deportes y Aire libre,disponible,no disponible,,,2025-10-29T22:06:32.926Z,2025-10-30T03:41:52.488Z,2025-10-30T15:47:32.779Z,756.36,,$744.38,Brampton Epoxy PRO-FIX 5&15 Quick Cure - Golf Club Repair,https://www.amazon.com.mx/dp/B002GOVIZO,https://www.amazon.com/dp/B002GOVIZO,M&H Customer Friendly Store,
,B0DPQ3XR9J,1,Deportes y Aire libre,disponible,disponible,,,2025-10-29T22:06:32.927Z,2025-10-30T03:42:00.136Z,2025-10-30T15:47:41.208Z,965.85,24.99,$957.03,"Underwood Aggregator - Bastones de senderismo plegables – Paquete de 2 palos de senderismo ajustables de aluminio, bastones ligeros para mujeres, hombres, personas mayores, niños, bastones de",https://www.amazon.com.mx/dp/B0DPQ3XR9J,https://www.amazon.com/dp/B0DPQ3XR9J,M&H Customer Friendly Store,kroyice-US
,B0CNDBN7PJ,1,Deportes y Aire libre,disponible,disponible,,,2025-10-29T22:06:32.927Z,2025-10-30T03:42:06.890Z,2025-10-30T15:47:48.866Z,730.43,18.99,$721.94,"CALOMED Scrub Cap for Women and Men, Euro Style Scrub Caps, Working Hat, Head Cover with Buttons, Long or Short Hair",https://www.amazon.com.mx/dp/B0CNDBN7PJ,https://www.amazon.com/dp/B0CNDBN7PJ,DUKKI LLC,CALOMED
,B0DGHPW3LL,1,Deportes y Aire libre,disponible,no disponible,,,2025-10-29T22:06:32.927Z,2025-10-30T03:42:15.693Z,2025-10-30T15:47:56.655Z,728.1,,$692.08,"Natruveda- ¿Por qué el bálsamo para la vulva de Natruveda es duro y no cremoso? R: El bálsamo para la vulva de Natruveda está elaborado con ingredientes 100% naturales, como aceite de coco virgen y c",https://www.amazon.com.mx/dp/B0DGHPW3LL,https://www.amazon.com/dp/B0DGHPW3LL,Novayu,
,B0F84D1JY4,1,Deportes y Aire libre,disponible,disponible,,,2025-10-29T22:06:32.927Z,2025-10-30T03:42:22.674Z,2025-10-30T15:48:04.720Z,1977.75,59.99,"$1,830.73","Hulongo 40L/60L/90L - Mochila grande impermeable para hombre, mochila de lona para viajes, resistente",https://www.amazon.com.mx/dp/B0F84D1JY4,https://www.amazon.com/dp/B0F84D1JY4,Novayu,SHDA
,B0CZ8H464W,1,Deportes y Aire libre,disponible,disponible,,,2025-10-29T22:06:32.927Z,2025-10-30T03:42:30.970Z,2025-10-30T15:48:13.366Z,1259.54,32.99,"$1,214.87","Nitial - Paquete de 12 botellas de agua de fútbol a granel, reutilizables de 20 onzas, botellas de agua para apretar, botellas de plástico para deportes con tapa superior, vasos de regalo para viajes",https://www.amazon.com.mx/dp/B0CZ8H464W,https://www.amazon.com/dp/B0CZ8H464W,Rendosa,YuirXuam
,B0C6TBQSZS,1,Deportes y Aire libre,disponible,disponible,,,2025-10-29T22:06:32.927Z,2025-10-30T03:42:38.745Z,2025-10-30T15:48:21.486Z,618.57,13.99,$614.70,"Just Girl Who Loves Horse Hat Gorra de béisbol para mujer, ajustable, de algodón",https://www.amazon.com.mx/dp/B0C6TBQSZS,https://www.amazon.com/dp/B0C6TBQSZS,Rendosa,yaomantrade
,B0D5JV6X65,1,Deportes y Aire libre,disponible,disponible,,,2025-10-29T22:06:32.927Z,2025-10-30T03:42:51.612Z,2025-10-30T15:48:34.361Z,713.91,16.99,$712.06,"VELOMIX - Paquete de 4 tazas cocteleras de 28 onzas para batidos de proteínas, 4 batidores de alambre, botellas cocteleras de proteínas a prueba de fugas para mezclas de proteínas, paquete de botellas",https://www.amazon.com.mx/dp/B0D5JV6X65,https://www.amazon.com/dp/B0D5JV6X65,Rendomin,VELOMIX
,B0CCNNMCVK,1,Deportes y Aire libre,disponible,disponible,,,2025-10-29T22:06:32.928Z,2025-10-30T03:42:59.726Z,2025-10-30T15:48:43.564Z,806.29,19.99,$801.69,"NORTHYARD - Camisetas de manga corta con protección solar UV UPF 50+ para hombre, de secado rápido, SPF, para senderismo, pesca, natación, protección contra erupciones",https://www.amazon.com.mx/dp/B0CCNNMCVK,https://www.amazon.com/dp/B0CCNNMCVK,Novayu,NORTHYARD
,B0CJ91FFSL,1,Deportes y Aire libre,disponible,no disponible,,,2025-10-29T22:06:32.928Z,2025-10-30T03:43:08.622Z,2025-10-30T15:48:51.818Z,1424.03,,"$1,441.46","KJK - Cámara de rastro WiFi 4K 48MP con tarjeta SD de 64 GB, cámara de juego con visión nocturna, activada por movimiento de 0.05 s, IP67, impermeable, 100 pies, 130 °, gran angular, 42 luces LED",https://www.amazon.com.mx/dp/B0CJ91FFSL,https://www.amazon.com/dp/B0CJ91FFSL,FAHA ST,
,B092S9BP7K,1,Deportes y Aire libre,disponible,no disponible,,,2025-10-29T22:06:32.928Z,2025-10-30T03:43:17.582Z,2025-10-30T15:49:00.005Z,1154.73,,"$1,151.74",Andonone - Zapatos de baile latino para mujer,https://www.amazon.com.mx/dp/B092S9BP7K,https://www.amazon.com/dp/B092S9BP7K,Lumexa Online MX,
,B0B64HYDVR,1,Deportes y Aire libre,disponible,no disponible,,,2025-10-29T22:06:32.928Z,2025-10-30T03:43:25.336Z,2025-10-30T15:49:08.877Z,974.1,,$880.38,"Levels Nutrition- “Niveles de Proteína de Suero Alimentada con Hierba en Polvo, Sin Artificiales, 24G de Proteína, Doble Chocolate, 1LB",https://www.amazon.com.mx/dp/B0B64HYDVR,https://www.amazon.com/dp/B0B64HYDVR,MX Shipment's,
,B0DSCTYCP3,1,Deportes y Aire libre,disponible,disponible,,,2025-10-29T22:06:32.928Z,2025-10-30T03:43:33.916Z,2025-10-30T15:49:17.354Z,1034.6,27.19,"$1,019.58","ATTRACO Traje de baño deportivo de una pieza para mujer, traje de baño competitivo",https://www.amazon.com.mx/dp/B0DSCTYCP3,https://www.amazon.com/dp/B0DSCTYCP3,Bixemy,ATTRACO
,B0B7R5N3CQ,1,Deportes y Aire libre,disponible,disponible,,,2025-10-29T22:06:32.928Z,2025-10-30T03:43:40.966Z,2025-10-30T15:49:24.757Z,1034.86,25.45,"$1,033.74","BLUSLM LAT - Barra desplegable para máquina de cables, accesorios de tracción LAT con barra en T, barra en V, mango de entrenamiento de fuerza",https://www.amazon.com.mx/dp/B0B7R5N3CQ,https://www.amazon.com/dp/B0B7R5N3CQ,Rendomin,CHUANQISHOP
,B0CDC2Z7DQ,1,Deportes y Aire libre,disponible,disponible,,,2025-10-29T22:06:32.929Z,2025-10-30T03:43:49.029Z,2025-10-30T15:49:32.119Z,1278.92,39.99,"$1,277.81","RUIDENG - Tenis de Plataforma para Mujer, cojín de Aire, Zapatos de Caminar para Mujer, cómodos Todo el día, Parte Inferior Gruesa",https://www.amazon.com.mx/dp/B0CDC2Z7DQ,https://www.amazon.com/dp/B0CDC2Z7DQ,Lumexa Online MX,RUIDENG
,B0D8Y5F2V6,1,Deportes y Aire libre,disponible,disponible,,,2025-10-29T22:06:40.491Z,2025-10-30T03:43:57.685Z,2025-10-30T15:49:39.415Z,713.61,15.99,$694.31,"Topcrown - Funda de bicicleta impermeable para almacenamiento al aire última intervensión para bicicletas de 1/2/3, funda de bicicleta, para lluvia, sol, UV, polvo, viento, con bolsa de almacenamiento",https://www.amazon.com.mx/dp/B0D8Y5F2V6,https://www.amazon.com/dp/B0D8Y5F2V6,SRKSB LLC,Topcrown Direct
,B09SBHLB12,1,Deportes y Aire libre,disponible,no disponible,,,2025-10-29T22:06:40.492Z,2025-10-30T03:44:06.441Z,2025-10-30T15:49:47.440Z,701,,$690.59,"Guantes de ciclismo, guantes de bicicleta, guantes de bicicleta para hombres y mujeres con acolchado XRD de 3 mm, guantes clásicos para bicicleta de montaña, guantes de equitación en carretera MTB con visualización táctil",https://www.amazon.com.mx/dp/B09SBHLB12,https://www.amazon.com/dp/B09SBHLB12,Marca: DUEECO,
,B0DZNT8L7D,1,Deportes y Aire libre,disponible,no disponible,,,2025-10-29T22:06:40.492Z,2025-10-30T03:44:14.367Z,2025-10-30T15:49:55.426Z,554.76,,$542.50,"anteojos de natación polarizadas, antirayos UV y niebla para adultos, unisex, sin fugas, para hombres, mujeres y jóvenes",https://www.amazon.com.mx/dp/B0DZNT8L7D,https://www.amazon.com/dp/B0DZNT8L7D,Novayu,
,B0D266SMGD,1,Deportes y Aire libre,disponible,disponible,,,2025-10-29T22:06:40.492Z,2025-10-30T03:44:23.197Z,2025-10-30T15:50:03.938Z,899.39,21.99,$889.26,"HovSiyla 1/5 unidades de camisetas de entrenamiento para hombres, atléticas, correr, gimnasio, secado rápido, manga corta, rendimiento que absorbe la humedad",https://www.amazon.com.mx/dp/B0D266SMGD,https://www.amazon.com/dp/B0D266SMGD,Ovolos,HOVSIYLA
,B0BZGXLXBJ,1,Deportes y Aire libre,disponible,no disponible,,,2025-10-29T22:06:40.492Z,2025-10-30T03:44:29.722Z,2025-10-30T15:50:12.011Z,1118.66,,"$1,075.03","Handadsume FB811-29 - Riñonera de lona resistente al agua + piel para senderismo, viaje, viaje, riñonera pequeña para hombres y mujeres, 100% piel-café, Mediano, Estilo retro clásico sin calle",https://www.amazon.com.mx/dp/B0BZGXLXBJ,https://www.amazon.com/dp/B0BZGXLXBJ,Lumexa Online MX,
,B0CLDZ5KJD,1,Deportes y Aire libre,disponible,no disponible,,,2025-10-29T22:06:40.492Z,2025-10-30T03:44:38.409Z,2025-10-30T15:50:19.378Z,1154,,"$1,160.24","Tapete de yoga extra grueso de 9 mm, tapete de ejercicio de alta densidad, antideslizante para entrenamiento en casa, tapete de pilates con correa para mujeres y hombres, tapete ecológico grueso (9",https://www.amazon.com.mx/dp/B0CLDZ5KJD,https://www.amazon.com/dp/B0CLDZ5KJD,Marca: FARINOK,
,B0CRHBJ6XG,1,Deportes y Aire libre,disponible,disponible,,,2025-10-29T22:06:40.492Z,2025-10-30T03:44:46.329Z,2025-10-30T15:50:27.711Z,975.7,28.99,$971.95,JOYSTREAM - Maillot de gimnasia para niñas con pantalones cortos brillantes de ballet,https://www.amazon.com.mx/dp/B0CRHBJ6XG,https://www.amazon.com/dp/B0CRHBJ6XG,DUKKI LLC,JOYSTREAM
,B0DZBKPWG8,1,Deportes y Aire libre,disponible,no disponible,,,2025-10-29T22:06:40.492Z,2025-10-30T03:44:52.934Z,2025-10-30T15:50:36.709Z,466.49,,$465.38,"EGOSKY - Cuerda de saltar para niños, de 7 pies, ajustable, de algodón, con mango de madera, para niños, niñas, fitness, actividades al aire última intervensión",https://www.amazon.com.mx/dp/B0DZBKPWG8,https://www.amazon.com/dp/B0DZBKPWG8,Rendosa,
,B07QK9R13S,1,Deportes y Aire libre,disponible,no disponible,,,2025-10-29T22:06:40.492Z,2025-10-30T03:44:59.698Z,2025-10-30T15:50:44.448Z,882.9,,$865.31,"anteojos de ciclismo con lentes intercambiables, anteojos de sol polarizadas para hombre y mujer, anteojos de sol deportivas para correr de béisbol",https://www.amazon.com.mx/dp/B07QK9R13S,https://www.amazon.com/dp/B07QK9R13S,M&H Customer Friendly Store,
,B0CWL3TXZV,1,Deportes y Aire libre,disponible,disponible,,,2025-10-29T22:06:40.492Z,2025-10-30T03:45:07.594Z,2025-10-30T15:50:52.747Z,858.33,19.99,$870.50,"DRQ - Chaleco de natación para niños pequeños, flotadores para niños de 22 a 65 libras, chaleco salvavidas para niños con correa de entrepierna y arnés de hombro, alas de brazo para niñas y niños de",https://www.amazon.com.mx/dp/B0CWL3TXZV,https://www.amazon.com/dp/B0CWL3TXZV,SRKSB LLC,DRQ US
,B0DD6M1YG3,1,Deportes y Aire libre,disponible,disponible,,,2025-10-29T22:06:40.493Z,2025-10-30T03:45:15.354Z,2025-10-30T15:51:00.406Z,774.66,18.99,$765.07,"playera de manga corta con diseño de hada de castillo para mujer, estilo casual, día festivo, día festivo, día festivo, manga corta",https://www.amazon.com.mx/dp/B0DD6M1YG3,https://www.amazon.com/dp/B0DD6M1YG3,Ovolos,HXSMm
,B07RQGRKGW,1,Deportes y Aire libre,disponible,no disponible,,,2025-10-29T22:06:40.493Z,2025-10-30T03:45:23.469Z,2025-10-30T15:51:09.703Z,1499.23,,"$1,474.81","CALI SPORTS Push Up Bars Calisthenics Equipment, Solid Wood Push Up Handles for Floor Use, Perfect Pushup Bar and Handstand Parallettes Bars for Men and Women, Includes Wrist Wraps",https://www.amazon.com.mx/dp/B07RQGRKGW,https://www.amazon.com/dp/B07RQGRKGW,MUCH & MORE,
,B07QK7R32H,1,Deportes y Aire libre,disponible,no disponible,,,2025-10-29T22:06:40.493Z,2025-10-30T03:45:35.676Z,2025-10-30T15:51:22.549Z,1162.47,,"$1,161.36","Pantalones cargo para niños, estilo informal, para exteriores, secado rápido, impermeables, para senderismo, escalada, convertibles",https://www.amazon.com.mx/dp/B07QK7R32H,https://www.amazon.com/dp/B07QK7R32H,SMART CELL TRADE,
,B09MDTLZZQ,1,Deportes y Aire libre,disponible,no disponible,,,2025-10-29T22:06:40.493Z,2025-10-30T03:45:44.707Z,2025-10-30T15:51:31.665Z,1800,,"$1,798.33",Gorilla Force - Cartuchos de CO2 roscados | para infladores de neumáticos de bicicleta,https://www.amazon.com.mx/dp/B09MDTLZZQ,https://www.amazon.com/dp/B09MDTLZZQ,quanax,
,B07QV78XZH,1,Deportes y Aire libre,disponible,disponible,,,2025-10-29T22:06:40.493Z,2025-10-30T03:45:53.703Z,2025-10-30T15:51:39.826Z,675.4,14.98,$625.30,CLOZOZ Women's Halter V Neck Sleeveless Backless Basic Crop Top,https://www.amazon.com.mx/dp/B07QV78XZH,https://www.amazon.com/dp/B07QV78XZH,Novayu,CLOZOZ
,B0CQ4W7ZK9,1,Deportes y Aire libre,disponible,no disponible,,,2025-10-29T22:06:50.443Z,2025-10-30T03:46:01.893Z,2025-10-30T15:51:46.944Z,1237.58,,"$1,196.58","Kinghardcase - Funda impermeable para munición 5.56/223 – Caja de almacenamiento redonda con cierre de bala de 200 unidades, caja de almacenamiento Mil-Spec para 5.56 y 223 munición/bala",https://www.amazon.com.mx/dp/B0CQ4W7ZK9,https://www.amazon.com/dp/B0CQ4W7ZK9,Luxury Best Store,
,B06VV45YN5,1,Deportes y Aire libre,disponible,no disponible,,,2025-10-29T22:06:50.443Z,2025-10-30T03:46:09.413Z,2025-10-30T15:51:54.404Z,763,,$749.82,"TICK BAN by Yaya Organics - Extra Strength Tick Repellent, DEET-Free, All-Natural, Proven Effective and Safe for Adults and Kids (16 ounce Spray)",https://www.amazon.com.mx/dp/B06VV45YN5,https://www.amazon.com/dp/B06VV45YN5,GUTTIDIRECT,
,B0BRWNC44R,1,Deportes y Aire libre,disponible,disponible,,,2025-10-29T22:06:50.443Z,2025-10-30T03:46:17.623Z,2025-10-30T15:52:02.341Z,1240.68,39.99,"$1,232.54","NIeyook - Traje de baño Tankini para Mujer, Talla Grande, 2024, Dos Piezas, Control de Abdomen, Vestido de natación con Pantalones Cortos",https://www.amazon.com.mx/dp/B0BRWNC44R,https://www.amazon.com/dp/B0BRWNC44R,Rendosa,NIeyook
,B01N54YTDA,1,Deportes y Aire libre,disponible,no disponible,,,2025-10-29T22:06:50.443Z,2025-10-30T03:46:26.597Z,2025-10-30T15:52:11.183Z,2383.82,,"$2,332.75","Hockey Revolution Dryland Bodenfliesen – Glatte ineinandergreifende Trainingsfläche Zum Aufkleben, Schießen, Vorbeigehen – geeignet für den Innen- und Außenbereich",https://www.amazon.com.mx/dp/B01N54YTDA,https://www.amazon.com/dp/B01N54YTDA,YAGAN STORE,
,B0CVXH2BQN,1,Deportes y Aire libre,disponible,disponible,,,2025-10-29T22:06:50.443Z,2025-10-30T03:46:35.308Z,2025-10-30T15:52:19.772Z,957.3,26.99,$958.89,"Paquete de bolsa de lona plegable de 45 l, resistente al agua, bolsa de gimnasio deportiva portátil, ligera para viajes, fitness y camping, Azul marino, Bolsa de lona plegable de 45 l",https://www.amazon.com.mx/dp/B0CVXH2BQN,https://www.amazon.com/dp/B0CVXH2BQN,Abundant Peace,Pack All
,B07ZH7R17H,1,Deportes y Aire libre,disponible,disponible,,,2025-10-29T22:06:50.443Z,2025-10-30T03:46:43.528Z,2025-10-30T15:52:27.416Z,645,14.99,$633.99,"Rymora Calf Mangas de compresión para hombres y mujeres (para deportes, correr, espinilleras)",https://www.amazon.com.mx/dp/B07ZH7R17H,https://www.amazon.com/dp/B07ZH7R17H,Marca: Rymora,Rymora Sports
,B0B4JXNK2F,1,Deportes y Aire libre,disponible,disponible,,,2025-10-29T22:06:50.444Z,2025-10-30T03:46:52.639Z,2025-10-30T15:52:34.433Z,1589.33,49.99,"$1,549.80","BRONAX Tenis anchos acolchados para correr de carretera para mujer, tenis deportivos con puntera ancha, suela de goma, Vino, 8 Wide",https://www.amazon.com.mx/dp/B0B4JXNK2F,https://www.amazon.com/dp/B0B4JXNK2F,MS STORE'S,JSG Sneakers
,B00915AS70,1,Deportes y Aire libre,disponible,no disponible,,,2025-10-29T22:06:50.444Z,2025-10-30T03:47:01.413Z,2025-10-30T15:52:42.639Z,1491.07,,"$1,487.03",15.2cm Rigged Cedar Plugs - 6 Pcs w/Lure Bag,https://www.amazon.com.mx/dp/B00915AS70,https://www.amazon.com/dp/B00915AS70,Premium Global,
,B07R5ZWTMJ,1,Deportes y Aire libre,disponible,no disponible,,,2025-10-29T22:06:50.444Z,2025-10-30T03:47:08.477Z,2025-10-30T15:52:51.165Z,785,,$784.53,"Core Balance - Bola de Embarazo con Bomba de Aire, Ideal para Yoga prenatal, Pilates, y Ejercicios de Maternidad, se dobla como Silla de Oficina, Entrenamiento de Estabilidad y Equilibrio, Equipo de",https://www.amazon.com.mx/dp/B07R5ZWTMJ,https://www.amazon.com/dp/B07R5ZWTMJ,Marca: Core Balance,
,B09P1LC672,1,Deportes y Aire libre,disponible,no disponible,,,2025-10-29T22:06:50.444Z,2025-10-30T03:47:17.316Z,2025-10-30T15:52:59.363Z,818.48,,$789.10,"Belltop - Cinturón de hernia umbilical para mujeres y hombres - Soporte de hernia para hombres con almohadilla de compresión (inguinal, ventral, ombligo) - Carpeta abdominal para hernia postcirugía y",https://www.amazon.com.mx/dp/B09P1LC672,https://www.amazon.com/dp/B09P1LC672,MARVEL INC.,
,B082BGW7VF,1,Deportes y Aire libre,disponible,no disponible,,,2025-10-29T22:06:50.444Z,2025-10-30T03:47:26.572Z,2025-10-30T15:53:06.254Z,621.49,,$640.74,"EarthKind Stay Away - Repelente de insectos de mosquitos a base de plantas, sin perfume con picaridina, protección de hasta 14 horas, seguro para niños cuando se utiliza según las indicaciones, 4",https://www.amazon.com.mx/dp/B082BGW7VF,https://www.amazon.com/dp/B082BGW7VF,Rendosa,
,B09PNS3G7H,1,Deportes y Aire libre,disponible,no disponible,,,2025-10-29T22:06:50.444Z,2025-10-30T03:47:35.167Z,2025-10-30T15:53:15.100Z,855.57,,$795.55,"FDLS Soporte de dardos montado en la pared que muestra 15 dardos de punta de acero o punta blanda, organizador de dardos para pared con gancho de metal, viene con marcador de línea de lanzamiento de dardos, bolsa de accesorios y afilador de dardos",https://www.amazon.com.mx/dp/B09PNS3G7H,https://www.amazon.com/dp/B09PNS3G7H,Ovolos,
,B07K7257FK,1,Deportes y Aire libre,disponible,disponible,,,2025-10-29T22:06:50.444Z,2025-10-30T03:47:43.182Z,2025-10-30T15:53:23.643Z,822.6,19.99,$825.45,"KINGGEAR Walking Cane for Women & Men, Lightweight & Sturdy Offset Walking Stick, Walking cane with Autonomous Standing, Large Quad Base Cane for Seniors, Walking Crutches for People with Leg Injuries",https://www.amazon.com.mx/dp/B07K7257FK,https://www.amazon.com/dp/B07K7257FK,M&H Customer Friendly Store,KingGear
,B0BS8YV7T6,1,Deportes y Aire libre,disponible,no disponible,,,2025-10-29T22:06:50.444Z,2025-10-30T03:47:51.203Z,2025-10-30T15:53:30.456Z,836.15,,$844.78,gagaiuco Cinturón De Hernia Umbilical Para Hombres Y Mujeres - Carpeta De Soporte Abdominal Con Almohadilla De Compresión - Ombligo Ventral Epigástrico Incisional Y Ombligo Hernias Cirugía Prevención,https://www.amazon.com.mx/dp/B0BS8YV7T6,https://www.amazon.com/dp/B0BS8YV7T6,MYSILKROAD LLC,
,B076HC4LJX,1,Deportes y Aire libre,disponible,no disponible,,,2025-10-29T22:06:50.444Z,2025-10-30T03:47:59.975Z,2025-10-30T15:53:38.221Z,862.16,,$862.45,"Mejor tobillera de compresión de cobre con soporte de tobillo de silicona con cobre antimicrobiano. Fascitis plantar, zanahoria y alivia el dolor de tendón de Aquiles. Previene y soporta lesiones en el tobillo y dolor",https://www.amazon.com.mx/dp/B076HC4LJX,https://www.amazon.com/dp/B076HC4LJX,GUTTIDIRECT,
,B07HF4MNR9,1,Deportes y Aire libre,disponible,no disponible,,,2025-10-29T22:06:50.445Z,2025-10-30T03:48:08.078Z,2025-10-30T15:53:45.859Z,1301.62,,"$1,209.37","AirBlades – Pala de ping pong profesional para principiantes/intermedios/avanzados, pala de tenis con diseño ergonómico de mango inclinado, incluye funda para pong",https://www.amazon.com.mx/dp/B07HF4MNR9,https://www.amazon.com/dp/B07HF4MNR9,Sky Ecommerce Store,
,B0CT3VB62K,1,Deportes y Aire libre,disponible,no disponible,,,2025-10-29T22:07:00.333Z,2025-10-30T03:48:15.043Z,2025-10-30T15:53:53.918Z,1366.7,,"$1,360.59","Flexelent - Par de bloques de cuña para sentadillas, tabla inclinada para sentadillas, bloque de elevación de pantorrillas, cuña elevada, talón antideslizante, equipo ATG, inclinación de 17°, 3.5 x",https://www.amazon.com.mx/dp/B0CT3VB62K,https://www.amazon.com/dp/B0CT3VB62K,STAWAMUS LLC,
,B0D1FSQBKR,1,Deportes y Aire libre,disponible,no disponible,,,2025-10-29T22:07:00.333Z,2025-10-30T03:48:28.430Z,2025-10-30T15:54:06.990Z,905.81,,$856.14,WALITO Kit de barra de pilates con bandas de resistencia,https://www.amazon.com.mx/dp/B0D1FSQBKR,https://www.amazon.com/dp/B0D1FSQBKR,Rendomin,
,B074XD7HQG,1,Deportes y Aire libre,disponible,no disponible,,,2025-10-29T22:07:00.333Z,2025-10-30T03:48:36.874Z,2025-10-30T15:54:15.283Z,585.97,,$581.61,Alice Browning Extractor de balas de impacto fácil con collets,https://www.amazon.com.mx/dp/B074XD7HQG,https://www.amazon.com/dp/B074XD7HQG,IY Network,