also_appears_in,asin,batch_number,category,disponibilidad_mx,error_verificacion_mx,extracted_at,fecha_verificacion_mx,precio_actual_mx,price,title,url_mx,vendedor_actual_mx
,B0D7JJD2CH,1,Alimentos y Bebidas,disponible,,2025-11-03T14:43:32.705Z,2025-11-03T19:49:29.386Z,1287.58,"$1,329.51","Algae Cooking Club Aceite de cocina 100 % de algas de calidad de chef, punto de humo alto de 535 F, alto oleico, neutro, sin aceite de semilla, versátil, para freír, asar a la parrilla, hornear y ensa",https://www.amazon.com.mx/dp/B0D7JJD2CH,SRKSB LLC
,B07XJRP647,1,Alimentos y Bebidas,disponible,,2025-11-03T14:43:32.705Z,2025-11-03T19:49:37.476Z,1715.67,"$1,813.75","Monk Drops – 100% edulcorante líquido de monjes, cero glicémica, cero calorías, cero azúcar, sin agua añadida, fruta de monje concentrada (350 porciones) 8 Fl Oz (Pack of 1)",https://www.amazon.com.mx/dp/B07XJRP647,NEW AGE SHOPPING
,B0CWJ1CHKF,1,Alimentos y Bebidas,disponible,,2025-11-03T14:43:32.706Z,2025-11-03T19:49:47.227Z,1635,"$1,635.01","MALK Leche de almendras orgánica sin azúcar - 32 fl oz - Paquete de 6 - Sin OGM, aprobada por Whole 30, sin lácteos - 32 onzas líquidas",https://www.amazon.com.mx/dp/B0CWJ1CHKF,Holaproducto
,B09KZ4BW72,1,Alimentos y Bebidas,disponible,,2025-11-03T14:43:32.706Z,2025-11-03T19:49:56.989Z,1156.73,"$1,156.74","NEW ZEALAND HONEY CO Nueva Zelanda Honey Co. Miel De Manuka Cruda Umf 20+ | Mgo 829+, Certificado Umf/4.4Oz",https://www.amazon.com.mx/dp/B09KZ4BW72,✨Aurorix A
,B09WTZRV6Z,1,Alimentos y Bebidas,disponible,,2025-11-03T14:43:32.706Z,2025-11-03T19:50:05.481Z,738.21,$758.25,"Graza Rocíe Aceite De Oliva Virgen Extra, Aceite De Acabado - Aceite De Acabado De Aove De Cosecha Temprana Con Alto Polifenol En Una Botella Exprimible - Aceites De Oliva De Origen Único De",https://www.amazon.com.mx/dp/B09WTZRV6Z,SRKSB LLC
,B08BTN8BD5,1,Alimentos y Bebidas,disponible,,2025-11-03T14:43:32.706Z,2025-11-03T19:50:13.945Z,688.89,$804.04,"52USA Shaoxing Cooking Wine, vino chino de cocina, vino Shaoxing (regular, paquete de 1)",https://www.amazon.com.mx/dp/B08BTN8BD5,✨Aurorix A
,B0CB4W897C,1,Alimentos y Bebidas,disponible,,2025-11-03T14:43:32.706Z,2025-11-03T19:50:23.208Z,1599.44,"$1,670.88","Baja Gold Sal Marina Mineral, Moler Fino, 5 Lb. Bolsa",https://www.amazon.com.mx/dp/B0CB4W897C,SRKSB LLC
,B0CLYRN7GC,1,Alimentos y Bebidas,disponible,,2025-11-03T14:43:32.706Z,2025-11-03T19:50:31.370Z,1159.78,"$1,284.03","Ventura Foods Aceite De Palomitas De Maíz Premium Mantecoso Louana, Galón",https://www.amazon.com.mx/dp/B0CLYRN7GC,MARVEL INC.
,B0BY94762R,1,Alimentos y Bebidas,disponible,,2025-11-03T14:43:32.706Z,2025-11-03T19:50:40.649Z,624.94,$653.73,"Grelim Polvo De Camote Morado Premium 8 Oz, Ube Natural Puro (Ñame Morado) Polvo Sin Gluten Vegano Sin Ogm Polvo Colorante Alimenticio Morado 227G",https://www.amazon.com.mx/dp/B0BY94762R,SRKSB LLC
,B082XK9RQF,1,Alimentos y Bebidas,disponible,,2025-11-03T14:43:32.706Z,2025-11-03T19:50:49.170Z,515.38,$539.38,"Palermo Papa Honeycomb 100% Comestible, Totalmente Natural, Panal Gourmet Crudo, Sin Aditivos, Sin Conservantes - 7 Oz",https://www.amazon.com.mx/dp/B082XK9RQF,SRKSB LLC
,B0CWVRSNDF,1,Alimentos y Bebidas,disponible,,2025-11-03T14:43:32.707Z,2025-11-03T19:50:56.971Z,1283.21,"$1,330.47","Aceite de oliva virgen extra Graza en paquete variado, para sizzle & Drizzle: aceite de oliva para cocinar y terminar con alto contenido de polifenoles Peak Harvest en una botella exprimible:",https://www.amazon.com.mx/dp/B0CWVRSNDF,✨Aurorix A
,B0D94TJPNK,1,Alimentos y Bebidas,disponible,,2025-11-03T14:43:32.707Z,2025-11-03T19:51:05.566Z,662.73,$683.21,"Sante Naturelle Sal Marina Francesa Molida Fina - 1.1Lb (18Oz) Sal Mineral, Sal Marina Francesa Sin Refinar Orgánica, Sal Minerales 82+ Cosechada A Mano, Sal Marina 100% Natural",https://www.amazon.com.mx/dp/B0D94TJPNK,NEW AGE SHOPPING
,B0D933SXY6,1,Alimentos y Bebidas,disponible,,2025-11-03T14:43:32.707Z,2025-11-03T19:51:14.662Z,775.22,$796.12,"CAMPO D'ORO Paquete De 2 - Mantequilla De Crema De Pistacho, Dulce, 2 X 6.35 Oz (180 G), Ingrediente Premium Para Elaborar Barra De Chocolate De Pistacho Knafeh, Crema De Pistacho Dulce Sici",https://www.amazon.com.mx/dp/B0D933SXY6,KRONOS STORE
,B0BVPPY8RN,1,Alimentos y Bebidas,disponible,,2025-11-03T14:43:32.707Z,2025-11-03T19:51:22.714Z,610.47,$638.63,"Sujoygar Brillo Brillo Comestible Para Cócteles Tortas Bebidas Chocolates Cupcakes - Juego De 6 Colores, Polvo De Brillo Dorado Comestible, Bebida Brillo Cóctel, Decoración De Pastel Comesti",https://www.amazon.com.mx/dp/B0BVPPY8RN,SRKSB LLC
,B0D5JQ2KQ8,1,Alimentos y Bebidas,disponible,,2025-11-03T14:43:32.707Z,2025-11-03T19:51:32.182Z,673.1,$673.12,"Naturegrail Corteza De Copalchi (Corteza De Copalchi Cortada Del Tronco O Tallo) - Hecho De 100% Coutarea Latiflora, Peso Neto: 1.5Oz/42.5G",https://www.amazon.com.mx/dp/B0D5JQ2KQ8,Boon Shopping
,B0D4Q56LTV,1,Alimentos y Bebidas,disponible,,2025-11-03T14:43:32.707Z,2025-11-03T19:51:40.762Z,572.19,$588.04,"Sakura Box Matcha Milk Uji Double Rich Latte de Tsujiri, bolsa resellable de 160 g. Fabricado en Kioto, Japón.",https://www.amazon.com.mx/dp/B0D4Q56LTV,SRKSB LLC
,B07RQHB4T8,1,Alimentos y Bebidas,disponible,,2025-11-03T14:43:43.821Z,2025-11-03T19:51:50.082Z,1434.5,"$1,482.69","ROSSO CAFFÈ Cápsulas Espresso Para Máquinas Nespresso - Paquete De 120 Cápsulas De Café - Aluminio Premium - Desayuno, Medio Y Tostado Oscuro",https://www.amazon.com.mx/dp/B07RQHB4T8,FEEL EXTRA MX
,B0888BVH8T,1,Alimentos y Bebidas,disponible,,2025-11-03T14:43:43.822Z,2025-11-03T19:51:58.838Z,1982.23,"$1,982.24","Táche Leche de pistacho - Mezcla Barista - Rica, cremosa, ligeramente dulce, crema vegetal para café y leche - Sin lácteos, sin gluten, vegana, sin aceites (32 oz, paquete de 6)",https://www.amazon.com.mx/dp/B0888BVH8T,Holaproducto
,B09KZP9YLC,1,Alimentos y Bebidas,disponible,,2025-11-03T14:43:43.822Z,2025-11-03T19:52:06.835Z,1654.36,"$1,691.01",NEW ZEALAND HONEY CO Nueva Zelanda Honey Co. Miel De Manuka Cruda Umf 24+ | Mgo 1122+/4.4Oz | 125G,https://www.amazon.com.mx/dp/B09KZP9YLC,AUTO MATE
,B01DTH9K0G,1,Alimentos y Bebidas,disponible,,2025-11-03T14:43:43.822Z,2025-11-03T19:52:14.634Z,744.5,$763.28,"Calming Blends té Diverticulitis y Diverticulosis, orgánico certificado, última intervensión de cafeína, 2 oz",https://www.amazon.com.mx/dp/B01DTH9K0G,ArtBlue
,B0CP9Q47LK,1,Alimentos y Bebidas,disponible,,2025-11-03T14:43:43.822Z,2025-11-03T19:52:28.278Z,1000.73,"$1,040.64","DureLife Edulcorante orgánico 100 % puro de fruta del monje Durelife, sin eritritol, polvo de extracto de fruta del monje, verificado por el USDA orgánico NON-GMO Project, certificado Keto, OU ko",https://www.amazon.com.mx/dp/B0CP9Q47LK,Abundant Peace
,B0BTBWXPVT,1,Alimentos y Bebidas,disponible,,2025-11-03T14:43:43.822Z,2025-11-03T19:52:36.567Z,478.53,$513.01,"ERCorArt Aceite Aromatizante De Alimentos - Sabores Concentrados De Caramelo, 6 Aceite Aromatizante Líquido De Brillo De Labios, Aceite Sabor A Piña De Algodón De Azúcar Para Hornear, Cocina",https://www.amazon.com.mx/dp/B0BTBWXPVT,SRKSB LLC
,B073QYSD44,1,Alimentos y Bebidas,disponible,,2025-11-03T14:43:43.822Z,2025-11-03T19:52:44.405Z,915.91,$940.68,"Francine Farine de Ble Bio - Harina de trigo orgánica multiusos francesa, 2.2 libras (Paquete de 2)",https://www.amazon.com.mx/dp/B073QYSD44,ProductosTX ⭐ ⭐ ⭐ ⭐ ⭐
,B09BM9ZGF3,1,Alimentos y Bebidas,disponible,,2025-11-03T14:43:43.822Z,2025-11-03T19:52:52.949Z,466.31,$507.26,Dot's Homestyle Pretzels de mostaza con miel,https://www.amazon.com.mx/dp/B09BM9ZGF3,Holaproducto
,B0971V7MGW,1,Alimentos y Bebidas,disponible,,2025-11-03T14:43:43.822Z,2025-11-03T19:53:01.568Z,1691.24,"$1,770.84","LAUDEMIO Toscana con alto contenido de polifenoles +650 mg/kg de aceite de oliva virgen extra, robusto, verde, fresco, nuevo cosecha temprana 2024-2025, prensado en frío, monovarietal Frantoio",https://www.amazon.com.mx/dp/B0971V7MGW,NEW AGE SHOPPING
,B0CQPR8QFW,1,Alimentos y Bebidas,disponible,,2025-11-03T14:43:43.823Z,2025-11-03T19:53:10.392Z,1454.99,"$1,458.94","DureLife Edulcorante orgánico 100 % puro de fruta del monje Durelife, sin eritritol, extracto de fruta del monje en polvo, verificado por el USDA orgánico NON-GMO Project, certificado Keto OU kos",https://www.amazon.com.mx/dp/B0CQPR8QFW,qiuxushenzen8511xdsw
,B0BVG7T3CT,1,Alimentos y Bebidas,disponible,,2025-11-03T14:43:43.823Z,2025-11-03T19:53:17.431Z,622.07,$622.08,Danodia Foods Asafetida India En Polvo 1.8 Oz (50G) (Hing) | Muy Fuerte (Potente) Y Sin Gluten | Condimento Indio | Reemplaza Ajo Y Cebolla - Botella De Vidrio,https://www.amazon.com.mx/dp/B0BVG7T3CT,MARVEL INC.
,B0CC3WV5VC,1,Alimentos y Bebidas,disponible,,2025-11-03T14:43:43.823Z,2025-11-03T19:53:26.483Z,1049.42,"$1,049.43",MADRE SELVA Café Colombiano Especialidad Geisha Gesha Granos Enteros Tostado Medio Calidad Gourmet Fresco Origen Único 100% Café De Colombia Café Arábica Seleccionado Café Madre Selva 8.8 Oz/250G,https://www.amazon.com.mx/dp/B0CC3WV5VC,MARVEL INC.
,B0CYT1G75K,1,Alimentos y Bebidas,disponible,,2025-11-03T14:43:43.823Z,2025-11-03T19:53:35.993Z,836.21,$938.52,"Hethstia Konjac Noodle Instant Tom Yum Soup Cup Shirataki Pasta Cabello De Ángel Listo Para Comer Tom Yum Caldo De Fideos Low Carb Miracle Noodles Aisa Ramen Low Gi, Comida Saludable Regalos",https://www.amazon.com.mx/dp/B0CYT1G75K,BEFATEK
,B0D6NLVJY3,1,Alimentos y Bebidas,disponible,,2025-11-03T14:43:43.823Z,2025-11-03T19:53:44.417Z,1500.27,"$1,508.18","Thai Coco - Bebida de leche de coco original con Nata De Coco - 9.8 fl. oz. Paquete de 12 9,8 onzas líquidas (paquete de",https://www.amazon.com.mx/dp/B0D6NLVJY3,Rendomin
,B0CCQQGXRQ,1,Alimentos y Bebidas,disponible,,2025-11-03T14:43:43.823Z,2025-11-03T19:53:51.671Z,1710.67,"$1,809.20","kyoord Aceite De Oliva Virgen Extra Alto Fenólico - Sin Filtrar, Prensado En Frío, Cosecha Temprana - Pipery, Robusto, Notas Verdes - Empaquetado Con Polifenoles, Oleocantal, Antioxidantes,",https://www.amazon.com.mx/dp/B0CCQQGXRQ,BROWN LEAVES LLC
,B08MH1VFH8,1,Alimentos y Bebidas,disponible,,2025-11-03T14:43:43.823Z,2025-11-03T19:54:01.031Z,1341.67,"$1,374.82","Ripple- Leche vegetal original | 8 g de proteína de guisante de calidad, rica en calcio | Conservación estable | Vegana y sin gluten",https://www.amazon.com.mx/dp/B08MH1VFH8,NOVA SHOP MX
,B00GA07HAK,1,Alimentos y Bebidas,disponible,,2025-11-03T14:43:52.080Z,2025-11-03T19:54:09.475Z,1380.12,"$1,405.98","VEGAN MILKER CLASSIC (by Chufamix), utensilio para hacer leches vegetales con cualquier semilla. Elabora 1 litro en 1 minuto. Hecho en España. Ver video y libro de Recetas gratis en la web Vegan Milker",https://www.amazon.com.mx/dp/B00GA07HAK,qiuxushenzen8511xdsw
,B00275H6JE,1,Alimentos y Bebidas,disponible,,2025-11-03T14:43:52.080Z,2025-11-03T19:54:18.353Z,1099.42,"$1,113.36","Castillo De Canena Aceite de oliva virgen extra (17 onzas) Arbequina prensado en frío | Perfil rico y audaz de sabor | Pan, sopa, pasta, aderezo de ensalada, verduras | español",https://www.amazon.com.mx/dp/B00275H6JE,BROWN LEAVES LLC
,B0DCJ3MM35,1,Alimentos y Bebidas,disponible,,2025-11-03T14:43:52.080Z,2025-11-03T19:54:27.502Z,799,"$1,128.62","Bum Energy Bebida energética sin azúcar BUM, limonada rosa, ligeramente carbonatada y sin colorantes artificiales, cafeín Paquete de 12""",https://www.amazon.com.mx/dp/B0DCJ3MM35,FITSTORE DE MEXICO S.A. DE C.V.
,B0D6Z5DZ3X,1,Alimentos y Bebidas,disponible,,2025-11-03T14:43:52.080Z,2025-11-03T19:54:34.897Z,666.8,$683.21,"Besway Anís Estrellado Chino 12 Oz, Anís Estrellado Entero, Vainas De Anís Fresco, Puro Y Seco, Ideal Para Cocinar, Hornear Y Té (340G)",https://www.amazon.com.mx/dp/B0D6Z5DZ3X,SRKSB LLC
,B0BZCM5234,1,Alimentos y Bebidas,disponible,,2025-11-03T14:43:52.080Z,2025-11-03T19:54:43.218Z,1229.8,"$1,292.35","Keto Naturals Leche Condensada Sin Azúcar Keto (6 Paquetes) Leche Condensada Vegana De Coco - Leche A Base De Plantas, Vegana Y Keto Friendly. Leche De Coco Condensada En Calorías Más Bajas.",https://www.amazon.com.mx/dp/B0BZCM5234,NEW AGE SHOPPING
,B0DNGMCRBQ,1,Alimentos y Bebidas,disponible,,2025-11-03T14:43:52.080Z,2025-11-03T19:54:52.039Z,725.54,$738.11,"KickBallz Chicle energético con canela y cafeína | Extra fuerte, 110 mg por chicle | Acción rápida | Sabor increíble | Refresca el aliento | Sin azúcar | Sin gluten | Hecho en EE. UU.",https://www.amazon.com.mx/dp/B0DNGMCRBQ,Rendomin
,B0CLW93XCH,1,Alimentos y Bebidas,disponible,,2025-11-03T14:43:52.080Z,2025-11-03T19:54:59.903Z,851.16,$888.42,"HEAVEN & EARTH Jarabe De Dátiles 100% Orgánico, Silan (3.3 Lb) 52.8Oz | 1 Ingrediente | Alternativa A La Miel Natural | Bajo Índice Glucémico | Gran Reemplazo De Azúcar | Miel De Dátiles Org",https://www.amazon.com.mx/dp/B0CLW93XCH,FuCai Official
,B07CBPL26R,1,Alimentos y Bebidas,disponible,,2025-11-03T14:43:52.081Z,2025-11-03T19:55:07.502Z,1274.62,"$1,274.63","Johnny's Fine Foods, Great César, 32 oz (2 unidades)",https://www.amazon.com.mx/dp/B07CBPL26R,ProductosTX ⭐ ⭐ ⭐ ⭐ ⭐
,B0CQC3SZFC,1,Alimentos y Bebidas,disponible,,2025-11-03T14:43:52.081Z,2025-11-03T19:55:20.056Z,738.65,$789.41,"GASVM- Maquinilla de afeitar de barbero de borde recto profesional, navajas de afeitar rectas para hombres, afeitadora de acero inoxidable de primera calidad Razo",https://www.amazon.com.mx/dp/B0CQC3SZFC,MS STORE'S
,B075CRGLNY,1,Alimentos y Bebidas,disponible,,2025-11-03T14:43:52.081Z,2025-11-03T19:55:29.914Z,554.87,$554.88,"Fever-Tree Premium Agua tónica india, latas de 5.07 onzas (Paquete de 8)",https://www.amazon.com.mx/dp/B075CRGLNY,Corner Stone LLC
,B0CBVWYMR2,1,Alimentos y Bebidas,disponible,,2025-11-03T14:43:52.081Z,2025-11-03T19:55:37.260Z,647.46,$663.80,"Eupherbia VERSAINSECT Salt, Coarse, 3.5 Oz, Rare and Premium, Natural, Unprocessed, Potassium-rich Gourmet Seasoning, Heart Friendly, Packed with Trace Minerals, Mined from Ancient Dried Seas, Kosher Certified, 100g",https://www.amazon.com.mx/dp/B0CBVWYMR2,MARVEL INC.
,B00338DPF8,1,Alimentos y Bebidas,disponible,,2025-11-03T14:43:52.081Z,2025-11-03T19:55:45.311Z,1643.21,"$1,592.74","Barilla Collezione Pasta, tres quesos Tortellini",https://www.amazon.com.mx/dp/B00338DPF8,✨Aurorix A
,B0B5VW4SJX,1,Alimentos y Bebidas,disponible,,2025-11-03T14:43:52.081Z,2025-11-03T19:55:53.670Z,1001.36,"$1,002.75","Wilde Chips Chips De Proteína Wilde, Sal Rosa Del Himalaya (Bolsas De 1.34 Onzas, Paquete De 8 Bolsas) Elaborado A Partir De Ingredientes Reales: Pechuga De Pollo, Claras De Huevo, Caldo De",https://www.amazon.com.mx/dp/B0B5VW4SJX,SRKSB LLC
,B09FH6K87M,1,Alimentos y Bebidas,disponible,,2025-11-03T14:43:52.081Z,2025-11-03T19:56:01.855Z,800.25,$812.43,"1 libra de cáscaras de maíz para tamales mexicanos (envoltorios de tamale grandes y pequeños), Hojas de Maiz para Tamal por 1400s Spices",https://www.amazon.com.mx/dp/B09FH6K87M,ProductosTX ⭐ ⭐ ⭐ ⭐ ⭐
,B08GRB525N,1,Alimentos y Bebidas,disponible,,2025-11-03T14:43:52.081Z,2025-11-03T19:56:10.589Z,1229.77,"$1,270.78",Mulino Caputo 00 Pizzeria Harina – Bolsa de 1 kilo (paquete de 4),https://www.amazon.com.mx/dp/B08GRB525N,ALTINOR
,B0D49QQZCK,1,Alimentos y Bebidas,disponible,,2025-11-03T14:43:52.082Z,2025-11-03T19:56:19.568Z,2539.6,"$2,546.11","Drink Your Meditation Adaptogen Drink - Sparkling Fruity Fun | Mora Lavanda, Rosa Fresa, Chile Mango | L-Teanina Y Ashwagandha Para Calma Y Claridad | 0 Azúcar Agregado, 0 Cafeína, 0 Alcohol",https://www.amazon.com.mx/dp/B0D49QQZCK,SELCUK LLC
,B07MNW4FBN,1,Alimentos y Bebidas,disponible,,2025-11-03T14:44:06.913Z,2025-11-03T19:56:27.551Z,643.57,$683.21,"100 % polvo de sésamo negro, sin azúcar, tostado a baja temperatura, halal, no OMG, fabricado en Taiwán 12.36 oz (350 g)",https://www.amazon.com.mx/dp/B07MNW4FBN,ProductosTX ⭐ ⭐ ⭐ ⭐ ⭐
,B0CW3KQC8S,1,Alimentos y Bebidas,disponible,,2025-11-03T14:44:06.913Z,2025-11-03T19:56:37.094Z,850.15,$859.17,"Passionbio- Bayas de saúco secas orgánicas, bolsa a granel de 1 libra, certificadas por el USDA, Sambucus nigra sin OGM, bayas de saúco enteras secas, naturales, sin azúcar agregada, sin conservantes",https://www.amazon.com.mx/dp/B0CW3KQC8S,KRONOS STORE
,B0BBKZKHP5,1,Alimentos y Bebidas,disponible,,2025-11-03T14:44:06.914Z,2025-11-03T19:56:46.354Z,702.76,$715.82,HealinGifts Jiaogulan Gynostemma Immortality Pinyin té 1 oz,https://www.amazon.com.mx/dp/B0BBKZKHP5,KRONOS STORE
,B013PCK8M4,1,Alimentos y Bebidas,disponible,,2025-11-03T14:44:06.914Z,2025-11-03T19:56:55.529Z,980.79,$981.85,"Volvic, 500 ml, 6 unidades.",https://www.amazon.com.mx/dp/B013PCK8M4,MSTZKN SHİPMENT
,B00IQBG4VE,1,Alimentos y Bebidas,disponible,,2025-11-03T14:44:06.914Z,2025-11-03T19:57:04.654Z,1370.36,"$1,370.37","Frantoi Cutrera Selezione Cutrera Aceite de Oliva Virgen Extra Extraído en Frío, Hecho en Sicilia, 24 oz",https://www.amazon.com.mx/dp/B00IQBG4VE,ONEBLOOD STORE
,B07MCSRYGP,1,Alimentos y Bebidas,disponible,,2025-11-03T14:44:06.914Z,2025-11-03T19:57:12.353Z,1473.12,"$1,511.70","Otter Kingdom Ostras ahumadas prémium en aceite de oliva puro, latas de 3 onzas (paquete de 12)",https://www.amazon.com.mx/dp/B07MCSRYGP,SRKSB LLC
,B099KRH957,1,Alimentos y Bebidas,disponible,,2025-11-03T14:44:06.914Z,2025-11-03T19:57:20.506Z,722.8,$765.44,"Haddar Pasta Orzo 100% Sémola Durum 16Oz (Paquete De 4) | ¡Gran Valor! - 4 Lbs | Excelente En Sopas, Guisos Y Ensaladas | Reemplazo De Risotto | Certificado Kosher",https://www.amazon.com.mx/dp/B099KRH957,ProductosTX ⭐ ⭐ ⭐ ⭐ ⭐
,B0DCZWTK5Q,1,Alimentos y Bebidas,disponible,,2025-11-03T14:44:06.914Z,2025-11-03T19:57:30.101Z,1468.26,"$1,468.27","TRIP Mezcla consciente, adaptógeno con gas, cóctel sin alcohol con 120 mg de citrato de magnesio, ashwagandha, mele 12 onzas líquidas (paquete de",https://www.amazon.com.mx/dp/B0DCZWTK5Q,MARVEL INC.
,B00DTDPUUU,1,Alimentos y Bebidas,disponible,,2025-11-03T14:44:06.914Z,2025-11-03T19:57:37.744Z,863.06,$870.93,Arnotts Tim Tam Original 330 g (paquete de tres) (fabricado en Australia),https://www.amazon.com.mx/dp/B00DTDPUUU,Rendomin
,B00N28MIFM,1,Alimentos y Bebidas,disponible,,2025-11-03T14:44:06.914Z,2025-11-03T19:57:46.660Z,996.03,$996.04,"DAMMANN FRERES Rooibos Citrus Tea, 24 Cristal Teabags",https://www.amazon.com.mx/dp/B00N28MIFM,Holaproducto
,B0014EW4L4,1,Alimentos y Bebidas,disponible,,2025-11-03T14:44:06.914Z,2025-11-03T19:57:55.077Z,984.82,"$1,295.95",Campbell's sopa gruesa,https://www.amazon.com.mx/dp/B0014EW4L4,ProductosTX ⭐ ⭐ ⭐ ⭐ ⭐
,B00BK80SH6,1,Alimentos y Bebidas,disponible,,2025-11-03T14:44:06.915Z,2025-11-03T19:58:03.891Z,563.21,$613.21,Barry's Restore It All Products Bolsas de té Barry's,https://www.amazon.com.mx/dp/B00BK80SH6,✨Aurorix A
,B00DF6XFYE,1,Alimentos y Bebidas,disponible,,2025-11-03T14:44:06.915Z,2025-11-03T19:58:16.541Z,1694.82,"$1,694.83",Paquete de 8 latas Skyline Chili originales de 15 onzas,https://www.amazon.com.mx/dp/B00DF6XFYE,MARVEL INC.
,B0BMW9PMN6,1,Alimentos y Bebidas,disponible,,2025-11-03T14:44:06.915Z,2025-11-03T19:58:25.128Z,931.28,$955.06,Rustic Bakery Pan Plano De Masa Fermentada Hecho A Mano - Aceite De Oliva Y Sel Gris - Galletas De Charcutería De Sal Marina - Galletas Artesanales Para Plato De Queso O Aperitivos - Fabricado En Cal,https://www.amazon.com.mx/dp/B0BMW9PMN6,Abundant Peace
,B003IT4PNS,1,Alimentos y Bebidas,disponible,,2025-11-03T14:44:06.915Z,2025-11-03T19:58:34.025Z,677.88,$677.99,"Extracto de vainilla pura de vainilla Singing Dog sin alcohol, botella de 2 onzas",https://www.amazon.com.mx/dp/B003IT4PNS,Cosmos AP LLC
,B001PNYKLG,1,Alimentos y Bebidas,disponible,,2025-11-03T14:44:06.915Z,2025-11-03T19:58:42.509Z,594.59,$594.60,"La Tourangelle, spray de aceite de pistacho asado, 5 onzas oz.",https://www.amazon.com.mx/dp/B001PNYKLG,Doraida Store
,B0849WVLTD,1,Alimentos y Bebidas,disponible,,2025-11-03T14:44:15.224Z,2025-11-03T19:58:50.873Z,857.89,$879.55,"Leche en polvo de crema de vaca roja 900 g, hecho de leche fresca, holandesa Premium, producto de Países Bajos",https://www.amazon.com.mx/dp/B0849WVLTD,ProductosTX ⭐ ⭐ ⭐ ⭐ ⭐
,B00023J0VA,1,Alimentos y Bebidas,disponible,,2025-11-03T14:44:15.224Z,2025-11-03T19:58:58.524Z,1307.62,"$1,382.01",Danesi Caffe Gold Espresso Beans 2.2 lb Bag,https://www.amazon.com.mx/dp/B00023J0VA,NEW AGE SHOPPING
,B0CQ5HQJBJ,1,Alimentos y Bebidas,disponible,,2025-11-03T14:44:15.224Z,2025-11-03T19:59:06.728Z,1001.86,"$1,009.72","Pure Food by Estée Pure Food By Estee Chips De Chocolate Recubiertos De Caramelo Arcoíris Naturales, 5 Oz (Paquete De 3) | Cosmic Brownie Sprinkles | Chocolate Vegano | Chips De Color Natura",https://www.amazon.com.mx/dp/B0CQ5HQJBJ,Rendomin
,B00QSSL0SE,1,Alimentos y Bebidas,disponible,,2025-11-03T14:44:15.224Z,2025-11-03T19:59:15.186Z,2251.11,"$2,336.83","The Governor Premium Extra Virgin Olive Oil - Lianolia sin filtrar, prensado en frío, de origen único - Peppery, Robusto, Floral, Notas afrutadas - Rico en polifenoles naturales, oleocanálisis, antioxidantes, 500 ml",https://www.amazon.com.mx/dp/B00QSSL0SE,SEONGSAN
,B078NCL3XR,1,Alimentos y Bebidas,disponible,,2025-11-03T14:44:15.224Z,2025-11-03T19:59:24.069Z,1536.36,"$1,490.85","Mary Kitchen carne de cerdo, 12 unidades (Paquete de 12)",https://www.amazon.com.mx/dp/B078NCL3XR,Rendomin
,B0DCZXW5HL,1,Alimentos y Bebidas,disponible,,2025-11-03T14:44:15.224Z,2025-11-03T19:59:32.094Z,1418.03,"$1,447.93","TRIP Mezcla consciente, adaptógeno con gas, cóctel sin alcohol con 120 mg de citrato de magnesio, ashwagandha, mel 12 onzas líquidas (paquete de",https://www.amazon.com.mx/dp/B0DCZXW5HL,Rendomin
Bebé,B06W2LFY89,1,Alimentos y Bebidas,disponible,,2025-11-03T14:44:15.224Z,2025-11-03T19:59:41.048Z,525.56,$544.10,Dongsuh Food Rooibos Roasted Barley Tea 75g (1.5 g x 50 bags),https://www.amazon.com.mx/dp/B06W2LFY89,MARVEL INC.
,B09Y2J93J1,1,Alimentos y Bebidas,disponible,,2025-11-03T14:44:15.224Z,2025-11-03T19:59:48.224Z,1433.68,"$1,443.14",MONDAY Zero Alcohol Mezcal – Un espíritu sin alcohol para los espíritus – 750 ml,https://www.amazon.com.mx/dp/B09Y2J93J1,KENYAP LLC
,B00XLJWBGI,1,Alimentos y Bebidas,disponible,,2025-11-03T14:44:15.225Z,2025-11-03T19:59:57.302Z,1530.64,"$1,597.04","Baja Precious - Aceite de almendra dulce, 1 galón",https://www.amazon.com.mx/dp/B00XLJWBGI,ProductosTX ⭐ ⭐ ⭐ ⭐ ⭐
,B00UDBFSSK,1,Alimentos y Bebidas,disponible,,2025-11-03T14:44:15.225Z,2025-11-03T20:00:06.731Z,927.63,$927.64,Bledie Lekker Biltong Chunks 8 onzas,https://www.amazon.com.mx/dp/B00UDBFSSK,MARVEL INC.
,B0C1HCXH56,1,Alimentos y Bebidas,disponible,,2025-11-03T14:44:15.225Z,2025-11-03T20:00:14.633Z,1838.84,"$1,953.51","bellacat - Olivo sintético de 5 pies, olivos Artificiales para Interiores con Tronco de Madera Natural y Hojas y Frutas realistas Árbol de Olivo Falso de 5 pies para decoración del hogar y la Oficina",https://www.amazon.com.mx/dp/B0C1HCXH56,Lumexa Online MX
,B09K4SKNXQ,1,Alimentos y Bebidas,disponible,,2025-11-03T14:44:15.225Z,2025-11-03T20:00:23.674Z,913.25,$942.36,Hakubaku - Fideos ramen auténticos (paquete de 8),https://www.amazon.com.mx/dp/B09K4SKNXQ,ProductosTX ⭐ ⭐ ⭐ ⭐ ⭐
,B001N29O5G,1,Alimentos y Bebidas,disponible,,2025-11-03T14:44:15.225Z,2025-11-03T20:00:32.510Z,892.14,$898.25,Amarena Toschi Cerezas negras italianas en jarabe 17.9 oz.,https://www.amazon.com.mx/dp/B001N29O5G,KRONOS STORE
,B00OQI8O5K,1,Alimentos y Bebidas,disponible,,2025-11-03T14:44:15.225Z,2025-11-03T20:00:40.731Z,387.05,$387.63,"Margaritaville Singles to Go Mix Variedad de bebidas, paquete de 3, fresa Daiquiri, Pina Colada, Margarita",https://www.amazon.com.mx/dp/B00OQI8O5K,KRONOS STORE
,B06X9V7YWF,1,Alimentos y Bebidas,disponible,,2025-11-03T14:44:15.225Z,2025-11-03T20:00:47.838Z,569.94,$555.44,"Nonna Pias Nonna Pia's Classic Balsámico Glaze, clásico, 1 unidad",https://www.amazon.com.mx/dp/B06X9V7YWF,KRONOS STORE
,B005VI3MY2,1,Alimentos y Bebidas,disponible,,2025-11-03T14:44:15.225Z,2025-11-03T20:00:55.978Z,1113.7,"$1,198.51",Joan of Arc Beans,https://www.amazon.com.mx/dp/B005VI3MY2,ENG DEALS LTD
,B0895XGGVT,1,Alimentos y Bebidas,disponible,,2025-11-03T14:44:27.563Z,2025-11-03T20:01:08.156Z,825.15,$984.79,"La Secchia - Vinagre Balsámico de Módena IGP ""Tres Estrellas"", Envejecido en 12 Barricas de Cerezo y Morera - Densidad Media - Botella 250 ml con Tapón Dosificador de Corcho",https://www.amazon.com.mx/dp/B0895XGGVT,Ronı
,B091V3KBC2,1,Alimentos y Bebidas,disponible,,2025-11-03T14:44:27.563Z,2025-11-03T20:01:16.736Z,628.01,$651.57,"Sal de primavera de montaña, grano grueso, para recarga y pellizco, sin toxinas, orgánica, bolsa de 7 onzas",https://www.amazon.com.mx/dp/B091V3KBC2,ProductosTX ⭐ ⭐ ⭐ ⭐ ⭐
,B0CDRLYTFR,1,Alimentos y Bebidas,disponible,,2025-11-03T14:44:27.563Z,2025-11-03T20:01:24.548Z,693.72,$693.70,"Get Well Soon Regalos para mujeres después de la cirugía, cesta de regalo para mujeres, paquete de cuidado de enfermedad para mujeres, regalo de aliento para enviar abrazos, regalo de cumpleaños para",https://www.amazon.com.mx/dp/B0CDRLYTFR,SHENDULLAR LTD
,B007I7O4NW,1,Alimentos y Bebidas,disponible,,2025-11-03T14:44:27.563Z,2025-11-03T20:01:32.895Z,1169.27,"$1,216.84",Aceite de oliva virgen extra La Española,https://www.amazon.com.mx/dp/B007I7O4NW,ProductosTX ⭐ ⭐ ⭐ ⭐ ⭐
,B08XMJSB39,1,Alimentos y Bebidas,disponible,,2025-11-03T14:44:27.563Z,2025-11-03T20:01:41.010Z,548.69,$548.67,Tian Hu Shan Flores de Guisante de Mariposa 4 Onzas,https://www.amazon.com.mx/dp/B08XMJSB39,SKY STYLE LLC
,B085D77B13,1,Alimentos y Bebidas,disponible,,2025-11-03T14:44:27.564Z,2025-11-03T20:01:49.345Z,1191.35,"$1,216.84","Strength Genesis Aceite de nuez de macadamia australiana, aceite de macadamia prensado en frío para cocinar, botella de 500 mililitros",https://www.amazon.com.mx/dp/B085D77B13,ProductosTX ⭐ ⭐ ⭐ ⭐ ⭐
,B007UH2Q12,1,Alimentos y Bebidas,disponible,,2025-11-03T14:44:27.564Z,2025-11-03T20:01:58.137Z,900.73,$934.45,La Florentine Torrone Caja surtida de 18 piezas,https://www.amazon.com.mx/dp/B007UH2Q12,PRCOM
,B00AZOEB8S,1,Alimentos y Bebidas,disponible,,2025-11-03T14:44:27.564Z,2025-11-03T20:02:07.080Z,453.93,$496.71,Edmond Fallot Dijon Mustard Fallot auténtico importado tarro tradicional mostaza 7 oz,https://www.amazon.com.mx/dp/B00AZOEB8S,ProductosTX ⭐ ⭐ ⭐ ⭐ ⭐
,B07XRW3QSG,1,Alimentos y Bebidas,disponible,,2025-11-03T14:44:27.564Z,2025-11-03T20:02:15.741Z,590.14,$590.14,Tingletouch The Advent Calendar for Couples - Daring December,https://www.amazon.com.mx/dp/B07XRW3QSG,SHENDULLAR LTD
,B0CHSB74FY,1,Alimentos y Bebidas,disponible,,2025-11-03T14:44:27.564Z,2025-11-03T20:02:24.257Z,1590.55,"$1,620.54","The Love Crate Co - Regalos de girasol para mujer, 15 cajas de regalo personalizadas para mujer. Get Well Soon - Cestas de regalo para mujeres, You Are My Sunshine regalos, paquete de cuidado para",https://www.amazon.com.mx/dp/B0CHSB74FY,HNEN
,B0009XQSAY,1,Alimentos y Bebidas,disponible,,2025-11-03T14:44:27.564Z,2025-11-03T20:02:31.626Z,1715,"$1,715.01",Swanson sopa de pollo y albóndigas,https://www.amazon.com.mx/dp/B0009XQSAY,MARVEL INC.
,B0005Z76W0,1,Alimentos y Bebidas,disponible,,2025-11-03T14:44:27.564Z,2025-11-03T20:02:39.322Z,503.12,$538.66,Salsa World Harbors Sweet 'n Sour – 16 fl oz,https://www.amazon.com.mx/dp/B0005Z76W0,Holaproducto
,B0913ND9F8,1,Alimentos y Bebidas,disponible,,2025-11-03T14:44:27.564Z,2025-11-03T20:02:47.055Z,563.37,$587.32,"AKI ORGANIC Extracto natural de vainilla en polvo fino de Aki extraído de agua en polvo para hornear, cocinar, saborizar, batidos, deliciosa vainilla en polvo en café, sin alcohol (60 g)",https://www.amazon.com.mx/dp/B0913ND9F8,ProductosTX ⭐ ⭐ ⭐ ⭐ ⭐
,B0924XPGF6,1,Alimentos y Bebidas,disponible,,2025-11-03T14:44:27.564Z,2025-11-03T20:02:55.246Z,1735.68,"$1,814.71",Rx Aceite de oliva virgen extra fenólico alto – 100% griego – Cosecha 2021/22 – Orgánico – Sin OMG – prensado en frío – acidez ultra baja (.11) – Clasificado # 1 años de vuelta en el mundo 2021 y 2022 para el aceite de oliva más saludable (por WBHEC),https://www.amazon.com.mx/dp/B0924XPGF6,NEW AGE SHOPPING
,B097CZK6Z4,1,Alimentos y Bebidas,disponible,,2025-11-03T14:44:27.565Z,2025-11-03T20:03:04.623Z,653.91,$653.92,"La Tradición Sal de Gusano de Maguey, Producto Gourmet Artesanal 100 % Oaxaqueño - 70 g",https://www.amazon.com.mx/dp/B097CZK6Z4,MARVEL INC.
,B071RSYGND,1,Alimentos y Bebidas,disponible,,2025-11-03T14:44:27.565Z,2025-11-03T20:03:12.878Z,698.64,$698.65,JusTea Purple Rain - Loose Leaf Purple Tea Tin,https://www.amazon.com.mx/dp/B071RSYGND,MARVEL INC.
,B0DT9KRSMK,1,Alimentos y Bebidas,disponible,,2025-11-03T14:44:41.586Z,2025-11-03T20:03:20.587Z,1917.05,"$1,917.06","Juego de goteros de café para verter sobre el café, juego de cafetera de goteo de mano, kit todo en uno con molinillo eléctrico, juego de goteros de café, ideal para regalo de aniversario de",https://www.amazon.com.mx/dp/B0DT9KRSMK,Binglu
,B00YR8G62W,1,Alimentos y Bebidas,disponible,,2025-11-03T14:44:41.586Z,2025-11-03T20:03:28.535Z,566.47,$566.47,"BIC Wite-Out Shake 'n Squeeze Correction Pen, 8 ml, White, 4/Pack (WOSQPP418)",https://www.amazon.com.mx/dp/B00YR8G62W,SHENDULLAR LTD
,B0FKMQBSLD,1,Automotriz y Motocicletas,disponible,,2025-11-03T14:44:49.656Z,2025-11-03T20:03:37.558Z,1017.18,"$1,040.16","Cámara de tablero de coche de 2.5 K, cámara de tablero VEEMENT para coches, cámara de tablero de coche 1440P con aplicación, cámaras de tablero WiFi con visión nocturna WDR, monitor de estacionamiento",https://www.amazon.com.mx/dp/B0FKMQBSLD,Rendosa
,B0DWF7823H,1,Automotriz y Motocicletas,disponible,,2025-11-03T14:44:49.656Z,2025-11-03T20:03:46.403Z,687.34,$868.28,"FONKEN Starlink - Mini soporte de coche para salpicadero, compatible con Starlink Mini, montaje en salpicadero",https://www.amazon.com.mx/dp/B0DWF7823H,Amazon Estados Unidos
Bebé,B0DHZ5H4BP,1,Automotriz y Motocicletas,disponible,,2025-11-03T14:44:49.656Z,2025-11-03T20:03:59.149Z,797.46,"$1,084.99","Beatoutou - Funda para asiento de coche de bebé, impermeable, para invierno, para niños, niñas, para clima frío, cálido, para bebés, mantiene a los bebés calientes y cómodos (negro)",https://www.amazon.com.mx/dp/B0DHZ5H4BP,Amazon Estados Unidos
,B0FCS9GSWC,1,Automotriz y Motocicletas,disponible,,2025-11-03T14:44:49.656Z,2025-11-03T20:04:06.947Z,1985.8,"$2,143.61","YJMOTOR - Alerón trasero para Tesla Model Y Juniper ABS 2025 2026 con ala trasera para tronco, alerón de labios trasero para Tesla Model Y Juniper Refresh accesorios exteriores para maletero (mate",https://www.amazon.com.mx/dp/B0FCS9GSWC,BROWN LEAVES LLC
,B0F7Y2ZYHD,1,Automotriz y Motocicletas,disponible,,2025-11-03T14:44:49.657Z,2025-11-03T20:04:16.630Z,670.83,$739.07,"Toretark - cepillo para polvo de limpieza de película de aceite automotriz para ventanas de coche, limpiador de parabrisas, limpiador de vidrio de visión transparente, herramienta de limpieza de",https://www.amazon.com.mx/dp/B0F7Y2ZYHD,M&H Customer Friendly Store
,B0CQYRYKR3,1,Automotriz y Motocicletas,disponible,,2025-11-03T14:44:49.657Z,2025-11-03T20:04:25.380Z,1579,"$2,316.22","Fanttik Slim V9 Mix - Aspiradora de aire portátil 4 en 1, potencia de succión de 12000 PA con visualización LED inteligente, mini teclado portátil inalámbrico para interior de coche, computadora de",https://www.amazon.com.mx/dp/B0CQYRYKR3,Calidad Premium Co. Factura tu compra
,B089N83CWF,1,Automotriz y Motocicletas,disponible,,2025-11-03T14:44:49.657Z,2025-11-03T20:04:32.785Z,3076.2,"$3,129.84","SPTA - Pulidora de búfer, pulidora orbital aleatoria de doble acción de 5 pulgadas, 125 mm, kit de detalles de coche, 4 almohadillas para orejas de pulido de 5 pulgadas y 4 almohadillas para orejas de",https://www.amazon.com.mx/dp/B089N83CWF,HNEN
,B0DSPVJYL5,1,Automotriz y Motocicletas,disponible,,2025-11-03T14:44:49.657Z,2025-11-03T20:04:40.395Z,1491.21,"$1,562.52","FormiPow Protector de parachoques trasero para Subaru Forester 2025 2026, protector de arañazos para puerta de maletero, cubierta de parachoques trasero para Subaru Forester accesorios exteriores",https://www.amazon.com.mx/dp/B0DSPVJYL5,Rendomin
,B0CQ1RCJV7,1,Automotriz y Motocicletas,disponible,,2025-11-03T14:44:49.657Z,2025-11-03T20:04:48.391Z,2081.96,"$2,219.56","HOTO Inflador de neumáticos portátil, bomba de aire eléctrica Pro para neumáticos de coche con medidor de presión digital de 120 PSI, bomba de neumáticos inalámbrica con motor de 12 V, batería de 7500",https://www.amazon.com.mx/dp/B0CQ1RCJV7,QIANTANG
,B098R1CM8F,1,Automotriz y Motocicletas,disponible,,2025-11-03T14:44:49.657Z,2025-11-03T20:04:58.116Z,890.85,"$1,567.32","M14 x 1.5 Tuercas de lengüeta de 14 x 1.5 Tuercas de espiga M14 x 1.5 Tuercas de espiga cromadas Juego de 24 con 2 llaves de enchufe hexagonales de 19 mm de alto, 14 mm x 1.5 Tuercas de rueda",https://www.amazon.com.mx/dp/B098R1CM8F,Amazon Estados Unidos
,B0C3GZR1B4,1,Automotriz y Motocicletas,disponible,,2025-11-03T14:44:49.657Z,2025-11-03T20:05:05.659Z,3440.92,"$3,727.47",EA888 - Kit de cadena de distribución de motor de repuesto para Volkswagen Tiguan Passat Jetta 1.8T 2.0T,https://www.amazon.com.mx/dp/B0C3GZR1B4,HNEN
,B07JL8YB36,1,Automotriz y Motocicletas,disponible,,2025-11-03T14:44:49.657Z,2025-11-03T20:05:14.709Z,981.12,"$1,038.49",JACO Superior Products ElitePro Medidor de presión digital de neumáticos – Precisión profesional – 200 PSI,https://www.amazon.com.mx/dp/B07JL8YB36,NEW AGE SHOPPING
,B0DS113MFZ,1,Automotriz y Motocicletas,disponible,,2025-11-03T14:44:49.658Z,2025-11-03T20:05:23.153Z,1172.31,"$1,256.39","ItranMc - Moldura de ventana para Honda CRV/CR-V 2012-2016, cinta de sellado de ventana para puerta exterior cromada, repuesto #72450-T0G-A01 72410-T0G-A01 72950-T0G-A01 72910-T0G-A01",https://www.amazon.com.mx/dp/B0DS113MFZ,Rendosa
,B0DPZGRYRT,1,Automotriz y Motocicletas,disponible,,2025-11-03T14:44:49.658Z,2025-11-03T20:05:32.125Z,1888.72,"$2,353.85",Eje trasero y tuerca para Honda Rancher 420 TRX420 FE FM TE TM FPE FPM 2007-2013 42310-HP5-600,https://www.amazon.com.mx/dp/B0DPZGRYRT,Amazon Estados Unidos
,B0C3V1C5RD,1,Automotriz y Motocicletas,disponible,,2025-11-03T14:44:49.658Z,2025-11-03T20:05:39.938Z,1342.14,"$1,877.28","Soporte de bola para enganche de remolque con gancho y pasador de 3/4 de pulgada, para camiones, SUV y coches - Soporte multifuncional 2 en 1 compatible con receptores de enganche de 2 pulgadas",https://www.amazon.com.mx/dp/B0C3V1C5RD,Amazon Estados Unidos
,B0DNSWQ8VW,1,Automotriz y Motocicletas,disponible,,2025-11-03T14:44:49.658Z,2025-11-03T20:05:48.039Z,1201.02,"$1,404.54","Bomba de aspiradora de freno para Chevy Impala 2014-2019, Malibu 2013-2015, Blazer Camaro Colorado Traverse 2019-2020, GMC Canyon Acadia, Cadillac CT6 ATS, Buick Regal Lacrosse Envision, bomba de",https://www.amazon.com.mx/dp/B0DNSWQ8VW,Amazon Estados Unidos
,B0CQ29TLD8,1,Automotriz y Motocicletas,disponible,,2025-11-03T14:45:00.052Z,2025-11-03T20:05:55.213Z,4381.9,"$4,932.57","AKWH - Lámpara de cuerpo automático PDR Tools luz LED para eliminación de abolladuras, eliminación de abolladuras, 50.000 horas de vida útil, 12 V CC",https://www.amazon.com.mx/dp/B0CQ29TLD8,Amazon Estados Unidos
,B0DSZSMX6S,1,Automotriz y Motocicletas,disponible,,2025-11-03T14:45:00.053Z,2025-11-03T20:06:03.403Z,1280.99,"$1,616.94","PowGrow - Soporte de ventosa para Starlink Mini, mini soporte Starlink para ventana de coche, techo corredizo y techo, kit de montaje de ventosa de 4.5 pulgadas con fuerte diseño de succión",https://www.amazon.com.mx/dp/B0DSZSMX6S,Lumexa Online MX
,B0F6L8P346,1,Automotriz y Motocicletas,disponible,,2025-11-03T14:45:00.053Z,2025-11-03T20:06:12.459Z,1851.6,"$1,994.75","Funda impermeable para camión de Nissan Frontier King Cab de 6 pies 1 pulgada 2004-2021, cabina de tripulación 5 pies 2004-2025, cubierta para camioneta para todo tipo de clima, cubierta resistente al",https://www.amazon.com.mx/dp/B0F6L8P346,Amazon Estados Unidos
,B0C8B75BG4,1,Automotriz y Motocicletas,disponible,,2025-11-03T14:45:00.053Z,2025-11-03T20:06:20.334Z,1326.37,"$1,437.15","Geist. Kit de restauración del volante, desengrasa y renueva el color de los volantes negros desgastados o rayados",https://www.amazon.com.mx/dp/B0C8B75BG4,NEW AGE SHOPPING
,B0DPM23R61,1,Automotriz y Motocicletas,disponible,,2025-11-03T14:45:00.053Z,2025-11-03T20:06:30.159Z,474.99,$711.26,ApplianPar - Kit de conector de fusible de batería positiva para Nissan Armada Cube GT-R Quest Sentra Titan Versa 370Z,https://www.amazon.com.mx/dp/B0DPM23R61,Amazon Estados Unidos
,B0F8ZP5KVS,1,Automotriz y Motocicletas,disponible,,2025-11-03T14:45:00.053Z,2025-11-03T20:06:37.234Z,557.88,$588.52,"GROBARPART - 2 piezas de sensor de velocidad de rueda trasera ABS conector izquierdo derecho para 07-17 ajuste para Jeep Wrangler, 08-12 ajuste para Jeep Liberty, 07-11 ajuste para Dodge Nitro, 2007",https://www.amazon.com.mx/dp/B0F8ZP5KVS,Abundant Peace
,B0DG5VT2W8,1,Automotriz y Motocicletas,disponible,,2025-11-03T14:45:00.053Z,2025-11-03T20:06:49.590Z,475.65,$475.66,"Cubierta para cabrestante, de tela Oxford 600D de alta resistencia, para cabrestante eléctrico de 850 a 15000 libras, impermeable, a prueba de polvo, resistente al sol, resistente a los rayos UV",https://www.amazon.com.mx/dp/B0DG5VT2W8,Binglu
,B0DT11GNSB,1,Automotriz y Motocicletas,disponible,,2025-11-03T14:45:00.053Z,2025-11-03T20:06:58.658Z,2768.87,"$2,909.05","Fanttik X10 Compresor de aire portátil de neumáticos cruzados, inflador de neumáticos inalámbrico de 150 PSI con visualización dual LED, adecuado para MPV, coche, bicicleta eléctrica, motocicleta",https://www.amazon.com.mx/dp/B0DT11GNSB,Mishaland Store
,B0B8YF9XXX,1,Automotriz y Motocicletas,disponible,,2025-11-03T14:45:00.053Z,2025-11-03T20:07:05.949Z,1005.48,"$1,104.89","KAWA Dash Cam 2K, cámara de salpicadero WiFi para coches 1440P con control de voz manos libres, visión nocturna, mini cámara frontal oculta, bloqueo de emergencia, grabación en bucle, monitor de",https://www.amazon.com.mx/dp/B0B8YF9XXX,DUKKI LLC
,B0D4HBQR8G,1,Automotriz y Motocicletas,disponible,,2025-11-03T14:45:00.054Z,2025-11-03T20:07:15.291Z,2290.68,"$2,603.41","GKU - Cámara delantera y trasera, 4K+1080P, WiFi de 5.8GHz y cámara de salpicadero GPS para coches, con tarjeta SD 64G, cámara de salpicadero de 1.46 pulgadas, modo de estacionamiento 24 horas,",https://www.amazon.com.mx/dp/B0D4HBQR8G,NEW AGE SHOPPING
,B0FG7ZB5NR,1,Automotriz y Motocicletas,disponible,,2025-11-03T14:45:00.054Z,2025-11-03T20:07:24.957Z,1085.76,"$1,311.29","Difusor inteligente de ambientador de coche con luz de proyección estrellada, 3 modos ajustables de aromaterapia inteligente para aceite esencial, encendido y apagado automático inteligente, 2 ml de",https://www.amazon.com.mx/dp/B0FG7ZB5NR,KARACA ST
,B08DR9ZLSZ,1,Automotriz y Motocicletas,disponible,,2025-11-03T14:45:00.054Z,2025-11-03T20:07:34.141Z,2364.76,"$2,487.14","Powerty - Funda de carga retráctil para Honda HRV 2016-2021 2022, cubierta de maletero retráctil para accesorios HR-V, funda de equipaje de carga, sin huecos",https://www.amazon.com.mx/dp/B08DR9ZLSZ,YAMANSUR
,B09TDZ6FWZ,1,Automotriz y Motocicletas,disponible,,2025-11-03T14:45:00.054Z,2025-11-03T20:07:41.442Z,794,$794.01,"70mai Hardwire Kit UP03, cámaras de tablero tipo C de 10 pies, 12 V-30 V a 5 V/2.4 A, protección de bajo voltaje 11.8 V, fuente de alimentación de vigilancia de estacionamiento de 24 horas para",https://www.amazon.com.mx/dp/B09TDZ6FWZ,KRONOS STORE
,B0BYHW3S2P,1,Automotriz y Motocicletas,disponible,,2025-11-03T14:45:00.054Z,2025-11-03T20:07:48.853Z,849.19,$908.32,"MVEQRRN - Juego de 6 brochas para detallado de coche, 2 brochas de cerdas de jabalí, 2 brochas ultrasuaves para rejilla de aire, asiento de piel, 2 brochas de detallado para interiores y exteriores",https://www.amazon.com.mx/dp/B0BYHW3S2P,NEW AGE SHOPPING
,B06XBS5SNM,1,Automotriz y Motocicletas,disponible,,2025-11-03T14:45:00.054Z,2025-11-03T20:07:58.236Z,2113.81,"$2,181.97",Acerbis 2634661009 Negro,https://www.amazon.com.mx/dp/B06XBS5SNM,FEEL EXTRA MX
,B0F58T9NVX,1,Automotriz y Motocicletas,disponible,,2025-11-03T14:45:00.054Z,2025-11-03T20:08:05.760Z,667.86,$688.97,Deep Black Pearl (LC9X/2T) - Pintura para retocar para Volkswagen-Exact Match–Chips and Nicks Kit de reparación de arañazos de pintura automotriz para Atlas/Beetle/CC/EOS/Golf/GTI/Jetta/Passat/Tiguan,https://www.amazon.com.mx/dp/B0F58T9NVX,RVDSHOP
,B0D1DVCJ1P,1,Automotriz y Motocicletas,disponible,,2025-11-03T14:45:11.847Z,2025-11-03T20:08:14.037Z,984.8,"$1,009.72","Gyeon Tire Ultimate SiO₂ Revestimiento de cerámica para neumáticos, durabilidad extrema, protección de larga duración, protección UV, acabado satinado, gel hidrófobo, sin honda, color negro profundo",https://www.amazon.com.mx/dp/B0D1DVCJ1P,CANLI TRADE
,B0DXC4T41W,1,Automotriz y Motocicletas,disponible,,2025-11-03T14:45:11.848Z,2025-11-03T20:08:22.123Z,1593.68,"$1,768.69","Ventilador de motor de ventilador de CA de repuesto para Mazda 6, CX-5, CX5 2014, 2015, 2016, 2017, 2018, 2019, 2020, 2021, motor de soplador de plástico HVAC delantero, 700332, GHR161B10, GHR161140B",https://www.amazon.com.mx/dp/B0DXC4T41W,Amazon Estados Unidos
,B009LDRO88,1,Automotriz y Motocicletas,disponible,,2025-11-03T14:45:11.848Z,2025-11-03T20:08:29.676Z,839.77,"$1,128.38",Standard Motor Products FLS-132 Sensor de nivel de líquido de cilindro maestro de freno,https://www.amazon.com.mx/dp/B009LDRO88,Marca: Standard Motor Products
,B0DMFQ4YN3,1,Automotriz y Motocicletas,disponible,,2025-11-03T14:45:11.848Z,2025-11-03T20:08:37.700Z,1139.65,"$1,139.65","FOMIUZY - Sellado para puerta y ventana, ajuste de fieltro para Honda Civic 2006, 2007, 2008, 2009, 2010, 2011, 4 puertas, sedán sustituye a 72410-SNA-A01 72450-SNA-A01 72950-SNA-A01 4444444 0-SNA-A01",https://www.amazon.com.mx/dp/B0DMFQ4YN3,SHENDULLAR LTD
,B0DZNXGSQ4,1,Automotriz y Motocicletas,disponible,,2025-11-03T14:45:11.848Z,2025-11-03T20:08:47.097Z,705.11,$714.14,Supersonic Red (3U5) - Pintura para retocar para Toyota Exact Match – Chips and Nicks Kit de reparación de arañazos para automóviles Avalon/RAV4/Camry/Corolla/Highlander/Prius/Sequoia/Sienna/Tacoma,https://www.amazon.com.mx/dp/B0DZNXGSQ4,Rendosa
,B01CK0LFME,1,Automotriz y Motocicletas,disponible,,2025-11-03T14:45:11.848Z,2025-11-03T20:08:54.703Z,3794.21,"$4,029.05",Bilstein 24249928 Amortiguador,https://www.amazon.com.mx/dp/B01CK0LFME,HNEN
,B08LKPWTWK,1,Automotriz y Motocicletas,disponible,,2025-11-03T14:45:11.848Z,2025-11-03T20:09:03.428Z,729.38,$788.69,"drtulz Bálsamo de piel para recolorante, acondicionador de piel, kit de reparación de piel para muebles de vinilo, sofá, bolso, zapatos, asientos de coche, reparación de color de cuero en sofás de cuero fundido y rayado (negro)",https://www.amazon.com.mx/dp/B08LKPWTWK,M&H Customer Friendly Store
,B0DBQSG4YD,1,Automotriz y Motocicletas,disponible,,2025-11-03T14:45:11.848Z,2025-11-03T20:09:11.052Z,1699.9,"$1,935.77","STD - Juego de pistones y anillos de pistón para motor para Hyundai Elantra 2017-2018 Veloster 2019 Kona 2018-2019 2.0L L4, reemplazar 23040-2E601 23041-2E800",https://www.amazon.com.mx/dp/B0DBQSG4YD,Amazon Estados Unidos
,B07D4NM5XM,1,Automotriz y Motocicletas,disponible,,2025-11-03T14:45:11.848Z,2025-11-03T20:09:19.054Z,1969.15,"$2,120.84","CARPRO CQUARTZ UK 3.0 - Revestimiento de cerámica para coches, nanotecnología a base de cuarzo, se adhiere a pintura, vidrio, metal y plástico - (kit de 30 ml con recarga 2.0)",https://www.amazon.com.mx/dp/B07D4NM5XM,AISHAM FOREVER
,B0D44VDDBX,1,Automotriz y Motocicletas,disponible,,2025-11-03T14:45:11.848Z,2025-11-03T20:09:26.932Z,618.87,$859.17,"LS - Bandejas y pernos de guía para elevadores GM Chevy GMC LS2 LS3 LS7 LS9 LSA 4.8L 5.3L 5.7L 6.0L 6.2L, reemplaza 12569259 12595365, juego de 4",https://www.amazon.com.mx/dp/B0D44VDDBX,Amazon Estados Unidos
,B00EO63ORW,1,Automotriz y Motocicletas,disponible,,2025-11-03T14:45:11.849Z,2025-11-03T20:09:40.582Z,773.93,$823.93,"Motorex 198463 Ready to Use M3.0 Ethylene Glycol Coolant, 1 Liter",https://www.amazon.com.mx/dp/B00EO63ORW,GUTTIDIRECT
,B07BLTQ6SS,1,Automotriz y Motocicletas,disponible,,2025-11-03T14:45:11.849Z,2025-11-03T20:09:48.504Z,3200.8,"$3,244.67",SPTA Pulidora de buffer de 180 mm. Pulidor rotativo para coche. Pulidor eléctrico RO. Almohadillas para pulido normal y automático,https://www.amazon.com.mx/dp/B07BLTQ6SS,HNEN
,B0842XK5N9,1,Automotriz y Motocicletas,disponible,,2025-11-03T14:45:11.849Z,2025-11-03T20:09:56.271Z,707.86,$772.39,"CarPlan No.1 - Cera para pulir coche, kit de sellador superbrillante, 21 onzas líquidas",https://www.amazon.com.mx/dp/B0842XK5N9,GUTTIDIRECT
,B0BLTCMZJF,1,Automotriz y Motocicletas,disponible,,2025-11-03T14:45:11.849Z,2025-11-03T20:10:04.681Z,1001.37,"$1,105.61","Rev Auto Wrap Guard – Spray profesional de protección contra envolturas, limpia, hidrata y protege la envoltura de vinilo del vehículo, spray de detalle envolvente, protector de envoltura (32 onzas",https://www.amazon.com.mx/dp/B0BLTCMZJF,NEW AGE SHOPPING
,B0D93D8NW9,1,Automotriz y Motocicletas,disponible,,2025-11-03T14:45:11.849Z,2025-11-03T20:10:12.735Z,558.79,$584.69,"Dairrr Fuuu TRX 250 - Pedal de palanca de cambios para Honda Recon 250 TRX250EX TRX250X TRX250TM TE 1997-2002, para Honda Foreman 400 TRX400 1997-2004# 24701-HM8 -B-B4 4 4701-HN6-A30",https://www.amazon.com.mx/dp/B0D93D8NW9,SRKSB LLC
,B0DQ88417H,1,Automotriz y Motocicletas,disponible,,2025-11-03T14:45:11.849Z,2025-11-03T20:10:21.166Z,2780.63,"$3,312.99","[4G+64G] Radio de coche Android para VW Jetta Passat Golf Beetle Polo Caddy Tiguan Touran para Seat Altea para Skoda con CarPlay Android Auto, visualización táctil de 7 pulgadas estéreo de coche con",https://www.amazon.com.mx/dp/B0DQ88417H,Amazon Estados Unidos
,B001H8VLFC,1,Automotriz y Motocicletas,disponible,,2025-11-03T14:45:25.373Z,2025-11-03T20:10:28.712Z,837.99,$904.00,Auto Shocker ClO2 car interior odor eliminator by Biocide Systems,https://www.amazon.com.mx/dp/B001H8VLFC,DUKKI LLC
,B0DGXQB4R2,1,Automotriz y Motocicletas,disponible,,2025-11-03T14:45:25.373Z,2025-11-03T20:10:35.937Z,880.75,"$1,289.48",ApplianPar Kit de montaje de embrague de compresor AC para Honda Civic 1.8L 4 Cyl 2006-2011,https://www.amazon.com.mx/dp/B0DGXQB4R2,Amazon Estados Unidos
,B0CCRFML7R,1,Automotriz y Motocicletas,disponible,,2025-11-03T14:45:25.373Z,2025-11-03T20:10:44.844Z,1800.21,"$2,816.76","Juego de 8 brazos de control inferior de suspensión delantera con rótula para Dodge Caliber 2009-2012, para Jeep Compass Patriot 2007-2017 con kit de suspensión de rótula K80258 EV80645 ES800408",https://www.amazon.com.mx/dp/B0CCRFML7R,Amazon Estados Unidos
,B099GGRR47,1,Automotriz y Motocicletas,disponible,,2025-11-03T14:45:25.373Z,2025-11-03T20:10:53.431Z,1085.94,"$1,184.72","Liquid Glass Ultimate Auto Pulido/acabado, aprobado y vendido por profesionales del mundo – 16 onzas líquidas",https://www.amazon.com.mx/dp/B099GGRR47,NEW AGE SHOPPING
,B0D2W1RY5M,1,Automotriz y Motocicletas,disponible,,2025-11-03T14:45:25.374Z,2025-11-03T20:11:03.017Z,865.18,"$1,384.41","Bylikeho - Elevador de tijera – Herramienta para gato de neumático de coche de 2 toneladas, kit de emergencia universal con llave de lengüeta, kit de cambio de neumáticos portátil para coche, camión,",https://www.amazon.com.mx/dp/B0D2W1RY5M,Amazon Estados Unidos
,B09Z2GNBN6,1,Automotriz y Motocicletas,disponible,,2025-11-03T14:45:25.374Z,2025-11-03T20:11:09.998Z,551.49,$551.50,"TYMXGHF Funda para volante de 15 pulgadas, transpirable, suave y cómodo agarre protector para coche, camión, SUV",https://www.amazon.com.mx/dp/B09Z2GNBN6,Corner Stone LLC
,B00X4N3SLI,1,Automotriz y Motocicletas,disponible,,2025-11-03T14:45:25.374Z,2025-11-03T20:11:18.684Z,578.98,$629.04,(2 Pack) Petrol Gel Food Grade Equipment LubricantNSF (2/4 oz. Tube),https://www.amazon.com.mx/dp/B00X4N3SLI,DUKKI LLC
,B0DG846ND6,1,Automotriz y Motocicletas,disponible,,2025-11-03T14:45:25.374Z,2025-11-03T20:11:27.325Z,544.39,$535.06,Micro interruptor táctil D2HW-BL251H apto para Chevrolet Malibu,https://www.amazon.com.mx/dp/B0DG846ND6,HNEN
,B0CNKTY4YY,1,Automotriz y Motocicletas,disponible,,2025-11-03T14:45:25.374Z,2025-11-03T20:11:35.633Z,1027.32,"$1,060.06","Gyeon Quartz Q²M Silk Dryer EVO – Toalla de microfibra coreana – Bordes con bandas de seda – Altamente absorbente, doble cara, segura para pintura, suministros de limpieza de coche, complemento",https://www.amazon.com.mx/dp/B0CNKTY4YY,DUKKI LLC
,B0DXDBYMNB,1,Automotriz y Motocicletas,disponible,,2025-11-03T14:45:25.374Z,2025-11-03T20:11:45.440Z,1730.06,"$1,773.72","Alfombrillas de coche para Toyota RAV4: 2025 2024 2023 2022 2021 2020 2019, revestimientos de piso para todo tipo de clima, ajuste personalizado para accesorios Toyota RAV 4",https://www.amazon.com.mx/dp/B0DXDBYMNB,MARVEL INC.
,B088N7BT5X,1,Automotriz y Motocicletas,disponible,,2025-11-03T14:45:25.374Z,2025-11-03T20:11:53.200Z,2578.98,"$2,722.55","YOLANDO - Kit de escape personalizado de acero suave de 2 pulgadas, tubo de calibre 16, tubo de curvatura de mandril recto y en U, universal, 8 unidades",https://www.amazon.com.mx/dp/B088N7BT5X,Luxury Best Store
,B0C4Y498W6,1,Automotriz y Motocicletas,disponible,,2025-11-03T14:45:25.374Z,2025-11-03T20:12:02.519Z,3089.46,"$3,458.02","AutoQi para Toyota RAV4 2019-2025, caja de almacenamiento oculta, organizador de escotilla trasera con inserto de SUV, espacio adicional para RAV4 LE XLE XSE TRD Hybrid Under Cargo Floor Accesorios de",https://www.amazon.com.mx/dp/B0C4Y498W6,FUEM LLC
,B08HMJVZX1,1,Automotriz y Motocicletas,disponible,,2025-11-03T14:45:25.374Z,2025-11-03T20:12:11.334Z,510.63,$638.63,"ESreake - 2 espejos de punto ciego convexo grande no ajustables, 3.75 pulgadas, espejo retrovisor convexo redondo grande, espejo calcomanía fuerte para coche, furgoneta, SUV y camiones (95 mm), sin marco)",https://www.amazon.com.mx/dp/B08HMJVZX1,Amazon Estados Unidos
,B0D9P6Q92X,1,Automotriz y Motocicletas,disponible,,2025-11-03T14:45:25.375Z,2025-11-03T20:12:18.050Z,1736.09,"$1,874.88","Blycorul - Funda de Carga para Maletero Chevy Equinox GMC Terrain 2018-2024, Accesorios de Coche, visualización de Seguridad retráctil antimiradores, visualización de privacidad con Textura de Fibra",https://www.amazon.com.mx/dp/B0D9P6Q92X,HNEN
,B093387JMW,1,Automotriz y Motocicletas,disponible,,2025-11-03T14:45:25.375Z,2025-11-03T20:12:31.061Z,463.61,$538.18,"3M VHB - almohadillas para orejas adhesivas redondas de doble cara – Paquete de 4 cintas adhesivas de montaje de 3.15 y 0.95 pulgadas para soporte de teléfono, soporte magnético para coche, soporte",https://www.amazon.com.mx/dp/B093387JMW,Amazon Estados Unidos
Bebé,B0BHH5FTN3,1,Automotriz y Motocicletas,disponible,,2025-11-03T14:45:25.375Z,2025-11-03T20:12:39.350Z,1642.75,"$1,813.75","LUCKVIEW Cámara De Coche para Bebé Bm1, Monitor De Espejo De 5'' 1080P con Visión Nocturna por Infrarrojos, Zoom 3X Más Cercano, Vista Totalmente Nítida para El Asiento Trasero Orientado hacia Atrás,",https://www.amazon.com.mx/dp/B0BHH5FTN3,NEW AGE SHOPPING
,B0BL76LDF6,1,Automotriz y Motocicletas,disponible,,2025-11-03T14:45:36.736Z,2025-11-03T20:12:49.048Z,1972.07,"$2,374.23","Eje trasero izquierdo/derecho CV para Honda TRX 250 Fourtrax Recon 1997 1998 1999 2000 2001 2002-2009 2011-2014 2016-2020, reemplazo para 42311-HM8-0000",https://www.amazon.com.mx/dp/B0BL76LDF6,Amazon Estados Unidos
,B0DSZYVDY8,1,Automotriz y Motocicletas,disponible,,2025-11-03T14:45:36.736Z,2025-11-03T20:12:55.695Z,1368.05,"$1,568.76","700249 - Conjunto de motor de ventilador HVAC con jaula de ventilador para Toyota 2009-2018 Corolla (solo para aire acondicionado automático), apto para Prius 2010-2015, apto para Prius V 2012-2017",https://www.amazon.com.mx/dp/B0DSZYVDY8,Amazon Estados Unidos
Bebé,B0CHYF33KL,1,Automotriz y Motocicletas,disponible,,2025-11-03T14:45:36.736Z,2025-11-03T20:13:03.900Z,790.96,$808.83,"AJsupojouet - Juego de 3 piezas de juguetes esenciales para recién nacidos de alto contraste con juguetes colgantes, sonajero móvil para cuna, libro de bebé y carriola de coche para 0-3-6-12 meses de",https://www.amazon.com.mx/dp/B0CHYF33KL,Rendosa
,B0D1XQGZ46,1,Automotriz y Motocicletas,disponible,,2025-11-03T14:45:36.736Z,2025-11-03T20:13:13.114Z,3084.06,"$3,402.65","Fuluku [8 Core 4+64GB para Honda CRV 2007-2011 Wireless Carplay Radio de Coche con Android Auto, 9'' Pantalla táctil Car Stereo GPS WiFi Bluetooth, 32EQ DSP FM RDS SWC Mic Cámara de Seguridad",https://www.amazon.com.mx/dp/B0D1XQGZ46,Living Storers
,B0BQX4HWLC,1,Automotriz y Motocicletas,disponible,,2025-11-03T14:45:36.737Z,2025-11-03T20:13:21.381Z,1020,"$1,294.03","CARPRO Darkside - Sellador de neumáticos y goma, hidrofóbico y autolimpiante, brillo negro satinado, protección UV, revive la goma opaca desteñida, listo para usar, litro (34 onzas)",https://www.amazon.com.mx/dp/B0BQX4HWLC,Detailstock
,B0C36GM2V2,1,Automotriz y Motocicletas,disponible,,2025-11-03T14:45:36.737Z,2025-11-03T20:13:28.864Z,1934.5,"$2,027.59","Brazo de control inferior delantero con conjunto de rótula para Scion xD 2008-2014, Toyota Prius C 2012-2019, Toyota Yaris 2007-2019, kit de suspensión K620572 K620573",https://www.amazon.com.mx/dp/B0C36GM2V2,Luxury Best Store
,B0DDH9XVHK,1,Automotriz y Motocicletas,disponible,,2025-11-03T14:45:36.737Z,2025-11-03T20:13:36.326Z,2581.33,"$2,696.66","UPLUS U1 - Batería para cortacésped EBU1-4-P, 12 V, 25 Ah, tractores de jardín, baterías AGM, sin mantenimiento, apto para John Deere, Cub Cadet, Husqvarna, Craftsman, Toro, Ariens y Troy-Bilt",https://www.amazon.com.mx/dp/B0DDH9XVHK,Luxury Best Store
,B07VV78RZ1,1,Automotriz y Motocicletas,disponible,,2025-11-03T14:45:36.737Z,2025-11-03T20:13:45.181Z,978.1,"$1,038.49",JACO ElitePro Medidor de presión digital de neumáticos – Precisión profesional – 100 PSI,https://www.amazon.com.mx/dp/B07VV78RZ1,NEW AGE SHOPPING
,B0BF4WCZ8Q,1,Automotriz y Motocicletas,disponible,,2025-11-03T14:45:36.737Z,2025-11-03T20:13:52.597Z,2754.56,"$3,151.41",Grabadora de conducción retrovisor P12 Pro 4k,https://www.amazon.com.mx/dp/B0BF4WCZ8Q,New Shire LLC
,B0BVLS12TW,1,Automotriz y Motocicletas,disponible,,2025-11-03T14:45:36.737Z,2025-11-03T20:14:01.346Z,1475.37,"$1,721.22","HAFIDI - Forro de carga para todo tipo de clima para Honda HR-V 2023-2025 2026/HR-V Hybrid 2023-2025 2026 - Accesorios de alfombrilla de maletero de automóvil para automóvil, color negro",https://www.amazon.com.mx/dp/B0BVLS12TW,Amazon Estados Unidos
,B0CP4WQM2D,1,Automotriz y Motocicletas,disponible,,2025-11-03T14:45:36.737Z,2025-11-03T20:14:09.123Z,937.31,$937.32,Tapa de puerta del depósito de gasolina para Volkswagen Jetta 2011-2018 reemplaza la tapa del depósito de combustible 5C6809857A,https://www.amazon.com.mx/dp/B0CP4WQM2D,MYSILKROAD LLC
,B0C8HTT3RD,1,Automotriz y Motocicletas,disponible,,2025-11-03T14:45:36.737Z,2025-11-03T20:14:18.272Z,758.74,$814.58,Varilla de ajuste del acelerador para juntas Dodge P-Pump 1994-1998 | para Dodge Ram 2500 1994-1998 | para Dodge Ram 3500 1994-1998 | para Dodge Cummins P7100,https://www.amazon.com.mx/dp/B0C8HTT3RD,Abundant Peace
,B0DHGXNZXM,1,Automotriz y Motocicletas,disponible,,2025-11-03T14:45:36.737Z,2025-11-03T20:14:26.342Z,1439.19,"$1,518.41","ELECFRESH Organizador de consola central debajo de la visualización para accesorios Tesla Cybertruck 2024, bandeja oculta para tablero de instrumentos para Cybertruck (A)",https://www.amazon.com.mx/dp/B0DHGXNZXM,MYSILKROAD LLC
,B0CBV154W1,1,Automotriz y Motocicletas,disponible,,2025-11-03T14:45:36.738Z,2025-11-03T20:14:35.517Z,1415.47,"$1,537.35","GKU - Cámara de salpicadero 4K frontal y trasera WiFi con tarjeta SD de 64 GB, cámara dual para salpicadero con monitor de estacionamiento, visión nocturna, WDR, gran angular de 170°, sensor G,",https://www.amazon.com.mx/dp/B0CBV154W1,BROWN LEAVES LLC
,B082SR1R2R,1,Automotriz y Motocicletas,disponible,,2025-11-03T14:45:36.738Z,2025-11-03T20:14:44.563Z,1406.41,"$1,465.43",HVAC 3946686 - Motor de ventilador con jaula de ventilador para Volvo Truck VN VNL VHD VNM VT,https://www.amazon.com.mx/dp/B082SR1R2R,STOREARENS
,B09FTDNP5J,1,Automotriz y Motocicletas,disponible,,2025-11-03T14:45:36.738Z,2025-11-03T20:14:53.249Z,444.31,$486.88,"Pureflow - Ambientador de aire con filtro de cabina con eliminador de olores, se adapta a la mayoría de filtros de aire de cabina de coches, camiones y SUV, coche nuevo (paquete de 1)",https://www.amazon.com.mx/dp/B09FTDNP5J,DUKKI LLC
,B087RVFWB1,1,Automotriz y Motocicletas,disponible,,2025-11-03T14:45:48.489Z,2025-11-03T20:15:01.017Z,823.77,$888.90,GlueTread External Tire Patch Kit for Tubeless Tires | No Need to Remove Tire | Kit Includes Enough Material to Patch 4 Tires | ATV Tire Repair Kit UTV Tire Repair Kit for Off-road Vehicles,https://www.amazon.com.mx/dp/B087RVFWB1,DUKKI LLC
,B0DXMKHKZ7,1,Automotriz y Motocicletas,disponible,,2025-11-03T14:45:48.489Z,2025-11-03T20:15:10.219Z,1491.58,"$1,543.10","Difusor inteligente de aroma de aromaterapia atomizador para coche, aleación de aluminio inalámbrica, apagado automático con sensor de movimiento, difusor inalámbrico de bajo ruido (fragancia incluida",https://www.amazon.com.mx/dp/B0DXMKHKZ7,Rendosa
,B083LLCZ58,1,Automotriz y Motocicletas,disponible,,2025-11-03T14:45:48.489Z,2025-11-03T20:15:22.620Z,702.98,$788.69,"Bálsamo de piel café oscuro, kit de reparación de piel para muebles, removedor de arañazos de piel, restaurador de color de piel para sofá, asientos de coche, zapatos, reparación de tinte de piel para",https://www.amazon.com.mx/dp/B083LLCZ58,M&H Customer Friendly Store
,B0BX61X939,1,Automotriz y Motocicletas,disponible,,2025-11-03T14:45:48.489Z,2025-11-03T20:15:32.334Z,392.45,$769.51,NV4500 Kit de espaciador de torre de cambio para Dodge GM 5 velocidades transmisiones con 4 pernos,https://www.amazon.com.mx/dp/B0BX61X939,Amazon Estados Unidos
,B0D41GZKW5,1,Automotriz y Motocicletas,disponible,,2025-11-03T14:45:48.490Z,2025-11-03T20:15:39.340Z,524.75,$538.18,"Onarieer - Grasa dieléctrica de 5 onzas para conectores eléctricos, grasa de silicona con un cepillo para polvo, pasta de silicona para automóvil, bujía, anillos tóricos, marinos, protección de",https://www.amazon.com.mx/dp/B0D41GZKW5,M&H Customer Friendly Store
,B0CSJSSTVM,1,Automotriz y Motocicletas,disponible,,2025-11-03T14:45:48.490Z,2025-11-03T20:15:48.627Z,4546.36,"$4,730.48","Forlevlaep - Brazo de control delantero inferior con rótula para Ford Fusion 2013 2014 2015 2020 para Lincoln MKZ 2013 2020 para Ford Police Responder Hybrid 2019 2020 K623001, K623000",https://www.amazon.com.mx/dp/B0CSJSSTVM,BROWN LEAVES LLC
,B0D4F12QNG,1,Automotriz y Motocicletas,disponible,,2025-11-03T14:45:48.490Z,2025-11-03T20:15:56.805Z,734.65,$776.95,Kit de enlace fusible para Nissan Pathfinder D21 Pickup Hardbody B4022-84M60 24022-01G00,https://www.amazon.com.mx/dp/B0D4F12QNG,Abundant Peace
,B0CKWWH51K,1,Automotriz y Motocicletas,disponible,,2025-11-03T14:45:48.490Z,2025-11-03T20:16:04.526Z,3060.35,"$3,739.46","Brazo de control inferior delantero + rótula para Ford Taurus 3.0L 1998-2007, Mercury Sable 1998-2005, Sway Bae + barra de acoplamiento, izquierda y derecha, 10 piezas Kit de suspensión K80411 K80412",https://www.amazon.com.mx/dp/B0CKWWH51K,Amazon Estados Unidos
,B079YKZGY1,1,Automotriz y Motocicletas,disponible,,2025-11-03T14:45:48.490Z,2025-11-03T20:16:12.714Z,1541.66,"$1,701.32",ProACT ACT1679 juego de pastillas de freno,https://www.amazon.com.mx/dp/B079YKZGY1,Amazon Estados Unidos
,B00MLG4CX2,1,Automotriz y Motocicletas,disponible,,2025-11-03T14:45:48.490Z,2025-11-03T20:16:20.578Z,1078.49,"$1,105.61",CarPro Reset - Intensive Car Shampoo 1 Liter by CarPro,https://www.amazon.com.mx/dp/B00MLG4CX2,NEW AGE SHOPPING
,B003PODJ1A,1,Automotriz y Motocicletas,disponible,,2025-11-03T14:45:48.490Z,2025-11-03T20:16:27.973Z,2730.18,"$2,983.37","Load Adjusting 58646 Amortiguador, color Amarillo, Mediano",https://www.amazon.com.mx/dp/B003PODJ1A,Amazon Estados Unidos
,B0BGV4STT8,1,Automotriz y Motocicletas,disponible,,2025-11-03T14:45:48.490Z,2025-11-03T20:16:35.522Z,1030.63,"$1,105.61","2 botellas de purga de filtro DPF: la forma más económica de limpiar y proteger tu filtro de partículas diesel, aditivo diesel, alto rendimiento ayuda a la regeneración sin montaje, 500 ml, 16.9 onzas",https://www.amazon.com.mx/dp/B0BGV4STT8,Abundant Peace
,B08TTJ5WHD,1,Automotriz y Motocicletas,disponible,,2025-11-03T14:45:48.490Z,2025-11-03T20:16:44.935Z,1399.48,"$1,503.31","Walker Products 250-241208 Sensor de O2, (ajuste directo de 4 W), 1 paquete",https://www.amazon.com.mx/dp/B08TTJ5WHD,NEW AGE SHOPPING
,B07TVN22LP,1,Automotriz y Motocicletas,disponible,,2025-11-03T14:45:48.490Z,2025-11-03T20:16:53.950Z,524.09,$548.58,"Ximimark - Módulo de alarma de timbre activo para coche inteligente arduino, 6 unidades",https://www.amazon.com.mx/dp/B07TVN22LP,NEW AGE SHOPPING
,B083HVVPY4,1,Automotriz y Motocicletas,disponible,,2025-11-03T14:45:48.490Z,2025-11-03T20:17:02.659Z,894.63,"$1,131.50",Dekalaii 700289 HVAC - Conjunto de motor de soplador para Mazda CX-9 2007 2008 2009 2010 2011 2012 2013 2014 2015,https://www.amazon.com.mx/dp/B083HVVPY4,Amazon Estados Unidos
,B0D6B667VX,1,Automotriz y Motocicletas,disponible,,2025-11-03T14:45:48.491Z,2025-11-03T20:17:09.509Z,500.96,$538.18,"CANEROCar Air Freshener Hanging Diffuser, Cute Car Essentials For Women & Men, Car Accessories Deodorizer & Perfume Scent For Auto & Home, Long Lasting Fragrance Oil (Vanilla Cream)",https://www.amazon.com.mx/dp/B0D6B667VX,GUTTIDIRECT
,B07TSM5C7Q,1,Automotriz y Motocicletas,disponible,,2025-11-03T14:46:00.325Z,2025-11-03T20:17:18.867Z,871.36,$915.03,5012699AA Resistencia de motor de soplador HVAC para Grand Cherokee WJ 4.0L L6 4.7L V8 1999-2004 con control automático de temperatura # RU-358,https://www.amazon.com.mx/dp/B07TSM5C7Q,NEW AGE SHOPPING
,B07ZT78BYP,1,Automotriz y Motocicletas,disponible,,2025-11-03T14:46:00.326Z,2025-11-03T20:17:28.289Z,2477.05,"$2,729.02","1080P FHD - Cámara de Tablero de Instrumentos con GPS integrada, grabadora de cámara Frontal e Interior para Coche con visión Nocturna infrarroja, 4 ledes IR, Sensor G, grabación en Bucle (D30)",https://www.amazon.com.mx/dp/B07ZT78BYP,Living Storers
,B0CQ7NGBBR,1,Automotriz y Motocicletas,disponible,,2025-11-03T14:46:00.326Z,2025-11-03T20:17:36.596Z,4274.53,"$4,404.45","SEHNSUCHT - Amortiguador delantero completo compatible con Ford Five Hundred FWD 2005-2007, para Mercury Montego FWD 2005-2007, par de amortiguadores de puntal hidráulico Negro Modern de alta calidad",https://www.amazon.com.mx/dp/B0CQ7NGBBR,Amazon Estados Unidos
,B09BMYRQP2,1,Automotriz y Motocicletas,disponible,,2025-11-03T14:46:00.326Z,2025-11-03T20:17:44.211Z,878.87,"$1,166.26",Ecarzo - Protector de parachoques trasero para 2025 2024 2023 2022 2021 Bronco Sport Accessories recortar Cover resistente a los arañazos (no para Bronco Sport Big Bend/Badlands),https://www.amazon.com.mx/dp/B09BMYRQP2,Amazon Estados Unidos
,B0BQM7HM4F,1,Automotriz y Motocicletas,disponible,,2025-11-03T14:46:00.326Z,2025-11-03T20:17:53.141Z,1810.32,"$1,968.62","Fexhull 600-908 4WD - Motor de caja de transferencia para Chevrolet Silverado Suburban Tahoe Sierra 1500 Yukon XL apto para Hummer H2 Ram 1500 2500 3500 4500 5500 19168728,88984528 68089746AA",https://www.amazon.com.mx/dp/B0BQM7HM4F,NEW AGE SHOPPING
,B0CPWFC147,1,Automotriz y Motocicletas,disponible,,2025-11-03T14:46:00.326Z,2025-11-03T20:18:00.746Z,1090.47,"$1,141.57","FiveFox - Funda impermeable para Jeep Wrangler 2 puertas 1987-2024, protección mejorada al aire última intervensión completa para lluvia, nieve, granizo",https://www.amazon.com.mx/dp/B0CPWFC147,HNEN
,B07PRBJTFT,1,Automotriz y Motocicletas,disponible,,2025-11-03T14:46:00.326Z,2025-11-03T20:18:14.013Z,655.61,$663.80,"Coolpow - Paquete de 2 Soportes magnéticos para teléfono para Coche, imán súper Fuerte, con 4 Placas de Metal, Soporte magnético para iPhone para teléfono Celular,",https://www.amazon.com.mx/dp/B07PRBJTFT,Abundant Peace
,B015HURK64,1,Automotriz y Motocicletas,disponible,,2025-11-03T14:46:00.326Z,2025-11-03T20:18:22.869Z,816.93,$862.53,JACO elitepro – Medidor de presión de los neumáticos 60 PSI,https://www.amazon.com.mx/dp/B015HURK64,GUTTIDIRECT
,B09F1GW1VG,1,Automotriz y Motocicletas,disponible,,2025-11-03T14:46:00.326Z,2025-11-03T20:18:31.708Z,692,$728.76,"Turtle Wax 53759 Hybrid Solutions Limpiador de ruedas y removedor de hierro, eliminación rápida de contaminantes superficiales, polvo de frenos y óxido, seguro para toda la pintura de vehículos,",https://www.amazon.com.mx/dp/B09F1GW1VG,DS STOREE
,B0CFW259GW,1,Automotriz y Motocicletas,disponible,,2025-11-03T14:46:00.327Z,2025-11-03T20:18:39.575Z,531.64,$885.54,National 711033 Sello diferencial de piñón,https://www.amazon.com.mx/dp/B0CFW259GW,Marca: National
,B0CQTSHW9Y,1,Automotriz y Motocicletas,disponible,,2025-11-03T14:46:00.327Z,2025-11-03T20:18:47.298Z,995,"$1,242.01","KOCHCHEMIE Gummifix - Limpiador de interiores de goma y plástico, antideslizante, no graso (1 litro)",https://www.amazon.com.mx/dp/B0CQTSHW9Y,GRUPO DERZU
,B01CY8XB74,1,Automotriz y Motocicletas,disponible,,2025-11-03T14:46:00.327Z,2025-11-03T20:18:55.591Z,927,$989.34,"A/C sistemas Leak Stop Detiene refrigerante Gas fugas hasta 0,3 mm errecom",https://www.amazon.com.mx/dp/B01CY8XB74,Abundant Peace
,B00CEF65T4,1,Automotriz y Motocicletas,disponible,,2025-11-03T14:46:00.327Z,2025-11-03T20:19:04.753Z,1251.63,"$1,315.85","Tef-gel TG-02 (2oz Tub) the corrosion eliminator and lubricant, prevents rust, seizing, gulling, and corrosion. Tef Gel is a food grade PTFE based lubricant that won’t wash out in salt water. NSN 8030014504009",https://www.amazon.com.mx/dp/B00CEF65T4,NEW AGE SHOPPING
,B0D2KXVZNC,1,Automotriz y Motocicletas,disponible,,2025-11-03T14:46:00.327Z,2025-11-03T20:19:13.931Z,4328.55,"$5,765.13","Tiezful - Brazo de control delantero inferior para Nissan Pathfinder, 2013-2019 2014-2019 para Infiniti QX60, 2013 JX35 Kit de suspensión con rótulas K623063 K750094 K750095 K623064 ES8 6655 ES801266",https://www.amazon.com.mx/dp/B0D2KXVZNC,Amazon Estados Unidos
,B0BGRYTNY3,1,Automotriz y Motocicletas,disponible,,2025-11-03T14:46:00.327Z,2025-11-03T20:19:22.008Z,929.51,$929.52,ApplianPar Terminal positivo de fusible de batería para Nissan Altima Maxima Murano Pathfinder 24380-3JA1A,https://www.amazon.com.mx/dp/B0BGRYTNY3,KRONOS STORE
,B008Y8W8S2,1,Automotriz y Motocicletas,disponible,,2025-11-03T14:46:00.327Z,2025-11-03T20:19:29.596Z,704.98,"$1,075.16",GM Genuine Parts 12479020 - Junta de cubierta del eje trasero,https://www.amazon.com.mx/dp/B008Y8W8S2,Amazon Estados Unidos
,B09VGY2GFR,1,Automotriz y Motocicletas,disponible,,2025-11-03T14:46:14.124Z,2025-11-03T20:19:38.034Z,1433.14,"$1,468.07",Paquete de 4 gomas de montaje de motor para Yamaha WaveRunner 1100 1000 FX FZR FZS GP1300R GP1800R FX140 VX Deluxe VXR VXS HO SHO Cruiser VX Sport Cruiser 67X-44517-10-00 67X-44517-00-5B 67-5B 67 X-455111 7-10-94,https://www.amazon.com.mx/dp/B09VGY2GFR,ONEBLOOD STORE
,B0DCNQLBZM,1,Automotriz y Motocicletas,disponible,,2025-11-03T14:46:14.125Z,2025-11-03T20:19:46.177Z,890.85,"$1,487.49","Kit de línea de refrigerante turbo para lado del pasajero y lado del conductor 926-186, 926-187 para Ford F150, Expedition, Transit 150/250/350 HD, Lincoln Navigator",https://www.amazon.com.mx/dp/B0DCNQLBZM,Amazon Estados Unidos
,B0BRXJVLNB,1,Automotriz y Motocicletas,disponible,,2025-11-03T14:46:14.125Z,2025-11-03T20:19:54.638Z,759.37,$765.77,"TACORBO - Bandeja organizadora de consola central para Nissan Pathfinder 2022 2023 2024 2025 accesorio, bandeja de almacenamiento para reposabrazos interior, color negro",https://www.amazon.com.mx/dp/B0BRXJVLNB,NEW AGE SHOPPING
,B0CBX4DXJD,1,Automotriz y Motocicletas,disponible,,2025-11-03T14:46:14.125Z,2025-11-03T20:20:03.338Z,1448.66,"$1,543.10","JOYING Cámara Frontal para Coche y Cámara de Seguridad 1080P Dash CAM 125° de Ancho, 2 Millones de Pixeles, Visión Nocturna, WDR, IP68K Nivel Impermeable(AR-FR)",https://www.amazon.com.mx/dp/B0CBX4DXJD,Mishaland Store
,B0CNWBQ7Z3,1,Automotriz y Motocicletas,disponible,,2025-11-03T14:46:14.125Z,2025-11-03T20:20:10.944Z,1960.65,"$2,844.33","Juego de ejes CV delantero izquierdo lado del conductor para 2009-2014 para Yamaha Grizzly 550, 2007-2013 para Yamaha Grizzly 700, 2017-2020 para Yamaha Kodiak 700, 2016 para Yamaha Kodiak 700K, 2",https://www.amazon.com.mx/dp/B0CNWBQ7Z3,Amazon Estados Unidos
,B09KHMFWMC,1,Automotriz y Motocicletas,disponible,,2025-11-03T14:46:14.125Z,2025-11-03T20:20:18.289Z,943.12,$943.13,"Turtle Wax 53758 Pro Pure Wash - Extreme Foaming Car Wash Formula, 64 FL Oz.",https://www.amazon.com.mx/dp/B09KHMFWMC,HNEN
,B01ETWXEWA,1,Automotriz y Motocicletas,disponible,,2025-11-03T14:46:14.125Z,2025-11-03T20:20:25.759Z,1180.65,"$1,258.79",JACO FlowPro - Inflador digital de neumáticos con manómetro - 200 PSI,https://www.amazon.com.mx/dp/B01ETWXEWA,GUTTIDIRECT
,B09BBDZ8MH,1,Automotriz y Motocicletas,disponible,,2025-11-03T14:46:14.125Z,2025-11-03T20:20:34.565Z,558.42,$663.80,EZ Pass - Funda + soporte con ventosas superfuertes. Aspecto compacto totalmente negro dentro y fuera de tu parabrisas para tu E-Z Pass e I-Pass,https://www.amazon.com.mx/dp/B09BBDZ8MH,DUKKI LLC
,B07X5N24PM,1,Automotriz y Motocicletas,disponible,,2025-11-03T14:46:14.125Z,2025-11-03T20:20:42.599Z,612.38,$653.49,"Adam's Limpiador de ruedas y neumáticos de 16 onzas, limpiador profesional todo en uno de neumáticos y ruedas para lavado de automóviles, spray de limpieza para detalles de automóviles, seguro en la",https://www.amazon.com.mx/dp/B07X5N24PM,Holaproducto
,B0BZW1KCZJ,1,Automotriz y Motocicletas,disponible,,2025-11-03T14:46:14.125Z,2025-11-03T20:20:50.179Z,1065.83,"$1,065.81",ApplianPar - Bloque de fusibles de batería para Mazda 3 2014-2018 Mazda 6 2014-2021 CX5 2013-2024,https://www.amazon.com.mx/dp/B0BZW1KCZJ,KRONOS STORE
,B09QQ5SM51,1,Automotriz y Motocicletas,disponible,,2025-11-03T14:46:14.126Z,2025-11-03T20:21:03.167Z,1845.64,"$2,296.08",Carburador compatible con carburador Weber 38/38 de 2 barriles Weber 38/38 DGV DGAS DGES Kit de reconstrucción de carburadores para Toyota Fiat Renault Ford VW Dodge Pickup BMW Daewoo Mitsubishi,https://www.amazon.com.mx/dp/B09QQ5SM51,Amazon Estados Unidos
,B0CWLJ8KFL,1,Automotriz y Motocicletas,disponible,,2025-11-03T14:46:14.126Z,2025-11-03T20:21:11.796Z,563.91,$708.39,"NuIth - Kit de tablero de radio DIN doble para Toyota Corolla 2009-2013, soporte de carcasa de doble DIN para montaje de radio, kit de montaje de bisel de instalación estéreo del mercado de accesorios",https://www.amazon.com.mx/dp/B0CWLJ8KFL,Amazon Estados Unidos
,B0DLSZF9JN,1,Automotriz y Motocicletas,disponible,,2025-11-03T14:46:14.126Z,2025-11-03T20:21:19.296Z,637.78,$688.73,Piñón delantero de cadena 40 41 420 10 dientes 5/8 pulgadas de diámetro 3/16 pulgadas de chaveta para Coleman KT196 CT200U BT200X CT200U-EX 200cc martillo cabeza de lodo 80T mini bicicleta Go Kart,https://www.amazon.com.mx/dp/B0DLSZF9JN,Rendosa
,B0CWRZ7QFH,1,Automotriz y Motocicletas,disponible,,2025-11-03T14:46:14.126Z,2025-11-03T20:21:27.158Z,3749.6,"$3,948.02","HAFIDI® Juego de alfombrillas y forro de carga para Volkswagen Atlas Cross Sport 2020-2024, 2025, protección para todo tipo de clima, TPE antideslizante, juego completo de revestimientos de piso para",https://www.amazon.com.mx/dp/B0CWRZ7QFH,HNEN
,B0D8VSGYJD,1,Automotriz y Motocicletas,disponible,,2025-11-03T14:46:14.126Z,2025-11-03T20:21:36.609Z,534.45,$764.24,"LANDSIN Cable de batería positiva - Compatible con Chevrolet Suburban, Tahoe, Silverado 1500, 2500, 3500, GMC Yukon XL, Sierra 1500, 2500, Cadillac Escalade ESV",https://www.amazon.com.mx/dp/B0D8VSGYJD,Amazon Estados Unidos
,B0C4KC3RMQ,1,Automotriz y Motocicletas,disponible,,2025-11-03T14:46:14.126Z,2025-11-03T20:21:44.354Z,1275.54,"$1,331.67",Hihaha 45020-38-1 450201211 / interruptor de encendido y interior con soporte 2 llaves para Toyota Corolla 1998-2002 para Toyota RAV4 1998-2000 / metal / 1 juego/tono plateado,https://www.amazon.com.mx/dp/B0C4KC3RMQ,MYSILKROAD LLC
,B0C7QY4KB9,1,Automotriz y Motocicletas,disponible,,2025-11-03T14:46:25.284Z,2025-11-03T20:21:52.180Z,890.85,$940.20,"Pelsee - Kit de cable duro para cámara de salpicadero tipo C, juego completo de fusibles, 12 V-24 V a 5 V, kit de cable de cargador de coche, protección de baja tensión, indicador LED, cable de",https://www.amazon.com.mx/dp/B0C7QY4KB9,Amazon Estados Unidos
,B0CLGD3T13,1,Automotriz y Motocicletas,disponible,,2025-11-03T14:46:25.284Z,2025-11-03T20:22:01.107Z,2122.53,"$2,195.39","Kit de suspensión de brazos de control superior delantero para Honda Civic 1996 1997 1998 1999 2000 con rótulas inferiores, varillas de unión interiores exteriores",https://www.amazon.com.mx/dp/B0CLGD3T13,ElBazarMexicano
,B0DD3SK55T,1,Automotriz y Motocicletas,disponible,,2025-11-03T14:46:25.285Z,2025-11-03T20:22:09.992Z,2697.59,"$3,473.84",RILONH - Convertidor catalítico 16490 16491 para Ford Edge Flex Fusion Taurus X 3.5L | para Lincoln MKS MKX MKZ 3.5L 3.7L | para Mazda 6 CX-9 3.5L 3.7L | para Mercury Sable 3.5L | 16490 16491 | EPA |,https://www.amazon.com.mx/dp/B0DD3SK55T,Amazon Estados Unidos
,B007FFSFBY,1,Automotriz y Motocicletas,disponible,,2025-11-03T14:46:25.285Z,2025-11-03T20:22:17.339Z,4839.68,"$5,014.07","Mitutoyo 64PKA079 Soporte magnético con indicador de esfera, viaje de 1 pulgada, graduación de 0.000 pulgadas",https://www.amazon.com.mx/dp/B007FFSFBY,GUTTIDIRECT
,B0DF6Q39WD,1,Automotriz y Motocicletas,disponible,,2025-11-03T14:46:25.285Z,2025-11-03T20:22:24.583Z,665.01,$688.97,"3M-4 tiras de borde de puerta de coche, protector de entrada, calcomanía/protector de 3M-PPF(película de protección de pintura), transparente (transparente), antiarañazos, ajuste universal para la",https://www.amazon.com.mx/dp/B0DF6Q39WD,Abundant Peace
,B0BNM7B1W9,1,Automotriz y Motocicletas,disponible,,2025-11-03T14:46:25.285Z,2025-11-03T20:22:33.224Z,857.07,$862.53,"KEWISAUTO Protector de parachoques trasero para Bronco Sport 2021-2024, TPE Protector de parachoques trasero para portón trasero para Ford Bronco Sport 2021 2022 2023 2024 Accesorios",https://www.amazon.com.mx/dp/B0BNM7B1W9,Boon Shopping
,B0DQJ9Z4FY,1,Automotriz y Motocicletas,disponible,,2025-11-03T14:46:25.285Z,2025-11-03T20:22:42.363Z,919.01,$901.12,"Juborre - Soporte para teléfono de coche para Rogue Sentra Altima 2021-2025 con visualización de 8 pulgadas, manos libres",https://www.amazon.com.mx/dp/B0DQJ9Z4FY,MSTZKN SHİPMENT
,B004WO171G,1,Automotriz y Motocicletas,disponible,,2025-11-03T14:46:25.285Z,2025-11-03T20:22:50.587Z,2311.17,"$2,812.44",Bilstein 33-187501 5100 Series Amortiguador,https://www.amazon.com.mx/dp/B004WO171G,Amazon Estados Unidos
,B0CDH5GMMP,1,Automotriz y Motocicletas,disponible,,2025-11-03T14:46:25.285Z,2025-11-03T20:22:59.416Z,785.62,"$1,053.11","Válvula variable de motor de admisión y escape (VVT) solenoide apto para Hyundai Santa Fe Sonata Tucson Kia Forte Optima Sorento Sportage 2.0L 2.4L, control de aceite VVT válvula reemplazo#",https://www.amazon.com.mx/dp/B0CDH5GMMP,Amazon Estados Unidos
,B01CK0LG8M,1,Automotriz y Motocicletas,disponible,,2025-11-03T14:46:25.285Z,2025-11-03T20:23:07.749Z,2926.78,"$3,063.68","Bilstein 33-247717 5100 Series - Amortiguador trasero derecho para Tacoma 1996 2004 - Se adapta a vehículos con elevación trasera de 1 a 1.5 pulgadas, se requiere bloque de elevación mínimo de 1",https://www.amazon.com.mx/dp/B01CK0LG8M,GUTTIDIRECT
,B086S26S1L,1,Automotriz y Motocicletas,disponible,,2025-11-03T14:46:25.285Z,2025-11-03T20:23:16.933Z,1079.59,"$1,160.03","AKMOTOR - Tapete para salpicadero, compatible con Cadillac Escalade ESV EXT, híbrido sin recorte, para altavoces, salpicadero, protector de alfombras, color negro J18",https://www.amazon.com.mx/dp/B086S26S1L,NEW AGE SHOPPING
,B0DK1H6R76,1,Automotriz y Motocicletas,disponible,,2025-11-03T14:46:25.285Z,2025-11-03T20:23:24.831Z,1130.56,"$1,191.43","RX WELD - Herramienta de purga de nitrógeno, herramienta de regulación de nitrógeno de Hvac, reguladores de nitrógeno, latón duradero, rojo",https://www.amazon.com.mx/dp/B0DK1H6R76,Amazon Estados Unidos
,B0CWH91LHK,1,Automotriz y Motocicletas,disponible,,2025-11-03T14:46:25.286Z,2025-11-03T20:23:32.298Z,1134.36,"$1,340.06","Kit de montaje de embrague de compresor A/C, bobina de rodamiento de polea de placa 1542 de repuesto para Dodge Challenger 2011-2014 6CYL 3.6L, kit de reparación de automóviles de compresor de aire",https://www.amazon.com.mx/dp/B0CWH91LHK,Amazon Estados Unidos
,B0CCZXLXBK,1,Automotriz y Motocicletas,disponible,,2025-11-03T14:46:25.286Z,2025-11-03T20:23:40.404Z,1274.36,"$1,342.46","4 protectores de lluvia para ventanas, deflector de viento para Honda CR-V (CRV) SUV 2012-2016, viseras de ventilación delantera y trasera, protección de ventilación de montaje exterior 2013 2014 2015",https://www.amazon.com.mx/dp/B0CCZXLXBK,NEW AGE SHOPPING
,B0DGXZD4NB,1,Automotriz y Motocicletas,disponible,,2025-11-03T14:46:25.286Z,2025-11-03T20:23:55.015Z,1719,"$2,060.19",ApplianPar - Kit de 4 sensores de posición del árbol de levas e imán ajustador para CL550 CLK350 CLK550 CLS550 C230 C280 C300 C350 E350 E550 G550 GL550 GLK350 ML350 R350 R35S400 S550 SL550 SLK280,https://www.amazon.com.mx/dp/B0DGXZD4NB,Amazon Estados Unidos
,B0CKVV9RLG,1,Automotriz y Motocicletas,disponible,,2025-11-03T14:46:25.286Z,2025-11-03T20:24:03.099Z,1382.03,"$1,432.11",Estator 420 W para Can-am Outlander Max 330 400 450 500 570 650 800 Renegade 500 570 650 800 850 1000 1000R 420296907 420684850000,https://www.amazon.com.mx/dp/B0CKVV9RLG,MYSILKROAD LLC
,B0CRV11QST,1,Automotriz y Motocicletas,disponible,,2025-11-03T14:46:34.899Z,2025-11-03T20:24:12.415Z,637.25,$638.63,"Llavero de repuesto para coche Chevy Equinox 2010-2017, Chevrolet Sonic/GMC Terrain (OHT01060512), mando a distancia sin llave (juego de 1)",https://www.amazon.com.mx/dp/B0CRV11QST,SRKSB LLC
Bebé,B0C532HX6H,1,Automotriz y Motocicletas,disponible,,2025-11-03T14:46:34.899Z,2025-11-03T20:24:21.434Z,596.92,$596.93,"Juguetes de plumas cálidas para bebé, juguete de silicona con ventosa para silla alta, juguetes sensoriales para bebés de 6 a 12 meses, juguete Montessori para 1 año",https://www.amazon.com.mx/dp/B0C532HX6H,Corner Stone LLC
,B0DS2T39ZV,1,Automotriz y Motocicletas,disponible,,2025-11-03T14:46:34.900Z,2025-11-03T20:24:30.465Z,755.28,$764.24,"Gen2Magic - Kit de bolígrafo de pintura para retocar blanco alpino para BMW [capa transparente incluida], 300 colores para arañazos, chips de roca, abolladuras de parachoques, fácil reparación de",https://www.amazon.com.mx/dp/B0DS2T39ZV,KRONOS STORE
,B0BJ7S4ZBB,1,Automotriz y Motocicletas,disponible,,2025-11-03T14:46:34.900Z,2025-11-03T20:24:40.193Z,942.33,"$1,014.51","Fabricado en los Estados Unidos, herramienta de extracción de embrague primario resistente para Can Am Commander/HD7/Maverick/Trail/Defender/X3/Turbo/Sport/Canam/HD9 reemplaza 529-000-064 PCP-15",https://www.amazon.com.mx/dp/B0BJ7S4ZBB,DUKKI LLC
,B09FJGJ6RR,1,Automotriz y Motocicletas,disponible,,2025-11-03T14:46:34.900Z,2025-11-03T20:24:50.074Z,3145.4,"$3,778.05","6DCT250 DPS6 PS250 - Kit de palanca de liberación de embrague para Ford Focus 2011-up/Fiesta 2012-up/B-MAX/EcoSport/Focus, herramienta de comprobación de horquilla de embrague doble OE# CA6Z7515K",https://www.amazon.com.mx/dp/B09FJGJ6RR,Amazon Estados Unidos
,B0B286C48R,1,Automotriz y Motocicletas,disponible,,2025-11-03T14:46:34.900Z,2025-11-03T20:24:57.165Z,480.29,$487.84,"RETRUE - Bloqueo de acoplamiento de lengüeta para remolque, bloqueo de enganche de remolque, diámetro de 1/4 pulgadas, 3/4 pulgadas para acoplador de remolque, barco, RV, camión, automóvil, negro",https://www.amazon.com.mx/dp/B0B286C48R,SRKSB LLC
,B0BKKKXVZM,1,Automotriz y Motocicletas,disponible,,2025-11-03T14:46:34.900Z,2025-11-03T20:25:04.857Z,1261.6,"$1,468.31","Brazo de control superior delantero con rótula para Hyundai Azera 2006-2011, para Hyundai Sonata 06-10, para Kia Amanti 2007 2008 2009 Kit de suspensión lateral del pasajero y del conductor K621229",https://www.amazon.com.mx/dp/B0BKKKXVZM,Amazon Estados Unidos
,B08CZJRGSD,1,Automotriz y Motocicletas,disponible,,2025-11-03T14:46:34.900Z,2025-11-03T20:25:12.131Z,3132.14,"$3,428.06",615-178 Colector de admisión superior de repuesto para Fo-rd Crown Victoria Mus-tang Thunderbird Lincoln Town Car Grand Marquis 4.6L V8 SOHC 1996-2000 F8AZ9424CA F8AZ9424BC,https://www.amazon.com.mx/dp/B08CZJRGSD,STOR UYAR
,B0D925RKP6,1,Automotriz y Motocicletas,disponible,,2025-11-03T14:46:34.900Z,2025-11-03T20:25:20.159Z,1157.62,"$1,189.75",XIKOBY Fourtrax 300 - Kit de cable de choque de carburador para Rancher 350 TRX350 TRX300 1987-2000 ATV 4 ruedas Quad 1997-2004 Foreman 400 450 TRX350TE TRX350TM con aire Filtro PartPartPartPart,https://www.amazon.com.mx/dp/B0D925RKP6,M&H Customer Friendly Store
,B0CTKKNLWZ,1,Automotriz y Motocicletas,disponible,,2025-11-03T14:46:34.900Z,2025-11-03T20:25:28.676Z,529.58,$688.97,"NuIth - Arnés de cables de arranque automático para Chevy Equinox Malibu Cruze/Cadillac CT6 XT5 XT6/Buick Enclave Encore 2016-2018 Chevy Equinox Malibu Cruze/Cadillac CT6 XT5 XT6/Buick Enclave, cable",https://www.amazon.com.mx/dp/B0CTKKNLWZ,Amazon Estados Unidos
,B0DP4MNL6S,1,Automotriz y Motocicletas,disponible,,2025-11-03T14:46:34.900Z,2025-11-03T20:25:36.394Z,600.04,$638.63,"Zupooko Kit de reparación de parabrisas, 4 piezas de kit de reparación de vidrio para automóvil, reparación rápida para chips y grietas, kit de reparación de grietas para parabrisas, kit de vidrio",https://www.amazon.com.mx/dp/B0DP4MNL6S,Abundant Peace
,B0BMNPDB4Z,1,Automotriz y Motocicletas,disponible,,2025-11-03T14:46:34.900Z,2025-11-03T20:25:45.975Z,318.53,$457.63,5439731 Buje de dirección superior para Polaris Sportsman 300 400 500 600 700 800 RZR 570 800 Ranger XP 500 570 700 800 1000 2001-2021,https://www.amazon.com.mx/dp/B0BMNPDB4Z,Amazon Estados Unidos
,B0CX918H2X,1,Automotriz y Motocicletas,disponible,,2025-11-03T14:46:34.901Z,2025-11-03T20:25:54.231Z,2987.13,"$3,544.80",ApplianPar - Diferencial trasero con engranaje de transmisión final para Honda Rancher 420 Foreman 500 2017 2018 2019,https://www.amazon.com.mx/dp/B0CX918H2X,Amazon Estados Unidos
,B004WO12LQ,1,Automotriz y Motocicletas,disponible,,2025-11-03T14:46:34.901Z,2025-11-03T20:26:01.838Z,2966.11,"$3,098.44",Bilstein 24-185943 Amortiguador de brazo largo de 5.5 pulgadas para Jeep TJ,https://www.amazon.com.mx/dp/B004WO12LQ,GUTTIDIRECT
,B09GFPKKX8,1,Automotriz y Motocicletas,disponible,,2025-11-03T14:46:34.901Z,2025-11-03T20:26:10.536Z,1379.13,"$1,499.71","iZEEKER - Cámara de tablero de 3 canales delantera y trasera interior, 2K individual, 1080P triple Dash para coches con tarjeta MicroSD, visión nocturna infrarroja para taxista, registro de",https://www.amazon.com.mx/dp/B09GFPKKX8,GUTTIDIRECT
,B084RK7NT9,1,Automotriz y Motocicletas,disponible,,2025-11-03T14:46:34.901Z,2025-11-03T20:26:19.705Z,829.03,$840.23,Adam's Polishes Pro - Aplicador de agarre hexagonal para neumáticos (paquete de 3) - Herramienta de esponja de espuma para detalles de automóviles | Suministros de limpieza de automóviles después del,https://www.amazon.com.mx/dp/B084RK7NT9,PRCOM
,B0BLH9LX4P,1,Automotriz y Motocicletas,disponible,,2025-11-03T14:46:47.619Z,2025-11-03T20:26:27.327Z,907.29,"$1,010.44","Cámara de salpicadero Full HD 1080P para coches, Diamond Lark Dash Cam frontal con tarjeta SD 32G, visualización LCD de 3 pulgadas, gran angular de 170°, cámara de salpicadero con grabación en bucle,",https://www.amazon.com.mx/dp/B0BLH9LX4P,Rendomin
,B0CTC38VFT,1,Automotriz y Motocicletas,disponible,,2025-11-03T14:46:47.619Z,2025-11-03T20:26:36.577Z,2172.11,"$2,603.41","Miofive - Cámara de coche 4K, WiFi, Bluetooth, GPS, IPS 3 pulgadas, visión nocturna, grabación en bucle, HDR, control por aplicación, hasta 512 GB",https://www.amazon.com.mx/dp/B0CTC38VFT,Ottoman Oasis
,B0DF1RRT3N,1,Automotriz y Motocicletas,disponible,,2025-11-03T14:46:47.620Z,2025-11-03T20:26:50.911Z,2668.64,"$3,195.28","AutoChat - Cables de puente resistentes, calibre 0 de 30 pies y 1000 amperios para batería de coche, para batería de coche, SUV y camiones, con funda de transporte, guantes, cepillos",https://www.amazon.com.mx/dp/B0DF1RRT3N,Uğurlu STORE
,B0D6G32HGR,1,Automotriz y Motocicletas,disponible,,2025-11-03T14:46:47.620Z,2025-11-03T20:26:58.789Z,4407.6,"$5,059.38","Fundas de asiento para Toyota Tacoma: juego completo 2024-2025 para Toyota Tacoma Truck Double Crew Cab Semi-personalizadas Fundas de asiento de coche de piel sintética para automóviles (5 asientos,",https://www.amazon.com.mx/dp/B0D6G32HGR,Old Fashioned Store
,B000C2YD04,1,Automotriz y Motocicletas,disponible,,2025-11-03T14:46:47.620Z,2025-11-03T20:27:07.433Z,703.48,$985.03,Gates K080830 Micro-V Serpentine Correa de transmisión,https://www.amazon.com.mx/dp/B000C2YD04,Amazon Estados Unidos
,B09HH5L434,1,Automotriz y Motocicletas,disponible,,2025-11-03T14:46:47.620Z,2025-11-03T20:27:15.649Z,794.57,$887.46,"FLYLEAD Cargador de Coche USB C de 60 W súper rápido PD&QC3.0 con Cable en Espiral de 30 W Tipo C, Adaptador de Cargador de teléfono para iPhone 15 Pro MAX Plus, Samsung Galaxy S24/S23/S22, Google",https://www.amazon.com.mx/dp/B09HH5L434,Maviburada
,B08LCH7SXK,1,Automotriz y Motocicletas,disponible,,2025-11-03T14:46:47.620Z,2025-11-03T20:27:22.735Z,1158.26,"$1,168.17","Tapete de cubierta para salpicadero, ajuste personalizado para Nissan Pathfinder D21 Hardbody Pickup Truck 1986-1993, protector de alfombra para salpicadero (gris oscuro) F77",https://www.amazon.com.mx/dp/B08LCH7SXK,NEW AGE SHOPPING
,B009FU6R8U,1,Automotriz y Motocicletas,disponible,,2025-11-03T14:46:47.620Z,2025-11-03T20:27:30.507Z,2461.28,"$2,561.21","Bilstein 24-186933 Serie 4600 Amortiguador trasero para Tahoe Yukon 2007 2014 - Diseño monotubo, rendimiento sin decoloración, seguridad mejorada",https://www.amazon.com.mx/dp/B009FU6R8U,GUTTIDIRECT
,B0BR3ZST98,1,Automotriz y Motocicletas,disponible,,2025-11-03T14:46:47.620Z,2025-11-03T20:27:37.570Z,1443.77,"$2,013.68",ACDelco 12686890 - Placa flexible de transmisión automática original de GM Parts,https://www.amazon.com.mx/dp/B0BR3ZST98,Amazon Estados Unidos
,B009FU6TJW,1,Automotriz y Motocicletas,disponible,,2025-11-03T14:46:47.620Z,2025-11-03T20:27:44.501Z,2822.34,"$2,938.06",Bilstein (24-146708) Serie 5100 Amortiguador,https://www.amazon.com.mx/dp/B009FU6TJW,HNEN
,B0CMHJXPN9,1,Automotriz y Motocicletas,disponible,,2025-11-03T14:46:47.620Z,2025-11-03T20:27:51.626Z,3475.2,"$4,172.40","WAYIDSS - Alfombrillas de piso y maletero para Chevrolet Tahoe 2021-2024 2025 (solo para 7 asientos) con asientos de cubeta de segunda fila/GMC Yukon (no apto XL), protección para todo tipo de clima",https://www.amazon.com.mx/dp/B0CMHJXPN9,EcoNova Market
,B0BR4Q7BV4,1,Automotriz y Motocicletas,disponible,,2025-11-03T14:46:47.621Z,2025-11-03T20:27:59.856Z,775.7,$789.41,"Antena de goma para Nissan Juke (2011-2017) Radio Recepción Premium – 7 pulgadas a prueba de lavado de coche, reemplazo interno de mástil de antena de bobina de cobre",https://www.amazon.com.mx/dp/B0BR4Q7BV4,Amazon Estados Unidos
,B09J1XMQVB,1,Automotriz y Motocicletas,disponible,,2025-11-03T14:46:47.621Z,2025-11-03T20:28:07.320Z,1642.18,"$1,995.22",LEIMO KPARTS - 21-5419 Bomba de dirección asistida para Honda CRV 2002-2011 2006 2007 Honda Accord 2006-2011 Element 2002-2006 Acura TSX 2006-2008 Acura RSX,https://www.amazon.com.mx/dp/B09J1XMQVB,Amazon Estados Unidos
,B01JBK2OJO,1,Automotriz y Motocicletas,disponible,,2025-11-03T14:46:47.621Z,2025-11-03T20:28:14.426Z,1899.37,"$3,429.73",Astro Pneumatic Tool 78825 Kit adaptador de extracción e instalador de rodamientos de tracción de rueda delantera maestra de 25 piezas con perno de transmisión de grado 8,https://www.amazon.com.mx/dp/B01JBK2OJO,Amazon Estados Unidos
,B07RJ2R6BN,1,Automotriz y Motocicletas,disponible,,2025-11-03T14:46:47.621Z,2025-11-03T20:28:22.048Z,933.38,$988.14,JACO Superior Products Super Impulse JACO Elite Medidor de presión digital de neumáticos – precisión profesional – 100 PSI,https://www.amazon.com.mx/dp/B07RJ2R6BN,Kelev 24
,B003YOF98W,1,Automotriz y Motocicletas,disponible,,2025-11-03T14:46:47.621Z,2025-11-03T20:28:30.027Z,4468.3,"$5,328.35","GM Parts EP1028 - Bomba de combustible de alta presión con sello, retenedor, junta y tornillo",https://www.amazon.com.mx/dp/B003YOF98W,Amazon Estados Unidos
,B07DDDDSK9,1,Automotriz y Motocicletas,disponible,,2025-11-03T14:46:59.696Z,2025-11-03T20:28:37.362Z,989.27,$989.28,"TOPDON AB101 - Probador de batería de coche de 12 V en sistemas de carga de arranque, analizador de alternador automotriz de 100-2000 CCA para coches/todoterrenos/camiones ligeros con tipos de gel AGM inundados",https://www.amazon.com.mx/dp/B07DDDDSK9,KRONOS STORE
,B07WZQ7H4K,1,Automotriz y Motocicletas,disponible,,2025-11-03T14:46:59.696Z,2025-11-03T20:28:45.950Z,1231.74,"$1,436.91","R2X Racing - Terminales de batería remotos para Coche, Barco, ATV - Kit de reubicación de batería con Soporte de Montaje de Acero Resistente",https://www.amazon.com.mx/dp/B07WZQ7H4K,Amazon Estados Unidos
,B09WXLRPCW,1,Automotriz y Motocicletas,disponible,,2025-11-03T14:46:59.696Z,2025-11-03T20:28:54.266Z,614.89,$638.63,"Funda para volante de noche estrellada, antideslizante, duradera, universal, 15 pulgadas",https://www.amazon.com.mx/dp/B09WXLRPCW,Abundant Peace
,B0B9ZSS6CL,1,Automotriz y Motocicletas,disponible,,2025-11-03T14:46:59.696Z,2025-11-03T20:29:01.456Z,862.37,$925.10,"AtomLube Grasa multiusos, paquete de 2 tubos de 14 onzas, lubricante multifunción, grasa automotriz y grasa marina para accesorios de barco, camiones y rodamientos de rueda",https://www.amazon.com.mx/dp/B0B9ZSS6CL,RVDSHOP
,B07R38MKBP,1,Automotriz y Motocicletas,disponible,,2025-11-03T14:46:59.697Z,2025-11-03T20:29:10.224Z,890.85,"$1,134.38","Pastillas de freno para Can-Am Outlander 450 500 570 650 800R 850 1000,2013-2024 Outlander 1000/1000 Max/1000R Max,17-2024 450/570/850&Max,13 -23 6 50 Max, Renegade 570,3 Juego de pastillas de freno",https://www.amazon.com.mx/dp/B07R38MKBP,Amazon Estados Unidos
,B07BH4Z3CN,1,Automotriz y Motocicletas,disponible,,2025-11-03T14:46:59.697Z,2025-11-03T20:29:17.052Z,477.05,$712.94,Mástil de antena de 6.34 pulgadas para Ford F-150 (1997-2004) – Antena corta alta durabilidad – Antena de radio a prueba de lavado de coche para FM AM – Diseño negro resistente – Accesorios Ford F-150,https://www.amazon.com.mx/dp/B07BH4Z3CN,Amazon Estados Unidos
,B0BZCRWPM4,1,Automotriz y Motocicletas,disponible,,2025-11-03T14:46:59.697Z,2025-11-03T20:29:30.120Z,757.13,"$1,015.47","Lavales - Altavoz Bluetooth 5.3 para coche, kit de altavoz Bluetooth inalámbrico manos libres para teléfono celular, compatible con asistente de voz Siri y Google, encendido automático, kit de audio",https://www.amazon.com.mx/dp/B0BZCRWPM4,Amazon Estados Unidos
,B0CW9SNBQT,1,Automotriz y Motocicletas,disponible,,2025-11-03T14:46:59.697Z,2025-11-03T20:29:39.725Z,2752.72,"$3,172.99","THUNDERMINGO - Carburador de 2 barriles para carburador modelo Holley 94 para camiones Ford 1932-1953 motores V8 de cabeza plana, 2 barriles de carburador manual/mecánico",https://www.amazon.com.mx/dp/B0CW9SNBQT,Amazon Estados Unidos
,B0CDR8HCSK,1,Automotriz y Motocicletas,disponible,,2025-11-03T14:46:59.697Z,2025-11-03T20:29:47.040Z,1183.22,"$1,457.28","Ventilador de motor de ventilador de CA para Ford F150 F-150 2009-2014, Ford Expedition, 2009-2017 Lincoln Navigator, reemplazo del motor del ventilador del calentador HVAC, 700237, CL1Z19805A",https://www.amazon.com.mx/dp/B0CDR8HCSK,Amazon Estados Unidos
,B09TVLXXS9,1,Automotriz y Motocicletas,disponible,,2025-11-03T14:46:59.697Z,2025-11-03T20:29:55.076Z,1591.48,"$2,083.92",THUNDERMINGO - Carburador de 1 barril para Ford Bronco Fairmont Granada Econoline 1965-1985 Ford F100 F150 F250 F350 4.9L 300 Cu 4.1L 250 Cu 3.3L 200 Cu Motor YF Carter tipo automático ChoChoChoCho,https://www.amazon.com.mx/dp/B09TVLXXS9,Amazon Estados Unidos
,B0BVG4Q51L,1,Automotriz y Motocicletas,disponible,,2025-11-03T14:46:59.697Z,2025-11-03T20:30:02.115Z,776.52,"$1,038.01",Arokzn - Cámara de respaldo de repuesto para Ford Edge 2011 2012 2013 2014 2015 Lincoln MKX 2011 2012 2013 Cámara de asistencia de estacionamiento de marcha atrás reemplaza # BT4Z-19G490-B,https://www.amazon.com.mx/dp/B0BVG4Q51L,Amazon Estados Unidos
,B09PG199RD,1,Automotriz y Motocicletas,disponible,,2025-11-03T14:46:59.697Z,2025-11-03T20:30:11.138Z,442.83,$452.84,"2 cubiertas de tubo de enganche de remolque de 1.25 pulgadas, tapas de tapón de goma de 1 1/4 pulgadas, cubiertas de enganche de remolque resistentes para receptores de 1.25 pulgadas, clase 1 2 I, Ford, Jeep, Dodge, Nissan, Audi, Porsche, Polaris ATV UTV",https://www.amazon.com.mx/dp/B09PG199RD,Rendosa
,B07DVCBNGR,1,Automotriz y Motocicletas,disponible,,2025-11-03T14:46:59.697Z,2025-11-03T20:30:19.184Z,981.56,"$1,040.64","Backup Camera Front View Camera Lastbus Waterproof Night Vision Rear View camera with Metal Shell, 18 Infrared LEDs and 4 Pin GX12-4 Connector for RV Camper Truck Trailer Bus Van and Others",https://www.amazon.com.mx/dp/B07DVCBNGR,Abundant Peace
,B0CC1FLWXP,1,Automotriz y Motocicletas,disponible,,2025-11-03T14:46:59.698Z,2025-11-03T20:30:28.483Z,2398.52,"$2,908.09","Compresor de aire portátil DENVIX inflador de neumáticos, compresor de aire inalámbrico de inflado más rápido, bomba de aire eléctrica para neumáticos de automóvil con capacidad de batería de 15000",https://www.amazon.com.mx/dp/B0CC1FLWXP,Amazon Estados Unidos
,B00UJV3E12,1,Automotriz y Motocicletas,disponible,,2025-11-03T14:46:59.698Z,2025-11-03T20:30:36.386Z,1706.37,"$2,064.98","Foxwell Nt301 Check Engine Light Obd2 Scanner,Can Obdii Eobd Diagnostic Car Fault Code Reader,Read and Clear Codes Scan Tool by Foxwell",https://www.amazon.com.mx/dp/B00UJV3E12,LUNARO LLC
,B0010G0HP6,1,Automotriz y Motocicletas,disponible,,2025-11-03T14:46:59.698Z,2025-11-03T20:30:43.366Z,3532,"$5,430.71",GM Genuine Parts 172-2287 (89047727) - Pinza de freno de disco delantero del lado del conductor,https://www.amazon.com.mx/dp/B0010G0HP6,Marca: GM GENUINE PARTS
,B0BW8GW454,1,Automotriz y Motocicletas,disponible,,2025-11-03T14:47:12.350Z,2025-11-03T20:30:51.274Z,1792.4,"$2,053.96","Correas de amarre de coche para remolques, paquete de 4 unidades de 2 x 96 pulgadas con correa de neumático de carga de trabajo segura de 3 libras, correas ajustables con ganchos a presión (verde)",https://www.amazon.com.mx/dp/B0BW8GW454,Bedos Store
,B0B1WJ3W5X,1,Automotriz y Motocicletas,disponible,,2025-11-03T14:47:12.350Z,2025-11-03T20:30:58.692Z,625.76,$625.77,"Qidoe - Salida USB de 12 V doble 18 W de carga rápida 3.0 puerto y 20 W PD 12 V USB C cargador de coche con voltímetro e interruptor de alimentación, adaptador de puerto USB múltiple impermeable para coche, barco, camión, golf, RV",https://www.amazon.com.mx/dp/B0B1WJ3W5X,Corner Stone LLC
,B06XS4WDNM,1,Automotriz y Motocicletas,disponible,,2025-11-03T14:47:12.350Z,2025-11-03T20:31:06.606Z,2193,"$3,076.86","Hubcaps.com - Tapacubos plateados de alta calidad de 16 pulgadas para Ford Van, construcción resistente de una sola pieza (juego de 4)",https://www.amazon.com.mx/dp/B06XS4WDNM,Marca: Hubcaps.com
,B004MNKM9A,1,Automotriz y Motocicletas,disponible,,2025-11-03T14:47:12.350Z,2025-11-03T20:31:15.392Z,828.49,$828.50,California Custom Purple Metal Polish 12 oz,https://www.amazon.com.mx/dp/B004MNKM9A,Chapultepec Shop's
,B000C2W84C,1,Automotriz y Motocicletas,disponible,,2025-11-03T14:47:12.350Z,2025-11-03T20:31:23.352Z,858.24,"$1,385.61",Gates 42005 Bomba de agua de motor premium,https://www.amazon.com.mx/dp/B000C2W84C,Amazon Estados Unidos
,B07VVJVCRJ,1,Automotriz y Motocicletas,disponible,,2025-11-03T14:47:12.350Z,2025-11-03T20:31:30.722Z,1871.65,"$2,081.29",AQIMY - Respaldo corto de pasajero para Harley Sportster XL 883 1200 2004-2017,https://www.amazon.com.mx/dp/B07VVJVCRJ,F4ST ORCHESTRA
,B077KFS21T,1,Automotriz y Motocicletas,disponible,,2025-11-03T14:47:12.351Z,2025-11-03T20:31:39.419Z,626.14,$626.64,"Adam's Polishes Ultra Foam Shampoo de 16 onzas – Nuestra fórmula de champú para coche más Sudsy nunca – Fórmula de pH neutro para una limpieza segura, sin manchas, fórmula ultra resbaladiza, no raya",https://www.amazon.com.mx/dp/B077KFS21T,HNEN
,B09SJTDX46,1,Automotriz y Motocicletas,disponible,,2025-11-03T14:47:12.351Z,2025-11-03T20:31:47.637Z,702.16,$914.07,CR2025 2025 Compatible con Mercedes BENZ MB Remote Key Fob Battery Replacement Original OEM (Paquete con destornillador EDC) para 1999-2015 Smart Keyless Remote FCC ID: IYZ-3312 IYZ3312 IYZDC y P/N:,https://www.amazon.com.mx/dp/B09SJTDX46,Amazon Estados Unidos
,B0CSFDBRB1,1,Automotriz y Motocicletas,disponible,,2025-11-03T14:47:12.351Z,2025-11-03T20:31:55.578Z,890.85,"$1,265.26","WIKIBB - Soporte para bebidas de aluminio y acero inoxidable para Chevy/GMC C/K 10/20/30 (73-87/91), portavasos extraíble negro con espacio de almacenamiento adicional",https://www.amazon.com.mx/dp/B0CSFDBRB1,Amazon Estados Unidos
,B0D4LGYCSH,1,Automotriz y Motocicletas,disponible,,2025-11-03T14:47:12.351Z,2025-11-03T20:32:03.704Z,574.15,$583.49,"UINIEBOOM - Varilla de aceite de repuesto para Hyundai Santa Fe 2007-2012, Sonata 2006-2010, Sedona 2007-2012, 26611-3C100",https://www.amazon.com.mx/dp/B0D4LGYCSH,Ovolos
,B08R5SBKZR,1,Automotriz y Motocicletas,disponible,,2025-11-03T14:47:12.351Z,2025-11-03T20:32:16.009Z,780.98,$789.41,"70mai Hardwire Kit UP02, cámaras micro USB de 10 pies, 12 V-30 V a 5 V/2.4 A, protección de bajo voltaje 11.8 V, fuente de alimentación de vigilancia de estacionamiento 24 horas para cámaras de coche",https://www.amazon.com.mx/dp/B08R5SBKZR,KRONOS STORE
,B008SA6IFU,1,Automotriz y Motocicletas,disponible,,2025-11-03T14:47:12.351Z,2025-11-03T20:32:24.110Z,1467.22,"$1,512.18",Soporte de transmisión Energy Suspension (3.1142R),https://www.amazon.com.mx/dp/B008SA6IFU,ONEBLOOD STORE
,B075R7D2K6,1,Automotriz y Motocicletas,disponible,,2025-11-03T14:47:12.351Z,2025-11-03T20:32:31.520Z,470.68,$470.69,Rpkey Silicone Keyless Entry Remote Control Key Fob Cover Case protector For Mazda 3 5 6 CX-7 CX-9 RX-8 MX-5 Miata 662F-SKE12501 KPU41788 BGBX1T478SKE125-01 SKE12501 G2YA-76-2GXB,https://www.amazon.com.mx/dp/B075R7D2K6,Corner Stone LLC
,B0CYGLM36B,1,Automotriz y Motocicletas,disponible,,2025-11-03T14:47:12.351Z,2025-11-03T20:32:38.944Z,567.21,$554.39,Qidoe Oultet - Cargador de coche con 3 puertos USB de 12 V para panel USB C,https://www.amazon.com.mx/dp/B0CYGLM36B,GREENJIN
,B09X17WT2Z,1,Automotriz y Motocicletas,disponible,,2025-11-03T14:47:12.351Z,2025-11-03T20:32:46.278Z,1118.48,"$1,462.08","TOPDON BT50, probador de carga de batería de 12 V, probador de alternador automotriz de 100-2000 CCA Analizador de batería digital Sistema de arranque de carga para coche, camión, motocicleta, ATV",https://www.amazon.com.mx/dp/B09X17WT2Z,LUNARO LLC
,B087JY7QD1,1,Automotriz y Motocicletas,disponible,,2025-11-03T14:47:12.352Z,2025-11-03T20:32:54.602Z,1155.42,"$1,185.20","Tapete para salpicadero, ajuste personalizado para Ford F150 F250 F350 Pickup Truck 1992 1993 1994 1995 1996, tapete para salpicadero (gris oscuro) J20",https://www.amazon.com.mx/dp/B087JY7QD1,HNEN
,B003TSS4I0,1,Automotriz y Motocicletas,disponible,,2025-11-03T14:47:24.933Z,2025-11-03T20:33:03.643Z,1887.78,"$2,165.91","Grey Pneumatic (1226 m, unidad de 26 piezas, 26 piezas, longitud profunda, métrica, juego de zócalos principales",https://www.amazon.com.mx/dp/B003TSS4I0,Amazon Estados Unidos
,B07H756QSM,1,Automotriz y Motocicletas,disponible,,2025-11-03T14:47:24.933Z,2025-11-03T20:33:10.937Z,586.14,$600.99,Sex Wax Air Freshener Coconut 4-Pack,https://www.amazon.com.mx/dp/B07H756QSM,MUCH & MORE
,B0843CL7HF,1,Automotriz y Motocicletas,disponible,,2025-11-03T14:47:24.933Z,2025-11-03T20:33:20.060Z,1110.64,"$1,110.64","TRICO - Limpiaparabrisas de repuesto para vehículos de invierno (20 + 19 pulgadas, color blanco, para clima extremo, de primera calidad, para vehículos selectos",https://www.amazon.com.mx/dp/B0843CL7HF,SHENDULLAR LTD
,B0825QW5SS,1,Automotriz y Motocicletas,disponible,,2025-11-03T14:47:24.933Z,2025-11-03T20:33:28.225Z,3123,"$4,632.67","MAXXHAUL 50241 - Escalera Ajustable de Acero para camionetas, par de bastidores utilitarios, Color Negro",https://www.amazon.com.mx/dp/B0825QW5SS,Marca: MAXXHAUL
,B0C2YBRNZS,1,Automotriz y Motocicletas,disponible,,2025-11-03T14:47:24.933Z,2025-11-03T20:33:36.244Z,629.48,$602.36,Interruptor de Control de Faros Delanteros 901-5130 de Alta Resistencia Compatible Con Autobús Escolar Internacional CXT Lonestar MXT ProStar IC Corporation 1300 FBC CE Comercial Integrado,https://www.amazon.com.mx/dp/B0C2YBRNZS,DONGHANGS
,B019NXUJ5K,1,Automotriz y Motocicletas,disponible,,2025-11-03T14:47:24.934Z,2025-11-03T20:33:43.470Z,936.8,"$1,009.72","purggo ambientador para coche – Auto eliminador de olores – 100% activado carbón de bambú purificador de aire, ionizador, neutralizador – absorber y quitar olor de humo – sin fragancia desodorante – dura 365 + Días [Gris]",https://www.amazon.com.mx/dp/B019NXUJ5K,NEW AGE SHOPPING
,B09Z2CM3ZY,1,Automotriz y Motocicletas,disponible,,2025-11-03T14:47:24.934Z,2025-11-03T20:33:52.334Z,528.83,$759.21,Válvula de combustible Para YAMAHA Badger Grizzly Raptor 80 Raptor 50 Champ 100 YFM 80 50 100 1985-2008 55X-24500-02-00,https://www.amazon.com.mx/dp/B09Z2CM3ZY,Amazon Estados Unidos
,B0DZCM26CD,1,Automotriz y Motocicletas,disponible,,2025-11-03T14:47:24.934Z,2025-11-03T20:33:58.787Z,2167.33,"$2,980.25","Dash Cam, 4K+2K Full HD Dash Cam delantera y trasera, cámara de salpicadero para coches con 5GWiFi incorporado, cámara IPS de 3.2 pulgadas, con tarjeta de 64 GB, visión nocturna, grabación en bucle",https://www.amazon.com.mx/dp/B0DZCM26CD,ENG DEALS LTD
,B01ANF1BRW,1,Automotriz y Motocicletas,disponible,,2025-11-03T14:47:24.934Z,2025-11-03T20:34:06.756Z,1332.4,"$1,562.52","FOXWELL BT100 Pro - Probador de batería para coche, 12 V, automotriz, 100-1100 CCA detecta fallas de salud, analizador de batería digital de alta precisión para coche, camión, motocicleta, ATV, SUV, barco",https://www.amazon.com.mx/dp/B01ANF1BRW,YEG Store
,B0CKW8K2MM,1,Automotriz y Motocicletas,disponible,,2025-11-03T14:47:24.934Z,2025-11-03T20:34:15.245Z,504.26,$499.60,LINK-LOCK 11377615379 - Cojinete de aguja para árbol de levas de motor BMW N20 N52 N54 N55 1Series 3Series 5Series 7Series 525I 523I 530I 535I 740I 325 X1 X3 X4 X5 X6 Z4 Z4 E70 EE7 71 F25 E84 E60 E90,https://www.amazon.com.mx/dp/B0CKW8K2MM,ANEMON777
,B0CNYX89PG,1,Automotriz y Motocicletas,disponible,,2025-11-03T14:47:24.934Z,2025-11-03T20:34:23.841Z,849.84,$864.69,"Maoyubelt Correa de transmisión de motocicleta de repuesto para Yamaha 3FA-17641-00, YFA1 Breeze 125 1989-2004, YFM125G Grizzly 125 2004-2013, YFM125GH Grizzly 125 Hunter Edition 2005-2008",https://www.amazon.com.mx/dp/B0CNYX89PG,Abundant Peace
,B0C3CYH8Z6,1,Automotriz y Motocicletas,disponible,,2025-11-03T14:47:24.934Z,2025-11-03T20:34:31.545Z,790.61,$851.74,"SUISSON Tubo flexible de escape de 2.5 x 6 pulgadas/10 pulgadas, tipo universal, 100% acero inoxidable, para trabajos pesados y automóviles",https://www.amazon.com.mx/dp/B0C3CYH8Z6,STOREARENS
,B0CDR7J74B,1,Automotriz y Motocicletas,disponible,,2025-11-03T14:47:24.935Z,2025-11-03T20:34:39.465Z,813.22,"$1,441.94","A-NAFTULY Motor de soplador de CA con ventilador de repuesto para Honda Accord 2013-2017, Honda CRV 2012-2016, Honda Civic 2013 2014 2015, Acura RDX/ILX, HVAC Calentador de motor soplador, 700260,",https://www.amazon.com.mx/dp/B0CDR7J74B,Amazon Estados Unidos
,B0CFY7SHSB,1,Automotriz y Motocicletas,disponible,,2025-11-03T14:47:24.935Z,2025-11-03T20:34:47.468Z,1059.41,"$1,060.06",Hihaha - Manija de puerta trasera para cámara de respaldo para Chevy Silverado 1999-2007 para GMC Sierra 1999-2007 / manija trasera del portón trasero de repuesto para cámara n.º 15046512/15228539,https://www.amazon.com.mx/dp/B0CFY7SHSB,MYSILKROAD LLC
,B08DP318F9,1,Automotriz y Motocicletas,disponible,,2025-11-03T14:47:24.935Z,2025-11-03T20:34:59.336Z,358.12,$719.89,EDS 5161306AA - Conjunto de terminal de batería NEGATIVO con tuerca para Ram 1500 Town & Country Wrangler etc,https://www.amazon.com.mx/dp/B08DP318F9,Amazon Estados Unidos
,B0BWDRYW2R,1,Automotriz y Motocicletas,disponible,,2025-11-03T14:47:24.935Z,2025-11-03T20:35:07.439Z,706.43,$688.97,Guía deslizante de cadena de basculante y arandelas Para Honda 1990-2009 XR400R XR600R XR650L 52170-MN1-681,https://www.amazon.com.mx/dp/B0BWDRYW2R,GREENJIN
,B0B289M35X,1,Automotriz y Motocicletas,disponible,,2025-11-03T14:47:37.595Z,2025-11-03T20:35:16.390Z,2751.91,"$2,837.38","Super Stars Kit de herramientas de ensanchamiento inalámbrico tipo taladro de 1/4""-3/4"", herramienta de refrigeración excéntrica de aire acondicionado HVAC de 45°",https://www.amazon.com.mx/dp/B0B289M35X,Lumexa Online MX
,B09X9BJX9F,1,Automotriz y Motocicletas,disponible,,2025-11-03T14:47:37.595Z,2025-11-03T20:35:25.060Z,700.66,"$1,009.72","Conector de terminal de batería de 10 vías, calibre 6x2/0, AWG de plomo-ácido, terminales de batería de audio para automóvil, positivo y negativo (+/-) (par) para poste superior cónico SAE/DIN/EN",https://www.amazon.com.mx/dp/B09X9BJX9F,Amazon Estados Unidos
,B0CZ3L84VK,1,Automotriz y Motocicletas,disponible,,2025-11-03T14:47:37.595Z,2025-11-03T20:35:33.529Z,583.16,$921.26,"MAXXHAUL 50946 - Kit de rampa de Aluminio, diseñado para Tablas de 2 x 8 Pulgadas para Coches, Camiones, remolques, calzada, cobertizo, cortacésped",https://www.amazon.com.mx/dp/B0CZ3L84VK,Amazon Estados Unidos
,B083R83C7Q,1,Automotriz y Motocicletas,disponible,,2025-11-03T14:47:37.595Z,2025-11-03T20:35:40.356Z,1676.3,"$1,676.29","Dekalaii 741-526 Conjunto de motor y regulador de elevalunas eléctrico delantero del lado del conductor para Jeep Liberty 2002, 2003, 2004, 2005, 2006, 2007",https://www.amazon.com.mx/dp/B083R83C7Q,KRONOS STORE
,B0BF513N77,1,Automotriz y Motocicletas,disponible,,2025-11-03T14:47:37.596Z,2025-11-03T20:35:47.669Z,1579.43,"$1,644.03","HODRANT - Bolsa de transporte con pulidor, caja de cuidado de automóvil con detalles grandes para suministros de detalles automáticos, organizador de lavado de automóviles y organizador de maletero",https://www.amazon.com.mx/dp/B0BF513N77,New Shire LLC
,B08MVW4786,1,Automotriz y Motocicletas,disponible,,2025-11-03T14:47:37.596Z,2025-11-03T20:35:57.380Z,1091.36,"$1,283.00",PBAP Front Left Door Lock Actuator Latch for Je-tta Beetle Rabbit GTI 3B1837015AT,https://www.amazon.com.mx/dp/B08MVW4786,Amazon Estados Unidos
,B07RTH751V,1,Automotriz y Motocicletas,disponible,,2025-11-03T14:47:37.596Z,2025-11-03T20:36:04.410Z,2542.15,"$2,542.16",higherbro - Sensor de oxígeno de relación de combustible de aire 4 x 1 y 2 para Nissan Xterra Frontier Pathfinder 2005 2006 4.0 L aguas arriba + aguas abajo,https://www.amazon.com.mx/dp/B07RTH751V,DONGHANGS
,B089563QPQ,1,Automotriz y Motocicletas,disponible,,2025-11-03T14:47:37.596Z,2025-11-03T20:36:12.054Z,698.01,$716.54,"HONLEEX - 2 bombillas LED AC9-48V P15D H6M para faros delanteros de motocicleta, 1800 lm, superbrillantes, 4 chips COB, luces LED de haz alto/bajo para ATVS YFM350 450 400 660 700 Raptor. Blanco xenón",https://www.amazon.com.mx/dp/B089563QPQ,STOREARENS
,B0CBTN3HC1,1,Automotriz y Motocicletas,disponible,,2025-11-03T14:47:37.596Z,2025-11-03T20:36:20.967Z,7011.08,"$7,444.16","LF Bros - Calentador diesel de 110 V/12/24 V 5 KW, todo en uno de 5 L Air Diesel con diseño elegante, viene con control remoto y visualización LCD, adecuado para tienda en casa, cochera, caravana",https://www.amazon.com.mx/dp/B0CBTN3HC1,Grandpa.
,B07QZQQ327,1,Automotriz y Motocicletas,disponible,,2025-11-03T14:47:37.596Z,2025-11-03T20:36:29.965Z,858.05,"$1,180.40","LEIMO KPARTS - Válvula PCV de Plástico para Audi A3 A4 A5 Q5 TT VW Beetle CC Jetta Passat Tiguan 1.8 2.0TSI Reemplazar 06H103495AB, 06H103495AH, 06H103495B",https://www.amazon.com.mx/dp/B07QZQQ327,Amazon Estados Unidos
,B000ZJ2T28,1,Automotriz y Motocicletas,disponible,,2025-11-03T14:47:37.596Z,2025-11-03T20:36:38.828Z,5714.23,"$6,057.59","Energy Suspension 7.18107R HyperFlex Master Set para Nissan 240SX/S14, rojo",https://www.amazon.com.mx/dp/B000ZJ2T28,Living Storers
,B0CTKKBBMC,1,Automotriz y Motocicletas,disponible,,2025-11-03T14:47:37.596Z,2025-11-03T20:36:48.490Z,2502.05,"$2,522.26",Kit de reconstrucción de sellos de cojinete de bomba de chorro y eje impulsor para Sea-Doo GTI GTR GTS GTX RXT RXP RXP-X PRO WAKE Challenger 90 130 155 170 180 210 215 225 230 255 260 300,https://www.amazon.com.mx/dp/B0CTKKBBMC,Cosmos AP LLC
,B0CT4HTW5K,1,Automotriz y Motocicletas,disponible,,2025-11-03T14:47:37.596Z,2025-11-03T20:36:55.590Z,608.45,$613.45,"Palm - Funda protectora para volante de coche para mujeres surfistas con árbol y hombre, tela elástica antideslizante, compatible con accesorios universales para automóvil, decoración de absorción de",https://www.amazon.com.mx/dp/B0CT4HTW5K,Ovolos
,B0BR8LRCJ1,1,Automotriz y Motocicletas,disponible,,2025-11-03T14:47:37.597Z,2025-11-03T20:37:02.165Z,6322.12,"$6,594.09","Mishimoto MMRT-A2W-25N Tanque de hielo interenfriador de aire a agua, 2.5 galones",https://www.amazon.com.mx/dp/B0BR8LRCJ1,Old Fashioned Store
,B0DGLCM2YQ,1,Automotriz y Motocicletas,disponible,,2025-11-03T14:47:37.597Z,2025-11-03T20:37:11.004Z,3721.16,"$4,090.89","Alfombrillas para Mazda CX-30 2020 2021 2022 2023 2024 2025 para Mazda CX30 accesorios para todo tipo de clima, forro de carga 2020-2025",https://www.amazon.com.mx/dp/B0DGLCM2YQ,Store Kahraman
,B09VBS2CK6,1,Automotriz y Motocicletas,disponible,,2025-11-03T14:47:37.597Z,2025-11-03T20:37:18.977Z,908.39,$908.39,"FAPIUO - Limpiaparabrisas delantero y trasero de 26 pulgadas/18 pulgadas + 16 pulgadas, repuesto para Honda Insight 2010-2012 (paquete de 3)",https://www.amazon.com.mx/dp/B09VBS2CK6,Corner Stone LLC
,B000CMH43M,1,Automotriz y Motocicletas,disponible,,2025-11-03T14:47:52.707Z,2025-11-03T20:37:26.016Z,4401,"$4,874.75",otorgar 967-0 - Volante clásico estilo nostalgia con agarre de madera dura y radios de acero inoxidable cepillado,https://www.amazon.com.mx/dp/B000CMH43M,Marca: Grant
,B0969Z83YT,1,Automotriz y Motocicletas,disponible,,2025-11-03T14:47:52.707Z,2025-11-03T20:37:34.016Z,534.45,$829.21,"ApplianPar - Barra estabilizadora delantera del conductor y del lado del pasajero para Ford Flex Taurus 2010-18, Police Interceptor Sedan 2013-18, para Lincoln MKS 2010-16, MKT 2010-18",https://www.amazon.com.mx/dp/B0969Z83YT,Amazon Estados Unidos
,B08TWG6KLS,1,Automotriz y Motocicletas,disponible,,2025-11-03T14:47:52.707Z,2025-11-03T20:37:46.313Z,890.88,"$1,268.86","FAATCOI Juego de 8 cuencos magnéticos de 15,2 cm, bandejas magnéticas redondas, de acero inoxidable para tornillos, pines, tornillos, tuercas, piezas pequeñas, organización de herramientas para taller, garaje, sala de manualidades",https://www.amazon.com.mx/dp/B08TWG6KLS,Amazon Estados Unidos
,B01LQ38100,1,Automotriz y Motocicletas,disponible,,2025-11-03T14:47:52.707Z,2025-11-03T20:37:54.468Z,7990.98,"$8,468.98",Primecooling Radiador de aluminio de núcleo de 3 filas de 56 mm + 2 ventiladores de 12 pulgadas + cobertura para camionetas Chevrolet GMC C/K y camiones 1973-91,https://www.amazon.com.mx/dp/B01LQ38100,IY Network
,B09LQ8VXP4,1,Automotriz y Motocicletas,disponible,,2025-11-03T14:47:52.707Z,2025-11-03T20:38:03.206Z,6938.35,"$7,403.88","ReadyCool Radiador de aluminio de 3 filas + ventilador de cubierta + relé para Chevy Camaro 70-81, 78-87 Monte Carlo SS AT/MT, plateado",https://www.amazon.com.mx/dp/B09LQ8VXP4,Rio Bravo
,B00A0V5HPC,1,Automotriz y Motocicletas,disponible,,2025-11-03T14:47:52.708Z,2025-11-03T20:38:11.719Z,4509.15,"$5,597.56",IOTA Engineering (DLS30 Convertidor de energía de 30 amperios/Cargador de batería,https://www.amazon.com.mx/dp/B00A0V5HPC,Amazon Estados Unidos
,B010GP7NKS,1,Automotriz y Motocicletas,disponible,,2025-11-03T14:47:52.708Z,2025-11-03T20:38:19.033Z,1397.24,"$1,817.59",GM Parts 15529450 - Soporte de motor,https://www.amazon.com.mx/dp/B010GP7NKS,Amazon Estados Unidos
,B001UC9FJY,1,Automotriz y Motocicletas,disponible,,2025-11-03T14:47:52.708Z,2025-11-03T20:38:27.291Z,2371.53,"$2,843.13",Tensor,https://www.amazon.com.mx/dp/B001UC9FJY,Amazon Estados Unidos
,B0CL2BXSQ8,1,Bebé,disponible,,2025-11-03T14:48:02.302Z,2025-11-03T20:38:36.260Z,755.28,$764.24,"lefeke Parches Para El Ombligo Del Bebé, Almohadillas De Algodón Para Hernia Del Ombligo Del Bebé, Artículos Esenciales Para Bebés (14 Piezas)",https://www.amazon.com.mx/dp/B0CL2BXSQ8,KRONOS STORE
,B0F32N3ZZ3,1,Bebé,disponible,,2025-11-03T14:48:02.303Z,2025-11-03T20:38:43.548Z,1037.52,"$1,037.53","Amdrebio - Alfombra redonda con forma de arco iris, de 4 pies, para recámara de niñas, esponjosa, linda, mullida, colorida, pastel, para niños, sala de juegos, aula, unicornio, alfombra de princesa",https://www.amazon.com.mx/dp/B0F32N3ZZ3,SKY STYLE LLC
,B0DLNGPB9R,1,Bebé,disponible,,2025-11-03T14:48:02.303Z,2025-11-03T20:38:51.561Z,1053.3,"$1,311.29","Babyvue - Monitor USB de coche para bebé, cámara trasera de visión nocturna de color de 4.2 pulgadas, 1080P, con ángulo ancho de 170°, espejo de asiento de coche de rotación de 360, artículo",https://www.amazon.com.mx/dp/B0DLNGPB9R,KARACA ST
,B08PZJ2LX6,1,Bebé,disponible,,2025-11-03T14:48:02.303Z,2025-11-03T20:39:00.685Z,1371.8,"$1,373.06","Mama & Wish Kit esencial posparto para mamá – Kit de cuidado posparto para trabajo de parto y parto con esenciales hospitalarios para mujeres después del nacimiento, incluye biberón, hamamelis, prendas cómodas y mucho más",https://www.amazon.com.mx/dp/B08PZJ2LX6,ShopVısta
,B09MQ9JW6V,1,Bebé,disponible,,2025-11-03T14:48:02.303Z,2025-11-03T20:39:09.366Z,940,$940.01,"ATOPALM- LOCIÓN PARA BEBÉS PARA PIEL SENSIBLE Y BARRERA CUTÁNEA PARA BEBÉS: La piel de los bebés es más fina, sensible y delicada que la de los adultos. Por eso, el fortalecimiento de la barrera cután",https://www.amazon.com.mx/dp/B09MQ9JW6V,KRONOS STORE
,B07WXG6G1G,1,Bebé,disponible,,2025-11-03T14:48:02.303Z,2025-11-03T20:39:17.031Z,523.72,$523.73,"Diadema para orejas de ratón, para bebés y niños de hasta 4 años",https://www.amazon.com.mx/dp/B07WXG6G1G,Corner Stone LLC
,B0F7RK2JR8,1,Bebé,disponible,,2025-11-03T14:48:02.303Z,2025-11-03T20:39:24.854Z,2269.03,"$2,900.18","MIFOYO - Extractor de leche portátil, extractor de leche eléctrico, extractor de leche manos libres con 4 modos y 9 niveles, bomba de leche recargable, visualización inteligente para mamás, 24 mm",https://www.amazon.com.mx/dp/B0F7RK2JR8,Amazon Estados Unidos
,B071DTR1RV,1,Bebé,disponible,,2025-11-03T14:48:02.303Z,2025-11-03T20:39:32.205Z,699,$993.90,"Melissa & Doug Garaje para Vehículos de Rescate - 3 Vehículos de Madera, Garajes con Portón y Llave",https://www.amazon.com.mx/dp/B071DTR1RV,noc noc
,B0D2NZYRM3,1,Bebé,disponible,,2025-11-03T14:48:02.303Z,2025-11-03T20:39:39.948Z,5440.88,"$5,688.18","MAMAZING Ultra Air X - carriola de viaje ultraligero de menos de 10 libras, marco de fibra de carbono y apto para aviones, carriola ligero con asiento reclinable, toldo UPF 50+ y bolsa de viaje",https://www.amazon.com.mx/dp/B0D2NZYRM3,Luxury Best Store
,B0BT93MJ4G,1,Bebé,disponible,,2025-11-03T14:48:02.303Z,2025-11-03T20:39:48.203Z,1187.76,"$1,470.71","GoveeLife - Humidificadores inteligentes para recámara, humidificadores de niebla fría de relleno superior de 3 litros con difusor de aceite esencial, control de humedad, humidificador de aire WiFi",https://www.amazon.com.mx/dp/B0BT93MJ4G,F4ST ORCHESTRA
,B09NZRXX8X,1,Bebé,disponible,,2025-11-03T14:48:02.304Z,2025-11-03T20:39:56.720Z,639.85,$663.80,"Conjunto de pantalones cortos para niños pequeños, playera y pantalones cortos, 2 piezas, ropa de verano",https://www.amazon.com.mx/dp/B09NZRXX8X,PRCOM
,B0F3TX5FYY,1,Bebé,disponible,,2025-11-03T14:48:02.304Z,2025-11-03T20:40:04.627Z,1475.17,"$1,583.14","Marco de mármol blanco con imán para Echo Show 21, protector de visualización, lápiz capacitivo magnético, control remoto magnético (mármol blanco)",https://www.amazon.com.mx/dp/B0F3TX5FYY,Mishaland Store
,B0CCCC5JWX,1,Bebé,disponible,,2025-11-03T14:48:02.304Z,2025-11-03T20:40:12.656Z,785.64,$989.58,"David's Kids - Paquete de 4 mantas de muselina para bebé, 100% algodón y ultra suaves y transpirables para niños y niñas, artículos esenciales recién nacidos, tamaño grande 47 x 47 pulgadas, espacio y",https://www.amazon.com.mx/dp/B0CCCC5JWX,Amazon Estados Unidos
,B0CNGYSGMN,1,Bebé,disponible,,2025-11-03T14:48:02.304Z,2025-11-03T20:40:20.199Z,926.03,$979.99,"Dimsile- 50 juegos de regalos para baby shower, jabón perfumado con pies de bebé hecho a mano, regalos de fiesta para invitados, regalos para baby shower",https://www.amazon.com.mx/dp/B0CNGYSGMN,NEW AGE SHOPPING
,B0CXHNKX6S,1,Bebé,disponible,,2025-11-03T14:48:02.304Z,2025-11-03T20:40:33.562Z,2066.22,"$2,379.74","Gomigomi - Almohada para bebé (funda + almohada), características antivuelco, lactancia y tiempo de abdomen, tela de malla de aire 3D para mayor transpirabilidad Grosor ajustable, fácil cuidado",https://www.amazon.com.mx/dp/B0CXHNKX6S,Amazon Estados Unidos
,B0DBP63GSB,1,Bebé,disponible,,2025-11-03T14:48:11.605Z,2025-11-03T20:40:40.775Z,1314.5,"$1,485.09","ROBUD - Juego de Cama de 5 Piezas para Cuna para niños y niñas, Ropa de Cama de Cuarto de bebé, tamaño estándar con edredón Bohemio, sábana para Cuna, Falda de Cuna, Funda de Almohada y Bolsa de",https://www.amazon.com.mx/dp/B0DBP63GSB,Amazon Estados Unidos
,B0D8XNJR3G,1,Bebé,disponible,,2025-11-03T14:48:11.605Z,2025-11-03T20:40:49.789Z,520.78,$538.18,"Accmor - Soporte universal para tazas, carriola con soporte para teléfono, giratorio de 360° de gran calibre diseñado para carriola, bicicleta, silla de ruedas, andador, scooter",https://www.amazon.com.mx/dp/B0D8XNJR3G,SKY STYLE LLC
,B0CZP49MF5,1,Bebé,disponible,,2025-11-03T14:48:11.605Z,2025-11-03T20:40:57.121Z,454.58,$475.37,"Burbell - Cartas de madera 3D con margaritas para bebé, mensuales, de 1 a 12 meses, intercambiables mensuales, hito de madera, para baby shower, accesorios para fotos de recién nacidos, color blanco",https://www.amazon.com.mx/dp/B0CZP49MF5,Corner Stone LLC
,B0CY2KFJ95,1,Bebé,disponible,,2025-11-03T14:48:11.605Z,2025-11-03T20:41:05.405Z,619.36,$663.80,"Burbell - Carteles mensuales de tarjetas de hito para bebé en 3D, paquete de 7 letreros de doble cara Hello World para recién nacidos, círculos de madera, para bienvenida, recién nacido, baby shower",https://www.amazon.com.mx/dp/B0CY2KFJ95,Rendosa
,B09BN9HFPS,1,Bebé,disponible,,2025-11-03T14:48:11.605Z,2025-11-03T20:41:14.654Z,737.06,$753.93,"Infantmania - Fundas para carrito de compras para bebé, protector para carrito de supermercado, color amarillo",https://www.amazon.com.mx/dp/B09BN9HFPS,Rendomin
,B0D3TYX1WP,1,Bebé,disponible,,2025-11-03T14:48:11.605Z,2025-11-03T20:41:22.571Z,654.43,$668.83,"KOMI Rosario de bolsillo de oración para bautizo, accesorio católico, regalos católicos para hombres y mujeres, rosarios de bautismo a granel para invitados regalos de fiesta",https://www.amazon.com.mx/dp/B0D3TYX1WP,M&H Customer Friendly Store
,B0D5R59TPV,1,Bebé,disponible,,2025-11-03T14:48:11.605Z,2025-11-03T20:41:30.767Z,773.28,$789.41,"Aspirador nasal eléctrico para bebé, aspirador de nariz para niños, lechón de nariz impermeable para bebé, limpiador de nariz con 3 puntas de silicona, nivel de succión ajustable, función calmante de",https://www.amazon.com.mx/dp/B0D5R59TPV,Rendomin
,B0DK9CDGRP,1,Bebé,disponible,,2025-11-03T14:48:11.606Z,2025-11-03T20:41:39.737Z,1800.69,"$1,846.36","Cesta de pañales para bebé, carrito móvil de metal y fieltro de alta calidad con divisores para artículos esenciales de guardería recién nacidos, organizador de almacenamiento de pañales enrollables",https://www.amazon.com.mx/dp/B0DK9CDGRP,M&H Customer Friendly Store
,B0CJXX14R1,1,Bebé,disponible,,2025-11-03T14:48:11.606Z,2025-11-03T20:41:49.569Z,1212.75,"$1,290.44","Kit de 75 letreros divertidos para baby shower, ideas únicas para baby shower, juegos de baby shower más divertidos de la historia, un juego donde puedes dibujar al contenido de tu corazón, adecuado",https://www.amazon.com.mx/dp/B0CJXX14R1,NEW AGE SHOPPING
,B01LZF7NCP,1,Bebé,disponible,,2025-11-03T14:48:11.606Z,2025-11-03T20:41:58.575Z,1137.91,"$1,166.26","Zuluf - 25 cruces pequeñas de madera de olivo de Belén Israel | Cruz religiosa de bolsillo para regalo para niños y adultos, 6 cm / 2.5 pulgadas cada cruz",https://www.amazon.com.mx/dp/B01LZF7NCP,GUTTIDIRECT
,B0DPHM8QW4,1,Bebé,disponible,,2025-11-03T14:48:11.606Z,2025-11-03T20:42:07.316Z,988.67,"$1,059.82","Wkzay - Cámara de coche para asiento trasero - HD 1080P, 150° de gran angular, visión nocturna, fácil instalación, luz LED ajustable, pantalla LCD de 4.3 pulgadas, antirreflejos, monitor de seguridad",https://www.amazon.com.mx/dp/B0DPHM8QW4,M&H Customer Friendly Store
,B0C49VQL7X,1,Bebé,disponible,,2025-11-03T14:48:11.606Z,2025-11-03T20:42:15.902Z,2207.05,"$2,281.46","DGD Torre para niños pequeños, taburete de cocina ayudante para niños pequeños, torre de madera de aprendizaje con pizarrón y respaldo, torre de pie de cocina 3 en 1, mesa de destete plegable con riel de",https://www.amazon.com.mx/dp/B0C49VQL7X,SRKSB LLC
,B08RD8V8X1,1,Bebé,disponible,,2025-11-03T14:48:11.606Z,2025-11-03T20:42:24.544Z,2389.85,"$2,467.48","COSYLAND Taburetes de cocina para niños con guantes, riel de seguridad extraíble anticaídas, alfombrilla antideslizante, taburete de pie para niños pequeños, color natural",https://www.amazon.com.mx/dp/B08RD8V8X1,HNEN
,B0BFBVNZ4B,1,Bebé,disponible,,2025-11-03T14:48:11.606Z,2025-11-03T20:42:31.955Z,2002.45,"$2,070.02",Fox valley Fórmula Day-One 40/25 para mapaches,https://www.amazon.com.mx/dp/B0BFBVNZ4B,Lumexa Online MX
,B0832LR1GL,1,Bebé,disponible,,2025-11-03T14:48:22.695Z,2025-11-03T20:42:41.312Z,1098.17,"$1,105.61","SAMODRA - Accesorio para bidé de agua fría no eléctrico, accesorio para asiento de inodoro con controles de presión, boquillas dobles retráctiles autolimpiables para lavado frontal y trasero, níquel",https://www.amazon.com.mx/dp/B0832LR1GL,Maviburada
,B07SCZWFD9,1,Bebé,disponible,,2025-11-03T14:48:22.695Z,2025-11-03T20:42:51.206Z,695.79,$763.28,SAFE SEA- PROTECCIÓN CONTRA LAS PICADURAS DE MEDUSAS: disfruta del sol y de las olas con el protector solar FPS 50+ de Safe Sea. Este protector solar seguro para los arrecifes ayuda a protegerte contr,https://www.amazon.com.mx/dp/B07SCZWFD9,BS-SHOPPING
,B000VOTE6G,1,Bebé,disponible,,2025-11-03T14:48:22.695Z,2025-11-03T20:42:58.809Z,747.61,$764.00,"California Baby hair Conditioner - Super Sensitive, 8.5 Ounce by California Baby",https://www.amazon.com.mx/dp/B000VOTE6G,Rendosa
,B0C788YPX1,1,Bebé,disponible,,2025-11-03T14:48:22.695Z,2025-11-03T20:43:07.547Z,737.99,"$1,060.06","David's Kids - Paquete de 4 mantas de muselina para bebé, 100% algodón y ultra suaves y transpirables para niñas, artículos esenciales para recién nacidos, tamaño grande 47 x 47 pulgadas, flores",https://www.amazon.com.mx/dp/B0C788YPX1,Amazon Estados Unidos
,B0D9NXRM5H,1,Bebé,disponible,,2025-11-03T14:48:22.695Z,2025-11-03T20:43:15.088Z,774.2,"$1,394.48","Platos de cena, juego de 4 platos de cerámica, platos de cena blancos con borde dorado, juego de vajilla de 10 pulgadas para cocina, platos redondos de ensalada, plato de aperitivo de postre para",https://www.amazon.com.mx/dp/B0D9NXRM5H,Amazon Estados Unidos
,B0CQN7YL21,1,Bebé,disponible,,2025-11-03T14:48:22.696Z,2025-11-03T20:43:28.557Z,715.11,$779.82,"David's Kids - Paquete de 4 mantas de muselina para bebé, 100% algodón y ultra suaves y transpirables para niños y niñas, artículos esenciales para recién nacidos, tamaño grande 47 x 47 pulgadas",https://www.amazon.com.mx/dp/B0CQN7YL21,Amazon Estados Unidos
,B0C6VB86QN,1,Bebé,disponible,,2025-11-03T14:48:22.696Z,2025-11-03T20:43:37.261Z,909.27,$909.27,"Almohadillas iluminadoras Vitamide, almohadillas hipoalergénicas veganas para el rostro con niacinamida y espino amarillo, almohadillas que aumentan la luminosidad para una piel clara e iluminada,",https://www.amazon.com.mx/dp/B0C6VB86QN,SHENDULLAR LTD
,B09KLWCNMH,1,Bebé,disponible,,2025-11-03T14:48:22.696Z,2025-11-03T20:43:46.741Z,634.96,$663.80,"Soporte de clip para cámara de monitor de bebé Eufy, soporte flexible para monitor de bebé de cuello de cisne para cuna sin herramientas ni daños en la pared, color blanco",https://www.amazon.com.mx/dp/B09KLWCNMH,M&H Customer Friendly Store
,B00R60FWIW,1,Bebé,disponible,,2025-11-03T14:48:22.696Z,2025-11-03T20:43:55.924Z,1401.96,"$1,452.97",California Baby Cream - Calendula - 6 oz,https://www.amazon.com.mx/dp/B00R60FWIW,DUKKI LLC
,B0CD7DQRG1,1,Bebé,disponible,,2025-11-03T14:48:22.696Z,2025-11-03T20:44:03.349Z,687.25,$708.39,"dix-rainbow mosquitero para cama, elegante toldo tamaño King / Queen para niñas, elegante mosquitero, decoración para cunas, camas de niños y camas de adultos (color blanco)",https://www.amazon.com.mx/dp/B0CD7DQRG1,M&H Customer Friendly Store
,B0FNFCW2HV,1,Bebé,disponible,,2025-11-03T14:48:22.696Z,2025-11-03T20:44:11.502Z,8873.15,"$9,365.31","House of Noa - Tapete plegable para bebé, plegable, diseño duradero, elegante y acolchado",https://www.amazon.com.mx/dp/B0FNFCW2HV,BROWN LEAVES LLC
,B0B58R5Q7N,1,Bebé,disponible,,2025-11-03T14:48:22.696Z,2025-11-03T20:44:19.933Z,468.98,$804.04,"Sujetalibros de metal para estantes, sujetalibros decorativos para oficina, escuela, hogar, sujetalibros negros resistentes con diseño de arte abstracto, 3 pares, 6 piezas",https://www.amazon.com.mx/dp/B0B58R5Q7N,Amazon Estados Unidos
,B0D63F5Z77,1,Bebé,disponible,,2025-11-03T14:48:22.697Z,2025-11-03T20:44:27.334Z,2797.07,"$3,105.87","Monitor de bebé, monitor de video de 4.3 pulgadas con cámara 1080P, monitor de audio WiFi inteligente 2.4G con PTZ remoto, visión nocturna, conversación de 2 vías, modo de sueño, luces nocturnas RGB,",https://www.amazon.com.mx/dp/B0D63F5Z77,ProductosTX ⭐ ⭐ ⭐ ⭐ ⭐
,B0C88R9GD9,1,Bebé,disponible,,2025-11-03T14:48:22.697Z,2025-11-03T20:44:34.958Z,478.18,$733.56,Enganche de repuesto para remolque de bicicleta WeeRide Kazam co-Pilot para niños,https://www.amazon.com.mx/dp/B0C88R9GD9,Amazon Estados Unidos
,B0CHFFRS51,1,Bebé,disponible,,2025-11-03T14:48:34.546Z,2025-11-03T20:44:43.300Z,875.55,$879.55,"Hosuly Banister Guard - Red de balcón de 15 x 3 pies para niños, mascotas, red de seguridad para escaleras de bebé, puerta de balcón, red de malla de seguridad para escaleras sin perforación para",https://www.amazon.com.mx/dp/B0CHFFRS51,HNEN
,B09GSB9K7Y,1,Bebé,disponible,,2025-11-03T14:48:34.546Z,2025-11-03T20:44:50.814Z,6254.3,"$6,603.68","bbhugme - Almohada ajustable para embarazo, soporte completo para dormir de lado, firmeza y forma ajustables, soporta espalda, piernas, vientre, caderas para mujeres embarazadas, funda extraíble, rosa",https://www.amazon.com.mx/dp/B09GSB9K7Y,Balkan Store 59
,B07XPS253G,1,Bebé,disponible,,2025-11-03T14:48:34.546Z,2025-11-03T20:44:58.847Z,415.44,$445.17,Molylove Baby Hair Brush with Wooden Handle and Super Soft Goat Bristles for Newborns & Toddlers,https://www.amazon.com.mx/dp/B07XPS253G,SRKSB LLC
,B07S8GWSJD,1,Bebé,disponible,,2025-11-03T14:48:34.546Z,2025-11-03T20:45:08.275Z,506.49,$526.19,"Funda de almohada para niños pequeños de 13 x 18 pulgadas, fundas de almohada pequeñas para almohadas de viaje, funda de almohada para niños pequeños, unicornio verde con globos",https://www.amazon.com.mx/dp/B07S8GWSJD,Corner Stone LLC
,B0CL8W9G93,1,Bebé,disponible,,2025-11-03T14:48:34.547Z,2025-11-03T20:45:16.367Z,599.78,$613.45,"Jungle - Árbol de hojas de huellas dactilares para revelar género, divertido juego de fiesta de baby shower, ideas de fiesta de baby shower, recuerdo de revelación de género, decoración de lona especial significativa",https://www.amazon.com.mx/dp/B0CL8W9G93,Rendomin
,B0C4628FXH,1,Bebé,disponible,,2025-11-03T14:48:34.547Z,2025-11-03T20:45:24.786Z,1066.28,"$1,130.78","Pssoss - Álbum de fotos de 8 x 10 pulgadas con funda de lino espacial de escritura de 8 x 10 pulgadas, capacidad para 20 fotos, ideal para álbumes de fotos de bodas, álbumes de fotos de bebés (gris, 20 bolsillos)",https://www.amazon.com.mx/dp/B0C4628FXH,Lumexa Online MX
,B092ZQHZJS,1,Bebé,disponible,,2025-11-03T14:48:34.547Z,2025-11-03T20:45:33.215Z,430.02,$537.70,"MARPPY - Juguetes de baño, aro de baloncesto para tina para niños pequeños, niños y niñas con 4 bolas suaves, sin moho y ventosa fuerte, juego de disparo en tina y juguetes divertidos para niños o niñas",https://www.amazon.com.mx/dp/B092ZQHZJS,Amazon Estados Unidos
,B06XKGJ4YT,1,Bebé,disponible,,2025-11-03T14:48:34.547Z,2025-11-03T20:45:40.958Z,671.41,$688.97,Touched by Nature Saco de Dormir de algodón orgánico,https://www.amazon.com.mx/dp/B06XKGJ4YT,GUTTIDIRECT
,B09F2C8GZ2,1,Bebé,disponible,,2025-11-03T14:48:34.547Z,2025-11-03T20:45:49.754Z,1157.46,"$1,180.88","Calentador de toallitas para bebés, calentador de toallitas húmedas y dispensador de toallitas húmedas para bebés, control de temperatura inteligente y preciso, gran capacidad, silencio de calefacción",https://www.amazon.com.mx/dp/B09F2C8GZ2,RVDSHOP
,B00X21UAYK,1,Bebé,disponible,,2025-11-03T14:48:34.547Z,2025-11-03T20:45:58.187Z,521.48,$543.22,"Luvable Friends - Paños Unisex de algodón para eructos con Relleno de Fibra, Perro, Talla única",https://www.amazon.com.mx/dp/B00X21UAYK,GUTTIDIRECT
,B071YMTCF8,1,Bebé,disponible,,2025-11-03T14:48:34.547Z,2025-11-03T20:46:05.851Z,3535.17,"$4,765.24","Melissa & Doug Baúl de Madera para Juguetes, Baúl de Madera Resistente, 2.3 Metros Cúbicos de Almacenamiento, Fácil de Armar, Blanco",https://www.amazon.com.mx/dp/B071YMTCF8,Amazon Estados Unidos
,B08G85NWNM,1,Bebé,disponible,,2025-11-03T14:48:34.547Z,2025-11-03T20:46:17.660Z,588.92,$588.93,"HusMait - Cepillo para botellas con mango de madera extra largo y cerdas fuertes – Limpia y limpia frascos de boca ancha, vasos y platos difíciles de alcanzar",https://www.amazon.com.mx/dp/B08G85NWNM,MSTZKN SHİPMENT
,B09G6JCX66,1,Bebé,disponible,,2025-11-03T14:48:34.548Z,2025-11-03T20:46:27.126Z,672.87,$672.88,"Paños de muselina para eructos para bebé, 100% algodón, súper absorbentes, suaves, toallas de baño, para eructos para bebé y niño, gran regalo para recién nacidos, 10 x 20 pulgadas, paquete de 4",https://www.amazon.com.mx/dp/B09G6JCX66,KRONOS STORE
,B00X24OMAA,1,Bebé,disponible,,2025-11-03T14:48:34.548Z,2025-11-03T20:46:35.620Z,836.26,$846.77,"Touched by Nature Funda unisex de algodón orgánico para bebé, bosque, talla única",https://www.amazon.com.mx/dp/B00X24OMAA,GREENJIN
,B08CBK97LJ,1,Bebé,disponible,,2025-11-03T14:48:34.548Z,2025-11-03T20:46:43.874Z,914.07,$914.07,"Potty Time: El reloj original para orinal |resistente al agua | Ayuda para entrenamiento de inodoro para niños pequeños, garantía incluida, Pink + Battery Kit, Pink + Battery Kit, Tradicional",https://www.amazon.com.mx/dp/B08CBK97LJ,SHENDULLAR LTD
,B08SGNZRRY,1,Bebé,disponible,,2025-11-03T14:48:34.548Z,2025-11-03T20:46:51.922Z,673.82,$870.27,"Ginsey Disney Mickey Mouse - Toalla de Secado de Pelo para niños, Color Negro",https://www.amazon.com.mx/dp/B08SGNZRRY,SHENDULLAR LTD
,B08FSS1VXG,1,Bebé,disponible,,2025-11-03T14:48:48.346Z,2025-11-03T20:46:59.142Z,3657.91,"$3,891.44","Apricity Baby Apricity - Cambiador para bebé, impermeable y antideslizante, cambiador de pañales fácil de limpiar para cambiador, grande y portátil para recién nacidos y niños pequeños, color gris frío",https://www.amazon.com.mx/dp/B08FSS1VXG,Rendomin
,B01GU4L2CE,1,Bebé,disponible,,2025-11-03T14:48:48.346Z,2025-11-03T20:47:07.794Z,2899.32,"$3,078.78","Learniture - Taburete de Aprendizaje Activo sin Respaldo para escritorios de Oficina y aulas, Silla de Aprendizaje Activo con Movimiento mecedor, 18 Pulgadas de Alto, Rojo",https://www.amazon.com.mx/dp/B01GU4L2CE,HNEN
,B07W4M5B23,1,Bebé,disponible,,2025-11-03T14:48:48.346Z,2025-11-03T20:47:16.792Z,1341.3,"$1,767.01",Minnie Jr Activity Table Set with One Chairs,https://www.amazon.com.mx/dp/B07W4M5B23,Amazon Estados Unidos