also_appears_in,asin,batch_number,category,disponibilidad_mx,disponibilidad_usa,error_verificacion_mx,error_verificacion_usa,extracted_at,fecha_verificacion_mx,fecha_verificacion_usa,precio_actual_mx,precio_actual_usd,price,title,url_mx,url_usa,vendedor_actual_mx,vendedor_actual_usa
,B0BFRWHZX4,1,Alimentos y Bebidas,disponible,no disponible,,,2025-10-31T20:09:35.148Z,2025-11-01T14:36:31.153Z,2025-11-02T14:22:00.951Z,660,,$632.65,"SAREKS Granos De Albaricoque Amargo Orgánico Crudo (10Oz),% 100 Semillas Orgánicas Certificadas Usda, No Ogm, Producto De Pavo, Sin Gluten, Bolsa Resellable",https://www.amazon.com.mx/dp/B0BFRWHZX4,https://www.amazon.com/dp/B0BFRWHZX4,REG VITAMINS,
,B08NYFRJM1,1,Alimentos y Bebidas,disponible,no disponible,,,2025-10-31T20:09:35.149Z,2025-11-01T14:36:42.195Z,2025-11-02T14:22:12.611Z,876.56,,$904.53,AULVERTA Paquete de 3 mezcla de postre Dream Whip 170 g 6 oz Añade sabor dulce y textura cremosa a todos tus postres favoritos {importado de Canadá},https://www.amazon.com.mx/dp/B08NYFRJM1,https://www.amazon.com/dp/B08NYFRJM1,ProductosTX ⭐ ⭐ ⭐ ⭐ ⭐,
,B08DT8DWQY,1,Alimentos y Bebidas,disponible,no disponible,,,2025-10-31T20:09:35.149Z,2025-11-01T14:36:50.294Z,2025-11-02T14:22:20.253Z,1293.71,,"$1,314.41",frijoles (Farro),https://www.amazon.com.mx/dp/B08DT8DWQY,https://www.amazon.com/dp/B08DT8DWQY,Bluforest Mx,
,B07XJRP647,1,Alimentos y Bebidas,disponible,no disponible,,,2025-10-31T20:09:35.149Z,2025-11-01T14:36:57.841Z,2025-11-02T14:22:26.814Z,1772.73,,"$1,728.64","Monk Drops – 100% edulcorante líquido de monjes, cero glicémica, cero calorías, cero azúcar, sin agua añadida, fruta de monje concentrada (350 porciones) 8 Fl Oz (Pack of 1)",https://www.amazon.com.mx/dp/B07XJRP647,https://www.amazon.com/dp/B07XJRP647,Living Storers,
,B0755FQD9L,1,Alimentos y Bebidas,disponible,no disponible,,,2025-10-31T20:09:35.149Z,2025-11-01T14:37:06.480Z,2025-11-02T14:22:33.352Z,467,,$458.46,"Paquete de 50 adornos para cupcakes con purpurina dorada para tartas de matrimonio, compromiso, aniversario, cumpleaños, fiesta de San Valentín, decoración de pasteles",https://www.amazon.com.mx/dp/B0755FQD9L,https://www.amazon.com/dp/B0755FQD9L,BG3 STORE,
,B08W9JN4X6,1,Alimentos y Bebidas,disponible,no disponible,,,2025-10-31T20:09:35.149Z,2025-11-01T14:37:14.420Z,2025-11-02T14:22:40.721Z,544.09,,$536.92,"Organic Way Amla Seca/Grosella Espinosa India Cortada Y Tamizada (Phyllanthus Emblica) - Certificado Orgánico Y Kosher | Crudo, Vegano, Sin Omg Y Sin Gluten | Certificado Usda | Origen - Ind",https://www.amazon.com.mx/dp/B08W9JN4X6,https://www.amazon.com/dp/B08W9JN4X6,Corner Stone LLC,
,B0CWJ1CHKF,1,Alimentos y Bebidas,disponible,no disponible,,,2025-10-31T20:09:35.149Z,2025-11-01T14:37:22.554Z,2025-11-02T14:22:47.794Z,1659.9,,"$1,587.58","MALK Leche de almendras orgánica sin azúcar - 32 fl oz - Paquete de 6 - Sin OGM, aprobada por Whole 30, sin lácteos - 32 onzas líquidas",https://www.amazon.com.mx/dp/B0CWJ1CHKF,https://www.amazon.com/dp/B0CWJ1CHKF,FAVORİ STORE,
,B00RHX95JK,1,Alimentos y Bebidas,disponible,no disponible,,,2025-10-31T20:09:35.149Z,2025-11-01T14:37:31.076Z,2025-11-02T14:22:55.336Z,343.52,,$344.77,"Ensalada Pizazz! Almendras Toppings, Miel tostado con arándanos – Mezcla de aperitivos y ensalada – 3.5 oz (3.5 oz) bolsa resellable",https://www.amazon.com.mx/dp/B00RHX95JK,https://www.amazon.com/dp/B00RHX95JK,ProductosTX ⭐ ⭐ ⭐ ⭐ ⭐,
,B08ZYBZS6M,1,Alimentos y Bebidas,disponible,no disponible,,,2025-10-31T20:09:35.149Z,2025-11-01T14:37:38.995Z,2025-11-02T14:23:03.163Z,635.96,,$632.65,ORGANIC Hojicha Powder [100g/3.5oz] Premium culinary grade from Shizuoka Japan | Japanese Tea KIMIKURA,https://www.amazon.com.mx/dp/B08ZYBZS6M,https://www.amazon.com/dp/B08ZYBZS6M,SIDE SHOP,
,B0D5JYKKCQ,1,Alimentos y Bebidas,disponible,no disponible,,,2025-10-31T20:09:35.150Z,2025-11-01T14:37:46.745Z,2025-11-02T14:23:10.979Z,833.1,,$832.40,"Algae Cooking Club Aceite de cocina 100 % de algas de calidad de chef, punto de humo alto de 535 F, alto oleico, neutro, sin aceite de semilla, versátil, para freír, asar a la parrilla, hornear y ensa",https://www.amazon.com.mx/dp/B0D5JYKKCQ,https://www.amazon.com/dp/B0D5JYKKCQ,SRKSB LLC,
,B01FLKVRC8,1,Alimentos y Bebidas,disponible,no disponible,,,2025-10-31T20:09:35.150Z,2025-11-01T14:37:55.697Z,2025-11-02T14:23:18.206Z,793.21,,$776.36,"Té Rooibos, té orgánico certificado por USDA, mi té rojo. Sin etiquetas, Sudáfrica, 100% puro, de origen único, natural, apto para agricultores, sin OMG y sin cafeína",https://www.amazon.com.mx/dp/B01FLKVRC8,https://www.amazon.com/dp/B01FLKVRC8,✨Aurorix A,
,B07BRZYSK1,1,Alimentos y Bebidas,disponible,no disponible,,,2025-10-31T20:09:35.150Z,2025-11-01T14:38:03.658Z,2025-11-02T14:23:26.835Z,2358.64,,"$2,321.07",Aceite de oliva virgen extra orgánico prensado en frío premiado premio - variedad única 3 Liter Tin,https://www.amazon.com.mx/dp/B07BRZYSK1,https://www.amazon.com/dp/B07BRZYSK1,Rendomin,
,B0DQVL3XMV,1,Alimentos y Bebidas,disponible,no disponible,,,2025-10-31T20:09:35.150Z,2025-11-01T14:38:10.599Z,2025-11-02T14:23:33.401Z,1341.37,,"$1,338.40","IASO Té Instantáneo (Original): Té Práctico para Un Estilo de Vida Equilibrado, Suave Y Refrescante, 25 Bolsitas (1 Paquete)",https://www.amazon.com.mx/dp/B0DQVL3XMV,https://www.amazon.com/dp/B0DQVL3XMV,MYSILKROAD LLC,
,B0CXPG8SNH,1,Alimentos y Bebidas,disponible,no disponible,,,2025-10-31T20:09:35.150Z,2025-11-01T14:38:18.703Z,2025-11-02T14:23:40.490Z,473.05,,$632.42,"ORGFUN Grano De Vainilla En Polvo 3.53 Oz, Polvo De Vainilla De Madagascar Molido Nativo Puro Natural Sin Rellenos Ni Aditivos Ideal Para Hornear, Postres, Café Vegano Sin Gluten 100G",https://www.amazon.com.mx/dp/B0CXPG8SNH,https://www.amazon.com/dp/B0CXPG8SNH,ProductosTX ⭐ ⭐ ⭐ ⭐ ⭐,
,B081R5PX1D,1,Alimentos y Bebidas,disponible,no disponible,,,2025-10-31T20:09:35.150Z,2025-11-01T14:38:27.043Z,2025-11-02T14:23:47.961Z,691.9,,$679.42,"True Organic Canela De Ceilán En Polvo, 1 Lb, Sin Gluten, Certificado Usda Y Kosher, Canela Orgánica En Polvo, Canela Molida, Sin Ogm, Ceilán Calidad Premium",https://www.amazon.com.mx/dp/B081R5PX1D,https://www.amazon.com/dp/B081R5PX1D,MARVEL INC.,
,B088KMGV47,1,Alimentos y Bebidas,disponible,no disponible,,,2025-10-31T20:09:35.150Z,2025-11-01T14:38:35.071Z,2025-11-02T14:23:56.494Z,646.27,,$626.25,Monograno Felicetti Pasta de codo italiana orgánica de chiocciole hecha con kamut 17.64 Ounce,https://www.amazon.com.mx/dp/B088KMGV47,https://www.amazon.com/dp/B088KMGV47,KRONOS STORE,
,B076YMFFGZ,1,Alimentos y Bebidas,disponible,no disponible,,,2025-10-31T20:09:47.575Z,2025-11-01T14:38:43.324Z,2025-11-02T14:24:03.341Z,1012.64,,"$1,011.94","Mighty Apricot Usda Granos De Albaricoque Amargo Orgánico (1Lb) 16Oz, Semillas De Albaricoque Amargo Crudo Natural, Vegano, Sin Ogm, Sin Gluten, Gran Fuente De Vitamina B17 Y B15, Máximo 3 G",https://www.amazon.com.mx/dp/B076YMFFGZ,https://www.amazon.com/dp/B076YMFFGZ,De Todo Mercado,
,B08X1BJTSR,1,Alimentos y Bebidas,disponible,no disponible,,,2025-10-31T20:09:47.575Z,2025-11-01T14:38:52.946Z,2025-11-02T14:24:11.027Z,536.26,,$531.43,New Orleans Roast Achicoria Francesa 100% Pura - 12 Oz (Paquete De 1),https://www.amazon.com.mx/dp/B08X1BJTSR,https://www.amazon.com/dp/B08X1BJTSR,Corner Stone LLC,
,B015SQAQV8,1,Alimentos y Bebidas,disponible,no disponible,,,2025-10-31T20:09:47.575Z,2025-11-01T14:39:00.219Z,2025-11-02T14:24:18.829Z,1047.3,,"$1,041.84","Leche de coco condensada endulzada Nature's Charm, 11.25 oz.",https://www.amazon.com.mx/dp/B015SQAQV8,https://www.amazon.com/dp/B015SQAQV8,SIDE SHOP,
,B09MJGMT4V,1,Alimentos y Bebidas,disponible,no disponible,,,2025-10-31T20:09:47.576Z,2025-11-01T14:39:07.897Z,2025-11-02T14:24:26.312Z,1595.28,,"$1,489.20","MUDWTR Mudwtr Original (30 Porciones) - Mezcla Orgánica De Cacao, Hongos Beneficiosos Y Chai Masala - Natural Energy & Focus - Alternativa Al Café",https://www.amazon.com.mx/dp/B09MJGMT4V,https://www.amazon.com/dp/B09MJGMT4V,FAVORİ STORE,
,B0CNNS1636,1,Alimentos y Bebidas,disponible,no disponible,,,2025-10-31T20:09:47.576Z,2025-11-01T14:39:21.213Z,2025-11-02T14:24:39.131Z,1070.18,,"$1,055.56","STELLAR CHEMICAL CORP Stellar - Sebo de res - 100 % alimentado con pasto - Apto para cocinar, hornear y freír - Grado alimenticio - 2 lb",https://www.amazon.com.mx/dp/B0CNNS1636,https://www.amazon.com/dp/B0CNNS1636,MARVEL INC.,
,B0CMZ9JBHJ,1,Alimentos y Bebidas,disponible,no disponible,,,2025-10-31T20:09:47.576Z,2025-11-01T14:39:29.040Z,2025-11-02T14:24:46.041Z,605.61,,$575.56,"RBUGR Polvo De Brillo Comestible, Paquete De Purpurina Comestible De 12 Colores, Polvo Comestible Con Purpurina De Cóctel, Polvo Comestible De Brillo Vegano, Polvo De Bebida Con Purpurina Pa",https://www.amazon.com.mx/dp/B0CMZ9JBHJ,https://www.amazon.com/dp/B0CMZ9JBHJ,SELCUK LLC,
,B00FDM7UHQ,1,Alimentos y Bebidas,disponible,no disponible,,,2025-10-31T20:09:47.576Z,2025-11-01T14:39:38.762Z,2025-11-02T14:24:54.924Z,753.1,,$766.30,"Brothers-ALL-Natural Frutas, variedad Mickey Mouse Clubhouse, 3.6 onzas (paquete de 12)",https://www.amazon.com.mx/dp/B00FDM7UHQ,https://www.amazon.com/dp/B00FDM7UHQ,ProductosTX ⭐ ⭐ ⭐ ⭐ ⭐,
,B0D99QG485,1,Alimentos y Bebidas,disponible,no disponible,,,2025-10-31T20:09:47.576Z,2025-11-01T14:39:47.233Z,2025-11-02T14:25:02.548Z,1453.13,,"$1,445.56","Once Upon a Farm Barra Horneada Blanda de Manzana Y Avena Orgánica | Manzana, Canela, Calabaza Y Avena | Hecha Con Frutas Y Verduras de Verdad | Sin Azúcar Añadido | 8 Cajas",https://www.amazon.com.mx/dp/B0D99QG485,https://www.amazon.com/dp/B0D99QG485,SIDE SHOP,
,B0CBHSYHMQ,1,Alimentos y Bebidas,disponible,no disponible,,,2025-10-31T20:09:47.576Z,2025-11-01T14:39:56.355Z,2025-11-02T14:25:10.373Z,513.18,,$512.70,"Grelim Grelim Vainilla En Polvo, 100% Pura Polvo De Vainilla De Madagascar Molida Sin Gluten Sin Rellenos Ni Aditivos Ideal Para Hornear, Café, Batidos 2.11 Oz (60 G)",https://www.amazon.com.mx/dp/B0CBHSYHMQ,https://www.amazon.com/dp/B0CBHSYHMQ,ProductosTX ⭐ ⭐ ⭐ ⭐ ⭐,
,B0DFG67BHH,1,Alimentos y Bebidas,disponible,no disponible,,,2025-10-31T20:09:47.576Z,2025-11-01T14:40:04.737Z,2025-11-02T14:25:17.214Z,1156.47,,"$1,149.68","FLOR de LA JARA Aceite de Oliva Virgen Extra Premium de España, Primera Presión En Frío, Rico En Polifenoles, Monovarietal Picual, Aceitunas Recolectadas A Mano, Finca Familiar, Baja Acidez(0,1%) 500",https://www.amazon.com.mx/dp/B0DFG67BHH,https://www.amazon.com/dp/B0DFG67BHH,SRKSB LLC,
,B0CB4W897C,1,Alimentos y Bebidas,disponible,no disponible,,,2025-10-31T20:09:47.576Z,2025-11-01T14:40:12.519Z,2025-11-02T14:25:24.298Z,1599.44,,"$1,592.47","Baja Gold Sal Marina Mineral, Moler Fino, 5 Lb. Bolsa",https://www.amazon.com.mx/dp/B0CB4W897C,https://www.amazon.com/dp/B0CB4W897C,SRKSB LLC,
,B0BY94762R,1,Alimentos y Bebidas,disponible,no disponible,,,2025-10-31T20:09:47.576Z,2025-11-01T14:40:21.916Z,2025-11-02T14:25:31.125Z,624.94,,$623.05,"Grelim Polvo De Camote Morado Premium 8 Oz, Ube Natural Puro (Ñame Morado) Polvo Sin Gluten Vegano Sin Ogm Polvo Colorante Alimenticio Morado 227G",https://www.amazon.com.mx/dp/B0BY94762R,https://www.amazon.com/dp/B0BY94762R,SRKSB LLC,
,B0D164PLHC,1,Alimentos y Bebidas,disponible,no disponible,,,2025-10-31T20:09:47.577Z,2025-11-01T14:40:30.318Z,2025-11-02T14:25:37.740Z,576.47,,$574.84,"Yummy-Yamaguchi Polvo De Esporas Iniciantes | Hecho En Japón | (0.7 Oz = 20G, (B) Chohaku Kin Mejorado (Muy Blanco))",https://www.amazon.com.mx/dp/B0D164PLHC,https://www.amazon.com/dp/B0D164PLHC,SRKSB LLC,
,B0BVPPY8RN,1,Alimentos y Bebidas,disponible,no disponible,,,2025-10-31T20:09:47.577Z,2025-11-01T14:40:38.473Z,2025-11-02T14:25:45.463Z,610.47,,$608.66,"Sujoygar Brillo Brillo Comestible Para Cócteles Tortas Bebidas Chocolates Cupcakes - Juego De 6 Colores, Polvo De Brillo Dorado Comestible, Bebida Brillo Cóctel, Decoración De Pastel Comesti",https://www.amazon.com.mx/dp/B0BVPPY8RN,https://www.amazon.com/dp/B0BVPPY8RN,SRKSB LLC,
,B09D42G6HV,1,Alimentos y Bebidas,disponible,no disponible,,,2025-10-31T20:09:47.577Z,2025-11-01T14:40:46.305Z,2025-11-02T14:25:52.722Z,938.57,,$935.15,Cornhusker Kitchen | Tina De Sebo Wagyu Rendido Premium | Apto Para Paleo Y Keto | Hecho En Ee. Uu. | Las Vacas Son Alimentadas Con Maíz | Tina De 1.5 Lb,https://www.amazon.com.mx/dp/B09D42G6HV,https://www.amazon.com/dp/B09D42G6HV,SRKSB LLC,
,B096LCV3X1,1,Alimentos y Bebidas,disponible,no disponible,,,2025-10-31T20:09:47.577Z,2025-11-01T14:40:53.971Z,2025-11-02T14:26:00.021Z,1529.44,,"$1,427.74","Slate Leche - Batido De Leche Alto En Proteína - Paquete Variable De Chocolate - Chocolate, Chocolate Negro, Moca Latte - Sin Lactosa, 20G De Proteína, 1G De Azúcar, 100-110 Calorías, 1-3G D",https://www.amazon.com.mx/dp/B096LCV3X1,https://www.amazon.com/dp/B096LCV3X1,FAVORİ STORE,
,B07GBJ8WTH,1,Alimentos y Bebidas,disponible,no disponible,,,2025-10-31T20:09:56.766Z,2025-11-01T14:41:03.962Z,2025-11-02T14:26:08.313Z,789.73,,$784.58,"Dutchman's palomitas de maíz aceite de coco | Aceite con sabor a mantequilla, tarro de 30 onzas – Coloreado con beta caroteno natural, hace palomitas de maíz estilo teatro, mejor clasificado, vegano, saludable, sin grasas, sin gluten, fabricado en Estados Unidos",https://www.amazon.com.mx/dp/B07GBJ8WTH,https://www.amazon.com/dp/B07GBJ8WTH,SRKSB LLC,
,B07JH4NG6R,1,Alimentos y Bebidas,disponible,no disponible,,,2025-10-31T20:09:56.767Z,2025-11-01T14:41:12.890Z,2025-11-02T14:26:16.128Z,406.98,,$404.86,Extracto de Ube por Butterfly 2 oz,https://www.amazon.com.mx/dp/B07JH4NG6R,https://www.amazon.com/dp/B07JH4NG6R,Corner Stone LLC,
,B07XYKLY1K,1,Alimentos y Bebidas,disponible,no disponible,,,2025-10-31T20:09:56.767Z,2025-11-01T14:41:20.650Z,2025-11-02T14:26:23.883Z,569.52,,$565.85,"DAANA Aceite De Mostaza: Orgánico Usda Certificado, Virgen Extra, Prensado En Frío (12 Oz)",https://www.amazon.com.mx/dp/B07XYKLY1K,https://www.amazon.com/dp/B07XYKLY1K,Corner Stone LLC,
,B0DJQGZM96,1,Alimentos y Bebidas,disponible,no disponible,,,2025-10-31T20:09:56.767Z,2025-11-01T14:41:28.945Z,2025-11-02T14:26:31.328Z,578.29,,$632.65,"HAIKISS Tripa de cerdo natural, tripa comestible para hacer salchichas, grado A, preentubada, ideal para palitos de bo 34-36 mm (1 3/8 ""-1 7/16"")",https://www.amazon.com.mx/dp/B0DJQGZM96,https://www.amazon.com/dp/B0DJQGZM96,Rendomin,
,B0B8DHYD2Z,1,Alimentos y Bebidas,disponible,no disponible,,,2025-10-31T20:09:56.767Z,2025-11-01T14:41:36.808Z,2025-11-02T14:26:37.938Z,706.93,,$704.62,"JOLOCHIP Last-Chip-Challenge (paquete de 1) | Tortilla Chip extremadamente picante | La papa más picante del mundo | E 0,18 onzas (paquete de 1)",https://www.amazon.com.mx/dp/B0B8DHYD2Z,https://www.amazon.com/dp/B0B8DHYD2Z,SRKSB LLC,
,B08L1F1PQR,1,Alimentos y Bebidas,disponible,no disponible,,,2025-10-31T20:09:56.767Z,2025-11-01T14:41:44.247Z,2025-11-02T14:26:45.558Z,938.9,,$934.00,El Maragato Fabada Asturiana Frijoles secos 1 kg (1 kilo),https://www.amazon.com.mx/dp/B08L1F1PQR,https://www.amazon.com/dp/B08L1F1PQR,SIDE SHOP,
,B00CPD7CTW,1,Alimentos y Bebidas,disponible,no disponible,,,2025-10-31T20:09:56.767Z,2025-11-01T14:41:52.255Z,2025-11-02T14:26:52.090Z,467.2,,$469.52,"Good Nature Organic Nettle Tea, 1.058 Ounce",https://www.amazon.com.mx/dp/B00CPD7CTW,https://www.amazon.com/dp/B00CPD7CTW,ProductosTX ⭐ ⭐ ⭐ ⭐ ⭐,
,B0CC6KVCLH,1,Alimentos y Bebidas,disponible,no disponible,,,2025-10-31T20:09:56.767Z,2025-11-01T14:42:00.293Z,2025-11-02T14:26:59.193Z,1017.84,,"$1,017.85","Pete'S Pasta- Paquete variado de 8 oz: penne, rotini, coditos, 7 g de pasta baja en carbohidratos, 17 g de pasta alta en proteínas, auténticos fideos italianos cetogénicos, coditos saludables y bajos",https://www.amazon.com.mx/dp/B0CC6KVCLH,https://www.amazon.com/dp/B0CC6KVCLH,MYSILKROAD LLC,
,B07F1H2FN8,1,Alimentos y Bebidas,disponible,no disponible,,,2025-10-31T20:09:56.767Z,2025-11-01T14:42:13.263Z,2025-11-02T14:27:12.029Z,494.04,,$495.79,"Aceite de palma roja, 16.9 onzas líquidas",https://www.amazon.com.mx/dp/B07F1H2FN8,https://www.amazon.com/dp/B07F1H2FN8,ProductosTX ⭐ ⭐ ⭐ ⭐ ⭐,
,B07VSHFTVV,1,Alimentos y Bebidas,disponible,no disponible,,,2025-10-31T20:09:56.768Z,2025-11-01T14:42:21.054Z,2025-11-02T14:27:20.830Z,474.04,,$471.57,"Big Green Organic Food - Arroz negro extraordinario, sin gluten, sin OGM, vegano, kosher 1 libra (paquete de 1)""",https://www.amazon.com.mx/dp/B07VSHFTVV,https://www.amazon.com/dp/B07VSHFTVV,Corner Stone LLC,
,B08PV2LYFG,1,Alimentos y Bebidas,disponible,no disponible,,,2025-10-31T20:09:56.768Z,2025-11-01T14:42:29.934Z,2025-11-02T14:27:28.690Z,571.31,,$565.38,Freshpak Rooibos Tea | 80 Tagless Teabags | Natural Rooibos | Naturally Caffeine Free | Keto Friendly | Rooibos From South Africa | Non GMO,https://www.amazon.com.mx/dp/B08PV2LYFG,https://www.amazon.com/dp/B08PV2LYFG,MARVEL INC.,
,B0D4Q56LTV,1,Alimentos y Bebidas,disponible,no disponible,,,2025-10-31T20:09:56.768Z,2025-11-01T14:42:37.421Z,2025-11-02T14:27:36.401Z,562.01,,$560.45,"Sakura Box Matcha Milk Uji Double Rich Latte de Tsujiri, bolsa resellable de 160 g. Fabricado en Kioto, Japón.",https://www.amazon.com.mx/dp/B0D4Q56LTV,https://www.amazon.com/dp/B0D4Q56LTV,SRKSB LLC,
,B0CWMY8LZC,1,Alimentos y Bebidas,disponible,no disponible,,,2025-10-31T20:09:56.768Z,2025-11-01T14:42:45.019Z,2025-11-02T14:27:45.014Z,1279.44,,"$1,273.97",Polvo de Cacao,https://www.amazon.com.mx/dp/B0CWMY8LZC,https://www.amazon.com/dp/B0CWMY8LZC,SRKSB LLC,
,B0CBKW5WRF,1,Alimentos y Bebidas,disponible,no disponible,,,2025-10-31T20:09:56.768Z,2025-11-01T14:42:53.937Z,2025-11-02T14:27:53.120Z,638.75,,$639.27,"GUSTO ETNA Crema Dulce Para Untar De Mantequilla De Pistacho, 6.7 Oz (190G) Crema De Pistacho Rica Y Nuez Para Untar Para Barras De Chocolate De Pistacho Knafeh, Pasta De Pistacho Italiana, Produ",https://www.amazon.com.mx/dp/B0CBKW5WRF,https://www.amazon.com/dp/B0CBKW5WRF,SRKSB LLC,
,B08HFRYG4N,1,Alimentos y Bebidas,disponible,no disponible,,,2025-10-31T20:09:56.768Z,2025-11-01T14:43:01.662Z,2025-11-02T14:28:00.017Z,774.91,,$770.87,"Bluestem Botanicals Jarabe de romero simple para cócteles de , Mezcladores para cócteles, Mezcladores para cócteles sin alcohol pa 8 onzas líquidas (paquete de 1",https://www.amazon.com.mx/dp/B08HFRYG4N,https://www.amazon.com/dp/B08HFRYG4N,SIDE SHOP,
,B07DRG6897,1,Alimentos y Bebidas,disponible,no disponible,,,2025-10-31T20:09:56.768Z,2025-11-01T14:43:09.406Z,2025-11-02T14:28:06.972Z,593.63,,$590.84,"Aceite de salvado de arroz GAMMA ONE, 1 litro",https://www.amazon.com.mx/dp/B07DRG6897,https://www.amazon.com/dp/B07DRG6897,Rendomin,
,B0812CDL9P,1,Alimentos y Bebidas,disponible,no disponible,,,2025-10-31T20:10:05.938Z,2025-11-01T14:43:17.237Z,2025-11-02T14:28:14.793Z,536.86,,$532.83,"Big Green Organic Food - Ramen De Mijo Orgánico, Sin Gluten, Sin Lectinas, Sin Ogm, Vegana, Alternativa De Trigo Y Arroz (2.11 Onzas (5 Piezas))",https://www.amazon.com.mx/dp/B0812CDL9P,https://www.amazon.com/dp/B0812CDL9P,MSTZKN SHİPMENT,
,B0DVTHQN2W,1,Alimentos y Bebidas,disponible,no disponible,,,2025-10-31T20:10:05.938Z,2025-11-01T14:43:24.321Z,2025-11-02T14:28:22.627Z,1104.03,,"$1,069.37","Pomegranaze Jugo de granada 100 % orgánico, botella de vidrio de 190 ml (paquete de 6), sin azúcar, sin colorantes artificiales, sin conservantes, sin saborizantes añadidos, sin gluten y koshe.",https://www.amazon.com.mx/dp/B0DVTHQN2W,https://www.amazon.com/dp/B0DVTHQN2W,KRONOS STORE,
,B0BQ5PFCP5,1,Alimentos y Bebidas,disponible,no disponible,,,2025-10-31T20:10:05.938Z,2025-11-01T14:43:32.801Z,2025-11-02T14:28:30.684Z,514.24,,$512.93,CAPYBARA Distributors Inc. Fermaid O Yeast Nutrient - 2 Oz (56.7 G) - Hacer Vino Sidra Mead Kombucha En Casa - Vendido Por,https://www.amazon.com.mx/dp/B0BQ5PFCP5,https://www.amazon.com/dp/B0BQ5PFCP5,SRKSB LLC,
,B09RWC8HWH,1,Alimentos y Bebidas,disponible,no disponible,,,2025-10-31T20:10:05.938Z,2025-11-01T14:43:40.801Z,2025-11-02T14:28:39.421Z,1572.14,,"$1,557.71","Fabula Café Descafeinado Orgánico K-Cups, Tueste Medio, Vainas De Café Bajo En Ácido - Origen Único - Sin Molde - Sin Ogm - Comercio Justo - Compatible Con Máquinas Keurig & Keurig 2-24 Count",https://www.amazon.com.mx/dp/B09RWC8HWH,https://www.amazon.com/dp/B09RWC8HWH,QIANTANG,
,B0CRCR11Y5,1,Alimentos y Bebidas,disponible,no disponible,,,2025-10-31T20:10:05.938Z,2025-11-01T14:43:49.640Z,2025-11-02T14:28:48.274Z,948.06,,$931.49,Dialed Gum Goma Dialed Energy Cafeína (64 Piezas) | 50Mg Cafeína | Goma Sin Azúcar Y Sin Aspartamo Con L-Teanina + Taurina + Vitamina B12 + B6 | Suplemento Nootrópico Energético Y Foco - Gom,https://www.amazon.com.mx/dp/B0CRCR11Y5,https://www.amazon.com/dp/B0CRCR11Y5,M&H Customer Friendly Store,
,B07PFY2M83,1,Alimentos y Bebidas,disponible,no disponible,,,2025-10-31T20:10:05.939Z,2025-11-01T14:43:57.707Z,2025-11-02T14:28:56.193Z,947.01,,$929.24,"ICan - Hígado de bacalao islandés en sabor propio de aceite, tamaño natural, paquete de 6",https://www.amazon.com.mx/dp/B07PFY2M83,https://www.amazon.com/dp/B07PFY2M83,SRKSB LLC,
,B0B6FRV9Y4,1,Alimentos y Bebidas,disponible,no disponible,,,2025-10-31T20:10:05.939Z,2025-11-01T14:44:06.848Z,2025-11-02T14:29:03.251Z,610.35,,$599.06,"Grelim Grelim Sakura Polvo Premium Original De Flor De Cerezo En Polvo Para Hornear, Hecho En Kanagawa Ideal Para Bebidas Primaverales, 4.23 Oz",https://www.amazon.com.mx/dp/B0B6FRV9Y4,https://www.amazon.com/dp/B0B6FRV9Y4,Corner Stone LLC,
,B0BS48X544,1,Alimentos y Bebidas,disponible,no disponible,,,2025-10-31T20:10:05.939Z,2025-11-01T14:44:16.011Z,2025-11-02T14:29:11.330Z,1180.19,,"$1,101.70",Café Romano Café Orgánico Usda Aluminio Espresso Vainas Para Máquina Nespresso Original 100 Paquete De Café Espresso Italiano (Paquete Variado),https://www.amazon.com.mx/dp/B0BS48X544,https://www.amazon.com/dp/B0BS48X544,FAVORİ STORE,
,B07Q3HCKX4,1,Alimentos y Bebidas,disponible,no disponible,,,2025-10-31T20:10:05.939Z,2025-11-01T14:44:25.911Z,2025-11-02T14:29:18.790Z,562.46,,$560.90,"Great Bazaar TAJ Gourmet - Peine de miel de acacia natural crudo, 200 g, color amarillo",https://www.amazon.com.mx/dp/B07Q3HCKX4,https://www.amazon.com/dp/B07Q3HCKX4,SRKSB LLC,
,B0CZPK7X3W,1,Alimentos y Bebidas,disponible,no disponible,,,2025-10-31T20:10:05.939Z,2025-11-01T14:44:34.141Z,2025-11-02T14:29:26.150Z,498.39,,$495.79,"Jordan's Skinny Mixes Jarabe de café sin azúcar Jordan's Skinny Syrups, sabor a jarabe de arándanos y zapatero, saborizante sin calo 25,4 onzas líquidas (paquete d",https://www.amazon.com.mx/dp/B0CZPK7X3W,https://www.amazon.com/dp/B0CZPK7X3W,Corner Stone LLC,
,B09886GWR4,1,Alimentos y Bebidas,disponible,no disponible,,,2025-10-31T20:10:05.939Z,2025-11-01T14:44:42.297Z,2025-11-02T14:29:33.246Z,993.78,,"$1,007.12","Kitchen & Love Arroz de coliflor, precocido, bolsa lista para microondas, estante estable, sin OMG, sin gluten ni lácteos, vegano, vegetariano, 8 onzas, paquete de 6",https://www.amazon.com.mx/dp/B09886GWR4,https://www.amazon.com/dp/B09886GWR4,ProductosTX ⭐ ⭐ ⭐ ⭐ ⭐,
,B0D2K68J3F,1,Alimentos y Bebidas,disponible,no disponible,,,2025-10-31T20:10:05.940Z,2025-11-01T14:44:50.847Z,2025-11-02T14:29:41.617Z,545.79,,$521.31,"Sweet Spell Pétalos de Rosa Secos - Flores Comestibles para Bebidas, Cócteles Y Decoración de Pasteles - Ideales para Hacer Té, Jabón Y Velas - 14 G (0,5 Oz)",https://www.amazon.com.mx/dp/B0D2K68J3F,https://www.amazon.com/dp/B0D2K68J3F,MARVEL INC.,
,B07XZFDLJH,1,Alimentos y Bebidas,disponible,no disponible,,,2025-10-31T20:10:05.940Z,2025-11-01T14:45:04.591Z,2025-11-02T14:29:54.297Z,1251.8,,"$1,249.30",PREMIUM PLANTATION BLUE TRADITION CLASS EXPERIENCE 100% Blue Mountain Coffee Granos Enteros Tostados Medianos De Jamaica (8Oz),https://www.amazon.com.mx/dp/B07XZFDLJH,https://www.amazon.com/dp/B07XZFDLJH,MYSILKROAD LLC,
,B00PACE7W0,1,Alimentos y Bebidas,disponible,no disponible,,,2025-10-31T20:10:05.940Z,2025-11-01T14:45:12.617Z,2025-11-02T14:30:02.579Z,367.06,,$363.45,Mini Moon Pies 12ct Box (Pack of 1) (Banana),https://www.amazon.com.mx/dp/B00PACE7W0,https://www.amazon.com/dp/B00PACE7W0,PEACEE STOREE,
,B07ZZCM9SZ,1,Alimentos y Bebidas,disponible,no disponible,,,2025-10-31T20:10:05.940Z,2025-11-01T14:45:20.723Z,2025-11-02T14:30:09.714Z,1251.52,,"$1,251.52","Pure Protein Chocolate Protein Shake, 30g Complete Protein, Ready to Drink and Keto-Friendly, Vitamins A, C, D, and E plus Zinc to Support Immune Health, 11oz Bottles, 12 Pack",https://www.amazon.com.mx/dp/B07ZZCM9SZ,https://www.amazon.com/dp/B07ZZCM9SZ,SIDE SHOP,
,B0CSKT3G3V,1,Alimentos y Bebidas,disponible,no disponible,,,2025-10-31T20:10:05.940Z,2025-11-01T14:45:30.342Z,2025-11-02T14:30:16.510Z,1192.65,,"$1,183.27","Native Vanilla 50 Habas De Vainilla Madagascar Orgánicas - Cápsulas De Vainilla Premium Gourmet Grade A - Para Extracto De Vainilla Y Hornear - Para Cocinar, Postres Y Más - 100% Vegano Y Ko",https://www.amazon.com.mx/dp/B0CSKT3G3V,https://www.amazon.com/dp/B0CSKT3G3V,MYSILKROAD LLC,
,B0D9RRPVM3,1,Alimentos y Bebidas,disponible,no disponible,,,2025-10-31T20:10:21.822Z,2025-11-01T14:45:38.972Z,2025-11-02T14:30:24.469Z,544.35,,$536.92,"Amazonian Treasure Bolsitas de té de guayusa orgánico, caja de 20, alternativa al café, 50 mg de cafeína natural, mezcla premium, potenciador de energPequeño",https://www.amazon.com.mx/dp/B0D9RRPVM3,https://www.amazon.com/dp/B0D9RRPVM3,MARVEL INC.,
,B0BJL9HYNW,1,Alimentos y Bebidas,disponible,no disponible,,,2025-10-31T20:10:21.822Z,2025-11-01T14:45:47.213Z,2025-11-02T14:30:31.920Z,935.22,,$930.35,BRIGHT MINUTE Infusión de guayusa 50 bolsitas de té | Alternativa y complemento del café | 55 mg de cafeína natural por bol Verde y naranja,https://www.amazon.com.mx/dp/B0BJL9HYNW,https://www.amazon.com/dp/B0BJL9HYNW,SIDE SHOP,
,B096H86CMZ,1,Alimentos y Bebidas,disponible,no disponible,,,2025-10-31T20:10:21.822Z,2025-11-01T14:45:54.434Z,2025-11-02T14:30:39.311Z,767.6,,$733.90,Bixa Cuajo Microbiano En Polvo Para Elaboración De Queso | Vegetariano | Coagulante De Leche | Sin Ogm | Cuajo En Polvo | Cuajo Para Queso | 3.52 Oz.,https://www.amazon.com.mx/dp/B096H86CMZ,https://www.amazon.com/dp/B096H86CMZ,Rozerin Store,
,B0BR8M17X6,1,Alimentos y Bebidas,disponible,no disponible,,,2025-10-31T20:10:21.822Z,2025-11-01T14:46:02.409Z,2025-11-02T14:30:47.037Z,471.84,,$474.77,Fire Department Coffee - Devuelva A Los Bomberos - Café Espresso Molido Con Cuerpo Y Atrevido Cráneo - Tostado En Los Estados Unidos - Hecho A Mano Con Granos De Café Premium - Propiedad De Veter,https://www.amazon.com.mx/dp/B0BR8M17X6,https://www.amazon.com/dp/B0BR8M17X6,M&H Customer Friendly Store,
,B0DLJGGH4Z,1,Alimentos y Bebidas,disponible,no disponible,,,2025-10-31T20:10:21.822Z,2025-11-01T14:46:09.631Z,2025-11-02T14:30:54.768Z,729.21,,$725.41,Utama - Cítricos deshidratados - 50+ piezas de limón seco/lima/naranja/toronja - Cóctel/guarnición de alimentos - Potpourri de cítricos - Caja de frutas secas mixtas,https://www.amazon.com.mx/dp/B0DLJGGH4Z,https://www.amazon.com/dp/B0DLJGGH4Z,SIDE SHOP,
,B0CG96LWGW,1,Alimentos y Bebidas,disponible,no disponible,,,2025-10-31T20:10:21.822Z,2025-11-01T14:46:19.202Z,2025-11-02T14:31:02.842Z,697.54,,$664.55,Keto Naturals Fideos Bajos En Carbohidratos Fideos Keto Ramen (6 Paquetes) 3G Net Carb + 15G De Proteína En Un Fideos Ramen Saludables. Los Fideos Ramen Bajos En Sodio Son Fideos Altos En Pr,https://www.amazon.com.mx/dp/B0CG96LWGW,https://www.amazon.com/dp/B0CG96LWGW,FAVORİ STORE,
,B0D4TDD2G4,1,Alimentos y Bebidas,disponible,no disponible,,,2025-10-31T20:10:21.822Z,2025-11-01T14:46:27.071Z,2025-11-02T14:31:11.235Z,941.38,,$944.29,"Hethstia Fideos Konjac Variados: 12 Fideos Shirataki Con Formas de Espagueti, Fettuccine, Cabello de Ángel Y Arroz. Bajos En Calorías, Keto, Veganos, Sin Gluten, Sin Azúcar, Con Bajo Índice Glucémico.",https://www.amazon.com.mx/dp/B0D4TDD2G4,https://www.amazon.com/dp/B0D4TDD2G4,Rendomin,
,B008DIY12Y,1,Alimentos y Bebidas,disponible,no disponible,,,2025-10-31T20:10:21.822Z,2025-11-01T14:46:35.190Z,2025-11-02T14:31:18.583Z,973.44,,$964.88,Plantain Fufu Harina 24 oz Pack de 2,https://www.amazon.com.mx/dp/B008DIY12Y,https://www.amazon.com/dp/B008DIY12Y,ProductosTX ⭐ ⭐ ⭐ ⭐ ⭐,
,B0BRZWGZW8,1,Alimentos y Bebidas,disponible,no disponible,,,2025-10-31T20:10:21.822Z,2025-11-01T14:46:42.338Z,2025-11-02T14:31:25.895Z,518.41,,$515.20,"ERCorArt Purpurina Comestible - 6 Colores Lustre Polvo Comestible Con 4 Colores Gel Colorante Alimenticio, Decoración De Pasteles De Grado Alimenticio Brillo Brillante Para Bebidas, Purpurin",https://www.amazon.com.mx/dp/B0BRZWGZW8,https://www.amazon.com/dp/B0BRZWGZW8,Corner Stone LLC,
,B00GOL4WYE,1,Alimentos y Bebidas,disponible,no disponible,,,2025-10-31T20:10:21.823Z,2025-11-01T14:46:51.861Z,2025-11-02T14:31:33.977Z,1107.27,,"$1,108.36","杉養蜂園＼ＳＵＧＩ　ＢＥＥ　ＧＡＲＤＥＮ Miel infusionada con jugo de frutas (500 g (17,6 oz), yuzu y miel) 17,63 onzas líquidas (paquete de 1)",https://www.amazon.com.mx/dp/B00GOL4WYE,https://www.amazon.com/dp/B00GOL4WYE,MYSILKROAD LLC,
,B0854W9ND4,1,Alimentos y Bebidas,disponible,no disponible,,,2025-10-31T20:10:21.823Z,2025-11-01T14:47:00.986Z,2025-11-02T14:31:42.902Z,986.56,,"$1,055.55","Pure Protein Strawberry Protein Shake, 30g Complete Protein, Ready to Drink and Keto-Friendly, Vitamins A, C, D, and E plus Zinc to Support Immune Health, 11oz Bottles, 12 Pack",https://www.amazon.com.mx/dp/B0854W9ND4,https://www.amazon.com/dp/B0854W9ND4,Premium Global,
,B08J258LFG,1,Alimentos y Bebidas,disponible,no disponible,,,2025-10-31T20:10:21.823Z,2025-11-01T14:47:10.434Z,2025-11-02T14:31:50.786Z,1103.73,,"$1,037.27","Coffee Pod Variety Packs Muestreador, Compatible Con Cerveceras K Cup Incluyendo 2.0, Surtido Paquete Variado (Surtido De Café Saborizado, 52 Count (Paquete De 1)",https://www.amazon.com.mx/dp/B08J258LFG,https://www.amazon.com/dp/B08J258LFG,MARVEL INC.,
,B003J35X9I,1,Alimentos y Bebidas,disponible,no disponible,,,2025-10-31T20:10:21.823Z,2025-11-01T14:47:18.696Z,2025-11-02T14:31:59.303Z,672.96,,$664.91,Mintia Cold Smash 50 grano ~ 10 piezas,https://www.amazon.com.mx/dp/B003J35X9I,https://www.amazon.com/dp/B003J35X9I,SRKSB LLC,
,B0CDYK5ZT3,1,Alimentos y Bebidas,disponible,no disponible,,,2025-10-31T20:10:21.823Z,2025-11-01T14:47:26.499Z,2025-11-02T14:32:06.878Z,822.23,,$818.85,"Crastan 1870 Sustituto De Café De Cebada Orgánica Instantánea 4.4 Oz. (125G) (Paquete De 2) Cebada Molida Tostada - Orzo Biologico - Sustituto De Café En Grano - Orzo, Mugicha, Boricha, Dama",https://www.amazon.com.mx/dp/B0CDYK5ZT3,https://www.amazon.com/dp/B0CDYK5ZT3,SRKSB LLC,
,B08DZ3MJLW,1,Alimentos y Bebidas,disponible,no disponible,,,2025-10-31T20:10:21.823Z,2025-11-01T14:47:34.202Z,2025-11-02T14:32:14.107Z,897.99,,$838.27,"Java Factory Vainas De Café Saborizadas, Muestreador Surtido, Paquete Variado, Compatible Con Cerveceras K Cup Incluyendo 2.0, 40 Count",https://www.amazon.com.mx/dp/B08DZ3MJLW,https://www.amazon.com/dp/B08DZ3MJLW,FAVORİ STORE,
,B0CC6KB8RZ,1,Alimentos y Bebidas,disponible,no disponible,,,2025-10-31T20:10:21.823Z,2025-11-01T14:47:42.805Z,2025-11-02T14:32:21.317Z,1042.85,,"$1,040.73","Pete's Pasta Paquete De 3 Fideos Linguine Pasta 8Oz — 7G Pasta Baja En Carb — 17G Pasta Alta En Proteínas — Auténticos Fideos Italianos De Pasta Keto, Pasta Linguine Saludable Baja En Calorí",https://www.amazon.com.mx/dp/B0CC6KB8RZ,https://www.amazon.com/dp/B0CC6KB8RZ,EcoNova Market,
,B07CNDLDYV,1,Alimentos y Bebidas,disponible,no disponible,,,2025-10-31T20:10:32.911Z,2025-11-01T14:47:55.624Z,2025-11-02T14:32:34.094Z,767.12,,$746.88,Bristot Granos De Café Italiano Descafeinado | Granos Espresso Italianos Enteros | Tueste Medio | 1.1 Lb/500G,https://www.amazon.com.mx/dp/B07CNDLDYV,https://www.amazon.com/dp/B07CNDLDYV,Rendomin,
,B0CYDVP82C,1,Alimentos y Bebidas,disponible,no disponible,,,2025-10-31T20:10:32.912Z,2025-11-01T14:48:05.226Z,2025-11-02T14:32:42.259Z,1436.68,,"$1,358.31","MUSASHI- “Barra Alta en Proteína, 45g de Proteína, 2g de Azúcares Totales, Brownie de Chocolate con Leche, Post Entrenamiento y Proteína S",https://www.amazon.com.mx/dp/B0CYDVP82C,https://www.amazon.com/dp/B0CYDVP82C,FAVORİ STORE,
,B086WGWLSX,1,Alimentos y Bebidas,disponible,no disponible,,,2025-10-31T20:10:32.912Z,2025-11-01T14:48:14.296Z,2025-11-02T14:32:49.609Z,624.71,,$621.45,"True Organic Leche De Coco En Polvo De Ceilán, Bolsa A Granel De 1 Libra, Orgánica Certificada, Certificada Por Usda Y Kosher, Sin Omg, Leche De Coco Orgánica En Polvo, Calidad Premium De Ce",https://www.amazon.com.mx/dp/B086WGWLSX,https://www.amazon.com/dp/B086WGWLSX,SIDE SHOP,
,B0CW3KQC8S,1,Alimentos y Bebidas,disponible,no disponible,,,2025-10-31T20:10:32.912Z,2025-11-01T14:48:21.581Z,2025-11-02T14:32:56.216Z,823.14,,$818.85,"Passionbio- Bayas de saúco secas orgánicas, bolsa a granel de 1 libra, certificadas por el USDA, Sambucus nigra sin OGM, bayas de saúco enteras secas, naturales, sin azúcar agregada, sin conservantes",https://www.amazon.com.mx/dp/B0CW3KQC8S,https://www.amazon.com/dp/B0CW3KQC8S,SIDE SHOP,
,B07ZS7P1YY,1,Alimentos y Bebidas,disponible,no disponible,,,2025-10-31T20:10:32.912Z,2025-11-01T14:48:31.483Z,2025-11-02T14:33:04.830Z,726.91,,$723.12,"49th Parallel Coffee Roasters — Granos Enteros Espresso Epic — Café Tostado Ligero Gourmet, 12 Oz",https://www.amazon.com.mx/dp/B07ZS7P1YY,https://www.amazon.com/dp/B07ZS7P1YY,SIDE SHOP,
,B01N2QF8S6,1,Alimentos y Bebidas,disponible,no disponible,,,2025-10-31T20:10:32.912Z,2025-11-01T14:48:38.745Z,2025-11-02T14:33:12.033Z,892.89,,$883.42,frijoles de Brooklyn decaf Café para Keurig K-CUP Brewers,https://www.amazon.com.mx/dp/B01N2QF8S6,https://www.amazon.com/dp/B01N2QF8S6,ProductosTX ⭐ ⭐ ⭐ ⭐ ⭐,
,B0CHZ69DB9,1,Alimentos y Bebidas,disponible,no disponible,,,2025-10-31T20:10:32.912Z,2025-11-01T14:48:45.922Z,2025-11-02T14:33:19.636Z,695.09,,$648.87,"Relative Foods Polvo para hornear, 1 libra Sin aluminio, almidón de maíz ni gluten. Fabricado en nuestras instalaciones libre 16 onzas (paquete de 1)",https://www.amazon.com.mx/dp/B0CHZ69DB9,https://www.amazon.com/dp/B0CHZ69DB9,FAVORİ STORE,
,B01D1FUA9G,1,Alimentos y Bebidas,disponible,no disponible,,,2025-10-31T20:10:32.913Z,2025-11-01T14:48:55.493Z,2025-11-02T14:33:27.385Z,763.82,,$737.52,"Welch's Singles To Go - Varillas de polvo de uva (12 cajas con 6 paquetes cada uno, 72 porciones totales)",https://www.amazon.com.mx/dp/B01D1FUA9G,https://www.amazon.com/dp/B01D1FUA9G,KRONOS STORE,
,B07MSYLZQ7,1,Alimentos y Bebidas,disponible,no disponible,,,2025-10-31T20:10:32.913Z,2025-11-01T14:49:04.286Z,2025-11-02T14:33:35.246Z,970.39,,$969.69,"Crave Beverages Flavored Coffee Pods Sampler, Compatible with 2.0 K-Cup Brewers, Assorted Variety Pack, 40 Count (Pack of 1)",https://www.amazon.com.mx/dp/B07MSYLZQ7,https://www.amazon.com/dp/B07MSYLZQ7,Abundant Peace,
,B0083PR72S,1,Alimentos y Bebidas,disponible,no disponible,,,2025-10-31T20:10:32.913Z,2025-11-01T14:49:11.997Z,2025-11-02T14:33:43.922Z,587.74,,$580.71,"Mezcla de cócteles Skinny Mixes, Margarita, sabores saludables con 0 azúcar, sin gluten y Kosher, última intervensión de Keto y OMG, 32 onzas líquidas",https://www.amazon.com.mx/dp/B0083PR72S,https://www.amazon.com/dp/B0083PR72S,KRONOS STORE,
,B0BPN423GH,1,Alimentos y Bebidas,disponible,no disponible,,,2025-10-31T20:10:32.913Z,2025-11-01T14:49:20.094Z,2025-11-02T14:33:52.323Z,740.93,,$719.98,Gatorlyte Powder Variety Pack,https://www.amazon.com.mx/dp/B0BPN423GH,https://www.amazon.com/dp/B0BPN423GH,Rozerin Store,
,B00HRHBQ3O,1,Alimentos y Bebidas,disponible,no disponible,,,2025-10-31T20:10:32.913Z,2025-11-01T14:49:28.876Z,2025-11-02T14:34:00.494Z,1203.15,,"$1,155.48",Café en grano Essse Masini Blend 1 KG,https://www.amazon.com.mx/dp/B00HRHBQ3O,https://www.amazon.com/dp/B00HRHBQ3O,Rozerin Store,
,B0CBVWYMR2,1,Alimentos y Bebidas,disponible,no disponible,,,2025-10-31T20:10:32.913Z,2025-11-01T14:49:38.471Z,2025-11-02T14:34:08.746Z,647.46,,$632.65,"Eupherbia VERSAINSECT Salt, Coarse, 3.5 Oz, Rare and Premium, Natural, Unprocessed, Potassium-rich Gourmet Seasoning, Heart Friendly, Packed with Trace Minerals, Mined from Ancient Dried Seas, Kosher Certified, 100g",https://www.amazon.com.mx/dp/B0CBVWYMR2,https://www.amazon.com/dp/B0CBVWYMR2,MARVEL INC.,
,B008U219E6,1,Alimentos y Bebidas,disponible,no disponible,,,2025-10-31T20:10:32.913Z,2025-11-01T14:49:47.540Z,2025-11-02T14:34:17.226Z,594.95,,$595.95,Té negro tailandés de mano de 4 g de lebalina roja. Paquete de 50 unidades.,https://www.amazon.com.mx/dp/B008U219E6,https://www.amazon.com/dp/B008U219E6,Corner Stone LLC,
,B087TLG2PB,1,Alimentos y Bebidas,disponible,no disponible,,,2025-10-31T20:10:32.913Z,2025-11-01T14:49:56.542Z,2025-11-02T14:34:26.030Z,475.37,,$472.49,"Sue Bee Miel de trébol hilado en Estados Unidos, 12 onzas",https://www.amazon.com.mx/dp/B087TLG2PB,https://www.amazon.com/dp/B087TLG2PB,Corner Stone LLC,
,B0F5944VJQ,1,Alimentos y Bebidas,disponible,disponible,,,2025-10-31T20:10:32.913Z,2025-11-01T14:50:04.265Z,2025-11-02T14:34:34.688Z,419.38,5.99,$417.19,"Reallnaive - Bolsas de plástico para regalo de sandía a granel para dulces de verano, bolsas de golosinas con asas, para decoración de fiestas de verano, 48 unidades",https://www.amazon.com.mx/dp/B0F5944VJQ,https://www.amazon.com/dp/B0F5944VJQ,Corner Stone LLC,Piriniknny
,B0BSPMFMKH,1,Alimentos y Bebidas,disponible,no disponible,,,2025-10-31T20:10:45.447Z,2025-11-01T14:50:11.248Z,2025-11-02T14:34:43.042Z,649.49,,$645.40,"Arctic Farms- Trozos de helado liofilizado envasados en bolsas y cajas (no se derrite, mezcla napolitana, 2,5 oz)",https://www.amazon.com.mx/dp/B0BSPMFMKH,https://www.amazon.com/dp/B0BSPMFMKH,Rendomin,
,B0BH42RB7V,1,Alimentos y Bebidas,disponible,no disponible,,,2025-10-31T20:10:45.447Z,2025-11-01T14:50:18.941Z,2025-11-02T14:34:50.334Z,739.06,,$707.59,"MEEKUS Meekus Shaoxing Vino De Cocina, Vino Shaoxing Vino De Cocina China, Vino De Arroz Shao Hsing - Auténtico Vino De Arroz Chino Para Uso Culinario, Ideal Para Cocina Asiática 25.3 Fl Oz",https://www.amazon.com.mx/dp/B0BH42RB7V,https://www.amazon.com/dp/B0BH42RB7V,MARVEL INC.,
,B0D3FQ6Y6F,1,Alimentos y Bebidas,disponible,no disponible,,,2025-10-31T20:10:45.447Z,2025-11-01T14:50:26.939Z,2025-11-02T14:34:56.982Z,518.41,,$512.93,Caravel Gourmet Sal marina con limón - Frasco de 5 oz 5 onzas (paquete de 1),https://www.amazon.com.mx/dp/B0D3FQ6Y6F,https://www.amazon.com/dp/B0D3FQ6Y6F,Corner Stone LLC,
,B0D3FQ9RZ7,1,Alimentos y Bebidas,disponible,no disponible,,,2025-10-31T20:10:45.447Z,2025-11-01T14:50:34.617Z,2025-11-02T14:35:03.547Z,518.41,,$515.00,Caravel Gourmet Sal Marina Con Trufa - Frasco de 5 Oz,https://www.amazon.com.mx/dp/B0D3FQ9RZ7,https://www.amazon.com/dp/B0D3FQ9RZ7,Corner Stone LLC,
,B09ZZGSG67,1,Alimentos y Bebidas,disponible,no disponible,,,2025-10-31T20:10:45.447Z,2025-11-01T14:50:47.132Z,2025-11-02T14:35:16.783Z,1015.61,,"$1,010.31","Mazzetti- Glaseado clásico de vinagre balsámico de Módena IGP | Espeso y rico | Perfecto para ensaladas, carnes y verduras | Botella de 7,3 onzas (paquete de 2)",https://www.amazon.com.mx/dp/B09ZZGSG67,https://www.amazon.com/dp/B09ZZGSG67,SIDE SHOP,
,B0CTCJ5NHZ,1,Alimentos y Bebidas,disponible,no disponible,,,2025-10-31T20:10:45.447Z,2025-11-01T14:50:55.404Z,2025-11-02T14:35:24.871Z,443.5,,$441.18,"Velas de cumpleaños para niñas, número 30, 7,5 cm, mariposas con purpurina de 7,5 cm, decoraciones de cupcakes con números de boda, decoración para aniversario, celebración y fiesta (30)",https://www.amazon.com.mx/dp/B0CTCJ5NHZ,https://www.amazon.com/dp/B0CTCJ5NHZ,Corner Stone LLC,
,B0DCZXW5HL,1,Alimentos y Bebidas,disponible,no disponible,,,2025-10-31T20:10:45.448Z,2025-11-01T14:51:02.969Z,2025-11-02T14:35:32.129Z,1387.22,,"$1,379.99","TRIP Mezcla consciente, adaptógeno con gas, cóctel sin alcohol con 120 mg de citrato de magnesio, ashwagandha, mel 12 onzas líquidas (paquete de",https://www.amazon.com.mx/dp/B0DCZXW5HL,https://www.amazon.com/dp/B0DCZXW5HL,SIDE SHOP,
,B07254CZVF,1,Alimentos y Bebidas,disponible,no disponible,,,2025-10-31T20:10:45.448Z,2025-11-01T14:51:11.036Z,2025-11-02T14:35:39.290Z,490.78,,$487.52,FERMFAST 48 Hour Turbo Yeast 243G Packet,https://www.amazon.com.mx/dp/B07254CZVF,https://www.amazon.com/dp/B07254CZVF,Corner Stone LLC,
,B006568690,1,Alimentos y Bebidas,disponible,no disponible,,,2025-10-31T20:10:45.448Z,2025-11-01T14:51:19.336Z,2025-11-02T14:35:47.386Z,569.52,,$565.85,Fee Brothers West Indian Orange Bitters 5 oz,https://www.amazon.com.mx/dp/B006568690,https://www.amazon.com/dp/B006568690,Corner Stone LLC,
,B07HYC3R54,1,Alimentos y Bebidas,disponible,no disponible,,,2025-10-31T20:10:45.448Z,2025-11-01T14:51:26.918Z,2025-11-02T14:35:56.056Z,672.48,,$668.97,"Alkalife gotas potenciadoras de pH, color morado, 1.25 onzas, Púrpura, 1.25 fl oz",https://www.amazon.com.mx/dp/B07HYC3R54,https://www.amazon.com/dp/B07HYC3R54,SIDE SHOP,
,B0BX6WWKS7,1,Alimentos y Bebidas,disponible,no disponible,,,2025-10-31T20:10:45.448Z,2025-11-01T14:51:34.540Z,2025-11-02T14:36:03.762Z,449.46,,$441.18,"Vela dorada con número 40, velas con números 3D para decoración de tartas de cumpleaños, bodas, aniversarios, celebraciones, suministros",https://www.amazon.com.mx/dp/B0BX6WWKS7,https://www.amazon.com/dp/B0BX6WWKS7,KRONOS STORE,
,B0D9PNWNZ1,1,Automotriz y Motocicletas,disponible,no disponible,,,2025-10-31T20:10:55.693Z,2025-11-01T14:51:42.853Z,2025-11-02T14:36:11.174Z,1007.53,,"$1,010.31","Quxunzzz - Protector de lluvia lateral para ventana de ventilación exterior, 4 piezas para Honda Civic 4 puertas Sedan 2006 2007 2008 2009 2010 2011",https://www.amazon.com.mx/dp/B0D9PNWNZ1,https://www.amazon.com/dp/B0D9PNWNZ1,MYSILKROAD LLC,
,B0F4767KGG,1,Automotriz y Motocicletas,disponible,no disponible,,,2025-10-31T20:10:55.693Z,2025-11-01T14:51:52.466Z,2025-11-02T14:36:19.025Z,635.08,,$632.65,"Steering Wheels for Nintendo Switch 2 (2025), Racing Wheels for Mario Kart World & 8 Deluxe, Bigger SL/SR Buttons, Switch 2 Games Accessories for Switch 2 JoyCon Controller, Easy to Install, 2 Pack",https://www.amazon.com.mx/dp/B0F4767KGG,https://www.amazon.com/dp/B0F4767KGG,M&H Customer Friendly Store,
,B0F4WVCQSZ,1,Automotriz y Motocicletas,disponible,disponible,,,2025-10-31T20:10:55.693Z,2025-11-01T14:51:59.505Z,2025-11-02T14:36:26.112Z,1328.65,54.99,"$1,327.44","Starlink - Mini soporte magnético para techo de coche, mini soporte magnético para techo de coche, RV, camión, furgoneta, barco, kit de montaje magnético ajustable, Starlink Mini accesorios, metal de",https://www.amazon.com.mx/dp/B0F4WVCQSZ,https://www.amazon.com/dp/B0F4WVCQSZ,SRKSB LLC,Sean-Digital
,B0D12DRPVH,1,Automotriz y Motocicletas,disponible,no disponible,,,2025-10-31T20:10:55.693Z,2025-11-01T14:52:09.595Z,2025-11-02T14:36:34.217Z,1236.97,,"$1,231.02","Viseras de ventana protectores de lluvia para Ford F150 SuperCab, 2015-2024, desviadores de viento de ventilación de ventana fuera del canal para Ford F150 Raptor/F250 /F350/F450 Super Duty Extended",https://www.amazon.com.mx/dp/B0D12DRPVH,https://www.amazon.com/dp/B0D12DRPVH,HNEN,
,B0FCM4LT6G,1,Automotriz y Motocicletas,disponible,no disponible,,,2025-10-31T20:10:55.694Z,2025-11-01T14:52:16.998Z,2025-11-02T14:36:41.911Z,823.84,,$848.10,"Parche de rejilla lateral frontal compatible con Toyota Tacoma 2024 2025 – Mejora el estilo del camión, ajuste personalizado, accesorios Tacoma de 4ª generación, calcomanías de rejilla delantera para",https://www.amazon.com.mx/dp/B0FCM4LT6G,https://www.amazon.com/dp/B0FCM4LT6G,Abundant Peace,
,B0D9N8JY28,1,Automotriz y Motocicletas,disponible,disponible,,,2025-10-31T20:10:55.694Z,2025-11-01T14:52:26.136Z,2025-11-02T14:36:49.817Z,684.19,16.99,$680.63,Wujexuhe 92451-4C500 - foco trasera y mazo de cables para Kia Optima 2014 2015 Reemplazar 924514C500,https://www.amazon.com.mx/dp/B0D9N8JY28,https://www.amazon.com/dp/B0D9N8JY28,SIDE SHOP,HAOFEIT
,B0DN9QX2FC,1,Automotriz y Motocicletas,disponible,no disponible,,,2025-10-31T20:10:55.694Z,2025-11-01T14:52:33.485Z,2025-11-02T14:36:57.110Z,533.83,,$584.67,"RSACET - Pintura de retoque compatible con Mazda, color exacto para reparar rayones en carrocería de coche, Polymetal Gray Metallic 47C",https://www.amazon.com.mx/dp/B0DN9QX2FC,https://www.amazon.com/dp/B0DN9QX2FC,Rendomin,
Bebé,B0F1PQJM51,1,Automotriz y Motocicletas,disponible,disponible,,,2025-10-31T20:10:55.694Z,2025-11-01T14:52:42.868Z,2025-11-02T14:37:03.751Z,1173.08,39.99,"$1,269.01","UPPAbaby - Adaptador para Minu V3 - Compatible con asientos de coche para bebés Aria y Mesa, fijación rápida y segura, juego de 2",https://www.amazon.com.mx/dp/B0F1PQJM51,https://www.amazon.com/dp/B0F1PQJM51,SIDE SHOP,
,B0D7C2X1FM,1,Automotriz y Motocicletas,disponible,disponible,,,2025-10-31T20:10:55.694Z,2025-11-01T14:52:52.000Z,2025-11-02T14:37:10.568Z,919.38,25.99,$914.58,"RadiantDecor - Envoltura de tela de gamuza roja de alta calidad, 17 x 70 pulgadas, envoltura de gamuza para el interior del coche, microfibra autoadhesiva y piel sintética, película interior elástica",https://www.amazon.com.mx/dp/B0D7C2X1FM,https://www.amazon.com/dp/B0D7C2X1FM,SIDE SHOP,SHINEBO
,B0D7V7872Y,1,Automotriz y Motocicletas,disponible,no disponible,,,2025-10-31T20:10:55.694Z,2025-11-01T14:52:59.647Z,2025-11-02T14:37:18.444Z,1177.89,,"$1,190.81","IG - Visor de ventana, protector contra la lluvia, sol y viento, con cinta adhesiva, deflector de ventana lateral, extraduradero, estilo Mugen, para Nissan Kicks 2018-2024",https://www.amazon.com.mx/dp/B0D7V7872Y,https://www.amazon.com/dp/B0D7V7872Y,HNEN,
,B0DDJ4F47Q,1,Automotriz y Motocicletas,disponible,disponible,,,2025-10-31T20:10:55.694Z,2025-11-01T14:53:09.109Z,2025-11-02T14:37:26.387Z,1500.4,45.89,"$1,666.26","Kit de montaje de motor Yllshengyu para Nissan Sentra 2013-2019 1.8L, 4 piezas, Acero aleado y Aluminio",https://www.amazon.com.mx/dp/B0DDJ4F47Q,https://www.amazon.com/dp/B0DDJ4F47Q,Amazon Estados Unidos,yllshengyu
,B0DYXZ2BNH,1,Automotriz y Motocicletas,disponible,no disponible,,,2025-10-31T20:10:55.694Z,2025-11-01T14:53:18.050Z,2025-11-02T14:37:33.584Z,2484.85,,"$2,587.47",Zekzoop - Alerón compatible con Toyota Corolla Sedan 2020-2025 con alerón trasero de maletero de plástico ABS para Toyota Corolla Sedan Accesorios (negro brillante),https://www.amazon.com.mx/dp/B0DYXZ2BNH,https://www.amazon.com/dp/B0DYXZ2BNH,Denis WM Store,
,B0DRNSMJZL,1,Automotriz y Motocicletas,disponible,no disponible,,,2025-10-31T20:10:55.695Z,2025-11-01T14:53:25.802Z,2025-11-02T14:37:41.208Z,1059.21,,"$1,053.72",xipoqix - Protector de techo trasero compatible con Ford Maverick 2022-2025 repuesto para Ford Maverick accesorios 2022-2025,https://www.amazon.com.mx/dp/B0DRNSMJZL,https://www.amazon.com/dp/B0DRNSMJZL,STOREARENS,
,B07VX947W1,1,Automotriz y Motocicletas,disponible,no disponible,,,2025-10-31T20:10:55.695Z,2025-11-01T14:53:38.303Z,2025-11-02T14:37:52.879Z,1329.37,,"$1,426.60",EXIN DECHEN - iK Foam PRO 2 - Pulverizador de bomba,https://www.amazon.com.mx/dp/B07VX947W1,https://www.amazon.com/dp/B07VX947W1,SEONGSAN,
Bebé,B0CTN2CFBQ,1,Automotriz y Motocicletas,disponible,disponible,,,2025-10-31T20:10:55.695Z,2025-11-01T14:53:47.145Z,2025-11-02T14:38:00.984Z,1007.36,39.99,"$1,310.36","UPPAbaby - Adaptador inferior para cochecitos Vista, Vista V2, Vista V3, compatible con RumbleSeat V2+, Moisés, Aria, Mesa V2 y Mesa Max para asiento de coche para bebés/Quick + Secure Attachment / 1",https://www.amazon.com.mx/dp/B0CTN2CFBQ,https://www.amazon.com/dp/B0CTN2CFBQ,Prime-Ecommerce,
,B0DLWBG86B,1,Automotriz y Motocicletas,disponible,disponible,,,2025-10-31T20:10:55.695Z,2025-11-01T14:53:57.286Z,2025-11-02T14:38:09.042Z,617.74,13.99,$608.66,"Pintura de retoque blanca perla (PPSW) para Tesla-Exact Match–Chips and Nicks TouchUp Paint Pen reparación de arañazos, accesorios de coche para borrar arañazos del coche",https://www.amazon.com.mx/dp/B0DLWBG86B,https://www.amazon.com/dp/B0DLWBG86B,RVDSHOP,Artbreath
,B0DPH8XQXC,1,Automotriz y Motocicletas,disponible,no disponible,,,2025-10-31T20:11:09.453Z,2025-11-01T14:54:05.943Z,2025-11-02T14:38:16.346Z,1259.11,,"$1,228.74","Soporte magnético de aspiradora eléctrico para teléfono de coche, con succión al aspiradora, manos libres, soporte magnético ajustable con ventosa magnética, soporte magnético fuerte para coche para",https://www.amazon.com.mx/dp/B0DPH8XQXC,https://www.amazon.com/dp/B0DPH8XQXC,M&H Customer Friendly Store,
,B0DKDB69ZB,1,Automotriz y Motocicletas,disponible,no disponible,,,2025-10-31T20:11:09.453Z,2025-11-01T14:54:15.550Z,2025-11-02T14:38:24.954Z,732.9,,$752.37,"BSCPAM - Bálsamo de piel para colorear color beige, para sofá de piel, quitamanchas, kit de reparación de piel para muebles de vinilo e interior de coche, pintura de tinte de piel para pieles rayadas",https://www.amazon.com.mx/dp/B0DKDB69ZB,https://www.amazon.com/dp/B0DKDB69ZB,SHERIFF EXPRESS,
,B0D3WMHHSF,1,Automotriz y Motocicletas,disponible,no disponible,,,2025-10-31T20:11:09.454Z,2025-11-01T14:54:24.448Z,2025-11-02T14:38:33.462Z,1915.23,,"$1,905.25",HOUCLEMIC - Tapete de carga para Volkswagen Atlas 2018-2025 2026 (no para Cross Sport) - Forro de carga TPE para todo tipo de clima con respaldo para accesorios de automóvil VW Atlas SE SEL Peak,https://www.amazon.com.mx/dp/B0D3WMHHSF,https://www.amazon.com/dp/B0D3WMHHSF,SIDE SHOP,
,B0CGMK4PMW,1,Automotriz y Motocicletas,disponible,no disponible,,,2025-10-31T20:11:09.454Z,2025-11-01T14:54:33.629Z,2025-11-02T14:38:41.406Z,691.08,,$687.48,BULLSNOT! BlastABull Eliminador de olores,https://www.amazon.com.mx/dp/B0CGMK4PMW,https://www.amazon.com/dp/B0CGMK4PMW,SIDE SHOP,
,B0DGG5VQ3H,1,Automotriz y Motocicletas,disponible,no disponible,,,2025-10-31T20:11:09.454Z,2025-11-01T14:54:42.515Z,2025-11-02T14:38:49.202Z,2938.19,,"$2,922.87","Tuyoung - Barras transversales de techo con cerradura de 200 libras compatibles con BMW X5 G05 2019 2020 2021 2022 2023 2024 2025, barras transversales de aluminio resistentes para bicicleta, kayak",https://www.amazon.com.mx/dp/B0DGG5VQ3H,https://www.amazon.com/dp/B0DGG5VQ3H,SIDE SHOP,
,B0BPXCY8Y9,1,Automotriz y Motocicletas,disponible,no disponible,,,2025-10-31T20:11:09.454Z,2025-11-01T14:54:50.179Z,2025-11-02T14:38:56.207Z,1870.68,,"$1,904.56","Liizoo Cubierta de carga retráctil negra para maletero trasero Jeep Patriot Compass 2007-2010 2011-2016, cubierta de seguridad para maletero trasero, accesorio de coche",https://www.amazon.com.mx/dp/B0BPXCY8Y9,https://www.amazon.com/dp/B0BPXCY8Y9,Rendosa,
,B0DHP6MYCB,1,Automotriz y Motocicletas,disponible,no disponible,,,2025-10-31T20:11:09.454Z,2025-11-01T14:54:58.195Z,2025-11-02T14:39:04.447Z,560.22,,$584.67,"PARTS4EV - Pintura de retoque metálica de vidrio rojo alma, 46 V, compatible con Mazda Exact Match Chips y Nicks Touch Up",https://www.amazon.com.mx/dp/B0DHP6MYCB,https://www.amazon.com/dp/B0DHP6MYCB,Rendomin,
,B0CSYSS39H,1,Automotriz y Motocicletas,disponible,no disponible,,,2025-10-31T20:11:09.454Z,2025-11-01T14:55:06.341Z,2025-11-02T14:39:12.825Z,509.61,,$512.93,"Maicican 12 Piezas De Ambientador De Coche Personalizable Con Clip Para Ventilación, Forma De Tocadiscos Con Portada De Álbum De Cantante Pop, Regalos Para Amantes De La Música.(Moda) 1 Unidad(Paquete",https://www.amazon.com.mx/dp/B0CSYSS39H,https://www.amazon.com/dp/B0CSYSS39H,M&H Customer Friendly Store,
,B0DLNM54SX,1,Automotriz y Motocicletas,disponible,no disponible,,,2025-10-31T20:11:09.454Z,2025-11-01T14:55:15.218Z,2025-11-02T14:39:20.219Z,518.4,,$512.93,Teslaunch (Ultra Red (PR01) Pintura de retoque para Tesla para el modelo 3/Y/S/X - Bolígrafo de pintura original OEM para reparación de arañazos Tesla (Ultra Rojo (PR01)),https://www.amazon.com.mx/dp/B0DLNM54SX,https://www.amazon.com/dp/B0DLNM54SX,Corner Stone LLC,
,B0BYHW3S2P,1,Automotriz y Motocicletas,disponible,no disponible,,,2025-10-31T20:11:09.454Z,2025-11-01T14:55:22.849Z,2025-11-02T14:39:28.870Z,786.14,,$791.21,"MVEQRRN - Juego de 6 brochas para detallado de coche, 2 brochas de cerdas de jabalí, 2 brochas ultrasuaves para rejilla de aire, asiento de piel, 2 brochas de detallado para interiores y exteriores",https://www.amazon.com.mx/dp/B0BYHW3S2P,https://www.amazon.com/dp/B0BYHW3S2P,STOREARENS,
,B000637SHY,1,Automotriz y Motocicletas,disponible,no disponible,,,2025-10-31T20:11:09.454Z,2025-11-01T14:55:31.970Z,2025-11-02T14:39:37.063Z,1375.74,,"$1,368.56",Renovo Soft parte superior Reviver - Negro (500 ml),https://www.amazon.com.mx/dp/B000637SHY,https://www.amazon.com/dp/B000637SHY,SIDE SHOP,
,B0DLT373KQ,1,Automotriz y Motocicletas,disponible,no disponible,,,2025-10-31T20:11:09.454Z,2025-11-01T14:55:41.082Z,2025-11-02T14:39:44.100Z,1317.64,,"$1,294.67","LETINGFAR - Protectores de lluvia para Honda Civic 2006, 2007, 2008, 2009, 2010, 2011, accesorios, deflectores de viento para Honda Civic",https://www.amazon.com.mx/dp/B0DLT373KQ,https://www.amazon.com/dp/B0DLT373KQ,HNEN,
,B0DZ5GPGM3,1,Automotriz y Motocicletas,disponible,no disponible,,,2025-10-31T20:11:09.455Z,2025-11-01T14:55:49.392Z,2025-11-02T14:39:51.413Z,2061.19,,"$2,098.31","Volcaner - Funda de carga compatible con accesorios Kia Sorento 2025 2024 2023 2022 2021, textura de fibra de carbono, organizador retráctil para maletero de seguridad, cubierta de tonneau para Kia",https://www.amazon.com.mx/dp/B0DZ5GPGM3,https://www.amazon.com/dp/B0DZ5GPGM3,Rendosa,
,B07JC42W8P,1,Automotriz y Motocicletas,disponible,no disponible,,,2025-10-31T20:11:09.455Z,2025-11-01T14:55:58.009Z,2025-11-02T14:39:58.478Z,1929.8,,"$1,979.96","E-cowlboy Funda de carga para maletero para Ford Escape 2013 2014 2015 2016 2017 2018 2019 retráctil para maletero trasero de carga de equipaje, protección de seguridad interior, accesorios impermeables versión",https://www.amazon.com.mx/dp/B07JC42W8P,https://www.amazon.com/dp/B07JC42W8P,QIANTANG,
,B0D3XXJG4J,1,Automotriz y Motocicletas,disponible,no disponible,,,2025-10-31T20:11:09.455Z,2025-11-01T14:56:05.194Z,2025-11-02T14:40:06.745Z,1224.8,,"$1,218.91","KPY Visera para Ventana Compatible con Hyundai Santa Fe 2013-2018 (Excluye Modelo XL), Protector de Lluvia para Ventanas Laterales Estilo de Adhesión, 2013 2014 2015 2016 2017 2018",https://www.amazon.com.mx/dp/B0D3XXJG4J,https://www.amazon.com/dp/B0D3XXJG4J,HNEN,
,B0D9GD3XBM,1,Automotriz y Motocicletas,disponible,disponible,,,2025-10-31T20:11:09.455Z,2025-11-01T14:56:12.891Z,2025-11-02T14:40:13.848Z,1311.89,37.99,"$1,305.05","XIMAKA - Elevalunas eléctrico del lado del pasajero delantero sin motor, apto para 2008-2016 Town & Country, Dodge Grand Caravan, Ram C/V, Routan, 749-509, 68030654AA",https://www.amazon.com.mx/dp/B0D9GD3XBM,https://www.amazon.com/dp/B0D9GD3XBM,SIDE SHOP,XIMAKA Shop
,B0D93D8NW9,1,Automotriz y Motocicletas,disponible,disponible,,,2025-10-31T20:11:22.546Z,2025-11-01T14:56:20.750Z,2025-11-02T14:40:21.862Z,558.79,11.84,$557.25,"Dairrr Fuuu TRX 250 - Pedal de palanca de cambios para Honda Recon 250 TRX250EX TRX250X TRX250TM TE 1997-2002, para Honda Foreman 400 TRX400 1997-2004# 24701-HM8 -B-B4 4 4701-HN6-A30",https://www.amazon.com.mx/dp/B0D93D8NW9,https://www.amazon.com/dp/B0D93D8NW9,SRKSB LLC,Dairrr Fuuu
,B0CG1C9JW5,1,Automotriz y Motocicletas,disponible,disponible,,,2025-10-31T20:11:22.546Z,2025-11-01T14:56:33.629Z,2025-11-02T14:40:35.421Z,2108.19,69.99,"$2,104.52","Rosefray - Funda para Motocicleta Resistente al Agua 600D para Modelos Trike Harley Davidson freewheeler, Tri Glide y versión CVO, Trike Goldwing, Chidftain, Challenger, Elite Storage, Color Azul",https://www.amazon.com.mx/dp/B0CG1C9JW5,https://www.amazon.com/dp/B0CG1C9JW5,AUTO MATE,ROSEFRAY Direct Store
,B0CT88K33W,1,Automotriz y Motocicletas,disponible,disponible,,,2025-10-31T20:11:22.546Z,2025-11-01T14:56:41.916Z,2025-11-02T14:40:44.138Z,1296.26,34.99,"$1,347.06","X AUTOHAUX - Funda de coche para Honda CRV 1995-2025 210D-PU para exteriores, cubierta completa de coche para todo tipo de clima con cierre de puerta para protección impermeable a prueba de viento,",https://www.amazon.com.mx/dp/B0CT88K33W,https://www.amazon.com/dp/B0CT88K33W,GUTTIDIRECT,uxcell
,B0DM1YLVGT,1,Automotriz y Motocicletas,disponible,disponible,,,2025-10-31T20:11:22.546Z,2025-11-01T14:56:49.880Z,2025-11-02T14:40:50.664Z,697.51,19.5,$740.71,"Soporte para tablet de coche para Volvo XC90 XC60, para Tesla Model Y, soporte para reposacabezas de asiento trasero, compatible con tabletas de 4.7-12.9 pulgadas, tablet de coche Road Trip Essentials",https://www.amazon.com.mx/dp/B0DM1YLVGT,https://www.amazon.com/dp/B0DM1YLVGT,M&H Customer Friendly Store,GONCOM
,B09VX3RB2V,1,Automotriz y Motocicletas,disponible,disponible,,,2025-10-31T20:11:22.546Z,2025-11-01T14:56:58.040Z,2025-11-02T14:40:59.200Z,1445.61,48,"$1,422.94",MLITFILTER S-ND5 para filtro de aire de cabina MAZDA MX-5(ND),https://www.amazon.com.mx/dp/B09VX3RB2V,https://www.amazon.com/dp/B09VX3RB2V,STOREARENS,MLIT INDUSTRIES
,B0D45SYPQK,1,Automotriz y Motocicletas,disponible,no disponible,,,2025-10-31T20:11:22.547Z,2025-11-01T14:57:06.167Z,2025-11-02T14:41:06.529Z,515.61,,$512.93,"moonateen 10 Clips de Ventilación de Coche Con Cabeza Cuadrada + 3 Adaptadores para Honda Civic, Cr-V, Zr-V E Integra de 11.ª Generación. Ambientadores Personalizados para Rejillas de Ventilación Tipo",https://www.amazon.com.mx/dp/B0D45SYPQK,https://www.amazon.com/dp/B0D45SYPQK,SIDE SHOP,
,B0CZ17HX4S,1,Automotriz y Motocicletas,disponible,no disponible,,,2025-10-31T20:11:22.547Z,2025-11-01T14:57:14.031Z,2025-11-02T14:41:14.126Z,737.85,,$728.38,"Pura and Becki Owens - Recambio de aroma de coche para difusores de coche Pura - Fragancia premium para difusor inteligente - Larga duración, hasta 30 días de olor - Calma de coco",https://www.amazon.com.mx/dp/B0CZ17HX4S,https://www.amazon.com/dp/B0CZ17HX4S,RVDSHOP,
,B0CP4BFFXZ,1,Automotriz y Motocicletas,disponible,no disponible,,,2025-10-31T20:11:22.547Z,2025-11-01T14:57:22.486Z,2025-11-02T14:41:22.453Z,718.44,,$727.46,"Drift - Ambientador de aire para coche, ambientador de piedra, eliminador de olores de coche, aroma de larga duración, accesorios para automóviles, clip de metal, aceites esenciales, ingredientes",https://www.amazon.com.mx/dp/B0CP4BFFXZ,https://www.amazon.com/dp/B0CP4BFFXZ,GUTTIDIRECT,
,B0F3XNVTLL,1,Automotriz y Motocicletas,disponible,no disponible,,,2025-10-31T20:11:22.547Z,2025-11-01T14:57:30.786Z,2025-11-02T14:41:30.039Z,457.54,,$464.95,"CAPEDIEM 2025 - Kit de reparación de parabrisas para chips y grietas, líquido de reparación de vidrio con 2 botellas de resina, kit de reparación de vidrio para parabrisas para fijación de chips",https://www.amazon.com.mx/dp/B0F3XNVTLL,https://www.amazon.com/dp/B0F3XNVTLL,BİLGİ LTD,
,B0C68H77DJ,1,Automotriz y Motocicletas,disponible,no disponible,,,2025-10-31T20:11:22.547Z,2025-11-01T14:57:38.605Z,2025-11-02T14:41:38.416Z,1902.35,,"$1,929.92","Liizoo - Funda de Carga para Hyundai Tucson 2016-2021 sin Huecos, Protector de Cajuela Negro",https://www.amazon.com.mx/dp/B0C68H77DJ,https://www.amazon.com/dp/B0C68H77DJ,Rendomin,
,B0DHQCH2SF,1,Automotriz y Motocicletas,disponible,no disponible,,,2025-10-31T20:11:22.547Z,2025-11-01T14:57:45.903Z,2025-11-02T14:41:46.478Z,708.84,,$728.38,"Gen2Magic - Kit de bolígrafo de pintura metálica para retocar Telsa Y 3 S X [capa transparente incluida], color PPSB para arañazos, virutas de roca, abolladuras, fácil reparación de arañazos y",https://www.amazon.com.mx/dp/B0DHQCH2SF,https://www.amazon.com/dp/B0DHQCH2SF,Rendosa,
,B09LLRCHPL,1,Automotriz y Motocicletas,disponible,disponible,,,2025-10-31T20:11:22.547Z,2025-11-01T14:57:53.118Z,2025-11-02T14:41:54.738Z,584.84,12.99,$584.67,"Kit de decoración de accesorios interiores de cubierta de volante para Dodge Challenger Charger 2015-2024, para Dodge Durango y Jeep Grand Cherokee SRT8 (fibra de carbono negra, 3 piezas)",https://www.amazon.com.mx/dp/B09LLRCHPL,https://www.amazon.com/dp/B09LLRCHPL,M&H Customer Friendly Store,Shinny mermaid
,B0DFCGCLJW,1,Automotriz y Motocicletas,disponible,disponible,,,2025-10-31T20:11:22.547Z,2025-11-01T14:58:01.404Z,2025-11-02T14:42:01.852Z,563.84,11.99,$560.90,"RETRUE - Candado de enganche para remolque - Negro, receptor de 2 pulgadas, bloqueo de enganche de 5/8 pulgadas de diámetro para bloqueo seguro de enganche de remolque con dos llaves, azul",https://www.amazon.com.mx/dp/B0DFCGCLJW,https://www.amazon.com/dp/B0DFCGCLJW,SIDE SHOP,RETRUE Direct
,B0D8VD2X5P,1,Automotriz y Motocicletas,disponible,disponible,,,2025-10-31T20:11:22.548Z,2025-11-01T14:58:09.580Z,2025-11-02T14:42:09.890Z,972.89,28.99,$967.82,"SnowyFox - Luz LED para porche exterior para caravana, impermeable, 10-30 V CC, baja corriente, 5 pulgadas, accesorio de iluminación 45 W 2000 lm, base de aluminio, iluminación de escena LED para RV,",https://www.amazon.com.mx/dp/B0D8VD2X5P,https://www.amazon.com/dp/B0D8VD2X5P,SIDE SHOP,SNOWYFOX DIRECT
,B0DPQHYWPN,1,Automotriz y Motocicletas,disponible,disponible,,,2025-10-31T20:11:22.548Z,2025-11-01T14:58:16.805Z,2025-11-02T14:42:18.649Z,510.97,21.99,$800.35,"YPHUIKI - Cubiertas de botón de interruptor de ventana mejoradas para Jeep Wrangler JL JLU 2018-2024 2025 y Gladiator JT 2020 2021 2022 2023 2024 2025 para Jeep Wrangler 4xe Accesorios, Icon Red, 4",https://www.amazon.com.mx/dp/B0DPQHYWPN,https://www.amazon.com/dp/B0DPQHYWPN,BİLGİ LTD,YPHUIKI
,B0DFCJ4L2J,1,Automotriz y Motocicletas,disponible,disponible,,,2025-10-31T20:11:22.548Z,2025-11-01T14:58:26.100Z,2025-11-02T14:42:27.230Z,630.45,13.99,$627.16,"RETRUE - Bloqueo universal de acoplador, bloqueo de enganche de bola, bloqueo de enganche de remolque, de seguridad ajustable, de acero resistente para acopladores de 1-7/8 pulgadas, 2 pulgadas,",https://www.amazon.com.mx/dp/B0DFCJ4L2J,https://www.amazon.com/dp/B0DFCJ4L2J,SIDE SHOP,RETRUE Direct
,B09JBF1DWG,1,Automotriz y Motocicletas,disponible,no disponible,,,2025-10-31T20:11:32.182Z,2025-11-01T14:58:34.924Z,2025-11-02T14:42:35.290Z,914.78,,$910.01,4 asas de agarre de barra enrollable para Jeep Wrangler JK JKU JL JLU TJ YJ Sport Sahara Freedom Rubicon Unlimited Gladiator JT 1955-2023 UTV ATV Premium Paracord Accesorios interiores Bandera de,https://www.amazon.com.mx/dp/B09JBF1DWG,https://www.amazon.com/dp/B09JBF1DWG,SIDE SHOP,
,B0D6B667VX,1,Automotriz y Motocicletas,disponible,no disponible,,,2025-10-31T20:11:32.182Z,2025-11-01T14:58:43.806Z,2025-11-02T14:42:43.874Z,501.99,,$512.93,"CANEROCar Air Freshener Hanging Diffuser, Cute Car Essentials For Women & Men, Car Accessories Deodorizer & Perfume Scent For Auto & Home, Long Lasting Fragrance Oil (Vanilla Cream)",https://www.amazon.com.mx/dp/B0D6B667VX,https://www.amazon.com/dp/B0D6B667VX,GUTTIDIRECT,
,B0F2DXTLCQ,1,Automotriz y Motocicletas,disponible,disponible,,,2025-10-31T20:11:32.182Z,2025-11-01T14:58:51.481Z,2025-11-02T14:42:51.201Z,694.94,16.99,$699.13,"Galtunmy Faraday - Caja para llaves de coche, bloqueador de señal de llavero, caja de bloqueo de señal de llave de coche, caja RFID Faraday para llaves de coche, bloqueador de señal de llave de coche",https://www.amazon.com.mx/dp/B0F2DXTLCQ,https://www.amazon.com/dp/B0F2DXTLCQ,Rendomin,TUOPU1
,B0B5TYK1FS,1,Automotriz y Motocicletas,disponible,no disponible,,,2025-10-31T20:11:32.182Z,2025-11-01T14:58:59.511Z,2025-11-02T14:42:59.056Z,1578.49,,"$1,572.59","Deflectores de ventana extra duraderos con cinta adhesiva, protectores de lluvia para Jeep Wrangler JK 2007-2018, viseras de sol, ventilación de viento para sombras, accesorios exteriores de coche, 4",https://www.amazon.com.mx/dp/B0B5TYK1FS,https://www.amazon.com/dp/B0B5TYK1FS,HNEN,
,B0DRFSDKQJ,1,Automotriz y Motocicletas,disponible,disponible,,,2025-10-31T20:11:32.182Z,2025-11-01T14:59:07.988Z,2025-11-02T14:43:07.368Z,975.51,22.88,$952.90,"PeakPurit - Tapete negro para tablero de salpicadero para Honda HRV 2016-2022, accesorios para salpicadero, material de franela, parasol",https://www.amazon.com.mx/dp/B0DRFSDKQJ,https://www.amazon.com/dp/B0DRFSDKQJ,KRONOS STORE,PeakPurit
,B0BZQ9D3SS,1,Automotriz y Motocicletas,disponible,no disponible,,,2025-10-31T20:11:32.182Z,2025-11-01T14:59:20.872Z,2025-11-02T14:43:20.368Z,635.96,,$632.65,AOLDHYY Savage Car Air Freshener for Men | Car Scents Air Freshener with Sauvage Fragrance | Strong Car Perfume Air Freshener with Odour Eliminating Technology | Car Air Freshener by Perfa,https://www.amazon.com.mx/dp/B0BZQ9D3SS,https://www.amazon.com/dp/B0BZQ9D3SS,SIDE SHOP,
,B0DB7HZSQL,1,Automotriz y Motocicletas,disponible,disponible,,,2025-10-31T20:11:32.182Z,2025-11-01T14:59:29.575Z,2025-11-02T14:43:28.635Z,582.91,12.79,$579.87,"PARTS4EV 040 - Pintura para retocar con tapa de hielo, compatible con Toyota Exact Match Chips y Nicks Touch Up",https://www.amazon.com.mx/dp/B0DB7HZSQL,https://www.amazon.com/dp/B0DB7HZSQL,SIDE SHOP,PARTS4EV
,B0CDQHJW3W,1,Automotriz y Motocicletas,disponible,no disponible,,,2025-10-31T20:11:32.182Z,2025-11-01T14:59:37.327Z,2025-11-02T14:43:36.573Z,528.8,,$512.93,EVOOOR - Pintura de retoque para llantas Tesla - Reparación de erupciones en bordillos con color a juego (negro mate) para ruedas de inducción modelo Y de 20 pulgadas,https://www.amazon.com.mx/dp/B0CDQHJW3W,https://www.amazon.com/dp/B0CDQHJW3W,KRONOS STORE,
,B0D9Y5F5M9,1,Automotriz y Motocicletas,disponible,no disponible,,,2025-10-31T20:11:32.183Z,2025-11-01T14:59:46.656Z,2025-11-02T14:43:45.095Z,885.21,,$890.59,"Euplokeer Qty (2) FT4Z16C826B Soporte de elevación de capó compatible con Ford Edge 2015-2023, puntal de choque de capó reemplazar OEM # FT4BR16C826AC",https://www.amazon.com.mx/dp/B0D9Y5F5M9,https://www.amazon.com/dp/B0D9Y5F5M9,Rendomin,
,B0DHXXBM9D,1,Automotriz y Motocicletas,disponible,disponible,,,2025-10-31T20:11:32.183Z,2025-11-01T14:59:55.882Z,2025-11-02T14:43:53.970Z,694.46,16.66,$691.14,"NICECNC - Bolsas laterales de carenado, impermeables, accesorios de motocicleta, compatibles con BMW R 1200 GS LC 2013-2020, R1200 Adventure 2014-2023, R1250 2018-2023, 2018-2023",https://www.amazon.com.mx/dp/B0DHXXBM9D,https://www.amazon.com/dp/B0DHXXBM9D,M&H Customer Friendly Store,ARCFOX
,B0DGL7SFNK,1,Automotriz y Motocicletas,disponible,disponible,,,2025-10-31T20:11:32.183Z,2025-11-01T15:00:04.064Z,2025-11-02T14:44:02.516Z,1075.27,33.99,"$1,087.54","TTDBDAN - Faros delanteros para Chevrolet Chevy HHR 2006 2007 2011, bombillas halógenas para faros delanteros delanteros 9008/H13 de luz alta y baja + 9145/9140, Plug & Play, paquete de 4 (Chevy HHR",https://www.amazon.com.mx/dp/B0DGL7SFNK,https://www.amazon.com/dp/B0DGL7SFNK,Abundant Peace,YINGLING-US
,B0DMTDCV2L,1,Automotriz y Motocicletas,disponible,disponible,,,2025-10-31T20:11:32.183Z,2025-11-01T15:00:13.459Z,2025-11-02T14:44:09.933Z,725.76,18.72,$721.98,"HOPESPANNER - Moldura para pilar de puerta para Chevy Captiva 2006-2015, color negro, parte delantera, izquierda, derecha, antiarañazos, cubierta exterior, 6 unidades",https://www.amazon.com.mx/dp/B0DMTDCV2L,https://www.amazon.com/dp/B0DMTDCV2L,SIDE SHOP,HOPESPANNER
,B0CN2GP6QN,1,Automotriz y Motocicletas,disponible,disponible,,,2025-10-31T20:11:32.183Z,2025-11-01T15:00:21.582Z,2025-11-02T14:44:16.978Z,742.15,17.09,$744.83,Limpiaparabrisas de silicona de 26 pulgadas + 16 pulgadas para Honda CRV 2016-2012 Accord 2022-2018 Toyota RAV4 2023-2013 Corolla 2019-2009 Santa Fe 21-19 Impreza 16-12 Sportage 20-10 7 OEM OEM OEM,https://www.amazon.com.mx/dp/B0CN2GP6QN,https://www.amazon.com/dp/B0CN2GP6QN,Abundant Peace,icexsnow Auto Parts
,B0DFY5BK98,1,Automotriz y Motocicletas,disponible,no disponible,,,2025-10-31T20:11:32.183Z,2025-11-01T15:00:31.183Z,2025-11-02T14:44:24.770Z,646.98,,$680.63,"Cute Car Air Freshener 12ml Empty Refillable Essential Oil Car Diffuser Bottle with Cute Crochet Car Plant Monstera,Green Car Accessories for Car Mirror Decor Hanging and Home Decorative Pendants",https://www.amazon.com.mx/dp/B0DFY5BK98,https://www.amazon.com/dp/B0DFY5BK98,SHERIFF EXPRESS,
,B0CB6Z1XMG,1,Automotriz y Motocicletas,disponible,disponible,,,2025-10-31T20:11:32.183Z,2025-11-01T15:00:40.118Z,2025-11-02T14:44:31.969Z,491.5,8.99,$484.14,"Relé 95230-2P020 (juego de 2), relé de alimentación multiusos de 4 pines, 12 V, 20 A, compatible con vehículos seleccionados de Hyundai, Kia",https://www.amazon.com.mx/dp/B0CB6Z1XMG,https://www.amazon.com/dp/B0CB6Z1XMG,SIDE SHOP,Casalytics
,B0D1VTB4MC,1,Automotriz y Motocicletas,disponible,no disponible,,,2025-10-31T20:11:32.183Z,2025-11-01T15:00:47.267Z,2025-11-02T14:44:39.486Z,2229.85,,"$2,218.72",HISH Forged 5X114.3 Espaciadores de rueda,https://www.amazon.com.mx/dp/B0D1VTB4MC,https://www.amazon.com/dp/B0D1VTB4MC,HNEN,
,B0BZ192PHS,1,Automotriz y Motocicletas,disponible,no disponible,,,2025-10-31T20:11:43.759Z,2025-11-01T15:00:57.126Z,2025-11-02T14:44:48.088Z,1155.89,,"$1,162.25","Mag 1 61166 Aceite para compresor de aire, 1 galón",https://www.amazon.com.mx/dp/B0BZ192PHS,https://www.amazon.com/dp/B0BZ192PHS,DUKKI LLC,
,B0CR5SDYVX,1,Automotriz y Motocicletas,disponible,no disponible,,,2025-10-31T20:11:43.760Z,2025-11-01T15:01:06.317Z,2025-11-02T14:44:56.321Z,895.26,,$890.59,"Project overol PPF Guard - Spray limpiador PPF que restaura y mejora la protección hidrófoba, hecho para todas las películas de protección de pintura para automóviles, fácil aplicación de",https://www.amazon.com.mx/dp/B0CR5SDYVX,https://www.amazon.com/dp/B0CR5SDYVX,SIDE SHOP,
,B0DJKJWXWZ,1,Automotriz y Motocicletas,disponible,disponible,,,2025-10-31T20:11:43.760Z,2025-11-01T15:01:15.725Z,2025-11-02T14:45:02.902Z,395.27,4.99,$393.20,"Wevdn AWD - calcomanía de emblema de metal 3D para el lado del portón trasero del coche, calcomanía AWD que no se decolora, apto para guardabarros laterales del portón trasero del vehículo, accesorios",https://www.amazon.com.mx/dp/B0DJKJWXWZ,https://www.amazon.com/dp/B0DJKJWXWZ,SIDE SHOP,Wevdn
,B0BMX1GBG9,1,Automotriz y Motocicletas,disponible,disponible,,,2025-10-31T20:11:43.760Z,2025-11-01T15:01:23.727Z,2025-11-02T14:45:11.530Z,587.73,12.99,$584.67,"WATODAY Interruptor de estrangulador de luz de arranque izquierdo de 5 funciones, 10 cables, interruptor de encendido ATV para 150 200 cc 250 cc 300 cc RoKeta Coolster ICEbear Jetmoto Kazuma ATV Parts Peace Baja Quad 4 ruedas",https://www.amazon.com.mx/dp/B0BMX1GBG9,https://www.amazon.com/dp/B0BMX1GBG9,SIDE SHOP,AiWa
,B08NRDF2DT,1,Automotriz y Motocicletas,disponible,no disponible,,,2025-10-31T20:11:43.760Z,2025-11-01T15:01:31.238Z,2025-11-02T14:45:19.916Z,1424.53,,"$1,424.54",Ultra1Plus SAE 75W-90 - Aceite sintético para engranajes API GL-5 (galón - 4 QTS),https://www.amazon.com.mx/dp/B08NRDF2DT,https://www.amazon.com/dp/B08NRDF2DT,LueKeen,
,B0D91GRNBH,1,Automotriz y Motocicletas,disponible,disponible,,,2025-10-31T20:11:43.760Z,2025-11-01T15:01:40.511Z,2025-11-02T14:45:27.392Z,2407.32,69.99,"$2,369.05","AUTIWOZ Mini pulidor inalámbrico para coche, cambio rápido de 1/3"" 12 mm orbital y rotativo pequeño pulidor para pulir, eliminación de arañazos, pulido, 6 velocidades, 2 baterías de iones de litio de",https://www.amazon.com.mx/dp/B0D91GRNBH,https://www.amazon.com/dp/B0D91GRNBH,HNEN,AUTIWOZ TOOL
,B0F1Z34Z7M,1,Automotriz y Motocicletas,disponible,disponible,,,2025-10-31T20:11:43.760Z,2025-11-01T15:01:49.489Z,2025-11-02T14:45:34.433Z,789.81,19.99,$770.87,"Kit de herramientas de repuesto de vástago de válvula y núcleo, herramienta de instalación de vástago de válvula de neumático sin extracción de neumáticos, tapas de vástago de válvula 2 en 1 y llave",https://www.amazon.com.mx/dp/B0F1Z34Z7M,https://www.amazon.com/dp/B0F1Z34Z7M,HNEN,JXWZWQ
,B0009IK5U8,1,Automotriz y Motocicletas,disponible,no disponible,,,2025-10-31T20:11:43.760Z,2025-11-01T15:01:57.102Z,2025-11-02T14:45:42.012Z,538.6,,$544.00,"ANCO Series 31 Plumas limpiaparabrisas , 17 Inches, (Pack of 1)",https://www.amazon.com.mx/dp/B0009IK5U8,https://www.amazon.com/dp/B0009IK5U8,MELLY SUPPLIER,
,B0D7V648QW,1,Automotriz y Motocicletas,disponible,no disponible,,,2025-10-31T20:11:43.760Z,2025-11-01T15:02:04.883Z,2025-11-02T14:45:51.022Z,1247.23,,"$1,246.52","IG - Visor de ventana, protector contra la lluvia, sol y viento, con cinta adhesiva, deflector de ventana lateral, duradero, estilo Mugen, para Volkswagen (VW) Golf MK6 Hatchback 2010-2014 (solo 5",https://www.amazon.com.mx/dp/B0D7V648QW,https://www.amazon.com/dp/B0D7V648QW,BROWN LEAVES LLC,
,B0CJQVK7RZ,1,Automotriz y Motocicletas,disponible,disponible,,,2025-10-31T20:11:43.760Z,2025-11-01T15:02:19.897Z,2025-11-02T14:46:03.274Z,371.15,3.99,$369.21,"Dickno - Juego de 4 tornillos de rotor de disco de freno de acero inoxidable, kit de tornillos de retención de automóvil para parte delantera y trasera, accesorios de repuesto OEM 936000-6014-0H para",https://www.amazon.com.mx/dp/B0CJQVK7RZ,https://www.amazon.com/dp/B0CJQVK7RZ,SIDE SHOP,Dickno
,B006ZPP680,1,Automotriz y Motocicletas,disponible,disponible,,,2025-10-31T20:11:43.761Z,2025-11-01T15:02:27.657Z,2025-11-02T14:46:10.364Z,756.31,19.99,$752.37,1965-1966 Ford Mustang Parking Brake Handle NEW,https://www.amazon.com.mx/dp/B006ZPP680,https://www.amazon.com/dp/B006ZPP680,SIDE SHOP,Alf's Mustang Parts
,B0CJXS2R57,1,Automotriz y Motocicletas,disponible,disponible,,,2025-10-31T20:11:43.761Z,2025-11-01T15:02:36.534Z,2025-11-02T14:46:17.621Z,2511.92,67.89,"$2,498.83","TIEHESYT - Juego completo de fundas de asiento de coche, delantero y trasero, protectores de asiento de coche, compatible con la mayoría de vehículos, SUV (Martha Red, par delantero)",https://www.amazon.com.mx/dp/B0CJXS2R57,https://www.amazon.com/dp/B0CJXS2R57,SIDE SHOP,AUSTINVIA
,B0CLVNDBJP,1,Automotriz y Motocicletas,disponible,no disponible,,,2025-10-31T20:11:43.761Z,2025-11-01T15:02:44.765Z,2025-11-02T14:46:26.789Z,703.92,,$680.63,"AGS Automotive Solutions Lubricante de freno a base de silicona, elimina chirridos y mejora el rendimiento con la aplicación de la tapa del cepillo para polvo, de larga duración, 8 onzas, excelente para tareas completas de montaje de frenos",https://www.amazon.com.mx/dp/B0CLVNDBJP,https://www.amazon.com/dp/B0CLVNDBJP,MYSILKROAD LLC,
,B0DXV9GLB7,1,Automotriz y Motocicletas,disponible,disponible,,,2025-10-31T20:11:43.761Z,2025-11-01T15:02:53.383Z,2025-11-02T14:46:34.040Z,462.1,6.99,$459.69,"Roberly - Parasol para parabrisas de coche, 3 unidades, 240T, plegable, para parabrisas de coche y ventana lateral, a prueba de rayos UV, aislamiento térmico, protección interior automotriz con bolsa",https://www.amazon.com.mx/dp/B0DXV9GLB7,https://www.amazon.com/dp/B0DXV9GLB7,SIDE SHOP,Roberly
,B0D9JKDVQ2,1,Automotriz y Motocicletas,disponible,disponible,,,2025-10-31T20:11:43.761Z,2025-11-01T15:03:01.740Z,2025-11-02T14:46:42.167Z,1148.05,33.99,"$1,147.89","SPBRTBUB - Bombillas halógenas compatibles con Toyota Sienna (2004-2010) para faros delanteros halógenos, combo de luces brillantes, 9005/HB3/H10 + 9006/HB4 de haz alto y bajo combinado",https://www.amazon.com.mx/dp/B0D9JKDVQ2,https://www.amazon.com/dp/B0D9JKDVQ2,SIDE SHOP,SPBRTBUB_LED
,B0CY2LJ8BY,1,Automotriz y Motocicletas,disponible,disponible,,,2025-10-31T20:11:43.761Z,2025-11-01T15:03:11.616Z,2025-11-02T14:46:50.297Z,614.5,12.99,$614.57,"Klawdsky - portafolios duro para herramientas Fluke 323/324/325/303/305, multímetro FC True RMS (solo caso)",https://www.amazon.com.mx/dp/B0CY2LJ8BY,https://www.amazon.com/dp/B0CY2LJ8BY,SIDE SHOP,Yonike US
,B0C4LDDCRS,1,Automotriz y Motocicletas,disponible,disponible,,,2025-10-31T20:11:55.545Z,2025-11-01T15:03:18.941Z,2025-11-02T14:46:58.871Z,466.46,7.95,$464.03,"Emblema de rejilla frontal tricolor, calcomanías de emblema de camión, accesorios de coche para Toyota Tacoma 4Runner Tundra Sequoia Rav4 Highlander y vehículos con rejilla de malla o rejilla",https://www.amazon.com.mx/dp/B0C4LDDCRS,https://www.amazon.com/dp/B0C4LDDCRS,SIDE SHOP,Medwoka Store
,B0CP36WLH4,1,Automotriz y Motocicletas,disponible,no disponible,,,2025-10-31T20:11:55.545Z,2025-11-01T15:03:26.198Z,2025-11-02T14:47:07.239Z,769.2,,$770.87,"HXSKJMX - Soporte de elevación de maletero de repuesto para camión compatible con Dodge Ram 1500 2009-2018, para Dodge Ram 2500/3500 2010-2022, para Dodge Ram 1500 2019-2022 Classic Lift Damper Strut",https://www.amazon.com.mx/dp/B0CP36WLH4,https://www.amazon.com/dp/B0CP36WLH4,Abundant Peace,
,B00029JLB8,1,Automotriz y Motocicletas,disponible,no disponible,,,2025-10-31T20:11:55.545Z,2025-11-01T15:03:33.171Z,2025-11-02T14:47:14.276Z,1858.28,,"$1,857.58",MSD 8223 Blaster 3 Bobina de encendido,https://www.amazon.com.mx/dp/B00029JLB8,https://www.amazon.com/dp/B00029JLB8,GUTTIDIRECT,
,B08RP4G5ZT,1,Automotriz y Motocicletas,disponible,disponible,,,2025-10-31T20:11:55.545Z,2025-11-01T15:03:41.024Z,2025-11-02T14:47:22.293Z,602.85,13.99,$608.66,"TCMI Kit de hardware de barra de acoplamiento de liberación rápida compatible con Harley Sportster XL desmontable Sissy Bar 2004-2017, cromo #5",https://www.amazon.com.mx/dp/B08RP4G5ZT,https://www.amazon.com/dp/B08RP4G5ZT,Abundant Peace,TCMI
,B0CRKTPZZZ,1,Automotriz y Motocicletas,disponible,no disponible,,,2025-10-31T20:11:55.545Z,2025-11-01T15:03:49.173Z,2025-11-02T14:47:30.353Z,1203.21,,"$1,197.44","Zditumi 7L1Z-3C247-A - Actuador de cubeta de bloqueo delantero 4x4 4WD compatible con Ford F150 2004-2016, Expedition 2003-2015, Lincoln Navigator 4WD/AWD 2003-2017, 7L1Z3C247A 600-405",https://www.amazon.com.mx/dp/B0CRKTPZZZ,https://www.amazon.com/dp/B0CRKTPZZZ,HNEN,
,B0F37PGT12,1,Automotriz y Motocicletas,disponible,disponible,,,2025-10-31T20:11:55.546Z,2025-11-01T15:03:58.624Z,2025-11-02T14:47:38.101Z,1141.47,35.99,"$1,135.52","AACPLAY Adaptador inalámbrico CarPlay, 2 en 1 CarPlay y adaptador automático de Android, fácil actualización de cable a inalámbrico, Plug & Play, diseño compacto para una conectividad sin costuras",https://www.amazon.com.mx/dp/B0F37PGT12,https://www.amazon.com/dp/B0F37PGT12,SIDE SHOP,LinkDrive
,B000K7YRFC,1,Automotriz y Motocicletas,disponible,no disponible,,,2025-10-31T20:11:55.546Z,2025-11-01T15:04:06.979Z,2025-11-02T14:47:45.622Z,382.65,,$394.58,"AGS Automotive Solutions - Grasa de Silicona dieléctrica - Tubo de 0.5 onzas, Evita fallas eléctricas, asegura Conexiones Libres de óxido, lubricante automotriz",https://www.amazon.com.mx/dp/B000K7YRFC,https://www.amazon.com/dp/B000K7YRFC,GUTTIDIRECT,
Bebé,B096HWP428,1,Automotriz y Motocicletas,disponible,no disponible,,,2025-10-31T20:11:55.546Z,2025-11-01T15:04:14.908Z,2025-11-02T14:47:52.675Z,1620.66,,"$1,612.21","UPPAbaby - Forro de asiento reversible, resistente al agua y cómodo, fácil de colocar en el carriola/Phoebe (transpirable gris claro y forro polar acogedor)",https://www.amazon.com.mx/dp/B096HWP428,https://www.amazon.com/dp/B096HWP428,SIDE SHOP,
,B0C9BY3QM6,1,Automotriz y Motocicletas,disponible,disponible,,,2025-10-31T20:11:55.546Z,2025-11-01T15:04:23.316Z,2025-11-02T14:48:00.413Z,871.15,23.99,$866.60,"SIMPWIBLD - 3 limpiaparabrisas de repuesto para Dodge Grand Caravan 2008-2019/Chrysler Town & Country 2008-2016, repuesto de equipo original de 26 pulgadas + 20 pulgadas + 16 pulgadas (juego de 3)",https://www.amazon.com.mx/dp/B0C9BY3QM6,https://www.amazon.com/dp/B0C9BY3QM6,SIDE SHOP,SIMPWIBLD
,B0B8L68NSK,1,Automotriz y Motocicletas,disponible,no disponible,,,2025-10-31T20:11:55.546Z,2025-11-01T15:04:32.501Z,2025-11-02T14:48:09.049Z,477.03,,$474.54,Carbbia CF14 EP35 - Relé de intermitente electrónico de 3 pines 12 V para coche y vehículo L Fix bombillas LED intermitentes hiper parpadeo sin problema de flash JL-02,https://www.amazon.com.mx/dp/B0B8L68NSK,https://www.amazon.com/dp/B0B8L68NSK,SIDE SHOP,
,B015GGY61Q,1,Automotriz y Motocicletas,disponible,no disponible,,,2025-10-31T20:11:55.546Z,2025-11-01T15:04:40.804Z,2025-11-02T14:48:16.296Z,760.41,,$759.70,"Blue-Job® Esmalte chapado en cromo, perfecto para tu motocicleta, un esmalte para todas tus necesidades",https://www.amazon.com.mx/dp/B015GGY61Q,https://www.amazon.com/dp/B015GGY61Q,M&H Customer Friendly Store,
,B0CZ12QT58,1,Automotriz y Motocicletas,disponible,disponible,,,2025-10-31T20:11:55.546Z,2025-11-01T15:04:48.124Z,2025-11-02T14:48:23.405Z,601.95,13.95,$607.74,"Tornillo de guía de cadena de distribución # 11588522, tornillo de guía de cadena de distribución de acero para Saab 9-3 2003 a 2012, Saab 9-5 2010 a 2011, 2.4 ecotec, Opel 2.2, Chevy (11588522-4PCS)",https://www.amazon.com.mx/dp/B0CZ12QT58,https://www.amazon.com/dp/B0CZ12QT58,Abundant Peace,Zzxker Direct
,B0CJ39H8D6,1,Automotriz y Motocicletas,disponible,no disponible,,,2025-10-31T20:11:55.546Z,2025-11-01T15:04:55.096Z,2025-11-02T14:48:30.151Z,835.56,,$824.11,"Detail Dudes - Juego de 6 cepillos para Detalles de automóviles, para Lavar y Limpiar Ruedas, tapicería Interior, Emblema, ventilación de Aire, vehículos y Kit de Detalles Interiores",https://www.amazon.com.mx/dp/B0CJ39H8D6,https://www.amazon.com/dp/B0CJ39H8D6,M&H Customer Friendly Store,
,B0CM3CTPBF,1,Automotriz y Motocicletas,disponible,disponible,,,2025-10-31T20:11:55.546Z,2025-11-01T15:05:09.083Z,2025-11-02T14:48:42.143Z,635.96,14.99,$632.65,Juego de línea de pinza de freno delantero para Toyota Tundra 2007-2014 4WD,https://www.amazon.com.mx/dp/B0CM3CTPBF,https://www.amazon.com/dp/B0CM3CTPBF,SIDE SHOP,MOTOQUEEN
,B0CQ3N3YSL,1,Automotriz y Motocicletas,disponible,disponible,,,2025-10-31T20:11:55.547Z,2025-11-01T15:05:16.664Z,2025-11-02T14:48:51.008Z,1056.25,28.98,"$1,050.04","AERO - Limpiaparabrisas de repuesto para Ford Bronco Sport (no modelo base) 2024 2023 2022 2021, 22 pulgadas + 20 pulgadas delantera + 9 pulgadas trasera, limpiaparabrisas para todas las estaciones",https://www.amazon.com.mx/dp/B0CQ3N3YSL,https://www.amazon.com/dp/B0CQ3N3YSL,BS-SHOPPING,WiperMaster-USA
,B0DF1Q2SGM,1,Automotriz y Motocicletas,disponible,disponible,,,2025-10-31T20:11:55.547Z,2025-11-01T15:05:25.253Z,2025-11-02T14:48:58.251Z,1189.47,37.99,"$1,183.27","SPBRTBUB - Compatible con bombillas de faros delanteros Sonata 2011-2014, luces altas H7 + faros halógenos de haz bajo H7 y luz antiniebla H11, 6 unidades",https://www.amazon.com.mx/dp/B0DF1Q2SGM,https://www.amazon.com/dp/B0DF1Q2SGM,SIDE SHOP,SPBRTBUB_LED
,B0D8HWHKM9,1,Automotriz y Motocicletas,disponible,disponible,,,2025-10-31T20:12:10.775Z,2025-11-01T15:05:33.355Z,2025-11-02T14:49:06.477Z,611.85,13.99,$608.66,"Tapa de tapón de drenaje ovalada para cama de camión compatible con Ford F150 1997-2023, F250 F350 2017-2023, F450 F550 Reemplazar 4L3Z-99277B76-AA 2 piezas",https://www.amazon.com.mx/dp/B0D8HWHKM9,https://www.amazon.com/dp/B0D8HWHKM9,SIDE SHOP,Casrram
,B0CN167QQF,1,Automotriz y Motocicletas,disponible,disponible,,,2025-10-31T20:12:10.775Z,2025-11-01T15:05:40.231Z,2025-11-02T14:49:14.770Z,497.15,4.07,$494.56,"Dickno AWD - Calcomanía de emblema de metal 3D con letra de metal para portón trasero, decoración autoadhesiva para todas las ruedas, accesorios universales de decoración exterior del vehículo (rojo)",https://www.amazon.com.mx/dp/B0CN167QQF,https://www.amazon.com/dp/B0CN167QQF,SIDE SHOP,Dickno
,B0CQVF6K6N,1,Automotriz y Motocicletas,disponible,disponible,,,2025-10-31T20:12:10.775Z,2025-11-01T15:05:47.970Z,2025-11-02T14:49:23.768Z,398.33,4.39,$388.47,"4 clips para alfombras de piso de coche, clips de fijación compatibles con el cierre de carga de Toyota Lexus, accesorios de clip para tapete de carga, color negro",https://www.amazon.com.mx/dp/B0CQVF6K6N,https://www.amazon.com/dp/B0CQVF6K6N,KODA STORE,Hly-At
,B0CJ4M1L66,1,Automotriz y Motocicletas,disponible,disponible,,,2025-10-31T20:12:10.775Z,2025-11-01T15:05:56.723Z,2025-11-02T14:49:30.415Z,433.85,6.59,$431.59,"Limpiaparabrisas trasero de 16 pulgadas compatible con Subaru Forester 2004-2005, Impreza 2004 2009-2011, Honda Insight 2010-2011, Odyssey 2007-2022, Outback 2020-2022, Passport 2019-2022",https://www.amazon.com.mx/dp/B0CJ4M1L66,https://www.amazon.com/dp/B0CJ4M1L66,SIDE SHOP,VEIGEIR
,B0CQK4S6VP,1,Automotriz y Motocicletas,disponible,disponible,,,2025-10-31T20:12:10.775Z,2025-11-01T15:06:04.300Z,2025-11-02T14:49:39.028Z,375.05,4.15,$373.10,Chamixx - Sellos de válvula de vapor de combustible F6TZ9B076AA F6TZ-9B076-AA compatibles con Ford F150 F250 E350 Aerostar Bronco y Mercury Tracer Grand Tanques de combustible,https://www.amazon.com.mx/dp/B0CQK4S6VP,https://www.amazon.com/dp/B0CQK4S6VP,SIDE SHOP,Chamixx
,B0CM65H5TY,1,Automotriz y Motocicletas,disponible,no disponible,,,2025-10-31T20:12:10.775Z,2025-11-01T15:06:13.165Z,2025-11-02T14:49:46.604Z,770.86,,$770.87,Relleno de refrigerante de radiador de aluminio con tapa de llenado de radiador para Chrysler 200 Sebring Dodge Caliber Avenger Durango Dakota Jouney Jeep Compass Patriot Reemplazar 52028810AL,https://www.amazon.com.mx/dp/B0CM65H5TY,https://www.amazon.com/dp/B0CM65H5TY,LueKeen,
,B0F2TCQKJH,1,Automotriz y Motocicletas,disponible,no disponible,,,2025-10-31T20:12:10.775Z,2025-11-01T15:06:21.699Z,2025-11-02T14:49:54.218Z,679.05,,$680.63,"Soporte de teléfono con ventosa al aspiradora mejorado 2026 para Magsafe [109+LBS más fuerte succión], soporte magnético plegable al aspiradora ajustable de 360° para coche [24 imanes más fuertes N55",https://www.amazon.com.mx/dp/B0F2TCQKJH,https://www.amazon.com/dp/B0F2TCQKJH,Abundant Peace,
Bebé,B0F24FSTX2,1,Automotriz y Motocicletas,disponible,disponible,,,2025-10-31T20:12:10.776Z,2025-11-01T15:06:29.745Z,2025-11-02T14:50:02.105Z,774.91,19.99,$770.87,"Paquete de 2 rellenos para asientos de coche, entre asientos, colector de consola, organizador de relleno de espacio de coche, ofrece espacio de almacenamiento y evita que se caigan, insertos de",https://www.amazon.com.mx/dp/B0F24FSTX2,https://www.amazon.com/dp/B0F24FSTX2,SIDE SHOP,Aeloer
,B0CB6XTQN2,1,Automotriz y Motocicletas,disponible,disponible,,,2025-10-31T20:12:10.776Z,2025-11-01T15:06:37.035Z,2025-11-02T14:50:08.617Z,515.61,9.99,$512.93,"Casalytics Relé 95230-2P030 (juego de 2), 4 pines de relé de alimentación multiusos de 12 V 35 A, compatible con vehículos Hyundai, Kia",https://www.amazon.com.mx/dp/B0CB6XTQN2,https://www.amazon.com/dp/B0CB6XTQN2,SIDE SHOP,Casalytics
,B0CWTQT4Y2,1,Automotriz y Motocicletas,disponible,disponible,,,2025-10-31T20:12:10.776Z,2025-11-01T15:06:44.489Z,2025-11-02T14:50:16.442Z,392.97,4.89,$390.92,"povtii - 2 piezas de manguera de respiradero de motocicleta para tanque de combustible de gas, tubo de manguera de ventilación de aluminio unidireccional, accesorios universales de motocicleta para",https://www.amazon.com.mx/dp/B0CWTQT4Y2,https://www.amazon.com/dp/B0CWTQT4Y2,SIDE SHOP,povtii
,B0BYZBFCKB,1,Automotriz y Motocicletas,disponible,disponible,,,2025-10-31T20:12:10.776Z,2025-11-01T15:06:51.216Z,2025-11-02T14:50:25.099Z,752.25,18.99,$753.84,"NVCNX - Fibra de carbono de alta calidad compatible con Chevy/Chevrolet Camaro 2010-2015 2011 2012 2013 2014 cubierta de luz de lectura delantera para techo de coche, 4 piezas, color negro",https://www.amazon.com.mx/dp/B0BYZBFCKB,https://www.amazon.com/dp/B0BYZBFCKB,SIDE SHOP,bazhuyu
,B0F1XQG23G,1,Automotriz y Motocicletas,disponible,disponible,,,2025-10-31T20:12:10.776Z,2025-11-01T15:06:59.558Z,2025-11-02T14:50:33.199Z,938.9,24.99,$934.00,"TUOSHUNGE - Juego de herramientas extendidas de mano de 59 pulgadas, 21 herramientas de reparación de acero inoxidable",https://www.amazon.com.mx/dp/B0F1XQG23G,https://www.amazon.com/dp/B0F1XQG23G,SIDE SHOP,TUOSHUNGE Hook up franchises
,B08224RPR8,1,Automotriz y Motocicletas,disponible,disponible,,,2025-10-31T20:12:10.776Z,2025-11-01T15:07:06.942Z,2025-11-02T14:50:41.064Z,1235.41,35.88,"$1,228.96",HVAC - Conjunto de motor de ventilador para Dodge Durango 2004-2009 y 07 08 09 Aspen Repalces 700167 5061381AA CH3126122,https://www.amazon.com.mx/dp/B08224RPR8,https://www.amazon.com/dp/B08224RPR8,SIDE SHOP,AEagle Parts
,B0BX7582HK,1,Automotriz y Motocicletas,disponible,disponible,,,2025-10-31T20:12:10.776Z,2025-11-01T15:07:14.591Z,2025-11-02T14:50:48.973Z,611.85,13.99,$608.66,"ORRIFY Limpiaparabrisas trasero 95915136 para Chevy Trax 2015-2020, para Buick Encore 2013-2020",https://www.amazon.com.mx/dp/B0BX7582HK,https://www.amazon.com/dp/B0BX7582HK,SIDE SHOP,ORRIFY AutoParts
,B0BJKFSS8N,1,Automotriz y Motocicletas,disponible,disponible,,,2025-10-31T20:12:10.776Z,2025-11-01T15:07:22.808Z,2025-11-02T14:50:56.676Z,515.61,9.99,$512.93,"OFFCURVE Funda para llavero Chevy, funda para llave de coche para Chevrolet Chevy GMC Buick Encore Terrain Malibu Camaro Cruze Impala Equinox Volt Spark Sonic, azul",https://www.amazon.com.mx/dp/B0BJKFSS8N,https://www.amazon.com/dp/B0BJKFSS8N,SIDE SHOP,OFF CURVE
,B0814XSPTW,1,Automotriz y Motocicletas,disponible,disponible,,,2025-10-31T20:12:10.776Z,2025-11-01T15:07:29.250Z,2025-11-02T14:51:04.011Z,750.8,18.99,$746.88,Savior 3 filtros de aceite 751-12690 751-11501 para motores MTD 490-201-0010 Premium OHV 382cc 420cc 439cc 452cc 547cc 679cc Powermore reemplazan para 951-12690,https://www.amazon.com.mx/dp/B0814XSPTW,https://www.amazon.com/dp/B0814XSPTW,SIDE SHOP,Savior_Parts
,B0147999BK,1,Automotriz y Motocicletas,disponible,no disponible,,,2025-10-31T20:12:24.113Z,2025-11-01T15:07:36.985Z,2025-11-02T14:51:11.597Z,966.46,,$961.42,Garry's Royal Satin Automotive Cera limpiadora de un Paso (1 Cuarto) Directamente de Harvey Westbury Corp.,https://www.amazon.com.mx/dp/B0147999BK,https://www.amazon.com/dp/B0147999BK,SIDE SHOP,
,B0C1WQ7TKP,1,Automotriz y Motocicletas,disponible,disponible,,,2025-10-31T20:12:24.113Z,2025-11-01T15:07:51.236Z,2025-11-02T14:51:24.491Z,395.04,4.98,$392.98,"calcomanía de vinilo para perro de San Bernardo para coche, portátil, vaso, más. #004052",https://www.amazon.com.mx/dp/B0C1WQ7TKP,https://www.amazon.com/dp/B0C1WQ7TKP,SIDE SHOP,Yoonek Graphics
,B0D9LQPD9X,1,Automotriz y Motocicletas,disponible,disponible,,,2025-10-31T20:12:24.113Z,2025-11-01T15:07:58.301Z,2025-11-02T14:51:33.939Z,354.38,3.29,$352.54,"Wogomz - 12 tapas de vástago de válvula de neumático de automóvil, tapas de aire de aluminio resistentes a la corrosión, cubiertas de vástago de vehículo a prueba de polvo y fugas, universales para",https://www.amazon.com.mx/dp/B0D9LQPD9X,https://www.amazon.com/dp/B0D9LQPD9X,SIDE SHOP,Wogomz
,B004XWQYRE,1,Automotriz y Motocicletas,disponible,no disponible,,,2025-10-31T20:12:24.113Z,2025-11-01T15:08:07.004Z,2025-11-02T14:51:40.740Z,791.76,,$799.20,"Prism Polaco de metal - 7 onzas: Logra un brillo brillante en aluminio, cromo, acero inoxidable, latón, plata, níquel, oro, plata y más. Seguro para barco, coche, motocicleta, hogar y negocios.",https://www.amazon.com.mx/dp/B004XWQYRE,https://www.amazon.com/dp/B004XWQYRE,GUTTIDIRECT,
,B0919BNFZD,1,Automotriz y Motocicletas,disponible,no disponible,,,2025-10-31T20:12:24.114Z,2025-11-01T15:08:15.066Z,2025-11-02T14:51:49.331Z,711.34,,$711.34,X AUTOHAUX 04685729AB Interruptores de volante de control de radio de repuesto para Chrysler para Jeep Dodge para Ram lado izquierdo,https://www.amazon.com.mx/dp/B0919BNFZD,https://www.amazon.com/dp/B0919BNFZD,SIDE SHOP,
,B072WMZDFF,1,Automotriz y Motocicletas,disponible,disponible,,,2025-10-31T20:12:24.114Z,2025-11-01T15:08:22.862Z,2025-11-02T14:51:57.595Z,409.73,5.59,$407.60,"Asfroy Adaptador de extensión de válvula de neumático de 90 Grados para Coche, Motocicleta, Scooter, 2 Unidades",https://www.amazon.com.mx/dp/B072WMZDFF,https://www.amazon.com/dp/B072WMZDFF,SIDE SHOP,ILOVA Studio
,B00VVVL588,1,Automotriz y Motocicletas,disponible,no disponible,,,2025-10-31T20:12:24.114Z,2025-11-01T15:08:30.448Z,2025-11-02T14:52:05.426Z,1133.12,,"$1,131.81",GENUINE Air Spencer CS-X3 Air Freshener Frefill + 4 Packs (4 Different Scents!) by Eikosha,https://www.amazon.com.mx/dp/B00VVVL588,https://www.amazon.com/dp/B00VVVL588,SIDE SHOP,
,B07XL8485F,1,Automotriz y Motocicletas,disponible,disponible,,,2025-10-31T20:12:24.114Z,2025-11-01T15:08:38.847Z,2025-11-02T14:52:13.624Z,1173.62,36.55,"$1,167.50",AKWH VTEC Válvula solenoide de bobina con junta parte #15810-RKB-J01 15810RKBJ01 para Odyssey 2005-2007,https://www.amazon.com.mx/dp/B07XL8485F,https://www.amazon.com/dp/B07XL8485F,SIDE SHOP,Aiken
,B0CCTZ4QVW,1,Automotriz y Motocicletas,disponible,no disponible,,,2025-10-31T20:12:24.114Z,2025-11-01T15:08:47.743Z,2025-11-02T14:52:20.131Z,538.07,,$535.26,"Stickios - Calcomanías de vinilo extraíbles para automóviles y ventanas, no magnéticas, color rosa (10.4 x 4 pulgadas, 2 unidades)",https://www.amazon.com.mx/dp/B0CCTZ4QVW,https://www.amazon.com/dp/B0CCTZ4QVW,SIDE SHOP,
,B0C4V1DNZ6,1,Automotriz y Motocicletas,disponible,disponible,,,2025-10-31T20:12:24.114Z,2025-11-01T15:08:57.124Z,2025-11-02T14:52:27.396Z,467.38,7.99,$464.95,"OLLEN - Funda para llavero con llavero, compatible con Toyota 4Runner Corolla Matrix RAV4 Venza Yaris Scion",https://www.amazon.com.mx/dp/B0C4V1DNZ6,https://www.amazon.com/dp/B0C4V1DNZ6,SIDE SHOP,OLLEN-US
,B0C64TGYL9,1,Automotriz y Motocicletas,disponible,disponible,,,2025-10-31T20:12:24.114Z,2025-11-01T15:09:05.812Z,2025-11-02T14:52:35.218Z,431.32,6.49,$429.08,"ELFCULB - Cable conector SAE, 16 AWG 1 pies, conector rápido SAE de 2 pines, enchufe de desconexión para panel solar de coche, motocicleta (paquete de 2)",https://www.amazon.com.mx/dp/B0C64TGYL9,https://www.amazon.com/dp/B0C64TGYL9,SIDE SHOP,ELFCULB
,B0B21JXPCP,1,Automotriz y Motocicletas,disponible,no disponible,,,2025-10-31T20:12:24.114Z,2025-11-01T15:09:13.437Z,2025-11-02T14:52:42.235Z,978.84,,$978.14,"Ruihe - perilla de cambio de marcha de coche, cubierta de marco compatible con Hyundai Elantra 2021 2022 2023 2024 versión de freno de estacionamiento eléctrico grano de madera",https://www.amazon.com.mx/dp/B0B21JXPCP,https://www.amazon.com/dp/B0B21JXPCP,PRCOM,
,B005LYU71W,1,Automotriz y Motocicletas,disponible,no disponible,,,2025-10-31T20:12:24.114Z,2025-11-01T15:09:20.419Z,2025-11-02T14:52:49.352Z,750,,"$1,296.59",Mixol : Universal Stainer : 200 ml : Black,https://www.amazon.com.mx/dp/B005LYU71W,https://www.amazon.com/dp/B005LYU71W,Rocky Valley Sales LLC,
,B0F5KG51QF,1,Bebé,disponible,no disponible,,,2025-10-31T20:12:31.798Z,2025-11-01T15:09:28.026Z,2025-11-02T14:52:56.948Z,1555.77,,"$1,608.92","Tapo 2K 3MP Cámara de Seguridad con Doble Lente panorámica/inclinación – 125° Gran Angular + 6mm Telefoto, detección Gratuita de Persona/vehículo, visión de 360°, SD/Nube, Funciona con Alexa y Google",https://www.amazon.com.mx/dp/B0F5KG51QF,https://www.amazon.com/dp/B0F5KG51QF,GUTTIDIRECT,
,B0CL2BXSQ8,1,Bebé,disponible,no disponible,,,2025-10-31T20:12:31.798Z,2025-11-01T15:09:38.082Z,2025-11-02T14:53:05.035Z,732.19,,$728.38,"lefeke Parches Para El Ombligo Del Bebé, Almohadillas De Algodón Para Hernia Del Ombligo Del Bebé, Artículos Esenciales Para Bebés (14 Piezas)",https://www.amazon.com.mx/dp/B0CL2BXSQ8,https://www.amazon.com/dp/B0CL2BXSQ8,SIDE SHOP,
,B0CJ26H25Y,1,Bebé,disponible,disponible,,,2025-10-31T20:12:31.798Z,2025-11-01T15:09:47.313Z,2025-11-02T14:53:11.538Z,678.68,15.99,$675.14,"L'OLGA COLLECTION - Bolsa de maquillaje ligera y reutilizable, artículos de cambiador | Bolsa de cosméticos a prueba de salpicaduras, plegable y de viaje, impermeable, traje de baño de playa, traje de",https://www.amazon.com.mx/dp/B0CJ26H25Y,https://www.amazon.com/dp/B0CJ26H25Y,SIDE SHOP,L'OLGA
,B019660RPG,1,Bebé,disponible,no disponible,,,2025-10-31T20:12:31.798Z,2025-11-01T15:09:55.659Z,2025-11-02T14:53:18.775Z,851.16,,$848.10,Vashe Wound Solution OTC | Limpiador de heridas preservado en ácido hipocloroso puro | Cuidado de heridas en el hogar y limpiador de heridas | pH no citotóxico y neutro para la piel | 8 onzas líquidas,https://www.amazon.com.mx/dp/B019660RPG,https://www.amazon.com/dp/B019660RPG,SRKSB LLC,
,B0B4YG727V,1,Bebé,disponible,disponible,,,2025-10-31T20:12:31.798Z,2025-11-01T15:10:03.963Z,2025-11-02T14:53:25.858Z,1019.13,29.99,"$1,018.97","UPPAbaby - Adaptador para cochecitos Minu y Minu V2, Compatible con sillas de bebé, Aria, Mesa V2 o Mesa MAX, fijación rápida + Segura, 1 Juego",https://www.amazon.com.mx/dp/B0B4YG727V,https://www.amazon.com/dp/B0B4YG727V,GUTTIDIRECT,
,B0CGWDRZ2W,1,Bebé,disponible,disponible,,,2025-10-31T20:12:31.798Z,2025-11-01T15:10:12.200Z,2025-11-02T14:53:33.793Z,587.73,12.99,$584.67,"ProCase Orejera Anti Ruido para Niño, Protector Auditivo NRR 24dB Earmuff Profesional de Cancelación de Ruido para Niños en Partido Juego Caza Espectáculo Autismo -Rojo",https://www.amazon.com.mx/dp/B0CGWDRZ2W,https://www.amazon.com/dp/B0CGWDRZ2W,SIDE SHOP,ChangBo Store
,B0CCBPQ7CQ,1,Bebé,disponible,no disponible,,,2025-10-31T20:12:31.799Z,2025-11-01T15:10:20.455Z,2025-11-02T14:53:41.951Z,1206.15,,"$1,204.79","HALO - Saco de dormir de microforro polar, manta ajustable en 3 direcciones, TOG 3.0, flor de bloque, recién nacido, 0-3 meses",https://www.amazon.com.mx/dp/B0CCBPQ7CQ,https://www.amazon.com/dp/B0CCBPQ7CQ,GUTTIDIRECT,
,B0DLFR5Z5V,1,Bebé,disponible,disponible,,,2025-10-31T20:12:31.799Z,2025-11-01T15:10:28.903Z,2025-11-02T14:53:49.917Z,749.42,18.99,$746.88,"Mantas de muselina para recién nacido, paquete de 3 mantas de recepción suaves y transpirables, tamaño grande de 38 x 40 pulgadas, ropa para eructos, artículos esenciales de ducha para bebés, regalo",https://www.amazon.com.mx/dp/B0DLFR5Z5V,https://www.amazon.com/dp/B0DLFR5Z5V,SRKSB LLC,LYRICHOM BABY Store
,B0CZ6RDYJ9,1,Bebé,disponible,disponible,,,2025-10-31T20:12:31.799Z,2025-11-01T15:10:43.568Z,2025-11-02T14:54:01.660Z,660.08,15.99,$656.64,"Paquete de 5 fundas para pañales con volantes – Baby Bloomers, lindos pantalones cortos de algodón para bebé, bragas para niñas pequeñas",https://www.amazon.com.mx/dp/B0CZ6RDYJ9,https://www.amazon.com/dp/B0CZ6RDYJ9,SIDE SHOP,poocen
,B0DSMHK6TS,1,Bebé,disponible,no disponible,,,2025-10-31T20:12:31.799Z,2025-11-01T15:10:51.753Z,2025-11-02T14:54:09.556Z,509.37,,$512.70,"Kit de cuidado de la salud y aseo para recién nacidos, 24 piezas, kit de cuidado de seguridad mejorado, juego de cuidado de la salud para recién nacidos, producto para el cuidado del bebé",https://www.amazon.com.mx/dp/B0DSMHK6TS,https://www.amazon.com/dp/B0DSMHK6TS,M&H Customer Friendly Store,
,B0841WZV1V,1,Bebé,disponible,no disponible,,,2025-10-31T20:12:31.799Z,2025-11-01T15:10:59.998Z,2025-11-02T14:54:17.805Z,633.7,,$632.65,"Pumping Spray 60ml | Organic Skin Lubricant for Breast Pumping | Pump Flange Spray for Breast Shields | Vegan & Lanolin Free, Made in USA | Ayuda Pezones Doloridos y Conductos de Leche Obstruidos",https://www.amazon.com.mx/dp/B0841WZV1V,https://www.amazon.com/dp/B0841WZV1V,SRKSB LLC,
,B0CTDYBM28,1,Bebé,disponible,no disponible,,,2025-10-31T20:12:31.799Z,2025-11-01T15:11:09.099Z,2025-11-02T14:54:25.304Z,514.24,,$512.93,"BOUBONI - Juego de 55 baberos de bebé para decoración de bricolaje, incluye 10 baberos blancos, 12 marcadores de tela, 12 plantillas, 20 pinzas para ropa, 1 cuerda de cáñamo para juegos de baby shower",https://www.amazon.com.mx/dp/B0CTDYBM28,https://www.amazon.com/dp/B0CTDYBM28,SRKSB LLC,
,B0DGQTF1M9,1,Bebé,disponible,disponible,,,2025-10-31T20:12:31.799Z,2025-11-01T15:11:17.360Z,2025-11-02T14:54:34.512Z,1117.58,35,"$1,111.76",Bamboo Little Footies baby-footie bebés niñas,https://www.amazon.com.mx/dp/B0DGQTF1M9,https://www.amazon.com/dp/B0DGQTF1M9,SIDE SHOP,Bamboo Little
,B0D2QC5DFG,1,Bebé,disponible,disponible,,,2025-10-31T20:12:31.800Z,2025-11-01T15:11:24.660Z,2025-11-02T14:54:41.502Z,749.42,18.99,$746.88,"Mantas de muselina para recién nacido, paquete de 3 mantas de recepción suaves y transpirables, tamaño grande de 38 x 40 pulgadas, ropa para eructos, artículos esenciales de ducha para bebés, regalo",https://www.amazon.com.mx/dp/B0D2QC5DFG,https://www.amazon.com/dp/B0D2QC5DFG,SRKSB LLC,LYRICHOM BABY Store
,B0080E68TU,1,Bebé,disponible,no disponible,,,2025-10-31T20:12:42.985Z,2025-11-01T15:11:32.845Z,2025-11-02T14:54:49.953Z,1135.04,,"$1,129.12","Halo SleepSack Cobija para vestir, en puntos de felpa velboa, rosada, pequeña",https://www.amazon.com.mx/dp/B0080E68TU,https://www.amazon.com/dp/B0080E68TU,SIDE SHOP,
,B0BJDCDG1N,1,Bebé,disponible,no disponible,,,2025-10-31T20:12:42.985Z,2025-11-01T15:11:40.766Z,2025-11-02T14:54:57.939Z,775.14,,$771.10,"MINIMEIS - Parasol para niños, compatible con miniMeis G4, Negro, Poliéster Nailon, SPF 50+",https://www.amazon.com.mx/dp/B0BJDCDG1N,https://www.amazon.com/dp/B0BJDCDG1N,SIDE SHOP,
,B00B3NBB2E,1,Bebé,disponible,no disponible,,,2025-10-31T20:12:42.985Z,2025-11-01T15:11:50.449Z,2025-11-02T14:55:06.349Z,1018.57,,"$1,010.31","Baby Banz EMBPU earBanZ Infant Hearing Protection, Purple, 0-2 Years",https://www.amazon.com.mx/dp/B00B3NBB2E,https://www.amazon.com/dp/B00B3NBB2E,GUTTIDIRECT,
,B0CNCHKQV6,1,Bebé,disponible,disponible,,,2025-10-31T20:12:42.985Z,2025-11-01T15:11:59.513Z,2025-11-02T14:55:14.782Z,732.2,18.99,$728.38,"47 piezas Kit de Decoración Baberos Blancos Bebé, Que Incluye 15 Baberos Blancos para Bebé, 22 Plantillas para Pintar, 10 Marcadores de Tela, Diseño Baberos Blanco Juego de Baby Shower",https://www.amazon.com.mx/dp/B0CNCHKQV6,https://www.amazon.com/dp/B0CNCHKQV6,SIDE SHOP,JENNIY
,B0BLYWK3C6,1,Bebé,disponible,no disponible,,,2025-10-31T20:12:42.985Z,2025-11-01T15:12:08.423Z,2025-11-02T14:55:22.149Z,900.77,,$896.08,"Lingtoolator for Women & Men 120 Billion CFU with 36 Probiotic Strains for Digestive Health and Gut Health, Delayed Release Capsules, Stomach Acid Resistant, No Need for Refrigeration 30 Capsules",https://www.amazon.com.mx/dp/B0BLYWK3C6,https://www.amazon.com/dp/B0BLYWK3C6,SIDE SHOP,
,B0C7MGC56M,1,Bebé,disponible,no disponible,,,2025-10-31T20:12:42.985Z,2025-11-01T15:12:17.498Z,2025-11-02T14:55:29.905Z,791.18,,$814.28,"YMEYFAN- 3 piezas de gel conductor, gel refrescante para dispositivo de depilación, cuidado de la piel, gel hidratante adecuado",https://www.amazon.com.mx/dp/B0C7MGC56M,https://www.amazon.com/dp/B0C7MGC56M,Rendosa,
,B0CV7VTX18,1,Bebé,disponible,no disponible,,,2025-10-31T20:12:42.986Z,2025-11-01T15:12:26.027Z,2025-11-02T14:55:38.064Z,1131.06,,"$1,120.38","SUNYEAH- Polvo MCT Polvo de aceite MCT, 600 g, Crema para café KETO, C8 C10 puro, Sin azúcar, De coco, Excelle",https://www.amazon.com.mx/dp/B0CV7VTX18,https://www.amazon.com/dp/B0CV7VTX18,Living Storers,
,B0DMZC8LL1,1,Bebé,disponible,disponible,,,2025-10-31T20:12:42.986Z,2025-11-01T15:12:34.343Z,2025-11-02T14:55:46.405Z,1195.36,36.99,"$1,221.42","Aisharery - Juego de plantillas de marcador de tela de regalo para recién nacidos, para bebés",https://www.amazon.com.mx/dp/B0DMZC8LL1,https://www.amazon.com/dp/B0DMZC8LL1,BELGUCAN Global,Aisharery
,B0CBZJDHGX,1,Bebé,disponible,no disponible,,,2025-10-31T20:12:42.986Z,2025-11-01T15:12:42.998Z,2025-11-02T14:55:55.146Z,2163.49,,"$2,141.26","Shwally- Hidratante facial antienvejecimiento con sebo y azul de metileno: sebo 100% alimentado con pasto con vitamina C, CoQ10 y",https://www.amazon.com.mx/dp/B0CBZJDHGX,https://www.amazon.com/dp/B0CBZJDHGX,ONEBLOOD STORE,
,B0DGL3BG2L,1,Bebé,disponible,no disponible,,,2025-10-31T20:12:42.986Z,2025-11-01T15:12:51.713Z,2025-11-02T14:56:03.388Z,1064.07,,"$1,058.52","QDYMXUN Protectores de Esquina de Pared autoadhesivos de Aluminio, Tiras Protectoras de Metal en Forma de L para Marco de Puerta,Borde de Muebles y protección hogar (Negro Mate, 4pcs x 1.3m x 2cm)",https://www.amazon.com.mx/dp/B0DGL3BG2L,https://www.amazon.com/dp/B0DGL3BG2L,SIDE SHOP,
,B0CGKKPCYL,1,Bebé,disponible,no disponible,,,2025-10-31T20:12:42.986Z,2025-11-01T15:13:00.995Z,2025-11-02T14:56:09.825Z,777.9,,$773.84,Baby Soft Cotton Underwear Little Girls'Briefs Toddler Training Undershirts,https://www.amazon.com.mx/dp/B0CGKKPCYL,https://www.amazon.com/dp/B0CGKKPCYL,SIDE SHOP,
,B0CPPLLBHT,1,Bebé,disponible,disponible,,,2025-10-31T20:12:42.986Z,2025-11-01T15:13:09.818Z,2025-11-02T14:56:17.057Z,1169.21,27.99,"$1,163.62","Wowflash 100 almohadillas para orejas desechables de 22 x 22 pulgadas, dpads02",https://www.amazon.com.mx/dp/B0CPPLLBHT,https://www.amazon.com/dp/B0CPPLLBHT,M&H Customer Friendly Store,WOWFLASH
,B0B6PR28TY,1,Bebé,disponible,no disponible,,,2025-10-31T20:12:42.986Z,2025-11-01T15:13:18.320Z,2025-11-02T14:56:25.183Z,577.39,,$579.41,"HOPELF - Varillas de madera de 25 varillas de madera - Varillas de bambú de 1/2 x 12 pulgadas, para manualidades, variedad de varillas de madera dura, varillas de madera, varillas de bandera",https://www.amazon.com.mx/dp/B0B6PR28TY,https://www.amazon.com/dp/B0B6PR28TY,M&H Customer Friendly Store,
,B0CTCPQ6N9,1,Bebé,disponible,no disponible,,,2025-10-31T20:12:42.986Z,2025-11-01T15:13:25.948Z,2025-11-02T14:56:33.149Z,511.88,,$512.93,"ANMEATE-Termómetro de Frente sin Contacto para Adultos, termómetro Digital infrarrojo para niños, termómetro para bebés sin Contacto, Lectura precisa con Pantalla Grande, silencioso",https://www.amazon.com.mx/dp/B0CTCPQ6N9,https://www.amazon.com/dp/B0CTCPQ6N9,DUKKI LLC,
,B0D7PZZLKP,1,Bebé,disponible,no disponible,,,2025-10-31T20:12:42.986Z,2025-11-01T15:13:40.236Z,2025-11-02T14:56:44.822Z,1589.87,,"$1,572.59","Eco Wave Toallitas para bebé, 100% compostables ecológicas, sin perfume, hipoalergénicas, veganas, sin alcohol, adecuadas para pieles sensibles (paquete de 12)",https://www.amazon.com.mx/dp/B0D7PZZLKP,https://www.amazon.com/dp/B0D7PZZLKP,M&H Customer Friendly Store,
,B0CZRS4VNC,1,Bebé,disponible,disponible,,,2025-10-31T20:12:42.986Z,2025-11-01T15:13:50.139Z,2025-11-02T14:56:53.154Z,677.63,15.99,$675.14,"Threlaco - Paquete de 6 toallitas para extraer leche de limpieza rápida y sin irritantes, prácticas toallitas de limpieza para extraer leche higiénicas (rosa)",https://www.amazon.com.mx/dp/B0CZRS4VNC,https://www.amazon.com/dp/B0CZRS4VNC,M&H Customer Friendly Store,Jinyogoder
,B09D41MVGJ,1,Bebé,disponible,no disponible,,,2025-10-31T20:12:52.666Z,2025-11-01T15:13:59.411Z,2025-11-02T14:57:01.548Z,660.08,,$656.64,Babyology - Aceite Calmante Para Bebés Recién Nacidos Con Aceites Esenciales Para Bebés - 100 Ml(338 Onzas Líquidas)- Lavanda - Masaje Nutritivo E Hidratante Para Fortalecer El Vínculo,https://www.amazon.com.mx/dp/B09D41MVGJ,https://www.amazon.com/dp/B09D41MVGJ,SIDE SHOP,
,B0DDKR54X2,1,Bebé,disponible,disponible,,,2025-10-31T20:12:52.666Z,2025-11-01T15:14:08.173Z,2025-11-02T14:57:09.519Z,1196.65,36.99,"$1,221.42","Aisharery - Juego de plantillas de marcador de tela de regalo para recién nacidos, para bebés",https://www.amazon.com.mx/dp/B0DDKR54X2,https://www.amazon.com/dp/B0DDKR54X2,BELGUCAN Global,Aisharery
,B0DLKYWBGQ,1,Bebé,disponible,no disponible,,,2025-10-31T20:12:52.666Z,2025-11-01T15:14:15.688Z,2025-11-02T14:57:18.267Z,587.84,,$588.47,"Snugly Fit - Protector de puerta de gabinete de 18 pulgadas de largo, protector de borde de plástico flexible, protectores de bordes transparentes delgados para evitar el desgaste, astillado",https://www.amazon.com.mx/dp/B0DLKYWBGQ,https://www.amazon.com/dp/B0DLKYWBGQ,SIDE SHOP,
,B0DDX4H9N2,1,Bebé,disponible,no disponible,,,2025-10-31T20:12:52.667Z,2025-11-01T15:14:24.261Z,2025-11-02T14:57:25.898Z,847.34,,$872.09,"CHICWAY 2025 Premio Elección de Mamás, Máquina de Sonido Portátil para Bebés y Adultos, con Detección Inteligente de Llanto, 18 Sonidos Relajantes, Máquina de Ruido Blanco Bluetooth Recargable para Hogar/Oficina/Viajes, Luz para Guardería, Color Verde",https://www.amazon.com.mx/dp/B0DDX4H9N2,https://www.amazon.com/dp/B0DDX4H9N2,Rendosa,
,B016DAWGZC,1,Bebé,disponible,no disponible,,,2025-10-31T20:12:52.667Z,2025-11-01T15:14:33.332Z,2025-11-02T14:57:33.349Z,1376.65,,"$1,369.48",BABYBJORN Wooden Toy for Bouncer - Flying Friends,https://www.amazon.com.mx/dp/B016DAWGZC,https://www.amazon.com/dp/B016DAWGZC,SIDE SHOP,
,B0DFWXY8LP,1,Bebé,disponible,no disponible,,,2025-10-31T20:12:52.667Z,2025-11-01T15:14:41.031Z,2025-11-02T14:57:41.228Z,1280.42,,"$1,273.75","Frychee Protector de esquina de pared blanco puro, protector de borde de pared, protectores de esquina de pared autoadhesivos, protector de doble borde lateral de PVC, protector de escalera de muebles",https://www.amazon.com.mx/dp/B0DFWXY8LP,https://www.amazon.com/dp/B0DFWXY8LP,SIDE SHOP,
,B0CC2F1876,1,Bebé,disponible,no disponible,,,2025-10-31T20:12:52.667Z,2025-11-01T15:14:50.230Z,2025-11-02T14:57:48.878Z,3869.04,,"$3,829.46",JUZBOT Torre de aprendizaje de madera para niños pequeños,https://www.amazon.com.mx/dp/B0CC2F1876,https://www.amazon.com/dp/B0CC2F1876,HNEN,
,B07F1YSBJK,1,Bebé,disponible,no disponible,,,2025-10-31T20:12:52.667Z,2025-11-01T15:14:58.866Z,2025-11-02T14:57:57.108Z,1143.08,,"$1,152.39",HALO Platinum Series Sleepsack - Manta acolchada de muselina,https://www.amazon.com.mx/dp/B07F1YSBJK,https://www.amazon.com/dp/B07F1YSBJK,GUTTIDIRECT,
,B0CSDKNQLC,1,Bebé,disponible,no disponible,,,2025-10-31T20:12:52.667Z,2025-11-01T15:15:07.031Z,2025-11-02T14:58:05.343Z,1261.83,,"$1,269.18","Heigble - 24 piezas de obsequios de jabón perfumados, elegantes y compactos para invitados, primera comunión y baby shower con detalles de madera y flores secas",https://www.amazon.com.mx/dp/B0CSDKNQLC,https://www.amazon.com/dp/B0CSDKNQLC,Lumexa Online MX,
,B01IQCBJWG,1,Bebé,disponible,no disponible,,,2025-10-31T20:12:52.667Z,2025-11-01T15:15:16.270Z,2025-11-02T14:58:13.627Z,425.4,,$428.62,"Vicks BabyRub Soothing Ointment, 1.76 Ounce (Pack of 6) by Vicks",https://www.amazon.com.mx/dp/B01IQCBJWG,https://www.amazon.com/dp/B01IQCBJWG,DUKKI LLC,
,B09JPD4NC6,1,Bebé,disponible,no disponible,,,2025-10-31T20:12:52.667Z,2025-11-01T15:15:23.542Z,2025-11-02T14:58:21.771Z,2904.18,,"$2,905.74","BabyBjörn - Portabebés, malla 3D, color rosa polvoriento",https://www.amazon.com.mx/dp/B09JPD4NC6,https://www.amazon.com/dp/B09JPD4NC6,SIDE SHOP,
,B0CTZRRVH8,1,Bebé,disponible,no disponible,,,2025-10-31T20:12:52.667Z,2025-11-01T15:15:32.189Z,2025-11-02T14:58:29.210Z,419.38,,$417.19,"Peine de Parto de Madera, Peine de Parto para Alivio del Dolor Sándalo Peine de Parto Elementos Esenciales para el Parto y el Parto Embarazo Regalo para Mujeres Embarazadas con Bolsa de Tela",https://www.amazon.com.mx/dp/B0CTZRRVH8,https://www.amazon.com/dp/B0CTZRRVH8,Corner Stone LLC,
,B0D5R59TPV,1,Bebé,disponible,no disponible,,,2025-10-31T20:12:52.667Z,2025-11-01T15:15:40.537Z,2025-11-02T14:58:36.080Z,756.31,,$752.37,"Aspirador nasal eléctrico para bebé, aspirador de nariz para niños, lechón de nariz impermeable para bebé, limpiador de nariz con 3 puntas de silicona, nivel de succión ajustable, función calmante de",https://www.amazon.com.mx/dp/B0D5R59TPV,https://www.amazon.com/dp/B0D5R59TPV,SIDE SHOP,
,B0BRV19GWC,1,Bebé,disponible,no disponible,,,2025-10-31T20:12:52.668Z,2025-11-01T15:15:50.120Z,2025-11-02T14:58:43.187Z,467.55,,$464.95,"Soporte de clip de silicona para chupete para bebé niño y niña, se adapta a la mayoría de mordedores de chupete y juguetes pequeños en su lugar, sin BPA (arena + gris claro)",https://www.amazon.com.mx/dp/B0BRV19GWC,https://www.amazon.com/dp/B0BRV19GWC,Corner Stone LLC,
,B0BPWPNZJW,1,Bebé,disponible,disponible,,,2025-10-31T20:12:52.668Z,2025-11-01T15:15:59.108Z,2025-11-02T14:58:51.450Z,660.08,15.99,$656.64,"ProCase Orejera Anti Ruido para Niño, Protector Auditivo NRR 21dB Profesional Earmuff de Cancelación de Ruido para Niños en Partido Juego Caza Espectáculo Autismo -Unicornio",https://www.amazon.com.mx/dp/B0BPWPNZJW,https://www.amazon.com/dp/B0BPWPNZJW,SIDE SHOP,Tech Vendor
,B07SDLR1BC,1,Bebé,disponible,no disponible,,,2025-10-31T20:12:52.668Z,2025-11-01T15:16:06.878Z,2025-11-02T14:58:59.702Z,1234.07,,"$1,280.14","Whoopsie Wipes Toallitas secas para bebés ultra suaves, 100% algodón puro, uso húmedo o seco, suaves y sensibles, hipoalergénicas, extra fuertes y absorbentes, perfectas para cambios de pañales, secreción nasal, baba, comida y lactancia (paquete de 6)",https://www.amazon.com.mx/dp/B07SDLR1BC,https://www.amazon.com/dp/B07SDLR1BC,Kero Productos,
,B0CGCGBFGJ,1,Bebé,disponible,no disponible,,,2025-10-31T20:13:04.760Z,2025-11-01T15:16:16.859Z,2025-11-02T14:59:07.059Z,1217.39,,"$1,216.03","HALO - Saco de dormir 100% algodón, manta ajustable de 3 vías, TOG 1.5",https://www.amazon.com.mx/dp/B0CGCGBFGJ,https://www.amazon.com/dp/B0CGCGBFGJ,GUTTIDIRECT,
,B0B6D9NL9R,1,Bebé,disponible,no disponible,,,2025-10-31T20:13:04.760Z,2025-11-01T15:16:25.029Z,2025-11-02T14:59:15.576Z,584.84,,$584.67,"Looxii Paños de muselina para eructos, 100% algodón, grandes, 20 x 10 pulgadas, extra suaves y absorbentes, paquete de 6, blanco puro",https://www.amazon.com.mx/dp/B0B6D9NL9R,https://www.amazon.com/dp/B0B6D9NL9R,M&H Customer Friendly Store,
,B0BW8DV7XK,1,Bebé,disponible,no disponible,,,2025-10-31T20:13:04.761Z,2025-11-01T15:16:37.286Z,2025-11-02T14:59:27.957Z,1165.15,,"$1,173.45","Popotop Álbum de fotos autoadhesivo, álbum de recortes para fotos de 4 x 6, 5 x 7, 8 x 10, 60 páginas, libro de fotos de bricolaje, regalos de cumpleaños para mujeres, mamá, boda, bebé, viajes familiares",https://www.amazon.com.mx/dp/B0BW8DV7XK,https://www.amazon.com/dp/B0BW8DV7XK,Lumexa Online MX,
,B09FPQL5DF,1,Bebé,disponible,disponible,,,2025-10-31T20:13:04.761Z,2025-11-01T15:16:45.291Z,2025-11-02T14:59:36.568Z,978.59,27.99,$962.33,"Hygge Sheets - almohadillas para orejas de entrenamiento para ir al baño, 100% impermeables, almohadillas para orejas húmedas para cama individual y niños pequeños, reutilizables, antideslizantes y fáciles de cambiar por la noche, incluye libro electrónico gratuito para niños, dinosaurio",https://www.amazon.com.mx/dp/B09FPQL5DF,https://www.amazon.com/dp/B09FPQL5DF,M&H Customer Friendly Store,Hygge Supplies
,B0DHQVJN4M,1,Bebé,disponible,disponible,,,2025-10-31T20:13:04.761Z,2025-11-01T15:16:53.908Z,2025-11-02T14:59:45.023Z,1034.21,28.95,"$1,028.82","Todays Kids - Funda para silla alta lavable a máquina, cojín para silla alta fácil de usar, fundas suaves para sillas altas para bebé, funda acolchada para silla alta con respaldo elástico, se adapta",https://www.amazon.com.mx/dp/B0DHQVJN4M,https://www.amazon.com/dp/B0DHQVJN4M,SIDE SHOP,YOURBABYSHOP
,B09KLWCNMH,1,Bebé,disponible,no disponible,,,2025-10-31T20:13:04.761Z,2025-11-01T15:17:01.648Z,2025-11-02T14:59:53.896Z,634.96,,$634.25,"Soporte de clip para cámara de monitor de bebé Eufy, soporte flexible para monitor de bebé de cuello de cisne para cuna sin herramientas ni daños en la pared, color blanco",https://www.amazon.com.mx/dp/B09KLWCNMH,https://www.amazon.com/dp/B09KLWCNMH,M&H Customer Friendly Store,
,B09KRMG7CN,1,Bebé,disponible,no disponible,,,2025-10-31T20:13:04.761Z,2025-11-01T15:17:09.503Z,2025-11-02T15:00:01.200Z,609.84,,$608.66,"Looxii - Paquete de 6 paños de muselina para eructos – 20 x 10 pulgadas, ultra suaves y absorbentes, 6 capas 100% algodón para escupir y baba, paños suaves neutros para eructos, regalos esenciales",https://www.amazon.com.mx/dp/B09KRMG7CN,https://www.amazon.com/dp/B09KRMG7CN,M&H Customer Friendly Store,
,B07CZ44Z6P,1,Bebé,disponible,disponible,,,2025-10-31T20:13:04.761Z,2025-11-01T15:17:17.611Z,2025-11-02T15:00:09.321Z,894.17,24.99,$893.95,"UPPAbaby Minu and Minu V2 - Protector de lluvia impermeable y resistente al viento, diseño ventilado, fijación rápida, fácil acceso al niño",https://www.amazon.com.mx/dp/B07CZ44Z6P,https://www.amazon.com/dp/B07CZ44Z6P,GUTTIDIRECT,
,B075TXTG91,1,Bebé,disponible,disponible,,,2025-10-31T20:13:04.761Z,2025-11-01T15:17:25.678Z,2025-11-02T15:00:16.369Z,465.44,8.99,$488.94,"Mango de biberón compatible para biberones Comotomo de 8 onzas y 5 onzas, 3 unidades, verde",https://www.amazon.com.mx/dp/B075TXTG91,https://www.amazon.com/dp/B075TXTG91,SRKSB LLC,Lemon Super
,B0D9CPMX97,1,Bebé,disponible,disponible,,,2025-10-31T20:13:04.761Z,2025-11-01T15:17:34.760Z,2025-11-02T15:00:24.805Z,513.55,9.9,$510.87,"Dearlomum - Kit colector de calostro colector de leche materna, 6 ml, reutilizable, resistente al calor y al congelador, sin BPA, con paño de algodón, estuche de almacenamiento, cepillo para polvo de",https://www.amazon.com.mx/dp/B0D9CPMX97,https://www.amazon.com/dp/B0D9CPMX97,SIDE SHOP,signbaby
,B097NJ5TKY,1,Bebé,disponible,no disponible,,,2025-10-31T20:13:04.762Z,2025-11-01T15:17:43.363Z,2025-11-02T15:00:31.878Z,577.01,,$560.90,BooLu Pulverizador de bombe,https://www.amazon.com.mx/dp/B097NJ5TKY,https://www.amazon.com/dp/B097NJ5TKY,KRONOS STORE,
,B07SYLSVH5,1,Bebé,disponible,no disponible,,,2025-10-31T20:13:04.762Z,2025-11-01T15:17:51.887Z,2025-11-02T15:00:39.734Z,794.44,,$790.29,Hisopos de algodón con palos de madera/algodón biodegradables 2400 piezas,https://www.amazon.com.mx/dp/B07SYLSVH5,https://www.amazon.com/dp/B07SYLSVH5,SIDE SHOP,
,B07Y29XF3S,1,Bebé,disponible,no disponible,,,2025-10-31T20:13:04.762Z,2025-11-01T15:18:00.321Z,2025-11-02T15:00:48.168Z,1147.74,,"$1,147.65","HALO Saco de dormir de felpa con punto Velboa, manta ajustable de 3 vías, TOG 3.0, rosa, pequeño, 3-6 meses",https://www.amazon.com.mx/dp/B07Y29XF3S,https://www.amazon.com/dp/B07Y29XF3S,BELGUCAN Global,
,B09TQ3QFX4,1,Bebé,disponible,no disponible,,,2025-10-31T20:13:04.762Z,2025-11-01T15:18:07.440Z,2025-11-02T15:00:56.701Z,582.68,,$579.64,"Nature Clean Tiras limpiadoras para inodoros, limpieza sin plástico, 36 tiras",https://www.amazon.com.mx/dp/B09TQ3QFX4,https://www.amazon.com/dp/B09TQ3QFX4,SIDE SHOP,
,B00XMENWNI,1,Bebé,disponible,disponible,,,2025-10-31T20:13:04.762Z,2025-11-01T15:18:16.867Z,2025-11-02T15:01:05.328Z,936.3,24.99,$931.42,"UPPAbaby - Protector de lluvia para moisés, transparente",https://www.amazon.com.mx/dp/B00XMENWNI,https://www.amazon.com/dp/B00XMENWNI,SIDE SHOP,
,B09SWGYXSJ,1,Bebé,disponible,no disponible,,,2025-10-31T20:13:04.762Z,2025-11-01T15:18:25.313Z,2025-11-02T15:01:12.425Z,744.86,,$738.73,"Looxii - Paños de muselina para eructos, 100% algodón, grandes, 20 x 10 pulgadas, extra suaves y absorbentes, paquete de 6 para bebés y niños (multicolor)",https://www.amazon.com.mx/dp/B09SWGYXSJ,https://www.amazon.com/dp/B09SWGYXSJ,HNEN,
,B0BPSLZY22,1,Bebé,disponible,disponible,,,2025-10-31T20:13:16.334Z,2025-11-01T15:18:32.801Z,2025-11-02T15:01:20.713Z,500.38,8.99,$488.94,Dispensador de bolsas de pañales Teddy Bear | Dispensador de bolsas de basura para pañales con correa de silicona | 15 bolsas de caca de bebé sin escencia por rollo | Bolsas de pañales sucias,https://www.amazon.com.mx/dp/B0BPSLZY22,https://www.amazon.com/dp/B0BPSLZY22,MARVEL INC.,Moodie
,B074CTZJX8,1,Bebé,disponible,no disponible,,,2025-10-31T20:13:16.334Z,2025-11-01T15:18:42.256Z,2025-11-02T15:01:28.293Z,542.32,,$539.49,"Funcorn Toys Bath Toy, Fishing Floating Squirts Toy and Water Scoop with Organizer Bag(8 Pack), Fish Net Game in Bathtub Bathroom Pool Bath Time for Kids Toddler Baby Boys Girls, Bath Tub Spoon",https://www.amazon.com.mx/dp/B074CTZJX8,https://www.amazon.com/dp/B074CTZJX8,SIDE SHOP,
,B0C1ZK7MBC,1,Bebé,disponible,disponible,,,2025-10-31T20:13:16.334Z,2025-11-01T15:18:50.504Z,2025-11-02T15:01:35.440Z,1074.98,28.99,"$1,057.07","Chitidr - 200 piezas de mini patos de goma chirriantes a granel, juguetes de baño de patos pequeños flotadores, tina, patos, baby shower, regalos de fiesta para cumpleaños, aula, premios de carnaval,",https://www.amazon.com.mx/dp/B0C1ZK7MBC,https://www.amazon.com/dp/B0C1ZK7MBC,Tierra Viva,Elevimond
,B0B5WMMSN4,1,Bebé,disponible,no disponible,,,2025-10-31T20:13:16.334Z,2025-11-01T15:18:58.241Z,2025-11-02T15:01:43.934Z,577.85,,$574.84,"Cute Castle - Protector de colchón impermeable para cuna, 27 x 39 pulgadas (paquete de 2), color rosa",https://www.amazon.com.mx/dp/B0B5WMMSN4,https://www.amazon.com/dp/B0B5WMMSN4,SIDE SHOP,
,B08619H9RR,1,Bebé,disponible,disponible,,,2025-10-31T20:13:16.334Z,2025-11-01T15:19:06.379Z,2025-11-02T15:01:50.830Z,1003.58,29.39,"$1,001.80","UPPAbaby - Funda de cesta para carriola Cruz V2 - Protege y oculta pertenencias, fácil fijación y acceso, material resistente al agua",https://www.amazon.com.mx/dp/B08619H9RR,https://www.amazon.com/dp/B08619H9RR,GUTTIDIRECT,
,B00M749FF8,1,Bebé,disponible,no disponible,,,2025-10-31T20:13:16.334Z,2025-11-01T15:19:14.377Z,2025-11-02T15:01:58.048Z,635.04,,$631.73,Jasmine Seven Fresh Feet Wipes 45 Count by Jasmine Seven,https://www.amazon.com.mx/dp/B00M749FF8,https://www.amazon.com/dp/B00M749FF8,SIDE SHOP,
,B0BQRPZ31K,1,Bebé,disponible,disponible,,,2025-10-31T20:13:16.334Z,2025-11-01T15:19:28.137Z,2025-11-02T15:02:09.945Z,1679,119.99,"$3,605.27",UPPAbaby - Tabla de paseo para minu y minu V2 / fijación rápida para niños pequeños de pie + paseo,https://www.amazon.com.mx/dp/B0BQRPZ31K,https://www.amazon.com/dp/B0BQRPZ31K,Marca: UPPAbaby,
,B08RWVTFJB,1,Bebé,disponible,disponible,,,2025-10-31T20:13:16.335Z,2025-11-01T15:19:36.759Z,2025-11-02T15:02:18.873Z,918.23,25.95,$913.44,"Bolsa de extracción de leche portátil - Se adapta a Elvie, Willow, Momcozy y todos los demás, bolsa pequeña negra con correa para la muñeca, estuche de transporte con bomba manos libres y",https://www.amazon.com.mx/dp/B08RWVTFJB,https://www.amazon.com/dp/B08RWVTFJB,SIDE SHOP,Idaho Jones
,B09B8SPY9F,1,Bebé,disponible,no disponible,,,2025-10-31T20:13:16.335Z,2025-11-01T15:19:44.345Z,2025-11-02T15:02:25.633Z,993.17,,$981.98,"BORITAR - Manta de bebé súper suave de doble capa con respaldo punteado, manta receptora con elegante manta estampada floral multicolor, 50 x 60 pulgadas (125 x 150 cm)",https://www.amazon.com.mx/dp/B09B8SPY9F,https://www.amazon.com/dp/B09B8SPY9F,PRCOM,
,B0BVGLP88Y,1,Bebé,disponible,disponible,,,2025-10-31T20:13:16.335Z,2025-11-01T15:19:52.706Z,2025-11-02T15:02:34.301Z,1165.82,32.99,"$1,159.74","THREENTDAY - Toldo de cama para niñas, con cúpula redonda para bebé, cuna, decoración de la habitación, rebozo de lectura para interiores y exteriores, castillo de juego (gris azul)",https://www.amazon.com.mx/dp/B0BVGLP88Y,https://www.amazon.com/dp/B0BVGLP88Y,SIDE SHOP,THREENTDAY
,B08NHH8QWR,1,Bebé,disponible,no disponible,,,2025-10-31T20:13:16.335Z,2025-11-01T15:20:01.002Z,2025-11-02T15:02:42.859Z,470.39,,$503.58,HOMEFOX - 200 algodón orgánico papel (rosa),https://www.amazon.com.mx/dp/B08NHH8QWR,https://www.amazon.com/dp/B08NHH8QWR,SIDE SHOP,
,B082NJCDLY,1,Bebé,disponible,no disponible,,,2025-10-31T20:13:16.335Z,2025-11-01T15:20:08.884Z,2025-11-02T15:02:50.608Z,436.31,,$434.03,"Hisopos de algodón Cibutyful de 400 unidades, puntas dobles redondas, hisopos de algodón con palos de madera fuertes, bastones de algodón con barra de bambú de 3 pulgadas",https://www.amazon.com.mx/dp/B082NJCDLY,https://www.amazon.com/dp/B082NJCDLY,SIDE SHOP,