also_appears_in,asin,batch_number,category,disponibilidad_mx,disponibilidad_usa,error_verificacion_mx,error_verificacion_usa,extracted_at,fecha_verificacion_mx,fecha_verificacion_usa,precio_actual_mx,precio_actual_usd,price,title,url_mx,url_usa,vendedor_actual_mx,vendedor_actual_usa
,B0DSHWDY62,4,Hogar y Cocina,disponible,no disponible,,,2025-10-31T20:23:44.930Z,2025-11-01T16:50:58.479Z,2025-11-02T16:26:59.300Z,529.71,,$579.41,"Qucship Potente XXL - Limpiador de basura espumoso y desodorantes tabletas – Paquete de 24 unidades, limpiador de eliminación de basura con aroma a cítricos, limpiador de drenaje para fregadero para 1",https://www.amazon.com.mx/dp/B0DSHWDY62,https://www.amazon.com/dp/B0DSHWDY62,BİLGİ LTD,
,B09B7CWR7J,4,Hogar y Cocina,disponible,disponible,,,2025-10-31T20:23:44.930Z,2025-11-01T16:51:07.881Z,2025-11-02T16:27:07.742Z,839.65,22.45,$829.82,JYP Ent Álbum de STRAY KIDS - NOEASY [Versión normal Vol.2) álbum + juego de tarjetas de fotos adicionales (versión aleatoria),https://www.amazon.com.mx/dp/B09B7CWR7J,https://www.amazon.com/dp/B09B7CWR7J,M&H Customer Friendly Store,Breezesun
,B07212S85T,4,Hogar y Cocina,disponible,no disponible,,,2025-10-31T20:23:44.930Z,2025-11-01T16:51:16.136Z,2025-11-02T16:27:16.248Z,474.69,,$477.05,"FeetPeople Premium Shoe Cream 1.5 Oz, Various Colors!",https://www.amazon.com.mx/dp/B07212S85T,https://www.amazon.com/dp/B07212S85T,M&H Customer Friendly Store,
,B0DNMM51XM,4,Hogar y Cocina,disponible,disponible,,,2025-10-31T20:23:44.930Z,2025-11-01T16:51:24.686Z,2025-11-02T16:27:23.815Z,919.45,23.99,$910.01,"Aliceset - Bolsas de lona reutilizables para dama de honor, 8 piezas para despedida de soltera, para dama de honor, para despedidas de soltera, bolsas de lona reutilizables",https://www.amazon.com.mx/dp/B0DNMM51XM,https://www.amazon.com/dp/B0DNMM51XM,M&H Customer Friendly Store,Warmerse
,B0BJZQTJPZ,4,Hogar y Cocina,disponible,no disponible,,,2025-10-31T20:23:44.930Z,2025-11-01T16:51:33.026Z,2025-11-02T16:27:32.118Z,862.07,,$873.92,"YVPSI - Libro decorativo de 3 piezas de tapa dura, libros decorativos modernos apilados, decoración para decoración del hogar, estantería, mesa de centro, estantes de exhibición para sala de estar",https://www.amazon.com.mx/dp/B0BJZQTJPZ,https://www.amazon.com/dp/B0BJZQTJPZ,HNEN,
,B0D85JP55S,4,Hogar y Cocina,disponible,no disponible,,,2025-10-31T20:23:44.930Z,2025-11-01T16:51:41.374Z,2025-11-02T16:27:40.212Z,768.25,,$770.87,"Vivenzia - Bloques de cedro para almacenamiento de ropa, 40 tablones, bloques aromáticos para armarios, tablones de cedro para armarios",https://www.amazon.com.mx/dp/B0D85JP55S,https://www.amazon.com/dp/B0D85JP55S,SRKSB LLC,
,B0BRRJBZZQ,4,Hogar y Cocina,disponible,disponible,,,2025-10-31T20:23:44.931Z,2025-11-01T16:51:49.781Z,2025-11-02T16:27:47.197Z,1539.52,48,"$1,484.86",Big Hit Entertainment TOMORROW X TOGETHER TXT - THE NAME CHAPTER : TEMPTATION [Lullaby ver.] Album (5 ver. SET),https://www.amazon.com.mx/dp/B0BRRJBZZQ,https://www.amazon.com/dp/B0BRRJBZZQ,SEONGSAN,Breezesun
,B09NBTMML2,4,Hogar y Cocina,disponible,disponible,,,2025-10-31T20:23:44.931Z,2025-11-01T16:51:58.164Z,2025-11-02T16:27:55.195Z,1179.83,37.59,"$1,173.67","Hearkent Atomic American English Hablando Reloj hablando claro y fuerte, fecha y hora de alarma, la banda elástica es el mejor regalo para personas mayores, con discapacidad visual o ciegas, plateado,",https://www.amazon.com.mx/dp/B09NBTMML2,https://www.amazon.com/dp/B09NBTMML2,SIDE SHOP,O.TAGE
,B0F3PJ3R91,4,Hogar y Cocina,disponible,disponible,,,2025-10-31T20:23:44.931Z,2025-11-01T16:52:06.151Z,2025-11-02T16:28:01.942Z,518.41,9.99,$512.93,"bocinas repelentes de mosquitos, bobina de incienso de citronela para exteriores, cada una se quema durante 8 horas (contiene 20 bocinas y 1 soporte)",https://www.amazon.com.mx/dp/B0F3PJ3R91,https://www.amazon.com/dp/B0F3PJ3R91,Corner Stone LLC,blooming shop LLC.
,B0CKN8CKSV,4,Hogar y Cocina,disponible,disponible,,,2025-10-31T20:23:44.931Z,2025-11-01T16:52:15.764Z,2025-11-02T16:28:10.148Z,1625.62,48.99,"$1,617.14","Windyun - 100 bolsas de vino de arpillera, bolsas de regalo con etiquetas, 5.9 x 13.8 pulgadas, bolsas de vino de yute lisas para bodas, cumpleaños, catas a ciegas, Navidad, viajes, fiestas (azul",https://www.amazon.com.mx/dp/B0CKN8CKSV,https://www.amazon.com/dp/B0CKN8CKSV,SIDE SHOP,QaooJung
,B0F3CHJ7SV,4,Hogar y Cocina,disponible,no disponible,,,2025-10-31T20:23:44.931Z,2025-11-01T16:52:23.446Z,2025-11-02T16:28:16.807Z,868,,$842.61,"Mooliwe 4 Pcs Diamond Painting Notebook for Adults, Diamond Art Journal DIY Art Kits Sets A5 Leather Painting Sketchbook Back to School Supplies Gifts for Adults Beginners(Bohemian)",https://www.amazon.com.mx/dp/B0F3CHJ7SV,https://www.amazon.com/dp/B0F3CHJ7SV,XIJIANG,
,B0DQ544PFF,4,Hogar y Cocina,disponible,no disponible,,,2025-10-31T20:23:44.931Z,2025-11-01T16:52:30.231Z,2025-11-02T16:28:24.819Z,2155.93,,"$1,905.25","Royal Luxe - Edredón de Fibra de plumón de Ganso – Relleno de edredón tamaño Queen, 100% algodón, edredón Ligero para Todas Las Estaciones, Ultra Suave y Lujosa, Ropa de Cama de Hotel, 88 x 88",https://www.amazon.com.mx/dp/B0DQ544PFF,https://www.amazon.com/dp/B0DQ544PFF,SIDE SHOP,
,B09Z2G7VH7,4,Hogar y Cocina,disponible,no disponible,,,2025-10-31T20:23:44.931Z,2025-11-01T16:52:38.181Z,2025-11-02T16:28:32.870Z,883.63,,$878.31,Valueflag ONEUS TRICKSTER 7º contenido del álbum y seguimiento sellado (JOKER),https://www.amazon.com.mx/dp/B09Z2G7VH7,https://www.amazon.com/dp/B09Z2G7VH7,Abundant Peace,
,B077JR2LZ4,4,Hogar y Cocina,disponible,no disponible,,,2025-10-31T20:23:44.931Z,2025-11-01T16:52:46.481Z,2025-11-02T16:28:39.830Z,3753.03,,"$3,773.26","Oldtown Farmhouse - Reloj de pared de metal y madera maciza, sin ruido, color blanco (60,96 cm)",https://www.amazon.com.mx/dp/B077JR2LZ4,https://www.amazon.com/dp/B077JR2LZ4,Lumexa Online MX,
,B0DCJHLRXM,4,Hogar y Cocina,disponible,no disponible,,,2025-10-31T20:23:44.931Z,2025-11-01T16:52:54.104Z,2025-11-02T16:28:47.831Z,1321.37,,"$1,306.65","Soporte para dispensador de agua de madera, (36.5 pulgadas de alto y 11.8 pulgadas de ancho, soporte de agua para dispensador de botellas de 1 a 5 galones, soporte para jarra de agua con 2 estantes",https://www.amazon.com.mx/dp/B0DCJHLRXM,https://www.amazon.com/dp/B0DCJHLRXM,M&H Customer Friendly Store,
,B0DLP5P2VF,4,Hogar y Cocina,disponible,disponible,,,2025-10-31T20:23:44.932Z,2025-11-01T16:53:02.970Z,2025-11-02T16:28:55.772Z,3129.28,109,"$3,112.97","HULKEN (pequeña, azul medianoche) Bolsa de comestibles reutilizable sobre ruedas, carrito de compras, bolsa rodante, cierre de cierre, ligera, lleva hasta 65 libras, se pliega",https://www.amazon.com.mx/dp/B0DLP5P2VF,https://www.amazon.com/dp/B0DLP5P2VF,SIDE SHOP,Hulken
,B0F1SWP84L,4,Hogar y Cocina,disponible,no disponible,,,2025-10-31T20:23:58.091Z,2025-11-01T16:53:10.920Z,2025-11-02T16:29:03.465Z,784,,$765.85,"Thenshop - Juego de 2 cuadernos de bocetos de papel negro con 12 rotuladores metálicos, bolsillo de viaje, pintura de tapa dura, cuaderno de escritura en blanco para pintores de diario (5.5 x 5.5",https://www.amazon.com.mx/dp/B0F1SWP84L,https://www.amazon.com/dp/B0F1SWP84L,XIJIANG,
,B0D3PTLYGK,4,Hogar y Cocina,disponible,no disponible,,,2025-10-31T20:23:58.091Z,2025-11-01T16:53:18.136Z,2025-11-02T16:29:10.601Z,3321.75,,"$3,305.80","DMWOODFL Espejo de cuerpo completo arqueado de 71 x 26 pulgadas con vidrio HD a prueba de explosiones, espejo de cuerpo completo montado en el piso o en la pared de gran tamaño para recámara, sala de",https://www.amazon.com.mx/dp/B0D3PTLYGK,https://www.amazon.com/dp/B0D3PTLYGK,SRKSB LLC,
,B07FDPZJDP,4,Hogar y Cocina,disponible,no disponible,,,2025-10-31T20:23:58.091Z,2025-11-01T16:53:26.325Z,2025-11-02T16:29:18.182Z,1935.13,,"$1,908.81","FirsTime & Co. - Reloj de Pared de Madera, 22.5 Pulgadas, Color Tostado, 243",https://www.amazon.com.mx/dp/B07FDPZJDP,https://www.amazon.com/dp/B07FDPZJDP,GREENJIN,
,B0DFX1LXRV,4,Hogar y Cocina,disponible,no disponible,,,2025-10-31T20:23:58.091Z,2025-11-01T16:53:35.660Z,2025-11-02T16:29:25.918Z,1441.32,,"$1,421.11","DMWOODFL Espejo de longitud completa arqueado de 58 x 18 pulgadas, de pie o montado en la pared con soporte, marco de aluminio y vidrio a prueba de roturas, espejo no empotrado dorado para recámara",https://www.amazon.com.mx/dp/B0DFX1LXRV,https://www.amazon.com/dp/B0DFX1LXRV,M&H Customer Friendly Store,
,B0DPPPVRSW,4,Hogar y Cocina,disponible,no disponible,,,2025-10-31T20:23:58.091Z,2025-11-01T16:53:50.559Z,2025-11-02T16:29:39.060Z,782.94,,$783.78,"Greatshoot Colored Poster Board 50Pcs, 11.7x16.5 10 Assorted Color Poster Paper, 230G Thickness Poster Board Bulk for School Arts & Crafts, DIY Art, Signs, Small Posters, Exhibits,Notices, and More",https://www.amazon.com.mx/dp/B0DPPPVRSW,https://www.amazon.com/dp/B0DPPPVRSW,SIDE SHOP,
,B0DDC1YMPT,4,Hogar y Cocina,disponible,no disponible,,,2025-10-31T20:23:58.091Z,2025-11-01T16:53:59.364Z,2025-11-02T16:29:48.083Z,655.74,,$674.91,"Limpiador de drenaje Yugou, limpiador de drenaje de fregadero, limpiador de drenaje de espuma, limpiador de fregadero y desodorante, removedor de zuecos de drenaje para desagües de cocina, fregaderos,",https://www.amazon.com.mx/dp/B0DDC1YMPT,https://www.amazon.com/dp/B0DDC1YMPT,BELGUCAN Global,
,B0CTR49RS1,4,Hogar y Cocina,disponible,no disponible,,,2025-10-31T20:23:58.091Z,2025-11-01T16:54:08.921Z,2025-11-02T16:29:56.775Z,2793.68,,"$2,794.49","KitchenAid Go - Batidora de mano inalámbrica - Batería incluida, KHBRV71, negro mate",https://www.amazon.com.mx/dp/B0CTR49RS1,https://www.amazon.com/dp/B0CTR49RS1,AUTO MATE,
,B0868VF2JM,4,Hogar y Cocina,disponible,no disponible,,,2025-10-31T20:23:58.091Z,2025-11-01T16:54:17.006Z,2025-11-02T16:30:05.097Z,1525.96,,"$1,532.61","NEWGATE® M - Reloj de computadora con diseño redondo moderno, color rojo, números fáciles de leer, estilo contemporáneo para computadora, mesa, estante o mesita de noche",https://www.amazon.com.mx/dp/B0868VF2JM,https://www.amazon.com/dp/B0868VF2JM,Lumexa Online MX,
,B0DRTKBQF2,4,Hogar y Cocina,disponible,no disponible,,,2025-10-31T20:23:58.092Z,2025-11-01T16:54:25.757Z,2025-11-02T16:30:12.642Z,798.94,,$789.37,"The Beef Tallow Company Sebo de Res 100% Puro, Alimentado Con Pasto En Lotes Pequeños | Seco, Sin Desodorizar para Un Rico Sabor A Res | Frasco de Vidrio Con Sello Retráctil de Seguridad | de Origen",https://www.amazon.com.mx/dp/B0DRTKBQF2,https://www.amazon.com/dp/B0DRTKBQF2,KRONOS STORE,
,B0DK1M33PZ,4,Hogar y Cocina,disponible,no disponible,,,2025-10-31T20:23:58.092Z,2025-11-01T16:54:33.741Z,2025-11-02T16:30:20.195Z,750,,$661.00,"Libro de recetas en blanco para escribir en tus propias recetas, libro de recetas con cubierta de piel de 7 x 10 pulgadas, cuaderno de recetas grande con capacidad para más de 130 recetas, café",https://www.amazon.com.mx/dp/B0DK1M33PZ,https://www.amazon.com/dp/B0DK1M33PZ,doa store,
,B0C58YZ55B,4,Hogar y Cocina,disponible,no disponible,,,2025-10-31T20:23:58.092Z,2025-11-01T16:54:40.738Z,2025-11-02T16:30:28.048Z,399,,$464.95,"MEKER Aceite de visón para botas de piel, acondicionador de piel y limpiador de 3.5 onzas, totalmente natural, impermeable, suavizan y restauran los zapatos, Blanco, 100g",https://www.amazon.com.mx/dp/B0C58YZ55B,https://www.amazon.com/dp/B0C58YZ55B,Kelev 24,
,B0868W2XHZ,4,Hogar y Cocina,disponible,no disponible,,,2025-10-31T20:23:58.092Z,2025-11-01T16:54:48.606Z,2025-11-02T16:30:36.212Z,1497,,"$1,489.20","NEWGATE® M - Reloj de computadora con diseño redondo moderno, color amarillo, números fáciles de leer, estilo contemporáneo para computadora, mesa, estante o mesita de noche",https://www.amazon.com.mx/dp/B0868W2XHZ,https://www.amazon.com/dp/B0868W2XHZ,SIDE SHOP,
,B0DS1P4686,4,Hogar y Cocina,disponible,no disponible,,,2025-10-31T20:23:58.092Z,2025-11-01T16:54:57.708Z,2025-11-02T16:30:43.736Z,2215.75,,"$2,202.96","AOSKY - Persianas enrollables para exteriores, persianas enrollables, para porche, pérgola, balcón, patio, ventanas, 96 pulgadas de ancho x 72 pulgadas de alto, color gris",https://www.amazon.com.mx/dp/B0DS1P4686,https://www.amazon.com/dp/B0DS1P4686,M&H Customer Friendly Store,
,B0DHJ8WT68,4,Hogar y Cocina,disponible,disponible,,,2025-10-31T20:23:58.092Z,2025-11-01T16:55:06.357Z,2025-11-02T16:30:52.586Z,1336,29.99,"$1,201.68","Libros decorativos para decoración del hogar | Juego de 3 libros falsos y falsos para decoración de mesa de centro y estantes, libro decorativo con páginas en blanco reales | Juego de libros estéticos",https://www.amazon.com.mx/dp/B0DHJ8WT68,https://www.amazon.com/dp/B0DHJ8WT68,XIJIANG,DECOVOLUMES
,B0D95SQBDW,4,Hogar y Cocina,disponible,no disponible,,,2025-10-31T20:23:58.092Z,2025-11-01T16:55:14.517Z,2025-11-02T16:30:59.658Z,467.55,,$464.95,"Super pegamento para reparación de zapatos, 30 g x 2 pegamento para zapatos resistente, pegamento para zapatos para reparación de suela de zapatos, reparación de zapatos de botas, tenis, zapatos",https://www.amazon.com.mx/dp/B0D95SQBDW,https://www.amazon.com/dp/B0D95SQBDW,Corner Stone LLC,
,B0DZX3LFH7,4,Hogar y Cocina,disponible,no disponible,,,2025-10-31T20:23:58.092Z,2025-11-01T16:55:22.446Z,2025-11-02T16:31:08.068Z,3970.71,,"$3,830.60","Mesa de centro moderna de vidrio de mediados de siglo, pequeña mesa de centro para sala de estar, mesas de café elegantes y funcionales, adecuada para recámara, sala de estar, recepción, oficinas",https://www.amazon.com.mx/dp/B0DZX3LFH7,https://www.amazon.com/dp/B0DZX3LFH7,GREENJIN,
,B099WLQLFC,4,Hogar y Cocina,disponible,no disponible,,,2025-10-31T20:24:10.095Z,2025-11-01T16:55:32.151Z,2025-11-02T16:31:15.599Z,1505.92,,"$1,489.20","NEWGATE® M - Reloj de computadora con diseño redondo moderno, naranja calabaza, números fáciles de leer, estilo contemporáneo para computadora, mesa, estante o mesita de noche",https://www.amazon.com.mx/dp/B099WLQLFC,https://www.amazon.com/dp/B099WLQLFC,QIANTANG,
,B0D2W3HYRD,4,Hogar y Cocina,disponible,disponible,,,2025-10-31T20:24:10.095Z,2025-11-01T16:55:40.440Z,2025-11-02T16:31:23.876Z,2487.52,89.99,"$2,830.57","Acrylicolor Mesa Auxiliar de Acrílico Transparente con Estante, 40 x 50 x 30 cm (Green)",https://www.amazon.com.mx/dp/B0D2W3HYRD,https://www.amazon.com/dp/B0D2W3HYRD,Meka Storee,Acrylicolor
,B0DGV5JSDF,4,Hogar y Cocina,disponible,no disponible,,,2025-10-31T20:24:10.095Z,2025-11-01T16:55:48.565Z,2025-11-02T16:31:32.665Z,2490,,"$2,401.04","YEECOK Sticky Easel Pad 25 in x 30 in, 30 Sheets/Pad, 4 Pads/Pack, Sticky Flip Chart Paper for Teachers, Super Sticking Power & Bleed-Resistant",https://www.amazon.com.mx/dp/B0DGV5JSDF,https://www.amazon.com/dp/B0DGV5JSDF,SEONGSAN,
,B0CQMXNVBN,4,Hogar y Cocina,disponible,no disponible,,,2025-10-31T20:24:10.096Z,2025-11-01T16:55:55.922Z,2025-11-02T16:31:40.882Z,443.27,,$440.96,"QUPIVA - Organizador de 4 piezas para la diadema, organizador de accesorios para el cabello para niñas, almacenamiento para diadema, corbatas para el cabello, calcomanía transparente con purpurina",https://www.amazon.com.mx/dp/B0CQMXNVBN,https://www.amazon.com/dp/B0CQMXNVBN,Corner Stone LLC,
,B0868SQP4T,4,Hogar y Cocina,disponible,no disponible,,,2025-10-31T20:24:10.096Z,2025-11-01T16:56:04.217Z,2025-11-02T16:31:48.655Z,1497,,"$1,489.20","NEWGATE® M - Reloj de computadora con diseño redondo moderno, color negro, números fáciles de leer, estilo contemporáneo para computadora, mesa, estante o mesita de noche",https://www.amazon.com.mx/dp/B0868SQP4T,https://www.amazon.com/dp/B0868SQP4T,SIDE SHOP,
,B0DQDC3XLV,4,Hogar y Cocina,disponible,no disponible,,,2025-10-31T20:24:10.096Z,2025-11-01T16:56:12.266Z,2025-11-02T16:31:55.974Z,926.8,,$918.47,"JCJMY - Marco de fotos A2 de 16,5 x 23,4 pulgadas, color negro con alfombrilla A3 de 11,7 x 16,5 pulgadas, con alfombrilla o 16,5 x 23,4 pulgadas, marco grande para colgar en la pared con plexiglás,",https://www.amazon.com.mx/dp/B0DQDC3XLV,https://www.amazon.com/dp/B0DQDC3XLV,IY Network,
,B0D2QXC2SH,4,Hogar y Cocina,disponible,no disponible,,,2025-10-31T20:24:10.096Z,2025-11-01T16:56:22.861Z,2025-11-02T16:32:03.342Z,3846,,"$3,850.97","ABBLE Super Sticky Easel Pad, 25 in x 30 in, White, 30 Sheets/Pad, 8 Pad/Pack, Large Easel Paper for Teachers, Self Stick Easel Paper for White Board, Wall, Windows (Pink)",https://www.amazon.com.mx/dp/B0D2QXC2SH,https://www.amazon.com/dp/B0D2QXC2SH,XIJIANG,
,B07SRRQS5B,4,Hogar y Cocina,disponible,no disponible,,,2025-10-31T20:24:10.096Z,2025-11-01T16:56:30.210Z,2025-11-02T16:32:11.832Z,663.38,,$671.94,"napfun Almohada de cuello para viajes, almohada de cuello de viaje mejorada para avión 100% espuma viscoelástica pura para dormir en vuelo, reposacabezas y accesorios portátiles de avión, color gris claro",https://www.amazon.com.mx/dp/B07SRRQS5B,https://www.amazon.com/dp/B07SRRQS5B,Mel Trade,
,B0CZDSCPR8,4,Hogar y Cocina,disponible,no disponible,,,2025-10-31T20:24:10.096Z,2025-11-01T16:56:44.298Z,2025-11-02T16:32:24.588Z,539.17,,$560.90,Polvo solidificador de aceite de cocina residual,https://www.amazon.com.mx/dp/B0CZDSCPR8,https://www.amazon.com/dp/B0CZDSCPR8,CyK Deals,
,B0CX58GH5B,4,Hogar y Cocina,disponible,no disponible,,,2025-10-31T20:24:10.096Z,2025-11-01T16:56:53.668Z,2025-11-02T16:32:32.842Z,555,,$518.63,"Libros para colorear para adultos, libro de colorear para mujeres, en espiral, diseño de una cara, regalos de arte y manualidades para mujeres para relajarse, ansiedad y depresión, 30 coloridas",https://www.amazon.com.mx/dp/B0CX58GH5B,https://www.amazon.com/dp/B0CX58GH5B,ALITTA,
,B0FDQC7T1S,4,Hogar y Cocina,disponible,no disponible,,,2025-10-31T20:24:10.096Z,2025-11-01T16:57:02.299Z,2025-11-02T16:32:40.161Z,1075.32,,"$1,069.72","Calendario de Adviento de whisky 2025 para hombres, kit de infusor de bourbon de 24 días para amantes de cócteles y whisky, regalo perfecto de Navidad y día festivo para marido, papá, novio y él (sin",https://www.amazon.com.mx/dp/B0FDQC7T1S,https://www.amazon.com/dp/B0FDQC7T1S,SIDE SHOP,
,B0C76YTGBH,4,Hogar y Cocina,disponible,no disponible,,,2025-10-31T20:24:10.097Z,2025-11-01T16:57:11.414Z,2025-11-02T16:32:48.165Z,518.53,,$512.70,"MEKER Aceite de visón para botas de piel, acondicionador de piel y limpiador de 3.5 onzas, totalmente natural, impermeable, suavizan y restauran los zapatos",https://www.amazon.com.mx/dp/B0C76YTGBH,https://www.amazon.com/dp/B0C76YTGBH,Corner Stone LLC,
,B0F6JJYRFT,4,Hogar y Cocina,disponible,disponible,,,2025-10-31T20:24:10.097Z,2025-11-01T16:57:20.081Z,2025-11-02T16:32:55.069Z,471.33,7.99,$471.10,"Tapa de repuesto compatible con taza Stanley Camp de 24 onzas, tapas de taza a prueba de derrames con anillo de silicona sellante, sin BPA, apta para lavaplatos para la cubierta de taza de beber",https://www.amazon.com.mx/dp/B0F6JJYRFT,https://www.amazon.com/dp/B0F6JJYRFT,SIDE SHOP,Eiszhjk
,B0CX58566D,4,Hogar y Cocina,disponible,no disponible,,,2025-10-31T20:24:10.097Z,2025-11-01T16:57:29.456Z,2025-11-02T16:33:03.669Z,533,,$493.80,"ADEVIAN Coloring Books for Adult Coloring Book for Women Spiral Bound Page One Sided Design Gifts Arts and Crafts for Women to Relax, Anxiety and Depression 30 Colorful Coloring Pages of THE ENCHANTED COTTAGE",https://www.amazon.com.mx/dp/B0CX58566D,https://www.amazon.com/dp/B0CX58566D,Mel Trade,
,B08GDR2SZY,4,Hogar y Cocina,disponible,no disponible,,,2025-10-31T20:24:10.097Z,2025-11-01T16:57:37.748Z,2025-11-02T16:33:12.041Z,1088.8,,"$1,087.73","KitchenAid - Sartén antiadherente de inducción anodizada dura, 8.25 pulgadas, negro mate",https://www.amazon.com.mx/dp/B08GDR2SZY,https://www.amazon.com/dp/B08GDR2SZY,AUTO MATE,
,B0FH6R46Q2,4,Hogar y Cocina,disponible,no disponible,,,2025-10-31T20:24:10.097Z,2025-11-01T16:57:46.370Z,2025-11-02T16:33:19.734Z,619.87,,$618.90,"Paquete de 12 velas cónicas naranjas, velas sin goteo de 10 pulgadas, larga duración para Halloween, Acción de Gracias, decoración de otoño y cenas",https://www.amazon.com.mx/dp/B0FH6R46Q2,https://www.amazon.com/dp/B0FH6R46Q2,SIDE SHOP,
,B0DLW6J1W8,4,Hogar y Cocina,disponible,no disponible,,,2025-10-31T20:24:23.782Z,2025-11-01T16:57:55.879Z,2025-11-02T16:33:26.758Z,1052.15,,"$1,040.02","Uzecpk Kits de encuadernación de libros, materiales de encuadernación de libros, suministros de encuadernación, kit de encuadernación, kit de fabricación de libros con punzón de carpeta de huesos de",https://www.amazon.com.mx/dp/B0DLW6J1W8,https://www.amazon.com/dp/B0DLW6J1W8,M&H Customer Friendly Store,
,B0CSD2CZSV,4,Hogar y Cocina,disponible,disponible,,,2025-10-31T20:24:23.782Z,2025-11-01T16:58:04.204Z,2025-11-02T16:33:35.025Z,787.44,19.99,$752.37,"molekaus - Libro de recetas impermeable de tapa dura para escribir en tus recetas, cuaderno de recetas familiar simplificado para el chef en casa, diario de recetas con capacidad para 120 recetas",https://www.amazon.com.mx/dp/B0CSD2CZSV,https://www.amazon.com/dp/B0CSD2CZSV,Mel Trade,Molekaus
,B07PZ8KZ4G,4,Hogar y Cocina,disponible,no disponible,,,2025-10-31T20:24:23.782Z,2025-11-01T16:58:11.692Z,2025-11-02T16:33:43.697Z,1255.39,,"$1,248.84","Fellow - Bote de vacío Atmos para almacenamiento de café y alimentos, negro mate, bomba de vacío integrada de 1,2 litros, sello hermético",https://www.amazon.com.mx/dp/B07PZ8KZ4G,https://www.amazon.com/dp/B07PZ8KZ4G,SIDE SHOP,
,B0CQYMPV66,4,Hogar y Cocina,disponible,no disponible,,,2025-10-31T20:24:23.782Z,2025-11-01T16:58:20.399Z,2025-11-02T16:33:52.427Z,508.23,,$512.93,"Kit de limpieza de zapatos, limpiador de zapatos blanco de 6 oz que elimina la suciedad y las manchas, el polvo y la toalla, funciona en zapatos blancos, cuero, tejidos, botas, lona, gamuza",https://www.amazon.com.mx/dp/B0CQYMPV66,https://www.amazon.com/dp/B0CQYMPV66,SRKSB LLC,
,B0BPXYLMJD,4,Hogar y Cocina,disponible,no disponible,,,2025-10-31T20:24:23.782Z,2025-11-01T16:58:29.321Z,2025-11-02T16:33:59.932Z,536.52,,$536.92,Frankincense Resins | Incienso Boswellia Sacra Frankincense | Incienso Chruch Inciense Goma de Olibanum Bulk |Luban 100 gramos (3.5 oz),https://www.amazon.com.mx/dp/B0BPXYLMJD,https://www.amazon.com/dp/B0BPXYLMJD,DUKKI LLC,
,B0CMTS9G94,4,Hogar y Cocina,disponible,no disponible,,,2025-10-31T20:24:23.782Z,2025-11-01T16:58:38.420Z,2025-11-02T16:34:07.702Z,4323,,"$3,850.39","VISCOO - Almohadilla adhesiva para caballete, 25 x 30 pulgadas, papel grande para profesores, 10 almohadillas para orejas de papel autoadhesivo para tablero blanco, papel de anclaje calcomanía blanco,",https://www.amazon.com.mx/dp/B0CMTS9G94,https://www.amazon.com/dp/B0CMTS9G94,SEONGSAN,
,B0BGM5JJ8N,4,Hogar y Cocina,disponible,no disponible,,,2025-10-31T20:24:23.782Z,2025-11-01T16:58:47.086Z,2025-11-02T16:34:15.084Z,631.77,,$620.77,Grangers Footwear Repel Plus Eco Recambio | 275 ml | Extender la vida útil de la prueba de calzado duradera,https://www.amazon.com.mx/dp/B0BGM5JJ8N,https://www.amazon.com/dp/B0BGM5JJ8N,GUTTIDIRECT,
,B00CJRIH7U,4,Hogar y Cocina,disponible,no disponible,,,2025-10-31T20:24:23.782Z,2025-11-01T16:58:54.341Z,2025-11-02T16:34:23.498Z,487.49,,$507.67,Laundrin Fabric Mist 370ml - Classic Floral,https://www.amazon.com.mx/dp/B00CJRIH7U,https://www.amazon.com/dp/B00CJRIH7U,DUKKI LLC,
,B0CPPNXDH7,4,Hogar y Cocina,disponible,no disponible,,,2025-10-31T20:24:23.782Z,2025-11-01T16:59:02.848Z,2025-11-02T16:34:30.724Z,1865.63,,"$1,855.90","Maxcheck - Juego de 12 juegos de premios de juego de novia para los ganadores, juego de tablas redondas de queso, mini tabla de charcutería de madera con cuchillos y tenedores, tarjeta de",https://www.amazon.com.mx/dp/B0CPPNXDH7,https://www.amazon.com/dp/B0CPPNXDH7,SIDE SHOP,
,B0DKXG911Q,4,Hogar y Cocina,disponible,disponible,,,2025-10-31T20:24:23.783Z,2025-11-01T16:59:11.102Z,2025-11-02T16:34:38.004Z,406.27,5.29,$405.56,"Granicell 2032 - Batería compatible con Apple AirTag CR2032 de litio de 3 V para seguridad infantil, adecuada para llaveros, sensores inteligentes, básculas, velas y más (CR2032-15)",https://www.amazon.com.mx/dp/B0DKXG911Q,https://www.amazon.com/dp/B0DKXG911Q,Abundant Peace,Granicell
,B0DL5WDHC9,4,Hogar y Cocina,disponible,no disponible,,,2025-10-31T20:24:23.783Z,2025-11-01T16:59:20.094Z,2025-11-02T16:34:45.648Z,4585.52,,"$4,746.79","Jocoevol Mesa de Comedor Redonda para 4 Personas, Mesa de Pedestal de Cocina, Comedor, Mesa de Pedestal, Ahorro de Espacio, Muebles de Cocina y Comedor (Gris, 47 Pulgadas)",https://www.amazon.com.mx/dp/B0DL5WDHC9,https://www.amazon.com/dp/B0DL5WDHC9,LAYS LLC,
,B0D9WJNBMM,4,Hogar y Cocina,disponible,disponible,,,2025-10-31T20:24:23.783Z,2025-11-01T16:59:29.252Z,2025-11-02T16:34:53.482Z,1012.59,25.99,"$1,040.02","Dispensador de detergente de vidrio, dispensador de suavizante de tela de 3.5 l para organización de lavandería, soporte de detergente con espiga 304, recipiente de jabón de vidrio (negro)",https://www.amazon.com.mx/dp/B0D9WJNBMM,https://www.amazon.com/dp/B0D9WJNBMM,M&H Customer Friendly Store,TIPGO Direct
,B0F2MJYL49,4,Hogar y Cocina,disponible,disponible,,,2025-10-31T20:24:23.783Z,2025-11-01T16:59:43.969Z,2025-11-02T16:35:06.813Z,1118.04,29.99,"$1,113.58","New Fi Bug Zapper - Zapper para Exteriores, mosquiteros con luz LED, para Interiores y Exteriores, trampas eléctricas para Moscas de Insectos, enchufa el Asesino de Mosquitos para Patio y Patio",https://www.amazon.com.mx/dp/B0F2MJYL49,https://www.amazon.com/dp/B0F2MJYL49,SRKSB LLC,New Fi INC
,B07JRHV75F,4,Hogar y Cocina,disponible,no disponible,,,2025-10-31T20:24:23.783Z,2025-11-01T16:59:53.551Z,2025-11-02T16:35:14.950Z,798.19,,$797.92,"Kg's - cepillo para polvo protector de botas para proteger los dedos del pie, cepillo para polvo líquido para una protección de seguridad resistente y duradera en las botas",https://www.amazon.com.mx/dp/B07JRHV75F,https://www.amazon.com/dp/B07JRHV75F,Amaazon . com,
,B0DJCYM85W,4,Hogar y Cocina,disponible,no disponible,,,2025-10-31T20:24:23.783Z,2025-11-01T17:00:00.805Z,2025-11-02T16:35:22.068Z,1095.08,,"$1,089.37","Arena de fundición de malla ultradelgada de alta calidad 400 sin aceite para manualidades de joyería de metal, arena de fundición excepcional para réplicas detalladas en plata, cobre, bronce y más,",https://www.amazon.com.mx/dp/B0DJCYM85W,https://www.amazon.com/dp/B0DJCYM85W,SIDE SHOP,
,B0CT4G4LJL,4,Hogar y Cocina,disponible,no disponible,,,2025-10-31T20:24:23.783Z,2025-11-01T17:00:10.319Z,2025-11-02T16:35:29.720Z,447.17,,$444.84,"Hilocel CR1025 - Pilas de monedas de 3 V, batería de botón de litio 1025, batería de repuesto estable y duradera para DL1025, BR1025, KL1025, L1025, ECR1025, KCR1025... (15 unidades)",https://www.amazon.com.mx/dp/B0CT4G4LJL,https://www.amazon.com/dp/B0CT4G4LJL,SIDE SHOP,
,B0DFLRHTF6,4,Hogar y Cocina,disponible,no disponible,,,2025-10-31T20:24:34.375Z,2025-11-01T17:00:18.441Z,2025-11-02T16:35:36.501Z,1052.15,,"$1,040.02","BSRHOME - Juego de 9 marcos de fotos de 8 x 8 pulgadas para imágenes de 4 x 4 pulgadas con alfombrilla o 8 x 8 pulgadas sin alfombrilla, marcos cuadrados de fotos para pared o mesa, dorado",https://www.amazon.com.mx/dp/B0DFLRHTF6,https://www.amazon.com/dp/B0DFLRHTF6,M&H Customer Friendly Store,
,B0DTPVLNZT,4,Hogar y Cocina,disponible,no disponible,,,2025-10-31T20:24:34.375Z,2025-11-01T17:00:27.403Z,2025-11-02T16:35:45.343Z,509.61,,$512.93,"Kit de resina UV con luz, pegamento UV de 60 g con luz recargable, calcomanía UV de 5 segundos de curado rápido, kit de reparación transparente para resina de soldadura, unión de joyas, plástico",https://www.amazon.com.mx/dp/B0DTPVLNZT,https://www.amazon.com/dp/B0DTPVLNZT,M&H Customer Friendly Store,
,B09NHTQCMK,4,Hogar y Cocina,disponible,no disponible,,,2025-10-31T20:24:34.375Z,2025-11-01T17:00:35.228Z,2025-11-02T16:35:52.943Z,644.25,,$694.56,"oClean Limpiador de suelos para robots 750ml - apto para baldosas de cerámica, gres porcelánico, azulejos esmaltados y baldosas de gres",https://www.amazon.com.mx/dp/B09NHTQCMK,https://www.amazon.com/dp/B09NHTQCMK,CyK Deals,
,B0CFL7GMVV,4,Hogar y Cocina,disponible,disponible,,,2025-10-31T20:24:34.375Z,2025-11-01T17:00:44.218Z,2025-11-02T16:36:00.213Z,678.68,15.99,$675.14,"Sweetude - 4 bolsas de lona estética, bolsa para amantes de las plantas, bolsa de regalo para amantes de los libros, bolsa de comestibles reutilizable con bolsillo interior",https://www.amazon.com.mx/dp/B0CFL7GMVV,https://www.amazon.com/dp/B0CFL7GMVV,SIDE SHOP,Koungen
,B0CY5QZLD1,4,Hogar y Cocina,disponible,disponible,,,2025-10-31T20:24:34.376Z,2025-11-01T17:00:53.867Z,2025-11-02T16:36:08.541Z,465.74,7.99,$465.04,"ChefAide - Juego de 5 espátulas de silicona de grado alimenticio, mango fuerte mejorado con agarre ergonómico, resistente al calor hasta 700 °F para utensilios de cocina antiadherentes, tomillo seco",https://www.amazon.com.mx/dp/B0CY5QZLD1,https://www.amazon.com/dp/B0CY5QZLD1,M&H Customer Friendly Store,YesperDirect
,B0CRQYN2F8,4,Hogar y Cocina,disponible,no disponible,,,2025-10-31T20:24:34.376Z,2025-11-01T17:01:02.826Z,2025-11-02T16:36:15.695Z,504.05,,$512.93,"Feilove 4 en 1 aceite de visón acondicionador y limpiador de piel de 3.5 onzas, fórmula impermeable premium para botas y zapatos, Blanco, 6.11 x 3.35 x 2.17 inches",https://www.amazon.com.mx/dp/B0CRQYN2F8,https://www.amazon.com/dp/B0CRQYN2F8,SRKSB LLC,
,B0D5QLXY5W,4,Hogar y Cocina,disponible,no disponible,,,2025-10-31T20:24:34.376Z,2025-11-01T17:01:11.393Z,2025-11-02T16:36:24.076Z,1792.13,,"$1,784.16","Amagenix - Persianas enrollables para exteriores, 4 pies de ancho x 8 pies de alto, persianas enrollables para exteriores con 90% de protección UV para cenador de porche, color gris",https://www.amazon.com.mx/dp/B0D5QLXY5W,https://www.amazon.com/dp/B0D5QLXY5W,SRKSB LLC,
,B0CLH9ZJMP,4,Hogar y Cocina,disponible,no disponible,,,2025-10-31T20:24:34.376Z,2025-11-01T17:01:20.310Z,2025-11-02T16:36:32.298Z,1936.95,,"$2,169.82","Sunny Side Up - Juego de edredón de 7 piezas tamaño matrimonial para niños de Bluey & Friends, incluye edredón, sábanas y funda de almohada, juego de cama de microfibra supersuave",https://www.amazon.com.mx/dp/B0CLH9ZJMP,https://www.amazon.com/dp/B0CLH9ZJMP,Smile Happy Store,
,B0D8T7V69S,4,Hogar y Cocina,disponible,disponible,,,2025-10-31T20:24:34.376Z,2025-11-01T17:01:29.021Z,2025-11-02T16:36:41.083Z,3665.38,109.99,"$3,713.85","Keoslpy - Carrito de compras plegable con ruedas, carrito de comestibles plegable de 34 kg con cesta extraíble y ruedas universales, plegable con un solo clic, carrito de compras portátil, personal",https://www.amazon.com.mx/dp/B0D8T7V69S,https://www.amazon.com/dp/B0D8T7V69S,Luxury Best Store,JIECHEN STORE
,B0D5QL5VGL,4,Hogar y Cocina,disponible,no disponible,,,2025-10-31T20:24:34.376Z,2025-11-01T17:01:38.732Z,2025-11-02T16:36:49.322Z,2252.85,,"$2,241.11","Amagenix - Persianas enrollables para exteriores (8 pies de ancho x 6 pies de alto), persianas enrollables para exteriores con 90% de protección UV, postes de dos secciones con tela de una pieza,",https://www.amazon.com.mx/dp/B0D5QL5VGL,https://www.amazon.com/dp/B0D5QL5VGL,SIDE SHOP,
,B0DKDFHD86,4,Hogar y Cocina,disponible,no disponible,,,2025-10-31T20:24:34.376Z,2025-11-01T17:01:48.504Z,2025-11-02T16:36:56.736Z,2773.98,,"$2,759.52","BODYWAKER - Banco de cabeza de yoga, silla de yoga para entrenamiento de equilibrio, construcción de fuerza central, silla al revés para relajación, silla de inversión para entrenamiento de mano para",https://www.amazon.com.mx/dp/B0DKDFHD86,https://www.amazon.com/dp/B0DKDFHD86,SIDE SHOP,
,B0CB9VFZ34,4,Hogar y Cocina,disponible,disponible,,,2025-10-31T20:24:34.376Z,2025-11-01T17:01:56.273Z,2025-11-02T16:37:03.752Z,1262.28,36.99,"$1,255.70","10 bolsas de lona reutilizables para profesores, con citas inspiradoras, 10 estilos",https://www.amazon.com.mx/dp/B0CB9VFZ34,https://www.amazon.com/dp/B0CB9VFZ34,SIDE SHOP,Taooceanfeel
,B0F4DMBDJT,4,Hogar y Cocina,disponible,no disponible,,,2025-10-31T20:24:34.377Z,2025-11-01T17:02:04.808Z,2025-11-02T16:37:11.620Z,1423.53,,"$1,353.71","Mesa auxiliar redonda, mesa pequeña para espacios pequeños, mesa auxiliar moderna con patas de metal para sala de estar, recámara, esquinas y oficina (dorado)",https://www.amazon.com.mx/dp/B0F4DMBDJT,https://www.amazon.com/dp/B0F4DMBDJT,M&H Customer Friendly Store,
,B0DZNT6XQY,4,Hogar y Cocina,disponible,no disponible,,,2025-10-31T20:24:34.377Z,2025-11-01T17:02:13.429Z,2025-11-02T16:37:19.334Z,1655,,"$1,815.46","Juego de 2 tablas de cortar de bambú resistentes antideslizantes sobre el fregadero, grano sólido, tabla de cortar de madera gruesa, extragrande, grande, pequeño, mejor madera orgánica de madera dura",https://www.amazon.com.mx/dp/B0DZNT6XQY,https://www.amazon.com/dp/B0DZNT6XQY,SHERIFF EXPRESS,
,B0BHQCCK78,4,Hogar y Cocina,disponible,disponible,,,2025-10-31T20:24:34.377Z,2025-11-01T17:02:21.960Z,2025-11-02T16:37:26.465Z,912.26,23.88,$907.50,"VUOJUR 6 bolsas de regalo holográficas pequeñas de 8.3 x 8 x 4 pulgadas, bolsas de regalo de cumpleaños transparentes reutilizables para mujeres y niñas, bolsas de regalo de Navidad iridiscentes con",https://www.amazon.com.mx/dp/B0BHQCCK78,https://www.amazon.com/dp/B0BHQCCK78,SIDE SHOP,VUOJUR
,B0DHZF211M,4,Hogar y Cocina,disponible,no disponible,,,2025-10-31T20:24:34.377Z,2025-11-01T17:02:29.423Z,2025-11-02T16:37:35.038Z,1734.04,,"$1,724.99","GREENSTELL - Taburete pequeño con Almacenamiento y Respaldo Plegable, 13 x 13 x 17.7 Pulgadas, otomana Suave de Piel sintética para Adolescentes, 4 Patas de Metal con pies Antideslizantes, Asiento",https://www.amazon.com.mx/dp/B0DHZF211M,https://www.amazon.com/dp/B0DHZF211M,SIDE SHOP,
,B0BZ7CD56P,4,Hogar y Cocina,disponible,no disponible,,,2025-10-31T20:24:50.470Z,2025-11-01T17:02:43.090Z,2025-11-02T16:37:46.379Z,1723.14,,"$1,703.51","Chef Studio Large Teak Wood Cutting Board, End Grain Butcher Block Cutting Board For Kitchen, Big Wooden Kitchen Carving Chopping Boards, Juice Groove, Reversible, Hand Grips, Size 15.8x11x1.37 inch",https://www.amazon.com.mx/dp/B0BZ7CD56P,https://www.amazon.com/dp/B0BZ7CD56P,SRKSB LLC,
,B0DR814CFB,4,Hogar y Cocina,disponible,no disponible,,,2025-10-31T20:24:50.471Z,2025-11-01T17:02:52.314Z,2025-11-02T16:37:54.526Z,537.49,,$540.89,JOXIYECLTL CR1220 - Batería de 3 V de litio CR 1220 con celda de botón para calculadoras de relojes y juguete de control remoto (paquete de 20),https://www.amazon.com.mx/dp/B0DR814CFB,https://www.amazon.com/dp/B0DR814CFB,SIDE SHOP,
,B0DZX5CQ9M,4,Hogar y Cocina,disponible,no disponible,,,2025-10-31T20:24:50.471Z,2025-11-01T17:02:59.391Z,2025-11-02T16:38:02.994Z,3868.79,,"$3,855.28","Moderna mesa de centro de vidrio para sala de estar, pequeña mesa de centro moderna de mediados de siglo, elegantes mesas de café, adecuada para recámara, sala de estar, recepción, oficina (negro/café",https://www.amazon.com.mx/dp/B0DZX5CQ9M,https://www.amazon.com/dp/B0DZX5CQ9M,SRKSB LLC,
,B01H1CAY0U,4,Hogar y Cocina,disponible,no disponible,,,2025-10-31T20:24:50.471Z,2025-11-01T17:03:08.454Z,2025-11-02T16:38:10.286Z,2148.43,,"$2,133.04",Jewelry Trinket Box Wood Mother of Pearl Inlay Mirror Lid Pink Floral Butterfly Design,https://www.amazon.com.mx/dp/B01H1CAY0U,https://www.amazon.com/dp/B01H1CAY0U,BROWN LEAVES LLC,
,B0DG5LP2TQ,4,Hogar y Cocina,disponible,no disponible,,,2025-10-31T20:24:50.471Z,2025-11-01T17:03:17.337Z,2025-11-02T16:38:19.265Z,3158.63,,"$3,334.13","Moderna lámpara de pie arqueada plateada, lámpara de pie de 69.99 pulgadas para lectura, LED con temperatura de color ajustable regulable, curva con control remoto para recámara y sala de estar",https://www.amazon.com.mx/dp/B0DG5LP2TQ,https://www.amazon.com/dp/B0DG5LP2TQ,Has a day Company,
,B06VSWGD24,4,Hogar y Cocina,disponible,no disponible,,,2025-10-31T20:24:50.471Z,2025-11-01T17:03:26.816Z,2025-11-02T16:38:27.337Z,1081.85,,"$1,113.81",Underberg- Lata de coleccionista anual Edición limitada Surtida (lata 2024),https://www.amazon.com.mx/dp/B06VSWGD24,https://www.amazon.com/dp/B06VSWGD24,GUTTIDIRECT,
,B0D3HTFWYH,4,Hogar y Cocina,disponible,disponible,,,2025-10-31T20:24:50.471Z,2025-11-01T17:03:34.074Z,2025-11-02T16:38:35.740Z,635.96,14.99,$632.65,"MEUUD - Bolsa de mano para mujer con diseño de pata de perro, bolsa reutilizable de pollo, bolsas de comestibles, bolsa de hombro de playa, bolsas de compras, regalos",https://www.amazon.com.mx/dp/B0D3HTFWYH,https://www.amazon.com/dp/B0D3HTFWYH,SIDE SHOP,ONEXU
,B0DQ514Y47,4,Hogar y Cocina,disponible,no disponible,,,2025-10-31T20:24:50.471Z,2025-11-01T17:03:41.534Z,2025-11-02T16:38:43.723Z,1944.82,,"$1,941.36","Royal Luxe - Edredón de Fibra de plumón de Ganso – Relleno de edredón de tamaño Individual, 100% algodón, edredón para Todas Las Estaciones, Ultra Suave y Lujosa, Ropa de Cama de Hotel, 68 x 88",https://www.amazon.com.mx/dp/B0DQ514Y47,https://www.amazon.com/dp/B0DQ514Y47,ergunstore,
,B0DZ6D6F5M,4,Hogar y Cocina,disponible,disponible,,,2025-10-31T20:24:50.471Z,2025-11-01T17:03:50.220Z,2025-11-02T16:38:51.390Z,539.73,10.99,$536.92,"TiTkaiVi - Bolsa de lona para hacer compras, bolsas de tela reutilizables de algodón para ir de compras en la playa, Blanco",https://www.amazon.com.mx/dp/B0DZ6D6F5M,https://www.amazon.com/dp/B0DZ6D6F5M,SIDE SHOP,LISTEN LEE
,B0DJVY5C9D,4,Hogar y Cocina,disponible,no disponible,,,2025-10-31T20:24:50.472Z,2025-11-01T17:03:58.085Z,2025-11-02T16:38:59.024Z,635.96,,$632.65,"ICIMBI-Kit de moldes de supositorios reutilizables, 2 ml, moldes de supositorios de silicona | El kit incluye 4 bandejas para moldes de supositorios y 10 goteros para líquidos",https://www.amazon.com.mx/dp/B0DJVY5C9D,https://www.amazon.com/dp/B0DJVY5C9D,SIDE SHOP,
,B0CJXJSS5F,4,Hogar y Cocina,disponible,no disponible,,,2025-10-31T20:24:50.472Z,2025-11-01T17:04:07.430Z,2025-11-02T16:39:07.388Z,759.62,,$746.88,"SMAODSGN - Soporte para rollo de papel de caballete de madera de 12 pulgadas para montaje en pared, rollo de papel kraft café, dispensador de papel para cocina, bricolaje, oficina, escuela, negocios,",https://www.amazon.com.mx/dp/B0CJXJSS5F,https://www.amazon.com/dp/B0CJXJSS5F,EcoNova Market,
,B0D2MRL7S6,4,Hogar y Cocina,disponible,disponible,,,2025-10-31T20:24:50.472Z,2025-11-01T17:04:14.928Z,2025-11-02T16:39:15.145Z,635.96,14.99,$632.65,"Lacosu - Bolsas de lona para mujeres, regalos de caballos, bolsas de compras reutilizables",https://www.amazon.com.mx/dp/B0D2MRL7S6,https://www.amazon.com/dp/B0D2MRL7S6,SIDE SHOP,GIOLL
,B0DBH6F8CS,4,Hogar y Cocina,disponible,disponible,,,2025-10-31T20:24:50.472Z,2025-11-01T17:04:22.212Z,2025-11-02T16:39:23.922Z,507.76,9.99,$512.93,"INFOOD - Espumador de leche recargable con tapa, bastón espumador de café, mezclador de bebidas de mano con 2 batidores de acero inoxidable desmontables, 2 velocidades ajustables para latte,",https://www.amazon.com.mx/dp/B0DBH6F8CS,https://www.amazon.com/dp/B0DBH6F8CS,Rendomin,INFOOD
,B0DJNK6V1Y,4,Hogar y Cocina,disponible,no disponible,,,2025-10-31T20:24:50.472Z,2025-11-01T17:04:31.317Z,2025-11-02T16:39:31.710Z,818.97,,$814.28,"Buzbug - Zapper LED para interiores y exteriores, lámpara de vida útil duradera de 10 años, batería recargable de 5200 mAh, Zapper portátil de mosquitos para camping, trampa para moscas - MA015C",https://www.amazon.com.mx/dp/B0DJNK6V1Y,https://www.amazon.com/dp/B0DJNK6V1Y,M&H Customer Friendly Store,
,B09XV4X9VM,4,Hogar y Cocina,disponible,disponible,,,2025-10-31T20:24:50.472Z,2025-11-01T17:04:40.751Z,2025-11-02T16:39:40.567Z,849.6,19.99,$848.90,"Elsjoy - Paquete de 80 bolsas de mercancía de agradecimiento (14 x 12 pulgadas), reutilizables, para fiestas, negocios, bodas",https://www.amazon.com.mx/dp/B09XV4X9VM,https://www.amazon.com/dp/B09XV4X9VM,MYSILKROAD LLC,Elsjoy
,B0DYMTRRGR,4,Hogar y Cocina,disponible,no disponible,,,2025-10-31T20:24:50.472Z,2025-11-01T17:04:49.393Z,2025-11-02T16:39:48.389Z,4573.69,,"$4,549.84","Espejo redondo de baño de 48 pulgadas, espejo circular negro montado en la pared con marco de metal, espejo colgante redondo moderno adecuado para baño, cambiador, entrada, sala de estar",https://www.amazon.com.mx/dp/B0DYMTRRGR,https://www.amazon.com/dp/B0DYMTRRGR,SIDE SHOP,
,B0CP3L9TZW,4,Hogar y Cocina,disponible,no disponible,,,2025-10-31T20:25:01.440Z,2025-11-01T17:04:58.609Z,2025-11-02T16:39:56.296Z,1365.52,,"$1,353.25","Goozii - Caja de pan de esquina para encimera de cocina, contenedor de almacenamiento de pan negro para pan casero, caja de pan de dos capas para montaje bajo gabinete, soporte grande para pan para",https://www.amazon.com.mx/dp/B0CP3L9TZW,https://www.amazon.com/dp/B0CP3L9TZW,IY Network,
,B0DBLLNHHP,4,Hogar y Cocina,disponible,disponible,,,2025-10-31T20:25:01.440Z,2025-11-01T17:05:08.557Z,2025-11-02T16:40:04.924Z,3256.06,104.99,"$3,239.08","TOJNMAKE Bolsa de comestibles reutilizable con ruedas, carrito de la compra",https://www.amazon.com.mx/dp/B0DBLLNHHP,https://www.amazon.com/dp/B0DBLLNHHP,SIDE SHOP,TOJNMAKE-US
,B0DY75F7HW,4,Hogar y Cocina,disponible,no disponible,,,2025-10-31T20:25:01.440Z,2025-11-01T17:05:15.914Z,2025-11-02T16:40:14.026Z,960.57,,$966.45,"Yuichoy - Lámpara calentadora de velas con temporizador, regulable, altura ajustable, lámpara moderna de vidrio para funder velas, decoración elegante del hogar, verde",https://www.amazon.com.mx/dp/B0DY75F7HW,https://www.amazon.com/dp/B0DY75F7HW,SRKSB LLC,
,B0D9NKKHGQ,4,Hogar y Cocina,disponible,no disponible,,,2025-10-31T20:25:01.441Z,2025-11-01T17:05:25.243Z,2025-11-02T16:40:21.462Z,1360.22,,"$1,356.00","EgticHome - Tarros de vidrio para especias de 4 onzas con tapas de bambú y 315 etiquetas, 32 recipientes transparentes para almacenamiento de alimentos para cocina, azúcar, sal, café, frijoles de té",https://www.amazon.com.mx/dp/B0D9NKKHGQ,https://www.amazon.com/dp/B0D9NKKHGQ,Raskolnikovv,
,B0C8STXXJJ,4,Hogar y Cocina,disponible,no disponible,,,2025-10-31T20:25:01.441Z,2025-11-01T17:05:38.604Z,2025-11-02T16:40:33.968Z,1409.04,,"$1,401.69","DOPXXBB Kit completo para hacer velas, suministros para hacer velas para adultos, incluye cera de soja, tazas de velas y latas, mechas de velas y aromas ligeros tipo aroma, tintes líquidos y más",https://www.amazon.com.mx/dp/B0C8STXXJJ,https://www.amazon.com/dp/B0C8STXXJJ,SIDE SHOP,
,B0CJNPT6B6,4,Hogar y Cocina,disponible,no disponible,,,2025-10-31T20:25:01.441Z,2025-11-01T17:05:48.174Z,2025-11-02T16:40:42.867Z,840.22,,$862.26,"LPUSA - Velas cónicas de 12 pulgadas, sin perfume, sin humo, larga y alta, para veleros, palos, bodas, advientos, decoración del hogar, cenas, Navidad, juego de 12",https://www.amazon.com.mx/dp/B0CJNPT6B6,https://www.amazon.com/dp/B0CJNPT6B6,Rendosa,
,B09QPJS4FW,4,Hogar y Cocina,disponible,no disponible,,,2025-10-31T20:25:01.441Z,2025-11-01T17:05:57.205Z,2025-11-02T16:40:50.944Z,515.61,,$512.93,"Placa de pared de madera divertida para cuarto de lavandería, diseño rústico, estilo clásico, reglas de lavandería para baño, decoración colgante, 4 piezas (color multicolor)",https://www.amazon.com.mx/dp/B09QPJS4FW,https://www.amazon.com/dp/B09QPJS4FW,SIDE SHOP,
,B0CQJDVGX4,4,Hogar y Cocina,disponible,no disponible,,,2025-10-31T20:25:01.441Z,2025-11-01T17:06:04.925Z,2025-11-02T16:40:59.155Z,804.08,,$799.89,"USEWIRE Encendedor de cigarros, encendedor multifuncional con cortador de cigarros en V, soporte de cigarros, sacador de cigarros y potenciador de extracción de cigarros, encendedor de antorcha de",https://www.amazon.com.mx/dp/B0CQJDVGX4,https://www.amazon.com/dp/B0CQJDVGX4,SIDE SHOP,
,B0CYGRDNLV,4,Hogar y Cocina,disponible,disponible,,,2025-10-31T20:25:01.441Z,2025-11-01T17:06:14.173Z,2025-11-02T16:41:07.351Z,794.44,18.99,$790.29,"Huhumy - Bolsa de lona con inicial, para mujer, personalizada, regalo de cumpleaños, bolsa de maquillaje, monograma con inicial, para mujer",https://www.amazon.com.mx/dp/B0CYGRDNLV,https://www.amazon.com/dp/B0CYGRDNLV,SIDE SHOP,SinJust
,B0DBRTNPSJ,4,Hogar y Cocina,disponible,no disponible,,,2025-10-31T20:25:01.441Z,2025-11-01T17:06:22.265Z,2025-11-02T16:41:14.615Z,1352.54,,"$1,345.49","KNODOS - Tamper de café calibrado de 58 mm de nogal, autonivelante y 30 libras con resorte de diseño de base ondulada de acero inoxidable con 20 libras, 25 libras / 30 libras (58,3 mm)",https://www.amazon.com.mx/dp/B0DBRTNPSJ,https://www.amazon.com/dp/B0DBRTNPSJ,SIDE SHOP,
,B0BXL8D8JX,4,Hogar y Cocina,disponible,no disponible,,,2025-10-31T20:25:01.441Z,2025-11-01T17:06:30.417Z,2025-11-02T16:41:22.474Z,1955.38,,"$1,959.88","SMARTOR - Perchas de traje para hombre, paquete de 12, perchas de madera de hombro ancho con soporte antideslizante para pantalones, colgador ancho para traje, chamarra, chamarra, vestido, colgador de",https://www.amazon.com.mx/dp/B0BXL8D8JX,https://www.amazon.com/dp/B0BXL8D8JX,SRKSB LLC,
,B00JAP0P3I,4,Hogar y Cocina,disponible,no disponible,,,2025-10-31T20:25:01.441Z,2025-11-01T17:06:39.873Z,2025-11-02T16:41:29.870Z,1187.17,,"$1,180.98","Tramontina Seattle - Sartén pequeña de acero inoxidable con revestimiento de tres capas de 8 pulgadas, sartén lista para inducción, apta para lavaplatos, certificado NSF, fabricado en Brasil",https://www.amazon.com.mx/dp/B00JAP0P3I,https://www.amazon.com/dp/B00JAP0P3I,SIDE SHOP,
,B0DRTH95T8,4,Hogar y Cocina,disponible,no disponible,,,2025-10-31T20:25:01.442Z,2025-11-01T17:06:46.955Z,2025-11-02T16:41:37.893Z,1364.89,,"$1,364.19","Basurero de madera de 3 galones, cesta de basura de madera de acacia sólida con asas, cubeta de basura rectangular, cubeta de basura para recámara, baño, cocina, sala de estar, oficina decorativa",https://www.amazon.com.mx/dp/B0DRTH95T8,https://www.amazon.com/dp/B0DRTH95T8,Abundant Peace,
,B0D56QKY1X,4,Hogar y Cocina,disponible,no disponible,,,2025-10-31T20:25:01.442Z,2025-11-01T17:06:55.064Z,2025-11-02T16:41:44.959Z,2096.82,,"$2,077.98","Woodure - Taburete de cocina 4 en 1 para niños pequeños, torre de aprendizaje plegable con pizarrón, taburete de cocina de madera ayudante para niños, regalos para niños de 1 a 3 años",https://www.amazon.com.mx/dp/B0D56QKY1X,https://www.amazon.com/dp/B0D56QKY1X,IY Network,
,B0D9FXN3XD,4,Hogar y Cocina,disponible,no disponible,,,2025-10-31T20:25:01.442Z,2025-11-01T17:07:04.120Z,2025-11-02T16:41:52.982Z,902.39,,$889.68,"Yadool Detergente Líquido Concentrado para Ropa de Seda y Lana, Sin Fragancia, Sin Químicos, Limpieza Suave, 16.91 Onzas",https://www.amazon.com.mx/dp/B0D9FXN3XD,https://www.amazon.com/dp/B0D9FXN3XD,M&H Customer Friendly Store,
,B0CCDRJM75,4,Hogar y Cocina,disponible,disponible,,,2025-10-31T20:25:01.442Z,2025-11-01T17:07:14.053Z,2025-11-02T16:42:00.990Z,453.31,6.64,$450.94,"BWLOIES - Bolsa de regalo extragrande para niña de cumpleaños, bolsa de plástico gigante rosa de cumpleaños (56 pulgadas, 1 unidad)",https://www.amazon.com.mx/dp/B0CCDRJM75,https://www.amazon.com/dp/B0CCDRJM75,SIDE SHOP,K-D LLC
,B0C93YDS9V,4,Hogar y Cocina,disponible,no disponible,,,2025-10-31T20:25:16.253Z,2025-11-01T17:07:22.611Z,2025-11-02T16:42:07.904Z,1310.51,,"$1,305.05","LAMIT - Cortinas semitranslúcidas de lino con aspecto natural, filtro de luz, pestaña trasera, bolsillo para barra, para recámara, juego de 2 paneles, 132 x 229 cm, café",https://www.amazon.com.mx/dp/B0C93YDS9V,https://www.amazon.com/dp/B0C93YDS9V,SRKSB LLC,
,B0DK93GJ5H,4,Hogar y Cocina,disponible,no disponible,,,2025-10-31T20:25:16.253Z,2025-11-01T17:07:33.611Z,2025-11-02T16:42:15.831Z,1516.8,,"$1,500.39","Organizador de almacenamiento de juguetes de madera de peluche, diseño mejorado de bolsa de puf, hamaca de animales de peluche, red de peluche, pecho de juguete grande, soporte de animales de peluche",https://www.amazon.com.mx/dp/B0DK93GJ5H,https://www.amazon.com/dp/B0DK93GJ5H,M&H Customer Friendly Store,
,B09ZTPJ4LW,4,Hogar y Cocina,disponible,disponible,,,2025-10-31T20:25:16.254Z,2025-11-01T17:07:41.345Z,2025-11-02T16:42:24.025Z,1073.22,23.99,"$1,066.92","Elsjoy Paquete de 100 bolsas de papel kraft con asas, 5.3 x 3.8 x 8 pulgadas, pequeñas bolsas de papel kraft geométricas para compras, bolsas de mercancía para embalaje, recuerdos de fiesta, tiendas minoristas, 4 estilos",https://www.amazon.com.mx/dp/B09ZTPJ4LW,https://www.amazon.com/dp/B09ZTPJ4LW,MALL of MX,Elsjoy
,B07YP9GT1N,4,Hogar y Cocina,disponible,no disponible,,,2025-10-31T20:25:16.254Z,2025-11-01T17:07:49.749Z,2025-11-02T16:42:31.423Z,644.26,,$643.90,KitchenAid Termómetro curvado para caramelos y freír,https://www.amazon.com.mx/dp/B07YP9GT1N,https://www.amazon.com/dp/B07YP9GT1N,GUTTIDIRECT,
,B0D87GDY5S,4,Hogar y Cocina,disponible,no disponible,,,2025-10-31T20:25:16.254Z,2025-11-01T17:07:58.180Z,2025-11-02T16:42:39.526Z,1480.47,,"$1,472.75","Silipull 60/36/18 - Cuchara de té de recuerdo para montaje en pared, gabinete de madera con 98% acrílico UV con cerradura de puerta para colección de cucharaditas (cereza, 36 cucharas de recuerdo)",https://www.amazon.com.mx/dp/B0D87GDY5S,https://www.amazon.com/dp/B0D87GDY5S,SIDE SHOP,
,B01N1KJU0E,4,Hogar y Cocina,disponible,no disponible,,,2025-10-31T20:25:16.254Z,2025-11-01T17:08:06.173Z,2025-11-02T16:42:46.511Z,514.19,,$513.49,"Bolsas de muselina 100% algodón con cordón, paquete de 12 para almacenamiento de regalos de despensa, sin blanquear (4 x 6, beige), 1 Count (Pack of 12)",https://www.amazon.com.mx/dp/B01N1KJU0E,https://www.amazon.com/dp/B01N1KJU0E,SRKSB LLC,
,B0CW65MKTK,4,Hogar y Cocina,disponible,disponible,,,2025-10-31T20:25:16.254Z,2025-11-01T17:08:13.521Z,2025-11-02T16:42:53.184Z,1066.37,29.99,"$1,062.18","TEXAS LINEN CO. Sábanas de algodón 100% orgánico, tamaño matrimonial, juego de 4 sábanas de percal de algodón orgánico (marfil), sábanas suaves, refrescantes y transpirables, ropa de cama de hotel de",https://www.amazon.com.mx/dp/B0CW65MKTK,https://www.amazon.com/dp/B0CW65MKTK,SRKSB LLC,Texas Linen Co.
,B08KT56R63,4,Hogar y Cocina,disponible,disponible,,,2025-10-31T20:25:16.254Z,2025-11-01T17:08:23.340Z,2025-11-02T16:43:00.983Z,1041.16,30.99,"$1,035.73","Eusoar - Bolsas de compras de papel kraft (30 unidades, 3 colores, 21,8 x 10,1 x 17,8 cm, papel kraft con asas, bolsas de almuerzo, bolsas de mercancía, bolsas de fiesta, bolsas de asas, bolsas de boda",https://www.amazon.com.mx/dp/B08KT56R63,https://www.amazon.com/dp/B08KT56R63,SIDE SHOP,EUSOAR
,B0DKJXC3R5,4,Hogar y Cocina,disponible,no disponible,,,2025-10-31T20:25:16.254Z,2025-11-01T17:08:36.215Z,2025-11-02T16:43:13.997Z,706.22,,$718.55,"JCJMY - Juego de 4 marcos de fotos negros de 8 x 12 pulgadas, montaje en pared horizontal o verticalmente",https://www.amazon.com.mx/dp/B0DKJXC3R5,https://www.amazon.com/dp/B0DKJXC3R5,Abundant Peace,
,B0C6LC3X5D,4,Hogar y Cocina,disponible,no disponible,,,2025-10-31T20:25:16.254Z,2025-11-01T17:08:45.204Z,2025-11-02T16:43:22.151Z,2086.34,,"$2,088.03","KORBAJ PARFUMS- Perfume Emir Arabian para mujer, Eau de Parfum para hombre con naranja siciliana y bergamota de Calabria",https://www.amazon.com.mx/dp/B0C6LC3X5D,https://www.amazon.com/dp/B0C6LC3X5D,MYSILKROAD LLC,
,B0DGQFNN9D,4,Hogar y Cocina,disponible,disponible,,,2025-10-31T20:25:16.255Z,2025-11-01T17:08:53.887Z,2025-11-02T16:43:30.779Z,1433.15,40.99,"$1,425.68","Colingmill 2 marcos de exhibición de discos de vinilo de 16 x 22 pulgadas, marco de álbum de doble ranura y cubierta de álbum de 12.5 x 12.5 pulgadas, para montaje en pared, decoración del hogar (mate",https://www.amazon.com.mx/dp/B0DGQFNN9D,https://www.amazon.com/dp/B0DGQFNN9D,SIDE SHOP,Jyinneyine
,B0DZBWWQXC,4,Hogar y Cocina,disponible,disponible,,,2025-10-31T20:25:16.255Z,2025-11-01T17:09:01.620Z,2025-11-02T16:43:38.565Z,1840.32,55.99,"$1,908.22","SPACORA - Ventiladores de techo con luces, ventilador de techo de perfil bajo de 42 pulgadas con luz y control remoto, montaje empotrado, reversible, silencioso, ventilador de techo negro para uso en",https://www.amazon.com.mx/dp/B0DZBWWQXC,https://www.amazon.com/dp/B0DZBWWQXC,ergunstore,Meetyo Lighting
,B089VQYD6K,4,Hogar y Cocina,disponible,disponible,,,2025-10-31T20:25:16.255Z,2025-11-01T17:09:10.036Z,2025-11-02T16:43:45.183Z,1281.54,33.49,"$1,298.47","Bolsas de papel de regalo horizontal, color blanco",https://www.amazon.com.mx/dp/B089VQYD6K,https://www.amazon.com/dp/B089VQYD6K,SIDE SHOP,EUSOAR
,B0DF5FM1X9,4,Hogar y Cocina,disponible,no disponible,,,2025-10-31T20:25:16.255Z,2025-11-01T17:09:17.644Z,2025-11-02T16:43:54.325Z,1573.28,,"$1,540.15","msspart The Last Supper by Leonardo Da Vinci - lona decorativo para pared, diseño de pintura clásica, decoración de póster enmarcado para recámara, sala de estar, oficina, 20 x 40 pulgadas",https://www.amazon.com.mx/dp/B0DF5FM1X9,https://www.amazon.com/dp/B0DF5FM1X9,M&H Customer Friendly Store,
,B09WCF5NTY,4,Hogar y Cocina,disponible,no disponible,,,2025-10-31T20:25:30.897Z,2025-11-01T17:09:26.417Z,2025-11-02T16:44:01.700Z,542.49,,$539.66,"Organizador de bolsas de comestibles para bolsas de compras, bolsas de plástico de montaje en pared, dispensadores de contenedores de almacenamiento, amantes de las mascotas, regalos de cocina para mujeres, familiares, amigos, perro, mamá, perro papá",https://www.amazon.com.mx/dp/B09WCF5NTY,https://www.amazon.com/dp/B09WCF5NTY,SIDE SHOP,
,B0DPL17SDM,4,Hogar y Cocina,disponible,no disponible,,,2025-10-31T20:25:30.897Z,2025-11-01T17:09:35.351Z,2025-11-02T16:44:10.311Z,1307.95,,"$1,327.44","BRANDT BEEF Sebo de Res 100% Puro para Cocinar, Envase de 64 Oz, Totalmente Natural, Apto para Dietas Cetogénicas Y Paleolíticas, Sin Hormonas Ni Antibióticos Añadidos, Alto Punto de Humo para Hornea",https://www.amazon.com.mx/dp/B0DPL17SDM,https://www.amazon.com/dp/B0DPL17SDM,MYSILKROAD LLC,
,B08J8F7Q61,4,Hogar y Cocina,disponible,no disponible,,,2025-10-31T20:25:30.897Z,2025-11-01T17:09:43.338Z,2025-11-02T16:44:17.492Z,719.62,,$722.89,"KitchenAid - Juego de 2 Manoplas de Silicona Suave acanaladas, Color Negro Mate, 7.5 x 13 Pulgadas",https://www.amazon.com.mx/dp/B08J8F7Q61,https://www.amazon.com/dp/B08J8F7Q61,GUTTIDIRECT,
,B0BTM2GDWP,4,Hogar y Cocina,disponible,disponible,,,2025-10-31T20:25:30.897Z,2025-11-01T17:09:52.293Z,2025-11-02T16:44:24.601Z,1089.85,29.99,"$1,062.18","WARMDERN - Funda para edredón, de rayas rosas, funda de edredón con textura bohemia, juego de cama de 2 piezas, funda de edredón de microfibra lavada, tamaño individual, con cierre y lazos en las esquinas (tamaño individual, color rosa).",https://www.amazon.com.mx/dp/B0BTM2GDWP,https://www.amazon.com/dp/B0BTM2GDWP,Rendosa,WARMDERN shop
,B0CRSXVFFN,4,Hogar y Cocina,disponible,no disponible,,,2025-10-31T20:25:30.897Z,2025-11-01T17:10:01.304Z,2025-11-02T16:44:32.448Z,625.94,,$627.16,"Juego de 96 platos y servilletas de fiesta temática mexicana, decoración de fiesta de cumpleaños, festival mexicano, vajilla floral de madera rústica, sirve 24 invitados, suministros de fiesta de",https://www.amazon.com.mx/dp/B0CRSXVFFN,https://www.amazon.com/dp/B0CRSXVFFN,SRKSB LLC,
,B0CQT4Y4NF,4,Hogar y Cocina,disponible,no disponible,,,2025-10-31T20:25:30.898Z,2025-11-01T17:10:10.246Z,2025-11-02T16:44:40.198Z,1101.08,,"$1,075.89","LAMIT - Cortinas de lino para sala de estar y recámara, cortinas de arpillera con ojales de bronce para decoración de habitaciones, 52 x 84 pulgadas, juego de 2 paneles, color café",https://www.amazon.com.mx/dp/B0CQT4Y4NF,https://www.amazon.com/dp/B0CQT4Y4NF,TIME OF SHOP,
,B0C7QGPKP6,4,Hogar y Cocina,disponible,no disponible,,,2025-10-31T20:25:30.898Z,2025-11-01T17:10:19.172Z,2025-11-02T16:44:48.779Z,6228.93,,"$6,196.46","Mesas de centro para sala de estar, mesa de centro triangular de vidrio con base de madera, mesa auxiliar abstracta moderna de mediados de siglo para sala de estudio, oficina, hotel, balcón (negro, transparente, grande 50 x 36 x 16 pulgadas)",https://www.amazon.com.mx/dp/B0C7QGPKP6,https://www.amazon.com/dp/B0C7QGPKP6,SIDE SHOP,
,B0BN9XYTCZ,4,Hogar y Cocina,disponible,no disponible,,,2025-10-31T20:25:30.898Z,2025-11-01T17:10:28.245Z,2025-11-02T16:44:56.381Z,819.41,,$862.26,"BYUNER Cesta de ducha portátil con asa y divisores ajustables para recámara universitario, organizador de almacenamiento de baño de plástico grande, color gris",https://www.amazon.com.mx/dp/B0BN9XYTCZ,https://www.amazon.com/dp/B0BN9XYTCZ,M&H Customer Friendly Store,
,B0DS691GL7,4,Hogar y Cocina,disponible,no disponible,,,2025-10-31T20:25:30.898Z,2025-11-01T17:10:38.022Z,2025-11-02T16:45:03.625Z,1897.78,,"$1,887.89","Carrito utilitario de metal de 5 niveles con cajón, carrito de almacenamiento de manualidades con divisor y rueda bloqueable, versátil soporte para brocha de pintura y organizador de pintura y",https://www.amazon.com.mx/dp/B0DS691GL7,https://www.amazon.com/dp/B0DS691GL7,SIDE SHOP,
,B0F18D3C11,4,Hogar y Cocina,disponible,disponible,,,2025-10-31T20:25:30.898Z,2025-11-01T17:10:47.443Z,2025-11-02T16:45:12.240Z,775.84,20.99,$794.86,"Soporte de pared para sombreros de vaquero, paquete de 4 soportes para sombreros de vaquero, gancho de herradura de metal, decoración de herradura, gancho para sombrero occidental para pared, soporte",https://www.amazon.com.mx/dp/B0F18D3C11,https://www.amazon.com/dp/B0F18D3C11,M&H Customer Friendly Store,Hydermus Direct
,B00LPEO64G,4,Hogar y Cocina,disponible,no disponible,,,2025-10-31T20:25:30.898Z,2025-11-01T17:10:55.461Z,2025-11-02T16:45:21.015Z,579.4,,$568.30,Kaboom Scrub Free! Toilet Cleaning System,https://www.amazon.com.mx/dp/B00LPEO64G,https://www.amazon.com/dp/B00LPEO64G,MARVEL INC.,
,B0CBZ5SR68,4,Hogar y Cocina,disponible,no disponible,,,2025-10-31T20:25:30.898Z,2025-11-01T17:11:03.643Z,2025-11-02T16:45:29.136Z,1845.91,,"$1,956.20","Bartesian The Classic Collection Favorites Cápsulas mezcladoras de cóctel, paquete variado de 18 cápsulas de cóctel, para hacer cócteles Bartesianos de primera calidad",https://www.amazon.com.mx/dp/B0CBZ5SR68,https://www.amazon.com/dp/B0CBZ5SR68,Mishaland Store,
,B0C4DXJQ77,4,Hogar y Cocina,disponible,disponible,,,2025-10-31T20:25:30.898Z,2025-11-01T17:11:11.157Z,2025-11-02T16:45:37.105Z,1747.57,49.99,"$1,739.83","Zzlpp - Juego de edredón tamaño king, 7 piezas, cama de sirsaca color negro en bolsa, todas las estaciones, 1 edredón, 2 fundas de almohada, 2 fundas de cojín, 1 sábana encimera, 1 sábana bajera",https://www.amazon.com.mx/dp/B0C4DXJQ77,https://www.amazon.com/dp/B0C4DXJQ77,SRKSB LLC,tianhuihome
,B0BPHN9XS8,4,Hogar y Cocina,disponible,disponible,,,2025-10-31T20:25:30.899Z,2025-11-01T17:11:20.415Z,2025-11-02T16:45:45.722Z,1191.54,32.99,"$1,185.33","DEVI - 24 portavelas votivas doradas surtidas, portavelas de vidrio de mercurio, decoraciones Diwali, centros de mesa de boda dorados para mesas, decoraciones doradas para fiestas de despedida de",https://www.amazon.com.mx/dp/B0BPHN9XS8,https://www.amazon.com/dp/B0BPHN9XS8,SIDE SHOP,Beishui Direct
,B0C32S2CY2,4,Hogar y Cocina,disponible,disponible,,,2025-10-31T20:25:30.899Z,2025-11-01T17:11:33.691Z,2025-11-02T16:45:58.931Z,1186.51,30.59,"$1,127.14","LIYH - 24 platos de plástico reutilizables, irrompibles, platos de plástico festoneados, aptos para lavaplatos, juegos de platos de marfil perfectos para fiestas, cumpleaños, picnics, sin BPA (12",https://www.amazon.com.mx/dp/B0C32S2CY2,https://www.amazon.com/dp/B0C32S2CY2,SEONGSAN,Thalia store
,B0DJGZ4W7G,4,Hogar y Cocina,disponible,no disponible,,,2025-10-31T20:25:30.899Z,2025-11-01T17:11:43.181Z,2025-11-02T16:46:07.464Z,1345.07,,"$1,426.37","Tarros de vidrio y soporte de sábanas para secadora acrílica, contenedor de cápsulas de lavandería con tapa de bambú y 27 etiquetas, contenedores de detergente en polvo para organización de",https://www.amazon.com.mx/dp/B0DJGZ4W7G,https://www.amazon.com/dp/B0DJGZ4W7G,M&H Customer Friendly Store,
,B0DMZWH3LZ,4,Hogar y Cocina,disponible,no disponible,,,2025-10-31T20:25:41.074Z,2025-11-01T17:11:52.062Z,2025-11-02T16:46:14.922Z,563.84,,$560.90,"RUNROLE - percha de ropa extensora de peces para Disney Cruise Line – 8 pulgadas de ancho, 2 bolsillos profundos, área de pared de puerta DCL ajustada, compatible con HTV, fácil de personalizar, FE",https://www.amazon.com.mx/dp/B0DMZWH3LZ,https://www.amazon.com/dp/B0DMZWH3LZ,SIDE SHOP,
,B0D2WWQ848,4,Hogar y Cocina,disponible,no disponible,,,2025-10-31T20:25:41.075Z,2025-11-01T17:12:00.927Z,2025-11-02T16:46:22.824Z,4627.81,,"$4,594.41","NEARBYSD Espejo de cuerpo completo, espejo arqueado, con soporte, 196 cm x 96.5 cm. para colgar o inclinarse, espejo de pie, montado en la pared, con aluminio negro",https://www.amazon.com.mx/dp/B0D2WWQ848,https://www.amazon.com/dp/B0D2WWQ848,SIDE SHOP,
,B0D93Z8TB8,4,Hogar y Cocina,disponible,no disponible,,,2025-10-31T20:25:41.075Z,2025-11-01T17:12:08.478Z,2025-11-02T16:46:31.633Z,2059.44,,"$2,051.02","Estantería flotante para guardar fotos, juego de 2, estantes grandes de 56 pulgadas de largo para guardar juguetes, estantería para niños montada en la pared para sala de estar, recámara, marcos de",https://www.amazon.com.mx/dp/B0D93Z8TB8,https://www.amazon.com/dp/B0D93Z8TB8,Lumexa Online MX,
,B0DRRPGS5K,4,Hogar y Cocina,disponible,no disponible,,,2025-10-31T20:25:41.075Z,2025-11-01T17:12:17.326Z,2025-11-02T16:46:38.785Z,1734.02,,"$1,724.98","Tramontina Bestow - Sartén de hierro fundido esmaltado con tapa, sartén de 25,4 cm, con botón dorado",https://www.amazon.com.mx/dp/B0DRRPGS5K,https://www.amazon.com/dp/B0DRRPGS5K,SIDE SHOP,
,B0CTXZCCGH,4,Hogar y Cocina,disponible,no disponible,,,2025-10-31T20:25:41.075Z,2025-11-01T17:12:27.032Z,2025-11-02T16:46:45.855Z,1360.12,,"$1,353.03","Threlaco - 20 velas de vidrio perfumado de lavanda, para fiestas de baby shower, regalo de fiesta para niñas, niños, regalos de fiesta (verde)",https://www.amazon.com.mx/dp/B0CTXZCCGH,https://www.amazon.com/dp/B0CTXZCCGH,SIDE SHOP,
,B0DKF6HG6L,4,Hogar y Cocina,disponible,no disponible,,,2025-10-31T20:25:41.075Z,2025-11-01T17:12:36.596Z,2025-11-02T16:46:53.458Z,801.55,,$783.21,"Candeldo - Lámpara calentadora de velas con temporizador: lámpara de calentamiento de velas doradas con 2 bombillas de altura ajustable, calentador de cera regulable, moderno, decoración de recámara",https://www.amazon.com.mx/dp/B0DKF6HG6L,https://www.amazon.com/dp/B0DKF6HG6L,MARVEL INC.,
,B0F23JF38F,4,Hogar y Cocina,disponible,no disponible,,,2025-10-31T20:25:41.075Z,2025-11-01T17:12:44.544Z,2025-11-02T16:47:00.610Z,1241.52,,"$1,225.77","Gudamaye Pakkawood - Juego de 7 cucharas de madera para cocinar, juego de utensilios de madera con asas ergonómicas antideslizantes, resistentes al calor y elegantes cucharas de cocina, cuchara",https://www.amazon.com.mx/dp/B0F23JF38F,https://www.amazon.com/dp/B0F23JF38F,MYSILKROAD LLC,
,B0DCZ2LM42,4,Hogar y Cocina,disponible,no disponible,,,2025-10-31T20:25:41.075Z,2025-11-01T17:12:51.820Z,2025-11-02T16:47:08.233Z,1418.08,,"$1,419.60",Paquete de 2 filtros de repuesto para purificador de aire Puroair 400 Filtro HEPA Puroair 400. PA400 Filtro purificador de aire 3 en 1 grado True HP-14 con filtro de carbón activado,https://www.amazon.com.mx/dp/B0DCZ2LM42,https://www.amazon.com/dp/B0DCZ2LM42,SIDE SHOP,
,B0CBTLHPNK,4,Hogar y Cocina,disponible,no disponible,,,2025-10-31T20:25:41.076Z,2025-11-01T17:13:00.232Z,2025-11-02T16:47:15.287Z,1897.58,,"$1,887.89","Easly Arched Bathroom Mirror Espejo de baño para Pared Espejo de baño Arqueado para salón, recámara, Mantel, Entrada, Pasillo",https://www.amazon.com.mx/dp/B0CBTLHPNK,https://www.amazon.com/dp/B0CBTLHPNK,EcoNova Market,
,B09SG2NC3F,4,Hogar y Cocina,disponible,no disponible,,,2025-10-31T20:25:41.076Z,2025-11-01T17:13:07.848Z,2025-11-02T16:47:22.040Z,1067.08,,"$1,082.06","Worm Gear Kit 9706529, 9709511, 9703337, 9709231 Compatible With Whirlpool/KitchenAid 5QT & 6QT Stand Mixer with Worm Gear, Food Grade Grease, Retaining Ring Pliers, Mixer Bevel Gear Kit etc",https://www.amazon.com.mx/dp/B09SG2NC3F,https://www.amazon.com/dp/B09SG2NC3F,ELEGANCE LLC.,
,B0CL28NN6D,4,Hogar y Cocina,disponible,no disponible,,,2025-10-31T20:25:41.076Z,2025-11-01T17:13:17.693Z,2025-11-02T16:47:30.490Z,1048.78,,"$1,042.60","PEALSN - Juego de 6 marcos de fotos de 12 x 12 pulgadas, muestra imágenes de 8 x 8 pulgadas con alfombrilla o 12 x 12 pulgadas sin alfombrilla para montaje en pared, marcos de fotos para decoración de",https://www.amazon.com.mx/dp/B0CL28NN6D,https://www.amazon.com/dp/B0CL28NN6D,M&H Customer Friendly Store,
,B0145GNQIW,4,Hogar y Cocina,disponible,no disponible,,,2025-10-31T20:25:41.076Z,2025-11-01T17:13:26.630Z,2025-11-02T16:47:38.261Z,710.56,,$706.16,"CANDLE WARMERS ETC Calentador de fragancia enchufable, enchufe decorativo para calentar velas perfumadas, cera de velas o aceites aromáticos, tarro de porcelana blanca",https://www.amazon.com.mx/dp/B0145GNQIW,https://www.amazon.com/dp/B0145GNQIW,M&H Customer Friendly Store,
,B0B5YFYKQR,4,Hogar y Cocina,disponible,no disponible,,,2025-10-31T20:25:41.076Z,2025-11-01T17:13:36.008Z,2025-11-02T16:47:47.081Z,1119.07,,"$1,109.02","Bask - Velas cónicas de 10 pulgadas, sin perfume y sin goteo, quema durante 8 horas, decoración del hogar para mesa, cocina y recámara, perfectas para una cita romántica o aniversario, paquete de 30",https://www.amazon.com.mx/dp/B0B5YFYKQR,https://www.amazon.com/dp/B0B5YFYKQR,IY Network,
,B0DDCDFSLQ,4,Hogar y Cocina,disponible,disponible,,,2025-10-31T20:25:41.076Z,2025-11-01T17:13:44.344Z,2025-11-02T16:47:55.552Z,2985.58,101.99,"$2,994.62","BILEEHOME - Alfombra redonda de 7 pies para cocina, sala de estar, recámara, comedor, cubierta de piso clásico con estampado floral, color rosa rubor",https://www.amazon.com.mx/dp/B0DDCDFSLQ,https://www.amazon.com/dp/B0DDCDFSLQ,HNEN,BILEE-HOME
,B0D9Y79G1F,4,Hogar y Cocina,disponible,no disponible,,,2025-10-31T20:25:41.076Z,2025-11-01T17:13:52.343Z,2025-11-02T16:48:02.893Z,1423.53,,"$1,401.69","TUTUNES Humidificador de Puros &Wudytim, Caja Artesanal de Cedro Español de 270° Con Sistema de Humidificación Fácil E Higrómetro Preciso para 25 Puros (25-60 Puros).",https://www.amazon.com.mx/dp/B0D9Y79G1F,https://www.amazon.com/dp/B0D9Y79G1F,M&H Customer Friendly Store,
,B0D54157DD,4,Hogar y Cocina,disponible,no disponible,,,2025-10-31T20:25:41.076Z,2025-11-01T17:14:01.990Z,2025-11-02T16:48:11.755Z,1305.46,,"$1,318.53","YATINEY - Mesa de consola estrecha, mesa de sofá pequeña de 2 niveles, entrada delgada de 29.5 pulgadas detrás de la mesa del sofá con estantes, mesa de pasillo industrial, para sala de estar",https://www.amazon.com.mx/dp/B0D54157DD,https://www.amazon.com/dp/B0D54157DD,SRKSB LLC,
,B08CXQCLV1,4,Hogar y Cocina,disponible,disponible,,,2025-10-31T20:25:54.395Z,2025-11-01T17:14:10.228Z,2025-11-02T16:48:19.652Z,676.87,15.84,$668.47,"LUXEAR - Fundas de almohada refrescantes, paquete de 2 fundas de almohada con fibra de enfriamiento japonesa Q-Max 0.5 Arc-Chill, transpirable, suave, refrescante, ecológico, diseño de cierre oculta,",https://www.amazon.com.mx/dp/B08CXQCLV1,https://www.amazon.com/dp/B08CXQCLV1,LogiFix,LUXEAR  Inc
,B0DXLBC3KN,4,Hogar y Cocina,disponible,no disponible,,,2025-10-31T20:25:54.396Z,2025-11-01T17:14:18.048Z,2025-11-02T16:48:27.238Z,694.61,,$699.13,"Paquete de 12 velas cónicas azul marino, velas sin goteo de 10 pulgadas, tiempo de combustión de larga duración de 7 a 8 horas, perfectas para decoración del hogar, cena, fiesta, meditación",https://www.amazon.com.mx/dp/B0DXLBC3KN,https://www.amazon.com/dp/B0DXLBC3KN,SRKSB LLC,
,B0D17B74YK,4,Hogar y Cocina,disponible,no disponible,,,2025-10-31T20:25:54.396Z,2025-11-01T17:14:31.578Z,2025-11-02T16:48:39.527Z,1507.34,,"$1,499.48","Lwiiom - Barras de cortina dobles con soportes de ramo de aluminio y acabados redondos, barras de cortina de bronce oscuro para ventanas de 72 a 144 pulgadas, 1 pulgada delantera y 5/8 pulgadas",https://www.amazon.com.mx/dp/B0D17B74YK,https://www.amazon.com/dp/B0D17B74YK,SIDE SHOP,
,B0DPJV5N6R,4,Hogar y Cocina,disponible,no disponible,,,2025-10-31T20:25:54.396Z,2025-11-01T17:14:40.920Z,2025-11-02T16:48:47.651Z,1215.42,,"$1,209.09","Tidita - cubeta de basura rectangular de 2 galones - Cesta de basura de madera de acacia con asas, pequeña papelera para baño, cubeta de basura café para decoración de baño de spa, mostrador de",https://www.amazon.com.mx/dp/B0DPJV5N6R,https://www.amazon.com/dp/B0DPJV5N6R,SIDE SHOP,
,B0BXT1SDNJ,4,Hogar y Cocina,disponible,disponible,,,2025-10-31T20:25:54.396Z,2025-11-01T17:14:49.131Z,2025-11-02T16:48:55.459Z,778.85,19.99,$770.87,"AISINYI - Cabezal de ducha de alta presión, cabezal de ducha de 6 pulgadas con reemplazo ajustable perfecto, restrictor extraíble, fácil instalación para tus cabezales de ducha de baño (chapado en",https://www.amazon.com.mx/dp/B0BXT1SDNJ,https://www.amazon.com/dp/B0BXT1SDNJ,M&H Customer Friendly Store,AISINYI
,B0DS4F4CTM,4,Hogar y Cocina,disponible,no disponible,,,2025-10-31T20:25:54.396Z,2025-11-01T17:14:57.852Z,2025-11-02T16:49:03.015Z,2240.3,,"$2,247.73","SWTYMIKI - clóset de bar de café para el hogar, soporte de café de granja multiusos con pies ajustables, cajones, mesa de bar de cocina para sala de estar, esquina, espacio pequeño, color negro",https://www.amazon.com.mx/dp/B0DS4F4CTM,https://www.amazon.com/dp/B0DS4F4CTM,Rendosa,
,B0DLS8QF6R,4,Hogar y Cocina,disponible,no disponible,,,2025-10-31T20:25:54.396Z,2025-11-01T17:15:07.040Z,2025-11-02T16:49:11.244Z,474.27,,$479.11,"AGNURCADE - 30 piezas grandes conchas de mar naturales mezcladas de conchas de playa con diseño de estrellas de mar, vieira, caracolas, pequeñas caracolas, adornos para peceras, decoración del hogar,",https://www.amazon.com.mx/dp/B0DLS8QF6R,https://www.amazon.com/dp/B0DLS8QF6R,M&H Customer Friendly Store,
,B0DPZPYK22,4,Hogar y Cocina,disponible,no disponible,,,2025-10-31T20:25:54.396Z,2025-11-01T17:15:15.189Z,2025-11-02T16:49:17.907Z,1092.29,,"$1,078.40","MISSEND - Reposapiés de ducha de 38 cm, taburete de ducha de acacia para afeitar las piernas, banco de ducha en esquina con estante Starage para espacios interiores pequeños de ducha",https://www.amazon.com.mx/dp/B0DPZPYK22,https://www.amazon.com/dp/B0DPZPYK22,M&H Customer Friendly Store,
,B077PPFN35,4,Hogar y Cocina,disponible,disponible,,,2025-10-31T20:25:54.396Z,2025-11-01T17:15:23.944Z,2025-11-02T16:49:25.719Z,1310.28,38.99,"$1,303.45","BCW Comic Bin, Color Negro, Tiene Capacidad para 150 cómics, Almacenamiento y Organizador sin ácidos, plástico Resistente, apilable, Incluye partición",https://www.amazon.com.mx/dp/B077PPFN35,https://www.amazon.com/dp/B077PPFN35,SIDE SHOP,BCW Supplies
,B0CT5HGL6S,4,Hogar y Cocina,disponible,disponible,,,2025-10-31T20:25:54.396Z,2025-11-01T17:15:31.234Z,2025-11-02T16:49:33.368Z,1432.23,42.99,"$1,424.77","Rugcomf Runners - Alfombra antideslizante de 2 x 10 pies de largo, lavable con respaldo de goma, alfombra floral suave para pasillos, cocina, lavandería, recámara, baño (verde)",https://www.amazon.com.mx/dp/B0CT5HGL6S,https://www.amazon.com/dp/B0CT5HGL6S,SIDE SHOP,Rugcomf Store
,B0D661GYSW,4,Hogar y Cocina,disponible,no disponible,,,2025-10-31T20:25:54.397Z,2025-11-01T17:15:39.543Z,2025-11-02T16:49:41.478Z,702.8,,$699.13,"Seocam - Masilla epoxi esculpida arcilla, 2 partes A y B para esculpir, modelar, construir y reparar, 1 libra, natural",https://www.amazon.com.mx/dp/B0D661GYSW,https://www.amazon.com/dp/B0D661GYSW,SIDE SHOP,
,B0DXD6JD9S,4,Hogar y Cocina,disponible,no disponible,,,2025-10-31T20:25:54.397Z,2025-11-01T17:15:48.969Z,2025-11-02T16:49:47.965Z,530.76,,$531.43,"Funda de caja de pañuelos gris, cuadrada, soporte de caja de pañuelos grises, soporte de pañuelos para accesorios de baño, soportes de pañuelos de baño",https://www.amazon.com.mx/dp/B0DXD6JD9S,https://www.amazon.com/dp/B0DXD6JD9S,M&H Customer Friendly Store,
,B0DLNWDBLV,4,Hogar y Cocina,disponible,no disponible,,,2025-10-31T20:25:54.397Z,2025-11-01T17:15:57.120Z,2025-11-02T16:49:55.417Z,756.31,,$752.37,"Juego de 2 pares de palillos de madera reutilizables, diseño de dragón y fénix, aptos para alimentos, no tóxicos, japoneses coreanos con agarre antideslizante, regalo asiático para familiares y amigos",https://www.amazon.com.mx/dp/B0DLNWDBLV,https://www.amazon.com/dp/B0DLNWDBLV,SIDE SHOP,
,B0CZLGYTMF,4,Hogar y Cocina,disponible,no disponible,,,2025-10-31T20:25:54.397Z,2025-11-01T17:16:05.351Z,2025-11-02T16:50:02.597Z,722.85,,$707.74,"Pickood - Juego de 12 velas cónicas sin perfume, sin goteo, de 10 pulgadas, color amarillo, para boda, cena, sin humo, larga combustión, vertidas a mano, velas altas de colores, color amarillo",https://www.amazon.com.mx/dp/B0CZLGYTMF,https://www.amazon.com/dp/B0CZLGYTMF,KRONOS STORE,
,B078YY6BM7,4,Hogar y Cocina,disponible,no disponible,,,2025-10-31T20:25:54.397Z,2025-11-01T17:16:13.509Z,2025-11-02T16:50:10.347Z,1596.42,,"$1,584.01","Barry's Restore It All Products – Kit de propietario de casa Scratch-B-Gone | El kit de venta número 1 utilizado para quitar arañazos, óxido, decoloración y más del acero inoxidable sin revestimiento.",https://www.amazon.com.mx/dp/B078YY6BM7,https://www.amazon.com/dp/B078YY6BM7,SRKSB LLC,
,B0D5Y6QH3C,4,Hogar y Cocina,disponible,no disponible,,,2025-10-31T20:25:54.397Z,2025-11-01T17:16:22.261Z,2025-11-02T16:50:16.713Z,686.55,,$680.63,"Nukisa - 5 botellas compatibles con Tineco solución de limpieza de 500 ml por botella, aroma a naranja, limpiador de suelos compatible con todas las aspiradoras robot con trapeador y aspiradora",https://www.amazon.com.mx/dp/B0D5Y6QH3C,https://www.amazon.com/dp/B0D5Y6QH3C,CyK Deals,
,B0DQXY8Z9R,4,Hogar y Cocina,disponible,no disponible,,,2025-10-31T20:26:07.844Z,2025-11-01T17:16:31.407Z,2025-11-02T16:50:24.883Z,1829.4,,"$1,815.49","GZQWDC - Silla de meditación con soporte trasero, silla de piso japonesa, silla de tatami marrón",https://www.amazon.com.mx/dp/B0DQXY8Z9R,https://www.amazon.com/dp/B0DQXY8Z9R,M&H Customer Friendly Store,
,B0DM85HNNJ,4,Hogar y Cocina,disponible,no disponible,,,2025-10-31T20:26:07.844Z,2025-11-01T17:16:40.724Z,2025-11-02T16:50:33.139Z,609.84,,$608.66,"Yousoontic 4 piezas de versículos de la Biblia española para decoración de pared, placa de madera cristiana española, letrero religioso, decoración de pared, versículos de la Biblia, arte para el",https://www.amazon.com.mx/dp/B0DM85HNNJ,https://www.amazon.com/dp/B0DM85HNNJ,M&H Customer Friendly Store,
,B0D5GRNY21,4,Hogar y Cocina,disponible,disponible,,,2025-10-31T20:26:07.845Z,2025-11-01T17:16:48.708Z,2025-11-02T16:50:41.899Z,766.77,18.99,$767.60,"BlissBlush - Funda de almohada decorativa lumbar de 12 x 20 pulgadas, color blanco neutro, rectangular, bohemio, para sofá, recámara, decoración del hogar (solo funda, paquete de 1)",https://www.amazon.com.mx/dp/B0D5GRNY21,https://www.amazon.com/dp/B0D5GRNY21,SIDE SHOP,Love Woven LLC
,B0CRKNYSQM,4,Hogar y Cocina,disponible,no disponible,,,2025-10-31T20:26:07.845Z,2025-11-01T17:16:57.664Z,2025-11-02T16:50:50.791Z,632.76,,$651.15,"Younift - Divertida vela perfumada, regalos para corredores, mujeres, hombres, artículos esenciales de media maratón, Navidad, regalos de corredor de maratón para mujeres, hombres, regalos de correr",https://www.amazon.com.mx/dp/B0CRKNYSQM,https://www.amazon.com/dp/B0CRKNYSQM,BELGUCAN Global,
,B0DNNBW4S8,4,Hogar y Cocina,disponible,no disponible,,,2025-10-31T20:26:07.845Z,2025-11-01T17:17:05.723Z,2025-11-02T16:50:58.433Z,640.49,,$655.04,"Kichn. Tabla de cortar de acero inoxidable y madera de bambú de doble cara, acero inoxidable 304, reversible para carne y verduras, duradera, elegante y versátil, imprescindible en la cocina",https://www.amazon.com.mx/dp/B0DNNBW4S8,https://www.amazon.com/dp/B0DNNBW4S8,BELGUCAN Global,
,B08VHPXJBZ,4,Hogar y Cocina,disponible,no disponible,,,2025-10-31T20:26:07.845Z,2025-11-01T17:17:13.573Z,2025-11-02T16:51:06.240Z,669.69,,$675.14,"ROSE COTTAGE - Paquete con 12 bolsitas grandes con aroma a lavanda, desodorante, ambientador de aire para colgar en el armario, larga duración, bonito aroma para el hogar",https://www.amazon.com.mx/dp/B08VHPXJBZ,https://www.amazon.com/dp/B08VHPXJBZ,SRKSB LLC,
,B0D77KLZHV,4,Hogar y Cocina,disponible,no disponible,,,2025-10-31T20:26:07.845Z,2025-11-01T17:17:27.942Z,2025-11-02T16:51:19.730Z,2014.45,,"$2,003.95","Kit completo de fabricación de carne - Incluye frasco de fermentación de vidrio de 1 galón, sifón automático, hidrómetro, frasco de probador de porcentaje de alcohol, relleno de botellas, bloqueo de",https://www.amazon.com.mx/dp/B0D77KLZHV,https://www.amazon.com/dp/B0D77KLZHV,SIDE SHOP,
,B0BX4931JQ,4,Hogar y Cocina,disponible,no disponible,,,2025-10-31T20:26:07.845Z,2025-11-01T17:17:36.288Z,2025-11-02T16:51:26.965Z,1344.61,,"$1,343.91","Amyhill - 96 piezas de velas de abeja para baby shower de abeja, regalo de agradecimiento para invitados de fiesta de baby shower",https://www.amazon.com.mx/dp/B0BX4931JQ,https://www.amazon.com/dp/B0BX4931JQ,Living Storers,
,B0D93G2QBT,4,Hogar y Cocina,disponible,no disponible,,,2025-10-31T20:26:07.845Z,2025-11-01T17:17:44.995Z,2025-11-02T16:51:34.029Z,1667.27,,"$1,644.10","VECOCHO - Mesa de consola estrecha de 2 niveles con almacenamiento, mesa de sofá de media luna, mesas de entrada pequeñas, mesa auxiliar de madera para sala de estar, mesa de centro, color negro",https://www.amazon.com.mx/dp/B0D93G2QBT,https://www.amazon.com/dp/B0D93G2QBT,M&H Customer Friendly Store,
,B0DQ8F6YT3,4,Hogar y Cocina,disponible,no disponible,,,2025-10-31T20:26:07.845Z,2025-11-01T17:17:52.393Z,2025-11-02T16:51:41.036Z,793.77,,$794.86,"VIYYIEA - lona enmarcado para sala de estar, diseño de conejo, diseño clásico para decoración del hogar, pintura de animales, decoración de pared de baño, regalos de Pascua para amigos o familiares,",https://www.amazon.com.mx/dp/B0DQ8F6YT3,https://www.amazon.com/dp/B0DQ8F6YT3,GUTTIDIRECT,
,B09M8PHBMH,4,Hogar y Cocina,disponible,no disponible,,,2025-10-31T20:26:07.846Z,2025-11-01T17:18:02.291Z,2025-11-02T16:51:49.588Z,1407.49,,"$1,378.39","GREENSTELL - Perchero de madera no empotrado con estante, árbol de chamarra con 4 opciones de altura de 50 a 72 pulgadas para ropa, bolsa/sombreros, soporte para colgar para entrada/sala de estar,",https://www.amazon.com.mx/dp/B09M8PHBMH,https://www.amazon.com/dp/B09M8PHBMH,HNEN,
,B0DZX93XRW,4,Hogar y Cocina,disponible,disponible,,,2025-10-31T20:26:07.846Z,2025-11-01T17:18:11.049Z,2025-11-02T16:51:57.109Z,477.46,7.99,$473.08,"50 servilletas con forma de arco de Martini, con forma de vidrio, lazo negro, decoración de cumpleaños, lazo Martini, servilleta desechable para bebidas para niñas, compromiso, despedida de soltera",https://www.amazon.com.mx/dp/B0DZX93XRW,https://www.amazon.com/dp/B0DZX93XRW,Burjuva's Store,Letdesignal
,B0CRYZJPN7,4,Hogar y Cocina,disponible,no disponible,,,2025-10-31T20:26:07.846Z,2025-11-01T17:18:20.148Z,2025-11-02T16:52:05.545Z,532.97,,$512.93,"Fisroa Hojas De Detergente De Lavado De Viaje 300 Cargas Hojas De Detergente De Lavado Ecológico Hojas De Lavadora Sin Plástico, Aroma De Lino Fresco Hojas De Lavandería Sin Líquidos Tiras P",https://www.amazon.com.mx/dp/B0CRYZJPN7,https://www.amazon.com/dp/B0CRYZJPN7,CyK Deals,
,B0CYNNRQGV,4,Hogar y Cocina,disponible,no disponible,,,2025-10-31T20:26:07.846Z,2025-11-01T17:18:29.786Z,2025-11-02T16:52:14.361Z,1014.27,,"$1,017.85","KORRTFID - Soporte para discos de vinilo, soporte para almacenamiento de álbumes, luz blanca cálida con letras acrílicas a prueba de huellas dactilares (letras plateadas)",https://www.amazon.com.mx/dp/B0CYNNRQGV,https://www.amazon.com/dp/B0CYNNRQGV,SRKSB LLC,
,B0CQR2653W,4,Hogar y Cocina,disponible,no disponible,,,2025-10-31T20:26:07.846Z,2025-11-01T17:18:38.738Z,2025-11-02T16:52:21.361Z,1511.75,,"$1,520.73","2 cubos de soporte de registro, estante de almacenamiento para muebles, apilable, 80-110 vinilo, caja de almacenamiento, cubeta organizador de madera natural",https://www.amazon.com.mx/dp/B0CQR2653W,https://www.amazon.com/dp/B0CQR2653W,HNEN,
,B0C94R7JHD,4,Hogar y Cocina,disponible,no disponible,,,2025-10-31T20:26:18.865Z,2025-11-01T17:18:47.813Z,2025-11-02T16:52:28.799Z,1316.86,,"$1,450.58","Goozii - Caja de pan de bambú para encimera de cocina, organizadores de madera de cocina y almacenamiento para pan, café, especias, aperitivos, contenedor de madera clásico para gabinete, recámara, baño",https://www.amazon.com.mx/dp/B0C94R7JHD,https://www.amazon.com/dp/B0C94R7JHD,SRKSB LLC,
,B0DGQ5TTN7,4,Hogar y Cocina,disponible,disponible,,,2025-10-31T20:26:18.866Z,2025-11-01T17:18:58.206Z,2025-11-02T16:52:36.629Z,769.43,19.99,$814.28,"Josmimic - Soporte de exhibición para bolso de mano, 2 unidades: soporte para colgar bolsas, monederos y corona, soporte de gancho negro ajustable para mesa, clóset, computadora y uso minorista para",https://www.amazon.com.mx/dp/B0DGQ5TTN7,https://www.amazon.com/dp/B0DGQ5TTN7,BELGUCAN Global,Josmimic
,B0D9T64XQP,4,Hogar y Cocina,disponible,no disponible,,,2025-10-31T20:26:18.866Z,2025-11-01T17:19:07.142Z,2025-11-02T16:52:43.949Z,1360.81,,"$1,353.71","PerkHomy - Papel Kraft Marrón de 48 x 1.4 pulgadas (120 pies) para Manualidades, Dibujo, Pintura, Origami, Postales Decoradas, 70 g/m², 50 Libras",https://www.amazon.com.mx/dp/B0D9T64XQP,https://www.amazon.com/dp/B0D9T64XQP,SIDE SHOP,
,B0CPP7TPVK,4,Hogar y Cocina,disponible,no disponible,,,2025-10-31T20:26:18.866Z,2025-11-01T17:19:16.300Z,2025-11-02T16:52:51.790Z,2136.18,,"$2,125.04","HITNET Mueble de baño de bambú, mueble no empotrado con puerta y estante, organizador de almacenamiento para mesa auxiliar de sofá, clóset de cocina con ahorro de espacio, 5 ganchos para colgar, nogal",https://www.amazon.com.mx/dp/B0CPP7TPVK,https://www.amazon.com/dp/B0CPP7TPVK,SIDE SHOP,
,B0DSSN4YPJ,4,Hogar y Cocina,disponible,no disponible,,,2025-10-31T20:26:18.866Z,2025-11-01T17:19:25.424Z,2025-11-02T16:53:00.571Z,950.29,,$967.59,"Arte de pared de madera de Jesús espiritual cristiano decoración de pared de Jesús con niño, arte de pared cristiano para sala de estar, recámara, impresión de arte religioso, sala de oración,",https://www.amazon.com.mx/dp/B0DSSN4YPJ,https://www.amazon.com/dp/B0DSSN4YPJ,Abundant Peace,
,B093TP8R3Z,4,Hogar y Cocina,disponible,no disponible,,,2025-10-31T20:26:18.866Z,2025-11-01T17:19:34.151Z,2025-11-02T16:53:08.228Z,576.89,,$608.66,"índigo Powder - 1 oz, índigo Naturalis - Tinte en polvo natural azul índigo para hacer jabón y textiles, colorante a base de plantas para manualidades, tela, cosméticos, finamente molido, no tóxico",https://www.amazon.com.mx/dp/B093TP8R3Z,https://www.amazon.com/dp/B093TP8R3Z,BELGUCAN Global,
,B0DJHFC1FR,4,Hogar y Cocina,disponible,no disponible,,,2025-10-31T20:26:18.866Z,2025-11-01T17:19:42.865Z,2025-11-02T16:53:16.727Z,1148.28,,"$1,281.06","Tramontina Utsava Dosa Tawa de acero inoxidable con revestimiento de cerámica de tres capas y revestimiento de 32 cm, sartén antiadherente para Roti, sartén crepé, comales para tortillas, plancha para",https://www.amazon.com.mx/dp/B0DJHFC1FR,https://www.amazon.com/dp/B0DJHFC1FR,Dinan LLC,
,B0DKXHWVMT,4,Hogar y Cocina,disponible,no disponible,,,2025-10-31T20:26:18.866Z,2025-11-01T17:19:50.488Z,2025-11-02T16:53:23.752Z,1961.86,,"$1,951.63","Juexica - Juego de rieles de cortina de techo, color blanco, de 6 pies y 7 m, para montaje en techo, longitud ajustable, con ganchos, gancho de extremo",https://www.amazon.com.mx/dp/B0DKXHWVMT,https://www.amazon.com/dp/B0DKXHWVMT,SIDE SHOP,
,B0DJNJQWHZ,4,Hogar y Cocina,disponible,no disponible,,,2025-10-31T20:26:18.866Z,2025-11-01T17:19:59.544Z,2025-11-02T16:53:32.331Z,594.95,,$584.67,"Decoración de baño con marco para niños, divertido arte de pared en blanco y negro, lindo pingüinos en la tina, pintura en lona con dibujos de animales de granja",https://www.amazon.com.mx/dp/B0DJNJQWHZ,https://www.amazon.com/dp/B0DJNJQWHZ,Corner Stone LLC,
,B09D6HR4XR,4,Hogar y Cocina,disponible,no disponible,,,2025-10-31T20:26:18.866Z,2025-11-01T17:20:08.350Z,2025-11-02T16:53:39.658Z,1044.09,,"$1,038.65","Juego de comprobador de joyas de oro y plata de 10 K, 14 K, 18 K, 22 K, 24 K, prueba de metales preciosos 999 925 chatarra",https://www.amazon.com.mx/dp/B09D6HR4XR,https://www.amazon.com/dp/B09D6HR4XR,SIDE SHOP,
,B0DPV48BBB,4,Hogar y Cocina,disponible,no disponible,,,2025-10-31T20:26:18.867Z,2025-11-01T17:20:16.863Z,2025-11-02T16:53:48.031Z,1237.92,,"$1,257.30","Pacific Coast - Almohada de lujo con plumas de ganso y plumón para dormir con funda de algodón 100%, apoyo mediano, tamaño estándar",https://www.amazon.com.mx/dp/B0DPV48BBB,https://www.amazon.com/dp/B0DPV48BBB,Rendomin,
,B0DBH4TWS3,4,Hogar y Cocina,disponible,no disponible,,,2025-10-31T20:26:18.867Z,2025-11-01T17:20:30.228Z,2025-11-02T16:54:00.820Z,1600.81,,"$1,592.47","Tablas de pizza con mango de 14 pulgadas, juego de 6 tablas de cortar para pizza, madera de acacia, cáscara de pizza de 14 pulgadas, bandeja de madera para servir pizza, paleta de pizza de madera",https://www.amazon.com.mx/dp/B0DBH4TWS3,https://www.amazon.com/dp/B0DBH4TWS3,SIDE SHOP,
,B0BHWC6N41,4,Hogar y Cocina,disponible,no disponible,,,2025-10-31T20:26:18.867Z,2025-11-01T17:20:39.321Z,2025-11-02T16:54:09.212Z,758.94,,$752.37,"WEALD TRIBE - Juego de difusor de varillas de flores de eucalipto y lavanda para accesorios de baño, decoración de estantes y ambientadores, varillas con aceites esenciales de 4 onzas líquidas,",https://www.amazon.com.mx/dp/B0BHWC6N41,https://www.amazon.com/dp/B0BHWC6N41,SRKSB LLC,
,B0F6CVJYD1,4,Hogar y Cocina,disponible,disponible,,,2025-10-31T20:26:18.867Z,2025-11-01T17:20:48.549Z,2025-11-02T16:54:17.698Z,924.89,26.99,$920.07,"6 paquetes de repelente ultrasónico para control de plagas, repelente electrónico de plagas en interiores para insectos, cucarachas, arañas, hormigas, insectos, ratas, mosquitos, ratas, para casa",https://www.amazon.com.mx/dp/B0F6CVJYD1,https://www.amazon.com/dp/B0F6CVJYD1,SIDE SHOP,Lickoon
,B0D3V192HS,4,Hogar y Cocina,disponible,no disponible,,,2025-10-31T20:26:18.867Z,2025-11-01T17:20:57.473Z,2025-11-02T16:54:25.349Z,1377.38,,"$1,353.03","Fultyle Mesa auxiliar redonda, mesa pequeña para espacios pequeños, mesita de noche moderna con patas de madera maciza para sala de estar, recámara, esquinas y oficina (café acústico)",https://www.amazon.com.mx/dp/B0D3V192HS,https://www.amazon.com/dp/B0D3V192HS,M&H Customer Friendly Store,
,B0C5M1PZ5X,4,Hogar y Cocina,disponible,no disponible,,,2025-10-31T20:26:18.867Z,2025-11-01T17:21:07.174Z,2025-11-02T16:54:32.490Z,1444.92,,"$1,445.78","HomArtist - Tarros cuadrados de vidrio con tapas de bambú de 53 onzas líquidas [juego de 4], recipientes de vidrio con tapa hermética, recipientes de almacenamiento de alimentos de vidrio para pasta, cereales, café, harina, azúcar, mejor para cocina y despensa",https://www.amazon.com.mx/dp/B0C5M1PZ5X,https://www.amazon.com/dp/B0C5M1PZ5X,Lumexa Online MX,
,B0CZKQDR27,4,Hogar y Cocina,disponible,no disponible,,,2025-10-31T20:26:28.833Z,2025-11-01T17:21:15.826Z,2025-11-02T16:54:39.566Z,1077.15,,"$1,064.01","Tohiasen - Juego de 2 estantes flotantes para libros montados en la pared, estantería colgante de madera, soportes de metal invisibles, estantes de pared para libros y exhibición de decoración,",https://www.amazon.com.mx/dp/B0CZKQDR27,https://www.amazon.com/dp/B0CZKQDR27,M&H Customer Friendly Store,
,B0F9N9JQ4D,4,Hogar y Cocina,disponible,no disponible,,,2025-10-31T20:26:28.833Z,2025-11-01T17:21:25.312Z,2025-11-02T16:54:47.359Z,1015.61,,"$1,010.31","Kit de fumador de whisky eléctrico, kit de fumador de bourbon recargable con 6 chips de madera para cócteles de whisky, kit de fumador de bebidas antiguas, regalos de cumpleaños de Navidad para",https://www.amazon.com.mx/dp/B0F9N9JQ4D,https://www.amazon.com/dp/B0F9N9JQ4D,SIDE SHOP,
,B0CYSYY728,4,Hogar y Cocina,disponible,no disponible,,,2025-10-31T20:26:28.833Z,2025-11-01T17:21:33.941Z,2025-11-02T16:54:55.788Z,900.73,,$890.59,"VIHOSE Lámpara de mesa para niños, lámpara de noche para dormitorio, lámpara de mesita de noche de madera de lino, lámpara de guardería de dibujos animados, pantalla de lámpara para niñas y niños, sal",https://www.amazon.com.mx/dp/B0CYSYY728,https://www.amazon.com/dp/B0CYSYY728,PRCOM,
,B0F53TJH34,4,Hogar y Cocina,disponible,no disponible,,,2025-10-31T20:26:28.834Z,2025-11-01T17:21:42.650Z,2025-11-02T16:55:04.854Z,630.45,,$627.16,"Paquete de 8 velas cónicas de lágrimas de vampiro, velas de sangrado de 10 pulgadas de alto, candelabros cónicos negros sin perfume, juego de velas de goteo de sangre espeluznantes para fiestas de",https://www.amazon.com.mx/dp/B0F53TJH34,https://www.amazon.com/dp/B0F53TJH34,SIDE SHOP,
,B0CY5F27FF,4,Hogar y Cocina,disponible,no disponible,,,2025-10-31T20:26:28.834Z,2025-11-01T17:21:50.373Z,2025-11-02T16:55:13.337Z,2679.12,,"$2,665.16","BEIMO - Alfombra de área de 8 x 10 pulgadas para recámara, sala de estar, lavable a máquina, suave, grande, azul, gris, moderno, abstracto, alfombra antideslizante con agarre",https://www.amazon.com.mx/dp/B0CY5F27FF,https://www.amazon.com/dp/B0CY5F27FF,SIDE SHOP,
,B0C1NXZ3G5,4,Hogar y Cocina,disponible,disponible,,,2025-10-31T20:26:28.834Z,2025-11-01T17:21:59.471Z,2025-11-02T16:55:20.350Z,1052.56,24.99,"$1,045.57","Amyhill - Copas de sombrero de vaquero con tapas y pajitas de plástico de 12 onzas, para suministros de fiesta occidental, decoración de fiesta de cumpleaños de vaquero (café, 12 unidades)",https://www.amazon.com.mx/dp/B0C1NXZ3G5,https://www.amazon.com/dp/B0C1NXZ3G5,HNEN,Ynnomiuue
,B0D482VYQY,4,Hogar y Cocina,disponible,no disponible,,,2025-10-31T20:26:28.834Z,2025-11-01T17:22:07.029Z,2025-11-02T16:55:28.740Z,1073.65,,"$1,064.01",CleanBoss- Eat Cleaner TripleAction Fruit + Veggie Wash Refill 64 oz Elimina residuos dañinos Mantiene los productos,https://www.amazon.com.mx/dp/B0D482VYQY,https://www.amazon.com/dp/B0D482VYQY,IY Network,
,B0DFBQ9XDD,4,Hogar y Cocina,disponible,disponible,,,2025-10-31T20:26:28.834Z,2025-11-01T17:22:14.911Z,2025-11-02T16:55:36.861Z,1141.88,35.99,"$1,197.44","Casimhu Espumador de leche 4 en 1, espumador eléctrico de leche y vapor con visualización táctil LED, parte inferior antiadherente, calentador de leche de 13 onzas para lattes, capuchinos y macchiatos",https://www.amazon.com.mx/dp/B0DFBQ9XDD,https://www.amazon.com/dp/B0DFBQ9XDD,SHERIFF EXPRESS,CASIMHU DIRECT
,B0DRCGLTC7,4,Hogar y Cocina,disponible,no disponible,,,2025-10-31T20:26:28.834Z,2025-11-01T17:22:23.064Z,2025-11-02T16:55:44.927Z,1667.62,,"$1,597.04","DJAR - Tabla de dibujo de 5 posiciones, caballete de mesa portátil ajustable, madera de haya, natural, A2",https://www.amazon.com.mx/dp/B0DRCGLTC7,https://www.amazon.com/dp/B0DRCGLTC7,FAHA ST,
,B0CT4RCCPW,4,Hogar y Cocina,disponible,disponible,,,2025-10-31T20:26:28.834Z,2025-11-01T17:22:30.332Z,2025-11-02T16:55:52.003Z,493.61,7.99,$483.45,"richginker - Juego de 2300 abalorio de arcilla polimérica, 24 abalorio divertidas de estilo lindo para pulseras de amistad, abalorio de letras para hacer joyas, manualidades, regalos de cumpleaños,",https://www.amazon.com.mx/dp/B0CT4RCCPW,https://www.amazon.com/dp/B0CT4RCCPW,KRONOS STORE,JollinUS
,B096HNSRXX,4,Hogar y Cocina,disponible,no disponible,,,2025-10-31T20:26:28.834Z,2025-11-01T17:22:38.508Z,2025-11-02T16:56:00.755Z,1790.68,,"$1,860.70","WallBeyond Espejo redondo de madera con marco de madera de 24 pulgadas, espejo de pared circular para baño, espejo de pared redondo para decoración de pared, cambiador, entrada, sala de estar (nogal)",https://www.amazon.com.mx/dp/B096HNSRXX,https://www.amazon.com/dp/B096HNSRXX,F4ST ORCHESTRA,
,B0DNF7T7B5,4,Hogar y Cocina,disponible,disponible,,,2025-10-31T20:26:28.835Z,2025-11-01T17:22:46.750Z,2025-11-02T16:56:08.788Z,1119.42,29.99,"$1,113.58","Roxstand - Alfombra lavable de 2 pies 6 x 8 pies para pasillos, alfombra ultrafina para entrada, antideslizante, para cocina, lavadero, pasillo interior (café/beige)",https://www.amazon.com.mx/dp/B0DNF7T7B5,https://www.amazon.com/dp/B0DNF7T7B5,SIDE SHOP,Roxstand
,B0F4N3FSH4,4,Hogar y Cocina,disponible,no disponible,,,2025-10-31T20:26:28.835Z,2025-11-01T17:22:54.685Z,2025-11-02T16:56:16.094Z,866.78,,$862.26,"Ultimate Whisky Smoker Kit Anticuado Kit Anticuado con Antorcha – 6 Chips de Madera de Sabor, 2 Vasos, 2 Moldes de Bola de Hielo – Kit de Cóctel para fumadores Regalos para Hombres, Papá, Bourbon Kit",https://www.amazon.com.mx/dp/B0F4N3FSH4,https://www.amazon.com/dp/B0F4N3FSH4,SIDE SHOP,
,B0D9H7HG32,4,Hogar y Cocina,disponible,disponible,,,2025-10-31T20:26:28.835Z,2025-11-01T17:23:02.873Z,2025-11-02T16:56:24.503Z,1133.01,33.99,"$1,233.31","FlyDOIT - Alfombra moderna geométrica de retazos de 4 x 6 pulgadas, color chocolate grande para sala de estar, colección Rockwood, alfombras interiores para recámara, decoración del piso para entrada,",https://www.amazon.com.mx/dp/B0D9H7HG32,https://www.amazon.com/dp/B0D9H7HG32,Rendosa,FlyDOIT
,B0CSYBKZJN,4,Hogar y Cocina,disponible,no disponible,,,2025-10-31T20:26:28.835Z,2025-11-01T17:23:11.390Z,2025-11-02T16:56:33.024Z,517.7,,$512.93,"Repelente de mosquitos para exteriores, 120 unidades, aceite de citronela natural, varillas de incienso, barrera orgánica contra mosquitos para patio trasero, patio, viajes, camping, interior, control",https://www.amazon.com.mx/dp/B0CSYBKZJN,https://www.amazon.com/dp/B0CSYBKZJN,SIDE SHOP,
,B0D6GHVTVC,4,Hogar y Cocina,disponible,disponible,,,2025-10-31T20:26:41.191Z,2025-11-01T17:23:24.209Z,2025-11-02T16:56:45.718Z,871.15,23.99,$866.60,"Nayoroom - Funda de edredón floral rosa tamaño individual, diseño de tulipán impreso en blanco, 2 piezas, juego de ropa de cama Kawaii Cottagecore con cierre de cierre, microfibra suave y transpirable",https://www.amazon.com.mx/dp/B0D6GHVTVC,https://www.amazon.com/dp/B0D6GHVTVC,SIDE SHOP,Omelas
,B07TFLSZ5R,4,Hogar y Cocina,disponible,disponible,,,2025-10-31T20:26:41.191Z,2025-11-01T17:23:32.903Z,2025-11-02T16:56:55.201Z,1270.18,29.99,"$1,307.34","10 Strawberry Street CAN WHT Juego de recipientes de cocina, 3 piezas, color blanco marea",https://www.amazon.com.mx/dp/B07TFLSZ5R,https://www.amazon.com/dp/B07TFLSZ5R,SIDE SHOP,
,B0B8Y6HYKC,4,Hogar y Cocina,disponible,disponible,,,2025-10-31T20:26:41.191Z,2025-11-01T17:23:41.802Z,2025-11-02T16:57:02.961Z,1580.41,38.99,"$1,575.10","PRETTY NIGHT - Manta con peso de 15 libras, tamaño queen, gris oscuro, 60 x 80 pulgadas, mantas pesadas para adultos, son cómodas y acogedoras",https://www.amazon.com.mx/dp/B0B8Y6HYKC,https://www.amazon.com/dp/B0B8Y6HYKC,SRKSB LLC,SHH-home
,B0CXXH3FCW,4,Hogar y Cocina,disponible,disponible,,,2025-10-31T20:26:41.191Z,2025-11-01T17:23:51.214Z,2025-11-02T16:57:10.413Z,2965.43,112.99,"$2,998.96","Fullvaseer - Candelabros acrílicos de 5 brazos, portavelas transparentes para bodas, 45 pulgadas de alto, para ceremonias, cumpleaños, decoración del hogar, para velas LED de 0.8",https://www.amazon.com.mx/dp/B0CXXH3FCW,https://www.amazon.com/dp/B0CXXH3FCW,YAGAN STORE,ECOM KING
,B08B8T15NX,4,Hogar y Cocina,disponible,disponible,,,2025-10-31T20:26:41.191Z,2025-11-01T17:24:01.029Z,2025-11-02T16:57:17.590Z,793.52,18.95,$791.15,"Luxear Estante Baño Sin Taladro, Estanteria para Organizador de Ducha para Baño Pared con 2 Ganchos, Máxima Capacidad de 10 kg, Color Blanco",https://www.amazon.com.mx/dp/B08B8T15NX,https://www.amazon.com/dp/B08B8T15NX,SIDE SHOP,LUXEAR  Inc
,B0DND28M3T,4,Hogar y Cocina,disponible,no disponible,,,2025-10-31T20:26:41.191Z,2025-11-01T17:24:09.818Z,2025-11-02T16:57:26.459Z,962.34,,$990.44,"Paquete de 4 contenedores transparentes para lavandería, contenedores de organización de cuarto de lavandería con tapas de madera y etiquetas, gran almacenamiento de detergente en polvo para",https://www.amazon.com.mx/dp/B0DND28M3T,https://www.amazon.com/dp/B0DND28M3T,Rendosa,
,B0CFJXRGSC,4,Hogar y Cocina,disponible,disponible,,,2025-10-31T20:26:41.191Z,2025-11-01T17:24:17.731Z,2025-11-02T16:57:32.950Z,526.04,9.99,$512.93,"Kit de reparación de piel para muebles de 4 x 63 pulgadas, parche de reparación de cinta de piel autoadhesivo para sofá y asiento de coche, sofá, asiento de barco, silla, café",https://www.amazon.com.mx/dp/B0CFJXRGSC,https://www.amazon.com/dp/B0CFJXRGSC,KRONOS STORE,OAZ
,B0D6RMFPH6,4,Hogar y Cocina,disponible,no disponible,,,2025-10-31T20:26:41.191Z,2025-11-01T17:24:26.991Z,2025-11-02T16:57:40.663Z,1868.61,,"$1,860.24","Evermagin - Bandeja plegable de TV de 21 pulgadas de ancho x 28 pulgadas de alto para comer, pequeña mesa plegable en forma de C con ranuras para tabletas y teléfonos, mesa auxiliar para sillón",https://www.amazon.com.mx/dp/B0D6RMFPH6,https://www.amazon.com/dp/B0D6RMFPH6,SRKSB LLC,
,B0CZ348Y6P,4,Hogar y Cocina,disponible,disponible,,,2025-10-31T20:26:41.191Z,2025-11-01T17:24:36.204Z,2025-11-02T16:57:47.711Z,1210.6,35.98,"$1,205.66","Ailyei - Alfombras suaves para recámara, pasillos, 2 paquetes de 2 x 6 pulgadas, color gris, esponjoso, antideslizante, para recámara, alfombra larga y peluda para guardería, sala de estar",https://www.amazon.com.mx/dp/B0CZ348Y6P,https://www.amazon.com/dp/B0CZ348Y6P,SRKSB LLC,YuShuoFan
,B097RZL7FN,4,Hogar y Cocina,disponible,no disponible,,,2025-10-31T20:26:41.191Z,2025-11-01T17:24:45.386Z,2025-11-02T16:57:55.372Z,685.91,,$718.55,Solución humidor de 16 onzas (paquete de 2) - Líquido humidificador - Fórmula de solución PG de propilenglicol de primera calidad - 70% HR - Seguro y no tóxico,https://www.amazon.com.mx/dp/B097RZL7FN,https://www.amazon.com/dp/B097RZL7FN,BELGUCAN Global,
,B0CV36Z7D9,4,Hogar y Cocina,disponible,disponible,,,2025-10-31T20:26:41.192Z,2025-11-01T17:24:53.807Z,2025-11-02T16:58:02.509Z,2617.12,88.95,"$2,632.94","Vision Home - Cortinas opacas plisadas de lino con mezcla de lino para oscurecer la habitación, 108 pulgadas, para sala de estar, recámara, aislamiento térmico, cortinas plisadas con ganchos, 40",https://www.amazon.com.mx/dp/B0CV36Z7D9,https://www.amazon.com/dp/B0CV36Z7D9,Lumexa Online MX,VISION HOME
,B0DBJ3XS8B,4,Hogar y Cocina,disponible,no disponible,,,2025-10-31T20:26:41.192Z,2025-11-01T17:25:02.899Z,2025-11-02T16:58:10.505Z,1644.87,,"$1,636.79","Honygebia - Soporte para libros de madera maciza de Sapele, soporte para libros de madera, soporte abierto para exhibición y lectura, adecuado para arte, Biblia, libro de cocina, caballete, revista,",https://www.amazon.com.mx/dp/B0DBJ3XS8B,https://www.amazon.com/dp/B0DBJ3XS8B,HNEN,
,B0DBT2RYTY,4,Hogar y Cocina,disponible,no disponible,,,2025-10-31T20:26:41.192Z,2025-11-01T17:25:11.400Z,2025-11-02T16:58:17.153Z,587.73,,$584.67,"Stofinity - Regalos de madera de 1 año de aniversario para él, novio, regalos de madera de un año para hombres, regalo de boda para el primer aniversario, para esposo, esposa",https://www.amazon.com.mx/dp/B0DBT2RYTY,https://www.amazon.com/dp/B0DBT2RYTY,SIDE SHOP,
,B0CTD22YNC,4,Hogar y Cocina,disponible,disponible,,,2025-10-31T20:26:41.192Z,2025-11-01T17:25:18.253Z,2025-11-02T16:58:24.946Z,1431.54,39.95,"$1,425.45","EDELHAUS - Frascos de vidrio con etiqueta y tapas de acero inoxidable (24 x 4 onzas) para especias con 240 etiquetas, insertos para coctelera, embudo de acero, organizador cuadrado aspiradora para",https://www.amazon.com.mx/dp/B0CTD22YNC,https://www.amazon.com/dp/B0CTD22YNC,SRKSB LLC,Vision Ventures LLC
,B0F6T161FX,4,Hogar y Cocina,disponible,no disponible,,,2025-10-31T20:26:41.192Z,2025-11-01T17:25:27.067Z,2025-11-02T16:58:31.892Z,1312.81,,"$1,305.96","High-Grade Stability TV Tray Table with Large Tabletop, Adjustable Couch Table with Storage Baskets, Strong Metal Frame, Tv Dinner Tray Table for TV Watching, Meals, Snacks, and Tablet Use (Brown)",https://www.amazon.com.mx/dp/B0F6T161FX,https://www.amazon.com/dp/B0F6T161FX,SIDE SHOP,
,B0CP7B9DLM,4,Hogar y Cocina,disponible,no disponible,,,2025-10-31T20:26:41.192Z,2025-11-01T17:25:34.436Z,2025-11-02T16:58:38.479Z,750.8,,$746.88,"Dispensador de rollo de papel Kraft de 12 pulgadas con caballete para rollo de papel Kraft para montaje en pared, dispensador de rollo de papel de madera para cocina, sala de bricolaje, oficina, escuela, negocios, listas de comestibles, proyectos de arte",https://www.amazon.com.mx/dp/B0CP7B9DLM,https://www.amazon.com/dp/B0CP7B9DLM,SIDE SHOP,
,B0D69D4JMY,4,Hogar y Cocina,disponible,no disponible,,,2025-10-31T20:26:55.962Z,2025-11-01T17:25:43.673Z,2025-11-02T16:58:46.566Z,2570.35,,"$2,640.02","2 mesas de centro redondas pequeñas, mesas de anidación de nogal para espacios pequeños, mesa central moderna de mediados de siglo, mesas de centro circulares de fácil montaje para sala de estar, mesa",https://www.amazon.com.mx/dp/B0D69D4JMY,https://www.amazon.com/dp/B0D69D4JMY,HNEN,
,B0CQNZLG4G,4,Hogar y Cocina,disponible,no disponible,,,2025-10-31T20:26:55.962Z,2025-11-01T17:25:52.499Z,2025-11-02T16:58:54.672Z,1640.87,,"$1,640.17","YMYNY - Banco de almacenamiento de zapatos con cojín, zapatero de 2 niveles con asiento acolchado, gabinete organizador ajustable para entrada, sala de estar, pasillo, clóset, recámara, 15.4 pulgadas",https://www.amazon.com.mx/dp/B0CQNZLG4G,https://www.amazon.com/dp/B0CQNZLG4G,PRCOM,
,B0D12KQ4Y7,4,Hogar y Cocina,disponible,no disponible,,,2025-10-31T20:26:55.962Z,2025-11-01T17:26:01.182Z,2025-11-02T16:59:01.625Z,818.14,,$794.41,"Velas de otoño, vela perfumada de calabaza, vela con especias de calabaza, 3 mechas grandes, regalo de vela perfumada de otoño, 14 onzas",https://www.amazon.com.mx/dp/B0D12KQ4Y7,https://www.amazon.com/dp/B0D12KQ4Y7,MYSILKROAD LLC,
,B0DCFXM7M4,4,Hogar y Cocina,disponible,no disponible,,,2025-10-31T20:26:55.962Z,2025-11-01T17:26:10.957Z,2025-11-02T16:59:08.971Z,447.55,,$449.14,"Velas de cumpleaños de 7th Pixel Miner, decoración de pastel de píxeles para niños y niñas, decoraciones de cumpleaños con temática TNT (número 7)",https://www.amazon.com.mx/dp/B0DCFXM7M4,https://www.amazon.com/dp/B0DCFXM7M4,Abundant Peace,
,B0DPSVFQFW,4,Hogar y Cocina,disponible,disponible,,,2025-10-31T20:26:55.962Z,2025-11-01T17:26:23.466Z,2025-11-02T16:59:21.527Z,631,12.49,$634.70,"STARLATTA - Estantería organizadora de gabinetes, estantes apilables para mostrador de cocina, estante para especias, organizadores de encimera, estantes de almacenamiento de plástico transparente",https://www.amazon.com.mx/dp/B0DPSVFQFW,https://www.amazon.com/dp/B0DPSVFQFW,M&H Customer Friendly Store,dg qiancheng
,B0DBZFFNX5,4,Hogar y Cocina,disponible,no disponible,,,2025-10-31T20:26:55.962Z,2025-11-01T17:26:31.974Z,2025-11-02T16:59:30.171Z,809.75,,$814.28,"AAQ Paquete de 4 marcos de fotos rústicos clásicos de 5 x 7 pulgadas con plexiglás, marcos de madera veteada envejecida para obras de arte y decoración de habitaciones",https://www.amazon.com.mx/dp/B0DBZFFNX5,https://www.amazon.com/dp/B0DBZFFNX5,SRKSB LLC,
,B0DJKXS6JF,4,Hogar y Cocina,disponible,no disponible,,,2025-10-31T20:26:55.963Z,2025-11-01T17:26:40.852Z,2025-11-02T16:59:37.979Z,741.91,,$770.87,"TIPGO - Soporte de sábanas de acrílico con tapa, contenedor de sábanas de lavandería transparente con 27 etiquetas, almacenamiento de cápsulas de lavandería para organización de lavandería, color",https://www.amazon.com.mx/dp/B0DJKXS6JF,https://www.amazon.com/dp/B0DJKXS6JF,SHERIFF EXPRESS,
,B07HWVJZLK,4,Hogar y Cocina,disponible,no disponible,,,2025-10-31T20:26:55.963Z,2025-11-01T17:26:49.990Z,2025-11-02T16:59:45.421Z,669.25,,$675.14,Spray limpiador de seda de crisal y flores secas (14.5 oz) - Suministros florales para plantas artificiales - Suministros de arreglos florales - Suministros de floristería ideales - Accesorios de,https://www.amazon.com.mx/dp/B07HWVJZLK,https://www.amazon.com/dp/B07HWVJZLK,GUTTIDIRECT,
,B0D35WSG1K,4,Hogar y Cocina,disponible,no disponible,,,2025-10-31T20:26:55.963Z,2025-11-01T17:26:59.203Z,2025-11-02T16:59:54.189Z,971.06,,$962.33,"BubbyShine, tratamiento semanal de agua de inmersión en frío 5 en 1, limpiador de inmersión en frío, limpiador de baño de hielo, estabilizador de agua para cápsulas de hielo en frío, suavizante",https://www.amazon.com.mx/dp/B0D35WSG1K,https://www.amazon.com/dp/B0D35WSG1K,IY Network,
,B0BX2NXZCN,4,Hogar y Cocina,disponible,no disponible,,,2025-10-31T20:26:55.963Z,2025-11-01T17:27:07.042Z,2025-11-02T17:00:02.492Z,818.97,,$814.28,"Kits completos de fabricación de velas para adultos principiantes, suministros para hacer velas de bricolaje incluyen cera de soja, derretimiento de cera, aromas, tintes, mechas, calcomanías de mechas",https://www.amazon.com.mx/dp/B0BX2NXZCN,https://www.amazon.com/dp/B0BX2NXZCN,M&H Customer Friendly Store,
,B01HT9VOKO,4,Hogar y Cocina,disponible,no disponible,,,2025-10-31T20:26:55.963Z,2025-11-01T17:27:15.599Z,2025-11-02T17:00:09.148Z,599.21,,$596.09,"Kärcher Glasreiniger-Konzentrat RM 503 (Volumen: 0,5 l, streifenfreie Reinigung von Glas, Fenster, Spiegel und Duschkabinen)",https://www.amazon.com.mx/dp/B01HT9VOKO,https://www.amazon.com/dp/B01HT9VOKO,SIDE SHOP,
,B0CC914KZ1,4,Hogar y Cocina,disponible,no disponible,,,2025-10-31T20:26:55.963Z,2025-11-01T17:27:24.227Z,2025-11-02T17:00:17.732Z,2035.57,,"$2,001.67","MOZEAL - Velas de pilar doradas extra grandes de 4 x 12 pulgadas (juego de 2), sin perfume, sin goteo, sin humo, larga limpieza, perfectas para bodas y decoración de Navidad",https://www.amazon.com.mx/dp/B0CC914KZ1,https://www.amazon.com/dp/B0CC914KZ1,HNEN,
,B00UC8FSES,4,Hogar y Cocina,disponible,no disponible,,,2025-10-31T20:26:55.963Z,2025-11-01T17:27:32.881Z,2025-11-02T17:00:26.875Z,1449,,"$1,441.45",NEST Fragrances Vela clásica perfumada de hojas de cedro y lavanda,https://www.amazon.com.mx/dp/B00UC8FSES,https://www.amazon.com/dp/B00UC8FSES,SIDE SHOP,
,B0CLXX9Y1G,4,Hogar y Cocina,disponible,no disponible,,,2025-10-31T20:26:55.963Z,2025-11-01T17:27:40.822Z,2025-11-02T17:00:34.612Z,465.05,,$464.95,"MAYKER- Polvo de ácido kójico MAYKER para hacer jabón, 60 gramos (2,1 oz) de peso neto, alta pureza> 99%.",https://www.amazon.com.mx/dp/B0CLXX9Y1G,https://www.amazon.com/dp/B0CLXX9Y1G,M&H Customer Friendly Store,
,B0CB5Q5BLW,4,Hogar y Cocina,disponible,no disponible,,,2025-10-31T20:26:55.963Z,2025-11-01T17:27:49.133Z,2025-11-02T17:00:43.130Z,1702.4,,"$1,703.46","MOFIT Pegatina De Pared De Ladrillo 3d Azulejos Adhesivos Cocina Baño Mosaico Marmól,Pvc Decorativo Textura Pared De Piedra Paneles De Pared(10 hojas,azul verde gris)",https://www.amazon.com.mx/dp/B0CB5Q5BLW,https://www.amazon.com/dp/B0CB5Q5BLW,GREENJIN,
,B0DBQHPLT6,4,Hogar y Cocina,disponible,disponible,,,2025-10-31T20:27:12.633Z,2025-11-01T17:27:58.540Z,2025-11-02T17:00:51.547Z,1501.73,44.99,"$1,472.75","SmoothNovelty - Juego de sábanas de hospital de 4 piezas, sábanas estándar de punto suave de calidad, incluye sábana bajera, funda de edredón, funda de almohada y manta (gris)",https://www.amazon.com.mx/dp/B0DBQHPLT6,https://www.amazon.com/dp/B0DBQHPLT6,HNEN,Gengenyen
,B0DJ9967JR,4,Hogar y Cocina,disponible,no disponible,,,2025-10-31T20:27:12.633Z,2025-11-01T17:28:06.378Z,2025-11-02T17:00:58.984Z,660.08,,$656.64,"Yadool Eliminador de Óxido para Acero Inoxidable, Quitamanchas de Óxido Y Limpiador para Electrodomésticos Y Muebles de Acero Inoxidable - Ideal para Parrillas, Refrigeradores, Cuchillos, Sartenes Y M",https://www.amazon.com.mx/dp/B0DJ9967JR,https://www.amazon.com/dp/B0DJ9967JR,M&H Customer Friendly Store,
,B0DHG8NR7L,4,Hogar y Cocina,disponible,no disponible,,,2025-10-31T20:27:12.633Z,2025-11-01T17:28:14.694Z,2025-11-02T17:01:06.907Z,1146.25,,"$1,152.65","Pumboom Estuche De Viaje Para Puros Con Encendedor, Cortador De Puros En Forma De V, Soporte Para Puros 3 En 1, Cenicero, Herramienta Para Mejorar La Perforación Y El Calado 2 En 1, Humidificador, Hig",https://www.amazon.com.mx/dp/B0DHG8NR7L,https://www.amazon.com/dp/B0DHG8NR7L,LueKeen,
,B0CPXV93VP,4,Hogar y Cocina,disponible,no disponible,,,2025-10-31T20:27:12.634Z,2025-11-01T17:28:22.055Z,2025-11-02T17:01:15.288Z,971.54,,$981.98,"IREMATE - Almohada de corazón rosa, almohadas decorativas para cama, sofá, linda almohada de piel de conejo sintético, almohada pequeña para mujeres, San Valentín, aniversario, otoño, Halloween,",https://www.amazon.com.mx/dp/B0CPXV93VP,https://www.amazon.com/dp/B0CPXV93VP,EcoNova Market,
,B0D8TFHH3F,4,Hogar y Cocina,disponible,no disponible,,,2025-10-31T20:27:12.634Z,2025-11-01T17:28:29.952Z,2025-11-02T17:01:24.094Z,968.29,,"$1,017.85","KLM - Estante de exhibición para botellas de licor, organizador de jarabe de café, estante de vino para encimera de 3 pasos, mini bar, estante retro para whisky, licores",https://www.amazon.com.mx/dp/B0D8TFHH3F,https://www.amazon.com/dp/B0D8TFHH3F,MYSILKROAD LLC,
,B0CV5QBJC9,4,Hogar y Cocina,disponible,no disponible,,,2025-10-31T20:27:12.634Z,2025-11-01T17:28:39.662Z,2025-11-02T17:01:32.816Z,3055.56,,"$3,076.08","Our Place Mini Always Pan 2 – 8.5 pulgadas (1.2 cuartos de galón) antiadherente, utensilios de cocina de cerámica sin toxinas, sartén y saltear de aluminio 10 en 1 patentada, segura para horno",https://www.amazon.com.mx/dp/B0CV5QBJC9,https://www.amazon.com/dp/B0CV5QBJC9,SIDE SHOP,
,B07WRMSKJG,4,Hogar y Cocina,disponible,no disponible,,,2025-10-31T20:27:12.634Z,2025-11-01T17:28:47.904Z,2025-11-02T17:01:41.141Z,1186.05,,"$1,228.74","MÖNKE - Almacenamiento de discos de vinilo de alta calidad, un soporte para discos de estilo mediados de siglo para álbumes, capacidad de 60-70 LP, complementa cualquier reproductor de discos (café)",https://www.amazon.com.mx/dp/B07WRMSKJG,https://www.amazon.com/dp/B07WRMSKJG,MFH GLOBAL,
,B07RHBSWPT,4,Hogar y Cocina,disponible,no disponible,,,2025-10-31T20:27:12.634Z,2025-11-01T17:28:56.906Z,2025-11-02T17:01:48.572Z,897.4,,$896.31,ITCMEE Setter & Softer Bundle. Modelos de juguetes de plástico curvados adhesivos de llegada rápida,https://www.amazon.com.mx/dp/B07RHBSWPT,https://www.amazon.com/dp/B07RHBSWPT,OLALOOK LLC,
,B0BNB81P29,4,Hogar y Cocina,disponible,no disponible,,,2025-10-31T20:27:12.634Z,2025-11-01T17:29:05.018Z,2025-11-02T17:01:56.757Z,1600.43,,"$1,610.97","LeapYouth - Tapete grande para silla de oficina para suelos de madera dura, 48 x 60 pulgadas, antideslizante, protector de piso resistente para oficina en casa, fácil de limpiar y plana sin rizar",https://www.amazon.com.mx/dp/B0BNB81P29,https://www.amazon.com/dp/B0BNB81P29,FUBU STORE,
,B0CZ15JYR8,4,Hogar y Cocina,disponible,no disponible,,,2025-10-31T20:27:12.634Z,2025-11-01T17:29:18.978Z,2025-11-02T17:02:09.624Z,1279.54,,"$1,249.76","KNODOS - Herramienta de distribución de café de nogal de 54 mm, con profundidad ajustable, nivelador de café de acero inoxidable, compatible con máquinas de espresso Breville",https://www.amazon.com.mx/dp/B0CZ15JYR8,https://www.amazon.com/dp/B0CZ15JYR8,M&H Customer Friendly Store,
,B0DZ5P2GQC,4,Hogar y Cocina,disponible,no disponible,,,2025-10-31T20:27:12.634Z,2025-11-01T17:29:28.063Z,2025-11-02T17:02:17.158Z,1310.51,,"$1,305.05","Bwodke - Juego de 3 impresiones modernas de mediados de siglo, diseño geométrico neutro, color verde salvia, diseño geométrico de hojas para decoración minimalista, imágenes abstractas, recámara, sala",https://www.amazon.com.mx/dp/B0DZ5P2GQC,https://www.amazon.com/dp/B0DZ5P2GQC,SRKSB LLC,
,B0DHZG1LBR,4,Hogar y Cocina,disponible,disponible,,,2025-10-31T20:27:12.634Z,2025-11-01T17:29:37.034Z,2025-11-02T17:02:25.170Z,508.36,9.99,$512.93,"CANDEOLA 20 botones de costura de resina café de 3/4 pulgadas | Botones de repuesto de costura a granel para costura, manualidades, decoración de ropa (20 mm)",https://www.amazon.com.mx/dp/B0DHZG1LBR,https://www.amazon.com/dp/B0DHZG1LBR,Abundant Peace,candeoLA
,B0D7VBW3VZ,4,Hogar y Cocina,disponible,no disponible,,,2025-10-31T20:27:12.635Z,2025-11-01T17:29:44.239Z,2025-11-02T17:02:33.360Z,509.88,,$507.44,"Anfinso - Deshumidificador recargable de gel de sílice para coche, 300 g [2 paquetes] Bolsas reutilizables de absorción de humedad, desecante para cajas fuertes de armas, armarios, bolsas",https://www.amazon.com.mx/dp/B0D7VBW3VZ,https://www.amazon.com/dp/B0D7VBW3VZ,SRKSB LLC,
,B0BW6SWP9Q,4,Hogar y Cocina,disponible,disponible,,,2025-10-31T20:27:12.635Z,2025-11-01T17:29:51.775Z,2025-11-02T17:02:41.455Z,518.41,9.99,$512.93,"Gushijieju - Piedras y cristales de shungita cruda, minerales de shungita Karelia para agua, 20-40 mm, 1/2 Ib",https://www.amazon.com.mx/dp/B0BW6SWP9Q,https://www.amazon.com/dp/B0BW6SWP9Q,Corner Stone LLC,xinyanshangwu
,B0CXYZ4XMK,4,Hogar y Cocina,disponible,no disponible,,,2025-10-31T20:27:12.635Z,2025-11-01T17:30:00.254Z,2025-11-02T17:02:49.828Z,1135.55,,"$1,117.12",Fellow Carter Move - Taza de viaje de acero inoxidable aislada al aspiradora - Vaso de café con interior de cerámica y protector contra salpicaduras - Sienna,https://www.amazon.com.mx/dp/B0CXYZ4XMK,https://www.amazon.com/dp/B0CXYZ4XMK,M&H Customer Friendly Store,
,B09YVC3NH1,4,Hogar y Cocina,disponible,no disponible,,,2025-10-31T20:27:12.635Z,2025-11-01T17:30:08.371Z,2025-11-02T17:02:58.397Z,1520.18,,"$1,512.25","GREENSTELL - Taburete de Piel sintética con Almacenamiento, 15.7 Pulgadas de Largo x 11.8 Pulgadas de Ancho x 19.4 Pulgadas de Alto, otomano Suave, 4 Patas de Metal con pies Antideslizantes, Asiento",https://www.amazon.com.mx/dp/B09YVC3NH1,https://www.amazon.com/dp/B09YVC3NH1,SIDE SHOP,
,B0CKX4VWH4,4,Hogar y Cocina,disponible,disponible,,,2025-10-31T20:27:23.902Z,2025-11-01T17:30:17.401Z,2025-11-02T17:03:07.089Z,1699.34,49.99,"$1,690.48","Zzlpp - Juego de Edredón Queen de 7 Piezas, Cama de Pelo Crema en Una Bolsa Con Sábanas, Ropa de Cama Boho para Todas las Estaciones Con 1 Edredón, 2 Fundas de Almohada, 2 Fundas",https://www.amazon.com.mx/dp/B0CKX4VWH4,https://www.amazon.com/dp/B0CKX4VWH4,SIDE SHOP,tianhuihome
,B0B9Z7THYC,4,Hogar y Cocina,disponible,no disponible,,,2025-10-31T20:27:23.902Z,2025-11-01T17:30:25.763Z,2025-11-02T17:03:15.641Z,1040.64,,"$1,039.87","Fellow Carter Slide - Taza de café de viaje de 12 onzas con tapa deslizante, vaso de café a prueba de fugas con interior de cerámica y acero inoxidable aislado al aspiradora, tazas de café, color",https://www.amazon.com.mx/dp/B0B9Z7THYC,https://www.amazon.com/dp/B0B9Z7THYC,Abundant Peace,
,B0CS34XKPB,4,Hogar y Cocina,disponible,no disponible,,,2025-10-31T20:27:23.902Z,2025-11-01T17:30:34.691Z,2025-11-02T17:03:24.226Z,1333.54,,"$1,319.33","Flowtorely Love is Patient, Kind Art Decor - Letrero colgante de 32 x 12 pulgadas, 1 corintios de 13 dormitorios sobre la cama, decoración de pared grande con versículo bíblico con cita de escritura",https://www.amazon.com.mx/dp/B0CS34XKPB,https://www.amazon.com/dp/B0CS34XKPB,FEEL EXTRA MX,
,B09PFQFMCV,4,Hogar y Cocina,disponible,no disponible,,,2025-10-31T20:27:23.902Z,2025-11-01T17:30:43.501Z,2025-11-02T17:03:31.160Z,628.15,,$626.25,"GreFusion Bolsas De Basura Compostables Para Cubo De Basura De Cocina De 1,2 Galones, 125 Unidades, Bolsas De Basura Para Desechos De Alimentos De Compost Se Adapta A Cubos De Encimera De 0,75, 1, 1,2",https://www.amazon.com.mx/dp/B09PFQFMCV,https://www.amazon.com/dp/B09PFQFMCV,SRKSB LLC,
,B0C7463WFV,4,Hogar y Cocina,disponible,no disponible,,,2025-10-31T20:27:23.902Z,2025-11-01T17:30:51.837Z,2025-11-02T17:03:38.363Z,3791.23,,"$3,774.01","UNZERO Estante de almacenamiento de arte, almacenamiento de lona artístico, estante de tablas de lona con asa y ruedas giratorias para tablero de dibujo, panel, almohadilla de papel para estudios de arte, obras de arte, galería",https://www.amazon.com.mx/dp/B0C7463WFV,https://www.amazon.com/dp/B0C7463WFV,SIDE SHOP,
,B0DFH2LWWX,4,Hogar y Cocina,disponible,no disponible,,,2025-10-31T20:27:23.902Z,2025-11-01T17:31:00.704Z,2025-11-02T17:03:46.828Z,684.4,,$704.39,"Sayayo - Soporte de pared para papel higiénico de oro cepillado, soporte para papel higiénico para baño Tp cuadrado, acero inoxidable SUS304",https://www.amazon.com.mx/dp/B0DFH2LWWX,https://www.amazon.com/dp/B0DFH2LWWX,Rendosa,
,B0DD3MYVH9,4,Hogar y Cocina,disponible,no disponible,,,2025-10-31T20:27:23.903Z,2025-11-01T17:31:08.707Z,2025-11-02T17:03:54.460Z,1428.34,,"$1,415.19","Crucifijo de pared crucifijo de madera de olivo de 14 pulgadas, resina pintada a mano Jesús en crucifijo de madera, decoración católica del hogar, regalos religiosos de inauguración de la casa",https://www.amazon.com.mx/dp/B0DD3MYVH9,https://www.amazon.com/dp/B0DD3MYVH9,M&H Customer Friendly Store,
,B0D7HNRQFD,4,Hogar y Cocina,disponible,disponible,,,2025-10-31T20:27:23.903Z,2025-11-01T17:31:18.202Z,2025-11-02T17:04:03.411Z,696.17,18.49,$716.50,"Cortinas transparentes con estampado de caricaturas para habitación de niños, guardería, cortinas de gasa de tul para recámara de niños, sala de estar, ojales en la parte superior, tratamiento de",https://www.amazon.com.mx/dp/B0D7HNRQFD,https://www.amazon.com/dp/B0D7HNRQFD,Rendosa,KMSG
,B0CH7S8RN3,4,Hogar y Cocina,disponible,no disponible,,,2025-10-31T20:27:23.903Z,2025-11-01T17:31:27.186Z,2025-11-02T17:04:10.333Z,1499,,"$1,648.44","AEPOALUA Mesita de noche, mesita de noche con marco dorado, mesita de noche blanca pequeña, mesa auxiliar, muebles de noche, mesa auxiliar con cajón y estante para recámara, sala de estar (1 cajón",https://www.amazon.com.mx/dp/B0CH7S8RN3,https://www.amazon.com/dp/B0CH7S8RN3,Planeta Verde,
,B0DMK8KS86,4,Hogar y Cocina,disponible,disponible,,,2025-10-31T20:27:23.903Z,2025-11-01T17:31:36.163Z,2025-11-02T17:04:17.410Z,680.9,14.99,$669.93,"11 accesorios de olla instantánea para Lux 5, 6 cuartos de galón, piezas de repuesto instantáneas para ollas incluyen anillo de sellado, válvula de liberación de vapor, escudo antibloqueo, anillo de",https://www.amazon.com.mx/dp/B0DMK8KS86,https://www.amazon.com/dp/B0DMK8KS86,Ovolos,SPNKMJUJ-US
,B0DL9Y49T4,4,Hogar y Cocina,disponible,no disponible,,,2025-10-31T20:27:23.903Z,2025-11-01T17:31:43.686Z,2025-11-02T17:04:25.838Z,1595.22,,"$1,587.04","Divertido juego de 2 unidades, marco flotante negro, blanco y negro, decoración de baño, humor clásico, póster de película tonto y tonto, 12 x 16 pulgadas",https://www.amazon.com.mx/dp/B0DL9Y49T4,https://www.amazon.com/dp/B0DL9Y49T4,Living Storers,
,B0D661K387,4,Hogar y Cocina,disponible,disponible,,,2025-10-31T20:27:23.903Z,2025-11-01T17:31:51.677Z,2025-11-02T17:04:34.375Z,1446.72,39.99,"$1,451.04","VETROVUE Espejo redondo blanco, espejo de baño circular de 24 pulgadas con marco de metal, montado en la pared para entrada, baño, cambiador, sala de estar",https://www.amazon.com.mx/dp/B0D661K387,https://www.amazon.com/dp/B0D661K387,Lumexa Online MX,BEAUTYPEAK HOME
,B0DMZKYD5Y,4,Hogar y Cocina,disponible,disponible,,,2025-10-31T20:27:23.903Z,2025-11-01T17:32:00.453Z,2025-11-02T17:04:42.081Z,1560.82,47.99,"$1,617.83","ART-GIFTREE - Estantería flotante para pared, estantería flotante invisible de 6 niveles, torre vertical de libro de lomo montada en la pared y ahorro de espacio, organizador de libros de metal",https://www.amazon.com.mx/dp/B0DMZKYD5Y,https://www.amazon.com/dp/B0DMZKYD5Y,SHERIFF EXPRESS,HainaUS
,B0CKYX1676,4,Hogar y Cocina,disponible,no disponible,,,2025-10-31T20:27:39.145Z,2025-11-01T17:32:14.008Z,2025-11-02T17:04:55.272Z,594.95,,$584.67,"Regalos de boda del 50 aniversario de oro para esposa, regalos de pareja, candelabro, 50 aniversario de boda, regalos de cumpleaños para esposa del marido, regalos de aniversario dorado para esposa y mujeres, cincuenta años para ella",https://www.amazon.com.mx/dp/B0CKYX1676,https://www.amazon.com/dp/B0CKYX1676,Corner Stone LLC,
,B0BLMHG2S3,4,Hogar y Cocina,disponible,no disponible,,,2025-10-31T20:27:39.146Z,2025-11-01T17:32:22.876Z,2025-11-02T17:05:03.123Z,4926.27,,"$4,688.30","BOOSANT - Ventiladores de techo de 52 pulgadas sin luces, ventilador de techo de madera maciza con control remoto y motor de CC, ventilador de techo sin luz con 3 cuchillas, ventiladores de techo para",https://www.amazon.com.mx/dp/B0BLMHG2S3,https://www.amazon.com/dp/B0BLMHG2S3,HasLifeStore,
,B0CP7KK1FN,4,Hogar y Cocina,disponible,no disponible,,,2025-10-31T20:27:39.146Z,2025-11-01T17:32:31.462Z,2025-11-02T17:05:11.131Z,2969.43,,"$2,953.95",Lanhall - Lámpara de baño de 5 luces estilo clásico para cambiador de baño sobre espejo negro y madera pintada de metal para baño con persianas de vidrio E26,https://www.amazon.com.mx/dp/B0CP7KK1FN,https://www.amazon.com/dp/B0CP7KK1FN,SIDE SHOP,
,B0BXKW8V4X,4,Hogar y Cocina,disponible,no disponible,,,2025-10-31T20:27:39.146Z,2025-11-01T17:32:40.598Z,2025-11-02T17:05:18.302Z,460.06,,$464.95,"Nayrmaer Grasa para Máquina De Espresso, Kit De Mantenimiento De Grasa De Silicona De 2 X 10 G para El Cuidado Y Mantenimiento De Todas Las Máquinas De Café, Grasa De Grado Alimenticio para Todas Las",https://www.amazon.com.mx/dp/B0BXKW8V4X,https://www.amazon.com/dp/B0BXKW8V4X,SRKSB LLC,
,B0DQ8FX2LV,4,Hogar y Cocina,disponible,no disponible,,,2025-10-31T20:27:39.146Z,2025-11-01T17:32:49.951Z,2025-11-02T17:05:25.521Z,796.4,,$770.87,"VIYYIEA - lona enmarcado para sala de estar, impresiones de ovejas de Pascua, decoración clásico del hogar, cuadro de pintura de cristo, decoración de pared de baño, regalos para amigos o familiares:",https://www.amazon.com.mx/dp/B0DQ8FX2LV,https://www.amazon.com/dp/B0DQ8FX2LV,MYSILKROAD LLC,
,B0DQ7B3XZV,4,Hogar y Cocina,disponible,no disponible,,,2025-10-31T20:27:39.146Z,2025-11-01T17:32:58.956Z,2025-11-02T17:05:34.568Z,2692.78,,"$2,709.50","Mesa de centro de vidrio dorado para sala de estar, mesa central ovalada con parte superior de vidrio acanalado y marco de metal resistente, mesas modernas de vidrio para recámara, oficina en casa",https://www.amazon.com.mx/dp/B0DQ7B3XZV,https://www.amazon.com/dp/B0DQ7B3XZV,GREENJIN,
,B0DK8BKG91,4,Hogar y Cocina,disponible,disponible,,,2025-10-31T20:27:39.146Z,2025-11-01T17:33:06.343Z,2025-11-02T17:05:42.370Z,611.85,13.99,$608.66,"ROFPM Juego de adhesivos dorados, hojas de oro para arte, 100 ml, pegamento de hojas de metal a base de agua y barniz de 100 ml, hojas de aluminio dorado para manualidades, 100 piezas, 2 cepillos",https://www.amazon.com.mx/dp/B0DK8BKG91,https://www.amazon.com/dp/B0DK8BKG91,SIDE SHOP,JiayiAA
,B0DQL9KS2D,4,Hogar y Cocina,disponible,no disponible,,,2025-10-31T20:27:39.146Z,2025-11-01T17:33:14.127Z,2025-11-02T17:05:49.562Z,2923.13,,"$2,903.09","ZHBHYZ - Perchero de metal resistente con ruedas, estante de ropa enrollable con estantes y ganchos, estante de ropa resistente para colgar ropa, estante multifuncional para clóset para recámara",https://www.amazon.com.mx/dp/B0DQL9KS2D,https://www.amazon.com/dp/B0DQL9KS2D,Red Pure,
,B0C8122B7G,4,Hogar y Cocina,disponible,no disponible,,,2025-10-31T20:27:39.146Z,2025-11-01T17:33:22.641Z,2025-11-02T17:05:56.378Z,1387.83,,"$1,380.67","SHOWIN Tarros de vela gruesos de 10 onzas para hacer velas, 15 unidades, tarros vacíos con tapas de madera para hacer velas, recipiente de muestra, transparente",https://www.amazon.com.mx/dp/B0C8122B7G,https://www.amazon.com/dp/B0C8122B7G,Lumexa Online MX,
,B09CBMXNL5,4,Hogar y Cocina,disponible,disponible,,,2025-10-31T20:27:39.147Z,2025-11-01T17:33:30.468Z,2025-11-02T17:06:02.812Z,1174.88,34.99,"$1,181.90","WOLFF - Jarra térmica de café de 1 litro, exterior de plástico con forro de vidrio aislado dispensador de bebidas calientes y frías, botella termo para té, jarra de agua, color blanco, 34 floz/1 l",https://www.amazon.com.mx/dp/B09CBMXNL5,https://www.amazon.com/dp/B09CBMXNL5,MYSILKROAD LLC,Wolff US
,B0CSJJ6YMV,4,Hogar y Cocina,disponible,no disponible,,,2025-10-31T20:27:39.147Z,2025-11-01T17:33:40.438Z,2025-11-02T17:06:10.825Z,1591.93,,"$1,616.46","Sivapleso - Estantes flotantes para pared, grandes estantes colgantes profundos, blanco y dorado, estantes montados en la pared de 24 pulgadas de largo con soportes invisibles para sala de estar,",https://www.amazon.com.mx/dp/B0CSJJ6YMV,https://www.amazon.com/dp/B0CSJJ6YMV,SHERIFF EXPRESS,
,B0CRB6TVYH,4,Hogar y Cocina,disponible,no disponible,,,2025-10-31T20:27:39.147Z,2025-11-01T17:33:49.437Z,2025-11-02T17:06:18.432Z,696.75,,$674.69,"PureSwan - Alfombras de baño de color rosa intenso, absorbentes, lavables, antideslizantes, gruesas, de felpilla suave, para baño, ducha, fregadero, 17 x 24 pulgadas",https://www.amazon.com.mx/dp/B0CRB6TVYH,https://www.amazon.com/dp/B0CRB6TVYH,KRONOS STORE,
,B0DNGDTX4Y,4,Hogar y Cocina,disponible,disponible,,,2025-10-31T20:27:39.147Z,2025-11-01T17:33:59.454Z,2025-11-02T17:06:25.995Z,2627.57,81.85,"$2,632.26","Muddy Mat® - Alfombra original para perros con patas sucias, microfibra súper absorbente, antideslizante, lavable, 35"" x 60""",https://www.amazon.com.mx/dp/B0DNGDTX4Y,https://www.amazon.com/dp/B0DNGDTX4Y,PRCOM,The Virality Gifts
,B0CBRWYKJM,4,Hogar y Cocina,disponible,no disponible,,,2025-10-31T20:27:39.147Z,2025-11-01T17:34:07.923Z,2025-11-02T17:06:34.333Z,1071.27,,"$1,059.21","1 cubeta soporte para discos de vinilo, muebles de almacenamiento, apilables, 40-55 registros, visualización de registros, caja de almacenamiento para álbumes, organizador de madera, caja de",https://www.amazon.com.mx/dp/B0CBRWYKJM,https://www.amazon.com/dp/B0CBRWYKJM,PRCOM,
,B0CRKM6R1X,4,Hogar y Cocina,disponible,no disponible,,,2025-10-31T20:27:39.147Z,2025-11-01T17:34:18.078Z,2025-11-02T17:06:42.005Z,1365.56,,"$1,382.96","Hosfais - Soporte para reproductor de discos de 3 niveles, para almacenamiento de discos de vinilo retro, para sala de estar, recámara (negro)",https://www.amazon.com.mx/dp/B0CRKM6R1X,https://www.amazon.com/dp/B0CRKM6R1X,Lumexa Online MX,
,B0F225PKGX,4,Hogar y Cocina,disponible,no disponible,,,2025-10-31T20:27:39.147Z,2025-11-01T17:34:27.028Z,2025-11-02T17:06:50.201Z,481.85,,$479.34,"6 kits de cepillos de limpieza de lavadora, herramientas de limpieza de lavadora de carga frontal, 1 cepillo para polvo de limpieza de tambor y 5 cepillos de limpieza de grietas para espacios",https://www.amazon.com.mx/dp/B0F225PKGX,https://www.amazon.com/dp/B0F225PKGX,SIDE SHOP,
,B0DLSXRS48,4,Hogar y Cocina,disponible,no disponible,,,2025-10-31T20:27:51.105Z,2025-11-01T17:34:35.477Z,2025-11-02T17:06:57.363Z,660.08,,$656.64,"HUARCEY - Arte de pared clásico con marco dorado para sala de estar, cosecha, manzanas, naturaleza muerta, pintura al óleo, decoración de estantería, cuadro abstracto en lona, decoración de pared de",https://www.amazon.com.mx/dp/B0DLSXRS48,https://www.amazon.com/dp/B0DLSXRS48,SIDE SHOP,
,B0D1LKT7G9,4,Hogar y Cocina,disponible,no disponible,,,2025-10-31T20:27:51.106Z,2025-11-01T17:34:44.061Z,2025-11-02T17:07:05.682Z,3161.97,,"$3,306.94","NKU - Lámpara de pie con 5 cabezales y múltiples cabezales con filtros reemplazables, iluminación ambiental para recámara, sala de estar, 182 cm, chapado en cromo, único, moderno, colorido y con",https://www.amazon.com.mx/dp/B0D1LKT7G9,https://www.amazon.com/dp/B0D1LKT7G9,Bedos Store,