also_appears_in,asin,batch_number,category,disponibilidad_mx,disponibilidad_usa,error_verificacion_mx,error_verificacion_usa,extracted_at,fecha_verificacion_mx,fecha_verificacion_usa,precio_actual_mx,precio_actual_usd,price,title,url_mx,url_usa,vendedor_actual_mx,vendedor_actual_usa
,B0CLKXXGYJ,2,Belleza,disponible,no disponible,,,2025-10-17T16:24:35.623Z,2025-10-27T13:46:34.388Z,2025-10-28T01:06:25.530Z,1232.56,,"$1,245.27","Amallow Sebo de res alimentado con pasto al 100% para el cuidado de la piel, rostro y cuerpo, humectante batido, loción natural, 4 fl. oz. (vainilla y lavanda)",https://www.amazon.com.mx/dp/B0CLKXXGYJ,https://www.amazon.com/dp/B0CLKXXGYJ,SRKSB LLC,
,B001LEYER4,2,Belleza,disponible,no disponible,,,2025-10-17T16:24:35.623Z,2025-10-27T13:46:42.573Z,2025-10-28T01:06:33.823Z,748.3,,No disponible,DermaSwim Pro 8 Ounce Tube Pre-Swimming Lotion,https://www.amazon.com.mx/dp/B001LEYER4,https://www.amazon.com/dp/B001LEYER4,SRKSB LLC,
,B09QLHTQJQ,2,Belleza,disponible,no disponible,,,2025-10-17T16:24:35.624Z,2025-10-27T13:46:50.213Z,2025-10-28T01:06:40.937Z,628.74,,$634.96,"Duradry Am Desodorante y Antitranspirante - Desodorante Prescription Strength para Hiperhidrosis, Antitranspirante para Mujeres y Hombres, Protección Contra El Sudor de Axila, Sin Silicona - Clear Sky",https://www.amazon.com.mx/dp/B09QLHTQJQ,https://www.amazon.com/dp/B09QLHTQJQ,M&H Customer Friendly Store,
,B01M5JP7TK,2,Belleza,disponible,no disponible,,,2025-10-17T16:24:35.624Z,2025-10-27T13:46:58.703Z,2025-10-28T01:06:48.675Z,716.23,,$736.86,"BONUS SIZE Vitamin E Cream 42,000 I.U. - 50% MORE FREE 6 oz. by Colonial Dames",https://www.amazon.com.mx/dp/B01M5JP7TK,https://www.amazon.com/dp/B01M5JP7TK,SRKSB LLC,
,B09VPM5RP4,2,Belleza,disponible,no disponible,,,2025-10-17T16:24:35.624Z,2025-10-27T13:47:07.424Z,2025-10-28T01:06:56.971Z,549,,$518.62,Chemist at Play Body Wash Exfoliating for Dry Rough Bumpy Strawberry Skin with 1% Salicylic Acid 2% Lactic Acid and Ceramides for Men and Women | 236 ml,https://www.amazon.com.mx/dp/B09VPM5RP4,https://www.amazon.com/dp/B09VPM5RP4,BLACK HELMET siexistelotraemos,
,B0CQ4VLYXJ,2,Belleza,disponible,no disponible,,,2025-10-17T16:24:35.624Z,2025-10-27T13:47:15.000Z,2025-10-28T01:07:04.261Z,1255.5,,"$1,216.61","Swiffen - Paquete de 50 recuerdos de bautismo para invitados, jabón de ducha, regalo de jabón perfumado con tarjetas de felicitación, bolsa de organza, bautizo, comunión, bautizo, fiesta, regalo para",https://www.amazon.com.mx/dp/B0CQ4VLYXJ,https://www.amazon.com/dp/B0CQ4VLYXJ,SRKSB LLC,
,B0C6KYDBL1,2,Belleza,disponible,no disponible,,,2025-10-17T16:24:35.624Z,2025-10-27T13:47:23.094Z,2025-10-28T01:07:11.976Z,499,,$499.00,"Chemist at Play UnderArm Roll-On with 5% AHA, Lactic Acid & 1% Mandelic Acid | Prevents Body Odour, Brightens Skin & Exfoliates Underarm | For Sensitive Skin | Royal Oudh Fragrance | Alcohol Free-40ml",https://www.amazon.com.mx/dp/B0C6KYDBL1,https://www.amazon.com/dp/B0C6KYDBL1,BLACK HELMET siexistelotraemos,
,B07M5MRKKP,2,Belleza,disponible,no disponible,,,2025-10-17T16:24:35.624Z,2025-10-27T13:47:30.633Z,2025-10-28T01:07:18.982Z,802.73,,$803.79,Citrus Vetivert,https://www.amazon.com.mx/dp/B07M5MRKKP,https://www.amazon.com/dp/B07M5MRKKP,SRKSB LLC,
,B00D4R5F60,2,Belleza,disponible,no disponible,,,2025-10-17T16:24:35.624Z,2025-10-27T13:47:37.950Z,2025-10-28T01:07:26.100Z,871,,$924.22,Original Source Shower Gel Mint and Tea Tree 250ml Pack of 6 by PZ CUSSONS (UK) LTD,https://www.amazon.com.mx/dp/B00D4R5F60,https://www.amazon.com/dp/B00D4R5F60,BELGUCAN Global,
,B08KTPVN7Y,2,Belleza,disponible,disponible,,,2025-10-17T16:24:35.624Z,2025-10-27T13:47:46.643Z,2025-10-28T01:07:33.003Z,439.06,6.85,$449.45,"Slick - Aplicador de loción, 17 pulgadas, aplicadores de loción para tu espalda, aplicador de espalda para loción, aplicador de loción trasera de fácil alcance, aplicadores de loción trasera, aplicador de autobronceador de espalda",https://www.amazon.com.mx/dp/B08KTPVN7Y,https://www.amazon.com/dp/B08KTPVN7Y,SRKSB LLC,Slick Solutions
,B0C8HZCD6G,2,Belleza,disponible,no disponible,,,2025-10-17T16:24:35.624Z,2025-10-27T13:47:54.808Z,2025-10-28T01:07:41.286Z,474.56,,$477.24,"Chemist at Play Exfoliating Body Scrub For Removing Tan & Dead Skin Cells | Rough & Bumpy Skin, Tanned & Pigmented Skin | For Smooth, Soft & Bright Skin | Natural AHAs | Coffee | For Men & Women | 75g",https://www.amazon.com.mx/dp/B0C8HZCD6G,https://www.amazon.com/dp/B0C8HZCD6G,SRKSB LLC,
,B09SVTBP2V,2,Belleza,disponible,no disponible,,,2025-10-17T16:24:35.624Z,2025-10-27T13:48:02.604Z,2025-10-28T01:07:49.664Z,1003.14,,"$1,003.14","San Francisco Soap Company Man Bar 3-Piece Gift Set featuring all new scents: Coastal Driftwood, Peppered Patchouli, and Spiced Tobacco - GREAT GIFT - No Harmful Chemicals - Good for All Skin Types - Made in the USA",https://www.amazon.com.mx/dp/B09SVTBP2V,https://www.amazon.com/dp/B09SVTBP2V,SRKSB LLC,
,B07KT91S5Z,2,Belleza,disponible,no disponible,,,2025-10-17T16:24:35.625Z,2025-10-27T13:48:10.125Z,2025-10-28T01:07:57.704Z,640,,$638.62,Chlorine Removing Neutralizing After Swim Body Wash and Shampoo,https://www.amazon.com.mx/dp/B07KT91S5Z,https://www.amazon.com/dp/B07KT91S5Z,BLACK HELMET siexistelotraemos,
,B0015R4AUS,2,Belleza,disponible,no disponible,,,2025-10-17T16:24:35.625Z,2025-10-27T13:48:17.848Z,2025-10-28T01:08:04.747Z,579.95,,$590.37,ProActive Tite Grip II All-Sport Loción tópica antiperspirante para Manos/Antideslizante Que Mejora el Agarre,https://www.amazon.com.mx/dp/B0015R4AUS,https://www.amazon.com/dp/B0015R4AUS,SRKSB LLC,
,B09BJPQN7B,2,Belleza,disponible,no disponible,,,2025-10-17T16:24:35.625Z,2025-10-27T13:48:25.823Z,2025-10-28T01:08:12.836Z,600.62,,$604.69,"The Black Stuff- Jabón de alquitrán de pino: jabón en barra para hombres elaborado con alquitrán de pino, ingredientes orgánicos y aceites esenciales. Hecho a mano.",https://www.amazon.com.mx/dp/B09BJPQN7B,https://www.amazon.com/dp/B09BJPQN7B,SRKSB LLC,
,B096YKJY67,2,Belleza,disponible,no disponible,,,2025-10-17T16:24:35.625Z,2025-10-27T13:48:33.018Z,2025-10-28T01:08:20.602Z,1264.18,,"$1,204.20",Muscle Rehab Combo de Recuperación Deportiva Pak- Bombas de Baño de Sal de Árnica y Epsom y Remojo de Magnesio para Hombres -Mujeres Con Cúrcuma y Aceites Esenciales - Alivio Del Dolor Muscular de Mag,https://www.amazon.com.mx/dp/B096YKJY67,https://www.amazon.com/dp/B096YKJY67,SRKSB LLC,
,B0CNJ6NKXJ,2,Belleza,disponible,no disponible,,,2025-10-17T16:24:44.807Z,2025-10-27T13:48:41.633Z,2025-10-28T01:08:29.333Z,1025.62,,"$1,037.73",Saltair - Body Wash - For Him Scents - 2 Pack,https://www.amazon.com.mx/dp/B0CNJ6NKXJ,https://www.amazon.com/dp/B0CNJ6NKXJ,SRKSB LLC,
,B0C27GV4DD,2,Belleza,disponible,no disponible,,,2025-10-17T16:24:44.807Z,2025-10-27T13:48:48.521Z,2025-10-28T01:08:37.523Z,519.77,,$512.08,"Clean Brand- Manos limpias - 84,5 fl oz | Caja de recarga de jabón espumoso para manos con 15 tabletas, aroma dulce de pomelo - No te arrepentirás",https://www.amazon.com.mx/dp/B0C27GV4DD,https://www.amazon.com/dp/B0C27GV4DD,SRKSB LLC,
,B09FDDLHXB,2,Belleza,disponible,disponible,,,2025-10-17T16:24:44.807Z,2025-10-27T13:48:55.859Z,2025-10-28T01:08:44.572Z,872.22,21.99,$855.47,"SUMMERMIA - Paquete de 12 paños de 13 x 13 pulgadas, paños de lavado suaves para tu toalla facial, viscosa derivada de bambú y algodón para tu cuerpo (gris)",https://www.amazon.com.mx/dp/B09FDDLHXB,https://www.amazon.com/dp/B09FDDLHXB,SRKSB LLC,Coaura
,B07N3YS8VN,2,Belleza,disponible,no disponible,,,2025-10-17T16:24:44.807Z,2025-10-27T13:49:04.425Z,2025-10-28T01:08:52.045Z,1048.09,,"$1,065.37","Green Canyon Spa Green Canyon - Juego de cestas de regalo de cumpleaños para mujeres, set de regalo de cumpleaños 8/10 piezas de cerezo con aceite esencial de spa con cesta tejida a mano",https://www.amazon.com.mx/dp/B07N3YS8VN,https://www.amazon.com/dp/B07N3YS8VN,SRKSB LLC,
,B0BW9M2YRT,2,Belleza,disponible,no disponible,,,2025-10-17T16:24:44.807Z,2025-10-19T14:45:12.859Z,2025-10-28T01:09:07.181Z,631.69,,$609.79,"8PC Aromatherapy Shower Steamers - 8 Soothing Scents for Men & Women - Eucalyptus, Menthol & More - Shower Tablets in Gift Box",https://www.amazon.com.mx/dp/B0BW9M2YRT,https://www.amazon.com/dp/B0BW9M2YRT,Rimecebuy,
,B0BMX6GWLN,2,Belleza,disponible,disponible,,,2025-10-17T16:24:44.807Z,2025-10-19T14:45:19.911Z,2025-10-28T01:09:14.643Z,424.59,4.99,$424.59,"3 esponjas africanas exfoliantes para baño, esponja africana de baño para fregar, red de lavado africano para ducha",https://www.amazon.com.mx/dp/B0BMX6GWLN,https://www.amazon.com/dp/B0BMX6GWLN,SRKSB LLC,Hongqian
,B09NQNF76B,2,Belleza,disponible,no disponible,,,2025-10-17T16:24:44.807Z,2025-10-19T14:45:28.175Z,2025-10-28T01:09:23.595Z,956.93,,$998.70,"Body Cream Tahitian Vanilla Saavy Naturals, Clean Plant-Based Ingredients| Made In USA | Absorbent Shea Butter Vegan, Thick and Creamy Body Moisturizer, Body Lotion for Dry Skin- 8.5 Fl Oz, 2 Pack",https://www.amazon.com.mx/dp/B09NQNF76B,https://www.amazon.com/dp/B09NQNF76B,SRKSB LLC,
,B09QLQZZ82,2,Belleza,disponible,no disponible,,,2025-10-17T16:24:44.807Z,2025-10-19T14:45:35.430Z,2025-10-28T01:09:31.338Z,721.84,,$721.84,"MR MIRYE Shower Steamers Aromatherapy for Women or Men, Organic with Eucalyptus Lavender Peppermint Essential Oil, 18-Pack Shower Bombs Gift Set",https://www.amazon.com.mx/dp/B09QLQZZ82,https://www.amazon.com/dp/B09QLQZZ82,SRKSB LLC,
,B09FDVYTF6,2,Belleza,disponible,no disponible,,,2025-10-17T16:24:44.807Z,2025-10-19T14:45:44.115Z,2025-10-28T01:09:39.323Z,852.09,,$857.13,"Foaming Bath with Pure Epsom Salt, Rose&Lavender&Chamomile&Eucalyplus Mint Scent, 4 Pack Bath Gift Box Spa Set Relaxing for Women, Bath Set Gifts for Mom Christmas Gifts 4 Pack 51.2 fl oz",https://www.amazon.com.mx/dp/B09FDVYTF6,https://www.amazon.com/dp/B09FDVYTF6,SRKSB LLC,
,B09CTLC2CT,2,Belleza,disponible,no disponible,,,2025-10-17T16:24:44.808Z,2025-10-19T14:45:52.618Z,2025-10-28T01:09:46.175Z,735.99,,$735.83,"PARISBELLA - Gorro de dormir con forro de satén, funda para el cabello con correa ajustable, para mujeres y hombres",https://www.amazon.com.mx/dp/B09CTLC2CT,https://www.amazon.com/dp/B09CTLC2CT,Novayu,
,B089VTPYYQ,2,Belleza,disponible,no disponible,,,2025-10-17T16:24:44.808Z,2025-10-19T14:45:59.810Z,2025-10-28T01:09:53.687Z,515.13,,$520.00,"3 paquetes de almohadillas exfoliantes de esponja de lufa, tamaño grande de 5 pulgadas x 7 pulgadas - 100% naturales de Luffa y tela de rizo, guantes de esponja de loofa, guantes de cuerpo cerrados para hombres y mujeres, perfectos para baño, spa y ducha",https://www.amazon.com.mx/dp/B089VTPYYQ,https://www.amazon.com/dp/B089VTPYYQ,SRKSB LLC,
,B00ULLOJA0,2,Belleza,disponible,no disponible,,,2025-10-17T16:24:44.808Z,2025-10-19T14:46:07.512Z,2025-10-28T01:10:01.062Z,1518.8,,"$1,541.41",Hawaii Forever Florals Body Lotion 4 Bottles 4 oz. Each Plumeria by Forever Florals,https://www.amazon.com.mx/dp/B00ULLOJA0,https://www.amazon.com/dp/B00ULLOJA0,SRKSB LLC,
,B0D7YR4ZJN,2,Belleza,disponible,disponible,,,2025-10-17T16:24:44.808Z,2025-10-19T14:46:14.849Z,2025-10-28T01:10:08.184Z,418.78,5.99,$421.30,"Capó de seda para hombres, capó de satén para dormir, dobladillo ajustable y doble capa, capó grande para dormir para trenzas de cabello rizado que permanecen en toda la noche (negro), Negro+Negro, 18",https://www.amazon.com.mx/dp/B0D7YR4ZJN,https://www.amazon.com/dp/B0D7YR4ZJN,SRKSB LLC,yufengfangzhi
,B01M9DAZ3V,2,Belleza,disponible,no disponible,,,2025-10-17T16:24:44.808Z,2025-10-19T14:46:23.709Z,2025-10-28T01:10:16.866Z,754.02,,$754.02,"4 fl oz 100% Pure Calendula Oil - for Body, Nails & Hair - Perfect Natural Skin Moisturizer - Also Ideal Natural Skin Care Antioxidant Serum",https://www.amazon.com.mx/dp/B01M9DAZ3V,https://www.amazon.com/dp/B01M9DAZ3V,SRKSB LLC,
,B01ISIU16I,2,Belleza,disponible,no disponible,,,2025-10-17T16:24:44.808Z,2025-10-19T14:46:31.933Z,2025-10-28T01:10:24.202Z,1075.52,,"$1,082.91",Citrus & Green Tea Hand & Body Lotion - 30 oz by Good Seed,https://www.amazon.com.mx/dp/B01ISIU16I,https://www.amazon.com/dp/B01ISIU16I,SRKSB LLC,
,B0193WSJ5S,2,Belleza,disponible,no disponible,,,2025-10-17T16:24:44.808Z,2025-10-19T14:46:38.436Z,2025-10-28T01:10:30.902Z,813.41,,$822.85,Routine De-Odor-Cream Handcrafted 50ml Clay Formula Deodorant Cream (Blackberry Betty),https://www.amazon.com.mx/dp/B0193WSJ5S,https://www.amazon.com/dp/B0193WSJ5S,SRKSB LLC,
,B008YKVPGG,2,Belleza,disponible,no disponible,,,2025-10-17T16:24:53.749Z,2025-10-19T14:46:46.332Z,2025-10-28T01:10:38.958Z,597.65,,$593.58,Surfer's Salve 0.5 oz. Stick,https://www.amazon.com.mx/dp/B008YKVPGG,https://www.amazon.com/dp/B008YKVPGG,GREENJIN,
,B015X3CUCE,2,Belleza,disponible,no disponible,,,2025-10-17T16:24:53.749Z,2025-10-19T14:46:53.859Z,2025-10-28T01:10:47.640Z,1133.27,,"$1,130.99",elizabethW Vetiver Body Lotion 6.75 oz (200 g) by elizabeth W,https://www.amazon.com.mx/dp/B015X3CUCE,https://www.amazon.com/dp/B015X3CUCE,SRKSB LLC,
,B09K79YY48,2,Belleza,disponible,no disponible,,,2025-10-17T16:24:53.749Z,2025-10-19T14:47:02.757Z,2025-10-28T01:10:54.602Z,831.24,,$826.13,"PARISBELLA - Gorro de dormir con forro de satén, funda para el cabello con correa ajustable, para mujeres y hombres",https://www.amazon.com.mx/dp/B09K79YY48,https://www.amazon.com/dp/B09K79YY48,SRKSB LLC,
,B0D8BB4338,2,Belleza,disponible,no disponible,,,2025-10-17T16:25:06.668Z,2025-10-19T14:47:10.210Z,2025-10-28T01:11:03.047Z,500.06,,$502.17,"GAQQI - Pegamento de pestañas para racimos, pegamento de pestañas y sellado impermeable, pegamento de pestañas para racimos, calcomanía de pestañas negro de larga duración, 72 H, sin látex (5 ml + 5",https://www.amazon.com.mx/dp/B0D8BB4338,https://www.amazon.com/dp/B0D8BB4338,SRKSB LLC,
,B09NQZPQ8L,2,Belleza,disponible,disponible,,,2025-10-17T16:25:06.668Z,2025-10-19T14:47:17.716Z,2025-10-28T01:11:10.567Z,510.44,8.99,$510.44,"Regalo para partera, blanco roto 160_NO1",https://www.amazon.com.mx/dp/B09NQZPQ8L,https://www.amazon.com/dp/B09NQZPQ8L,SRKSB LLC,CaaTan
,B0BG2QYWX3,2,Belleza,disponible,no disponible,,,2025-10-17T16:25:06.668Z,2025-10-19T14:47:25.770Z,2025-10-28T01:11:18.150Z,733.91,,$730.46,"Fires - Pantuflas para hombre con suela de goma suaves y ligeras, para casa y para exteriores, antideslizantes, para interiores y exteriores",https://www.amazon.com.mx/dp/B0BG2QYWX3,https://www.amazon.com/dp/B0BG2QYWX3,SRKSB LLC,
,B0CPPLWGFR,2,Belleza,disponible,no disponible,,,2025-10-17T16:25:06.669Z,2025-10-19T14:47:34.223Z,2025-10-28T01:11:26.371Z,500.06,,$503.44,"URQT 4 Color Polvo De Hadas Fairy Dust Highlight Patting Powder - Full Body Contouring and Clavicle Pearlescent Patting Powder for Face and Eye, Halloween Sparkling Body Glitter Powder (4 Pack)",https://www.amazon.com.mx/dp/B0CPPLWGFR,https://www.amazon.com/dp/B0CPPLWGFR,SRKSB LLC,
,B09T64LJ7F,2,Belleza,disponible,disponible,,,2025-10-17T16:25:06.669Z,2025-10-19T14:47:43.086Z,2025-10-28T01:11:34.512Z,199,7.99,$454.17,"Regalo de animadora, 857",https://www.amazon.com.mx/dp/B09T64LJ7F,https://www.amazon.com/dp/B09T64LJ7F,zhoukoulihanshangmaoyouxiangongsi,CaaTan
,B09YH2JJ49,2,Belleza,disponible,disponible,,,2025-10-17T16:25:06.669Z,2025-10-19T14:47:57.543Z,2025-10-28T01:11:48.586Z,894.47,23.79,$900.51,WYFJNX PU Leather Backpack Purse for Women Fashion Multipurpose Design Handbag Ladies Shoulder Bags Travel Backpack,https://www.amazon.com.mx/dp/B09YH2JJ49,https://www.amazon.com/dp/B09YH2JJ49,SRKSB LLC,WYFJNX-US
,B0CNRJ98V6,2,Belleza,disponible,no disponible,,,2025-10-17T16:25:06.669Z,2025-10-19T14:48:06.639Z,2025-10-28T01:11:56.981Z,969.82,,$969.82,"JCOOS - Kit para hacer brillo de labios, juego de brillo de labios para adolescentes, kit divertido para hacer brillo de labios para niñas, kit de brillo de labios para niñas, kit de brillo de labios",https://www.amazon.com.mx/dp/B0CNRJ98V6,https://www.amazon.com/dp/B0CNRJ98V6,SRKSB LLC,
,B0B9BFB8WJ,2,Belleza,disponible,disponible,,,2025-10-17T16:25:06.669Z,2025-10-19T14:48:14.591Z,2025-10-28T01:12:04.140Z,904.46,25.99,$921.94,"Nandashe - Blusa de manga 3/4 para mujer, estilo túnica floral, estilo informal, para verano",https://www.amazon.com.mx/dp/B0B9BFB8WJ,https://www.amazon.com/dp/B0B9BFB8WJ,SRKSB LLC,Nandashe
,B0C9TXLWLY,2,Belleza,disponible,no disponible,,,2025-10-17T16:25:06.669Z,2025-10-19T14:48:22.318Z,2025-10-28T01:12:11.699Z,951.11,,$965.92,"PRIME PROMETICS Primeeyes Glide Delineador de Ojos para Mujeres Maduras — Resistente Al Agua, Larga Estancia y A Prueba de Desórdenes — Textura Gel Crema, Afilador Discreto y Eficaz Difuminador(Negro)",https://www.amazon.com.mx/dp/B0C9TXLWLY,https://www.amazon.com/dp/B0C9TXLWLY,SRKSB LLC,
Deportes y Aire libre,B00NR2LGAQ,2,Belleza,disponible,no disponible,,,2025-10-17T16:25:06.669Z,2025-10-19T14:48:30.597Z,2025-10-28T01:12:18.534Z,562,,$914.64,Sunhiker,https://www.amazon.com.mx/dp/B00NR2LGAQ,https://www.amazon.com/dp/B00NR2LGAQ,Marca: sunhiker,
,B0BS95F5W3,2,Belleza,disponible,disponible,,,2025-10-17T16:25:06.669Z,2025-10-19T14:48:37.819Z,2025-10-28T01:12:26.865Z,1738.87,54.99,"$1,743.76","Prokva - Bolsa grande para cosméticos de maquillaje con 3 fundas extraíbles, funda organizadora de maquillaje de viaje de doble capa con divisores interiores y sección de almacenamiento de brochas de",https://www.amazon.com.mx/dp/B0BS95F5W3,https://www.amazon.com/dp/B0BS95F5W3,SRKSB LLC,SUMAI USA
"Deportes y Aire libre,Deportes y Aire libre",B0CJD81FMX,2,Belleza,disponible,disponible,,,2025-10-17T16:25:06.669Z,2025-10-19T14:48:47.416Z,2025-10-28T01:12:35.108Z,1370.31,39.9,"$1,379.55","HHGKED - Conjunto de 2 piezas para hombre de chándal activo de manga larga, trajes casuales",https://www.amazon.com.mx/dp/B0CJD81FMX,https://www.amazon.com/dp/B0CJD81FMX,SRKSB LLC,TAOE
,B082NPKNSJ,2,Belleza,disponible,no disponible,,,2025-10-17T16:25:06.669Z,2025-10-19T14:48:54.835Z,2025-10-28T01:12:43.584Z,535.99,,$542.04,"Jacknb Kit de tatuajes temporales Jagua Gel Semipermanente Tatuaje de Mano Libre, Marcadores de Arte Corporal DIY Tatuajes Tatuajes Falsos Tatuajes 40 Piezas gratis Adhesivo Tatuaje Kit Completo 3 Botellas",https://www.amazon.com.mx/dp/B082NPKNSJ,https://www.amazon.com/dp/B082NPKNSJ,MSTZKN SHİPMENT,
,B08VHXS4V7,2,Belleza,disponible,disponible,,,2025-10-17T16:25:06.669Z,2025-10-19T14:49:04.293Z,2025-10-28T01:12:51.224Z,1291.52,39.99,"$1,291.52","ECO BABY - Juego de bata y envoltura para mamá y mí | Juego de bata de maternidad y bebé a juego para niña, niño, parto y parto en el hospital",https://www.amazon.com.mx/dp/B08VHXS4V7,https://www.amazon.com/dp/B08VHXS4V7,SRKSB LLC,OLY Shop
,B00PEZ7E9Q,2,Belleza,disponible,no disponible,,,2025-10-17T16:25:06.670Z,2025-10-19T14:49:12.940Z,2025-10-28T01:12:58.475Z,2462,,"$2,485.20",Aeroblend Airbrush Mini Set: Complete Collection,https://www.amazon.com.mx/dp/B00PEZ7E9Q,https://www.amazon.com/dp/B00PEZ7E9Q,Ovolos,
,B07BLS5MB6,2,Belleza,disponible,disponible,,,2025-10-17T16:25:06.670Z,2025-10-19T14:49:20.350Z,2025-10-28T01:13:07.363Z,775.63,19.99,$780.87,"Witkey Power Flex - Pantalones de yoga con estribo, cintura alta, control de abdomen, leggings de yoga entrecruzados para entrenamiento, correr",https://www.amazon.com.mx/dp/B07BLS5MB6,https://www.amazon.com/dp/B07BLS5MB6,SRKSB LLC,Witkey Apparel
,B07BMBSFV8,2,Belleza,disponible,no disponible,,,2025-10-17T16:25:19.413Z,2025-10-19T14:49:28.165Z,2025-10-28T01:13:15.354Z,668.29,,$668.29,"European Gold Flash Black 2000X Indoor Tanning Lotion with Time-Release DHA Bronzers, 12 Ounce",https://www.amazon.com.mx/dp/B07BMBSFV8,https://www.amazon.com/dp/B07BMBSFV8,SRKSB LLC,
,B092JKWC3B,2,Belleza,disponible,disponible,,,2025-10-17T16:25:19.413Z,2025-10-19T14:49:36.256Z,2025-10-28T01:13:22.447Z,529.31,11.98,$626.50,Mess with Grandpa Baby Boy Ropa Unisex Divertidos Bodis para Bebé Niña,https://www.amazon.com.mx/dp/B092JKWC3B,https://www.amazon.com/dp/B092JKWC3B,Amazon Estados Unidos,BebeChoix
,B0B2JTC54N,2,Belleza,disponible,disponible,,,2025-10-17T16:25:19.413Z,2025-10-19T14:49:43.585Z,2025-10-28T01:13:29.871Z,1386.94,39.99,"$1,530.63","AMIRO Espejo de maquillaje LED de 8 pulgadas, brillo de 5 niveles/control de visualización táctil/función de memoria/rotación de 180°/espejo de aumento pequeño desmontable 5X",https://www.amazon.com.mx/dp/B0B2JTC54N,https://www.amazon.com/dp/B0B2JTC54N,SHERIFF EXPRESS,AMIRO Tech
,B0CPPPPP2B,2,Belleza,disponible,disponible,,,2025-10-17T16:25:19.413Z,2025-10-19T14:49:51.566Z,2025-10-28T01:13:38.273Z,852.1,16.99,$727.19,"Kucnuzki - Ropa de manga corta para niños y niñas, conjunto de ropa de 2 piezas para niñas",https://www.amazon.com.mx/dp/B0CPPPPP2B,https://www.amazon.com/dp/B0CPPPPP2B,SRKSB LLC,Kucnuzki
,B08RDQBTVD,2,Belleza,disponible,no disponible,,,2025-10-17T16:25:19.413Z,2025-10-19T14:49:59.432Z,2025-10-28T01:13:45.455Z,510.28,,$508.90,"BONNIE CHOICE- Juego de 6 pintalabios líquidos mate color piel, resistente al agua, de larga duración, antiadherente, 24 horas de duración",https://www.amazon.com.mx/dp/B08RDQBTVD,https://www.amazon.com/dp/B08RDQBTVD,Boon Shopping,
"Deportes y Aire libre,Deportes y Aire libre",B09DF2VCBG,2,Belleza,disponible,disponible,,,2025-10-17T16:25:19.413Z,2025-10-19T14:50:06.779Z,2025-10-28T01:13:53.360Z,512,22.99,$841.09,"Gorra de béisbol de mezclilla lavada de gran tamaño, tamaño XXL, de perfil bajo, para cabezas grandes, de 23.5 a 25.5 pulgadas, sombrero de papá teñido con pigmento grande",https://www.amazon.com.mx/dp/B09DF2VCBG,https://www.amazon.com/dp/B09DF2VCBG,XTT518HA,Realmark Store (Zylioo Exclusive Agency)
,B0CKWJJ9NH,2,Belleza,disponible,no disponible,,,2025-10-17T16:25:19.413Z,2025-10-19T14:50:13.799Z,2025-10-28T01:14:01.038Z,438.81,,$443.18,Albeaut Under Eye Concealer Brush Angled Eye Makeup Brush,https://www.amazon.com.mx/dp/B0CKWJJ9NH,https://www.amazon.com/dp/B0CKWJJ9NH,SRKSB LLC,
Deportes y Aire libre,B095WCZQXX,2,Belleza,disponible,disponible,,,2025-10-17T16:25:19.413Z,2025-10-19T14:50:21.566Z,2025-10-28T01:14:08.105Z,1170.34,31.99,"$1,170.34","Newchoice - Falda bohemia de leopardo para mujer, con abertura alta, baja, para verano, playa, faldas cruzadas",https://www.amazon.com.mx/dp/B095WCZQXX,https://www.amazon.com/dp/B095WCZQXX,SRKSB LLC,Newchoice
,B0D5Q27MFK,2,Belleza,disponible,no disponible,,,2025-10-17T16:25:19.413Z,2025-10-19T14:50:30.107Z,2025-10-28T01:14:15.456Z,490.18,,$493.50,"ALBEAUT Brochas Correctoras de Maquillaje 2 Pzas Brochas Angulares para Líquido, Crema, Stick Corrector Fundación Contorno Nariz Sombra de Ojos Mezcla (193-2Pcs)",https://www.amazon.com.mx/dp/B0D5Q27MFK,https://www.amazon.com/dp/B0D5Q27MFK,SRKSB LLC,
,B0BD85Y4P5,2,Belleza,disponible,no disponible,,,2025-10-17T16:25:19.414Z,2025-10-19T14:50:44.778Z,2025-10-28T01:14:32.044Z,634.37,,$638.66,"DLOODA Leggings acampanados para mujer con bolsillos, cintura alta cruzada, pantalones de yoga con control de abdomen",https://www.amazon.com.mx/dp/B0BD85Y4P5,https://www.amazon.com/dp/B0BD85Y4P5,SRKSB LLC,
,B086HXHSGQ,2,Belleza,disponible,no disponible,,,2025-10-17T16:25:19.414Z,2025-10-19T14:50:53.472Z,2025-10-28T01:14:40.924Z,781.66,,$791.39,Monica Ann Beauty- Prebase facial de doble acción - 15 ml | Prebase de maquillaje hidratante con vitamina C y ácido hialurónico | Smoothi,https://www.amazon.com.mx/dp/B086HXHSGQ,https://www.amazon.com/dp/B086HXHSGQ,SRKSB LLC,
,B0753D9PPP,2,Belleza,disponible,disponible,,,2025-10-17T16:25:19.414Z,2025-10-19T14:51:01.926Z,2025-10-28T01:14:48.057Z,634.04,8.99,$638.32,"Cinturón Obi para mujer de piel sintética de color sólido, banda ancha de cintura de 70 pulgadas, tamaño extra, Marino, Large",https://www.amazon.com.mx/dp/B0753D9PPP,https://www.amazon.com/dp/B0753D9PPP,SRKSB LLC,TY belt
,B0917GC64C,2,Belleza,disponible,no disponible,,,2025-10-17T16:25:19.414Z,2025-10-19T14:51:08.978Z,2025-10-28T01:14:55.453Z,1031.68,,"$1,038.64","Pestañas magnéticas de aspecto natural, pestañas magnéticas con kit de delineador de ojos. 4 tubos de delineador mejorados, resistentes al agua, de larga duración, de gran volumen, reutilizables.",https://www.amazon.com.mx/dp/B0917GC64C,https://www.amazon.com/dp/B0917GC64C,SRKSB LLC,
,B08R2K5WL4,2,Belleza,disponible,disponible,,,2025-10-17T16:25:19.414Z,2025-10-19T14:51:18.047Z,2025-10-28T01:15:04.591Z,702.87,17.08,$702.87,"Newchoice - playera casual de manga larga con cuello redondo para mujer, estilo túnica básica suelta",https://www.amazon.com.mx/dp/B08R2K5WL4,https://www.amazon.com/dp/B08R2K5WL4,SRKSB LLC,Newchoice
,B0CXLKN4JK,2,Belleza,disponible,no disponible,,,2025-10-17T16:25:19.414Z,2025-10-19T14:51:25.774Z,2025-10-28T01:15:12.115Z,589.76,,$608.36,FANXITON Kit de extensión de pestañas DIY Look Natural Wispy Lash Clusters D Curl 154 pzas Rúmulos de pestañas 8-16 mm Kit de extensión de pestañas Lash Bond and Seal Pinzas de pestañas Pestañas individuales Kit de racimo de pestañas para principiantes Juego de 156 piezas negro,https://www.amazon.com.mx/dp/B0CXLKN4JK,https://www.amazon.com/dp/B0CXLKN4JK,SRKSB LLC,
Deportes y Aire libre,B0CFVF9MH5,2,Belleza,disponible,no disponible,,,2025-10-17T16:25:19.414Z,2025-10-19T14:51:33.184Z,2025-10-28T01:15:20.282Z,1426.14,,"$1,437.01","Aitmoask - Conjunto de trajes deportivos de terciopelo para mujer 2023 para otoño, A-azul, L",https://www.amazon.com.mx/dp/B0CFVF9MH5,https://www.amazon.com/dp/B0CFVF9MH5,SRKSB LLC,
,B0B9ZLFBFD,2,Belleza,disponible,no disponible,,,2025-10-17T16:25:37.222Z,2025-10-19T14:51:40.013Z,2025-10-28T01:15:27.941Z,515.31,,$515.31,"Beteligir Delineador de Ojos Activado Por Agua, Pintura de Pastel de Neón Uv Glow, 12 Delineador de Ojos Hydra de Color Brillante, Uv Glow Negrolight Luminous Body Face Makeup Paint, Disfraz de Hallow",https://www.amazon.com.mx/dp/B0B9ZLFBFD,https://www.amazon.com/dp/B0B9ZLFBFD,SRKSB LLC,
"Deportes y Aire libre,Deportes y Aire libre,Deportes y Aire libre,Deportes y Aire libre",B0BCV111CS,2,Belleza,disponible,disponible,,,2025-10-17T16:25:37.222Z,2025-10-19T14:51:48.859Z,2025-10-28T01:15:34.926Z,973.15,27.99,"$1,001.45","Aurefin High Waisted Athletic Shorts for Women, Womens Plus Size Running Workout Shorts with Liner and Zip Pocket 4 Inch",https://www.amazon.com.mx/dp/B0BCV111CS,https://www.amazon.com/dp/B0BCV111CS,SRKSB LLC,Aurefin Sports
,B09JB243WR,2,Belleza,disponible,disponible,,,2025-10-17T16:25:37.222Z,2025-10-19T14:51:56.470Z,2025-10-28T01:15:43.854Z,461.6,7.99,$464.73,"Sazuwu Bolsa de cosméticos para regalo de cumpleaños 18 años, Negro -",https://www.amazon.com.mx/dp/B09JB243WR,https://www.amazon.com/dp/B09JB243WR,SRKSB LLC,Qizigoo
,B0B6116QTP,2,Belleza,disponible,disponible,,,2025-10-17T16:25:37.222Z,2025-10-19T14:52:03.476Z,2025-10-28T01:15:51.953Z,1638.89,72.99,"$1,659.67","SlumberMee Bata de forro polar suave con capucha para hombre, longitud completa, con bolsillos de gamuza, abrigo de casa esponjoso, Azul oscuro, Large Big Tall",https://www.amazon.com.mx/dp/B0B6116QTP,https://www.amazon.com/dp/B0B6116QTP,SRKSB LLC,SlumberMee
,B073ZGCT1F,2,Belleza,disponible,no disponible,,,2025-10-17T16:25:37.222Z,2025-10-19T14:52:11.317Z,2025-10-28T01:15:59.515Z,529.99,,$529.99,"Annabelle Waterline Matte Kohl Eyeliner, Beige, 0.04 oz",https://www.amazon.com.mx/dp/B073ZGCT1F,https://www.amazon.com/dp/B073ZGCT1F,SRKSB LLC,
,B09W2SH83V,2,Belleza,disponible,disponible,,,2025-10-17T16:25:37.222Z,2025-10-19T14:52:20.242Z,2025-10-28T01:16:07.734Z,1167.18,35.99,"$1,175.86",Travel Bag for Tonies Figures and Toniebox,https://www.amazon.com.mx/dp/B09W2SH83V,https://www.amazon.com/dp/B09W2SH83V,SRKSB LLC,ANNMORE
,B0862CJ6CY,2,Belleza,disponible,disponible,,,2025-10-17T16:25:37.222Z,2025-10-19T14:52:28.334Z,2025-10-28T01:16:15.020Z,418.45,6.25,$419.90,"Rizador de pestanas, clip profesional de belleza, herramienta para alargar rapidamente, espesar, para rizadores de pestanas, rizadores de pestanas y reparacion de pestanas (negro)",https://www.amazon.com.mx/dp/B0862CJ6CY,https://www.amazon.com/dp/B0862CJ6CY,Rimecebuy,Alucy
,B09151KLCV,2,Belleza,disponible,disponible,,,2025-10-17T16:25:37.222Z,2025-10-19T14:52:36.081Z,2025-10-28T01:16:21.950Z,854.59,19.54,$853.21,"Kaximil Vestido Corto sin Mangas para Mujer, Sexy, Entallado, sin Mangas, Fruncido, para Fiesta",https://www.amazon.com.mx/dp/B09151KLCV,https://www.amazon.com/dp/B09151KLCV,Novayu,Kaximil Brand Fashion
,B0D9HJHZX4,2,Belleza,disponible,disponible,,,2025-10-17T16:25:37.222Z,2025-10-19T14:52:44.774Z,2025-10-28T01:16:30.739Z,521.78,9.99,$521.78,"20 espejos de aumento con luz, espejo de viaje con luz, espejos de maquillaje iluminados con aumento, espejos de mano con asa, mesa portátil, adecuado para baño",https://www.amazon.com.mx/dp/B0D9HJHZX4,https://www.amazon.com/dp/B0D9HJHZX4,SRKSB LLC,Pedomiror Direct
,B07ZP3TR5F,2,Belleza,disponible,no disponible,,,2025-10-17T16:25:37.222Z,2025-10-19T14:52:52.293Z,2025-10-28T01:16:38.752Z,924.2,,$922.82,Winter Down Coats for Kids Baby Boys Girls Light Puffer Padded Jacket Bear Hoods Infant Outerwear,https://www.amazon.com.mx/dp/B07ZP3TR5F,https://www.amazon.com/dp/B07ZP3TR5F,Boon Shopping,
,B08HJYBR7J,2,Belleza,disponible,no disponible,,,2025-10-17T16:25:37.222Z,2025-10-19T14:53:00.553Z,2025-10-28T01:16:46.699Z,634.51,,$634.51,False Eyelashes 30 Pairs Natural 3D Faux Mink Lashes Pack Handmade Eye Lashes Wholesale 10 Styles,https://www.amazon.com.mx/dp/B08HJYBR7J,https://www.amazon.com/dp/B08HJYBR7J,SRKSB LLC,
,B08CRSHZK5,2,Belleza,disponible,disponible,,,2025-10-17T16:25:37.223Z,2025-10-19T14:53:08.161Z,2025-10-28T01:16:54.903Z,799.77,19.98,$809.42,"LETSRUNWILD Blusa tipo túnica para llevar con leggings, suéter de manga larga de otoño para mujer, Le / Sapphire, M",https://www.amazon.com.mx/dp/B08CRSHZK5,https://www.amazon.com/dp/B08CRSHZK5,SRKSB LLC,LETSRUNWILD
,B0D4TZ6T2Q,2,Belleza,disponible,disponible,,,2025-10-17T16:25:37.223Z,2025-10-19T14:53:15.336Z,2025-10-28T01:17:02.763Z,496.42,7.79,$486.03,"Tucnoeu - 2 bolsas pequeñas de piel para bolso pequeño de maquillaje con cierre portátil pequeño organizador de cosméticos para mujeres y niñas, negro, (Black, Beige), Estuche de piel",https://www.amazon.com.mx/dp/B0D4TZ6T2Q,https://www.amazon.com/dp/B0D4TZ6T2Q,SRKSB LLC,Dependon
,B0B7DKVKS6,2,Belleza,disponible,disponible,,,2025-10-17T16:25:37.223Z,2025-10-19T14:53:29.059Z,2025-10-28T01:17:18.313Z,576.4,8.99,$580.29,"Sazuwu - Bolsa de maquillaje para regalo de 60 cumpleaños para mujer, Regalos de cumpleaños 60, 1 pieza",https://www.amazon.com.mx/dp/B0B7DKVKS6,https://www.amazon.com/dp/B0B7DKVKS6,SRKSB LLC,Qizigoo
,B07MYS5NS1,2,Belleza,disponible,disponible,,,2025-10-17T16:25:37.223Z,2025-10-19T14:53:36.314Z,2025-10-28T01:17:27.419Z,1013.64,27.79,"$1,013.64","MUSE FATH Camisa de vestir Oxford para hombre, de algodón, casual, ajuste regular, camisa de manga larga",https://www.amazon.com.mx/dp/B07MYS5NS1,https://www.amazon.com/dp/B07MYS5NS1,SRKSB LLC,Muse Fath Fashion
,B0D3PWS493,2,Belleza,disponible,disponible,,,2025-10-17T16:25:37.223Z,2025-10-19T14:53:44.007Z,2025-10-28T01:17:35.973Z,560.56,10.99,$564.35,"NICKTI Espejo de maquillaje de viaje con iluminación LED con aumento de 1x/5x/10x, espejo de cambiador de bolsillo de mano con luces, botón táctil, espejo compacto, portátil para bolso y monederos",https://www.amazon.com.mx/dp/B0D3PWS493,https://www.amazon.com/dp/B0D3PWS493,SRKSB LLC,Starfar US Store
,B002BUBWHM,2,Belleza,disponible,no disponible,,,2025-10-17T16:25:50.199Z,2025-10-19T14:53:52.190Z,2025-10-28T01:17:43.060Z,778.8,,$784.06,"4 Color Airbrush Temporary Tattoo Ink Kit Black, Red, Blue, Yellow by Custom Body Art",https://www.amazon.com.mx/dp/B002BUBWHM,https://www.amazon.com/dp/B002BUBWHM,SRKSB LLC,
,B0CBR8N822,2,Belleza,disponible,no disponible,,,2025-10-17T16:25:50.199Z,2025-10-19T14:53:59.831Z,2025-10-28T01:17:51.810Z,634.14,,$639.65,"DLOODA - Falda de tenis para mujer, con bolsillos, pantalones cortos, de cintura alta, para golf, correr, entrenamiento",https://www.amazon.com.mx/dp/B0CBR8N822,https://www.amazon.com/dp/B0CBR8N822,SRKSB LLC,
,B0C4TDW9R4,2,Belleza,disponible,no disponible,,,2025-10-17T16:25:50.199Z,2025-10-19T14:54:08.994Z,2025-10-28T01:17:59.773Z,386.65,,$388.53,"DABZAL Fovcos Óleo hidratante para brilho labial,óleo hidratante para brilho labial,brilho labial transparente,óleo labial,óleo labial volumoso,protetor labial,protetor labial,protetor labial tingido",https://www.amazon.com.mx/dp/B0C4TDW9R4,https://www.amazon.com/dp/B0C4TDW9R4,SRKSB LLC,
,B08SQPTPLW,2,Belleza,disponible,disponible,,,2025-10-17T16:25:50.199Z,2025-10-19T14:54:17.044Z,2025-10-28T01:18:07.991Z,705.76,17.99,$715.23,HMILES,https://www.amazon.com.mx/dp/B08SQPTPLW,https://www.amazon.com/dp/B08SQPTPLW,SRKSB LLC,H-MILES
,B09ZHPN49H,2,Belleza,disponible,disponible,,,2025-10-17T16:25:50.200Z,2025-10-19T14:54:25.108Z,2025-10-28T01:18:16.940Z,558.88,8.59,$557.50,"Sazuwu - Bolsa de maquillaje para farmacéuticos de regalo para mujeres, Técnico de farmacia porque los farmacéuticos también necesitan héroes",https://www.amazon.com.mx/dp/B09ZHPN49H,https://www.amazon.com/dp/B09ZHPN49H,MaYourStore,Qizigoo
,B0BNL1WCQK,2,Belleza,disponible,no disponible,,,2025-10-17T16:25:50.200Z,2025-10-19T14:54:31.561Z,2025-10-28T01:18:23.854Z,786.95,,$786.95,"COPYLEAF Pantalones de yoga acampanados para mujer con bolsillos, cruzados en V, cintura alta, corte de bota, pantalones de yoga con control de abdomen",https://www.amazon.com.mx/dp/B0BNL1WCQK,https://www.amazon.com/dp/B0BNL1WCQK,SRKSB LLC,
,B0BV4MC5QK,2,Belleza,disponible,no disponible,,,2025-10-17T16:25:50.200Z,2025-10-19T14:54:39.959Z,2025-10-28T01:18:32.392Z,591.61,,$591.61,JEGO Limpiador De Brochas De Maquillaje De Belleza Limpiador De Esponja Líquida | Botella De 8 Oz Con Tazón De Textura | Solución De Limpieza De Cepillos | Solución Hipoalergénica Y A Base De Plantas,https://www.amazon.com.mx/dp/B0BV4MC5QK,https://www.amazon.com/dp/B0BV4MC5QK,SRKSB LLC,
,B099N3FMQZ,2,Belleza,disponible,no disponible,,,2025-10-17T16:25:50.200Z,2025-10-19T14:54:47.669Z,2025-10-28T01:18:38.948Z,1446.95,,"$1,612.38","Gash Hao - Pantalones de snowboard impermeables para hombre, con forro polar y cierre en la parte inferior de la pierna",https://www.amazon.com.mx/dp/B099N3FMQZ,https://www.amazon.com/dp/B099N3FMQZ,BROWN LEAVES LLC,
,B09NPMHMJS,2,Belleza,disponible,no disponible,,,2025-10-17T16:25:50.200Z,2025-10-19T14:54:56.041Z,2025-10-28T01:18:47.828Z,724.76,,$736.25,"365park Cosmetic Bag, Travel Makeup Accessories Organizer Bag Cosmetic Case Mother's Day Gift",https://www.amazon.com.mx/dp/B09NPMHMJS,https://www.amazon.com/dp/B09NPMHMJS,SRKSB LLC,
,B08XZHDBGW,2,Belleza,disponible,disponible,,,2025-10-17T16:25:50.200Z,2025-10-19T14:55:04.728Z,2025-10-28T01:18:55.749Z,763.97,19.99,$762.77,"KIKIWING - brasier deportivo sin costuras para mujer, sin costuras, para entrenamiento, sin mangas, con forro largo, para mujer, brasier deportivo acanalado",https://www.amazon.com.mx/dp/B08XZHDBGW,https://www.amazon.com/dp/B08XZHDBGW,SRKSB LLC,KIKIWING
,B09P8JSLLZ,2,Belleza,disponible,disponible,,,2025-10-17T16:25:50.200Z,2025-10-19T14:55:12.810Z,2025-10-28T01:19:04.270Z,601.28,7.99,$550.30,"Sazuwu Regalos para abuela de nietos, regalo para el día de la madre, bolsa de maquillaje, regalo para abuela a ser bolsa de cosméticos, regalos de glamma, regalos de jubilación por primera vez para nana, cumpleaños, Navidad, bolsa de viaje, Blanco",https://www.amazon.com.mx/dp/B09P8JSLLZ,https://www.amazon.com/dp/B09P8JSLLZ,SRKSB LLC,Qizigoo
Deportes y Aire libre,B092VMPDBF,2,Belleza,disponible,no disponible,,,2025-10-17T16:25:50.200Z,2025-10-19T14:55:20.428Z,2025-10-28T01:19:11.892Z,1052.86,,"$1,052.86","VEOBIKE - Pantalones elásticos de senderismo para hombre, de secado rápido, ligeros, resistentes al agua, pantalones de pesca al aire última intervensión, bolsillos inferiores ajustables",https://www.amazon.com.mx/dp/B092VMPDBF,https://www.amazon.com/dp/B092VMPDBF,SRKSB LLC,
,B09JSCHRML,2,Belleza,disponible,disponible,,,2025-10-17T16:25:50.200Z,2025-10-19T14:55:28.881Z,2025-10-28T01:19:18.726Z,510.59,8.99,$510.59,"Writer Gifts for Women - Bolsa de maquillaje para escritura creativa y futuros autores - Bolsa de cosméticos para adultos, Beige",https://www.amazon.com.mx/dp/B09JSCHRML,https://www.amazon.com/dp/B09JSCHRML,SRKSB LLC,Qizigoo
,B08KZH2M4R,2,Belleza,disponible,disponible,,,2025-10-17T16:25:50.200Z,2025-10-19T14:55:36.891Z,2025-10-28T01:19:27.471Z,1105.57,32.99,"$1,143.33","Promover - Pantalones capri para mujer, pantalones cortos de yoga de pierna ancha, con bolsillos, holgados, informales, para verano, Azul Real, S",https://www.amazon.com.mx/dp/B08KZH2M4R,https://www.amazon.com/dp/B08KZH2M4R,SRKSB LLC,Promover
,B0B2J356Z4,2,Belleza,disponible,disponible,,,2025-10-17T16:25:50.200Z,2025-10-19T14:55:45.413Z,2025-10-28T01:19:36.310Z,1449.22,39.99,"$1,555.15","AMIRO - Espejo de maquillaje profesional con iluminación LED de 8 pulgadas con brillo de 5 niveles, con espejo pequeño de aumento 5X, espejo cosmético recargable de mesa con control táctil de rotación",https://www.amazon.com.mx/dp/B0B2J356Z4,https://www.amazon.com/dp/B0B2J356Z4,KUZU GLOBAL,AMIRO Tech
,B08KZG3NB3,2,Belleza,disponible,disponible,,,2025-10-17T16:25:50.201Z,2025-10-19T14:55:52.411Z,2025-10-28T01:19:45.311Z,1027.48,32.99,"$1,230.52","Promover - Pantalones capri para mujer, pantalones cortos de yoga de pierna ancha, con bolsillos, holgados, informales, para verano, Azul Real, L",https://www.amazon.com.mx/dp/B08KZG3NB3,https://www.amazon.com/dp/B08KZG3NB3,Amazon Europa,Promover
,B0BX965YJC,2,Belleza,disponible,disponible,,,2025-10-17T16:25:59.421Z,2025-10-19T14:56:00.179Z,2025-10-28T01:19:53.997Z,496.34,8.99,$498.86,"Regalos de ahijada de madrina, espejo de maquillaje compacto, regalos de dios e hija, regalos de bautizo para mujeres, regalos inspiradores de cumpleaños, espejo de maquillaje plegable, regalos cristianos para adolescentes y niñas",https://www.amazon.com.mx/dp/B0BX965YJC,https://www.amazon.com/dp/B0BX965YJC,SRKSB LLC,Tiimmy
,B072J7JFT8,2,Belleza,disponible,no disponible,,,2025-10-17T16:25:59.421Z,2025-10-19T14:56:14.183Z,2025-10-28T01:20:08.579Z,751.92,,$733.57,Zoreya Travel Makeup Brush Set White 12pcs Makeup Brushes Premium Synthetic Hair Professional Foundation Powder Contour Blush Cosmetic Eye Brush Sets With Holder For Mother's Day Gifts,https://www.amazon.com.mx/dp/B072J7JFT8,https://www.amazon.com/dp/B072J7JFT8,Boon Shopping,
,B0CWP19S6G,2,Belleza,disponible,disponible,,,2025-10-17T16:25:59.421Z,2025-10-19T14:56:23.113Z,2025-10-28T01:20:15.850Z,634.04,8.99,$580.29,"Sazuwu - Bolsa de maquillaje para regalo de 50 cumpleaños para mamá nacida en 1974, Púrpura",https://www.amazon.com.mx/dp/B0CWP19S6G,https://www.amazon.com/dp/B0CWP19S6G,SRKSB LLC,Qizigoo
,B0991Z238G,2,Belleza,no disponible,disponible,,,2025-10-17T16:25:59.421Z,2025-10-19T14:56:31.253Z,2025-10-28T01:20:23.032Z,,11.99,$666.78,"JASEFA Espejo de maquillaje de computadora con aumento desmontable de 10x, rotación de 360°, espejo de cuello de cisne flexible con soporte, espejo cosmético de mesa, bueno para afeitar, viajar, rectangular",https://www.amazon.com.mx/dp/B0991Z238G,https://www.amazon.com/dp/B0991Z238G,Marca: Jasefa,JASEFA-US
,B094F94QC8,2,Belleza,disponible,disponible,,,2025-10-17T16:25:59.421Z,2025-10-19T14:56:39.110Z,2025-10-28T01:20:31.654Z,551.27,8.58,$577.65,"EPLAZA Bata corta de satén para mujer, talla única, con diamantes de imitación, para novia, dama de honor, para boda, fiesta, prepararse, marino, Talla única",https://www.amazon.com.mx/dp/B094F94QC8,https://www.amazon.com/dp/B094F94QC8,Novayu,EPLAZA
,B0CW1MC78N,2,Belleza,disponible,disponible,,,2025-10-17T16:25:59.421Z,2025-10-19T14:56:46.236Z,2025-10-28T01:20:39.775Z,564.32,8.59,$568.13,"Sazuwu - Bolsa de maquillaje para hija, regalo de boda, regalo para novia de suegra, Azul",https://www.amazon.com.mx/dp/B0CW1MC78N,https://www.amazon.com/dp/B0CW1MC78N,SRKSB LLC,Qizigoo
,B0714HWBDF,2,Belleza,disponible,no disponible,,,2025-10-17T16:25:59.421Z,2025-10-19T14:56:53.250Z,2025-10-28T01:20:46.945Z,779.52,,$779.52,Zoreya Travel Makeup Brush Set 12pcs Pink Makeup Brushes Professional Foundation Powder Contour Blush Eye Cosmetic Brush Sets With Holder For Mother's Day Gifts,https://www.amazon.com.mx/dp/B0714HWBDF,https://www.amazon.com/dp/B0714HWBDF,SRKSB LLC,
,B073VF45Z3,2,Belleza,disponible,no disponible,,,2025-10-17T16:25:59.421Z,2025-10-19T14:57:01.255Z,2025-10-28T01:20:53.714Z,580.71,,$580.71,Makeup Brushes 24pcs Makeup Brushes Set Kabuki Foundation Blending Brush Face Powder Blush Concealers Eye Shadows Make Up Brushes Kit with Bag,https://www.amazon.com.mx/dp/B073VF45Z3,https://www.amazon.com/dp/B073VF45Z3,SRKSB LLC,
,B0CY8CCS4J,2,Belleza,disponible,no disponible,,,2025-10-17T16:25:59.421Z,2025-10-19T14:57:08.811Z,2025-10-28T01:21:02.748Z,901.28,,$904.98,"DOSUKE - Bolsa de maquillaje acolchada de viaje para mujer, Rojo (Red Flower), Medium (3",https://www.amazon.com.mx/dp/B0CY8CCS4J,https://www.amazon.com/dp/B0CY8CCS4J,SRKSB LLC,
,B09KBGZHQ4,2,Belleza,disponible,disponible,,,2025-10-17T16:25:59.421Z,2025-10-19T14:57:16.338Z,2025-10-28T01:21:09.931Z,199,5.99,$404.90,"Sfodiary - Bolsa de maquillaje, regalo inspirador para jugadores de tenis, regalo de cumpleaños para mujeres, bolsa de cosméticos, regalo de graduación, regalo para tenis, niña, viaje, bolsa de cosméticos, regalo de Navidad, Negro -",https://www.amazon.com.mx/dp/B09KBGZHQ4,https://www.amazon.com/dp/B09KBGZHQ4,zhoukoulihanshangmaoyouxiangongsi,JZHOO
,B09YNDG2F6,2,Belleza,disponible,disponible,,,2025-10-17T16:25:59.422Z,2025-10-19T14:57:25.283Z,2025-10-28T01:21:18.975Z,462.52,7.69,$465.04,"Sazuwu - Bolsa de maquillaje para mujer, Regalos de hipopótamo (3)",https://www.amazon.com.mx/dp/B09YNDG2F6,https://www.amazon.com/dp/B09YNDG2F6,SRKSB LLC,Qizigoo
,B0BH3Y3VCP,2,Belleza,disponible,no disponible,,,2025-10-17T16:25:59.422Z,2025-10-19T14:57:33.931Z,2025-10-28T01:21:26.891Z,432.07,,$432.07,"LFOYOU - Espejo de cambiador de mesa con soporte, espejo de maquillaje para computadora, cuello de cisne flexible ajustable, rotación de 360 °, plegable, portátil, espejo cosmético, cuadrado",https://www.amazon.com.mx/dp/B0BH3Y3VCP,https://www.amazon.com/dp/B0BH3Y3VCP,SRKSB LLC,
,B0BBVWF2GS,2,Belleza,disponible,disponible,,,2025-10-17T16:25:59.422Z,2025-10-19T14:57:41.950Z,2025-10-28T01:21:34.965Z,564.32,8.59,$568.13,"Regalos cristianos para mujeres, regalos inspiradores para niñas, espejo de maquillaje compacto para amiga, hermana, versículo bíblico, regalo religioso, espejo de maquillaje compacto, regalos de Navidad y cumpleaños",https://www.amazon.com.mx/dp/B0BBVWF2GS,https://www.amazon.com/dp/B0BBVWF2GS,SRKSB LLC,Tiimmy
,B09RZQL1D4,2,Belleza,disponible,disponible,,,2025-10-17T16:25:59.422Z,2025-10-19T14:57:48.883Z,2025-10-28T01:21:43.599Z,576.4,8.99,$578.90,"Bolsa de maquillaje para camping, 273_NO1",https://www.amazon.com.mx/dp/B09RZQL1D4,https://www.amazon.com/dp/B09RZQL1D4,SRKSB LLC,Qizigoo
,B08P26W6XH,2,Belleza,disponible,disponible,,,2025-10-17T16:25:59.422Z,2025-10-19T14:57:55.620Z,2025-10-28T01:21:52.111Z,715.45,13.99,$714.07,Makeup Brush Holder Makeup Brush Case for Women Makeup Artist Storage Bag Cosmetic Bags,https://www.amazon.com.mx/dp/B08P26W6XH,https://www.amazon.com/dp/B08P26W6XH,Boon Shopping,WarmstoreUS
,B00BMEN1BI,2,Belleza,disponible,no disponible,,,2025-10-17T16:25:59.422Z,2025-10-19T14:58:04.007Z,2025-10-28T01:21:59.610Z,596.18,,$601.08,"Lip Elegance Eyebrow Sealer, 0.17 oz",https://www.amazon.com.mx/dp/B00BMEN1BI,https://www.amazon.com/dp/B00BMEN1BI,SRKSB LLC,
,B0D5MHP4C2,2,Belleza,disponible,disponible,,,2025-10-17T16:26:09.395Z,2025-10-19T14:58:12.569Z,2025-10-28T01:22:07.789Z,199,12.99,$577.46,"RYYCDOI - Bolsa de maquillaje de playa estética, bolsa de cosméticos para mujeres, regalos de playa para amigas, regalos para amantes de la playa, regalos de día festivo en la playa, bolsa de",https://www.amazon.com.mx/dp/B0D5MHP4C2,https://www.amazon.com/dp/B0D5MHP4C2,zhoukoulihanshangmaoyouxiangongsi,Xiaodongecommerce
,B0D8W2W8C2,2,Belleza,disponible,no disponible,,,2025-10-17T16:26:20.614Z,2025-10-19T14:58:20.165Z,2025-10-28T01:22:14.701Z,415.23,,$749.79,"EQQUALBERRY Suero reafirmante Bakuchiol: minimizador de poros y arrugas con bakuchiol | Alternativa al retinol para pieles sensibles | Mejora la firmeza y la elasticidad con ceramidas y péptidos, 1,01 oz/30 ml",https://www.amazon.com.mx/dp/B0D8W2W8C2,https://www.amazon.com/dp/B0D8W2W8C2,KIT PRICE - (con Facturación),
,B08DTJG5FL,2,Belleza,disponible,disponible,,,2025-10-17T16:26:20.614Z,2025-10-19T14:58:27.297Z,2025-10-28T01:22:21.910Z,666.5,9.99,$671.00,"Cinturón Obi para mujer, clásico, ancho, elástico, ajustable, elástico, Bronceado, Talla única",https://www.amazon.com.mx/dp/B08DTJG5FL,https://www.amazon.com/dp/B08DTJG5FL,SRKSB LLC,TY belt
,B01FSZQU50,2,Belleza,disponible,no disponible,,,2025-10-17T16:26:20.614Z,2025-10-19T14:58:34.552Z,2025-10-28T01:22:30.398Z,626.73,,$626.73,Vinilin (Shostakovsky Balsam) 50g/1.8oz,https://www.amazon.com.mx/dp/B01FSZQU50,https://www.amazon.com/dp/B01FSZQU50,SRKSB LLC,
,B08W57Z24N,2,Belleza,disponible,no disponible,,,2025-10-17T16:26:20.614Z,2025-10-19T14:58:42.133Z,2025-10-28T01:22:38.101Z,682.07,,$682.07,"O!GETi Vitamin C Serum Mist | Vitamin C, Hyaluronic acid, Moisturizing mist for face, all skin type, Korean skincare, for men and women, 2.70 Fl.Oz (80ml)",https://www.amazon.com.mx/dp/B08W57Z24N,https://www.amazon.com/dp/B08W57Z24N,SRKSB LLC,
,B00B3Q8QZ6,2,Belleza,disponible,no disponible,,,2025-10-17T16:26:20.614Z,2025-10-19T14:58:57.557Z,2025-10-28T01:22:53.228Z,414.98,,$430.16,Medimix Face Wash 100ml by Medimix,https://www.amazon.com.mx/dp/B00B3Q8QZ6,https://www.amazon.com/dp/B00B3Q8QZ6,SRKSB LLC,
,B01N9C2OYN,2,Belleza,disponible,no disponible,,,2025-10-17T16:26:20.614Z,2025-10-19T14:59:06.613Z,2025-10-28T01:23:02.133Z,659,,$736.71,"Spray protector para la piel, 4 onzas, paquete de 2, Original Version",https://www.amazon.com.mx/dp/B01N9C2OYN,https://www.amazon.com/dp/B01N9C2OYN,Natural  Mx ⭐ (Facturamos),
,B0C4NWGVTF,2,Belleza,disponible,no disponible,,,2025-10-17T16:26:20.614Z,2025-10-19T14:59:15.450Z,2025-10-28T01:23:10.290Z,465.87,,$466.45,"Taimand Parches Debajo de Los Ojos (30 Pares), Oro 24K Mascarilla para Ojos Hinchados, Ojeras, Bolsas y Arrugas Con Colágeno, Alivia La Presión y Reduce Arrugas, Revitaliza y Refresca Tu Piel",https://www.amazon.com.mx/dp/B0C4NWGVTF,https://www.amazon.com/dp/B0C4NWGVTF,SRKSB LLC,
,B0CR2XVH7Y,2,Belleza,disponible,no disponible,,,2025-10-17T16:26:20.614Z,2025-10-19T14:59:24.542Z,2025-10-28T01:23:17.473Z,491.03,,$515.81,"RBUGR- Paquete de 39 bálsamos labiales, 12 bálsamos labiales con sabor a granel, juego de bálsamos labiales naturales, cera de abejas hidratante y calmante",https://www.amazon.com.mx/dp/B0CR2XVH7Y,https://www.amazon.com/dp/B0CR2XVH7Y,Quantum Home Products,
,B0D5M7LKBW,2,Belleza,disponible,no disponible,,,2025-10-17T16:26:20.614Z,2025-10-19T14:59:32.714Z,2025-10-28T01:23:24.469Z,580.51,,$580.71,Dongyu- Crema de cafeína para los ojos contra las ojeras: suero para las bolsas debajo de los ojos Cuidado diario antes de las citas,https://www.amazon.com.mx/dp/B0D5M7LKBW,https://www.amazon.com/dp/B0D5M7LKBW,SRKSB LLC,
,B09XM9VFKS,2,Belleza,disponible,no disponible,,,2025-10-17T16:26:20.615Z,2025-10-19T14:59:41.239Z,2025-10-28T01:23:31.874Z,486.12,,$489.41,"ANKOOY Pacote com 12 conjuntos de creme para as mãos para mulheres e meninas, creme hidratante para as mãos com fragrância de plantas para mãos secas e rachadas, conjunto de mini loção para",https://www.amazon.com.mx/dp/B09XM9VFKS,https://www.amazon.com/dp/B09XM9VFKS,SRKSB LLC,
,B08JQQKY5L,2,Belleza,disponible,no disponible,,,2025-10-17T16:26:20.615Z,2025-10-19T14:59:50.083Z,2025-10-28T01:23:40.668Z,646.88,,$651.25,"Hematix 15g, Crema Unisex Adulto, Blanco (White), 30 Ml Paquete De 1",https://www.amazon.com.mx/dp/B08JQQKY5L,https://www.amazon.com/dp/B08JQQKY5L,SRKSB LLC,
,B0B1ZF9DZH,2,Belleza,disponible,no disponible,,,2025-10-17T16:26:20.615Z,2025-10-19T14:59:58.439Z,2025-10-28T01:23:48.954Z,723.04,,$741.61,"Maskiss 24k Gold Under Eye Patches (30 Pairs), eye mask, Collagen Skin Care Products, Eye Patches for Puffy Eyes, eye masks for dark circles and puffiness",https://www.amazon.com.mx/dp/B0B1ZF9DZH,https://www.amazon.com/dp/B0B1ZF9DZH,Premium Global,
,B08DJDGRH1,2,Belleza,disponible,no disponible,,,2025-10-17T16:26:20.615Z,2025-10-19T15:00:06.433Z,2025-10-28T01:23:56.918Z,646.46,,$646.46,"Toallitas corporales Busy Co XL | Limpieza sin ducha | Base vegetal, sin aluminio, natural | Todos los tipos de piel | Vegano | Sin crueldad | Sin parabenos | Sin aroma (Refresh sin perfume, 10 toallitas)",https://www.amazon.com.mx/dp/B08DJDGRH1,https://www.amazon.com/dp/B08DJDGRH1,SRKSB LLC,
,B0CRDVZQWV,2,Belleza,disponible,no disponible,,,2025-10-17T16:26:30.963Z,2025-10-19T15:00:15.859Z,2025-10-28T01:24:04.700Z,515.13,,$529.55,"BAINTA Mascarilla Para Debajo De Los Ojos, Mascarilla De Colágeno Para Ojos 60 Pzas, Extracto De Té Verde Parches Debajo De Los Ojos, Mascarilla Para Ojos Inflados, Tratamientos Para",https://www.amazon.com.mx/dp/B0CRDVZQWV,https://www.amazon.com/dp/B0CRDVZQWV,SRKSB LLC,
,B071NF7Q6B,2,Belleza,disponible,no disponible,,,2025-10-17T16:26:30.963Z,2025-10-19T15:00:23.548Z,2025-10-28T01:24:11.400Z,1956.72,,"$1,981.77","Korean Natural BOTONIX Age Defying Cream 24K Gold and 8 Peptides Effect Lifting and Firming Skin Regenerating Collagen â€"" 50 ml/1.7 oz. Bundle with 1 Mud Mask - 30 gm Randomly Picked Flavor",https://www.amazon.com.mx/dp/B071NF7Q6B,https://www.amazon.com/dp/B071NF7Q6B,BROWN LEAVES LLC,
,B07C2BRK19,2,Belleza,disponible,no disponible,,,2025-10-17T16:26:30.963Z,2025-10-19T15:00:31.450Z,2025-10-28T01:24:19.037Z,847.39,,$847.39,"Nella Oneday Whitener, White Snow Whitening and Brightening Ferment Cream, Radiant Tone-Up, Korean Beauty, 1.76 Ounce",https://www.amazon.com.mx/dp/B07C2BRK19,https://www.amazon.com/dp/B07C2BRK19,SRKSB LLC,
,B07L128X19,2,Belleza,disponible,no disponible,,,2025-10-17T16:26:30.963Z,2025-10-19T15:00:40.494Z,2025-10-28T01:24:25.807Z,433.7,,$423.58,"White Tone Crema Facial Suave Y Tersa - 50 G (1,76 Oz)",https://www.amazon.com.mx/dp/B07L128X19,https://www.amazon.com/dp/B07L128X19,SRKSB LLC,
,B07C5WZLWL,2,Belleza,disponible,no disponible,,,2025-10-17T16:26:30.963Z,2025-10-19T15:00:47.389Z,2025-10-28T01:24:32.965Z,403.65,,$403.65,Cupra Cr Manos 75ml,https://www.amazon.com.mx/dp/B07C5WZLWL,https://www.amazon.com/dp/B07C5WZLWL,SRKSB LLC,
,B0CLYSY4SK,2,Belleza,disponible,no disponible,,,2025-10-17T16:26:30.963Z,2025-10-19T15:00:55.173Z,2025-10-28T01:24:40.867Z,139,,No disponible,"NOVIIML low Balm - Beef Tallow For Skin Care, Tallow Moisturizer, Face Cream, Lotion & Cream (Vanilla, Grass-Fed Tallow)",https://www.amazon.com.mx/dp/B0CLYSY4SK,https://www.amazon.com/dp/B0CLYSY4SK,Marca: Beef Balm,
,B00M541YMM,2,Belleza,disponible,no disponible,,,2025-10-17T16:26:30.963Z,2025-10-19T15:01:04.251Z,2025-10-28T01:24:48.354Z,704.7,,$704.70,"Inis the Energy of the Sea Nourishing Hand Cream, 2.6 Fluid Ounce",https://www.amazon.com.mx/dp/B00M541YMM,https://www.amazon.com/dp/B00M541YMM,SRKSB LLC,
,B0D8HW19VJ,2,Belleza,disponible,no disponible,,,2025-10-17T16:26:30.964Z,2025-10-19T15:01:11.445Z,2025-10-28T01:24:55.771Z,423.65,,$428.49,"Aivoch 10 Pares De 20 Parches Dorados De 24 K Para Debajo De Los Ojos, Máscaras De Colágeno Para Ojeras E Hinchazón, Reducen Las Arrugas Y Los Ojos Hinchados, Refresca Tu Piel, Produ",https://www.amazon.com.mx/dp/B0D8HW19VJ,https://www.amazon.com/dp/B0D8HW19VJ,SRKSB LLC,
,B0CZSD2RZR,2,Belleza,disponible,no disponible,,,2025-10-17T16:26:30.964Z,2025-10-19T15:01:19.842Z,2025-10-28T01:25:03.116Z,681.4,,$686.00,ChapChamp - Bálsamo labial para hombres - 6 bálsamos labiales naturales con vitamina E y cera de abejas - Hidratante y protector de labios - Mate - 0.15 onzas - 2.5 x 0.2 pulgadas,https://www.amazon.com.mx/dp/B0CZSD2RZR,https://www.amazon.com/dp/B0CZSD2RZR,Rimecebuy,
,B07V4C4FCP,2,Belleza,disponible,no disponible,,,2025-10-17T16:26:30.964Z,2025-10-19T15:01:27.896Z,2025-10-28T01:25:09.638Z,499,,$651.25,"Soothe - Crema de ojos para tratamiento de reparación intensa para ojeras y hinchazón, bolsas de ojos y arrugas con ácido hialurónico antienvejecimiento, reafirmante, péptidos y cafeína para hombres y mujeres sin edad 0.5 onzas",https://www.amazon.com.mx/dp/B07V4C4FCP,https://www.amazon.com/dp/B07V4C4FCP,LA2MTY Facturamos todas tus compras,
,B0BGX38NP9,2,Belleza,disponible,no disponible,,,2025-10-17T16:26:30.964Z,2025-10-19T15:01:36.493Z,2025-10-28T01:25:17.655Z,861.88,,$867.70,Moart Lab. Vegan Low pH Foaming Oil Cleanser,https://www.amazon.com.mx/dp/B0BGX38NP9,https://www.amazon.com/dp/B0BGX38NP9,SRKSB LLC,
,B0CCNWY13J,2,Belleza,disponible,no disponible,,,2025-10-17T16:26:30.964Z,2025-10-19T15:01:51.259Z,2025-10-28T01:25:30.682Z,665.74,,$696.11,ZUMBA Face Cleanser - 8.5 Fl Oz - Gentle Face Cleanser for All Skin Types - Face Wash For Oily Skin & Hydrating Water Based Cleanser - Fomulated with 1% Salicylic Acid & 1% Niacinamide Cleanser,https://www.amazon.com.mx/dp/B0CCNWY13J,https://www.amazon.com/dp/B0CCNWY13J,SRKSB LLC,
,B0D7JWMCZN,2,Belleza,disponible,disponible,,,2025-10-17T16:26:30.964Z,2025-10-19T15:01:59.242Z,2025-10-28T01:25:38.561Z,972.25,25.99,$970.33,"AQILUN Mascarilla De Colágeno Profundo Anti Arrugas, Mascarilla De Colágeno Coco Beauty, Mascarilla De Hidrogel Reafirmante De Hidratación Profunda Para La Noche, Minimización De Por",https://www.amazon.com.mx/dp/B0D7JWMCZN,https://www.amazon.com/dp/B0D7JWMCZN,SRKSB LLC,gelvshishenghuoguan
,B00EFIJJD2,2,Belleza,disponible,no disponible,,,2025-10-17T16:26:30.964Z,2025-10-19T15:02:08.018Z,2025-10-28T01:25:46.916Z,1043.42,,"$1,050.18","Limpiador mineral 100% natural y orgánico para nutrir y renovar la piel estresada, congestionada y desnutrida. Contiene clorella, espirulina, fruta de noni, Kelp. Un lavado facial favorito profesional.",https://www.amazon.com.mx/dp/B00EFIJJD2,https://www.amazon.com/dp/B00EFIJJD2,SRKSB LLC,
,B01MY0UFRB,2,Belleza,disponible,no disponible,,,2025-10-17T16:26:42.636Z,2025-10-19T15:02:15.953Z,2025-10-28T01:25:54.315Z,1415.75,,"$1,421.30",[Leaders Insolution] Daily Wonders Too Mucho Diversión en el Sol calmante cara de algodón máscara de hoja 10 unidades,https://www.amazon.com.mx/dp/B01MY0UFRB,https://www.amazon.com/dp/B01MY0UFRB,MAVINA STORE,
,B0D42V53V5,2,Belleza,disponible,no disponible,,,2025-10-17T16:26:42.636Z,2025-10-19T15:02:24.372Z,2025-10-28T01:26:02.259Z,843.39,,$849.08,"Good Light- Leche para labios Taste of Space, hidratación de labios, ayuda a suavizar y nutrir los labios, se absorbe rápidamente, bálsamo labial vegano",https://www.amazon.com.mx/dp/B0D42V53V5,https://www.amazon.com/dp/B0D42V53V5,SRKSB LLC,
,B0CQLZPYSB,2,Belleza,disponible,no disponible,,,2025-10-17T16:26:42.636Z,2025-10-19T15:02:31.949Z,2025-10-28T01:26:09.560Z,530.35,,$530.35,"Ditoi - Toallas faciales limpias, desechables biodegradables, tela facial súper suave y grueso para el cuidado de la piel, toallitas secas desmaquillantes, paño de lavado facial sin pelusa para piel",https://www.amazon.com.mx/dp/B0CQLZPYSB,https://www.amazon.com/dp/B0CQLZPYSB,SRKSB LLC,
,B08MPY42PH,2,Belleza,disponible,no disponible,,,2025-10-17T16:26:42.637Z,2025-10-19T15:02:39.071Z,2025-10-28T01:26:18.252Z,483.45,,$483.45,"Bálsamo labial orgánico USDA de Earth's Daughter, paquete de 4 – sabor cremoso de coco, cera de abejas, aceite de coco, vitamina E – mejor barra de reparación de labios para labios secos agrietados",https://www.amazon.com.mx/dp/B08MPY42PH,https://www.amazon.com/dp/B08MPY42PH,SRKSB LLC,
,B073R78BPV,2,Belleza,disponible,no disponible,,,2025-10-17T16:26:42.637Z,2025-10-19T15:02:47.407Z,2025-10-28T01:26:24.980Z,928.38,,$938.84,Novu Derm- Pro Collagen Serum- Significally Increase Collagen Production Safely and Efficiently- Natural Luxurious Formula To Hydrate and Diminish Wri,https://www.amazon.com.mx/dp/B073R78BPV,https://www.amazon.com/dp/B073R78BPV,SRKSB LLC,
,B06XD31CVL,2,Belleza,disponible,no disponible,,,2025-10-17T16:26:42.637Z,2025-10-19T15:02:54.669Z,2025-10-28T01:26:32.516Z,751.9,,$751.90,Hydroxatone 90 Second Wrinkle Reducer 0.33 Fl. Oz Tube,https://www.amazon.com.mx/dp/B06XD31CVL,https://www.amazon.com/dp/B06XD31CVL,SRKSB LLC,
,B01NBBWJ8O,2,Belleza,disponible,no disponible,,,2025-10-17T16:26:42.637Z,2025-10-19T15:03:02.376Z,2025-10-28T01:26:40.309Z,1016.31,,"$1,056.41",Simply Divine Botanicals Black Velvet Facial Cleanser 4 fl. oz. by Simply Divine Botanicals,https://www.amazon.com.mx/dp/B01NBBWJ8O,https://www.amazon.com/dp/B01NBBWJ8O,SRKSB LLC,
,B01D2M4GFM,2,Belleza,disponible,no disponible,,,2025-10-17T16:26:42.637Z,2025-10-19T15:03:10.526Z,2025-10-28T01:26:48.356Z,743.51,,$743.51,"Alpha Skin Care - Essential Facial Moisturizer, with Hyaluronic Acid| Fragrance-Free and Paraben-Free| 2-Ounce (Packaging May Vary)",https://www.amazon.com.mx/dp/B01D2M4GFM,https://www.amazon.com/dp/B01D2M4GFM,SRKSB LLC,
,B0150GP1SO,2,Belleza,disponible,no disponible,,,2025-10-17T16:26:42.637Z,2025-10-19T15:03:17.478Z,2025-10-28T01:26:56.358Z,751.62,,$751.62,"Indigo Wild Zum Face Gentle Face Cleanser, 8 Fluid Ounce",https://www.amazon.com.mx/dp/B0150GP1SO,https://www.amazon.com/dp/B0150GP1SO,SRKSB LLC,
,B00L9RQH5U,2,Belleza,disponible,no disponible,,,2025-10-17T16:26:42.637Z,2025-10-19T15:03:24.558Z,2025-10-28T01:27:04.334Z,1004.67,,"$1,040.78",Elizabeth W Vetiver Hand Lotion by elizabeth W,https://www.amazon.com.mx/dp/B00L9RQH5U,https://www.amazon.com/dp/B00L9RQH5U,SRKSB LLC,
,B07B7MHLFB,2,Belleza,disponible,no disponible,,,2025-10-17T16:26:42.638Z,2025-10-19T15:03:31.815Z,2025-10-28T01:27:11.416Z,834,,$773.34,[Berrisom] SOS! Essence Lip Patch (30pcs),https://www.amazon.com.mx/dp/B07B7MHLFB,https://www.amazon.com/dp/B07B7MHLFB,NutriBien,
,B079CQQT1Q,2,Belleza,disponible,no disponible,,,2025-10-17T16:26:55.521Z,2025-10-19T15:03:39.232Z,2025-10-28T01:27:19.306Z,838.84,,$870.06,"Inis Energy of The Sea Mineral Moisturizing Hand Lotion, 10 Fluid Ounce",https://www.amazon.com.mx/dp/B079CQQT1Q,https://www.amazon.com/dp/B079CQQT1Q,SRKSB LLC,
,B01F7RP370,2,Belleza,disponible,no disponible,,,2025-10-17T16:26:55.522Z,2025-10-19T15:03:46.590Z,2025-10-28T01:27:27.179Z,1051.07,,"$1,058.17","Dark Circles Under Eye Treatment- Tackles Puffiness, Wrinkles and Bags - Natural Organic Eye Brightening Gel for Under and Around Eyes, suits Men & Wo",https://www.amazon.com.mx/dp/B01F7RP370,https://www.amazon.com/dp/B01F7RP370,SRKSB LLC,
,B07KFCGFR5,2,Belleza,disponible,no disponible,,,2025-10-17T16:26:55.522Z,2025-10-19T15:03:54.851Z,2025-10-28T01:27:33.625Z,1106.48,,"$1,113.96","Tanceuticals Self Tanning Mousse - Healthy Ingredients and Fresh Coconut Scent Gives Instant, Long-Lasting Sunless Tan - Self Tanner in Dark Shade - 6.7 oz",https://www.amazon.com.mx/dp/B07KFCGFR5,https://www.amazon.com/dp/B07KFCGFR5,SRKSB LLC,
,B006QNVA4A,2,Belleza,disponible,no disponible,,,2025-10-17T16:26:55.522Z,2025-10-19T15:04:03.758Z,2025-10-28T01:27:42.062Z,1679.67,,"$1,693.38",Organic Bio Damascena Anti-Wrinkle Eye Contour Cream,https://www.amazon.com.mx/dp/B006QNVA4A,https://www.amazon.com/dp/B006QNVA4A,SRKSB LLC,
,B071X7W4J8,2,Belleza,disponible,no disponible,,,2025-10-17T16:26:55.522Z,2025-10-19T15:04:11.949Z,2025-10-28T01:27:50.183Z,1172.22,,"$1,183.60","Ibiza Sun Organic Self Tanner, Self Tanning Towelettes, 8 count -Natural Ingredients Paraben Free,Sunless Tanning Wipes for Face and Body, Odorless, Cruelty Free.Golden Tan Bronzer.For all skin tones.",https://www.amazon.com.mx/dp/B071X7W4J8,https://www.amazon.com/dp/B071X7W4J8,SRKSB LLC,
,B00H3PZEXS,2,Belleza,disponible,no disponible,,,2025-10-17T16:26:55.522Z,2025-10-19T15:04:18.628Z,2025-10-28T01:27:58.542Z,4685.86,,"$4,797.61",Caviar of Switzerland Revitalizing Eye Cream...Amazing Brightener 15ml,https://www.amazon.com.mx/dp/B00H3PZEXS,https://www.amazon.com/dp/B00H3PZEXS,Fast and Reliable Mexican Seller,
,B07YHHW17Q,2,Belleza,disponible,disponible,,,2025-10-17T16:26:55.522Z,2025-10-19T15:04:33.319Z,2025-10-28T01:28:12.671Z,923.08,24.99,$929.32,"Leotart Cinta de carrocería de colores – Paquete variado – 12 colores 10 yardas x 1 pulgada rollos de cinta adhesiva multicolor divertida DIY kit de arte para arte, etiquetado, decoraciones de aula",https://www.amazon.com.mx/dp/B07YHHW17Q,https://www.amazon.com/dp/B07YHHW17Q,SRKSB LLC,Leotarro
,B00BB0ZZG2,2,Belleza,disponible,disponible,,,2025-10-17T16:26:55.522Z,2025-10-19T15:04:42.005Z,2025-10-28T01:28:21.855Z,906.4,24.99,$929.32,"Beauty Pro Toalla de envolver facial, 6 piezas",https://www.amazon.com.mx/dp/B00BB0ZZG2,https://www.amazon.com/dp/B00BB0ZZG2,SRKSB LLC,MassageTools
,B0CZDTBMCN,2,Belleza,disponible,no disponible,,,2025-10-17T16:27:07.161Z,2025-10-19T15:04:49.578Z,2025-10-28T01:28:31.478Z,1137.27,,"$1,241.55",SPARTAN Champú Activador De Raíces Para Hombres: Champú Para El Crecimiento Del Cabello Para La Caída Y El Debilitamiento Del Cabello Negro,https://www.amazon.com.mx/dp/B0CZDTBMCN,https://www.amazon.com/dp/B0CZDTBMCN,FAHA ST,
,B0C2GGPWZT,2,Belleza,disponible,disponible,,PRICE_AND_SELLER_NOT_FOUND,2025-10-17T16:27:07.161Z,2025-10-19T15:04:58.179Z,2025-10-28T01:28:39.331Z,612.33,,$612.33,"SELPONT Headbands For Washing Face, Shower and Bath, Goth and Witchy gifts (Set of 2)",https://www.amazon.com.mx/dp/B0C2GGPWZT,https://www.amazon.com/dp/B0C2GGPWZT,SRKSB LLC,
,B09HGM69MK,2,Belleza,disponible,no disponible,,,2025-10-17T16:27:07.161Z,2025-10-19T15:05:06.163Z,2025-10-28T01:28:46.369Z,736.58,,$664.32,"True+Real Therapeutic Plus Tar Gel Anti-Dandruff Shampoo 0.5% Coal Tar, 16 Fl Oz, Pack of 2",https://www.amazon.com.mx/dp/B09HGM69MK,https://www.amazon.com/dp/B09HGM69MK,Marca: True+Real,
,B09BMXXF9Y,2,Belleza,disponible,no disponible,,,2025-10-17T16:27:07.161Z,2025-10-19T15:05:14.748Z,2025-10-28T01:28:54.578Z,251.98,,$480.56,"True+Real Therapeutic Plus Tar Gel Anti-Dandruff Shampoo 0.5% Coal Tar, 16 Fl Oz, Original Strength",https://www.amazon.com.mx/dp/B09BMXXF9Y,https://www.amazon.com/dp/B09BMXXF9Y,Marca: True+Real,
,B0DHQXZ61N,2,Belleza,disponible,no disponible,,,2025-10-17T16:27:07.161Z,2025-10-19T15:05:23.018Z,2025-10-28T01:29:01.954Z,636.27,,$636.27,"Polvo texturizante para hombres, fácil de aplicar, agrega textura y volumen al instante, ingredientes totalmente naturales, fijación fuerte, polvo para el cabello para hombres",https://www.amazon.com.mx/dp/B0DHQXZ61N,https://www.amazon.com/dp/B0DHQXZ61N,SRKSB LLC,
,B07W53P6VC,2,Belleza,disponible,no disponible,,,2025-10-17T16:27:07.161Z,2025-10-19T15:05:32.642Z,2025-10-28T01:29:10.615Z,513.46,,$513.46,"Diadema con gorro y diadema para disfraz de bruja de Spiderweb para Halloween, Navidad, fiestas de disfraces de cosplay para bebés, niñas, niños, niñas y mujeres, C light purple",https://www.amazon.com.mx/dp/B07W53P6VC,https://www.amazon.com/dp/B07W53P6VC,Novayu,
,B0DK263J67,2,Belleza,disponible,no disponible,,,2025-10-17T16:27:07.161Z,2025-10-19T15:05:40.657Z,2025-10-28T01:29:18.236Z,1078.68,,"$1,085.03","Acondicionador espesante para cabello en caso de caída y debilitamiento del cabello, cuidado capilar coreano, acondicionador con biotina, humectante, fortalecedor, protege el color",https://www.amazon.com.mx/dp/B0DK263J67,https://www.amazon.com/dp/B0DK263J67,SRKSB LLC,
,B0CB1SG31Z,2,Belleza,disponible,no disponible,,,2025-10-17T16:27:07.161Z,2025-10-19T15:05:48.692Z,2025-10-28T01:29:25.116Z,839,,$839.00,UNOVE Deep Damage Repair Shampoo 500ml/16.91fl.oz,https://www.amazon.com.mx/dp/B0CB1SG31Z,https://www.amazon.com/dp/B0CB1SG31Z,Skin Love MX,
,B09YH6DC2W,2,Belleza,disponible,no disponible,,,2025-10-17T16:27:07.162Z,2025-10-19T15:05:56.491Z,2025-10-28T01:29:32.589Z,599,,$693.98,Ivnil Black Hair Dye Shampoo 3 in 1 Hair Color Shampoo for Women & Men for Gray Hair Coverage for Instant Herbal Natural Champu Para Canas Mujer,https://www.amazon.com.mx/dp/B09YH6DC2W,https://www.amazon.com/dp/B09YH6DC2W,Revilea,
,B0BHSRTWFD,2,Belleza,disponible,no disponible,,,2025-10-17T16:27:07.162Z,2025-10-19T15:06:05.535Z,2025-10-28T01:29:40.428Z,605.91,,$610.00,"Diadema de plumas de pavo real de los años 20, accesorio para el cabello para mujeres, fiestas de Showgirl (BQ017negro-oro)",https://www.amazon.com.mx/dp/B0BHSRTWFD,https://www.amazon.com/dp/B0BHSRTWFD,SRKSB LLC,
,B0D7BN48PT,2,Belleza,disponible,disponible,,,2025-10-17T16:27:07.162Z,2025-10-19T15:06:12.731Z,2025-10-28T01:29:48.042Z,374.98,4.49,$379.66,"Wudas Extensiones De Cabello Sintético Con Textura Yaki, Liso, Preestirado, Corto, De 18 Pulgadas, Color Negro, Para Trenzas, 2 Paquetes 1B (Negro Natural) 18 Pulgadas (Paquete De 2)",https://www.amazon.com.mx/dp/B0D7BN48PT,https://www.amazon.com/dp/B0D7BN48PT,SRKSB LLC,WUDAS Hair
,B0D4TVC2DP,2,Belleza,disponible,disponible,,,2025-10-17T16:27:07.162Z,2025-10-19T15:06:20.897Z,2025-10-28T01:29:55.433Z,1006.22,27.98,"$1,013.02","Secador de Pelo AINA, Secador de Pelo con Cepillo Difusor Peine para Mujer - Secador de Pelo BLDC - Motor sin escobillas, 110.000 RPM Ligero, Iónico de Viaje, 3 Accesorios Magnéticos 110V/Enchufe ALCI(Blanco)",https://www.amazon.com.mx/dp/B0D4TVC2DP,https://www.amazon.com/dp/B0D4TVC2DP,SRKSB LLC,Aina Official Store
,B09Y5H6Q8J,2,Belleza,disponible,disponible,,,2025-10-17T16:27:07.162Z,2025-10-19T15:06:29.783Z,2025-10-28T01:30:04.238Z,529.91,9.99,$529.91,"Huachi Diademas anchas para el cabello de las mujeres con teñido anudado, turbante, bandas para la cabeza antideslizantes, accesorios para el cabello de entrenamiento, paquete de 6",https://www.amazon.com.mx/dp/B09Y5H6Q8J,https://www.amazon.com/dp/B09Y5H6Q8J,SRKSB LLC,Huachi
,B0B4FXC5WZ,2,Belleza,disponible,no disponible,,,2025-10-17T16:27:07.162Z,2025-10-19T15:06:36.538Z,2025-10-28T01:30:11.423Z,605.37,,$609.45,"COSMTEK Champú Tinte para Cabello Negro, Champú Semipermanente para El Cabello para Mujeres y Hombres, Ingredientes A Base de Hierbas y Sin Amoniaco, 3 En 1-100% Cobertura Gris Dexe (14 Fl Oz)",https://www.amazon.com.mx/dp/B0B4FXC5WZ,https://www.amazon.com/dp/B0B4FXC5WZ,SRKSB LLC,
,B09WN1RFHG,2,Belleza,disponible,disponible,,,2025-10-17T16:27:07.162Z,2025-10-19T15:06:45.349Z,2025-10-28T01:30:20.213Z,512.06,7.99,$502.76,"Huachi Diademas bohemias para mujer, anchas para yoga, entrenamiento, para el cabello de mujer, antideslizantes, para verano, para mujer",https://www.amazon.com.mx/dp/B09WN1RFHG,https://www.amazon.com/dp/B09WN1RFHG,SRKSB LLC,Huachi
,B0B2QHS72Y,2,Belleza,disponible,no disponible,,,2025-10-17T16:27:07.162Z,2025-10-19T15:06:54.149Z,2025-10-28T01:30:28.545Z,986.54,,$986.54,"SEEN- Champú sin fragancia, no comedogénico y sin sulfatos, desarrollado por dermatólogos, seguro",https://www.amazon.com.mx/dp/B0B2QHS72Y,https://www.amazon.com/dp/B0B2QHS72Y,SRKSB LLC,
,B0CLJXSJFM,2,Belleza,disponible,no disponible,,,2025-10-17T16:27:22.996Z,2025-10-19T15:07:03.219Z,2025-10-28T01:30:35.198Z,816.61,,$826.61,VITAL AFFAIR Aceite De Ricino Puro Botella De Vidrio Sin Refinar Prensado En Frío Orgánico-Usda Certified Organic Castor Aceite Frío Botella De Vidrio Prensado En Frío Para Paquete De Aceite De Ricino,https://www.amazon.com.mx/dp/B0CLJXSJFM,https://www.amazon.com/dp/B0CLJXSJFM,M&H Customer Friendly Store,
,B07XCPMRPW,2,Belleza,disponible,disponible,,,2025-10-17T16:27:22.996Z,2025-10-19T15:07:12.428Z,2025-10-28T01:30:43.488Z,487.64,8.54,$486.26,"Huachi Diademas para mujer, estilo bohemio, con nudos, para niñas, estilo turbante, clásico, elásticas, cruzadas, con estampado floral, accesorios para el pelo de playa de verano, paquete de 6, Multicolor, Una talla se ajusta a la mayoría",https://www.amazon.com.mx/dp/B07XCPMRPW,https://www.amazon.com/dp/B07XCPMRPW,Boon Shopping,Huachi
,B07FTGLWDR,2,Belleza,disponible,no disponible,,,2025-10-17T16:27:22.996Z,2025-10-19T15:07:25.648Z,2025-10-28T01:30:59.108Z,658.89,,$672.33,"Desire Deluxe - gis para el cabello para niñas, 10 rotuladores temporales, no tóxicos, fáciles de lavar, coloridos, coloridos",https://www.amazon.com.mx/dp/B07FTGLWDR,https://www.amazon.com/dp/B07FTGLWDR,SRKSB LLC,
,B0CLL81FWY,2,Belleza,disponible,no disponible,,,2025-10-17T16:27:22.996Z,2025-10-19T15:07:33.746Z,2025-10-28T01:31:06.339Z,507.19,,$507.19,"Totelux - Diadema de cuernos de reno con purpurina para el pelo de Navidad para mujeres y niñas, accesorios para el cabello, color dorado y rojo",https://www.amazon.com.mx/dp/B0CLL81FWY,https://www.amazon.com/dp/B0CLL81FWY,SRKSB LLC,
,B0BZ786XL3,2,Belleza,disponible,disponible,,,2025-10-17T16:27:22.996Z,2025-10-19T15:07:42.345Z,2025-10-28T01:31:13.882Z,366.55,3.35,$356.98,"Beeos- Gorro de peluca HD con apariencia de piel, 4 piezas, invisible, transparente, transpirable, ultrafino, elástico, para pelucas con encaje frontal",https://www.amazon.com.mx/dp/B0BZ786XL3,https://www.amazon.com/dp/B0BZ786XL3,SRKSB LLC,BEEOS Hair Store
,B082X61912,2,Belleza,disponible,disponible,,,2025-10-17T16:27:22.997Z,2025-10-19T15:07:51.473Z,2025-10-28T01:31:21.575Z,592.23,23.99,$848.33,Esmee Pelucas Sintéticas Largo Recto Capas Peinado Ombre Negro Rubio Gris Ceniza Pelucas Completas Con Flequillo Para Blanco Mujeres,https://www.amazon.com.mx/dp/B082X61912,https://www.amazon.com/dp/B082X61912,Amazon Estados Unidos,RCT Esmee
,B07D6NR79K,2,Belleza,disponible,no disponible,,,2025-10-17T16:27:22.997Z,2025-10-19T15:07:59.868Z,2025-10-28T01:31:29.457Z,1733.99,,"$1,834.19",Shu Uemura Ultimate Reset Extreme Repair Conditioner 8 Oz,https://www.amazon.com.mx/dp/B07D6NR79K,https://www.amazon.com/dp/B07D6NR79K,Premium Global,
,B0DDL7M1X6,2,Belleza,disponible,no disponible,,,2025-10-17T16:27:22.997Z,2025-10-19T15:08:07.782Z,2025-10-28T01:31:38.159Z,1121.4,,"$1,127.46",Detail Dudes - Juego de 7 cepillos para ruedas e interiores,https://www.amazon.com.mx/dp/B0DDL7M1X6,https://www.amazon.com/dp/B0DDL7M1X6,SRKSB LLC,
,B00QUAN3IA,2,Belleza,disponible,no disponible,,,2025-10-17T16:27:22.997Z,2025-10-19T15:08:16.484Z,2025-10-28T01:31:45.862Z,1115.58,,"$1,115.58",oliology natural beauty oils Nutrient-rich coconut oil 32oz. and Conditioner 32oz. by oliology,https://www.amazon.com.mx/dp/B00QUAN3IA,https://www.amazon.com/dp/B00QUAN3IA,SRKSB LLC,
,B0D2CPLJ97,2,Belleza,disponible,no disponible,,,2025-10-17T16:27:22.997Z,2025-10-19T15:08:25.163Z,2025-10-28T01:31:53.289Z,605.07,,$609.15,"AKBAN Aceite De Romero Y Aceite De Batana Crudo Para El Crecimiento Del Cabello Orgánico Promueve El Espesor Del Cabello, Aceite Puro Y Natural Para Cabello Y Cuero Cabelludo, 1 Fl Oz + 1Fl Oz Botella",https://www.amazon.com.mx/dp/B0D2CPLJ97,https://www.amazon.com/dp/B0D2CPLJ97,SRKSB LLC,
,B0CYL2WRP9,2,Belleza,disponible,no disponible,,,2025-10-17T16:27:22.997Z,2025-10-19T15:08:33.044Z,2025-10-28T01:32:01.931Z,200,,$550.61,"Aceite de romero orgánico para el crecimiento del cabello infundido con aceite de tratamiento fortalecedor del cabello Batana para todo tipo de cabello Previene la caída del cabello, mejora el",https://www.amazon.com.mx/dp/B0CYL2WRP9,https://www.amazon.com/dp/B0CYL2WRP9,251 SHOP,
,B00BEY394K,2,Belleza,disponible,no disponible,,,2025-10-17T16:27:22.997Z,2025-10-19T15:08:41.712Z,2025-10-28T01:32:09.063Z,556.37,,$560.43,Mr Cool Wet Look Intense Shine Alcohol Free Hair Gel 8 FL OZ,https://www.amazon.com.mx/dp/B00BEY394K,https://www.amazon.com/dp/B00BEY394K,SRKSB LLC,
,B0D1QKJ32D,2,Belleza,disponible,no disponible,,,2025-10-17T16:27:22.997Z,2025-10-19T15:08:50.594Z,2025-10-28T01:32:16.249Z,512.24,,$515.31,"PureRootss Champú Seco En Polvo y Recarga X2, Sin Perfume, Sin Aerosol, para Cabello Oscuro y Rubio, Voluminizador Del Cabello, Raíz Matificante, Polvo para Estilizar El Cabello de Viaje y Un Aspecto",https://www.amazon.com.mx/dp/B0D1QKJ32D,https://www.amazon.com/dp/B0D1QKJ32D,SRKSB LLC,
,B071GVJMKN,2,Belleza,disponible,no disponible,,,2025-10-17T16:27:22.997Z,2025-10-19T15:08:59.180Z,2025-10-28T01:32:25.168Z,1666.49,,"$1,708.33",Jon Renau Synthetic Hair Full Size 4-Piece Kit,https://www.amazon.com.mx/dp/B071GVJMKN,https://www.amazon.com/dp/B071GVJMKN,STAWAMUS LLC,
,B019YZQYII,2,Belleza,disponible,no disponible,,,2025-10-17T16:27:22.997Z,2025-10-19T15:09:06.886Z,2025-10-28T01:32:32.502Z,905.56,,$882.65,"Hair Illusion: Premium Hair Loss Concealer, For Men & Women, 100% Real Human Hair Fiber, Black 18g by Hair Illusion LLC",https://www.amazon.com.mx/dp/B019YZQYII,https://www.amazon.com/dp/B019YZQYII,Boon Shopping,
,B00N1LXH2S,2,Belleza,disponible,no disponible,,,2025-10-17T16:27:22.997Z,2025-10-19T15:09:15.238Z,2025-10-28T01:32:39.499Z,602,,$602.00,REHYDRATION shampoo 250 ml,https://www.amazon.com.mx/dp/B00N1LXH2S,https://www.amazon.com/dp/B00N1LXH2S,SRKSB LLC,
,B07BXZHYGK,2,Belleza,disponible,disponible,,,2025-10-17T16:27:36.804Z,2025-10-19T15:09:23.691Z,2025-10-28T01:32:47.097Z,505.37,11.99,$508.79,"xnicx 47pcs Hair Flexi-Rods Rodillos Flexibles Set Niñas Mujeres Damas Niños Sin Calor Rodillos de Espuma Suave Twist-Flex Rodillos para Rizos Cortos, Medianos, Cabello Corto",https://www.amazon.com.mx/dp/B07BXZHYGK,https://www.amazon.com/dp/B07BXZHYGK,SRKSB LLC,TFX
,B0B5G1JB78,2,Belleza,disponible,disponible,,PRICE_AND_SELLER_NOT_FOUND,2025-10-17T16:27:36.804Z,2025-10-19T15:09:32.853Z,2025-10-28T01:32:54.277Z,749.46,,$789.10,"LANITO Suero Para El Crecimiento Del Cabello Con Extracto De Raíz De Radix Polygonum Multiflorum Para Adelgazamiento Del Cabello, Caída Y Salud, Productos Espesantes Del Cabello Del",https://www.amazon.com.mx/dp/B0B5G1JB78,https://www.amazon.com/dp/B0B5G1JB78,SRKSB LLC,
,B0B3TXPM2Q,2,Belleza,disponible,no disponible,,,2025-10-17T16:27:36.805Z,2025-10-19T15:09:40.831Z,2025-10-28T01:33:02.796Z,516.48,,$516.48,"Tribal Chimp- Polvo para peinar el cabello para hombres y mujeres, polvo para dar volumen y textura al cabello, paquete individual, 10 g",https://www.amazon.com.mx/dp/B0B3TXPM2Q,https://www.amazon.com/dp/B0B3TXPM2Q,SRKSB LLC,
,B08JVKR762,2,Belleza,disponible,disponible,,,2025-10-17T16:27:36.805Z,2025-10-19T15:09:47.977Z,2025-10-28T01:33:10.374Z,1471.65,40.99,"$1,479.91","DAVELEN - Toalla de cabello desechable esencial para mujer, paquete de 100 unidades de 32 x 16 pulgadas, súper absorbente de secado rápido para secar el cabello rizado, largo y grueso (blanco) (100)",https://www.amazon.com.mx/dp/B08JVKR762,https://www.amazon.com/dp/B08JVKR762,SRKSB LLC,DAVELEN
,B0CW8VHS6L,2,Belleza,disponible,no disponible,,,2025-10-17T16:27:36.805Z,2025-10-19T15:09:56.304Z,2025-10-28T01:33:18.896Z,578.38,,$578.37,"Sea Salt Volume Hair Spray for both Men and Women, Natural Thick and Volumizing Hair Look with Matte Finish and Natural Hold, Paraben Free - 6.7 Fl Oz, 1 Pcs",https://www.amazon.com.mx/dp/B0CW8VHS6L,https://www.amazon.com/dp/B0CW8VHS6L,SRKSB LLC,
,B0C9VWNBYF,2,Belleza,disponible,no disponible,,,2025-10-17T16:27:36.805Z,2025-10-19T15:10:05.111Z,2025-10-28T01:33:27.635Z,870.28,,$870.28,"Joyful Young Tinte de Cabello Natural Shampoo 3 En 1, Color de Cabello para La Cobertura Del Cabello Gris, Champú para Colorear El Cabello para Mujeres, Champú de Color Tinte para Barba para Hombres,",https://www.amazon.com.mx/dp/B0C9VWNBYF,https://www.amazon.com/dp/B0C9VWNBYF,Novayu,
,B07P61BS7P,2,Belleza,disponible,no disponible,,,2025-10-17T16:27:36.805Z,2025-10-19T15:10:19.261Z,2025-10-28T01:33:43.126Z,1002.22,,"$1,002.22",BluMaan Aceite para el cabello Cloud Control | Hidrata y cura el cabello seco/frizzy/dañado | Ligero y no grasoso | 12 aceites totalmente naturales y veganos y extractos botánicos | 59 ml / 2 oz,https://www.amazon.com.mx/dp/B07P61BS7P,https://www.amazon.com/dp/B07P61BS7P,SRKSB LLC,
,B07H4VG63L,2,Belleza,disponible,no disponible,,,2025-10-17T16:27:36.805Z,2025-10-19T15:10:27.210Z,2025-10-28T01:33:50.887Z,709.1,,$709.10,EKOEH BRASIL Hair Food Color Cream Black,https://www.amazon.com.mx/dp/B07H4VG63L,https://www.amazon.com/dp/B07H4VG63L,SRKSB LLC,
,B0B8GDB416,2,Belleza,disponible,no disponible,,,2025-10-17T16:27:36.805Z,2025-10-19T15:10:36.133Z,2025-10-28T01:33:58.771Z,586.08,,$577.46,"Maji Mama Cepillo de pelo hecho a mano de madera natural con alfileres de bambú, masajea el cuero cabelludo y desenreda todo tipo de cabello",https://www.amazon.com.mx/dp/B0B8GDB416,https://www.amazon.com/dp/B0B8GDB416,SRKSB LLC,
,B00684A3YK,2,Belleza,disponible,no disponible,,,2025-10-17T16:27:36.805Z,2025-10-19T15:10:43.820Z,2025-10-28T01:34:06.754Z,789.16,,$794.50,"Jessicurl Gentle Lather Shampoo, 8 Fluid Ounce by Jessicurl Llc.",https://www.amazon.com.mx/dp/B00684A3YK,https://www.amazon.com/dp/B00684A3YK,SRKSB LLC,
,B078G9FJHJ,2,Belleza,disponible,disponible,,,2025-10-17T16:27:36.805Z,2025-10-19T15:10:50.766Z,2025-10-28T01:34:13.430Z,513.43,9.99,$513.43,"Lolly Pony Pick, Blue, Pink and Purple, 0.05 Pound",https://www.amazon.com.mx/dp/B078G9FJHJ,https://www.amazon.com/dp/B078G9FJHJ,SRKSB LLC,The Pony Pick
,B07PS83K9B,2,Belleza,disponible,no disponible,,,2025-10-17T16:27:36.805Z,2025-10-19T15:10:58.209Z,2025-10-28T01:34:22.355Z,648.48,,$653.29,Joanne Jones Thickening Biotin & Collagen Leave in 240 ml,https://www.amazon.com.mx/dp/B07PS83K9B,https://www.amazon.com/dp/B07PS83K9B,SRKSB LLC,
,B0CZ3VJF5C,2,Belleza,disponible,no disponible,,,2025-10-17T16:27:36.805Z,2025-10-19T15:11:06.505Z,2025-10-28T01:34:30.729Z,523.65,,$523.65,"Collagen Hair Mask & Keratin Hair Mask for Damaged Hair, Keratin Hair Treatment, Repair Deep Conditioner for Dry Hair,Vitamin E Natural Hydrating Hair Mask with Argan Oil for All Hair Types 2 Pack Kit",https://www.amazon.com.mx/dp/B0CZ3VJF5C,https://www.amazon.com/dp/B0CZ3VJF5C,SRKSB LLC,
,B09QS2G1DW,2,Belleza,disponible,disponible,,,2025-10-17T16:27:36.805Z,2025-10-19T15:11:13.807Z,2025-10-28T01:34:38.002Z,404.97,11.99,$552.71,"Sunshine Tape - 72 tiras | Fabricado en Estados Unidos | Premium 3M 1522 peluca de doble cara y cinta de contorno de tupé | Cinta de pelo curvada CC | Transparente, resistente al agua y fiable",https://www.amazon.com.mx/dp/B09QS2G1DW,https://www.amazon.com/dp/B09QS2G1DW,Amazon Estados Unidos,HairReplacementAccessories
,B07W5V52BD,2,Belleza,disponible,disponible,,,2025-10-17T16:27:36.806Z,2025-10-19T15:11:21.345Z,2025-10-28T01:34:44.960Z,2735.68,98.79,"$2,767.98",Wingirl 13×5 Pelucas De Cabello Humano Con Encaje Frontal Para Mujer 12A Hd Transparente Onda Del Cuerpo Pelucas Delanteras De Encaje Cabello Humano Nudos Blanqueados Pre Desplumados,https://www.amazon.com.mx/dp/B07W5V52BD,https://www.amazon.com/dp/B07W5V52BD,WAITOMO LLC,Wingirl
,B0CX8ZCWX9,2,Belleza,disponible,no disponible,,,2025-10-17T16:27:36.806Z,2025-10-19T15:11:27.999Z,2025-10-28T01:34:52.261Z,876,,$885.36,"Fedulili Champú Instantáneo de Tinte para Cabello Castaño Claro para Cabello Gris 3 En 1, Champú de Color de Cabello Natural para Mujeres Hombres Colores Marrones En 10-15 Mins, Cobertura 100% Tinte p",https://www.amazon.com.mx/dp/B0CX8ZCWX9,https://www.amazon.com/dp/B0CX8ZCWX9,SRKSB LLC,
,B07XXSZCVC,2,Belleza,disponible,disponible,,,2025-10-17T16:27:47.688Z,2025-10-19T15:11:37.300Z,2025-10-28T01:34:59.446Z,1108.96,45.99,"$1,432.09","ToyoTress Toyotress Tiana Passion Twist Hair - 10 Pulgadas 8 Paquetes De Giros De Pasión Pre-Retorcidos, Trenzas De Ganchillo Rubias Ombre Hechas De Cabello Bohemio Extensiones De Cabel",https://www.amazon.com.mx/dp/B07XXSZCVC,https://www.amazon.com/dp/B07XXSZCVC,Amazon Estados Unidos,ToyoTress
,B08G57S36M,2,Belleza,disponible,disponible,,,2025-10-17T16:27:47.688Z,2025-10-19T15:11:46.006Z,2025-10-28T01:35:08.409Z,753.51,33.79,"$1,131.57","Niseyo 6 paquetes de cabello de ganchillo de mariposa de 12 pulgadas, trenzas de ganchillo pre-rizadas",https://www.amazon.com.mx/dp/B08G57S36M,https://www.amazon.com/dp/B08G57S36M,Amazon Estados Unidos,Niseyo Braids
,B07N2TZYWF,2,Belleza,disponible,no disponible,,,2025-10-17T16:27:47.688Z,2025-10-19T15:11:53.948Z,2025-10-28T01:35:15.504Z,1511.76,,"$1,521.97","Tinte para cabello True Sons para hombres, cobertura de cabello sutil (marrón negro) – Kit completo de tinte para el cabello con espuma original para aspecto natural, tinte para cabello con bigote y barba (1.75 oz) 4-6 aplicaciones",https://www.amazon.com.mx/dp/B07N2TZYWF,https://www.amazon.com/dp/B07N2TZYWF,SRKSB LLC,
,B07D7MW12T,2,Belleza,disponible,no disponible,,,2025-10-17T16:27:47.688Z,2025-10-19T15:12:02.209Z,2025-10-28T01:35:24.117Z,700.75,,$700.75,"Ocean View Hair Pomade-Strong Hold 4 Oz- Pomade, Hair Styling, Wave Training",https://www.amazon.com.mx/dp/B07D7MW12T,https://www.amazon.com/dp/B07D7MW12T,SRKSB LLC,
,B01J3B4KJS,2,Belleza,disponible,no disponible,,,2025-10-17T16:27:47.689Z,2025-10-19T15:12:11.792Z,2025-10-28T01:35:30.594Z,639.18,,$639.18,"Yauvanya Pure Indigo Powder (100% natural, sin químicos, sin amoníaco) Color de cabello para el cabello - 300 Gms (3 paquetes de 100 Gms cada uno)",https://www.amazon.com.mx/dp/B01J3B4KJS,https://www.amazon.com/dp/B01J3B4KJS,SRKSB LLC,
,B0CTS72D6Z,2,Belleza,disponible,no disponible,,,2025-10-17T16:27:47.689Z,2025-10-19T15:12:21.253Z,2025-10-28T01:35:39.087Z,981.09,,$987.73,"SHIBUI- Spray nutritivo Shibui, fijación y brillo modulables, apto para cabello teñido, vegano y sin sulfatos, 10 onzas líquidas",https://www.amazon.com.mx/dp/B0CTS72D6Z,https://www.amazon.com/dp/B0CTS72D6Z,SRKSB LLC,
,B0CQJZRMX9,2,Belleza,disponible,no disponible,,,2025-10-17T16:27:47.689Z,2025-10-19T15:12:28.510Z,2025-10-28T01:35:46.937Z,453.04,,$460.20,Crownnaturally- Polvo para peinar el cabello CNNY para hombres: polvo esponjoso para dar volumen y texturizar para un cabello grueso y natural.,https://www.amazon.com.mx/dp/B0CQJZRMX9,https://www.amazon.com/dp/B0CQJZRMX9,SRKSB LLC,
,B0CP2KBCRL,2,Belleza,disponible,no disponible,,,2025-10-17T16:27:47.689Z,2025-10-19T15:12:35.604Z,2025-10-28T01:35:53.897Z,1228.08,,"$1,238.91",AmazingOrganics- Aceite de batana crudo: puro y sin procesar para nutrir el cabello y la piel,https://www.amazon.com.mx/dp/B0CP2KBCRL,https://www.amazon.com/dp/B0CP2KBCRL,SRKSB LLC,
,B0C9MYVD5C,2,Belleza,disponible,no disponible,,,2025-10-17T16:27:47.689Z,2025-10-19T15:12:42.484Z,2025-10-28T01:36:00.890Z,634.04,,$638.32,"Asocrew Cera Temporal Rojo para El Cabello Spray - Arcilla para Estilizar El Cabello 4.23 Oz, Fácil Lavado para Halloween Cosplay, Fiesta (Rojo)",https://www.amazon.com.mx/dp/B0C9MYVD5C,https://www.amazon.com/dp/B0C9MYVD5C,SRKSB LLC,
,B0D63P4N39,2,Belleza,disponible,no disponible,,,2025-10-17T16:27:47.689Z,2025-10-19T15:12:48.893Z,2025-10-28T01:36:08.219Z,1004.1,,"$1,002.52",VANIDOX Set de Champú y Acondicionador de Árbol de Té Con Biotina y Aceite Puro de Árbol de Té para Cuero Cabelludo Seco y Picazón - Libre de Sulfatos y Parabenos - Champú y Acondicionador de Aceite d,https://www.amazon.com.mx/dp/B0D63P4N39,https://www.amazon.com/dp/B0D63P4N39,SRKSB LLC,
,B0BG5J41RY,2,Belleza,disponible,no disponible,,,2025-10-17T16:27:47.689Z,2025-10-19T15:13:03.830Z,2025-10-28T01:36:21.495Z,750.88,,$767.72,"Agthyuve Tinte para El Cabello Con Aceite de Argán Negro - 16.9 Fl Oz, Champú de Color Semipermanente 3 En 1, Fácil de Usar (Negro)",https://www.amazon.com.mx/dp/B0BG5J41RY,https://www.amazon.com/dp/B0BG5J41RY,SRKSB LLC,
,B00K6PGBHU,2,Belleza,disponible,no disponible,,,2025-10-17T16:27:47.689Z,2025-10-19T15:13:12.336Z,2025-10-28T01:36:28.974Z,828.69,,$828.69,Qhemet Biologics Amla & Olive Heavy Cream -8 oz by Qhemet Biologics,https://www.amazon.com.mx/dp/B00K6PGBHU,https://www.amazon.com/dp/B00K6PGBHU,SRKSB LLC,
,B08FYTNYQL,2,Belleza,disponible,no disponible,,,2025-10-17T16:27:47.689Z,2025-10-19T15:13:20.696Z,2025-10-28T01:36:35.858Z,649.76,,$889.89,"Cabello trenzado Ombre 350# cobre rojo 30 pulgadas, 8 paquetes de extensiones de cabello sintético profesional trenzado, textura Yaki, ajuste de agua caliente (30 pulgadas, T1B/350)",https://www.amazon.com.mx/dp/B08FYTNYQL,https://www.amazon.com/dp/B08FYTNYQL,Amazon Estados Unidos,
,B07V72ND8K,2,Belleza,disponible,disponible,,,2025-10-17T16:27:47.689Z,2025-10-19T15:13:28.165Z,2025-10-28T01:36:44.009Z,854.42,23.99,$854.42,"Pelucas cortas Bob con flequillo de aire, longitud de los hombros, peluca corta rizada ondulada sintética cosplay, peluca pastel, peluca para disfraz de chica, Púrpura",https://www.amazon.com.mx/dp/B07V72ND8K,https://www.amazon.com/dp/B07V72ND8K,SRKSB LLC,fellinggood
,B000A3V2Q8,2,Belleza,disponible,no disponible,,,2025-10-17T16:27:47.689Z,2025-10-19T15:13:36.346Z,2025-10-28T01:36:52.596Z,512.5,,$515.97,L'Oreal Oreor Creme 40 Volume Developer 8 oz. by L'Oreal Paris,https://www.amazon.com.mx/dp/B000A3V2Q8,https://www.amazon.com/dp/B000A3V2Q8,SRKSB LLC,
,B0D12SBPK3,2,Belleza,disponible,disponible,,,2025-10-17T16:27:47.689Z,2025-10-19T15:13:44.731Z,2025-10-28T01:36:59.877Z,510.28,8.99,$508.90,"8 Pieces Hair Side Combs, Metal Hair Fork Clip Hair Pins for Buns 4 Prong Hair Updo U-Shape Hair Sticks for Women Hair Styling Tool Accessories (Bronze)",https://www.amazon.com.mx/dp/B0D12SBPK3,https://www.amazon.com/dp/B0D12SBPK3,Boon Shopping,JIASIMIN
,B01EK9JPMK,2,Belleza,disponible,no disponible,,,2025-10-17T16:27:58.150Z,2025-10-19T15:13:52.877Z,2025-10-28T01:37:07.893Z,1114.7,,"$1,114.70","Seda Queen Cirugia Plastica Capilar Profesional Alcalino 1.5V batería no-recargable, 3 Pasos",https://www.amazon.com.mx/dp/B01EK9JPMK,https://www.amazon.com/dp/B01EK9JPMK,SRKSB LLC,
,B081TPPNSK,2,Belleza,disponible,no disponible,,,2025-10-17T16:27:58.150Z,2025-10-19T15:14:00.164Z,2025-10-28T01:37:15.955Z,513.68,,$513.68,"Mini plancha plana para cabello corto de 0.5 pulgadas, tamaño de viaje, alisador de pelo pequeño de cerámica turmalina, ligero y portátil para uso en viajes, color negro",https://www.amazon.com.mx/dp/B081TPPNSK,https://www.amazon.com/dp/B081TPPNSK,SRKSB LLC,
,B0BXYXHM3N,2,Belleza,disponible,no disponible,,,2025-10-17T16:27:58.150Z,2025-10-19T15:14:08.753Z,2025-10-28T01:37:25.996Z,1030.35,,"$1,035.92","Cleverman Tinte para cabello y barba Jet Black para hombres, kit reutilizable todo en uno – Color para hombre para una cobertura natural contra las canas, calidad profesional y sin amoníaco para ocultar canas de cabello, barba y bigote (Jet Black)",https://www.amazon.com.mx/dp/B0BXYXHM3N,https://www.amazon.com/dp/B0BXYXHM3N,Rimecebuy,
,B08K4CWN7P,2,Belleza,disponible,no disponible,,,2025-10-17T16:27:58.150Z,2025-10-19T15:14:16.737Z,2025-10-28T01:37:33.811Z,520.64,,$524.60,"Diaotec Knight & Wilson Pureplex Reconstructing Conditioner, 200 Millilitre",https://www.amazon.com.mx/dp/B08K4CWN7P,https://www.amazon.com/dp/B08K4CWN7P,SRKSB LLC,
,B07NDYQJ7B,2,Belleza,disponible,no disponible,,,2025-10-17T16:27:58.150Z,2025-10-19T15:14:23.925Z,2025-10-28T01:37:42.402Z,906.65,,$911.39,Moroccan Gold Series - Mascarilla sin enjuague (125 ml),https://www.amazon.com.mx/dp/B07NDYQJ7B,https://www.amazon.com/dp/B07NDYQJ7B,Rimecebuy,
,B003UFJ5L2,2,Belleza,disponible,no disponible,,,2025-10-17T16:27:58.150Z,2025-10-19T15:14:31.198Z,2025-10-28T01:37:51.273Z,500.19,,$496.79,Le Kair Cholesterol Plus Strengthening and Conditioning Cream by Le Kair,https://www.amazon.com.mx/dp/B003UFJ5L2,https://www.amazon.com/dp/B003UFJ5L2,SRKSB LLC,
,B095XYV524,2,Belleza,disponible,no disponible,,,2025-10-17T16:27:58.151Z,2025-10-19T15:14:38.664Z,2025-10-28T01:37:59.618Z,3751.89,,"$4,040.35",Alididi 613 Rubio Encaje Frontal Pelucas Cabello Humano 13X4 180% Densidad Recta Encaje Frontal Peluca Cabello Humano Pre Arrancado Con El Pelo Del Bebé Hd Encaje Frente Pelucas Cabel,https://www.amazon.com.mx/dp/B095XYV524,https://www.amazon.com/dp/B095XYV524,WAITOMO LLC,
,B095XYBHYF,2,Belleza,disponible,no disponible,,,2025-10-17T16:27:58.151Z,2025-10-19T15:14:45.352Z,2025-10-28T01:38:08.205Z,1758.71,,"$1,770.20",Alididi 613 Rubio Encaje Frontal Pelucas Cabello Humano 13X4 150% Densidad Recta Encaje Frontal Peluca Cabello Humano Pre Arrancado Con El Pelo Del Bebé Hd Encaje Frente Pelucas Cabel,https://www.amazon.com.mx/dp/B095XYBHYF,https://www.amazon.com/dp/B095XYBHYF,SRKSB LLC,
,B09YTSJYGB,2,Belleza,disponible,disponible,,,2025-10-17T16:27:58.151Z,2025-10-19T15:14:53.616Z,2025-10-28T01:38:16.666Z,3208.88,99.97,"$3,233.99",ghotool 200% Densidad 13X6 Hd Transparente Rizado Encaje Frontal Peluca Cabello Humano Pre Desplumado Sin Glueless Rizado Encaje Frontal Peluca Pelucas De Cabello Humano Con Pelo De B,https://www.amazon.com.mx/dp/B09YTSJYGB,https://www.amazon.com/dp/B09YTSJYGB,SRKSB LLC,Purst Hair
,B09FXGJR45,2,Belleza,disponible,disponible,,,2025-10-17T16:27:58.151Z,2025-10-19T15:15:01.764Z,2025-10-28T01:38:24.292Z,1015.44,27.99,"$1,015.44",Havana Twist Crochet Hair 6 paquetes de 14 pulgadas trenzas de ganchillo senegalés Twist Crochet Hair Jumbo Havana Twist Crochet Trenzas (T1B/30),https://www.amazon.com.mx/dp/B09FXGJR45,https://www.amazon.com/dp/B09FXGJR45,SRKSB LLC,Admutty Hair
,B0B1J99NRC,2,Belleza,disponible,disponible,,,2025-10-17T16:27:58.151Z,2025-10-19T15:15:08.649Z,2025-10-28T01:38:32.585Z,846.86,34.79,"$1,156.09","MOTLATA Cortadora de pelo profesional para hombres, recortadora de pelo eléctrica con hoja en T, sin cables, recortadora de barba para hombre, recortadora de pelo de nariz, tres tipos de cortadora de pelo recargable para hombre",https://www.amazon.com.mx/dp/B0B1J99NRC,https://www.amazon.com/dp/B0B1J99NRC,Amazon Estados Unidos,ywmh
,B099RKQYWP,2,Belleza,disponible,disponible,,,2025-10-17T16:27:58.151Z,2025-10-19T15:15:15.753Z,2025-10-28T01:38:41.748Z,652.57,15.89,$652.57,"Peine caliente alisador de pelo eléctrico de prensado de peine portátil antiquemaduras, alisador de barba, peine de cerámica portátil, cepillo para rizar, plancha con calefacción, cepillo plano para alisar el pelo",https://www.amazon.com.mx/dp/B099RKQYWP,https://www.amazon.com/dp/B099RKQYWP,SRKSB LLC,Your Sweet Home
,B08BXPHY78,2,Belleza,disponible,no disponible,,,2025-10-17T16:27:58.151Z,2025-10-19T15:15:22.317Z,2025-10-28T01:38:49.742Z,723.19,,$728.08,"Estilos avanzados coleta de caballo con cordón con flequillo afro Puff extensiones de coleta para mujer, cola de caballo corta rizada con flequillo clip en Wrap Updo Hairpiece para mujeres (T30)",https://www.amazon.com.mx/dp/B08BXPHY78,https://www.amazon.com/dp/B08BXPHY78,SRKSB LLC,
,B09N54P622,2,Belleza,disponible,no disponible,,,2025-10-17T16:27:58.151Z,2025-10-19T15:15:29.182Z,2025-10-28T01:38:56.624Z,905.59,,$911.71,"Crown Quality Products 360 Sport Wave Caesar 2.0 Boar Bristle Hairbrush, Medium, Triple Black - Non-Slip Grip, Waterproof Design",https://www.amazon.com.mx/dp/B09N54P622,https://www.amazon.com/dp/B09N54P622,SRKSB LLC,
,B08F4LC5NL,2,Belleza,disponible,no disponible,,,2025-10-17T16:27:58.151Z,2025-10-19T17:35:25.547Z,2025-10-28T01:39:09.896Z,1171.29,,"$1,166.33",AIIR Flexible Hold Hair Spray,https://www.amazon.com.mx/dp/B08F4LC5NL,https://www.amazon.com/dp/B08F4LC5NL,Novayu,
,B07L437P21,2,Belleza,disponible,no disponible,,,2025-10-17T16:27:58.151Z,2025-10-19T17:35:35.712Z,2025-10-28T01:39:17.970Z,470.64,,$502.25,B&B Super Gro Conditioner 6 oz (ARGAN OIL & COCONUT WITH ALOE),https://www.amazon.com.mx/dp/B07L437P21,https://www.amazon.com/dp/B07L437P21,SRKSB LLC,
,B087642J5X,2,Belleza,disponible,disponible,,,2025-10-17T16:28:13.439Z,2025-10-19T17:35:43.537Z,2025-10-28T01:39:25.732Z,298,4.99,$397.66,"MOONMINI - Juego de brochas y cuencos para teñir el cabello, juego de brochas de colores para tazones, kit de cuencos para mezclar, peine para teñir el cabello, aplicador de coloración (negro)",https://www.amazon.com.mx/dp/B087642J5X,https://www.amazon.com/dp/B087642J5X,Sunny3-HQ,FUSUTONUS-US
,B095XY1858,2,Belleza,disponible,no disponible,,,2025-10-17T16:28:13.439Z,2025-10-19T17:35:52.902Z,2025-10-28T01:39:33.415Z,3118.29,,"$3,500.48",Alididi 613 Pelucas Delanteras De Encaje Cabello Humano Peluca Rubia Cabello Humano 30 Pulgadas 13X4 Recto Peluca Frontal De Encaje Cabello Humano Pre Arrancado Con Cabello De Bebé Hd,https://www.amazon.com.mx/dp/B095XY1858,https://www.amazon.com/dp/B095XY1858,Binglu,
,B07VC1WKHY,2,Belleza,disponible,no disponible,,,2025-10-17T16:28:13.439Z,2025-10-19T17:36:00.328Z,2025-10-28T01:39:40.922Z,324.42,,$446.93,"Cepillo de esponja para el pelo con dos lados para espantar ondas de espedura de espuma afro barbero para mujeres y hombres, niños y niñas, agujeros pequeños y grandes, 1 unidad",https://www.amazon.com.mx/dp/B07VC1WKHY,https://www.amazon.com/dp/B07VC1WKHY,Amazon Estados Unidos,
,B07S9WW1CG,2,Belleza,disponible,no disponible,,,2025-10-17T16:28:13.439Z,2025-10-19T17:36:07.965Z,2025-10-28T01:39:49.750Z,802.25,,$808.21,"Kalive 2Style Mascarilla para el cabello de 8 onzas de reparación e hidratación, hidratante profundo, acondicionador para cabello dañado seco, hecho con queratina, colágeno y germen de trigo",https://www.amazon.com.mx/dp/B07S9WW1CG,https://www.amazon.com/dp/B07S9WW1CG,SRKSB LLC,
,B07Q17NVQN,2,Belleza,disponible,disponible,,,2025-10-17T16:28:13.440Z,2025-10-19T17:36:16.737Z,2025-10-28T01:39:57.255Z,862.32,22.99,$860.94,"Pelucas cortas Bob con flequillo de aire, longitud de los hombros, peluca corta rizada ondulada sintética cosplay, peluca pastel, peluca para disfraz de chica, Gris Degradado",https://www.amazon.com.mx/dp/B07Q17NVQN,https://www.amazon.com/dp/B07Q17NVQN,Boon Shopping,fellinggood
,B07PPBPB3G,2,Belleza,disponible,no disponible,,,2025-10-17T16:28:13.440Z,2025-10-19T17:36:25.001Z,2025-10-28T01:40:06.115Z,637.42,,$637.42,"Minute Hair Fibras de construcción de cabello 100 gramos (4 oz) Recambio de cabello para pérdida de cabello corrector que puedes utilizar para tus botellas de competidores como Toppik, Xfusion, Café Oscuro",https://www.amazon.com.mx/dp/B07PPBPB3G,https://www.amazon.com/dp/B07PPBPB3G,SRKSB LLC,
,B07N18M51C,2,Belleza,disponible,no disponible,,,2025-10-17T16:28:13.440Z,2025-10-19T17:36:32.214Z,2025-10-28T01:40:14.707Z,901.28,,$907.36,Moroccan Gold Series Aceite de argán 100 ml/3.4 oz,https://www.amazon.com.mx/dp/B07N18M51C,https://www.amazon.com/dp/B07N18M51C,SRKSB LLC,
,B09FSZMLP4,2,Belleza,disponible,disponible,,,2025-10-17T16:28:13.440Z,2025-10-19T17:36:41.016Z,2025-10-28T01:40:23.213Z,907.05,34.65,"$1,247.62","8 paquetes de pelo de ganchillo de 18 pulgadas de ganchillo pretorcido de pasión, trenzas de ganchillo, rizos de pasión, pelo bohemio de ganchillo T30",https://www.amazon.com.mx/dp/B09FSZMLP4,https://www.amazon.com/dp/B09FSZMLP4,Amazon Estados Unidos,Beauty Hair Direct
,B077Q8596J,2,Belleza,disponible,no disponible,,,2025-10-17T16:28:13.440Z,2025-10-19T17:36:47.838Z,2025-10-28T01:40:32.489Z,1006.86,,"$1,020.64",MHU Professional 1 Inch Keratin Ion Flat Iron Tourmaline Ceramic Hair Straightener Instant Heat Up Auto Shut-Off Adjustable Temperature with LED Display Black (285°F-450°F),https://www.amazon.com.mx/dp/B077Q8596J,https://www.amazon.com/dp/B077Q8596J,SRKSB LLC,
,B01LYKXFLE,2,Belleza,disponible,no disponible,,,2025-10-17T16:28:13.440Z,2025-10-19T17:36:55.330Z,2025-10-28T01:40:40.158Z,921.8,,$928.02,Oliology Nutrient Rich Coconut Oil Conditioner 32 fl oz.,https://www.amazon.com.mx/dp/B01LYKXFLE,https://www.amazon.com/dp/B01LYKXFLE,SRKSB LLC,
,B01HCLCXBI,2,Belleza,disponible,no disponible,,,2025-10-17T16:28:13.440Z,2025-10-19T17:37:02.413Z,2025-10-28T01:40:47.985Z,646.06,,$650.43,Dabur Vatika Volume and Thickness Conditioner (400 ml),https://www.amazon.com.mx/dp/B01HCLCXBI,https://www.amazon.com/dp/B01HCLCXBI,SRKSB LLC,
,B01G4XJNMM,2,Belleza,disponible,no disponible,,,2025-10-17T16:28:13.440Z,2025-10-19T17:37:10.213Z,2025-10-28T01:40:55.596Z,562.89,,$562.89,"ORS Olive Oil Girls Moisture Rich Conditioner, 13 Fluid Ounce",https://www.amazon.com.mx/dp/B01G4XJNMM,https://www.amazon.com/dp/B01G4XJNMM,SRKSB LLC,
,B00LP9UUJG,2,Belleza,disponible,no disponible,,,2025-10-17T16:28:13.440Z,2025-10-19T17:37:18.516Z,2025-10-28T01:41:03.925Z,705.03,,$705.03,MHD Professional Mini Travel Hair Dryer 1000 Watts Blow Dryer Ceramic Ionic Blow Dryer Pink Color,https://www.amazon.com.mx/dp/B00LP9UUJG,https://www.amazon.com/dp/B00LP9UUJG,SRKSB LLC,
,B0032A0B1I,2,Belleza,disponible,no disponible,,,2025-10-17T16:28:13.440Z,2025-10-19T17:37:26.396Z,2025-10-28T01:41:12.328Z,500.57,,$500.57,Baby Dont Be Bald Super GRO 4 0z,https://www.amazon.com.mx/dp/B0032A0B1I,https://www.amazon.com/dp/B0032A0B1I,SRKSB LLC,
,B07Q2MGP5B,2,Belleza,disponible,disponible,,,2025-10-17T16:28:13.440Z,2025-10-19T17:37:34.985Z,2025-10-28T01:41:20.860Z,640.11,19.79,$859.54,"Cabeza de peluca de poliuretano de color para soportes de exhibicion con agujeros de montaje, Rosado, 22""",https://www.amazon.com.mx/dp/B07Q2MGP5B,https://www.amazon.com/dp/B07Q2MGP5B,Amazon Estados Unidos,Beauty Hair Direct
,B07GSFLBQL,2,Belleza,disponible,no disponible,,,2025-10-17T16:28:13.441Z,2025-10-19T17:37:43.226Z,2025-10-28T01:41:28.091Z,637.77,,$637.77,Dabur Vatika Shampoo Henna 400ml,https://www.amazon.com.mx/dp/B07GSFLBQL,https://www.amazon.com/dp/B07GSFLBQL,SRKSB LLC,
,B07FYWSV3D,2,Belleza,disponible,no disponible,,,2025-10-17T16:28:22.815Z,2025-10-19T17:37:52.135Z,2025-10-28T01:41:35.073Z,1398.37,,"$1,407.81",Tip Top Strong Hold Water Based Pomade 4.25oz Pack of 3,https://www.amazon.com.mx/dp/B07FYWSV3D,https://www.amazon.com/dp/B07FYWSV3D,SRKSB LLC,
,B07DVSR15F,2,Belleza,disponible,disponible,,,2025-10-17T16:28:22.815Z,2025-10-19T17:38:00.740Z,2025-10-28T01:41:43.397Z,797.12,21.99,$840.62,"6 paquetes de extensiones de ganchillo Goddess Locs de 35,5 cm gris ondulado sintético trenzas de ganchillo extensiones de pelo sintético rastas de ganchillo locs trenzado pelo diosa cerebros ganchillo pelo (14 pulgadas (6 paquetes), #51)",https://www.amazon.com.mx/dp/B07DVSR15F,https://www.amazon.com/dp/B07DVSR15F,Amazon Estados Unidos,Ali Bling Hair
,B07BY8595G,2,Belleza,disponible,no disponible,,,2025-10-17T16:28:22.815Z,2025-10-19T17:38:14.897Z,2025-10-28T01:41:58.823Z,1306.68,,"$1,306.68",reBROW- Eyebrow Enhancing Serum - Grow Thicker & Fuller Eyebrows Faster - Promotes Healthier Longer Eyebrows (4mL),https://www.amazon.com.mx/dp/B07BY8595G,https://www.amazon.com/dp/B07BY8595G,SRKSB LLC,
,B07BMD2R5M,2,Belleza,disponible,no disponible,,,2025-10-17T16:28:22.815Z,2025-10-19T17:38:23.388Z,2025-10-28T01:42:06.999Z,855.32,,$737.86,"SkinSaver Anti-Staining Color Blocking Barrier Cream, 1.69 Ounces",https://www.amazon.com.mx/dp/B07BMD2R5M,https://www.amazon.com/dp/B07BMD2R5M,Belleza de Daphne,
,B078NDTKMP,2,Belleza,disponible,no disponible,,,2025-10-17T16:28:22.815Z,2025-10-19T17:38:30.190Z,2025-10-28T01:42:15.554Z,1199.18,,"$1,207.27",Dr. Yates- Resuscitating Oil for shine & growth (4 oz),https://www.amazon.com.mx/dp/B078NDTKMP,https://www.amazon.com/dp/B078NDTKMP,SRKSB LLC,
,B00M2FJNPE,2,Belleza,disponible,no disponible,,,2025-10-17T16:28:22.815Z,2025-10-19T17:38:37.230Z,2025-10-28T01:42:23.220Z,597.63,,$602.55,L'emarie Collagen and Keratin Silk Leave In Hair Conditioner + Intense Curl Cream for Curly Hair - 15oz. - Curly Hair Products,https://www.amazon.com.mx/dp/B00M2FJNPE,https://www.amazon.com/dp/B00M2FJNPE,SRKSB LLC,
,B00LP9VHN4,2,Belleza,disponible,no disponible,,,2025-10-17T16:28:22.815Z,2025-10-19T17:38:44.157Z,2025-10-28T01:42:31.749Z,1311.47,,"$1,322.34","MHU - Plancha de pelo profesional de titanio de 1 pulgada con tecnología iónica negativa, plancha alisadora más 2 clips de salón",https://www.amazon.com.mx/dp/B00LP9VHN4,https://www.amazon.com/dp/B00LP9VHN4,SRKSB LLC,
,B086JNK2M5,2,Belleza,disponible,disponible,,,2025-10-17T16:28:22.815Z,2025-10-19T17:38:52.165Z,2025-10-28T01:42:39.182Z,2527.06,78.79,"$2,527.06","Pelucas de encaje frontal con onda profunda para mujeres negras, 150% densidad, pelo humano virgen brasileño, rizado, con encaje frontal, peluca de encaje con pelo de bebé, peluca de encaje (50,8 cm)",https://www.amazon.com.mx/dp/B086JNK2M5,https://www.amazon.com/dp/B086JNK2M5,SRKSB LLC,ROYAL IMPRESSION
,B006BA3BAY,2,Belleza,disponible,no disponible,,,2025-10-17T16:28:22.816Z,2025-10-19T17:38:59.844Z,2025-10-28T01:42:48.392Z,143,,$564.15,"Dabur Vatika - Aceite para cabello de coco enriquecido (150 ml, 2 unidades)",https://www.amazon.com.mx/dp/B006BA3BAY,https://www.amazon.com/dp/B006BA3BAY,Marca: Vatika Naturals,
,B0872YTRBV,2,Belleza,disponible,disponible,,,2025-10-17T16:28:22.816Z,2025-10-19T17:39:08.186Z,2025-10-28T01:42:57.102Z,2060.92,71.79,"$2,060.92","3 paquetes de pelo virgen brasileño ondulado de 22 pulgadas, 24 pulgadas, 26 pulgadas, 300 g, 10 A, cabello humano brasileño 100 % virgen sin procesar, color natural",https://www.amazon.com.mx/dp/B0872YTRBV,https://www.amazon.com/dp/B0872YTRBV,SRKSB LLC,ROYAL IMPRESSION
,B07XD66S4J,2,Belleza,disponible,no disponible,,,2025-10-17T16:28:22.816Z,2025-10-19T17:39:15.333Z,2025-10-28T01:43:05.851Z,517.8,,$922.58,Miracle Spray Leave In Hair Treatment - 120ml,https://www.amazon.com.mx/dp/B07XD66S4J,https://www.amazon.com/dp/B07XD66S4J,AmarinaBeauty COM,
,B08DFW4MPS,2,Belleza,disponible,disponible,,,2025-10-17T16:28:22.816Z,2025-10-19T17:39:23.761Z,2025-10-28T01:43:13.482Z,2177.89,76.79,"$2,177.89","Pelucas de pelo humano con onda profunda suelta de 18 pulgadas 150% densidad virgen brasileña Remy pelucas de pelo humano con pelo de bebé pre arrancado, línea de encaje frontal para mujeres negras",https://www.amazon.com.mx/dp/B08DFW4MPS,https://www.amazon.com/dp/B08DFW4MPS,SRKSB LLC,ROYAL IMPRESSION
,B08LSVDF2X,2,Belleza,disponible,disponible,,,2025-10-17T16:28:22.816Z,2025-10-19T17:39:31.220Z,2025-10-28T01:43:22.064Z,772.91,30.79,"$1,033.26","Niseyo 6 paquetes de cabello de ganchillo de mariposa de 12 pulgadas, trenzas de ganchillo pre-rizadas",https://www.amazon.com.mx/dp/B08LSVDF2X,https://www.amazon.com/dp/B08LSVDF2X,Amazon Estados Unidos,Niseyo Braids
,B07RV4GZ6P,2,Belleza,disponible,no disponible,,,2025-10-17T16:28:22.816Z,2025-10-19T17:39:39.452Z,2025-10-28T01:43:30.679Z,605.91,,$610.00,"Cepillo curvado con cerdas de jabalí con ventilación, cepillo de pelo único, antiestático, uso en húmedo o seco, secado rápido, uso en cabello largo o corto. (2 unidades, blanco y negro)",https://www.amazon.com.mx/dp/B07RV4GZ6P,https://www.amazon.com/dp/B07RV4GZ6P,SRKSB LLC,
,B07CVTF83B,2,Belleza,disponible,disponible,,,2025-10-17T16:28:22.816Z,2025-10-19T17:39:47.382Z,2025-10-28T01:43:38.596Z,459.75,7.2,$456.29,"Prettyou - Pinza para el pelo con clip de plátano redondo de 2,5 cm, 4 unidades, Marrón",https://www.amazon.com.mx/dp/B07CVTF83B,https://www.amazon.com/dp/B07CVTF83B,Novayu,Prettyou
,B0762JGTWG,2,Belleza,disponible,disponible,,,2025-10-17T16:28:22.816Z,2025-10-19T17:39:54.584Z,2025-10-28T01:43:46.763Z,2700.41,93.79,"$2,700.41",3 paquetes de pelo recto brasileño virginal brasileño recto 3 paquetes 16 pulgadas 18 pulgadas 20 pulgadas 300 g Remy brasileño Cabello humano paquetes 100% sin procesar virgen Remy color natural,https://www.amazon.com.mx/dp/B0762JGTWG,https://www.amazon.com/dp/B0762JGTWG,SRKSB LLC,ROYAL IMPRESSION
,B010TFM3WS,2,Belleza,disponible,disponible,,PRICE_AND_SELLER_NOT_FOUND,2025-10-17T16:28:33.895Z,2025-10-19T17:40:01.844Z,2025-10-28T01:43:55.232Z,491.28,,$489.90,Rioa 10 Pcs Professional Multicolor Plastic Duck Teeth Bows Hair Clips Hairdressing Salon Hair Grip Crocodile DIY Accessories Hairpins-rubberized Non-slip Chic Styling Claw Hair Barrettes by Rioa,https://www.amazon.com.mx/dp/B010TFM3WS,https://www.amazon.com/dp/B010TFM3WS,ProductosTX ⭐ ⭐ ⭐ ⭐ ⭐,
,B00YZ3AB66,2,Belleza,disponible,no disponible,,,2025-10-17T16:28:33.895Z,2025-10-19T17:40:09.464Z,2025-10-28T01:44:02.645Z,1436.65,,"$1,446.35",Hydrate: Daily Facial + Beard Moisturizer - 3.4 fl oz. | stubble & 'stache,https://www.amazon.com.mx/dp/B00YZ3AB66,https://www.amazon.com/dp/B00YZ3AB66,SRKSB LLC,
,B00LNN3GXG,2,Belleza,disponible,no disponible,,,2025-10-17T16:28:33.895Z,2025-10-19T17:40:17.789Z,2025-10-28T01:44:10.037Z,775.2,,$582.27,Leisure Curl Conditioning Scalp Spray - Extra Dry Hair 8 oz. by Leisure Curl,https://www.amazon.com.mx/dp/B00LNN3GXG,https://www.amazon.com/dp/B00LNN3GXG,Rio Bravo,
,B007ROCZVY,2,Belleza,disponible,disponible,,,2025-10-17T16:28:33.895Z,2025-10-19T17:40:25.501Z,2025-10-28T01:44:18.333Z,480.58,9.19,$483.82,Salon Sundry Professional Hair Salon Nylon Cape w/Snap Closure - 50 in. x 60 in.,https://www.amazon.com.mx/dp/B007ROCZVY,https://www.amazon.com/dp/B007ROCZVY,SRKSB LLC,Mix Wholesale
,B002I8XXR4,2,Belleza,disponible,no disponible,,,2025-10-17T16:28:33.895Z,2025-10-19T17:40:33.637Z,2025-10-28T01:44:27.256Z,1458.01,,"$1,468.53","Brocato Saturate Daily Hair Shampoo: Intensive Moisture Hydrating Shampoo for Dry, Damaged Hair - Moisturizing Formula Safe for Color Treated Hair - Contains No Sulfate or Parabens - 32 Oz",https://www.amazon.com.mx/dp/B002I8XXR4,https://www.amazon.com/dp/B002I8XXR4,SEONGSAN,
,B076MRQ7TP,2,Belleza,disponible,disponible,,,2025-10-17T16:28:33.896Z,2025-10-19T17:40:41.386Z,2025-10-28T01:44:34.555Z,3031.78,109.79,"$3,031.78","Cabello virgen brasileño ondulado, 3 paquetes, cabello humano sin procesar de grado 10 A, color natural, Natural, 16""18""20""",https://www.amazon.com.mx/dp/B076MRQ7TP,https://www.amazon.com/dp/B076MRQ7TP,SRKSB LLC,ROYAL IMPRESSION
,B091F25YBS,2,Belleza,disponible,disponible,,,2025-10-17T16:28:33.896Z,2025-10-19T17:40:54.741Z,2025-10-28T01:44:48.586Z,2711.89,103.06,"$3,356.88",Flady Ombre Highlight Encaje Frente Cabello Humano Pelucas Sin Pegamento Recto Hd Transparente Encaje Frontal Pelucas Cabello Humano Pre Arrancado Con El Pelo Del Bebé P4/27 Rubio M,https://www.amazon.com.mx/dp/B091F25YBS,https://www.amazon.com/dp/B091F25YBS,Amazon Estados Unidos,Flady Hair Store
,B0B9J2J3H5,2,Belleza,disponible,disponible,,,2025-10-17T16:28:33.896Z,2025-10-19T17:41:01.885Z,2025-10-28T01:44:56.408Z,2677.44,119.58,"$3,256.01",ghotool 250% Densidad 13X6 Hd Transparente Rizado Encaje Frontal Peluca Cabello Humano Pre Arrancado Glueless Rizado Encaje Frontal Peluca Pelucas De Cabello Humano Con Pelo De Bebé P,https://www.amazon.com.mx/dp/B0B9J2J3H5,https://www.amazon.com/dp/B0B9J2J3H5,Amazon Estados Unidos,Purst Hair
,B07QS16BYP,2,Belleza,disponible,disponible,,,2025-10-17T16:28:33.896Z,2025-10-19T17:41:10.140Z,2025-10-28T01:45:05.075Z,646.98,23.88,$813.77,"Pelucas de cabello sintético corto afro rizado para mujeres negras, Phoenixfly rojo africano suelto rizado esponjoso longitud del hombro pelucas de pelo rizado de aspecto natural resistente al calor pelucas de repuesto con gorras de peluca (rojo)",https://www.amazon.com.mx/dp/B07QS16BYP,https://www.amazon.com/dp/B07QS16BYP,Amazon Estados Unidos,Phoenixfly
,B09WK1BKHP,2,Belleza,disponible,disponible,,,2025-10-17T16:28:33.896Z,2025-10-19T17:41:17.529Z,2025-10-28T01:45:13.143Z,1890.24,79.98,"$2,245.39",Jewhaut Pelucas Frontales De Encaje De 26 Pulgadas De Onda Profunda Pelucas De Cabello Humano Para Mujeres Negras 180% Densidad Hd Transparente 13×4 Pelucas Sin Pegamento Con Encaje F,https://www.amazon.com.mx/dp/B09WK1BKHP,https://www.amazon.com/dp/B09WK1BKHP,Amazon Estados Unidos,ruishuhair
,B09DSKP95V,2,Belleza,disponible,disponible,,,2025-10-17T16:28:33.896Z,2025-10-19T17:41:24.359Z,2025-10-28T01:45:22.082Z,2298.56,99.89,"$2,770.78",Yuzhou Grace Peluca Frontal De Encaje Rizado Cabello Humano 13X4 Onda Profunda Pelucas Frontales Para Mujeres Mojado Y Ondulado 250% Densidad Hd Pelucas Frontales De Encaje Cabello Humano,https://www.amazon.com.mx/dp/B09DSKP95V,https://www.amazon.com/dp/B09DSKP95V,Amazon Estados Unidos,YuZhouGrace
,B07GZ9ZTTQ,2,Belleza,disponible,no disponible,,,2025-10-17T16:28:33.896Z,2025-10-19T17:41:30.901Z,2025-10-28T01:45:30.062Z,724.62,,$723.24,"Travel Mini Hair Dryer Ceramic Ionic 1000 Watts Blow Dryer Lightweight 2 Speed Settings with a Concentrator, Pink Color (Pink)",https://www.amazon.com.mx/dp/B07GZ9ZTTQ,https://www.amazon.com/dp/B07GZ9ZTTQ,F4ST ORCHESTRA,
,B07QJX65NH,2,Belleza,disponible,disponible,,,2025-10-17T16:28:33.896Z,2025-10-19T17:41:38.625Z,2025-10-28T01:45:37.948Z,1494.38,64.99,"$1,858.71","Lovrio Extensiones de cabello lacio con clip, cabello virgen brasileño, grande, grueso, doble trama, cabello Remy real para mujeres negras, 7 piezas, 4.23 onzas, 12 pulgadas",https://www.amazon.com.mx/dp/B07QJX65NH,https://www.amazon.com/dp/B07QJX65NH,Amazon Estados Unidos,Lovrio
,B006QOFPUO,2,Belleza,no disponible,no disponible,,,2025-10-17T16:28:33.896Z,2025-10-19T17:41:45.880Z,2025-10-28T01:45:46.823Z,,,"$1,617.03","GO247 Conditioner, 33 Fl. oz.",https://www.amazon.com.mx/dp/B006QOFPUO,https://www.amazon.com/dp/B006QOFPUO,Marca: GO247,
,B01L2A1TGA,2,Belleza,disponible,no disponible,,,2025-10-17T16:28:46.434Z,2025-10-19T17:41:53.465Z,2025-10-28T01:45:53.924Z,769.35,,$774.54,"NEMAT ENTERPRISES Amber Perfume Oil, 10 ML#",https://www.amazon.com.mx/dp/B01L2A1TGA,https://www.amazon.com/dp/B01L2A1TGA,SRKSB LLC,
,B00BKSPPVA,2,Belleza,disponible,no disponible,,,2025-10-17T16:28:46.434Z,2025-10-19T17:42:01.540Z,2025-10-28T01:46:01.842Z,249.99,,$382.48,Choco Musk - 6ml (.2 oz) Perfume Oil by (Crown Perfumes),https://www.amazon.com.mx/dp/B00BKSPPVA,https://www.amazon.com/dp/B00BKSPPVA,Al Rehab Mexico,
,B01N13A4Z9,2,Belleza,disponible,no disponible,,,2025-10-17T16:28:46.435Z,2025-10-19T17:42:10.500Z,2025-10-28T01:46:08.964Z,505.34,,$505.34,"Zoha Vanilla Bloom (Roll-On) Perfume Oil Fragrances, 15 ml / 0.50 FL Oz",https://www.amazon.com.mx/dp/B01N13A4Z9,https://www.amazon.com/dp/B01N13A4Z9,SRKSB LLC,
,B01N27J3TG,2,Belleza,disponible,no disponible,,,2025-10-17T16:28:46.435Z,2025-10-19T17:42:18.144Z,2025-10-28T01:46:16.833Z,505.34,,$505.34,"Zoha Rose Bloom (Roll-On) Perfume Oil Fragrances, 15 ml / 0.50 FL Oz",https://www.amazon.com.mx/dp/B01N27J3TG,https://www.amazon.com/dp/B01N27J3TG,SRKSB LLC,
,B07DX9P8FF,2,Belleza,disponible,no disponible,,,2025-10-17T16:28:46.435Z,2025-10-19T17:42:25.590Z,2025-10-28T01:46:23.727Z,808.96,,$946.17,"Cristiano Ronaldo CR7 Play It Cool - Blends Bright Citruses And Aromatic Fougere Notes - Fresh, Invigorating And Sensual - Light Enough For Everyday Wear - Masculine Fragrance - 1.7 Oz EDT Spray",https://www.amazon.com.mx/dp/B07DX9P8FF,https://www.amazon.com/dp/B07DX9P8FF,Mera-Store,
,B000C236FW,2,Belleza,disponible,no disponible,,,2025-10-17T16:28:46.435Z,2025-10-19T17:42:35.910Z,2025-10-28T01:46:32.517Z,3447.12,,"$3,776.96",Fracas By Robert Piquet For Women. Spray 1.7 Ounces,https://www.amazon.com.mx/dp/B000C236FW,https://www.amazon.com/dp/B000C236FW,BROWN LEAVES LLC,
,B076TF26D5,2,Belleza,disponible,no disponible,,,2025-10-17T16:28:46.435Z,2025-10-19T17:42:44.112Z,2025-10-28T01:46:39.801Z,852.4,,$852.40,"Prime Collection Deep Sense Black for men, 3.4 Ounce",https://www.amazon.com.mx/dp/B076TF26D5,https://www.amazon.com/dp/B076TF26D5,SRKSB LLC,
,B0D9J28R16,2,Belleza,disponible,no disponible,,,2025-10-17T16:28:46.435Z,2025-10-19T17:42:53.069Z,2025-10-28T01:46:47.985Z,129,,$395.77,"Ard Al Zaafaran Yara Perfume Roller for Unisex, 0.34 Ounce/10 ml",https://www.amazon.com.mx/dp/B0D9J28R16,https://www.amazon.com/dp/B0D9J28R16,Marca: Ard Al Zaafaran Perfumes,
,B0089SMR8I,2,Belleza,disponible,no disponible,,,2025-10-17T16:28:46.435Z,2025-10-19T17:43:01.351Z,2025-10-28T01:46:54.937Z,398,,$799.29,"NEST Fragrances Vela votiva, día Festivo, 2 onzas",https://www.amazon.com.mx/dp/B0089SMR8I,https://www.amazon.com/dp/B0089SMR8I,Marca: NEST New York,
,B084TDZKR3,2,Belleza,disponible,no disponible,,,2025-10-17T16:28:46.436Z,2025-10-19T17:43:09.238Z,2025-10-28T01:47:02.782Z,815.3,,$831.00,Tuscany Candle Ocean View Premium - Vela de cera satinada (14 oz),https://www.amazon.com.mx/dp/B084TDZKR3,https://www.amazon.com/dp/B084TDZKR3,SRKSB LLC,
,B004HHPJJO,2,Belleza,disponible,no disponible,,,2025-10-17T16:28:46.436Z,2025-10-19T17:43:17.418Z,2025-10-28T01:47:10.308Z,669,,$987.96,Kwailnara The First Green Tea Natural Facial Massage Cream (Fermented Green Tea) by Gwailnara,https://www.amazon.com.mx/dp/B004HHPJJO,https://www.amazon.com/dp/B004HHPJJO,quanax,
,B0926B8273,2,Belleza,disponible,no disponible,,,2025-10-17T16:28:57.590Z,2025-10-19T17:43:25.985Z,2025-10-28T01:47:17.606Z,1134.22,,"$1,136.91","Maxpearl Kit de cera con perlas de cera dura, kit de calentador de cera para depilación con pelo fino y grueso, cejas, facial, axilas, bikini, piernas, pantalla digital con 20 varillas de aplicación",https://www.amazon.com.mx/dp/B0926B8273,https://www.amazon.com/dp/B0926B8273,GREENJIN,
,B078HRLSKS,2,Belleza,disponible,no disponible,,,2025-10-17T16:28:57.590Z,2025-10-19T17:43:42.081Z,2025-10-28T01:47:31.574Z,463.44,,$463.44,Varon Dandy After Shave 3.3 Fl Oz,https://www.amazon.com.mx/dp/B078HRLSKS,https://www.amazon.com/dp/B078HRLSKS,SRKSB LLC,
,B0B5WJVR8S,2,Belleza,disponible,no disponible,,,2025-10-17T16:28:57.590Z,2025-10-19T17:43:50.796Z,2025-10-28T01:47:40.095Z,932.87,,$939.16,"Traje de cera - calentador de cera de depilación tikesi, traje de cera dura de 14,1 onzas, 5 bolsas de frijoles de cera dura para todo el cuerpo, piernas, cara y cejas, bikini, traje de cera para hombres y mujeres brasileños",https://www.amazon.com.mx/dp/B0B5WJVR8S,https://www.amazon.com/dp/B0B5WJVR8S,SRKSB LLC,
,B09Y4CY84M,2,Belleza,disponible,disponible,,,2025-10-17T16:28:57.590Z,2025-10-19T17:43:59.796Z,2025-10-28T01:47:48.626Z,515.31,9.99,$515.31,"SINAHET Dermaplane - Maquinilla de afeitar para mujer (6 unidades) herramienta profesional de dermatización para pelusa de melocotón, depilación facial y cejas, hoja de exfoliación suave de la piel",https://www.amazon.com.mx/dp/B09Y4CY84M,https://www.amazon.com/dp/B09Y4CY84M,SRKSB LLC,sencer
,B099KHRNCB,2,Belleza,disponible,no disponible,,,2025-10-17T16:28:57.590Z,2025-10-19T17:44:08.873Z,2025-10-28T01:47:56.304Z,630.69,,$634.96,"Varolan Regalos de Cumpleaños para Hombres, Regalos para Hombre, Kit Único de Cuidado de La Barba para Hombres Mejores Amigos Hombre Papá Hermano Marido Prometido Él Novio Compañero de Trabajo, Ideas",https://www.amazon.com.mx/dp/B099KHRNCB,https://www.amazon.com/dp/B099KHRNCB,SRKSB LLC,
,B01IDNM8E6,2,Belleza,disponible,no disponible,,,2025-10-17T16:28:57.590Z,2025-10-19T17:44:16.668Z,2025-10-28T01:48:05.029Z,727.24,,$727.24,Yoffee Nose Wax - Kit Cera Depilatoria para el vello de Nariz y Orejas - Hombre y Mujer - Cera 100% natural de gran calidad - Fácil de usar con 10 aplicadores / 50g.,https://www.amazon.com.mx/dp/B01IDNM8E6,https://www.amazon.com/dp/B01IDNM8E6,SRKSB LLC,
,B0D8TGK32P,2,Belleza,disponible,disponible,,,2025-10-17T16:28:57.591Z,2025-10-19T17:44:24.825Z,2025-10-28T01:48:11.850Z,571.73,11.99,$576.32,"Cortadora facial de cejas para mujer, 2 en 1, recargable, para cara, ojos, cejas, removedor de cara, pelusas de melocotón, eliminación facial indolora, luz LED integrada para labios, brazo, nariz,",https://www.amazon.com.mx/dp/B0D8TGK32P,https://www.amazon.com/dp/B0D8TGK32P,SRKSB LLC,Orchidate
,B092VRFKQS,2,Belleza,disponible,no disponible,,,2025-10-17T16:28:57.591Z,2025-10-19T17:44:31.601Z,2025-10-28T01:48:20.836Z,517.23,,$509.64,"Perlas de cera dura, Ajoura para depilación con kit de depilación, 450 g para calentadores de cera, encerado para cara, bikini, cejas, piernas, espalda, axilas",https://www.amazon.com.mx/dp/B092VRFKQS,https://www.amazon.com/dp/B092VRFKQS,SRKSB LLC,
,B09ZLJ95DJ,2,Belleza,disponible,no disponible,,,2025-10-17T16:28:57.591Z,2025-10-19T17:44:40.004Z,2025-10-28T01:48:29.755Z,684.8,,$688.26,"The Goodfellas' Smile Líquido calmante para después del afeitado sin alcohol, fabricado en Italia, 100 ml, 3,38 oz",https://www.amazon.com.mx/dp/B09ZLJ95DJ,https://www.amazon.com/dp/B09ZLJ95DJ,SRKSB LLC,
,B09KZFZV1L,2,Belleza,disponible,no disponible,,,2025-10-17T16:28:57.591Z,2025-10-19T17:44:48.039Z,2025-10-28T01:48:36.963Z,535.62,,$541.51,"Kit de calentador de sello de cera para horno de fusión con cuchara y varilla de agitación, juego de velas de vela para boda sello de cera (Redwood B)",https://www.amazon.com.mx/dp/B09KZFZV1L,https://www.amazon.com/dp/B09KZFZV1L,SRKSB LLC,
,B07S67TXNT,2,Belleza,disponible,no disponible,,,2025-10-17T16:28:57.591Z,2025-10-19T17:44:56.635Z,2025-10-28T01:48:44.916Z,393.18,,$395.70,"Hookah - Soporte de metal para utensilios de bricolaje (2 unidades), color plateado",https://www.amazon.com.mx/dp/B07S67TXNT,https://www.amazon.com/dp/B07S67TXNT,SRKSB LLC,
,B07R6G9XZS,2,Belleza,disponible,no disponible,,,2025-10-17T16:28:57.591Z,2025-10-19T17:45:04.647Z,2025-10-28T01:48:52.038Z,839.48,,$845.15,"KeShi Kit de cera para depilacion, kit de cera para el hogar con 6 bolsas de cera dura para piernas, cara, cejas, bikini, depilacion brasilena para mujeres y hombres",https://www.amazon.com.mx/dp/B07R6G9XZS,https://www.amazon.com/dp/B07R6G9XZS,SRKSB LLC,
,B01DMD8PL2,2,Belleza,disponible,no disponible,,,2025-10-17T16:28:57.591Z,2025-10-19T17:45:13.504Z,2025-10-28T01:48:59.808Z,898.06,,$898.06,JS Sloane 1947 Aftershave 4oz by JS Sloane,https://www.amazon.com.mx/dp/B01DMD8PL2,https://www.amazon.com/dp/B01DMD8PL2,SRKSB LLC,
,B00MSZRQWU,2,Belleza,disponible,no disponible,,,2025-10-17T16:28:57.591Z,2025-10-19T17:45:21.379Z,2025-10-28T01:49:06.845Z,1140.48,,"$1,147.79",Jade East by Songo Men's After Shave 4 oz - 100% Authentic by Songo,https://www.amazon.com.mx/dp/B00MSZRQWU,https://www.amazon.com/dp/B00MSZRQWU,AISHAM FOREVER,
,B00VXJQEZW,2,Belleza,disponible,no disponible,,,2025-10-17T16:28:57.591Z,2025-10-19T17:45:28.797Z,2025-10-28T01:49:13.152Z,687.16,,$685.78,"Lotion for Beards by Beardsley and Company Beard, Care Products. Softens and Soothes, 4 oz",https://www.amazon.com.mx/dp/B00VXJQEZW,https://www.amazon.com/dp/B00VXJQEZW,Boon Shopping,
,B08J5J32V1,2,Belleza,disponible,disponible,,,2025-10-17T16:29:10.735Z,2025-10-19T17:45:36.177Z,2025-10-28T01:49:21.432Z,480.32,18.34,$676.23,Plum Beauty - Rodillo facial de amatista,https://www.amazon.com.mx/dp/B08J5J32V1,https://www.amazon.com/dp/B08J5J32V1,Amazon Estados Unidos,"Retaills, LLC"
,B082L2PLQS,2,Belleza,disponible,disponible,,,2025-10-17T16:29:10.735Z,2025-10-19T17:45:45.627Z,2025-10-28T01:49:29.351Z,220,6.99,$429.65,Homeyes - Atomizador de vidrio rellenable para viajes,https://www.amazon.com.mx/dp/B082L2PLQS,https://www.amazon.com/dp/B082L2PLQS,GMSM Store,HOMEYES-US
,B0BZVV4D73,2,Belleza,disponible,no disponible,,,2025-10-17T16:29:10.735Z,2025-10-19T17:45:54.313Z,2025-10-28T01:49:37.446Z,432.59,,$434.13,Kit de 18 pares de pistolas perforadoras,https://www.amazon.com.mx/dp/B0BZVV4D73,https://www.amazon.com/dp/B0BZVV4D73,Novayu,
,B0D1XTPWXN,2,Belleza,disponible,no disponible,,,2025-10-17T16:29:10.735Z,2025-10-19T17:46:03.073Z,2025-10-28T01:49:45.547Z,2130.26,,"$2,512.29","Organizador de maquillaje, organizador de almacenamiento, organizador de baño de piso con ruedas, versátil para el cuidado de la piel, accesorios de uñas, organizador de manualidades, para recámara",https://www.amazon.com.mx/dp/B0D1XTPWXN,https://www.amazon.com/dp/B0D1XTPWXN,KayaaStoree,
,B0CL213CQG,2,Belleza,disponible,disponible,,PRICE_AND_SELLER_NOT_FOUND,2025-10-17T16:29:10.736Z,2025-10-19T17:46:11.376Z,2025-10-28T01:49:53.649Z,1488.48,,"$1,545.39","Atelics - Impresora inalámbrica de plantillas de transferencia de tatuajes, con estuche de almacenamiento y 10 unidades de papel de transferencia, máquina fotocopiadora térmica portátil de",https://www.amazon.com.mx/dp/B0CL213CQG,https://www.amazon.com/dp/B0CL213CQG,New Shire LLC,
,B0C2DDW67Q,2,Belleza,disponible,no disponible,,,2025-10-17T16:29:10.736Z,2025-10-19T17:46:19.720Z,2025-10-28T01:50:01.563Z,857.96,,$857.96,"Palm and Plenty - Frascos ocultos para licor | Champú y acondicionador falso de 16 onzas y botellas de protección solar para ocultar alcohol en crucero, envases de grado alimenticio, a prueba de fugas, (paquete de 4, 64 onzas líquidas en total)",https://www.amazon.com.mx/dp/B0C2DDW67Q,https://www.amazon.com/dp/B0C2DDW67Q,SRKSB LLC,
,B0D328VYZH,2,Belleza,disponible,no disponible,,,2025-10-17T16:29:22.200Z,2025-10-19T17:46:33.854Z,2025-10-28T01:50:15.246Z,734.61,,$746.19,"BEECO GIF2U - Tarro de tapa de bambú aspiradora de 16 oz/500 g, paquete de 2 envases de plástico recargables redondos para polvo, mantequilla corporal, crema, loción, dispensador de muestras de",https://www.amazon.com.mx/dp/B0D328VYZH,https://www.amazon.com/dp/B0D328VYZH,SRKSB LLC,
,B07SCSW2GJ,2,Belleza,disponible,no disponible,,,2025-10-17T16:29:22.201Z,2025-10-19T17:46:41.698Z,2025-10-28T01:50:23.687Z,437.55,,$437.55,"Moncom Hisopos de algodón de 500 unidades de doble punta redonda con varillas de madera fuertes, 3 pulgadas, 1 caja",https://www.amazon.com.mx/dp/B07SCSW2GJ,https://www.amazon.com/dp/B07SCSW2GJ,SRKSB LLC,
,B07YXVLL2R,2,Belleza,disponible,disponible,,,2025-10-17T16:29:22.201Z,2025-10-19T17:46:49.197Z,2025-10-28T01:50:30.416Z,734.71,18.98,$734.71,"Newchoice - playera casual de manga larga con cuello redondo para mujer, estilo túnica básica suelta",https://www.amazon.com.mx/dp/B07YXVLL2R,https://www.amazon.com/dp/B07YXVLL2R,SRKSB LLC,Newchoice
,B0D3WG9QPT,2,Belleza,disponible,disponible,,,2025-10-17T16:29:22.201Z,2025-10-19T17:46:57.018Z,2025-10-28T01:50:39.497Z,430.5,5.29,$429.12,"NaYiissi - 10 bolsas de viaje para artículos de cambiador, bolsa de embalaje de maquillaje a prueba de fugas, aprobada por la TSA, contenedor de líquido de viaje, bolsa de plástico para loción, champú",https://www.amazon.com.mx/dp/B0D3WG9QPT,https://www.amazon.com/dp/B0D3WG9QPT,Novayu,Nayisikejichanpin
,B09NN6K35X,2,Belleza,disponible,disponible,,,2025-10-17T16:29:34.362Z,2025-10-19T17:47:03.974Z,2025-10-28T01:50:46.620Z,1136.56,32.99,"$1,138.04","Facial Steamer,Amconsure Face Steamer for Home Facial Deep Cleaning, Nano Ionic Facial Steamers Warm Mist Humidifier Atomizer for Face Sauna Spa Sinuses Moisturizing, Unclogs Pores(Blue)",https://www.amazon.com.mx/dp/B09NN6K35X,https://www.amazon.com/dp/B09NN6K35X,SRKSB LLC,Amconsure Direct
,B0CFZT926Z,2,Belleza,disponible,no disponible,,,2025-10-17T16:29:34.362Z,2025-10-19T17:47:13.502Z,2025-10-28T01:50:55.297Z,405.02,,$407.76,"GIVITASOT - Botellas de bomba sin aire de 0.5 oz/15 ml, paquete de 3 botellas de bomba de tamaño de viaje, botella de viaje cosmética al aspiradora para loción, cremas, base, cosméticos, con etiquetas",https://www.amazon.com.mx/dp/B0CFZT926Z,https://www.amazon.com/dp/B0CFZT926Z,SRKSB LLC,
,B0C7ST9Y38,2,Belleza,disponible,disponible,,,2025-10-17T16:29:34.362Z,2025-10-19T17:47:21.528Z,2025-10-28T01:51:01.999Z,473.87,6.99,$458.20,"Botellas de viaje de silicona a prueba de fugas, paquete de 4 unidades de 2 onzas líquidas exprimibles recargables y accesorios de viaje portátiles para cosméticos, sin BPA, botellas de tamaño de viaje para artículos de cambiador, champú acondicionador loción",https://www.amazon.com.mx/dp/B0C7ST9Y38,https://www.amazon.com/dp/B0C7ST9Y38,SHOPHOLİC,LIYUABU
,B09SWSD1XT,2,Belleza,disponible,no disponible,,,2025-10-17T16:29:34.362Z,2025-10-19T17:47:28.510Z,2025-10-28T01:51:10.069Z,521.36,,$544.12,"KISSIO- Juego de voluminizador de labios, voluminizador de labios natural, cuidado de labios, brillo voluminizador de labios, humectante de labios hermoso, uso diario",https://www.amazon.com.mx/dp/B09SWSD1XT,https://www.amazon.com/dp/B09SWSD1XT,SRKSB LLC,
,B09Q5WCZ8T,2,Belleza,disponible,disponible,,,2025-10-17T16:29:44.465Z,2025-10-19T17:47:37.695Z,2025-10-28T01:51:18.680Z,742.78,16.67,$724.56,"YIEZI Organizador de Maquillaje Giratorio de 360 Grados, Organizador de perfumes para tocador de baño, 4 bandejas, Estuches de Almacenamiento de cosméticos Ajustables y Estuches de Maquillaje, transp",https://www.amazon.com.mx/dp/B09Q5WCZ8T,https://www.amazon.com/dp/B09Q5WCZ8T,DONGHANGS,Jiapei-US
,B08YS468KQ,2,Belleza,disponible,no disponible,,,2025-10-17T16:29:44.465Z,2025-10-19T17:47:45.732Z,2025-10-28T01:51:26.565Z,580.71,,$580.71,Cristal transparente de 5 ml con rodillos inoxidables (paquete de 10),https://www.amazon.com.mx/dp/B08YS468KQ,https://www.amazon.com/dp/B08YS468KQ,SRKSB LLC,
,B088T5BX7G,2,Belleza,disponible,disponible,,,2025-10-17T16:29:44.465Z,2025-10-19T17:47:53.293Z,2025-10-28T01:51:35.636Z,377.83,4.99,$380.38,"Frasco aspiradora de pulverización fina – 2 botellas de plástico recargables de 60 ml / 2 oz para aceites esenciales, soluciones de limpieza, perfumes, plantas de maquillaje, alcohol, contenedor de agua de viaje para el cabello Mister",https://www.amazon.com.mx/dp/B088T5BX7G,https://www.amazon.com/dp/B088T5BX7G,SRKSB LLC,EnWei
,B087NVX6PN,2,Belleza,disponible,no disponible,,,2025-10-17T16:29:44.466Z,2025-10-19T17:48:00.081Z,2025-10-28T01:51:42.650Z,442.95,,$442.95,"HS HEALTHY SOLUTIONS GLASSWARE - Rodillo de aceite esencial para botellas de aceite esencial de 5 y 15 ml. Paquete de 8 tapas enrollables de vidrio a prueba de fugas con anillo de presión extraíble. Ideal para aceites, mezclas y bricolaje.",https://www.amazon.com.mx/dp/B087NVX6PN,https://www.amazon.com/dp/B087NVX6PN,SRKSB LLC,
,B09KXYR4NB,2,Belleza,disponible,disponible,,,2025-10-17T16:29:44.466Z,2025-10-19T17:48:08.549Z,2025-10-28T01:51:50.947Z,856.51,19.54,$877.59,"Cepillo Facial Eléctrico COSLUS 2021 con 7 Cabezales de Repuesto para Limpieza Profunda, Exfoliación Suave, Descongestión de Pores y Masaje Facial",https://www.amazon.com.mx/dp/B09KXYR4NB,https://www.amazon.com/dp/B09KXYR4NB,SRKSB LLC,Bichenis
,B07ZB81N4X,2,Belleza,disponible,no disponible,,,2025-10-17T16:29:44.466Z,2025-10-19T17:48:17.255Z,2025-10-28T01:51:58.064Z,481.98,,$485.24,"BAGTeck Tubos vacíos de brillo de labios (10 ml), dispensadores de jeringa de plástico de 20 ml, tubos vacíos rellenables, recipientes de cosméticos transparentes de tubo suave, para mujeres y niñas DIY brillo de labios cosméticos",https://www.amazon.com.mx/dp/B07ZB81N4X,https://www.amazon.com/dp/B07ZB81N4X,SRKSB LLC,
,B08TBL43M9,2,Belleza,disponible,disponible,,,2025-10-17T16:29:44.466Z,2025-10-19T17:48:24.308Z,2025-10-28T01:52:05.295Z,465.38,7.98,$465.38,Mezclador de tinta de tatuaje Pigmento eléctrico Maquillaje Ceja Esmalte de uñas Mezclador de Color Máquina de Suministro Herramienta de Acuarela Tinta Pintura Agitador Licuadora con 100pcs Mixing Sticks Set (Rosa),https://www.amazon.com.mx/dp/B08TBL43M9,https://www.amazon.com/dp/B08TBL43M9,SRKSB LLC,qlxshop
,B086VYYXM9,2,Belleza,disponible,no disponible,,,2025-10-17T16:29:55.308Z,2025-10-19T17:48:31.429Z,2025-10-28T01:52:12.974Z,496.69,,$496.69,"6 botellas de cristal vacías, redondas, de ámbar, con cabezal de pulverización, rellenables, portátiles, pulverizadores de niebla fina, pulverizadores, recipientes, botes de viaje, subembotellado para solución salina coloidal plateada",https://www.amazon.com.mx/dp/B086VYYXM9,https://www.amazon.com/dp/B086VYYXM9,SRKSB LLC,
,B0D5D1RX7P,2,Belleza,disponible,disponible,,,2025-10-17T16:29:55.308Z,2025-10-19T17:48:39.932Z,2025-10-28T01:52:21.665Z,427.54,5.99,$427.54,"Decorniqu - Tarros de viaje para artículos de cambiador aprobados por la TSA, paquete de 4 tarros de plástico de crema rellenables, a prueba de fugas, recipientes de tamaño de viaje con tapa para",https://www.amazon.com.mx/dp/B0D5D1RX7P,https://www.amazon.com/dp/B0D5D1RX7P,SRKSB LLC,BINYER
,B0D5B5KT6K,2,Belleza,disponible,no disponible,,,2025-10-17T16:29:55.309Z,2025-10-19T17:48:47.512Z,2025-10-28T01:52:28.829Z,1080.02,,"$1,064.30","KAOTGOT - Organizador de maquillaje, diseño de madera y acrílico, ideal para estuche de cosméticos, soporte de perfume, almacenamiento de esmalte de uñas, soporte de lápiz labial, cambiador de baño,",https://www.amazon.com.mx/dp/B0D5B5KT6K,https://www.amazon.com/dp/B0D5B5KT6K,CATTLESIV,
,B0D5B5HS97,2,Belleza,disponible,no disponible,,,2025-10-17T16:29:55.309Z,2025-10-19T17:48:55.241Z,2025-10-28T01:52:37.147Z,1103.85,,"$1,068.97","KAOTGOT - Organizador de maquillaje, diseño de madera y acrílico, ideal para estuche de cosméticos, soporte de perfume, almacenamiento de esmalte de uñas, soporte de lápiz labial, cambiador de baño,",https://www.amazon.com.mx/dp/B0D5B5HS97,https://www.amazon.com/dp/B0D5B5HS97,CATTLESIV,
,B07NJLRNJY,2,Belleza,disponible,no disponible,,,2025-10-17T16:30:09.428Z,2025-10-19T17:49:04.041Z,2025-10-28T01:52:44.157Z,580.04,,$583.96,Bastoncillos de algodón orgánico de bambú biodegradables de alta calidad | Palillos de madera compostables | Productos desechables sin residuos | Bastones de maquillaje libres de plástico | Bastones de seguridad para la limpieza de ojos | Utensilios ecológicos,https://www.amazon.com.mx/dp/B07NJLRNJY,https://www.amazon.com/dp/B07NJLRNJY,SRKSB LLC,
,B073TSD1K8,2,Belleza,disponible,disponible,,,2025-10-17T16:30:09.428Z,2025-10-19T17:49:18.132Z,2025-10-28T01:52:58.112Z,629.74,12.99,$629.74,"sanipoe 360 Makeup Organizer, DIY Detachable Spinning Cosmetic Makeup Caddy Storage DIsplay Bag Case Large Capacity Makeup Box Acrylic Vanity Organizer Box, Great for Countertop and Bathroom, White",https://www.amazon.com.mx/dp/B073TSD1K8,https://www.amazon.com/dp/B073TSD1K8,SRKSB LLC,ELOKI
,B09PK22MSL,2,Belleza,disponible,no disponible,,,2025-10-17T16:30:22.608Z,2025-10-19T17:49:26.587Z,2025-10-28T01:53:06.049Z,503.44,,$488.30,"LOUINSTIC Limpiador y acondicionador de pinceles de uñas – Limpia rápidamente pinceles de uñas de gel, pinceles de pintura, aerógrafos, herramientas de arte, conservador y restaurador de pinceles de uñas para cepillo de uñas acrílico Kolinsky y cepillo de uñas de gel",https://www.amazon.com.mx/dp/B09PK22MSL,https://www.amazon.com/dp/B09PK22MSL,SRKSB LLC,
,B01EVT7PBW,2,Belleza,disponible,disponible,,,2025-10-17T16:30:22.609Z,2025-10-19T17:49:35.034Z,2025-10-28T01:53:14.124Z,731.5,17.95,$731.50,12 packs #301 Christina 100% Human Hair Fake Eyelashes,https://www.amazon.com.mx/dp/B01EVT7PBW,https://www.amazon.com/dp/B01EVT7PBW,SRKSB LLC,Mango Six B&M
,B07LBPRPQ9,2,Belleza,disponible,disponible,,,2025-10-17T16:30:58.411Z,2025-10-19T17:49:43.011Z,2025-10-28T01:53:20.619Z,739.78,23.99,$848.33,12 Inches Women Short Curly Synthetic Wig with Air Bangs Cosplay Short Synthetic BOB Hair Wigs Christmas Party Lovely Pink Color,https://www.amazon.com.mx/dp/B07LBPRPQ9,https://www.amazon.com/dp/B07LBPRPQ9,Amazon Estados Unidos,fellinggood
,B0DB4MYY7V,2,Deportes y Aire libre,disponible,no disponible,,,2025-10-17T16:31:08.649Z,2025-10-19T17:49:51.134Z,2025-10-28T01:53:28.598Z,509.03,,$515.41,"2 botas de silicona para botella de agua Owala de 40 onzas, funda protectora para parachoques inferior antideslizante para botellas de acero inoxidable FreeSip, Twist y Flip (negro)",https://www.amazon.com.mx/dp/B0DB4MYY7V,https://www.amazon.com/dp/B0DB4MYY7V,SRKSB LLC,
,B0CYGMCSFY,2,Deportes y Aire libre,disponible,disponible,,,2025-10-17T16:31:08.649Z,2025-10-19T17:50:00.254Z,2025-10-28T01:53:35.124Z,2296.1,68.99,"$2,304.73","SilTriangle - 80 unidades de mochila transparente con cordón de 11.8 pulgadas, bolsas de plástico impermeables con cordón, bolsa transparente para eventos de estadio, bolsas de cordón a granel para",https://www.amazon.com.mx/dp/B0CYGMCSFY,https://www.amazon.com/dp/B0CYGMCSFY,SRKSB LLC,Zwaoschi
,B0972GTS8W,2,Deportes y Aire libre,disponible,no disponible,,,2025-10-17T16:31:08.649Z,2025-10-19T17:50:08.387Z,2025-10-28T01:53:41.666Z,799.52,,$782.03,"Mangrove - Bolsa de pickleball para hombre y mujer, bolsa ajustable con gancho de cerca, capacidad mejorada, bolsillo de seguridad/soporte para botella de agua, diseño 2020 (verde)",https://www.amazon.com.mx/dp/B0972GTS8W,https://www.amazon.com/dp/B0972GTS8W,Boon Shopping,
,B0D7Q37WJF,2,Deportes y Aire libre,disponible,disponible,,PRICE_AND_SELLER_NOT_FOUND,2025-10-17T16:31:08.649Z,2025-10-19T17:50:16.752Z,2025-10-28T01:53:50.523Z,1600.34,,"$1,597.69","GraceTune Mochila duradera de gran capacidad para jóvenes y adultos, bolsa de softbol con compartimento para zapatos y gancho para valla para bate y equipo TBall, cascos, guantes",https://www.amazon.com.mx/dp/B0D7Q37WJF,https://www.amazon.com/dp/B0D7Q37WJF,SRKSB LLC,
,B0CNW32MX3,2,Deportes y Aire libre,disponible,disponible,,,2025-10-17T16:31:08.650Z,2025-10-19T17:50:25.813Z,2025-10-28T01:53:58.403Z,516.89,9.99,$516.89,"Botella de agua, botellas de agua motivacionales de 32 onzas con marcador de tiempo, sin Tritan y BPA, botella de agua deportiva con tiempo para beber y correa, boca ancha, a prueba de fugas, regalo",https://www.amazon.com.mx/dp/B0CNW32MX3,https://www.amazon.com/dp/B0CNW32MX3,SRKSB LLC,Mevoly
,B0D9KD7FHY,2,Deportes y Aire libre,disponible,disponible,,,2025-10-17T16:31:08.650Z,2025-10-19T17:50:34.872Z,2025-10-28T01:54:07.753Z,556.06,10.99,$556.06,"CHENGLAI - 6 bolsas de malla con cordón de 11.8 x 7.5 pulgadas, bolsa de malla pequeña, bolsa de red deportiva, bolsa de equipo deportivo de malla multiusos para voleibol, fútbol, pelotas de golf y",https://www.amazon.com.mx/dp/B0D9KD7FHY,https://www.amazon.com/dp/B0D9KD7FHY,SRKSB LLC,yangqinyi
,B089TYWGP9,2,Deportes y Aire libre,disponible,disponible,,,2025-10-17T16:31:08.650Z,2025-10-19T17:50:41.774Z,2025-10-28T01:54:14.935Z,767.07,19.99,$767.07,"FIT - Botella de agua de vidrio fuerte y saludable de 32 onzas con marcador de tiempo y funda de silicona, con mango y 2 tapas a prueba de fugas, tapa de popote y boquilla, boca ancha, sin BPA,",https://www.amazon.com.mx/dp/B089TYWGP9,https://www.amazon.com/dp/B089TYWGP9,SRKSB LLC,FIT STRONG & HEALTHY
,B0BM3V693B,2,Deportes y Aire libre,disponible,disponible,,,2025-10-17T16:31:08.650Z,2025-10-19T17:50:51.485Z,2025-10-28T01:54:23.756Z,1118.29,29.99,"$1,125.42","Bolsa de lona deportiva para hombres y mujeres, para fines de semana, viajes, entrenamiento, resistente al agua, Red Spider Web, Una talla",https://www.amazon.com.mx/dp/B0BM3V693B,https://www.amazon.com/dp/B0BM3V693B,SETSHIPPING,MSourcing-UC
,B07LC3ZD4L,2,Deportes y Aire libre,disponible,disponible,,,2025-10-17T16:31:08.650Z,2025-10-19T17:50:59.680Z,2025-10-28T01:54:30.973Z,687.8,22.97,$872.61,"SenseAid - Paquete de 4 pesas para bolígrafo o lápiz, ayuda para escritura a mano para niños mayores o necesidades especiales. Ayuda con problemas de puntería debido a los temblores del autismo,",https://www.amazon.com.mx/dp/B07LC3ZD4L,https://www.amazon.com/dp/B07LC3ZD4L,Amazon Estados Unidos,SILV LLC
,B07QG1YNM8,2,Deportes y Aire libre,disponible,disponible,,,2025-10-17T16:31:08.650Z,2025-10-19T17:51:07.352Z,2025-10-28T01:54:39.185Z,702.27,20.79,$769.64,"anteojos de ciclismo con lentes intercambiables, anteojos de sol polarizadas para hombre y mujer, anteojos de sol deportivas para correr de béisbol",https://www.amazon.com.mx/dp/B07QG1YNM8,https://www.amazon.com/dp/B07QG1YNM8,Amazon Estados Unidos,Snowledge offical store
,B08XYNXRS4,2,Deportes y Aire libre,disponible,no disponible,,,2025-10-17T16:31:08.650Z,2025-10-19T17:51:15.196Z,2025-10-28T01:54:46.813Z,880.58,,$860.95,Polarized Sports Sunglasses Cycling Sun Glasses for Men Women with 5 Interchangeable Lenes for Running Baseball Golf Driving,https://www.amazon.com.mx/dp/B08XYNXRS4,https://www.amazon.com/dp/B08XYNXRS4,Boon Shopping,
,B0D2VP22D5,2,Deportes y Aire libre,disponible,disponible,,,2025-10-17T16:31:08.650Z,2025-10-19T17:51:24.183Z,2025-10-28T01:54:55.551Z,686.8,15.99,$686.80,"TITECOUGO - Bolso bandolera pequeño, ligero para hombres y mujeres, bolso de hombro para deportes y exteriores, Mix-blue America, Compacto",https://www.amazon.com.mx/dp/B0D2VP22D5,https://www.amazon.com/dp/B0D2VP22D5,SRKSB LLC,GADIEMENSS
,B0DC5G4N59,2,Deportes y Aire libre,disponible,disponible,,,2025-10-17T16:31:08.650Z,2025-10-19T17:51:31.112Z,2025-10-28T01:55:02.855Z,522.23,9.99,$522.23,"Tapa de repuesto para botella Owala Freesip, accesorios de repuesto para Owala Free Sip, tapa superior de botella de agua de un botón, compatible con Owala Cup de 16 onzas, 24 onzas, 32 onzas, 40",https://www.amazon.com.mx/dp/B0DC5G4N59,https://www.amazon.com/dp/B0DC5G4N59,SRKSB LLC,XHJH-US
,B0CCYLT313,2,Deportes y Aire libre,disponible,disponible,,,2025-10-17T16:31:08.650Z,2025-10-19T17:51:39.534Z,2025-10-28T01:55:11.035Z,806.1,18.99,$804.72,"Bolsas de regalo de Navidad diversos tamaños - bolsas de Navidad de cordón 20PCS para regalos, bolsas de regalo de Navidad a granel, bolsas de regalo de Navidad de plástico, 4 diseños (5 de cada uno) Extra grande/grande/mediano/pequeño tamaño",https://www.amazon.com.mx/dp/B0CCYLT313,https://www.amazon.com/dp/B0CCYLT313,Boon Shopping,Qingyang-US
,B0813SDT71,2,Deportes y Aire libre,disponible,disponible,,,2025-10-17T16:31:08.651Z,2025-10-19T17:51:46.690Z,2025-10-28T01:55:18.667Z,712.6,19.99,$711.22,"LUMEFIT Run Light, Running Light for Runners Chest LED Lamp - 90° Adjustable Beam Angle, 500 Lumen 360 Degree Reflective Band, USB Rechargeable - Front Body Torch Rear Safety Warning, Jogging Hiking",https://www.amazon.com.mx/dp/B0813SDT71,https://www.amazon.com/dp/B0813SDT71,Amazon Estados Unidos,LUMEFIT US
,B094D69RMF,2,Deportes y Aire libre,disponible,disponible,,,2025-10-17T16:31:08.651Z,2025-10-19T17:51:54.233Z,2025-10-28T01:55:25.772Z,776.28,19.99,$781.32,"VELAZZIO - anteojos de sol polarizadas para hombre con protección UV400, se adapta a la moda de conducción, pesca, deportes, playa, golf",https://www.amazon.com.mx/dp/B094D69RMF,https://www.amazon.com/dp/B094D69RMF,SRKSB LLC,EPK-DIRECT
,B088P2PXTT,2,Deportes y Aire libre,disponible,no disponible,,,2025-10-17T16:31:20.698Z,2025-10-19T17:52:09.680Z,2025-10-28T01:55:41.473Z,824.89,,$831.02,Polarized Sports Sunglasses Cycling Sun Glasses for Men Women with 5 Interchangeable Lenes for Running Baseball Golf Driving,https://www.amazon.com.mx/dp/B088P2PXTT,https://www.amazon.com/dp/B088P2PXTT,SRKSB LLC,
,B0CZL345DT,2,Deportes y Aire libre,disponible,disponible,,,2025-10-17T16:31:20.699Z,2025-10-19T17:52:18.152Z,2025-10-28T01:55:49.165Z,817.36,16.98,$774.63,"Expansor de portavasos automático, expansor de portavasos de Coche para Botellas de Agua Grandes, para Yeti, Stanley, Owala Travel Tumbler & Tazas, Brazos Ajustables y Accesorios de inserción de Base",https://www.amazon.com.mx/dp/B0CZL345DT,https://www.amazon.com/dp/B0CZL345DT,SRKSB LLC,Zeyitian
,B08FBYN6PK,2,Deportes y Aire libre,disponible,no disponible,,,2025-10-17T16:31:20.699Z,2025-10-19T17:52:26.946Z,2025-10-28T01:55:56.650Z,786.78,,$785.40,"SUPTEMPO Botella de agua potable a prueba de fugas con pajita extraíble y marcador de tiempo motivacional, botella de agua de medio galón libre de BPA para fitness, gimnasio y deportes al aire libre (azul marino/verde)",https://www.amazon.com.mx/dp/B08FBYN6PK,https://www.amazon.com/dp/B08FBYN6PK,Boon Shopping,
,B08RG5SH3B,2,Deportes y Aire libre,disponible,disponible,,,2025-10-17T16:31:20.699Z,2025-10-19T17:52:33.696Z,2025-10-28T01:56:04.370Z,855.44,21.95,$855.44,"Jarlson Botella de agua para niños con pajita, botella de aspiradora de acero inoxidable, sin BPA y a prueba de fugas, para escuela, deportes, guardería, 350 ml",https://www.amazon.com.mx/dp/B08RG5SH3B,https://www.amazon.com/dp/B08RG5SH3B,Boon Shopping,jarlson
,B09FCVXYFB,2,Deportes y Aire libre,disponible,disponible,,,2025-10-17T16:31:20.699Z,2025-10-19T17:52:41.816Z,2025-10-28T01:56:13.137Z,516.75,9.99,$516.75,"Paravalve - Tapa de popote de alto rendimiento para botellas de agua de boca ancha, a prueba de fugas, ventilación inteligente, aislada, mango de anillo suave al tacto, sin BPA",https://www.amazon.com.mx/dp/B09FCVXYFB,https://www.amazon.com/dp/B09FCVXYFB,SRKSB LLC,EAF Products
,B08JTMVJPR,2,Deportes y Aire libre,disponible,disponible,,,2025-10-17T16:31:20.699Z,2025-10-19T17:52:48.710Z,2025-10-28T01:56:21.595Z,810.87,21.99,$847.51,"Botella de agua de vidrio de 32 onzas con tapa de popote, marcador de tiempo, manga y cepillo para polvo, motivacional, boca ancha, grande, sin BPA, 1 l, botella de vidrio para beber botella de agua",https://www.amazon.com.mx/dp/B08JTMVJPR,https://www.amazon.com/dp/B08JTMVJPR,SRKSB LLC,FIT STRONG & HEALTHY
,B079LGZGPT,2,Deportes y Aire libre,disponible,no disponible,,,2025-10-17T16:31:20.699Z,2025-10-19T17:52:56.339Z,2025-10-28T01:56:29.491Z,380,,"$2,686.90","Brawntide - Asiento de estadio con respaldo acolchado extra grueso, accesorio para blanqueador, respaldo reclinable, correas de hombro, 4 bolsillos, resistente al agua, ideal para eventos deportivos",https://www.amazon.com.mx/dp/B079LGZGPT,https://www.amazon.com/dp/B079LGZGPT,Marca: Brawntide,
,B0CC4PB66N,2,Deportes y Aire libre,disponible,disponible,,,2025-10-17T16:31:20.699Z,2025-10-19T17:53:04.911Z,2025-10-28T01:56:38.263Z,441.5,10.99,$571.00,"JMTEEA - Boquilla de repuesto para válvula de mordedura de hidratación para cualquier mochila de agua y la mayoría de marcas, con válvula de interruptor manual",https://www.amazon.com.mx/dp/B0CC4PB66N,https://www.amazon.com/dp/B0CC4PB66N,Amazon Estados Unidos,JMTEEA
,B0B42CG3W7,2,Deportes y Aire libre,disponible,disponible,,,2025-10-17T16:31:20.699Z,2025-10-19T17:53:12.251Z,2025-10-28T01:56:47.413Z,751.49,16.99,$751.49,"Hyeta - Botellas de agua de 32 onzas con tiempo de beber y pajita, botella de agua motivacional con marcador de tiempo, a prueba de fugas, botella de agua deportiva para fitness, gimnasio y al aire",https://www.amazon.com.mx/dp/B0B42CG3W7,https://www.amazon.com/dp/B0B42CG3W7,SRKSB LLC,Sybus
,B09QSC3ZDV,2,Deportes y Aire libre,disponible,disponible,,,2025-10-17T16:31:20.699Z,2025-10-19T17:53:20.309Z,2025-10-28T01:56:56.342Z,515.85,9.99,$518.62,"Hyeta - Botellas de agua de 32 onzas con tiempo de beber y pajita, botella de agua motivacional con marcador de tiempo, a prueba de fugas, botella de agua deportiva para fitness, gimnasio y al aire",https://www.amazon.com.mx/dp/B09QSC3ZDV,https://www.amazon.com/dp/B09QSC3ZDV,SRKSB LLC,Sybus
,B089QFQBLR,2,Deportes y Aire libre,disponible,no disponible,,,2025-10-17T16:31:20.699Z,2025-10-19T17:53:29.019Z,2025-10-28T01:57:04.246Z,100,,$570.03,"QeeCord 2.0 - Mango de paracaídas para botellas de agua de boca ancha y estándar Hydroflask 2.0 con soporte para anillo de seguridad, 12 onzas - 64 onzas",https://www.amazon.com.mx/dp/B089QFQBLR,https://www.amazon.com/dp/B089QFQBLR,Marca: QeeCord,
,B079LHS1WM,2,Deportes y Aire libre,disponible,no disponible,,,2025-10-17T16:31:20.700Z,2025-10-19T17:53:36.551Z,2025-10-28T01:57:12.597Z,169,,"$2,848.07","Brawntide - Asiento de estadio con respaldo acolchado extra grueso, accesorio para blanqueador, respaldo reclinable, correas de hombro, 4 bolsillos, resistente al agua, ideal para eventos deportivos",https://www.amazon.com.mx/dp/B079LHS1WM,https://www.amazon.com/dp/B079LHS1WM,Marca: Brawntide,
,B07QW4575H,2,Deportes y Aire libre,disponible,disponible,,,2025-10-17T16:31:20.700Z,2025-10-19T17:53:44.499Z,2025-10-28T01:57:19.842Z,202,8.99,$478.92,"Exsun 2 llaveros multifuncionales, llavero de mosquetón, abridor de botellas, llavero para hombres y mujeres (oro y plata)",https://www.amazon.com.mx/dp/B07QW4575H,https://www.amazon.com/dp/B07QW4575H,cheng 1,Mefirt
,B0DQ8R8T7J,2,Deportes y Aire libre,disponible,disponible,,,2025-10-17T16:31:33.049Z,2025-10-19T17:53:51.793Z,2025-10-28T01:57:27.598Z,1122.46,31.98,"$1,126.08","Bolsa de boxeo de pie para adultos y adolescentes, bolsa de boxeo pesada de 70 pulgadas con soporte, bolsa pesada inflable de boxeo para entrenamiento MMA Muay Thai Fitness",https://www.amazon.com.mx/dp/B0DQ8R8T7J,https://www.amazon.com/dp/B0DQ8R8T7J,SRKSB LLC,nicetiming
,B09BND9WS8,2,Deportes y Aire libre,disponible,disponible,,,2025-10-17T16:31:33.049Z,2025-10-19T17:54:00.307Z,2025-10-28T01:57:34.917Z,1062.25,31.98,"$1,089.14","Dancina Maillot de gimnasia Marble Line para niñas con pantalones cortos a juego de 4 a 12 años, Aqua & Gold Set, 8",https://www.amazon.com.mx/dp/B09BND9WS8,https://www.amazon.com/dp/B09BND9WS8,SRKSB LLC,Dancina
,B0D17ZX1RD,2,Deportes y Aire libre,disponible,no disponible,,,2025-10-17T16:31:33.049Z,2025-10-19T17:54:08.307Z,2025-10-28T01:57:42.072Z,719.18,,"$1,111.72","Dalavch - Paquete de 1/3 para mujer, chamarra corta de entrenamiento con cierre completa, ajuste ajustado, para correr, atletismo, yoga, deportes con agujeros para el pulgar",https://www.amazon.com.mx/dp/B0D17ZX1RD,https://www.amazon.com/dp/B0D17ZX1RD,Amazon Estados Unidos,
,B0DHRQGX6X,2,Deportes y Aire libre,disponible,no disponible,,,2025-10-17T16:31:33.049Z,2025-10-19T17:54:15.255Z,2025-10-28T01:57:49.446Z,925,,$932.18,"HXRROO Guantes de MMA para Sparring, Kickboxing, Mitones Híbridos de Palma Abierta para Artes Marciales, Ligeros para Sparring, Karate, Muay Thai, Boxeo, Saco de Boxeo Y",https://www.amazon.com.mx/dp/B0DHRQGX6X,https://www.amazon.com/dp/B0DHRQGX6X,Marca: HXRROO,
,B08YJPC1TV,2,Deportes y Aire libre,disponible,no disponible,,,2025-10-17T16:31:33.049Z,2025-10-19T17:54:23.787Z,2025-10-28T01:57:57.102Z,1360,,"$1,368.24","Zisu Bamboo Blade Demon Slayer Kisatsutai Katana, Hashira Pilars Katana para Cosplay Propuso, Anime Textura, alrededor de 41 pulgadas en general",https://www.amazon.com.mx/dp/B08YJPC1TV,https://www.amazon.com/dp/B08YJPC1TV,STAWAMUS LLC,
,B0D3BZ1Z3M,2,Deportes y Aire libre,disponible,no disponible,,,2025-10-17T16:31:33.049Z,2025-10-19T17:54:31.696Z,2025-10-28T01:58:05.816Z,1187.2,,"$1,198.94","XIEERDUO Conjunto de descanso para mujer 2025, conjunto de 2 piezas, sudadera de pierna ancha, pantalón deportivo a juego",https://www.amazon.com.mx/dp/B0D3BZ1Z3M,https://www.amazon.com/dp/B0D3BZ1Z3M,SRKSB LLC,
,B0D929PNQ5,2,Deportes y Aire libre,disponible,disponible,,,2025-10-17T16:31:33.049Z,2025-10-19T17:54:40.945Z,2025-10-28T01:58:12.873Z,1009.65,28.04,"$1,038.63","YasinKidz All Star - Saco de boxeo inflable para niños de 66 pulgadas con guantes - Bolsa de boxeo inflable para karate, taekwondo, MMA",https://www.amazon.com.mx/dp/B0D929PNQ5,https://www.amazon.com/dp/B0D929PNQ5,CATTLESIV,Yaxini
,B0D9PT4FMC,2,Deportes y Aire libre,disponible,disponible,,,2025-10-17T16:31:33.049Z,2025-10-19T17:54:54.953Z,2025-10-28T01:58:27.611Z,1074.6,40.99,"$1,092.18","Aloodor - Pantalones cortos deportivos para mujer, con bolsillos y cordón",https://www.amazon.com.mx/dp/B0D9PT4FMC,https://www.amazon.com/dp/B0D9PT4FMC,SRKSB LLC,Aloodor
,B0989SMDXL,2,Deportes y Aire libre,disponible,disponible,,,2025-10-17T16:31:33.049Z,2025-10-19T17:55:04.242Z,2025-10-28T01:58:36.333Z,1145.09,26.99,"$1,145.09",ZHENWEI Suave Camisa de Yoga para Mujer,https://www.amazon.com.mx/dp/B0989SMDXL,https://www.amazon.com/dp/B0989SMDXL,SRKSB LLC,zhenweius
,B0BKPFPNJP,2,Deportes y Aire libre,disponible,disponible,,,2025-10-17T16:31:33.050Z,2025-10-19T17:55:12.309Z,2025-10-28T01:58:43.356Z,742.75,29.99,"$1,037.70","QPAU - Saco de boxeo inflable estable de 48 pulgadas para niños de 3 a 6 niños, juguete de dinosaurio y regalos para niños y niñas, juego de boxeo para practicar karate, taekwondo",https://www.amazon.com.mx/dp/B0BKPFPNJP,https://www.amazon.com/dp/B0BKPFPNJP,Amazon Estados Unidos,USXZY
,B07ZK36P1D,2,Deportes y Aire libre,disponible,disponible,,,2025-10-17T16:31:33.050Z,2025-10-19T17:55:19.767Z,2025-10-28T01:58:52.781Z,1563.39,41.99,"$1,574.35",Lipport Mens Cycling Bike Jacket Winter Thermal Running Mountain Biking Jacket Windproof Breathable Reflective Softshell Coat,https://www.amazon.com.mx/dp/B07ZK36P1D,https://www.amazon.com/dp/B07ZK36P1D,SRKSB LLC,Dooypet
,B089QCSG6K,2,Deportes y Aire libre,disponible,disponible,,,2025-10-17T16:31:33.050Z,2025-10-19T17:55:27.985Z,2025-10-28T01:59:01.210Z,787.07,19.99,$769.14,"Conjunto de dos piezas de verano para mujer, conjunto casual de dos piezas, playera de manga corta de dos piezas",https://www.amazon.com.mx/dp/B089QCSG6K,https://www.amazon.com/dp/B089QCSG6K,Novayu,H1ING
,B083K9HJCD,2,Deportes y Aire libre,disponible,disponible,,,2025-10-17T16:31:33.050Z,2025-10-19T17:55:37.034Z,2025-10-28T01:59:08.431Z,1000.82,22.02,"$1,000.82","EMAAS OnBash Punching Bag Set for Kids with Punching Bag,Boxing Gloves,Hand Pump & Adjustable Stand-Safe for Kids Aged 3 & Above-Great Gift Option for Girls & Boys- Portable & Long-Lasting",https://www.amazon.com.mx/dp/B083K9HJCD,https://www.amazon.com/dp/B083K9HJCD,SRKSB LLC,
,B078PRJV1B,2,Deportes y Aire libre,disponible,disponible,,,2025-10-17T16:31:44.451Z,2025-10-19T17:55:45.212Z,2025-10-28T01:59:16.453Z,772.75,24.99,$778.60,MEBRACS Space Movie Basketball Shorts for Men 90S Hip Hop Clothing for Party with Pockets,https://www.amazon.com.mx/dp/B078PRJV1B,https://www.amazon.com/dp/B078PRJV1B,SRKSB LLC,Mebracs Outlets
,B0D9VPB4PN,2,Deportes y Aire libre,disponible,no disponible,,,2025-10-17T16:31:44.451Z,2025-10-19T17:55:52.952Z,2025-10-28T01:59:23.339Z,529.55,,$537.90,"SafeDelux - Bandeja rodante de metal con cargador de cono, máquina rodante plegable y bandeja para conos preenrollados de 1¼ de tamaño King y 1¼, accesorios para fumar, hogar, viajes, fiestas e ideas",https://www.amazon.com.mx/dp/B0D9VPB4PN,https://www.amazon.com/dp/B0D9VPB4PN,SRKSB LLC,
,B09D76KCZB,2,Deportes y Aire libre,disponible,disponible,,,2025-10-17T16:31:44.451Z,2025-10-19T17:56:00.674Z,2025-10-28T01:59:30.714Z,638.04,12.99,$640.97,"Lauzq Cintas térmicas para las orejas de invierno para hombres y mujeres en clima frío para esquí, correr, ciclismo y entrenamiento, A-1-negro",https://www.amazon.com.mx/dp/B09D76KCZB,https://www.amazon.com/dp/B09D76KCZB,SHOPHOLİC,Lauzq Direct
,B0CG5L157J,2,Deportes y Aire libre,disponible,no disponible,,,2025-10-17T16:31:44.451Z,2025-10-19T17:56:07.915Z,2025-10-28T01:59:38.501Z,665.21,,$562.35,209LD-Mp-remember Hogar y cocina > Productos de decoración del hogar > Acentos de decoración del hogar > Accesorios decorativos > Letreros y placas decorativas,https://www.amazon.com.mx/dp/B0CG5L157J,https://www.amazon.com/dp/B0CG5L157J,SRKSB LLC,
,B0BK7GYXMN,2,Deportes y Aire libre,disponible,disponible,,,2025-10-17T16:31:44.452Z,2025-10-19T17:56:14.666Z,2025-10-28T01:59:46.498Z,1234.22,37.89,"$1,241.78","Two Feet Ahead - Paquete de 2 mamelucos para bebé, recién nacidos, con licencia oficial",https://www.amazon.com.mx/dp/B0BK7GYXMN,https://www.amazon.com/dp/B0BK7GYXMN,SRKSB LLC,1LAP2GO
,B09MG3336B,2,Deportes y Aire libre,disponible,disponible,,,2025-10-17T16:31:44.452Z,2025-10-19T17:56:22.710Z,2025-10-28T01:59:54.298Z,421.04,4.99,$431.88,"Calcomanía de bandera estadounidense para perro de 5 pulgadas o coche, laptop, motocicleta o cualquier superficie lisa",https://www.amazon.com.mx/dp/B09MG3336B,https://www.amazon.com/dp/B09MG3336B,SRKSB LLC,STICKY DUDE ✅
,B0C9CLSG6Q,2,Deportes y Aire libre,disponible,disponible,,,2025-10-17T16:31:57.073Z,2025-10-19T17:56:30.410Z,2025-10-28T02:00:01.611Z,765.89,19.99,$775.42,"COOTRY - Camisetas de entrenamiento para mujer, con abertura en la espalda, verano, yoga, casual, atlético, gimnasio, deporte",https://www.amazon.com.mx/dp/B0C9CLSG6Q,https://www.amazon.com/dp/B0C9CLSG6Q,SRKSB LLC,Lady Outlet Store
,B09M3NJXTC,2,Deportes y Aire libre,disponible,disponible,,,2025-10-17T16:31:57.073Z,2025-10-19T17:56:39.907Z,2025-10-28T02:00:10.447Z,897.97,23.99,$976.06,"NIMENJOJA - Pantalones cortos de algodón para hombre, 7 pulgadas, para entrenamiento, gimnasio, para relajarse, con bolsillos con cierre",https://www.amazon.com.mx/dp/B09M3NJXTC,https://www.amazon.com/dp/B09M3NJXTC,SRKSB LLC,LEMZONE Home
,B0DYDSDBHX,2,Deportes y Aire libre,disponible,disponible,,,2025-10-17T16:31:57.073Z,2025-10-19T17:56:47.637Z,2025-10-28T02:00:18.392Z,879.49,23.99,$879.49,"NORTHYARD - Pantalones cortos deportivos para correr para hombre, secado rápido, 7 pulgadas, 5 pulgadas, 9 pulgadas, ligeros, deportivos, gimnasio, baloncesto, senderismo",https://www.amazon.com.mx/dp/B0DYDSDBHX,https://www.amazon.com/dp/B0DYDSDBHX,SRKSB LLC,NORTHYARD
,B08R8BWPSH,2,Deportes y Aire libre,disponible,disponible,,,2025-10-17T16:31:57.073Z,2025-10-19T17:56:56.114Z,2025-10-28T02:00:26.668Z,877.71,23.98,$882.91,"Leidowei - Pantalones cortos de entrenamiento 2 en 1 para hombre, ligeros, para entrenamiento, yoga, gimnasio, 7 pulgadas, con bolsillos con cierre",https://www.amazon.com.mx/dp/B08R8BWPSH,https://www.amazon.com/dp/B08R8BWPSH,SRKSB LLC,Leidowei
,B0DNMM94QV,2,Deportes y Aire libre,disponible,disponible,,,2025-10-17T16:31:57.073Z,2025-10-19T17:57:03.512Z,2025-10-28T02:00:33.754Z,558.43,8.03,$623.88,"Leafigure - Paquete de 2 pantalones cortos para mujer con bolsillos, pantalones cortos de yoga de cintura alta para mujer, correr, gimnasio y entrenamiento",https://www.amazon.com.mx/dp/B0DNMM94QV,https://www.amazon.com/dp/B0DNMM94QV,SRKSB LLC,Leafigure
,B092VN464C,2,Deportes y Aire libre,disponible,no disponible,,,2025-10-17T16:31:57.073Z,2025-10-19T17:57:10.938Z,2025-10-28T02:00:41.543Z,1007.46,,"$1,037.42","Xelky Paquete de 3 a 4 Camisetas de Manga Corta para Mujer Que absorben la Humedad, Camisetas Deportivas Deportivas con Cuello en V para Entrenamiento, 4 Unidades mixnegro/Gris/Cian/Rosa, XL",https://www.amazon.com.mx/dp/B092VN464C,https://www.amazon.com/dp/B092VN464C,SRKSB LLC,
,B0C615MMZW,2,Deportes y Aire libre,disponible,disponible,,,2025-10-17T16:31:57.073Z,2025-10-19T17:57:18.981Z,2025-10-28T02:00:49.964Z,759.03,19.99,$769.14,"NORTHYARD - Camisetas de manga corta con protección solar UV UPF 50+ para hombre, de secado rápido, SPF, para senderismo, pesca, natación, protección contra erupciones",https://www.amazon.com.mx/dp/B0C615MMZW,https://www.amazon.com/dp/B0C615MMZW,Ovolos,NORTHYARD
,B08YYBCTZS,2,Deportes y Aire libre,disponible,no disponible,,,2025-10-17T16:31:57.073Z,2025-10-19T17:57:26.489Z,2025-10-28T02:00:58.669Z,1046.41,,"$1,050.93","Xelky Paquete de 3 a 4 Camisetas de Manga Corta para Mujer Que absorben la Humedad, Camisetas Deportivas Deportivas con Cuello en V para Entrenamiento, Paquete de 4 Mixtos Negro/Gris/Azul/Rosa, XL",https://www.amazon.com.mx/dp/B08YYBCTZS,https://www.amazon.com/dp/B08YYBCTZS,Boon Shopping,
,B0CSWGBR4L,2,Deportes y Aire libre,disponible,disponible,,,2025-10-17T16:31:57.073Z,2025-10-19T17:57:41.318Z,2025-10-28T02:01:13.816Z,899.59,23.99,$913.48,"HovSiyla - Paquete de 1/5 camisetas deportivas para correr, para hombre, ajuste seco, para gimnasio, transpirables, para entrenamiento",https://www.amazon.com.mx/dp/B0CSWGBR4L,https://www.amazon.com/dp/B0CSWGBR4L,Binglu,HOVSIYLA
,B087JNFV2T,2,Deportes y Aire libre,disponible,disponible,,,2025-10-17T16:31:57.073Z,2025-10-19T17:57:48.495Z,2025-10-28T02:01:22.253Z,4137.94,18.04,$865.37,"Boladeci - Camisetas de manga larga con capucha UPF 50+ protección UV de secado rápido, para verano, pesca, senderismo, natación",https://www.amazon.com.mx/dp/B087JNFV2T,https://www.amazon.com/dp/B087JNFV2T,BG3 STORE,GOFEAT
,B0CYL5ZW2N,2,Deportes y Aire libre,disponible,disponible,,,2025-10-17T16:31:57.074Z,2025-10-19T17:57:55.804Z,2025-10-28T02:01:31.221Z,652.76,14.69,$652.76,"Swdarz - Pantalones cortos de voleibol para niñas, para gimnasia, danza, atletismo, pantalones cortos de elastano para niños, deportes de equipo, Negro mate (matt black), 11-12 Años",https://www.amazon.com.mx/dp/B0CYL5ZW2N,https://www.amazon.com/dp/B0CYL5ZW2N,SRKSB LLC,Aquaotter
,B09C89FJ97,2,Deportes y Aire libre,disponible,disponible,,,2025-10-17T16:31:57.074Z,2025-10-19T17:58:02.723Z,2025-10-28T02:01:39.249Z,533.44,9.99,$533.44,KLOTHO Lightweight Yoga Crop Tops Slim Fit Long Sleeve Workout Shirts for Women,https://www.amazon.com.mx/dp/B09C89FJ97,https://www.amazon.com/dp/B09C89FJ97,SRKSB LLC,Kindcall
,B0CZ3XK2Z5,2,Deportes y Aire libre,disponible,disponible,,,2025-10-17T16:32:13.169Z,2025-10-19T17:58:11.108Z,2025-10-28T02:01:47.542Z,745.31,14.69,$750.34,"Swdarz - Pantalones cortos de voleibol para niñas, para gimnasia, danza, atletismo, pantalones cortos de elastano para niños, deportes de equipo, Rojo -, 11-12 Años",https://www.amazon.com.mx/dp/B0CZ3XK2Z5,https://www.amazon.com/dp/B0CZ3XK2Z5,SRKSB LLC,Aquaotter
,B0CHMMRZC1,2,Deportes y Aire libre,disponible,disponible,,,2025-10-17T16:32:13.169Z,2025-10-19T17:58:19.027Z,2025-10-28T02:01:54.114Z,876.74,26.99,$904.10,"NORTHYARD - Pantalones cortos deportivos para correr para hombre, secado rápido, 7 pulgadas, 5 pulgadas, 9 pulgadas, ligeros, deportivos, gimnasio, baloncesto, senderismo, azul (Seablue), 3X-Large",https://www.amazon.com.mx/dp/B0CHMMRZC1,https://www.amazon.com/dp/B0CHMMRZC1,SRKSB LLC,NORTHYARD
,B0CHMMLD86,2,Deportes y Aire libre,disponible,disponible,,,2025-10-17T16:32:13.169Z,2025-10-19T17:58:27.291Z,2025-10-28T02:02:02.069Z,863.26,24.99,$863.26,"NORTHYARD - Pantalones cortos deportivos para correr para hombre, secado rápido, 7 pulgadas, 5 pulgadas, 9 pulgadas, ligeros, deportivos, gimnasio, baloncesto, senderismo, Azul oscuro, X-Large",https://www.amazon.com.mx/dp/B0CHMMLD86,https://www.amazon.com/dp/B0CHMMLD86,SRKSB LLC,NORTHYARD
,B09DLFW5N9,2,Deportes y Aire libre,disponible,disponible,,,2025-10-17T16:32:13.169Z,2025-10-19T17:58:33.877Z,2025-10-28T02:02:11.366Z,809.65,19.99,$809.65,"NIMENJOJA Pantalones cortos deportivos para hombre de 5.5 pulgadas, de algodón, para entrenamiento, sala de estar, con cierre, bolsillo",https://www.amazon.com.mx/dp/B09DLFW5N9,https://www.amazon.com/dp/B09DLFW5N9,SRKSB LLC,LEMZONE Home
,B092VNFSKX,2,Deportes y Aire libre,disponible,no disponible,,,2025-10-17T16:32:13.169Z,2025-10-19T17:58:41.646Z,2025-10-28T02:02:19.842Z,1018.7,,"$1,043.28","Xelky Pack de 3 – 4 camisetas de manga corta para mujer, ajuste seco, absorbe la humedad, camisetas atléticas deportivas, camisetas de deporte con cuello en V, 4 unidades mixnegro/gris/cian/rosa, L",https://www.amazon.com.mx/dp/B092VNFSKX,https://www.amazon.com/dp/B092VNFSKX,SRKSB LLC,
,B08JV1X68D,2,Deportes y Aire libre,disponible,no disponible,,,2025-10-17T16:32:13.169Z,2025-10-19T17:58:48.520Z,2025-10-28T02:02:27.167Z,1389.73,,"$1,389.73",Profectors Men's Athletic Shorts with Pockets and Elastic Waistband Quick Dry Activewear Workout Shorts for Men,https://www.amazon.com.mx/dp/B08JV1X68D,https://www.amazon.com/dp/B08JV1X68D,SRKSB LLC,
,B08BLJZZ3N,2,Deportes y Aire libre,disponible,no disponible,,,2025-10-17T16:32:13.169Z,2025-10-19T17:58:55.598Z,2025-10-28T02:02:34.804Z,880.04,,$879.61,"ONLYSHE Pantalones Cortos Casuales con cordón para Mujer, Pantalones Cortos de Verano con Cintura elástica y Bolsillos",https://www.amazon.com.mx/dp/B08BLJZZ3N,https://www.amazon.com/dp/B08BLJZZ3N,SRKSB LLC,
,B0D7ZVBJBZ,2,Deportes y Aire libre,disponible,disponible,,,2025-10-17T16:32:13.170Z,2025-10-19T17:59:03.083Z,2025-10-28T02:02:42.368Z,782.1,24.99,$837.60,"Lalahook- Paquete de 3 camisetas de manga larga para hombre: camisetas de secado rápido que absorben la humedad y protegen del sol, los rayos ultravioleta, para pesca, entrenamiento, atletismo y gimna",https://www.amazon.com.mx/dp/B0D7ZVBJBZ,https://www.amazon.com/dp/B0D7ZVBJBZ,SRKSB LLC,US_QIJING
,B08YY7JZDZ,2,Deportes y Aire libre,disponible,no disponible,,,2025-10-17T16:32:13.170Z,2025-10-19T17:59:11.372Z,2025-10-28T02:02:50.153Z,1018.7,,"$1,053.42","Xelky Paquete de 3 a 4 Camisetas de Manga Corta para Mujer Que absorben la Humedad, Camisetas Deportivas Deportivas con Cuello en V para Entrenamiento, Paquete de 4 Mixtos Negro/Gris/Azul/Rosa, L",https://www.amazon.com.mx/dp/B08YY7JZDZ,https://www.amazon.com/dp/B08YY7JZDZ,SRKSB LLC,
,B0BVGNPZ78,2,Deportes y Aire libre,disponible,disponible,,,2025-10-17T16:32:13.170Z,2025-10-19T17:59:19.103Z,2025-10-28T02:02:57.615Z,1713.98,23.99,$777.19,"NORTHYARD - Pantalones cortos deportivos de baloncesto para hombre, 5 pulgadas, 7 pulgadas, de 10 pulgadas, para entrenamiento, gimnasio, secado rápido, pantalones cortos ligeros de malla para correr, tenis",https://www.amazon.com.mx/dp/B0BVGNPZ78,https://www.amazon.com/dp/B0BVGNPZ78,Merrow,NORTHYARD
,B09TNL14VW,2,Deportes y Aire libre,disponible,no disponible,,,2025-10-17T16:32:13.170Z,2025-10-19T17:59:25.625Z,2025-10-28T02:03:05.904Z,1118.12,,"$1,125.42","Xelky Camisetas cortas casuales para mujer, de algodón, holgadas, de manga corta, cuello redondo, para yoga, correr, paquete de 4",https://www.amazon.com.mx/dp/B09TNL14VW,https://www.amazon.com/dp/B09TNL14VW,SRKSB LLC,
,B09QY8C1JK,2,Deportes y Aire libre,disponible,no disponible,,,2025-10-17T16:32:13.170Z,2025-10-19T17:59:33.524Z,2025-10-28T02:03:12.498Z,1040.47,,"$1,040.47","Cosy Pyro - Paquete de 4 camisetas cortas de algodón para mujer, manga corta, playera atlética, cuello redondo, casual, para entrenamiento, yoga",https://www.amazon.com.mx/dp/B09QY8C1JK,https://www.amazon.com/dp/B09QY8C1JK,SRKSB LLC,
,B089D1YRK2,2,Deportes y Aire libre,disponible,disponible,,,2025-10-17T16:32:13.170Z,2025-10-19T17:59:41.490Z,2025-10-28T02:03:20.918Z,633.67,19.98,$639.34,"Camisetas de manga larga con protección UV UPF 50+ para mujer, ligeras, de secado rápido, cómodas, para el sol",https://www.amazon.com.mx/dp/B089D1YRK2,https://www.amazon.com/dp/B089D1YRK2,SRKSB LLC,GOFEAT
,B08NJJ4QQV,2,Deportes y Aire libre,disponible,no disponible,,,2025-10-17T16:32:25.636Z,2025-10-19T17:59:48.332Z,2025-10-28T02:03:28.231Z,877,,$875.62,"ONLYSHE - Sudadera de cuello redondo para mujer, estilo casual, holgada, de manga larga",https://www.amazon.com.mx/dp/B08NJJ4QQV,https://www.amazon.com/dp/B08NJJ4QQV,Uğurlu STORE,
,B0DQP4GT4B,2,Deportes y Aire libre,disponible,disponible,,,2025-10-17T16:32:36.598Z,2025-10-19T17:59:55.619Z,2025-10-28T02:03:37.431Z,522.44,9.99,$525.98,"Walifrey - Pantalones deportivos para mujer con bolsillos, con cordón para descansar, correr, entrenamiento y gimnasio",https://www.amazon.com.mx/dp/B0DQP4GT4B,https://www.amazon.com/dp/B0DQP4GT4B,SRKSB LLC,Sunway Direct
,B0DGGCZCNB,2,Deportes y Aire libre,disponible,no disponible,,,2025-10-17T16:32:36.598Z,2025-10-19T18:00:02.136Z,2025-10-28T02:03:44.838Z,1009.74,,"$1,004.00","XIEERDUO - Conjunto de descanso de 2 piezas para mujer, trajes de verano de primavera de manga corta, pantalones de pierna ancha, conjuntos de ropa de descanso a juego, traje de chándal para mujer,",https://www.amazon.com.mx/dp/B0DGGCZCNB,https://www.amazon.com/dp/B0DGGCZCNB,SRKSB LLC,
,B0DB1PSNH8,2,Deportes y Aire libre,disponible,no disponible,,,2025-10-17T16:32:36.598Z,2025-10-19T18:00:15.792Z,2025-10-28T02:03:58.490Z,795.77,,$801.15,"Lasjixion - Pantalones deportivos tipo cargo para hombre, con parte inferior abierta, forro polar, para senderismo, tipo cargo y bolsillos",https://www.amazon.com.mx/dp/B0DB1PSNH8,https://www.amazon.com/dp/B0DB1PSNH8,SRKSB LLC,
,B0CFVFH7BN,2,Deportes y Aire libre,disponible,no disponible,,,2025-10-17T16:32:36.598Z,2025-10-19T18:00:24.209Z,2025-10-28T02:04:06.554Z,1471.56,,"$1,481.25","Aitmoask - Conjunto de trajes deportivos de terciopelo para mujer 2023 para otoño, A-Violeta, XL",https://www.amazon.com.mx/dp/B0CFVFH7BN,https://www.amazon.com/dp/B0CFVFH7BN,SRKSB LLC,
,B08SMHVHYK,2,Deportes y Aire libre,disponible,disponible,,,2025-10-17T16:32:36.598Z,2025-10-19T18:00:31.772Z,2025-10-28T02:04:13.764Z,684.66,15.99,$681.19,"Luces LED de aro de baloncesto, control remoto, luz LED superLED con 16 colores, impermeable, súper brillante para jugar en la noche al aire libre, buen regalo para niños entrenamiento y jugar por la noche",https://www.amazon.com.mx/dp/B08SMHVHYK,https://www.amazon.com/dp/B08SMHVHYK,Novayu,Mariki direct
,B0D6BTR37B,2,Deportes y Aire libre,disponible,disponible,,,2025-10-17T16:32:49.107Z,2025-10-19T18:00:39.476Z,2025-10-28T02:04:21.248Z,486,9.99,$552.71,"Red de baloncesto profesional de repuesto resistente, durabilidad mejorada [7 onzas], antilátigo para todo tipo de clima, se adapta a llantas estándar para interiores y exteriores, 12 bucles",https://www.amazon.com.mx/dp/B0D6BTR37B,https://www.amazon.com/dp/B0D6BTR37B,xinxiangxianyiyezhoushangmaoyouxiangongsi,QJYK_USA
,B0D47SL9SD,2,Deportes y Aire libre,disponible,no disponible,,,2025-10-17T16:32:49.107Z,2025-10-19T18:00:47.381Z,2025-10-28T02:04:30.576Z,1254.83,,"$1,326.33","XIEERDUO - Conjunto de dos piezas para mujer, pantalones de pierna ancha, conjunto de sudor a juego, conjunto de 2 piezas, conjunto de descanso con cuello redondo, ropa de otoño, ropa de invierno para",https://www.amazon.com.mx/dp/B0D47SL9SD,https://www.amazon.com/dp/B0D47SL9SD,SRKSB LLC,
,B076DXYX4K,2,Deportes y Aire libre,disponible,disponible,,,2025-10-17T16:32:49.107Z,2025-10-19T18:00:55.530Z,2025-10-28T02:04:38.008Z,608.25,13.99,$614.63,"'SKOLOO 10'' Portable Hand Air Ball Pump Inflator Kit with Needle, Nozzle, Extension Hose for Soccer Basketball Football Volleyball Water Polo Rugby Exercise Sports Ball Balloon Swim Inflatables'",https://www.amazon.com.mx/dp/B076DXYX4K,https://www.amazon.com/dp/B076DXYX4K,SRKSB LLC,Skoloo
,B0727NYGDP,2,Deportes y Aire libre,disponible,disponible,,,2025-10-17T16:32:49.108Z,2025-10-19T18:01:03.774Z,2025-10-28T02:04:45.470Z,615.74,13.99,$615.74,"SKOLOO - Kit de inflador portátil de 10 pulgadas con aguja, boquilla, manguera de extensión para fútbol, baloncesto, fútbol, voleibol, waterpolo, rugby, ejercicio, deportes, balón inflables",https://www.amazon.com.mx/dp/B0727NYGDP,https://www.amazon.com/dp/B0727NYGDP,SRKSB LLC,Skoloo
,B08N9YQQXG,2,Deportes y Aire libre,disponible,disponible,,,2025-10-17T16:32:49.108Z,2025-10-19T18:01:12.769Z,2025-10-28T02:04:53.341Z,1093.87,29.99,"$1,093.87","KAAYEE - Baloncesto grabado para hijo de mamá, regalos personalizados de baloncesto de 29.5 pulgadas para mamá, regalo personalizado de cumpleaños de Navidad, graduación de regreso a la escuela,",https://www.amazon.com.mx/dp/B08N9YQQXG,https://www.amazon.com/dp/B08N9YQQXG,SRKSB LLC,Cailailo
,B09C8L3VS7,2,Deportes y Aire libre,disponible,no disponible,,,2025-10-17T16:32:49.108Z,2025-10-19T18:01:19.625Z,2025-10-28T02:05:01.235Z,599.12,,$626.73,"Envlon Pantalones deportivos de yoga para mujer, de cintura alta, pantalones de correr, con cordón, cómodos, casuales, con bolsillos",https://www.amazon.com.mx/dp/B09C8L3VS7,https://www.amazon.com/dp/B09C8L3VS7,Amazon Estados Unidos,
,B083NG3DZZ,2,Deportes y Aire libre,disponible,disponible,,,2025-10-17T16:32:49.108Z,2025-10-19T18:01:27.350Z,2025-10-28T02:05:09.959Z,1051.99,23.79,"$1,050.61","ZJCT Pantalones deportivos de yoga para mujer, cómodos, sueltos, casuales, de pierna ancha, con bolsillos",https://www.amazon.com.mx/dp/B083NG3DZZ,https://www.amazon.com/dp/B083NG3DZZ,Uğurlu STORE,ZJCT
,B01AVF3UYG,2,Deportes y Aire libre,disponible,disponible,,,2025-10-17T16:32:49.108Z,2025-10-19T18:01:36.278Z,2025-10-28T02:05:18.350Z,741.35,14.88,$755.99,"A4 Sportswear Reversible Pinnies Wicking Athletic Jersey (Lacrosse/Soccer/Football.) 11 Colors, Youth/Adult",https://www.amazon.com.mx/dp/B01AVF3UYG,https://www.amazon.com/dp/B01AVF3UYG,SEVENTEEN DESIGN,All Sports Wholesale
,B078K6D5SH,2,Deportes y Aire libre,disponible,disponible,,,2025-10-17T16:32:49.108Z,2025-10-19T18:01:43.533Z,2025-10-28T02:05:25.471Z,700.47,15.99,$700.47,Sugar Pocket Women Yoga Pants Workout Leggings Half Tights with Side Pockets,https://www.amazon.com.mx/dp/B078K6D5SH,https://www.amazon.com/dp/B078K6D5SH,SRKSB LLC,Kaiyuan
,B0DBFFCMN2,2,Deportes y Aire libre,disponible,disponible,,,2025-10-17T16:33:00.288Z,2025-10-19T18:01:52.013Z,2025-10-28T02:05:32.856Z,1723.79,59.99,"$1,735.42","Waycel - Manoplas deslizantes de béisbol para jóvenes, guante deslizante de helado, béisbol, softball",https://www.amazon.com.mx/dp/B0DBFFCMN2,https://www.amazon.com/dp/B0DBFFCMN2,SRKSB LLC,FBA.SMK LLC
,B0CPTSB8VG,2,Deportes y Aire libre,disponible,disponible,,,2025-10-17T16:33:00.288Z,2025-10-19T18:02:00.924Z,2025-10-28T02:05:41.324Z,714.54,17.99,$714.54,"Tacoesha - Gorra de béisbol para mujer, bordado ajustable de algodón para golf, regalo de mamá",https://www.amazon.com.mx/dp/B0CPTSB8VG,https://www.amazon.com/dp/B0CPTSB8VG,SRKSB LLC,dinghongmaoyi
,B0CBTYS4GL,2,Deportes y Aire libre,disponible,no disponible,,,2025-10-17T16:33:00.288Z,2025-10-19T18:02:08.198Z,2025-10-28T02:05:50.123Z,2879.44,,"$2,879.44","Pitrungo Red de práctica de béisbol y sóftbol, 7 x 7 pies, red portátil de entrenamiento de bateo y lanzamiento, red de béisbol con zona de ataque y marco de arco y bolsa de transporte, equipo de entrenamiento de béisbol",https://www.amazon.com.mx/dp/B0CBTYS4GL,https://www.amazon.com/dp/B0CBTYS4GL,SRKSB LLC,
,B0BDBRLCP9,2,Deportes y Aire libre,disponible,disponible,,,2025-10-17T16:33:00.288Z,2025-10-19T18:02:16.875Z,2025-10-28T02:05:58.359Z,949.98,16.99,$956.40,"Nukem Cap Company - I Support Drinking during The Day - Gorra de camionero estilo retro clásico, Completamente rojo, Talla única",https://www.amazon.com.mx/dp/B0BDBRLCP9,https://www.amazon.com/dp/B0BDBRLCP9,SRKSB LLC,"Gooder Labs, LLC"
,B09CKLL8L4,2,Deportes y Aire libre,disponible,disponible,,,2025-10-17T16:33:00.288Z,2025-10-19T18:02:24.152Z,2025-10-28T02:06:06.347Z,842.97,19.99,$835.93,Zylioo Sujetador de encaje sin costuras push-up sin costuras de seda de morera 100% para mujer,https://www.amazon.com.mx/dp/B09CKLL8L4,https://www.amazon.com/dp/B09CKLL8L4,NL Express,Realmark Store (Zylioo Exclusive Agency)
,B09DFRTBQ2,2,Deportes y Aire libre,disponible,disponible,,,2025-10-17T16:33:11.606Z,2025-10-19T18:02:32.123Z,2025-10-28T02:06:15.573Z,834.89,19.99,$834.89,Zylioo XL/XXL Vintage Basecap Kappe Für Großen Kopf Pigment Baseballkappe Washed Cotton Used Look Baseball Cap Waschbare Cappy,https://www.amazon.com.mx/dp/B09DFRTBQ2,https://www.amazon.com/dp/B09DFRTBQ2,SRKSB LLC,Realmark Store (Zylioo Exclusive Agency)
,B07DHVD23S,2,Deportes y Aire libre,disponible,disponible,,,2025-10-17T16:33:11.607Z,2025-10-19T18:02:41.091Z,2025-10-28T02:06:23.798Z,821.63,19.95,$820.25,Luso The Sports Hat,https://www.amazon.com.mx/dp/B07DHVD23S,https://www.amazon.com/dp/B07DHVD23S,Boon Shopping,Luso Aviation
,B0CW9N79PN,2,Deportes y Aire libre,disponible,no disponible,,,2025-10-17T16:33:11.607Z,2025-10-19T18:02:49.513Z,2025-10-28T02:06:30.876Z,804.32,,$809.75,"Gorra de béisbol clásico de algodón lavado, para hombres y mujeres, gorra de béisbol ajustable para papá",https://www.amazon.com.mx/dp/B0CW9N79PN,https://www.amazon.com/dp/B0CW9N79PN,SRKSB LLC,
,B0BPHG4RL5,2,Deportes y Aire libre,disponible,disponible,,,2025-10-17T16:33:11.607Z,2025-10-19T18:03:03.611Z,2025-10-28T02:06:46.252Z,540.27,10.99,$540.27,DYCBNESS Working Cap with Sweatband Adjustable Bouffant Hat Cap Elastic Bandage Tie Back Hats Hair Covers for Women Men,https://www.amazon.com.mx/dp/B0BPHG4RL5,https://www.amazon.com/dp/B0BPHG4RL5,SRKSB LLC,azkiju
,B07SSTRBGY,2,Deportes y Aire libre,disponible,disponible,,,2025-10-17T16:33:11.607Z,2025-10-19T18:03:12.129Z,2025-10-28T02:06:53.295Z,557.3,15.99,$692.81,Fasbys Military Army Cadet Hat Men Women Unisex Cotton Flat Top Camo Baseball Cap Adjustable Daily Sports Camping Hat,https://www.amazon.com.mx/dp/B07SSTRBGY,https://www.amazon.com/dp/B07SSTRBGY,YueMei Store,Ambysun
,B092RXS1RP,2,Deportes y Aire libre,disponible,no disponible,,,2025-10-17T16:33:23.572Z,2025-10-19T18:03:19.178Z,2025-10-28T02:07:02.315Z,927.85,,$927.85,"Femdouce Camisetas de entrenamiento para mujer atléticas de yoga, espalda cruzada, correr, gimnasio, ejercicio, sin mangas, ropa activa, paquete de 4",https://www.amazon.com.mx/dp/B092RXS1RP,https://www.amazon.com/dp/B092RXS1RP,SRKSB LLC,
,B0DPZRTMMP,2,Deportes y Aire libre,disponible,no disponible,,,2025-10-17T16:33:23.572Z,2025-10-19T18:03:27.612Z,2025-10-28T02:07:09.864Z,552.52,,$556.24,"OFEEFAN - playera sin mangas para mujer, ajuste holgado, cuello en V, ropa de verano fruncida para mujer, dobladillo curvado",https://www.amazon.com.mx/dp/B0DPZRTMMP,https://www.amazon.com/dp/B0DPZRTMMP,SRKSB LLC,
,B087WX1RQZ,2,Deportes y Aire libre,disponible,disponible,,,2025-10-17T16:33:23.572Z,2025-10-19T18:03:34.294Z,2025-10-28T02:07:17.320Z,923.02,25.99,$952.87,"Star Vibe Camisetas sin Mangas de Entrenamiento con Espalda Cruzada para Mujer, Camisetas Deportivas básicas, Camisetas de Yoga sin Mangas, Paquete de 4",https://www.amazon.com.mx/dp/B087WX1RQZ,https://www.amazon.com/dp/B087WX1RQZ,SRKSB LLC,jin hua si yue dian zi shang wu you xian gong si
,B0DH1RRP7N,2,Deportes y Aire libre,disponible,disponible,,,2025-10-17T16:33:23.572Z,2025-10-19T18:03:42.756Z,2025-10-28T02:07:25.626Z,465.46,8.99,$464.73,"WIHOLL - Camisetas sin mangas para mujer, cuello en V, de verano, sin mangas, ajuste holgado, moda 2025",https://www.amazon.com.mx/dp/B0DH1RRP7N,https://www.amazon.com/dp/B0DH1RRP7N,SRKSB LLC,WIHOLL FASHION
,B08H1YZCX6,2,Deportes y Aire libre,disponible,no disponible,,,2025-10-17T16:33:23.572Z,2025-10-19T18:03:51.095Z,2025-10-28T02:07:33.895Z,973.7,,"$1,030.64",Cosy Pyro,https://www.amazon.com.mx/dp/B08H1YZCX6,https://www.amazon.com/dp/B08H1YZCX6,SEONGSAN,
,B0DHXK3C9C,2,Deportes y Aire libre,disponible,no disponible,,,2025-10-17T16:33:23.572Z,2025-10-19T18:03:58.373Z,2025-10-28T02:07:41.431Z,589.76,,$590.51,"Camisetas sin mangas para mujer, ligeras, sin mangas, para mujer, ajuste holgado, para atletismo, correr, tenis, yoga",https://www.amazon.com.mx/dp/B0DHXK3C9C,https://www.amazon.com/dp/B0DHXK3C9C,SRKSB LLC,
,B0B1Q49XW3,2,Deportes y Aire libre,disponible,disponible,,,2025-10-17T16:33:23.572Z,2025-10-19T18:04:05.530Z,2025-10-28T02:07:49.532Z,1315.57,33.99,"$1,430.46","ShyLizard - Juego de saco de boxeo para niños, con 2 guantes de boxeo, soporte ajustable, regalos para niños y niñas de 5 a 10 años",https://www.amazon.com.mx/dp/B0B1Q49XW3,https://www.amazon.com/dp/B0B1Q49XW3,SRKSB LLC,Shylizard
,B08K3TWC2Q,2,Deportes y Aire libre,disponible,disponible,,,2025-10-17T16:33:23.573Z,2025-10-19T18:04:12.958Z,2025-10-28T02:07:58.123Z,592.97,19.97,$766.60,Sports Crop Tank Tops for Women Cropped Workout Tops Racerback Running Yoga Tanks Cotton Sleeveless Gym Shirts 3 Pack,https://www.amazon.com.mx/dp/B08K3TWC2Q,https://www.amazon.com/dp/B08K3TWC2Q,Amazon Estados Unidos,Athomely
,B07Y365H2V,2,Deportes y Aire libre,disponible,disponible,,,2025-10-17T16:33:23.573Z,2025-10-19T18:04:20.980Z,2025-10-28T02:08:05.246Z,775.16,19.99,$775.16,"LEXISLOVE - Camisas de entrenamiento para mujer, sexy, espalda abierta, ropa deportiva, yoga, sin mangas",https://www.amazon.com.mx/dp/B07Y365H2V,https://www.amazon.com/dp/B07Y365H2V,SRKSB LLC,LEXISLOVE.
,B09JG612KZ,2,Deportes y Aire libre,disponible,disponible,,,2025-10-17T16:33:23.573Z,2025-10-19T18:04:29.184Z,2025-10-28T02:08:12.787Z,1062.43,26.99,"$1,006.08",ZHENWEI Suave Camisa de Yoga para Mujer,https://www.amazon.com.mx/dp/B09JG612KZ,https://www.amazon.com/dp/B09JG612KZ,SRKSB LLC,zhenweius
,B09NGHLFJT,2,Deportes y Aire libre,disponible,disponible,,,2025-10-17T16:33:33.723Z,2025-10-19T18:04:37.275Z,2025-10-28T02:08:19.751Z,1076.82,38.99,"$1,259.53","RUIDENG - Tenis de Plataforma para Mujer, cojín de Aire, Zapatos de Caminar para Mujer, cómodos Todo el día, Parte Inferior Gruesa",https://www.amazon.com.mx/dp/B09NGHLFJT,https://www.amazon.com/dp/B09NGHLFJT,Amazon Estados Unidos,RUIDENG
,B07X3M2K7C,2,Deportes y Aire libre,disponible,no disponible,,,2025-10-17T16:33:33.723Z,2025-10-19T18:04:46.012Z,2025-10-28T02:08:27.835Z,1239.85,,"$1,307.17",Fly Fishing Hero Chest Waders for Men with Boots Hunting Waders Fishing Boots Waders for Women Free Hangers,https://www.amazon.com.mx/dp/B07X3M2K7C,https://www.amazon.com/dp/B07X3M2K7C,Premium Global,
,B07RGGZY4N,2,Deportes y Aire libre,disponible,no disponible,,,2025-10-17T16:33:33.723Z,2025-10-19T18:04:53.900Z,2025-10-28T02:08:35.720Z,1350.1,,"$1,266.79",TIOSEBON Tenis para Caminar Ligeros y Casuales para Mujer,https://www.amazon.com.mx/dp/B07RGGZY4N,https://www.amazon.com/dp/B07RGGZY4N,SELLTECH,
,B0B4G4PPWR,2,Deportes y Aire libre,disponible,no disponible,,,2025-10-17T16:33:33.723Z,2025-10-19T18:05:01.540Z,2025-10-28T02:08:44.442Z,717.69,,$719.07,"Zapatos de agua para niños y niñas, calcetines acuáticos, de piel descalzos, para caminar, de secado rápido, antideslizantes, transpirables, para nadar, surf",https://www.amazon.com.mx/dp/B0B4G4PPWR,https://www.amazon.com/dp/B0B4G4PPWR,SRKSB LLC,
,B0BGLCY188,2,Deportes y Aire libre,disponible,no disponible,,,2025-10-17T16:33:33.723Z,2025-10-19T18:05:09.702Z,2025-10-28T02:08:52.857Z,1372.49,,"$1,375.64",Poramea Mens Slip on Loafers Walking Tennis Shoes Laceless Jogging Blade Sneakers Mesh Trail Running Casual Athletic,https://www.amazon.com.mx/dp/B0BGLCY188,https://www.amazon.com/dp/B0BGLCY188,SRKSB LLC,
,B08R8NS7G8,2,Deportes y Aire libre,disponible,disponible,,,2025-10-17T16:33:33.724Z,2025-10-19T18:05:16.965Z,2025-10-28T02:09:00.751Z,1028.11,29.99,"$1,035.06","Anlarach Zapatos deportivos para niños y niñas, para correr, con cojín de aire, para niños pequeños, niños grandes",https://www.amazon.com.mx/dp/B08R8NS7G8,https://www.amazon.com/dp/B08R8NS7G8,SRKSB LLC,icefrozen
,B093QJ5R35,2,Deportes y Aire libre,disponible,no disponible,,,2025-10-17T16:33:33.724Z,2025-10-19T18:05:25.035Z,2025-10-28T02:09:09.450Z,1674.29,,"$1,664.33","See Kai Run, Summit - Zapatos deportivos para niños",https://www.amazon.com.mx/dp/B093QJ5R35,https://www.amazon.com/dp/B093QJ5R35,Novayu,
,B07LFXYKS3,2,Deportes y Aire libre,disponible,disponible,,,2025-10-17T16:33:33.724Z,2025-10-19T18:05:32.910Z,2025-10-28T02:09:16.839Z,833.83,45.86,$839.46,Leader Show Women's Casual Walking Shoes Comfortable Loafers Slip-On Nursing Shoes Fashion Platform Sneakers,https://www.amazon.com.mx/dp/B07LFXYKS3,https://www.amazon.com/dp/B07LFXYKS3,SRKSB LLC,Leader show
,B07NQCCQ62,2,Deportes y Aire libre,disponible,disponible,,,2025-10-17T16:33:33.724Z,2025-10-19T18:05:45.787Z,2025-10-28T02:09:30.689Z,1277.66,36.94,"$1,281.02",HKR Calzado de Senderismo para Mujer Zapatillas Slip On Ligeras Zapatos de Trabajo Antideslizantes Todo Blanco 8,https://www.amazon.com.mx/dp/B07NQCCQ62,https://www.amazon.com/dp/B07NQCCQ62,SRKSB LLC,STQ Inc.
,B07S7QT5B7,2,Deportes y Aire libre,disponible,no disponible,,,2025-10-17T16:33:33.724Z,2025-10-19T18:05:54.939Z,2025-10-28T02:09:39.372Z,626.71,,$630.94,"BARERUN - Zapatos de Agua Descalzos para Mujeres y Hombres, de Secado rápido, para natación, Playa, Piscina, Surf, Yoga, Barco, Viajes, Antideslizantes, para Interiores y Exteriores",https://www.amazon.com.mx/dp/B07S7QT5B7,https://www.amazon.com/dp/B07S7QT5B7,SRKSB LLC,
,B0B4FMYB6N,2,Deportes y Aire libre,disponible,no disponible,,,2025-10-17T16:33:45.884Z,2025-10-19T18:06:03.275Z,2025-10-28T02:09:46.483Z,644.38,,$607.17,"Vividstill - Cuchillo de bolsillo para hombre, cuchillo plegable fresco con alivio de dragón azul 3D, gran regalo Edc cuchillo para hombres, supervivencia al aire última intervensión, camping",https://www.amazon.com.mx/dp/B0B4FMYB6N,https://www.amazon.com/dp/B0B4FMYB6N,MARVEL INC.,
,B0CN3L8L2N,2,Deportes y Aire libre,disponible,no disponible,,,2025-10-17T16:33:45.885Z,2025-10-19T18:06:10.831Z,2025-10-28T02:09:53.296Z,610.42,,$612.04,"Bolsas tácticas de malla Molle, de rango ligero, compacto, con micro cordón, enrollables, para recuperación, paquete de herramientas Ar Mag, EDC Drop Net Storage Belt Bag",https://www.amazon.com.mx/dp/B0CN3L8L2N,https://www.amazon.com/dp/B0CN3L8L2N,SRKSB LLC,
,B0CH12VGSR,2,Deportes y Aire libre,disponible,no disponible,,,2025-10-17T16:33:45.885Z,2025-10-19T18:06:19.926Z,2025-10-28T02:10:00.717Z,455.2,,$458.28,"OUMEE - 30 paquetes de gel de caca para inodoro portátil, polvo de inodoro de camping para bolsas para orinales, gel absorbente ecológico, paquetes de gel de inodoro portátil para recreación al aire última intervensión, suministros de camping",https://www.amazon.com.mx/dp/B0CH12VGSR,https://www.amazon.com/dp/B0CH12VGSR,SRKSB LLC,
,B09DRR79F4,2,Deportes y Aire libre,disponible,disponible,,,2025-10-17T16:33:45.885Z,2025-10-19T18:06:28.802Z,2025-10-28T02:10:08.417Z,979.72,27.99,$979.72,"LOOGU Conjuntos de mosquitos, pantalones de red y capucha para chaqueta, malla ultrafina, con pesca, senderismo, camping y jardinería",https://www.amazon.com.mx/dp/B09DRR79F4,https://www.amazon.com/dp/B09DRR79F4,SRKSB LLC,LOOGU OUTDOORS
,B0CRG5LR4L,2,Deportes y Aire libre,disponible,no disponible,,,2025-10-17T16:33:45.885Z,2025-10-19T18:06:37.565Z,2025-10-28T02:10:16.799Z,1048.31,,"$1,048.31",Arizona Ice - Bolsas de hielo industriales grandes | Sustituye a 10 libras de hielo | -16 °F (-8 °C) | Ranuras más profundas | Puede congelar bebidas | USA Company | 12 x 9 pulgadas | Paquete de dos,https://www.amazon.com.mx/dp/B0CRG5LR4L,https://www.amazon.com/dp/B0CRG5LR4L,SRKSB LLC,
,B0DC3Y2WNJ,2,Deportes y Aire libre,disponible,disponible,,,2025-10-17T16:33:45.885Z,2025-10-19T18:06:46.938Z,2025-10-28T02:10:24.884Z,657.15,12.99,$660.20,"XENLYN GEAR - Riñonera para hombre, cintura ajustable para mujer, bolsa de cinturón con cierre de acceso rápido, bolsa EDC compacta y ligera para viajes, senderismo, táctica y transporte diario, Negro",https://www.amazon.com.mx/dp/B0DC3Y2WNJ,https://www.amazon.com/dp/B0DC3Y2WNJ,SHOPHOLİC,XENLYN GEAR
,B00T5J7S02,2,Deportes y Aire libre,disponible,no disponible,,,2025-10-17T16:33:45.885Z,2025-10-19T18:06:54.182Z,2025-10-28T02:10:33.015Z,1103.53,,"$1,077.77",QUANS 30W Warm White 12V 24V DC Ultra Bright LED Security Wash Flood light Floodlight Lamp High Power Black Case Waterproof IP65 Work in the Rain Superbright 3000K by QUANS,https://www.amazon.com.mx/dp/B00T5J7S02,https://www.amazon.com/dp/B00T5J7S02,Amazon Estados Unidos,
,B0CMZQQ352,2,Deportes y Aire libre,disponible,no disponible,,,2025-10-17T16:33:45.885Z,2025-10-19T18:07:03.780Z,2025-10-28T02:10:40.211Z,535.58,,$558.33,"Fyelo Molle - Soporte táctico para botellas de agua, 32 40 64 onzas, multiuso para deportes al aire última intervensión/mochila/chaleco/cinturón/bicicleta, 3 colores (negro, café, verde)",https://www.amazon.com.mx/dp/B0CMZQQ352,https://www.amazon.com/dp/B0CMZQQ352,NOTUSSTORE,
,B09XQQJ56P,2,Deportes y Aire libre,disponible,disponible,,,2025-10-17T16:33:45.885Z,2025-10-19T18:07:11.526Z,2025-10-28T02:10:48.823Z,538.04,19.99,$791.35,"80 bolsas de inodoro portátiles para acampar, biodegradables, bolsas de inodoro de 8 galones compostables y gruesas, bolsas de basura de 8 galones",https://www.amazon.com.mx/dp/B09XQQJ56P,https://www.amazon.com/dp/B09XQQJ56P,Amazon Estados Unidos,TZIW US
,B08V8M9PPG,2,Deportes y Aire libre,disponible,no disponible,,,2025-10-17T16:33:45.885Z,2025-10-19T18:07:19.076Z,2025-10-28T02:10:57.296Z,951.34,,$949.96,"sunhiker Mochila pequeña para ciclismo, senderismo, resistente al agua, mochila ligera de viaje, M0714",https://www.amazon.com.mx/dp/B08V8M9PPG,https://www.amazon.com/dp/B08V8M9PPG,ProductosTX ⭐ ⭐ ⭐ ⭐ ⭐,
,B0CWNN29SW,2,Deportes y Aire libre,disponible,disponible,,,2025-10-17T16:33:45.885Z,2025-10-19T18:07:28.264Z,2025-10-28T02:11:04.063Z,732.43,17.99,$737.38,"VVAYHUA - Saco de dormir, sábanas de viaje, con cierre de dos vías para exponer los pies por separado, sábana portátil de camping individual para hotel, albergues, viajes de negocios",https://www.amazon.com.mx/dp/B0CWNN29SW,https://www.amazon.com/dp/B0CWNN29SW,SRKSB LLC,BeobOXX
,B01LRRRYYY,2,Deportes y Aire libre,disponible,no disponible,,,2025-10-17T16:33:45.886Z,2025-10-19T18:07:35.522Z,2025-10-28T02:11:11.771Z,894.91,,$894.91,"VISCNE - Riñonera para exteriores, senderismo, pesca, 2 soportes para botellas de agua, mochila lumbar",https://www.amazon.com.mx/dp/B01LRRRYYY,https://www.amazon.com/dp/B01LRRRYYY,SRKSB LLC,
,B0C32HLMK1,2,Deportes y Aire libre,disponible,disponible,,,2025-10-17T16:33:45.886Z,2025-10-19T18:07:43.739Z,2025-10-28T02:11:20.839Z,646.88,15.99,$627.14,"TITECOUGO Pequeña bolsa bandolera ligera para hombres y mujeres, bolsa de hombro para deportes y exteriores, Negro -, Bandolera",https://www.amazon.com.mx/dp/B0C32HLMK1,https://www.amazon.com/dp/B0C32HLMK1,SRKSB LLC,GADIEMENSS
,B0D5B48YYL,2,Deportes y Aire libre,disponible,no disponible,,,2025-10-17T16:33:45.886Z,2025-10-19T18:07:51.852Z,2025-10-28T02:11:30.579Z,487.59,,$487.59,"Sckee 30 Paquetes de Gel para Excrementos para Inodoros Portátiles, Polvo para Inodoros Portátiles, Polvo para Excrementos y Orina para Acampar Al Aire Libre y Hacer Senderismo",https://www.amazon.com.mx/dp/B0D5B48YYL,https://www.amazon.com/dp/B0D5B48YYL,SRKSB LLC,
,B0C48LQ21W,2,Deportes y Aire libre,disponible,disponible,,,2025-10-17T16:33:57.551Z,2025-10-19T18:08:00.231Z,2025-10-28T02:11:37.552Z,1181.95,29.99,"$1,181.95","YOUNGOA - Mochila de viaje de 35 litros aprobada por aerolíneas, 18 x 14 x 8 pulgadas, mochila de viaje para hombres, mochila de Viaje, Gris-Negro, extra large 35L, Mochila de viaje de 18 x 14 x 8",https://www.amazon.com.mx/dp/B0C48LQ21W,https://www.amazon.com/dp/B0C48LQ21W,SRKSB LLC,YOUNGOA
,B07Q1L5KVT,2,Deportes y Aire libre,disponible,no disponible,,,2025-10-17T16:33:57.551Z,2025-10-19T18:08:07.231Z,2025-10-28T02:11:46.778Z,767.47,,$772.66,"FOREST PILOT - Bastón desmontable de madera dura para senderismo con brújula de 48 pulgadas, correa de mano suave, cubierta de goma",https://www.amazon.com.mx/dp/B07Q1L5KVT,https://www.amazon.com/dp/B07Q1L5KVT,SRKSB LLC,
,B07R3X8V4M,2,Deportes y Aire libre,disponible,disponible,,,2025-10-17T16:33:57.552Z,2025-10-19T18:08:16.037Z,2025-10-28T02:11:55.264Z,883.41,24.29,$888.06,"ZZNICK Riñonera de piel auténtica/organizador con cinturón ajustable, múltiples bolsillos para hombres y mujeres, Black-861 Medium, 14 x 2.5 x 5 inches",https://www.amazon.com.mx/dp/B07R3X8V4M,https://www.amazon.com/dp/B07R3X8V4M,M&H Customer Friendly Store,Yearforshop
,B095H7XQ1H,2,Deportes y Aire libre,disponible,no disponible,,,2025-10-17T16:33:57.552Z,2025-10-19T18:08:24.121Z,2025-10-28T02:12:04.384Z,1336.46,,"$1,336.46","GearOZ - Polainas de serpiente, impermeables para las piernas inferiores de la serpiente, polainas protectoras para mordedura de serpiente, polainas antinake para hombres/mujeres, tamaño ajustable",https://www.amazon.com.mx/dp/B095H7XQ1H,https://www.amazon.com/dp/B095H7XQ1H,SRKSB LLC,
,B09JVVZ1G3,2,Deportes y Aire libre,disponible,disponible,,,2025-10-17T16:33:57.552Z,2025-10-19T18:08:40.301Z,2025-10-28T02:12:19.099Z,1108.65,30.98,"$1,108.04","Riñonera táctica, bolsa de cintura militar con cinturón de cadera para exteriores, senderismo, escalada, pesca con parche de Estados Unidos, Paquete de 2, negro y café, Pequeño",https://www.amazon.com.mx/dp/B09JVVZ1G3,https://www.amazon.com/dp/B09JVVZ1G3,SRKSB LLC,DaiFenDi
,B004WL4KUE,2,Deportes y Aire libre,disponible,no disponible,,,2025-10-17T16:33:57.552Z,2025-10-19T18:08:49.631Z,2025-10-28T02:12:26.312Z,335.54,,$488.26,Cleanwaste The Go Anywhere - Bolsas de Basura,https://www.amazon.com.mx/dp/B004WL4KUE,https://www.amazon.com/dp/B004WL4KUE,Amazon Estados Unidos,
,B08DTK1WJH,2,Deportes y Aire libre,disponible,disponible,,,2025-10-17T16:33:57.552Z,2025-10-19T18:08:56.872Z,2025-10-28T02:12:33.460Z,769.27,19.99,$791.35,"TITECOUGO - Mochila de viaje para el hombro, ligera, para el pecho, una correa, bolsas cruzadas, paquetes de día de campamento para mujeres y hombres, accesorios de senderismo, tamaño grande, color",https://www.amazon.com.mx/dp/B08DTK1WJH,https://www.amazon.com/dp/B08DTK1WJH,CATTLESIV,GADIEMENSS
,B0CYGMHP2V,2,Deportes y Aire libre,disponible,disponible,,,2025-10-17T16:33:57.552Z,2025-10-19T18:09:04.154Z,2025-10-28T02:12:41.597Z,459,52.99,"$1,684.30","ShinHye Rucksackzelt für Camping, 1-4 Personen, ultraleichtes Rucksackzelt, einfache Einrichtung, Zelte, Wasserdicht, Leicht, Wanderzelte für Rucksackreisen",https://www.amazon.com.mx/dp/B0CYGMHP2V,https://www.amazon.com/dp/B0CYGMHP2V,Marca: ShinHye,JXX Outdoor Store
,B00JM3F5A6,2,Deportes y Aire libre,disponible,disponible,,,2025-10-17T16:33:57.552Z,2025-10-19T18:09:12.071Z,2025-10-28T02:12:50.415Z,1267.43,37.99,"$1,266.05","loyofun auténtico piel unisex café Cintura Bolsa Messenger Riñonera Fanny Pack Bum Bag, 36''- 50'' Waist",https://www.amazon.com.mx/dp/B00JM3F5A6,https://www.amazon.com/dp/B00JM3F5A6,Novayu,Loyofun
,B0BFF5BNH6,2,Deportes y Aire libre,disponible,disponible,,,2025-10-17T16:33:57.552Z,2025-10-19T18:09:20.797Z,2025-10-28T02:12:57.783Z,689.58,16.99,$689.58,"Victoper Faro recargable, 22000 lúmenes brillantes 10 LED, 8+2 modos de luz de cabeza con luz roja para adultos, linterna impermeable para correr al aire última intervensión, caza, camping, senderismo",https://www.amazon.com.mx/dp/B0BFF5BNH6,https://www.amazon.com/dp/B0BFF5BNH6,SRKSB LLC,Victoper
,B0C32WQFFC,2,Deportes y Aire libre,disponible,disponible,,,2025-10-17T16:33:57.552Z,2025-10-19T18:09:29.874Z,2025-10-28T02:13:04.795Z,649.87,15.99,$629.33,"TITECOUGO Pequeña bolsa bandolera ligera para hombres y mujeres, bolsa de hombro para deportes y exteriores, Negro/Violeta, Mochilas Daypack",https://www.amazon.com.mx/dp/B0C32WQFFC,https://www.amazon.com/dp/B0C32WQFFC,CATTLESIV,GADIEMENSS
,B09QCS3X1J,2,Deportes y Aire libre,disponible,disponible,,,2025-10-17T16:33:57.552Z,2025-10-19T18:09:37.956Z,2025-10-28T02:13:11.945Z,1544.44,48.99,"$1,555.67",HREFEU Tienda en T,https://www.amazon.com.mx/dp/B09QCS3X1J,https://www.amazon.com/dp/B09QCS3X1J,SEONGSAN,XINGDEREN
,B0C32F78Q6,2,Deportes y Aire libre,disponible,disponible,,,2025-10-17T16:33:57.552Z,2025-10-19T18:09:46.230Z,2025-10-28T02:13:21.416Z,649.87,15.99,$629.33,"TITECOUGO Pequeña bolsa bandolera ligera para hombres y mujeres, bolsa de hombro para deportes y exteriores, Negro/Gris oscuro, Mochilas Daypack",https://www.amazon.com.mx/dp/B0C32F78Q6,https://www.amazon.com/dp/B0C32F78Q6,CATTLESIV,GADIEMENSS
,B0D12RQLN5,2,Deportes y Aire libre,disponible,no disponible,,,2025-10-17T16:33:57.552Z,2025-10-19T18:09:53.080Z,2025-10-28T02:13:28.584Z,1177.43,,"$1,184.99","zzlamb - Manta de camping, manta de viaje hinchada, ligera alternativa, compacta y resistente al viento, para acampar, viajes, playa, picnic, senderismo, hamaca, avión, coche, mascota, 52 x 75",https://www.amazon.com.mx/dp/B0D12RQLN5,https://www.amazon.com/dp/B0D12RQLN5,SRKSB LLC,
,B0B4K4GJY5,2,Deportes y Aire libre,disponible,disponible,,,2025-10-17T16:33:57.553Z,2025-10-19T18:10:02.113Z,2025-10-28T02:13:36.505Z,800.7,19.99,$780.87,"Nmbvcxz - Mochila bandolera con diseño de mariposas para mujeres y hombres, viajes, senderismo, mochila de hombro",https://www.amazon.com.mx/dp/B0B4K4GJY5,https://www.amazon.com/dp/B0B4K4GJY5,Boon Shopping,PuTianShi LiChengQu AnYueShunShangMaoYouXianGongSi
,B08B16DDY7,2,Deportes y Aire libre,disponible,disponible,,,2025-10-17T16:33:57.553Z,2025-10-19T18:10:10.754Z,2025-10-28T02:13:43.939Z,835.45,20.69,$805.95,"Desy & Feeci Red seca para camping, 4 capas para colgar al aire libre, estante de secado plegable, organizador de campamento, almacenamiento de malla para el hogar, picnic, barbacoa, vajilla, platos, alimentos, verduras, frutas, ropa",https://www.amazon.com.mx/dp/B08B16DDY7,https://www.amazon.com/dp/B08B16DDY7,SRKSB LLC,Gemaxvoled
,B0117R69GS,2,Deportes y Aire libre,disponible,no disponible,,,2025-10-17T16:34:09.459Z,2025-10-19T18:10:19.155Z,2025-10-28T02:13:50.724Z,872.06,,$939.63,"sunhiker Mochila pequeña para ciclismo y senderismo, resistente al agua, mochila de viaje ligera M0714",https://www.amazon.com.mx/dp/B0117R69GS,https://www.amazon.com/dp/B0117R69GS,Hope Honey Store,
,B09QM7PFBF,2,Deportes y Aire libre,disponible,disponible,,,2025-10-17T16:34:09.459Z,2025-10-19T18:10:27.266Z,2025-10-28T02:13:58.008Z,490.35,11.99,$490.35,"KEZKALS - Calcetines para hombre para adolescentes y adultos, bolígrafos multiherramienta 9 en 1 para hombres, rellenos de calcetines para hombres, regalos de Navidad de elefante blanco para adultos",https://www.amazon.com.mx/dp/B09QM7PFBF,https://www.amazon.com/dp/B09QM7PFBF,SRKSB LLC,DFRER-US
,B083J5J3ZX,2,Deportes y Aire libre,disponible,disponible,,,2025-10-17T16:34:09.459Z,2025-10-19T18:10:35.374Z,2025-10-28T02:14:07.188Z,3207.06,89.99,"$3,252.58","Tienda de campaña fácil para 4 personas, 9.5 x 6.6 x 52 pulgadas, impermeable, configuración automática, 2 puertas, tiendas de campaña familiares instantáneas para camping, senderismo y viajes",https://www.amazon.com.mx/dp/B083J5J3ZX,https://www.amazon.com/dp/B083J5J3ZX,SRKSB LLC,EGOO LLC
,B08KXQXMSW,2,Deportes y Aire libre,disponible,no disponible,,,2025-10-17T16:34:09.460Z,2025-10-19T18:10:42.755Z,2025-10-28T02:14:14.484Z,994,,$994.00,"Natouch Toallitas para el cuerpo, curar y acondicionar la piel, toallitas de gimnasio sin enjuague para la lucha libre de artes marciales - 8 unidades",https://www.amazon.com.mx/dp/B08KXQXMSW,https://www.amazon.com/dp/B08KXQXMSW,SRKSB LLC,
,B07BZC849V,2,Deportes y Aire libre,disponible,disponible,,,2025-10-17T16:34:09.460Z,2025-10-19T18:10:49.641Z,2025-10-28T02:14:22.649Z,752.81,18.47,$774.69,"Pinzas tácticas para el cabello, paquete de 4 unidades, color negro, pasadores multiherramienta, grabado láser, chapado al aspiradora, llavero multifuncional multiherramienta, cortador de caja, borde",https://www.amazon.com.mx/dp/B07BZC849V,https://www.amazon.com/dp/B07BZC849V,SRKSB LLC,TactiCouture
,B09H2QDSD3,2,Deportes y Aire libre,disponible,no disponible,,,2025-10-17T16:34:09.460Z,2025-10-19T18:10:58.564Z,2025-10-28T02:14:30.682Z,2552.65,,"$2,569.87",BISINNA 1.72lbs Ultralight Backpacking 650 Fill Power 32-50F Down Sleeping Bag for Adults and Kids - Ultra Lightweight and Compact Backpack Envelope Sleeping Bag for Hiking Camping,https://www.amazon.com.mx/dp/B09H2QDSD3,https://www.amazon.com/dp/B09H2QDSD3,SRKSB LLC,
,B09CTS53JT,2,Deportes y Aire libre,disponible,disponible,,,2025-10-17T16:34:09.460Z,2025-10-19T18:11:06.941Z,2025-10-28T02:14:39.255Z,1257.61,37.99,"$1,266.10","Hodeamy - Alfombrilla térmica para debajo del escritorio para calentador de pies, 110 V de temperatura ajustable, almohadilla de calefacción eléctrica, cristal de carbono y ahorro de energía, calentador de pies para oficina, hogar (grano de madera)",https://www.amazon.com.mx/dp/B09CTS53JT,https://www.amazon.com/dp/B09CTS53JT,SRKSB LLC,Hodeamy
,B0B56MBQYL,2,Deportes y Aire libre,disponible,no disponible,,,2025-10-17T16:34:09.460Z,2025-10-19T18:11:15.645Z,2025-10-28T02:14:47.023Z,645.11,,$645.11,"Multiherramienta 26 en 1, multiherramientas profesionales de acero inoxidable, alicates multiherramienta, cuchillo de bolsillo con funda de destornillador resistente, puntas reemplazables,",https://www.amazon.com.mx/dp/B0B56MBQYL,https://www.amazon.com/dp/B0B56MBQYL,SRKSB LLC,
,B09QM6GZ4R,2,Deportes y Aire libre,disponible,disponible,,,2025-10-17T16:34:09.460Z,2025-10-19T18:11:31.163Z,2025-10-28T02:15:01.662Z,491.24,11.99,$491.24,"KEZKALS - Relleno de medias para hombres y adultos, regalo de bolígrafo multiherramienta 9 en 1 para hombres, regalos de elefante blanco para adultos, regalos de hombre para papá, él, marido, regalos",https://www.amazon.com.mx/dp/B09QM6GZ4R,https://www.amazon.com/dp/B09QM6GZ4R,SRKSB LLC,DFRER-US
,B09T3BH9V7,2,Deportes y Aire libre,disponible,disponible,,,2025-10-17T16:34:09.460Z,2025-10-19T18:11:39.109Z,2025-10-28T02:15:11.446Z,609.93,11.99,$615.12,"Regalos para el día del padre de hija, juego de bolígrafos multiherramienta 9 en 1, accesorios geniales para hombres, regalos de herramientas para marido, papá, abuelo, novio, regalos para papá, regalos únicos para hombres",https://www.amazon.com.mx/dp/B09T3BH9V7,https://www.amazon.com/dp/B09T3BH9V7,SRKSB LLC,XINYIKEJIZJ
,B083SRTYZC,2,Deportes y Aire libre,disponible,no disponible,,,2025-10-17T16:34:09.460Z,2025-10-19T18:11:48.312Z,2025-10-28T02:15:19.559Z,893.02,,$899.06,"Accesorios de camping multiherramienta, mango de madera, martillo de hacha, rellenos de calcetines para hombres, regalos de chico, regalos de Navidad geniales y únicos para novio, marido, abuelo para senderismo, caza, bricolaje",https://www.amazon.com.mx/dp/B083SRTYZC,https://www.amazon.com/dp/B083SRTYZC,SRKSB LLC,
,B00X8H2J06,2,Deportes y Aire libre,disponible,no disponible,,,2025-10-17T16:34:09.460Z,2025-10-19T18:11:56.409Z,2025-10-28T02:15:27.388Z,583.94,,$587.89,"Linterna BLITZU faros delanteros con LED rojo luz. Más brillantes. Impermeable. Luz principal ideal para correr, caminar, leer, acampar, hogar proyectos y de emergencia",https://www.amazon.com.mx/dp/B00X8H2J06,https://www.amazon.com/dp/B00X8H2J06,SRKSB LLC,
,B079L9V2QZ,2,Deportes y Aire libre,no disponible,no disponible,,,2025-10-17T16:34:09.460Z,2025-10-19T18:12:05.086Z,2025-10-28T02:15:35.306Z,,,"$3,079.50","Brawntide - Asiento de estadio con respaldo acolchado extra grueso, accesorio para blanqueador, respaldo reclinable, correas de hombro, 4 bolsillos, resistente al agua, ideal para eventos deportivos",https://www.amazon.com.mx/dp/B079L9V2QZ,https://www.amazon.com/dp/B079L9V2QZ,Marca: Brawntide,
,B00X8H2J92,2,Deportes y Aire libre,disponible,no disponible,,,2025-10-17T16:34:09.460Z,2025-10-19T18:12:12.771Z,2025-10-28T02:15:44.102Z,584.68,,$584.68,"Linterna faros delanteros con LED rojo luz. Más brillantes Blitzu i2 faro para niños, Hombres, y mujeres. Impermeable. Luz principal ideal para correr, caminar, Readin G, acampar, hogar proyectos y de emergencia",https://www.amazon.com.mx/dp/B00X8H2J92,https://www.amazon.com/dp/B00X8H2J92,SRKSB LLC,
,B0CSYBPPWH,2,Deportes y Aire libre,disponible,no disponible,,,2025-10-17T16:34:09.460Z,2025-10-19T18:12:20.702Z,2025-10-28T02:15:53.055Z,524.62,,$528.17,"ZXMOBY - Caca de autodisolución absorbente para orina súper absorbente en polvo de gel higiénico portátil para inodoro/cubas, paquetes de gel absorbente ecológico portátil para recreación al aire",https://www.amazon.com.mx/dp/B0CSYBPPWH,https://www.amazon.com/dp/B0CSYBPPWH,SRKSB LLC,
,B0C2C39BMJ,2,Deportes y Aire libre,disponible,no disponible,,,2025-10-17T16:34:09.461Z,2025-10-19T18:12:27.922Z,2025-10-28T02:16:00.215Z,581.38,,$619.26,"BOBKID - Faro LED recargable de 10000 lúmenes, luz LED superbrillante, accesorios de camping con luz roja, linterna impermeable para acampar para adultos",https://www.amazon.com.mx/dp/B0C2C39BMJ,https://www.amazon.com/dp/B0C2C39BMJ,CATTLESIV,
,B079LGD7XR,2,Deportes y Aire libre,disponible,no disponible,,,2025-10-17T16:34:20.375Z,2025-10-19T18:12:36.653Z,2025-10-28T02:16:07.452Z,5662.95,,"$5,561.18","Brawntide - Silla de asiento ancha para estadio, acolchado extra grueso, correa de blanqueador ajustable, correas de hombro, 4 bolsillos, resistente al agua, ideal para eventos deportivos, playas",https://www.amazon.com.mx/dp/B079LGD7XR,https://www.amazon.com/dp/B079LGD7XR,SMART CELL TRADE,
,B08R1FTBJB,2,Deportes y Aire libre,disponible,disponible,,,2025-10-17T16:34:20.375Z,2025-10-19T18:12:44.667Z,2025-10-28T02:16:14.653Z,1068.99,22.27,"$1,086.27","Kuzmaly Saco de Dormir de Camping para 3 Estaciones, Ligero e Impermeable con Saco de compresión, Saco de Dormir para Acampar en Interiores y Exteriores para Adultos y niños",https://www.amazon.com.mx/dp/B08R1FTBJB,https://www.amazon.com/dp/B08R1FTBJB,M&H Customer Friendly Store,senmengliu Direct
,B09XF2PJRL,2,Deportes y Aire libre,disponible,disponible,,,2025-10-17T16:34:32.575Z,2025-10-19T18:12:51.459Z,2025-10-28T02:16:24.231Z,744.76,19.99,$749.79,"Onhear - Protección auditiva para disparar, con cancelación de ruido para autismo, orejeras ajustables para adultos, protección auditiva para rango de disparo",https://www.amazon.com.mx/dp/B09XF2PJRL,https://www.amazon.com/dp/B09XF2PJRL,SRKSB LLC,Onhear Tech
,B0D2KQHCD3,2,Deportes y Aire libre,disponible,no disponible,,,2025-10-17T16:34:32.575Z,2025-10-19T18:13:00.835Z,2025-10-28T02:16:32.950Z,1358.3,,"$1,728.18","Punvoe Trail - Cámara WiFi 4K 64MP con tarjeta de memoria de 64 GB, 8 baterías y visión nocturna Ip67, impermeable, 130° gran angular 0.1s, velocidad de disparo, adecuada para detección de vida",https://www.amazon.com.mx/dp/B0D2KQHCD3,https://www.amazon.com/dp/B0D2KQHCD3,AMO LA PELLE,
,B0DXPPLK7D,2,Deportes y Aire libre,disponible,disponible,,PRICE_AND_SELLER_NOT_FOUND,2025-10-17T16:34:32.575Z,2025-10-19T18:13:09.741Z,2025-10-28T02:16:39.953Z,754.3,,$651.12,"Prismáticos compactos de 20 x 25 pulgadas para adultos y niños, prismáticos impermeables para cazadores, fácil enfoque para observar aves al aire última intervensión, senderismo y viajes, color negro",https://www.amazon.com.mx/dp/B0DXPPLK7D,https://www.amazon.com/dp/B0DXPPLK7D,SRKSB LLC,
,B0DY57V4NC,2,Deportes y Aire libre,disponible,no disponible,,,2025-10-17T16:34:32.576Z,2025-10-19T18:13:18.086Z,2025-10-28T02:16:47.541Z,882.4,,$949.13,"Prismáticos de alta potencia de 20 x 50 pulgadas para adultos, prismáticos compactos con visión de poca luz para observación de aves, viajes, observación de estrellas, conciertos, campamento, prisma",https://www.amazon.com.mx/dp/B0DY57V4NC,https://www.amazon.com/dp/B0DY57V4NC,MAYLA LLC,
,B0DRYJ5C11,2,Deportes y Aire libre,disponible,no disponible,,,2025-10-17T16:34:32.576Z,2025-10-19T18:13:26.545Z,2025-10-28T02:16:55.542Z,856.97,,$862.76,"Yvey Essence - Prismáticos HD de 20 x 50 pulgadas para adultos, prismáticos de visión nocturna, prismáticos impermeables con gran vista, fácil enfoque para observación de aves, viajes, aventuras",https://www.amazon.com.mx/dp/B0DRYJ5C11,https://www.amazon.com/dp/B0DRYJ5C11,SRKSB LLC,
,B0D6FWNHJJ,2,Deportes y Aire libre,disponible,disponible,,,2025-10-17T16:34:32.576Z,2025-10-19T18:13:33.865Z,2025-10-28T02:17:02.595Z,367.37,5.99,$369.86,"Juego de 6 cepillos de alambre, Smal Metal Latón/Acero Inoxidable/Nylon Cepillos para limpiar el óxido del metal y la eliminación de pintura",https://www.amazon.com.mx/dp/B0D6FWNHJJ,https://www.amazon.com/dp/B0D6FWNHJJ,SRKSB LLC,LHAIYAN
,B0F21RJGF7,2,Deportes y Aire libre,disponible,disponible,,PRICE_AND_SELLER_NOT_FOUND,2025-10-17T16:34:32.576Z,2025-10-19T18:13:40.581Z,2025-10-28T02:17:11.356Z,626.71,,$533.94,"Prismáticos de 12 x 25 pulgadas para adultos y niños de alta potencia, plegables, impermeables, compactos, claros, vista grande para observación de aves, caza, senderismo, conciertos, cruceros",https://www.amazon.com.mx/dp/B0F21RJGF7,https://www.amazon.com/dp/B0F21RJGF7,SRKSB LLC,
,B07D6PF4RZ,2,Deportes y Aire libre,disponible,no disponible,,,2025-10-17T16:34:32.576Z,2025-10-19T18:13:49.361Z,2025-10-28T02:17:19.906Z,477,,"$1,094.23","Camo Netting, Bulk Roll Camouflage Netting Woodland, Military Hunting Free Cutting for Hunting Blind Sunshade Shooting Theme Party Decoration",https://www.amazon.com.mx/dp/B07D6PF4RZ,https://www.amazon.com/dp/B07D6PF4RZ,Marca: Sensong,
,B077X722R6,2,Deportes y Aire libre,disponible,no disponible,,,2025-10-17T16:34:32.576Z,2025-10-19T18:13:56.584Z,2025-10-28T02:17:27.840Z,725.37,,$720.63,"GearOZ - Bolsa de Malla para señuelo de 30 x 32 Pulgadas, 1 Paquete de Bolsa de señuelo de Pato para Aves acuáticas, Pato Caza Equipo señuelo Mochila Ligera con Correas de Hombro Ajustables",https://www.amazon.com.mx/dp/B077X722R6,https://www.amazon.com/dp/B077X722R6,Boon Shopping,
,B077MB1VR9,2,Deportes y Aire libre,disponible,no disponible,,,2025-10-17T16:34:32.576Z,2025-10-19T18:14:05.366Z,2025-10-28T02:17:36.039Z,1444,,"$1,461.36","Loogu Malla de camuflaje, Cobertor de red de camuflaje para protección solar, acampar, disparar, caza, etc.",https://www.amazon.com.mx/dp/B077MB1VR9,https://www.amazon.com/dp/B077MB1VR9,Marca: LOOGU,
,B071143J36,2,Deportes y Aire libre,disponible,no disponible,,,2025-10-17T16:34:32.576Z,2025-10-19T18:14:20.039Z,2025-10-28T02:17:51.660Z,1373.81,,"$1,257.35","Loogu Malla de camuflaje, Cobertor de red de camuflaje para protección solar, acampar, disparar, caza, etc., Woodland Camuflaje, 1.5x10M=5x32.8ft",https://www.amazon.com.mx/dp/B071143J36,https://www.amazon.com/dp/B071143J36,SRKSB LLC,
,B00NPMNNXQ,2,Deportes y Aire libre,disponible,no disponible,,,2025-10-17T16:34:32.576Z,2025-10-19T18:14:27.131Z,2025-10-28T02:18:00.179Z,1122.62,,"$1,129.25",LOOGU diseño personalizado Camo redes para Camping canasta de camuflaje de caza,https://www.amazon.com.mx/dp/B00NPMNNXQ,https://www.amazon.com/dp/B00NPMNNXQ,Novayu,
,B00NPMNNS6,2,Deportes y Aire libre,disponible,no disponible,,,2025-10-17T16:34:32.576Z,2025-10-19T18:14:34.028Z,2025-10-28T02:18:08.162Z,3305.75,,"$3,363.17",LOOGU diseño personalizado Camo redes para Camping canasta de camuflaje de caza,https://www.amazon.com.mx/dp/B00NPMNNS6,https://www.amazon.com/dp/B00NPMNNS6,SRKSB LLC,
,B06VS7LJPX,2,Deportes y Aire libre,disponible,no disponible,,,2025-10-17T16:34:32.576Z,2025-10-19T18:14:40.844Z,2025-10-28T02:18:15.406Z,393,,$397.72,"Loogu Malla de camuflaje, Cobertor de red de camuflaje para protección solar, acampar, disparar, caza, etc.",https://www.amazon.com.mx/dp/B06VS7LJPX,https://www.amazon.com/dp/B06VS7LJPX,Marca: LOOGU,
,B09MDTLZZQ,2,Deportes y Aire libre,disponible,no disponible,,,2025-10-17T16:34:44.591Z,2025-10-19T18:14:47.989Z,2025-10-28T02:18:22.381Z,1800,,"$1,850.07",Gorilla Force - Cartuchos de CO2 roscados | para infladores de neumáticos de bicicleta,https://www.amazon.com.mx/dp/B09MDTLZZQ,https://www.amazon.com/dp/B09MDTLZZQ,quanax,
,B0932ZTFMH,2,Deportes y Aire libre,disponible,disponible,,,2025-10-17T16:34:44.591Z,2025-10-19T18:14:57.908Z,2025-10-28T02:18:29.571Z,506.04,9.98,$506.04,"HECHZSO - Botellas de agua de 2 x 10 oz sin BPA para el cinturón de hidratación para correr, caminata, senderismo, ciclismo, esquí y maratón",https://www.amazon.com.mx/dp/B0932ZTFMH,https://www.amazon.com/dp/B0932ZTFMH,SRKSB LLC,HECHZSO BOTTLE
,B09STPBGJ6,2,Deportes y Aire libre,disponible,disponible,,,2025-10-17T16:34:44.592Z,2025-10-19T18:15:06.078Z,2025-10-28T02:18:38.261Z,381.71,4.59,$381.71,"Tapones de válvula Presta Black Presta de plástico para neumáticos sin cámara de bicicleta, cubiertas de vástago de polvo de aire, se utilizan en válvulas francesas Presta para bicicleta de montaña",https://www.amazon.com.mx/dp/B09STPBGJ6,https://www.amazon.com/dp/B09STPBGJ6,SRKSB LLC,EVOZOOD
,B01MAWMVNK,2,Deportes y Aire libre,disponible,no disponible,,,2025-10-17T16:34:44.592Z,2025-10-19T18:15:14.630Z,2025-10-28T02:18:47.336Z,668.26,,$672.78,"TOPCABIN 1 par de espejo de bicicleta, espejo retrovisor de bicicleta de visión grande, vista a la ciega, espejo de bicicleta multiángulo, ajustable, de aluminio, chapado en cromo exterior, estilo",https://www.amazon.com.mx/dp/B01MAWMVNK,https://www.amazon.com/dp/B01MAWMVNK,SRKSB LLC,
,B0DHV5NJ6P,2,Deportes y Aire libre,disponible,disponible,,,2025-10-17T16:34:44.592Z,2025-10-19T18:15:21.957Z,2025-10-28T02:18:54.698Z,639.82,14.09,$647.48,"Rpeconu - Juego de cucharas de neumáticos de 15 pulgadas, herramienta de cambio de neumáticos para motocicletas, bicicletas de suciedad, cortadoras de césped y más, juego de 29 herramientas de",https://www.amazon.com.mx/dp/B0DHV5NJ6P,https://www.amazon.com/dp/B0DHV5NJ6P,SRKSB LLC,jinghongli
,B07VHQHJPL,2,Deportes y Aire libre,disponible,no disponible,,,2025-10-17T16:34:44.592Z,2025-10-19T18:15:29.072Z,2025-10-28T02:19:02.297Z,421,,$614.92,"FanVince - Guantes térmicos de invierno para visualización táctil, resistentes al agua, cálidos, resistentes al viento, para correr, ciclismo, conducción, teléfono, mensajes de texto al aire última intervensión, senderismo, el mejor regalo para hombres y mujeres",https://www.amazon.com.mx/dp/B07VHQHJPL,https://www.amazon.com/dp/B07VHQHJPL,Marca: FanVince,
,B0D7Q2DR7V,2,Deportes y Aire libre,disponible,disponible,,,2025-10-17T16:34:57.846Z,2025-10-19T18:15:36.425Z,2025-10-28T02:19:11.481Z,372.62,3.99,$368.36,"BW MTB - Puños para manubrio de bicicleta (130 mm, cómodos y apretados)",https://www.amazon.com.mx/dp/B0D7Q2DR7V,https://www.amazon.com/dp/B0D7Q2DR7V,SRKSB LLC,SUNGYSHUN
,B0D9VZC3PT,2,Deportes y Aire libre,no disponible,no disponible,,,2025-10-17T16:34:57.846Z,2025-10-19T18:15:44.443Z,2025-10-28T02:19:19.703Z,,,"$1,828.59","PIREKZUNT - Cesta de bicicleta trasera con forro, cubierta impermeable, red de carga grande trasera extraíble de metal, cesta trasera de bicicleta resistente para la mayoría de bicicletas y bicicletas",https://www.amazon.com.mx/dp/B0D9VZC3PT,https://www.amazon.com/dp/B0D9VZC3PT,Marca: PIREKZUNT,
,B08CDX7F9M,2,Deportes y Aire libre,disponible,disponible,,,2025-10-17T16:34:57.846Z,2025-10-19T18:15:52.829Z,2025-10-28T02:19:27.681Z,591.42,11.99,$590.04,"QKURT - Llave de pedalier compatible con Shimano Hollowtech II, herramienta de extracción de vasos BB, herramienta de soporte BTM",https://www.amazon.com.mx/dp/B08CDX7F9M,https://www.amazon.com/dp/B08CDX7F9M,Novayu,Qkurt US
,B09W29ZD61,2,Deportes y Aire libre,disponible,no disponible,,,2025-10-17T16:34:57.846Z,2025-10-19T18:16:01.501Z,2025-10-28T02:19:35.093Z,1182.79,,"$1,255.23","Livoccur - Cesta de bicicleta tejida para manubrio con correas de piel ajustables y hebillas para niños, adecuada para bicicletas pequeñas y plegables",https://www.amazon.com.mx/dp/B09W29ZD61,https://www.amazon.com/dp/B09W29ZD61,SRKSB LLC,
,B0DDNYN7MV,2,Deportes y Aire libre,disponible,no disponible,,,2025-10-17T16:34:57.846Z,2025-10-19T18:16:08.760Z,2025-10-28T02:19:43.638Z,528.04,,$531.43,"SAITAG - Gorro de invierno con diseño de calavera y forro polar para ciclismo, gorro térmico para correr para hombres y mujeres",https://www.amazon.com.mx/dp/B0DDNYN7MV,https://www.amazon.com/dp/B0DDNYN7MV,BLGN SHOP,
,B07VC88R9L,2,Deportes y Aire libre,disponible,disponible,,,2025-10-17T16:34:57.846Z,2025-10-19T18:16:17.030Z,2025-10-28T02:19:51.679Z,566.59,10.99,$566.59,"Alicates para bicicleta + manómetro de cadena + 6 pares de eslabones perdidos de bicicleta, alicates de cadena de enlace rápido para reparación de cadenas de 6/7/8/9/10 velocidades | Kit de herramientas profesional de cadena de bicicleta",https://www.amazon.com.mx/dp/B07VC88R9L,https://www.amazon.com/dp/B07VC88R9L,SRKSB LLC,Qkurt US
,B0CRLGKNTL,2,Deportes y Aire libre,disponible,disponible,,,2025-10-17T16:34:57.846Z,2025-10-19T18:16:25.175Z,2025-10-28T02:19:59.188Z,416.59,4.99,$419.41,"Prutomr - Palancas de neumáticos de bicicleta ultra fuertes, juego de 2 juegos de reparación de neumáticos de bicicleta compacto, juego de cucharas de plástico resistente, herramientas fiables para",https://www.amazon.com.mx/dp/B0CRLGKNTL,https://www.amazon.com/dp/B0CRLGKNTL,SRKSB LLC,PrutomrSelect
,B0DDCW539Q,2,Deportes y Aire libre,disponible,disponible,,,2025-10-17T16:34:57.847Z,2025-10-19T18:16:33.331Z,2025-10-28T02:20:06.107Z,410.63,3.89,$365.75,"MEAJOO - Adaptador de válvula Presta de latón, convierte Presta a Schrader, infla el neumático con bomba estándar o compresor de aire para bicicletas, motocicletas y automóviles (estilo de grano",https://www.amazon.com.mx/dp/B0DDCW539Q,https://www.amazon.com/dp/B0DDCW539Q,SRKSB LLC,MEAJOO
,B09H6N8LTW,2,Deportes y Aire libre,disponible,disponible,,,2025-10-17T16:34:57.847Z,2025-10-19T18:16:40.776Z,2025-10-28T02:20:14.002Z,1139.64,33.99,"$1,139.64","TONBUX - Asiento de bicicleta ancho para mujeres y hombres, cómodo reemplazo de cojín de asiento de pelotón, asiento de bicicleta de gran tamaño compatible con bicicletas Peloton/estacionarias/Ebike",https://www.amazon.com.mx/dp/B09H6N8LTW,https://www.amazon.com/dp/B09H6N8LTW,Boon Shopping,OunuoDirect
,B089265M9D,2,Deportes y Aire libre,disponible,disponible,,,2025-10-17T16:35:11.723Z,2025-10-19T18:16:49.615Z,2025-10-28T02:20:22.162Z,605.91,9.99,$610.00,"Funda para brazo de refrigeración con protección UV, con agujero para el pulgar para hombres y mujeres al aire última intervensión, 5 pairs, Talla única",https://www.amazon.com.mx/dp/B089265M9D,https://www.amazon.com/dp/B089265M9D,SRKSB LLC,QBILong
,B09MY955KQ,2,Deportes y Aire libre,disponible,disponible,,,2025-10-17T16:35:11.723Z,2025-10-19T18:17:04.452Z,2025-10-28T02:20:36.846Z,1110.12,23.59,"$1,117.61","Sensor de freno Ebike MS-BK-2R para bicicletas eléctricas, sistema de freno de potencia de corte hidráulico de 2 pines/3 pines/SM/conector impermeable conector conector Ebike accesorios (enchufe impermeable 1 par)",https://www.amazon.com.mx/dp/B09MY955KQ,https://www.amazon.com/dp/B09MY955KQ,SRKSB LLC,YUNNY Ebike Kit Store
,B07VCC3BR5,2,Deportes y Aire libre,disponible,disponible,,,2025-10-17T16:35:11.723Z,2025-10-19T18:17:11.774Z,2025-10-28T02:20:44.071Z,576.4,8.99,$580.29,"Platt Abrazadera para tija de sillín de Bicicleta, Collar de tija de sillín de liberación de aleación de Aluminio, 28,6mm/31,8mm/34,9mm",https://www.amazon.com.mx/dp/B07VCC3BR5,https://www.amazon.com/dp/B07VCC3BR5,SRKSB LLC,PLATT USA
,B09KMQ7LTJ,2,Deportes y Aire libre,disponible,disponible,,,2025-10-17T16:35:11.723Z,2025-10-19T18:17:19.601Z,2025-10-28T02:20:52.446Z,830.63,20.69,$830.63,"Palanca de freno para bicicleta eléctrica WUXING 115PDD, empuñaduras de freno para bicicleta eléctrica o scooter E, accesorios para bicicleta eléctrica que cortan la energía cuando frena piezas de bicicleta eléctrica (enchufe SM)",https://www.amazon.com.mx/dp/B09KMQ7LTJ,https://www.amazon.com/dp/B09KMQ7LTJ,SRKSB LLC,YUNNY Ebike Kit Store
,B0859WH1VM,2,Deportes y Aire libre,disponible,no disponible,,,2025-10-17T16:35:11.723Z,2025-10-19T18:17:27.107Z,2025-10-28T02:21:00.341Z,588.29,,$592.26,"PLATT Abrazadera para tija de sillín de bicicleta, aleación de aluminio, collar de tija de sillín de bicicleta, 28,6 mm, 31,8 mm, 34,9 mm",https://www.amazon.com.mx/dp/B0859WH1VM,https://www.amazon.com/dp/B0859WH1VM,SRKSB LLC,
,B00FIKIK7C,2,Deportes y Aire libre,disponible,disponible,,,2025-10-17T16:35:11.723Z,2025-10-19T18:17:34.608Z,2025-10-28T02:21:08.212Z,544.37,16.93,$529.88,"TOPCABIN - Soporte de bicicleta ajustable de aleación de aluminio para bicicleta, soporte lateral para bicicleta de montaña de 22 pulgadas, 24 pulgadas, 26 pulgadas, 28 pulgadas, bicicleta de",https://www.amazon.com.mx/dp/B00FIKIK7C,https://www.amazon.com/dp/B00FIKIK7C,SRKSB LLC,
,B0CBPHYYZD,2,Deportes y Aire libre,disponible,disponible,,,2025-10-17T16:35:11.723Z,2025-10-19T18:17:43.439Z,2025-10-28T02:21:15.422Z,425.77,5.2,$424.85,"YINGSL Limeiy Limpiador para Quitar Suciedad de Carbón Del Carburador, 13 Cables de Limpieza + 10 Agujas de Limpieza + 5 Cepillos de Nailon + 1 Kit de Herramientas Afiladas para Motocicleta, Atv, Cicl",https://www.amazon.com.mx/dp/B0CBPHYYZD,https://www.amazon.com/dp/B0CBPHYYZD,SRKSB LLC,Limeiy
,B0C65JZYHD,2,Deportes y Aire libre,disponible,disponible,,,2025-10-17T16:35:11.723Z,2025-10-19T18:17:50.738Z,2025-10-28T02:21:22.734Z,815.39,16.99,$840.03,"HENMI - Soporte de bicicleta para bicicletas de adultos, soporte ajustable para la mayoría de 26 a 29 pulgadas, 4 agujeros, suela antideslizante, material de aleación de aluminio, soporte para bicicleta de montaña/bicicleta de trekking",https://www.amazon.com.mx/dp/B0C65JZYHD,https://www.amazon.com/dp/B0C65JZYHD,SRKSB LLC,Huanmi Tech
,B07W3RSMYQ,2,Deportes y Aire libre,disponible,no disponible,,,2025-10-17T16:35:22.286Z,2025-10-19T18:17:58.697Z,2025-10-28T02:21:30.837Z,720.13,,$723.61,"HotStyle 521s - Riñonera pequeña para mujer, 8 x 2.5 x 4.3 pulgadas, S021V, Floral, Negro, Unitalla",https://www.amazon.com.mx/dp/B07W3RSMYQ,https://www.amazon.com/dp/B07W3RSMYQ,SHOPHOLİC,
,B0BVVXJLG3,2,Deportes y Aire libre,disponible,disponible,,,2025-10-17T16:35:22.286Z,2025-10-19T18:18:06.949Z,2025-10-28T02:21:38.544Z,288,24.99,$890.36,"Coolmax - Calcetines de compresión para correr, 3 pares, calcetines acolchados para correr, antiampollas que absorben la humedad",https://www.amazon.com.mx/dp/B0BVVXJLG3,https://www.amazon.com/dp/B0BVVXJLG3,Aofuina-Sp,zhengmarco
,B0CLG94T8W,2,Deportes y Aire libre,disponible,disponible,,,2025-10-17T16:35:22.286Z,2025-10-19T18:18:14.343Z,2025-10-28T02:21:46.129Z,1457.17,42.99,"$1,467.00","Vertvie - Brasier sin Costuras para Mujer, Brasier Deportivo para Uso Diario",https://www.amazon.com.mx/dp/B0CLG94T8W,https://www.amazon.com/dp/B0CLG94T8W,SRKSB LLC,Vertvie
,B0BVW2MDCX,2,Deportes y Aire libre,disponible,disponible,,,2025-10-17T16:35:22.286Z,2025-10-19T18:18:22.039Z,2025-10-28T02:21:55.187Z,880.93,24.99,$886.88,"Coolmax - Calcetines de compresión para correr, 3 pares, calcetines acolchados para correr, antiampollas que absorben la humedad, NEGRO, 3-6",https://www.amazon.com.mx/dp/B0BVW2MDCX,https://www.amazon.com/dp/B0BVW2MDCX,SRKSB LLC,zhengmarco
,B0CW33JXGT,2,Deportes y Aire libre,disponible,disponible,,,2025-10-17T16:35:22.286Z,2025-10-19T18:18:30.808Z,2025-10-28T02:22:03.091Z,767.47,19.99,$772.66,"Aoryalps - Gorro deportivo clásico clásico con pompón para adultos, hombres y mujeres",https://www.amazon.com.mx/dp/B0CW33JXGT,https://www.amazon.com/dp/B0CW33JXGT,SRKSB LLC,Aoryalps
,B09VBKMPL7,2,Deportes y Aire libre,disponible,no disponible,,,2025-10-17T16:35:22.286Z,2025-10-19T18:18:39.867Z,2025-10-28T02:22:10.984Z,641.09,,$699.58,"Lapulas - Calcetines deportivos deportivos para correr, corte bajo, acolchados, antiampollas, pestañas, 6 pares",https://www.amazon.com.mx/dp/B09VBKMPL7,https://www.amazon.com/dp/B09VBKMPL7,AMO LA PELLE,
,B07NGSZHH3,2,Deportes y Aire libre,disponible,disponible,,,2025-10-17T16:35:22.286Z,2025-10-19T18:18:48.255Z,2025-10-28T02:22:18.622Z,1169.82,36,"$1,160.65","Swiftwick - Rendimiento cero (3 pares) calcetines para correr y golf, acolchados que no se muestran",https://www.amazon.com.mx/dp/B07NGSZHH3,https://www.amazon.com/dp/B07NGSZHH3,SRKSB LLC,Swiftwick
,B0CPYC1Z4K,2,Deportes y Aire libre,disponible,disponible,,,2025-10-17T16:35:22.286Z,2025-10-19T18:18:55.790Z,2025-10-28T02:22:26.626Z,585.16,12.99,$588.83,"Gitus - Riñonera bandolera con parche de letra inicial, lindas cosas, regalos de cumpleaños para adolescentes y niñas, cosas geniales para adolescentes, Lavanda, Una talla, A",https://www.amazon.com.mx/dp/B0CPYC1Z4K,https://www.amazon.com/dp/B0CPYC1Z4K,SRKSB LLC,BigaoDirect
,B0DHSMSYBX,2,Deportes y Aire libre,disponible,disponible,,,2025-10-17T16:35:22.286Z,2025-10-19T18:19:03.281Z,2025-10-28T02:22:35.573Z,488.5,9.99,$512.02,"Rehelu - Calcetines tobilleros de algodón para mujer, con acolchado para correr, gimnasio, entrenamiento, 6 pares",https://www.amazon.com.mx/dp/B0DHSMSYBX,https://www.amazon.com/dp/B0DHSMSYBX,SRKSB LLC,Rehelu
,B08H7YLKXS,2,Deportes y Aire libre,disponible,disponible,,,2025-10-17T16:35:22.287Z,2025-10-19T18:19:11.527Z,2025-10-28T02:22:43.812Z,915.48,24.64,$919.10,"ANGOOL Strappy Sports Bras for Women, Longline Medium Support Yoga Bra Wirefree Padded Sports Bra with Adjustable Straps",https://www.amazon.com.mx/dp/B08H7YLKXS,https://www.amazon.com/dp/B08H7YLKXS,SRKSB LLC,ANGOOL-Direct
,B0CR9XH4FM,2,Deportes y Aire libre,disponible,disponible,,,2025-10-17T16:35:32.637Z,2025-10-19T18:19:19.401Z,2025-10-28T02:22:51.648Z,545.27,16.99,$676.00,"DASMINI Fischer-Beanie-Mützen für Herren und Damen, gestrickte Trawler-Totenkopfmütze, Uhrenkappe, Frühlingsherbst, Kurze Hüte",https://www.amazon.com.mx/dp/B0CR9XH4FM,https://www.amazon.com/dp/B0CR9XH4FM,Amazon Estados Unidos,Kingtop Headwear
,B0BRZ1C4P1,2,Deportes y Aire libre,disponible,no disponible,,,2025-10-17T16:35:32.637Z,2025-10-19T18:19:26.256Z,2025-10-28T02:22:59.520Z,703.2,,$703.20,"Lapulas - Calcetines deportivos deportivos para correr, corte bajo, acolchados, antiampollas, pestañas, 6 pares, Gris, M",https://www.amazon.com.mx/dp/B0BRZ1C4P1,https://www.amazon.com/dp/B0BRZ1C4P1,SRKSB LLC,
,B08RNGL2VP,2,Deportes y Aire libre,disponible,disponible,,,2025-10-17T16:35:32.637Z,2025-10-19T18:19:33.699Z,2025-10-28T02:23:08.492Z,782.1,19.99,$784.16,"SOX TOWN - Calcetines deportivos unisex para hombre y mujer, con algodón peinado que absorbe la humedad, rendimiento transpirable",https://www.amazon.com.mx/dp/B08RNGL2VP,https://www.amazon.com/dp/B08RNGL2VP,SRKSB LLC,SOXTOWN
,B0C6MXPD1D,2,Deportes y Aire libre,disponible,disponible,,,2025-10-17T16:35:32.638Z,2025-10-19T18:19:47.955Z,2025-10-28T02:23:22.824Z,643.27,28.99,$848.33,"L LK SPORTS - Sudadera con capucha para hombre, protección solar UPF 50+, manga larga, con protección solar SPF para pesca al aire última intervensión, chamarra UV, senderismo, correr, ligera",https://www.amazon.com.mx/dp/B0C6MXPD1D,https://www.amazon.com/dp/B0C6MXPD1D,Amazon Estados Unidos,LKsports
,B0DPJNGP26,2,Deportes y Aire libre,disponible,disponible,,,2025-10-17T16:35:32.638Z,2025-10-19T18:19:55.656Z,2025-10-28T02:23:31.248Z,576.53,9.98,$582.05,"Shnn 15 pares de calcetines de tobillo para mujer, ligeros, transpirables, casuales, de corte bajo, para mujer, con lengüeta en el talón",https://www.amazon.com.mx/dp/B0DPJNGP26,https://www.amazon.com/dp/B0DPJNGP26,SRKSB LLC,JUJUMAK
,B0BRXP2T7H,2,Deportes y Aire libre,disponible,disponible,,PRICE_AND_SELLER_NOT_FOUND,2025-10-17T16:35:32.638Z,2025-10-19T18:20:02.903Z,2025-10-28T02:23:38.851Z,436.85,,$439.22,"LOTUS - Cojín deportivo de algodón para hombre y mujer, con control de humedad, malla de ventilación, ajuste cómodo, para uso diario (3 pares), Mezcla, 6-9",https://www.amazon.com.mx/dp/B0BRXP2T7H,https://www.amazon.com/dp/B0BRXP2T7H,SRKSB LLC,
,B0B4WGHQCR,2,Deportes y Aire libre,disponible,disponible,,,2025-10-17T16:35:32.638Z,2025-10-19T18:20:10.782Z,2025-10-28T02:23:46.054Z,814.59,19.99,$813.21,"KIKIWING - brasier deportivo sin costuras para mujer, sin costuras, para entrenamiento, sin mangas, con forro largo, para mujer, brasier deportivo acanalado",https://www.amazon.com.mx/dp/B0B4WGHQCR,https://www.amazon.com/dp/B0B4WGHQCR,Novayu,KIKIWING
,B09WMZ7FR3,2,Deportes y Aire libre,disponible,disponible,,,2025-10-17T16:35:32.638Z,2025-10-19T18:20:18.093Z,2025-10-28T02:23:53.080Z,910.5,24.99,$902.46,"NORTHYARD - Pantalones Cortos Deportivos para Correr para Hombre, Secado rápido, 7 Pulgadas, 5 Pulgadas, 9 Pulgadas, Ligeros, Deportivos, Gimnasio, Baloncesto, Senderismo, Grisoscuro, Large",https://www.amazon.com.mx/dp/B09WMZ7FR3,https://www.amazon.com/dp/B09WMZ7FR3,SRKSB LLC,NORTHYARD
,B09WMX6XDW,2,Deportes y Aire libre,disponible,disponible,,,2025-10-17T16:35:32.638Z,2025-10-19T18:20:25.852Z,2025-10-28T02:24:01.363Z,839.43,24.99,$825.96,"NORTHYARD Pantalones Cortos Deportivos de Senderismo para Hombre, de Secado rápido, Pantalones Cortos de Entrenamiento Ligeros de 7 Pulgadas, para Gimnasio, Correr, Baloncesto, Azul (Seablue), Large",https://www.amazon.com.mx/dp/B09WMX6XDW,https://www.amazon.com/dp/B09WMX6XDW,SRKSB LLC,NORTHYARD
,B08YYSMH9N,2,Deportes y Aire libre,disponible,disponible,,,2025-10-17T16:35:32.638Z,2025-10-19T18:20:33.589Z,2025-10-28T02:24:09.524Z,940.69,24.64,$950.33,"ANGOOL Racerback - Sujetadores deportivos para mujer - Sujetador de yoga inalámbrico de apoyo medio para correr, gimnasio y fitness",https://www.amazon.com.mx/dp/B08YYSMH9N,https://www.amazon.com/dp/B08YYSMH9N,SRKSB LLC,ANGOOL-Direct
,B0D92474YX,2,Deportes y Aire libre,disponible,disponible,,,2025-10-17T16:35:42.567Z,2025-10-19T18:20:41.315Z,2025-10-28T02:24:16.771Z,589.09,9.45,$593.07,"GXCROR - Gorro de algodón suave y agradable a la piel, unisex, gorro, gorro, gorro, gorro, gorro, gorro, gorro, gorro, para mujer",https://www.amazon.com.mx/dp/B0D92474YX,https://www.amazon.com/dp/B0D92474YX,SRKSB LLC,HENGKING
,B0DHWV2FBH,2,Deportes y Aire libre,disponible,no disponible,,,2025-10-17T16:35:42.567Z,2025-10-19T18:20:48.794Z,2025-10-28T02:24:25.996Z,614.72,,$613.75,"SHBYYGR Gorro de punto con bordado de esqueleto de hongos para hombres y mujeres, gorra de punto casual de calavera",https://www.amazon.com.mx/dp/B0DHWV2FBH,https://www.amazon.com/dp/B0DHWV2FBH,SRKSB LLC,
,B0D8PQHPZJ,2,Deportes y Aire libre,disponible,no disponible,,,2025-10-17T16:35:42.567Z,2025-10-19T18:20:56.438Z,2025-10-28T02:24:33.312Z,678.91,,$678.91,"SEAJOJO - Pantalones de yoga de cintura alta para mujer, con control de abdomen, leggings casuales con corte de bota con bolsillos laterales",https://www.amazon.com.mx/dp/B0D8PQHPZJ,https://www.amazon.com/dp/B0D8PQHPZJ,SRKSB LLC,
,B00TFRUUCW,2,Deportes y Aire libre,disponible,disponible,,,2025-10-17T16:35:42.567Z,2025-10-19T18:21:05.001Z,2025-10-28T02:24:40.337Z,888.28,24.99,$895.10,Mens Sleep Cap - 100% Cotton Night Cap for Men,https://www.amazon.com.mx/dp/B00TFRUUCW,https://www.amazon.com/dp/B00TFRUUCW,SRKSB LLC,Headcovers Unlimited
,B07XBBKC6G,2,Deportes y Aire libre,disponible,disponible,,,2025-10-17T16:35:42.568Z,2025-10-19T18:21:12.781Z,2025-10-28T02:24:49.184Z,699.27,10.99,$703.99,"Calcetines deportivos para mujer con algodón, Calcetas deportivas acolchadas al tobillo, calcetines de corte bajo para soporte de arco (6 pares), Multicolor 01, M",https://www.amazon.com.mx/dp/B07XBBKC6G,https://www.amazon.com/dp/B07XBBKC6G,SRKSB LLC,Line b
,B017NR6FCO,2,Deportes y Aire libre,disponible,disponible,,,2025-10-17T16:35:54.338Z,2025-10-19T18:21:20.823Z,2025-10-28T02:24:56.945Z,694.52,12.99,$694.52,"Brocas para hacer ejercicio en nicho deportivo para correr ultradelgado de carrera riñoneras este funda de cinturón riñonera, impermeable, 360 grados 3 m reflectante pretina ajustable, ajuste teléfono inteligente Android iPhone 6/6s plus Samsung, Nexus, LG, para Sport Men, mujeres durante los entrenamientos, ciclismo, senderismo, caminar, para correr",https://www.amazon.com.mx/dp/B017NR6FCO,https://www.amazon.com/dp/B017NR6FCO,SRKSB LLC,Fitter's Niche Direct
,B074NZR1RC,2,Deportes y Aire libre,disponible,disponible,,,2025-10-17T16:35:54.338Z,2025-10-19T18:21:29.276Z,2025-10-28T02:25:05.455Z,563.59,12.99,$577.46,"Filoto - Cinturón para correr, para correr para mujeres y hombres, patentado por Estados Unidos, bolsa reflectante manos libres, bolsa de entrenamiento de fitness, bolsa de entrenamiento ajustable sin",https://www.amazon.com.mx/dp/B074NZR1RC,https://www.amazon.com/dp/B074NZR1RC,M&H Customer Friendly Store,FILOTO
,B0D89T6CVH,2,Deportes y Aire libre,disponible,disponible,,,2025-10-17T16:36:07.649Z,2025-10-19T18:21:37.960Z,2025-10-28T02:25:13.339Z,793.99,19.99,$799.36,"Sulayesh - Sudaderas cristianas para mujer, diseño de Jesús, Dios, fe, inspiradoras, religiosas, con capucha y diseño gráfico",https://www.amazon.com.mx/dp/B0D89T6CVH,https://www.amazon.com/dp/B0D89T6CVH,SRKSB LLC,ShingJC
,B08R574TM7,2,Deportes y Aire libre,disponible,no disponible,,,2025-10-17T16:36:07.649Z,2025-10-19T18:21:45.927Z,2025-10-28T02:25:21.381Z,1435.37,,"$1,406.80","Iowa State University Sudadera oficial Cyclones unisex para adulto, Negro, Large",https://www.amazon.com.mx/dp/B08R574TM7,https://www.amazon.com/dp/B08R574TM7,SEONGSAN,
,B0CB6GLDLR,2,Deportes y Aire libre,disponible,disponible,,,2025-10-17T16:36:07.649Z,2025-10-19T18:21:53.269Z,2025-10-28T02:25:28.348Z,573.61,14.99,$573.61,"Saloogoe - Sudadera Rosa para Mujer, Ropa de Otoño 2023",https://www.amazon.com.mx/dp/B0CB6GLDLR,https://www.amazon.com/dp/B0CB6GLDLR,SRKSB LLC,Saloogoe
,B08D6JFM16,2,Deportes y Aire libre,disponible,disponible,,,2025-10-17T16:36:07.649Z,2025-10-19T18:22:00.117Z,2025-10-28T02:25:35.709Z,750.88,18.99,$755.95,"JNKLWPJS Sudadera de Halloween con Hombros Descubiertos para Mujer, Manga Larga, Calabaza, para Halloween",https://www.amazon.com.mx/dp/B08D6JFM16,https://www.amazon.com/dp/B08D6JFM16,SRKSB LLC,JNKLWPJS
,B08KWGB2NJ,2,Deportes y Aire libre,disponible,disponible,,,2025-10-17T16:36:07.649Z,2025-10-19T18:22:07.387Z,2025-10-28T02:25:43.173Z,856.39,16.99,$855.01,"TAOHONG - Sudadera de manga larga para mujer, diseño de copo de nieve, diseño de búfalo de Navidad para mujer, diseño de búfalo de Navidad",https://www.amazon.com.mx/dp/B08KWGB2NJ,https://www.amazon.com/dp/B08KWGB2NJ,Boon Shopping,TAOHONGStore
,B0D6YZHR65,2,Deportes y Aire libre,disponible,disponible,,,2025-10-17T16:36:07.650Z,2025-10-19T18:22:15.816Z,2025-10-28T02:25:51.361Z,745.3,16.99,$745.30,"Saloogoe - Sudaderas tipo túnica para mujer, cuello redondo, ligeros, camisetas de manga larga, camisetas de manga larga, camisetas de otoño a la moda 2024",https://www.amazon.com.mx/dp/B0D6YZHR65,https://www.amazon.com/dp/B0D6YZHR65,SRKSB LLC,Saloogoe
,B08LNG5JFR,2,Deportes y Aire libre,disponible,disponible,,,2025-10-17T16:36:07.650Z,2025-10-19T18:22:30.746Z,2025-10-28T02:26:05.281Z,872.49,22.99,$878.39,"Merry and Bright - Camiseta de manga larga para mujer, diseño de leopardo, diseño de árboles de Navidad, diseño de flores, gris, L",https://www.amazon.com.mx/dp/B08LNG5JFR,https://www.amazon.com/dp/B08LNG5JFR,SRKSB LLC,TAOHONGStore
,B0DB69FRXJ,2,Deportes y Aire libre,no disponible,disponible,,,2025-10-17T16:36:18.941Z,2025-10-19T18:22:38.573Z,2025-10-28T02:26:12.490Z,,14.95,$637.49,Dink Buddy Kelso Bola de espuma sintética,https://www.amazon.com.mx/dp/B0DB69FRXJ,https://www.amazon.com/dp/B0DB69FRXJ,Marca: Dink Buddy,"Dink Buddy, LLC"
,B0B9VZY5P4,2,Deportes y Aire libre,disponible,no disponible,,,2025-10-17T16:36:18.942Z,2025-10-19T18:22:46.562Z,2025-10-28T02:26:19.931Z,1945.94,,"$2,223.21","Yeeeasy - Cama elástica para bebé, mini cama elástica para niños de 1 año más cama elástica con asa, regalos de bebé para niños y niñas, interior y exterior, jirafa",https://www.amazon.com.mx/dp/B0B9VZY5P4,https://www.amazon.com/dp/B0B9VZY5P4,KAYA  LLC,
,B0B1DBPPMN,2,Deportes y Aire libre,disponible,disponible,,,2025-10-17T16:36:18.942Z,2025-10-19T18:22:55.118Z,2025-10-28T02:26:27.066Z,1381.01,39.99,"$1,411.49","LSTECICE - Juego de 4 paletas de pickleball estándar USAPA, juego de pickleball de fibra de vidrio, paquete de 4 raquetas ligeras con 4 bolas para exteriores e interiores, 1 bolsa de transporte portátil, regalos para hombres y mujeres",https://www.amazon.com.mx/dp/B0B1DBPPMN,https://www.amazon.com/dp/B0B1DBPPMN,SRKSB LLC,LSTECICE US
,B0B56H6PBZ,2,Deportes y Aire libre,disponible,disponible,,,2025-10-17T16:36:45.708Z,2025-10-19T18:23:02.048Z,2025-10-28T02:26:35.378Z,1879.61,51,"$1,901.91","Carro de carro de motor fuera de borda, plegable, soporte de motor fuera de borda, para motores de eje largo y corto (70 kg/154 libras)",https://www.amazon.com.mx/dp/B0B56H6PBZ,https://www.amazon.com/dp/B0B56H6PBZ,HNEN,sertheha
,B08K4MDKQT,2,Deportes y Aire libre,disponible,disponible,,,2025-10-17T16:36:45.708Z,2025-10-19T18:23:10.363Z,2025-10-28T02:26:42.841Z,1175.72,33.99,"$1,175.72","SOCIALA - Traje de baño acanalado de una pieza para mujer, con corte alto, con control de barriga, traje de baño 2025 con pliegues monokinis, Negro -, M",https://www.amazon.com.mx/dp/B08K4MDKQT,https://www.amazon.com/dp/B08K4MDKQT,SRKSB LLC,Sociala
,B0CSTBP63L,2,Deportes y Aire libre,disponible,no disponible,,,2025-10-17T16:36:45.708Z,2025-10-19T18:23:18.170Z,2025-10-28T02:26:50.679Z,923.53,,$923.53,"Fingig - 4 bocinas de aire para barco, de 1.4 onzas, mini bocina de aire de seguridad, bocina de inicio de eventos deportivos, mini bocina de aire comprimida pequeña, para celebrar la victoria",https://www.amazon.com.mx/dp/B0CSTBP63L,https://www.amazon.com/dp/B0CSTBP63L,SRKSB LLC,
,B08K4LSG94,2,Deportes y Aire libre,disponible,disponible,,,2025-10-17T16:36:45.708Z,2025-10-19T18:23:27.267Z,2025-10-28T02:26:58.872Z,1125.98,33.99,"$1,131.96","SOCIALA Traje de baño acanalado de una pieza para mujer, traje de baño de corte alto con lazo lateral, # 1 negro/acanalado, S",https://www.amazon.com.mx/dp/B08K4LSG94,https://www.amazon.com/dp/B08K4LSG94,SRKSB LLC,Sociala
,B0BZHWZ77D,2,Deportes y Aire libre,disponible,disponible,,,2025-10-17T16:36:45.708Z,2025-10-19T18:23:34.854Z,2025-10-28T02:27:06.989Z,985.69,26.99,$985.69,"YnimioAOX - Bañador para hombre, secado rápido, pantalones cortos de natación con rayas coloridas",https://www.amazon.com.mx/dp/B0BZHWZ77D,https://www.amazon.com/dp/B0BZHWZ77D,SRKSB LLC,YnimioAOX
,B0B51DGHC2,2,Deportes y Aire libre,disponible,no disponible,,,2025-10-17T16:36:45.708Z,2025-10-19T18:23:42.725Z,2025-10-28T02:27:15.200Z,777,,$782.53,"Prsca Aletas de natación para niños, aletas cortas para jóvenes, aletas de natación para natación, para niños, niñas y principiantes",https://www.amazon.com.mx/dp/B0B51DGHC2,https://www.amazon.com/dp/B0B51DGHC2,Marca: Prsca,
,B0B51DSSFP,2,Deportes y Aire libre,disponible,no disponible,,,2025-10-17T16:36:45.709Z,2025-10-19T18:23:50.259Z,2025-10-28T02:27:23.591Z,1005,,"$1,005.85","Prsca Aletas de natación para niños, aletas cortas para jóvenes, aletas de natación para natación, para niños, niñas y principiantes",https://www.amazon.com.mx/dp/B0B51DSSFP,https://www.amazon.com/dp/B0B51DSSFP,Marca: Prsca,
,B09JBL8F4Z,2,Deportes y Aire libre,disponible,disponible,,,2025-10-17T16:36:45.709Z,2025-10-19T18:23:58.931Z,2025-10-28T02:27:31.727Z,872.66,23.99,$882.80,"ALove Pantalones cortos de natación para mujer, cintura alta con cordón, pantalones cortos de pierna para niño con calzoncillos integrados, pantalones de baño de playa sólidos",https://www.amazon.com.mx/dp/B09JBL8F4Z,https://www.amazon.com/dp/B09JBL8F4Z,SRKSB LLC,alove & anfilia
,B07SRZCYTN,2,Deportes y Aire libre,disponible,no disponible,,,2025-10-17T16:36:45.709Z,2025-10-19T18:24:07.238Z,2025-10-28T02:27:39.154Z,484.24,,$470.34,"JIANFA Interruptor basculante de apagado/encendido universal, DC12 V, negro",https://www.amazon.com.mx/dp/B07SRZCYTN,https://www.amazon.com/dp/B07SRZCYTN,Boon Shopping,
,B08VRQ4RB9,2,Deportes y Aire libre,disponible,disponible,,,2025-10-17T16:36:45.709Z,2025-10-19T18:24:15.602Z,2025-10-28T02:27:46.444Z,1143.69,33.99,"$1,156.53",Sociala - Bañador para mujer con parte inferior de bikini,https://www.amazon.com.mx/dp/B08VRQ4RB9,https://www.amazon.com/dp/B08VRQ4RB9,SRKSB LLC,Sociala
,B0D8W7G8XZ,2,Deportes y Aire libre,disponible,disponible,,,2025-10-17T16:36:45.709Z,2025-10-19T18:24:22.309Z,2025-10-28T02:27:55.581Z,2070.7,69.34,"$2,120.93","Nealia - Luces de remolque inalámbricas giratorias de 110°, luz LED magnética para remolque, camión de remolque, RV, kit de luces de remolque traseras recargables para caravana, barco, caravana, señal",https://www.amazon.com.mx/dp/B0D8W7G8XZ,https://www.amazon.com/dp/B0D8W7G8XZ,HNEN,NeaLia
,B08J3YFRYZ,2,Deportes y Aire libre,disponible,no disponible,,,2025-10-17T16:36:45.709Z,2025-10-19T18:24:31.382Z,2025-10-28T02:28:03.220Z,769.08,,$769.08,"ROAR MMA - Camiseta de manga larga para mujer, BJJ Cross Training No Gi UFC Fight Gear",https://www.amazon.com.mx/dp/B08J3YFRYZ,https://www.amazon.com/dp/B08J3YFRYZ,SRKSB LLC,
,B08YDCV4DV,2,Deportes y Aire libre,disponible,disponible,,,2025-10-17T16:36:45.709Z,2025-10-19T18:24:39.308Z,2025-10-28T02:28:11.087Z,2973.98,101.99,"$3,017.60","Luz de búsqueda LED de 7 pulgadas, 50 W, control remoto, rotación de 360 grados, con base magnética, luz de trabajo plegable, luces antiniebla para caza, camping, todoterreno, camión, barco",https://www.amazon.com.mx/dp/B08YDCV4DV,https://www.amazon.com/dp/B08YDCV4DV,WAITOMO LLC,Gosial
,B08CSKLQB4,2,Deportes y Aire libre,disponible,no disponible,,,2025-10-17T16:36:45.709Z,2025-10-19T18:24:47.712Z,2025-10-28T02:28:18.908Z,597.39,,$667.57,VEOBIKE Youth UPF50+ Sun Shirts Rashguard Quick Dry Long Sleeve Hoodies T-Shirts for Workout Thumbholes,https://www.amazon.com.mx/dp/B08CSKLQB4,https://www.amazon.com/dp/B08CSKLQB4,SRKSB LLC,
,B0B719W86P,2,Deportes y Aire libre,disponible,no disponible,,,2025-10-17T16:37:00.100Z,2025-10-19T18:24:56.126Z,2025-10-28T02:28:27.626Z,988,,$988.90,"NORTHGEAR Dock Line - Protector de roce extraíble ultrarresistente, resistente a los rayos UV, elimina los chirridos de la línea del barco y protege el acabado de tu barco",https://www.amazon.com.mx/dp/B0B719W86P,https://www.amazon.com/dp/B0B719W86P,Marca: NORTHGEAR,
,B073CHHJ1C,2,Deportes y Aire libre,disponible,disponible,,,2025-10-17T16:37:00.101Z,2025-10-19T18:25:03.510Z,2025-10-28T02:28:36.128Z,784.58,19.99,$817.50,"Sociala Pantalones cortos deportivos para mujer de tabla sólida, pantalones cortos de natación, Negro, L",https://www.amazon.com.mx/dp/B073CHHJ1C,https://www.amazon.com/dp/B073CHHJ1C,SRKSB LLC,Sociala
,B08Y8MVXG7,2,Deportes y Aire libre,disponible,disponible,,,2025-10-17T16:37:00.101Z,2025-10-19T18:25:17.358Z,2025-10-28T02:28:51.314Z,2385.91,68.99,"$2,397.29","Penban 2 piezas de asiento acolchado para kayak de lujo, asiento para barco de pesca con bolsa de almacenamiento, asiento universal desmontable de tabla de remo, asiento ajustable para todos los tamaños de cuerpo (gris 2 piezas)",https://www.amazon.com.mx/dp/B08Y8MVXG7,https://www.amazon.com/dp/B08Y8MVXG7,SRKSB LLC,PENBAN
,B0975R7HSP,2,Deportes y Aire libre,disponible,disponible,,,2025-10-17T16:37:00.101Z,2025-10-19T18:25:24.602Z,2025-10-28T02:28:59.800Z,559.44,14.99,$558.06,"Xioker - Bañador para niño, para entrenamiento, pantalones cortos de natación para niño, secado rápido, para niños",https://www.amazon.com.mx/dp/B0975R7HSP,https://www.amazon.com/dp/B0975R7HSP,Boon Shopping,Xioker
,B0BR7D5TSY,2,Deportes y Aire libre,disponible,no disponible,,,2025-10-17T16:37:00.101Z,2025-10-19T18:25:33.028Z,2025-10-28T02:29:07.144Z,1412.31,,"$1,690.58","TOWKING - Jack de remolque con pata de caída, 15 pulgadas, viaje vertical de 2000 libras, para RV, remolque y más",https://www.amazon.com.mx/dp/B0BR7D5TSY,https://www.amazon.com/dp/B0BR7D5TSY,Amazon Estados Unidos,
,B095K1R7R3,2,Deportes y Aire libre,disponible,no disponible,,,2025-10-17T16:37:00.101Z,2025-10-19T18:25:41.305Z,2025-10-28T02:29:13.854Z,3698.81,,"$3,693.35","Enganche de remolque ajustable para barra de tiro – 20 libras, se adapta a bolas de 2 y 2-5/16 pulgadas, probado y certificado por el gobierno de Estados Unidos, para remolque de RV, motocicletas y",https://www.amazon.com.mx/dp/B095K1R7R3,https://www.amazon.com/dp/B095K1R7R3,LEXA LLC,
,B08V5FZDHV,2,Deportes y Aire libre,disponible,disponible,,,2025-10-17T16:37:00.101Z,2025-10-19T18:25:49.110Z,2025-10-28T02:29:22.379Z,1047.33,26.99,$946.08,"POGTMM Trajes de baño para Mujer, Camisas de Verano para Playa, Camisa con Botones, Vestido de Playa",https://www.amazon.com.mx/dp/B08V5FZDHV,https://www.amazon.com/dp/B08V5FZDHV,SRKSB LLC,POGTMM
,B09WCV2CC4,2,Deportes y Aire libre,disponible,disponible,,,2025-10-17T16:37:00.101Z,2025-10-19T18:25:57.214Z,2025-10-28T02:29:31.084Z,1089.64,30.67,"$1,097.01","Seovediary Kids Snorkel Set, Mask Fins Snorkeling Gear for Kids Anti-Fog Swim Goggles 180 Panoramic View Dry Top Snorkel and Dive Flippers Combo with Travel Bag for Snorkeling Training Swimming Diving",https://www.amazon.com.mx/dp/B09WCV2CC4,https://www.amazon.com/dp/B09WCV2CC4,SRKSB LLC,mingboyuan
,B083QX7WY2,2,Deportes y Aire libre,disponible,disponible,,,2025-10-17T16:37:00.101Z,2025-10-19T18:26:05.921Z,2025-10-28T02:29:39.445Z,923.65,25.99,$929.89,ALove Falda de natación de Cintura Alta con cordón y Control de Barriga para Mujer,https://www.amazon.com.mx/dp/B083QX7WY2,https://www.amazon.com/dp/B083QX7WY2,SRKSB LLC,alove & anfilia
,B09J4VL13V,2,Deportes y Aire libre,disponible,disponible,,,2025-10-17T16:37:00.101Z,2025-10-19T18:26:13.326Z,2025-10-28T02:29:47.760Z,982.68,26.99,$939.63,"Bungee Dock Line - Clips dobles de acero inoxidable 316 resistentes para barcos, PWC, Snubber, Kayak, embarcaciones acuáticas, SeaDoo, Jet Ski, pontón, canoa, barco eléctrico, paquete de 2",https://www.amazon.com.mx/dp/B09J4VL13V,https://www.amazon.com/dp/B09J4VL13V,SRKSB LLC,Iririi Store
,B08Y8MRMXQ,2,Deportes y Aire libre,disponible,disponible,,,2025-10-17T16:37:00.101Z,2025-10-19T18:26:21.694Z,2025-10-28T02:29:56.635Z,1357.46,39.99,"$1,405.94","Penban - Cojín universal de lujo para asiento de kayak con bolsa de almacenamiento, asiento de barco, asiento de canoa, 4 correas ajustables para kayak, canoa, rafting (1 paquete negro)",https://www.amazon.com.mx/dp/B08Y8MRMXQ,https://www.amazon.com/dp/B08Y8MRMXQ,BROWN LEAVES LLC,PENBAN
,B09TQJS4JR,2,Deportes y Aire libre,disponible,no disponible,,,2025-10-17T16:37:00.101Z,2025-10-19T18:26:28.489Z,2025-10-28T02:30:04.642Z,1781,,"$1,794.95","Viginsul Equipo de esnórquel para adultos, máscara de esnórquel de cara completa con sistema de parte superior seca y aletas de natación ajustables, juego de máscara de esnórquel plegable con vista panorámica antivaho y antifugas",https://www.amazon.com.mx/dp/B09TQJS4JR,https://www.amazon.com/dp/B09TQJS4JR,Marca: Viginsul,
,B07WTL3T3C,2,Deportes y Aire libre,disponible,disponible,,,2025-10-17T16:37:00.102Z,2025-10-19T18:26:37.096Z,2025-10-28T02:30:12.711Z,482.45,8.96,$482.45,"Tripsky Gorro de Natación de Silicona, Crea una Buena Aerodinámica, Ideal para Cabello Largo, Corto, Medio Largo, Gorro de Natación Unisex, Negro",https://www.amazon.com.mx/dp/B07WTL3T3C,https://www.amazon.com/dp/B07WTL3T3C,SRKSB LLC,Hi-go
,B07TX79FZ1,2,Deportes y Aire libre,disponible,disponible,,,2025-10-17T16:37:00.102Z,2025-10-19T18:26:45.662Z,2025-10-28T02:30:21.094Z,495.86,8.96,$495.86,"Tripsky - Gorro de natación de silicona, cómodo gorro de baño ideal para cabello rizado corto, medio largo, gorro de natación para mujeres y hombres, gorro de ducha para mantener el peinado sin cambios (blanco)",https://www.amazon.com.mx/dp/B07TX79FZ1,https://www.amazon.com/dp/B07TX79FZ1,SRKSB LLC,Hi-go
,B0B3DFHJR4,2,Deportes y Aire libre,disponible,no disponible,,,2025-10-17T16:37:00.102Z,2025-10-19T18:26:54.281Z,2025-10-28T02:30:28.042Z,1714,,"$1,723.93","Viginsul Equipo de esnórquel para adultos, máscara de esnórquel de cara completa con sistema de parte superior seca y aletas de natación ajustables, juego de máscara de esnórquel plegable con vista panorámica antivaho y antifugas",https://www.amazon.com.mx/dp/B0B3DFHJR4,https://www.amazon.com/dp/B0B3DFHJR4,Marca: Viginsul,
,B09NFJ79PP,2,Deportes y Aire libre,disponible,disponible,,,2025-10-17T16:37:11.709Z,2025-10-19T18:27:03.067Z,2025-10-28T02:30:35.415Z,649.32,14.99,$653.71,"KAKU NANU Camisetas de natación de manga larga para niños con UPF 50+, Naranja, Mediano",https://www.amazon.com.mx/dp/B09NFJ79PP,https://www.amazon.com/dp/B09NFJ79PP,SRKSB LLC,Efface
,B0848WMXB7,2,Deportes y Aire libre,disponible,disponible,,,2025-10-17T16:37:11.709Z,2025-10-19T18:27:11.192Z,2025-10-28T02:30:43.444Z,1083.4,29.97,"$1,083.40",Correas de amarre de barco para remolque (paquete de 2) – 2.5 libras de descanso – Correas de amarre de 1 x 2.5 pies resistentes – Correas de amarre para barco tratadas con rayos UV – Correas de,https://www.amazon.com.mx/dp/B0848WMXB7,https://www.amazon.com/dp/B0848WMXB7,SRKSB LLC,AGL New Zealand Ltd
,B07B8J3P39,2,Deportes y Aire libre,disponible,disponible,,,2025-10-17T16:37:11.709Z,2025-10-19T18:27:20.385Z,2025-10-28T02:30:52.241Z,695,10.44,$699.69,"PHELRENA Swimming Cap Waterproof Premium Silicone Solid Long Hair Earmuffs Swim Cap Flexible Reversible for Adults Kids Women Men, Keeps Hair Clean Ear Dry, Free with Nose Clip and Ear Plugs",https://www.amazon.com.mx/dp/B07B8J3P39,https://www.amazon.com/dp/B07B8J3P39,SRKSB LLC,OCEAN OR DREAM