asin,title,price,category,also_appears_in,extracted_at
B0FFM7T35T,"XSHINOVA - Soporte para cápsulas de café Nespresso Vertuo, paquete de 3 unidades, capacidad para 21 cápsulas, montaje modular en pared o gabinete, estante para cápsulas de café con tiras adhesivas 3M",$921.31,Últimos 90 Días,Cocina|Meses sin Intereses,2025-10-10T17:11:52.328Z
B0FF4WKFYR,"LAMU - Soporte para animales de peluche, zoológico de madera con cordones elásticos, organizador de juguetes para ahorrar espacio, organizador de animales de peluche de capacidad extragrande para sala","$2,326.85",Últimos 90 Días,Muebles,2025-10-10T17:11:52.328Z
B0F9FLWRHM,"Almacenamiento de animales de peluche sobre la puerta para niños, organizador de fieltro con clips para mostrar arte y bolsillos de malla para rellenos, libros y más, diseño colgante que ahorra","$1,324.62",Últimos 90 Días,Almacenamiento y Organización|Meses sin Intereses,2025-10-10T17:11:52.328Z
B0F8QN9NDS,"TBMax - Contenedor de almacenamiento de harina de arroz con tapa abatible automática de 25 libras | 12.68 cuartos de galón, contenedor de harina de almacenamiento de alimentos alto y estrecho para","$2,077.47",Últimos 90 Días,Cocina,2025-10-10T17:11:52.328Z
B0FH4J3XBN,"YLQLA 9 paquetes de bolsas grandes de almacenamiento de juguetes, organizador de juguetes para niños con cierre y etiquetas, almacenamiento de juegos de mesa de PVC transparente, bolsas organizadoras","$1,684.48",Últimos 90 Días,Muebles,2025-10-10T17:11:52.329Z
B0FD2N3ZGZ,"PatioPerk - Sistema organizador de clóset integrado con 6 estantes y 3 varillas extensibles para colgar, sistemas de almacenamiento para recámara","$6,769.64",Últimos 90 Días,Almacenamiento y Organización,2025-10-10T17:11:52.329Z
B0BB94G2PZ,"BARIEN 6 Pcs 12"" x 9"" x 6"" Natural Water Hyacinth Storage Baskets, Rectangular Wicker Basket with Built-in Handles, Woven Cube Storage Bin with Chalkboard Label Chalk Marker (Natural - Set of 6)","$4,338.37",Almacenamiento y Organización,,2025-10-10T17:05:40.967Z
B0FDWD863Z,"BETU Bolsas de mudanza extragrandes, bolsas de almacenamiento resistentes con asas de cierre, paquete de 8 contenedores de almacenamiento de ropa, cajas de mudanza, suministros de mudanza para","$1,568.96",Almacenamiento y Organización,,2025-10-10T17:05:40.967Z
B0FB5B545Y,"BATUBEAT Organizador de cinturón para clóset, organizador de cinturón para cajón con 6 compartimentos, organizador de almacenamiento de cinturón para hombres y mujeres para relojes, cinturón, bufandas","$1,261.64",Almacenamiento y Organización,,2025-10-10T17:05:40.967Z
B0CMC6SXJN,"JJoiaS Carrito de almacenamiento de plástico, contenedor de almacenamiento mediano con 3 cajones transparentes grandes con ruedas, color blanco","$2,794.82",Almacenamiento y Organización,,2025-10-10T17:05:40.967Z
B0FM2G3RLL,"Paquete de 8 organizadores de sábanas para clóset de lino, cajas de almacenamiento de ropa de cama tamaño King/Queen con ventana transparente, organizador de lino plegable y a prueba de polvo para","$2,824.39",Almacenamiento y Organización,,2025-10-10T17:05:40.967Z
B0F5HZ15Q8,"Cesta de almacenamiento tejida pequeña, cesta de almacenamiento mediano, mini cesta de cuerda de algodón, para estantes, guardería, oficina, baño y más, perfecta para organizar y deco (blanco y gris","$1,088.79",Almacenamiento y Organización,Meses sin Intereses,2025-10-10T17:05:40.968Z
B0DDSTCWLV,"REIBII - Estantería de metal de 5 niveles para almacenamiento de despensa, estante ajustable de alambre de metal con bloqueadores laterales de 59 pulgadas de alto, estante de almacenamiento de pie con","$3,411.52",Almacenamiento y Organización,,2025-10-10T17:05:40.968Z
B0DS2D93SM,"QueenFun - Espejo para gabinete de medicina negro, superficie de 16 x 24 pulgadas o gabinete de medicina con marco de aluminio empotrado con espejo biselado, montado completo, estantes ajustables,","$6,652.13",Almacenamiento y Organización,Baño|Muebles|Salud y Cuidado Personal,2025-10-10T17:05:40.968Z
B0FF9FN8MM,"POIXM Bolsas de aspiradora para viajes con bomba, bolsa reutilizable para ahorro de espacio, cubos de embalaje al aspiradora impermeables IP67 para maletas de viaje y mochila (2 unidades + bomba)","$1,879.31",Almacenamiento y Organización,,2025-10-10T17:05:40.968Z
B0DZKDS8QC,"BEBE BASK Cesta colgante de mimbre festoneada – La decoración original de pared de mimbre – Cesta tejida a mano – Cesta para colgar en la pared – Cesta de almacenamiento de pared para guardería, sala","$2,849.61",Almacenamiento y Organización,,2025-10-10T17:05:40.968Z
B0FJS2MTBQ,"Bolsa de almacenamiento para árbol de Navidad, se adapta a árbol de Navidad duradero 600D Oxford con cremalleras dobles de apertura ancha (reno)","$1,209.99",Almacenamiento y Organización,,2025-10-10T17:05:40.968Z
B0F89Y51YS,"Cupic Cupid - Cubitos de almacenamiento de 11 x 11 pulgadas, cubos para clóset, color rosa, paquete de 6","$1,463.91",Almacenamiento y Organización,,2025-10-10T17:05:40.968Z
B0DT9L99YV,"Sakugi - Estanterías de almacenamiento de 5 niveles, organizador versátil para el hogar, la oficina o el cochera","$2,984.33",Almacenamiento y Organización,,2025-10-10T17:05:40.968Z
B0CW9Q3KXF,"Cozivolife - clóset de almacenamiento sobre el inodoro con cajón y puerta abatible, estante organizador de baño de bambú con diseño antipunta y almohadilla impermeable para los pies, estante no","$4,124.28",Almacenamiento y Organización,Baño,2025-10-10T17:05:40.968Z
B0DR56S6Y7,VASMIA - Portaequipajes de bambú LRT001,"$1,937.95",Almacenamiento y Organización,,2025-10-10T17:05:40.968Z
B0DJLHWBJB,"TEDIDUWA Perchero de 36 pulgadas, estante de ropa montado en la pared con estante de madera real, estante para colgar ropa resistente, barra colgante multiusos, almacenamiento de clóset que ahorra","$3,303.66",Almacenamiento y Organización,,2025-10-10T17:05:40.969Z
B000HDON4Y,"Great Useful Stuff Kangaroom clóset de Lino storages, Contemporáneo, Beige, Pequeño, 1","$1,221.09",Almacenamiento y Organización,,2025-10-10T17:05:55.299Z
B0FFC4V59H,"Paquete de 6 bolsas de mudanza extra grandes con asas reforzadas, bolsa de almacenamiento resistente para habitación de recámara con cierre fuerte, cajas de mudanza para suministros universitarios","$1,252.23",Almacenamiento y Organización,,2025-10-10T17:05:55.299Z
B0D9VM2QP3,"GarveeHome - Almacenamiento de Vestir para niñas con luz y Espejo, clóset para niños con Perchero y contenedor de Almacenamiento, Color Rosa","$6,335.46",Almacenamiento y Organización,,2025-10-10T17:05:55.299Z
B0CQWZR6L8,"SMIBUY - Portaequipajes, totalmente montado, paquete de 2, soporte plegable de bambú con estante de almacenamiento para habitación de invitados, recámara, hotel, resistente (blanco y negro)","$3,888.28",Almacenamiento y Organización,,2025-10-10T17:05:55.299Z
B0FH9PSM1V,"Jofuler - clóset de montaje rápido y fácil, clóset portátil con varillas colgantes, estantes de almacenamiento y bolsillos laterales (gris, 34 pulgadas)","$1,793.82",Almacenamiento y Organización,Meses sin Intereses,2025-10-10T17:05:55.300Z
B0F53HFR94,"7 divisores de tamaño de clóset de bebé, organizador de clóset de bebé de doble cara, adorable colgador divisor, decoración de guardería para colgar ropa, guardería, guardarropa, armarios, habitación",$659.19,Almacenamiento y Organización,Meses sin Intereses,2025-10-10T17:05:55.300Z
B09TKWRDDS,"Danightime Soporte de lazo de 48.5 x 16.5 pulgadas para niñas, soporte de lazo de bebé con 7 cintas de algodón, 6 ganchos de metal, 1 gancho sin costuras y 1 gancho de pared de madera, organizador de lazos para el cabello para niñas, color blanco","$1,171.37",Almacenamiento y Organización,,2025-10-10T17:05:55.300Z
B0FF21CTC2,"TOMACE - Botiquín asimétrico ovalado sin marco con espejo biselado, superficie irregular, espejo de baño con almacenamiento para baño, 20 pulgadas de ancho x 30 pulgadas de alto","$8,003.39",Almacenamiento y Organización,Baño|Muebles|Salud y Cuidado Personal,2025-10-10T17:05:55.300Z
B0D7L8Q5TW,"BEBE BASK - Juego de 2 cestas festoneadas de alta calidad, 16 x 10 x 7 pulgadas, elegante mimbre tela a mano con borde festoneado, almacenamiento de guardería (natural)","$2,849.61",Almacenamiento y Organización,,2025-10-10T17:05:55.300Z
B0CNSDMNCX,"Caja de bambú grande con cerradura de combinación, caja de almacenamiento de bambú grande de alta calidad, bandeja extraíble, bandeja mejorada, herramienta de accesorios incluida. (rosa)","$2,050.20",Almacenamiento y Organización,,2025-10-10T17:05:55.300Z
B0756RWM4Y,Little Partners Poco Socios Dos Cubby Kids de Madera Locker – Seis Secciones de Almacenamiento – Construcción Duradera,"$9,107.58",Almacenamiento y Organización,,2025-10-10T17:05:55.300Z
B0FG2W3KKP,"WILLITAT cubeta de almacenamiento de 11 x 11 pulgadas, paquete de 3 cubos de almacenamiento tejidos, cestas de cuerda de algodón de 11 pulgadas para organizar, cestas cuadradas para estantes","$1,546.46",Almacenamiento y Organización,,2025-10-10T17:05:55.300Z
B09FHVRJZZ,"Baúl de almacenamiento de 40 pulgadas, moderno organizador de caja de juguetes para niños con tapa elevadora y 2 bisagras de seguridad, baúl de almacenamiento resistente y grande para cualquier sala de juegos, recámara y sala de estar","$6,049.19",Almacenamiento y Organización,,2025-10-10T17:05:55.300Z
B0C69LSK2K,"OOOK - clóset de almacenamiento de madera de 5 compartimentos, estante Montessori para organizadores y almacenamiento de juguetes, organizador de aula para niños, sala de juegos, guardería y estante","$6,438.28",Almacenamiento y Organización,,2025-10-10T17:05:55.300Z
B0FH79F19M,"BRUBEQO Organizador de sombreros para gorras de béisbol, 2 paquetes con clips de resorte integrados, soporte para colgar sombreros de clóset, almacenamiento para puertas o armarios, soportes para","$1,294.67",Almacenamiento y Organización,,2025-10-10T17:05:55.300Z
B0F32M2QRV,"Gainvieyee - Paquete de 18 cajas organizadoras de zapatos, de plástico duro resistente, apilables con puertas, contenedores de tenis para clóset, entrada, debajo de la cama, color negro, 13.8 x 9.8 x","$3,206.59",Almacenamiento y Organización,Muebles,2025-10-10T17:06:05.801Z
B0F28Z41DN,"efluky - Cesta de lavandería delgada para ropa, recámara y recámara (beige, 75 L)","$1,267.60",Almacenamiento y Organización,"Aspiración, Limpieza y Planchado",2025-10-10T17:06:05.801Z
B0DKD6J4XF,"Cesta de almacenamiento redonda de mimbre, cesta de lavandería tejida con asas, cesta de piso para mantas, zapatos, cesta grande de yute para sala de estar, recámara (blanqueado, mediano)","$1,335.26",Almacenamiento y Organización,"Aspiración, Limpieza y Planchado",2025-10-10T17:06:05.802Z
B0CTQDG76H,"HODAKJUE Cesta de almacenamiento de computadora, Organizador de Cajones, Caja de almacenamiento para cajones de oficina, Cesta de almacenamiento con marco de madera (Negro-Largo estrecho)","$1,520.63",Almacenamiento y Organización,,2025-10-10T17:06:05.802Z
B0FHGWH38Y,"Contenedores grandes de almacenamiento para clóset con cajón, contenedores de tela para organización, cajones de almacenamiento plegables para recámara, sala de estar, paquete de 4, color gris","$1,506.39",Almacenamiento y Organización,,2025-10-10T17:06:05.802Z
B0FDQ65D8S,"HISULIV - Paquete de 1 caja grande de almacenamiento de juguetes con tapas transparentes, plegable, cesta organizadora de juguetes con divisores ajustables para niños, niñas, sala de estar, guardería","$1,020.76",Almacenamiento y Organización,Meses sin Intereses,2025-10-10T17:06:05.802Z
B0F5W98F1Y,"Agekub Tonie Estantería TonieBox Organizador Tonie Estantería de almacenamiento, forma de paraguas, estantes magnéticos flotantes de madera para exhibición Toniebox, cifras y personajes",$952.69,Almacenamiento y Organización,,2025-10-10T17:06:05.802Z
B0DYD5FWNL,"ZZTLHDS Cubitos de almacenamiento de mimbre de 11.8 pulgadas, cestas cuadradas plegables naturales, cestas de almacenamiento de jacinto de agua, contenedores tejidos para baño (plegable-natural)","$1,456.35",Almacenamiento y Organización,,2025-10-10T17:06:05.802Z
B0FG256M1L,"Elefeltclave - Contenedores de almacenamiento para tenis, amantes del tenis, aficionados, regalos, cesta de almacenamiento plegable para sala de deportes, gimnasio, recámara, baño, ropa, juguetes","$1,082.04",Almacenamiento y Organización,Meses sin Intereses,2025-10-10T17:06:05.802Z
B0F4D5DGPT,"HoliPapaya Estante flotante para Toniebox, Castillo","$1,967.41",Almacenamiento y Organización,,2025-10-10T17:06:05.802Z
B0DX2M2GRP,IliBx Organizador de gorra de béisbol + jaula de lavado de gorra de béisbol | 2 estantes para sombreros/organizadores de sombreros y 1 jaula para lavadora para tus encantadoras gorras | Almacenamiento,"$1,303.33",Almacenamiento y Organización,Meses sin Intereses,2025-10-10T17:06:05.802Z
B0FGX5RSLG,"Elefeltclave Christian Coquette - Contenedores de almacenamiento con arco de god dice que soy bíblico, organizador religioso, plegable, para recámara, ropa de baño, libros, caja de juguetes para niñas","$1,122.20",Almacenamiento y Organización,,2025-10-10T17:06:05.802Z
B0FGX5283V,"Elefeltclave - Contenedores de almacenamiento con lazo rosa de coqueta, diseño de lazo femenino estético, plegable, organizador para niñas, recámara, baño, ropa, juguetes, libros, caja de juguetes","$1,009.59",Almacenamiento y Organización,,2025-10-10T17:06:05.802Z
B0F7QXH3P4,"Elefeltclave - Contenedores de almacenamiento para reglas de sala de juegos para niños, reglas de sala de juegos bohemios, cesta de almacenamiento plegable para sala de juegos, recámara, ropa de","$1,065.89",Almacenamiento y Organización,,2025-10-10T17:06:05.802Z
B0F5QFB5JV,"IZEUK - Estantería de almacenamiento de 5 niveles con ruedas, organizador ajustable de alambre de acero resistente (cromo, 17.7 pulgadas de profundidad x 47 pulgadas de ancho x 77 pulgadas de alto","$6,475.69",Almacenamiento y Organización,,2025-10-10T17:06:05.802Z
B00L0ILSX4,"Contender c16121 abedul Báltico 12-cubby unidad de almacenamiento con transparente jardineras, rta (paquete de 12)","$11,328.17",Almacenamiento y Organización,"Industria, Empresas y Ciencia",2025-10-10T17:06:05.803Z
B0FBZMQJ87,"Back2School Express Sleekline - Gabinete de almacenamiento de 3 estantes, 36 pulgadas de alto, estante de libros, natural","$6,799.16",Almacenamiento y Organización,,2025-10-10T17:06:19.028Z
B0F8V6WBZL,"Dawuyu - Contenedores apilables con tapas, organizadores de clóset, caja de tela para el hogar y la oficina, organizadores de ropa de mantas, contenedores de almacenamiento debajo de la cama, paquete","$1,387.62",Almacenamiento y Organización,,2025-10-10T17:06:19.028Z
B0FK2FMFPC,"QAVABIN Contenedores de almacenamiento extra grandes de 120 galones con tapa, organizadores y cajones apilables de 480 cuartos de galón, contenedores de almacenamiento plegables con ruedas, gabinete","$6,945.64",Almacenamiento y Organización,,2025-10-10T17:06:19.028Z
B0F6CFTF1F,"QAVABIN Contenedores de almacenamiento extra grandes de 150 galones con tapa, organizadores y cajones apilables de 600 cuartos de galón, contenedores de almacenamiento plegables con ruedas, gabinete","$6,489.69",Almacenamiento y Organización,,2025-10-10T17:06:19.028Z
B08NP6KCBL,"Sailor Moon - Caja de almacenamiento plegable con diseño bonito y bonito organizador de cestas de almacenamiento, para escritorio, oficina, dormitorio, guardería, armario (paquete de 3)","$1,665.70",Almacenamiento y Organización,,2025-10-10T17:06:19.028Z
B0DPFKXFDR,"Edospaen Contenedores de almacenamiento de plástico apilables de 4 niveles con tapa de 42 cuartos de galón/nivel, cajón de plástico plegable con ruedas, contenedores para el hogar, cajas de armarios","$4,372.26",Almacenamiento y Organización,,2025-10-10T17:06:19.028Z
B0FPF9MCHK,"Fangtueh cubeta de almacenamiento plegable extragrande de 200 galones con tapa, organizador de plástico apilable de 800 cuartos con 6 ruedas, gabinete plegable para clóset, sala de estar, oficina","$9,562.83",Almacenamiento y Organización,,2025-10-10T17:06:19.028Z
B0FMYN1WZ6,"Juego de 16 divisores BabyCloset de 12 círculos de tamaño redondo preetiquetados con 4 discos en blanco y marcadores, organización y almacenamiento de clóset de fácil tamaño, se adapta a la mayoría de",$868.68,Almacenamiento y Organización,,2025-10-10T17:06:19.028Z
B0FMK58KGC,"VAFHYLLIS - Organizador de almacenamiento de 2 cubos, estantería abierta de madera de 2 niveles, cubos de almacenamiento versátiles para sala de estar, recámara, oficina en casa, roble, 2 cubos a 11.8","$5,078.29",Almacenamiento y Organización,,2025-10-10T17:06:19.028Z
B0FKZTN375,"KUMETENESS - Organizador de almacenamiento de auriculares para colgar sobre la puerta, 30 bolsillos organizadores de PVC transparente con 2 tarjetas de almacenamiento para auriculares con calcomanías","$1,373.05",Almacenamiento y Organización,,2025-10-10T17:06:19.028Z
B0FK5446Q5,"Almacenamiento de Disfraces para niñas, clóset de Disfraces para niños con Espejo Iluminado y contenedor de Almacenamiento, Color Rosa","$6,938.83",Almacenamiento y Organización,,2025-10-10T17:06:19.028Z
B0FJR36CLY,"Superunner - Estante de almacenamiento de madera, estante de almacenamiento de madera de metal resistente con ajuste de ángulo múltiple y soporte de pared de 3 niveles para cochera, tienda en","$1,752.82",Almacenamiento y Organización,,2025-10-10T17:06:19.028Z
B0FHQ46W1W,"GarveeHome Estantería y Almacenamiento de Juguetes para niños, Organizador de Juguetes de 2 Niveles con gabinete de Almacenamiento, estantería de 2 estantes para Sala de Juegos, recámara, Sala de","$4,327.99",Almacenamiento y Organización,,2025-10-10T17:06:19.029Z
B0FHKVK971,"HZFTJOY - Cesta grande para organizar, organizadores de clóset de 65 litros y contenedores de almacenamiento para estantes, cestas de almacenamiento de cuerda tejida, sala de estar, recámara, cuarto","$1,463.91",Almacenamiento y Organización,"Aspiración, Limpieza y Planchado",2025-10-10T17:06:19.029Z
B0FHHDNPJN,"Seeloowy Cesta rectangular de Halloween Horror grande plegable con asa, adecuada para decoración de habitación, cubeta de Halloween, caja de juguetes, caja de almacenamiento de coche (fantasma)","$1,009.59",Almacenamiento y Organización,,2025-10-10T17:06:19.029Z
B0FH54WVNV,"Alpen Archivador móvil de 5 cajones para Almacenamiento Debajo del computadora con Ruedas, archivador Vertical de Madera, Soporte para Impresora pequeño para Oficina en casa, Color Blanco","$4,425.45",Almacenamiento y Organización,,2025-10-10T17:06:19.029Z
B0FGXPRF2J,"JMvicyroam - Cesta de manta tejida, 65 l con asas, organizador para mantas, juguetes, libros y ropa, cesta de lavandería para sala de estar, recámara, guardería y baño, blanco y azul","$1,475.59",Almacenamiento y Organización,"Aspiración, Limpieza y Planchado",2025-10-10T17:06:27.147Z
B0FGX4TWRX,"Elefeltclave - Contenedores de almacenamiento para campaña, regalos para amantes del campamento, cesta de almacenamiento plegable para campista, campamento, recámara, baño, ropa, juguetes, libros","$1,094.18",Almacenamiento y Organización,,2025-10-10T17:06:27.147Z
B0FGX3XHD7,"Elefeltclave Let Them - Contenedores de almacenamiento con arco de coqueta, afirmación positiva inspiradora, plegable, organizador para niñas, recámara, baño, ropa, juguetes, libros, caja de juguetes","$1,094.18",Almacenamiento y Organización,,2025-10-10T17:06:27.147Z
B0FGNLJ8C9,"JMvicyroam - Cesta de almacenamiento de cuerda pequeña con asas y bolsa de cinta, organizador para estantes, armarios, baño, cesta de regalo vacía para baby shower, cumpleaños, día del padre, color",$924.99,Almacenamiento y Organización,,2025-10-10T17:06:27.148Z
B0FFYG1LS8,"TasticTotes Bolsas de almacenamiento plegables de 60 L, paquete de 4","$1,212.65",Almacenamiento y Organización,,2025-10-10T17:06:27.148Z
B0FFSPNXR7,"UAMFURI 640QT-160QT/40GAL*4 contenedores de almacenamiento apilables extra grandes con tapas y ruedas, cajones de almacenamiento apilables, paquete de 4 contenedores de almacenamiento plegables con","$9,450.48",Almacenamiento y Organización,,2025-10-10T17:06:27.148Z
B0FFNQS2S7,"Paquete de 3 cestas tejidas de cuerda de algodón, cestas de estante con asa, 13.8 x 11.8 x 11.0 pulgadas, almacenamiento para guardería, baño, sala de estar, juguetes, libros, toallas, contenedores","$1,706.25",Almacenamiento y Organización,,2025-10-10T17:06:27.148Z
B0FFMGBM3B,"KEGII - Barra de tensión de esquina para ducha con jabonera y soporte para maquinilla de afeitar, organizador de baño ajustable con ganchos, estante de almacenamiento a prueba de óxido de 25 a 114.2","$2,295.46",Almacenamiento y Organización,Baño,2025-10-10T17:06:27.148Z
B0FFG58BLJ,"Mangpung Kawaii Capybara - Contenedor de almacenamiento plegable, bonita caja de almacenamiento plegable, computadora de oficina, decoración de cambiador de baño, bonita decoración de habitación",$868.68,Almacenamiento y Organización,,2025-10-10T17:06:27.148Z
B0FBYT63NS,"Back2School Express Sleekline - clóset de almacenamiento de 2 estantes, 24 pulgadas de alto, estante de libros, natural","$4,571.05",Almacenamiento y Organización,,2025-10-10T17:06:27.148Z
B0FB3JVBGV,"Jusgym - Estante de almacenamiento para cochera con altura ajustable, sistema organizador de almacenamiento resistente","$7,210.18",Almacenamiento y Organización,,2025-10-10T17:06:27.148Z
B0F8R1JPSC,"JUIOEIU - Contenedores de almacenamiento plegables de vaca rústica con asas, valla de madera de campo, bonita vaca esponjosa, cesta organizadora plegable para recámara, baño, ropa, juguetes, libros","$1,094.18",Almacenamiento y Organización,,2025-10-10T17:06:27.148Z
B0F8P8MG32,"Ordn2Ordn - Cestas de almacenamiento para organizar, pequeños contenedores de almacenamiento para estantes, cesta de regalo vacía, lindo organizador de clóset decorativo tela, cesta de cuerda de bebé","$1,318.61",Almacenamiento y Organización,,2025-10-10T17:06:27.148Z
B0F8HMLL7T,"IZEUK - Estanterías (negro, 3 niveles, 11.8 pulgadas de profundidad x 17.7 pulgadas de ancho x 28.8 pulgadas de alto)","$1,840.76",Almacenamiento y Organización,,2025-10-10T17:06:27.148Z
B0F7R2YGSW,"Elefeltclave caja de almacenaje, 109","$1,065.89",Almacenamiento y Organización,,2025-10-10T17:06:27.149Z
B0F7QPV512,"Elefeltclave caja de almacenaje, 106",$973.21,Almacenamiento y Organización,,2025-10-10T17:06:40.020Z
B0F7LJN3S7,"Paquete de 4: bolsas de almacenamiento de PVC transparente con asas reforzadas y doble cierre, bolsas organizadoras impermeables para juguetes, artículos de cambiador de viaje, maquillaje","$1,189.96",Almacenamiento y Organización,,2025-10-10T17:06:40.020Z
B0F47QVRFM,"Feelyueyue - Cesta de almacenamiento plegable de girasol, cesta de almacenamiento de lona con asa de tapa, contenedores de cubeta para niños, juguetes para niños, organizadores de artículos para",$999.04,Almacenamiento y Organización,,2025-10-10T17:06:40.020Z
B0F3HGQJL9,"pioncrey - Contenedores de almacenamiento con tapas de 76 cuartos de galón (4 unidades, apilables con ruedas de rodadura suave, organizadores de clóset de plástico y almacenamiento, contenedores de","$4,965.41",Almacenamiento y Organización,,2025-10-10T17:06:40.020Z
B0F28Q792F,"Bnrkmeb - Organizadores colgantes para la cabeza, organizador de lazos para el cabello de niñas, soporte para lazo para bebé, gancho de lazo para niñas, accesorios para el cabello, viene con 20",$849.87,Almacenamiento y Organización,,2025-10-10T17:06:40.020Z
B0F249KV9P,"HSGREC - Bolsa de transporte y almacenamiento para colchón de aire tamaño King/individual – 21.6 x 9.8 x 19.7 pulgadas, 18.49 gal/70 L, Oxford 600D premium, resistente al agua; almacena colchón de","$1,316.24",Almacenamiento y Organización,,2025-10-10T17:06:40.020Z
B0F241N4DF,"Fnaumdol - Soporte magnético para bola de secadora para organización y almacenamiento de lavandería, papelera magnética para lavadero,","$1,107.17",Almacenamiento y Organización,,2025-10-10T17:06:40.020Z
B0F1YJYDPL,"TREVIETDECOR - Cubitos de almacenamiento de 33 x 33 cm, cesta de almacenamiento de jacinto de agua, cestas de almacenamiento de mimbre para estantes, cestas tejidas para almacenamiento, cesta cuadrada","$4,789.07",Almacenamiento y Organización,Meses sin Intereses,2025-10-10T17:06:40.020Z
B0F1Y9PCCB,"Cesta de almacenamiento rectangular, cesta organizadora de estantes, cestas plegables de metal, cesta organizadora para regalos de ropa, oficina en casa, recámara (camión monstruo genial)","$1,261.64",Almacenamiento y Organización,,2025-10-10T17:06:40.020Z
B0F12SWMDB,"Juego de 5 cestas de almacenamiento de cuerda de algodón, organizadores tejidos para guardería, baño y decoración del hogar, estantes de 8 a 12.6 pulgadas, varios tamaños (color)","$1,487.76",Almacenamiento y Organización,,2025-10-10T17:06:40.020Z
B0DZVNMF1C,"Dayacoco - Almacenamiento debajo de la cama con ruedas, paquete de 2 contenedores de almacenamiento debajo de la cama con tapas transparentes, no requiere montaje, almacenamiento debajo de la cama de","$1,912.13",Almacenamiento y Organización,Meses sin Intereses,2025-10-10T17:06:40.020Z
B0DZT1NQQF,"OLAHETE - Cesta de cuerda de algodón para organizar, estantes tejidos, cesta de almacenamiento para clóset, organizador decorativo de 13 x 10 x 9 pulgadas para el hogar","$1,275.53",Almacenamiento y Organización,,2025-10-10T17:06:40.021Z
B0DZ6GZS24,"Bolsa de colchón para almacenamiento en movimiento, bolsa de colchón antidesgaste, a prueba de polvo, reutilizable, protector para almacenamiento en movimiento (negro)","$2,168.52",Almacenamiento y Organización,,2025-10-10T17:06:40.021Z
B0DYZFB3HG,"Estante redondo de almacenamiento de cocina de 5 niveles, organizador de acero al carbono, para despensa, frutas y verduras, estantes giratorios de 360°, duraderos y resistentes al óxido, estante","$4,353.58",Almacenamiento y Organización,,2025-10-10T17:06:40.021Z
B0DYS78W5R,"Glosen Botiquín con bloqueo para medicina montado en la pared, color plateado, 13.6 x 12.4 x 6.5 pulgadas, contenedor de almacenamiento portátil de gran capacidad","$2,495.53",Almacenamiento y Organización,Baño|Muebles|Salud y Cuidado Personal,2025-10-10T17:06:40.021Z
B0DYHH6NYF,"TIDY SAVANT - Organizador de almacenamiento para colgar sobre la puerta, 5 bolsillos grandes, 10 bolsillos de malla, negro, capacidad de 44 libras (negro)","$1,597.10",Almacenamiento y Organización,Meses sin Intereses|Muebles,2025-10-10T17:06:40.021Z
B0DXZ46KXJ,"Mulaibdin - Juego de 5 cestas de almacenamiento, cestas tejidas de cuerda de algodón, pequeños organizadores de baño y almacenamiento, cesta de decoración blanca para juguetes, regalo, inodoro","$1,281.08",Almacenamiento y Organización,,2025-10-10T17:06:50.687Z
B0DTH8PGT4,"Roobyl - Contenedores de almacenamiento plegables grandes de 17 pulgadas con tapas, organizadores apilables de clóset con mango de poliuretano y etiquetas, paquete de 3 cajas de almacenamiento","$1,726.52",Almacenamiento y Organización,,2025-10-10T17:06:50.687Z
B0DT49WCWH,"ZHKINGGS - Perchero para niños (clásico, rosa)","$1,886.55",Almacenamiento y Organización,Meses sin Intereses,2025-10-10T17:06:50.687Z
B0DT3F2FHW,"HY.MIS - Organizador de lazos para niñas, organizador de pinzas para el pelo, organizador de accesorios para el cabello, organizador de accesorios para el cabello, decoración para colgar en la pared",$947.38,Almacenamiento y Organización,,2025-10-10T17:06:50.688Z
B0DQCV45YH,"TasticTotes - Organizador de cajones para clóset, paquete de 24, color gris","$1,380.88",Almacenamiento y Organización,,2025-10-10T17:06:50.688Z
B0DP22N37Y,"Organizador de lazos para el cabello para bebés y niñas, organizador de accesorios para el cabello, abalorio de madera, guirnalda de lazos, almacenamiento para colgar en la pared, decoración bohemia",$664.50,Almacenamiento y Organización,Meses sin Intereses,2025-10-10T17:06:50.688Z
B0DNXKWJ1J,"KOKODO - Paquete de 3 cestas de almacenamiento de despensa de mimbre con pizarrón, cesta de jacinto de agua duradera con asas integradas y marco de metal, perfecto para estantes que ahorran espacio y","$2,898.09",Almacenamiento y Organización,,2025-10-10T17:06:50.688Z
B0DNMVGLG2,"Paquete de 4 organizadores de papel de almacenamiento de plástico transparente A4, caja de almacenamiento multifuncional con tapas de cierre para organización de aulas, suministros de almacenamiento","$1,665.45",Almacenamiento y Organización,,2025-10-10T17:06:50.688Z
B0DLNVJVMX,"Organizador grande de juguetes de baño y almacenamiento – Soporte de juguetes para tina colgante de 3 compartimentos con cierre inferior, bolsa de malla de secado rápido, soporte ideal para juguetes",$930.81,Almacenamiento y Organización,Baño,2025-10-10T17:06:50.688Z
B0DLL716ZX,"Dcerzxzci - Cestas de almacenamiento para organizar estantes, cestas tejidas para almacenamiento, cestas rectangulares de cuerda de algodón para almacenamiento, cesta de juguetes para habitación de","$2,003.83",Almacenamiento y Organización,,2025-10-10T17:06:50.688Z
B0DKP5144P,"Bolsa de almacenamiento de juguetes con bloqueo portátil con cerradura con 2 mini cajas de EVA con cierre, ligera, discreta y bloqueable, para artículos privados, mujeres, hombres (1)","$1,151.54",Almacenamiento y Organización,,2025-10-10T17:06:50.688Z
B0DD7VR5XJ,"Hudson Exchange 24 x 16 x 8 (2 unidades) de malla recta con mango de pared, color gris","$5,663.84",Almacenamiento y Organización,"Industria, Empresas y Ciencia",2025-10-10T17:06:50.688Z
B0DBQTDHHW,"Lemoeyes - Organizador de almacenamiento de juguetes con estantería, estantería de 3 niveles para niños de 42.3 pulgadas de alto para almacenamiento de juguetes para niños y niñas, exhibición de","$6,320.01",Almacenamiento y Organización,,2025-10-10T17:06:50.688Z
B0D9J4QP8G,"Nsngxus 66 Qt. Caja de cierre de plástico transparente, cierres azules con tapa transparente","$3,121.00",Almacenamiento y Organización,,2025-10-10T17:06:50.689Z
B0D7HJXQ21,"Vipbox - clóset organizador de zapatos negro para clóset, entrada, cajas de almacenamiento transparentes para zapatos, almacenamiento apilable, con puerta, fácil montaje, zapatero con tapas, tamaño","$9,506.79",Almacenamiento y Organización,Muebles,2025-10-10T17:06:50.689Z
B0D5HT5JHF,"Gumuslen - Cesta de almacenamiento plegable con asa organizadora de ropa, ropa para ropa de lavandería, juguetes para niños, manta de regalo para cuarto de baño y recámara","$1,540.94",Almacenamiento y Organización,"Aspiración, Limpieza y Planchado",2025-10-10T17:06:50.689Z
B0D3HRKQDX,"2 Bolsas de Almacenamiento Triangulares de Tela Oxford para Ahorrar Espacio, Organizador de Esquina Perfecto, Caja de Almacenamiento Plegable con Tapa para Baño, Tocador, Cocina(38×23cm/Azul marino)","$2,099.00",Almacenamiento y Organización,Bebé|Muebles,2025-10-10T17:07:01.405Z
B0D2XR3L4S,"KFNHN Cesta de almacenamiento rectangular personalizada, organizador de nombres personalizado para juguetes de mascotas/niños, libros, ropa, perfecta para habitaciones/sala de juegos, color rojo","$2,242.81",Almacenamiento y Organización,,2025-10-10T17:07:01.405Z
B0CVZYLPSW,"CAPHAUS Cesta de almacenamiento tejida a mano con tapa y asas, 2 bolsas de forro extraíble, cesta plegable para ropa de lavandería, cesta de lavandería grande de ratán sintético con tapa, cesta de","$2,666.70",Almacenamiento y Organización,"Aspiración, Limpieza y Planchado",2025-10-10T17:07:01.405Z
B0CVBL22SR,"Hudson Exchange 20 x 15 x 12.5 pulgadas (paquete de 3) contenedores apilables de plástico gigante, color gris","$6,865.87",Almacenamiento y Organización,"Industria, Empresas y Ciencia",2025-10-10T17:07:01.405Z
B0CS2VR3S7,"SiliFine - 4 contenedores de plástico transparente para sala de juegos y juegos, de 7.09 x 5.2 x 3.43 pulgadas, contenedores de almacenamiento apilables con tapas para estantes o cubos, sostiene","$1,355.30",Almacenamiento y Organización,Meses sin Intereses,2025-10-10T17:07:01.405Z
B0CQLN1N71,"OPTYMIRA Estanterías de Almacenamiento de cochera, estantes de Acero Ajustables de 72 x 35.4 x 15.7 Pulgadas, estantes de Almacenamiento de 2000 Libras, estantes de Metal de 5 Niveles, estantes de","$5,416.41",Almacenamiento y Organización,,2025-10-10T17:07:01.405Z
B0CN2BYM6R,"PEtbon - Cesta cuadrada de plástico para lavandería (1,5 unidades), color blanco","$3,122.32",Almacenamiento y Organización,"Aspiración, Limpieza y Planchado",2025-10-10T17:07:01.405Z
B0BTJRJFN3,"RRI Goods - Cubbies de madera de 10 secciones con cubos de plástico café, organizadores colgantes de pared con ganchos","$14,887.88",Almacenamiento y Organización,,2025-10-10T17:07:01.405Z
B0BNN3MSK9,"SHIZLIN Simplicity and Luxury - Almohada de cuña de protección para la cintura, almohada de lectura para sofá, almohada triangular para respaldo","$2,069.26",Almacenamiento y Organización,Cocina|Muebles,2025-10-10T17:07:01.406Z
B0BKZ5Y8VN,"Mancofy - Cofre de juguete de madera, caja de juguetes para niños, muebles para sala de juegos, banco con tapa de seguridad con bisagras, organizador de almacenamiento de caja de juguetes de madera, mueble para niños (blanco)","$5,647.97",Almacenamiento y Organización,,2025-10-10T17:07:01.406Z
B09JYBZZ28,"livinbox FB-6432S-BK - Contenedores apilables plegables de 45 litros para almacenamiento, contenedores de almacenamiento plegables con tapas, puerta abierta lateral, oficina en casa, recámara, sala de","$2,923.79",Almacenamiento y Organización,,2025-10-10T17:07:01.406Z
B083J1DZS4,"Cesto de lavandería plegable para ropa sucia, cesta de lavandería, ramas, perezoso para el hogar, organizador de guardería, cesta de bebé, habitación de los niños","$1,512.39",Almacenamiento y Organización,"Aspiración, Limpieza y Planchado",2025-10-10T17:07:01.406Z
B01N3PKXXT,"Warp's alabeos cb-86 218,4 x 233,7 cm Grande Colchón Bolsa de Almacenamiento","$1,496.00",Almacenamiento y Organización,,2025-10-10T17:07:01.406Z
B005XZG45C,King SZ Mattress Bag,"$1,523.23",Almacenamiento y Organización,,2025-10-10T17:07:01.406Z
B0DW8YHF5T,"RYTTGOP Bolsas de colchón, Reina del colchón, Cubierta del colchón, manijas Pesadas, Bolsa de Almacenamiento de colchones Reutilizables, para moverse, Almacenamiento","$3,096.53","Aspiración, Limpieza y Planchado",,2025-10-10T17:07:12.851Z
B0FFM72XFD,"KINGBOARD Tabla de planchar de mesa, pequeña tabla de planchar con alfombrilla de hierro, mini tabla de planchar plegable, fácil almacenamiento para viajes y recámara, 12 x 32 pulgadas, color azul","$1,900.92","Aspiración, Limpieza y Planchado",,2025-10-10T17:07:12.851Z
B0FCFPPFDH,"NYTGAH Protector de salpicaduras para tina, protector de silicona para tina con 4 ventosas, bandeja para tina para almacenamiento, organizador de baño para artículos esenciales de baño (azul)","$1,099.73",Baño,Bebé,2025-10-10T17:07:23.660Z
B0F7QJST4W,"Elefeltclave Little Man Cave Space Contenedores de almacenamiento para niños, Space Galaxy Planets Rocket Astronauta Cesta de almacenamiento plegable Organizador para habitación de niños, ropa de",$973.21,Bebé,,2025-10-10T17:02:58.215Z
B09NVSNVS4,"Meiliart Cesta de almacenamiento de cuerda de algodón, cesta de tela gruesa y suave, manta de juguete, almacenamiento de 15 x 13.8 pulgadas, cestas de almacenamiento tejidas para manta, guardería, sala de estar, bebé","$1,414.91",Bebé,,2025-10-10T17:02:58.216Z
B0FDQ7ZWMK,"Mesa de construcción con almacenamiento para niños, mesa de construcción de madera para niños a partir de 3 años, computadora de actividades para niños con 2 sillas, 31.29 x 22.44 x 19.69 pulgadas","$4,505.96",Bebé,Muebles,2025-10-10T17:02:58.216Z
B0DV59HS8V,"Karl Home - Cambiador moderno para bebé, aparador para cambiar pañales con cesta de lavandería, mesa de lactancia infantil con 3 cajones de almacenamiento, riel de seguridad extraíble y correa para","$6,622.02",Bebé,Salud y Cuidado Personal,2025-10-10T17:02:58.216Z
B0FG7NDMJ7,"VPSMAT Montessori Estante de almacenamiento de juguetes, organizador de almacenamiento de libros y juguetes para niños con estantes de cubeta para habitación de niños, sala de juegos, sala de estar","$2,974.40",Bebé,,2025-10-10T17:02:58.216Z
B0FDQMRSCJ,"Organizador de almacenamiento de juguetes de baño, 2 unidades, soporte de juguetes transparente para tina de gran capacidad con agujeros de drenaje, organizador de ducha de secado rápido para juguetes","$1,056.96",Bebé,,2025-10-10T17:02:58.216Z
B0F5Q6B45Q,"HouseJoy - Librería de madera para niños, estantería blanca para niños y almacenamiento de juguetes, estantería para niños pequeños con 2 divisores ajustables, estantería para bebés para habitación de","$3,582.65",Bebé,,2025-10-10T17:02:58.216Z
B0DWF4BH2C,"OIASKET Cesta de manta extragrande de 118 litros, 24.8 pulgadas de largo x 17.7 pulgadas de ancho x 16.2 pulgadas de alto, cesta de almacenamiento para organizar, cuerda tejida para ropa, almohadas,","$1,866.76",Bebé,,2025-10-10T17:02:58.217Z
B0DRD1F4Q2,"QMHHRJT - Cambiador portátil plegable para bebé, cambiador de pañales portátil con ruedas, guardería de cinco niveles ajustable de altura con almacenamiento organizador (rosa)","$4,742.18",Bebé,Salud y Cuidado Personal,2025-10-10T17:02:58.217Z
B0DB5SC1SD,"Almohada inflable de cuña para viajar, cojín portátil para apnea del sueño y reflujo ácido, almohada de cuña ajustable para adultos, almohada pequeña para dormir para aliviar el dolor de espalda y",$895.97,Bebé,Blancos para el Hogar,2025-10-10T17:02:58.217Z
B0F3JVHQ79,"HMOSSVK Organizador de pañales para bebé, organizador de fieltro para coche, cesta de almacenamiento de productos para bebé, mango de madera maciza, cesta de almacenamiento desmontable para guardería",$978.52,Bebé,Salud y Cuidado Personal,2025-10-10T17:02:58.217Z
B0D5LSP5LW,"Kidi House - Carrito de almacenamiento de madera con ruedas de 4 niveles, organizador de carrito de arte para niños, carrito de abedul multifuncional para niños, estantería de arte, manualidades","$5,820.62",Bebé,,2025-10-10T17:02:58.217Z
B0D447MCSR,"ZANY TRAINS - Papelera de almacenamiento de tren y tapete de juego, caja de almacenamiento de juguetes de ferrocarril de madera con diseño de pistas de tren, almacenamiento plegable dos en uno para","$1,107.17",Bebé,,2025-10-10T17:02:58.217Z
B0FKMNY2N4,"Noonkty Extra Large blanket Basket with Lid, Toy basket Storage Kids rope Laundry Basket, Baby Toy Storage Toallero de almacenamiento para juguetes de bebé Soporte para manta para salones","$1,345.88",Bebé,,2025-10-10T17:02:58.217Z
B0FGN32BCV,"FANTALIN Story Estantería para niños pequeños, caja de almacenamiento de libros de madera, organizador de cesta con piernas, exhibición de libros de piso (B-White-read)","$1,189.96",Bebé,,2025-10-10T17:02:58.218Z
B0F8BYTK8M,"Greadsoel Organizador de almacenamiento de cesta tejida para el hogar, mantas, juguetes, con 2 posavasos de cuerda de algodón gratis, tamaño mediano 50L","$1,303.88",Bebé,,2025-10-10T17:02:58.218Z
B0F842DB1B,"Briwooody - Contenedor de juguetes para perros, cesta grande de madera de 17.5 pulgadas, con asa y etiquetas para cabeza de perro, caja de muñecas duradera para mascotas, cofre de organización para","$1,767.07",Bebé,,2025-10-10T17:03:07.947Z
B0F2M55NKS,"Cesta de almacenamiento de cuerda de algodón tejida con asas: cesta de lavandería de 45 x 34,8 cm, almacenamiento de guardería y cesta de lavandería para ropa, mantas, juguetes, toallas, libros, gris","$1,649.28",Bebé,,2025-10-10T17:03:07.947Z
B0F29PBC8N,"ADEHMDA - Cofre de juguete, caja grande con tapa, plegable y resistente, organizador de juguetes para niños, niñas y niños, cuarto de guardería y sala de estar, 26 x 13 x 16 pulgadas (tren negro)","$1,356.02",Bebé,,2025-10-10T17:03:07.947Z
B0DXTP6W9Y,"GOPAS - Cesta de manta extragrande de 125 L, 25 x 16 pulgadas, cesta tejida para la colada jumbo decorativa para el hogar, cesta de cuerda de algodón con asas, cesta de juguetes para bebé, para","$3,239.42",Bebé,,2025-10-10T17:03:07.948Z
B0DQKZDP6W,"Lusofie - Organizador de lazo para el pelo de 38 pulgadas de largo, con correa de lazo para bebé, organizador de clips de pelo para niñas, gancho de lazo para habitación de niñas pequeñas",$697.81,Bebé,,2025-10-10T17:03:07.948Z
B0D5D9B5X4,"Gumuslen - Cesta plegable para ropa sucia para ropa sucia, lona impermeable para guardar juguetes para bebé, cesta organizadora de niños para cuarto de baño y recámara","$1,364.47",Bebé,,2025-10-10T17:03:07.948Z
B0FKZ12GZ2,"Gabinete de almacenamiento de animales de peluche con organizador de 2 niveles, soporte de peluche con cubierta transparente a prueba de polvo, caja de almacenamiento de oso de peluche, zoológico de","$1,753.40",Bebé,,2025-10-10T17:03:07.948Z
B0FGPMZCHV,"Zoo de almacenamiento de animales de peluche con ruedas, soporte grande de madera para animales de peluche, organizador de juguetes para ahorrar espacio, jaula de almacenamiento de felpa para","$2,656.03",Bebé,,2025-10-10T17:03:07.948Z
B0FCMW541Y,"Hggzeg - Estantería para niños, estantería de 6 niveles, organizador de libros de madera de fácil acceso con bolsillo para recámara de niños y sala de juegos (beige)","$1,561.18",Bebé,,2025-10-10T17:03:07.948Z
B0F5PZVW56,"BPMFDTNL Montessori Estantería para niños pequeños, organizador de libros de madera con divisor ajustable, exhibición de libros de piso, estante para libros para niños pequeños, estantería para aula","$2,515.07",Bebé,,2025-10-10T17:03:07.948Z
B0DZHC3GWM,"XHWZOF Woodland - Cesta de regalo para bebé, oso ciervo, zorro, decoración de guardería, para niños, selva, árbol de animales, búho, conejo, ardilla, mapache, estante para ropa, libro de remolque",$953.18,Bebé,,2025-10-10T17:03:07.948Z
B0DSVN1N41,"CroBlissful - Almacenamiento de zoológico de animales de peluche con cadena de luces USB de estrella, jaula suave de madera, organizador de juguetes de peluche para habitación de bebé, sala de juegos,","$2,226.88",Bebé,,2025-10-10T17:03:07.948Z
B0DS87KWG1,"HSYOYO - Cesta de almacenamiento con asas, plegable, organizador de juguetes, caja organizadora rectangular para almacenamiento de juguetes, cestas de tela para guardería, recámara, baño, 1 unidad","$1,024.62",Bebé,,2025-10-10T17:03:07.948Z
B0F9X4HDDW,"Curipeer - Almacenamiento giratorio para niños, color blanco","$6,596.69",Bebé,,2025-10-10T17:03:07.948Z
B0DYB94Z6N,"Sweet Baby Co. Cesta de almacenamiento clásica de Winnie Pooh con tapa de cierre, parte inferior grande cuadrada de lona de algodón, cesta plegable para el baño, recámara, ropa de bebé, juguetes de","$1,106.93",Bebé,,2025-10-10T17:03:07.948Z
B0DX2K953R,"MXUSHEIY Cesta grande de almacenamiento de juguetes, organizador de juguetes plegable, para almacenamiento de juguetes y animales de peluche en sala de estar o recámara de niños",$895.97,Bebé,,2025-10-10T17:03:07.949Z
B0F5MD2C7S,"Juego de alimentación de silicona para bebé, suministros de alimentación portátiles para niños pequeños, platos y cuencos para bebés con succión con cuchara y taza, babero y bolsa de almacenamiento","$1,257.37",Bebé,Salud y Cuidado Personal,2025-10-10T17:03:18.084Z
B0FHQVVSLP,"MIXIUJIAJU - clóset de almacenamiento de madera de cinco rejillas, estante de almacenamiento de juguetes de doble capa, estantería Montessori para aula de niños, jardín de infantes, guardería y sala","$3,410.79",Bebé,,2025-10-10T17:03:18.084Z
B0FC27XKVF,"GarveeHome - Cofre de Almacenamiento de 30 Pulgadas con Tapas, Caja de Juguetes de ratán de Madera para niños y niñas con bisagra de Seguridad, Banco de Almacenamiento de Entrada, soporta 350 Libras","$5,025.72",Bebé,,2025-10-10T17:03:18.084Z
B0F9P8YG83,"BBLIKE Organizador de pañales con estante colgante – Carrito utilitario rodante de 3 niveles con cajones y divisores para almacenamiento de biberones de bebé, carrito de noche para cambio de estación","$3,076.98",Bebé,Salud y Cuidado Personal,2025-10-10T17:03:18.084Z
B0FGX2Z4CM,"Elefeltclave - Contenedores de almacenamiento para guardería, regalos para los amantes de los libros, lectores, cesta de almacenamiento plegable, para el aula, biblioteca de niños, recámara, ropa","$1,094.18",Bebé,,2025-10-10T17:03:18.084Z
B0FFLPS1J9,"Organizador de almacenamiento de juguetes para niños, 2 en 1 de almacenamiento de animales de peluche y organizador de juguetes con 12 contenedores de almacenamiento, estante de juguetes de madera","$5,363.86",Bebé,,2025-10-10T17:03:18.084Z
B0FCS89VKV,"Hkojewp - Cesta de almacenamiento pequeña para guardería, cesta de almacenamiento de mapache, cuerda tejida redonda de algodón, manta de bebé con asas para orejas, cubos de almacenamiento para","$1,212.61",Bebé,,2025-10-10T17:03:18.084Z
B0FBZ658BM,"Back2School Express - Gabinete de almacenamiento móvil de 4 compartimentos, arrancador, organizador de juguetes, natural","$5,085.65",Bebé,,2025-10-10T17:03:18.084Z
B0FBRCYJG7,"DGANXUN Cesta de almacenamiento multiusos clásico con tapa, cesta de almacenamiento tejida a mano, adecuada para recámara, sala de estar, baño, blanco","$2,359.92",Bebé,,2025-10-10T17:03:18.084Z
B0F9KRMTCJ,"Funyoo Organizador de pañales para bebé para cambiador de mesa y cuna, capacidad para más de 70 pañales y esenciales, almacenamiento apilable resistente para patio, 22.4 pulgadas de largo x 18","$2,050.20",Bebé,Salud y Cuidado Personal,2025-10-10T17:03:18.084Z
B0F9FJ3PFK,"ROMSHINE - Juego de mesa y silla de madera para niños, mesa de actividades para niños pequeños con 2 sillas, cajones de almacenamiento, soporte para rollos de papel y tablero de juego, computadora de","$5,191.17",Bebé,Muebles,2025-10-10T17:03:18.084Z
B0F8QLRLWR,Estante de almacenamiento de juguetes de madera,"$2,668.58",Bebé,,2025-10-10T17:03:18.085Z
B0F7QRZDPS,"Elefeltclave Contenedores de almacenamiento para habitación de niño, el club de niños, organizador plegable para aula, habitación de niños, recámara, sala de juegos, ropa, juguetes, caja de juguetes","$1,150.49",Bebé,,2025-10-10T17:03:18.085Z
B0F7QJ7K5T,"Elefeltclave Contenedores de almacenamiento de dinosaurios, Let the World Hear You Roar, organizador plegable de almacenamiento para habitación de niños, cuarto de baño, cuarto de juegos, ropa, libros",$999.04,Bebé,,2025-10-10T17:03:18.085Z
B0DXSTHKWV,"FinerFurnis - Juego de mesa y silla para niñas, computadora de maquillaje para niñas, cambiador de madera con 3 cajones, espejo triplegable, estantes grandes de almacenamiento, color rosa","$6,004.36",Bebé,Muebles,2025-10-10T17:03:18.085Z
B0DK9H778B,"CORNER LACE - Separadores de clóset para bebé, 8 piezas, diseño de mariposa/floral, de madera, de doble cara, organizador de tamaño de ropa de recién nacido a niño pequeño para decoración de",$840.40,Bebé,,2025-10-10T17:03:18.085Z
B0FPR8KLML,"Garvee - Juego de computadora y Silla para niños, Mesa de Estudio de Madera con Estante de Almacenamiento, Tablero de anuncios para niños de 3 a 8 años","$7,791.15",Bebé,Muebles,2025-10-10T17:03:31.737Z
B0FL75W42C,"Organizador de Almacenamiento de Juguetes para niños, estantería de 5 Cubos, Estante de Juguetes para niños, gabinete de Almacenamiento de Madera para habitación de los niños, Escuela, Aula, Sala de","$5,318.39",Bebé,,2025-10-10T17:03:31.738Z
B0FCS5NYRG,"DOREROOM Organizador de almacenamiento de juguetes para niños, caja de juguetes apilable, cofre de juguetes para niños y niñas, estante de libros blanco para habitaciones de niños, aula, guardería","$3,527.22",Bebé,,2025-10-10T17:03:31.738Z
B0FC2F6544,"Organizador de almacenamiento de juguetes blanco, organizadores de juguetes y contenedores de almacenamiento, estante de almacenamiento de juguetes con 8 contenedores de juguete, organizador de","$6,026.26",Bebé,,2025-10-10T17:03:31.738Z
B0DXVM8ZDF,"Homonova - Estantería infantil con 3 cajones de tela plegables, organizador de almacenamiento de juguetes para niñas y niños, recámara o sala de juegos, seguro y fácil de montar (rosa + blanco)","$3,993.39",Bebé,,2025-10-10T17:03:31.738Z
B0F1T969W7,"GarveeHome - Estantería de Madera para niños con 4 cajones, estantería para niños de 48 Pulgadas, Estante para Libros de Almacenamiento para bebés, Organizador de Juguetes, clóset, Estante de","$7,433.56",Bebé,,2025-10-10T17:03:31.738Z
B0FDLFC3JT,"Twinkoo - Organizador de pañales para bebé, carrito rodante de 3 niveles con ruedas, divisores y cajones, carros de utilidad para guardería, carrito de almacenamiento móvil de gran capacidad para cuna","$3,888.28",Bebé,Salud y Cuidado Personal,2025-10-10T17:03:31.738Z
B093LQD76J,"CribMATE - Juego de cama de 3 piezas con bordado de mosca de Buterfly para bebé, color rosa intenso, juego de cama para cuna con mariposas 3D, edredón + sábana bajera + bolsa de almacenamiento de pañales, 28 x 52 pulgadas","$4,976.15",Bebé,,2025-10-10T17:03:31.738Z
B0FP2PDBTL,"Estantería Infantil y Almacenamiento de Juguetes, Organizador de Almacenamiento de Juguetes con gabinete de Almacenamiento y Estante de Juguetes, Estante de Libros para niños pequeños, Sala de Juegos","$5,357.43",Bebé,,2025-10-10T17:03:31.738Z
B0FMR36GWP,"Mrxxjz - Cesta de juguetes triangulares para mascotas, caja de almacenamiento con asa duradera para organizar juguetes para perros, mantas y accesorios","$1,150.49",Bebé,,2025-10-10T17:03:31.738Z
B0FM31KJYC,"Dwuww - Bolsas para colgar en la mesita de noche, color blanco, para almacenamiento de baberos, organizador para cuna de bebé, pañales, recámara, organizador para colgar en el cuarto de bebé",$727.78,Bebé,Salud y Cuidado Personal,2025-10-10T17:03:31.738Z
B0FLP5QWR9,"Noonkty - Cesta de almacenamiento de juguetes para sala de estar, 21.7 x 21.7 x 13.8 pulgadas, XXL de cuerda de algodón tejida con asas, cestas grandes para cesta de almacenamiento, color negro","$1,343.47",Bebé,,2025-10-10T17:03:31.738Z
B0FL2CP5JV,"AACULPET Estantería y almacenamiento de juguetes, organizador de almacenamiento de juguetes de 4 cubos con estantería, cubito de almacenamiento de madera para niños, 24 pulgadas de largo x 14 pulgadas","$5,572.11",Bebé,,2025-10-10T17:03:31.738Z
B0FL1T9K3Z,"Organizador de Almacenamiento de Juguetes para niños, cubito de estantería de 5 Secciones, gabinete de Almacenamiento para habitación de los niños, Escuela, Aula, Sala de Juegos, guardería, jardín de","$4,945.41",Bebé,,2025-10-10T17:03:31.738Z
B0FKBLS9D1,DPDPPL y organizador,"$1,963.54",Bebé,,2025-10-10T17:03:31.739Z
B0FHFRRC11,"Lyrlody - Red transpirable para cuna de bebé, hilo de malla suave de cobertura completa, grande de 1,6 x 4,2 m, para recámara infantil, fácil instalación y almacenamiento, material de calidad premium",$908.07,Bebé,,2025-10-10T17:03:31.739Z
B0FHDG5V3R,"ATBWGT - Caja de almacenamiento inspiradora, caja de juguetes para niñas y niños, estos son los buenos viejos días positivos, cestas de almacenamiento plegables organizadoras para recámara, baño",$981.30,Bebé,,2025-10-10T17:03:45.823Z
B0FHDFPPY9,"ATBWGT - Caja de almacenamiento para guardería, caja de juguetes para niños y niñas, cesta de almacenamiento plegable Adventure Forest Dragon para recámara, baño, habitación de niños, ropa de recámara","$1,235.08",Bebé,,2025-10-10T17:03:45.823Z
B0FGX62B7D,"Elefeltclave - Contenedores de almacenamiento para playa, océano, Go to the Beach, cesta de almacenamiento plegable para recámara, baño, niños, guardería, juguetes, caja de juguetes para niños y niñas","$1,009.59",Bebé,,2025-10-10T17:03:45.823Z
B0FGX5Q6FJ,"Elefeltclave - Contenedores de almacenamiento para niñas, colorido arco de coqueta, preparado para niñas, organizador de almacenamiento plegable para recámara, cuarto de baño, ropa de guardería","$1,094.18",Bebé,,2025-10-10T17:03:45.823Z
B0FGX5HF94,"Elefeltclave - Contenedores de almacenamiento para guardería, sistema solar, Planet Rocket, cosmic, plegable, organizador para niños, recámara, cuarto de baño, ropa de guardería, libros, caja de","$1,031.59",Bebé,,2025-10-10T17:03:45.823Z
B0FGX4BZ1T,"Elefeltclave - Contenedores de almacenamiento para guardería, cesta plegable para niños, recámara, cuarto de baño, guardería, juguetes, caja de juguetes para niños y niñas, 237 almacenamiento","$1,094.18",Bebé,,2025-10-10T17:03:45.823Z
B0FGX49SMN,"Elefeltclave - Contenedores de almacenamiento para niños espaciales, sistema solar cósmico, planeta, cesta de almacenamiento plegable para recámara de niños, cuarto de baño, ropa de guardería, libros",$973.21,Bebé,,2025-10-10T17:03:45.823Z
B0FG7RM2MN,"QIANWEIWOVEN - Cesta multifuncional para pañales con asas, organizador de gran capacidad para recién nacidos, elegante para guardería y almacenamiento en el hogar (rosa)","$1,134.10",Bebé,Salud y Cuidado Personal,2025-10-10T17:03:45.823Z
B0FG27Z4TL,"Elefeltclave Western Cowboy Contenedores de almacenamiento para guardería, cesta plegable para niños pequeños, recámara, sala de juegos, baño, juguetes, caja de juguetes para niños","$1,094.18",Bebé,,2025-10-10T17:03:45.823Z
B0FG27R83P,"Elefeltclave - Contenedores de almacenamiento para guardería, con globos de aire caliente, plegable, organizador para niños pequeños, recámara, sala de juegos, baño, juguetes, caja de juguetes para","$1,263.10",Bebé,,2025-10-10T17:03:45.823Z
B0FG26SM7H,"Elefeltclave Mallard - Contenedores de almacenamiento para guardería, diseño de patos de cabeza verde salvaje, caza, cesta de almacenamiento plegable para recámara de niños, ropa de baño, libros de","$1,206.80",Bebé,,2025-10-10T17:03:45.823Z
B0FG25V4SG,"Elefeltclave - Contenedores de almacenamiento para guardería de vaca Highland, cesta plegable de almacenamiento para niñas, recámara, baño, ropa, libros, 201STORAGE-XS-TWOCOW","$1,094.18",Bebé,,2025-10-10T17:03:45.823Z
B0FG25SKS7,"Elefeltclave - Contenedores de almacenamiento temáticos de oso de peluche, organizador plegable de oso de bebé, para recámara de niños, sala de juegos, cuarto de baño, ropa de juguetes, libros","$1,122.20",Bebé,,2025-10-10T17:03:45.824Z
B0FG255GF1,"Elefeltclave Animal Mahjong Contenedores de almacenamiento para guardería, cesta plegable de almacenamiento para niños pequeños, recámara, sala de juegos, baño, juguetes, caja de juguetes para niñas","$1,094.18",Bebé,,2025-10-10T17:03:45.824Z
B0FG253VCQ,"Elefeltclave Highland - Contenedores de almacenamiento para guardería de vacas, botánico Highland, cesta de almacenamiento plegable para recámara de niños, ropa de baño, libros de juguetes, caja de","$1,094.18",Bebé,,2025-10-10T17:03:45.824Z
B0FD742JCZ,"GarveeHome - Organizador de Almacenamiento de Juguetes para niños, estantería para niños con Cubos de Almacenamiento, Estante de Juguetes para niños pequeños, Sala de Estar, guardería","$5,099.89",Bebé,,2025-10-10T17:03:45.824Z
B0FBZ6GGD3,"Back2School Express - Gabinete de almacenamiento de bloques móviles de 9 compartimentos, organizador de juguetes, natural","$11,976.41",Bebé,,2025-10-10T17:03:57.877Z
B0FBS3LX7L,"LGHWKETH - Paquete de 2 organizadores de pañales para bebé, de gran capacidad, portátil, con asas, cesta multifuncional con divisor extraíble para el hogar","$1,568.96",Bebé,Salud y Cuidado Personal,2025-10-10T17:03:57.877Z
B0FB9J1JRQ,stadtecken Estante de madera para Toniebox – Capacidad para hasta 40 tonies – Organizador de almacenamiento de pared para habitación de los niños – Ampliable y compatible con cifras Toniebox (espacio,"$2,367.58",Bebé,,2025-10-10T17:03:57.877Z
B0FB8F6MKZ,"VKSAO Organizador de pañales, organizador de bebé para artículos esenciales, cesta de almacenamiento todo en uno con compartimentos, bolsillo de limpieza y clips para carriola, imprescindible para",$984.07,Bebé,Salud y Cuidado Personal,2025-10-10T17:03:57.877Z
B0F9W34P3Y,"YOcity - Organizador de lazos para el pelo con arco iris, pinzas para el pelo, para niñas, diadema de bebé, accesorios para el cabello, organizador para colgar en la pared para decoración de","$1,037.61",Bebé,,2025-10-10T17:03:57.877Z
B0F9PNMLFS,"GEEHUA - Bolsas para colgar en la mesita de noche, bolsa de pañales para cuna, bolsa organizadora de litera, botella de leche, bolsas de almacenamiento de baberos, organizador de pañales para colgar",$744.17,Bebé,Salud y Cuidado Personal,2025-10-10T17:03:57.877Z
B0F8VMTNLM,"Cesta de fieltro para bebé, cesta de regalo de bebé en forma de cerdo, organizador para almacenamiento de artículos esenciales para recién nacidos, artículos esenciales plegables para el baño y el",$868.68,Bebé,,2025-10-10T17:03:57.877Z
B0F7R374JT,"Bathiin - Bandeja de soporte para mano, almacenamiento mejorado de juguetes de baño, color gris","$1,043.42",Bebé,,2025-10-10T17:03:57.878Z
B0F7R2CNRW,"Elefeltclave - Contenedores de almacenamiento espacial para niños, inspiradores espaciales galaxias planetas astronautas, organizador plegable para habitación de niños, ropa de guardería, juguetes","$1,031.59",Bebé,,2025-10-10T17:03:57.878Z
B0F7QZ6CG3,"Elefeltclave Woodland Contenedores de almacenamiento para guardería, cesta plegable de almacenamiento de animales de bosque para habitación de niños, recámara, cuarto de baño, ropa de guardería","$1,050.45",Bebé,,2025-10-10T17:03:57.878Z
B0F7QWKTZ5,"Elefeltclave - Contenedores de almacenamiento para niños de larga vida para niños, cesta de almacenamiento plegable para habitación de niños, habitación de niños, baño, sala de juegos, ropa, libros de","$1,094.18",Bebé,,2025-10-10T17:03:57.878Z
B0F7QTHMGN,"Elefeltclave - Contenedores de almacenamiento para habitación de niña, en un campo de rosas, organizador plegable de cesta de almacenamiento para habitación de niñas, guardería, sala de juegos, ropa",$999.04,Bebé,,2025-10-10T17:03:57.878Z
B0F7QL13XV,"Elefeltclave - Contenedores de almacenamiento de dinosaurios de cueva para niños, lindas cestas de almacenamiento plegables de dinosaurio, para habitación de niños, recámara, cuarto de baño, sala de","$1,065.89",Bebé,,2025-10-10T17:03:57.878Z
B0F66VPDKN,"FYSUIMU - 7 divisores de tamaño de clóset de bebé de madera de ganso con bolsa de almacenamiento, organizador de clóset colgante de ganso rosa para recién nacidos a 24 meses, organizador de clóset","$1,023.97",Bebé,,2025-10-10T17:03:57.878Z
B0F63PKCS2,"FDHUIJIA - Gabinete de almacenamiento de madera, estante Montessori de 5 secciones, organizador de almacenamiento de juguetes para niños para habitaciones de niños, aula, sala de juegos, guardería","$4,527.61",Bebé,,2025-10-10T17:03:57.878Z
B0F2MC7Y1P,"Primlect - Juego de 2 alfombrillas para siesta para niños pequeños, extragrande, con almohada y manta, lavable, ligero, fácil de enrollar, perfecto para guardería, preescolar, jardín de infantes","$2,759.10",Bebé,,2025-10-10T17:04:08.651Z
B0F26ZVGL2,"THJ - Organizador de lazo para colgar para el cabello, pinzas para el cabello, lazos para el cabello para niñas, diseño bohemio de arco iris, pinzas para el cabello para la cabeza, para habitación de",$849.87,Bebé,,2025-10-10T17:04:08.652Z
B0F26YNHJB,"THJ - Organizador de lazo para colgar para el cabello, pinzas para el cabello, lazos para el cabello para niñas, diseño bohemio de arco iris, ganchos para la cabeza, para almacenamiento de la diadema",$906.45,Bebé,,2025-10-10T17:04:08.652Z
B0F223HHVF,"Evolur - Bandeja cambiadora Remy, pequeña área de almacenamiento, hecha de madera de álamo macizo, ajustada, lados cerrados y certificación ASTM","$10,018.32",Bebé,,2025-10-10T17:04:08.652Z
B0F1Y8MCFY,"Cesta de almacenamiento de patrón moderno de mediados de siglo, caja de almacenamiento grande de tela, marco de metal con asa, cesta de almacenamiento plegable para recámara, estantería","$1,381.80",Bebé,,2025-10-10T17:04:08.652Z
B0F1XLXMY7,"Paws Love - Caja de almacenamiento rectangular, gran cesta de almacenamiento plegable con asa, marcos de metal, caja de almacenamiento para organizar ropa, libros, cestas de regalo","$1,409.82",Bebé,,2025-10-10T17:04:08.652Z
B0DZXW3FMN,Organizador de bebé (verde salvia),"$1,353.51",Bebé,Salud y Cuidado Personal,2025-10-10T17:04:08.652Z
B0DYMLVDRL,"PRINKROOMY Organizador de estantería de almacenamiento con estantería frontal y 4 ruedas universales, bonito estante de almacenamiento para sala de juegos para habitación de niños y niñas, color","$4,700.56",Bebé,Muebles,2025-10-10T17:04:08.652Z
B0DYJ42XDQ,"MARYHFENVA Cesta de almacenamiento plegable, 15 x 11 x 9.5 pulgadas, plegable, para juguetes, cocina, baño, recámara, ligera y apilable","$1,300.38",Bebé,,2025-10-10T17:04:08.652Z
B0DXFLL2CG,"HAVEDAWN - Paquete de 2 organizadores colgantes de almacenamiento de juguetes de peluche en las esquinas, bolsillos de red de malla expandibles, almacena cargas de juguetes de peluche, gran exhibición","$1,170.99",Bebé,,2025-10-10T17:04:08.652Z
B0DTHY48BM,"Evolur Cozy Dreamer - Moisés de bebé en Verde, Ligero, Compacto y fácil Plegable, toldo extraíble, Lados de Malla Transpirable, Cesta de Almacenamiento Grande","$5,455.53",Bebé,,2025-10-10T17:04:08.652Z
B0DTHST4SQ,"Peaom - Cesta de almacenamiento de hojas silvestres para estantes, contenedores de almacenamiento con asas, cesta plegable para organizar, cestas de juguetes para guardería, 15 x 11 x 9.5 pulgadas","$1,230.03",Bebé,,2025-10-10T17:04:08.652Z
B0DS3YZM3Z,"Pequeñas cestas de almacenamiento de unicornio con asas, diseño de unicornio con diseño de arcoíris, cestas de almacenamiento de juguetes para niños, cesta plegable para guardería, sala de estar,","$1,191.41",Bebé,,2025-10-10T17:04:08.652Z
B0DRBRGZYD,"Zevemomo Estantería Infantil de 4 Niveles y Almacenamiento de Juguetes, estantería de Madera para niños, Almacenamiento de Juguetes con estantería para Sala de Juegos, Aula, recámara, Biblioteca,","$5,698.74",Bebé,,2025-10-10T17:04:08.652Z
B0DR1NP2RM,"RPWOBBYQ - Cajas de almacenamiento con diseño de margaritas, diseño de vacas de las tierras altas, con asa, para clóset, organizador plegable, para libros de juguetes, 15 x 11 x 9.5 pulgadas","$1,309.72",Bebé,,2025-10-10T17:04:08.653Z
B0DQTSM1QZ,"RPWOBBYQ - Cajas de almacenamiento con diseño de bandera americana, cestas de guardería con asa, clóset, organizador plegable, para libros de juguetes, 15 x 11 x 9.5 pulgadas","$1,365.67",Bebé,,2025-10-10T17:04:08.653Z
B0DQTP4LRK,"RPWOBBYQ - Hermosas cajas de almacenamiento con diseño de mariposas, cestas de guardería con asa, clóset, organizador plegable, para libros de juguetes, 15 x 11 x 9.5 pulgadas","$1,354.47",Bebé,,2025-10-10T17:04:22.482Z
B0DQTL8FBR,"Cestas de almacenamiento decorativas de fieltro rectangular para clóset, cubeta, contenedor de guardería, toallas, pañuelos, organizador de coche, bebé, perro, gato, caja de libros de juguete de",$958.83,Bebé,,2025-10-10T17:04:22.482Z
B0DN9K7DY2,"mosquitero para carriola de bebé, cubierta de mosquitero para carriola de bebé, duradera para cunas, cunas, juegos de niños y mini cuna portátil con 1 bolsa de almacenamiento (blanco, 1)",$896.71,Bebé,,2025-10-10T17:04:22.482Z
B0DJVRKBGP,"Cambiador de pañales de madera, moderno cambiador de bebé con 6 cajones de almacenamiento y almohadilla, cambiador de pañales para niños pequeños para guardería, cambiador portátil para bebé recién","$6,429.15",Bebé,Salud y Cuidado Personal,2025-10-10T17:04:22.482Z
B0DJSPT2CV,"82.7 x 59 x 59 pulgadas, hamaca de almacenamiento de animales de peluche, esquina para colgar hojas de macramé, organizador de red de animales de peluche para peluche congestionado, soporte para","$1,344.19",Bebé,,2025-10-10T17:04:22.482Z
B0DGLYCZL9,"Kodomoore - Organizador grande para pañales, cesta de almacenamiento de bebé, cubeta de guardería y organizador de coche para pañales, cesta de regalo para listas de baby shower o artículos esenciales","$1,266.71",Bebé,Salud y Cuidado Personal,2025-10-10T17:04:22.482Z
B0D9B5YXGV,"GAOMON Estantería para niños, Organizador de Almacenamiento de Juguetes con Tapa abatible y cubeta, librerías de Madera para niños, adecuadas para Sala de Juegos, habitación de los niños, recámara","$6,932.96",Bebé,,2025-10-10T17:04:22.482Z
B0D94D5BGK,"NOONKTY - Cesta de manta para sala de estar, cesta grande de almacenamiento de cuerda de algodón, 22 x 17 x 12 pulgadas, organización de almacenamiento de juguetes para bebé, decoración de habitación","$1,513.15",Bebé,,2025-10-10T17:04:22.483Z
B0D6YWCQZT,"Bagmrteho - Cesta de almacenamiento tejida de algodón natural para organizar, pequeñas cestas ovaladas de Pascua, cesta pequeña para Montessori, cestas decorativas ovaladas de lino, divisores de",$958.04,Bebé,,2025-10-10T17:04:22.483Z
B0D5TY1P36,Closet Essentials Recipiente plegable para almacenamiento,$927.90,Bebé,,2025-10-10T17:04:22.483Z
B0D5CZQCDD,"OMFUNS - Cesta rectangular de almacenamiento para luna y estrellas, estilo clásico, plegable, con asas, organizador grande, cajas de juguetes, estante de guardería, cesta de lavandería, decoración del","$1,388.12",Bebé,,2025-10-10T17:04:22.483Z
B0D5BCBP8M,"OMFUNS - Cesta rectangular de almacenamiento de murciélago arco iris, diseño de murciélago, diseño de luna de Halloween, cubos de almacenamiento plegables con asas, cajas grandes organizadoras, cajas","$1,267.07",Bebé,,2025-10-10T17:04:22.483Z
B0D5B81FQ5,"OMFUNS - Cesta rectangular de almacenamiento para tractores, camiones, coches, cubos de almacenamiento plegables con asas, grandes cajas organizadoras, estanterías de juguetes, clóset, guardería,","$1,580.26",Bebé,,2025-10-10T17:04:22.483Z
B0D59ZQ7SG,"Pantryily Caja de juguetes extragrande para niñas, cajas organizadoras plegables de almacenamiento de juguetes para niños, cestas de almacenamiento para sala de estar, sala de juegos, clóset, 35.8 x","$1,620.10",Bebé,,2025-10-10T17:04:22.483Z
B0D1VCNXF1,"Saiories - Organizador de lazos para el cabello para niñas - Organizador de accesorios para el cabello de macramé con 20 ganchos de metal y 7 eslingas - Almacenamiento para colgar en la pared,","$1,177.06",Bebé,,2025-10-10T17:04:22.483Z
B0CS48D5HS,"BROLEO Funda Opaca para bebé, Funda Opaca para Cuna, Ventana Rápida, Versátil, Cómoda, Transpirable, Ajuste Perfecto, Cremalleras Dobles Elásticas para Exteriores (96 * 69 * 47CM)","$1,313.60",Bebé,,2025-10-10T17:04:34.221Z
B0CQNY69R7,"YETTASBIN - Cesta de cuerda de algodón de flores silvestres con diseño de flores silvestres grande y redonda para bebé, manta de juguete, almacenamiento de libros, para recámara, baño, decoración del","$1,309.10",Bebé,,2025-10-10T17:04:34.222Z
B0CPJGRD74,"SPOFLYINN - Organizador de Almacenamiento de Juguetes para niños con 6 contenedores extraíbles, Multiusos, 3 Niveles, para recámara, Sala de Juegos, Sala de Estar, Color Amarillo","$5,472.98",Bebé,,2025-10-10T17:04:34.222Z
B0CKVJSVM6,"oceanside Funda De Colchón, Tela Oxford Impermeable, Bolsa De Colchón Extraíble, Funda De Almacenamiento De Colchón Reutilizable para Interiores Y Exteriores(208 * 40.6 * 200.6cm)","$1,959.15",Bebé,,2025-10-10T17:04:34.222Z
B0CFBH7WQK,"TOOKYLAND - Caja de almacenamiento de juguetes de madera - Pecho superior y banco de asientos con tapa, bisagra de seguridad, pizarrón y pegatinas, organizador de juguetes para niños de 3 años +","$4,585.29",Bebé,,2025-10-10T17:04:34.222Z
B0C7Z5VCLP,"Funky Qiu - Cesta de almacenamiento con diseño de cactus y flores, botánica, grande, con asa, plegable, Canastos Organizadores de tela para guardería, recámara, 15 x 11 x 9.5 pulgadas, 1 paquete","$1,337.39",Bebé,,2025-10-10T17:04:34.222Z
B0C33PCB3Q,"Funky Qiu - Cesta de almacenamiento de oso de animales del bosque con asa plegable, organizador de tela para guardería, recámara, 15 x 11 x 9.5 pulgadas, 1 paquete","$1,393.70",Bebé,,2025-10-10T17:04:34.222Z
B09WMLHG9J,"HUXINO Cesta de almacenamiento, diseño de dinosaurios de animales lindos, caja de almacenamiento plegable para ropa, juguetes, cesta de lavandería para estantes, clóset, habitación de los niños, paquete de 2","$2,672.39",Bebé,,2025-10-10T17:04:34.222Z
B09KT7HRL9,"Juego de ropa de cama de 3 piezas con temática deportiva azul para cuna de bebé, bordado, con temática deportiva, juego de ropa de cama, 1 edredón, 1 sábana bajera, 1 bolsa de almacenamiento de pañales","$2,971.11",Bebé,,2025-10-10T17:04:34.222Z
B09K658JJY,"Cesta cambiadora para bebé – Moisés cesta cambiadora y almohadilla de espuma gruesa con funda de colchón de algodón extraíble, 100% algodón, decoración de guardería en color arcoíris con bolsa de almacenamiento","$2,607.03",Bebé,,2025-10-10T17:04:34.222Z
B097QLD2L2,"Noah's Ark - Juego de ropa de cama para cuna, diseño de animales, color azul y gris","$2,680.85",Bebé,,2025-10-10T17:04:34.222Z
B097P18T6Z,"Juego de ropa de cama de cuna de Noah's Ark, 5 piezas, color azul y gris con temática de animales, juego de ropa de cama + falda, sábana bajera + bolsa de almacenamiento de pañales + cenefa de ventana","$3,325.88",Bebé,,2025-10-10T17:04:34.222Z
B096MW8TP6,"Juego de ropa de cama de cuna de Noah's Ark, 6 piezas, color azul y gris con temática de animales, juego de ropa de cama + falda, sábana bajera + bolsa de almacenamiento de pañales + manta + cenefa de ventana","$3,889.75",Bebé,,2025-10-10T17:04:34.223Z
B09667QQX1,"Juego de ropa de cama de 6 piezas con diseño de elefante, color morado, bordado violeta, con temática de elefante, sábana bajera, falda, bolsa de almacenamiento de pañales, funda cambiante, cenefa de ventana, 28 x 52 pulgadas","$5,837.79",Bebé,,2025-10-10T17:04:34.223Z
B0841YRLPY,"Foundations SafeSwing - Cambiador de guardería, anteriormente SafetyCraft, gabinete de madera duradera con 2 estantes integrados, almacenamiento con bisagras de cierre suave, incluye almohadilla de","$15,149.76",Bebé,Salud y Cuidado Personal,2025-10-10T17:04:34.223Z
B07Q32K4B9,Bolsa colgante para pañales de cuna con diseño de elefante verde (elefante verde),"$1,457.67",Bebé,Salud y Cuidado Personal,2025-10-10T17:04:34.223Z
B07B6WKBL2,"Cesta de almacenamiento de cuerda de algodón con tapa, cestas tejidas grandes y asas de 15 x 13 pulgadas, para guardería, lavandería, cesta redonda blanca, piso de sala de estar en casa, contenedores","$2,454.82",Bebé,,2025-10-10T17:04:48.691Z
B006UEYL3C,Mickey Mouse Collapsible Canvas Storage - Blue by KidsLine,"$1,414.58",Bebé,,2025-10-10T17:04:48.692Z
B004I991L8,"SheetWorld - Funda de Almohada de Viaje cómoda, 100% percal de algodón Suave, Color Lila","$1,037.61",Bebé,,2025-10-10T17:04:48.692Z
B0CN3PX5ZY,"Organizador de ropa de cama plegable, contenedores de almacenamiento para sábanas, fundas de edredón y fundas de almohada, mantas, ropa paquete de 2 (Queen o King) (flor retro)","$1,101.48",Blancos para el Hogar,,2025-10-10T17:07:37.298Z
B0DY7DS399,RYTTGOP Bolsas de colchón moverse y Almacenamiento Reutilizable a Prueba de Agua a Prueba de Agua Oxford Bolchs con manijas (208 * 160 * 38 cm),"$2,891.37",Blancos para el Hogar,,2025-10-10T17:07:37.298Z
B0F1KY6LHQ,MCXYEM - Elevador de cama para ajuste de altura de muebles (FTX 4 pulgadas (juego de 4),"$1,283.85",Blancos para el Hogar,,2025-10-10T17:07:37.298Z
B0FD3NXP64,"PANIED - Toldo de cama de princesa arcoíris para niñas, mosquitero para cama individual/matrimonial/queen, red de cama colgante, decoración de recámara con kit para colgar, toldo de viaje fácil de","$1,039.14",Blancos para el Hogar,,2025-10-10T17:07:37.298Z
B0F43F8D3K,"Amélie Home - Almohada de lectura de piel sintética con bolsillo para sentarse en la cama, adulto, almohada de respaldo con funda lavable para descansar, estudiar y relajarse, color marfil 25.5","$2,575.90",Blancos para el Hogar,Meses sin Intereses,2025-10-10T17:07:37.298Z
B07R4FSVQ2,"Sevender Furniture Lifter 4 elevadores de Muebles de 10 x 7 x 8,5 cm, de Madera de Color Natural, para Mesa de computadora, Cama, Elevador para 4 cm de Ancho, pies de hasta 5 cm de elevación","$1,127.93",Blancos para el Hogar,Cocina,2025-10-10T17:07:37.298Z
B0FF23QQVS,"Puacino - Juego de 2 fundas de almohada para Halloween, 18 x 18 pulgadas, diseño de cuervo y calabaza, estampado de doble cara, fundas de cojín decorativas para sofá cama, decoración rústica gótica de",$844.56,Blancos para el Hogar,,2025-10-10T17:07:37.298Z
B0FB9DBYW5,"Almohada de espuma viscoelástica para el cuello en forma de U con funda de transporte compacta, ideal para aviones, viajes en coche y vuelos largos, artículos esenciales de viaje","$1,364.47",Blancos para el Hogar,,2025-10-10T17:07:37.299Z
B0F3DMW116,"Cowenhey - Libro de almohada de la Biblia que se abre, regalo de fiesta religiosa de la Santa Biblia cristiana, almohada decorativa de habitación para recámara, sala de estar (rojo)","$1,101.48",Blancos para el Hogar,,2025-10-10T17:07:37.299Z
B0DP47MBLH,"ZZzones Flex - Almohada ajustable personalizable. Soporte firme plano flexible pendiente de patente, formas ajustables, opciones de grosor y zonas de apoyo, funda suave y transpirable, tamaño Queen,","$4,079.87",Blancos para el Hogar,,2025-10-10T17:07:37.299Z
B0CYSW4W2N,"ACAETYT - Bomba de aire recargable USB para bolsas de almacenamiento al aspiradora, mini bomba eléctrica portátil inalámbrica para inflar flotadores de piscina, bote de aire, colchón de aire, anillo",$793.15,Blancos para el Hogar,,2025-10-10T17:07:37.299Z
B0C3HRM9C2,"JustBlanks 8 bandas organizadoras de sábanas – Organización de clóset de sábanas – Organizador de juego de sábanas para clóset de lino, correas elásticas para sábana plegable, etiqueta de almacenamiento para ropa de cama (King)",$796.75,Blancos para el Hogar,Cocina,2025-10-10T17:07:37.299Z
B0F6LMSQFK,"AmyWtb - Almohada ergonómica para juegos y regazo en forma de U, almohada de ganchillo y soporte de lectura con alivio de brazos, comodidad para jugadores, artesanos y amantes de los libros (rosa)","$1,744.62",Blancos para el Hogar,,2025-10-10T17:07:37.299Z
B0CH6JPMHD,AURLOE Bandas de almacenamiento para sábanas (paquete de 4 unidades),$793.15,Blancos para el Hogar,Cocina,2025-10-10T17:07:37.299Z
B0FLD4RMY8,"YDBDAT - Juego de 2 fundas de almohada de Halloween de 18 x 18 pulgadas, fundas de almohada de felpa suave con patrón de murciélagos de lana sintética para sala de estar al aire última intervensión",$929.52,Blancos para el Hogar,,2025-10-10T17:07:37.299Z
B0DP1KSCRV,"Omy Original - Almohada inflable gigante para piso, lata de soda, fácil de inflar, uso como cojín o como decoración","$1,402.09",Blancos para el Hogar,,2025-10-10T17:07:48.193Z
B0F389RXT1,"Juego de 2 fundas de almohada de flores para primavera y verano, tulipán, bordadas, 18 x 18 pulgadas, decoración de granja, color crema y blanco, suave, de piel sintética, jacquard de felpa para sofá",$973.21,Blancos para el Hogar,,2025-10-10T17:07:48.193Z
B0DSPWGMZP,"strusery - Almohada de lectura de cuña para apoyo de espalda, cómodo cojín de cama para sentarse, funda de terciopelo azul extraíble (azul)","$3,318.11",Blancos para el Hogar,Meses sin Intereses,2025-10-10T17:07:48.193Z
B0DRCWLL2W,"4 bandas organizadoras de sábanas elásticas para sábanas, organizador y almacenamiento con correas ajustables para ropa de cama, organizador de sábanas para clóset, ropa de cama para recámara (3.3",$784.09,Blancos para el Hogar,,2025-10-10T17:07:48.193Z
B0FGCYF7DP,"Comfy Reading Pillow with Armrests & Neck Roll, Back Support Cushion for Bed/Sofa/Floor, Washable Pillowcase with Storage Pocket, Ideal for Relaxing & Watching TV(75x40x50cm(without headrest))","$2,746.56",Blancos para el Hogar,,2025-10-10T17:07:48.193Z
B0FGCW14VX,"Extra-Large Back Support Reading Pillow with Armrest & Neck Support, Ergonomic Lumbar Cushion for Bed, Gaming, & Relaxation – Washable Cover & Storage Bag(Jade Green,75cmx40cmx50cm (without headrest))","$2,541.48",Blancos para el Hogar,,2025-10-10T17:07:48.193Z
B0FMRSF171,"ZCQGAH - Soporte ergonómico para el cuello de 360°, diseño curvado que se ajusta perfectamente alrededor de tu cuello, evitando la inclinación de la cabeza y reduciendo la tensión durante el viaje o","$1,776.22",Blancos para el Hogar,,2025-10-10T17:07:48.193Z
B0FMRRWPW4,"ZCQGAH - Soporte ergonómico para el cuello de 360°, diseño curvado que se ajusta perfectamente alrededor de tu cuello, evitando la inclinación de la cabeza y reduciendo la tensión durante el viaje o","$1,776.22",Blancos para el Hogar,,2025-10-10T17:07:48.194Z
B0FKB9M495,Portabuddy - Almohada de cuña,"$2,048.75",Blancos para el Hogar,,2025-10-10T17:07:48.194Z
B0FD6LGZFW,"TripHug - Almohada para el cuello de viaje | Almohada para el cuello de espuma viscoelástica, almohada portátil en forma de U con soporte para el cuello, cubierta transpirable y lavable, compacta para","$1,128.02",Blancos para el Hogar,,2025-10-10T17:07:48.194Z
B0F9T36ZMZ,"Puacino Juego de 2 fundas de almohada de gallo, de 18 x 18 pulgadas, con estampado de doble cara, fundas de cojín de bienvenida de granja, decoración de aves de corral de pollo de campo para sofá",$953.28,Blancos para el Hogar,,2025-10-10T17:07:48.194Z
B0F9DWDFTX,"Almohadas de lectura para sentarse en la cama para adultos, almohada de espalda para cama sentada, almohadas de marido con espuma triturada para adultos y adolescentes, almohada de apoyo para respaldo","$1,863.38",Blancos para el Hogar,Meses sin Intereses,2025-10-10T17:07:48.194Z
B0F913PQZW,"DONGPROM - Manta de vaca de las tierras altas rústica de estilo pastoral rodeada de flores silvestres ligeras mantas de franela para camping, sofá, silla, oficina, cama, decoración del hogar, regalos","$1,271.65",Blancos para el Hogar,,2025-10-10T17:07:48.194Z
B0F8ZZ7B5F,"DONGPROM - Manta de estilo gótico con luna y fondo rojo, manta de franela ligera para camping, sofá, silla, oficina, cama, decoración gótica de Halloween, regalos para adultos, 60 x 50 pulgadas","$1,441.88",Blancos para el Hogar,,2025-10-10T17:07:48.194Z
B0F7QJXX8M,"HOMESURE - Paquete de 2 bolsas de colchón para mudanza y almacenamiento con 8 asas, funda de colchón para mudanza, resistente, cierre de cierre fuerte, suministros de mudanza y bolsa de mudanza","$2,432.77",Blancos para el Hogar,,2025-10-10T17:07:48.194Z
B0F4DB19XT,"GOUTO - Almohada de apoyo lumbar y cuello con forma de hueso blanco, almohada lavable para reposacabezas en casa, oficina, coche, 19.7 x 11.8 pulgadas","$2,673.97",Blancos para el Hogar,,2025-10-10T17:07:48.194Z
B0DZGL9KH1,"Mixtrend - Almohada lumbar inflable de viaje con espuma viscoelástica, almohada de apoyo de espalda para vuelo largo, almohada esencial de apoyo de viaje para mujeres, hombres y niños (lavanda)","$1,341.74",Blancos para el Hogar,,2025-10-10T17:08:01.857Z
B0DQCZHKJ8,"Memfydu Almohada de lectura de piel sintética gris con bolsillos, decoración de felpa a rayas de lujo, reposabrazos y soporte de espalda para reposo en cama, descanso en el sofá, tamaño extragrande","$2,000.47",Blancos para el Hogar,Meses sin Intereses,2025-10-10T17:08:01.857Z
B0DPM66M3F,"Daneey - 3 almohadas de espalda para sentarse en la cama, almohada de lectura de cuña para cama para apoyo de espalda para adultos, almohada de espalda para sofá, cama, respaldo, almohada de","$6,461.14",Blancos para el Hogar,,2025-10-10T17:08:01.857Z
B0DMW3T3ZR,"Erubry - Bolsa de colchón estándar Queen para mudanzas y almacenamiento a largo plazo, a prueba de humedad, impermeable, a prueba de polvo, reutilizable, 1 paquete",$927.11,Blancos para el Hogar,,2025-10-10T17:08:01.857Z
B0DFPYZGZQ,"Manta de fútbol estilo fútbol, manta de 50 x 40 pulgadas, regalo para hombres y niños, suave franela roja sofá cama","$1,254.38",Blancos para el Hogar,,2025-10-10T17:08:01.857Z
B0D9JRHQBF,"Luxmars - Almohada de lectura con rollo de cuello desmontable y almohada de respaldo de cama grande para cama con brazos y bolsillo lateral, perfecta para apoyo de espalda mientras te relajas, juegas","$1,686.34",Blancos para el Hogar,,2025-10-10T17:08:01.858Z
B0D89YWY85,"Huglanket Vizsla - Regalos para mujeres y hombres, manta con capucha, regalos para perro, mamá, perro, papá en cumpleaños, Navidad, talla única, estampado completo, Beige, Talla única","$1,601.73",Blancos para el Hogar,,2025-10-10T17:08:01.858Z
B0D7ZSQ4QK,"Almohadilla de colchón con calefacción completa, doble control eléctrico con 4 ajustes de calor y 10 horas de apagado automático, calentador de cama con capa de aire, lavable a máquina, 54 x 75","$2,911.88",Blancos para el Hogar,,2025-10-10T17:08:01.858Z
B0D5Y6BWT6,"Bolsas de colchón para mudanza y almacenamiento, funda de colchón impermeable para mudarse con asas resistentes, cremalleras, bolsa de almacenamiento reutilizable para colchón (196 x 107 x 38 cm)","$1,702.99",Blancos para el Hogar,,2025-10-10T17:08:01.858Z
B0D3X2PWS9,"Dreamique - Manta con capucha para adultos, de gran tamaño, forro polar Sherpa con capucha, ideal como regalo para mujeres, hombres y niños","$1,843.37",Blancos para el Hogar,,2025-10-10T17:08:01.858Z
B0D2ZWG42J,"Bolsa de colchón – Bolsa de colchón de plástico para almacenamiento en mudanza, impermeable, protector de colchón resistente para mudanzas","$1,012.23",Blancos para el Hogar,,2025-10-10T17:08:01.858Z
B0D1Q8SSYT,"Dongyuanwenju - Manta gruesa de color sólido para sofá, manta de oficina con aire acondicionado, manta de viaje, manta de primera clase (azul)","$1,838.61",Blancos para el Hogar,,2025-10-10T17:08:01.858Z
B0D1NHW4HR,Blue and Honey Home Organizador de sábanas y almacenamiento – Bandas organizadoras de sábanas elásticas y duraderas para una fácil organización del clóset de lino – Acceso a las sábanas fácilmente –,$840.40,Blancos para el Hogar,,2025-10-10T17:08:01.858Z
B0CRYMHLSK,Bundlewize - Organizadores y almacenamiento de sábanas,"$1,935.36",Blancos para el Hogar,,2025-10-10T17:08:01.858Z
B0CKQCLHWD,"SyyBhb - Cojines de repuesto con bolsillo de almacenamiento, 5 piezas, terciopelo suave grueso, lavable, antideslizante, universal para uso en mecedora, gris claro","$6,534.62",Blancos para el Hogar,,2025-10-10T17:08:01.858Z
B0CK5JDHH3,"Living - Mecanismo de elevación de cama, kit de elevación de sofá, elevador de almacenamiento de cama, juego de resorte de gas para cama de almacenamiento, cama de metal ajustable, elevador de cama","$2,145.00",Blancos para el Hogar,,2025-10-10T17:08:01.859Z
B0CHNYW31B,"LEAYATST - Bandas organizadoras de sábanas de 8 piezas, organizador de almacenamiento de sábanas elástico para clóset de lino, etiquetas de sábanas para organizar (King individual Full Queen)",$953.28,Blancos para el Hogar,,2025-10-10T17:08:11.278Z
B0CD892MCY,"Bolsa de colchón Queen para almacenamiento en movimiento, impermeable, reutilizable, con 8 asas, doble cierre, resistente, azul brillante","$1,930.72",Blancos para el Hogar,,2025-10-10T17:08:11.278Z
B0CC4PDW6Z,"Weensmeil - Organizador de sábanas plegable moderno, paquete de 2 cajas de almacenamiento de sábanas tamaño Queen/King, color gris","$1,084.24",Blancos para el Hogar,,2025-10-10T17:08:11.278Z
B0C839QJGV,"HEST - Funda de almohada de viaje - Almohada ajustada con diseño superpuesto - nailon elástico de rendimiento, 13 x 17 pulgadas","$1,037.87",Blancos para el Hogar,,2025-10-10T17:08:11.278Z
B0C7L4TC4X,"iinfinize - Funda de almohada hecha a mano con diseño clásico de retazos de 18 pulgadas, con cierre de cierre, para interiores y exteriores, funda de cojín (beige)","$1,432.29",Blancos para el Hogar,,2025-10-10T17:08:11.278Z
B0C7KQYV7V,"Kelofty - 4 organizadores de sujeción de sábanas – Bandas de almacenamiento para ropa de cama, organizador de sábanas, etiquetas de sábanas, correas ajustadas, bandas elásticas para ropa de cama para suministros de recámara del hogar",$726.46,Blancos para el Hogar,,2025-10-10T17:08:11.278Z
B0BJDNV768,"PAMYO Bolsa de colchón para mudanza y almacenamiento, tamaño Queen, impermeable, reutilizable, con asas con cierre, resistente, color gris","$2,447.16",Blancos para el Hogar,Cocina,2025-10-10T17:08:11.278Z
B09FS9WC5N,"Funda de almohada de seda para cabello y piel, funda de almohada de seda de morera natural de 19 momme con cierre de cierre oculto, tamaño Queen de 20 x 30 pulgadas, suave y lisa, funda de almohada 100% seda (blanco marfil, 1 unidad), bolsa de almacenamiento","$1,347.70",Blancos para el Hogar,Cocina,2025-10-10T17:08:11.278Z
B07KSGL8Y1,"DK Homewares - Cojín Redondo de algodón con diseño de Patchwork, Color Verde Oscuro","$1,415.90",Blancos para el Hogar,,2025-10-10T17:08:11.278Z
B07DH21MQL,"JOERRES Funda de almohada de trigo de moto – Tamaño de viaje 19inX 7inX 3in – Hecho con algodón orgánico, Gris, Pequeño",$868.68,Blancos para el Hogar,,2025-10-10T17:08:11.279Z
B005GFM2MI,Handy Trends Kid's Inflatable Bed Inflates in Less Then 4 Minutes Includes Powerful Electric Pump Plus Storage Bag,"$2,088.16",Blancos para el Hogar,,2025-10-10T17:08:11.279Z
B002HJ8X9W,"Premium Blanket Rack-Large 32""","$2,391.91",Blancos para el Hogar,,2025-10-10T17:08:11.279Z
B09828LCW6,"SamiraL - Kit de almohada de viaje con espuma viscoelástica pura, máscara de ojos contorneada 3D, tapones para los oídos y bolsa de lujo","$1,221.09",Cocina,"Ropa, Zapatos y Accesorios",2025-10-10T17:08:21.839Z
B0DQSG546K,"APT 1101 Dispensador de alimentos de bambú | Organizadores de cocina y almacenamiento | Organizadores herméticos de despensa y contenedor de almacenamiento | Cereales, arroz, harina, almacenamiento de","$2,162.92",Cocina,,2025-10-10T17:08:21.839Z
B0C45RL21T,"FHTWRR Paquete de 2 marcos de arte para niños con almacenamiento, marcos de arte para niños de apertura frontal, marcos de fotos abiertos para dibujos infantiles, obras de arte para niños (negro)","$1,637.18",Cocina,Decoración del Hogar,2025-10-10T17:08:21.839Z
B0FCDZYNL1,"QOWOEO - Paquete de 12 recipientes de almacenamiento de vidrio, transparentes, apilables, para almacenamiento de alimentos, hogar, cocina y despensa, apto para microondas/congeladores/lavaplatos","$2,477.05",Cocina,,2025-10-10T17:08:21.839Z
B0D7HF43Z4,"GGIU - Estante magnético para nevera con tapa de madera: paquete de 2 cubos de almacenamiento de frutas y cebolla, estante magnético para especias para refrigerador y encimera de cocina, organizadores","$2,026.04",Cocina,,2025-10-10T17:08:21.839Z
B0DQTH8XH6,"Sellador al aspiradora de mano para alimentos, máquina selladora al aspiradora compacta, portátil y recargable, incluye 20 bolsas selladoras al aspiradora reutilizables, ideales para conservación","$1,364.47",Cocina,Herramientas y Mejoras del Hogar,2025-10-10T17:08:21.840Z
B0FJ5TPHMP,"ADECTA Recipientes de almacenamiento de galletas apilables de 4 capas con tapas y asa, contenedores de almacenamiento de galletas sin BPA, portador de galletas con tapa y asa, contenedor de","$1,575.04",Cocina,,2025-10-10T17:08:21.840Z
B0CYT22961,"SiliFine - Tarro de cristal para sales de baño de 94 onzas con tapa de madera, recipiente de sal de baño con cuchara, accesorios herméticos para bañera para mujer","$1,414.02",Cocina,,2025-10-10T17:08:21.840Z
B0FK4MRQF8,"Dispensador de platos de papel, 2 unidades, 7-12 pulgadas, organizador de almacenamiento de platos desechables para gabinetes, encimeras o casas rodantes, acrílico transparente para ahorro de espacio","$1,029.93",Cocina,,2025-10-10T17:08:21.840Z
B0F2SB6FL6,"APT 1101 - Dispensador de alimentos de 2 litros, organizadores de cocina y almacenamiento, recipientes de alimentos y dispensador de cereales para organización de despensa y contenedor de","$2,106.19",Cocina,,2025-10-10T17:08:21.840Z
B0DBHYJ5WF,"ARMRESTO - Reposabrazos multifuncional extraíble con soporte para tazas, reposabrazos de sofá con soporte de carga inalámbrico, organizador de sofá con almacenamiento, equipado con luz LED de lectura","$4,337.41",Cocina,,2025-10-10T17:08:21.840Z
B0F62H5L34,"Máquina selladora al aspiradora, selladora de alimentos selladora al aspiradora para alimentos 80 KPA, sellado automático 8 en 1, modo seco/húmedo con cortador integrado y almacenamiento, cuenta","$3,136.84",Cocina,,2025-10-10T17:08:31.421Z
B0CJJ9KLMY,"GAOMON - Estantería y estantería de juguetes para niños y niñas, multiestante con cubito organizador para almacenamiento de libros y juguetes, para niños, recámara, sala de juegos, pasillo, escuela de","$6,838.04",Cocina,Muebles,2025-10-10T17:08:31.421Z
B0FM7WY6ZK,"Soporte de paja de acrílico de 9.5 pulgadas para puerta de gabinete, 2 piezas ultra adhesivas para clóset montado en la puerta, organizador reutilizable para pequeños accesorios de cocina que",$793.15,Cocina,,2025-10-10T17:08:31.421Z
B0FL23KNFZ,"Keechee - Tablas de cortar de bambú aptas para lavaplatos, duraderas y ligeras, para cocina ocupada, fácil almacenamiento y limpiar tablas de cortar de madera con ranura para jugo, juego de 2 (M+S)","$1,833.21",Cocina,,2025-10-10T17:08:31.421Z
B0FF4SGMCG,Soporte para bolsa de basura,"$1,535.36",Cocina,,2025-10-10T17:08:31.421Z
B0DRN48VXK,"Kutesna - Contenedores de almacenamiento apilables, 2 tamaños, 4 unidades","$1,597.18",Cocina,,2025-10-10T17:08:31.421Z
B0D9FMHHFJ,"Lixple - Organizador de cajones de bambú, organizador de cubiertos para cajón de cocina, organizador de utensilios apilables, 2 organizadores de cubiertos para cajón, bandeja de madera para caja de","$1,359.95",Cocina,,2025-10-10T17:08:31.421Z
B0CKS3RNF1,"Paquete de 2 marcos de arte para niños intercambiables de 10 x 12,5 W, colgadores, 2 alfombrillas para 9 x 12 pulgadas, A4, 8.5 x 11 pulgadas, proyectos de arte para niños, marcos de arte para niños,","$1,724.14",Cocina,Decoración del Hogar,2025-10-10T17:08:31.421Z
B07L51777K,"Pasargad Home Grandcanyon Collection Puf de algodón, 43 cm de Ancho x 43 cm de Largo x 43 cm de Alto, Color Marfil","$8,155.79",Cocina,,2025-10-10T17:08:31.422Z
B01MQOECY6,"Wooden Shoe Designs Arizona - Mapa de Corcho para Vino, Color café","$1,838.61",Cocina,"Industria, Empresas y Ciencia",2025-10-10T17:08:31.422Z
B00GTQYZ6O,Contender c14509 20 bandeja de almacenamiento sin bandejas,"$17,125.35",Cocina,,2025-10-10T17:08:31.422Z
B00GTQ37S6,"Madera diseños wd13900 libro visualización Rack, 20.3 x 61 x 25.4 cm (H x W x D)","$5,337.52",Cocina,,2025-10-10T17:08:31.422Z
B000P93Q8E,"Sanko PE #20 - Recipiente de almacenamiento de condimentos, color blanco","$2,044.40",Cocina,,2025-10-10T17:08:31.422Z
B0F1F3MLN7,"[Paquete de 2] Marcos de arte para niños, 8.5 x 11 pulgadas, apertura frontal para niños, marcos de arte cambiables, marco de almacenamiento para pared, capacidad para 50 piezas, para imágenes 3D","$1,478.39",Decoración del Hogar,,2025-10-10T17:08:42.921Z
B0F2FHKZ5V,"Scholartree - Marcos de arte para niños, paquete de 2 marcos de 8.5 x 11 pulgadas, apertura frontal para niños, marco de almacenamiento para pared, capacidad para 100 dibujos, grano de madera natural","$1,143.86",Decoración del Hogar,,2025-10-10T17:08:42.921Z
B0FGQL7VX2,"COQIRAUSEN - Estatuas de overol con globo, decoración del hogar, decoración de cerámica, bonita escultura decorativa, decoración moderna coleccionable, para sala de estar, estante, computadora de",$906.45,Decoración del Hogar,Meses sin Intereses,2025-10-10T17:08:42.921Z
B0CLVZ4NKP,"3 libros de imitación para decoración, libros de lujo para decoración del hogar, mesa de centro decorativa de entrada, libros apilados (color blanco, azul, café, colores pastel)","$1,472.47",Decoración del Hogar,,2025-10-10T17:08:42.921Z
B0CHF8VZLT,"Barydat - Juego de 5 cajas de madera para exhibir cajas decorativas de madera con asas, cajas decorativas de estilo clásico de granja, cajas multiusos para frutas, verduras (color café, clásico)","$2,656.58",Decoración del Hogar,,2025-10-10T17:08:42.921Z
B0FDFCR7GQ,"KANEODOT - Reloj de mesa de madera clásico con caja fuerte oculta, compartimento secreto para dinero, joyas, anillos, relojes y almacenamiento de armas, reloj de mesa antiguo con pilas para sala de","$2,080.19",Decoración del Hogar,,2025-10-10T17:08:42.921Z
B0DW43QCKK,"Threehoney - 2 marcos de arte festoneados para niños, intercambiables, 8.5 x 11 pulgadas, apertura frontal, marco de trabajo para niños, color blanco para colgar fotos 3D, portafolios de","$1,595.25",Decoración del Hogar,,2025-10-10T17:08:42.921Z
B0CSN52V7K,"Marcos de arte para niños cambiables, paquete de 2 [madera maciza] Marco de arte para niños, 8.5 x 11 pulgadas, marco de almacenamiento para pared, capacidad para 150 piezas, para arte 3D,","$1,337.39",Decoración del Hogar,,2025-10-10T17:08:42.922Z
B0CKFD5KQV,"Li'l Davinci - clóset de arte de hasta 50 piezas de arte de 9 x 12 pulgadas, marco exterior de madera de 11.7 x 14.8 pulgadas, marco de arte para niños, apertura frontal, cuelga vertical u horizontal, blanco, paquete de 6","$8,983.75",Decoración del Hogar,,2025-10-10T17:08:42.922Z
B0FK4Z7GYG,"ABCHIOPQ2 - Marco de arte para niños, color azul, apertura frontal de 8.5 x 11 pulgadas, marco de arte de madera para niños, intercambiable, montado en la pared o de pie para niños, con capacidad para","$1,212.88",Decoración del Hogar,,2025-10-10T17:08:42.922Z
B0F6T525T1,"ZTGDA - Arte de pared de estilo clásico con diseño de gato negro, retrato de steampunk, marco magnético para colgar de madera (Crow-01)",$953.28,Decoración del Hogar,,2025-10-10T17:08:42.922Z
B0DSSG66GB,"Marcos de arte para niños, apertura frontal A4, marco de fotos para niños, muestra imágenes en retrato u paisaje, marcos de almacenamiento para niños, dibujo y manualidades, capacidad para 150 piezas","$1,015.40",Decoración del Hogar,,2025-10-10T17:08:42.922Z
B0CKXDSGX8,"Ciyar - Marcos de arte para niños, diseño magnético de apertura frontal para álbum A4, 8.5 x 11, 10 x 12.5 pulgadas, capacidad para 150 piezas de papel (8.5 x 11, madera, 2 unidades)","$1,337.39",Decoración del Hogar,,2025-10-10T17:08:42.922Z
B0CF9W9SW9,"sixzerone - Paquete de 2 marcos de arte cambiables para niños, apertura frontal, capacidad para 150, 10 x 12,5, marco de arte infantil con almacenamiento para exhibición, obra de arte infantil (negro)","$1,643.97",Decoración del Hogar,,2025-10-10T17:08:42.922Z
B0CBLM98BH,"COSHNIBI - Marco de arte para niños, madera compuesta, vidrio inastillable, negro, marco de fotos para niños, colocación de computadora, marco de fotos 2 en 1 montado en la pared (paquete de 2)","$1,709.87",Decoración del Hogar,,2025-10-10T17:08:55.505Z
B09TFVB7T5,"LIVDUCOT - Pila de libros de madera para decoración de casa de campo, apilados de libros de imitación rústicos, libros de madera para decoración moderna del hogar, libros apilados para mesas de café,","$1,348.53",Decoración del Hogar,,2025-10-10T17:08:55.505Z
B0DPJYLFSN,"TEENFON clóset de almacenamiento para fregadero con pedestal, gabinete debajo del fregadero con 2 puertas y estante de almacenamiento, organizador debajo del baño para baño, verde bosque","$4,141.17",Herramientas y Mejoras del Hogar,"Industria, Empresas y Ciencia",2025-10-10T17:05:02.463Z
B09TXC5GVT,"Paquete de 5 cajas de almacenamiento cortas para cómics, marca Woodhaven Trading Firm","$2,231.95",Herramientas y Mejoras del Hogar,,2025-10-10T17:05:02.463Z
B08NPYS8ZL,"Mysummer - Juego de 4 elevadores de cama y muebles de 2 pulgadas, resistente, color negro, para sofá, silla, mesa para guardar debajo de la cama","$1,514.60",Herramientas y Mejoras del Hogar,"Industria, Empresas y Ciencia",2025-10-10T17:05:02.463Z
B0F5HFD9TH,"Paquete de 100 alfileres para falda de cama y tachuelas de tapicería con cabezas de hongo transparentes, diseño de giro en espiral para una fuerte sujeción de tela, arreglar faldas, fundas de cama",$755.80,Herramientas y Mejoras del Hogar,"Industria, Empresas y Ciencia",2025-10-10T17:05:02.463Z
B0F2T1QKHT,"ZHIPINHUI Lámpara de noche hecha a mano con mosaico agrietado de hielo de 8 pulgadas con base de madera LED alimentada por USB, 10 niveles de brillo y 3 temperaturas de color, decoración artística","$1,597.09",Herramientas y Mejoras del Hogar,,2025-10-10T17:05:02.463Z
B0DZ233SPD,"Ultrawall - Estante de esquí para montaje en pared, estante de almacenamiento de esquí para 8 pares de esquís","$1,884.89",Herramientas y Mejoras del Hogar,,2025-10-10T17:05:02.463Z
B0FN6VM194,ZYLARUM Muebles elevadores 6pcs | Extendentes de 4 Pulgadas de Cama y sofá de la Pierna | Risers de Muebles de plástico para Almacenamiento/Mantenimiento/Oficina en el hogar | Negro,"$2,025.02",Herramientas y Mejoras del Hogar,"Industria, Empresas y Ciencia",2025-10-10T17:05:02.463Z
B0FKZ1YPYX,"ROFBIHG 1 Par Bisagra Hidraulica con Tornillos, Cama De Sistema De Elevación, Juego De Resortes De Gas para Cama Tatami, Herrajes Cama Abatible, Bisagra Elevadora, Accesorio De Cama Color Negro(0.9m)","$4,245.69",Herramientas y Mejoras del Hogar,"Industria, Empresas y Ciencia",2025-10-10T17:05:02.463Z
B0FKZ3LYMH,"ROFBIHG 1 Par Bisagras Elevables, Cama De Sistema De Elevación, Bisagra Muelle Soporte Elevació, 1 Par Elevador De Cama con Resorte De Gas Hidráulico Tatami, Bisagra Hidraulica con Tornillos(1.2m)","$4,924.66",Herramientas y Mejoras del Hogar,"Industria, Empresas y Ciencia",2025-10-10T17:05:02.463Z
B0FHY3MSCN,"Cerlyiont - Elevador de silla de cama resistente en forma de L de 6 pulgadas, antideslizante, para aumentar el espacio de almacenamiento para recámara","$2,039.25",Herramientas y Mejoras del Hogar,"Industria, Empresas y Ciencia",2025-10-10T17:05:02.463Z
B0FH5B8XRK,"ROFBIHG Juego De Mecanismos Elevables para Cama, Paquete De 2 Mecanismos De Elevación De Cama Neumática, Bisagras De Caja De Cama, Palanca Neumática Vertical De Lujo Soporte De Cama Resistente(1.1m)","$4,422.13",Herramientas y Mejoras del Hogar,"Industria, Empresas y Ciencia",2025-10-10T17:05:02.464Z
B0FH5851BJ,"Kit De Mecanismo Hidráulico De Elevación De Cama, 1 Par Elevador De Cama con Resorte De Gas Hidráulico Tatami, Soporte De Elevación, Herrajes Cama Abatible, Cama De Sistema De Elevación(0.61m)","$3,287.45",Herramientas y Mejoras del Hogar,"Industria, Empresas y Ciencia",2025-10-10T17:05:02.464Z
B0F9P1G4H8,"Soporte Neumático De Elevación De Cama, 2 Unidades, Barra De Elevación Hidráulica Resistente, Mecanismo De Elevación De Cama De Almacenamiento, Almacenamiento Que Ahorra Espacio(Applicable to 1.8m bed","$9,704.54",Herramientas y Mejoras del Hogar,"Industria, Empresas y Ciencia",2025-10-10T17:05:02.464Z
B0F9NWJ3XJ,"2 Juegos Kit De Elevación De La Cama, Elevador De Cama Compatible De 120/150/180 cm, Kit De Hardware Mecánico De Cama Palanca Neumática Vertical Soporte De Cama Resistente Soporte Neumático(Applicable","$9,812.14",Herramientas y Mejoras del Hogar,"Industria, Empresas y Ciencia",2025-10-10T17:05:02.464Z
B0F9NQL41F,"Juego De 2 Juegos De Elevación De Cama De Resorte De Gas, Soportes De Elevación De Cama De Almacenamiento Neumático, Mecanismo De Elevación De Cama De Almacenamiento Neumático(Applicable to 1.8m bed)","$10,027.34",Herramientas y Mejoras del Hogar,"Industria, Empresas y Ciencia",2025-10-10T17:05:02.464Z
B0F9NK3LTJ,"YUQIWKK 2 Varillas Hidráulicas para Cama, Mecanismos Hidráulicos De Alta Resistencia, Bisagras Plegables con Resorte para Caja De Cama con Almacenamiento O Sofá Cama, Ahorra Espacio DIY","$3,575.89",Herramientas y Mejoras del Hogar,"Industria, Empresas y Ciencia",2025-10-10T17:05:13.040Z
B0F9NFMQB6,"Elevador De Cama Capacidad De 60/70/90 Kg, Kit De Hardware Mecánico De Cama, Soporte De Cama Resistente para Habitación De Invitados, Cama De Elevación para Abatible De 120, 150 Ó 180 cm(Applicable to","$9,973.54",Herramientas y Mejoras del Hogar,"Industria, Empresas y Ciencia",2025-10-10T17:05:13.040Z
B0F9DBW6HP,"ZZM - clóset de almacenamiento para interiores y exteriores, 34.3 x 15.1 x 33.5 pulgadas, cobertizo con 1 estante, color negro","$7,975.94",Herramientas y Mejoras del Hogar,,2025-10-10T17:05:13.040Z
B0F62MK52Q,"Mecanismo De Elevación De Cama Plegable, Bisagras De Resorte De Caja De Cama De Alta Resistencia, Soporte De Elevación De Puntal De Gas, Herrajes Cama Abatible, Amortiguadores Bisagra(Negro,620mm)","$3,134.67",Herramientas y Mejoras del Hogar,"Industria, Empresas y Ciencia",2025-10-10T17:05:13.040Z
B0F62M2SBQ,"Soportes De Elevación De Cama De Almacenamiento Neumáticos, Soporte De Elevación Neumático Hidráulico, Varilla De Soporte Hidráulico Para Tatami, Kit De Elevación, 62/80/100/120/150 Cm(Blanco,620mm)","$3,116.32",Herramientas y Mejoras del Hogar,"Industria, Empresas y Ciencia",2025-10-10T17:05:13.040Z
B0F62KW3H5,"YUQIWKK Mecanismo De Elevación De Cama Hidráulico De 2 Piezas, Kit De Hardware Mecánico De Cama Palanca Neumática, Soporte De Cama Resistente para Habitación De Invitados, Blanco/Negro(Negro,800mm)","$3,528.58",Herramientas y Mejoras del Hogar,"Industria, Empresas y Ciencia",2025-10-10T17:05:13.040Z
B0F62KM16W,"Mecanismo De Resortes De Cama Elevadora De 2 Piezas, Juego De Bisagras Con Resortes, Soporte De Elevación De Cama Amortiguador De Gas Elevador De Cama De Almacenamiento De Alta Resistencia(Blanco,1200","$4,775.49",Herramientas y Mejoras del Hogar,"Industria, Empresas y Ciencia",2025-10-10T17:05:13.040Z
B0F62DMQ5P,"YUQIWKK 2 Mecanismos De Elevación De Cama, Soportes De Elevación De Cama De Almacenamiento Neumático, Mecanismo De Elevación De Cama Plegable para Cama, Sofá, Almacenamiento, Resorte De Gas(750mm)","$3,565.51",Herramientas y Mejoras del Hogar,"Industria, Empresas y Ciencia",2025-10-10T17:05:13.040Z
B0F62927WY,"2 Mecanismos De Elevación De Cama, Amortiguadore Bisagra Elevable, Soportes De Elevación De Cama De Almacenamiento Neumático, Bisagras De Resorte Plegables, Ahorro De Espacio(6 Tamaños)(900mm)","$4,142.86",Herramientas y Mejoras del Hogar,"Industria, Empresas y Ciencia",2025-10-10T17:05:13.040Z
B0F5HHDVZ6,"MCXYEM - Elevadores de cama ajustables para muebles, resistentes de 4 o 8 pulgadas o 12 pulgadas, soportes de elevación antideslizantes para camas/sillas/sofás, diseño cuadrado duradero con espacio de","$2,031.85",Herramientas y Mejoras del Hogar,"Industria, Empresas y Ciencia",2025-10-10T17:05:13.040Z
B0F52C8YCZ,"DIYEAH - 4 elevadores de patas de muebles resistentes para cama, sofá, computadora y silla, elevadores sin muebles, aumentan la altura para una mayor estabilidad y almacenamiento y diseño debajo de la","$1,315.26",Herramientas y Mejoras del Hogar,"Industria, Empresas y Ciencia",2025-10-10T17:05:13.040Z
B0F22ZGXMF,"EXHUMKY - Elevadores de cama de alta resistencia para sofá, mesa, silla, cama, bloques de elevación para mayor altura base para almacenamiento de piso","$1,333.69",Herramientas y Mejoras del Hogar,"Industria, Empresas y Ciencia",2025-10-10T17:05:13.040Z
B0DRQT3971,"EXHUMKY - 4 elevadores de cama resistentes para sofá, mesa y computadora, para un mayor espacio de almacenamiento, bloques de soporte para marco de cama y patas de muebles","$1,378.89",Herramientas y Mejoras del Hogar,"Industria, Empresas y Ciencia",2025-10-10T17:05:13.041Z
B0DR7JFX22,"JEWEDECO - 4 elevadores de cama ajustables de alta resistencia para muebles de plataforma para silla y patas de mesa, aumenta la altura silenciosa, resistente al desgaste para almacenamiento de","$1,378.89",Herramientas y Mejoras del Hogar,"Industria, Empresas y Ciencia",2025-10-10T17:05:13.041Z
B0DR7GVKJM,"AUTSUPPL - 2 elevadores de cama ajustables para muebles, bloques de apoyo resistentes para cama, sofá, computadora, sofá, elevan tus muebles para almacenamiento adicional y fácil limpieza","$1,048.98",Herramientas y Mejoras del Hogar,"Industria, Empresas y Ciencia",2025-10-10T17:05:13.041Z
B0DQBP28TT,"HYTROVE - 4 elevadores de cama resistentes para muebles de elevación de altura, soporte resistente para sofá, mesa, sofá y cama, muebles para crear espacio de almacenamiento para proteger los suelos","$1,333.69",Herramientas y Mejoras del Hogar,"Industria, Empresas y Ciencia",2025-10-10T17:05:13.041Z
B0D9J8519P,"Mecanismo de elevación de cama plegable, Bisagra de elevación de cama con varilla neumática de equilibrio, Amortiguador de bisagra de soporte de tapa con resorte de gas de alta resistencia(Applicable","$10,735.54",Herramientas y Mejoras del Hogar,"Industria, Empresas y Ciencia",2025-10-10T17:05:28.598Z
B0D9J6MZ9X,"Juegos de dos bisagras para canapé, Kit de elevación de cama de almacenamiento de resorte de gas de alta resistencia, varilla de soporte hidráulica para caja de cama, tatami, sofá(Applicable to 1.8m b","$10,948.22",Herramientas y Mejoras del Hogar,"Industria, Empresas y Ciencia",2025-10-10T17:05:28.598Z
B0D7PB24FW,"Kit de Mecanismo de Elevación de Cama de Almacenamiento 60/80/90/100/110/120/150 cm Juego De Bisagras De Marco De Cama De Almacenamiento De Elevación Elevación Hidráulica Pistones de Gas(Blanco,110cm/","$6,079.79",Herramientas y Mejoras del Hogar,"Industria, Empresas y Ciencia",2025-10-10T17:05:28.598Z
B0D6QPQHP3,ROFBIHG 2 Pzs Mecanismos Elevadores De Cama HidráUlicos 61/75/90/110/120/150 cm Elevador De Tapa De Almacenamiento De Cama HidráUlico Accesorios De Cama Plegable Resorte De Gas Negro(150cm/5FT),"$6,047.35",Herramientas y Mejoras del Hogar,"Industria, Empresas y Ciencia",2025-10-10T17:05:28.598Z
B0CJXYVSBD,"Living - Kit de elevación de cama plegable y elevable, 2,75 mm, 23.6 pulgadas, mecanismos de elevación de cama hidráulica, juego de muelles de gas, un par de elevador de cama de almacenamiento para","$2,342.21",Herramientas y Mejoras del Hogar,"Industria, Empresas y Ciencia",2025-10-10T17:05:28.598Z
B0CDQTLT2Y,"Tablero de madera rústico de casa de campo con flores botánicas de un solo interruptor de luz, cubierta decorativa de 1 pandilla, placa frontal eléctrica para baño, recámara, accesorios de decoración",$981.30,Herramientas y Mejoras del Hogar,"Industria, Empresas y Ciencia",2025-10-10T17:05:28.598Z
B0FDKKWQ31,"BrainyBees - Bolsa de juguetes de playa extragrande con cordón - Bolsa de malla para juguetes de arena, elementos esenciales ligeros para la piscina, color verde neón",$962.42,Juguetes y Juegos,,2025-10-10T17:12:48.081Z
B0DCVXWNCV,"Rexmica - 2 bolsas grandes de almacenamiento de juguetes compatibles con ladrillos de juguete, bolsas de viaje de juguete para bloques de construcción, azulejos magnéticos de construcción, coches de","$1,383.29",Juguetes y Juegos,,2025-10-10T17:12:48.081Z
B0CTYMRY9D,"WRITWAA 1 pieza de cofre del pirata para niños, disfraz de pirata, juguete para bebé, estilo clásico, decoración de boda, juguetes para bebés, juguetes para exteriores,","$1,081.34",Juguetes y Juegos,,2025-10-10T17:12:48.081Z
B0FB75ZHKN,"Montessori Mesa de actividades multifunción hecha a mano de madera de abedul con almacenamiento, compatible con Lego, Duplo y Mega Bloks, mesa de juego para niños con pista de coche, caja de arena con","$5,427.91",Juguetes y Juegos,,2025-10-10T17:12:48.081Z
B0FGXQGFTC,"Organizador de almacenamiento de animales de peluche del canal viejo, almacenamiento de peluche de madera, organizador de almacenamiento de juguetes para ahorrar espacio, soporte de zoológico para","$1,963.54",Juguetes y Juegos,Muebles,2025-10-10T17:12:48.082Z
B0FBVBRPKX,"Rexmica - Paquete de 2 bolsas de almacenamiento de juguetes con cordón compatible con ladrillos Lego, bolsa de almacenamiento de juguetes para bloques de construcción, azulejos magnéticos, juegos de","$1,241.37",Juguetes y Juegos,Muebles,2025-10-10T17:12:48.082Z
B0FBW59HXY,"CUTHOLLOW Organizador de almacenamiento de coche de juguete compatible con Hot Wheels – con 48 compartimentos y divisores ajustables, mini estuche portátil para coche de caja de cerillas, color azul","$1,297.21",Juguetes y Juegos,,2025-10-10T17:12:48.082Z
B0CHDSK3H4,"Red de almacenamiento de animales de peluche o hamaca, red de hamaca de juguete para colgar en la esquina de animales de peluche, red de peluche para recámara, cuarto de niños, exhibición de juguetes","$1,050.45",Juguetes y Juegos,,2025-10-10T17:12:48.082Z
B0B52CNWFY,"Bolsa de almacenamiento de malla de nailon turquesa para cocinar con niños, herramientas de cocina y hornear para niños, 17 x 11 pulgadas, cierre de cordón, asas resistentes para colgar,",$951.96,Juguetes y Juegos,,2025-10-10T17:12:48.082Z
B00IPK599Y,"Guidecraft Expressions - Estantería de Almacenamiento de Madera para niños, para Escuela, Sala de Juegos y Muebles de recámara","$4,239.00",Juguetes y Juegos,,2025-10-10T17:12:48.082Z
B0CLGSZRTD,"NELYE - Estantería organizadora de 6 cubos – Contenedor de contenedores de almacenamiento de tela, estante abierto con compartimentos simples, estantería de roble","$4,229.01",Meses sin Intereses,Muebles,2025-10-10T17:11:14.630Z
B0F66J4KQP,"6 bolsas organizadoras de almacenamiento de juguetes, PVC azul y rojo rosa, impermeable, transparente, para sala de estar, juegos de mesa, bolsas de almacenamiento de juguetes al aire última",$952.69,Meses sin Intereses,Muebles,2025-10-10T17:11:14.630Z
B0F2MLV5BY,"Organizador de almacenamiento de libros de juguetes para niños, estantería grande con 7 contenedores extraíbles, estantería para bebés y almacenamiento de juguetes, estante de libros de 4 niveles para","$7,107.35",Meses sin Intereses,Muebles,2025-10-10T17:11:14.630Z
B0DWSK8587,"pioncrey - Puf hexagonal con 2 bolsillos y asa, pufs de pana cómodos, otomano de almacenamiento antideslizante, reposapiés de espuma para sofá, recámara (beige)","$1,834.90",Meses sin Intereses,Muebles,2025-10-10T17:11:14.630Z
B0F9PDQSZD,"XIVIRACK Carrito de cocina de 3 niveles con estantes ajustables – Carrito de almacenamiento para microondas y organizador rodante, ruedas industriales para espacios pequeños, panel negro de 15.7 x","$2,630.45",Meses sin Intereses,Muebles,2025-10-10T17:11:14.630Z
B0FLPT44FF,"Almacenamiento de animales de peluche con bolsas de almacenamiento, tubos de PVC resistentes, organizador de almacenamiento de juguetes con ruedas de freno, estante de almacenamiento para sala de","$2,335.01",Meses sin Intereses,Muebles,2025-10-10T17:11:14.630Z
B09T2PYV6V,"Arte de pared con diseño de árbol de la vida en lona, imágenes de paisaje natural, decoración del hogar, pinturas coloridas del bosque, para sala de estar, baño, recámara, cocina, decoración de 20 x 40 pulgadas, ilustraciones enmarcadas, fácil de colgar","$1,938.68",Meses sin Intereses,Obras de Arte y Material Decorativo,2025-10-10T17:11:14.631Z
B07Z44WZJ1,Play and Go 49026 Bolsa de Almacenamiento de Espacio Fluorescente (Play & GO),"$2,537.00",Meses sin Intereses,Muebles,2025-10-10T17:11:14.631Z
B0DWNCTFWM,"2BYF - Juego de 2 taburetes redondos de terciopelo tapizado para sala de estar, otomanos, reposapiés multifuncional, color azul","$5,240.33",Meses sin Intereses,Muebles,2025-10-10T17:11:28.071Z
B0CW1TL51K,"AOPNOMU - Estantería y estantería para niños, varios estantes con 3 cajones de tela plegables, estante de exhibición de libros y juguetes, organizador de almacenamiento de juguetes para recámara, sala","$5,423.50",Meses sin Intereses,Muebles,2025-10-10T17:11:28.071Z
B0CHTNSTCY,"Gouchee Home Belgique - Puf de Terciopelo Redondo (20 x 12 Pulgadas), Color Rosa otomana","$5,298.01",Meses sin Intereses,Muebles,2025-10-10T17:11:28.071Z
B0FJ6YKWG6,"Red de almacenamiento de juguetes colgante, hamaca de cuerda de algodón con anillos de madera, organizador montado en la pared para animales de peluche, diseño triangular (blanco)",$818.18,Meses sin Intereses,Muebles,2025-10-10T17:11:28.071Z
B0FH7BTW5V,Buy1CrossGo Organizador de juguetes con patrón de gato,"$4,457.52",Meses sin Intereses,Muebles,2025-10-10T17:11:28.071Z
B0FH7B5VSG,Buy1CrossGo 3 neumáticos 9 contenedores Organizador de juguetes,"$3,305.26",Meses sin Intereses,Muebles,2025-10-10T17:11:28.072Z
B0F52SQ8S9,"BENCHRY - Soporte de metal para guardar zoológico, soporte de juguetes para niños, organizador de juguetes resistente, perfecto para niños y niñas, cuarto de juegos, habitación de niños, color rosa","$2,004.34",Meses sin Intereses,Muebles,2025-10-10T17:11:28.072Z
B0DWJLZLXX,"Yomisex - Póster inspirador de diente de león alemán, decoración de pared con afirmaciones positivas, lona botánico motivacional de flores silvestres enmarcado para oficina en casa, 12 x 16 pulgadas",$715.91,Meses sin Intereses,Obras de Arte y Material Decorativo,2025-10-10T17:11:28.072Z
B0CH8LTMK9,"Dorriss - Banco otomano de almacenamiento para sala de estar, otomano con bandeja, recámara, taburete de almacenamiento, otomanos, tapa de mesa de centro, reposapiés con patas de extremo de la cama,","$4,192.10",Meses sin Intereses,Muebles,2025-10-10T17:11:41.590Z
B07KB8QC18,"Poufs&Pillows Puf Artisanal de Cuero auténtico - Hecho a Mano - Vacio/con Relleno - Otomana, cojin de Suelo, reposapiés … (Gris, Vacio)","$8,185.03",Meses sin Intereses,,2025-10-10T17:11:41.590Z
B0F1784Z9B,"Organizador sobre la puerta para armas de juguete, colgador de puerta de almacenamiento de juguetes con bolsillos y ranuras para lanzadores de espuma para niños, dardos, anteojos, organizador de","$1,436.71",Muebles,,2025-10-10T17:09:06.721Z
B0CZS1B4HR,"Boucle - Banco otomano de Almacenamiento para recámara en el Extremo de la Cama, Asiento tapizado Sherpa para Zapatos de Playa para Entrada, pie de Cama, cojín Rectangular, Cofre Acolchado Lindo para","$6,552.69",Muebles,,2025-10-10T17:09:06.721Z
B0DK51PPXY,"FURNinspire - Estantería de madera para niños de 3 niveles, estantería para niños con correa de tres capas, organizador de almacenamiento de libros y juguetes, estante de exhibición de libros, sala de","$4,576.12",Muebles,,2025-10-10T17:09:06.721Z
B0FGDC8KCS,"Almacenamiento de animales de peluche - Organizador de juguetes de madera de 58 pulgadas con bandas elásticas y ruedas giratorias, sostiene juguetes de felpa masivos para guardería, sala de juegos","$2,441.00",Muebles,,2025-10-10T17:09:06.721Z
B0FGHZ87T9,"Zoo extragrande de almacenamiento de animales de peluche con ruedas, soporte de animales de peluche de madera, organizador de juguetes de peluche, zoológico de animales con banda elástica y red para","$2,656.58",Muebles,,2025-10-10T17:09:06.721Z
B0FCMGMJM4,"Estera De Dormir Verano De Rota Con Ajenjo, Colchón De Enfriamiento De Verano Almohadilla De Topper Con Funda De Almohada, Estera Plegable De Doble Cara Con Seda Helada Para Casa Escuela Dormitorio(Gr","$3,688.85",Muebles,,2025-10-10T17:09:06.721Z
B0DFVV92QW,"3 bolsas de almacenamiento de juguetes de PVC transparente con cierre y asa, almacenamiento de juegos de mesa reutilizable, impermeable, organizador de almacenamiento de juguetes para bloques de","$1,341.05",Muebles,,2025-10-10T17:09:06.721Z
B0F9JTSZ3R,"SEVOBAL - clóset buffet con almacenamiento, moderno acento estriado Credenza con 2 puertas, armarios de entrada para consola multimedia buffet con estantes ajustables para sala de estar, comedor","$6,149.47",Muebles,,2025-10-10T17:09:06.722Z
B0CL9LBPWJ,"Bolsas de colchón para mudanza, cierre de cierre, no se decolora, resistente al desgarro, ultra grueso, impermeable, resistente al agua, funda de colchón para mover King..","$1,138.31",Muebles,,2025-10-10T17:09:06.722Z
B0DSGYMH67,"Mloong - Almacenamiento de zoológico de animales de peluche, de madera rosa, regalo para guardería, sala de juegos, habitación de niños, recámara (54 pulgadas)","$2,638.65",Muebles,,2025-10-10T17:09:06.722Z
B0DK8W3J42,"Honkazita Reproductor de discos de soporte para hasta 200 álbumes, mesa de almacenamiento de vinilo con computadora de madera extendido, soporte para reproductor de discos para álbumes, soporte de","$2,612.59",Muebles,,2025-10-10T17:09:18.388Z
B0FLP46V42,"DUMOS - Marco de Cama de tamaño Individual, Base de colchón de Plataforma de Metal con Soporte de Listones de Acero, no Necesita somier, Espacio de Almacenamiento Debajo de la Base, fácil Montaje","$3,703.85",Muebles,,2025-10-10T17:09:18.388Z
B0DPMZVGNK,"Kid Zen Mama - Estantería Montessori de 3 niveles, almacenamiento pequeño para niños, ligero, sin BPA, HDPE, bordes redondeados, montaje sin herramientas, fácil de limpiar, perfecto para guardería y","$2,447.25",Muebles,,2025-10-10T17:09:18.388Z
B0FL2VX2T9,"Torre de almacenamiento de animales de peluche de madera, organizador vertical de zoológico de animales congestionados con placa de identificación, jaula mediana de animales de peluche para habitación","$2,244.05",Muebles,,2025-10-10T17:09:18.388Z
B0DZTMGQ6G,"BBLIKE - Organizador de almacenamiento para niños con 4 contenedores extraíbles, organizador de almacenamiento de juguetes para niños, soporte de animales de peluche para recámara, sala de juegos","$2,463.66",Muebles,,2025-10-10T17:09:18.388Z
B0DB21LJSB,"Teenyyou - 2 fundas para puf sin rellenar, sin relleno, taburete de piel de conejo sintético, para el piso, para silla de piso, para sala de estar, recámara, decoración del hogar (gris, 20 x 15","$1,209.99",Muebles,,2025-10-10T17:09:18.388Z
B0D9N8TL8R,Organizador de almacenamiento de juguetes para Lego Play Mat Bag – cubeta de almacenamiento de juguetes Duplo para niños – Cesta de almacenamiento de cubeta duro con tapa lata como regalo (amarillo),"$1,323.92",Muebles,,2025-10-10T17:09:18.389Z
B0DMW5WBZP,"Rexmica - 4 bolsas de almacenamiento para azulejos magnéticos de construcción, bolsa organizadora de almacenamiento de juguetes de PVC transparente, bolsa magnética para juguetes de viaje para","$1,359.64",Muebles,,2025-10-10T17:09:18.389Z
B0CGXM8386,"Snug A - Puf de peluche para niños - Bolsa para niños - Bolsa para niños - Tienda de juguetes de peluche para niños, mantas, toallas, ropa y lino, decoración de recámara - Puf de almacenamiento para","$1,101.48",Muebles,,2025-10-10T17:09:18.389Z
B0FP4N3KH2,"WORLDMX - Almacenamiento de animales de peluche con almacenamiento adicional, soporte de almacenamiento de peluche de madera de gran capacidad, organizador de zoológico","$1,963.54",Muebles,,2025-10-10T17:09:18.389Z
B0FH9YFPQN,"BUZUEY - Estantería de metal para niños y organizador de almacenamiento de juguetes, estantería para niños de 6 niveles, estante para revistas, estante para libros para habitaciones de niños, aula","$5,047.79",Muebles,,2025-10-10T17:09:18.389Z
B0F845TY3W,"Sunnymove - Paquete de 10 bolsas grandes de almacenamiento de juguetes, organizador de almacenamiento de juguetes con etiqueta de nombre, impermeable, transparente, PVC, organizador transparente","$1,375.57",Muebles,,2025-10-10T17:09:30.894Z
B0DRJDKJ75,"Bolsas de almacenamiento de juguetes, 6 paquetes, bolsas de almacenamiento transparentes reutilizables con bolsillo frontal y cierre, bolsas organizadoras de juguetes impermeables","$1,330.43",Muebles,,2025-10-10T17:09:30.894Z
B0D5CDK9HY,"Mesa sensorial con 2 contenedores de almacenamiento plegables, mesa multifunción de arena de madera y agua con tablero de doble cara y dispensador de rollo de papel, mesa de juego de actividad, uso en","$3,325.35",Muebles,,2025-10-10T17:09:30.894Z
B07KSG5G8S,"DK Homewares - Puf otomano de retazos de estilo indio clásico, color rosa, redondo, reposapiés, puf de algodón bordado, taburete de pie, tradicional, 16 x 16 x 13 cm","$1,306.71",Muebles,,2025-10-10T17:09:30.894Z
B01G0YZ6EE,"Mina - Puf otomano de piel marroquí, 20 pulgadas de diámetro y 13 pulgadas de altura (blanco)","$6,389.52",Muebles,,2025-10-10T17:09:30.894Z
B0FM6YFB2W,"Gabinete de Almacenamiento de Juguetes, estantería y estantería para niños de Tres Niveles para Almacenamiento de Libros y Juguetes, Estante múltiple con gabinete para niños y niñas, para jardín de","$6,657.89",Muebles,,2025-10-10T17:09:30.894Z
B0CB2Y23B3,"Funda para silla de puf de almacenamiento de animales de peluche para niños, lindo Shiba Inu, perro amarillo, grande, juguete de peluche para decoración de recámara, funda organizadora, sin frijoles","$1,255.68",Muebles,,2025-10-10T17:09:30.894Z
B0C5JN2HLB,"BOTLOG Organizador de Almacenamiento de Juguetes con estantería, estantería para niños, clóset de Almacenamiento de Juguetes con Cubos y estantería para habitación de niños, Sala de Juegos, Pasillo,","$4,945.66",Muebles,,2025-10-10T17:09:30.895Z
B0FCKMLXRS,"Back2School Express - Gabinete de almacenamiento escalonado con 6 compartimentos, organizador de juguetes, natural","$9,181.40",Muebles,,2025-10-10T17:09:30.895Z
B0FFSVBFBJ,"AXHOP - Organizador de almacenamiento de animales de peluche, 5 niveles, 8 bolsillos laterales, almacenamiento de 64 pulgadas, ahorro de espacio en la esquina para recámara de niños y sala de juegos","$2,135.82",Muebles,,2025-10-10T17:09:30.895Z
B0F4CN54Y5,"JINKUR - clóset de almacenamiento de metal con puertas de bloqueo y 3 estantes ajustables, armarios de almacenamiento con cerradura para el hogar, oficina, cochera, cocina, despensa (blanco)","$11,091.87",Muebles,,2025-10-10T17:09:30.895Z
B0DM1VL2NR,"Qiaoxuan - Mesa de juego de construcción 2 en 1 compatible con Lego, mesa de juego multiactividad de madera con tablero de bloque y almacenamiento, mesa reversible para almacenar debajo de las camas o","$5,289.61",Muebles,,2025-10-10T17:09:30.895Z
B0DHKWGPRZ,"CMFYDAILY - Estantería infantil de 4 niveles con almacenamiento, estantería para niños de cinco capas, almacenamiento de libros y juguetes, vitrina para sala de juegos, recámara, aula, guardería","$4,904.18",Muebles,,2025-10-10T17:09:30.895Z
B0D83GNHXV,"GarveeHome Librería y clóset de Almacenamiento de Juguetes, Estante de 3 Niveles con Organizador de Cubos para Juguetes, para Sala de Juegos, recámara y Pasillo, Blanco","$4,768.35",Muebles,,2025-10-10T17:09:30.895Z
B0C4R56QTG,"WOOD&ROOM Montessori - Organizador de libros inspirado en Montessori para habitación de niños para aula y hogar, promueve la independencia y el aprendizaje, estantería resistente y segura para juguetes y libros (estante 4S)","$5,429.04",Muebles,,2025-10-10T17:09:42.334Z
B00GLVKHUA,GuideCraft See and Store Dress-Up Center - Natural G98102,"$7,569.58",Muebles,,2025-10-10T17:09:42.334Z
B0FLJBKDSR,"VPSMAT - Torre de rack de DVD, gabinete de 8 niveles con estantes ajustables para almacenamiento de DVD para sala de estar, recámara, oficina","$5,787.56",Muebles,,2025-10-10T17:09:42.334Z
B0FL2WKZS6,"Torre de almacenamiento de animales de peluche de madera, organizador vertical de zoológico de animales tapizados con placa de identificación, jaula mediana de animales de peluche para habitación de","$4,008.94",Muebles,,2025-10-10T17:09:42.334Z
B0FGHHXRDX,"Zayysoha Organizador de almacenamiento de animales de peluche y almacenamiento de juguetes, estante de madera para hamaca de animales de peluche, esquina de hamaca, guardería, sala de juegos, recámara","$1,719.11",Muebles,,2025-10-10T17:09:42.335Z
B0FFN3YTX7,"Lejapwat Organizador de almacenamiento de bolsas de juguetes para adultos con bloqueo, contenedores de almacenamiento de juguetes con bloqueo, caja con bloqueo, contenedor de viaje de gran capacidad","$1,164.13",Muebles,,2025-10-10T17:09:42.335Z
B0FDQJ6W8G,"Paquete de 6 bolsas de almacenamiento de juguetes transparentes, 9.4 x 6.9 x 5.1 pulgadas, bolsas organizadoras de juguetes de PVC transparente con cierre, bolsa organizadora de almacenamiento de","$1,190.41",Muebles,,2025-10-10T17:09:42.335Z
B0FDKXG6HB,"BEBOAN - Paquete de 6 bolsas de almacenamiento con compartimento, organizador portátil de PVC transparente con asa y cremalleras, organizador impermeable para Lego, juego de mesa, bloques de","$1,799.93",Muebles,,2025-10-10T17:09:42.335Z
B0F998XKH7,"PANIED - Almacenamiento de juguetes de peluche de 53 pulgadas de alto, organizador de juguetes de peluche que ahorra espacio y almacenamiento en casa de juegos, sala de juegos, recámara, sin","$2,230.80",Muebles,,2025-10-10T17:09:42.335Z
B0F841PVPY,"BENCHRY - Organizador de almacenamiento de animales de peluche extragrande con ruedas de freno, organizador de zoológico para guardería, sala de juegos, recámara de niños, color blanco","$2,031.92",Muebles,,2025-10-10T17:09:42.335Z
B0F4W99HRH,"Qoroos - Hamaca de almacenamiento para colgar en la pared, 42 cm de ancho, para colgar en la pared, diseño de macramé, red organizadora de juguetes para animales de peluche","$1,171.37",Muebles,,2025-10-10T17:09:42.335Z
B0F1N31BJF,"HOOSTEADY - Organizador y almacenamiento de animales de peluche, soporte para animales de peluche de madera, jaula grande de 54 pulgadas, soporte para animales de zoológico y colección para sala de","$1,963.54",Muebles,,2025-10-10T17:09:53.453Z
B0DSBB2LXX,"Remittur Caja de juguetes extragrande con bolsillos de malla, organizador de almacenamiento de juguetes con 3 cajones pequeños para juguetes pequeños","$2,104.62",Muebles,,2025-10-10T17:09:53.453Z
B08VP26JM1,"Guidecraft EdQ Essentials - Organizador de almacenamiento abierto de dos estantes de 76 cm, color blanco con 3 contenedores de tela: estanterías multiusos de madera y organizador de almacenamiento de juguetes; muebles de escuela en casa y aula","$7,776.43",Muebles,,2025-10-10T17:09:53.454Z
B0DYMLG27Y,"PRINKROOMY - Estantería de 3 niveles, bonito organizador de libros blancos, estantes independientes y organizador de cubos para recámara, sala de estar, oficina, escuela","$4,004.08",Muebles,,2025-10-10T17:09:53.454Z
B0DXZ3FM4Y,Luxe L 100% piel sintética Go-pufs Knock-Down cubeta mediano Teddy Boucle otomano de almacenamiento | 15 x 15 x 15 pulgadas | Rosa,"$3,292.28",Muebles,,2025-10-10T17:09:53.454Z
B0CNLMLQ9Z,"Favfurish - Cama de plataforma de tamaño matrimonial con cabecera de almacenamiento y estación de carga, marco de cama de madera multifuncional con tamaño individual, estantes y cajones extraíbles, no","$17,391.59",Muebles,,2025-10-10T17:09:53.454Z
B0CMY21QK7,"YOPTO Cama de Plataforma de Madera de Pino de tamaño matrimonial con rodar, cajones, 2 Puertos y 2 enchufes USB, Cama de Almacenamiento con estantes extraíbles, no Necesita somier, Perfecta para","$16,081.78",Muebles,,2025-10-10T17:09:53.454Z
B0F37J8HM2,"Organizador de almacenamiento de animales de peluche, soporte para juguetes de zoológico para habitaciones de niños, salas de juegos, dormitorios","$3,237.56",Muebles,,2025-10-10T17:09:53.454Z
B0D9DV93CN,"Organizadores de juguetes de plástico y forma de autobús de almacenamiento, 2 capas con 2 contenedores de almacenamiento, gabinete abierto, tapa de placa base de bloques de construcción","$5,105.97",Muebles,,2025-10-10T17:09:53.455Z
B079V15ZZY,ipackboxes – tamaño Queen colchón bolsa – ideal para mover y almacenar – 60 x 10 x 90 – 2 mil de grosor,$847.21,Muebles,,2025-10-10T17:09:53.455Z
B079TZ86RD,ipackboxes – tamaño Queen colchón bolsa – Paquete de 2 – 60 x 10 x 90 – 2 mil de grosor,"$1,112.94",Muebles,,2025-10-10T17:09:53.455Z
B0F5PYNN1N,"6 bolsas de almacenamiento transparentes, bolsas de almacenamiento de juguetes reutilizables, diseño impermeable, adecuadas para rompecabezas, bloques de construcción, cosméticos, papelería, libros",$921.80,Muebles,,2025-10-10T17:09:53.455Z
B0FQVJ9GQQ,"Greaton, Bolsa de colchón para mudanzas y Almacenamiento, Funda Protectora de colchón Resistente, Bolsas de Almacenamiento Impermeables para colchones, Poliuretano, Resistente a desgarros, tamaño",$889.83,Muebles,,2025-10-10T17:09:53.455Z
B0FQVFVB3H,"Nutan, Bolsa de colchón para mudanza y Almacenamiento, Funda Protectora de colchón Resistente, Bolsas de Almacenamiento Impermeables para colchones, Poliuretano, Resistente al desgarro, tamaño",$878.47,Muebles,,2025-10-10T17:10:02.428Z
B0FQVCNTF1,"Treaton, Bolsa de colchón para mudanza y Almacenamiento, Funda Protectora de colchón Resistente, Bolsas de Almacenamiento Impermeables, Poliuretano, Resistente al desgarro, tamaño Queen",$934.31,Muebles,,2025-10-10T17:10:02.428Z
B0FPDN8P1N,"LKHKK - Puf redondo de algodón de punto, otomano versátil o cojín de piso, capacidad de peso 200 libras, acento decorativo, gris","$5,692.39",Muebles,,2025-10-10T17:10:02.428Z
B0FPD71WFH,"LKHKK Puf funcional de punto para relajación y asiento, 100% algodón, elegante diseño beige","$5,463.99",Muebles,,2025-10-10T17:10:02.429Z
B0FPC29QKT,"Organizador de almacenamiento de juguetes de peluche en esquina, cuerda elástica de arco iris, almacenamiento con gancho/luz colorida, ajustable, altura doble, almacenamiento multifuncional para","$1,556.80",Muebles,,2025-10-10T17:10:02.429Z
B0FN45LCMG,"SAYUUM - Organizador de almacenamiento giratorio de animales de peluche, ideal para guardar juguetes de peluche de madera, zoológico para guardería, sala de juegos, recámara, sala de descanso, 16 x 16","$2,664.72",Muebles,,2025-10-10T17:10:02.429Z
B0FM3KLL12,"Torre de almacenamiento de animales de peluche de madera alta para habitación de los niños, organizador de almacenamiento de juguetes con placa de identificación de oso y ruedas blancas, estante de","$3,059.14",Muebles,,2025-10-10T17:10:02.429Z
B0FKMRGG4C,"DAYARUS - Mesa de actividades para niños pequeños con almacenamiento, mesa de arte de madera para niños, computadora de lectura para niños de 3 a 8 años, mesas de riñón para recámara/dibujo, mesas de","$9,101.27",Muebles,,2025-10-10T17:10:02.429Z
B0FKGRSMWN,"Gooo&Ma - Bolsa de almacenamiento de colchón con cierre, protector impermeable para movimiento, transparente (naranja, Queen)","$1,506.98",Muebles,,2025-10-10T17:10:02.429Z
B0FKGMQ5CX,"Woodfinity - Caja organizadora de juguetes de peluche extragrande de 54 pulgadas, soporte para ahorro de espacio para recámara o sala de juegos de niños","$2,432.62",Muebles,,2025-10-10T17:10:02.429Z
B0FJRFWST3,"Sonharlar - Cómoda de perfil curvado para recámara, cómoda, organizador de 5 cajones de almacenamiento, cambiador café con contenedores de tela para clóset, sala de estar, habitación de niños (café","$3,502.47",Muebles,,2025-10-10T17:10:02.429Z
B0FJMBJRPJ,"SHWWQUE - Organizador de juguetes de madera con ruedas, 54 pulgadas de alto, ahorro de espacio, almacenamiento de zoológico con banda elástica, jaula de juguete de gran capacidad para salas de juegos","$2,164.12",Muebles,,2025-10-10T17:10:02.429Z
B0FHPDDGX1,"Torre zoológico de almacenamiento de animales de peluche, jaula de almacenamiento de juguetes de madera, soporte de juguetes de peluche con cordones elásticos, contenedor, ruedas, organizador de","$2,495.53",Muebles,,2025-10-10T17:10:02.429Z
B0FHHNSV6P,"HMAZAE - Organizador de juguetes de peluche extragrande de 56 pulgadas con ruedas, soporte para animales de peluche de madera con contenedor extraíble, almacenamiento de peluche de zoológico para","$2,667.44",Muebles,,2025-10-10T17:10:02.429Z
B0FHB142S7,"Cadena de almacenamiento colgante de algodón de 80 pulgadas para almacenamiento de animales de peluche con 20 clips de metal, soporte de exhibición de animales de peluche para pared o esquina sala de",$812.11,Muebles,,2025-10-10T17:10:02.429Z
B0FH1TFKM7,"Klorgan Organizador grande de almacenamiento de juguetes con estantería, organizadores de juguetes y almacenamiento con 12 contenedores de almacenamiento, organizador de juguetes multiusos de 4","$4,169.47",Muebles,,2025-10-10T17:10:17.033Z
B0FGCJP4FW,"Caja de juguetes para niños y niñas, almacenamiento de cofre de juguetes con ruedas, almacenamiento de animales de peluche, organizador de almacenamiento de juguetes para niños, caja de juguetes para","$1,723.32",Muebles,,2025-10-10T17:10:17.033Z
B0FFH9S5HW,"Estera De Dormir Verano De Rota, Estera De Dormir Verano Enfriamiento, Colchón De Ratán Transpirable Suave Plegable Con Funda De Almohada, Colchoneta De Dormir De Verano Para Hogar Dormitorio(150*195c","$3,371.20",Muebles,,2025-10-10T17:10:17.033Z
B0FFGZ31R9,"QIPAKA - Mesita de noche acanalada negra con estación de carga USB, cómoda de madera de 3 cajones, mesita de noche moderna con cajones silenciosos y gran mesa auxiliar de almacenamiento para recámara","$6,887.43",Muebles,,2025-10-10T17:10:17.033Z
B0FF4XRXBR,"AiDwell Bolsas grandes de almacenamiento de juguetes de 13 x 7.1 x 9.5 pulgadas, 6 paquetes de tablas reutilizables de PVC transparente con cierre de viaje, bolsas organizadoras impermeables","$1,766.97",Muebles,,2025-10-10T17:10:17.033Z
B0FD3342G9,"LUCKNOCK Mesa auxiliar de madera maciza, pequeña mesa auxiliar clásico, mesa auxiliar estrecha con almacenamiento, mesita de noche delgada para espacios pequeños, recámara, sala de estar, granja","$1,918.17",Muebles,,2025-10-10T17:10:17.034Z
B0FCDZDMRP,"Bolsa de almacenamiento con 2 ganchos, tubo para tapete de juego con ranuras de plástico transparente, organizador portátil para tapete TCG/RPG (13 tubos, negro)","$1,004.10",Muebles,,2025-10-10T17:10:17.034Z
B0FBZ6DH6J,"Back2School Express - Gabinete de almacenamiento móvil de 2 estantes, estante de libros, natural","$6,021.15",Muebles,,2025-10-10T17:10:17.034Z
B0F9XDDVGK,"HXUHUWS Puf cuadrado para asientos o decoración del hogar, relleno con abalorio de poliestireno, color coral, 16 pulgadas","$6,324.20",Muebles,,2025-10-10T17:10:17.034Z
B0F9WLQJCV,"Montessori - clóset de almacenamiento de madera de 5 secciones con 2 organizadores en forma de árbol, estantería de 2 estantes, organizador de aula para niños, estante de libros para habitaciones de","$7,152.58",Muebles,,2025-10-10T17:10:17.034Z
B0F9NG3FLJ,"HXUHUWS - Puf redondo con encanto para mayor comodidad y estilo, diseño de punto suave, color gris","$6,248.86",Muebles,,2025-10-10T17:10:17.034Z
B0F9K57W8B,"HXUHUWS Mejora la decoración moderna con acogedor puf de punto, redondo de 20 pulgadas, elegante cubierta de tela para espacios de vida, marfil","$6,641.96",Muebles,,2025-10-10T17:10:17.034Z
B0F9FH2KYB,"GLADTRAX - Puf inflable redondo otomano, reposapiés de felpilla de relleno, otomano de almacenamiento con mango portátil, almohada de piso de 21 x 9 pulgadas para sala de estar, recámara, habitación","$1,415.90",Muebles,,2025-10-10T17:10:17.034Z
B0F8MXG72Q,Paisure - Estantería infantil,"$5,409.13",Muebles,,2025-10-10T17:10:30.320Z
B0F7HH29FD,"SWTYMIKI - Cómoda con estante para colgar - 3 cajones de tela para recámara - Torre de almacenamiento alta reversible, clóset organizador de ropa de espacio pequeño para departamento, recámara, 49.21","$2,896.92",Muebles,,2025-10-10T17:10:30.321Z
B0F6W9TCMN,"HUANGWUZ Moroccan Pouf Ottoman Cover, Unstuffed Faux Leather Footstool, Comfortable Foot Rest Storage Ottoman for Home Decor","$9,309.95",Muebles,,2025-10-10T17:10:30.321Z
B0F6V6BKXR,"WANGJISSA Leather Upholstered Cube Pouf for Living Room Coffee Table – Solid Wood Square Footstool, Brown Aged Leather, 40x40x35cm(Orange,35x35x40cm)","$18,867.87",Muebles,,2025-10-10T17:10:30.321Z
B0F6V49Z1K,"WANGJISSA Leather Upholstered Cube Pouf for Living Room Coffee Table – Solid Wood Square Footstool, Brown Aged Leather, 40x40x35cm(Beige,40x40x35cm)","$22,508.27",Muebles,,2025-10-10T17:10:30.321Z
B0F6B9L4KV,"Paquete de 6 bolsas de almacenamiento de juguetes, bolsas de juguetes para organizar juguetes para niños, bolsas de almacenamiento transparentes reutilizables con cierre para uso de viajes, accesorios","$1,212.61",Muebles,,2025-10-10T17:10:30.321Z
B0F5WMFNZ2,"Bolsas de almacenamiento de juguetes reutilizables de PVC transparente, 11.8 pulgadas de largo x 3.9 pulgadas de ancho x 8.66 pulgadas de alto, organizador impermeable para bloques de construcción","$1,221.09",Muebles,,2025-10-10T17:10:30.321Z
B0F4DCP1NN,Bolsas grandes de almacenamiento de juguetes,"$1,807.38",Muebles,,2025-10-10T17:10:30.321Z
B0F3JNSG7Y,Útil red de hamaca de juguete de 5.9 pies para almacenamiento de animales de peluche,$811.58,Muebles,,2025-10-10T17:10:30.321Z
B0F3GCBVQW,"Bolsas grandes de almacenamiento de juguetes transparentes con cierre, bolsas organizadoras de juguetes impermeables de PVC reutilizables con asa portátil para bloques de construcción, rompecabezas",$952.69,Muebles,,2025-10-10T17:10:30.321Z
B0F3C8Q1CF,"CERETIA - Paquete de 2 cadenas de almacenamiento colgantes de algodón de 80 pulgadas para almacenamiento de animales de peluche con 20 clips de metal, cadena organizadora de animales de peluche para",$868.68,Muebles,,2025-10-10T17:10:30.321Z
B0F32KJN89,"Pechor Organizador de almacenamiento de juguetes, 3 piezas de carcasa dura transparente con cierre reutilizable para juguetes, piezas de rompecabezas, bloques de construcción, manualidades (con 16","$1,506.58",Muebles,,2025-10-10T17:10:30.322Z
B0F2HGST88,RUPOLX Art Table Oak-IqNVwK-YMH-50,"$7,828.08",Muebles,,2025-10-10T17:10:30.322Z
B0F2HF4H5T,RUPOLX Art Table Espresso-pw0jAp-KH-50,"$7,055.94",Muebles,,2025-10-10T17:10:30.322Z
B0F223YCVN,"Guidecraft Taiga - Estantería de 2 estantes - Blanco: Estantería de 30 Pulgadas y Unidad de Almacenamiento para dormitorios o Salas de Juegos, Muebles de Madera para Libros, Juguetes, Suministros","$8,187.24",Muebles,,2025-10-10T17:10:30.322Z
B0F18PP1CT,"Nitial - 12 bolsas de juguete para niños organizando contenedores de almacenamiento de juguetes de PVC transparente con cierre bolsas impermeables para juegos de mesa, bloques de construcción","$1,555.63",Muebles,,2025-10-10T17:10:41.268Z
B0DT1MPVZV,"Yueyocici Puf redondo de relleno otomano, pufs de pana con relleno de trozos de espuma, taburete de pie peludo y esponjoso, color beige de 26 pulgadas","$2,374.25",Muebles,,2025-10-10T17:10:41.269Z
B0DSC6MWMK,"Cadena de almacenamiento de animales de peluche, soporte para juguetes de 80 pulgadas, para colgar o en la esquina, adecuado para colgar juguetes de peluche, sombreros, calcetines, fotos, tarjetas de",$840.40,Muebles,,2025-10-10T17:10:41.269Z
B0DRJCT8VQ,"facdiwok Carro rodante de 3 niveles, de malla resistente al óxido, con ruedas y 4 ganchos laterales, montaje sin herramientas, para cocina, baño, lavandería, sala de estar, despensa, recámara","$1,549.21",Muebles,,2025-10-10T17:10:41.269Z
B0DPQ5F29L,"TrailBlaze - Gabinete de almacenamiento de juguetes, estantería infantil de tres niveles y estantería para almacenamiento de libros y juguetes, multiestante con organizador de cubito para recámara,","$5,949.27",Muebles,,2025-10-10T17:10:41.269Z
B0DP2D4FL7,"Wimarsbon - Taburete redondo de almacenamiento otomano, moderno sherpa, taburete de cambiador con bandeja abatible, silla de maquillaje para decoración del hogar, reposapiés tapizado para sala de","$3,709.19",Muebles,,2025-10-10T17:10:41.269Z
B0DMW1M1K2,"Gabinete de almacenamiento de piso de baño con 4 cajones, gabinete de baño con puerta corredera, organizador de almacenamiento rústico para cocina, sala de estar, estilo rústico, blanco","$6,431.27",Muebles,,2025-10-10T17:10:41.269Z
B0DKT5CVM9,"Hawkrown - clóset de almacenamiento de baño de 67 pulgadas de alto con luces, organizador delgado y estrecho de gabinete de baño con puertas y estantes ajustables, clóset de toallas no empotrado para","$9,323.46",Muebles,,2025-10-10T17:10:41.269Z
B0DKNYST7N,"YJWZWE - Cadena de almacenamiento de animales de peluche de 78 pulgadas, organizador de animales con 20 clips de macramé, decoración de almacenamiento de juguetes para la pared de recámara",$840.13,Muebles,,2025-10-10T17:10:41.269Z
B0DHVHY6P5,"GarveeHome - Gabinete de almacenamiento de juguetes blanco, estantería y estantería para niños de tres niveles para almacenamiento de libros y juguetes, estante múltiple con organizador de cubito para","$5,556.26",Muebles,,2025-10-10T17:10:41.269Z
B0DCYRYK5X,"Nightcore - Librería Infantil de 6 Cubos, Organizador de Lectura con cojín de Asiento, Organizador de Almacenamiento de Juguetes Multiusos, Esquina de Lectura con contenedores para recámara, Sala de","$5,280.19",Muebles,,2025-10-10T17:10:41.269Z
B0DCTVTSTK,"Estantería y clóset de almacenamiento de juguetes, organizador de 2 niveles con 2 cubos grandes, madera de ingeniería, antiinclinación, perfecto para sala de juegos, guardería, aula - Dimensiones","$4,706.03",Muebles,,2025-10-10T17:10:41.269Z
B0DCC7LG7Q,"Jaipur Living, puf de Yute, otomano Relleno Triangular, café/Crema, 18 Pulgadas","$7,072.33",Muebles,,2025-10-10T17:10:41.269Z
B0DBHMV8RT,"OOOK - Perchero y clóset para niños con espejo, altura adecuada para guardar ropa con dispositivo antipunta, ayuda a los niños a manejar su propia ropa, bonitos tocadores para recámara, cuarto de","$5,868.03",Muebles,,2025-10-10T17:10:51.976Z
B0D8BCJ3ZY,"chairus - Mesa de entrada con consola estrecha de ratán de 46 pulgadas para entrada, pasillo, sala de estar, color negro","$10,169.27",Muebles,,2025-10-10T17:10:51.976Z
B0D6YZM43Z,"coucheta - Estantería infantil y almacenamiento de juguetes, estante de juguetes de 36 pulgadas con 4 cubos, baúl de almacenamiento multifuncional para libros, juguetes, organizador de almacenamiento","$5,530.97",Muebles,,2025-10-10T17:10:51.976Z
B0D5HWD4RC,"Estantería para niños, organizador de almacenamiento de juguetes con 3 cajones de tela plegables y patas de pino, organizador de libros y juguetes para niños, estantería de madera para habitación de","$5,282.11",Muebles,,2025-10-10T17:10:51.976Z
B0D46WBRKR,"Saicool - Gabinete de almacenamiento de piso de baño, organizador lateral de madera no empotrado con 4 cajones y kit antipuntas para baño, sala de estar, pasillo, oficina, estudio, color blanco","$4,123.44",Muebles,,2025-10-10T17:10:51.976Z
B0CZQ5W1LP,"clóset de almacenamiento de metal de 24.5 pulgadas de alto con candado – clóset de bloqueo para empleados pequeños con cerradura de acero, estante ajustable y pies, gabinete con cerradura de una sola","$3,219.60",Muebles,,2025-10-10T17:10:51.976Z
B0CS32L6ZB,"Nitial - Paquete de 6 bolsas de almacenamiento de juguetes transparentes de PVC con cierre para niños, bloques de construcción, juegos de mesa, Navidad, San Valentín, regalo de cumpleaños (negro)","$1,275.00",Muebles,,2025-10-10T17:10:51.977Z
B0CPL3P9QR,"Juego de computadora y silla de estudio para niños, altura ajustable de graffiti, cajón de almacenamiento de computadora, patas antideslizantes, adecuado para un peso máximo de 200 libras, adecuado","$4,958.80",Muebles,,2025-10-10T17:10:51.977Z
B0CNRMJD3T,"FLOCNOKY Red grande de animales de peluche o hamaca, almacenamiento de animales de peluche, macramé, red para colgar en la esquina de animales de peluche, hamaca organizadora de juguetes para sala de","$1,441.88",Muebles,,2025-10-10T17:10:51.977Z
B0CHBCXYHF,"R REVOLEURT - Red grande de animales de peluche o hamaca para juguetes de peluche, para colgar en la pared, soporte para animales de peluche, ideas de almacenamiento de animales de peluche, hamaca de","$1,241.37",Muebles,,2025-10-10T17:10:51.977Z
B0C4L5GHLG,"LukeAlon - Taburete de maquillaje de lino con almacenamiento, tapizado giratorio de 360° con respaldo plegable, moderno reposapiés cilíndrico para sala de estar, recámara, estampado de vaca","$7,784.24",Muebles,,2025-10-10T17:10:51.977Z
B0BT5SD94Y,"Pasargad Home Grandcanyon - Pufs de algodón de primera calidad, 3 patas de madera maciza, parte superior tejida a mano, para sentarse, taburete de pie, pufs redondos para sala de estar, decoración de habitación de lujo, 12 x 12 x 17 pulgadas de alto, blanco/negro","$4,295.89",Muebles,,2025-10-10T17:10:51.977Z
B0FL19SRMF,"Arte colorido de la pared de la cocina, tarro de albañil, lona, decoración de la pared, especias, fotos de comida, cuadros rústicos, naturaleza muerta, pintura, hierbas clásico, especias","$2,370.23",Obras de Arte y Material Decorativo,,2025-10-10T17:11:04.783Z
B0FC2D46HR,"YGSDZY - Póster de definición de médico, lona de madera, decoración de pared de oficina, decoración de la oficina del hogar, colgador de póster de lona de pared, regalos de agradecimiento a la",$946.14,Obras de Arte y Material Decorativo,,2025-10-10T17:11:04.784Z
B0DS7JR171,"Koesus - Marco para colgar pósteres gótico clásico de King Raven, 12 x 16 pulgadas, místico, bohemio, sol y luna, botánico, floral, corona, cuervo, lona, decoración de pared enmarcada para recámara,",$836.84,Obras de Arte y Material Decorativo,,2025-10-10T17:11:04.784Z
B0F2GFDZ8D,"TopXmai - Póster decorativo de pared para mujer, con marco, regalo de agradecimiento para compañeros de trabajo y mujeres, lona para colgar en la pared, para oficina o hogar, 12 x 16 pulgadas, F021",$727.78,Obras de Arte y Material Decorativo,,2025-10-10T17:11:04.784Z
B0F1Y99V5F,"dsjaidh Sometimes You Forget You Are Awesome - Marco para colgar pósteres, diseño bohemio de flores silvestres con marco de madera, citas inspiradoras para colgar en la pared, impresiones para colgar",$812.11,Obras de Arte y Material Decorativo,,2025-10-10T17:11:04.784Z
B0DZ6JHZRK,"Koesus - Marco decorativo bohemio para pared, diseño floral, 12 x 16 pulgadas, clásico, moderno, vibrante, botánico, lona, para decoración de pared del hogar, recámara, sala de estar",$874.24,Obras de Arte y Material Decorativo,,2025-10-10T17:11:04.784Z
B0DW8BSQVN,"LASMOND - Cuadro abstracto para pared, diseño de árbol de la vida, diseño panorámico moderno y grande, enmarcado para recámara, sala de estar, baño, oficina, decoración del hogar (30 x 60 pulgadas)","$8,691.25",Obras de Arte y Material Decorativo,,2025-10-10T17:11:04.784Z
B0D4QWZNM1,"LUVADIAN - Decoración de pared de oficina, arte inspirador de pared para oficina, esta oficina se ejecuta en trabajo duro, marco para colgar pósteres, decoración divertida de oficina, arte de pared",$924.99,Obras de Arte y Material Decorativo,,2025-10-10T17:11:04.784Z
B0D4QVTH35,"LUVADIAN - Arte de pared de cocina, bonito marco para colgar pósteres, decoración de pared, 12 x 16 pulgadas",$844.56,Obras de Arte y Material Decorativo,,2025-10-10T17:11:04.785Z
B0CNZKWT4B,OOzie recámara,$868.68,Obras de Arte y Material Decorativo,,2025-10-10T17:11:04.785Z
B0F2T78CXX,"ProCase Joyero con Joyas para Niñas, Organizador Joyería Infantil Musical con Muñeca Unicornio Giratoria para Chica Pequeña Collar Pendiente Pulsera Anillo Lápiz Labial -Rosa Unicornio(Joyero solo)",$868.68,"Ropa, Zapatos y Accesorios",,2025-10-10T17:12:57.543Z
B0F3HKPMHY,"JHKKU - Mantas portátiles para niños, súper suaves, cálidas, acogedoras, de gran tamaño, regalos de 3 a 14 años para niños, niñas y adolescentes con bolsillo","$1,697.04","Ropa, Zapatos y Accesorios",,2025-10-10T17:12:57.543Z
B0DQYP66BM,INNEWSHOMI - Almohada de cuello compacta de 35 x 66 pulgadas con bolsa para reposacabezas de coche para viajes por carretera y camping (rosa),"$1,218.69","Ropa, Zapatos y Accesorios",,2025-10-10T17:12:57.543Z
B0F8NQDFWV,"SARISUN Almohadas de viaje para aviones, combo de almohada de avión con máscara de ojos 3D para un vuelo largo, soporte de 360°, soporte para dormir en la cabeza, reposacabezas de avión para dormir","$1,101.86","Ropa, Zapatos y Accesorios",,2025-10-10T17:12:57.543Z
B0F9WKNLM4,"JMBNH - Almohada de viaje de espuma viscoelástica para el cuello para avión lavable, funda de seda ergonómica, con caja de almacenamiento, color gris","$1,164.13","Ropa, Zapatos y Accesorios",,2025-10-10T17:12:57.543Z
B0FFGX1D7N,"Back2 Almohadas de viaje para aviones, almohada de espuma viscoelástica para el cuello para viajar, diseño ergonómico de viaje con tapones para los oídos, almohada de avión de rebote rápido, artículos","$1,596.42","Ropa, Zapatos y Accesorios",,2025-10-10T17:12:57.543Z
B0FCS6HX7H,"ZEOPRIX Almohada de viaje, almohada de espuma viscoelástica para el cuello, soporte ergonómico para el cuello con funda lavable y transpirable, incluye máscara de ojos, tapones para los oídos y bolsa","$1,421.18","Ropa, Zapatos y Accesorios",,2025-10-10T17:12:57.544Z
B0BWY8D44K,"Vicoter Bandeja organizadora de anillos, 7 ranuras, caja de almacenamiento de aretes de terciopelo con tapa transparente, caja de exhibición de joyas para niñas, esposa, mamá, mujeres (rosa)",$728.46,"Ropa, Zapatos y Accesorios",,2025-10-10T17:12:57.544Z
B0FCS3YDX8,"Reposapiés inflable, almohada inflable para asiento de coche, reposapiés inflable para aviones, coche, almohada de viaje para oficina en casa, trenes (gris 2 unidades), 14.5 pulgadas de largo x 11.8","$1,050.45","Ropa, Zapatos y Accesorios",,2025-10-10T17:12:57.544Z
B0F5HNSZ98,"DUMOS - Mueble de joyería con espejo de 6 LED, montado en la pared o en la puerta, 47.2 pulgadas de alto, organizadores de cosméticos de gran capacidad, idea de regalo, color blanco","$7,440.99","Ropa, Zapatos y Accesorios",,2025-10-10T17:12:57.544Z
B0DL5W9PQD,"Almohada de viaje para el cuello, almohada para el cuello, avión, almohada de viaje de espuma viscoelástica 360, almohada en forma de U, para viajes, adecuada para aviones, oficinas y coches. (negro)","$1,442.15","Ropa, Zapatos y Accesorios",,2025-10-10T17:12:57.544Z
B0CT5YQK77,"JIUYUAEZ - Joyero para niña, caja de almacenamiento de mesa, color rosa, regalo de Navidad, regalo de cumpleaños, regalo de Navidad, caja de joyería para niños",$953.28,"Ropa, Zapatos y Accesorios",,2025-10-10T17:12:57.544Z
B0FCSM9THX,"ZEOPRIX Almohada de viaje para el cuello de espuma viscoelástica, funda transpirable y lavable, soporte ergonómico ajustable para el cuello con máscara de ojos, tapones para los oídos y bolsa para","$1,494.42","Ropa, Zapatos y Accesorios",,2025-10-10T17:12:57.544Z
B0DHCKGKVY,"FuWeave - 6 regalos de viaje para mujer, incluye caja de joyería rosa, soporte para pasaporte, etiqueta de equipaje, máscara de ojos, manta, vela perfumada, accesorios de viaje para mujeres, regalos","$1,540.68","Ropa, Zapatos y Accesorios",,2025-10-10T17:12:57.544Z
B0FGD55HCN,"Gloserin - Almohada inflable de viaje para aviones, almohada de avión para soportar cuello, utilizada para aviones, trenes, coches, incluye bolsa de almacenamiento, máscara de ojos y tapones para los","$1,171.90","Ropa, Zapatos y Accesorios",,2025-10-10T17:12:57.544Z
B0DTK7FW8G,"Quatish - Almohada de viaje para el cuello, forma de memoria 100 % pura, soporte mejorado para la barbilla y hebilla ajustable para un vuelo cómodo y largo, almohada para el cuello, reposacabezas para","$1,099.73","Ropa, Zapatos y Accesorios",,2025-10-10T17:13:06.715Z
B0DT6JQXKW,"Spicalife - Juego de almohadas de viaje para cuello, exquisita caja de almacenamiento de moda, espuma viscoelástica premium, velcro ajustable, diseño ergonómico para cuello, ideal para viajes, oficina","$1,677.99","Ropa, Zapatos y Accesorios",,2025-10-10T17:13:06.715Z
B0DRV3SVQD,"Lihou PapaQ - Joyero musical para bailarina con cerradura de espejo para niñas, almacenamiento de joyas de madera blanca, regalo perfecto para niños, gran regalo para Navidad y todas las día festivo","$2,349.70","Ropa, Zapatos y Accesorios",,2025-10-10T17:13:06.715Z
B0DQPX1G5R,"Joeeway - Almohada de cuello para viajes, 100% espuma viscoelástica pura para aviones, soporte de cuello para dormir de largo vuelo, tren, azul oscuro","$1,438.11","Ropa, Zapatos y Accesorios",,2025-10-10T17:13:06.715Z
B0DPJPNCRZ,"Almohada de viaje para niños para asiento de coche con manguito de mano, cuello de dibujos animados y reposacabezas para cinturón de seguridad para coche, viajes por carretera, almohada de viaje de","$1,438.57","Ropa, Zapatos y Accesorios",,2025-10-10T17:13:06.715Z
B0DDZRQ8J9,"VTRAVEL Almohadas de viaje para aviones, almohada de viaje 2024, almohada de viaje para el cuello, almohada de espuma viscoelástica, almohada para el cuello, almohada para viajes, adecuada para",$875.45,"Ropa, Zapatos y Accesorios",,2025-10-10T17:13:06.715Z
B09R1W5229,"GOLDORANGE - Almohada de viaje grande para el cuello, la mejor almohada de espuma viscoelástica para el cuello, para el tren, el coche, el autobús, la oficina en casa, el descanso para dormir con bolsa de transporte compacta, color negro, L","$1,621.77","Ropa, Zapatos y Accesorios",,2025-10-10T17:13:06.716Z
B0D1H4N55B,"Pillow 's Pillow - Almohada de viaje, gran experiencia de dormir para viajes, muy ligera, partículas de espuma suave, lavables y fáciles de almacenar, transpirable, ideal para cirugía ocular macular","$2,698.56","Ropa, Zapatos y Accesorios",,2025-10-10T17:13:06.716Z
B0FKNDMY7V,"Almohadas inflables de viaje para aviones, almohada de viaje para tren, oficina, coche, con soporte de barbilla y cuello, almohada de viaje para apoyo al sueño con máscara de ojos, bolsa de","$1,150.49","Ropa, Zapatos y Accesorios",,2025-10-10T17:13:06.716Z
B0DPFYW7CB,"LuxoCare - Almohada inflable suave para el cuello de viaje, color lavanda 3D, cómoda y extraíble, lavable a máquina, almohada de apoyo para el cuello, kit de viaje con máscara de ojos, bolsa de","$1,371.49","Ropa, Zapatos y Accesorios",,2025-10-10T17:13:06.716Z
B0CZPGTSCH,"Pillow Almohadas for el cuello con capucha for viajes, almohada for el cuello de espuma viscoelástica con soporte for la cabeza de 360°, cómoda con máscara for los ojos, tapones for los oídos y bolsa","$1,966.03","Ropa, Zapatos y Accesorios",,2025-10-10T17:13:06.716Z
B0D3D8M367,"KOMAFO - Almohada de viaje 2024, almohada de viaje Wander Plus, almohada de viaje de espuma viscoelástica, almohada de viaje para el cuello, almohada de viaje de espuma viscoelástica para aviones,","$1,352.19","Ropa, Zapatos y Accesorios",,2025-10-10T17:13:06.716Z
B0CQLWQLH3,"Almohada de cuello de dos caras para viajes, una almohada de tubo de terciopelo suave. Con funcionalidad de almacenamiento adicional, es tu almohada plegable para el cuello y bolsa de almacenamiento","$1,288.75","Ropa, Zapatos y Accesorios",,2025-10-10T17:13:06.716Z
B0FKG217D6,"Mini bolsa de joyería de viaje, mini bolsa de viaje con hebilla, organizador portátil plegable de joyería de viaje, caja pequeña para arete, anillos, collares",$994.73,"Ropa, Zapatos y Accesorios",,2025-10-10T17:13:06.716Z
B0FD7B1136,"TripHug Almohada de espuma viscoelástica para el cuello, almohada de viaje ergonómica en forma de U con soporte para el cuello, funda transpirable y lavable, incluye bolsa de almacenamiento, ideal","$1,242.16","Ropa, Zapatos y Accesorios",,2025-10-10T17:13:06.716Z
B0FD3J5SQD,"Bailarina - Caja de música para niñas - Joyero de música bailarina - Joyero de bailarina con melodía de cisne Lake, color rosa con 1 cajón de almacenamiento para collares/pulseras,","$1,009.59","Ropa, Zapatos y Accesorios",,2025-10-10T17:13:06.716Z
B0F7XR6ZPV,"Paquete de 3 fundas de almohada para el cuello, color gris, reutilizable, en forma de U, con cierre, lavable, suave, para avión, fundas de repuesto para comodidad de viaje (sin relleno)",$741.79,"Ropa, Zapatos y Accesorios",,2025-10-10T17:13:17.998Z
B0F5H26LL3,"Tri-tra Almohada de viaje, almohada de espuma viscoelástica de 360 grados, almohada de viaje para el cuello viene con máscaras para los ojos, tapones para los oídos, accesorio ideal para aviones","$1,325.23","Ropa, Zapatos y Accesorios",,2025-10-10T17:13:17.998Z
B0F3VZHSHH,"Kopeme - Almohada para el cuello, tipo bomba, almohada en forma de U, válvula doble, almohada portátil, reposacabezas, almohada para el cuello, almohada de aire, inflable prensado manualmente","$1,136.21","Ropa, Zapatos y Accesorios",,2025-10-10T17:13:17.998Z
B0F13HTV3Y,"Manta de viaje, manta de franela 2 en 1, compacta para viajes, oficina, hogar, accesorios esenciales de viaje para avión y automóvil, manta compacta de oficina (rosa)","$1,534.39","Ropa, Zapatos y Accesorios",,2025-10-10T17:13:17.998Z
B0DZJ6LP2J,"Nubé - Almohada para el cuello de viaje, ultraligera y cómoda de espuma viscoelástica con cierre de almacenamiento para avión, coche y hogar, accesorio de viaje para cabeza y cuello, con tela fresca,","$1,196.49","Ropa, Zapatos y Accesorios",,2025-10-10T17:13:17.998Z
B0DZ16QKPH,"Owanresly - Juego de almohada de viaje de espuma viscoelástica para el cuello con máscara de ojos, tapones para los oídos y bolsa de almacenamiento, almohada para el cuello, avión, coche, uso","$1,414.29","Ropa, Zapatos y Accesorios",,2025-10-10T17:13:17.998Z
B0DLTZFNHH,"CRIQEKD - Almohada de viaje para aviones, almohada de viaje para el cuello, almohada de viaje, almohada de viaje para el cuello para viajar, adecuada para aviones, oficinas y coches","$1,209.44","Ropa, Zapatos y Accesorios",,2025-10-10T17:13:17.998Z
B0CMDHBXL6,"NorSari - Manta deportiva y envoltura portátil, The Bergen Sport, grafito","$4,684.74","Ropa, Zapatos y Accesorios",,2025-10-10T17:13:17.999Z
B0CDG6JVD6,"Susiyo - Almohada de viaje clásica con estampado de leopardo, almohada de espuma viscoelástica para el cuello, funda suave, cómoda y transpirable, lavable a máquina para el hogar, oficina, descanso, avión, coche, uso familiar","$1,272.51","Ropa, Zapatos y Accesorios",,2025-10-10T17:13:17.999Z
B0CDG46D14,"Susiyo - Almohada de viaje con teñido anudado, espuma viscoelástica, para el cuello, suave, cómoda y transpirable, lavable a máquina, para el hogar, oficina, descanso, avión, coche, uso familiar","$1,393.70","Ropa, Zapatos y Accesorios",,2025-10-10T17:13:17.999Z
B00R3AF3XO,"Soca Memory Foam Forma de U Almohada de Viaje Cuello Soporte Cabeza cojín de Apoyo – Ideal Regalo de Navidad, Marrón",$993.20,"Ropa, Zapatos y Accesorios",,2025-10-10T17:13:17.999Z
B07VXCQCNF,"Cedar Home Bloques de cedro para almacenamiento de ropa | Bolas de cedro y anillos de cedro | Ambientador de armario | Protección de ropa y prevención de la humedad | 40 piezas, 30 anillos de cedro y bonificación de 10 bolas de cedro, vendedor de Estados Unidos","$1,235.24",Salud y Cuidado Personal,,2025-10-10T17:13:28.171Z
B0DPKSK26R,"Juego de 3 almohadas de cuña para dormir con reflujo ácido, GERD, almohada de apoyo triangular ajustable con palabras positivas para respaldo/rodilla/pierna, alivio de ronquidos, cubierta de espuma","$1,923.24",Salud y Cuidado Personal,,2025-10-10T17:13:28.172Z